"Specimen","Assay","Disease","Clinical_History","File","Archive_URL","Chip","Role","Primary_Eligible","State","T_Score","Fibroblast_Score","T cells","CD8 T cells","Cytotoxic lymphocytes","B lineage","NK cells","Monocytic lineage","Myeloid dendritic cells","Neutrophils","Endothelial cells","Fibroblasts"
"Ge0014","4697141074_B","pancreatic ductal adenocarcinoma","pancreatic ductal adenocarcinoma tissue","Ge0014_4697141074_B.qnorm.log.txt","https://ftp.ebi.ac.uk/pub/databases/microarray/data/experiment/MTAB/E-MTAB-1791/E-MTAB-1791.raw.1.zip","4697141074","PDAC",TRUE,"PDAC",-1.24196253300366,1.74255610993717,4.58659285714286,4.16877,4.52762428571429,4.401375,4.20545375,6.64876285714286,4.696964,4.48691714285714,4.78215032258065,8.94014125
"Ge0017","4233291100_F","pancreatic ductal adenocarcinoma","pancreatic ductal adenocarcinoma tissue","Ge0017_4233291100_F.qnorm.log.txt","https://ftp.ebi.ac.uk/pub/databases/microarray/data/experiment/MTAB/E-MTAB-1791/E-MTAB-1791.raw.1.zip","4233291100","PDAC",TRUE,"PDAC",0.492777767084175,0.558653036848839,5.06559753828954,4.15054481601565,4.89704922743494,4.8286291587826,4.24949846500475,6.30753567412118,4.76100360008952,4.65377228259863,5.00885788099158,8.43424833933075
"Ge0018","4233291191_A","pancreatic ductal adenocarcinoma","pancreatic ductal adenocarcinoma tissue","Ge0018_4233291191_A.qnorm.log.txt","https://ftp.ebi.ac.uk/pub/databases/microarray/data/experiment/MTAB/E-MTAB-1791/E-MTAB-1791.raw.1.zip","4233291191","PDAC",TRUE,"PDAC",-0.793147029080197,-0.0174611530189138,4.71052191288662,4.11599086823734,4.65338725051037,4.46075749064923,4.34009994978922,6.3590837930305,4.69784349816069,4.58513669712877,4.96732002320261,8.18806933108662
"Ge0022","4233291155_A","pancreatic ductal adenocarcinoma","pancreatic ductal adenocarcinoma tissue","Ge0022_4233291155_A.qnorm.log.txt","https://ftp.ebi.ac.uk/pub/databases/microarray/data/experiment/MTAB/E-MTAB-1791/E-MTAB-1791.raw.1.zip","4233291155","PDAC",TRUE,"PDAC",0.682872806888719,0.235102025597829,5.11808747809467,4.34659767945081,4.86627811844579,4.74452082054167,4.18000333883231,6.08156143189581,5.05477646125672,4.69186137065708,5.10091869820557,8.29599195115805
"Ge0032","4233291191_C","pancreatic ductal adenocarcinoma","pancreatic ductal adenocarcinoma tissue","Ge0032_4233291191_C.qnorm.log.txt","https://ftp.ebi.ac.uk/pub/databases/microarray/data/experiment/MTAB/E-MTAB-1791/E-MTAB-1791.raw.1.zip","4233291191","PDAC",TRUE,"PDAC",0.259207034506623,1.29140461014053,5.00110288495276,4.40526278440263,4.93789138193272,4.77892720473521,4.40985090012981,6.24625271211412,5.35256417219072,4.65839885470796,4.99545185526155,8.74735997375114
"Ge0040","4233291155_C","pancreatic ductal adenocarcinoma","pancreatic ductal adenocarcinoma tissue","Ge0040_4233291155_C.qnorm.log.txt","https://ftp.ebi.ac.uk/pub/databases/microarray/data/experiment/MTAB/E-MTAB-1791/E-MTAB-1791.raw.1.zip","4233291155","PDAC",TRUE,"PDAC",-1.12142641614451,1.90951238384397,4.61987585876555,4.16639210666655,4.60218285978011,4.34281226967611,4.19038832702981,5.4386725039809,4.21252350156914,4.54471577700538,4.91480567372818,9.01148323506714
"Ge0041","4233291155_D","pancreatic ductal adenocarcinoma","pancreatic ductal adenocarcinoma tissue","Ge0041_4233291155_D.qnorm.log.txt","https://ftp.ebi.ac.uk/pub/databases/microarray/data/experiment/MTAB/E-MTAB-1791/E-MTAB-1791.raw.1.zip","4233291155","PDAC",TRUE,"PDAC",-1.14906010253104,1.30986054903895,4.61224551482541,4.07660148100948,4.48217810178575,4.2788657275346,4.17046149370006,5.45829092647308,4.409660327654,4.55334165464997,4.95535578153939,8.75524636991032
"Ge0043","4233291155_E","pancreatic ductal adenocarcinoma","pancreatic ductal adenocarcinoma tissue","Ge0043_4233291155_E.qnorm.log.txt","https://ftp.ebi.ac.uk/pub/databases/microarray/data/experiment/MTAB/E-MTAB-1791/E-MTAB-1791.raw.1.zip","4233291155","PDAC",TRUE,"PDAC",0.0851998535968069,0.491738289644251,4.95305520069436,4.18803033439195,4.60579930998564,4.65922907273742,4.19262944225707,6.09703433485021,4.97401676444697,4.58756212025003,5.07302840031494,8.40565503891662
"Ge0046","4233291155_F","pancreatic ductal adenocarcinoma","pancreatic ductal adenocarcinoma tissue","Ge0046_4233291155_F.qnorm.log.txt","https://ftp.ebi.ac.uk/pub/databases/microarray/data/experiment/MTAB/E-MTAB-1791/E-MTAB-1791.raw.1.zip","4233291155","PDAC",TRUE,"PDAC",0.0014274881599323,0.297689548983292,4.92992357967134,4.16251045118306,4.65231376429486,4.82073668139585,4.19250225212108,6.08498015366558,4.93751702036776,4.75431722158113,4.92534757637243,8.32273618816256
"Ge0061","4233291099_B","pancreatic ductal adenocarcinoma","pancreatic ductal adenocarcinoma tissue","Ge0061_4233291099_B.qnorm.log.txt","https://ftp.ebi.ac.uk/pub/databases/microarray/data/experiment/MTAB/E-MTAB-1791/E-MTAB-1791.raw.2.zip","4233291099","PDAC",TRUE,"PDAC",-1.65383692345596,-4.52334290923308,4.47286415604501,4.0409928588793,4.38256308404174,4.26712702693739,4.09447208872832,4.80022317894132,4.16391889282984,4.69316646701657,4.7810585734486,6.2626637057457
"Ge0067","4233291098_B","pancreatic ductal adenocarcinoma","pancreatic ductal adenocarcinoma tissue","Ge0067_4233291098_B.qnorm.log.txt","https://ftp.ebi.ac.uk/pub/databases/microarray/data/experiment/MTAB/E-MTAB-1791/E-MTAB-1791.raw.2.zip","4233291098","PDAC",TRUE,"PDAC",-0.941786122990367,0.800422876228734,4.66947898457005,4.28237500875052,4.74951605880798,4.39583234726001,4.23068687203733,6.18349201855047,4.32223051317682,4.55612108434434,5.04338260858827,8.53755886409936
"Ge0071","4233291190_C","pancreatic ductal adenocarcinoma","pancreatic ductal adenocarcinoma tissue","Ge0071_4233291190_C.qnorm.log.txt","https://ftp.ebi.ac.uk/pub/databases/microarray/data/experiment/MTAB/E-MTAB-1791/E-MTAB-1791.raw.2.zip","4233291190","PDAC",TRUE,"PDAC",-2.02884038981232,-0.44275739386884,4.36931642857143,4.12436,4.24585428571429,4.30953625,4.18883625,5.74961857142857,4.205898,4.82467,4.71782774193548,8.00633625
"Ge0072","4233291190_D","pancreatic ductal adenocarcinoma","pancreatic ductal adenocarcinoma tissue","Ge0072_4233291190_D.qnorm.log.txt","https://ftp.ebi.ac.uk/pub/databases/microarray/data/experiment/MTAB/E-MTAB-1791/E-MTAB-1791.raw.2.zip","4233291190","PDAC",TRUE,"PDAC",-0.621332014915997,-0.639464979031069,4.75796428571429,4.12764,4.63475285714286,4.55887625,4.22316375,5.64182857142857,4.698804,4.49598428571429,4.79183258064516,7.92228125
"Ge0089","4233291099_D","pancreatitis","pancreatitis tissue from pancreas with pancreatitis","Ge0089_4233291099_D.qnorm.log.txt","https://ftp.ebi.ac.uk/pub/databases/microarray/data/experiment/MTAB/E-MTAB-1791/E-MTAB-1791.raw.2.zip","4233291099","CP",TRUE,"CP",1.19134903841228,-0.588955846264503,5.25849033559401,4.26093773824162,4.81951498384705,4.91606439785303,4.30077510260022,5.64494891821503,5.00899506678174,4.74295700925221,5.19982452036846,7.94386427716793
"Ge0093","4233291188_E","pancreatitis","pancreatitis tissue from pancreas with pancreatitis","Ge0093_4233291188_E.qnorm.log.txt","https://ftp.ebi.ac.uk/pub/databases/microarray/data/experiment/MTAB/E-MTAB-1791/E-MTAB-1791.raw.2.zip","4233291188","CP",TRUE,"CP",0.862970746703689,-0.699016051107703,5.16781697145565,4.13789946472316,4.62176010291259,5.50218368174881,4.17427287308745,5.81179796896277,4.80630241557792,4.91669011196291,4.98762454976095,7.89683451717944
"Ge0097","4233291188_F","pancreatitis","pancreatitis tissue from pancreas with pancreatitis","Ge0097_4233291188_F.qnorm.log.txt","https://ftp.ebi.ac.uk/pub/databases/microarray/data/experiment/MTAB/E-MTAB-1791/E-MTAB-1791.raw.2.zip","4233291188","CP",TRUE,"CP",-0.289782015962298,-1.34661243951259,4.84951343663039,4.1882538784956,4.57848654408694,4.42045015586069,4.1335226011698,5.53299980661748,4.94441120372586,4.79344681436662,4.91843101081036,7.62011049363718
"Ge0098","4233291192_E","pancreatic ductal adenocarcinoma","pancreatic ductal adenocarcinoma tissue","Ge0098_4233291192_E.qnorm.log.txt","https://ftp.ebi.ac.uk/pub/databases/microarray/data/experiment/MTAB/E-MTAB-1791/E-MTAB-1791.raw.2.zip","4233291192","PDAC",TRUE,"PDAC",-0.158595809925706,0.506042126439503,4.88573719115447,4.16445100251991,4.61951943331096,4.49737652763672,4.19752488039156,6.27364894775996,4.89801173560586,4.48866971940631,5.01118395481316,8.4117672028214
"Ge0100","4233291213_A","pancreatic ductal adenocarcinoma","pancreatic ductal adenocarcinoma tissue","Ge0100_4233291213_A.qnorm.log.txt","https://ftp.ebi.ac.uk/pub/databases/microarray/data/experiment/MTAB/E-MTAB-1791/E-MTAB-1791.raw.3.zip","4233291213","PDAC",TRUE,"PDAC",-0.444271905064542,-0.74920304218215,4.80685495912453,4.34014884937959,4.63134547702675,4.53088961915248,4.19212385208118,6.15783660982168,4.60655357295367,4.76177602080737,4.84593745102512,7.87538914418437
"Ge0101","4233291099_F","pancreatic ductal adenocarcinoma","pancreatic ductal adenocarcinoma tissue","Ge0101_4233291099_F.qnorm.log.txt","https://ftp.ebi.ac.uk/pub/databases/microarray/data/experiment/MTAB/E-MTAB-1791/E-MTAB-1791.raw.3.zip","4233291099","PDAC",TRUE,"PDAC",1.30695801805197,0.878476450083536,5.29041283282729,4.22508681192572,4.91196097020292,4.74292408685829,4.24276540025955,6.11200020646138,4.82552288762573,4.57858574663096,5.21690687042424,8.57091188983528
"Ge0102","4233291213_B","pancreatitis","pancreatitis tissue from pancreas with pancreatitis","Ge0102_4233291213_B.qnorm.log.txt","https://ftp.ebi.ac.uk/pub/databases/microarray/data/experiment/MTAB/E-MTAB-1791/E-MTAB-1791.raw.3.zip","4233291213","CP",TRUE,"CP",0.505888671785657,0.437035889271646,5.06921778319061,4.22941866183478,4.85280015363243,4.38411832223095,4.33638921700791,5.79385362699736,5.30083255172375,4.80642950159842,4.91738182597233,8.38228018908799
"Ge0105","4233291213_C","pancreatic ductal adenocarcinoma","pancreatic ductal adenocarcinoma tissue","Ge0105_4233291213_C.qnorm.log.txt","https://ftp.ebi.ac.uk/pub/databases/microarray/data/experiment/MTAB/E-MTAB-1791/E-MTAB-1791.raw.3.zip","4233291213","PDAC",TRUE,"PDAC",0.359868093163492,-0.640194341129792,5.02889789167704,4.3080286081211,4.88896707996922,4.42508350511123,4.24812278246795,6.13015675806791,4.78998324025697,4.61617443392564,4.96875752650907,7.92196958671992
"Ge0108","4233291204_A","pancreatic ductal adenocarcinoma","pancreatic ductal adenocarcinoma tissue","Ge0108_4233291204_A.qnorm.log.txt","https://ftp.ebi.ac.uk/pub/databases/microarray/data/experiment/MTAB/E-MTAB-1791/E-MTAB-1791.raw.3.zip","4233291204","PDAC",TRUE,"PDAC",0.452511883857297,0.0217089424359294,5.05447913252286,4.31548583933785,4.92912826561717,4.52062621646822,4.20453047683283,6.05269961558126,5.20059351237818,4.66854516078474,5.14181724620622,8.20480708103532
"Ge0109","4233291204_B","pancreatic ductal adenocarcinoma","pancreatic ductal adenocarcinoma tissue","Ge0109_4233291204_B.qnorm.log.txt","https://ftp.ebi.ac.uk/pub/databases/microarray/data/experiment/MTAB/E-MTAB-1791/E-MTAB-1791.raw.3.zip","4233291204","PDAC",TRUE,"PDAC",-1.48215188714972,-2.00856541325812,4.52027063877292,4.13034965316089,4.85592575217924,4.19129649530637,4.54241324996658,5.88085759885638,4.3949585314144,4.46828513344236,4.77329097541806,7.33725176624091
"Ge0113b","4233291213_D","pancreatitis","pancreatitis tissue from pancreas with pancreatitis","Ge0113b_4233291213_D.qnorm.log.txt","https://ftp.ebi.ac.uk/pub/databases/microarray/data/experiment/MTAB/E-MTAB-1791/E-MTAB-1791.raw.3.zip","4233291213","CP",TRUE,"CP",3.01202029979962,-0.268974879608123,5.76122267944376,4.28606479254292,5.07293301588556,6.36641422278373,4.55681550899842,6.11664726041748,5.34981318876044,4.65379948414054,5.09956629283742,8.08059515173039
"Ge0118d","4655274079_E","pancreatitis","pancreatitis tissue from pancreas with pancreatitis","Ge0118d_4655274079_E.qnorm.log.txt","https://ftp.ebi.ac.uk/pub/databases/microarray/data/experiment/MTAB/E-MTAB-1791/E-MTAB-1791.raw.3.zip","4655274079","CP",TRUE,"CP",-0.884648259223969,-0.201615571619398,4.68525616125376,4.28920826131008,4.76909503536728,4.28795026815078,4.12459036759198,5.67280937514367,4.89052047743313,4.72223061489813,5.00386183383711,8.10937841714602
"Ge0119","4233291204_D","pancreatic ductal adenocarcinoma","pancreatic ductal adenocarcinoma tissue","Ge0119_4233291204_D.qnorm.log.txt","https://ftp.ebi.ac.uk/pub/databases/microarray/data/experiment/MTAB/E-MTAB-1791/E-MTAB-1791.raw.3.zip","4233291204","PDAC",TRUE,"PDAC",-0.372970123023551,-0.113708914678652,4.82654314378826,4.14570122338826,4.61009909834499,4.41639293899901,4.2030112457258,5.94337637607842,4.55873367211869,4.66430222165951,4.89302047804103,8.14694175789397
"Ge0120d","4676008045_F","pancreatic ductal adenocarcinoma","pancreatic ductal adenocarcinoma tissue","Ge0120d_4676008045_F.qnorm.log.txt","https://ftp.ebi.ac.uk/pub/databases/microarray/data/experiment/MTAB/E-MTAB-1791/E-MTAB-1791.raw.3.zip","4676008045","PDAC",TRUE,"PDAC",-0.550799404842576,-0.221500136568753,4.77744008298316,4.20186541353428,4.77350028007838,4.49890606139428,4.21155122877315,5.99185956009071,5.04091038848177,4.70726182414791,4.87039805290098,8.10088155564757
"Ge0126","4233291204_E","pancreatic ductal adenocarcinoma","pancreatic ductal adenocarcinoma tissue","Ge0126_4233291204_E.qnorm.log.txt","https://ftp.ebi.ac.uk/pub/databases/microarray/data/experiment/MTAB/E-MTAB-1791/E-MTAB-1791.raw.4.zip","4233291204","PDAC",TRUE,"PDAC",-0.744986169937645,0.316420178443826,4.7238203166743,4.12856638322234,4.5864000559593,4.322374818502,4.22657488897171,5.95423864844716,5.09267021205137,4.73450793486239,4.91569628671402,8.33073996218077
"Ge0127","4233291102_D","pancreatic ductal adenocarcinoma","pancreatic ductal adenocarcinoma tissue","Ge0127_4233291102_D.qnorm.log.txt","https://ftp.ebi.ac.uk/pub/databases/microarray/data/experiment/MTAB/E-MTAB-1791/E-MTAB-1791.raw.4.zip","4233291102","PDAC",TRUE,"PDAC",0.660387056654793,0.436673283524378,5.11187860658773,4.12335821382472,4.81208043159161,4.58172837975503,4.21030675090819,5.90899860338949,5.11115002320657,4.75114488142046,4.97984315695482,8.38212524424404
"Ge0128","4233291189_A","pancreatic ductal adenocarcinoma","pancreatic ductal adenocarcinoma tissue","Ge0128_4233291189_A.qnorm.log.txt","https://ftp.ebi.ac.uk/pub/databases/microarray/data/experiment/MTAB/E-MTAB-1791/E-MTAB-1791.raw.4.zip","4233291189","PDAC",TRUE,"PDAC",0.922261005623294,-0.012208020049238,5.18418847765023,4.22210644587344,5.08732108318314,4.87768189132898,4.32661197241442,6.09530826103217,4.81075637141883,4.69571688552683,4.94196856743383,8.19031404417891
"Ge0131","4233291205_A","pancreatic ductal adenocarcinoma","pancreatic ductal adenocarcinoma tissue","Ge0131_4233291205_A.qnorm.log.txt","https://ftp.ebi.ac.uk/pub/databases/microarray/data/experiment/MTAB/E-MTAB-1791/E-MTAB-1791.raw.4.zip","4233291205","PDAC",TRUE,"PDAC",0.873169333240618,0.768585241530194,5.17063305331644,4.13071948244896,4.51734064285872,5.02905019275314,4.2019937907927,6.12372374502817,4.67177672230207,4.69137499542274,4.98489326242316,8.52395434354984
"Ge0132","4233291189_B","pancreatitis","pancreatitis tissue from pancreas with pancreatitis","Ge0132_4233291189_B.qnorm.log.txt","https://ftp.ebi.ac.uk/pub/databases/microarray/data/experiment/MTAB/E-MTAB-1791/E-MTAB-1791.raw.4.zip","4233291189","CP",TRUE,"CP",-1.26217972395688,-1.620702912214,4.58101039093409,4.08421590899789,4.54046953054958,4.31203332722761,4.25285097819204,5.12963478993204,4.30505762062956,4.76428544737764,4.76746672159122,7.50298905846773
"Ge0133","4233291189_C","pancreatitis","pancreatitis tissue from pancreas with pancreatitis","Ge0133_4233291189_C.qnorm.log.txt","https://ftp.ebi.ac.uk/pub/databases/microarray/data/experiment/MTAB/E-MTAB-1791/E-MTAB-1791.raw.4.zip","4233291189","CP",TRUE,"CP",-0.897292158513701,0.06455127918164,4.68176486809165,4.13101282803707,4.46332372241022,4.2624423034169,4.1306382668474,5.55220052473792,4.74514450768808,4.7384669317007,4.90358079532066,8.2231140142031
"Ge0136","4233291189_D","pancreatitis","pancreatitis tissue from pancreas with pancreatitis","Ge0136_4233291189_D.qnorm.log.txt","https://ftp.ebi.ac.uk/pub/databases/microarray/data/experiment/MTAB/E-MTAB-1791/E-MTAB-1791.raw.4.zip","4233291189","CP",TRUE,"CP",0.123758160017396,-0.0912964362108701,4.96370210229203,4.10235348466808,4.9038748356869,4.48103769828313,4.27735423745726,5.83984967976277,4.68811691726258,4.7792071541251,5.01468686098562,8.15651882059877
"Ge0143","4233291102_A","pancreatic ductal adenocarcinoma","pancreatic ductal adenocarcinoma tissue","Ge0143_4233291102_A.qnorm.log.txt","https://ftp.ebi.ac.uk/pub/databases/microarray/data/experiment/MTAB/E-MTAB-1791/E-MTAB-1791.raw.4.zip","4233291102","PDAC",TRUE,"PDAC",-0.0677038276868937,0.939258709656061,4.91083471437964,4.16335408851371,4.73981489740535,4.97873097142076,4.2658314825197,6.1953527536336,5.0269589671316,4.56234118133091,4.98769199741405,8.5968847206448
"Ge0145","4233291102_B","pancreatic ductal adenocarcinoma","pancreatic ductal adenocarcinoma tissue","Ge0145_4233291102_B.qnorm.log.txt","https://ftp.ebi.ac.uk/pub/databases/microarray/data/experiment/MTAB/E-MTAB-1791/E-MTAB-1791.raw.4.zip","4233291102","PDAC",TRUE,"PDAC",0.226398752810041,0.40479249888989,4.99204370732701,4.3437460113337,5.23905775540905,4.74051886436884,4.48441493619205,6.31515925549147,4.55418437342812,4.59198315359337,4.95483670433461,8.36850228532132
"Ge0148","4233291102_C","pancreatic ductal adenocarcinoma","pancreatic ductal adenocarcinoma tissue","Ge0148_4233291102_C.qnorm.log.txt","https://ftp.ebi.ac.uk/pub/databases/microarray/data/experiment/MTAB/E-MTAB-1791/E-MTAB-1791.raw.4.zip","4233291102","PDAC",TRUE,"PDAC",1.44435011786979,1.21295199017434,5.32835018803946,4.32329719177584,4.95061312844287,5.25598820907206,4.28464235368196,6.1207123581986,5.22841386324615,4.56689881017914,5.11083300782901,8.71383643186118
"Ge0151","4697141074_A","pancreatic ductal adenocarcinoma","pancreatic ductal adenocarcinoma tissue","Ge0151_4697141074_A.qnorm.log.txt","https://ftp.ebi.ac.uk/pub/databases/microarray/data/experiment/MTAB/E-MTAB-1791/E-MTAB-1791.raw.4.zip","4697141074","PDAC",TRUE,"PDAC",2.11456676056976,0.312617401850418,5.51341357142857,4.41478,5.37006714285714,4.92169875,4.38422125,6.56966571428571,5.098344,4.580085,5.05273096774194,8.329115
"Ge0154","4233291208_B","pancreatic ductal adenocarcinoma","pancreatic ductal adenocarcinoma tissue","Ge0154_4233291208_B.qnorm.log.txt","https://ftp.ebi.ac.uk/pub/databases/microarray/data/experiment/MTAB/E-MTAB-1791/E-MTAB-1791.raw.4.zip","4233291208","PDAC",TRUE,"PDAC",0.339098248734097,0.238838261030785,5.02316282418142,4.22669750850989,4.72161447645281,5.12406688091818,4.2209305034207,5.92027520181868,4.93369989387178,4.5382894471837,4.91737509732637,8.29758847967553
"Ge0156","4233291208_C","pancreatic ductal adenocarcinoma","pancreatic ductal adenocarcinoma tissue","Ge0156_4233291208_C.qnorm.log.txt","https://ftp.ebi.ac.uk/pub/databases/microarray/data/experiment/MTAB/E-MTAB-1791/E-MTAB-1791.raw.5.zip","4233291208","PDAC",TRUE,"PDAC",-0.901443010359156,0.984371162900054,4.68061871528444,4.10012897987577,4.53774531461149,4.39913491848135,4.26078183833182,5.77921774683872,4.71277144614592,4.6196661184764,4.67062492574074,8.61616169592919
"Ge0158","4233291101_A","pancreatitis","pancreatitis tissue from pancreas with pancreatitis","Ge0158_4233291101_A.qnorm.log.txt","https://ftp.ebi.ac.uk/pub/databases/microarray/data/experiment/MTAB/E-MTAB-1791/E-MTAB-1791.raw.5.zip","4233291101","CP",TRUE,"CP",-0.275688456482361,2.13876702273164,4.85340501680788,4.2475256497668,4.69142903764273,4.57597974385513,4.25680396530278,5.8481457005174,4.64339526180638,4.53629061976363,5.02681071172908,9.1094458970347
"Ge0159","4233291189_F","pancreatic ductal adenocarcinoma","pancreatic ductal adenocarcinoma tissue","Ge0159_4233291189_F.qnorm.log.txt","https://ftp.ebi.ac.uk/pub/databases/microarray/data/experiment/MTAB/E-MTAB-1791/E-MTAB-1791.raw.5.zip","4233291189","PDAC",TRUE,"PDAC",-0.902695606120851,0.0586956555087675,4.68027284262938,4.14749701048216,4.68851352600914,4.36432053205686,4.27128941766025,5.61648541301341,4.65802448510395,4.61087346283167,4.92721880478278,8.22061185117051
"Ge0160","4233291101_B","pancreatic ductal adenocarcinoma","pancreatic ductal adenocarcinoma tissue","Ge0160_4233291101_B.qnorm.log.txt","https://ftp.ebi.ac.uk/pub/databases/microarray/data/experiment/MTAB/E-MTAB-1791/E-MTAB-1791.raw.5.zip","4233291101","PDAC",TRUE,"PDAC",1.29822066928978,0.418398142047142,5.28800023483917,4.31125229208079,4.96527320495843,5.21834348979386,4.25558926881241,6.30610495019799,5.02321344562052,4.58207228506424,5.18084041105921,8.37431610452224
"Ge0161","4233291100_A","pancreatitis","pancreatitis tissue from pancreas with pancreatitis","Ge0161_4233291100_A.qnorm.log.txt","https://ftp.ebi.ac.uk/pub/databases/microarray/data/experiment/MTAB/E-MTAB-1791/E-MTAB-1791.raw.5.zip","4233291100","CP",TRUE,"CP",-1.13698223800093,-2.0487529707424,4.61558051179752,3.98840748312325,4.50248498439073,4.36276357079253,4.20066393661715,5.1723848362414,4.35014134617453,4.72062712401958,4.89914210319383,7.32007924520389
"Ge0163","4233291175_B","pancreatic ductal adenocarcinoma","pancreatic ductal adenocarcinoma tissue","Ge0163_4233291175_B.qnorm.log.txt","https://ftp.ebi.ac.uk/pub/databases/microarray/data/experiment/MTAB/E-MTAB-1791/E-MTAB-1791.raw.5.zip","4233291175","PDAC",TRUE,"PDAC",-0.028082898943095,0.500239971893975,4.9217750322697,4.20233778817898,4.79545526517874,4.55203229856139,4.15936634082448,6.06081367552595,4.90998355125269,4.67877772651672,5.04919404154844,8.40928788764948
"Ge0165","4233291100_C","pancreatic ductal adenocarcinoma","pancreatic ductal adenocarcinoma tissue","Ge0165_4233291100_C.qnorm.log.txt","https://ftp.ebi.ac.uk/pub/databases/microarray/data/experiment/MTAB/E-MTAB-1791/E-MTAB-1791.raw.5.zip","4233291100","PDAC",TRUE,"PDAC",0.379913456524523,0.18058802861343,5.03443291203987,4.28781556506024,4.86290990661116,4.66975268625311,4.30396301946625,5.98395711329852,5.08682453706229,4.54483875209934,5.04615577967776,8.27269760786801
"Ge0166","4655274076_F","pancreatic ductal adenocarcinoma","pancreatic ductal adenocarcinoma tissue","Ge0166_4655274076_F.qnorm.log.txt","https://ftp.ebi.ac.uk/pub/databases/microarray/data/experiment/MTAB/E-MTAB-1791/E-MTAB-1791.raw.5.zip","4655274076","PDAC",TRUE,"PDAC",-1.80238161309759,-0.830967800779964,4.43184729508074,4.13271909905722,4.44034133899353,4.22446182937999,4.14494788894686,5.40262695263751,4.25426889279454,4.66959256234113,4.96313227122448,7.84045029432624
"Ge0167","4233291224_C","pancreatic ductal adenocarcinoma","pancreatic ductal adenocarcinoma tissue","Ge0167_4233291224_C.qnorm.log.txt","https://ftp.ebi.ac.uk/pub/databases/microarray/data/experiment/MTAB/E-MTAB-1791/E-MTAB-1791.raw.5.zip","4233291224","PDAC",TRUE,"PDAC",-1.20009304485144,0.760031248580463,4.59815405787193,4.11678883846941,4.40230609638848,4.26789044883053,4.14010707626151,5.4465704236552,4.34321304358739,4.59031959165968,5.04159352139769,8.5202991419632
"Ge0171","4233291100_D","pancreatitis","pancreatitis tissue from pancreas with pancreatitis","Ge0171_4233291100_D.qnorm.log.txt","https://ftp.ebi.ac.uk/pub/databases/microarray/data/experiment/MTAB/E-MTAB-1791/E-MTAB-1791.raw.5.zip","4233291100","CP",TRUE,"CP",-1.11255828450361,-0.15301402684804,4.62232456913955,4.07358854266635,4.34853645490403,4.41629589977499,4.17585839638715,5.35871315648319,4.31959363998401,4.69189567323439,4.86559928102289,8.13014631403412
"Ge0174","4233291147_A","pancreatitis","pancreatitis tissue from pancreas with pancreatitis","Ge0174_4233291147_A.qnorm.log.txt","https://ftp.ebi.ac.uk/pub/databases/microarray/data/experiment/MTAB/E-MTAB-1791/E-MTAB-1791.raw.5.zip","4233291147","CP",TRUE,"CP",0.755490248189511,0.177286215789109,5.13813894880427,4.11316769738716,5.01311158643049,5.55327568987206,4.3398293191818,5.6838419649565,4.73217325829187,4.71484362634236,5.5035771202124,8.27128671221434
"Ge0180","4233291171_E","pancreatic ductal adenocarcinoma","pancreatic ductal adenocarcinoma tissue","Ge0180_4233291171_E.qnorm.log.txt","https://ftp.ebi.ac.uk/pub/databases/microarray/data/experiment/MTAB/E-MTAB-1791/E-MTAB-1791.raw.5.zip","4233291171","PDAC",TRUE,"PDAC",-0.958716273552226,0.810367167626128,4.66480415147184,4.12952161672926,4.77916792525976,4.34322524417664,4.38077584569777,5.90536109446964,4.50677444701427,4.58139386217968,5.0098683943968,8.54180815328015
"Ge0181","4233291100_E","pancreatitis","pancreatitis tissue from pancreas with pancreatitis","Ge0181_4233291100_E.qnorm.log.txt","https://ftp.ebi.ac.uk/pub/databases/microarray/data/experiment/MTAB/E-MTAB-1791/E-MTAB-1791.raw.6.zip","4233291100","CP",TRUE,"CP",-1.1992157423816,-0.65396475544393,4.59839630277154,4.09647274250256,4.4016587081264,4.26766123898861,4.11218512546864,5.88107244023586,4.48169862807155,4.73171498860565,4.84948303046991,7.91608535925497
"Ge0183","4233291146_A","pancreatic ductal adenocarcinoma","pancreatic ductal adenocarcinoma tissue","Ge0183_4233291146_A.qnorm.log.txt","https://ftp.ebi.ac.uk/pub/databases/microarray/data/experiment/MTAB/E-MTAB-1791/E-MTAB-1791.raw.6.zip","4233291146","PDAC",TRUE,"PDAC",-0.853879885083487,1.08459118007334,4.69375206997497,4.20826695042913,4.52741293447541,4.36838808315583,4.199936458586,5.81120682662184,4.5384761349484,4.58018506629703,4.91749975617822,8.65898665123812
"Ge0184","4233291205_D","pancreatic ductal adenocarcinoma","pancreatic ductal adenocarcinoma tissue","Ge0184_4233291205_D.qnorm.log.txt","https://ftp.ebi.ac.uk/pub/databases/microarray/data/experiment/MTAB/E-MTAB-1791/E-MTAB-1791.raw.6.zip","4233291205","PDAC",TRUE,"PDAC",-0.229705833841929,-0.0604989941914608,4.86610195564942,4.22801176250084,4.70440104589974,4.37157358193886,4.23324264069052,6.09643351994923,4.73939577701806,4.85274799738811,4.95675803519894,8.1696788570397
"Ge0185","4233291205_E","pancreatic ductal adenocarcinoma","pancreatic ductal adenocarcinoma tissue","Ge0185_4233291205_E.qnorm.log.txt","https://ftp.ebi.ac.uk/pub/databases/microarray/data/experiment/MTAB/E-MTAB-1791/E-MTAB-1791.raw.6.zip","4233291205","PDAC",TRUE,"PDAC",-0.80000601281309,0.828124254150789,4.70862797791792,4.15119027900819,4.45801356021914,4.65908919713901,4.21022256910883,5.82711048470299,4.60487076870553,4.53962272899011,4.76249969849111,8.5493959232515
"Ge0200","4233291205_F","pancreatitis","pancreatitis tissue from pancreas with pancreatitis","Ge0200_4233291205_F.qnorm.log.txt","https://ftp.ebi.ac.uk/pub/databases/microarray/data/experiment/MTAB/E-MTAB-1791/E-MTAB-1791.raw.6.zip","4233291205","CP",TRUE,"CP",0.517435164592314,1.4235522273225,5.07240605529389,4.2730614806613,4.63936059399668,4.71685103812171,4.29814037550961,6.28978404747709,5.04794840077727,4.51751620661692,5.0173814125623,8.8038278926322
"Ge0205","4233291217_A","pancreatic ductal adenocarcinoma","pancreatic ductal adenocarcinoma tissue","Ge0205_4233291217_A.qnorm.log.txt","https://ftp.ebi.ac.uk/pub/databases/microarray/data/experiment/MTAB/E-MTAB-1791/E-MTAB-1791.raw.6.zip","4233291217","PDAC",TRUE,"PDAC",-0.304923292159228,0.651905527137661,4.84533255596688,4.17778574315962,4.64528885965891,4.4957834252988,4.23015470921115,5.77058651710091,4.52973988175822,4.6193057254479,5.14459563090455,8.47409600491397
"Ge0206","4233291101_D","pancreatitis","pancreatitis tissue from pancreas with pancreatitis","Ge0206_4233291101_D.qnorm.log.txt","https://ftp.ebi.ac.uk/pub/databases/microarray/data/experiment/MTAB/E-MTAB-1791/E-MTAB-1791.raw.6.zip","4233291101","CP",TRUE,"CP",-1.50791079893513,-3.40430440063496,4.51315796644621,4.10665164603699,4.35809540615087,4.23735363436968,4.09306020258564,5.29088455034262,4.12143852654527,4.67864547665689,4.82934243398068,6.7408393783444
"Ge0208","4655274098_A","pancreatic ductal adenocarcinoma","pancreatic ductal adenocarcinoma tissue","Ge0208_4655274098_A.qnorm.log.txt","https://ftp.ebi.ac.uk/pub/databases/microarray/data/experiment/MTAB/E-MTAB-1791/E-MTAB-1791.raw.6.zip","4655274098","PDAC",TRUE,"PDAC",-0.531419359317887,1.56391793915131,4.78279139264415,4.34327523695163,4.7680399875601,4.2879598223436,4.24925982040208,5.88249732189246,4.63287322262163,4.44194535802614,5.37257168227887,8.86380748059796
"Ge0209","4655274088_C","pancreatitis","pancreatitis tissue from pancreas with pancreatitis","Ge0209_4655274088_C.qnorm.log.txt","https://ftp.ebi.ac.uk/pub/databases/microarray/data/experiment/MTAB/E-MTAB-1791/E-MTAB-1791.raw.6.zip","4655274088","CP",TRUE,"CP",-0.721204929193358,1.62457836628743,4.7303869051368,4.17704723983518,4.5679108353233,4.48423652031955,4.24761378739759,5.64012100340575,4.85383607938193,4.78051983327385,5.01742611790669,8.88972825126231
"Ge0210","4655274099_C","pancreatitis","pancreatitis tissue from pancreas with pancreatitis","Ge0210_4655274099_C.qnorm.log.txt","https://ftp.ebi.ac.uk/pub/databases/microarray/data/experiment/MTAB/E-MTAB-1791/E-MTAB-1791.raw.6.zip","4655274099","CP",TRUE,"CP",-0.858822697299705,-0.467585071882247,4.69238723733145,4.24129550338139,4.85661225069701,4.32963206361391,4.24111449379435,5.40363817723792,4.55583784684345,4.79148629437502,4.95739891648959,7.99572714982882
"Ge0212","4233291101_E","pancreatitis","pancreatitis tissue from pancreas with pancreatitis","Ge0212_4233291101_E.qnorm.log.txt","https://ftp.ebi.ac.uk/pub/databases/microarray/data/experiment/MTAB/E-MTAB-1791/E-MTAB-1791.raw.6.zip","4233291101","CP",TRUE,"CP",-1.56141150348684,-1.75832791591716,4.49838509933543,4.09938879127639,4.38456688052027,4.34918687601625,4.13543318356326,4.94346427673463,4.16865589895325,4.59275602423143,4.77057024707598,7.44418060084405
"Ge0216","4655274099_D","pancreatic ductal adenocarcinoma","pancreatic ductal adenocarcinoma tissue","Ge0216_4655274099_D.qnorm.log.txt","https://ftp.ebi.ac.uk/pub/databases/microarray/data/experiment/MTAB/E-MTAB-1791/E-MTAB-1791.raw.7.zip","4655274099","PDAC",TRUE,"PDAC",-0.956724485337222,1.57140023095053,4.66535413343675,4.24346403572792,4.55824101362823,4.53610295801359,4.3691636294749,5.61938466631269,4.35922101231629,4.54433754017232,4.7451711864736,8.86700473421004
"Ge0221","4233291146_C","pancreatitis","pancreatitis tissue from pancreas with pancreatitis","Ge0221_4233291146_C.qnorm.log.txt","https://ftp.ebi.ac.uk/pub/databases/microarray/data/experiment/MTAB/E-MTAB-1791/E-MTAB-1791.raw.7.zip","4233291146","CP",TRUE,"CP",0.0706346481300787,-1.11809446036471,4.94903338740042,4.2960163721112,4.82972799389752,4.40764710677715,4.26020194890752,5.48857495892376,4.90534958099814,4.78463856735932,5.16421217137821,7.71775837397404
"Ge0225","4655274099_E","pancreatic ductal adenocarcinoma","pancreatic ductal adenocarcinoma tissue","Ge0225_4655274099_E.qnorm.log.txt","https://ftp.ebi.ac.uk/pub/databases/microarray/data/experiment/MTAB/E-MTAB-1791/E-MTAB-1791.raw.7.zip","4655274099","PDAC",TRUE,"PDAC",-0.983857751013021,0.382338778385611,4.65786196802568,4.28235364504882,4.46980685499676,4.45514403262585,4.19075727839156,5.75284696272906,4.72780181619358,4.68791548867171,4.81538226987928,8.35890759950669
"Ge0230","4233291217_C","pancreatitis","pancreatitis tissue from pancreas with pancreatitis","Ge0230_4233291217_C.qnorm.log.txt","https://ftp.ebi.ac.uk/pub/databases/microarray/data/experiment/MTAB/E-MTAB-1791/E-MTAB-1791.raw.7.zip","4233291217","CP",TRUE,"CP",-0.794700207929239,0.841030278908607,4.71009304181047,4.13711644593956,4.49694630073514,4.30253721736744,4.18259602574306,5.49082209499176,4.55878929857164,4.67199774358469,4.90341507426995,8.5549107889346
"Ge0234","4233291146_F","pancreatic ductal adenocarcinoma","pancreatic ductal adenocarcinoma tissue","Ge0234_4233291146_F.qnorm.log.txt","https://ftp.ebi.ac.uk/pub/databases/microarray/data/experiment/MTAB/E-MTAB-1791/E-MTAB-1791.raw.7.zip","4233291146","PDAC",TRUE,"PDAC",1.08498906500354,0.1942048083175,5.2291217176246,4.13071129713181,4.70906222580735,4.9458910973901,4.21777830819178,5.78998043110581,4.49742495796971,4.64081330338516,5.08549673734474,8.27851618582005
"Ge0236","4233291171_F","pancreatitis","pancreatitis tissue from pancreas with pancreatitis","Ge0236_4233291171_F.qnorm.log.txt","https://ftp.ebi.ac.uk/pub/databases/microarray/data/experiment/MTAB/E-MTAB-1791/E-MTAB-1791.raw.7.zip","4233291171","CP",TRUE,"CP",1.70108057136833,1.56413832644148,5.39923981285102,4.22305869476427,4.8004571396652,5.2509670658258,4.30271665495864,5.71978850811593,4.85705157991319,4.59587888256823,5.34413899329305,8.86390165415848
"Ge0240","4239609017_C","pancreatic ductal adenocarcinoma","pancreatic ductal adenocarcinoma tissue","Ge0240_4239609017_C.qnorm.log.txt","https://ftp.ebi.ac.uk/pub/databases/microarray/data/experiment/MTAB/E-MTAB-1791/E-MTAB-1791.raw.7.zip","4239609017","PDAC",TRUE,"PDAC",-0.974172818877169,1.00987396483865,4.66053621720835,4.08552398901891,4.54252949069725,4.41726026683025,4.27333109734503,5.77607441203352,4.34725525184913,4.87582853923701,5.05392487855442,8.62705928289911
"Ge0248","4233291217_D","pancreatic ductal adenocarcinoma","pancreatic ductal adenocarcinoma tissue","Ge0248_4233291217_D.qnorm.log.txt","https://ftp.ebi.ac.uk/pub/databases/microarray/data/experiment/MTAB/E-MTAB-1791/E-MTAB-1791.raw.7.zip","4233291217","PDAC",TRUE,"PDAC",-0.291146269227501,1.3302553450084,4.84913673257834,4.19254983669934,4.87326664663154,4.52474963655956,4.29100035440274,6.04071196360092,4.92321825265906,4.48201984299272,5.04435845486162,8.76396125791934
"Ge0255","4233291208_F","pancreatitis","pancreatitis tissue from pancreas with pancreatitis","Ge0255_4233291208_F.qnorm.log.txt","https://ftp.ebi.ac.uk/pub/databases/microarray/data/experiment/MTAB/E-MTAB-1791/E-MTAB-1791.raw.7.zip","4233291208","CP",TRUE,"CP",-1.32539515907997,-3.75341637483921,4.56355504655594,4.03779663330755,4.54869842548548,4.23977070161503,4.14942659601229,5.03570792535484,4.34493112685166,4.67912087930239,4.76682595757213,6.59166055045357
"Ge0269","4233291217_F","pancreatic ductal adenocarcinoma","pancreatic ductal adenocarcinoma tissue","Ge0269_4233291217_F.qnorm.log.txt","https://ftp.ebi.ac.uk/pub/databases/microarray/data/experiment/MTAB/E-MTAB-1791/E-MTAB-1791.raw.8.zip","4233291217","PDAC",TRUE,"PDAC",0.015631756196605,-1.83193200719322,4.93384572921815,4.18598672334438,5.15087448491263,4.67134494736553,4.54617077351907,5.84373996633651,4.17094294983465,4.56527872426893,4.74096598961695,7.41272888083485
"Ge0282","4233291146_D","pancreatitis","pancreatitis tissue from pancreas with pancreatitis","Ge0282_4233291146_D.qnorm.log.txt","https://ftp.ebi.ac.uk/pub/databases/microarray/data/experiment/MTAB/E-MTAB-1791/E-MTAB-1791.raw.8.zip","4233291146","CP",TRUE,"CP",1.20109700992103,1.27767778280654,5.26118199150593,4.24156182723021,4.55741214851995,6.22431547513185,4.22439453581353,5.69611083695358,4.97574464785874,4.66546864553378,5.19560960487768,8.74149437141248
"Ge0288","4233291207_E","pancreatic ductal adenocarcinoma","pancreatic ductal adenocarcinoma tissue","Ge0288_4233291207_E.qnorm.log.txt","https://ftp.ebi.ac.uk/pub/databases/microarray/data/experiment/MTAB/E-MTAB-1791/E-MTAB-1791.raw.8.zip","4233291207","PDAC",TRUE,"PDAC",0.967416370007224,0.0515153796115991,5.19665699003661,4.12146904071203,4.64775419421705,4.59733215563774,4.19915699012905,6.01295686800595,4.65508289932236,4.51827391170077,5.03477774224468,8.21754365179203
"Ge0301","4233291206_A","pancreatic ductal adenocarcinoma","pancreatic ductal adenocarcinoma tissue","Ge0301_4233291206_A.qnorm.log.txt","https://ftp.ebi.ac.uk/pub/databases/microarray/data/experiment/MTAB/E-MTAB-1791/E-MTAB-1791.raw.8.zip","4233291206","PDAC",TRUE,"PDAC",-0.389308613791174,-0.237806291251427,4.82203168258558,4.24371800989936,4.69046418819067,4.40158170016643,4.25614259948337,6.00241816631147,4.69514561165238,4.69932596225624,5.1093430635905,8.09391378248966
"Ge0303","4655274088_F","pancreatic ductal adenocarcinoma","pancreatic ductal adenocarcinoma tissue","Ge0303_4655274088_F.qnorm.log.txt","https://ftp.ebi.ac.uk/pub/databases/microarray/data/experiment/MTAB/E-MTAB-1791/E-MTAB-1791.raw.8.zip","4655274088","PDAC",TRUE,"PDAC",-0.0891882254226248,-0.199107895701574,4.90490234105176,4.38758960879949,4.93757785180607,4.64967900080233,4.24695392083841,5.70152074654546,5.03663206453351,4.77178873257967,5.01347826268482,8.11044997063543
"Ge0313","4233291206_B","pancreatic ductal adenocarcinoma","pancreatic ductal adenocarcinoma tissue","Ge0313_4233291206_B.qnorm.log.txt","https://ftp.ebi.ac.uk/pub/databases/microarray/data/experiment/MTAB/E-MTAB-1791/E-MTAB-1791.raw.9.zip","4233291206","PDAC",TRUE,"PDAC",-0.430985691484862,0.149363953719841,4.81052361114067,4.2252605873997,4.77824681614629,4.60068644488433,4.29512740958165,6.29708073417092,4.6173566532414,4.56776745798272,5.03803902778284,8.25935526719001
"Ge0319","4655274098_B","pancreatitis","pancreatitis tissue from pancreas with pancreatitis","Ge0319_4655274098_B.qnorm.log.txt","https://ftp.ebi.ac.uk/pub/databases/microarray/data/experiment/MTAB/E-MTAB-1791/E-MTAB-1791.raw.9.zip","4655274098","CP",TRUE,"CP",2.76654665854235,-0.395145528108121,5.69344133877023,4.51431056230076,5.2268941425776,5.49487228531014,4.29381399409067,6.5737594894556,5.65347627897886,4.43271991300837,4.89350206891823,8.02668124774483
"Ge0322","4655274088_D","pancreatic ductal adenocarcinoma","pancreatic ductal adenocarcinoma tissue","Ge0322_4655274088_D.qnorm.log.txt","https://ftp.ebi.ac.uk/pub/databases/microarray/data/experiment/MTAB/E-MTAB-1791/E-MTAB-1791.raw.9.zip","4655274088","PDAC",TRUE,"PDAC",-1.55999570599816,0.003475557783486,4.4987760360218,4.16300857005686,4.45832863812869,4.50775127185357,4.16572567906334,5.53483550174685,4.43129526802635,4.63269312165717,4.9938066540756,8.19701578439723
"Ge0325","4233291135_D","pancreatic ductal adenocarcinoma","pancreatic ductal adenocarcinoma tissue","Ge0325_4233291135_D.qnorm.log.txt","https://ftp.ebi.ac.uk/pub/databases/microarray/data/experiment/MTAB/E-MTAB-1791/E-MTAB-1791.raw.9.zip","4233291135","PDAC",TRUE,"PDAC",0.233552828494476,0.0130569072224915,4.99401912447847,4.2776552055581,4.95649305812482,4.85426070587688,4.37772687312089,6.09322163541332,4.50326197069499,4.80834761451134,4.9464038408063,8.20110998506789
"Ge0326","4233291135_E","pancreatic ductal adenocarcinoma","pancreatic ductal adenocarcinoma tissue","Ge0326_4233291135_E.qnorm.log.txt","https://ftp.ebi.ac.uk/pub/databases/microarray/data/experiment/MTAB/E-MTAB-1791/E-MTAB-1791.raw.9.zip","4233291135","PDAC",TRUE,"PDAC",-1.06229783002551,0.46582601565819,4.6362027231032,4.0696915979303,4.49556039347529,4.4693061945109,4.17214630725497,6.02907821886994,4.31275680790847,4.59633463154033,4.91861829373861,8.39458248069217
"Ge0329","4233291135_F","pancreatic ductal adenocarcinoma","pancreatic ductal adenocarcinoma tissue","Ge0329_4233291135_F.qnorm.log.txt","https://ftp.ebi.ac.uk/pub/databases/microarray/data/experiment/MTAB/E-MTAB-1791/E-MTAB-1791.raw.9.zip","4233291135","PDAC",TRUE,"PDAC",0.00369904841159568,-0.09833863555782,4.93055081361177,4.15964500370286,4.66295995045544,4.74993840579041,4.14707910433342,5.90361276805499,4.74482552402782,4.70135105848148,4.98080326827212,8.15350962262799
"Ge0335","4233291206_C","pancreatitis","pancreatitis tissue from pancreas with pancreatitis","Ge0335_4233291206_C.qnorm.log.txt","https://ftp.ebi.ac.uk/pub/databases/microarray/data/experiment/MTAB/E-MTAB-1791/E-MTAB-1791.raw.9.zip","4233291206","CP",TRUE,"CP",-0.763091689760706,-0.491900784122269,4.71882093506692,4.21045634483306,4.65219816406131,4.40638033630811,4.18458409462081,5.52029387284234,4.39036485731924,4.43683418786356,4.9960110138944,7.98533681744459
"Ge0340","4239609004_A","pancreatic ductal adenocarcinoma","pancreatic ductal adenocarcinoma tissue","Ge0340_4239609004_A.qnorm.log.txt","https://ftp.ebi.ac.uk/pub/databases/microarray/data/experiment/MTAB/E-MTAB-1791/E-MTAB-1791.raw.9.zip","4239609004","PDAC",TRUE,"PDAC",0.511276702284918,1.67154438478209,5.07070555160827,4.17886598192793,4.80539986323144,4.65482150404094,4.24148070229867,6.39817315091564,5.02154756209987,4.54966485396215,5.23701407355076,8.90979727240001
"Ge0359","4233291206_D","pancreatic ductal adenocarcinoma","pancreatic ductal adenocarcinoma tissue","Ge0359_4233291206_D.qnorm.log.txt","https://ftp.ebi.ac.uk/pub/databases/microarray/data/experiment/MTAB/E-MTAB-1791/E-MTAB-1791.raw.10.zip","4233291206","PDAC",TRUE,"PDAC",-0.26805744869928,1.17169261391765,4.85551212670195,4.34766935808885,5.01149088417677,4.49072958822417,4.27059393849615,6.14378525807515,4.57510164934338,4.62570275767522,4.86010564873846,8.69620591258865
"Ge0360","4233291206_E","pancreatic ductal adenocarcinoma","pancreatic ductal adenocarcinoma tissue","Ge0360_4233291206_E.qnorm.log.txt","https://ftp.ebi.ac.uk/pub/databases/microarray/data/experiment/MTAB/E-MTAB-1791/E-MTAB-1791.raw.10.zip","4233291206","PDAC",TRUE,"PDAC",-0.987516514307544,1.21412176842186,4.65685169303224,4.22321631705824,4.51827032978591,4.34069456388227,4.24632563239093,5.86646731822418,4.48846236200842,4.63756191575972,4.85159396812059,8.71433628910112
"Ge0361","4233291206_F","pancreatic ductal adenocarcinoma","pancreatic ductal adenocarcinoma tissue","Ge0361_4233291206_F.qnorm.log.txt","https://ftp.ebi.ac.uk/pub/databases/microarray/data/experiment/MTAB/E-MTAB-1791/E-MTAB-1791.raw.10.zip","4233291206","PDAC",TRUE,"PDAC",1.75012024276243,1.29874615881118,5.41278087842635,4.14454775071681,5.03466074798364,5.77140456848732,4.48184067322915,5.69268871115532,4.9862497172621,4.55991022323825,5.28471611389867,8.75049708650153
"Ge0367","4233291181_B","pancreatic ductal adenocarcinoma","pancreatic ductal adenocarcinoma tissue","Ge0367_4233291181_B.qnorm.log.txt","https://ftp.ebi.ac.uk/pub/databases/microarray/data/experiment/MTAB/E-MTAB-1791/E-MTAB-1791.raw.10.zip","4233291181","PDAC",TRUE,"PDAC",-0.247641268748685,0.247056637256663,4.86114953869208,4.31055397103688,4.75215890235592,4.47716246733973,4.31617392878914,6.07675286241593,4.51977935725775,4.74526168405951,4.97651332582311,8.3011002690816
"Ge0375","4655274087_F","pancreatic ductal adenocarcinoma","pancreatic ductal adenocarcinoma tissue","Ge0375_4655274087_F.qnorm.log.txt","https://ftp.ebi.ac.uk/pub/databases/microarray/data/experiment/MTAB/E-MTAB-1791/E-MTAB-1791.raw.10.zip","4655274087","PDAC",TRUE,"PDAC",1.73771066452785,0.897382514167666,5.40935428710019,4.60439735601693,5.24803704919303,4.67098242535161,4.21440824434859,5.8405717576155,5.02031835259935,4.52406497640775,5.33476625556362,8.57899062871706
"Ge0382","4233291070_F","pancreatic ductal adenocarcinoma","pancreatic ductal adenocarcinoma tissue","Ge0382_4233291070_F.qnorm.log.txt","https://ftp.ebi.ac.uk/pub/databases/microarray/data/experiment/MTAB/E-MTAB-1791/E-MTAB-1791.raw.10.zip","4233291070","PDAC",TRUE,"PDAC",-0.817679623345507,-0.825261266640279,4.70374785714286,4.29085,4.84308857142857,4.45306625,4.2420475,5.51976285714286,4.373932,4.56463285714286,4.81009806451613,7.84288875
"Ge0395","4240343019_C","pancreatic ductal adenocarcinoma","pancreatic ductal adenocarcinoma tissue","Ge0395_4240343019_C.qnorm.log.txt","https://ftp.ebi.ac.uk/pub/databases/microarray/data/experiment/MTAB/E-MTAB-1791/E-MTAB-1791.raw.11.zip","4240343019","PDAC",TRUE,"PDAC",-0.549167252790061,0.301804458722333,4.77789076051308,4.14133733761072,4.72233251001939,4.38992877951877,4.3139390651274,5.63065549221143,4.15969951849347,4.55556645738951,4.69326337972189,8.32449452777021
"Ge0405","4655274079_C","pancreatic ductal adenocarcinoma","pancreatic ductal adenocarcinoma tissue","Ge0405_4655274079_C.qnorm.log.txt","https://ftp.ebi.ac.uk/pub/databases/microarray/data/experiment/MTAB/E-MTAB-1791/E-MTAB-1791.raw.11.zip","4655274079","PDAC",TRUE,"PDAC",-0.196345780731868,-0.549269490327621,4.8753134910027,4.30691849740253,4.76570758505101,4.96129776721273,4.15661955698606,5.51530658757351,4.58830378808542,4.50478890596024,5.08945663889678,7.96082263007294
"Ge0406","4233291181_D","pancreatitis","pancreatitis tissue from pancreas with pancreatitis","Ge0406_4233291181_D.qnorm.log.txt","https://ftp.ebi.ac.uk/pub/databases/microarray/data/experiment/MTAB/E-MTAB-1791/E-MTAB-1791.raw.11.zip","4233291181","CP",TRUE,"CP",0.132466547131966,1.40877525716323,4.96610670325328,4.19013762111199,4.74518500733049,4.73432151967193,4.38470953865605,5.61328813706154,5.13678698869257,4.85991392675684,5.19176090493173,8.79751355439398
"Ge0408","4233291201_E","pancreatic ductal adenocarcinoma","pancreatic ductal adenocarcinoma tissue","Ge0408_4233291201_E.qnorm.log.txt","https://ftp.ebi.ac.uk/pub/databases/microarray/data/experiment/MTAB/E-MTAB-1791/E-MTAB-1791.raw.11.zip","4233291201","PDAC",TRUE,"PDAC",0.521708149938547,0.412614427504886,5.07358593217991,4.12932976610016,4.79214357194911,5.05082679961634,4.20572673062395,5.76901130607385,4.86870282871146,4.56005979635187,5.0816731016991,8.37184466893704
"Ge0414","4233291232_A","pancreatic ductal adenocarcinoma","pancreatic ductal adenocarcinoma tissue","Ge0414_4233291232_A.qnorm.log.txt","https://ftp.ebi.ac.uk/pub/databases/microarray/data/experiment/MTAB/E-MTAB-1791/E-MTAB-1791.raw.11.zip","4233291232","PDAC",TRUE,"PDAC",-0.413182928575855,-1.2390724118799,4.81543939407966,4.1891551167561,4.44549955802194,4.30151150310425,4.125320055834,5.80345430700308,4.17174960785349,4.55963171634599,4.77533208690461,7.6660633582164
"Ge0417","4240343019_F","pancreatic ductal adenocarcinoma","pancreatic ductal adenocarcinoma tissue","Ge0417_4240343019_F.qnorm.log.txt","https://ftp.ebi.ac.uk/pub/databases/microarray/data/experiment/MTAB/E-MTAB-1791/E-MTAB-1791.raw.11.zip","4240343019","PDAC",TRUE,"PDAC",1.63745685499551,0.100667602557477,5.38167173192675,4.45273660451546,5.06034556736287,5.26245168641741,4.20631999402155,5.68047701576955,5.11448817312937,4.53506220481684,5.17224423409791,8.23854685863994
"Ge0457","4233291210_A","pancreatic ductal adenocarcinoma","pancreatic ductal adenocarcinoma tissue","Ge0457_4233291210_A.qnorm.log.txt","https://ftp.ebi.ac.uk/pub/databases/microarray/data/experiment/MTAB/E-MTAB-1791/E-MTAB-1791.raw.11.zip","4233291210","PDAC",TRUE,"PDAC",-0.25008466151625,-1.33567780378946,4.86047485754616,4.06745014250679,4.56125124554055,4.48618244210413,4.21564475065907,5.65629732782794,4.62960194485767,4.68457750940557,4.73503488346468,7.62478296625662
"Ge0458","4233291210_B","pancreatic ductal adenocarcinoma","pancreatic ductal adenocarcinoma tissue","Ge0458_4233291210_B.qnorm.log.txt","https://ftp.ebi.ac.uk/pub/databases/microarray/data/experiment/MTAB/E-MTAB-1791/E-MTAB-1791.raw.12.zip","4233291210","PDAC",TRUE,"PDAC",0.554348249385686,-0.598318908558155,5.08259867052898,4.21925756751043,4.82471190010217,5.03876726997964,4.30477348164538,6.14789878757945,4.85028873815431,4.70802777607471,4.81462862446574,7.93986335264616
"Ge0459","4233291210_C","pancreatic ductal adenocarcinoma","pancreatic ductal adenocarcinoma tissue","Ge0459_4233291210_C.qnorm.log.txt","https://ftp.ebi.ac.uk/pub/databases/microarray/data/experiment/MTAB/E-MTAB-1791/E-MTAB-1791.raw.12.zip","4233291210","PDAC",TRUE,"PDAC",0.0525787691361688,-0.200569712951447,4.94404771285313,4.22285504311873,4.86971252278355,4.45476356296736,4.47113110678341,6.13687405694907,4.61024439880246,4.57307888968875,4.78067022047171,8.10982532238489
"Ge0461","4233291210_E","pancreatic ductal adenocarcinoma","pancreatic ductal adenocarcinoma tissue","Ge0461_4233291210_E.qnorm.log.txt","https://ftp.ebi.ac.uk/pub/databases/microarray/data/experiment/MTAB/E-MTAB-1791/E-MTAB-1791.raw.12.zip","4233291210","PDAC",TRUE,"PDAC",0.572852687616792,0.297015254406196,5.08770820337043,4.26236089698087,5.24701130510331,4.67829263864768,4.38035788493919,6.04022316898166,4.66848447917787,4.70330721579624,4.82320536144386,8.32244805575206
"Ge0463","4233291211_A","pancreatic ductal adenocarcinoma","pancreatic ductal adenocarcinoma tissue","Ge0463_4233291211_A.qnorm.log.txt","https://ftp.ebi.ac.uk/pub/databases/microarray/data/experiment/MTAB/E-MTAB-1791/E-MTAB-1791.raw.12.zip","4233291211","PDAC",TRUE,"PDAC",0.181719132689598,-0.0476071265865752,4.9797065596926,4.18468908242678,4.63775612218238,4.8899731311315,4.22203951002203,6.30707639600879,4.81227908085129,4.600510355019,4.84901607275302,8.1751876732383
"Ge0467","4233291211_B","pancreatic ductal adenocarcinoma","pancreatic ductal adenocarcinoma tissue","Ge0467_4233291211_B.qnorm.log.txt","https://ftp.ebi.ac.uk/pub/databases/microarray/data/experiment/MTAB/E-MTAB-1791/E-MTAB-1791.raw.12.zip","4233291211","PDAC",TRUE,"PDAC",-0.969196111152196,-1.37443814146515,4.66191040923977,4.10979588826873,4.54558677473676,4.24486590138003,4.1380706522424,5.58580313531693,4.65815909405271,4.68211392148052,4.81604224632959,7.60822030965829
"Ge0468","4233291211_C","pancreatic ductal adenocarcinoma","pancreatic ductal adenocarcinoma tissue","Ge0468_4233291211_C.qnorm.log.txt","https://ftp.ebi.ac.uk/pub/databases/microarray/data/experiment/MTAB/E-MTAB-1791/E-MTAB-1791.raw.12.zip","4233291211","PDAC",TRUE,"PDAC",0.680239175406101,-0.636414441785614,5.11736026733665,4.40386578825984,5.13877352005289,4.82581253470548,4.37215445909262,6.17339124407313,4.76801592790133,4.55702963413257,4.90196204777628,7.92358477323707
"Ge0470","4233291211_E","pancreatic ductal adenocarcinoma","pancreatic ductal adenocarcinoma tissue","Ge0470_4233291211_E.qnorm.log.txt","https://ftp.ebi.ac.uk/pub/databases/microarray/data/experiment/MTAB/E-MTAB-1791/E-MTAB-1791.raw.12.zip","4233291211","PDAC",TRUE,"PDAC",0.293419695606,0.697307182084725,5.0105498464491,4.15919500964632,4.99758545120765,4.73760781009743,4.40921551667023,6.28015076039171,4.73067760191597,4.54599128491295,5.05185301618485,8.49349655880429
"Ge0472","4233291220_A","pancreatic ductal adenocarcinoma","pancreatic ductal adenocarcinoma tissue","Ge0472_4233291220_A.qnorm.log.txt","https://ftp.ebi.ac.uk/pub/databases/microarray/data/experiment/MTAB/E-MTAB-1791/E-MTAB-1791.raw.12.zip","4233291220","PDAC",TRUE,"PDAC",0.139905981344954,-0.55023293937277,4.96816091494879,4.08155342317244,4.63550817123608,4.5455145855934,4.23358686703244,6.08728856660285,4.67375544812166,4.68133829288957,4.88265803149961,7.96041093924047
"Ge0473","4233291220_B","pancreatic ductal adenocarcinoma","pancreatic ductal adenocarcinoma tissue","Ge0473_4233291220_B.qnorm.log.txt","https://ftp.ebi.ac.uk/pub/databases/microarray/data/experiment/MTAB/E-MTAB-1791/E-MTAB-1791.raw.12.zip","4233291220","PDAC",TRUE,"PDAC",0.351490899161675,-1.18038073390817,5.0265847413216,4.10897491960686,4.49820057704631,5.11038466924222,4.13523668553503,5.92141532476859,5.07593045714071,4.56324260215533,4.91684420706504,7.69114286385847
"Ge0474","4233291220_C","pancreatic ductal adenocarcinoma","pancreatic ductal adenocarcinoma tissue","Ge0474_4233291220_C.qnorm.log.txt","https://ftp.ebi.ac.uk/pub/databases/microarray/data/experiment/MTAB/E-MTAB-1791/E-MTAB-1791.raw.12.zip","4233291220","PDAC",TRUE,"PDAC",-0.805801666506802,-1.44458447880584,4.70702765465947,4.15727326422451,4.50641102304337,4.40310265859897,4.19657862998101,5.64058090922409,4.56619478348015,4.54987243199426,5.00330754837732,7.57824612040519
"Ge0511","4233291233_A","pancreatic ductal adenocarcinoma","pancreatic ductal adenocarcinoma tissue","Ge0511_4233291233_A.qnorm.log.txt","https://ftp.ebi.ac.uk/pub/databases/microarray/data/experiment/MTAB/E-MTAB-1791/E-MTAB-1791.raw.12.zip","4233291233","PDAC",TRUE,"PDAC",0.579142104888949,-0.290388580748546,5.08944486695915,4.12156353978732,4.83815356651548,4.85914685375898,4.20463347662042,5.92811895940257,4.69849317129841,4.68588743820847,5.06776112584763,8.0714448759651
"Ge0517d","4697141062_C","pancreatic ductal adenocarcinoma","pancreatic ductal adenocarcinoma tissue","Ge0517d_4697141062_C.qnorm.log.txt","https://ftp.ebi.ac.uk/pub/databases/microarray/data/experiment/MTAB/E-MTAB-1791/E-MTAB-1791.raw.12.zip","4697141062","PDAC",TRUE,"PDAC",-0.202865857150782,0.950179421042034,4.87351313672147,4.29838947613934,4.84481689488406,4.41811204579903,4.1615233484526,6.16249928947129,4.79696617025615,4.68456251862975,4.84256609864794,8.6015512432641
"Ge0519","4233291233_B","pancreatic ductal adenocarcinoma","pancreatic ductal adenocarcinoma tissue","Ge0519_4233291233_B.qnorm.log.txt","https://ftp.ebi.ac.uk/pub/databases/microarray/data/experiment/MTAB/E-MTAB-1791/E-MTAB-1791.raw.12.zip","4233291233","PDAC",TRUE,"PDAC",2.29506777797482,0.685327699336103,5.56325436447661,4.21387611109771,5.09202674520072,5.77455038741696,4.41648216728349,5.77264795610007,4.53599059308756,4.57374951122746,5.22099553735714,8.48837761323031
"Ge0525","4233291232_F","pancreatic ductal adenocarcinoma","pancreatic ductal adenocarcinoma tissue","Ge0525_4233291232_F.qnorm.log.txt","https://ftp.ebi.ac.uk/pub/databases/microarray/data/experiment/MTAB/E-MTAB-1791/E-MTAB-1791.raw.13.zip","4233291232","PDAC",TRUE,"PDAC",3.13049321860324,0.0512465315752565,5.79393598107927,4.49528150455759,5.31482602789546,5.8854377791404,4.40918710695359,6.48157869543562,4.94749379590286,4.53556754268604,5.02065202189308,8.21742877049919
"Ge0547","4697141105_F","pancreatic ductal adenocarcinoma","pancreatic ductal adenocarcinoma tissue","Ge0547_4697141105_F.qnorm.log.txt","https://ftp.ebi.ac.uk/pub/databases/microarray/data/experiment/MTAB/E-MTAB-1791/E-MTAB-1791.raw.13.zip","4697141105","PDAC",TRUE,"PDAC",0.939613752362664,0.863684732771326,5.18898,4.16719,5.12256,4.8846675,4.42922125,6.59404142857143,4.577716,4.47850285714286,4.89376580645161,8.56459125
"Ge0553","4240343019_A","pancreatic ductal adenocarcinoma","pancreatic ductal adenocarcinoma tissue","Ge0553_4240343019_A.qnorm.log.txt","https://ftp.ebi.ac.uk/pub/databases/microarray/data/experiment/MTAB/E-MTAB-1791/E-MTAB-1791.raw.13.zip","4240343019","PDAC",TRUE,"PDAC",0.245618071057019,0.459869770817682,4.9973506362133,4.11439021769519,4.61890008346404,4.98248433839863,4.2049152769919,5.70728508710506,4.69408909107383,4.73912322320938,4.99118416415287,8.39203732128891
"Ge0564","4233291233_E","pancreatic ductal adenocarcinoma","pancreatic ductal adenocarcinoma tissue","Ge0564_4233291233_E.qnorm.log.txt","https://ftp.ebi.ac.uk/pub/databases/microarray/data/experiment/MTAB/E-MTAB-1791/E-MTAB-1791.raw.13.zip","4233291233","PDAC",TRUE,"PDAC",-0.111612493795299,0.929687912173365,4.89871044620661,4.25488449628707,4.72208944395877,4.59270855918739,4.1880736463485,5.74472236663376,5.17430108474818,4.72962958626728,4.98864616539624,8.59279502892425
"Ge0565","4233291233_F","pancreatic ductal adenocarcinoma","pancreatic ductal adenocarcinoma tissue","Ge0565_4233291233_F.qnorm.log.txt","https://ftp.ebi.ac.uk/pub/databases/microarray/data/experiment/MTAB/E-MTAB-1791/E-MTAB-1791.raw.13.zip","4233291233","PDAC",TRUE,"PDAC",-0.126677670801001,1.13304193284531,4.89455057841102,4.29398284787268,4.90593372000413,4.53483968441185,4.19920086060841,5.96883511668387,5.03977864672038,4.71776463853769,4.97305090026649,8.67969011328759
"Ge0566","4233291226_A","pancreatic ductal adenocarcinoma","pancreatic ductal adenocarcinoma tissue","Ge0566_4233291226_A.qnorm.log.txt","https://ftp.ebi.ac.uk/pub/databases/microarray/data/experiment/MTAB/E-MTAB-1791/E-MTAB-1791.raw.13.zip","4233291226","PDAC",TRUE,"PDAC",-0.520625785938297,0.76966035641981,4.7857717650808,4.10325100802094,4.6918726432413,4.76441731187314,4.20912869100964,5.89886976151039,4.91526360636465,4.71887329369802,5.07419705192877,8.52441375024721
"Ge0569precip","4240343020_F","pancreatic ductal adenocarcinoma","pancreatic ductal adenocarcinoma tissue","Ge0569precip_4240343020_F.qnorm.log.txt","https://ftp.ebi.ac.uk/pub/databases/microarray/data/experiment/MTAB/E-MTAB-1791/E-MTAB-1791.raw.13.zip","4240343020","PDAC",TRUE,"PDAC",0.344539291910328,0.917097062358922,5.02466523070971,4.43791053299488,4.95164207710712,4.77147759456034,4.33233033625484,5.74438526480027,4.58027563947253,4.71619640731862,5.09489897804822,8.58741484045678
"Ge0573","4233291172_E","pancreatic ductal adenocarcinoma","pancreatic ductal adenocarcinoma tissue","Ge0573_4233291172_E.qnorm.log.txt","https://ftp.ebi.ac.uk/pub/databases/microarray/data/experiment/MTAB/E-MTAB-1791/E-MTAB-1791.raw.13.zip","4233291172","PDAC",TRUE,"PDAC",-0.174235654444394,0.74345863620211,4.88141864345227,4.06339847237927,4.65749099532402,4.41499193206182,4.22942153975664,5.71063487100518,4.63335495290863,4.68279429436361,5.00730023454602,8.51321750892748
"Ge0583","4655274088_A","pancreatic ductal adenocarcinoma","pancreatic ductal adenocarcinoma tissue","Ge0583_4655274088_A.qnorm.log.txt","https://ftp.ebi.ac.uk/pub/databases/microarray/data/experiment/MTAB/E-MTAB-1791/E-MTAB-1791.raw.14.zip","4655274088","PDAC",TRUE,"PDAC",0.325422555925168,0.26983587529612,5.01938662732183,4.19441473293936,4.73406848492544,4.43842097824847,4.19869310210797,5.6312969245926,4.31665397706281,4.69802262081278,5.10983964994551,8.31083405159857
"Ge0595","4233291172_F","pancreatic ductal adenocarcinoma","pancreatic ductal adenocarcinoma tissue","Ge0595_4233291172_F.qnorm.log.txt","https://ftp.ebi.ac.uk/pub/databases/microarray/data/experiment/MTAB/E-MTAB-1791/E-MTAB-1791.raw.14.zip","4233291172","PDAC",TRUE,"PDAC",0.129104669882219,0.136382278464354,4.96517840583609,4.05206842243847,4.75810195666264,4.89742256533761,4.18750270765276,5.43008114476871,4.28758025989753,4.61121694519982,5.00678238983469,8.2538080753382
"Ge0597","4233291199_A","pancreatic ductal adenocarcinoma","pancreatic ductal adenocarcinoma tissue","Ge0597_4233291199_A.qnorm.log.txt","https://ftp.ebi.ac.uk/pub/databases/microarray/data/experiment/MTAB/E-MTAB-1791/E-MTAB-1791.raw.14.zip","4233291199","PDAC",TRUE,"PDAC",-0.409346596456592,0.884717728214269,4.81649870021526,4.1384441455232,4.60396496269806,4.58396899125053,4.18886272408043,5.85118185800383,4.32691490364073,4.61772327173043,4.9440702916064,8.57357884664249
"Ge0603","4233291199_B","pancreatic ductal adenocarcinoma","pancreatic ductal adenocarcinoma tissue","Ge0603_4233291199_B.qnorm.log.txt","https://ftp.ebi.ac.uk/pub/databases/microarray/data/experiment/MTAB/E-MTAB-1791/E-MTAB-1791.raw.14.zip","4233291199","PDAC",TRUE,"PDAC",-0.158649951110474,-0.972419119705668,4.88572224143494,4.01628455869305,4.84076802984378,4.64012394008605,4.21498952766642,5.59805611775238,4.59368553114731,4.87065608024613,5.02852816800514,7.78000681624432
"Ge0618","4697141062_D","pancreatic ductal adenocarcinoma","pancreatic ductal adenocarcinoma tissue","Ge0618_4697141062_D.qnorm.log.txt","https://ftp.ebi.ac.uk/pub/databases/microarray/data/experiment/MTAB/E-MTAB-1791/E-MTAB-1791.raw.14.zip","4697141062","PDAC",TRUE,"PDAC",1.3147162605408,0.585283307399849,5.29255507536897,4.42992180033238,5.13547896490604,5.03448257854702,4.2389860006129,6.23307127734992,4.98205264036701,4.64702500016464,5.13005336412536,8.44562770423586
"Ge0631","4233291131_D","pancreatic ductal adenocarcinoma","pancreatic ductal adenocarcinoma tissue","Ge0631_4233291131_D.qnorm.log.txt","https://ftp.ebi.ac.uk/pub/databases/microarray/data/experiment/MTAB/E-MTAB-1791/E-MTAB-1791.raw.14.zip","4233291131","PDAC",TRUE,"PDAC",0.139087118129265,-0.431516750287404,4.96793480657192,4.16141510802325,4.77865476735263,4.48277496000411,4.20873552587177,5.9221785892725,4.74004783337769,4.69608847134329,4.98974362612695,8.01113948265348
"Ge0640","4463361227_A","pancreatic ductal adenocarcinoma","pancreatic ductal adenocarcinoma tissue","Ge0640_4463361227_A.qnorm.log.txt","https://ftp.ebi.ac.uk/pub/databases/microarray/data/experiment/MTAB/E-MTAB-1791/E-MTAB-1791.raw.14.zip","4463361227","PDAC",TRUE,"PDAC",0.479074366213978,0.455657125086135,5.06181369054926,4.21011347912099,4.74286497769313,4.42975838083249,4.21592356290506,5.92153761191588,5.36807942248478,4.61839554773716,5.04008208614219,8.39023721817304
"Ge0646","4697141062_F","pancreatic ductal adenocarcinoma","pancreatic ductal adenocarcinoma tissue","Ge0646_4697141062_F.qnorm.log.txt","https://ftp.ebi.ac.uk/pub/databases/microarray/data/experiment/MTAB/E-MTAB-1791/E-MTAB-1791.raw.14.zip","4697141062","PDAC",TRUE,"PDAC",-0.215506645675498,0.255766287982361,4.87002270251848,4.19735545656739,4.87464758697547,4.45042112109846,4.1490715273094,6.28827762053884,4.72551638079718,4.64623339677215,5.12033923111538,8.30482198469895
"Ge0647","4233291181_E","pancreatic ductal adenocarcinoma","pancreatic ductal adenocarcinoma tissue","Ge0647_4233291181_E.qnorm.log.txt","https://ftp.ebi.ac.uk/pub/databases/microarray/data/experiment/MTAB/E-MTAB-1791/E-MTAB-1791.raw.14.zip","4233291181","PDAC",TRUE,"PDAC",-0.29457774105192,1.16001539133795,4.84818921837865,4.18048368972947,4.58725697325665,4.5956429029255,4.21474634196552,5.97205716349689,4.60735823763729,4.52813847922994,5.19029879552331,8.69121612562579
"Ge0648","4233291172_A","pancreatic ductal adenocarcinoma","pancreatic ductal adenocarcinoma tissue","Ge0648_4233291172_A.qnorm.log.txt","https://ftp.ebi.ac.uk/pub/databases/microarray/data/experiment/MTAB/E-MTAB-1791/E-MTAB-1791.raw.14.zip","4233291172","PDAC",TRUE,"PDAC",1.42758787758077,-0.284672859265639,5.32372171911847,4.17523039575755,5.19864030565358,4.72681199897431,4.20639157985889,6.20146224403105,4.9921356152557,4.58895712879861,5.02910924266509,8.07388725747698
"Ge0653","4233291172_C","pancreatic ductal adenocarcinoma","pancreatic ductal adenocarcinoma tissue","Ge0653_4233291172_C.qnorm.log.txt","https://ftp.ebi.ac.uk/pub/databases/microarray/data/experiment/MTAB/E-MTAB-1791/E-MTAB-1791.raw.14.zip","4233291172","PDAC",TRUE,"PDAC",0.784505301739042,-0.15542378138051,5.14615072236671,4.26902927197106,4.84617032583149,5.18511052594592,4.19559891080459,5.99570350802614,4.85724353498285,4.81204899958592,5.01776843774892,8.12911660327305
"Ge0665","4697141105_B","pancreatic ductal adenocarcinoma","pancreatic ductal adenocarcinoma tissue","Ge0665_4697141105_B.qnorm.log.txt","https://ftp.ebi.ac.uk/pub/databases/microarray/data/experiment/MTAB/E-MTAB-1791/E-MTAB-1791.raw.15.zip","4697141105","PDAC",TRUE,"PDAC",0.184269265075049,-0.710376712002301,4.98041071428571,4.18732,4.99684571428571,4.6660325,4.1749025,6.02056571428571,4.582116,4.754675,4.98033903225806,7.89198
"Ge0699","4233291180_B","pancreatic ductal adenocarcinoma","pancreatic ductal adenocarcinoma tissue","Ge0699_4233291180_B.qnorm.log.txt","https://ftp.ebi.ac.uk/pub/databases/microarray/data/experiment/MTAB/E-MTAB-1791/E-MTAB-1791.raw.15.zip","4233291180","PDAC",TRUE,"PDAC",0.0113209628884275,0.43409395913696,4.9326554126192,4.25517536278369,5.05634666649015,4.3971933068766,4.4930190607565,5.77520869742934,4.8397261487869,4.81812511373138,5.08932813183647,8.38102307469015
"Ge0701","4233291180_C","pancreatic ductal adenocarcinoma","pancreatic ductal adenocarcinoma tissue","Ge0701_4233291180_C.qnorm.log.txt","https://ftp.ebi.ac.uk/pub/databases/microarray/data/experiment/MTAB/E-MTAB-1791/E-MTAB-1791.raw.15.zip","4233291180","PDAC",TRUE,"PDAC",-0.111803693453575,-0.615683626709131,4.89865765125433,4.16582300101406,4.76635430036865,4.52136496467469,4.4032860722058,5.81788797655424,4.57629893384005,4.69551046892116,4.94355830317656,7.93244324536877
"Ge0702","4233291180_D","pancreatic ductal adenocarcinoma","pancreatic ductal adenocarcinoma tissue","Ge0702_4233291180_D.qnorm.log.txt","https://ftp.ebi.ac.uk/pub/databases/microarray/data/experiment/MTAB/E-MTAB-1791/E-MTAB-1791.raw.15.zip","4233291180","PDAC",TRUE,"PDAC",1.07781288505402,0.719129986091114,5.22714019693912,4.30273900634935,4.90251598000759,5.37509097903352,4.25911138851255,6.10151634881001,5.23700193962181,4.56696020873817,5.04442143627444,8.50282164806938
"Ge0704","4233291180_F","pancreatic ductal adenocarcinoma","pancreatic ductal adenocarcinoma tissue","Ge0704_4233291180_F.qnorm.log.txt","https://ftp.ebi.ac.uk/pub/databases/microarray/data/experiment/MTAB/E-MTAB-1791/E-MTAB-1791.raw.15.zip","4233291180","PDAC",TRUE,"PDAC",0.404595346606888,-0.49074422705972,5.04124819204945,4.33930407848748,4.85929798133788,4.42845937999651,4.22779323347419,5.88162131748527,4.71764801954274,4.6468116684603,5.00731374599027,7.98583102514793
"Ge0705","4233291225_A","pancreatic ductal adenocarcinoma","pancreatic ductal adenocarcinoma tissue","Ge0705_4233291225_A.qnorm.log.txt","https://ftp.ebi.ac.uk/pub/databases/microarray/data/experiment/MTAB/E-MTAB-1791/E-MTAB-1791.raw.15.zip","4233291225","PDAC",TRUE,"PDAC",0.824375300136003,0.274339034117637,5.15715981454522,4.32569013929793,5.19210166607094,4.45772112665873,4.24462081482867,6.1073430931344,4.72562949884517,4.65534715333723,5.07719977309643,8.31275829368832
"Ge0706","4233291225_B","pancreatic ductal adenocarcinoma","pancreatic ductal adenocarcinoma tissue","Ge0706_4233291225_B.qnorm.log.txt","https://ftp.ebi.ac.uk/pub/databases/microarray/data/experiment/MTAB/E-MTAB-1791/E-MTAB-1791.raw.15.zip","4233291225","PDAC",TRUE,"PDAC",1.52017576076327,0.529307093349741,5.34928752251834,4.21278733319394,5.02250324860036,5.09844473294192,4.46524614222652,6.20867567171123,4.77669394347707,4.81368554310941,5.24558380128537,8.42170854185023
"Ge0714","4233291225_C","pancreatic ductal adenocarcinoma","pancreatic ductal adenocarcinoma tissue","Ge0714_4233291225_C.qnorm.log.txt","https://ftp.ebi.ac.uk/pub/databases/microarray/data/experiment/MTAB/E-MTAB-1791/E-MTAB-1791.raw.15.zip","4233291225","PDAC",TRUE,"PDAC",0.380283485830586,-0.00547640828383812,5.03453508627872,4.11093313536626,4.69523417141047,4.84885892054141,4.27210518449775,5.86089426212324,4.90700325920769,4.73457252993692,5.116716074935,8.19319052515688
"Ge0715","4233291225_D","pancreatic ductal adenocarcinoma","pancreatic ductal adenocarcinoma tissue","Ge0715_4233291225_D.qnorm.log.txt","https://ftp.ebi.ac.uk/pub/databases/microarray/data/experiment/MTAB/E-MTAB-1791/E-MTAB-1791.raw.15.zip","4233291225","PDAC",TRUE,"PDAC",0.669563288729485,1.11446900777291,5.11441239110801,4.04407439513424,5.07186149736636,5.11597818759303,4.29220708635109,6.18197063251289,4.7541002636902,4.53886849591197,5.10121589292172,8.6717537278367
"Ge0725","4233291225_E","pancreatic ductal adenocarcinoma","pancreatic ductal adenocarcinoma tissue","Ge0725_4233291225_E.qnorm.log.txt","https://ftp.ebi.ac.uk/pub/databases/microarray/data/experiment/MTAB/E-MTAB-1791/E-MTAB-1791.raw.15.zip","4233291225","PDAC",TRUE,"PDAC",0.33092024796106,-0.0336515048391853,5.02090467600068,4.0868250956594,4.69800813297521,4.92214743609336,4.22543589287632,6.08018013085996,4.47990602952957,4.76181623558911,5.01185401677324,8.18115104158024
"Ge0726","4233291225_F","pancreatic ductal adenocarcinoma","pancreatic ductal adenocarcinoma tissue","Ge0726_4233291225_F.qnorm.log.txt","https://ftp.ebi.ac.uk/pub/databases/microarray/data/experiment/MTAB/E-MTAB-1791/E-MTAB-1791.raw.15.zip","4233291225","PDAC",TRUE,"PDAC",-0.167514974696012,-2.28403300669607,4.88327438927186,4.04204877001131,4.4918715448129,4.4539030643208,4.17730122474279,5.58749726903103,4.6430898056728,4.7781473170448,4.7336420842246,7.21954187443714
"Ge0730","4239609018_B","pancreatic ductal adenocarcinoma","pancreatic ductal adenocarcinoma tissue","Ge0730_4239609018_B.qnorm.log.txt","https://ftp.ebi.ac.uk/pub/databases/microarray/data/experiment/MTAB/E-MTAB-1791/E-MTAB-1791.raw.16.zip","4239609018","PDAC",TRUE,"PDAC",2.25223418191893,-0.0717388050305217,5.55142694972174,4.18536883000967,5.12758666519055,5.61324075796392,4.31611223566716,6.19827068468855,4.46240284926293,4.6022412745465,4.97325337097542,8.16487598022487
"Ge0732","4239609018_C","pancreatic ductal adenocarcinoma","pancreatic ductal adenocarcinoma tissue","Ge0732_4239609018_C.qnorm.log.txt","https://ftp.ebi.ac.uk/pub/databases/microarray/data/experiment/MTAB/E-MTAB-1791/E-MTAB-1791.raw.16.zip","4239609018","PDAC",TRUE,"PDAC",-1.13818230645549,0.433197205938317,4.61524914323048,4.16082562986592,4.53805219383951,4.52556570894932,4.26862988133054,5.64607006715124,4.5080157320308,4.76392555504074,4.75705807751452,8.38063988361976
"Ge0733","4239609018_D","pancreatic ductal adenocarcinoma","pancreatic ductal adenocarcinoma tissue","Ge0733_4239609018_D.qnorm.log.txt","https://ftp.ebi.ac.uk/pub/databases/microarray/data/experiment/MTAB/E-MTAB-1791/E-MTAB-1791.raw.16.zip","4239609018","PDAC",TRUE,"PDAC",-0.877154571498585,-0.136021803288122,4.68732535368523,4.10345518059983,4.61662459326668,4.44818640658753,4.26324764669563,5.86679982488721,4.39402799925073,4.6367536930556,5.01170009085553,8.13740725087167
"Ge0734","4239609018_E","pancreatic ductal adenocarcinoma","pancreatic ductal adenocarcinoma tissue","Ge0734_4239609018_E.qnorm.log.txt","https://ftp.ebi.ac.uk/pub/databases/microarray/data/experiment/MTAB/E-MTAB-1791/E-MTAB-1791.raw.16.zip","4239609018","PDAC",TRUE,"PDAC",0.213294761211557,-0.699498349815588,4.98842537130457,4.08023437145602,4.88678472775699,4.4120855416432,4.21712047280015,6.1810269653359,4.80619998227739,4.71392788849343,5.00335137680028,7.89662842640842
"Ge0735","4239609018_F","pancreatic ductal adenocarcinoma","pancreatic ductal adenocarcinoma tissue","Ge0735_4239609018_F.qnorm.log.txt","https://ftp.ebi.ac.uk/pub/databases/microarray/data/experiment/MTAB/E-MTAB-1791/E-MTAB-1791.raw.16.zip","4239609018","PDAC",TRUE,"PDAC",0.893121005976452,-0.685327201589816,5.17614220338155,4.20892362401975,4.86361846931952,4.45066353899915,4.27751364291586,6.1354034872204,5.30901426837314,4.75532561609858,5.09109565548772,7.90268389124032
"Ge0740","4239609034_A","pancreatic ductal adenocarcinoma","pancreatic ductal adenocarcinoma tissue","Ge0740_4239609034_A.qnorm.log.txt","https://ftp.ebi.ac.uk/pub/databases/microarray/data/experiment/MTAB/E-MTAB-1791/E-MTAB-1791.raw.16.zip","4239609034","PDAC",TRUE,"PDAC",1.55791738734698,-1.25597747298335,5.35970891862401,4.04690736447624,4.9766410025915,5.27551095164777,4.21315490472331,5.66515233187108,4.8958069405243,4.60791593484105,4.99349198527145,7.65883966671575
"Ge0741","4239609034_B","pancreatic ductal adenocarcinoma","pancreatic ductal adenocarcinoma tissue","Ge0741_4239609034_B.qnorm.log.txt","https://ftp.ebi.ac.uk/pub/databases/microarray/data/experiment/MTAB/E-MTAB-1791/E-MTAB-1791.raw.16.zip","4239609034","PDAC",TRUE,"PDAC",-0.029573805961655,0.0476037574094188,4.92136335598535,4.12568740915888,4.80372439317494,4.81397704399529,4.20501013023646,5.50241120555551,4.67150115691001,4.75630744390745,5.00638725826525,8.21587217885959
"Ge0742","4239609034_C","pancreatic ductal adenocarcinoma","pancreatic ductal adenocarcinoma tissue","Ge0742_4239609034_C.qnorm.log.txt","https://ftp.ebi.ac.uk/pub/databases/microarray/data/experiment/MTAB/E-MTAB-1791/E-MTAB-1791.raw.16.zip","4239609034","PDAC",TRUE,"PDAC",-0.662621142186239,0.996702440411411,4.74656333697175,3.9879950550266,4.55483649899078,4.67599516798794,4.21978239724444,5.78802001958481,4.58039583445432,4.7630903555519,4.92003109047399,8.62143096671182
"Ge0743","4239609034_D","pancreatic ductal adenocarcinoma","pancreatic ductal adenocarcinoma tissue","Ge0743_4239609034_D.qnorm.log.txt","https://ftp.ebi.ac.uk/pub/databases/microarray/data/experiment/MTAB/E-MTAB-1791/E-MTAB-1791.raw.16.zip","4239609034","PDAC",TRUE,"PDAC",-0.814587822619088,0.282055903716104,4.70460157975543,4.16763564714146,4.59144434366454,4.35363143298436,4.28332491625537,5.07057424498691,4.14714449170362,4.70934676931899,4.90642698709052,8.31605578459882
"Ge0746","4239609034_E","pancreatic ductal adenocarcinoma","pancreatic ductal adenocarcinoma tissue","Ge0746_4239609034_E.qnorm.log.txt","https://ftp.ebi.ac.uk/pub/databases/microarray/data/experiment/MTAB/E-MTAB-1791/E-MTAB-1791.raw.16.zip","4239609034","PDAC",TRUE,"PDAC",0.987692045516422,0.0584807530431007,5.20225560527707,4.2932217888676,5.03530518412566,5.10283846596811,4.38048061375911,6.3307571612038,4.48162096520241,4.85737229087396,4.9570910499341,8.22052002132705
"Ge0747","4239609034_F","pancreatic ductal adenocarcinoma","pancreatic ductal adenocarcinoma tissue","Ge0747_4239609034_F.qnorm.log.txt","https://ftp.ebi.ac.uk/pub/databases/microarray/data/experiment/MTAB/E-MTAB-1791/E-MTAB-1791.raw.16.zip","4239609034","PDAC",TRUE,"PDAC",0.813415543664808,0.322611297701662,5.15413355484879,4.07075434822697,4.77366836503097,4.51461863631418,4.23410992445816,6.05516865234053,4.62903533833246,4.76438813314099,5.01026948817667,8.33338548563015
"Ge0755","4239609046_B","pancreatic ductal adenocarcinoma","pancreatic ductal adenocarcinoma tissue","Ge0755_4239609046_B.qnorm.log.txt","https://ftp.ebi.ac.uk/pub/databases/microarray/data/experiment/MTAB/E-MTAB-1791/E-MTAB-1791.raw.16.zip","4239609046","PDAC",TRUE,"PDAC",-0.578725694053125,-0.822385168927231,4.76972894416992,4.28481898186163,4.5754533468978,4.36942485804289,4.1755441090879,6.22980674973672,4.79491713260079,4.76998869989949,4.96589951319056,7.84411773358531
"Ge0757","4239609046_C","pancreatic ductal adenocarcinoma","pancreatic ductal adenocarcinoma tissue","Ge0757_4239609046_C.qnorm.log.txt","https://ftp.ebi.ac.uk/pub/databases/microarray/data/experiment/MTAB/E-MTAB-1791/E-MTAB-1791.raw.16.zip","4239609046","PDAC",TRUE,"PDAC",-0.356028349353118,0.570436390877248,4.83122118631408,4.22107891463572,4.57173159460035,4.55112451026236,4.29114026478037,5.86516402473237,4.46237295538389,4.60240742920204,5.13630198798159,8.43928347725917
"Ge0760","4239609046_D","pancreatic ductal adenocarcinoma","pancreatic ductal adenocarcinoma tissue","Ge0760_4239609046_D.qnorm.log.txt","https://ftp.ebi.ac.uk/pub/databases/microarray/data/experiment/MTAB/E-MTAB-1791/E-MTAB-1791.raw.16.zip","4239609046","PDAC",TRUE,"PDAC",-0.881308002322967,0.338511029873102,4.68617848875819,4.10347033664651,4.45457996216609,4.59445896556474,4.25320779041639,5.83305436583786,4.86711020827314,4.63084953824257,4.92235084563826,8.34017959062904
"Ge0761","4239609046_E","pancreatic ductal adenocarcinoma","pancreatic ductal adenocarcinoma tissue","Ge0761_4239609046_E.qnorm.log.txt","https://ftp.ebi.ac.uk/pub/databases/microarray/data/experiment/MTAB/E-MTAB-1791/E-MTAB-1791.raw.16.zip","4239609046","PDAC",TRUE,"PDAC",0.367681969784231,0.50539677896955,5.03105549617786,4.18184745490925,5.04516409462185,4.68795562061066,4.32053170187192,6.33234793118758,4.33909423534447,4.85034059462846,5.02751793573143,8.41149143978185
"Ge0762","4239609046_F","pancreatic ductal adenocarcinoma","pancreatic ductal adenocarcinoma tissue","Ge0762_4239609046_F.qnorm.log.txt","https://ftp.ebi.ac.uk/pub/databases/microarray/data/experiment/MTAB/E-MTAB-1791/E-MTAB-1791.raw.16.zip","4239609046","PDAC",TRUE,"PDAC",-0.647284348095785,-0.622956005092509,4.75079820495905,4.10927905852203,4.64232370665074,4.32884038810874,4.23989142886562,6.08683571765345,4.33147340186504,4.80023821404107,4.98722041093993,7.92933568973226
"Ge0764","4240343021_A","pancreatic ductal adenocarcinoma","pancreatic ductal adenocarcinoma tissue","Ge0764_4240343021_A.qnorm.log.txt","https://ftp.ebi.ac.uk/pub/databases/microarray/data/experiment/MTAB/E-MTAB-1791/E-MTAB-1791.raw.17.zip","4240343021","PDAC",TRUE,"PDAC",2.77901291866985,-0.497348047863888,5.69688358136825,4.38443174057987,5.59084694867169,5.651952498384,4.87495193408867,6.3185084979934,4.62765267519108,4.62028122287895,4.88232902418341,7.98300915044881
"Ge0765","4240343021_B","pancreatic ductal adenocarcinoma","pancreatic ductal adenocarcinoma tissue","Ge0765_4240343021_B.qnorm.log.txt","https://ftp.ebi.ac.uk/pub/databases/microarray/data/experiment/MTAB/E-MTAB-1791/E-MTAB-1791.raw.17.zip","4240343021","PDAC",TRUE,"PDAC",0.0589820171708167,0.325120421195832,4.94581580792937,4.16768219944379,4.72197853499019,4.50892927569612,4.22939262463111,6.05923996534431,4.73006598805831,4.53149069292814,4.99570865190073,8.33445765768253
"Ge0767","4240343021_C","pancreatic ductal adenocarcinoma","pancreatic ductal adenocarcinoma tissue","Ge0767_4240343021_C.qnorm.log.txt","https://ftp.ebi.ac.uk/pub/databases/microarray/data/experiment/MTAB/E-MTAB-1791/E-MTAB-1791.raw.17.zip","4240343021","PDAC",TRUE,"PDAC",1.61569464837655,-0.550264914314982,5.37566264869854,4.21881070732903,4.97225839052655,5.74832428076426,4.38128037510316,5.96058083712473,4.88626734041957,4.60306055749624,5.04150561172753,7.96039727604713
"Ge0769","4240343021_D","pancreatic ductal adenocarcinoma","pancreatic ductal adenocarcinoma tissue","Ge0769_4240343021_D.qnorm.log.txt","https://ftp.ebi.ac.uk/pub/databases/microarray/data/experiment/MTAB/E-MTAB-1791/E-MTAB-1791.raw.17.zip","4240343021","PDAC",TRUE,"PDAC",0.320238023215617,-0.804511137708158,5.01795504967455,4.09166915131687,4.65066604297378,4.83937291633458,4.23346112816252,6.23921748111587,4.58056467632211,4.63738718305711,4.92359149119135,7.85175547512375
"Ge0790","4240343021_F","pancreatic ductal adenocarcinoma","pancreatic ductal adenocarcinoma tissue","Ge0790_4240343021_F.qnorm.log.txt","https://ftp.ebi.ac.uk/pub/databases/microarray/data/experiment/MTAB/E-MTAB-1791/E-MTAB-1791.raw.17.zip","4240343021","PDAC",TRUE,"PDAC",0.225608379718454,-0.262300165352593,4.99182546577771,4.17768319110721,4.84063772168803,4.65108637838119,4.33501739439325,6.14859349461066,5.17451662628924,4.66605731388096,5.0250231697587,8.08344731986761
"Ge0791","4233291222_A","pancreatic ductal adenocarcinoma","pancreatic ductal adenocarcinoma tissue","Ge0791_4233291222_A.qnorm.log.txt","https://ftp.ebi.ac.uk/pub/databases/microarray/data/experiment/MTAB/E-MTAB-1791/E-MTAB-1791.raw.17.zip","4233291222","PDAC",TRUE,"PDAC",-0.896364237387318,0.0147567444129654,4.68202109005366,4.30788034852088,4.62403418762372,4.35228192031642,4.23491066566201,5.95088649106619,5.10270160736057,4.74474108545926,4.82902469583764,8.2018363414762
"Ge0792","4233291222_B","pancreatic ductal adenocarcinoma","pancreatic ductal adenocarcinoma tissue","Ge0792_4233291222_B.qnorm.log.txt","https://ftp.ebi.ac.uk/pub/databases/microarray/data/experiment/MTAB/E-MTAB-1791/E-MTAB-1791.raw.17.zip","4233291222","PDAC",TRUE,"PDAC",1.83091478745791,0.0500012322812478,5.43509024952835,4.2452451126007,5.00536050599614,4.88170500322011,4.34682207989138,6.35105879130574,5.22144143216736,4.59942476829831,5.06070403980691,8.21689664240626
"Ge0793","4233291222_C","pancreatic ductal adenocarcinoma","pancreatic ductal adenocarcinoma tissue","Ge0793_4233291222_C.qnorm.log.txt","https://ftp.ebi.ac.uk/pub/databases/microarray/data/experiment/MTAB/E-MTAB-1791/E-MTAB-1791.raw.17.zip","4233291222","PDAC",TRUE,"PDAC",0.197732344427394,0.754297905529386,4.98412820331395,4.22329042350318,4.97353742234505,4.49993736344855,4.32103217101649,5.93388681561271,5.10237034111731,4.56289100415813,5.04299656639186,8.51784923058962
"Ge0794","4233291222_D","pancreatic ductal adenocarcinoma","pancreatic ductal adenocarcinoma tissue","Ge0794_4233291222_D.qnorm.log.txt","https://ftp.ebi.ac.uk/pub/databases/microarray/data/experiment/MTAB/E-MTAB-1791/E-MTAB-1791.raw.17.zip","4233291222","PDAC",TRUE,"PDAC",1.36703353347525,0.243138541667887,5.30700116775476,4.30989453942405,5.00961593185073,5.04549403244359,4.25282932858917,6.19160297733695,5.00747053906191,4.60693313661667,5.05737290978861,8.29942603001022
"Ge0796","4233291222_E","pancreatic ductal adenocarcinoma","pancreatic ductal adenocarcinoma tissue","Ge0796_4233291222_E.qnorm.log.txt","https://ftp.ebi.ac.uk/pub/databases/microarray/data/experiment/MTAB/E-MTAB-1791/E-MTAB-1791.raw.17.zip","4233291222","PDAC",TRUE,"PDAC",-0.323222765977893,-1.55786574537255,4.8402796188666,4.18259920040553,4.61263232986639,4.40854970665897,4.25885089024679,6.01950073504342,4.61952913794733,4.78679288732323,4.84112543835437,7.5298399704674
"Ge0797","4233291222_F","pancreatic ductal adenocarcinoma","pancreatic ductal adenocarcinoma tissue","Ge0797_4233291222_F.qnorm.log.txt","https://ftp.ebi.ac.uk/pub/databases/microarray/data/experiment/MTAB/E-MTAB-1791/E-MTAB-1791.raw.17.zip","4233291222","PDAC",TRUE,"PDAC",0.493087498842651,-0.529148993284439,5.06568306288489,4.1201695358375,4.64054909327966,4.39421445999144,4.23980281601046,5.9477107231555,4.83982754958864,4.71836528243172,4.94505996188519,7.96942030757262
"Ge0798","4233291183_A","pancreatic ductal adenocarcinoma","pancreatic ductal adenocarcinoma tissue","Ge0798_4233291183_A.qnorm.log.txt","https://ftp.ebi.ac.uk/pub/databases/microarray/data/experiment/MTAB/E-MTAB-1791/E-MTAB-1791.raw.17.zip","4233291183","PDAC",TRUE,"PDAC",0.7347688479417,-0.538801085608093,5.13241725794477,4.23924839359485,4.79070193641837,4.4781382591694,4.22916511291796,5.99857251609237,4.99070608689016,4.50637820307873,4.84798732352691,7.96529587780243
"Ge0799","4233291183_B","pancreatic ductal adenocarcinoma","pancreatic ductal adenocarcinoma tissue","Ge0799_4233291183_B.qnorm.log.txt","https://ftp.ebi.ac.uk/pub/databases/microarray/data/experiment/MTAB/E-MTAB-1791/E-MTAB-1791.raw.17.zip","4233291183","PDAC",TRUE,"PDAC",2.0841074101885,0.0741217522418824,5.50500299180661,4.34975704389882,5.21471506099585,5.85133025768924,4.45644921838828,6.15700860050156,5.24525522628357,4.49613329264462,5.1207829736321,8.22720356729489
"Ge0801","4233291183_D","pancreatic ductal adenocarcinoma","pancreatic ductal adenocarcinoma tissue","Ge0801_4233291183_D.qnorm.log.txt","https://ftp.ebi.ac.uk/pub/databases/microarray/data/experiment/MTAB/E-MTAB-1791/E-MTAB-1791.raw.17.zip","4233291183","PDAC",TRUE,"PDAC",-0.127094564974428,-0.738993551068602,4.89443546362375,4.18895687322604,4.8317976388022,4.32033187798613,4.23903345753366,6.07736056849737,4.62983332648847,4.6705397956033,4.80508938524706,7.87975175569649
"Ge0802","4233291183_E","pancreatic ductal adenocarcinoma","pancreatic ductal adenocarcinoma tissue","Ge0802_4233291183_E.qnorm.log.txt","https://ftp.ebi.ac.uk/pub/databases/microarray/data/experiment/MTAB/E-MTAB-1791/E-MTAB-1791.raw.17.zip","4233291183","PDAC",TRUE,"PDAC",1.37602880868551,-1.21666114749694,5.30948498561136,4.34431916942212,5.23636643269074,4.91886922851556,4.33169404665164,6.13573686351158,5.51385463897401,4.5768166727455,4.90437240532106,7.67563990213135
"Ge0806","4233291226_C","pancreatic ductal adenocarcinoma","pancreatic ductal adenocarcinoma tissue","Ge0806_4233291226_C.qnorm.log.txt","https://ftp.ebi.ac.uk/pub/databases/microarray/data/experiment/MTAB/E-MTAB-1791/E-MTAB-1791.raw.18.zip","4233291226","PDAC",TRUE,"PDAC",-0.672802600197381,0.347723942213395,4.74375198472036,4.14980100425903,4.7851181839133,4.43459533282349,4.44217026491478,6.01072874731493,4.83952622487436,4.64929949770895,5.02444714597364,8.34411635466447
"Ge0809","4233291226_E","pancreatic ductal adenocarcinoma","pancreatic ductal adenocarcinoma tissue","Ge0809_4233291226_E.qnorm.log.txt","https://ftp.ebi.ac.uk/pub/databases/microarray/data/experiment/MTAB/E-MTAB-1791/E-MTAB-1791.raw.18.zip","4233291226","PDAC",TRUE,"PDAC",-0.811941684640639,-1.15360365467463,4.70533224386612,4.19025799991965,4.64841904234204,4.56595204995625,4.28626971340084,5.53715480742804,4.4209383486892,4.82889515415855,4.78577720688312,7.70258496149349
"Ge0811","4233291226_F","pancreatic ductal adenocarcinoma","pancreatic ductal adenocarcinoma tissue","Ge0811_4233291226_F.qnorm.log.txt","https://ftp.ebi.ac.uk/pub/databases/microarray/data/experiment/MTAB/E-MTAB-1791/E-MTAB-1791.raw.18.zip","4233291226","PDAC",TRUE,"PDAC",0.174129800174716,-0.107415210896141,4.97761095737032,4.1017126170878,4.85708264359941,4.54374241002149,4.44160017626701,6.39768015808306,5.00458192618197,4.47830808805744,4.94047681222946,8.14963111667494
"Ge0812","4233291131_A","pancreatic ductal adenocarcinoma","pancreatic ductal adenocarcinoma tissue","Ge0812_4233291131_A.qnorm.log.txt","https://ftp.ebi.ac.uk/pub/databases/microarray/data/experiment/MTAB/E-MTAB-1791/E-MTAB-1791.raw.18.zip","4233291131","PDAC",TRUE,"PDAC",-0.596614133902342,0.398919796568263,4.76478950370972,4.02995741984712,4.47049821764353,4.59052494443781,4.17256638775224,5.84939898295903,4.90364902406159,4.4759165227275,4.9043841731662,8.36599282442159
"Ge0813","4233291131_B","pancreatic ductal adenocarcinoma","pancreatic ductal adenocarcinoma tissue","Ge0813_4233291131_B.qnorm.log.txt","https://ftp.ebi.ac.uk/pub/databases/microarray/data/experiment/MTAB/E-MTAB-1791/E-MTAB-1791.raw.18.zip","4233291131","PDAC",TRUE,"PDAC",0.959473798417216,-0.286156163028849,5.19446384967331,4.19887179863721,4.93063887829803,5.31503810273502,4.32929978977512,6.24803461925529,5.01661157224677,4.57339362690193,4.94066849861171,8.07325342783735
"Ge0814","4233291184_C","pancreatic ductal adenocarcinoma","pancreatic ductal adenocarcinoma tissue","Ge0814_4233291184_C.qnorm.log.txt","https://ftp.ebi.ac.uk/pub/databases/microarray/data/experiment/MTAB/E-MTAB-1791/E-MTAB-1791.raw.18.zip","4233291184","PDAC",TRUE,"PDAC",-0.226314572608995,0.113080748826068,4.86703836671077,4.1958951236876,4.7221017976269,4.81440865417704,4.20208617500865,5.97622690492089,5.18906930243268,4.66189740512421,4.84275360261281,8.24385111271203
"Ge0815","4233291070_C","pancreatic ductal adenocarcinoma","pancreatic ductal adenocarcinoma tissue","Ge0815_4233291070_C.qnorm.log.txt","https://ftp.ebi.ac.uk/pub/databases/microarray/data/experiment/MTAB/E-MTAB-1791/E-MTAB-1791.raw.18.zip","4233291070","PDAC",TRUE,"PDAC",-0.796465089839185,-1.10470164466965,4.70960571428571,4.19948,4.85245714285714,4.3734,4.35994875,5.61361428571429,4.657146,4.61702214285714,4.76010741935484,7.72348125
"Ge0821","4239609039_D","pancreatic ductal adenocarcinoma","pancreatic ductal adenocarcinoma tissue","Ge0821_4239609039_D.qnorm.log.txt","https://ftp.ebi.ac.uk/pub/databases/microarray/data/experiment/MTAB/E-MTAB-1791/E-MTAB-1791.raw.18.zip","4239609039","PDAC",TRUE,"PDAC",-1.21469869032252,1.64488993343504,4.59412107809308,4.07549025383059,4.58137147416093,4.43852188117399,4.30566863829074,6.070959721998,4.23249401028606,4.7374789930318,5.29064973952008,8.89840757481347
"Ge0822","4233291179_D","pancreatic ductal adenocarcinoma","pancreatic ductal adenocarcinoma tissue","Ge0822_4233291179_D.qnorm.log.txt","https://ftp.ebi.ac.uk/pub/databases/microarray/data/experiment/MTAB/E-MTAB-1791/E-MTAB-1791.raw.18.zip","4233291179","PDAC",TRUE,"PDAC",-1.57820671585755,-4.10802739660729,4.49374752600759,4.18781482209032,4.34978018034279,4.20543457147998,4.24643754198436,5.27951136780753,4.12748224321695,4.81775903495949,4.60223619821305,6.440131927853
"Ge0832","4233291131_E","pancreatic ductal adenocarcinoma","pancreatic ductal adenocarcinoma tissue","Ge0832_4233291131_E.qnorm.log.txt","https://ftp.ebi.ac.uk/pub/databases/microarray/data/experiment/MTAB/E-MTAB-1791/E-MTAB-1791.raw.18.zip","4233291131","PDAC",TRUE,"PDAC",-1.04012778384403,0.32920773510997,4.64232442091677,4.10551020770562,4.57906727637178,4.61015041346032,4.25627676909807,6.04076925610845,4.60739295624695,4.61460830445074,4.96684432645371,8.33620420533482
"Ge0835","4233291133_B","pancreatic ductal adenocarcinoma","pancreatic ductal adenocarcinoma tissue","Ge0835_4233291133_B.qnorm.log.txt","https://ftp.ebi.ac.uk/pub/databases/microarray/data/experiment/MTAB/E-MTAB-1791/E-MTAB-1791.raw.19.zip","4233291133","PDAC",TRUE,"PDAC",2.30744874842618,0.611126098770883,5.56667305648661,4.32419352411139,5.13449356262397,5.98004618843879,4.34004578730177,6.1425541817969,5.38977701208092,4.51823786612002,5.09814332079251,8.45667057188584
"Ge0836","4233291133_C","pancreatic ductal adenocarcinoma","pancreatic ductal adenocarcinoma tissue","Ge0836_4233291133_C.qnorm.log.txt","https://ftp.ebi.ac.uk/pub/databases/microarray/data/experiment/MTAB/E-MTAB-1791/E-MTAB-1791.raw.19.zip","4233291133","PDAC",TRUE,"PDAC",0.692545299157843,-0.14263185328135,5.12075829232261,4.21985847198032,4.8880623602894,4.66763379858605,4.21451622834766,5.90539408141984,4.91530740051135,4.50138526004865,5.23429368228648,8.13458271438152
"Ge0838","4233291133_E","pancreatic ductal adenocarcinoma","pancreatic ductal adenocarcinoma tissue","Ge0838_4233291133_E.qnorm.log.txt","https://ftp.ebi.ac.uk/pub/databases/microarray/data/experiment/MTAB/E-MTAB-1791/E-MTAB-1791.raw.19.zip","4233291133","PDAC",TRUE,"PDAC",0.457900245971073,0.739881807461591,5.05596699250748,4.3048065704222,4.80337515899339,4.47157415783286,4.23176526440893,6.08588770761286,4.73372356906418,4.73302411791524,4.91479625174096,8.51168909638794
"Ge0840","4233291123_A","pancreatic ductal adenocarcinoma","pancreatic ductal adenocarcinoma tissue","Ge0840_4233291123_A.qnorm.log.txt","https://ftp.ebi.ac.uk/pub/databases/microarray/data/experiment/MTAB/E-MTAB-1791/E-MTAB-1791.raw.19.zip","4233291123","PDAC",TRUE,"PDAC",2.94250568194005,-0.220065013327133,5.74202797499078,4.34787541353982,5.22372373567767,5.79671580689564,4.48069133540404,6.09794178615555,5.04723743886456,4.57486179397312,5.06101977708458,8.10149479729748
"Ge0841","4233291123_B","pancreatic ductal adenocarcinoma","pancreatic ductal adenocarcinoma tissue","Ge0841_4233291123_B.qnorm.log.txt","https://ftp.ebi.ac.uk/pub/databases/microarray/data/experiment/MTAB/E-MTAB-1791/E-MTAB-1791.raw.19.zip","4233291123","PDAC",TRUE,"PDAC",0.0424554337257829,-0.848226100878211,4.94125240968865,4.33232471597734,4.8216457721927,4.74933728347959,4.36409670493857,6.38209609161928,4.55649121037446,4.55587999317406,4.86628884372881,7.833075660483
"Ge0843","4233291123_D","pancreatic ductal adenocarcinoma","pancreatic ductal adenocarcinoma tissue","Ge0843_4233291123_D.qnorm.log.txt","https://ftp.ebi.ac.uk/pub/databases/microarray/data/experiment/MTAB/E-MTAB-1791/E-MTAB-1791.raw.19.zip","4233291123","PDAC",TRUE,"PDAC",-0.0719194767014387,1.14305321168132,4.9096706694722,4.38800578188883,4.8614104113779,4.66367907543813,4.31524117576151,6.20998343779732,5.00452965545108,4.60044677127889,5.27749192932976,8.68396802683051
"Ge0844","4233291123_E","pancreatic ductal adenocarcinoma","pancreatic ductal adenocarcinoma tissue","Ge0844_4233291123_E.qnorm.log.txt","https://ftp.ebi.ac.uk/pub/databases/microarray/data/experiment/MTAB/E-MTAB-1791/E-MTAB-1791.raw.19.zip","4233291123","PDAC",TRUE,"PDAC",-0.474581887508719,0.649703282929522,4.79848562368251,4.33228981253903,4.5140490560821,4.8851392266402,4.25539508388288,6.30578092523017,5.0347355051574,4.70356675677445,4.94397665316847,8.47315496526487
"Ge0845","4233291123_F","pancreatic ductal adenocarcinoma","pancreatic ductal adenocarcinoma tissue","Ge0845_4233291123_F.qnorm.log.txt","https://ftp.ebi.ac.uk/pub/databases/microarray/data/experiment/MTAB/E-MTAB-1791/E-MTAB-1791.raw.19.zip","4233291123","PDAC",TRUE,"PDAC",-0.0806367125317104,-0.429584094186969,4.9072636251618,4.33050407275765,4.86584872324291,4.44379075099647,4.24152064304298,6.05687116932344,4.73875778902235,4.61452580775934,4.8885734835658,8.01196532477028
"Ge0847","4233291198_D","pancreatic ductal adenocarcinoma","pancreatic ductal adenocarcinoma tissue","Ge0847_4233291198_D.qnorm.log.txt","https://ftp.ebi.ac.uk/pub/databases/microarray/data/experiment/MTAB/E-MTAB-1791/E-MTAB-1791.raw.19.zip","4233291198","PDAC",TRUE,"PDAC",-0.614130365890938,-0.637527107861683,4.75995283904115,4.28802936837287,4.61832317379772,4.46656728919104,4.23469354903224,5.88217002554042,4.9373502969487,4.69269839940958,4.8933307537948,7.92310932056478
"Ge0848","4233291198_E","pancreatic ductal adenocarcinoma","pancreatic ductal adenocarcinoma tissue","Ge0848_4233291198_E.qnorm.log.txt","https://ftp.ebi.ac.uk/pub/databases/microarray/data/experiment/MTAB/E-MTAB-1791/E-MTAB-1791.raw.19.zip","4233291198","PDAC",TRUE,"PDAC",0.0868347591224764,0.227229313119198,4.95350663852629,4.22949327791798,4.78387875944078,4.7596047361565,4.18998204939416,5.96834747461489,4.72152077671233,4.52662915746505,5.01535963262769,8.29262786712008
"Ge0849","4233291198_F","pancreatic ductal adenocarcinoma","pancreatic ductal adenocarcinoma tissue","Ge0849_4233291198_F.qnorm.log.txt","https://ftp.ebi.ac.uk/pub/databases/microarray/data/experiment/MTAB/E-MTAB-1791/E-MTAB-1791.raw.19.zip","4233291198","PDAC",TRUE,"PDAC",0.0316270918340346,0.520996897535134,4.93826243680629,4.2519704147403,4.77813658737807,5.14124806778878,4.22156026682387,6.05515956453235,4.89747367199949,4.4511231657242,4.93882920934134,8.41815751707088
"Ge0850","4233291138_C","pancreatic ductal adenocarcinoma","pancreatic ductal adenocarcinoma tissue","Ge0850_4233291138_C.qnorm.log.txt","https://ftp.ebi.ac.uk/pub/databases/microarray/data/experiment/MTAB/E-MTAB-1791/E-MTAB-1791.raw.19.zip","4233291138","PDAC",TRUE,"PDAC",0.799787852103791,1.6948825721743,5.15037061232038,4.26009767874636,4.8404847156017,4.82833232034923,4.24757002177684,6.02245770416265,4.75072301404178,4.47998455829283,5.30371039925636,8.91976989922899
"Ge0851","4233291177_C","pancreatic ductal adenocarcinoma","pancreatic ductal adenocarcinoma tissue","Ge0851_4233291177_C.qnorm.log.txt","https://ftp.ebi.ac.uk/pub/databases/microarray/data/experiment/MTAB/E-MTAB-1791/E-MTAB-1791.raw.20.zip","4233291177","PDAC",TRUE,"PDAC",-0.949265668168109,-0.757411613318146,4.6674136972456,4.1377901196969,4.44240912353604,4.41911437718368,4.19380361458058,5.63041245195657,4.46966678121072,4.68932452434535,4.92718389563951,7.87188154458537
"Ge0852","4233291190_A","pancreatic ductal adenocarcinoma","pancreatic ductal adenocarcinoma tissue","Ge0852_4233291190_A.qnorm.log.txt","https://ftp.ebi.ac.uk/pub/databases/microarray/data/experiment/MTAB/E-MTAB-1791/E-MTAB-1791.raw.20.zip","4233291190","PDAC",TRUE,"PDAC",0.00892924433055748,-1.11052295355182,4.931995,4.33044,4.91198,4.74905375,4.37351625,5.63490714285714,4.609148,4.56394071428571,4.77380612903226,7.72099375
"Ge0854","4233291177_F","pancreatic ductal adenocarcinoma","pancreatic ductal adenocarcinoma tissue","Ge0854_4233291177_F.qnorm.log.txt","https://ftp.ebi.ac.uk/pub/databases/microarray/data/experiment/MTAB/E-MTAB-1791/E-MTAB-1791.raw.20.zip","4233291177","PDAC",TRUE,"PDAC",-0.195844392084782,0.51879817282679,4.87545193680293,4.17356612845017,4.67757983713171,5.15908857922827,4.24247538335892,5.9865536119134,4.74237415587867,4.51317922124688,4.80901601514069,8.41721798133713
"Ge0855","4233291138_D","pancreatic ductal adenocarcinoma","pancreatic ductal adenocarcinoma tissue","Ge0855_4233291138_D.qnorm.log.txt","https://ftp.ebi.ac.uk/pub/databases/microarray/data/experiment/MTAB/E-MTAB-1791/E-MTAB-1791.raw.20.zip","4233291138","PDAC",TRUE,"PDAC",2.31277540857536,0.0812527842175672,5.56814387903348,4.1999186289396,5.12534482042714,5.21965847694693,4.20925286237055,5.95757264143231,4.91524513065799,4.6974060355748,5.18294079846228,8.23025072428287
"Ge0856","4233291198_A","pancreatic ductal adenocarcinoma","pancreatic ductal adenocarcinoma tissue","Ge0856_4233291198_A.qnorm.log.txt","https://ftp.ebi.ac.uk/pub/databases/microarray/data/experiment/MTAB/E-MTAB-1791/E-MTAB-1791.raw.20.zip","4233291198","PDAC",TRUE,"PDAC",0.342911003033948,1.17150695208772,5.02421561989822,4.40691392754623,4.98617424206667,4.9491119675249,4.35303761610815,5.86892848862405,4.72105524505754,4.44843748034829,5.1077783215946,8.69612657754368
"Ge0864","4233291235_A","pancreatic ductal adenocarcinoma","pancreatic ductal adenocarcinoma tissue","Ge0864_4233291235_A.qnorm.log.txt","https://ftp.ebi.ac.uk/pub/databases/microarray/data/experiment/MTAB/E-MTAB-1791/E-MTAB-1791.raw.20.zip","4233291235","PDAC",TRUE,"PDAC",0.894050829840109,0.359195769247207,5.17639895073636,4.34299052222527,5.05425504907194,4.71002115362354,4.24353666225037,5.9715537007878,5.30936153635979,4.64551281765919,5.05837101018554,8.34901837418005
"Ge0865","4233291235_F","pancreatic ductal adenocarcinoma","pancreatic ductal adenocarcinoma tissue","Ge0865_4233291235_F.qnorm.log.txt","https://ftp.ebi.ac.uk/pub/databases/microarray/data/experiment/MTAB/E-MTAB-1791/E-MTAB-1791.raw.20.zip","4233291235","PDAC",TRUE,"PDAC",-0.911108800625703,-0.396371580120224,4.67794975164509,4.16137808557977,4.51893394105454,4.41517812078353,4.18877616603273,5.92903827200342,4.64400298689685,4.76006647113897,5.00766066046254,8.02615734419637
"Ge0866","4233291138_E","pancreatic ductal adenocarcinoma","pancreatic ductal adenocarcinoma tissue","Ge0866_4233291138_E.qnorm.log.txt","https://ftp.ebi.ac.uk/pub/databases/microarray/data/experiment/MTAB/E-MTAB-1791/E-MTAB-1791.raw.20.zip","4233291138","PDAC",TRUE,"PDAC",0.680041412013171,1.03489962508194,5.11730565997498,4.44049222107228,4.94320861555741,4.56182795811427,4.27638362452896,6.27827579462758,4.86210040221118,4.51904735136157,4.98453805693651,8.63775298273796
"Ge0867","4233291215_F","pancreatic ductal adenocarcinoma","pancreatic ductal adenocarcinoma tissue","Ge0867_4233291215_F.qnorm.log.txt","https://ftp.ebi.ac.uk/pub/databases/microarray/data/experiment/MTAB/E-MTAB-1791/E-MTAB-1791.raw.20.zip","4233291215","PDAC",TRUE,"PDAC",0.0817525900692786,0.143033658320305,4.95210332601505,4.3116074248515,4.74642355976895,4.65860992594509,4.22551118924324,6.17946285709558,4.9090190562692,4.54810072190863,5.03230860615466,8.25665027246716
"Ge0868","4233291186_D","pancreatic ductal adenocarcinoma","pancreatic ductal adenocarcinoma tissue","Ge0868_4233291186_D.qnorm.log.txt","https://ftp.ebi.ac.uk/pub/databases/microarray/data/experiment/MTAB/E-MTAB-1791/E-MTAB-1791.raw.20.zip","4233291186","PDAC",TRUE,"PDAC",-0.695205609985582,-0.70096678225868,4.73756595989591,4.13726765528024,4.55364401076415,4.40240584004288,4.22781702548579,5.9882772855218,4.34403446492755,4.56506016605631,4.95076483287886,7.89600095142365
"Ge0870","4233291186_F","pancreatic ductal adenocarcinoma","pancreatic ductal adenocarcinoma tissue","Ge0870_4233291186_F.qnorm.log.txt","https://ftp.ebi.ac.uk/pub/databases/microarray/data/experiment/MTAB/E-MTAB-1791/E-MTAB-1791.raw.20.zip","4233291186","PDAC",TRUE,"PDAC",-0.531026918036125,-1.55463102017486,4.78289975538353,4.24442825538275,4.73386842093642,4.28613665007915,4.17262224390664,5.65846361673814,4.89239386066153,4.80567273554521,4.86649271524181,7.53122219894764
"Ge0871","4233291177_E","pancreatic ductal adenocarcinoma","pancreatic ductal adenocarcinoma tissue","Ge0871_4233291177_E.qnorm.log.txt","https://ftp.ebi.ac.uk/pub/databases/microarray/data/experiment/MTAB/E-MTAB-1791/E-MTAB-1791.raw.21.zip","4233291177","PDAC",TRUE,"PDAC",-0.927820190325706,0.676434937495203,4.6733353238288,4.24238481746692,4.48106017176987,4.65666033978168,4.25068819428054,5.87292704833587,4.60776042508276,4.60020039780498,5.06404680162373,8.48457765251237
"Ge0886","4233291177_D","pancreatitis","pancreatitis tissue from pancreas with pancreatitis","Ge0886_4233291177_D.qnorm.log.txt","https://ftp.ebi.ac.uk/pub/databases/microarray/data/experiment/MTAB/E-MTAB-1791/E-MTAB-1791.raw.21.zip","4233291177","CP",TRUE,"CP",3.00124963622517,-0.597675891113579,5.75824863297066,4.73774565890325,5.12701044423538,6.1255927489877,4.56431824201594,6.24710944893236,5.64675122592084,4.54137180903987,5.08181435587697,7.94013812004397
"Ge0887","4233291177_B","pancreatitis","pancreatitis tissue from pancreas with pancreatitis","Ge0887_4233291177_B.qnorm.log.txt","https://ftp.ebi.ac.uk/pub/databases/microarray/data/experiment/MTAB/E-MTAB-1791/E-MTAB-1791.raw.21.zip","4233291177","CP",TRUE,"CP",-0.178814125942745,0.798625156596161,4.88015441428777,4.24963570226439,4.80343108820169,4.40916044924325,4.23983155354701,5.96023990948107,4.92274662201209,4.73639789538505,4.83828845512976,8.53679068160355
"Ge0889","4233291148_A","pancreatitis","pancreatitis tissue from pancreas with pancreatitis","Ge0889_4233291148_A.qnorm.log.txt","https://ftp.ebi.ac.uk/pub/databases/microarray/data/experiment/MTAB/E-MTAB-1791/E-MTAB-1791.raw.22.zip","4233291148","CP",TRUE,"CP",-1.03941660866582,-2.11038608071664,4.64252079396435,4.12301315722194,4.49910046651712,4.35239697763247,4.13925508497684,5.28773579760569,4.24563930834274,4.79687710715224,5.04819137496043,7.29374283802054
"Ge0890","4233291185_D","pancreatitis","pancreatitis tissue from pancreas with pancreatitis","Ge0890_4233291185_D.qnorm.log.txt","https://ftp.ebi.ac.uk/pub/databases/microarray/data/experiment/MTAB/E-MTAB-1791/E-MTAB-1791.raw.22.zip","4233291185","CP",TRUE,"CP",-1.25028989651313,0.528386777860126,4.58429346621821,4.06177289595844,4.42964981098728,4.29505628447663,4.17978925728533,5.96218789405707,4.55796391463596,4.802061337846,4.86394728264885,8.42131528239144
"Ge0892","4233291235_C","pancreatitis","pancreatitis tissue from pancreas with pancreatitis","Ge0892_4233291235_C.qnorm.log.txt","https://ftp.ebi.ac.uk/pub/databases/microarray/data/experiment/MTAB/E-MTAB-1791/E-MTAB-1791.raw.22.zip","4233291235","CP",TRUE,"CP",-1.14508100795846,-0.249875520806932,4.61334424120359,4.12930727903365,4.41227001604688,4.89649264534139,4.13967686715623,5.25185030802947,4.55511594691488,4.77076757427824,4.78055388033077,8.08875648726156
"Ge0893","4233291190_B","pancreatitis","pancreatitis tissue from pancreas with pancreatitis","Ge0893_4233291190_B.qnorm.log.txt","https://ftp.ebi.ac.uk/pub/databases/microarray/data/experiment/MTAB/E-MTAB-1791/E-MTAB-1791.raw.22.zip","4233291190","CP",TRUE,"CP",0.718484381832121,0.0966702445685682,5.12792071428571,4.2782,5.07117571428571,4.63853875,4.45544,6.59980142857143,4.7208,4.38590928571429,4.72925322580645,8.23683875
"Ge0894","4233291235_B","pancreatitis","pancreatitis tissue from pancreas with pancreatitis","Ge0894_4233291235_B.qnorm.log.txt","https://ftp.ebi.ac.uk/pub/databases/microarray/data/experiment/MTAB/E-MTAB-1791/E-MTAB-1791.raw.22.zip","4233291235","CP",TRUE,"CP",-0.798118877136955,-1.63991598728423,4.70914906272974,4.21520266507596,4.73581649905935,4.3471962151188,4.21048807626839,5.79314399150999,4.71680770720849,4.89916885651928,4.90490233523082,7.49477913090598
"Ge0895","4233291215_A","pancreatitis","pancreatitis tissue from pancreas with pancreatitis","Ge0895_4233291215_A.qnorm.log.txt","https://ftp.ebi.ac.uk/pub/databases/microarray/data/experiment/MTAB/E-MTAB-1791/E-MTAB-1791.raw.22.zip","4233291215","CP",TRUE,"CP",-1.51460255347298,-0.213120508672695,4.51131020759231,4.13220062070712,4.33848497241736,4.28843840232673,4.12107345257368,5.93247501100863,4.56355461643706,4.64100181024958,4.92117577910733,8.10446224940792
"Ge0896","4233291215_C","pancreatitis","pancreatitis tissue from pancreas with pancreatitis","Ge0896_4233291215_C.qnorm.log.txt","https://ftp.ebi.ac.uk/pub/databases/microarray/data/experiment/MTAB/E-MTAB-1791/E-MTAB-1791.raw.22.zip","4233291215","CP",TRUE,"CP",-0.958743969961988,-0.674398861574099,4.66479650380843,4.19719972632399,4.64128977276533,4.29045043901475,4.126817827401,6.17775253902116,4.54976944658542,4.6277883632796,4.81787924502521,7.90735367364481
"Ge0897","4233291186_A","pancreatitis","pancreatitis tissue from pancreas with pancreatitis","Ge0897_4233291186_A.qnorm.log.txt","https://ftp.ebi.ac.uk/pub/databases/microarray/data/experiment/MTAB/E-MTAB-1791/E-MTAB-1791.raw.22.zip","4233291186","CP",TRUE,"CP",-0.263997666790484,0.855277814246823,4.85663313284832,4.18566604998302,4.79590772091426,4.63591858910255,4.32769613548504,6.09857358919046,5.18577936332611,4.65965384700137,4.911591560209,8.56099889469761
"Ge0898","4233291098_F","pancreatitis","pancreatitis tissue from pancreas with pancreatitis","Ge0898_4233291098_F.qnorm.log.txt","https://ftp.ebi.ac.uk/pub/databases/microarray/data/experiment/MTAB/E-MTAB-1791/E-MTAB-1791.raw.22.zip","4233291098","CP",TRUE,"CP",-0.108573804204127,-1.24065730334295,4.89954950352178,3.99948630969502,4.94489348863151,4.38294108704375,4.22071563520565,5.27808419355753,4.57624424543061,4.7823963541383,4.90619525726849,7.6653861191978
"Ge0899","4233291148_B","pancreatitis","pancreatitis tissue from pancreas with pancreatitis","Ge0899_4233291148_B.qnorm.log.txt","https://ftp.ebi.ac.uk/pub/databases/microarray/data/experiment/MTAB/E-MTAB-1791/E-MTAB-1791.raw.22.zip","4233291148","CP",TRUE,"CP",1.46195836817277,-0.359877638610012,5.33321226123941,4.21509714437068,4.89784003984378,5.27901029343042,4.32903469555073,5.8781940402181,5.15483402663155,4.81624518855942,4.98767374541535,8.04175154841127
"Ge0900","4233291148_C","pancreatitis","pancreatitis tissue from pancreas with pancreatitis","Ge0900_4233291148_C.qnorm.log.txt","https://ftp.ebi.ac.uk/pub/databases/microarray/data/experiment/MTAB/E-MTAB-1791/E-MTAB-1791.raw.22.zip","4233291148","CP",TRUE,"CP",0.866401139679779,0.0645931236898009,5.16876418775865,4.25632609295677,4.81531863234405,5.17535749530739,4.26040626617343,6.16089690686819,4.97298772589052,4.83924098226002,5.01498666886387,8.22313189475473
"Ge0902","4233291190_E","pancreatitis","pancreatitis tissue from pancreas with pancreatitis","Ge0902_4233291190_E.qnorm.log.txt","https://ftp.ebi.ac.uk/pub/databases/microarray/data/experiment/MTAB/E-MTAB-1791/E-MTAB-1791.raw.22.zip","4233291190","CP",TRUE,"CP",0.790281647710427,0.221032709145359,5.14774571428571,4.18327,4.47128428571429,5.92917,4.19337625,5.58384428571429,4.877136,4.58374714285714,4.94867677419355,8.28998
"Ge0906","4239609055_A","pancreatitis","pancreatitis tissue from pancreas with pancreatitis","Ge0906_4239609055_A.qnorm.log.txt","https://ftp.ebi.ac.uk/pub/databases/microarray/data/experiment/MTAB/E-MTAB-1791/E-MTAB-1791.raw.22.zip","4239609055","CP",TRUE,"CP",1.19460021943387,0.82525921491518,5.2593880670461,4.26703351883686,4.92579798574085,5.52263128229368,4.27366826901402,6.21300494244807,5.01619057018849,4.63877003129168,5.14981386571036,8.54817166505753
"Ge0908","4239609055_C","pancreatitis","pancreatitis tissue from pancreas with pancreatitis","Ge0908_4239609055_C.qnorm.log.txt","https://ftp.ebi.ac.uk/pub/databases/microarray/data/experiment/MTAB/E-MTAB-1791/E-MTAB-1791.raw.23.zip","4239609055","CP",TRUE,"CP",-1.09166776484646,-1.58869329953235,4.62809295804874,4.14718431454268,4.57787453759896,4.32670598093825,4.1825537541836,5.13453846873956,4.17810049425503,4.72719560911236,4.88024440296471,7.51666706682586
"Ge0910","4239609055_F","pancreatitis","pancreatitis tissue from pancreas with pancreatitis","Ge0910_4239609055_F.qnorm.log.txt","https://ftp.ebi.ac.uk/pub/databases/microarray/data/experiment/MTAB/E-MTAB-1791/E-MTAB-1791.raw.23.zip","4239609055","CP",TRUE,"CP",-1.39647922181513,-1.87965361707685,4.54392697957477,4.33625625947415,4.40574833365156,4.24624688993122,4.15877824512228,5.00033697869685,4.07810697159182,4.64303274358573,4.71785033693402,7.3923369883948
"Ge0915","4233291142_D","pancreatitis","pancreatitis tissue from pancreas with pancreatitis","Ge0915_4233291142_D.qnorm.log.txt","https://ftp.ebi.ac.uk/pub/databases/microarray/data/experiment/MTAB/E-MTAB-1791/E-MTAB-1791.raw.23.zip","4233291142","CP",TRUE,"CP",0.132696910147705,1.00782807300291,4.9661703121767,4.23244531339274,4.77423511897274,4.70213398066051,4.27512811321901,5.87642226536947,4.98209295452204,4.68778477731671,5.09564613882803,8.6261850540883
"Ge0917","4239609035_D","pancreatitis","pancreatitis tissue from pancreas with pancreatitis","Ge0917_4239609035_D.qnorm.log.txt","https://ftp.ebi.ac.uk/pub/databases/microarray/data/experiment/MTAB/E-MTAB-1791/E-MTAB-1791.raw.23.zip","4239609035","CP",TRUE,"CP",-1.78902639844088,-1.80954513906697,4.435535,4.10363,4.50088142857143,4.3060925,4.23516625,5.33014,4.297158,4.72990142857143,4.58854096774194,7.422295
"Ge0939","4233291216_D","pancreatitis","pancreatitis tissue from pancreas with pancreatitis","Ge0939_4233291216_D.qnorm.log.txt","https://ftp.ebi.ac.uk/pub/databases/microarray/data/experiment/MTAB/E-MTAB-1791/E-MTAB-1791.raw.23.zip","4233291216","CP",TRUE,"CP",0.0573587056512931,0.0733238641552355,4.94536757148916,4.15189161071602,4.53870955711655,4.85674487207702,4.25580048236338,5.56176141699545,4.72359101692868,4.84832275859365,4.97397421690421,8.22686262221609
"Ge0941","4233291216_F","pancreatitis","pancreatitis tissue from pancreas with pancreatitis","Ge0941_4233291216_F.qnorm.log.txt","https://ftp.ebi.ac.uk/pub/databases/microarray/data/experiment/MTAB/E-MTAB-1791/E-MTAB-1791.raw.24.zip","4233291216","CP",TRUE,"CP",-0.237931182047836,0.991346932116909,4.86383073367199,4.11572025497302,4.72459675612469,4.82653325774825,4.12311720975598,5.56712021905388,4.8812926881251,4.76963170076808,4.88089029615597,8.619142507681
"Ge0944","4233291144_C","pancreatic ductal adenocarcinoma","pancreatic ductal adenocarcinoma tissue","Ge0944_4233291144_C.qnorm.log.txt","https://ftp.ebi.ac.uk/pub/databases/microarray/data/experiment/MTAB/E-MTAB-1791/E-MTAB-1791.raw.24.zip","4233291144","PDAC",TRUE,"PDAC",-1.10043208367927,0.470790777352991,4.6256729129574,4.19693810031234,4.48971994045893,4.38472860545617,4.21001440596231,5.81721010596326,4.62511124127802,4.8198093899127,4.93633687906366,8.3967039700283
"Ge0945","4233291144_D","pancreatic ductal adenocarcinoma","pancreatic ductal adenocarcinoma tissue","Ge0945_4233291144_D.qnorm.log.txt","https://ftp.ebi.ac.uk/pub/databases/microarray/data/experiment/MTAB/E-MTAB-1791/E-MTAB-1791.raw.24.zip","4233291144","PDAC",TRUE,"PDAC",1.11575855855235,1.03928831432532,5.23761793544213,4.25439673684267,4.96969251629981,4.95776357055379,4.39867823131809,6.23889221890851,5.03121175209017,4.78438569627598,5.31693567476774,8.63962831090107
"Ge0948","4239609056_A","pancreatic ductal adenocarcinoma","pancreatic ductal adenocarcinoma tissue","Ge0948_4239609056_A.qnorm.log.txt","https://ftp.ebi.ac.uk/pub/databases/microarray/data/experiment/MTAB/E-MTAB-1791/E-MTAB-1791.raw.24.zip","4239609056","PDAC",TRUE,"PDAC",-0.944170082971427,-1.78895701247766,4.66882071428571,4.10867,4.41808714285714,4.3651475,4.2361,5.42137571428571,4.544396,4.50764071428571,4.62170516129032,7.4310925
"Ge0954","4239609056_F","pancreatic ductal adenocarcinoma","pancreatic ductal adenocarcinoma tissue","Ge0954_4239609056_F.qnorm.log.txt","https://ftp.ebi.ac.uk/pub/databases/microarray/data/experiment/MTAB/E-MTAB-1791/E-MTAB-1791.raw.24.zip","4239609056","PDAC",TRUE,"PDAC",-0.432612946824268,0.816529205544882,4.81007428571429,4.24619,4.80451857142857,4.43971125,4.25029625,5.87896285714286,4.475376,4.46985357142857,4.81703870967742,8.54444125
"Ge0958","4239609015_B","pancreatic ductal adenocarcinoma","pancreatic ductal adenocarcinoma tissue","Ge0958_4239609015_B.qnorm.log.txt","https://ftp.ebi.ac.uk/pub/databases/microarray/data/experiment/MTAB/E-MTAB-1791/E-MTAB-1791.raw.24.zip","4239609015","PDAC",TRUE,"PDAC",-1.38503711338425,0.510849058333054,4.54708642857143,4.19273,4.43720428571429,4.43203125,4.13156125,5.58226142857143,4.237886,4.35820214285714,4.65540806451613,8.41382125
"Ge0960","4239609015_D","pancreatic ductal adenocarcinoma","pancreatic ductal adenocarcinoma tissue","Ge0960_4239609015_D.qnorm.log.txt","https://ftp.ebi.ac.uk/pub/databases/microarray/data/experiment/MTAB/E-MTAB-1791/E-MTAB-1791.raw.24.zip","4239609015","PDAC",TRUE,"PDAC",-0.541639765954982,-0.373226393456595,4.77996928571429,4.28426,4.59135428571429,5.0512325,4.165645,5.82586285714286,5.02737,4.39934642857143,4.80780709677419,8.0360475
"Ge0961","4239609015_E","pancreatic ductal adenocarcinoma","pancreatic ductal adenocarcinoma tissue","Ge0961_4239609015_E.qnorm.log.txt","https://ftp.ebi.ac.uk/pub/databases/microarray/data/experiment/MTAB/E-MTAB-1791/E-MTAB-1791.raw.25.zip","4239609015","PDAC",TRUE,"PDAC",-0.416864369823111,-0.582401525581547,4.81442285714286,4.13738,4.52082142857143,4.840535,4.116905,5.61024857142857,5.009496,4.51283285714286,4.74146258064516,7.946665
"Ge0971d","4697141074_C","pancreatic ductal adenocarcinoma","pancreatic ductal adenocarcinoma tissue","Ge0971d_4697141074_C.qnorm.log.txt","https://ftp.ebi.ac.uk/pub/databases/microarray/data/experiment/MTAB/E-MTAB-1791/E-MTAB-1791.raw.25.zip","4697141074","PDAC",TRUE,"PDAC",-0.518968851231239,1.7545205085945,4.78622928571429,4.22939,4.73782428571429,4.749805,4.2411425,5.95037142857143,4.406326,4.643735,5.07871903225806,8.94525375
"Ge0975","4213572041_E","pancreatitis","pancreatitis tissue from pancreas with pancreatitis","Ge0975_4213572041_E.qnorm.log.txt","https://ftp.ebi.ac.uk/pub/databases/microarray/data/experiment/MTAB/E-MTAB-1791/E-MTAB-1791.raw.25.zip","4213572041","CP",TRUE,"CP",-1.17053673295249,0.609530702983601,4.60631528624503,4.11238175609893,4.74365029864845,4.44525100436405,4.53174087919678,5.62975005549701,4.483112868625,4.78337282510206,4.91967830766163,8.45598884427076
"Ge0978","4233291150_B","pancreatitis","pancreatitis tissue from pancreas with pancreatitis","Ge0978_4233291150_B.qnorm.log.txt","https://ftp.ebi.ac.uk/pub/databases/microarray/data/experiment/MTAB/E-MTAB-1791/E-MTAB-1791.raw.25.zip","4233291150","CP",TRUE,"CP",-1.31849490496814,-0.572803494591015,4.56546037729652,4.15120603905774,4.34842058031533,4.35073222317513,4.35393037065874,5.2327757611225,4.25666146282534,4.67879150295378,4.76794751096231,7.95076632885442
"Ge0979","4233291150_C","pancreatitis","pancreatitis tissue from pancreas with pancreatitis","Ge0979_4233291150_C.qnorm.log.txt","https://ftp.ebi.ac.uk/pub/databases/microarray/data/experiment/MTAB/E-MTAB-1791/E-MTAB-1791.raw.25.zip","4233291150","CP",TRUE,"CP",-0.214328850482423,-2.48332837349196,4.87034792088741,4.05889913095696,4.542864078343,5.30959606037735,4.20932842781627,5.51009505351963,4.9584814551687,4.82330589889901,4.75161072343116,7.13438109102244
"Ge0981","4233291150_E","pancreatitis","pancreatitis tissue from pancreas with pancreatitis","Ge0981_4233291150_E.qnorm.log.txt","https://ftp.ebi.ac.uk/pub/databases/microarray/data/experiment/MTAB/E-MTAB-1791/E-MTAB-1791.raw.26.zip","4233291150","CP",TRUE,"CP",0.167511162450816,1.29545173832673,4.97578338787626,4.27362696925091,4.85325563341941,4.74881302067654,4.25658792571267,5.69526433307639,4.52248400093853,4.54634493999017,5.31945568614347,8.74908934966417
"Ge0984","4240343014_B","pancreatitis","pancreatitis tissue from pancreas with pancreatitis","Ge0984_4240343014_B.qnorm.log.txt","https://ftp.ebi.ac.uk/pub/databases/microarray/data/experiment/MTAB/E-MTAB-1791/E-MTAB-1791.raw.26.zip","4240343014","CP",TRUE,"CP",-1.00382859411057,-0.0342808030435259,4.6523475245498,4.11110469575551,4.43967643216115,4.37493529429728,4.15008965685577,5.16267689990539,4.38906016469154,4.79218080219596,4.86489029747688,8.18088213654274
"Ge0985","4240343014_C","pancreatitis","pancreatitis tissue from pancreas with pancreatitis","Ge0985_4240343014_C.qnorm.log.txt","https://ftp.ebi.ac.uk/pub/databases/microarray/data/experiment/MTAB/E-MTAB-1791/E-MTAB-1791.raw.26.zip","4240343014","CP",TRUE,"CP",-1.08802644931463,0.0140323887120395,4.62909841528358,4.03041698475995,4.58211955717151,4.197687253587,4.16649883730051,5.78621936891604,4.41916294225687,4.83013904292645,4.82976270816577,8.20152681747695
"Ge0986","4240343014_D","pancreatitis","pancreatitis tissue from pancreas with pancreatitis","Ge0986_4240343014_D.qnorm.log.txt","https://ftp.ebi.ac.uk/pub/databases/microarray/data/experiment/MTAB/E-MTAB-1791/E-MTAB-1791.raw.26.zip","4240343014","CP",TRUE,"CP",-1.03381041526555,-0.933825144041958,4.64406880255215,4.12096152660148,4.50076259267324,4.33219101891625,4.12577900394574,6.10569303849467,4.7176673378401,4.69641378005275,4.82418132840709,7.7964983847913
"Ge0987","4240343014_E","pancreatitis","pancreatitis tissue from pancreas with pancreatitis","Ge0987_4240343014_E.qnorm.log.txt","https://ftp.ebi.ac.uk/pub/databases/microarray/data/experiment/MTAB/E-MTAB-1791/E-MTAB-1791.raw.26.zip","4240343014","CP",TRUE,"CP",-0.94827799949763,-1.2657204700444,4.66768641698155,4.07331938386616,4.56666068650694,4.51237471426383,4.15800791587185,5.26776322082663,4.43048123261462,4.73495217504243,4.96684567103467,7.65467639249686
"Ge0988","4240343014_F","pancreatitis","pancreatitis tissue from pancreas with pancreatitis","Ge0988_4240343014_F.qnorm.log.txt","https://ftp.ebi.ac.uk/pub/databases/microarray/data/experiment/MTAB/E-MTAB-1791/E-MTAB-1791.raw.26.zip","4240343014","CP",TRUE,"CP",-0.658301420687119,1.09720790058102,4.74775611886494,4.10851893994649,4.5436368991426,4.29998724959371,4.2342786948777,5.51212805101695,4.58581212986069,4.72396516704326,5.17016312997337,8.66437789449597
"Ge0990","4655274099_B","pancreatitis","pancreatitis tissue from pancreas with pancreatitis","Ge0990_4655274099_B.qnorm.log.txt","https://ftp.ebi.ac.uk/pub/databases/microarray/data/experiment/MTAB/E-MTAB-1791/E-MTAB-1791.raw.26.zip","4655274099","CP",TRUE,"CP",-0.775537347663101,-0.245782331089232,4.71538438125256,4.16166815363276,4.43005437009705,4.40323727899464,4.17333742351748,5.14787705317818,4.56036665157696,4.80206044846805,5.06961609607543,8.09050554569994
"Ge0993","4676008060_D","pancreatic ductal adenocarcinoma","pancreatic ductal adenocarcinoma tissue","Ge0993_4676008060_D.qnorm.log.txt","https://ftp.ebi.ac.uk/pub/databases/microarray/data/experiment/MTAB/E-MTAB-1791/E-MTAB-1791.raw.26.zip","4676008060","PDAC",TRUE,"PDAC",0.968605546215474,0.00687003828022421,5.19698535098518,4.58238157771382,5.01997820014383,4.46633673991702,4.1929517046461,6.36562234605438,5.35162471084178,4.62164957789997,4.94839354518952,8.1984662778183
"Ge0995","4676008060_F","pancreatic ductal adenocarcinoma","pancreatic ductal adenocarcinoma tissue","Ge0995_4676008060_F.qnorm.log.txt","https://ftp.ebi.ac.uk/pub/databases/microarray/data/experiment/MTAB/E-MTAB-1791/E-MTAB-1791.raw.26.zip","4676008060","PDAC",TRUE,"PDAC",-0.947166722615873,0.801726019725099,4.66799326800034,4.27119599797999,4.73334438990531,4.58643607219948,4.28160472857839,5.91910441181321,4.27553587656992,4.65118511177693,4.93984860396777,8.53811570956364
"Ge0998","4676008045_A","pancreatic ductal adenocarcinoma","pancreatic ductal adenocarcinoma tissue","Ge0998_4676008045_A.qnorm.log.txt","https://ftp.ebi.ac.uk/pub/databases/microarray/data/experiment/MTAB/E-MTAB-1791/E-MTAB-1791.raw.26.zip","4676008045","PDAC",TRUE,"PDAC",-0.803968536539447,-0.170192660644909,4.70753382716003,4.29802374788224,4.71335878540918,4.4777003671429,4.16838591004938,5.97941477515493,4.91062929102558,4.78559960092134,4.88764278306996,8.12280572235026
"Ge1005","4676008045_D","pancreatic ductal adenocarcinoma","pancreatic ductal adenocarcinoma tissue","Ge1005_4676008045_D.qnorm.log.txt","https://ftp.ebi.ac.uk/pub/databases/microarray/data/experiment/MTAB/E-MTAB-1791/E-MTAB-1791.raw.27.zip","4676008045","PDAC",TRUE,"PDAC",-0.663674200062586,-0.211403373746282,4.74627256165958,4.27467751137334,4.97172190926993,4.48429033398263,4.20073369724724,5.90470524629672,4.71344126589788,4.81269149761197,4.96827805873509,8.10519599730138
"Ge1006","4676008045_E","pancreatic ductal adenocarcinoma","pancreatic ductal adenocarcinoma tissue","Ge1006_4676008045_E.qnorm.log.txt","https://ftp.ebi.ac.uk/pub/databases/microarray/data/experiment/MTAB/E-MTAB-1791/E-MTAB-1791.raw.27.zip","4676008045","PDAC",TRUE,"PDAC",0.0895650540309364,0.192867440669927,4.95426054044578,4.1187772065718,4.70299576127605,4.36927971659612,4.09050351816109,6.00932307909461,5.44828709865751,4.71414940396266,5.0336459226133,8.27794471605429
"Ge1019","4697141114_D","pancreatitis","pancreatitis tissue from pancreas with pancreatitis","Ge1019_4697141114_D.qnorm.log.txt","https://ftp.ebi.ac.uk/pub/databases/microarray/data/experiment/MTAB/E-MTAB-1791/E-MTAB-1791.raw.27.zip","4697141114","CP",TRUE,"CP",1.5477395691981,-0.098422585567048,5.35689857142857,4.27892,4.95192571428571,5.8341275,4.3077425,6.17374714285714,5.258798,4.72286142857143,5.38609870967742,8.15347375
"Ge1021","4697141114_F","pancreatic ductal adenocarcinoma","pancreatic ductal adenocarcinoma tissue","Ge1021_4697141114_F.qnorm.log.txt","https://ftp.ebi.ac.uk/pub/databases/microarray/data/experiment/MTAB/E-MTAB-1791/E-MTAB-1791.raw.27.zip","4697141114","PDAC",TRUE,"PDAC",0.911926988295089,0.350491012954685,5.181335,4.25498,5.24542857142857,4.9967275,4.31425875,6.27379,5.109908,4.71987285714286,5.29964580645161,8.34529875
"Ge1022","4697141013_A","pancreatic ductal adenocarcinoma","pancreatic ductal adenocarcinoma tissue","Ge1022_4697141013_A.qnorm.log.txt","https://ftp.ebi.ac.uk/pub/databases/microarray/data/experiment/MTAB/E-MTAB-1791/E-MTAB-1791.raw.27.zip","4697141013","PDAC",TRUE,"PDAC",-0.732138568109915,0.892258876068343,4.72736785714286,4.18341,4.64477428571429,4.66575125,4.40891375,6.23015142857143,4.314108,4.57568785714286,4.97258774193548,8.57680125
"Ge1023","4697141013_B","pancreatic ductal adenocarcinoma","pancreatic ductal adenocarcinoma tissue","Ge1023_4697141013_B.qnorm.log.txt","https://ftp.ebi.ac.uk/pub/databases/microarray/data/experiment/MTAB/E-MTAB-1791/E-MTAB-1791.raw.27.zip","4697141013","PDAC",TRUE,"PDAC",0.142621418537823,-0.62834306125719,4.96891071428571,4.2125,4.78405571428571,4.5696325,4.2145375,6.23130571428571,4.858528,4.64556928571429,5.03326612903226,7.92703375
"Ge1026","4697141013_D","pancreatic ductal adenocarcinoma","pancreatic ductal adenocarcinoma tissue","Ge1026_4697141013_D.qnorm.log.txt","https://ftp.ebi.ac.uk/pub/databases/microarray/data/experiment/MTAB/E-MTAB-1791/E-MTAB-1791.raw.27.zip","4697141013","PDAC",TRUE,"PDAC",-0.313538908069292,0.232631447697023,4.84295357142857,4.03617,4.59680857142857,4.37602375,4.13511375,5.91531571428571,4.755436,4.75609571428571,5.13292774193548,8.29493625
