"Specimen","Assay","Disease","Clinical_History","File","Archive_URL","Chip","Role","Primary_Eligible"
"Ge0002d","4655274089_E","neoplasm","other tumor tissue from pancreas","Ge0002d_4655274089_E.qnorm.log.txt","https://ftp.ebi.ac.uk/pub/databases/microarray/data/experiment/MTAB/E-MTAB-1791/E-MTAB-1791.raw.1.zip","4655274089","Excluded_other_context",FALSE
"Ge0012","4233291191_F","normal","normal tissue from pancreas with pancreatic ductal adenocarcinoma","Ge0012_4233291191_F.qnorm.log.txt","https://ftp.ebi.ac.uk/pub/databases/microarray/data/experiment/MTAB/E-MTAB-1791/E-MTAB-1791.raw.1.zip","4233291191","Excluded_other_context",FALSE
"Ge0014","4697141074_B","pancreatic ductal adenocarcinoma","pancreatic ductal adenocarcinoma tissue","Ge0014_4697141074_B.qnorm.log.txt","https://ftp.ebi.ac.uk/pub/databases/microarray/data/experiment/MTAB/E-MTAB-1791/E-MTAB-1791.raw.1.zip","4697141074","PDAC",TRUE
"Ge0017","4233291100_F","pancreatic ductal adenocarcinoma","pancreatic ductal adenocarcinoma tissue","Ge0017_4233291100_F.qnorm.log.txt","https://ftp.ebi.ac.uk/pub/databases/microarray/data/experiment/MTAB/E-MTAB-1791/E-MTAB-1791.raw.1.zip","4233291100","PDAC",TRUE
"Ge0018","4233291191_A","pancreatic ductal adenocarcinoma","pancreatic ductal adenocarcinoma tissue","Ge0018_4233291191_A.qnorm.log.txt","https://ftp.ebi.ac.uk/pub/databases/microarray/data/experiment/MTAB/E-MTAB-1791/E-MTAB-1791.raw.1.zip","4233291191","PDAC",TRUE
"Ge0022","4233291155_A","pancreatic ductal adenocarcinoma","pancreatic ductal adenocarcinoma tissue","Ge0022_4233291155_A.qnorm.log.txt","https://ftp.ebi.ac.uk/pub/databases/microarray/data/experiment/MTAB/E-MTAB-1791/E-MTAB-1791.raw.1.zip","4233291155","PDAC",TRUE
"Ge0030","4233291191_B","normal","normal tissue from pancreas with pancreatic ductal adenocarcinoma","Ge0030_4233291191_B.qnorm.log.txt","https://ftp.ebi.ac.uk/pub/databases/microarray/data/experiment/MTAB/E-MTAB-1791/E-MTAB-1791.raw.1.zip","4233291191","Excluded_other_context",FALSE
"Ge0032","4233291191_C","pancreatic ductal adenocarcinoma","pancreatic ductal adenocarcinoma tissue","Ge0032_4233291191_C.qnorm.log.txt","https://ftp.ebi.ac.uk/pub/databases/microarray/data/experiment/MTAB/E-MTAB-1791/E-MTAB-1791.raw.1.zip","4233291191","PDAC",TRUE
"Ge0040","4233291155_C","pancreatic ductal adenocarcinoma","pancreatic ductal adenocarcinoma tissue","Ge0040_4233291155_C.qnorm.log.txt","https://ftp.ebi.ac.uk/pub/databases/microarray/data/experiment/MTAB/E-MTAB-1791/E-MTAB-1791.raw.1.zip","4233291155","PDAC",TRUE
"Ge0041","4233291155_D","pancreatic ductal adenocarcinoma","pancreatic ductal adenocarcinoma tissue","Ge0041_4233291155_D.qnorm.log.txt","https://ftp.ebi.ac.uk/pub/databases/microarray/data/experiment/MTAB/E-MTAB-1791/E-MTAB-1791.raw.1.zip","4233291155","PDAC",TRUE
"Ge0043","4233291155_E","pancreatic ductal adenocarcinoma","pancreatic ductal adenocarcinoma tissue","Ge0043_4233291155_E.qnorm.log.txt","https://ftp.ebi.ac.uk/pub/databases/microarray/data/experiment/MTAB/E-MTAB-1791/E-MTAB-1791.raw.1.zip","4233291155","PDAC",TRUE
"Ge0046","4233291155_F","pancreatic ductal adenocarcinoma","pancreatic ductal adenocarcinoma tissue","Ge0046_4233291155_F.qnorm.log.txt","https://ftp.ebi.ac.uk/pub/databases/microarray/data/experiment/MTAB/E-MTAB-1791/E-MTAB-1791.raw.1.zip","4233291155","PDAC",TRUE
"Ge0052","4233291191_D","normal","normal tissue from healthy pancreas","Ge0052_4233291191_D.qnorm.log.txt","https://ftp.ebi.ac.uk/pub/databases/microarray/data/experiment/MTAB/E-MTAB-1791/E-MTAB-1791.raw.1.zip","4233291191","Excluded_other_context",FALSE
"Ge0055","4233291191_E","normal","normal tissue from healthy pancreas","Ge0055_4233291191_E.qnorm.log.txt","https://ftp.ebi.ac.uk/pub/databases/microarray/data/experiment/MTAB/E-MTAB-1791/E-MTAB-1791.raw.1.zip","4233291191","Excluded_other_context",FALSE
"Ge0056","4233291188_B","normal","normal tissue from healthy pancreas","Ge0056_4233291188_B.qnorm.log.txt","https://ftp.ebi.ac.uk/pub/databases/microarray/data/experiment/MTAB/E-MTAB-1791/E-MTAB-1791.raw.1.zip","4233291188","Excluded_other_context",FALSE
"Ge0058","4233291099_A","normal","normal tissue from healthy pancreas","Ge0058_4233291099_A.qnorm.log.txt","https://ftp.ebi.ac.uk/pub/databases/microarray/data/experiment/MTAB/E-MTAB-1791/E-MTAB-1791.raw.1.zip","4233291099","Excluded_other_context",FALSE
"Ge0059","4233291202_C","normal","normal tissue from healthy pancreas","Ge0059_4233291202_C.qnorm.log.txt","https://ftp.ebi.ac.uk/pub/databases/microarray/data/experiment/MTAB/E-MTAB-1791/E-MTAB-1791.raw.2.zip","4233291202","Excluded_other_context",FALSE
"Ge0061","4233291099_B","pancreatic ductal adenocarcinoma","pancreatic ductal adenocarcinoma tissue","Ge0061_4233291099_B.qnorm.log.txt","https://ftp.ebi.ac.uk/pub/databases/microarray/data/experiment/MTAB/E-MTAB-1791/E-MTAB-1791.raw.2.zip","4233291099","PDAC",TRUE
"Ge0062","4233291193_F","normal","normal tissue from pancreas with a cystic tumor","Ge0062_4233291193_F.qnorm.log.txt","https://ftp.ebi.ac.uk/pub/databases/microarray/data/experiment/MTAB/E-MTAB-1791/E-MTAB-1791.raw.2.zip","4233291193","Excluded_other_context",FALSE
"Ge0063","4233291098_A","normal","normal tissue from pancreas with a cystic tumor","Ge0063_4233291098_A.qnorm.log.txt","https://ftp.ebi.ac.uk/pub/databases/microarray/data/experiment/MTAB/E-MTAB-1791/E-MTAB-1791.raw.2.zip","4233291098","Excluded_other_context",FALSE
"Ge0067","4233291098_B","pancreatic ductal adenocarcinoma","pancreatic ductal adenocarcinoma tissue","Ge0067_4233291098_B.qnorm.log.txt","https://ftp.ebi.ac.uk/pub/databases/microarray/data/experiment/MTAB/E-MTAB-1791/E-MTAB-1791.raw.2.zip","4233291098","PDAC",TRUE
"Ge0070","4233291098_D","endocrine tumor","endocrine tumor tissue from pancreas","Ge0070_4233291098_D.qnorm.log.txt","https://ftp.ebi.ac.uk/pub/databases/microarray/data/experiment/MTAB/E-MTAB-1791/E-MTAB-1791.raw.2.zip","4233291098","Excluded_other_context",FALSE
"Ge0071","4233291190_C","pancreatic ductal adenocarcinoma","pancreatic ductal adenocarcinoma tissue","Ge0071_4233291190_C.qnorm.log.txt","https://ftp.ebi.ac.uk/pub/databases/microarray/data/experiment/MTAB/E-MTAB-1791/E-MTAB-1791.raw.2.zip","4233291190","PDAC",TRUE
"Ge0072","4233291190_D","pancreatic ductal adenocarcinoma","pancreatic ductal adenocarcinoma tissue","Ge0072_4233291190_D.qnorm.log.txt","https://ftp.ebi.ac.uk/pub/databases/microarray/data/experiment/MTAB/E-MTAB-1791/E-MTAB-1791.raw.2.zip","4233291190","PDAC",TRUE
"Ge0083","4233291188_D","normal","normal tissue from pancreas with pancreatic ductal adenocarcinoma","Ge0083_4233291188_D.qnorm.log.txt","https://ftp.ebi.ac.uk/pub/databases/microarray/data/experiment/MTAB/E-MTAB-1791/E-MTAB-1791.raw.2.zip","4233291188","Excluded_other_context",FALSE
"Ge0085","4233291099_C","normal","normal tissue from pancreas with other tumors","Ge0085_4233291099_C.qnorm.log.txt","https://ftp.ebi.ac.uk/pub/databases/microarray/data/experiment/MTAB/E-MTAB-1791/E-MTAB-1791.raw.2.zip","4233291099","Excluded_other_context",FALSE
"Ge0086","4233291192_B","normal","normal tissue from pancreas with pancreatic ductal adenocarcinoma","Ge0086_4233291192_B.qnorm.log.txt","https://ftp.ebi.ac.uk/pub/databases/microarray/data/experiment/MTAB/E-MTAB-1791/E-MTAB-1791.raw.2.zip","4233291192","Excluded_other_context",FALSE
"Ge0087c","4233291192_C","endocrine tumor","endocrine tumor tissue from pancreas","Ge0087c_4233291192_C.qnorm.log.txt","https://ftp.ebi.ac.uk/pub/databases/microarray/data/experiment/MTAB/E-MTAB-1791/E-MTAB-1791.raw.2.zip","4233291192","Excluded_other_context",FALSE
"Ge0088","4233291192_D","neoplasm","other tumor tissue from pancreas","Ge0088_4233291192_D.qnorm.log.txt","https://ftp.ebi.ac.uk/pub/databases/microarray/data/experiment/MTAB/E-MTAB-1791/E-MTAB-1791.raw.2.zip","4233291192","Excluded_other_context",FALSE
"Ge0089","4233291099_D","pancreatitis","pancreatitis tissue from pancreas with pancreatitis","Ge0089_4233291099_D.qnorm.log.txt","https://ftp.ebi.ac.uk/pub/databases/microarray/data/experiment/MTAB/E-MTAB-1791/E-MTAB-1791.raw.2.zip","4233291099","CP",TRUE
"Ge0093","4233291188_E","pancreatitis","pancreatitis tissue from pancreas with pancreatitis","Ge0093_4233291188_E.qnorm.log.txt","https://ftp.ebi.ac.uk/pub/databases/microarray/data/experiment/MTAB/E-MTAB-1791/E-MTAB-1791.raw.2.zip","4233291188","CP",TRUE
"Ge0097","4233291188_F","pancreatitis","pancreatitis tissue from pancreas with pancreatitis","Ge0097_4233291188_F.qnorm.log.txt","https://ftp.ebi.ac.uk/pub/databases/microarray/data/experiment/MTAB/E-MTAB-1791/E-MTAB-1791.raw.2.zip","4233291188","CP",TRUE
"Ge0098","4233291192_E","pancreatic ductal adenocarcinoma","pancreatic ductal adenocarcinoma tissue","Ge0098_4233291192_E.qnorm.log.txt","https://ftp.ebi.ac.uk/pub/databases/microarray/data/experiment/MTAB/E-MTAB-1791/E-MTAB-1791.raw.2.zip","4233291192","PDAC",TRUE
"Ge0099","4233291099_E","normal","normal tissue from pancreas with pancreatic ductal adenocarcinoma","Ge0099_4233291099_E.qnorm.log.txt","https://ftp.ebi.ac.uk/pub/databases/microarray/data/experiment/MTAB/E-MTAB-1791/E-MTAB-1791.raw.3.zip","4233291099","Excluded_other_context",FALSE
"Ge0100","4233291213_A","pancreatic ductal adenocarcinoma","pancreatic ductal adenocarcinoma tissue","Ge0100_4233291213_A.qnorm.log.txt","https://ftp.ebi.ac.uk/pub/databases/microarray/data/experiment/MTAB/E-MTAB-1791/E-MTAB-1791.raw.3.zip","4233291213","PDAC",TRUE
"Ge0101","4233291099_F","pancreatic ductal adenocarcinoma","pancreatic ductal adenocarcinoma tissue","Ge0101_4233291099_F.qnorm.log.txt","https://ftp.ebi.ac.uk/pub/databases/microarray/data/experiment/MTAB/E-MTAB-1791/E-MTAB-1791.raw.3.zip","4233291099","PDAC",TRUE
"Ge0102","4233291213_B","pancreatitis","pancreatitis tissue from pancreas with pancreatitis","Ge0102_4233291213_B.qnorm.log.txt","https://ftp.ebi.ac.uk/pub/databases/microarray/data/experiment/MTAB/E-MTAB-1791/E-MTAB-1791.raw.3.zip","4233291213","CP",TRUE
"Ge0105","4233291213_C","pancreatic ductal adenocarcinoma","pancreatic ductal adenocarcinoma tissue","Ge0105_4233291213_C.qnorm.log.txt","https://ftp.ebi.ac.uk/pub/databases/microarray/data/experiment/MTAB/E-MTAB-1791/E-MTAB-1791.raw.3.zip","4233291213","PDAC",TRUE
"Ge0106","4233291192_F","neoplasm","other tumor tissue from pancreas","Ge0106_4233291192_F.qnorm.log.txt","https://ftp.ebi.ac.uk/pub/databases/microarray/data/experiment/MTAB/E-MTAB-1791/E-MTAB-1791.raw.3.zip","4233291192","Excluded_other_context",FALSE
"Ge0107","4233291205_C","neoplasm","other tumor tissue from pancreas","Ge0107_4233291205_C.qnorm.log.txt","https://ftp.ebi.ac.uk/pub/databases/microarray/data/experiment/MTAB/E-MTAB-1791/E-MTAB-1791.raw.3.zip","4233291205","Excluded_other_context",FALSE
"Ge0108","4233291204_A","pancreatic ductal adenocarcinoma","pancreatic ductal adenocarcinoma tissue","Ge0108_4233291204_A.qnorm.log.txt","https://ftp.ebi.ac.uk/pub/databases/microarray/data/experiment/MTAB/E-MTAB-1791/E-MTAB-1791.raw.3.zip","4233291204","PDAC",TRUE
"Ge0109","4233291204_B","pancreatic ductal adenocarcinoma","pancreatic ductal adenocarcinoma tissue","Ge0109_4233291204_B.qnorm.log.txt","https://ftp.ebi.ac.uk/pub/databases/microarray/data/experiment/MTAB/E-MTAB-1791/E-MTAB-1791.raw.3.zip","4233291204","PDAC",TRUE
"Ge0111","4233291102_F","pancreatitis","pancreatitis tissue from pancreas with pancreatic ductal adenocarcinoma","Ge0111_4233291102_F.qnorm.log.txt","https://ftp.ebi.ac.uk/pub/databases/microarray/data/experiment/MTAB/E-MTAB-1791/E-MTAB-1791.raw.3.zip","4233291102","Pancreatitis_associated_context",FALSE
"Ge0112","4233291208_A","normal","normal tissue from pancreas with other tumors","Ge0112_4233291208_A.qnorm.log.txt","https://ftp.ebi.ac.uk/pub/databases/microarray/data/experiment/MTAB/E-MTAB-1791/E-MTAB-1791.raw.3.zip","4233291208","Excluded_other_context",FALSE
"Ge0113b","4233291213_D","pancreatitis","pancreatitis tissue from pancreas with pancreatitis","Ge0113b_4233291213_D.qnorm.log.txt","https://ftp.ebi.ac.uk/pub/databases/microarray/data/experiment/MTAB/E-MTAB-1791/E-MTAB-1791.raw.3.zip","4233291213","CP",TRUE
"Ge0118d","4655274079_E","pancreatitis","pancreatitis tissue from pancreas with pancreatitis","Ge0118d_4655274079_E.qnorm.log.txt","https://ftp.ebi.ac.uk/pub/databases/microarray/data/experiment/MTAB/E-MTAB-1791/E-MTAB-1791.raw.3.zip","4655274079","CP",TRUE
"Ge0119","4233291204_D","pancreatic ductal adenocarcinoma","pancreatic ductal adenocarcinoma tissue","Ge0119_4233291204_D.qnorm.log.txt","https://ftp.ebi.ac.uk/pub/databases/microarray/data/experiment/MTAB/E-MTAB-1791/E-MTAB-1791.raw.3.zip","4233291204","PDAC",TRUE
"Ge0120d","4676008045_F","pancreatic ductal adenocarcinoma","pancreatic ductal adenocarcinoma tissue","Ge0120d_4676008045_F.qnorm.log.txt","https://ftp.ebi.ac.uk/pub/databases/microarray/data/experiment/MTAB/E-MTAB-1791/E-MTAB-1791.raw.3.zip","4676008045","PDAC",TRUE
"Ge0123","4233291213_E","endocrine tumor","endocrine tumor tissue from pancreas","Ge0123_4233291213_E.qnorm.log.txt","https://ftp.ebi.ac.uk/pub/databases/microarray/data/experiment/MTAB/E-MTAB-1791/E-MTAB-1791.raw.3.zip","4233291213","Excluded_other_context",FALSE
"Ge0124","4233291213_F","neoplasm","other tumor tissue from pancreas","Ge0124_4233291213_F.qnorm.log.txt","https://ftp.ebi.ac.uk/pub/databases/microarray/data/experiment/MTAB/E-MTAB-1791/E-MTAB-1791.raw.3.zip","4233291213","Excluded_other_context",FALSE
"Ge0126","4233291204_E","pancreatic ductal adenocarcinoma","pancreatic ductal adenocarcinoma tissue","Ge0126_4233291204_E.qnorm.log.txt","https://ftp.ebi.ac.uk/pub/databases/microarray/data/experiment/MTAB/E-MTAB-1791/E-MTAB-1791.raw.4.zip","4233291204","PDAC",TRUE
"Ge0127","4233291102_D","pancreatic ductal adenocarcinoma","pancreatic ductal adenocarcinoma tissue","Ge0127_4233291102_D.qnorm.log.txt","https://ftp.ebi.ac.uk/pub/databases/microarray/data/experiment/MTAB/E-MTAB-1791/E-MTAB-1791.raw.4.zip","4233291102","PDAC",TRUE
"Ge0128","4233291189_A","pancreatic ductal adenocarcinoma","pancreatic ductal adenocarcinoma tissue","Ge0128_4233291189_A.qnorm.log.txt","https://ftp.ebi.ac.uk/pub/databases/microarray/data/experiment/MTAB/E-MTAB-1791/E-MTAB-1791.raw.4.zip","4233291189","PDAC",TRUE
"Ge0129","4233291204_F","neoplasm","other tumor tissue from pancreas","Ge0129_4233291204_F.qnorm.log.txt","https://ftp.ebi.ac.uk/pub/databases/microarray/data/experiment/MTAB/E-MTAB-1791/E-MTAB-1791.raw.4.zip","4233291204","Excluded_other_context",FALSE
"Ge0131","4233291205_A","pancreatic ductal adenocarcinoma","pancreatic ductal adenocarcinoma tissue","Ge0131_4233291205_A.qnorm.log.txt","https://ftp.ebi.ac.uk/pub/databases/microarray/data/experiment/MTAB/E-MTAB-1791/E-MTAB-1791.raw.4.zip","4233291205","PDAC",TRUE
"Ge0132","4233291189_B","pancreatitis","pancreatitis tissue from pancreas with pancreatitis","Ge0132_4233291189_B.qnorm.log.txt","https://ftp.ebi.ac.uk/pub/databases/microarray/data/experiment/MTAB/E-MTAB-1791/E-MTAB-1791.raw.4.zip","4233291189","CP",TRUE
"Ge0133","4233291189_C","pancreatitis","pancreatitis tissue from pancreas with pancreatitis","Ge0133_4233291189_C.qnorm.log.txt","https://ftp.ebi.ac.uk/pub/databases/microarray/data/experiment/MTAB/E-MTAB-1791/E-MTAB-1791.raw.4.zip","4233291189","CP",TRUE
"Ge0136","4233291189_D","pancreatitis","pancreatitis tissue from pancreas with pancreatitis","Ge0136_4233291189_D.qnorm.log.txt","https://ftp.ebi.ac.uk/pub/databases/microarray/data/experiment/MTAB/E-MTAB-1791/E-MTAB-1791.raw.4.zip","4233291189","CP",TRUE
"Ge0141","4233291189_E","normal","normal tissue from pancreas with pancreatitis","Ge0141_4233291189_E.qnorm.log.txt","https://ftp.ebi.ac.uk/pub/databases/microarray/data/experiment/MTAB/E-MTAB-1791/E-MTAB-1791.raw.4.zip","4233291189","Excluded_other_context",FALSE
"Ge0143","4233291102_A","pancreatic ductal adenocarcinoma","pancreatic ductal adenocarcinoma tissue","Ge0143_4233291102_A.qnorm.log.txt","https://ftp.ebi.ac.uk/pub/databases/microarray/data/experiment/MTAB/E-MTAB-1791/E-MTAB-1791.raw.4.zip","4233291102","PDAC",TRUE
"Ge0144","4233291171_B","normal","normal tissue from pancreas with a cystic tumor","Ge0144_4233291171_B.qnorm.log.txt","https://ftp.ebi.ac.uk/pub/databases/microarray/data/experiment/MTAB/E-MTAB-1791/E-MTAB-1791.raw.4.zip","4233291171","Excluded_other_context",FALSE
"Ge0145","4233291102_B","pancreatic ductal adenocarcinoma","pancreatic ductal adenocarcinoma tissue","Ge0145_4233291102_B.qnorm.log.txt","https://ftp.ebi.ac.uk/pub/databases/microarray/data/experiment/MTAB/E-MTAB-1791/E-MTAB-1791.raw.4.zip","4233291102","PDAC",TRUE
"Ge0147","4233291171_C","normal","normal tissue from pancreas with a cystic tumor","Ge0147_4233291171_C.qnorm.log.txt","https://ftp.ebi.ac.uk/pub/databases/microarray/data/experiment/MTAB/E-MTAB-1791/E-MTAB-1791.raw.4.zip","4233291171","Excluded_other_context",FALSE
"Ge0148","4233291102_C","pancreatic ductal adenocarcinoma","pancreatic ductal adenocarcinoma tissue","Ge0148_4233291102_C.qnorm.log.txt","https://ftp.ebi.ac.uk/pub/databases/microarray/data/experiment/MTAB/E-MTAB-1791/E-MTAB-1791.raw.4.zip","4233291102","PDAC",TRUE
"Ge0151","4697141074_A","pancreatic ductal adenocarcinoma","pancreatic ductal adenocarcinoma tissue","Ge0151_4697141074_A.qnorm.log.txt","https://ftp.ebi.ac.uk/pub/databases/microarray/data/experiment/MTAB/E-MTAB-1791/E-MTAB-1791.raw.4.zip","4697141074","PDAC",TRUE
"Ge0153","4233291171_D","cystic tumor","cystic tumor tissue from pancreas","Ge0153_4233291171_D.qnorm.log.txt","https://ftp.ebi.ac.uk/pub/databases/microarray/data/experiment/MTAB/E-MTAB-1791/E-MTAB-1791.raw.4.zip","4233291171","Excluded_other_context",FALSE
"Ge0154","4233291208_B","pancreatic ductal adenocarcinoma","pancreatic ductal adenocarcinoma tissue","Ge0154_4233291208_B.qnorm.log.txt","https://ftp.ebi.ac.uk/pub/databases/microarray/data/experiment/MTAB/E-MTAB-1791/E-MTAB-1791.raw.4.zip","4233291208","PDAC",TRUE
"Ge0156","4233291208_C","pancreatic ductal adenocarcinoma","pancreatic ductal adenocarcinoma tissue","Ge0156_4233291208_C.qnorm.log.txt","https://ftp.ebi.ac.uk/pub/databases/microarray/data/experiment/MTAB/E-MTAB-1791/E-MTAB-1791.raw.5.zip","4233291208","PDAC",TRUE
"Ge0157","4233291208_D","cystic tumor","cystic tumor tissue from pancreas","Ge0157_4233291208_D.qnorm.log.txt","https://ftp.ebi.ac.uk/pub/databases/microarray/data/experiment/MTAB/E-MTAB-1791/E-MTAB-1791.raw.5.zip","4233291208","Excluded_other_context",FALSE
"Ge0158","4233291101_A","pancreatitis","pancreatitis tissue from pancreas with pancreatitis","Ge0158_4233291101_A.qnorm.log.txt","https://ftp.ebi.ac.uk/pub/databases/microarray/data/experiment/MTAB/E-MTAB-1791/E-MTAB-1791.raw.5.zip","4233291101","CP",TRUE
"Ge0159","4233291189_F","pancreatic ductal adenocarcinoma","pancreatic ductal adenocarcinoma tissue","Ge0159_4233291189_F.qnorm.log.txt","https://ftp.ebi.ac.uk/pub/databases/microarray/data/experiment/MTAB/E-MTAB-1791/E-MTAB-1791.raw.5.zip","4233291189","PDAC",TRUE
"Ge0160","4233291101_B","pancreatic ductal adenocarcinoma","pancreatic ductal adenocarcinoma tissue","Ge0160_4233291101_B.qnorm.log.txt","https://ftp.ebi.ac.uk/pub/databases/microarray/data/experiment/MTAB/E-MTAB-1791/E-MTAB-1791.raw.5.zip","4233291101","PDAC",TRUE
"Ge0161","4233291100_A","pancreatitis","pancreatitis tissue from pancreas with pancreatitis","Ge0161_4233291100_A.qnorm.log.txt","https://ftp.ebi.ac.uk/pub/databases/microarray/data/experiment/MTAB/E-MTAB-1791/E-MTAB-1791.raw.5.zip","4233291100","CP",TRUE
"Ge0162","4233291175_A","normal","normal tissue from pancreas with pancreatic ductal adenocarcinoma","Ge0162_4233291175_A.qnorm.log.txt","https://ftp.ebi.ac.uk/pub/databases/microarray/data/experiment/MTAB/E-MTAB-1791/E-MTAB-1791.raw.5.zip","4233291175","Excluded_other_context",FALSE
"Ge0163","4233291175_B","pancreatic ductal adenocarcinoma","pancreatic ductal adenocarcinoma tissue","Ge0163_4233291175_B.qnorm.log.txt","https://ftp.ebi.ac.uk/pub/databases/microarray/data/experiment/MTAB/E-MTAB-1791/E-MTAB-1791.raw.5.zip","4233291175","PDAC",TRUE
"Ge0164","4233291100_B","normal","normal tissue from pancreas with pancreatic ductal adenocarcinoma","Ge0164_4233291100_B.qnorm.log.txt","https://ftp.ebi.ac.uk/pub/databases/microarray/data/experiment/MTAB/E-MTAB-1791/E-MTAB-1791.raw.5.zip","4233291100","Excluded_other_context",FALSE
"Ge0165","4233291100_C","pancreatic ductal adenocarcinoma","pancreatic ductal adenocarcinoma tissue","Ge0165_4233291100_C.qnorm.log.txt","https://ftp.ebi.ac.uk/pub/databases/microarray/data/experiment/MTAB/E-MTAB-1791/E-MTAB-1791.raw.5.zip","4233291100","PDAC",TRUE
"Ge0166","4655274076_F","pancreatic ductal adenocarcinoma","pancreatic ductal adenocarcinoma tissue","Ge0166_4655274076_F.qnorm.log.txt","https://ftp.ebi.ac.uk/pub/databases/microarray/data/experiment/MTAB/E-MTAB-1791/E-MTAB-1791.raw.5.zip","4655274076","PDAC",TRUE
"Ge0167","4233291224_C","pancreatic ductal adenocarcinoma","pancreatic ductal adenocarcinoma tissue","Ge0167_4233291224_C.qnorm.log.txt","https://ftp.ebi.ac.uk/pub/databases/microarray/data/experiment/MTAB/E-MTAB-1791/E-MTAB-1791.raw.5.zip","4233291224","PDAC",TRUE
"Ge0171","4233291100_D","pancreatitis","pancreatitis tissue from pancreas with pancreatitis","Ge0171_4233291100_D.qnorm.log.txt","https://ftp.ebi.ac.uk/pub/databases/microarray/data/experiment/MTAB/E-MTAB-1791/E-MTAB-1791.raw.5.zip","4233291100","CP",TRUE
"Ge0172","4655274088_B","endocrine tumor","endocrine tumor tissue from pancreas","Ge0172_4655274088_B.qnorm.log.txt","https://ftp.ebi.ac.uk/pub/databases/microarray/data/experiment/MTAB/E-MTAB-1791/E-MTAB-1791.raw.5.zip","4655274088","Excluded_other_context",FALSE
"Ge0174","4233291147_A","pancreatitis","pancreatitis tissue from pancreas with pancreatitis","Ge0174_4233291147_A.qnorm.log.txt","https://ftp.ebi.ac.uk/pub/databases/microarray/data/experiment/MTAB/E-MTAB-1791/E-MTAB-1791.raw.5.zip","4233291147","CP",TRUE
"Ge0178","4233291234_F","endocrine tumor","endocrine tumor tissue from pancreas","Ge0178_4233291234_F.qnorm.log.txt","https://ftp.ebi.ac.uk/pub/databases/microarray/data/experiment/MTAB/E-MTAB-1791/E-MTAB-1791.raw.5.zip","4233291234","Excluded_other_context",FALSE
"Ge0180","4233291171_E","pancreatic ductal adenocarcinoma","pancreatic ductal adenocarcinoma tissue","Ge0180_4233291171_E.qnorm.log.txt","https://ftp.ebi.ac.uk/pub/databases/microarray/data/experiment/MTAB/E-MTAB-1791/E-MTAB-1791.raw.5.zip","4233291171","PDAC",TRUE
"Ge0181","4233291100_E","pancreatitis","pancreatitis tissue from pancreas with pancreatitis","Ge0181_4233291100_E.qnorm.log.txt","https://ftp.ebi.ac.uk/pub/databases/microarray/data/experiment/MTAB/E-MTAB-1791/E-MTAB-1791.raw.6.zip","4233291100","CP",TRUE
"Ge0182","4233291224_D","neoplasm","other tumor tissue from pancreas","Ge0182_4233291224_D.qnorm.log.txt","https://ftp.ebi.ac.uk/pub/databases/microarray/data/experiment/MTAB/E-MTAB-1791/E-MTAB-1791.raw.6.zip","4233291224","Excluded_other_context",FALSE
"Ge0183","4233291146_A","pancreatic ductal adenocarcinoma","pancreatic ductal adenocarcinoma tissue","Ge0183_4233291146_A.qnorm.log.txt","https://ftp.ebi.ac.uk/pub/databases/microarray/data/experiment/MTAB/E-MTAB-1791/E-MTAB-1791.raw.6.zip","4233291146","PDAC",TRUE
"Ge0184","4233291205_D","pancreatic ductal adenocarcinoma","pancreatic ductal adenocarcinoma tissue","Ge0184_4233291205_D.qnorm.log.txt","https://ftp.ebi.ac.uk/pub/databases/microarray/data/experiment/MTAB/E-MTAB-1791/E-MTAB-1791.raw.6.zip","4233291205","PDAC",TRUE
"Ge0185","4233291205_E","pancreatic ductal adenocarcinoma","pancreatic ductal adenocarcinoma tissue","Ge0185_4233291205_E.qnorm.log.txt","https://ftp.ebi.ac.uk/pub/databases/microarray/data/experiment/MTAB/E-MTAB-1791/E-MTAB-1791.raw.6.zip","4233291205","PDAC",TRUE
"Ge0186","4233291224_E","neoplasm","other tumor tissue from pancreas","Ge0186_4233291224_E.qnorm.log.txt","https://ftp.ebi.ac.uk/pub/databases/microarray/data/experiment/MTAB/E-MTAB-1791/E-MTAB-1791.raw.6.zip","4233291224","Excluded_other_context",FALSE
"Ge0189precip","4233291220_E","neoplasm","other tumor tissue from pancreas","Ge0189precip_4233291220_E.qnorm.log.txt","https://ftp.ebi.ac.uk/pub/databases/microarray/data/experiment/MTAB/E-MTAB-1791/E-MTAB-1791.raw.6.zip","4233291220","Excluded_other_context",FALSE
"Ge0191","4239609017_B","endocrine tumor","endocrine tumor tissue from pancreas","Ge0191_4239609017_B.qnorm.log.txt","https://ftp.ebi.ac.uk/pub/databases/microarray/data/experiment/MTAB/E-MTAB-1791/E-MTAB-1791.raw.6.zip","4239609017","Excluded_other_context",FALSE
"Ge0194","4233291101_C","endocrine tumor","endocrine tumor tissue from pancreas","Ge0194_4233291101_C.qnorm.log.txt","https://ftp.ebi.ac.uk/pub/databases/microarray/data/experiment/MTAB/E-MTAB-1791/E-MTAB-1791.raw.6.zip","4233291101","Excluded_other_context",FALSE
"Ge0200","4233291205_F","pancreatitis","pancreatitis tissue from pancreas with pancreatitis","Ge0200_4233291205_F.qnorm.log.txt","https://ftp.ebi.ac.uk/pub/databases/microarray/data/experiment/MTAB/E-MTAB-1791/E-MTAB-1791.raw.6.zip","4233291205","CP",TRUE
"Ge0205","4233291217_A","pancreatic ductal adenocarcinoma","pancreatic ductal adenocarcinoma tissue","Ge0205_4233291217_A.qnorm.log.txt","https://ftp.ebi.ac.uk/pub/databases/microarray/data/experiment/MTAB/E-MTAB-1791/E-MTAB-1791.raw.6.zip","4233291217","PDAC",TRUE
"Ge0206","4233291101_D","pancreatitis","pancreatitis tissue from pancreas with pancreatitis","Ge0206_4233291101_D.qnorm.log.txt","https://ftp.ebi.ac.uk/pub/databases/microarray/data/experiment/MTAB/E-MTAB-1791/E-MTAB-1791.raw.6.zip","4233291101","CP",TRUE
"Ge0208","4655274098_A","pancreatic ductal adenocarcinoma","pancreatic ductal adenocarcinoma tissue","Ge0208_4655274098_A.qnorm.log.txt","https://ftp.ebi.ac.uk/pub/databases/microarray/data/experiment/MTAB/E-MTAB-1791/E-MTAB-1791.raw.6.zip","4655274098","PDAC",TRUE
"Ge0209","4655274088_C","pancreatitis","pancreatitis tissue from pancreas with pancreatitis","Ge0209_4655274088_C.qnorm.log.txt","https://ftp.ebi.ac.uk/pub/databases/microarray/data/experiment/MTAB/E-MTAB-1791/E-MTAB-1791.raw.6.zip","4655274088","CP",TRUE
"Ge0210","4655274099_C","pancreatitis","pancreatitis tissue from pancreas with pancreatitis","Ge0210_4655274099_C.qnorm.log.txt","https://ftp.ebi.ac.uk/pub/databases/microarray/data/experiment/MTAB/E-MTAB-1791/E-MTAB-1791.raw.6.zip","4655274099","CP",TRUE
"Ge0212","4233291101_E","pancreatitis","pancreatitis tissue from pancreas with pancreatitis","Ge0212_4233291101_E.qnorm.log.txt","https://ftp.ebi.ac.uk/pub/databases/microarray/data/experiment/MTAB/E-MTAB-1791/E-MTAB-1791.raw.6.zip","4233291101","CP",TRUE
"Ge0213","4233291146_B","normal","normal tissue from pancreas with a cystic tumor","Ge0213_4233291146_B.qnorm.log.txt","https://ftp.ebi.ac.uk/pub/databases/microarray/data/experiment/MTAB/E-MTAB-1791/E-MTAB-1791.raw.6.zip","4233291146","Excluded_other_context",FALSE
"Ge0216","4655274099_D","pancreatic ductal adenocarcinoma","pancreatic ductal adenocarcinoma tissue","Ge0216_4655274099_D.qnorm.log.txt","https://ftp.ebi.ac.uk/pub/databases/microarray/data/experiment/MTAB/E-MTAB-1791/E-MTAB-1791.raw.7.zip","4655274099","PDAC",TRUE
"Ge0217","4233291207_A","neoplasm","other tumor tissue from pancreas","Ge0217_4233291207_A.qnorm.log.txt","https://ftp.ebi.ac.uk/pub/databases/microarray/data/experiment/MTAB/E-MTAB-1791/E-MTAB-1791.raw.7.zip","4233291207","Excluded_other_context",FALSE
"Ge0219","4233291101_F","normal","normal tissue from pancreas with pancreatic ductal adenocarcinoma","Ge0219_4233291101_F.qnorm.log.txt","https://ftp.ebi.ac.uk/pub/databases/microarray/data/experiment/MTAB/E-MTAB-1791/E-MTAB-1791.raw.7.zip","4233291101","Excluded_other_context",FALSE
"Ge0221","4233291146_C","pancreatitis","pancreatitis tissue from pancreas with pancreatitis","Ge0221_4233291146_C.qnorm.log.txt","https://ftp.ebi.ac.uk/pub/databases/microarray/data/experiment/MTAB/E-MTAB-1791/E-MTAB-1791.raw.7.zip","4233291146","CP",TRUE
"Ge0225","4655274099_E","pancreatic ductal adenocarcinoma","pancreatic ductal adenocarcinoma tissue","Ge0225_4655274099_E.qnorm.log.txt","https://ftp.ebi.ac.uk/pub/databases/microarray/data/experiment/MTAB/E-MTAB-1791/E-MTAB-1791.raw.7.zip","4655274099","PDAC",TRUE
"Ge0227","4233291217_B","endocrine tumor","endocrine tumor tissue from pancreas","Ge0227_4233291217_B.qnorm.log.txt","https://ftp.ebi.ac.uk/pub/databases/microarray/data/experiment/MTAB/E-MTAB-1791/E-MTAB-1791.raw.7.zip","4233291217","Excluded_other_context",FALSE
"Ge0230","4233291217_C","pancreatitis","pancreatitis tissue from pancreas with pancreatitis","Ge0230_4233291217_C.qnorm.log.txt","https://ftp.ebi.ac.uk/pub/databases/microarray/data/experiment/MTAB/E-MTAB-1791/E-MTAB-1791.raw.7.zip","4233291217","CP",TRUE
"Ge0234","4233291146_F","pancreatic ductal adenocarcinoma","pancreatic ductal adenocarcinoma tissue","Ge0234_4233291146_F.qnorm.log.txt","https://ftp.ebi.ac.uk/pub/databases/microarray/data/experiment/MTAB/E-MTAB-1791/E-MTAB-1791.raw.7.zip","4233291146","PDAC",TRUE
"Ge0236","4233291171_F","pancreatitis","pancreatitis tissue from pancreas with pancreatitis","Ge0236_4233291171_F.qnorm.log.txt","https://ftp.ebi.ac.uk/pub/databases/microarray/data/experiment/MTAB/E-MTAB-1791/E-MTAB-1791.raw.7.zip","4233291171","CP",TRUE
"Ge0238","4233291207_B","neoplasm","other tumor tissue from pancreas","Ge0238_4233291207_B.qnorm.log.txt","https://ftp.ebi.ac.uk/pub/databases/microarray/data/experiment/MTAB/E-MTAB-1791/E-MTAB-1791.raw.7.zip","4233291207","Excluded_other_context",FALSE
"Ge0240","4239609017_C","pancreatic ductal adenocarcinoma","pancreatic ductal adenocarcinoma tissue","Ge0240_4239609017_C.qnorm.log.txt","https://ftp.ebi.ac.uk/pub/databases/microarray/data/experiment/MTAB/E-MTAB-1791/E-MTAB-1791.raw.7.zip","4239609017","PDAC",TRUE
"Ge0248","4233291217_D","pancreatic ductal adenocarcinoma","pancreatic ductal adenocarcinoma tissue","Ge0248_4233291217_D.qnorm.log.txt","https://ftp.ebi.ac.uk/pub/databases/microarray/data/experiment/MTAB/E-MTAB-1791/E-MTAB-1791.raw.7.zip","4233291217","PDAC",TRUE
"Ge0254","4655274099_F","neoplasm","other tumor tissue from pancreas","Ge0254_4655274099_F.qnorm.log.txt","https://ftp.ebi.ac.uk/pub/databases/microarray/data/experiment/MTAB/E-MTAB-1791/E-MTAB-1791.raw.7.zip","4655274099","Excluded_other_context",FALSE
"Ge0255","4233291208_F","pancreatitis","pancreatitis tissue from pancreas with pancreatitis","Ge0255_4233291208_F.qnorm.log.txt","https://ftp.ebi.ac.uk/pub/databases/microarray/data/experiment/MTAB/E-MTAB-1791/E-MTAB-1791.raw.7.zip","4233291208","CP",TRUE
"Ge0256","4233291208_E","normal","normal tissue from healthy pancreas","Ge0256_4233291208_E.qnorm.log.txt","https://ftp.ebi.ac.uk/pub/databases/microarray/data/experiment/MTAB/E-MTAB-1791/E-MTAB-1791.raw.7.zip","4233291208","Excluded_other_context",FALSE
"Ge0257","4233291175_C","normal","normal tissue from healthy pancreas","Ge0257_4233291175_C.qnorm.log.txt","https://ftp.ebi.ac.uk/pub/databases/microarray/data/experiment/MTAB/E-MTAB-1791/E-MTAB-1791.raw.7.zip","4233291175","Excluded_other_context",FALSE
"Ge0259","4233291175_D","normal","normal tissue from healthy pancreas","Ge0259_4233291175_D.qnorm.log.txt","https://ftp.ebi.ac.uk/pub/databases/microarray/data/experiment/MTAB/E-MTAB-1791/E-MTAB-1791.raw.7.zip","4233291175","Excluded_other_context",FALSE
"Ge0260","4233291175_E","normal","normal tissue from pancreas with a cystic tumor","Ge0260_4233291175_E.qnorm.log.txt","https://ftp.ebi.ac.uk/pub/databases/microarray/data/experiment/MTAB/E-MTAB-1791/E-MTAB-1791.raw.8.zip","4233291175","Excluded_other_context",FALSE
"Ge0262","4233291175_F","normal","normal tissue from healthy pancreas","Ge0262_4233291175_F.qnorm.log.txt","https://ftp.ebi.ac.uk/pub/databases/microarray/data/experiment/MTAB/E-MTAB-1791/E-MTAB-1791.raw.8.zip","4233291175","Excluded_other_context",FALSE
"Ge0264","4233291224_A","normal","normal tissue from healthy pancreas","Ge0264_4233291224_A.qnorm.log.txt","https://ftp.ebi.ac.uk/pub/databases/microarray/data/experiment/MTAB/E-MTAB-1791/E-MTAB-1791.raw.8.zip","4233291224","Excluded_other_context",FALSE
"Ge0265","4233291207_C","normal","normal tissue from pancreas with a cystic tumor","Ge0265_4233291207_C.qnorm.log.txt","https://ftp.ebi.ac.uk/pub/databases/microarray/data/experiment/MTAB/E-MTAB-1791/E-MTAB-1791.raw.8.zip","4233291207","Excluded_other_context",FALSE
"Ge0267","4233291217_E","normal","normal tissue from pancreas with pancreatic ductal adenocarcinoma","Ge0267_4233291217_E.qnorm.log.txt","https://ftp.ebi.ac.uk/pub/databases/microarray/data/experiment/MTAB/E-MTAB-1791/E-MTAB-1791.raw.8.zip","4233291217","Excluded_other_context",FALSE
"Ge0269","4233291217_F","pancreatic ductal adenocarcinoma","pancreatic ductal adenocarcinoma tissue","Ge0269_4233291217_F.qnorm.log.txt","https://ftp.ebi.ac.uk/pub/databases/microarray/data/experiment/MTAB/E-MTAB-1791/E-MTAB-1791.raw.8.zip","4233291217","PDAC",TRUE
"Ge0270","4233291135_A","neoplasm","other tumor tissue from pancreas","Ge0270_4233291135_A.qnorm.log.txt","https://ftp.ebi.ac.uk/pub/databases/microarray/data/experiment/MTAB/E-MTAB-1791/E-MTAB-1791.raw.8.zip","4233291135","Excluded_other_context",FALSE
"Ge0273d","4697141062_A","cystic tumor","cystic tumor tissue from pancreas","Ge0273d_4697141062_A.qnorm.log.txt","https://ftp.ebi.ac.uk/pub/databases/microarray/data/experiment/MTAB/E-MTAB-1791/E-MTAB-1791.raw.8.zip","4697141062","Excluded_other_context",FALSE
"Ge0276","4655274098_E","cystic tumor","cystic tumor tissue from pancreas","Ge0276_4655274098_E.qnorm.log.txt","https://ftp.ebi.ac.uk/pub/databases/microarray/data/experiment/MTAB/E-MTAB-1791/E-MTAB-1791.raw.8.zip","4655274098","Excluded_other_context",FALSE
"Ge0281","4233291224_B","normal","normal tissue from healthy pancreas","Ge0281_4233291224_B.qnorm.log.txt","https://ftp.ebi.ac.uk/pub/databases/microarray/data/experiment/MTAB/E-MTAB-1791/E-MTAB-1791.raw.8.zip","4233291224","Excluded_other_context",FALSE
"Ge0282","4233291146_D","pancreatitis","pancreatitis tissue from pancreas with pancreatitis","Ge0282_4233291146_D.qnorm.log.txt","https://ftp.ebi.ac.uk/pub/databases/microarray/data/experiment/MTAB/E-MTAB-1791/E-MTAB-1791.raw.8.zip","4233291146","CP",TRUE
"Ge0284","4233291207_D","normal","normal tissue from pancreas with a cystic tumor","Ge0284_4233291207_D.qnorm.log.txt","https://ftp.ebi.ac.uk/pub/databases/microarray/data/experiment/MTAB/E-MTAB-1791/E-MTAB-1791.raw.8.zip","4233291207","Excluded_other_context",FALSE
"Ge0285","4233291220_F","endocrine tumor","endocrine tumor tissue from pancreas","Ge0285_4233291220_F.qnorm.log.txt","https://ftp.ebi.ac.uk/pub/databases/microarray/data/experiment/MTAB/E-MTAB-1791/E-MTAB-1791.raw.8.zip","4233291220","Excluded_other_context",FALSE
"Ge0288","4233291207_E","pancreatic ductal adenocarcinoma","pancreatic ductal adenocarcinoma tissue","Ge0288_4233291207_E.qnorm.log.txt","https://ftp.ebi.ac.uk/pub/databases/microarray/data/experiment/MTAB/E-MTAB-1791/E-MTAB-1791.raw.8.zip","4233291207","PDAC",TRUE
"Ge0294","4233291207_F","pancreatitis","pancreatitis tissue from pancreas with pancreatic ductal adenocarcinoma","Ge0294_4233291207_F.qnorm.log.txt","https://ftp.ebi.ac.uk/pub/databases/microarray/data/experiment/MTAB/E-MTAB-1791/E-MTAB-1791.raw.8.zip","4233291207","Pancreatitis_associated_context",FALSE
"Ge0301","4233291206_A","pancreatic ductal adenocarcinoma","pancreatic ductal adenocarcinoma tissue","Ge0301_4233291206_A.qnorm.log.txt","https://ftp.ebi.ac.uk/pub/databases/microarray/data/experiment/MTAB/E-MTAB-1791/E-MTAB-1791.raw.8.zip","4233291206","PDAC",TRUE
"Ge0303","4655274088_F","pancreatic ductal adenocarcinoma","pancreatic ductal adenocarcinoma tissue","Ge0303_4655274088_F.qnorm.log.txt","https://ftp.ebi.ac.uk/pub/databases/microarray/data/experiment/MTAB/E-MTAB-1791/E-MTAB-1791.raw.8.zip","4655274088","PDAC",TRUE
"Ge0308","4233291135_C","normal","normal tissue from pancreas with pancreatic ductal adenocarcinoma","Ge0308_4233291135_C.qnorm.log.txt","https://ftp.ebi.ac.uk/pub/databases/microarray/data/experiment/MTAB/E-MTAB-1791/E-MTAB-1791.raw.9.zip","4233291135","Excluded_other_context",FALSE
"Ge0313","4233291206_B","pancreatic ductal adenocarcinoma","pancreatic ductal adenocarcinoma tissue","Ge0313_4233291206_B.qnorm.log.txt","https://ftp.ebi.ac.uk/pub/databases/microarray/data/experiment/MTAB/E-MTAB-1791/E-MTAB-1791.raw.9.zip","4233291206","PDAC",TRUE
"Ge0318","4655274087_A","neoplasm","other tumor tissue from pancreas","Ge0318_4655274087_A.qnorm.log.txt","https://ftp.ebi.ac.uk/pub/databases/microarray/data/experiment/MTAB/E-MTAB-1791/E-MTAB-1791.raw.9.zip","4655274087","Excluded_other_context",FALSE
"Ge0319","4655274098_B","pancreatitis","pancreatitis tissue from pancreas with pancreatitis","Ge0319_4655274098_B.qnorm.log.txt","https://ftp.ebi.ac.uk/pub/databases/microarray/data/experiment/MTAB/E-MTAB-1791/E-MTAB-1791.raw.9.zip","4655274098","CP",TRUE
"Ge0321","4655274087_B","normal","normal tissue from pancreas with a cystic tumor","Ge0321_4655274087_B.qnorm.log.txt","https://ftp.ebi.ac.uk/pub/databases/microarray/data/experiment/MTAB/E-MTAB-1791/E-MTAB-1791.raw.9.zip","4655274087","Excluded_other_context",FALSE
"Ge0322","4655274088_D","pancreatic ductal adenocarcinoma","pancreatic ductal adenocarcinoma tissue","Ge0322_4655274088_D.qnorm.log.txt","https://ftp.ebi.ac.uk/pub/databases/microarray/data/experiment/MTAB/E-MTAB-1791/E-MTAB-1791.raw.9.zip","4655274088","PDAC",TRUE
"Ge0325","4233291135_D","pancreatic ductal adenocarcinoma","pancreatic ductal adenocarcinoma tissue","Ge0325_4233291135_D.qnorm.log.txt","https://ftp.ebi.ac.uk/pub/databases/microarray/data/experiment/MTAB/E-MTAB-1791/E-MTAB-1791.raw.9.zip","4233291135","PDAC",TRUE
"Ge0326","4233291135_E","pancreatic ductal adenocarcinoma","pancreatic ductal adenocarcinoma tissue","Ge0326_4233291135_E.qnorm.log.txt","https://ftp.ebi.ac.uk/pub/databases/microarray/data/experiment/MTAB/E-MTAB-1791/E-MTAB-1791.raw.9.zip","4233291135","PDAC",TRUE
"Ge0329","4233291135_F","pancreatic ductal adenocarcinoma","pancreatic ductal adenocarcinoma tissue","Ge0329_4233291135_F.qnorm.log.txt","https://ftp.ebi.ac.uk/pub/databases/microarray/data/experiment/MTAB/E-MTAB-1791/E-MTAB-1791.raw.9.zip","4233291135","PDAC",TRUE
"Ge0330","4239609017_D","normal","normal tissue from pancreas with pancreatic ductal adenocarcinoma","Ge0330_4239609017_D.qnorm.log.txt","https://ftp.ebi.ac.uk/pub/databases/microarray/data/experiment/MTAB/E-MTAB-1791/E-MTAB-1791.raw.9.zip","4239609017","Excluded_other_context",FALSE
"Ge0332","4239609017_E","cystic tumor","cystic tumor tissue from pancreas","Ge0332_4239609017_E.qnorm.log.txt","https://ftp.ebi.ac.uk/pub/databases/microarray/data/experiment/MTAB/E-MTAB-1791/E-MTAB-1791.raw.9.zip","4239609017","Excluded_other_context",FALSE
"Ge0333","4655274087_C","normal","normal tissue from pancreas with pancreatic ductal adenocarcinoma","Ge0333_4655274087_C.qnorm.log.txt","https://ftp.ebi.ac.uk/pub/databases/microarray/data/experiment/MTAB/E-MTAB-1791/E-MTAB-1791.raw.9.zip","4655274087","Excluded_other_context",FALSE
"Ge0335","4233291206_C","pancreatitis","pancreatitis tissue from pancreas with pancreatitis","Ge0335_4233291206_C.qnorm.log.txt","https://ftp.ebi.ac.uk/pub/databases/microarray/data/experiment/MTAB/E-MTAB-1791/E-MTAB-1791.raw.9.zip","4233291206","CP",TRUE
"Ge0336","4239609017_F","normal","normal tissue from pancreas with pancreatitis","Ge0336_4239609017_F.qnorm.log.txt","https://ftp.ebi.ac.uk/pub/databases/microarray/data/experiment/MTAB/E-MTAB-1791/E-MTAB-1791.raw.9.zip","4239609017","Excluded_other_context",FALSE
"Ge0337","4233291181_A","normal","normal tissue from pancreas with a cystic tumor","Ge0337_4233291181_A.qnorm.log.txt","https://ftp.ebi.ac.uk/pub/databases/microarray/data/experiment/MTAB/E-MTAB-1791/E-MTAB-1791.raw.9.zip","4233291181","Excluded_other_context",FALSE
"Ge0340","4239609004_A","pancreatic ductal adenocarcinoma","pancreatic ductal adenocarcinoma tissue","Ge0340_4239609004_A.qnorm.log.txt","https://ftp.ebi.ac.uk/pub/databases/microarray/data/experiment/MTAB/E-MTAB-1791/E-MTAB-1791.raw.9.zip","4239609004","PDAC",TRUE
"Ge0341precip","4233291221_A","endocrine tumor","endocrine tumor tissue from pancreas","Ge0341precip_4233291221_A.qnorm.log.txt","https://ftp.ebi.ac.uk/pub/databases/microarray/data/experiment/MTAB/E-MTAB-1791/E-MTAB-1791.raw.9.zip","4233291221","Excluded_other_context",FALSE
"Ge0349","4655274087_D","normal","normal tissue from pancreas with pancreatic ductal adenocarcinoma","Ge0349_4655274087_D.qnorm.log.txt","https://ftp.ebi.ac.uk/pub/databases/microarray/data/experiment/MTAB/E-MTAB-1791/E-MTAB-1791.raw.10.zip","4655274087","Excluded_other_context",FALSE
"Ge0350","4239609035_A","neoplasm","other tumor tissue from pancreas","Ge0350_4239609035_A.qnorm.log.txt","https://ftp.ebi.ac.uk/pub/databases/microarray/data/experiment/MTAB/E-MTAB-1791/E-MTAB-1791.raw.10.zip","4239609035","Excluded_other_context",FALSE
"Ge0359","4233291206_D","pancreatic ductal adenocarcinoma","pancreatic ductal adenocarcinoma tissue","Ge0359_4233291206_D.qnorm.log.txt","https://ftp.ebi.ac.uk/pub/databases/microarray/data/experiment/MTAB/E-MTAB-1791/E-MTAB-1791.raw.10.zip","4233291206","PDAC",TRUE
"Ge0360","4233291206_E","pancreatic ductal adenocarcinoma","pancreatic ductal adenocarcinoma tissue","Ge0360_4233291206_E.qnorm.log.txt","https://ftp.ebi.ac.uk/pub/databases/microarray/data/experiment/MTAB/E-MTAB-1791/E-MTAB-1791.raw.10.zip","4233291206","PDAC",TRUE
"Ge0361","4233291206_F","pancreatic ductal adenocarcinoma","pancreatic ductal adenocarcinoma tissue","Ge0361_4233291206_F.qnorm.log.txt","https://ftp.ebi.ac.uk/pub/databases/microarray/data/experiment/MTAB/E-MTAB-1791/E-MTAB-1791.raw.10.zip","4233291206","PDAC",TRUE
"Ge0367","4233291181_B","pancreatic ductal adenocarcinoma","pancreatic ductal adenocarcinoma tissue","Ge0367_4233291181_B.qnorm.log.txt","https://ftp.ebi.ac.uk/pub/databases/microarray/data/experiment/MTAB/E-MTAB-1791/E-MTAB-1791.raw.10.zip","4233291181","PDAC",TRUE
"Ge0369","4655274098_C","normal","normal tissue from pancreas with other tumors","Ge0369_4655274098_C.qnorm.log.txt","https://ftp.ebi.ac.uk/pub/databases/microarray/data/experiment/MTAB/E-MTAB-1791/E-MTAB-1791.raw.10.zip","4655274098","Excluded_other_context",FALSE
"Ge0370","4655274098_F","cystic tumor","cystic tumor tissue from pancreas","Ge0370_4655274098_F.qnorm.log.txt","https://ftp.ebi.ac.uk/pub/databases/microarray/data/experiment/MTAB/E-MTAB-1791/E-MTAB-1791.raw.10.zip","4655274098","Excluded_other_context",FALSE
"Ge0371","4655274087_E","normal","normal tissue from pancreas with a cystic tumor","Ge0371_4655274087_E.qnorm.log.txt","https://ftp.ebi.ac.uk/pub/databases/microarray/data/experiment/MTAB/E-MTAB-1791/E-MTAB-1791.raw.10.zip","4655274087","Excluded_other_context",FALSE
"Ge0375","4655274087_F","pancreatic ductal adenocarcinoma","pancreatic ductal adenocarcinoma tissue","Ge0375_4655274087_F.qnorm.log.txt","https://ftp.ebi.ac.uk/pub/databases/microarray/data/experiment/MTAB/E-MTAB-1791/E-MTAB-1791.raw.10.zip","4655274087","PDAC",TRUE
"Ge0376","4655274076_A","pancreatitis","pancreatitis tissue from pancreas with other tumors","Ge0376_4655274076_A.qnorm.log.txt","https://ftp.ebi.ac.uk/pub/databases/microarray/data/experiment/MTAB/E-MTAB-1791/E-MTAB-1791.raw.10.zip","4655274076","Pancreatitis_associated_context",FALSE
"Ge0377","4655274076_B","endocrine tumor","endocrine tumor tissue from pancreas","Ge0377_4655274076_B.qnorm.log.txt","https://ftp.ebi.ac.uk/pub/databases/microarray/data/experiment/MTAB/E-MTAB-1791/E-MTAB-1791.raw.10.zip","4655274076","Excluded_other_context",FALSE
"Ge0379","4233291135_B","neoplasm","other tumor tissue from pancreas","Ge0379_4233291135_B.qnorm.log.txt","https://ftp.ebi.ac.uk/pub/databases/microarray/data/experiment/MTAB/E-MTAB-1791/E-MTAB-1791.raw.10.zip","4233291135","Excluded_other_context",FALSE
"Ge0380d","4697141074_D","normal","normal tissue from pancreas with a cystic tumor","Ge0380d_4697141074_D.qnorm.log.txt","https://ftp.ebi.ac.uk/pub/databases/microarray/data/experiment/MTAB/E-MTAB-1791/E-MTAB-1791.raw.10.zip","4697141074","Excluded_other_context",FALSE
"Ge0382","4233291070_F","pancreatic ductal adenocarcinoma","pancreatic ductal adenocarcinoma tissue","Ge0382_4233291070_F.qnorm.log.txt","https://ftp.ebi.ac.uk/pub/databases/microarray/data/experiment/MTAB/E-MTAB-1791/E-MTAB-1791.raw.10.zip","4233291070","PDAC",TRUE
"Ge0383","4697141105_D","neoplasm","other tumor tissue from pancreas","Ge0383_4697141105_D.qnorm.log.txt","https://ftp.ebi.ac.uk/pub/databases/microarray/data/experiment/MTAB/E-MTAB-1791/E-MTAB-1791.raw.10.zip","4697141105","Excluded_other_context",FALSE
"Ge0389","4240343019_E","neoplasm","other tumor tissue from pancreas","Ge0389_4240343019_E.qnorm.log.txt","https://ftp.ebi.ac.uk/pub/databases/microarray/data/experiment/MTAB/E-MTAB-1791/E-MTAB-1791.raw.10.zip","4240343019","Excluded_other_context",FALSE
"Ge0389d","4697141062_B","normal","normal tissue from pancreas with other tumors","Ge0389d_4697141062_B.qnorm.log.txt","https://ftp.ebi.ac.uk/pub/databases/microarray/data/experiment/MTAB/E-MTAB-1791/E-MTAB-1791.raw.11.zip","4697141062","Excluded_other_context",FALSE
"Ge0390","4233291202_A","normal","normal tissue from pancreas with an endocrine tumor","Ge0390_4233291202_A.qnorm.log.txt","https://ftp.ebi.ac.uk/pub/databases/microarray/data/experiment/MTAB/E-MTAB-1791/E-MTAB-1791.raw.11.zip","4233291202","Excluded_other_context",FALSE
"Ge0391","4233291202_B","cystic tumor","cystic tumor tissue from pancreas","Ge0391_4233291202_B.qnorm.log.txt","https://ftp.ebi.ac.uk/pub/databases/microarray/data/experiment/MTAB/E-MTAB-1791/E-MTAB-1791.raw.11.zip","4233291202","Excluded_other_context",FALSE
"Ge0392","4655274088_E","endocrine tumor","endocrine tumor tissue from pancreas","Ge0392_4655274088_E.qnorm.log.txt","https://ftp.ebi.ac.uk/pub/databases/microarray/data/experiment/MTAB/E-MTAB-1791/E-MTAB-1791.raw.11.zip","4655274088","Excluded_other_context",FALSE
"Ge0395","4240343019_C","pancreatic ductal adenocarcinoma","pancreatic ductal adenocarcinoma tissue","Ge0395_4240343019_C.qnorm.log.txt","https://ftp.ebi.ac.uk/pub/databases/microarray/data/experiment/MTAB/E-MTAB-1791/E-MTAB-1791.raw.11.zip","4240343019","PDAC",TRUE
"Ge0396","4233291181_C","normal","normal tissue from pancreas with other tumors","Ge0396_4233291181_C.qnorm.log.txt","https://ftp.ebi.ac.uk/pub/databases/microarray/data/experiment/MTAB/E-MTAB-1791/E-MTAB-1791.raw.11.zip","4233291181","Excluded_other_context",FALSE
"Ge0405","4655274079_C","pancreatic ductal adenocarcinoma","pancreatic ductal adenocarcinoma tissue","Ge0405_4655274079_C.qnorm.log.txt","https://ftp.ebi.ac.uk/pub/databases/microarray/data/experiment/MTAB/E-MTAB-1791/E-MTAB-1791.raw.11.zip","4655274079","PDAC",TRUE
"Ge0406","4233291181_D","pancreatitis","pancreatitis tissue from pancreas with pancreatitis","Ge0406_4233291181_D.qnorm.log.txt","https://ftp.ebi.ac.uk/pub/databases/microarray/data/experiment/MTAB/E-MTAB-1791/E-MTAB-1791.raw.11.zip","4233291181","CP",TRUE
"Ge0408","4233291201_E","pancreatic ductal adenocarcinoma","pancreatic ductal adenocarcinoma tissue","Ge0408_4233291201_E.qnorm.log.txt","https://ftp.ebi.ac.uk/pub/databases/microarray/data/experiment/MTAB/E-MTAB-1791/E-MTAB-1791.raw.11.zip","4233291201","PDAC",TRUE
"Ge0411","4655274076_C","normal","normal tissue from pancreas with an endocrine tumor","Ge0411_4655274076_C.qnorm.log.txt","https://ftp.ebi.ac.uk/pub/databases/microarray/data/experiment/MTAB/E-MTAB-1791/E-MTAB-1791.raw.11.zip","4655274076","Excluded_other_context",FALSE
"Ge0413","4655274076_D","endocrine tumor","endocrine tumor tissue from pancreas","Ge0413_4655274076_D.qnorm.log.txt","https://ftp.ebi.ac.uk/pub/databases/microarray/data/experiment/MTAB/E-MTAB-1791/E-MTAB-1791.raw.11.zip","4655274076","Excluded_other_context",FALSE
"Ge0414","4233291232_A","pancreatic ductal adenocarcinoma","pancreatic ductal adenocarcinoma tissue","Ge0414_4233291232_A.qnorm.log.txt","https://ftp.ebi.ac.uk/pub/databases/microarray/data/experiment/MTAB/E-MTAB-1791/E-MTAB-1791.raw.11.zip","4233291232","PDAC",TRUE
"Ge0417","4240343019_F","pancreatic ductal adenocarcinoma","pancreatic ductal adenocarcinoma tissue","Ge0417_4240343019_F.qnorm.log.txt","https://ftp.ebi.ac.uk/pub/databases/microarray/data/experiment/MTAB/E-MTAB-1791/E-MTAB-1791.raw.11.zip","4240343019","PDAC",TRUE
"Ge0420","4655274076_E","endocrine tumor","endocrine tumor tissue from pancreas","Ge0420_4655274076_E.qnorm.log.txt","https://ftp.ebi.ac.uk/pub/databases/microarray/data/experiment/MTAB/E-MTAB-1791/E-MTAB-1791.raw.11.zip","4655274076","Excluded_other_context",FALSE
"Ge0421","4697141105_C","neoplasm","other tumor tissue from pancreas","Ge0421_4697141105_C.qnorm.log.txt","https://ftp.ebi.ac.uk/pub/databases/microarray/data/experiment/MTAB/E-MTAB-1791/E-MTAB-1791.raw.11.zip","4697141105","Excluded_other_context",FALSE
"Ge0423","4697141105_E","normal","normal tissue from healthy pancreas","Ge0423_4697141105_E.qnorm.log.txt","https://ftp.ebi.ac.uk/pub/databases/microarray/data/experiment/MTAB/E-MTAB-1791/E-MTAB-1791.raw.11.zip","4697141105","Excluded_other_context",FALSE
"Ge0457","4233291210_A","pancreatic ductal adenocarcinoma","pancreatic ductal adenocarcinoma tissue","Ge0457_4233291210_A.qnorm.log.txt","https://ftp.ebi.ac.uk/pub/databases/microarray/data/experiment/MTAB/E-MTAB-1791/E-MTAB-1791.raw.11.zip","4233291210","PDAC",TRUE
"Ge0458","4233291210_B","pancreatic ductal adenocarcinoma","pancreatic ductal adenocarcinoma tissue","Ge0458_4233291210_B.qnorm.log.txt","https://ftp.ebi.ac.uk/pub/databases/microarray/data/experiment/MTAB/E-MTAB-1791/E-MTAB-1791.raw.12.zip","4233291210","PDAC",TRUE
"Ge0459","4233291210_C","pancreatic ductal adenocarcinoma","pancreatic ductal adenocarcinoma tissue","Ge0459_4233291210_C.qnorm.log.txt","https://ftp.ebi.ac.uk/pub/databases/microarray/data/experiment/MTAB/E-MTAB-1791/E-MTAB-1791.raw.12.zip","4233291210","PDAC",TRUE
"Ge0460","4233291210_D","neoplasm","other tumor tissue from pancreas","Ge0460_4233291210_D.qnorm.log.txt","https://ftp.ebi.ac.uk/pub/databases/microarray/data/experiment/MTAB/E-MTAB-1791/E-MTAB-1791.raw.12.zip","4233291210","Excluded_other_context",FALSE
"Ge0461","4233291210_E","pancreatic ductal adenocarcinoma","pancreatic ductal adenocarcinoma tissue","Ge0461_4233291210_E.qnorm.log.txt","https://ftp.ebi.ac.uk/pub/databases/microarray/data/experiment/MTAB/E-MTAB-1791/E-MTAB-1791.raw.12.zip","4233291210","PDAC",TRUE
"Ge0463","4233291211_A","pancreatic ductal adenocarcinoma","pancreatic ductal adenocarcinoma tissue","Ge0463_4233291211_A.qnorm.log.txt","https://ftp.ebi.ac.uk/pub/databases/microarray/data/experiment/MTAB/E-MTAB-1791/E-MTAB-1791.raw.12.zip","4233291211","PDAC",TRUE
"Ge0467","4233291211_B","pancreatic ductal adenocarcinoma","pancreatic ductal adenocarcinoma tissue","Ge0467_4233291211_B.qnorm.log.txt","https://ftp.ebi.ac.uk/pub/databases/microarray/data/experiment/MTAB/E-MTAB-1791/E-MTAB-1791.raw.12.zip","4233291211","PDAC",TRUE
"Ge0468","4233291211_C","pancreatic ductal adenocarcinoma","pancreatic ductal adenocarcinoma tissue","Ge0468_4233291211_C.qnorm.log.txt","https://ftp.ebi.ac.uk/pub/databases/microarray/data/experiment/MTAB/E-MTAB-1791/E-MTAB-1791.raw.12.zip","4233291211","PDAC",TRUE
"Ge0469","4233291211_D","cystic tumor","cystic tumor tissue from pancreas","Ge0469_4233291211_D.qnorm.log.txt","https://ftp.ebi.ac.uk/pub/databases/microarray/data/experiment/MTAB/E-MTAB-1791/E-MTAB-1791.raw.12.zip","4233291211","Excluded_other_context",FALSE
"Ge0470","4233291211_E","pancreatic ductal adenocarcinoma","pancreatic ductal adenocarcinoma tissue","Ge0470_4233291211_E.qnorm.log.txt","https://ftp.ebi.ac.uk/pub/databases/microarray/data/experiment/MTAB/E-MTAB-1791/E-MTAB-1791.raw.12.zip","4233291211","PDAC",TRUE
"Ge0471","4233291211_F","cystic tumor","cystic tumor tissue from pancreas","Ge0471_4233291211_F.qnorm.log.txt","https://ftp.ebi.ac.uk/pub/databases/microarray/data/experiment/MTAB/E-MTAB-1791/E-MTAB-1791.raw.12.zip","4233291211","Excluded_other_context",FALSE
"Ge0472","4233291220_A","pancreatic ductal adenocarcinoma","pancreatic ductal adenocarcinoma tissue","Ge0472_4233291220_A.qnorm.log.txt","https://ftp.ebi.ac.uk/pub/databases/microarray/data/experiment/MTAB/E-MTAB-1791/E-MTAB-1791.raw.12.zip","4233291220","PDAC",TRUE
"Ge0473","4233291220_B","pancreatic ductal adenocarcinoma","pancreatic ductal adenocarcinoma tissue","Ge0473_4233291220_B.qnorm.log.txt","https://ftp.ebi.ac.uk/pub/databases/microarray/data/experiment/MTAB/E-MTAB-1791/E-MTAB-1791.raw.12.zip","4233291220","PDAC",TRUE
"Ge0474","4233291220_C","pancreatic ductal adenocarcinoma","pancreatic ductal adenocarcinoma tissue","Ge0474_4233291220_C.qnorm.log.txt","https://ftp.ebi.ac.uk/pub/databases/microarray/data/experiment/MTAB/E-MTAB-1791/E-MTAB-1791.raw.12.zip","4233291220","PDAC",TRUE
"Ge0477","4233291220_D","neoplasm","other tumor tissue from pancreas","Ge0477_4233291220_D.qnorm.log.txt","https://ftp.ebi.ac.uk/pub/databases/microarray/data/experiment/MTAB/E-MTAB-1791/E-MTAB-1791.raw.12.zip","4233291220","Excluded_other_context",FALSE
"Ge0511","4233291233_A","pancreatic ductal adenocarcinoma","pancreatic ductal adenocarcinoma tissue","Ge0511_4233291233_A.qnorm.log.txt","https://ftp.ebi.ac.uk/pub/databases/microarray/data/experiment/MTAB/E-MTAB-1791/E-MTAB-1791.raw.12.zip","4233291233","PDAC",TRUE
"Ge0517d","4697141062_C","pancreatic ductal adenocarcinoma","pancreatic ductal adenocarcinoma tissue","Ge0517d_4697141062_C.qnorm.log.txt","https://ftp.ebi.ac.uk/pub/databases/microarray/data/experiment/MTAB/E-MTAB-1791/E-MTAB-1791.raw.12.zip","4697141062","PDAC",TRUE
"Ge0519","4233291233_B","pancreatic ductal adenocarcinoma","pancreatic ductal adenocarcinoma tissue","Ge0519_4233291233_B.qnorm.log.txt","https://ftp.ebi.ac.uk/pub/databases/microarray/data/experiment/MTAB/E-MTAB-1791/E-MTAB-1791.raw.12.zip","4233291233","PDAC",TRUE
"Ge0522","4233291232_D","endocrine tumor","endocrine tumor tissue from pancreas","Ge0522_4233291232_D.qnorm.log.txt","https://ftp.ebi.ac.uk/pub/databases/microarray/data/experiment/MTAB/E-MTAB-1791/E-MTAB-1791.raw.13.zip","4233291232","Excluded_other_context",FALSE
"Ge0523","4233291232_E","endocrine tumor","endocrine tumor tissue from pancreas","Ge0523_4233291232_E.qnorm.log.txt","https://ftp.ebi.ac.uk/pub/databases/microarray/data/experiment/MTAB/E-MTAB-1791/E-MTAB-1791.raw.13.zip","4233291232","Excluded_other_context",FALSE
"Ge0525","4233291232_F","pancreatic ductal adenocarcinoma","pancreatic ductal adenocarcinoma tissue","Ge0525_4233291232_F.qnorm.log.txt","https://ftp.ebi.ac.uk/pub/databases/microarray/data/experiment/MTAB/E-MTAB-1791/E-MTAB-1791.raw.13.zip","4233291232","PDAC",TRUE
"Ge0535","4240343034_A","normal","normal tissue from pancreas with other tumors","Ge0535_4240343034_A.qnorm.log.txt","https://ftp.ebi.ac.uk/pub/databases/microarray/data/experiment/MTAB/E-MTAB-1791/E-MTAB-1791.raw.13.zip","4240343034","Excluded_other_context",FALSE
"Ge0540","4240343034_C","cystic tumor","cystic tumor tissue from pancreas","Ge0540_4240343034_C.qnorm.log.txt","https://ftp.ebi.ac.uk/pub/databases/microarray/data/experiment/MTAB/E-MTAB-1791/E-MTAB-1791.raw.13.zip","4240343034","Excluded_other_context",FALSE
"Ge0543","4240343034_D","neoplasm","other tumor tissue from pancreas","Ge0543_4240343034_D.qnorm.log.txt","https://ftp.ebi.ac.uk/pub/databases/microarray/data/experiment/MTAB/E-MTAB-1791/E-MTAB-1791.raw.13.zip","4240343034","Excluded_other_context",FALSE
"Ge0547","4697141105_F","pancreatic ductal adenocarcinoma","pancreatic ductal adenocarcinoma tissue","Ge0547_4697141105_F.qnorm.log.txt","https://ftp.ebi.ac.uk/pub/databases/microarray/data/experiment/MTAB/E-MTAB-1791/E-MTAB-1791.raw.13.zip","4697141105","PDAC",TRUE
"Ge0549","4240343034_F","normal","normal tissue from pancreas with other tumors","Ge0549_4240343034_F.qnorm.log.txt","https://ftp.ebi.ac.uk/pub/databases/microarray/data/experiment/MTAB/E-MTAB-1791/E-MTAB-1791.raw.13.zip","4240343034","Excluded_other_context",FALSE
"Ge0553","4240343019_A","pancreatic ductal adenocarcinoma","pancreatic ductal adenocarcinoma tissue","Ge0553_4240343019_A.qnorm.log.txt","https://ftp.ebi.ac.uk/pub/databases/microarray/data/experiment/MTAB/E-MTAB-1791/E-MTAB-1791.raw.13.zip","4240343019","PDAC",TRUE
"Ge0557","4240343020_C","pancreatitis","pancreatitis tissue from pancreas with pancreatic ductal adenocarcinoma","Ge0557_4240343020_C.qnorm.log.txt","https://ftp.ebi.ac.uk/pub/databases/microarray/data/experiment/MTAB/E-MTAB-1791/E-MTAB-1791.raw.13.zip","4240343020","Pancreatitis_associated_context",FALSE
"Ge0564","4233291233_E","pancreatic ductal adenocarcinoma","pancreatic ductal adenocarcinoma tissue","Ge0564_4233291233_E.qnorm.log.txt","https://ftp.ebi.ac.uk/pub/databases/microarray/data/experiment/MTAB/E-MTAB-1791/E-MTAB-1791.raw.13.zip","4233291233","PDAC",TRUE
"Ge0565","4233291233_F","pancreatic ductal adenocarcinoma","pancreatic ductal adenocarcinoma tissue","Ge0565_4233291233_F.qnorm.log.txt","https://ftp.ebi.ac.uk/pub/databases/microarray/data/experiment/MTAB/E-MTAB-1791/E-MTAB-1791.raw.13.zip","4233291233","PDAC",TRUE
"Ge0566","4233291226_A","pancreatic ductal adenocarcinoma","pancreatic ductal adenocarcinoma tissue","Ge0566_4233291226_A.qnorm.log.txt","https://ftp.ebi.ac.uk/pub/databases/microarray/data/experiment/MTAB/E-MTAB-1791/E-MTAB-1791.raw.13.zip","4233291226","PDAC",TRUE
"Ge0568","4240343020_E","normal","normal tissue from pancreas with pancreatic ductal adenocarcinoma","Ge0568_4240343020_E.qnorm.log.txt","https://ftp.ebi.ac.uk/pub/databases/microarray/data/experiment/MTAB/E-MTAB-1791/E-MTAB-1791.raw.13.zip","4240343020","Excluded_other_context",FALSE
"Ge0569precip","4240343020_F","pancreatic ductal adenocarcinoma","pancreatic ductal adenocarcinoma tissue","Ge0569precip_4240343020_F.qnorm.log.txt","https://ftp.ebi.ac.uk/pub/databases/microarray/data/experiment/MTAB/E-MTAB-1791/E-MTAB-1791.raw.13.zip","4240343020","PDAC",TRUE
"Ge0573","4233291172_E","pancreatic ductal adenocarcinoma","pancreatic ductal adenocarcinoma tissue","Ge0573_4233291172_E.qnorm.log.txt","https://ftp.ebi.ac.uk/pub/databases/microarray/data/experiment/MTAB/E-MTAB-1791/E-MTAB-1791.raw.13.zip","4233291172","PDAC",TRUE
"Ge0574","4233291172_D","neoplasm","other tumor tissue from pancreas","Ge0574_4233291172_D.qnorm.log.txt","https://ftp.ebi.ac.uk/pub/databases/microarray/data/experiment/MTAB/E-MTAB-1791/E-MTAB-1791.raw.13.zip","4233291172","Excluded_other_context",FALSE
"Ge0583","4655274088_A","pancreatic ductal adenocarcinoma","pancreatic ductal adenocarcinoma tissue","Ge0583_4655274088_A.qnorm.log.txt","https://ftp.ebi.ac.uk/pub/databases/microarray/data/experiment/MTAB/E-MTAB-1791/E-MTAB-1791.raw.14.zip","4655274088","PDAC",TRUE
"Ge0595","4233291172_F","pancreatic ductal adenocarcinoma","pancreatic ductal adenocarcinoma tissue","Ge0595_4233291172_F.qnorm.log.txt","https://ftp.ebi.ac.uk/pub/databases/microarray/data/experiment/MTAB/E-MTAB-1791/E-MTAB-1791.raw.14.zip","4233291172","PDAC",TRUE
"Ge0597","4233291199_A","pancreatic ductal adenocarcinoma","pancreatic ductal adenocarcinoma tissue","Ge0597_4233291199_A.qnorm.log.txt","https://ftp.ebi.ac.uk/pub/databases/microarray/data/experiment/MTAB/E-MTAB-1791/E-MTAB-1791.raw.14.zip","4233291199","PDAC",TRUE
"Ge0603","4233291199_B","pancreatic ductal adenocarcinoma","pancreatic ductal adenocarcinoma tissue","Ge0603_4233291199_B.qnorm.log.txt","https://ftp.ebi.ac.uk/pub/databases/microarray/data/experiment/MTAB/E-MTAB-1791/E-MTAB-1791.raw.14.zip","4233291199","PDAC",TRUE
"Ge0618","4697141062_D","pancreatic ductal adenocarcinoma","pancreatic ductal adenocarcinoma tissue","Ge0618_4697141062_D.qnorm.log.txt","https://ftp.ebi.ac.uk/pub/databases/microarray/data/experiment/MTAB/E-MTAB-1791/E-MTAB-1791.raw.14.zip","4697141062","PDAC",TRUE
"Ge0631","4233291131_D","pancreatic ductal adenocarcinoma","pancreatic ductal adenocarcinoma tissue","Ge0631_4233291131_D.qnorm.log.txt","https://ftp.ebi.ac.uk/pub/databases/microarray/data/experiment/MTAB/E-MTAB-1791/E-MTAB-1791.raw.14.zip","4233291131","PDAC",TRUE
"Ge0636","4697141062_E","normal","normal tissue from pancreas with pancreatic ductal adenocarcinoma","Ge0636_4697141062_E.qnorm.log.txt","https://ftp.ebi.ac.uk/pub/databases/microarray/data/experiment/MTAB/E-MTAB-1791/E-MTAB-1791.raw.14.zip","4697141062","Excluded_other_context",FALSE
"Ge0637","4233291172_B","normal","normal tissue from pancreas with pancreatic ductal adenocarcinoma","Ge0637_4233291172_B.qnorm.log.txt","https://ftp.ebi.ac.uk/pub/databases/microarray/data/experiment/MTAB/E-MTAB-1791/E-MTAB-1791.raw.14.zip","4233291172","Excluded_other_context",FALSE
"Ge0640","4463361227_A","pancreatic ductal adenocarcinoma","pancreatic ductal adenocarcinoma tissue","Ge0640_4463361227_A.qnorm.log.txt","https://ftp.ebi.ac.uk/pub/databases/microarray/data/experiment/MTAB/E-MTAB-1791/E-MTAB-1791.raw.14.zip","4463361227","PDAC",TRUE
"Ge0644","4463361227_B","cystic tumor","cystic tumor tissue from pancreas","Ge0644_4463361227_B.qnorm.log.txt","https://ftp.ebi.ac.uk/pub/databases/microarray/data/experiment/MTAB/E-MTAB-1791/E-MTAB-1791.raw.14.zip","4463361227","Excluded_other_context",FALSE
"Ge0646","4697141062_F","pancreatic ductal adenocarcinoma","pancreatic ductal adenocarcinoma tissue","Ge0646_4697141062_F.qnorm.log.txt","https://ftp.ebi.ac.uk/pub/databases/microarray/data/experiment/MTAB/E-MTAB-1791/E-MTAB-1791.raw.14.zip","4697141062","PDAC",TRUE
"Ge0647","4233291181_E","pancreatic ductal adenocarcinoma","pancreatic ductal adenocarcinoma tissue","Ge0647_4233291181_E.qnorm.log.txt","https://ftp.ebi.ac.uk/pub/databases/microarray/data/experiment/MTAB/E-MTAB-1791/E-MTAB-1791.raw.14.zip","4233291181","PDAC",TRUE
"Ge0648","4233291172_A","pancreatic ductal adenocarcinoma","pancreatic ductal adenocarcinoma tissue","Ge0648_4233291172_A.qnorm.log.txt","https://ftp.ebi.ac.uk/pub/databases/microarray/data/experiment/MTAB/E-MTAB-1791/E-MTAB-1791.raw.14.zip","4233291172","PDAC",TRUE
"Ge0650","4676008060_B","normal","normal tissue from pancreas with pancreatic ductal adenocarcinoma","Ge0650_4676008060_B.qnorm.log.txt","https://ftp.ebi.ac.uk/pub/databases/microarray/data/experiment/MTAB/E-MTAB-1791/E-MTAB-1791.raw.14.zip","4676008060","Excluded_other_context",FALSE
"Ge0653","4233291172_C","pancreatic ductal adenocarcinoma","pancreatic ductal adenocarcinoma tissue","Ge0653_4233291172_C.qnorm.log.txt","https://ftp.ebi.ac.uk/pub/databases/microarray/data/experiment/MTAB/E-MTAB-1791/E-MTAB-1791.raw.14.zip","4233291172","PDAC",TRUE
"Ge0655d","4233291181_F","normal","normal tissue from pancreas with pancreatitis","Ge0655d_4233291181_F.qnorm.log.txt","https://ftp.ebi.ac.uk/pub/databases/microarray/data/experiment/MTAB/E-MTAB-1791/E-MTAB-1791.raw.14.zip","4233291181","Excluded_other_context",FALSE
"Ge0656","4233291098_E","pancreatitis","pancreatitis tissue from pancreas with other tumors","Ge0656_4233291098_E.qnorm.log.txt","https://ftp.ebi.ac.uk/pub/databases/microarray/data/experiment/MTAB/E-MTAB-1791/E-MTAB-1791.raw.14.zip","4233291098","Pancreatitis_associated_context",FALSE
"Ge0665","4697141105_B","pancreatic ductal adenocarcinoma","pancreatic ductal adenocarcinoma tissue","Ge0665_4697141105_B.qnorm.log.txt","https://ftp.ebi.ac.uk/pub/databases/microarray/data/experiment/MTAB/E-MTAB-1791/E-MTAB-1791.raw.15.zip","4697141105","PDAC",TRUE
"Ge0679","4463361228_D","cystic tumor","cystic tumor tissue from pancreas","Ge0679_4463361228_D.qnorm.log.txt","https://ftp.ebi.ac.uk/pub/databases/microarray/data/experiment/MTAB/E-MTAB-1791/E-MTAB-1791.raw.15.zip","4463361228","Excluded_other_context",FALSE
"Ge0681","4463361227_F","neoplasm","other tumor tissue from pancreas","Ge0681_4463361227_F.qnorm.log.txt","https://ftp.ebi.ac.uk/pub/databases/microarray/data/experiment/MTAB/E-MTAB-1791/E-MTAB-1791.raw.15.zip","4463361227","Excluded_other_context",FALSE
"Ge0692","4463361228_F","cystic tumor","cystic tumor tissue from pancreas","Ge0692_4463361228_F.qnorm.log.txt","https://ftp.ebi.ac.uk/pub/databases/microarray/data/experiment/MTAB/E-MTAB-1791/E-MTAB-1791.raw.15.zip","4463361228","Excluded_other_context",FALSE
"Ge0693","4697141105_A","neoplasm","other tumor tissue from pancreas","Ge0693_4697141105_A.qnorm.log.txt","https://ftp.ebi.ac.uk/pub/databases/microarray/data/experiment/MTAB/E-MTAB-1791/E-MTAB-1791.raw.15.zip","4697141105","Excluded_other_context",FALSE
"Ge0698","4233291180_A","cystic tumor","cystic tumor tissue from pancreas","Ge0698_4233291180_A.qnorm.log.txt","https://ftp.ebi.ac.uk/pub/databases/microarray/data/experiment/MTAB/E-MTAB-1791/E-MTAB-1791.raw.15.zip","4233291180","Excluded_other_context",FALSE
"Ge0699","4233291180_B","pancreatic ductal adenocarcinoma","pancreatic ductal adenocarcinoma tissue","Ge0699_4233291180_B.qnorm.log.txt","https://ftp.ebi.ac.uk/pub/databases/microarray/data/experiment/MTAB/E-MTAB-1791/E-MTAB-1791.raw.15.zip","4233291180","PDAC",TRUE
"Ge0701","4233291180_C","pancreatic ductal adenocarcinoma","pancreatic ductal adenocarcinoma tissue","Ge0701_4233291180_C.qnorm.log.txt","https://ftp.ebi.ac.uk/pub/databases/microarray/data/experiment/MTAB/E-MTAB-1791/E-MTAB-1791.raw.15.zip","4233291180","PDAC",TRUE
"Ge0702","4233291180_D","pancreatic ductal adenocarcinoma","pancreatic ductal adenocarcinoma tissue","Ge0702_4233291180_D.qnorm.log.txt","https://ftp.ebi.ac.uk/pub/databases/microarray/data/experiment/MTAB/E-MTAB-1791/E-MTAB-1791.raw.15.zip","4233291180","PDAC",TRUE
"Ge0703","4233291180_E","neoplasm","other tumor tissue from pancreas","Ge0703_4233291180_E.qnorm.log.txt","https://ftp.ebi.ac.uk/pub/databases/microarray/data/experiment/MTAB/E-MTAB-1791/E-MTAB-1791.raw.15.zip","4233291180","Excluded_other_context",FALSE
"Ge0704","4233291180_F","pancreatic ductal adenocarcinoma","pancreatic ductal adenocarcinoma tissue","Ge0704_4233291180_F.qnorm.log.txt","https://ftp.ebi.ac.uk/pub/databases/microarray/data/experiment/MTAB/E-MTAB-1791/E-MTAB-1791.raw.15.zip","4233291180","PDAC",TRUE
"Ge0705","4233291225_A","pancreatic ductal adenocarcinoma","pancreatic ductal adenocarcinoma tissue","Ge0705_4233291225_A.qnorm.log.txt","https://ftp.ebi.ac.uk/pub/databases/microarray/data/experiment/MTAB/E-MTAB-1791/E-MTAB-1791.raw.15.zip","4233291225","PDAC",TRUE
"Ge0706","4233291225_B","pancreatic ductal adenocarcinoma","pancreatic ductal adenocarcinoma tissue","Ge0706_4233291225_B.qnorm.log.txt","https://ftp.ebi.ac.uk/pub/databases/microarray/data/experiment/MTAB/E-MTAB-1791/E-MTAB-1791.raw.15.zip","4233291225","PDAC",TRUE
"Ge0714","4233291225_C","pancreatic ductal adenocarcinoma","pancreatic ductal adenocarcinoma tissue","Ge0714_4233291225_C.qnorm.log.txt","https://ftp.ebi.ac.uk/pub/databases/microarray/data/experiment/MTAB/E-MTAB-1791/E-MTAB-1791.raw.15.zip","4233291225","PDAC",TRUE
"Ge0715","4233291225_D","pancreatic ductal adenocarcinoma","pancreatic ductal adenocarcinoma tissue","Ge0715_4233291225_D.qnorm.log.txt","https://ftp.ebi.ac.uk/pub/databases/microarray/data/experiment/MTAB/E-MTAB-1791/E-MTAB-1791.raw.15.zip","4233291225","PDAC",TRUE
"Ge0725","4233291225_E","pancreatic ductal adenocarcinoma","pancreatic ductal adenocarcinoma tissue","Ge0725_4233291225_E.qnorm.log.txt","https://ftp.ebi.ac.uk/pub/databases/microarray/data/experiment/MTAB/E-MTAB-1791/E-MTAB-1791.raw.15.zip","4233291225","PDAC",TRUE
"Ge0726","4233291225_F","pancreatic ductal adenocarcinoma","pancreatic ductal adenocarcinoma tissue","Ge0726_4233291225_F.qnorm.log.txt","https://ftp.ebi.ac.uk/pub/databases/microarray/data/experiment/MTAB/E-MTAB-1791/E-MTAB-1791.raw.15.zip","4233291225","PDAC",TRUE
"Ge0727","4239609018_A","cystic tumor","cystic tumor tissue from pancreas","Ge0727_4239609018_A.qnorm.log.txt","https://ftp.ebi.ac.uk/pub/databases/microarray/data/experiment/MTAB/E-MTAB-1791/E-MTAB-1791.raw.16.zip","4239609018","Excluded_other_context",FALSE
"Ge0730","4239609018_B","pancreatic ductal adenocarcinoma","pancreatic ductal adenocarcinoma tissue","Ge0730_4239609018_B.qnorm.log.txt","https://ftp.ebi.ac.uk/pub/databases/microarray/data/experiment/MTAB/E-MTAB-1791/E-MTAB-1791.raw.16.zip","4239609018","PDAC",TRUE
"Ge0732","4239609018_C","pancreatic ductal adenocarcinoma","pancreatic ductal adenocarcinoma tissue","Ge0732_4239609018_C.qnorm.log.txt","https://ftp.ebi.ac.uk/pub/databases/microarray/data/experiment/MTAB/E-MTAB-1791/E-MTAB-1791.raw.16.zip","4239609018","PDAC",TRUE
"Ge0733","4239609018_D","pancreatic ductal adenocarcinoma","pancreatic ductal adenocarcinoma tissue","Ge0733_4239609018_D.qnorm.log.txt","https://ftp.ebi.ac.uk/pub/databases/microarray/data/experiment/MTAB/E-MTAB-1791/E-MTAB-1791.raw.16.zip","4239609018","PDAC",TRUE
"Ge0734","4239609018_E","pancreatic ductal adenocarcinoma","pancreatic ductal adenocarcinoma tissue","Ge0734_4239609018_E.qnorm.log.txt","https://ftp.ebi.ac.uk/pub/databases/microarray/data/experiment/MTAB/E-MTAB-1791/E-MTAB-1791.raw.16.zip","4239609018","PDAC",TRUE
"Ge0735","4239609018_F","pancreatic ductal adenocarcinoma","pancreatic ductal adenocarcinoma tissue","Ge0735_4239609018_F.qnorm.log.txt","https://ftp.ebi.ac.uk/pub/databases/microarray/data/experiment/MTAB/E-MTAB-1791/E-MTAB-1791.raw.16.zip","4239609018","PDAC",TRUE
"Ge0740","4239609034_A","pancreatic ductal adenocarcinoma","pancreatic ductal adenocarcinoma tissue","Ge0740_4239609034_A.qnorm.log.txt","https://ftp.ebi.ac.uk/pub/databases/microarray/data/experiment/MTAB/E-MTAB-1791/E-MTAB-1791.raw.16.zip","4239609034","PDAC",TRUE
"Ge0741","4239609034_B","pancreatic ductal adenocarcinoma","pancreatic ductal adenocarcinoma tissue","Ge0741_4239609034_B.qnorm.log.txt","https://ftp.ebi.ac.uk/pub/databases/microarray/data/experiment/MTAB/E-MTAB-1791/E-MTAB-1791.raw.16.zip","4239609034","PDAC",TRUE
"Ge0742","4239609034_C","pancreatic ductal adenocarcinoma","pancreatic ductal adenocarcinoma tissue","Ge0742_4239609034_C.qnorm.log.txt","https://ftp.ebi.ac.uk/pub/databases/microarray/data/experiment/MTAB/E-MTAB-1791/E-MTAB-1791.raw.16.zip","4239609034","PDAC",TRUE
"Ge0743","4239609034_D","pancreatic ductal adenocarcinoma","pancreatic ductal adenocarcinoma tissue","Ge0743_4239609034_D.qnorm.log.txt","https://ftp.ebi.ac.uk/pub/databases/microarray/data/experiment/MTAB/E-MTAB-1791/E-MTAB-1791.raw.16.zip","4239609034","PDAC",TRUE
"Ge0746","4239609034_E","pancreatic ductal adenocarcinoma","pancreatic ductal adenocarcinoma tissue","Ge0746_4239609034_E.qnorm.log.txt","https://ftp.ebi.ac.uk/pub/databases/microarray/data/experiment/MTAB/E-MTAB-1791/E-MTAB-1791.raw.16.zip","4239609034","PDAC",TRUE
"Ge0747","4239609034_F","pancreatic ductal adenocarcinoma","pancreatic ductal adenocarcinoma tissue","Ge0747_4239609034_F.qnorm.log.txt","https://ftp.ebi.ac.uk/pub/databases/microarray/data/experiment/MTAB/E-MTAB-1791/E-MTAB-1791.raw.16.zip","4239609034","PDAC",TRUE
"Ge0755","4239609046_B","pancreatic ductal adenocarcinoma","pancreatic ductal adenocarcinoma tissue","Ge0755_4239609046_B.qnorm.log.txt","https://ftp.ebi.ac.uk/pub/databases/microarray/data/experiment/MTAB/E-MTAB-1791/E-MTAB-1791.raw.16.zip","4239609046","PDAC",TRUE
"Ge0757","4239609046_C","pancreatic ductal adenocarcinoma","pancreatic ductal adenocarcinoma tissue","Ge0757_4239609046_C.qnorm.log.txt","https://ftp.ebi.ac.uk/pub/databases/microarray/data/experiment/MTAB/E-MTAB-1791/E-MTAB-1791.raw.16.zip","4239609046","PDAC",TRUE
"Ge0760","4239609046_D","pancreatic ductal adenocarcinoma","pancreatic ductal adenocarcinoma tissue","Ge0760_4239609046_D.qnorm.log.txt","https://ftp.ebi.ac.uk/pub/databases/microarray/data/experiment/MTAB/E-MTAB-1791/E-MTAB-1791.raw.16.zip","4239609046","PDAC",TRUE
"Ge0761","4239609046_E","pancreatic ductal adenocarcinoma","pancreatic ductal adenocarcinoma tissue","Ge0761_4239609046_E.qnorm.log.txt","https://ftp.ebi.ac.uk/pub/databases/microarray/data/experiment/MTAB/E-MTAB-1791/E-MTAB-1791.raw.16.zip","4239609046","PDAC",TRUE
"Ge0762","4239609046_F","pancreatic ductal adenocarcinoma","pancreatic ductal adenocarcinoma tissue","Ge0762_4239609046_F.qnorm.log.txt","https://ftp.ebi.ac.uk/pub/databases/microarray/data/experiment/MTAB/E-MTAB-1791/E-MTAB-1791.raw.16.zip","4239609046","PDAC",TRUE
"Ge0764","4240343021_A","pancreatic ductal adenocarcinoma","pancreatic ductal adenocarcinoma tissue","Ge0764_4240343021_A.qnorm.log.txt","https://ftp.ebi.ac.uk/pub/databases/microarray/data/experiment/MTAB/E-MTAB-1791/E-MTAB-1791.raw.17.zip","4240343021","PDAC",TRUE
"Ge0765","4240343021_B","pancreatic ductal adenocarcinoma","pancreatic ductal adenocarcinoma tissue","Ge0765_4240343021_B.qnorm.log.txt","https://ftp.ebi.ac.uk/pub/databases/microarray/data/experiment/MTAB/E-MTAB-1791/E-MTAB-1791.raw.17.zip","4240343021","PDAC",TRUE
"Ge0767","4240343021_C","pancreatic ductal adenocarcinoma","pancreatic ductal adenocarcinoma tissue","Ge0767_4240343021_C.qnorm.log.txt","https://ftp.ebi.ac.uk/pub/databases/microarray/data/experiment/MTAB/E-MTAB-1791/E-MTAB-1791.raw.17.zip","4240343021","PDAC",TRUE
"Ge0769","4240343021_D","pancreatic ductal adenocarcinoma","pancreatic ductal adenocarcinoma tissue","Ge0769_4240343021_D.qnorm.log.txt","https://ftp.ebi.ac.uk/pub/databases/microarray/data/experiment/MTAB/E-MTAB-1791/E-MTAB-1791.raw.17.zip","4240343021","PDAC",TRUE
"Ge0770","4240343021_E","normal","normal tissue from pancreas with pancreatic ductal adenocarcinoma","Ge0770_4240343021_E.qnorm.log.txt","https://ftp.ebi.ac.uk/pub/databases/microarray/data/experiment/MTAB/E-MTAB-1791/E-MTAB-1791.raw.17.zip","4240343021","Excluded_other_context",FALSE
"Ge0790","4240343021_F","pancreatic ductal adenocarcinoma","pancreatic ductal adenocarcinoma tissue","Ge0790_4240343021_F.qnorm.log.txt","https://ftp.ebi.ac.uk/pub/databases/microarray/data/experiment/MTAB/E-MTAB-1791/E-MTAB-1791.raw.17.zip","4240343021","PDAC",TRUE
"Ge0791","4233291222_A","pancreatic ductal adenocarcinoma","pancreatic ductal adenocarcinoma tissue","Ge0791_4233291222_A.qnorm.log.txt","https://ftp.ebi.ac.uk/pub/databases/microarray/data/experiment/MTAB/E-MTAB-1791/E-MTAB-1791.raw.17.zip","4233291222","PDAC",TRUE
"Ge0792","4233291222_B","pancreatic ductal adenocarcinoma","pancreatic ductal adenocarcinoma tissue","Ge0792_4233291222_B.qnorm.log.txt","https://ftp.ebi.ac.uk/pub/databases/microarray/data/experiment/MTAB/E-MTAB-1791/E-MTAB-1791.raw.17.zip","4233291222","PDAC",TRUE
"Ge0793","4233291222_C","pancreatic ductal adenocarcinoma","pancreatic ductal adenocarcinoma tissue","Ge0793_4233291222_C.qnorm.log.txt","https://ftp.ebi.ac.uk/pub/databases/microarray/data/experiment/MTAB/E-MTAB-1791/E-MTAB-1791.raw.17.zip","4233291222","PDAC",TRUE
"Ge0794","4233291222_D","pancreatic ductal adenocarcinoma","pancreatic ductal adenocarcinoma tissue","Ge0794_4233291222_D.qnorm.log.txt","https://ftp.ebi.ac.uk/pub/databases/microarray/data/experiment/MTAB/E-MTAB-1791/E-MTAB-1791.raw.17.zip","4233291222","PDAC",TRUE
"Ge0796","4233291222_E","pancreatic ductal adenocarcinoma","pancreatic ductal adenocarcinoma tissue","Ge0796_4233291222_E.qnorm.log.txt","https://ftp.ebi.ac.uk/pub/databases/microarray/data/experiment/MTAB/E-MTAB-1791/E-MTAB-1791.raw.17.zip","4233291222","PDAC",TRUE
"Ge0797","4233291222_F","pancreatic ductal adenocarcinoma","pancreatic ductal adenocarcinoma tissue","Ge0797_4233291222_F.qnorm.log.txt","https://ftp.ebi.ac.uk/pub/databases/microarray/data/experiment/MTAB/E-MTAB-1791/E-MTAB-1791.raw.17.zip","4233291222","PDAC",TRUE
"Ge0798","4233291183_A","pancreatic ductal adenocarcinoma","pancreatic ductal adenocarcinoma tissue","Ge0798_4233291183_A.qnorm.log.txt","https://ftp.ebi.ac.uk/pub/databases/microarray/data/experiment/MTAB/E-MTAB-1791/E-MTAB-1791.raw.17.zip","4233291183","PDAC",TRUE
"Ge0799","4233291183_B","pancreatic ductal adenocarcinoma","pancreatic ductal adenocarcinoma tissue","Ge0799_4233291183_B.qnorm.log.txt","https://ftp.ebi.ac.uk/pub/databases/microarray/data/experiment/MTAB/E-MTAB-1791/E-MTAB-1791.raw.17.zip","4233291183","PDAC",TRUE
"Ge0800","4233291183_C","normal","normal tissue from pancreas with pancreatic ductal adenocarcinoma","Ge0800_4233291183_C.qnorm.log.txt","https://ftp.ebi.ac.uk/pub/databases/microarray/data/experiment/MTAB/E-MTAB-1791/E-MTAB-1791.raw.17.zip","4233291183","Excluded_other_context",FALSE
"Ge0801","4233291183_D","pancreatic ductal adenocarcinoma","pancreatic ductal adenocarcinoma tissue","Ge0801_4233291183_D.qnorm.log.txt","https://ftp.ebi.ac.uk/pub/databases/microarray/data/experiment/MTAB/E-MTAB-1791/E-MTAB-1791.raw.17.zip","4233291183","PDAC",TRUE
"Ge0802","4233291183_E","pancreatic ductal adenocarcinoma","pancreatic ductal adenocarcinoma tissue","Ge0802_4233291183_E.qnorm.log.txt","https://ftp.ebi.ac.uk/pub/databases/microarray/data/experiment/MTAB/E-MTAB-1791/E-MTAB-1791.raw.17.zip","4233291183","PDAC",TRUE
"Ge0803","4233291183_F","neoplasm","other tumor tissue from pancreas","Ge0803_4233291183_F.qnorm.log.txt","https://ftp.ebi.ac.uk/pub/databases/microarray/data/experiment/MTAB/E-MTAB-1791/E-MTAB-1791.raw.18.zip","4233291183","Excluded_other_context",FALSE
"Ge0806","4233291226_C","pancreatic ductal adenocarcinoma","pancreatic ductal adenocarcinoma tissue","Ge0806_4233291226_C.qnorm.log.txt","https://ftp.ebi.ac.uk/pub/databases/microarray/data/experiment/MTAB/E-MTAB-1791/E-MTAB-1791.raw.18.zip","4233291226","PDAC",TRUE
"Ge0809","4233291226_E","pancreatic ductal adenocarcinoma","pancreatic ductal adenocarcinoma tissue","Ge0809_4233291226_E.qnorm.log.txt","https://ftp.ebi.ac.uk/pub/databases/microarray/data/experiment/MTAB/E-MTAB-1791/E-MTAB-1791.raw.18.zip","4233291226","PDAC",TRUE
"Ge0811","4233291226_F","pancreatic ductal adenocarcinoma","pancreatic ductal adenocarcinoma tissue","Ge0811_4233291226_F.qnorm.log.txt","https://ftp.ebi.ac.uk/pub/databases/microarray/data/experiment/MTAB/E-MTAB-1791/E-MTAB-1791.raw.18.zip","4233291226","PDAC",TRUE
"Ge0812","4233291131_A","pancreatic ductal adenocarcinoma","pancreatic ductal adenocarcinoma tissue","Ge0812_4233291131_A.qnorm.log.txt","https://ftp.ebi.ac.uk/pub/databases/microarray/data/experiment/MTAB/E-MTAB-1791/E-MTAB-1791.raw.18.zip","4233291131","PDAC",TRUE
"Ge0813","4233291131_B","pancreatic ductal adenocarcinoma","pancreatic ductal adenocarcinoma tissue","Ge0813_4233291131_B.qnorm.log.txt","https://ftp.ebi.ac.uk/pub/databases/microarray/data/experiment/MTAB/E-MTAB-1791/E-MTAB-1791.raw.18.zip","4233291131","PDAC",TRUE
"Ge0814","4233291184_C","pancreatic ductal adenocarcinoma","pancreatic ductal adenocarcinoma tissue","Ge0814_4233291184_C.qnorm.log.txt","https://ftp.ebi.ac.uk/pub/databases/microarray/data/experiment/MTAB/E-MTAB-1791/E-MTAB-1791.raw.18.zip","4233291184","PDAC",TRUE
"Ge0815","4233291070_C","pancreatic ductal adenocarcinoma","pancreatic ductal adenocarcinoma tissue","Ge0815_4233291070_C.qnorm.log.txt","https://ftp.ebi.ac.uk/pub/databases/microarray/data/experiment/MTAB/E-MTAB-1791/E-MTAB-1791.raw.18.zip","4233291070","PDAC",TRUE
"Ge0819","4233291179_B","normal","normal tissue from pancreas with other tumors","Ge0819_4233291179_B.qnorm.log.txt","https://ftp.ebi.ac.uk/pub/databases/microarray/data/experiment/MTAB/E-MTAB-1791/E-MTAB-1791.raw.18.zip","4233291179","Excluded_other_context",FALSE
"Ge0821","4239609039_D","pancreatic ductal adenocarcinoma","pancreatic ductal adenocarcinoma tissue","Ge0821_4239609039_D.qnorm.log.txt","https://ftp.ebi.ac.uk/pub/databases/microarray/data/experiment/MTAB/E-MTAB-1791/E-MTAB-1791.raw.18.zip","4239609039","PDAC",TRUE
"Ge0822","4233291179_D","pancreatic ductal adenocarcinoma","pancreatic ductal adenocarcinoma tissue","Ge0822_4233291179_D.qnorm.log.txt","https://ftp.ebi.ac.uk/pub/databases/microarray/data/experiment/MTAB/E-MTAB-1791/E-MTAB-1791.raw.18.zip","4233291179","PDAC",TRUE
"Ge0828","4233291179_F","normal","normal tissue from healthy pancreas","Ge0828_4233291179_F.qnorm.log.txt","https://ftp.ebi.ac.uk/pub/databases/microarray/data/experiment/MTAB/E-MTAB-1791/E-MTAB-1791.raw.18.zip","4233291179","Excluded_other_context",FALSE
"Ge0829","4239609039_A","normal","normal tissue from healthy pancreas","Ge0829_4239609039_A.qnorm.log.txt","https://ftp.ebi.ac.uk/pub/databases/microarray/data/experiment/MTAB/E-MTAB-1791/E-MTAB-1791.raw.18.zip","4239609039","Excluded_other_context",FALSE
"Ge0830","4239609039_B","normal","normal tissue from healthy pancreas","Ge0830_4239609039_B.qnorm.log.txt","https://ftp.ebi.ac.uk/pub/databases/microarray/data/experiment/MTAB/E-MTAB-1791/E-MTAB-1791.raw.18.zip","4239609039","Excluded_other_context",FALSE
"Ge0831","4239609039_C","normal","normal tissue from healthy pancreas","Ge0831_4239609039_C.qnorm.log.txt","https://ftp.ebi.ac.uk/pub/databases/microarray/data/experiment/MTAB/E-MTAB-1791/E-MTAB-1791.raw.18.zip","4239609039","Excluded_other_context",FALSE
"Ge0832","4233291131_E","pancreatic ductal adenocarcinoma","pancreatic ductal adenocarcinoma tissue","Ge0832_4233291131_E.qnorm.log.txt","https://ftp.ebi.ac.uk/pub/databases/microarray/data/experiment/MTAB/E-MTAB-1791/E-MTAB-1791.raw.18.zip","4233291131","PDAC",TRUE
"Ge0833","4233291131_F","normal","normal tissue from pancreas with pancreatic ductal adenocarcinoma","Ge0833_4233291131_F.qnorm.log.txt","https://ftp.ebi.ac.uk/pub/databases/microarray/data/experiment/MTAB/E-MTAB-1791/E-MTAB-1791.raw.18.zip","4233291131","Excluded_other_context",FALSE
"Ge0834","4233291133_A","normal","normal tissue from pancreas with pancreatic ductal adenocarcinoma","Ge0834_4233291133_A.qnorm.log.txt","https://ftp.ebi.ac.uk/pub/databases/microarray/data/experiment/MTAB/E-MTAB-1791/E-MTAB-1791.raw.19.zip","4233291133","Excluded_other_context",FALSE
"Ge0835","4233291133_B","pancreatic ductal adenocarcinoma","pancreatic ductal adenocarcinoma tissue","Ge0835_4233291133_B.qnorm.log.txt","https://ftp.ebi.ac.uk/pub/databases/microarray/data/experiment/MTAB/E-MTAB-1791/E-MTAB-1791.raw.19.zip","4233291133","PDAC",TRUE
"Ge0836","4233291133_C","pancreatic ductal adenocarcinoma","pancreatic ductal adenocarcinoma tissue","Ge0836_4233291133_C.qnorm.log.txt","https://ftp.ebi.ac.uk/pub/databases/microarray/data/experiment/MTAB/E-MTAB-1791/E-MTAB-1791.raw.19.zip","4233291133","PDAC",TRUE
"Ge0837","4233291133_D","pancreatitis","pancreatitis tissue from pancreas with pancreatic ductal adenocarcinoma","Ge0837_4233291133_D.qnorm.log.txt","https://ftp.ebi.ac.uk/pub/databases/microarray/data/experiment/MTAB/E-MTAB-1791/E-MTAB-1791.raw.19.zip","4233291133","Pancreatitis_associated_context",FALSE
"Ge0838","4233291133_E","pancreatic ductal adenocarcinoma","pancreatic ductal adenocarcinoma tissue","Ge0838_4233291133_E.qnorm.log.txt","https://ftp.ebi.ac.uk/pub/databases/microarray/data/experiment/MTAB/E-MTAB-1791/E-MTAB-1791.raw.19.zip","4233291133","PDAC",TRUE
"Ge0839","4233291133_F","normal","normal tissue from pancreas with pancreatic ductal adenocarcinoma","Ge0839_4233291133_F.qnorm.log.txt","https://ftp.ebi.ac.uk/pub/databases/microarray/data/experiment/MTAB/E-MTAB-1791/E-MTAB-1791.raw.19.zip","4233291133","Excluded_other_context",FALSE
"Ge0840","4233291123_A","pancreatic ductal adenocarcinoma","pancreatic ductal adenocarcinoma tissue","Ge0840_4233291123_A.qnorm.log.txt","https://ftp.ebi.ac.uk/pub/databases/microarray/data/experiment/MTAB/E-MTAB-1791/E-MTAB-1791.raw.19.zip","4233291123","PDAC",TRUE
"Ge0841","4233291123_B","pancreatic ductal adenocarcinoma","pancreatic ductal adenocarcinoma tissue","Ge0841_4233291123_B.qnorm.log.txt","https://ftp.ebi.ac.uk/pub/databases/microarray/data/experiment/MTAB/E-MTAB-1791/E-MTAB-1791.raw.19.zip","4233291123","PDAC",TRUE
"Ge0842","4233291123_C","normal","normal tissue from pancreas with pancreatic ductal adenocarcinoma","Ge0842_4233291123_C.qnorm.log.txt","https://ftp.ebi.ac.uk/pub/databases/microarray/data/experiment/MTAB/E-MTAB-1791/E-MTAB-1791.raw.19.zip","4233291123","Excluded_other_context",FALSE
"Ge0843","4233291123_D","pancreatic ductal adenocarcinoma","pancreatic ductal adenocarcinoma tissue","Ge0843_4233291123_D.qnorm.log.txt","https://ftp.ebi.ac.uk/pub/databases/microarray/data/experiment/MTAB/E-MTAB-1791/E-MTAB-1791.raw.19.zip","4233291123","PDAC",TRUE
"Ge0844","4233291123_E","pancreatic ductal adenocarcinoma","pancreatic ductal adenocarcinoma tissue","Ge0844_4233291123_E.qnorm.log.txt","https://ftp.ebi.ac.uk/pub/databases/microarray/data/experiment/MTAB/E-MTAB-1791/E-MTAB-1791.raw.19.zip","4233291123","PDAC",TRUE
"Ge0845","4233291123_F","pancreatic ductal adenocarcinoma","pancreatic ductal adenocarcinoma tissue","Ge0845_4233291123_F.qnorm.log.txt","https://ftp.ebi.ac.uk/pub/databases/microarray/data/experiment/MTAB/E-MTAB-1791/E-MTAB-1791.raw.19.zip","4233291123","PDAC",TRUE
"Ge0846","4233291198_C","pancreatitis","pancreatitis tissue from pancreas with pancreatic ductal adenocarcinoma","Ge0846_4233291198_C.qnorm.log.txt","https://ftp.ebi.ac.uk/pub/databases/microarray/data/experiment/MTAB/E-MTAB-1791/E-MTAB-1791.raw.19.zip","4233291198","Pancreatitis_associated_context",FALSE
"Ge0847","4233291198_D","pancreatic ductal adenocarcinoma","pancreatic ductal adenocarcinoma tissue","Ge0847_4233291198_D.qnorm.log.txt","https://ftp.ebi.ac.uk/pub/databases/microarray/data/experiment/MTAB/E-MTAB-1791/E-MTAB-1791.raw.19.zip","4233291198","PDAC",TRUE
"Ge0848","4233291198_E","pancreatic ductal adenocarcinoma","pancreatic ductal adenocarcinoma tissue","Ge0848_4233291198_E.qnorm.log.txt","https://ftp.ebi.ac.uk/pub/databases/microarray/data/experiment/MTAB/E-MTAB-1791/E-MTAB-1791.raw.19.zip","4233291198","PDAC",TRUE
"Ge0849","4233291198_F","pancreatic ductal adenocarcinoma","pancreatic ductal adenocarcinoma tissue","Ge0849_4233291198_F.qnorm.log.txt","https://ftp.ebi.ac.uk/pub/databases/microarray/data/experiment/MTAB/E-MTAB-1791/E-MTAB-1791.raw.19.zip","4233291198","PDAC",TRUE
"Ge0850","4233291138_C","pancreatic ductal adenocarcinoma","pancreatic ductal adenocarcinoma tissue","Ge0850_4233291138_C.qnorm.log.txt","https://ftp.ebi.ac.uk/pub/databases/microarray/data/experiment/MTAB/E-MTAB-1791/E-MTAB-1791.raw.19.zip","4233291138","PDAC",TRUE
"Ge0851","4233291177_C","pancreatic ductal adenocarcinoma","pancreatic ductal adenocarcinoma tissue","Ge0851_4233291177_C.qnorm.log.txt","https://ftp.ebi.ac.uk/pub/databases/microarray/data/experiment/MTAB/E-MTAB-1791/E-MTAB-1791.raw.20.zip","4233291177","PDAC",TRUE
"Ge0852","4233291190_A","pancreatic ductal adenocarcinoma","pancreatic ductal adenocarcinoma tissue","Ge0852_4233291190_A.qnorm.log.txt","https://ftp.ebi.ac.uk/pub/databases/microarray/data/experiment/MTAB/E-MTAB-1791/E-MTAB-1791.raw.20.zip","4233291190","PDAC",TRUE
"Ge0853","4233291185_F","normal","normal tissue from pancreas with pancreatic ductal adenocarcinoma","Ge0853_4233291185_F.qnorm.log.txt","https://ftp.ebi.ac.uk/pub/databases/microarray/data/experiment/MTAB/E-MTAB-1791/E-MTAB-1791.raw.20.zip","4233291185","Excluded_other_context",FALSE
"Ge0854","4233291177_F","pancreatic ductal adenocarcinoma","pancreatic ductal adenocarcinoma tissue","Ge0854_4233291177_F.qnorm.log.txt","https://ftp.ebi.ac.uk/pub/databases/microarray/data/experiment/MTAB/E-MTAB-1791/E-MTAB-1791.raw.20.zip","4233291177","PDAC",TRUE
"Ge0855","4233291138_D","pancreatic ductal adenocarcinoma","pancreatic ductal adenocarcinoma tissue","Ge0855_4233291138_D.qnorm.log.txt","https://ftp.ebi.ac.uk/pub/databases/microarray/data/experiment/MTAB/E-MTAB-1791/E-MTAB-1791.raw.20.zip","4233291138","PDAC",TRUE
"Ge0856","4233291198_A","pancreatic ductal adenocarcinoma","pancreatic ductal adenocarcinoma tissue","Ge0856_4233291198_A.qnorm.log.txt","https://ftp.ebi.ac.uk/pub/databases/microarray/data/experiment/MTAB/E-MTAB-1791/E-MTAB-1791.raw.20.zip","4233291198","PDAC",TRUE
"Ge0857","4233291198_B","normal","normal tissue from healthy pancreas","Ge0857_4233291198_B.qnorm.log.txt","https://ftp.ebi.ac.uk/pub/databases/microarray/data/experiment/MTAB/E-MTAB-1791/E-MTAB-1791.raw.20.zip","4233291198","Excluded_other_context",FALSE
"Ge0858","4233291186_E","normal","normal tissue from healthy pancreas","Ge0858_4233291186_E.qnorm.log.txt","https://ftp.ebi.ac.uk/pub/databases/microarray/data/experiment/MTAB/E-MTAB-1791/E-MTAB-1791.raw.20.zip","4233291186","Excluded_other_context",FALSE
"Ge0859","4233291184_D","normal","normal tissue from healthy pancreas","Ge0859_4233291184_D.qnorm.log.txt","https://ftp.ebi.ac.uk/pub/databases/microarray/data/experiment/MTAB/E-MTAB-1791/E-MTAB-1791.raw.20.zip","4233291184","Excluded_other_context",FALSE
"Ge0863","4233291185_A","normal","normal tissue from healthy pancreas","Ge0863_4233291185_A.qnorm.log.txt","https://ftp.ebi.ac.uk/pub/databases/microarray/data/experiment/MTAB/E-MTAB-1791/E-MTAB-1791.raw.20.zip","4233291185","Excluded_other_context",FALSE
"Ge0864","4233291235_A","pancreatic ductal adenocarcinoma","pancreatic ductal adenocarcinoma tissue","Ge0864_4233291235_A.qnorm.log.txt","https://ftp.ebi.ac.uk/pub/databases/microarray/data/experiment/MTAB/E-MTAB-1791/E-MTAB-1791.raw.20.zip","4233291235","PDAC",TRUE
"Ge0865","4233291235_F","pancreatic ductal adenocarcinoma","pancreatic ductal adenocarcinoma tissue","Ge0865_4233291235_F.qnorm.log.txt","https://ftp.ebi.ac.uk/pub/databases/microarray/data/experiment/MTAB/E-MTAB-1791/E-MTAB-1791.raw.20.zip","4233291235","PDAC",TRUE
"Ge0866","4233291138_E","pancreatic ductal adenocarcinoma","pancreatic ductal adenocarcinoma tissue","Ge0866_4233291138_E.qnorm.log.txt","https://ftp.ebi.ac.uk/pub/databases/microarray/data/experiment/MTAB/E-MTAB-1791/E-MTAB-1791.raw.20.zip","4233291138","PDAC",TRUE
"Ge0867","4233291215_F","pancreatic ductal adenocarcinoma","pancreatic ductal adenocarcinoma tissue","Ge0867_4233291215_F.qnorm.log.txt","https://ftp.ebi.ac.uk/pub/databases/microarray/data/experiment/MTAB/E-MTAB-1791/E-MTAB-1791.raw.20.zip","4233291215","PDAC",TRUE
"Ge0868","4233291186_D","pancreatic ductal adenocarcinoma","pancreatic ductal adenocarcinoma tissue","Ge0868_4233291186_D.qnorm.log.txt","https://ftp.ebi.ac.uk/pub/databases/microarray/data/experiment/MTAB/E-MTAB-1791/E-MTAB-1791.raw.20.zip","4233291186","PDAC",TRUE
"Ge0869","4233291184_E","normal","normal tissue from pancreas with pancreatic ductal adenocarcinoma","Ge0869_4233291184_E.qnorm.log.txt","https://ftp.ebi.ac.uk/pub/databases/microarray/data/experiment/MTAB/E-MTAB-1791/E-MTAB-1791.raw.20.zip","4233291184","Excluded_other_context",FALSE
"Ge0870","4233291186_F","pancreatic ductal adenocarcinoma","pancreatic ductal adenocarcinoma tissue","Ge0870_4233291186_F.qnorm.log.txt","https://ftp.ebi.ac.uk/pub/databases/microarray/data/experiment/MTAB/E-MTAB-1791/E-MTAB-1791.raw.20.zip","4233291186","PDAC",TRUE
"Ge0871","4233291177_E","pancreatic ductal adenocarcinoma","pancreatic ductal adenocarcinoma tissue","Ge0871_4233291177_E.qnorm.log.txt","https://ftp.ebi.ac.uk/pub/databases/microarray/data/experiment/MTAB/E-MTAB-1791/E-MTAB-1791.raw.21.zip","4233291177","PDAC",TRUE
"Ge0872","4233291185_E","normal","normal tissue from healthy pancreas","Ge0872_4233291185_E.qnorm.log.txt","https://ftp.ebi.ac.uk/pub/databases/microarray/data/experiment/MTAB/E-MTAB-1791/E-MTAB-1791.raw.21.zip","4233291185","Excluded_other_context",FALSE
"Ge0873","4233291235_E","normal","normal tissue from healthy pancreas","Ge0873_4233291235_E.qnorm.log.txt","https://ftp.ebi.ac.uk/pub/databases/microarray/data/experiment/MTAB/E-MTAB-1791/E-MTAB-1791.raw.21.zip","4233291235","Excluded_other_context",FALSE
"Ge0874","4233291227_C","normal","normal tissue from healthy pancreas","Ge0874_4233291227_C.qnorm.log.txt","https://ftp.ebi.ac.uk/pub/databases/microarray/data/experiment/MTAB/E-MTAB-1791/E-MTAB-1791.raw.21.zip","4233291227","Excluded_other_context",FALSE
"Ge0875","4233291138_F","normal","normal tissue from healthy pancreas","Ge0875_4233291138_F.qnorm.log.txt","https://ftp.ebi.ac.uk/pub/databases/microarray/data/experiment/MTAB/E-MTAB-1791/E-MTAB-1791.raw.21.zip","4233291138","Excluded_other_context",FALSE
"Ge0876","4233291215_E","normal","normal tissue from healthy pancreas","Ge0876_4233291215_E.qnorm.log.txt","https://ftp.ebi.ac.uk/pub/databases/microarray/data/experiment/MTAB/E-MTAB-1791/E-MTAB-1791.raw.21.zip","4233291215","Excluded_other_context",FALSE
"Ge0877","4233291186_C","normal","normal tissue from healthy pancreas","Ge0877_4233291186_C.qnorm.log.txt","https://ftp.ebi.ac.uk/pub/databases/microarray/data/experiment/MTAB/E-MTAB-1791/E-MTAB-1791.raw.21.zip","4233291186","Excluded_other_context",FALSE
"Ge0878","4233291177_A","endocrine tumor","endocrine tumor tissue from pancreas","Ge0878_4233291177_A.qnorm.log.txt","https://ftp.ebi.ac.uk/pub/databases/microarray/data/experiment/MTAB/E-MTAB-1791/E-MTAB-1791.raw.21.zip","4233291177","Excluded_other_context",FALSE
"Ge0879","4233291185_C","endocrine tumor","endocrine tumor tissue from pancreas","Ge0879_4233291185_C.qnorm.log.txt","https://ftp.ebi.ac.uk/pub/databases/microarray/data/experiment/MTAB/E-MTAB-1791/E-MTAB-1791.raw.21.zip","4233291185","Excluded_other_context",FALSE
"Ge0880","4233291185_B","normal","normal tissue from healthy pancreas","Ge0880_4233291185_B.qnorm.log.txt","https://ftp.ebi.ac.uk/pub/databases/microarray/data/experiment/MTAB/E-MTAB-1791/E-MTAB-1791.raw.21.zip","4233291185","Excluded_other_context",FALSE
"Ge0881","4233291235_D","normal","normal tissue from healthy pancreas","Ge0881_4233291235_D.qnorm.log.txt","https://ftp.ebi.ac.uk/pub/databases/microarray/data/experiment/MTAB/E-MTAB-1791/E-MTAB-1791.raw.21.zip","4233291235","Excluded_other_context",FALSE
"Ge0882","4233291227_E","normal","normal tissue from healthy pancreas","Ge0882_4233291227_E.qnorm.log.txt","https://ftp.ebi.ac.uk/pub/databases/microarray/data/experiment/MTAB/E-MTAB-1791/E-MTAB-1791.raw.21.zip","4233291227","Excluded_other_context",FALSE
"Ge0883","4233291215_B","normal","normal tissue from healthy pancreas","Ge0883_4233291215_B.qnorm.log.txt","https://ftp.ebi.ac.uk/pub/databases/microarray/data/experiment/MTAB/E-MTAB-1791/E-MTAB-1791.raw.21.zip","4233291215","Excluded_other_context",FALSE
"Ge0884","4233291215_D","normal","normal tissue from healthy pancreas","Ge0884_4233291215_D.qnorm.log.txt","https://ftp.ebi.ac.uk/pub/databases/microarray/data/experiment/MTAB/E-MTAB-1791/E-MTAB-1791.raw.21.zip","4233291215","Excluded_other_context",FALSE
"Ge0885","4233291186_B","normal","normal tissue from healthy pancreas","Ge0885_4233291186_B.qnorm.log.txt","https://ftp.ebi.ac.uk/pub/databases/microarray/data/experiment/MTAB/E-MTAB-1791/E-MTAB-1791.raw.21.zip","4233291186","Excluded_other_context",FALSE
"Ge0886","4233291177_D","pancreatitis","pancreatitis tissue from pancreas with pancreatitis","Ge0886_4233291177_D.qnorm.log.txt","https://ftp.ebi.ac.uk/pub/databases/microarray/data/experiment/MTAB/E-MTAB-1791/E-MTAB-1791.raw.21.zip","4233291177","CP",TRUE
"Ge0887","4233291177_B","pancreatitis","pancreatitis tissue from pancreas with pancreatitis","Ge0887_4233291177_B.qnorm.log.txt","https://ftp.ebi.ac.uk/pub/databases/microarray/data/experiment/MTAB/E-MTAB-1791/E-MTAB-1791.raw.21.zip","4233291177","CP",TRUE
"Ge0889","4233291148_A","pancreatitis","pancreatitis tissue from pancreas with pancreatitis","Ge0889_4233291148_A.qnorm.log.txt","https://ftp.ebi.ac.uk/pub/databases/microarray/data/experiment/MTAB/E-MTAB-1791/E-MTAB-1791.raw.22.zip","4233291148","CP",TRUE
"Ge0890","4233291185_D","pancreatitis","pancreatitis tissue from pancreas with pancreatitis","Ge0890_4233291185_D.qnorm.log.txt","https://ftp.ebi.ac.uk/pub/databases/microarray/data/experiment/MTAB/E-MTAB-1791/E-MTAB-1791.raw.22.zip","4233291185","CP",TRUE
"Ge0892","4233291235_C","pancreatitis","pancreatitis tissue from pancreas with pancreatitis","Ge0892_4233291235_C.qnorm.log.txt","https://ftp.ebi.ac.uk/pub/databases/microarray/data/experiment/MTAB/E-MTAB-1791/E-MTAB-1791.raw.22.zip","4233291235","CP",TRUE
"Ge0893","4233291190_B","pancreatitis","pancreatitis tissue from pancreas with pancreatitis","Ge0893_4233291190_B.qnorm.log.txt","https://ftp.ebi.ac.uk/pub/databases/microarray/data/experiment/MTAB/E-MTAB-1791/E-MTAB-1791.raw.22.zip","4233291190","CP",TRUE
"Ge0894","4233291235_B","pancreatitis","pancreatitis tissue from pancreas with pancreatitis","Ge0894_4233291235_B.qnorm.log.txt","https://ftp.ebi.ac.uk/pub/databases/microarray/data/experiment/MTAB/E-MTAB-1791/E-MTAB-1791.raw.22.zip","4233291235","CP",TRUE
"Ge0895","4233291215_A","pancreatitis","pancreatitis tissue from pancreas with pancreatitis","Ge0895_4233291215_A.qnorm.log.txt","https://ftp.ebi.ac.uk/pub/databases/microarray/data/experiment/MTAB/E-MTAB-1791/E-MTAB-1791.raw.22.zip","4233291215","CP",TRUE
"Ge0896","4233291215_C","pancreatitis","pancreatitis tissue from pancreas with pancreatitis","Ge0896_4233291215_C.qnorm.log.txt","https://ftp.ebi.ac.uk/pub/databases/microarray/data/experiment/MTAB/E-MTAB-1791/E-MTAB-1791.raw.22.zip","4233291215","CP",TRUE
"Ge0897","4233291186_A","pancreatitis","pancreatitis tissue from pancreas with pancreatitis","Ge0897_4233291186_A.qnorm.log.txt","https://ftp.ebi.ac.uk/pub/databases/microarray/data/experiment/MTAB/E-MTAB-1791/E-MTAB-1791.raw.22.zip","4233291186","CP",TRUE
"Ge0898","4233291098_F","pancreatitis","pancreatitis tissue from pancreas with pancreatitis","Ge0898_4233291098_F.qnorm.log.txt","https://ftp.ebi.ac.uk/pub/databases/microarray/data/experiment/MTAB/E-MTAB-1791/E-MTAB-1791.raw.22.zip","4233291098","CP",TRUE
"Ge0899","4233291148_B","pancreatitis","pancreatitis tissue from pancreas with pancreatitis","Ge0899_4233291148_B.qnorm.log.txt","https://ftp.ebi.ac.uk/pub/databases/microarray/data/experiment/MTAB/E-MTAB-1791/E-MTAB-1791.raw.22.zip","4233291148","CP",TRUE
"Ge0900","4233291148_C","pancreatitis","pancreatitis tissue from pancreas with pancreatitis","Ge0900_4233291148_C.qnorm.log.txt","https://ftp.ebi.ac.uk/pub/databases/microarray/data/experiment/MTAB/E-MTAB-1791/E-MTAB-1791.raw.22.zip","4233291148","CP",TRUE
"Ge0901","4233291148_D","normal","normal tissue from pancreas with pancreatitis","Ge0901_4233291148_D.qnorm.log.txt","https://ftp.ebi.ac.uk/pub/databases/microarray/data/experiment/MTAB/E-MTAB-1791/E-MTAB-1791.raw.22.zip","4233291148","Excluded_other_context",FALSE
"Ge0902","4233291190_E","pancreatitis","pancreatitis tissue from pancreas with pancreatitis","Ge0902_4233291190_E.qnorm.log.txt","https://ftp.ebi.ac.uk/pub/databases/microarray/data/experiment/MTAB/E-MTAB-1791/E-MTAB-1791.raw.22.zip","4233291190","CP",TRUE
"Ge0903","4233291148_E","normal","normal tissue from pancreas with pancreatitis","Ge0903_4233291148_E.qnorm.log.txt","https://ftp.ebi.ac.uk/pub/databases/microarray/data/experiment/MTAB/E-MTAB-1791/E-MTAB-1791.raw.22.zip","4233291148","Excluded_other_context",FALSE
"Ge0905","4233291148_F","normal","normal tissue from pancreas with pancreatitis","Ge0905_4233291148_F.qnorm.log.txt","https://ftp.ebi.ac.uk/pub/databases/microarray/data/experiment/MTAB/E-MTAB-1791/E-MTAB-1791.raw.22.zip","4233291148","Excluded_other_context",FALSE
"Ge0906","4239609055_A","pancreatitis","pancreatitis tissue from pancreas with pancreatitis","Ge0906_4239609055_A.qnorm.log.txt","https://ftp.ebi.ac.uk/pub/databases/microarray/data/experiment/MTAB/E-MTAB-1791/E-MTAB-1791.raw.22.zip","4239609055","CP",TRUE
"Ge0907","4239609055_D","normal","normal tissue from pancreas with pancreatitis","Ge0907_4239609055_D.qnorm.log.txt","https://ftp.ebi.ac.uk/pub/databases/microarray/data/experiment/MTAB/E-MTAB-1791/E-MTAB-1791.raw.22.zip","4239609055","Excluded_other_context",FALSE
"Ge0908","4239609055_C","pancreatitis","pancreatitis tissue from pancreas with pancreatitis","Ge0908_4239609055_C.qnorm.log.txt","https://ftp.ebi.ac.uk/pub/databases/microarray/data/experiment/MTAB/E-MTAB-1791/E-MTAB-1791.raw.23.zip","4239609055","CP",TRUE
"Ge0909","4239609055_B","normal","normal tissue from pancreas with pancreatitis","Ge0909_4239609055_B.qnorm.log.txt","https://ftp.ebi.ac.uk/pub/databases/microarray/data/experiment/MTAB/E-MTAB-1791/E-MTAB-1791.raw.23.zip","4239609055","Excluded_other_context",FALSE
"Ge0910","4239609055_F","pancreatitis","pancreatitis tissue from pancreas with pancreatitis","Ge0910_4239609055_F.qnorm.log.txt","https://ftp.ebi.ac.uk/pub/databases/microarray/data/experiment/MTAB/E-MTAB-1791/E-MTAB-1791.raw.23.zip","4239609055","CP",TRUE
"Ge0911","4239609055_E","normal","normal tissue from pancreas with pancreatitis","Ge0911_4239609055_E.qnorm.log.txt","https://ftp.ebi.ac.uk/pub/databases/microarray/data/experiment/MTAB/E-MTAB-1791/E-MTAB-1791.raw.23.zip","4239609055","Excluded_other_context",FALSE
"Ge0912","4239609035_B","normal","normal tissue from healthy pancreas","Ge0912_4239609035_B.qnorm.log.txt","https://ftp.ebi.ac.uk/pub/databases/microarray/data/experiment/MTAB/E-MTAB-1791/E-MTAB-1791.raw.23.zip","4239609035","Excluded_other_context",FALSE
"Ge0913","4239609035_C","normal","normal tissue from healthy pancreas","Ge0913_4239609035_C.qnorm.log.txt","https://ftp.ebi.ac.uk/pub/databases/microarray/data/experiment/MTAB/E-MTAB-1791/E-MTAB-1791.raw.23.zip","4239609035","Excluded_other_context",FALSE
"Ge0915","4233291142_D","pancreatitis","pancreatitis tissue from pancreas with pancreatitis","Ge0915_4233291142_D.qnorm.log.txt","https://ftp.ebi.ac.uk/pub/databases/microarray/data/experiment/MTAB/E-MTAB-1791/E-MTAB-1791.raw.23.zip","4233291142","CP",TRUE
"Ge0917","4239609035_D","pancreatitis","pancreatitis tissue from pancreas with pancreatitis","Ge0917_4239609035_D.qnorm.log.txt","https://ftp.ebi.ac.uk/pub/databases/microarray/data/experiment/MTAB/E-MTAB-1791/E-MTAB-1791.raw.23.zip","4239609035","CP",TRUE
"Ge0918","4239609035_E","normal","normal tissue from pancreas with other tumors","Ge0918_4239609035_E.qnorm.log.txt","https://ftp.ebi.ac.uk/pub/databases/microarray/data/experiment/MTAB/E-MTAB-1791/E-MTAB-1791.raw.23.zip","4239609035","Excluded_other_context",FALSE
"Ge0931","4239609035_F","normal","normal tissue from healthy pancreas","Ge0931_4239609035_F.qnorm.log.txt","https://ftp.ebi.ac.uk/pub/databases/microarray/data/experiment/MTAB/E-MTAB-1791/E-MTAB-1791.raw.23.zip","4239609035","Excluded_other_context",FALSE
"Ge0932","4233291142_A","normal","normal tissue from healthy pancreas","Ge0932_4233291142_A.qnorm.log.txt","https://ftp.ebi.ac.uk/pub/databases/microarray/data/experiment/MTAB/E-MTAB-1791/E-MTAB-1791.raw.23.zip","4233291142","Excluded_other_context",FALSE
"Ge0933","4233291142_B","normal","normal tissue from healthy pancreas","Ge0933_4233291142_B.qnorm.log.txt","https://ftp.ebi.ac.uk/pub/databases/microarray/data/experiment/MTAB/E-MTAB-1791/E-MTAB-1791.raw.23.zip","4233291142","Excluded_other_context",FALSE
"Ge0935","4233291142_F","normal","normal tissue from healthy pancreas","Ge0935_4233291142_F.qnorm.log.txt","https://ftp.ebi.ac.uk/pub/databases/microarray/data/experiment/MTAB/E-MTAB-1791/E-MTAB-1791.raw.23.zip","4233291142","Excluded_other_context",FALSE
"Ge0936","4233291216_A","normal","normal tissue from healthy pancreas","Ge0936_4233291216_A.qnorm.log.txt","https://ftp.ebi.ac.uk/pub/databases/microarray/data/experiment/MTAB/E-MTAB-1791/E-MTAB-1791.raw.23.zip","4233291216","Excluded_other_context",FALSE
"Ge0937","4233291216_B","normal","normal tissue from healthy pancreas","Ge0937_4233291216_B.qnorm.log.txt","https://ftp.ebi.ac.uk/pub/databases/microarray/data/experiment/MTAB/E-MTAB-1791/E-MTAB-1791.raw.23.zip","4233291216","Excluded_other_context",FALSE
"Ge0938","4233291216_C","normal","normal tissue from healthy pancreas","Ge0938_4233291216_C.qnorm.log.txt","https://ftp.ebi.ac.uk/pub/databases/microarray/data/experiment/MTAB/E-MTAB-1791/E-MTAB-1791.raw.23.zip","4233291216","Excluded_other_context",FALSE
"Ge0939","4233291216_D","pancreatitis","pancreatitis tissue from pancreas with pancreatitis","Ge0939_4233291216_D.qnorm.log.txt","https://ftp.ebi.ac.uk/pub/databases/microarray/data/experiment/MTAB/E-MTAB-1791/E-MTAB-1791.raw.23.zip","4233291216","CP",TRUE
"Ge0941","4233291216_F","pancreatitis","pancreatitis tissue from pancreas with pancreatitis","Ge0941_4233291216_F.qnorm.log.txt","https://ftp.ebi.ac.uk/pub/databases/microarray/data/experiment/MTAB/E-MTAB-1791/E-MTAB-1791.raw.24.zip","4233291216","CP",TRUE
"Ge0942","4233291144_A","normal","normal tissue from pancreas with pancreatitis","Ge0942_4233291144_A.qnorm.log.txt","https://ftp.ebi.ac.uk/pub/databases/microarray/data/experiment/MTAB/E-MTAB-1791/E-MTAB-1791.raw.24.zip","4233291144","Excluded_other_context",FALSE
"Ge0943","4233291144_B","normal","normal tissue from pancreas with pancreatic ductal adenocarcinoma","Ge0943_4233291144_B.qnorm.log.txt","https://ftp.ebi.ac.uk/pub/databases/microarray/data/experiment/MTAB/E-MTAB-1791/E-MTAB-1791.raw.24.zip","4233291144","Excluded_other_context",FALSE
"Ge0944","4233291144_C","pancreatic ductal adenocarcinoma","pancreatic ductal adenocarcinoma tissue","Ge0944_4233291144_C.qnorm.log.txt","https://ftp.ebi.ac.uk/pub/databases/microarray/data/experiment/MTAB/E-MTAB-1791/E-MTAB-1791.raw.24.zip","4233291144","PDAC",TRUE
"Ge0945","4233291144_D","pancreatic ductal adenocarcinoma","pancreatic ductal adenocarcinoma tissue","Ge0945_4233291144_D.qnorm.log.txt","https://ftp.ebi.ac.uk/pub/databases/microarray/data/experiment/MTAB/E-MTAB-1791/E-MTAB-1791.raw.24.zip","4233291144","PDAC",TRUE
"Ge0946","4233291144_E","normal","normal tissue from pancreas with pancreatic ductal adenocarcinoma","Ge0946_4233291144_E.qnorm.log.txt","https://ftp.ebi.ac.uk/pub/databases/microarray/data/experiment/MTAB/E-MTAB-1791/E-MTAB-1791.raw.24.zip","4233291144","Excluded_other_context",FALSE
"Ge0947","4233291144_F","cystic tumor","cystic tumor tissue from pancreas","Ge0947_4233291144_F.qnorm.log.txt","https://ftp.ebi.ac.uk/pub/databases/microarray/data/experiment/MTAB/E-MTAB-1791/E-MTAB-1791.raw.24.zip","4233291144","Excluded_other_context",FALSE
"Ge0948","4239609056_A","pancreatic ductal adenocarcinoma","pancreatic ductal adenocarcinoma tissue","Ge0948_4239609056_A.qnorm.log.txt","https://ftp.ebi.ac.uk/pub/databases/microarray/data/experiment/MTAB/E-MTAB-1791/E-MTAB-1791.raw.24.zip","4239609056","PDAC",TRUE
"Ge0949","4239609056_B","normal","normal tissue from pancreas with pancreatic ductal adenocarcinoma","Ge0949_4239609056_B.qnorm.log.txt","https://ftp.ebi.ac.uk/pub/databases/microarray/data/experiment/MTAB/E-MTAB-1791/E-MTAB-1791.raw.24.zip","4239609056","Excluded_other_context",FALSE
"Ge0950","4239609056_C","cystic tumor","cystic tumor tissue from pancreas","Ge0950_4239609056_C.qnorm.log.txt","https://ftp.ebi.ac.uk/pub/databases/microarray/data/experiment/MTAB/E-MTAB-1791/E-MTAB-1791.raw.24.zip","4239609056","Excluded_other_context",FALSE
"Ge0951","4239609056_D","normal","normal tissue from pancreas with a cystic tumor","Ge0951_4239609056_D.qnorm.log.txt","https://ftp.ebi.ac.uk/pub/databases/microarray/data/experiment/MTAB/E-MTAB-1791/E-MTAB-1791.raw.24.zip","4239609056","Excluded_other_context",FALSE
"Ge0952","4239609056_E","cystic tumor","cystic tumor tissue from pancreas","Ge0952_4239609056_E.qnorm.log.txt","https://ftp.ebi.ac.uk/pub/databases/microarray/data/experiment/MTAB/E-MTAB-1791/E-MTAB-1791.raw.24.zip","4239609056","Excluded_other_context",FALSE
"Ge0954","4239609056_F","pancreatic ductal adenocarcinoma","pancreatic ductal adenocarcinoma tissue","Ge0954_4239609056_F.qnorm.log.txt","https://ftp.ebi.ac.uk/pub/databases/microarray/data/experiment/MTAB/E-MTAB-1791/E-MTAB-1791.raw.24.zip","4239609056","PDAC",TRUE
"Ge0957","4239609015_A","cystic tumor","cystic tumor tissue from pancreas","Ge0957_4239609015_A.qnorm.log.txt","https://ftp.ebi.ac.uk/pub/databases/microarray/data/experiment/MTAB/E-MTAB-1791/E-MTAB-1791.raw.24.zip","4239609015","Excluded_other_context",FALSE
"Ge0958","4239609015_B","pancreatic ductal adenocarcinoma","pancreatic ductal adenocarcinoma tissue","Ge0958_4239609015_B.qnorm.log.txt","https://ftp.ebi.ac.uk/pub/databases/microarray/data/experiment/MTAB/E-MTAB-1791/E-MTAB-1791.raw.24.zip","4239609015","PDAC",TRUE
"Ge0959","4239609015_C","normal","normal tissue from pancreas with a cystic tumor","Ge0959_4239609015_C.qnorm.log.txt","https://ftp.ebi.ac.uk/pub/databases/microarray/data/experiment/MTAB/E-MTAB-1791/E-MTAB-1791.raw.24.zip","4239609015","Excluded_other_context",FALSE
"Ge0960","4239609015_D","pancreatic ductal adenocarcinoma","pancreatic ductal adenocarcinoma tissue","Ge0960_4239609015_D.qnorm.log.txt","https://ftp.ebi.ac.uk/pub/databases/microarray/data/experiment/MTAB/E-MTAB-1791/E-MTAB-1791.raw.24.zip","4239609015","PDAC",TRUE
"Ge0961","4239609015_E","pancreatic ductal adenocarcinoma","pancreatic ductal adenocarcinoma tissue","Ge0961_4239609015_E.qnorm.log.txt","https://ftp.ebi.ac.uk/pub/databases/microarray/data/experiment/MTAB/E-MTAB-1791/E-MTAB-1791.raw.25.zip","4239609015","PDAC",TRUE
"Ge0962","4239609015_F","normal","normal tissue from pancreas with a cystic tumor","Ge0962_4239609015_F.qnorm.log.txt","https://ftp.ebi.ac.uk/pub/databases/microarray/data/experiment/MTAB/E-MTAB-1791/E-MTAB-1791.raw.25.zip","4239609015","Excluded_other_context",FALSE
"Ge0964","4239609047_A","cystic tumor","cystic tumor tissue from pancreas","Ge0964_4239609047_A.qnorm.log.txt","https://ftp.ebi.ac.uk/pub/databases/microarray/data/experiment/MTAB/E-MTAB-1791/E-MTAB-1791.raw.25.zip","4239609047","Excluded_other_context",FALSE
"Ge0965","4239609047_B","normal","normal tissue from pancreas with pancreatic ductal adenocarcinoma","Ge0965_4239609047_B.qnorm.log.txt","https://ftp.ebi.ac.uk/pub/databases/microarray/data/experiment/MTAB/E-MTAB-1791/E-MTAB-1791.raw.25.zip","4239609047","Excluded_other_context",FALSE
"Ge0966","4239609047_C","cystic tumor","cystic tumor tissue from pancreas","Ge0966_4239609047_C.qnorm.log.txt","https://ftp.ebi.ac.uk/pub/databases/microarray/data/experiment/MTAB/E-MTAB-1791/E-MTAB-1791.raw.25.zip","4239609047","Excluded_other_context",FALSE
"Ge0967","4239609047_D","normal","normal tissue from pancreas with a cystic tumor","Ge0967_4239609047_D.qnorm.log.txt","https://ftp.ebi.ac.uk/pub/databases/microarray/data/experiment/MTAB/E-MTAB-1791/E-MTAB-1791.raw.25.zip","4239609047","Excluded_other_context",FALSE
"Ge0968","4239609047_E","cystic tumor","cystic tumor tissue from pancreas","Ge0968_4239609047_E.qnorm.log.txt","https://ftp.ebi.ac.uk/pub/databases/microarray/data/experiment/MTAB/E-MTAB-1791/E-MTAB-1791.raw.25.zip","4239609047","Excluded_other_context",FALSE
"Ge0969","4239609047_F","normal","normal tissue from pancreas with a cystic tumor","Ge0969_4239609047_F.qnorm.log.txt","https://ftp.ebi.ac.uk/pub/databases/microarray/data/experiment/MTAB/E-MTAB-1791/E-MTAB-1791.raw.25.zip","4239609047","Excluded_other_context",FALSE
"Ge0970","4213572041_A","normal","normal tissue from pancreas with a cystic tumor","Ge0970_4213572041_A.qnorm.log.txt","https://ftp.ebi.ac.uk/pub/databases/microarray/data/experiment/MTAB/E-MTAB-1791/E-MTAB-1791.raw.25.zip","4213572041","Excluded_other_context",FALSE
"Ge0971d","4697141074_C","pancreatic ductal adenocarcinoma","pancreatic ductal adenocarcinoma tissue","Ge0971d_4697141074_C.qnorm.log.txt","https://ftp.ebi.ac.uk/pub/databases/microarray/data/experiment/MTAB/E-MTAB-1791/E-MTAB-1791.raw.25.zip","4697141074","PDAC",TRUE
"Ge0972","4213572041_B","cystic tumor","cystic tumor tissue from pancreas","Ge0972_4213572041_B.qnorm.log.txt","https://ftp.ebi.ac.uk/pub/databases/microarray/data/experiment/MTAB/E-MTAB-1791/E-MTAB-1791.raw.25.zip","4213572041","Excluded_other_context",FALSE
"Ge0973","4213572041_C","normal","normal tissue from pancreas with a cystic tumor","Ge0973_4213572041_C.qnorm.log.txt","https://ftp.ebi.ac.uk/pub/databases/microarray/data/experiment/MTAB/E-MTAB-1791/E-MTAB-1791.raw.25.zip","4213572041","Excluded_other_context",FALSE
"Ge0974","4213572041_D","normal","normal tissue from pancreas with a cystic tumor","Ge0974_4213572041_D.qnorm.log.txt","https://ftp.ebi.ac.uk/pub/databases/microarray/data/experiment/MTAB/E-MTAB-1791/E-MTAB-1791.raw.25.zip","4213572041","Excluded_other_context",FALSE
"Ge0975","4213572041_E","pancreatitis","pancreatitis tissue from pancreas with pancreatitis","Ge0975_4213572041_E.qnorm.log.txt","https://ftp.ebi.ac.uk/pub/databases/microarray/data/experiment/MTAB/E-MTAB-1791/E-MTAB-1791.raw.25.zip","4213572041","CP",TRUE
"Ge0976","4213572041_F","normal","normal tissue from pancreas with pancreatitis","Ge0976_4213572041_F.qnorm.log.txt","https://ftp.ebi.ac.uk/pub/databases/microarray/data/experiment/MTAB/E-MTAB-1791/E-MTAB-1791.raw.25.zip","4213572041","Excluded_other_context",FALSE
"Ge0978","4233291150_B","pancreatitis","pancreatitis tissue from pancreas with pancreatitis","Ge0978_4233291150_B.qnorm.log.txt","https://ftp.ebi.ac.uk/pub/databases/microarray/data/experiment/MTAB/E-MTAB-1791/E-MTAB-1791.raw.25.zip","4233291150","CP",TRUE
"Ge0979","4233291150_C","pancreatitis","pancreatitis tissue from pancreas with pancreatitis","Ge0979_4233291150_C.qnorm.log.txt","https://ftp.ebi.ac.uk/pub/databases/microarray/data/experiment/MTAB/E-MTAB-1791/E-MTAB-1791.raw.25.zip","4233291150","CP",TRUE
"Ge0981","4233291150_E","pancreatitis","pancreatitis tissue from pancreas with pancreatitis","Ge0981_4233291150_E.qnorm.log.txt","https://ftp.ebi.ac.uk/pub/databases/microarray/data/experiment/MTAB/E-MTAB-1791/E-MTAB-1791.raw.26.zip","4233291150","CP",TRUE
"Ge0983","4240343014_A","normal","normal tissue from pancreas with pancreatitis","Ge0983_4240343014_A.qnorm.log.txt","https://ftp.ebi.ac.uk/pub/databases/microarray/data/experiment/MTAB/E-MTAB-1791/E-MTAB-1791.raw.26.zip","4240343014","Excluded_other_context",FALSE
"Ge0984","4240343014_B","pancreatitis","pancreatitis tissue from pancreas with pancreatitis","Ge0984_4240343014_B.qnorm.log.txt","https://ftp.ebi.ac.uk/pub/databases/microarray/data/experiment/MTAB/E-MTAB-1791/E-MTAB-1791.raw.26.zip","4240343014","CP",TRUE
"Ge0985","4240343014_C","pancreatitis","pancreatitis tissue from pancreas with pancreatitis","Ge0985_4240343014_C.qnorm.log.txt","https://ftp.ebi.ac.uk/pub/databases/microarray/data/experiment/MTAB/E-MTAB-1791/E-MTAB-1791.raw.26.zip","4240343014","CP",TRUE
"Ge0986","4240343014_D","pancreatitis","pancreatitis tissue from pancreas with pancreatitis","Ge0986_4240343014_D.qnorm.log.txt","https://ftp.ebi.ac.uk/pub/databases/microarray/data/experiment/MTAB/E-MTAB-1791/E-MTAB-1791.raw.26.zip","4240343014","CP",TRUE
"Ge0987","4240343014_E","pancreatitis","pancreatitis tissue from pancreas with pancreatitis","Ge0987_4240343014_E.qnorm.log.txt","https://ftp.ebi.ac.uk/pub/databases/microarray/data/experiment/MTAB/E-MTAB-1791/E-MTAB-1791.raw.26.zip","4240343014","CP",TRUE
"Ge0988","4240343014_F","pancreatitis","pancreatitis tissue from pancreas with pancreatitis","Ge0988_4240343014_F.qnorm.log.txt","https://ftp.ebi.ac.uk/pub/databases/microarray/data/experiment/MTAB/E-MTAB-1791/E-MTAB-1791.raw.26.zip","4240343014","CP",TRUE
"Ge0989","4655274099_A","neoplasm","other tumor tissue from pancreas","Ge0989_4655274099_A.qnorm.log.txt","https://ftp.ebi.ac.uk/pub/databases/microarray/data/experiment/MTAB/E-MTAB-1791/E-MTAB-1791.raw.26.zip","4655274099","Excluded_other_context",FALSE
"Ge0990","4655274099_B","pancreatitis","pancreatitis tissue from pancreas with pancreatitis","Ge0990_4655274099_B.qnorm.log.txt","https://ftp.ebi.ac.uk/pub/databases/microarray/data/experiment/MTAB/E-MTAB-1791/E-MTAB-1791.raw.26.zip","4655274099","CP",TRUE
"Ge0991","4676008060_C","pancreatitis","pancreatitis tissue from pancreas with other tumors","Ge0991_4676008060_C.qnorm.log.txt","https://ftp.ebi.ac.uk/pub/databases/microarray/data/experiment/MTAB/E-MTAB-1791/E-MTAB-1791.raw.26.zip","4676008060","Pancreatitis_associated_context",FALSE
"Ge0993","4676008060_D","pancreatic ductal adenocarcinoma","pancreatic ductal adenocarcinoma tissue","Ge0993_4676008060_D.qnorm.log.txt","https://ftp.ebi.ac.uk/pub/databases/microarray/data/experiment/MTAB/E-MTAB-1791/E-MTAB-1791.raw.26.zip","4676008060","PDAC",TRUE
"Ge0994","4676008060_E","normal","normal tissue from pancreas with other tumors","Ge0994_4676008060_E.qnorm.log.txt","https://ftp.ebi.ac.uk/pub/databases/microarray/data/experiment/MTAB/E-MTAB-1791/E-MTAB-1791.raw.26.zip","4676008060","Excluded_other_context",FALSE
"Ge0995","4676008060_F","pancreatic ductal adenocarcinoma","pancreatic ductal adenocarcinoma tissue","Ge0995_4676008060_F.qnorm.log.txt","https://ftp.ebi.ac.uk/pub/databases/microarray/data/experiment/MTAB/E-MTAB-1791/E-MTAB-1791.raw.26.zip","4676008060","PDAC",TRUE
"Ge0996","4697141017_E","cystic tumor","cystic tumor tissue from pancreas","Ge0996_4697141017_E.qnorm.log.txt","https://ftp.ebi.ac.uk/pub/databases/microarray/data/experiment/MTAB/E-MTAB-1791/E-MTAB-1791.raw.26.zip","4697141017","Excluded_other_context",FALSE
"Ge0997","4697141017_F","neoplasm","other tumor tissue from pancreas","Ge0997_4697141017_F.qnorm.log.txt","https://ftp.ebi.ac.uk/pub/databases/microarray/data/experiment/MTAB/E-MTAB-1791/E-MTAB-1791.raw.26.zip","4697141017","Excluded_other_context",FALSE
"Ge0998","4676008045_A","pancreatic ductal adenocarcinoma","pancreatic ductal adenocarcinoma tissue","Ge0998_4676008045_A.qnorm.log.txt","https://ftp.ebi.ac.uk/pub/databases/microarray/data/experiment/MTAB/E-MTAB-1791/E-MTAB-1791.raw.26.zip","4676008045","PDAC",TRUE
"Ge0999","4676008045_B","pancreatitis","pancreatitis tissue from pancreas with other tumors","Ge0999_4676008045_B.qnorm.log.txt","https://ftp.ebi.ac.uk/pub/databases/microarray/data/experiment/MTAB/E-MTAB-1791/E-MTAB-1791.raw.26.zip","4676008045","Pancreatitis_associated_context",FALSE
"Ge1003","4676008045_C","normal","normal tissue from pancreas with other tumors","Ge1003_4676008045_C.qnorm.log.txt","https://ftp.ebi.ac.uk/pub/databases/microarray/data/experiment/MTAB/E-MTAB-1791/E-MTAB-1791.raw.27.zip","4676008045","Excluded_other_context",FALSE
"Ge1005","4676008045_D","pancreatic ductal adenocarcinoma","pancreatic ductal adenocarcinoma tissue","Ge1005_4676008045_D.qnorm.log.txt","https://ftp.ebi.ac.uk/pub/databases/microarray/data/experiment/MTAB/E-MTAB-1791/E-MTAB-1791.raw.27.zip","4676008045","PDAC",TRUE
"Ge1006","4676008045_E","pancreatic ductal adenocarcinoma","pancreatic ductal adenocarcinoma tissue","Ge1006_4676008045_E.qnorm.log.txt","https://ftp.ebi.ac.uk/pub/databases/microarray/data/experiment/MTAB/E-MTAB-1791/E-MTAB-1791.raw.27.zip","4676008045","PDAC",TRUE
"Ge1008","4697141074_E","normal","normal tissue from pancreas with pancreatic ductal adenocarcinoma","Ge1008_4697141074_E.qnorm.log.txt","https://ftp.ebi.ac.uk/pub/databases/microarray/data/experiment/MTAB/E-MTAB-1791/E-MTAB-1791.raw.27.zip","4697141074","Excluded_other_context",FALSE
"Ge1011","4697141074_F","normal","normal tissue from pancreas with pancreatitis","Ge1011_4697141074_F.qnorm.log.txt","https://ftp.ebi.ac.uk/pub/databases/microarray/data/experiment/MTAB/E-MTAB-1791/E-MTAB-1791.raw.27.zip","4697141074","Excluded_other_context",FALSE
"Ge1013","4697141114_A","neoplasm","other tumor tissue from pancreas","Ge1013_4697141114_A.qnorm.log.txt","https://ftp.ebi.ac.uk/pub/databases/microarray/data/experiment/MTAB/E-MTAB-1791/E-MTAB-1791.raw.27.zip","4697141114","Excluded_other_context",FALSE
"Ge1018","4697141114_C","normal","normal tissue from pancreas with pancreatitis","Ge1018_4697141114_C.qnorm.log.txt","https://ftp.ebi.ac.uk/pub/databases/microarray/data/experiment/MTAB/E-MTAB-1791/E-MTAB-1791.raw.27.zip","4697141114","Excluded_other_context",FALSE
"Ge1019","4697141114_D","pancreatitis","pancreatitis tissue from pancreas with pancreatitis","Ge1019_4697141114_D.qnorm.log.txt","https://ftp.ebi.ac.uk/pub/databases/microarray/data/experiment/MTAB/E-MTAB-1791/E-MTAB-1791.raw.27.zip","4697141114","CP",TRUE
"Ge1020","4697141114_E","normal","normal tissue from pancreas with pancreatitis","Ge1020_4697141114_E.qnorm.log.txt","https://ftp.ebi.ac.uk/pub/databases/microarray/data/experiment/MTAB/E-MTAB-1791/E-MTAB-1791.raw.27.zip","4697141114","Excluded_other_context",FALSE
"Ge1021","4697141114_F","pancreatic ductal adenocarcinoma","pancreatic ductal adenocarcinoma tissue","Ge1021_4697141114_F.qnorm.log.txt","https://ftp.ebi.ac.uk/pub/databases/microarray/data/experiment/MTAB/E-MTAB-1791/E-MTAB-1791.raw.27.zip","4697141114","PDAC",TRUE
"Ge1022","4697141013_A","pancreatic ductal adenocarcinoma","pancreatic ductal adenocarcinoma tissue","Ge1022_4697141013_A.qnorm.log.txt","https://ftp.ebi.ac.uk/pub/databases/microarray/data/experiment/MTAB/E-MTAB-1791/E-MTAB-1791.raw.27.zip","4697141013","PDAC",TRUE
"Ge1023","4697141013_B","pancreatic ductal adenocarcinoma","pancreatic ductal adenocarcinoma tissue","Ge1023_4697141013_B.qnorm.log.txt","https://ftp.ebi.ac.uk/pub/databases/microarray/data/experiment/MTAB/E-MTAB-1791/E-MTAB-1791.raw.27.zip","4697141013","PDAC",TRUE
"Ge1024","4697141013_C","normal","normal tissue from pancreas with a cystic tumor","Ge1024_4697141013_C.qnorm.log.txt","https://ftp.ebi.ac.uk/pub/databases/microarray/data/experiment/MTAB/E-MTAB-1791/E-MTAB-1791.raw.27.zip","4697141013","Excluded_other_context",FALSE
"Ge1026","4697141013_D","pancreatic ductal adenocarcinoma","pancreatic ductal adenocarcinoma tissue","Ge1026_4697141013_D.qnorm.log.txt","https://ftp.ebi.ac.uk/pub/databases/microarray/data/experiment/MTAB/E-MTAB-1791/E-MTAB-1791.raw.27.zip","4697141013","PDAC",TRUE
"Ge1029","4697141013_E","neoplasm","other tumor tissue from pancreas","Ge1029_4697141013_E.qnorm.log.txt","https://ftp.ebi.ac.uk/pub/databases/microarray/data/experiment/MTAB/E-MTAB-1791/E-MTAB-1791.raw.27.zip","4697141013","Excluded_other_context",FALSE
"Ge1030","4697141013_F","normal","normal tissue from pancreas with a cystic tumor","Ge1030_4697141013_F.qnorm.log.txt","https://ftp.ebi.ac.uk/pub/databases/microarray/data/experiment/MTAB/E-MTAB-1791/E-MTAB-1791.raw.27.zip","4697141013","Excluded_other_context",FALSE
