"Model","Gene","Estimable_Omissions","Min_log2FC","Max_log2FC","Min_BH_frozen","Max_BH_frozen","Significant_All_Estimable_Omissions","Direction_Stable"
"Chip_adjusted","ABCF1",59,-0.0191819295986154,-0.00114919692558734,0.652802406425933,0.978615707498152,FALSE,TRUE
"Chip_adjusted","ACSF3",59,0.0208245538231791,0.0318358063365277,0.10930635257759,0.307913181312863,FALSE,TRUE
"Chip_adjusted","ACTA2",59,0.453311479182656,0.545599919063415,1.69133784715498e-07,1.16186334817707e-05,TRUE,TRUE
"Chip_adjusted","ACTB",59,0.307035072874818,0.387586614258277,5.67058777888102e-09,4.88913465782837e-06,TRUE,TRUE
"Chip_adjusted","ACTR3B",59,-0.0223054295396901,-0.00764596680010198,0.370109184556314,0.762140375799126,FALSE,TRUE
"Chip_adjusted","ACVR1B",59,-0.121419560323639,-0.0862300077448006,0.104180709674392,0.255462520520592,FALSE,TRUE
"Chip_adjusted","ADAM12",59,0.0553208682819131,0.0804514761894077,0.0153872140115891,0.0984573031232697,FALSE,TRUE
"Chip_adjusted","ADH1B",59,-0.574803442916093,-0.481857488722687,5.9388205513244e-06,0.000122953946990382,TRUE,TRUE
"Chip_adjusted","AKT1",59,-0.0921938245874697,-0.0519029532119355,0.0760487165774327,0.335783127519636,FALSE,TRUE
"Chip_adjusted","AKT2",59,0.00174786566766256,0.0201054384248844,0.388983997642679,0.941755979632683,FALSE,TRUE
"Chip_adjusted","ALCAM",59,0.0250369219747689,0.0644501681158826,0.383960240782399,0.752732317641808,FALSE,TRUE
"Chip_adjusted","ALKBH3",59,-0.20686353992803,-0.177237364578785,1.84234549663518e-06,5.34833751778746e-05,TRUE,TRUE
"Chip_adjusted","AMBP",59,-0.380656316721616,-0.307017589410238,2.98105456539626e-09,5.71904698209719e-07,TRUE,TRUE
"Chip_adjusted","ANGPTL4",59,0.774857744780039,0.870183251710375,2.56358112711645e-06,1.61193871903867e-05,TRUE,TRUE
"Chip_adjusted","ANKRD28",59,-0.264826121634735,-0.229253074634253,2.39220980186059e-08,1.22303567994277e-06,TRUE,TRUE
"Chip_adjusted","ANLN",59,0.527043010393085,0.573898728259088,2.75707894759756e-12,9.13318987243685e-11,TRUE,TRUE
"Chip_adjusted","ANP32B",59,-0.0611940965898533,-0.036287138015294,0.108201045634573,0.351274821251607,FALSE,TRUE
"Chip_adjusted","ANXA1",59,0.308078542049006,0.409899771843049,0.000148031226017643,0.0041521015876227,TRUE,TRUE
"Chip_adjusted","API5",59,-0.0344537841296683,-0.0172570066233726,0.3673225231399,0.658576052228371,FALSE,TRUE
"Chip_adjusted","APOL6",59,0.0801727774879157,0.10372548945689,0.00169242365525494,0.0188109739413484,TRUE,TRUE
"Chip_adjusted","AREG",59,-0.0107954850772935,-0.00333907853031442,0.450116770056504,0.820090088235407,FALSE,TRUE
"Chip_adjusted","ARID1A",59,-0.127436239182815,-0.0996352811347828,0.0489505456026067,0.121753473615279,FALSE,TRUE
"Chip_adjusted","ARID1B",59,-0.0195311279349614,-0.0106636243398643,0.267539517967668,0.545571903723688,FALSE,TRUE
"Chip_adjusted","ARID2",59,-0.0773122730984425,-0.0560563003344687,0.0695047008348493,0.19983909250209,FALSE,TRUE
"Chip_adjusted","ASNS",59,-0.349864177470676,-0.253445240848046,0.000877668657500787,0.0169326286111836,TRUE,TRUE
"Chip_adjusted","ATF1",59,0.062747544231462,0.0786208032993511,0.00108753979400027,0.0176497519916649,TRUE,TRUE
"Chip_adjusted","ATG7",59,0.0924352786247201,0.152437637551639,0.00192191320214621,0.0894939751554949,FALSE,TRUE
"Chip_adjusted","ATM",59,-0.341768509570069,-0.28858853375157,8.80485359728961e-07,1.58389742729245e-05,TRUE,TRUE
"Chip_adjusted","ATP11C",59,-0.0187415207759788,0.00931566546617273,0.709643371230555,0.987997677619396,FALSE,FALSE
"Chip_adjusted","ATP2A2",59,0.0993842507855776,0.140527953612825,0.0428481910345579,0.166886680307546,FALSE,TRUE
"Chip_adjusted","ATP5F1D",59,-0.241156168486758,-0.18414089407064,0.00011516913510253,0.00367812926357114,TRUE,TRUE
"Chip_adjusted","ATP5ME",59,-0.0809628135211594,-0.0468838582529708,0.15777288469052,0.426886150333003,FALSE,TRUE
"Chip_adjusted","AXIN2",59,0.0780965871709695,0.132581774820201,0.167759992396803,0.432409334769522,FALSE,TRUE
"Chip_adjusted","AXL",59,0.238710991066189,0.304332626109838,0.00248331167535914,0.0207988129119543,TRUE,TRUE
"Chip_adjusted","B2M",59,0.198861863615078,0.250538090020637,2.16145621803525e-06,0.000261829281532711,TRUE,TRUE
"Chip_adjusted","BAGE",59,0.0216853322073455,0.0348027076163808,0.0507912702109439,0.242993686216714,FALSE,TRUE
"Chip_adjusted","BAP1",59,-0.0798952571370405,-0.0530176797462048,0.046140316678738,0.187120413887172,FALSE,TRUE
"Chip_adjusted","BAX",59,0.221091798660943,0.264040753083402,0.000144248367631055,0.00150822959540064,TRUE,TRUE
"Chip_adjusted","BBS1",59,-0.269343384995552,-0.242982776038369,1.12447468085304e-08,4.43389418637781e-07,TRUE,TRUE
"Chip_adjusted","BCAT1",59,-0.343735113895667,-0.23041880203522,0.0186374529419829,0.124888541211516,FALSE,TRUE
"Chip_adjusted","BCL2L1",59,0.392887166598274,0.44752478971778,2.84782595793723e-07,5.41210905230432e-06,TRUE,TRUE
"Chip_adjusted","BCL6",59,0.0824904010377056,0.156375470459058,0.0428934035166279,0.282864379332758,FALSE,TRUE
"Chip_adjusted","BCOR",59,-0.115837337929567,-0.0653146446448274,0.0234725710129717,0.204793263050691,FALSE,TRUE
"Chip_adjusted","BIRC5",59,0.473302892556145,0.540673716267474,1.81832549147492e-08,8.5094098564106e-07,TRUE,TRUE
"Chip_adjusted","BMP4",59,0.607479855908147,0.691561871615495,7.31051779838855e-07,1.02637969684209e-05,TRUE,TRUE
"Chip_adjusted","BMP7",59,0.13103382401306,0.172999076822662,0.0305419382049469,0.102764360578507,FALSE,TRUE
"Chip_adjusted","BNIP3",59,-0.608590992437418,-0.521992636481425,0.000107421753214918,0.000956933001357717,TRUE,TRUE
"Chip_adjusted","BRD2",59,-0.195005918202467,-0.168085867887154,0.000280918986764095,0.00162308908166068,TRUE,TRUE
"Chip_adjusted","BRD4",59,-0.0412865652536491,-0.023294059588125,0.0381620857845925,0.244251955769782,FALSE,TRUE
"Chip_adjusted","BST1",59,0.0954046906452335,0.118647315244853,0.0125058303672764,0.042886464834201,TRUE,TRUE
"Chip_adjusted","BST2",59,0.381591393131932,0.44964376517899,4.29864077945692e-06,0.000101817072706321,TRUE,TRUE
"Chip_adjusted","C1QBP",59,-0.112552659211758,-0.0839011863541449,0.0452526163768986,0.144888644758379,FALSE,TRUE
"Chip_adjusted","C1R",59,-0.0114045847763511,0.0704157569618159,0.633504814472117,0.954492629861359,FALSE,FALSE
"Chip_adjusted","C1S",59,-0.156844159551331,-0.0772289379124869,0.20025828575948,0.540146711299385,FALSE,TRUE
"Chip_adjusted","C2",59,0.170988213340903,0.24114828930722,0.0171871955678774,0.107005787065766,FALSE,TRUE
"Chip_adjusted","C4BPA",59,-0.154462072046738,0.0327804164216199,0.55470564499042,0.946149775211428,FALSE,FALSE
"Chip_adjusted","C5",59,-0.884018642908715,-0.736259724695639,4.1189586983435e-09,6.92740579882279e-07,TRUE,TRUE
"Chip_adjusted","C6",59,-1.15560672108162,-1.03172531520185,1.63512537175221e-05,0.000132549757668235,TRUE,TRUE
"Chip_adjusted","C7",59,-0.906745700967018,-0.765558462499251,8.13529313868489e-06,0.000144069781096621,TRUE,TRUE
"Chip_adjusted","CACNA2D1",59,0.00291882803697193,0.0124121656769487,0.488269341798757,0.874317298375688,FALSE,TRUE
"Chip_adjusted","CACNB3",59,0.531928349415444,0.570666740733243,8.86573338746781e-15,6.67600225475615e-13,TRUE,TRUE
"Chip_adjusted","CAPN2",59,0.259864133344636,0.28702482276514,1.27556142975895e-08,2.1134135765055e-07,TRUE,TRUE
"Chip_adjusted","CARD11",59,-0.510686861961604,-0.3979664395667,0.000248114092277241,0.00472023190572617,TRUE,TRUE
"Chip_adjusted","CASP8",59,0.0922976987829766,0.111816487616315,0.00188798743830765,0.0125961320171681,TRUE,TRUE
"Chip_adjusted","CASP9",59,-0.0980675397200825,-0.0729302783251401,0.0169678779839583,0.081363687336801,FALSE,TRUE
"Chip_adjusted","CCL15",59,-0.0102887584442939,0.00367925536508634,0.641029168735909,0.999560769132921,FALSE,FALSE
"Chip_adjusted","CCNA2",59,0.48378276802724,0.53552228884291,1.18160902133792e-08,2.10027754345598e-07,TRUE,TRUE
"Chip_adjusted","CCND2",59,-0.490784684937164,-0.422752791405204,6.2093532791303e-08,3.44567643754493e-06,TRUE,TRUE
"Chip_adjusted","CCND3",59,0.24429513326096,0.302791146558621,0.000171491568017087,0.00203333992496002,TRUE,TRUE
"Chip_adjusted","CD276",59,0.427622451024276,0.484886477964794,8.7267143454258e-07,1.60603416132305e-05,TRUE,TRUE
"Chip_adjusted","CD36",59,-0.25373082319546,-0.162076928354281,0.0624155645251312,0.259928706829804,FALSE,TRUE
"Chip_adjusted","CD40",59,0.00389688965453975,0.0589497740120667,0.334677627040139,0.949227142899702,FALSE,TRUE
"Chip_adjusted","CD44",59,-0.133450188740508,-0.0388761833971294,0.0737357101359951,0.631758995242487,FALSE,TRUE
"Chip_adjusted","CD46",59,0.102019141448443,0.160042667276385,0.0520583861760895,0.223845544804845,FALSE,TRUE
"Chip_adjusted","CD55",59,0.944639469772186,1.04091254692507,5.80657946635098e-13,3.71651707029946e-11,TRUE,TRUE
"Chip_adjusted","CD58",59,0.335183321697717,0.389793732458511,5.9056378296492e-07,2.5872650655868e-05,TRUE,TRUE
"Chip_adjusted","CD63",59,-0.157177423650772,-0.0939182773586624,0.0172140708685939,0.190727159514525,FALSE,TRUE
"Chip_adjusted","CD9",59,0.493751258808085,0.538361964924053,4.58435785895355e-09,1.08594808999947e-07,TRUE,TRUE
"Chip_adjusted","CD99",59,-0.122992096756897,-0.0552972428406553,0.0737893813978277,0.44919491347701,FALSE,TRUE
"Chip_adjusted","CDH2",59,0.116584474734813,0.279752439764646,0.0302660779771429,0.40318137064556,FALSE,TRUE
"Chip_adjusted","CDH3",59,1.44509773671016,1.57902707868628,2.91544113067334e-22,9.46953258327108e-20,TRUE,TRUE
"Chip_adjusted","CDK1",59,0.623551489096302,0.687599769222181,3.16002321276815e-12,1.57249963089959e-10,TRUE,TRUE
"Chip_adjusted","CDK4",59,0.0659028660000505,0.0983293459616416,0.0179314039672373,0.11401362366342,FALSE,TRUE
"Chip_adjusted","CDKN1B",59,-0.192427138505504,-0.152453202721132,0.00217726419954544,0.0147889664355873,TRUE,TRUE
"Chip_adjusted","CDKN2B",59,0.249873670316943,0.362265442142255,0.00338574202940241,0.0452253007884966,TRUE,TRUE
"Chip_adjusted","CEACAM1",59,1.29546348438969,1.40949303695297,1.71862233965336e-17,8.29662290864309e-15,TRUE,TRUE
"Chip_adjusted","CEACAM6",59,1.82813415123689,2.06316734850525,1.88560756273703e-12,5.04414592486156e-10,TRUE,TRUE
"Chip_adjusted","CENPF",59,0.517141696743879,0.587786431276377,2.38150221507275e-10,2.75400101889445e-08,TRUE,TRUE
"Chip_adjusted","CEP55",59,0.761227384338414,0.801619395256116,1.82356729739713e-14,2.33203250428391e-13,TRUE,TRUE
"Chip_adjusted","CFI",59,-0.0790361017157354,-0.0127551397530173,0.341607889043997,0.885348522394272,FALSE,TRUE
"Chip_adjusted","CHAD",59,-0.290277763194783,-0.23552038125742,9.79592541550706e-07,7.33353171250613e-05,TRUE,TRUE
"Chip_adjusted","CKLF",59,0.493000541100469,0.555915252681098,7.76412197907087e-09,2.90237358475882e-07,TRUE,TRUE
"Chip_adjusted","CLU",59,-0.134283189234405,-0.108160521547472,0.000202743675290075,0.0033443218053705,TRUE,TRUE
"Chip_adjusted","CMTM4",59,0.0198283130150485,0.0729518754225618,0.413751304849663,0.828868558233089,FALSE,TRUE
"Chip_adjusted","CMTM6",59,0.358455339434944,0.403432313126923,5.16104916408311e-08,1.22303567994277e-06,TRUE,TRUE
"Chip_adjusted","COL11A1",59,1.04937276440865,1.22993777378743,1.93337655445372e-07,8.55713649336581e-06,TRUE,TRUE
"Chip_adjusted","COL17A1",59,2.24517620295913,2.39254089100531,8.66620685690225e-18,2.78558420746384e-16,TRUE,TRUE
"Chip_adjusted","COL1A1",59,0.403048497293804,0.60133916279034,0.000671413272080148,0.0196202766401233,TRUE,TRUE
"Chip_adjusted","COL1A2",59,0.130806902874906,0.277420446371771,0.0867065317489118,0.421160850522907,FALSE,TRUE
"Chip_adjusted","COL27A1",59,-0.15592795468968,-0.104376790055142,0.000353156656194193,0.0161244990189599,TRUE,TRUE
"Chip_adjusted","COL3A1",59,0.15854291201983,0.319521819298027,0.0267144496654893,0.263231008353882,FALSE,TRUE
"Chip_adjusted","COL4A5",59,-0.0728364331660321,0.00729180041458488,0.529613762458271,0.97486452650412,FALSE,FALSE
"Chip_adjusted","COL5A1",59,0.254228898137313,0.413755832549797,0.00907814606239305,0.109191677900108,FALSE,TRUE
"Chip_adjusted","COL5A2",59,0.420068774571577,0.584510315416743,0.000314385768152487,0.00966500010465046,TRUE,TRUE
"Chip_adjusted","COL6A3",59,0.129664326584559,0.239580676412949,0.039303885358782,0.26933616700851,FALSE,TRUE
"Chip_adjusted","COMP",59,0.284201291574069,0.451258429469428,0.0651452807902951,0.260057121531072,FALSE,TRUE
"Chip_adjusted","COX4I1",59,0.172109716708229,0.186826882045708,2.27332006876515e-07,1.86544873257162e-06,TRUE,TRUE
"Chip_adjusted","COX5B",59,0.0860288737926195,0.155956426373898,0.00877429934331464,0.165443920956637,FALSE,TRUE
"Chip_adjusted","COX6A1",59,0.0622511623827834,0.125100609217331,0.0504276586636817,0.336341566377819,FALSE,TRUE
"Chip_adjusted","COX6B1",59,0.128116250476357,0.180178510862206,0.00196679642543042,0.0293761280569443,TRUE,TRUE
"Chip_adjusted","CPSF7",59,0.092869750054508,0.11313572264193,6.92396550577427e-05,0.00146415237321649,TRUE,TRUE
"Chip_adjusted","CRABP2",59,0.571495383653115,0.673690661680293,0.00019770886719581,0.00176994904715675,TRUE,TRUE
"Chip_adjusted","CREB3L1",59,0.0416367986296961,0.0547655357263211,0.00393514805089992,0.0404284525623965,TRUE,TRUE
"Chip_adjusted","CREBBP",59,-0.167382142317222,-0.135059106500881,0.0010281724727044,0.00599484855911139,TRUE,TRUE
"Chip_adjusted","CST2",59,1.01058341729119,1.09618646296291,2.17204067208065e-10,4.14846050320913e-09,TRUE,TRUE
"Chip_adjusted","CT45A1",59,0.00713008492138235,0.0172829494430905,0.286457958020091,0.670032469904855,FALSE,TRUE
"Chip_adjusted","CTNNB1",59,0.296574637528245,0.348568045102243,3.95592558047887e-05,0.0003551400828023,TRUE,TRUE
"Chip_adjusted","CTSS",59,0.0237348129386678,0.080136124503074,0.303717941624568,0.777251405344103,FALSE,TRUE
"Chip_adjusted","CXADR",59,0.259262763166821,0.391715629126819,0.00322330158938182,0.0510167845453658,FALSE,TRUE
"Chip_adjusted","CXCL11",59,-0.157170505621619,-0.114352002480316,0.00558925262539786,0.0420766365363795,TRUE,TRUE
"Chip_adjusted","CXCL12",59,-1.03719932906187,-0.909509444964249,4.99859314027718e-11,1.22402447047968e-08,TRUE,TRUE
"Chip_adjusted","CXCL14",59,0.689952245677594,0.83133117561869,0.000103962822126396,0.0012805416282813,TRUE,TRUE
"Chip_adjusted","CXCL5",59,0.731091086028938,0.838037311950948,0.000981557784815382,0.00454749462136165,TRUE,TRUE
"Chip_adjusted","CXCR4",59,0.363186343808552,0.486548406348944,0.00959254630928406,0.0677535703239487,FALSE,TRUE
"Chip_adjusted","CXXC5",59,-0.182927642100889,-0.102713223963505,0.0383322227898662,0.259412802337675,FALSE,TRUE
"Chip_adjusted","DDIT4",59,0.605488954474109,0.701815572535269,1.35739193215509e-06,3.20436034987801e-05,TRUE,TRUE
"Chip_adjusted","DEFB1",59,-0.684137165861583,-0.487177175388309,0.00885813252859357,0.0737893813978277,FALSE,TRUE
"Chip_adjusted","DNMT1",59,0.112702865121242,0.170386178425845,0.0189382619507066,0.129199675492672,FALSE,TRUE
"Chip_adjusted","DSP",59,-0.086614679681537,0.00772217859948356,0.50544562982118,0.949526198015881,FALSE,FALSE
"Chip_adjusted","DST",59,-0.0281703838397112,-0.00949803057323409,0.500101521487309,0.820548956308792,FALSE,TRUE
"Chip_adjusted","DTX4",59,0.0575767795360847,0.0707688118870385,0.000277391166660374,0.00282951948488388,TRUE,TRUE
"Chip_adjusted","DUSP10",59,0.188581411692593,0.238844122776199,0.000706826004327548,0.00939398274696509,TRUE,TRUE
"Chip_adjusted","DUSP4",59,0.178494374712365,0.230577647311231,0.00350065920782856,0.022847992128711,TRUE,TRUE
"Chip_adjusted","DUSP8",59,-0.229309235511705,-0.197928097183351,0.000366009631817864,0.00182784773966078,TRUE,TRUE
"Chip_adjusted","E2F3",59,0.193201896470055,0.242057464776493,0.00108303111889154,0.00983284220601529,TRUE,TRUE
"Chip_adjusted","ECSIT",59,-0.0659689388559133,-0.0478094001218735,0.0456601245266133,0.155348029138666,FALSE,TRUE
"Chip_adjusted","EFNA5",59,0.028067701870478,0.0383756273472575,0.118659895684474,0.266574212928902,FALSE,TRUE
"Chip_adjusted","EGF",59,-0.33867345581942,-0.255445325535368,2.2933226097256e-07,0.000126478789693414,TRUE,TRUE
"Chip_adjusted","EGR2",59,-0.0172663160794263,0.0866211850235675,0.589890951242074,0.979920964072526,FALSE,FALSE
"Chip_adjusted","EIF2B4",59,-0.179113078580518,-0.151855276683447,2.36498757533549e-05,0.000318668113291646,TRUE,TRUE
"Chip_adjusted","EIF4EBP1",59,-0.0983376997458705,-0.0570424044029335,0.102810237518384,0.356248439905621,FALSE,TRUE
"Chip_adjusted","ELMO1",59,-0.561298841891867,-0.467574147043312,6.47217665959003e-08,6.89368428761021e-06,TRUE,TRUE
"Chip_adjusted","ENDOG",59,0.058603616384464,0.104284629589311,0.0299102125678122,0.240118527324633,FALSE,TRUE
"Chip_adjusted","ENTPD1",59,0.304634412864821,0.360644935301138,1.3453400438537e-05,0.000261829281532711,TRUE,TRUE
"Chip_adjusted","EP300",59,-0.0879703590673486,-0.025683839516992,0.103477199978286,0.634966375844323,FALSE,TRUE
"Chip_adjusted","EPOR",59,-0.0851923440860477,-0.063504440271849,0.00207370640243522,0.0309382175166559,TRUE,TRUE
"Chip_adjusted","ERCC6",59,0.0406937992421245,0.0520214949593274,0.00625404324114735,0.0346419520502334,TRUE,TRUE
"Chip_adjusted","ETS1",59,0.0761228752655123,0.150767525931129,0.1386128298924,0.482926344394291,FALSE,TRUE
"Chip_adjusted","ETV1",59,0.0942114221009825,0.110454250721262,2.29021097083393e-05,0.000363352155641233,TRUE,TRUE
"Chip_adjusted","EWSR1",59,-0.140925926946598,-0.103079249254821,0.00339666117548736,0.0294752448137789,TRUE,TRUE
"Chip_adjusted","FANCA",59,-0.0204897117099364,-0.0109703868738688,0.225473195945312,0.533452182649477,FALSE,TRUE
"Chip_adjusted","FANCF",59,0.020235917933666,0.0332948883947598,0.103706748211352,0.35302933954211,FALSE,TRUE
"Chip_adjusted","FANCL",59,0.0334103401458279,0.0607950188776764,0.254806471748428,0.544982349699067,FALSE,TRUE
"Chip_adjusted","FAP",59,0.345284608007125,0.463402508286432,0.00102144361225058,0.0163527128334391,TRUE,TRUE
"Chip_adjusted","FAS",59,0.0700138368191254,0.0987601854494134,0.0181975659015841,0.122101069762495,FALSE,TRUE
"Chip_adjusted","FBXW7",59,-0.244247650814841,-0.200242692134245,3.6509594233866e-06,0.000137972744681105,TRUE,TRUE
"Chip_adjusted","FCGRT",59,-0.170356534876475,-0.126249634135723,0.00221669490292405,0.0244500864592666,TRUE,TRUE
"Chip_adjusted","FGF10",59,-0.0487911589480842,-0.0352904180092384,0.00884079722542337,0.0692017808190768,FALSE,TRUE
"Chip_adjusted","FGF12",59,-0.176101407738474,-0.144471868439071,6.38592135210964e-07,3.88054565901905e-05,TRUE,TRUE
"Chip_adjusted","FGFR1",59,-0.125868103144224,-0.102747933051931,0.00103915348637975,0.00741137481444036,TRUE,TRUE
"Chip_adjusted","FGFR2",59,-0.0131040440615878,0.00231117942998561,0.473476233267835,0.933813650393775,FALSE,FALSE
"Chip_adjusted","FGFR3",59,-0.908371664345382,-0.723100383337193,7.62648488097392e-06,0.000413180991430167,TRUE,TRUE
"Chip_adjusted","FGFR4",59,-0.493526858722286,-0.346013144774859,0.000111236613218545,0.00566220725710574,TRUE,TRUE
"Chip_adjusted","FH",59,-0.0401644330757562,0.00590441350381941,0.456593525300322,0.913154955650123,FALSE,FALSE
"Chip_adjusted","FLNA",59,0.199881551142747,0.234338611213036,1.7571899980702e-07,8.37782150775765e-06,TRUE,TRUE
"Chip_adjusted","FLNC",59,0.229173957172301,0.32666646737777,0.0278708889179524,0.125385606174695,FALSE,TRUE
"Chip_adjusted","FLT3",59,-0.268022438096803,-0.23386064921843,9.21773792937496e-07,1.87854432917895e-05,TRUE,TRUE
"Chip_adjusted","FN1",59,0.356030695777946,0.412388867627694,3.12833514452633e-07,6.61948829583303e-06,TRUE,TRUE
"Chip_adjusted","FOXA2",59,-0.541937649099642,-0.383967366034949,0.00604962022409045,0.0595144177422375,FALSE,TRUE
"Chip_adjusted","FOXO4",59,-0.168179001259995,-0.133072661167258,0.000554741710188059,0.00651940364440014,TRUE,TRUE
"Chip_adjusted","FZD3",59,-0.241015962490761,-0.207243526032038,7.14012466527468e-07,1.73161673773995e-05,TRUE,TRUE
"Chip_adjusted","FZD4",59,-0.235464371353594,-0.161467803448004,0.0164266176651856,0.0997147277148805,FALSE,TRUE
"Chip_adjusted","GABPA",59,-0.109211981930095,-0.0810309470360083,0.0620319598826327,0.172028797114251,FALSE,TRUE
"Chip_adjusted","GADD45A",59,0.153932037989685,0.229295952228979,0.0159284904702679,0.113021136113751,FALSE,TRUE
"Chip_adjusted","GADD45G",59,-0.258990796134345,-0.180124731002368,0.00358199781200699,0.0377127146423881,TRUE,TRUE
"Chip_adjusted","GATA2",59,-0.403410775037198,-0.347398717026196,4.71373545770741e-11,4.06006368882258e-09,TRUE,TRUE
"Chip_adjusted","GLI1",59,0.0275197624364944,0.06436441938811,0.19148099927975,0.604726377127005,FALSE,TRUE
"Chip_adjusted","GLUD1",59,0.0719063219547746,0.0921119207772424,0.0221836608825477,0.0739469946327954,FALSE,TRUE
"Chip_adjusted","GMIP",59,0.0310623272846095,0.0782417141156168,0.277077773272384,0.684978091151511,FALSE,TRUE
"Chip_adjusted","GNA11",59,-0.0299888535937164,0.00871778916020162,0.677196212505938,0.994684082709185,FALSE,FALSE
"Chip_adjusted","GNAS",59,0.0442722452236291,0.0911865107161455,0.098792241776409,0.442640035214591,FALSE,TRUE
"Chip_adjusted","GNG7",59,-0.713909609342864,-0.669351594301531,3.67192682961773e-17,1.45169189474111e-15,TRUE,TRUE
"Chip_adjusted","GOT1",59,0.028084076122691,0.0653416355957708,0.27106256797439,0.640391229368427,FALSE,TRUE
"Chip_adjusted","GOT2",59,0.0356426845133423,0.0682549458094896,0.166264589486894,0.4924369517829,FALSE,TRUE
"Chip_adjusted","GPT",59,-0.283869115195524,-0.219877764823854,0.0031632970641224,0.0245714155509417,TRUE,TRUE
"Chip_adjusted","GRB7",59,0.0911039865695117,0.18797445772621,0.0787251647457491,0.418159542107553,FALSE,TRUE
"Chip_adjusted","GTF3C1",59,-0.0819378409297199,-0.0515801625518249,0.0899986684602669,0.288625860050593,FALSE,TRUE
"Chip_adjusted","GUSB",59,-0.0960835677871675,-0.0710869187922399,0.0404587483204406,0.144869228312043,FALSE,TRUE
"Chip_adjusted","GZMB",59,0.204077270824111,0.285993027494121,0.0556531251908391,0.192591552985882,FALSE,TRUE
"Chip_adjusted","H3-5",59,0.117979844782437,0.171619551420836,0.0151873578558139,0.0886971426980986,FALSE,TRUE
"Chip_adjusted","H3C10",59,0.217980639491888,0.249857035100873,4.24548211862672e-05,0.000299201278116119,TRUE,TRUE
"Chip_adjusted","H3C2",59,0.0109977867786984,0.0207157604081229,0.168363274530456,0.479538614914399,FALSE,TRUE
"Chip_adjusted","H3C8",59,0.0490684000937622,0.0589070401991916,0.0117218051334922,0.0308889847923595,TRUE,TRUE
"Chip_adjusted","HDAC11",59,-0.262115855976039,-0.211732223586265,0.000117616353159737,0.00216105198867428,TRUE,TRUE
"Chip_adjusted","HDAC3",59,-0.154139493138574,-0.13851112056475,2.08862834173993e-06,1.95054731018039e-05,TRUE,TRUE
"Chip_adjusted","HDAC5",59,-0.102607254466638,-0.0816707475449895,0.000173786765942178,0.00338154629597195,TRUE,TRUE
"Chip_adjusted","HHEX",59,-0.572815997821646,-0.503143334526389,1.0360780096922e-11,1.43114846128659e-09,TRUE,TRUE
"Chip_adjusted","HK1",59,0.422558967117962,0.50139591238711,5.49441328487782e-10,5.82663225381623e-08,TRUE,TRUE
"Chip_adjusted","HLA-A",59,0.391222296502552,0.467636882584885,6.58620911022151e-09,2.07680902856313e-06,TRUE,TRUE
"Chip_adjusted","HLA-B",59,0.356217064555434,0.430060160086448,8.88946476629876e-06,0.000321688501962034,TRUE,TRUE
"Chip_adjusted","HLA-C",59,0.0374456859355368,0.0900612219736866,0.496669422802958,0.780128846192636,FALSE,TRUE
"Chip_adjusted","HLA-E",59,0.0351306870869471,0.0917520279289969,0.202381994482081,0.660305016744876,FALSE,TRUE
"Chip_adjusted","HLA-F",59,0.338636600346779,0.407917146493565,1.42503883950607e-05,0.000420996938076227,TRUE,TRUE
"Chip_adjusted","HMGA1",59,0.626144738092,0.703251461220134,5.25736758440077e-09,1.29218854636584e-07,TRUE,TRUE
"Chip_adjusted","HPGD",59,0.349103543236242,0.442902491650931,0.0013488131446585,0.0118965570876802,TRUE,TRUE
"Chip_adjusted","HSD17B8",59,-0.541216121399604,-0.463982341529941,1.38597331765133e-07,7.47568924803983e-06,TRUE,TRUE
"Chip_adjusted","HSP90B1",59,0.11056022799711,0.138140517384342,0.0101082313594291,0.038797652007561,TRUE,TRUE
"Chip_adjusted","ICAM2",59,0.0698473714955311,0.117610725620492,0.0965289230948252,0.337565318814358,FALSE,TRUE
"Chip_adjusted","ICAM3",59,-0.214521005853103,-0.157094150486004,0.0182429398911165,0.0822695703664008,FALSE,TRUE
"Chip_adjusted","ID2",59,-0.132299066288906,-0.0428893736839479,0.124449377506648,0.631764579118006,FALSE,TRUE
"Chip_adjusted","IDH2",59,-0.105492925248997,-0.0150161379138419,0.149989867747873,0.844108497324223,FALSE,TRUE
"Chip_adjusted","IFI16",59,0.174836016825289,0.262031467121084,0.00769427994155114,0.0789683695072794,FALSE,TRUE
"Chip_adjusted","IFI27",59,1.2884120604972,1.38692736910238,2.36320074932766e-17,2.57540269780291e-15,TRUE,TRUE
"Chip_adjusted","IFIT3",59,0.457498361104113,0.525621880534709,7.90178099416268e-05,0.000589858079936981,TRUE,TRUE
"Chip_adjusted","IFITM1",59,0.316553698137889,0.381896236718268,0.000797649780415651,0.00630948259576782,TRUE,TRUE
"Chip_adjusted","IFITM2",59,0.358052433140376,0.399352597298884,8.64840018717197e-09,4.19877364112284e-07,TRUE,TRUE
"Chip_adjusted","IGF1R",59,-0.00234700180536966,0.0205677351531269,0.640983820855434,0.982698638067169,FALSE,FALSE
"Chip_adjusted","IGFBP3",59,1.06711256634575,1.17962336170765,3.18146302749629e-14,5.05617726322903e-12,TRUE,TRUE
"Chip_adjusted","IGLL1",59,-0.276914662004836,-0.126435443193012,0.196692294556432,0.578872477885374,FALSE,TRUE
"Chip_adjusted","IL17RA",59,-0.0787293048345407,-0.0564646756934597,0.0577221104775538,0.185846571258371,FALSE,TRUE
"Chip_adjusted","IL17RB",59,-0.110293304099216,-0.0362776336935274,0.364584397785191,0.778030747355837,FALSE,TRUE
"Chip_adjusted","IL1RAP",59,0.267130776019271,0.353253126560876,3.10980920657598e-05,0.00199681215365078,TRUE,TRUE
"Chip_adjusted","IL1RN",59,0.938643307565151,1.05823563776041,3.40641453696031e-13,8.00703764659762e-11,TRUE,TRUE
"Chip_adjusted","IL22RA1",59,-0.709172326029768,-0.551031523513855,1.39126166746474e-05,0.000640714895652753,TRUE,TRUE
"Chip_adjusted","IL2RG",59,0.120533618406239,0.155538082032645,0.000831923760966536,0.0126713410997036,TRUE,TRUE
"Chip_adjusted","IL6ST",59,-0.0565690617142395,-0.0332244446889407,0.124417485256218,0.377572440122844,FALSE,TRUE
"Chip_adjusted","ILF3",59,-0.164536452177306,-0.121604900219101,0.0125831506996304,0.0619830428064312,FALSE,TRUE
"Chip_adjusted","INHBA",59,0.0132358616828497,0.0259260768881695,0.113321297553166,0.429667772699529,FALSE,TRUE
"Chip_adjusted","IRAK2",59,0.504952249720149,0.587351340650363,2.20595722798732e-08,2.56358112711645e-06,TRUE,TRUE
"Chip_adjusted","IRAK3",59,0.32923386788647,0.393264952620438,4.19977053435636e-05,0.000701303710038857,TRUE,TRUE
"Chip_adjusted","IRAK4",59,-0.140622360479199,-0.111553769407179,3.14134783570836e-05,0.00137892110185445,TRUE,TRUE
"Chip_adjusted","IRF7",59,0.430347036996337,0.484389072094434,1.32140080830086e-06,1.97442880931855e-05,TRUE,TRUE
"Chip_adjusted","IRF8",59,0.131381831113277,0.210206664052789,0.118084961343467,0.34683339492756,FALSE,TRUE
"Chip_adjusted","IRF9",59,0.242315870412837,0.30366760349295,8.32569747221494e-06,0.000414908388106062,TRUE,TRUE
"Chip_adjusted","ITGA1",59,0.468362079545252,0.51649246012451,3.92181582302033e-12,2.70624750925528e-10,TRUE,TRUE
"Chip_adjusted","ITGA2",59,0.905347136440701,0.978758626544003,4.03246367237976e-14,2.50913438415215e-12,TRUE,TRUE
"Chip_adjusted","ITGA3",59,0.795066816752404,0.847289536870694,4.18761377456246e-13,8.18225193499616e-12,TRUE,TRUE
"Chip_adjusted","ITGA4",59,-0.0413199829661506,-0.00834648241627678,0.446359993724441,0.876881340158647,FALSE,TRUE
"Chip_adjusted","ITGAV",59,0.149453948945712,0.213234804563916,0.0091380773990026,0.0701571992950013,FALSE,TRUE
"Chip_adjusted","ITGB1",59,0.404119467572885,0.450969042492821,7.97442726961348e-12,5.85820373700222e-10,TRUE,TRUE
"Chip_adjusted","ITGB4",59,0.925971575912627,1.03302174141021,8.8586385055091e-12,1.24037279581071e-09,TRUE,TRUE
"Chip_adjusted","ITGB6",59,0.178704475910475,0.199995574596048,9.01565343417226e-08,1.49689894904957e-06,TRUE,TRUE
"Chip_adjusted","JADE1",59,-0.40285861215474,-0.338478115595361,2.17364525233268e-05,0.000443022198184975,TRUE,TRUE
"Chip_adjusted","JAK3",59,0.014216108124529,0.0227477216481645,0.139670893367916,0.367096166430637,FALSE,TRUE
"Chip_adjusted","JAM3",59,0.0383402349014492,0.0880252979009953,0.357399973585296,0.706919187287984,FALSE,TRUE
"Chip_adjusted","JUN",59,-0.293330337472709,-0.208525907469554,0.00685155149132149,0.0546104150603148,FALSE,TRUE
"Chip_adjusted","JUP",59,0.688743914489652,0.784659645504286,3.03016871111337e-12,3.61537575140256e-10,TRUE,TRUE
"Chip_adjusted","KAT2B",59,-0.0133455844166585,-0.00523727074291278,0.431244191615796,0.772850324455911,FALSE,TRUE
"Chip_adjusted","KDM5C",59,0.0624011469636883,0.080245602356822,0.00199215445149925,0.0172809990915879,TRUE,TRUE
"Chip_adjusted","KDM6A",59,-0.0932720707715021,-0.0526332669175487,0.0767137038225877,0.331734956526495,FALSE,TRUE
"Chip_adjusted","KMT2C",59,-0.0937246862943178,-0.0805927844558328,0.00410876684635354,0.0145316935724036,TRUE,TRUE
"Chip_adjusted","KMT2D",59,0.0197117073846623,0.0328936467670724,0.0839807080196693,0.312283912080828,FALSE,TRUE
"Chip_adjusted","KRT10",59,-0.166429132792687,-0.130786614489658,0.00831466171057017,0.0504276586636817,FALSE,TRUE
"Chip_adjusted","KRT17",59,2.27425220083678,2.43774800040749,1.77037137589795e-20,4.87157510546726e-18,TRUE,TRUE
"Chip_adjusted","KRT19",59,1.71161189083999,1.90461665984666,6.53609957397785e-24,1.1352562950348e-20,TRUE,TRUE
"Chip_adjusted","KRT7",59,1.33323706456079,1.43161123089874,4.07915682748178e-16,1.68717920063168e-14,TRUE,TRUE
"Chip_adjusted","LAMA3",59,1.45883137109302,1.56856106106671,1.53240923438822e-18,2.5557766017847e-16,TRUE,TRUE
"Chip_adjusted","LAMA5",59,0.173029727252088,0.276853557454613,0.003454424032424,0.0749321601105386,FALSE,TRUE
"Chip_adjusted","LAMB3",59,1.65537044909981,1.77505763793783,1.37580956869799e-24,6.58591217345632e-22,TRUE,TRUE
"Chip_adjusted","LAMC2",59,1.88693430335996,2.01600895224293,1.63217483157616e-23,3.04574584624278e-21,TRUE,TRUE
"Chip_adjusted","LAMP1",59,-0.0332744519260946,-0.00635362552754078,0.445666753068531,0.893394686141993,FALSE,TRUE
"Chip_adjusted","LAMP2",59,-0.204383167790601,-0.135098621154959,0.00396882736988747,0.0638306509834351,FALSE,TRUE
"Chip_adjusted","LCN2",59,0.856286036229844,1.15336961094886,1.12550989270096e-05,0.00094607292652246,TRUE,TRUE
"Chip_adjusted","LDHB",59,-0.281236800239114,-0.200675370809639,0.000559963739647535,0.0176497519916649,TRUE,TRUE
"Chip_adjusted","LEF1",59,0.559407932915404,0.643677461691654,4.55848070587497e-09,3.25432321127914e-07,TRUE,TRUE
"Chip_adjusted","LEFTY1",59,-1.20506888760525,-1.0463568595731,7.66044789252896e-06,9.74673799511512e-05,TRUE,TRUE
"Chip_adjusted","LGALS3",59,0.425335705302629,0.472891063556968,2.9811352977803e-11,1.85240246149168e-09,TRUE,TRUE
"Chip_adjusted","LGALS9",59,0.349092485693874,0.396157476269428,5.89539512136061e-08,2.2550688067844e-06,TRUE,TRUE
"Chip_adjusted","LIF",59,0.0306371713346293,0.0836701437817957,0.434384025964272,0.777251405344103,FALSE,TRUE
"Chip_adjusted","LOXL2",59,-0.0178878025053039,-0.009803599597985,0.16901263442507,0.468076358333724,FALSE,TRUE
"Chip_adjusted","LRP1",59,-0.0512296227318279,0.00677199262516254,0.537326987992205,0.992950671649525,FALSE,FALSE
"Chip_adjusted","LRP6",59,-0.0463996969692069,-0.0268791866565189,0.0808993408006799,0.324372661976242,FALSE,TRUE
"Chip_adjusted","LRRC32",59,0.591175974052571,0.669125405694082,7.07579241206995e-11,7.83482755956267e-09,TRUE,TRUE
"Chip_adjusted","LTBP1",59,0.0829055248414585,0.101507325610457,0.0280358815367317,0.075093240997237,FALSE,TRUE
"Chip_adjusted","LTBR",59,0.161438818493056,0.20139590908739,0.00423003848012924,0.0234708721321823,TRUE,TRUE
"Chip_adjusted","LY6E",59,0.647360057246811,0.727662462576758,8.04612478736133e-09,3.25432321127914e-07,TRUE,TRUE
"Chip_adjusted","LY96",59,0.205598420317514,0.271780810095059,0.00697243914263623,0.0427316013338689,TRUE,TRUE
"Chip_adjusted","MAD2L2",59,-0.0874479757347678,-0.0492244487650789,0.127874968397436,0.405207017748295,FALSE,TRUE
"Chip_adjusted","MAP2K2",59,-0.212599361594869,-0.160038384128309,0.00126250645154046,0.0186089410562822,TRUE,TRUE
"Chip_adjusted","MAP2K4",59,-0.14175412935466,-0.125440137608498,5.34181267959678e-05,0.000308201406820665,TRUE,TRUE
"Chip_adjusted","MAP3K1",59,-0.22879114259271,-0.186506697915583,0.000230725176989709,0.00301409427580058,TRUE,TRUE
"Chip_adjusted","MAP3K13",59,-0.01241594318157,0.0276165896492216,0.672991836722817,0.994208212477613,FALSE,FALSE
"Chip_adjusted","MAP3K14",59,-0.186199089223349,-0.15563562192876,5.22443603334705e-06,0.000248114092277241,TRUE,TRUE
"Chip_adjusted","MAP3K5",59,-0.164464641194777,-0.113638564370854,0.0030894888129971,0.0503363399465325,FALSE,TRUE
"Chip_adjusted","MAPK1",59,0.0347953858790807,0.0637677104060771,0.242375220154071,0.541578307800207,FALSE,TRUE
"Chip_adjusted","MAPK12",59,0.0289529180205167,0.0583730126985071,0.126439762273369,0.46984774203655,FALSE,TRUE
"Chip_adjusted","MAPK3",59,0.277023486185388,0.31669847657175,1.6814378575035e-08,1.11177417415189e-06,TRUE,TRUE
"Chip_adjusted","MAPK8",59,0.0292192430091169,0.0403628053700616,0.0345925643763041,0.137838761543645,FALSE,TRUE
"Chip_adjusted","MAPK9",59,-0.208621971874143,-0.160292501442525,0.00318819758047426,0.0273211530615016,TRUE,TRUE
"Chip_adjusted","MAVS",59,-0.112711148916844,-0.0899560970607296,1.12539996516795e-06,6.46053679848612e-05,TRUE,TRUE
"Chip_adjusted","MDM4",59,-0.106757643290906,-0.0742395419901332,0.0120143448916704,0.0816138431688648,FALSE,TRUE
"Chip_adjusted","ME2",59,-0.0700669479839233,-0.034826489110644,0.266596011603257,0.587019092585259,FALSE,TRUE
"Chip_adjusted","MECOM",59,0.216059552248263,0.30133587565735,0.00929135562012074,0.0578323334575457,FALSE,TRUE
"Chip_adjusted","MEN1",59,-0.121956586882832,-0.0983388081981289,5.71043934061467e-05,0.00132285917319586,TRUE,TRUE
"Chip_adjusted","MFGE8",59,0.396537321879884,0.460794212554485,3.80860062629546e-06,7.61396906458729e-05,TRUE,TRUE
"Chip_adjusted","MGMT",59,-0.0788598206264188,-0.00815439639160854,0.260159207411172,0.916923236807634,FALSE,TRUE
"Chip_adjusted","MKI67",59,0.14536854378107,0.159354055880463,2.47670662267949e-06,1.42173864477221e-05,TRUE,TRUE
"Chip_adjusted","MLH1",59,-0.113780808345786,-0.0782839302899491,0.00154716223633876,0.0323732130307693,TRUE,TRUE
"Chip_adjusted","MLLT3",59,-0.0149384470261877,-0.00424225791593406,0.421578925962502,0.824378725220205,FALSE,TRUE
"Chip_adjusted","MLPH",59,1.08527313848526,1.19796077337666,2.13977723176134e-13,3.79549137805831e-11,TRUE,TRUE
"Chip_adjusted","MMP11",59,1.88589273893972,2.06273113730405,4.84424628451654e-21,4.87157510546726e-18,TRUE,TRUE
"Chip_adjusted","MMP9",59,0.378385450720358,0.590161220661207,0.0167324445511479,0.1323230342806,FALSE,TRUE
"Chip_adjusted","MNX1",59,-0.154588808504658,-0.123220354403146,0.000549882224972971,0.00599373350883927,TRUE,TRUE
"Chip_adjusted","MRPL19",59,0.0271079855593604,0.0561077519219049,0.130015480696168,0.484048053509041,FALSE,TRUE
"Chip_adjusted","MSH6",59,-0.115498824453073,-0.0881046757129995,0.0214558941085433,0.0814024638556482,FALSE,TRUE
"Chip_adjusted","MSRB2",59,0.140328874610469,0.179392808909449,0.00172029751254654,0.0142049429432989,TRUE,TRUE
"Chip_adjusted","MST1R",59,0.763989821146653,0.825743744904931,5.80657946635098e-13,3.05269618710447e-11,TRUE,TRUE
"Chip_adjusted","MTF1",59,-0.0702026552300997,-0.0326017536372612,0.175898012514855,0.540822410471665,FALSE,TRUE
"Chip_adjusted","MTOR",59,-0.105445160945953,-0.08096760844345,0.0222539052794238,0.0780058599706343,FALSE,TRUE
"Chip_adjusted","MXI1",59,-0.0150899445173202,0.018410799588265,0.624601217419182,0.998897873424931,FALSE,FALSE
"Chip_adjusted","MYC",59,-0.301395901278155,-0.229724978779399,0.00878608561408036,0.0470138302799672,TRUE,TRUE
"Chip_adjusted","MYD88",59,0.34426659378791,0.396455127266642,4.7670558926952e-10,3.98202961760045e-08,TRUE,TRUE
"Chip_adjusted","NANOG",59,0.00810152778797552,0.0166623697594483,0.226991913384215,0.56732354411657,FALSE,TRUE
"Chip_adjusted","NBN",59,-0.0528754851364991,-0.020343380384754,0.268046585303573,0.682647766447578,FALSE,TRUE
"Chip_adjusted","NCOR1",59,-0.131775534616386,-0.110583126256057,3.59016023532626e-05,0.000570058819985438,TRUE,TRUE
"Chip_adjusted","NDUFA1",59,0.00851109956982309,0.0655707552050846,0.207857028574884,0.877095347974836,FALSE,TRUE
"Chip_adjusted","NDUFA11",59,-0.0445332247063104,0.00197362835422087,0.423673596558996,0.968130367077056,FALSE,FALSE
"Chip_adjusted","NDUFA3",59,-0.0173871736079249,0.0100269603223137,0.762950895118969,0.998897873424931,FALSE,FALSE
"Chip_adjusted","NDUFA7",59,-0.0015424172602794,0.0450171024495629,0.497937854381632,0.980066712297351,FALSE,FALSE
"Chip_adjusted","NDUFB1",59,0.0351990048402044,0.0466524613777414,0.0842908703766646,0.199187910518061,FALSE,TRUE
"Chip_adjusted","NDUFB10",59,-0.101915721001333,-0.0551081402070882,0.109750897065374,0.403214265766528,FALSE,TRUE
"Chip_adjusted","NDUFB11",59,-0.108253316062042,-0.0725496310557959,0.0504800453150296,0.199630660289863,FALSE,TRUE
"Chip_adjusted","NDUFB7",59,-0.104682966832986,-0.0640254415121872,0.0574907976259413,0.253805069787224,FALSE,TRUE
"Chip_adjusted","NDUFB8",59,0.00263736474262899,0.0229906351684399,0.558723518219595,0.947016035902777,FALSE,TRUE
"Chip_adjusted","NDUFS7",59,-0.0998364057815354,-0.0657719360202189,0.0512124120579741,0.208795647296528,FALSE,TRUE
"Chip_adjusted","NDUFS8",59,0.0348855938954813,0.0654104592027244,0.216178605282232,0.515530079933034,FALSE,TRUE
"Chip_adjusted","NFKBIA",59,-0.109984596213727,-0.0572862621847867,0.297721210619227,0.596484643895293,FALSE,TRUE
"Chip_adjusted","NID2",59,0.0522845459622248,0.0742487567107367,0.03943786738599,0.194246529805403,FALSE,TRUE
"Chip_adjusted","NKD1",59,0.150694385625962,0.177115695169361,0.000588914207909335,0.00352765071128914,TRUE,TRUE
"Chip_adjusted","NLRC5",59,-0.0124630030933155,0.016541513599568,0.702471424764996,0.994344234626405,FALSE,FALSE
"Chip_adjusted","NOTCH1",59,-0.105890243470792,-0.0469950946619433,0.117835305173819,0.497574571351642,FALSE,TRUE
"Chip_adjusted","NOTCH3",59,0.273320791887767,0.332497089149064,0.000147489470289159,0.00248470843444667,TRUE,TRUE
"Chip_adjusted","NPM1",59,-0.0212986427228603,0.0378293629975163,0.692406627314351,0.999111404493946,FALSE,FALSE
"Chip_adjusted","NSD1",59,0.0473557636246839,0.0612600867221677,0.00973760037996129,0.0498756062814482,TRUE,TRUE
"Chip_adjusted","NSD2",59,0.046500158106164,0.0628611381730014,0.0131206317689608,0.0698719158320782,FALSE,TRUE
"Chip_adjusted","NT5E",59,0.386996330485287,0.44121286912503,2.37253764610731e-07,1.29703852331223e-05,TRUE,TRUE
"Chip_adjusted","NUMBL",59,0.0676662078849451,0.0873670982802963,0.00307861938664722,0.025060654626838,TRUE,TRUE
"Chip_adjusted","NUPR1",59,-0.231294368099178,-0.149230835637397,0.0144903127813409,0.119445268503659,FALSE,TRUE
"Chip_adjusted","OAS1",59,0.807108135204767,0.893599986692457,2.72320090245838e-11,9.34966550996242e-10,TRUE,TRUE
"Chip_adjusted","OAZ1",59,0.156468032575598,0.177453692135815,1.9784139081942e-06,2.96971805798907e-05,TRUE,TRUE
"Chip_adjusted","OLFML2B",59,0.358263054499497,0.477718187467745,0.00186679988514951,0.0217138966668199,TRUE,TRUE
"Chip_adjusted","P4HA1",59,0.380487289849527,0.430019708931703,2.3967449199273e-06,5.11325532007979e-05,TRUE,TRUE
"Chip_adjusted","P4HA2",59,-0.0890815288076486,-0.0191464438849512,0.388727804417969,0.858012182072571,FALSE,TRUE
"Chip_adjusted","PAK3",59,-0.108162281791598,-0.0915075962745809,0.0002615421261187,0.00326938837039014,TRUE,TRUE
"Chip_adjusted","PARP9",59,0.315463917667742,0.367342963232958,4.93867835642823e-07,1.73029405733854e-05,TRUE,TRUE
"Chip_adjusted","PBX1",59,-0.404188201231192,-0.368605165110239,6.42593175843802e-12,4.36492907317353e-10,TRUE,TRUE
"Chip_adjusted","PCK2",59,-0.251415664086483,-0.181342062518753,0.00314594497704461,0.0384456141158462,TRUE,TRUE
"Chip_adjusted","PDGFA",59,-0.18595325748773,-0.128658724301065,0.010354360185609,0.0775023287349758,FALSE,TRUE
"Chip_adjusted","PDGFC",59,0.209180884189995,0.255463667487894,0.00125913813754229,0.008168669453199,TRUE,TRUE
"Chip_adjusted","PDGFD",59,-0.852853965620266,-0.794726814551146,9.48759652494398e-14,2.90559467680489e-12,TRUE,TRUE
"Chip_adjusted","PDGFRB",59,0.0794335639006386,0.162339472124951,0.115445258317402,0.460509276264564,FALSE,TRUE
"Chip_adjusted","PDPN",59,0.205253609829919,0.342306526550294,0.0156802586972233,0.154445614045879,FALSE,TRUE
"Chip_adjusted","PEBP1",59,-0.414115805691279,-0.348588014306577,1.21809495709819e-07,4.97920484199846e-06,TRUE,TRUE
"Chip_adjusted","PGM2",59,0.230729476168281,0.27458892980099,9.1734646956612e-06,0.000157693229546843,TRUE,TRUE
"Chip_adjusted","PHGDH",59,-0.574539368225695,-0.492689987559556,3.93652543862716e-05,0.00048913986245922,TRUE,TRUE
"Chip_adjusted","PIAS4",59,-0.180982846145951,-0.139824263553327,9.18456668663267e-05,0.00213228386228088,TRUE,TRUE
"Chip_adjusted","PIK3CA",59,0.0871130447992437,0.108479381418084,3.95592558047887e-05,0.00155667354735121,TRUE,TRUE
"Chip_adjusted","PIK3CB",59,0.0424905112966407,0.0691542146113064,0.164530505413383,0.40714735475396,FALSE,TRUE
"Chip_adjusted","PKM",59,0.654566130100225,0.709922879687488,3.1581572709353e-14,2.82377735496616e-12,TRUE,TRUE
"Chip_adjusted","PLA2G1B",59,-1.82367899187171,-1.48695328921242,0.000642269738845305,0.00574698057311602,TRUE,TRUE
"Chip_adjusted","PLAT",59,0.728510840250743,0.852900541681983,2.24488979591895e-07,1.03959307337261e-05,TRUE,TRUE
"Chip_adjusted","PLAU",59,0.894450994215954,1.02265050025239,4.85262093078966e-10,8.7272052032021e-08,TRUE,TRUE
"Chip_adjusted","PLAUR",59,0.810113203291571,0.942716934608752,6.11112786756689e-10,1.09800590559782e-07,TRUE,TRUE
"Chip_adjusted","PLCB1",59,-0.232991895814116,-0.181983203430243,9.48028753100691e-06,0.000683223833689362,TRUE,TRUE
"Chip_adjusted","PLD1",59,-0.405286201093866,-0.346955347195056,5.63107710824646e-07,1.49427889999868e-05,TRUE,TRUE
"Chip_adjusted","PLK1",59,0.010361066405292,0.0437834900302465,0.377355996172215,0.84189929500368,FALSE,TRUE
"Chip_adjusted","PLOD2",59,0.356142377556795,0.429677271871881,7.54572854265149e-05,0.00119780017320014,TRUE,TRUE
"Chip_adjusted","PML",59,-0.0767560837546831,-0.0287704086348129,0.26037401058894,0.669979415750443,FALSE,TRUE
"Chip_adjusted","PNMA1",59,0.222294461874429,0.264611818660608,1.11016782090582e-05,0.000255024009033896,TRUE,TRUE
"Chip_adjusted","POLR1B",59,-0.0988213475005653,-0.0744524767798983,0.00142717538222258,0.0177669087100979,TRUE,TRUE
"Chip_adjusted","POLR2A",59,-0.096535477810497,-0.0546400893941575,0.126708856823854,0.382626775491493,FALSE,TRUE
"Chip_adjusted","PPARGC1A",59,-0.207399556986964,-0.135658801727151,0.0748522214647905,0.255403185296938,FALSE,TRUE
"Chip_adjusted","PPL",59,0.365568706494657,0.417182968576396,4.82434287273272e-06,7.61396906458729e-05,TRUE,TRUE
"Chip_adjusted","PPP2CB",59,-0.0382028771652231,0.0165112913571336,0.568526133911262,0.997639642668478,FALSE,FALSE
"Chip_adjusted","PPP2R3A",59,-0.200223991053141,-0.177859648189335,2.31461343016911e-06,3.08004820802461e-05,TRUE,TRUE
"Chip_adjusted","PPP3CA",59,0.127987296139,0.170118092650029,0.00136069858057164,0.0148843975688525,TRUE,TRUE
"Chip_adjusted","PPP3CB",59,-0.234446329177361,-0.189669685591772,1.40131060241378e-05,0.000346504043752894,TRUE,TRUE
"Chip_adjusted","PPP3CC",59,-0.10914174625865,-0.0836836007731818,0.0302170164010448,0.0888712810920585,FALSE,TRUE
"Chip_adjusted","PRDM1",59,0.160808604017235,0.255427572815037,0.0126711761661618,0.128201790046512,FALSE,TRUE
"Chip_adjusted","PRKACA",59,-0.0257390821567074,-0.00484854478252471,0.229423109908408,0.819304748902611,FALSE,TRUE
"Chip_adjusted","PRKAR2A",59,0.0402347922307435,0.0651951732899874,0.107158925124355,0.338619516468467,FALSE,TRUE
"Chip_adjusted","PRKAR2B",59,0.00225496236394887,0.0118934804791508,0.395267691366122,0.868556632299995,FALSE,TRUE
"Chip_adjusted","PRLR",59,-0.128703303827747,-0.0956865882044674,6.03748359635429e-05,0.003454424032424,TRUE,TRUE
"Chip_adjusted","PSAT1",59,-0.861715078228244,-0.703587512410812,1.04254381328626e-05,0.000364223531095918,TRUE,TRUE
"Chip_adjusted","PSEN2",59,-0.373476590125136,-0.304478789398826,1.18933954417195e-05,0.000463110715555205,TRUE,TRUE
"Chip_adjusted","PSMB10",59,-0.0937515126775063,-0.0444158430230219,0.171072752831761,0.535738047928793,FALSE,TRUE
"Chip_adjusted","PSMB5",59,0.00811534993841928,0.0518348063904294,0.259412802337675,0.867304046845699,FALSE,TRUE
"Chip_adjusted","PSMB7",59,0.0234354919269355,0.0550030701275855,0.271676958288993,0.650746032188168,FALSE,TRUE
"Chip_adjusted","PSMB8",59,0.383678368002289,0.443448417921602,2.58784127100739e-08,1.85414731260612e-06,TRUE,TRUE
"Chip_adjusted","PSMB9",59,0.401862576834641,0.46841595630185,6.3334100515951e-06,0.000141708247611889,TRUE,TRUE
"Chip_adjusted","PTGER4",59,-0.509129744860484,-0.407735241983397,6.39994667081504e-08,2.17827570191413e-05,TRUE,TRUE
"Chip_adjusted","PTGS2",59,0.513335114549615,0.662529017349117,0.00213582088534379,0.0210457479606433,TRUE,TRUE
"Chip_adjusted","PTPN11",59,0.00278484055650912,0.0278433206487316,0.521979750645243,0.948065211246136,FALSE,TRUE
"Chip_adjusted","PUM1",59,-0.0572258278557327,-0.0323155925509314,0.153499511340188,0.436170381891314,FALSE,TRUE
"Chip_adjusted","PYCARD",59,0.404107665842173,0.463371043769196,2.79577301853026e-08,2.07680902856313e-06,TRUE,TRUE
"Chip_adjusted","PYCR1",59,-0.189196581604134,-0.119448994315873,0.0392170645299022,0.207524875867222,FALSE,TRUE
"Chip_adjusted","RAC2",59,0.13367525479882,0.242452269024503,0.0331565622330321,0.260057121531072,FALSE,TRUE
"Chip_adjusted","RAD50",59,-0.0857062786578095,-0.0582499619759698,0.0513988742206824,0.194756081597283,FALSE,TRUE
"Chip_adjusted","RAF1",59,-0.196606094413977,-0.165005836483774,1.72696615363475e-07,8.88695396449703e-06,TRUE,TRUE
"Chip_adjusted","RANBP2",59,0.00573230596755589,0.0163252662037397,0.411491538876722,0.780617244677074,FALSE,TRUE
"Chip_adjusted","RBL2",59,-0.243543264366677,-0.213253421059136,1.03880857636006e-06,1.27839936952499e-05,TRUE,TRUE
"Chip_adjusted","REPS1",59,-0.0853149213891978,-0.0685936439066663,0.000186035595132323,0.00318689789082699,TRUE,TRUE
"Chip_adjusted","RGMB",59,-0.227902875339177,-0.185710047391552,0.000319627507915038,0.00423974393473417,TRUE,TRUE
"Chip_adjusted","RIPK1",59,-0.0315216013761636,0.0117992956363446,0.585882509178456,0.993429850283672,FALSE,FALSE
"Chip_adjusted","RIPK3",59,0.206956236952493,0.232256305316698,4.69364480421939e-05,0.000298329037965561,TRUE,TRUE
"Chip_adjusted","RORA",59,-0.101985735253514,-0.0717637560718932,0.014945162271251,0.0866822491837884,FALSE,TRUE
"Chip_adjusted","RORC",59,-0.494113591510219,-0.422651890646781,2.54783007925442e-06,6.38365238438953e-05,TRUE,TRUE
"Chip_adjusted","RPL23",59,-0.266651112622769,-0.20562410555029,1.54458265113008e-05,0.000948846055065702,TRUE,TRUE
"Chip_adjusted","RPL7A",59,-0.315189223937338,-0.247390552894227,2.31461343016911e-06,0.000229168761756909,TRUE,TRUE
"Chip_adjusted","RPS27A",59,0.000194056373345839,0.0113618943486549,0.634293285098619,0.994536595001312,FALSE,TRUE
"Chip_adjusted","RPS6",59,-0.0852602703655212,-0.0579608611504853,0.0399595696816681,0.170251099040071,FALSE,TRUE
"Chip_adjusted","RPS6KB1",59,-0.139632157594161,-0.109359642601105,0.00359945849025812,0.0240225336986584,TRUE,TRUE
"Chip_adjusted","RRM2",59,0.358745652972435,0.397709981397046,2.01833647326605e-07,2.58160465269312e-06,TRUE,TRUE
"Chip_adjusted","RUNX1",59,0.293413338670478,0.390955474416426,0.000316868382536664,0.00742694485535093,TRUE,TRUE
"Chip_adjusted","RUNX1T1",59,-0.191537648818841,-0.120763167895498,0.0358565189493542,0.191194706997322,FALSE,TRUE
"Chip_adjusted","SELENOK",59,-0.23042408345384,-0.182616215887102,0.00184681216263636,0.018389082517586,TRUE,TRUE
"Chip_adjusted","SERINC2",59,0.697912881272941,0.786790237272849,4.49517897548728e-11,5.34885166658402e-09,TRUE,TRUE
"Chip_adjusted","SERPINB5",59,1.84401697596503,1.97734718135767,7.8914545505679e-22,2.35064157782229e-19,TRUE,TRUE
"Chip_adjusted","SERPINH1",59,0.415526838157445,0.514028080773625,1.07904941125795e-05,0.000421738722255512,TRUE,TRUE
"Chip_adjusted","SETD2",59,-0.203737194496886,-0.176885088735027,1.2218955713468e-07,2.56242762316212e-06,TRUE,TRUE
"Chip_adjusted","SF3A1",59,-0.137431375751582,-0.113219158649241,0.000451248734434306,0.00412752410226424,TRUE,TRUE
"Chip_adjusted","SFN",59,1.41132872030806,1.52836000152008,1.40754578881563e-20,1.5822715860062e-17,TRUE,TRUE
"Chip_adjusted","SFRP2",59,-0.0661221320407338,0.0408905090242022,0.716739951219491,0.999171451187251,FALSE,FALSE
"Chip_adjusted","SFRP4",59,-0.299040273642202,-0.107525822449648,0.19446530424669,0.652596231440478,FALSE,TRUE
"Chip_adjusted","SGK1",59,-0.391453665577123,-0.309409851347611,0.000134650237055107,0.00197973622182235,TRUE,TRUE
"Chip_adjusted","SHC2",59,-0.318716479339609,-0.272567668784433,1.3352408654153e-06,4.24002434951462e-05,TRUE,TRUE
"Chip_adjusted","SIGIRR",59,-0.131525898309383,-0.0972015827991759,0.0147192842386991,0.0715203256404388,FALSE,TRUE
"Chip_adjusted","SIN3A",59,-0.0378004492498558,-0.0209899088642657,0.355103803243692,0.623851560479325,FALSE,TRUE
"Chip_adjusted","SLC16A1",59,-0.0164803263930343,-0.00388963681714408,0.33426652703189,0.83060577178329,FALSE,TRUE
"Chip_adjusted","SLC25A1",59,-0.0353142011193711,-0.00216819636238409,0.55190111065926,0.971696652175635,FALSE,TRUE
"Chip_adjusted","SLC2A1",59,1.71537835416014,1.87540444901442,7.96212138614578e-19,2.45289375258592e-16,TRUE,TRUE
"Chip_adjusted","SLC39A6",59,-0.0912818365552405,-0.0375680444870426,0.238194245716866,0.651974020429279,FALSE,TRUE
"Chip_adjusted","SMAD4",59,-0.215625530434146,-0.183112397589777,5.36994759045746e-05,0.000710334361672468,TRUE,TRUE
"Chip_adjusted","SMAP1",59,-0.148105528248738,-0.103014951378827,0.0061563455499651,0.0574089494669238,FALSE,TRUE
"Chip_adjusted","SMC1A",59,-0.0351129296980409,-0.0091886266259056,0.389389476008143,0.818025371767541,FALSE,TRUE
"Chip_adjusted","SMC3",59,-0.137469891265389,-0.112941551551138,0.00396882736988747,0.0214754237387,TRUE,TRUE
"Chip_adjusted","SNAI2",59,0.187098669373384,0.27868503473054,0.0282298728604939,0.143782908572928,FALSE,TRUE
"Chip_adjusted","SOD2",59,-0.0192072780359153,0.0714465030584882,0.655683131644567,0.988736613749466,FALSE,FALSE
"Chip_adjusted","SOS2",59,-0.0600885472377417,-0.0412082413318681,0.109371146454768,0.280538653385185,FALSE,TRUE
"Chip_adjusted","SOX9",59,-0.106961963999792,0.0365164853122109,0.381102870133333,0.888198175139075,FALSE,FALSE
"Chip_adjusted","SPINK1",59,-0.671380866076954,-0.424427869885866,0.0113912812332948,0.137838761543645,FALSE,TRUE
"Chip_adjusted","SPOP",59,-0.202034949259071,-0.162381861416086,0.000716699319950607,0.00652601713820291,TRUE,TRUE
"Chip_adjusted","SPRED1",59,0.176154004030203,0.231941110968377,0.000373987360537262,0.00606887110533335,TRUE,TRUE
"Chip_adjusted","SPRY4",59,0.507934173876153,0.558941012365215,2.07885934123951e-12,5.40063866753778e-10,TRUE,TRUE
"Chip_adjusted","SRP54",59,-0.157539422546262,-0.121688252653258,0.00322228810830531,0.0255127702351233,TRUE,TRUE
"Chip_adjusted","SRR",59,-0.106978227390173,-0.0872632569563931,0.00392815868579285,0.0196555586010664,TRUE,TRUE
"Chip_adjusted","SRSF2",59,0.00782990285456171,0.0458225465904558,0.397618147884122,0.893640862296785,FALSE,TRUE
"Chip_adjusted","SSX1",59,0.0114851521824456,0.0246779469623422,0.189957917690302,0.564893122863169,FALSE,TRUE
"Chip_adjusted","STAT1",59,0.159857514155812,0.245338358590329,0.00470645239358241,0.082489596475601,FALSE,TRUE
"Chip_adjusted","STAT2",59,-0.00774239931209183,0.0415236319384725,0.585196473088299,0.986826778798898,FALSE,FALSE
"Chip_adjusted","STAT6",59,0.0949757387875395,0.145704707822603,0.0400579955067822,0.193173331588499,FALSE,TRUE
"Chip_adjusted","STC1",59,0.52893278360787,0.601079838818064,5.20063913366012e-07,9.62709163300564e-06,TRUE,TRUE
"Chip_adjusted","STK11",59,-0.0892983521639518,-0.0599452609616064,0.0435648921956083,0.192375684782147,FALSE,TRUE
"Chip_adjusted","STMN1",59,0.279244847325748,0.319399345983225,9.34737130589034e-08,2.60761440708439e-06,TRUE,TRUE
"Chip_adjusted","TANK",59,0.0552654400041662,0.0814250944099283,0.149169265596729,0.341316361359735,FALSE,TRUE
"Chip_adjusted","TBP",59,-0.117793732969849,-0.0929904452203352,0.0013614534895926,0.0109464678831345,TRUE,TRUE
"Chip_adjusted","TCF7",59,-0.021594680900286,-0.00643072541123388,0.242993686216714,0.73272180600798,FALSE,TRUE
"Chip_adjusted","TECR",59,-0.0792737293191297,-0.045128291945978,0.190781394323961,0.475053648659738,FALSE,TRUE
"Chip_adjusted","TFE3",59,0.0664656160725093,0.0861796434610473,0.0206700057927205,0.0768623792456724,FALSE,TRUE
"Chip_adjusted","TGFB1",59,-0.00740144230413163,0.00167238093705328,0.631847774801839,0.98627658547827,FALSE,FALSE
"Chip_adjusted","TGFBR1",59,0.043979472864705,0.0587485722837523,0.0280948657449542,0.11222215724261,FALSE,TRUE
"Chip_adjusted","THEM4",59,-0.0528889588725243,-0.0290887871502128,0.177481398931286,0.464084849693661,FALSE,TRUE
"Chip_adjusted","THY1",59,0.0267478637998113,0.132392989930665,0.351425351242148,0.861281448657734,FALSE,TRUE
"Chip_adjusted","TMEM163",59,-0.122064364951249,-0.0545020279806275,0.224502309853766,0.604125440616491,FALSE,TRUE
"Chip_adjusted","TMPRSS2",59,0.15415562466382,0.245728578639388,0.151571785074281,0.36803330444905,FALSE,TRUE
"Chip_adjusted","TNC",59,0.0612964536727221,0.186901352893428,0.284579892384688,0.734019455104652,FALSE,TRUE
"Chip_adjusted","TNFAIP6",59,0.485738832648603,0.623325782290746,0.000133098319990378,0.00383915176197872,TRUE,TRUE
"Chip_adjusted","TNFRSF14",59,-0.0493517226370882,0.0199978847447339,0.57048688579082,0.973394213057435,FALSE,FALSE
"Chip_adjusted","TNFRSF1A",59,0.119977097573631,0.163044806328632,0.00578549998470787,0.0486653289294149,TRUE,TRUE
"Chip_adjusted","TNFSF13",59,0.0969471968739976,0.122829285947777,0.00514816779643925,0.0309217951467985,TRUE,TRUE
"Chip_adjusted","TNFSF13B",59,0.0499507517628165,0.123815100532224,0.286951245367466,0.691052436039708,FALSE,TRUE
"Chip_adjusted","TNKS",59,0.0384791073500015,0.0542583414716235,0.0390306995537836,0.14650303709746,FALSE,TRUE
"Chip_adjusted","TOLLIP",59,-0.151070448331382,-0.12420675103327,0.0134455468239426,0.0453390236176165,TRUE,TRUE
"Chip_adjusted","TOP2A",59,0.962950971707725,1.0659712918412,9.45810394997403e-15,2.66461430863211e-12,TRUE,TRUE
"Chip_adjusted","TP53",59,0.0127150942878124,0.056038976228206,0.276625203463483,0.813691388333637,FALSE,TRUE
"Chip_adjusted","TPM4",59,0.282698592141185,0.336994879817593,2.26232911117091e-05,0.000503581352962707,TRUE,TRUE
"Chip_adjusted","TSC1",59,-0.314557515315428,-0.266289376063003,5.64098716072103e-08,1.86544873257162e-06,TRUE,TRUE
"Chip_adjusted","TXN2",59,-0.0422511417091788,-0.0256395762129541,0.0907571786772263,0.316450211828612,FALSE,TRUE
"Chip_adjusted","TYMP",59,0.505235458583897,0.582940259055305,1.00573077777802e-06,2.35220041860652e-05,TRUE,TRUE
"Chip_adjusted","U2AF1",59,-0.0740726826390989,-0.0484877518436967,0.127622974715519,0.326827277717637,FALSE,TRUE
"Chip_adjusted","UBA7",59,-0.170577274457875,-0.101853065472359,0.0160219074308087,0.159535207064867,FALSE,TRUE
"Chip_adjusted","UBB",59,-0.0156657082790012,0.0330147102115668,0.402433917113804,0.989619716933776,FALSE,FALSE
"Chip_adjusted","UBE2T",59,0.600133223586115,0.658004110681326,1.58453331952688e-11,6.86623116912503e-10,TRUE,TRUE
"Chip_adjusted","UQCR10",59,-0.154774423524148,-0.111940035174006,0.00315268627714598,0.0338142442326141,TRUE,TRUE
"Chip_adjusted","UQCR11",59,-0.0789019567698316,-0.0549722836120617,0.0306706546613377,0.140108625616358,FALSE,TRUE
"Chip_adjusted","UQCRQ",59,-0.0175931094309475,0.0337827953289102,0.63634992172047,0.974793594098987,FALSE,FALSE
"Chip_adjusted","UTY",59,-0.107401561397654,-0.0733615724289665,0.0502514984721083,0.194246529805403,FALSE,TRUE
"Chip_adjusted","VCAN",59,0.394205934098808,0.533285488323168,0.000119726513281107,0.00403818039935091,TRUE,TRUE
"Chip_adjusted","VEGFB",59,-0.138105161034377,-0.113358568061341,0.0116222988854148,0.0419532389231564,TRUE,TRUE
"Chip_adjusted","VSIR",59,-0.021952017896625,0.0424756403898442,0.663515158929398,0.99068371672687,FALSE,FALSE
"Chip_adjusted","VTCN1",59,-0.8362744762903,-0.657730776592572,2.87692829918772e-05,0.00111281028794373,TRUE,TRUE
"Chip_adjusted","WIPF1",59,0.0213252056635596,0.0833264775833235,0.311319396024623,0.810298665051758,FALSE,TRUE
"Chip_adjusted","WNT10A",59,0.33808959464675,0.373231935319814,8.41247279698609e-06,6.38365238438953e-05,TRUE,TRUE
"Chip_adjusted","WNT5A",59,0.329282266579261,0.409817130947183,8.93785325464125e-05,0.00196679642543042,TRUE,TRUE
"Chip_adjusted","WRN",59,-0.134002248443418,-0.116304714901502,0.000392590443778764,0.00190869296895561,TRUE,TRUE
"Chip_adjusted","XPA",59,-0.00469325804005799,0.0097800146056991,0.631758995242487,0.971696652175635,FALSE,FALSE
"Chip_adjusted","YTHDF2",59,0.0415932067589031,0.0608374917664375,0.156599426676243,0.341607889043997,FALSE,TRUE
"Chip_adjusted","ZBTB16",59,-0.270166781336275,-0.150359006533391,0.218626583255519,0.50544562982118,FALSE,TRUE
"Chip_adjusted","ZBTB20",59,-0.334664506847214,-0.293982774357143,6.19505967127717e-06,5.5446798119763e-05,TRUE,TRUE
"Chip_adjusted","ZEB1",59,0.0411261798636521,0.0744760395663627,0.154298874311411,0.448945689048086,FALSE,TRUE
"Chip_adjusted","ZEB2",59,-0.15869816018818,-0.114515958928727,0.0336936088009875,0.126623342894481,FALSE,TRUE
"Unadjusted","ABCF1",59,0.0878830817557676,0.103191045341021,0.00415686092982915,0.0142515735655397,TRUE,TRUE
"Unadjusted","ACSF3",59,0.00385716853593301,0.0152971408964293,0.266578871616917,0.79875723814135,FALSE,TRUE
"Unadjusted","ACTA2",59,0.534718838083093,0.572932167016227,1.3098373871829e-16,4.82164389810219e-15,TRUE,TRUE
"Unadjusted","ACTB",59,0.478862358183816,0.50890864556822,2.00053905188682e-23,1.81031559002976e-21,TRUE,TRUE
"Unadjusted","ACTR3B",59,-0.019907574987774,-0.0088856195077399,0.225630040687295,0.601918792415851,FALSE,TRUE
"Unadjusted","ACVR1B",59,-0.138558195291833,-0.110828893165827,0.00517834395818706,0.0269755378501619,TRUE,TRUE
"Unadjusted","ADAM12",59,0.128347284794614,0.137882146099907,4.2511608956389e-11,9.20813347752812e-10,TRUE,TRUE
"Unadjusted","ADH1B",59,-0.714346876307974,-0.673358263196134,5.09703327167071e-16,1.45917928476676e-14,TRUE,TRUE
"Unadjusted","AKT1",59,-0.0772129741845554,-0.0540678144818766,0.0521733307094154,0.183587202908163,FALSE,TRUE
"Unadjusted","AKT2",59,0.0333256540231495,0.0421428334038015,0.00593003015560816,0.0322897424017153,TRUE,TRUE
"Unadjusted","ALCAM",59,-0.00278665415156843,0.0415463000890578,0.635264180283091,0.979314844710997,FALSE,FALSE
"Unadjusted","ALKBH3",59,-0.25219124413379,-0.23284662649748,3.52708741483369e-14,1.84653875512455e-12,TRUE,TRUE
"Unadjusted","AMBP",59,-0.28903967210849,-0.256881791839627,3.28847072180765e-11,8.18781145484328e-10,TRUE,TRUE
"Unadjusted","ANGPTL4",59,0.624039771485042,0.667757235117833,2.86601005828284e-08,2.3022996693804e-07,TRUE,TRUE
"Unadjusted","ANKRD28",59,-0.294493292053533,-0.269497418890716,1.41451362359757e-15,1.87583423236308e-13,TRUE,TRUE
"Unadjusted","ANLN",59,0.535631948836092,0.548379766656111,1.92018664236304e-21,1.57986293475594e-20,TRUE,TRUE
"Unadjusted","ANP32B",59,-0.0501126816550192,-0.030782509241226,0.136195991465512,0.380700511784362,FALSE,TRUE
"Unadjusted","ANXA1",59,0.371327435912171,0.411446626556284,2.05720116934225e-08,3.87895094557956e-07,TRUE,TRUE
"Unadjusted","API5",59,-0.0956239594825469,-0.0704602930002677,0.00444272781603194,0.0430365564482581,TRUE,TRUE
"Unadjusted","APOL6",59,0.122747485624347,0.134210296316048,8.05787507385501e-09,1.71248559782435e-07,TRUE,TRUE
"Unadjusted","AREG",59,-0.0347747882584136,-0.0303235991442922,0.000231287515874856,0.00127324446745289,TRUE,TRUE
"Unadjusted","ARID1A",59,-0.0441184096286349,-0.0266134096286348,0.345024280579391,0.5807381465303,FALSE,TRUE
"Unadjusted","ARID1B",59,-0.098682249641386,-0.0872914227119536,2.58756122099089e-10,5.02937740142829e-09,TRUE,TRUE
"Unadjusted","ARID2",59,-0.00120410564709954,0.0114082975285735,0.759631677954873,0.990857051497463,FALSE,FALSE
"Unadjusted","ASNS",59,-0.467838752656457,-0.41178970147664,3.15985649198678e-11,3.27701707159215e-09,TRUE,TRUE
"Unadjusted","ATF1",59,0.046134572570651,0.0653642650767981,0.0414594963247992,0.172481819438464,FALSE,TRUE
"Unadjusted","ATG7",59,0.241141371621415,0.266769201368335,5.68040417338731e-11,2.51703809197872e-09,TRUE,TRUE
"Unadjusted","ATM",59,-0.034514171567401,-0.00694362012901436,0.637890471421007,0.926683477254895,FALSE,TRUE
"Unadjusted","ATP11C",59,-0.0564873750252628,-0.0185532085675779,0.3842278355417,0.778384123115618,FALSE,TRUE
"Unadjusted","ATP2A2",59,0.128381920232478,0.156840023680754,0.00124532779518317,0.00884816902675471,TRUE,TRUE
"Unadjusted","ATP5F1D",59,-0.330845746381614,-0.309913081005877,7.16758309155377e-11,1.07510897969706e-09,TRUE,TRUE
"Unadjusted","ATP5ME",59,0.0318018570973079,0.0538459592435928,0.296538634178961,0.548021267930615,FALSE,TRUE
"Unadjusted","AXIN2",59,-0.00980896055309245,0.0247254996842314,0.723738529242031,0.999517931465484,FALSE,FALSE
"Unadjusted","AXL",59,0.448973269943906,0.485005301636683,1.29703837357581e-11,2.55727788615514e-10,TRUE,TRUE
"Unadjusted","B2M",59,0.269244735725706,0.298399715312556,6.88245197184139e-08,1.27179635153739e-06,TRUE,TRUE
"Unadjusted","BAGE",59,0.0543944935588912,0.0625162263034396,2.55760368327343e-06,5.33787590425762e-05,TRUE,TRUE
"Unadjusted","BAP1",59,0.0131360163795196,0.029916506337049,0.408262657561673,0.731194333309912,FALSE,TRUE
"Unadjusted","BAX",59,0.180121672538709,0.211322625859943,0.000984755926475895,0.00489225703023104,TRUE,TRUE
"Unadjusted","BBS1",59,-0.312223749459829,-0.290571395121609,3.5059386025615e-18,1.00335829481729e-15,TRUE,TRUE
"Unadjusted","BCAT1",59,-0.493664748333817,-0.445253118497904,2.09636130145191e-07,2.83976396519605e-06,TRUE,TRUE
"Unadjusted","BCL2L1",59,0.424829865741609,0.451262123084043,3.99679363116912e-11,5.28984922709313e-10,TRUE,TRUE
"Unadjusted","BCL6",59,0.105932036870144,0.138401206945411,0.0110318132387071,0.0505930320981834,FALSE,TRUE
"Unadjusted","BCOR",59,-0.049983987439555,-0.0192363083415326,0.199048712263702,0.638360741179456,FALSE,TRUE
"Unadjusted","BIRC5",59,0.550386472900776,0.570790035719187,2.96302177893689e-19,7.26541294300181e-18,TRUE,TRUE
"Unadjusted","BMP4",59,0.682311387838684,0.71946590783492,2.85932951055984e-14,5.721322658959e-13,TRUE,TRUE
"Unadjusted","BMP7",59,0.179056053498864,0.193275866271525,6.38604516862914e-05,0.000234356556292994,TRUE,TRUE
"Unadjusted","BNIP3",59,-0.988639149671609,-0.937273054251296,4.1859800753906e-19,2.6512760260089e-17,TRUE,TRUE
"Unadjusted","BRD2",59,-0.160868284813119,-0.139223494393479,6.32003591871022e-05,0.000611823671482764,TRUE,TRUE
"Unadjusted","BRD4",59,-0.0386842775720905,-0.0268103407384841,0.0315721632600767,0.131771168738664,FALSE,TRUE
"Unadjusted","BST1",59,0.0829240486472468,0.0980784049220663,0.00167695437411006,0.00818397479399491,TRUE,TRUE
"Unadjusted","BST2",59,0.422723395095674,0.456034621660078,6.46606102802426e-10,1.05838813861062e-08,TRUE,TRUE
"Unadjusted","C1QBP",59,-0.214453090668015,-0.193562560663738,4.52773553270565e-07,6.45812583254156e-06,TRUE,TRUE
"Unadjusted","C1R",59,-0.0326720195870391,0.0167687778984486,0.75133795667144,0.998791984976917,FALSE,FALSE
"Unadjusted","C1S",59,0.00384297783642995,0.0424580838234346,0.585535845071731,0.967253190339893,FALSE,TRUE
"Unadjusted","C2",59,0.260024624868956,0.311539416798618,1.40784611298937e-06,7.45371463133075e-05,TRUE,TRUE
"Unadjusted","C4BPA",59,0.0190002149231417,0.0921138506275851,0.565438903084506,0.908278379580671,FALSE,TRUE
"Unadjusted","C5",59,-0.971814429968323,-0.918981953853827,4.02380927707511e-21,1.99625265537921e-19,TRUE,TRUE
"Unadjusted","C6",59,-1.14260554523351,-1.0824471108578,1.44642362570429e-12,2.85165117070231e-11,TRUE,TRUE
"Unadjusted","C7",59,-0.948895787155257,-0.883611252934792,2.91093302284092e-09,2.77417623174222e-08,TRUE,TRUE
"Unadjusted","CACNA2D1",59,0.0059451850755356,0.0110397866373817,0.313430777495135,0.607262256327211,FALSE,TRUE
"Unadjusted","CACNB3",59,0.583264802187826,0.606540539607275,3.45755494623204e-29,2.4727962902729e-27,TRUE,TRUE
"Unadjusted","CAPN2",59,0.312764289588896,0.330942451866625,1.3827482247269e-19,6.23062103348798e-18,TRUE,TRUE
"Unadjusted","CARD11",59,-0.68908610165431,-0.633447433543859,1.04955835845294e-12,5.6110532782844e-11,TRUE,TRUE
"Unadjusted","CASP8",59,0.11524842075898,0.125329705178355,4.49939263891776e-07,3.61681399558491e-06,TRUE,TRUE
"Unadjusted","CASP9",59,0.0101548245701903,0.0194870446546327,0.563856103561179,0.769030293028201,FALSE,TRUE
"Unadjusted","CCL15",59,-0.00812816538997874,0.00119192020977118,0.570591677883403,0.934418045608672,FALSE,FALSE
"Unadjusted","CCNA2",59,0.517589902731606,0.538999497915163,4.35982921584046e-20,1.43217001614908e-18,TRUE,TRUE
"Unadjusted","CCND2",59,-0.496988180978671,-0.465771629254533,3.09307278193574e-14,8.24450392218097e-13,TRUE,TRUE
"Unadjusted","CCND3",59,0.324672279468528,0.350099693821287,6.16732582560137e-11,1.22042078682994e-09,TRUE,TRUE
"Unadjusted","CD276",59,0.346175107494619,0.378161286927761,1.5018524220298e-05,8.05350961684673e-05,TRUE,TRUE
"Unadjusted","CD36",59,-0.409809093254275,-0.36609752364695,3.61873557187956e-05,0.000202417630979427,TRUE,TRUE
"Unadjusted","CD40",59,0.03353799954515,0.0605442669837156,0.155529171693268,0.441957143812591,FALSE,TRUE
"Unadjusted","CD44",59,-0.0498341241647467,-0.0120338549761087,0.418919871278526,0.845775658837183,FALSE,TRUE
"Unadjusted","CD46",59,0.253450012648789,0.281318260090542,9.97399221514623e-06,6.43092880486948e-05,TRUE,TRUE
"Unadjusted","CD55",59,1.01172047504655,1.04978565860492,4.01861406237793e-27,1.01004454696376e-25,TRUE,TRUE
"Unadjusted","CD58",59,0.337428970286049,0.362605472130972,1.75825768770617e-10,2.60550186443985e-09,TRUE,TRUE
"Unadjusted","CD63",59,-0.140787807493482,-0.106783509923478,0.00963997723906877,0.0546149158884518,FALSE,TRUE
"Unadjusted","CD9",59,0.371740635668315,0.39698945932937,4.18235667145569e-07,1.9434199695164e-06,TRUE,TRUE
"Unadjusted","CD99",59,-0.130397874586497,-0.105152347899516,0.0141678717904425,0.0491060981248268,TRUE,TRUE
"Unadjusted","CDH2",59,0.252054995518054,0.31691837838436,0.000520072960550109,0.00829177499019672,TRUE,TRUE
"Unadjusted","CDH3",59,1.54083058165796,1.57386786718645,1.20586320149125e-40,3.55582046182832e-39,TRUE,TRUE
"Unadjusted","CDK1",59,0.498225941602326,0.519709831709143,8.73607373122418e-13,8.3109910082608e-12,TRUE,TRUE
"Unadjusted","CDK4",59,0.0207314975078867,0.0455375599672346,0.333406379145396,0.672989665508255,FALSE,TRUE
"Unadjusted","CDKN1B",59,-0.136641043873884,-0.117780721375804,0.00470839133952036,0.0146918415285448,TRUE,TRUE
"Unadjusted","CDKN2B",59,0.458235991028788,0.49535290864466,8.58187597200243e-11,2.27464051249204e-09,TRUE,TRUE
"Unadjusted","CEACAM1",59,1.33448359679881,1.37344351811254,5.34280475524748e-33,9.73003474710588e-32,TRUE,TRUE
"Unadjusted","CEACAM6",59,1.7479637323985,1.8449361960502,5.80552849053506e-21,2.31577636985725e-19,TRUE,TRUE
"Unadjusted","CENPF",59,0.684764577880538,0.7063107148207,1.68049378281107e-27,6.162607704662e-26,TRUE,TRUE
"Unadjusted","CEP55",59,0.828897325808141,0.847363772411654,6.46680725859903e-33,9.22411339793391e-32,TRUE,TRUE
"Unadjusted","CFI",59,0.02494852542753,0.0581801210610807,0.385176983729857,0.713079405015349,FALSE,TRUE
"Unadjusted","CHAD",59,-0.35686846154338,-0.329676470958015,7.45580392984463e-20,2.32389758558968e-18,TRUE,TRUE
"Unadjusted","CKLF",59,0.586801438787655,0.624130036374219,4.54598285663641e-20,5.62606794798317e-19,TRUE,TRUE
"Unadjusted","CLU",59,-0.135444540645012,-0.118575971348092,7.33852591799304e-08,1.40888422452215e-06,TRUE,TRUE
"Unadjusted","CMTM4",59,-0.0386327278107412,-0.00881500877608712,0.503603044976639,0.892632826965207,FALSE,TRUE
"Unadjusted","CMTM6",59,0.314122032660877,0.339503255932888,4.50990567572199e-11,6.58623196037899e-10,TRUE,TRUE
"Unadjusted","COL11A1",59,1.48924439237718,1.55630358304314,4.10086052268093e-24,5.00432662671874e-22,TRUE,TRUE
"Unadjusted","COL17A1",59,2.4701387051603,2.51802052311775,8.71280596599781e-43,4.71535206670792e-41,TRUE,TRUE
"Unadjusted","COL1A1",59,0.604934023784781,0.682237928318373,5.98857687132609e-09,9.98210127267324e-08,TRUE,TRUE
"Unadjusted","COL1A2",59,0.412903586092425,0.473485425409071,2.68536313509033e-06,3.22991281652893e-05,TRUE,TRUE
"Unadjusted","COL27A1",59,0.00119032941835706,0.021003330032429,0.558440669311148,0.974443809130194,FALSE,TRUE
"Unadjusted","COL3A1",59,0.312536459611596,0.374709414058186,0.000114127900200741,0.00099519983997436,TRUE,TRUE
"Unadjusted","COL4A5",59,0.0870854754100716,0.125718449817414,0.0986232430394705,0.267678619572599,FALSE,TRUE
"Unadjusted","COL5A1",59,0.578146978821332,0.644021974518251,3.04261423350724e-10,1.1268326590571e-08,TRUE,TRUE
"Unadjusted","COL5A2",59,0.705648311589522,0.773533607726526,8.24958305590277e-14,5.54642669098047e-12,TRUE,TRUE
"Unadjusted","COL6A3",59,0.299054411446384,0.349201450563131,2.79113022088421e-06,4.93971826062084e-05,TRUE,TRUE
"Unadjusted","COMP",59,0.682608360977135,0.770069048108261,5.5867764205589e-07,7.98131703393066e-06,TRUE,TRUE
"Unadjusted","COX4I1",59,0.149480668755371,0.165362951882256,7.67176908337615e-08,1.0391502787357e-06,TRUE,TRUE
"Unadjusted","COX5B",59,0.123617352379718,0.149172521105489,0.000418275463951401,0.00368679109812724,TRUE,TRUE
"Unadjusted","COX6A1",59,-0.0442233439245567,-0.0202514841692538,0.368275224507331,0.693635249657215,FALSE,TRUE
"Unadjusted","COX6B1",59,0.046434059292159,0.0705099946000495,0.0739983364897469,0.237892201394664,FALSE,TRUE
"Unadjusted","CPSF7",59,0.147976383182123,0.160333549221633,5.79951823457041e-12,2.55765704610177e-10,TRUE,TRUE
"Unadjusted","CRABP2",59,0.52628932988243,0.57092765786093,1.88234800936032e-07,1.67350610505555e-06,TRUE,TRUE
"Unadjusted","CREB3L1",59,0.00534682050905188,0.0130645521343438,0.362823177391546,0.723795413038191,FALSE,TRUE
"Unadjusted","CREBBP",59,-0.18221268730396,-0.164432514890167,6.21905386665193e-07,6.68900396769399e-06,TRUE,TRUE
"Unadjusted","CST2",59,1.1685943566244,1.20482615087393,1.63707183518254e-25,6.44926408547131e-24,TRUE,TRUE
"Unadjusted","CT45A1",59,-0.00362265664348762,0.00472630756364744,0.675167679748775,0.995271804246034,FALSE,FALSE
"Unadjusted","CTNNB1",59,0.420880994823952,0.450325224027248,3.41072173471906e-11,4.58254088043849e-10,TRUE,TRUE
"Unadjusted","CTSS",59,0.141542171418618,0.17612794862654,0.000246907494423267,0.00349382434333596,TRUE,TRUE
"Unadjusted","CXADR",59,0.153480713874786,0.208002443052045,0.0179990057373697,0.0767417782605088,FALSE,TRUE
"Unadjusted","CXCL11",59,-0.106320384772494,-0.0864931080875817,0.00854516441249662,0.0301382975803003,TRUE,TRUE
"Unadjusted","CXCL12",59,-1.07719978265819,-1.03554393739516,5.57537292192309e-23,2.83066122789277e-21,TRUE,TRUE
"Unadjusted","CXCL14",59,0.888038650745767,0.944693988489565,2.60428376380241e-11,3.24694467583472e-10,TRUE,TRUE
"Unadjusted","CXCL5",59,0.883215923973475,0.928619198462134,1.34489074125452e-09,9.70173477160416e-09,TRUE,TRUE
"Unadjusted","CXCR4",59,0.619407695469974,0.679366619775572,9.58617441071138e-08,1.33530530316715e-06,TRUE,TRUE
"Unadjusted","CXXC5",59,-0.306240472618539,-0.264523141900207,1.65609748321948e-05,0.000224984201101309,TRUE,TRUE
"Unadjusted","DDIT4",59,0.471165739378173,0.51763891488093,3.67463896972328e-07,3.0538032699794e-06,TRUE,TRUE
"Unadjusted","DEFB1",59,-0.599196661770732,-0.502005925553847,0.000433166931296589,0.00381013542174587,TRUE,TRUE
"Unadjusted","DNMT1",59,0.316144692160097,0.347196588711821,1.56184183554967e-10,6.75238098607833e-09,TRUE,TRUE
"Unadjusted","DSP",59,-0.171911432354713,-0.124364750030852,0.0398959085548949,0.150293748525241,FALSE,TRUE
"Unadjusted","DST",59,0.105642329161079,0.118854175460669,0.000462895165755664,0.00214169181757476,TRUE,TRUE
"Unadjusted","DTX4",59,0.0635838412510057,0.0689421794490138,2.20417849306269e-07,1.90581750241968e-06,TRUE,TRUE
"Unadjusted","DUSP10",59,0.244882803651108,0.266736649584592,5.50940615542304e-09,8.35281358765874e-08,TRUE,TRUE
"Unadjusted","DUSP4",59,0.131774479931381,0.154798157680928,0.00265387530716873,0.0118041185113708,TRUE,TRUE
"Unadjusted","DUSP8",59,-0.180368195134934,-0.154351266509865,0.000124779871827973,0.00101264519894845,TRUE,TRUE
"Unadjusted","E2F3",59,0.309726660509555,0.340765453613003,2.15233374758541e-10,5.87406063125510e-09,TRUE,TRUE
"Unadjusted","ECSIT",59,-0.0667253957560312,-0.0502995786869574,0.0228310355604873,0.0902174090641355,FALSE,TRUE
"Unadjusted","EFNA5",59,-0.0116126331579816,-0.00616472161987102,0.495126059261669,0.725191706037297,FALSE,TRUE
"Unadjusted","EGF",59,-0.354003457071999,-0.327976793400196,1.40935119235061e-14,2.7297936618864e-13,TRUE,TRUE
"Unadjusted","EGR2",59,0.111447011718592,0.157134170859136,0.128571710608229,0.295707727403439,FALSE,TRUE
"Unadjusted","EIF2B4",59,-0.234031834427444,-0.212492863733294,2.45558641367818e-11,2.06262365474019e-09,TRUE,TRUE
"Unadjusted","EIF4EBP1",59,-0.177251666774773,-0.152253719563849,5.54851121921702e-06,8.32431618530315e-05,TRUE,TRUE
"Unadjusted","ELMO1",59,-0.467890667380563,-0.428456544098063,1.18558927487878e-12,4.54883813907444e-11,TRUE,TRUE
"Unadjusted","ENDOG",59,0.0500952619327204,0.0648535437382518,0.0518377912791245,0.139321487493925,FALSE,TRUE
"Unadjusted","ENTPD1",59,0.533669894051479,0.563077778814724,2.06101161351386e-19,4.55434469212427e-18,TRUE,TRUE
"Unadjusted","EP300",59,-0.058350108895527,-0.0370809564695643,0.161523789097365,0.378248003139707,FALSE,TRUE
"Unadjusted","EPOR",59,-0.0372034037364562,-0.0230307985259188,0.193528799966242,0.431922668498841,FALSE,TRUE
"Unadjusted","ERCC6",59,0.068976832484665,0.0771589548632979,6.52291331474082e-08,1.51449027930122e-06,TRUE,TRUE
"Unadjusted","ETS1",59,0.290262173220068,0.330599532081775,5.60095488290033e-06,7.58542838697941e-05,TRUE,TRUE
"Unadjusted","ETV1",59,0.0753065015520806,0.082146513126285,1.28837166415974e-06,9.59577161874941e-06,TRUE,TRUE
"Unadjusted","EWSR1",59,-0.0923872714915171,-0.0677222777547708,0.0309312606704282,0.116872890636078,FALSE,TRUE
"Unadjusted","FANCA",59,-0.0536658674633295,-0.0434273306004348,9.71597333948347e-05,0.00102784364829542,TRUE,TRUE
"Unadjusted","FANCF",59,-0.0276460079042858,-0.0149742876096543,0.140539338865077,0.427739072353785,FALSE,TRUE
"Unadjusted","FANCL",59,0.105212473281972,0.122561951234416,0.00707033334459454,0.0204416808893114,TRUE,TRUE
"Unadjusted","FAP",59,0.608136539524175,0.651603847085178,4.09747591520297e-12,7.89234243245442e-11,TRUE,TRUE
"Unadjusted","FAS",59,0.0723946029581413,0.0970735167490135,0.0302272509028098,0.119391236357039,FALSE,TRUE
"Unadjusted","FBXW7",59,-0.257633987023157,-0.232152607712812,3.91622748856141e-08,8.34661547383492e-07,TRUE,TRUE
"Unadjusted","FCGRT",59,-0.204475323986273,-0.185248108109724,6.87362071788112e-07,5.70311668102992e-06,TRUE,TRUE
"Unadjusted","FGF10",59,-0.0466613304400484,-0.0362251553175249,0.000440850538113718,0.00493754068599975,TRUE,TRUE
"Unadjusted","FGF12",59,-0.187259520110985,-0.171025152903244,4.99591986782244e-13,9.08364271413204e-12,TRUE,TRUE
"Unadjusted","FGFR1",59,-0.053976327922892,-0.0377117184876795,0.0622553399628324,0.20034122180493,FALSE,TRUE
"Unadjusted","FGFR2",59,0.00831622584415669,0.0154008961273039,0.147353899731172,0.465411714585595,FALSE,TRUE
"Unadjusted","FGFR3",59,-0.765432194792219,-0.672075643107423,1.04757539477365e-08,4.98440887305219e-07,TRUE,TRUE
"Unadjusted","FGFR4",59,-0.370719628389557,-0.307381031972594,1.07941416303337e-05,0.000188337695574693,TRUE,TRUE
"Unadjusted","FH",59,-0.241809727694073,-0.203562319855664,0.00649276399697082,0.0239098737360249,TRUE,TRUE
"Unadjusted","FLNA",59,0.209082048363207,0.22542866508305,3.63065121484605e-08,3.46383216431822e-07,TRUE,TRUE
"Unadjusted","FLNC",59,0.17697594368207,0.233056856454058,0.0397017180695697,0.123646906708871,FALSE,TRUE
"Unadjusted","FLT3",59,-0.227901512387801,-0.209557075966923,1.98264930860948e-11,3.90365377718696e-10,TRUE,TRUE
"Unadjusted","FN1",59,0.47061853930235,0.486311645502254,6.15989284015547e-21,1.28939833048619e-19,TRUE,TRUE
"Unadjusted","FOXA2",59,-0.722695810347171,-0.657524743002854,3.05048198723977e-09,1.08560955882948e-07,TRUE,TRUE
"Unadjusted","FOXO4",59,-0.134541595270009,-0.112454989308052,0.000236678842276549,0.00235652928724376,TRUE,TRUE
"Unadjusted","FZD3",59,-0.184259421193046,-0.168669914050879,2.13557499753663e-07,1.99505855308591e-06,TRUE,TRUE
"Unadjusted","FZD4",59,-0.255504988296345,-0.210246753983324,9.28810499238176e-05,0.00111171221812396,TRUE,TRUE
"Unadjusted","GABPA",59,-0.166393783059298,-0.148443465748296,0.000401887685473668,0.00166811532188552,TRUE,TRUE
"Unadjusted","GADD45A",59,0.194149089392959,0.220927882496407,0.000530732432350674,0.00241147590532824,TRUE,TRUE
"Unadjusted","GADD45G",59,-0.292742180328792,-0.252480134737583,9.88435147448573e-05,0.000734626261964172,TRUE,TRUE
"Unadjusted","GATA2",59,-0.360498328694753,-0.327297128965598,6.64035086327542e-21,1.57873691435206e-18,TRUE,TRUE
"Unadjusted","GLI1",59,0.0501473261503462,0.0737237902619189,0.0207390155888075,0.12977096779771,FALSE,TRUE
"Unadjusted","GLUD1",59,0.0891815830292421,0.112540203718897,0.00738577993944603,0.0319378738496066,TRUE,TRUE
"Unadjusted","GMIP",59,0.226407221522404,0.25575850338492,1.47467513617972e-07,3.25524422421329e-06,TRUE,TRUE
"Unadjusted","GNA11",59,-0.0481941821670766,-0.01791226311926,0.438984216377348,0.788044759000504,FALSE,TRUE
"Unadjusted","GNAS",59,0.00763228489125708,0.0251359685341191,0.547297347584436,0.865164202863435,FALSE,TRUE
"Unadjusted","GNG7",59,-0.639062263547706,-0.612840330272709,4.93534045619241e-32,7.50906383288257e-30,TRUE,TRUE
"Unadjusted","GOT1",59,-0.11849133798412,-0.0935772593191799,0.0029973462335459,0.0214372771456347,TRUE,TRUE
"Unadjusted","GOT2",59,0.0445174850129406,0.0640601410714769,0.126781167325712,0.291211524421307,FALSE,TRUE
"Unadjusted","GPT",59,-0.262625941270758,-0.230772320523817,7.55327352207349e-06,6.89206402720399e-05,TRUE,TRUE
"Unadjusted","GRB7",59,0.126111813793742,0.164978438547353,0.0276516465639343,0.0955523838680509,FALSE,TRUE
"Unadjusted","GTF3C1",59,0.0440603951692995,0.0623389590704669,0.18035175946382,0.357378888451999,FALSE,TRUE
"Unadjusted","GUSB",59,-0.0939046254090753,-0.0760095278518847,0.012710867329009,0.0461926594399905,TRUE,TRUE
"Unadjusted","GZMB",59,0.295843533098725,0.337058034232238,0.00011508841682836,0.000808971252210279,TRUE,TRUE
"Unadjusted","H3-5",59,0.251645751611335,0.277352992990645,4.00139550907769e-07,3.73064743296856e-06,TRUE,TRUE
"Unadjusted","H3C10",59,0.228069072182224,0.235688224182042,9.05276937913739e-11,3.53325384787052e-10,TRUE,TRUE
"Unadjusted","H3C2",59,0.0102476970787707,0.0149168615144368,0.120287216242701,0.299103442431532,FALSE,TRUE
"Unadjusted","H3C8",59,0.0633429353164045,0.0708590485257622,2.25919440375961e-07,3.97464574668506e-06,TRUE,TRUE
"Unadjusted","HDAC11",59,-0.295309587622521,-0.272858964702908,2.06019621746384e-10,3.54464773234382e-09,TRUE,TRUE
"Unadjusted","HDAC3",59,-0.102187419637947,-0.0895727307256713,0.000785953070153644,0.0034192466593035,TRUE,TRUE
"Unadjusted","HDAC5",59,-0.0630475139422841,-0.0486342436106869,0.00203764120416952,0.0151495998395168,TRUE,TRUE
"Unadjusted","HHEX",59,-0.499499786640645,-0.453993806817947,1.59722913987426e-11,5.03280636961773e-10,TRUE,TRUE
"Unadjusted","HK1",59,0.474941565790737,0.503630841299316,1.80237685515908e-18,5.80946320051231e-17,TRUE,TRUE
"Unadjusted","HLA-A",59,0.456868088796929,0.487021371351922,8.90677725943294e-17,3.33761854730768e-15,TRUE,TRUE
"Unadjusted","HLA-B",59,0.420144152883221,0.458428358292305,4.41928563165453e-12,2.02933267795253e-10,TRUE,TRUE
"Unadjusted","HLA-C",59,0.086154301834845,0.12166226094655,0.148444085811767,0.313720863029425,FALSE,TRUE
"Unadjusted","HLA-E",59,0.161124440969158,0.199823108017235,0.00077144289662154,0.00752506823181106,TRUE,TRUE
"Unadjusted","HLA-F",59,0.362475708644044,0.410252821802759,2.41319856713576e-05,0.000190005575062341,TRUE,TRUE
"Unadjusted","HMGA1",59,0.655575367652196,0.685198913445665,4.2948025419983e-15,6.40196076996572e-14,TRUE,TRUE
"Unadjusted","HPGD",59,0.50586633440934,0.542136143883138,3.8293852484346e-09,3.97987881318964e-08,TRUE,TRUE
"Unadjusted","HSD17B8",59,-0.636390119376473,-0.595057421749549,2.26383558721711e-18,2.3673028069945e-16,TRUE,TRUE
"Unadjusted","HSP90B1",59,0.139807666669131,0.159243767278859,1.93359607569761e-05,0.000165653566563025,TRUE,TRUE
"Unadjusted","ICAM2",59,0.098265572705071,0.12815949682287,0.0151199368787667,0.0689209857863207,FALSE,TRUE
"Unadjusted","ICAM3",59,-0.0571863908661064,-0.0315036125999128,0.342655436966217,0.608946675383409,FALSE,TRUE
"Unadjusted","ID2",59,0.00629800225212439,0.0390247381132281,0.534785297916757,0.922282334923854,FALSE,TRUE
"Unadjusted","IDH2",59,-0.0805197723822178,-0.040834634383546,0.167702476943288,0.488311677142244,FALSE,TRUE
"Unadjusted","IFI16",59,0.28819328854825,0.334323382745854,9.5969804207539e-06,0.000175542975478526,TRUE,TRUE
"Unadjusted","IFI27",59,1.38526645575653,1.43507165460098,1.41489231924162e-35,4.32068682483213e-34,TRUE,TRUE
"Unadjusted","IFIT3",59,0.567943861879933,0.603290575705608,1.54295372088895e-12,2.90988117949400e-11,TRUE,TRUE
"Unadjusted","IFITM1",59,0.31170134521391,0.347647543948553,8.19934997150793e-06,5.29826995808528e-05,TRUE,TRUE
"Unadjusted","IFITM2",59,0.367308875000558,0.397625881997062,1.30275043405938e-14,3.46722988695521e-13,TRUE,TRUE
"Unadjusted","IGF1R",59,0.0614831695869032,0.0755818980625156,0.0115016762155017,0.0408811660783699,TRUE,TRUE
"Unadjusted","IGFBP3",59,1.34114203575062,1.40566915935486,1.75978621319681e-28,2.68738861589284e-26,TRUE,TRUE
"Unadjusted","IGLL1",59,-0.0786668094102187,0.00774265683616695,0.614555427696577,0.996614373924509,FALSE,FALSE
"Unadjusted","IL17RA",59,0.0234527285043497,0.0410695244163562,0.204809158817165,0.478528364286434,FALSE,TRUE
"Unadjusted","IL17RB",59,-0.0877973694103661,-0.0542460813346343,0.253814923465981,0.498254155770979,FALSE,TRUE
"Unadjusted","IL1RAP",59,0.36068027367356,0.387150796636758,1.4772849235808e-13,1.65767906831609e-11,TRUE,TRUE
"Unadjusted","IL1RN",59,1.06749973565178,1.10747486489444,6.60823065845864e-28,4.45515254914906e-26,TRUE,TRUE
"Unadjusted","IL22RA1",59,-0.941343863858025,-0.885720091861416,4.54056591390534e-17,2.0584833281313e-15,TRUE,TRUE
"Unadjusted","IL2RG",59,0.137810551957109,0.157693218353476,3.16827719465774e-06,7.43068607371753e-05,TRUE,TRUE
"Unadjusted","IL6ST",59,-0.0610254831278358,-0.0448053901191547,0.0558731840590935,0.161787565076543,FALSE,TRUE
"Unadjusted","ILF3",59,-0.00426098700086392,0.0247112877535628,0.651133869838713,0.983060224202143,FALSE,FALSE
"Unadjusted","INHBA",59,0.0237063201317296,0.0278278571403896,0.00797839223115239,0.0243909502924462,TRUE,TRUE
"Unadjusted","IRAK2",59,0.625917508986488,0.664940977603187,1.76672087797018e-19,1.14239652571976e-17,TRUE,TRUE
"Unadjusted","IRAK3",59,0.570518332521808,0.604907280157865,1.99352858845073e-18,1.02709689381892e-16,TRUE,TRUE
"Unadjusted","IRAK4",59,-0.114762137600526,-0.101322730388323,3.4570015679269e-05,0.000223629241450981,TRUE,TRUE
"Unadjusted","IRF7",59,0.583439566866823,0.610568711096594,1.05973345740188e-18,2.32207636415257e-17,TRUE,TRUE
"Unadjusted","IRF8",59,0.328008981158849,0.374016005225374,6.98765399010958e-06,9.86486479176946e-05,TRUE,TRUE
"Unadjusted","IRF9",59,0.302750128716416,0.328011328824067,6.59654284513547e-12,1.95187479730279e-10,TRUE,TRUE
"Unadjusted","ITGA1",59,0.62633361242602,0.652353634935073,7.95405177796384e-31,4.34022328836499e-29,TRUE,TRUE
"Unadjusted","ITGA2",59,1.08418919636326,1.1194450026219,1.09447254768515e-31,5.14736663276717e-30,TRUE,TRUE
"Unadjusted","ITGA3",59,0.770045808576242,0.796740334258601,4.42009114432315e-22,3.89428887148829e-21,TRUE,TRUE
"Unadjusted","ITGA4",59,-0.0200843332421688,-0.00405513230820182,0.581777375599363,0.91811393827456,FALSE,TRUE
"Unadjusted","ITGAV",59,0.294982034743415,0.315824692662922,4.24778998703548e-08,3.03748549395301e-07,TRUE,TRUE
"Unadjusted","ITGB1",59,0.476988972953477,0.502184939407262,2.93364093120561e-20,7.73844496790126e-19,TRUE,TRUE
"Unadjusted","ITGB4",59,1.25696094738013,1.29356219794899,5.86425859042054e-28,1.11970081487836e-26,TRUE,TRUE
"Unadjusted","ITGB6",59,0.1819413965348,0.189548854360158,1.27706997133743e-11,7.74809371679739e-11,TRUE,TRUE
"Unadjusted","JADE1",59,-0.546002733950003,-0.501442087498138,1.63301815153192e-15,1.68454602741642e-13,TRUE,TRUE
"Unadjusted","JAK3",59,0.025151217381718,0.0306283517125304,0.00292048841773442,0.0144826172302676,TRUE,TRUE
"Unadjusted","JAM3",59,0.114143587791464,0.14743135175932,0.0194341746474549,0.0736116085801894,FALSE,TRUE
"Unadjusted","JUN",59,-0.234801470395362,-0.195874587256841,0.00124020415926966,0.0069879512615606,TRUE,TRUE
"Unadjusted","JUP",59,0.726454918147365,0.761933452964621,1.86803172065101e-16,1.84998426872813e-15,TRUE,TRUE
"Unadjusted","KAT2B",59,-0.00264091077994754,0.00754962236590712,0.6013723363999,0.998470133325494,FALSE,FALSE
"Unadjusted","KDM5C",59,0.0821308333766037,0.0918210960356482,7.12538546729651e-05,0.000387078905246944,TRUE,TRUE
"Unadjusted","KDM6A",59,0.0533478457162966,0.0751026931015212,0.0450922096295133,0.163470848327571,FALSE,TRUE
"Unadjusted","KMT2C",59,-0.0772259245158863,-0.0614417865848517,0.00208692856578699,0.0155634102146036,TRUE,TRUE
"Unadjusted","KMT2D",59,0.0655872818893305,0.071644524017709,6.93715204185464e-08,7.77008556829538e-07,TRUE,TRUE
"Unadjusted","KRT10",59,-0.249044959513739,-0.216781379050605,1.5584621880289e-07,8.41619638330905e-06,TRUE,TRUE
"Unadjusted","KRT17",59,2.50527309726302,2.56597223435311,5.73908609346486e-40,3.23702881148273e-38,TRUE,TRUE
"Unadjusted","KRT19",59,1.88631203692367,1.95977086288868,7.65975551998134e-43,3.96702680117219e-41,TRUE,TRUE
"Unadjusted","KRT7",59,1.43175754481521,1.48745260840469,1.51999464608329e-30,5.63839511725261e-29,TRUE,TRUE
"Unadjusted","LAMA3",59,1.59549151937077,1.62788734284454,2.94963540020641e-39,5.43645518733775e-38,TRUE,TRUE
"Unadjusted","LAMA5",59,0.299054625508292,0.343803263411638,1.16526649874103e-07,3.91328148756683e-06,TRUE,TRUE
"Unadjusted","LAMB3",59,1.86651997884498,1.90250519753558,3.39123247112873e-47,7.22298694496014e-46,TRUE,TRUE
"Unadjusted","LAMC2",59,2.24375549562522,2.29106997775123,8.62899414775395e-53,1.41810064629286e-50,TRUE,TRUE
"Unadjusted","LAMP1",59,-0.00974492428417623,0.00233683245797788,0.804966622399415,0.998486339930654,FALSE,FALSE
"Unadjusted","LAMP2",59,-0.239589895086604,-0.209480558088963,6.99805017631231e-07,1.76760331384374e-05,TRUE,TRUE
"Unadjusted","LCN2",59,0.807414839085227,0.907693530461125,2.89458255667476e-07,3.23774170926034e-06,TRUE,TRUE
"Unadjusted","LDHB",59,-0.48242505625214,-0.435666999882856,1.77172906919184e-06,1.65705741167066e-05,TRUE,TRUE
"Unadjusted","LEF1",59,0.759645179614275,0.796223300948302,1.44147163606059e-25,1.07343721087488e-23,TRUE,TRUE
"Unadjusted","LEFTY1",59,-1.13455854398672,-1.06078285408574,5.47582741560069e-12,1.02454211605914e-10,TRUE,TRUE
"Unadjusted","LGALS3",59,0.424373028755258,0.470187104972723,1.49580653573916e-06,1.61563439528162e-05,TRUE,TRUE
"Unadjusted","LGALS9",59,0.462316601248134,0.50308484749152,9.67476164618271e-17,2.39295140446709e-14,TRUE,TRUE
"Unadjusted","LIF",59,0.327722897542309,0.3548976864917,4.84603349249979e-07,3.72890694210481e-06,TRUE,TRUE
"Unadjusted","LOXL2",59,-0.020451399495291,-0.0155919863191873,0.0403164233617988,0.121289248375594,FALSE,TRUE
"Unadjusted","LRP1",59,0.0907457418476423,0.124153831504764,0.02918040833209,0.116195777714336,FALSE,TRUE
"Unadjusted","LRP6",59,-0.051940933434841,-0.0363139827798506,0.00619185621666476,0.0478682734234666,TRUE,TRUE
"Unadjusted","LRRC32",59,0.645127297983448,0.686183908238352,1.43952391611839e-15,6.5402995789671e-14,TRUE,TRUE
"Unadjusted","LTBP1",59,0.103518882208352,0.118691421157282,0.00021504699433528,0.00149662546445418,TRUE,TRUE
"Unadjusted","LTBR",59,-0.00789051935281771,0.0111533446616979,0.882364034671472,0.999570309554622,FALSE,FALSE
"Unadjusted","LY6E",59,0.677700569966007,0.715198956865237,6.7027043237517e-16,1.56617136440911e-14,TRUE,TRUE
"Unadjusted","LY96",59,0.231925821625352,0.278151536889648,3.96468395881456e-05,0.000532144805131135,TRUE,TRUE
"Unadjusted","MAD2L2",59,-0.205264766079455,-0.185374354997031,1.32652121902455e-06,1.45060917497331e-05,TRUE,TRUE
"Unadjusted","MAP2K2",59,-0.182952935208488,-0.160705763374994,0.00312453485857719,0.00974147244911778,TRUE,TRUE
"Unadjusted","MAP2K4",59,-0.128310160682102,-0.111665850337274,3.28657787431755e-06,5.99752646014973e-05,TRUE,TRUE
"Unadjusted","MAP3K1",59,-0.250402308983752,-0.215099308071,0.00100876834046858,0.00495449122726323,TRUE,TRUE
"Unadjusted","MAP3K13",59,0.0150394890829831,0.0345720244070252,0.409360201616317,0.725845568764123,FALSE,TRUE
"Unadjusted","MAP3K14",59,-0.104135364039827,-0.0878364216482316,0.000595332689038397,0.0039561650521035,TRUE,TRUE
"Unadjusted","MAP3K5",59,-0.204254671203161,-0.176094257299895,3.61873557187956e-05,0.000413474338152148,TRUE,TRUE
"Unadjusted","MAPK1",59,0.09314843725242,0.111074490378314,0.0021151490225617,0.00977681956479341,TRUE,TRUE
"Unadjusted","MAPK12",59,0.0979293415139086,0.1138243768381,1.25607433645006e-05,0.000200824559548939,TRUE,TRUE
"Unadjusted","MAPK3",59,0.293116609719249,0.314861043197908,2.70676774998237e-11,5.48968886984761e-10,TRUE,TRUE
"Unadjusted","MAPK8",59,0.00244518137312061,0.0094260996508439,0.549469756588058,0.877935593290111,FALSE,TRUE
"Unadjusted","MAPK9",59,-0.309059839737535,-0.277056042699489,6.9277134616614e-11,2.60974657700994e-09,TRUE,TRUE
"Unadjusted","MAVS",59,-0.119462982905088,-0.108928154565718,7.80154522187128e-12,2.16168150690912e-10,TRUE,TRUE
"Unadjusted","MDM4",59,0.0664963694494276,0.0804331481224388,0.0139047718288585,0.0451596475368522,TRUE,TRUE
"Unadjusted","ME2",59,-0.0653066495347631,-0.0405782735857575,0.175209856291417,0.415495283108012,FALSE,TRUE
"Unadjusted","MECOM",59,0.196656312649182,0.234249303438253,0.00241495986783166,0.00995170648186594,TRUE,TRUE
"Unadjusted","MEN1",59,-0.129841373675145,-0.117834857443408,3.58654191303006e-06,2.64473584216592e-05,TRUE,TRUE
"Unadjusted","MFGE8",59,0.403862735461066,0.446166049221567,3.74560893183881e-10,1.61791855186229e-08,TRUE,TRUE
"Unadjusted","MGMT",59,-0.283566146859411,-0.256392328449314,1.58134356709798e-05,0.000107954498767928,TRUE,TRUE
"Unadjusted","MKI67",59,0.161274602434129,0.168794440638562,2.86047361501749e-12,3.07174954403507e-11,TRUE,TRUE
"Unadjusted","MLH1",59,-0.0411643434263034,-0.0221620311706497,0.20821897425095,0.523517932262054,FALSE,TRUE
"Unadjusted","MLLT3",59,0.0111985857913072,0.0171577807008706,0.135709401250779,0.34491667168589,FALSE,TRUE
"Unadjusted","MLPH",59,1.27192141434455,1.32471177861551,2.23079939531476e-28,2.25471103456665e-26,TRUE,TRUE
"Unadjusted","MMP11",59,2.314249532596,2.39383051909176,1.69481225596975e-46,2.97522125795886e-43,TRUE,TRUE
"Unadjusted","MMP9",59,0.584821663156971,0.656329201596933,1.04841641912349e-05,8.98853741826437e-05,TRUE,TRUE
"Unadjusted","MNX1",59,-0.117434797471129,-0.0978377541965042,0.000137183588138764,0.00119295477929682,TRUE,TRUE
"Unadjusted","MRPL19",59,-0.00709447795206347,0.00971021260558774,0.829572191790554,0.998282628370445,FALSE,FALSE
"Unadjusted","MSH6",59,-0.330121182710682,-0.297300642274148,1.95023453935726e-07,3.03617586814583e-06,TRUE,TRUE
"Unadjusted","MSRB2",59,0.177968055576315,0.209548205088734,3.17307377733406e-06,4.43240601671435e-05,TRUE,TRUE
"Unadjusted","MST1R",59,0.954556206125096,0.974392350595077,1.07095170260096e-29,1.08650015867615e-28,TRUE,TRUE
"Unadjusted","MTF1",59,0.0142175369275361,0.0352196058930534,0.412049393555952,0.752907105248782,FALSE,TRUE
"Unadjusted","MTOR",59,0.0129656334391017,0.0283394046086809,0.458073262447173,0.739794371530338,FALSE,TRUE
"Unadjusted","MXI1",59,-0.0142013699726491,0.000208424899388166,0.557603005008344,0.992135566492899,FALSE,FALSE
"Unadjusted","MYC",59,-0.407351979159246,-0.364659567567051,1.99447126611666e-07,2.69253112390029e-06,TRUE,TRUE
"Unadjusted","MYD88",59,0.449259279326196,0.468247665548901,3.42737486529107e-24,1.15905844595369e-22,TRUE,TRUE
"Unadjusted","NANOG",59,-0.0109460374946787,-0.00539031703896594,0.281848695474819,0.604705245017251,FALSE,TRUE
"Unadjusted","NBN",59,-0.0690215815152616,-0.0518723741180127,0.071073511964518,0.187430887141003,FALSE,TRUE
"Unadjusted","NCOR1",59,0.00869605278297748,0.0260676140491048,0.431302402447989,0.804257863156382,FALSE,TRUE
"Unadjusted","NDUFA1",59,0.044139841637317,0.0662075181452211,0.118145215085504,0.311801025887719,FALSE,TRUE
"Unadjusted","NDUFA11",59,-0.107314144345374,-0.0801770615802349,0.0105399937718608,0.060745899286273,FALSE,TRUE
"Unadjusted","NDUFA3",59,-0.0361533542577886,-0.0148833804643534,0.362075723535816,0.720257370241159,FALSE,TRUE
"Unadjusted","NDUFA7",59,0.00417146598796556,0.0260705151836248,0.626942577403553,0.934687291587592,FALSE,TRUE
"Unadjusted","NDUFB1",59,0.012964280422949,0.0293480055160954,0.19864094281995,0.603872788017135,FALSE,TRUE
"Unadjusted","NDUFB10",59,-0.299630706510497,-0.260250721680753,0.00178008141148892,0.0070893523041456,TRUE,TRUE
"Unadjusted","NDUFB11",59,-0.181204263279935,-0.161508612067641,9.80914077760652e-06,9.12108571820085e-05,TRUE,TRUE
"Unadjusted","NDUFB7",59,-0.0752889916631371,-0.0508565108030346,0.0857814857798984,0.257565543487967,FALSE,TRUE
"Unadjusted","NDUFB8",59,0.0203119031330197,0.0397576162114765,0.269824268705713,0.578236809380216,FALSE,TRUE
"Unadjusted","NDUFS7",59,-0.0593974352661078,-0.0352156322644804,0.159853141402961,0.425624881065473,FALSE,TRUE
"Unadjusted","NDUFS8",59,-0.0243556547101567,-0.00518674931294082,0.587311460706273,0.912518140395048,FALSE,TRUE
"Unadjusted","NFKBIA",59,0.104584120757115,0.136203269237828,0.0436953748289846,0.127062176633077,FALSE,TRUE
"Unadjusted","NID2",59,0.0598173568236866,0.0790378965144298,0.0347814358312967,0.123646906708871,FALSE,TRUE
"Unadjusted","NKD1",59,0.159075997486636,0.170700103116197,6.05327940351112e-07,3.58134558563934e-06,TRUE,TRUE
"Unadjusted","NLRC5",59,0.107733567314089,0.124223550637979,4.04941742762905e-05,0.000487575904875129,TRUE,TRUE
"Unadjusted","NOTCH1",59,0.0124094160260678,0.0445300932672215,0.465411714585595,0.841262561995938,FALSE,TRUE
"Unadjusted","NOTCH3",59,0.284274042265266,0.326049417794528,1.05903711777752e-06,2.60555049708834e-05,TRUE,TRUE
"Unadjusted","NPM1",59,-0.189351515055697,-0.141558066779835,0.0316233100995496,0.116106910440681,FALSE,TRUE
"Unadjusted","NSD1",59,0.091422221243244,0.102983770576212,9.07054741162196e-06,8.20206836407198e-05,TRUE,TRUE
"Unadjusted","NSD2",59,0.0855859227312283,0.0932345044175666,8.2802770089307e-09,1.27417661291413e-07,TRUE,TRUE
"Unadjusted","NT5E",59,0.345644722786977,0.379781487035448,8.17205162301634e-09,2.29144101031824e-07,TRUE,TRUE
"Unadjusted","NUMBL",59,0.142726784914577,0.155492208902289,2.09738271161583e-13,2.7841301968279e-11,TRUE,TRUE
"Unadjusted","NUPR1",59,-0.290249261546966,-0.252923365949844,1.05932003218418e-05,0.000133375989952569,TRUE,TRUE
"Unadjusted","OAS1",59,0.894395226182978,0.927836397981781,3.0277625244375e-25,1.45220587457949e-23,TRUE,TRUE
"Unadjusted","OAZ1",59,0.167054068122154,0.181852221294376,1.0617525500308e-11,5.03790918180149e-10,TRUE,TRUE
"Unadjusted","OLFML2B",59,0.691371801914557,0.749596934825603,2.83181922311448e-13,1.20686959682972e-11,TRUE,TRUE
"Unadjusted","P4HA1",59,0.262115953406477,0.30555497419894,0.00195889764906425,0.0080507788664358,TRUE,TRUE
"Unadjusted","P4HA2",59,-0.325188981253895,-0.286898778824603,2.34198659229348e-06,3.14920648083018e-05,TRUE,TRUE
"Unadjusted","PAK3",59,-0.176675882239293,-0.160881957881638,3.20171635558952e-15,8.28428306592592e-14,TRUE,TRUE
"Unadjusted","PARP9",59,0.386623298372248,0.406388253328762,1.6510855756097e-14,2.46141351406223e-13,TRUE,TRUE
"Unadjusted","PBX1",59,-0.476596919252964,-0.455961695138735,6.48545302545114e-30,2.19313826854473e-27,TRUE,TRUE
"Unadjusted","PCK2",59,-0.34693085102155,-0.313146161964047,1.2137617255666e-09,2.95667380550851e-08,TRUE,TRUE
"Unadjusted","PDGFA",59,-0.112199023355004,-0.0886580551606331,0.0189905839647616,0.063027094954253,FALSE,TRUE
"Unadjusted","PDGFC",59,0.226607203222199,0.259238418146922,0.000884785814066604,0.00360242437324935,TRUE,TRUE
"Unadjusted","PDGFD",59,-0.753122609403431,-0.706917264677664,3.00915450314631e-18,2.19127197807754e-16,TRUE,TRUE
"Unadjusted","PDGFRB",59,0.227514863640578,0.265638465403109,8.69056180008806e-05,0.000806428059592124,TRUE,TRUE
"Unadjusted","PDPN",59,0.37614994344387,0.435574280218947,2.79387309521291e-07,7.33781976857467e-06,TRUE,TRUE
"Unadjusted","PEBP1",59,-0.540419703062246,-0.495285726722087,4.67236948273355e-08,6.09539846162718e-07,TRUE,TRUE
"Unadjusted","PGM2",59,0.277192332091683,0.303435924780627,4.30129310442043e-13,5.59616561131677e-11,TRUE,TRUE
"Unadjusted","PHGDH",59,-0.896322443021137,-0.847418069942789,1.05595141602877e-19,1.1710485995821e-17,TRUE,TRUE
"Unadjusted","PIAS4",59,-0.113249650908528,-0.0991186183097992,0.00619657376123757,0.0173618676226149,TRUE,TRUE
"Unadjusted","PIK3CA",59,0.0698148918845172,0.0861767272232689,0.0269880059603024,0.077866711031286,FALSE,TRUE
"Unadjusted","PIK3CB",59,0.0887273773854992,0.112268623608469,0.00166433167692333,0.0135531106258091,TRUE,TRUE
"Unadjusted","PKM",59,0.566439815302771,0.588537066914078,5.73595563073862e-16,6.07981218011026e-15,TRUE,TRUE
"Unadjusted","PLA2G1B",59,-2.55844853973863,-2.45635870486105,4.31644903312988e-14,6.25320113809816e-13,TRUE,TRUE
"Unadjusted","PLAT",59,0.918599855991095,0.962949625659892,7.69936071419698e-19,1.8939184124194e-17,TRUE,TRUE
"Unadjusted","PLAU",59,1.16152596064797,1.21239068365101,7.87759455467458e-29,9.78806755464003e-27,TRUE,TRUE
"Unadjusted","PLAUR",59,1.06394830988419,1.11656759743315,1.76987681459547e-28,3.41893398852754e-26,TRUE,TRUE
"Unadjusted","PLCB1",59,-0.374405238051249,-0.345138347964365,1.3754938279033e-10,2.91483993348727e-09,TRUE,TRUE
"Unadjusted","PLD1",59,-0.276138968134408,-0.246182061151069,5.09329672265692e-07,5.84865642213996e-06,TRUE,TRUE
"Unadjusted","PLK1",59,-0.0635631398288879,-0.0434591120718006,0.045288204508803,0.169720157981581,FALSE,TRUE
"Unadjusted","PLOD2",59,0.30542457540616,0.337439567057688,9.09244497607602e-07,8.16299771949667e-06,TRUE,TRUE
"Unadjusted","PML",59,0.197794684516236,0.230137388492191,2.49697250849342e-05,0.000375868987319867,TRUE,TRUE
"Unadjusted","PNMA1",59,0.212589104637744,0.234570483948089,4.10123338738121e-08,6.37856957057228e-07,TRUE,TRUE
"Unadjusted","POLR1B",59,-0.0714728697643958,-0.0599792068863835,0.00229072066431378,0.0104516356937896,TRUE,TRUE
"Unadjusted","POLR2A",59,-0.0563134578514141,-0.0273527050132869,0.298801315960182,0.624942529430807,FALSE,TRUE
"Unadjusted","PPARGC1A",59,-0.284429326113787,-0.254079469259088,6.47470348567981e-05,0.000396107686057508,TRUE,TRUE
"Unadjusted","PPL",59,0.386530153589669,0.411096014699921,7.64482757430952e-11,8.73297329191624e-10,TRUE,TRUE
"Unadjusted","PPP2CB",59,-0.0261056607750239,-0.000212685985754646,0.598639227190438,0.996187393475887,FALSE,TRUE
"Unadjusted","PPP2R3A",59,-0.0970958258345564,-0.0825792741104183,0.00573132858236768,0.0191640511199613,TRUE,TRUE
"Unadjusted","PPP3CA",59,0.17183615635548,0.189208147154758,3.44512469295029e-06,2.37418637012489e-05,TRUE,TRUE
"Unadjusted","PPP3CB",59,-0.146436328122658,-0.126631738381376,0.000216145845347127,0.00138831490047796,TRUE,TRUE
"Unadjusted","PPP3CC",59,0.0314266044807165,0.0536210207746161,0.183335530626861,0.446587604157559,FALSE,TRUE
"Unadjusted","PRDM1",59,0.169374897539628,0.216125242367214,0.0171379576671171,0.0658524304299329,FALSE,TRUE
"Unadjusted","PRKACA",59,0.0165912232172262,0.0271047893680302,0.0488413525530722,0.260230788590176,FALSE,TRUE
"Unadjusted","PRKAR2A",59,0.154120911249619,0.174168472515571,7.49385888741298e-09,2.63385919195276e-07,TRUE,TRUE
"Unadjusted","PRKAR2B",59,0.0126523368229134,0.0176720162769939,0.0842435657328256,0.219301377469089,FALSE,TRUE
"Unadjusted","PRLR",59,-0.159126908946168,-0.143991397913436,4.35459103540144e-13,1.34226734839037e-11,TRUE,TRUE
"Unadjusted","PSAT1",59,-1.22052235419692,-1.14768694860298,7.95410325733715e-21,5.14256856546733e-19,TRUE,TRUE
"Unadjusted","PSEN2",59,-0.426444754547462,-0.392200784268979,1.1559599424598e-12,5.88951469650703e-11,TRUE,TRUE
"Unadjusted","PSMB10",59,-0.108735266564019,-0.0835321548502785,0.0223901706720829,0.0846051056088844,FALSE,TRUE
"Unadjusted","PSMB5",59,0.0610631754539168,0.0818946696492077,0.0263588412088785,0.100658513686614,FALSE,TRUE
"Unadjusted","PSMB7",59,0.000596909811353095,0.0216355366759976,0.583073439909975,0.990125252587415,FALSE,TRUE
"Unadjusted","PSMB8",59,0.50321253064313,0.540712685959536,4.3407846787443e-21,2.89207018133609e-19,TRUE,TRUE
"Unadjusted","PSMB9",59,0.540788145790226,0.587515617549166,1.12597546466815e-14,4.02218816190829e-13,TRUE,TRUE
"Unadjusted","PTGER4",59,-0.574159919293386,-0.536000180466489,5.51686228251036e-12,1.18959302067552e-10,TRUE,TRUE
"Unadjusted","PTGS2",59,0.461049008431281,0.523338136540755,8.97813965277113e-05,0.00058982753782774,TRUE,TRUE
"Unadjusted","PTPN11",59,0.0235200596210058,0.0456202272832507,0.302303483876898,0.606978052577419,FALSE,TRUE
"Unadjusted","PUM1",59,0.0707989368576348,0.0870786311279369,0.0208251298714452,0.0628089745281282,FALSE,TRUE
"Unadjusted","PYCARD",59,0.474675461051705,0.517801029697337,1.15341827293396e-19,1.66254171389288e-17,TRUE,TRUE
"Unadjusted","PYCR1",59,-0.241224520029112,-0.204529148173866,9.04202396615621e-05,0.000919380768683633,TRUE,TRUE
"Unadjusted","RAC2",59,0.28306363822818,0.331922359212101,4.40172174558359e-06,9.3991232509843e-05,TRUE,TRUE
"Unadjusted","RAD50",59,-0.132570288112196,-0.118577834203113,0.000113885150353019,0.000641004757347299,TRUE,TRUE
"Unadjusted","RAF1",59,-0.188106024733822,-0.169687510665726,9.62117076519309e-10,3.85113661339051e-08,TRUE,TRUE
"Unadjusted","RANBP2",59,0.0190470521373275,0.0355794395513772,0.135247109634423,0.456621148252423,FALSE,TRUE
"Unadjusted","RBL2",59,-0.223955096717221,-0.205439595329975,1.11987959470832e-08,1.22549491969247e-07,TRUE,TRUE
"Unadjusted","REPS1",59,-0.150513561035476,-0.140315593873974,4.86565015654787e-15,1.26870734883628e-13,TRUE,TRUE
"Unadjusted","RGMB",59,-0.333339273449225,-0.302709714190375,1.5264947637513e-08,2.03356093853029e-07,TRUE,TRUE
"Unadjusted","RIPK1",59,0.0858938659042649,0.106540709752469,0.0128107644734274,0.0481018397043861,TRUE,TRUE
"Unadjusted","RIPK3",59,0.28099088592522,0.300080718492951,4.93960438550255e-14,9.88809205687794e-13,TRUE,TRUE
"Unadjusted","RORA",59,-0.145246106920745,-0.123554423497409,1.55787282129753e-05,0.000181320273241242,TRUE,TRUE
"Unadjusted","RORC",59,-0.563231204525011,-0.525629052760533,1.60415136230188e-16,1.27724939999135e-14,TRUE,TRUE
"Unadjusted","RPL23",59,-0.303578682116042,-0.247698391817209,0.0149765315255376,0.0487447610396656,TRUE,TRUE
"Unadjusted","RPL7A",59,-0.373105420107817,-0.332078965030301,5.15528786067624e-08,8.96629228862425e-07,TRUE,TRUE
"Unadjusted","RPS27A",59,0.067904765039035,0.0822249567604267,0.000707551384424672,0.00568980098697824,TRUE,TRUE
"Unadjusted","RPS6",59,-0.152833778872953,-0.134976912933304,0.000129324944262107,0.000692175069911971,TRUE,TRUE
"Unadjusted","RPS6KB1",59,-0.125027826432247,-0.0936262747081089,0.00514389259969846,0.0373517542006578,TRUE,TRUE
"Unadjusted","RRM2",59,0.391348588209719,0.403758168603141,1.48421695614113e-17,1.37276560265236e-16,TRUE,TRUE
"Unadjusted","RUNX1",59,0.460709648787233,0.501419370874607,5.52033781941304e-12,1.63443493278237e-10,TRUE,TRUE
"Unadjusted","RUNX1T1",59,-0.0870949951517217,-0.0571865157742338,0.1338850939838,0.33200471042598,FALSE,TRUE
"Unadjusted","SELENOK",59,-0.330951197681969,-0.296681935543981,2.09634410978177e-08,5.50021568244604e-07,TRUE,TRUE
"Unadjusted","SERINC2",59,0.548943677966158,0.585940667757208,8.85308595610356e-10,7.64656589856373e-09,TRUE,TRUE
"Unadjusted","SERPINB5",59,1.9338018103075,1.97540908722003,3.41703812547704e-43,3.19629877634107e-41,TRUE,TRUE
"Unadjusted","SERPINH1",59,0.501043098546463,0.544645354181909,1.80890748905706e-09,3.27129957738692e-08,TRUE,TRUE
"Unadjusted","SETD2",59,-0.085450022280542,-0.0736854992446032,0.0134812232234991,0.0336410877218929,TRUE,TRUE
"Unadjusted","SF3A1",59,-0.160116531047717,-0.137214008842096,2.5021702301002e-08,3.58689923512654e-06,TRUE,TRUE
"Unadjusted","SFN",59,1.35382066843113,1.39380583521611,3.28248068924145e-32,3.62552962838128e-30,TRUE,TRUE
"Unadjusted","SFRP2",59,-0.00407639500543343,0.0485730657108705,0.687902264523571,0.984269112847127,FALSE,FALSE
"Unadjusted","SFRP4",59,-0.00732037173561534,0.0621205468993028,0.674313647018239,0.967253190339893,FALSE,FALSE
"Unadjusted","SGK1",59,-0.257200700321868,-0.222610528319884,0.000123662403587364,0.000858793853814453,TRUE,TRUE
"Unadjusted","SHC2",59,-0.294888020009245,-0.267756645946085,5.071192147149e-10,1.01791785470023e-08,TRUE,TRUE
"Unadjusted","SIGIRR",59,-0.126567977438709,-0.104199450516631,0.00684549373397887,0.0269696349014912,TRUE,TRUE
"Unadjusted","SIN3A",59,-0.0306554640290709,-0.0163926493646029,0.342968856390511,0.624827682652822,FALSE,TRUE
"Unadjusted","SLC16A1",59,0.0107656302997063,0.0151885036116435,0.164380068651336,0.331818197381004,FALSE,TRUE
"Unadjusted","SLC25A1",59,-0.185589687218657,-0.164588146337304,0.000569792154048602,0.00234058066072255,TRUE,TRUE
"Unadjusted","SLC2A1",59,1.80366507804118,1.83973904589257,6.81091238360777e-38,8.29478300843778e-37,TRUE,TRUE
"Unadjusted","SLC39A6",59,-0.0741942738414132,-0.0482213490434762,0.166287810285808,0.385872508414076,FALSE,TRUE
"Unadjusted","SMAD4",59,-0.258017002811054,-0.234503400072511,1.26184656824477e-08,2.8007698496036e-07,TRUE,TRUE
"Unadjusted","SMAP1",59,-0.188213415735862,-0.168683826680711,8.18136750266443e-07,9.02785955048015e-06,TRUE,TRUE
"Unadjusted","SMC1A",59,0.0641886116965509,0.0798450105471294,0.00722380029151021,0.0340973950157625,TRUE,TRUE
"Unadjusted","SMC3",59,-0.16691265953366,-0.14564661018624,6.01122232317265e-06,8.66379965634288e-05,TRUE,TRUE
"Unadjusted","SNAI2",59,0.168094429303406,0.205571472259101,0.00927704421168593,0.035698700050286,TRUE,TRUE
"Unadjusted","SOD2",59,0.0554909289391086,0.103989300765163,0.264932085571382,0.564554945015624,FALSE,TRUE
"Unadjusted","SOS2",59,0.0716378822546889,0.0843669856352795,0.00394927298972189,0.0151464246734405,TRUE,TRUE
"Unadjusted","SOX9",59,-0.0231735295534268,0.0414994083967503,0.63138832570389,0.994508261574411,FALSE,FALSE
"Unadjusted","SPINK1",59,-0.78283129789483,-0.686889056515519,1.40674551334405e-05,0.000227854267760757,TRUE,TRUE
"Unadjusted","SPOP",59,-0.164287875689936,-0.141502652203295,0.000589089427691652,0.00303914532753234,TRUE,TRUE
"Unadjusted","SPRED1",59,0.241805718209743,0.279715890623537,2.00024928147883e-08,9.5785556858526e-07,TRUE,TRUE
"Unadjusted","SPRY4",59,0.508444044784397,0.537296470318858,1.65215449212881e-20,8.37940491812898e-19,TRUE,TRUE
"Unadjusted","SRP54",59,-0.179810402949927,-0.152973605722514,2.59456819827226e-05,0.000436093142417766,TRUE,TRUE
"Unadjusted","SRR",59,-0.146954055353156,-0.135388587079471,2.1965533142257e-08,2.16996006967992e-07,TRUE,TRUE
"Unadjusted","SRSF2",59,0.0962468106247496,0.125433362348888,0.00149127365805266,0.0167602421266341,TRUE,TRUE
"Unadjusted","SSX1",59,0.0410924634777913,0.0488416663859954,0.000127655372671354,0.00152598915220777,TRUE,TRUE
"Unadjusted","STAT1",59,0.291669773912167,0.328792667050514,2.58573358515369e-07,6.36164342743257e-06,TRUE,TRUE
"Unadjusted","STAT2",59,0.213193484843763,0.247774799487756,3.00711792981921e-06,6.89909854579728e-05,TRUE,TRUE
"Unadjusted","STAT6",59,0.194091565174858,0.215810640392872,8.22256618091154e-06,6.19114306482017e-05,TRUE,TRUE
"Unadjusted","STC1",59,0.452240080560507,0.485521804698438,8.01200523953153e-11,1.57625649767309e-09,TRUE,TRUE
"Unadjusted","STK11",59,-0.0248031234840208,-0.00893977489944547,0.503648173307336,0.814935849483101,FALSE,TRUE
"Unadjusted","STMN1",59,0.397610084573692,0.417560313277766,1.20211871625744e-18,3.54898467186903e-17,TRUE,TRUE
"Unadjusted","TANK",59,0.165340897837394,0.181883081074262,1.71764316150518e-05,9.36666377383286e-05,TRUE,TRUE
"Unadjusted","TBP",59,-0.0453463060968379,-0.0292685474761481,0.151432514497069,0.365879089228624,FALSE,TRUE
"Unadjusted","TCF7",59,-0.0442128667907278,-0.0366933007786818,0.00109407327523121,0.0063425787918663,TRUE,TRUE
"Unadjusted","TECR",59,-0.191077096080325,-0.165528749912287,4.0875783452017e-05,0.000418093968219327,TRUE,TRUE
"Unadjusted","TFE3",59,0.0783240420698465,0.0968525045968669,0.000719229454160154,0.00584085690764721,TRUE,TRUE
"Unadjusted","TGFB1",59,-0.0235933834752921,-0.0163023619197779,0.0159296062570716,0.0873854533095219,FALSE,TRUE
"Unadjusted","TGFBR1",59,0.105670111564781,0.11617089852176,1.38185325009352e-10,4.77794555625099e-09,TRUE,TRUE
"Unadjusted","THEM4",59,0.0646869036541441,0.0783005990746918,0.0022082505841486,0.0129129907195501,TRUE,TRUE
"Unadjusted","THY1",59,0.20365651121401,0.262429363200397,0.00441496155943849,0.0277086440970326,TRUE,TRUE
"Unadjusted","TMEM163",59,-0.230188904299413,-0.196776881736951,0.000231429203911711,0.00185966257529649,TRUE,TRUE
"Unadjusted","TMPRSS2",59,0.0461318676306299,0.101741272258856,0.397068210422055,0.710763605959289,FALSE,TRUE
"Unadjusted","TNC",59,0.279376768494076,0.326921897299875,0.00221049332778792,0.00938236136791112,TRUE,TRUE
"Unadjusted","TNFAIP6",59,0.655129018425793,0.707110927078963,9.42551526668682e-12,2.51058252795931e-10,TRUE,TRUE
"Unadjusted","TNFRSF14",59,0.166771513261078,0.19560065713059,0.000707551384424672,0.00393036514487294,TRUE,TRUE
"Unadjusted","TNFRSF1A",59,0.145816991814973,0.170563067968677,0.000285640137484428,0.00202251199886939,TRUE,TRUE
"Unadjusted","TNFSF13",59,0.0805194552190716,0.0945230202694416,0.00250558010897865,0.0105437833639926,TRUE,TRUE
"Unadjusted","TNFSF13B",59,0.194903529034209,0.232154958864268,0.0010543058443181,0.00644847838882858,TRUE,TRUE
"Unadjusted","TNKS",59,0.0948336568990844,0.103730170797386,8.14783394615431e-09,1.86215878603632e-07,TRUE,TRUE
"Unadjusted","TOLLIP",59,-0.222266000263601,-0.199546981884672,5.87303159690736e-07,7.22031282634673e-06,TRUE,TRUE
"Unadjusted","TOP2A",59,1.12752261811799,1.16213343067617,5.93629251324065e-33,2.06771925991734e-31,TRUE,TRUE
"Unadjusted","TP53",59,0.0386053903398355,0.0553824759743956,0.137947718840315,0.313537542447431,FALSE,TRUE
"Unadjusted","TPM4",59,0.241358730805497,0.272160148169485,3.49368994479702e-06,3.30947297814071e-05,TRUE,TRUE
"Unadjusted","TSC1",59,-0.195418522838349,-0.157388614193208,0.00249921188030228,0.0150752727899783,TRUE,TRUE
"Unadjusted","TXN2",59,-0.00674952235944943,0.00448532776695754,0.72799609583723,0.998294985699642,FALSE,FALSE
"Unadjusted","TYMP",59,0.701753145419368,0.748693411590475,1.15341827293396e-19,1.11858381905809e-17,TRUE,TRUE
"Unadjusted","U2AF1",59,-0.183247904155609,-0.16201026636664,5.63525240921406e-05,0.000434295433470551,TRUE,TRUE
"Unadjusted","UBA7",59,0.104763404463235,0.136583405538584,0.0133558072708356,0.0605510231434628,FALSE,TRUE
"Unadjusted","UBB",59,0.0529602326586034,0.0683862306739435,0.024666666521834,0.0829263810192099,FALSE,TRUE
"Unadjusted","UBE2T",59,0.664475861560759,0.687580797849728,1.5630593574346e-27,6.17743832693348e-26,TRUE,TRUE
"Unadjusted","UQCR10",59,-0.169048305282865,-0.144261617777605,3.87616212148821e-05,0.00043030474251454,TRUE,TRUE
"Unadjusted","UQCR11",59,-0.0686510948291704,-0.0539175909057809,0.00739081057804952,0.035610813838203,TRUE,TRUE
"Unadjusted","UQCRQ",59,-0.106069991214399,-0.0742761559807675,0.0146753446097636,0.0922968630524307,FALSE,TRUE
"Unadjusted","UTY",59,-0.0736783971842962,-0.0571071010088961,0.0414365696558509,0.115775085585789,FALSE,TRUE
"Unadjusted","VCAN",59,0.645782484457729,0.703700143281984,9.7788981233767e-10,1.57802401256709e-08,TRUE,TRUE
"Unadjusted","VEGFB",59,-0.134471423209974,-0.115925379479982,0.000787801457854813,0.00380772516239064,TRUE,TRUE
"Unadjusted","VSIR",59,0.0170629045396503,0.0441745623135241,0.479347773959303,0.79713695122094,FALSE,TRUE
"Unadjusted","VTCN1",59,-0.756850889208564,-0.676836036881057,1.47448035250243e-08,3.74085390227971e-07,TRUE,TRUE
"Unadjusted","WIPF1",59,-0.0798752242034876,-0.0358515741790353,0.375221854942847,0.697813177759137,FALSE,TRUE
"Unadjusted","WNT10A",59,0.366768522592283,0.382093678549188,4.43736399009371e-13,4.40132380783756e-12,TRUE,TRUE
"Unadjusted","WNT5A",59,0.43275923702063,0.46107698836817,2.09168556950637e-10,2.3891720737229e-09,TRUE,TRUE
"Unadjusted","WRN",59,-0.0531757198259159,-0.0378645687811326,0.152643879846452,0.323042578398514,FALSE,TRUE
"Unadjusted","XPA",59,-0.000175445532384516,0.00893416394379233,0.588378070041604,0.991821482315279,FALSE,FALSE
"Unadjusted","YTHDF2",59,-0.00412042642260492,0.02159095288774,0.606396240061033,0.964472470538033,FALSE,FALSE
"Unadjusted","ZBTB16",59,-0.348543967431363,-0.295099198624984,0.00959543985700951,0.0292973506942245,TRUE,TRUE
"Unadjusted","ZBTB20",59,-0.213221780644154,-0.186423488181238,4.34754222212306e-05,0.000384001474885034,TRUE,TRUE
"Unadjusted","ZEB1",59,0.0347390710142462,0.049475180007267,0.225300239997053,0.409300318420351,FALSE,TRUE
"Unadjusted","ZEB2",59,-0.235361546267089,-0.196747815790253,0.000806324180650151,0.00427974902617058,TRUE,TRUE
