"PROBEID","logFC","AveExpr","t","P.Value","adj.P.Val","B","SYMBOL","GENENAME"
"TC01000188.hg.1",-4.32544580334008,8.06545908089386,-4.09220752749564,0.000698249428291771,0.0394066213488844,-0.285232459700532,"CTRC","chymotrypsin C"
"TC01000905.hg.1",1.49170953675659,5.28781035946452,3.94448509477284,0.000968484911047669,0.0394066213488844,-0.579073568683912,"SLC30A7","solute carrier family 30 member 7"
"TC01000918.hg.1",-5.46165566283478,9.02136446801615,-4.52266112496593,0.00027049247559135,0.0394066213488844,0.565110973042523,"AMY2A","amylase alpha 2A"
"TC01000919.hg.1",-4.50088076376912,7.29193172596886,-4.58438838566614,0.0002363127543017,0.0394066213488844,0.685957983773515,"AMY1B","amylase alpha 1B"
"TC01000919.hg.1",-4.50088076376912,7.29193172596886,-4.58438838566614,0.0002363127543017,0.0394066213488844,0.685957983773515,"AMY1C","amylase alpha 1C"
"TC01000919.hg.1",-4.50088076376912,7.29193172596886,-4.58438838566614,0.0002363127543017,0.0394066213488844,0.685957983773515,"AMY1A","amylase alpha 1A"
"TC01000990.hg.1",1.11538465076493,6.60832010016613,3.6470863100658,0.00187231780710209,0.0394066213488844,-1.17113087848565,"CAPZA1","capping actin protein of muscle Z-line subunit alpha 1"
"TC01001174.hg.1",2.1039435850169,7.62040622933538,4.05659016289135,0.00075552157499982,0.0394066213488844,-0.356025396615038,"H2AC19","H2A clustered histone 19"
"TC01001174.hg.1",2.1039435850169,7.62040622933538,4.05659016289135,0.00075552157499982,0.0394066213488844,-0.356025396615038,"H2AC18","H2A clustered histone 18"
"TC01001204.hg.1",1.04533490456419,5.45501115626603,3.73670087939817,0.00153510620528503,0.0394066213488844,-0.992831311646329,"PIP5K1A","phosphatidylinositol-4-phosphate 5-kinase type 1 alpha"
"TC01001385.hg.1",1.01589565499701,6.07648516345848,3.88084515359372,0.00111520601291837,0.0394066213488844,-0.705792166613762,"SDHC","succinate dehydrogenase complex subunit C"
"TC01001493.hg.1",1.33206663248897,7.37590186103128,3.57439737660528,0.00219924628193492,0.0394066213488844,-1.31556505653316,"PRRC2C","proline rich coiled-coil 2C"
"TC01001585.hg.1",1.91875755118164,6.15605952263461,4.02963507222896,0.000801986114914255,0.0394066213488844,-0.409627826407831,"LAMC2","laminin subunit gamma 2"
"TC01001736.hg.1",1.43631214372655,6.25595250907432,3.70563076563045,0.00164454412599471,0.0394066213488844,-1.05467146103203,"CD55","CD55 molecule (Cromer blood group)"
"TC01003014.hg.1",1.72663544878428,6.54277343103629,4.05988730669846,0.000750027026748464,0.0394066213488844,-0.34947025301916,"NRAS","NRAS proto-oncogene, GTPase"
"TC01003536.hg.1",1.07818468901131,6.26838716304327,3.562549253114,0.00225766612068086,0.0394066213488844,-1.33908612334786,"RC3H1","ring finger and CCCH-type domains 1"
"TC01003722.hg.1",1.18222396954016,6.37585182491209,3.60833631676692,0.00204008374368082,0.0394066213488844,-1.24815398718884,"FMOD","fibromodulin"
"TC01003897.hg.1",1.13006057876054,6.67624354314939,3.852291395057,0.00118808338442123,0.0394066213488844,-0.762657709130866,"ACBD3","acyl-CoA binding domain containing 3"
"TC01003967.hg.1",1.00383106287058,4.46633823031629,4.77585626492592,0.000155711319185036,0.0394066213488844,1.05852016906377,"EXOC8","exocyst complex component 8"
"TC01005458.hg.1",-1.19106581161709,5.92547168344139,-4.22904113264724,0.000516011460243734,0.0394066213488844,-0.0137378824739764,"TAL1","TAL bHLH transcription factor 1, erythroid differentiation factor"
"TC01005824.hg.1",2.09337970763781,9.28674875159074,3.62376879320358,0.00197154925552626,0.0394066213488844,-1.21748558137314,"S100A10","S100 calcium binding protein A10"
"TC01005883.hg.1",1.5803823906037,7.37721345577397,3.79514371510199,0.00134856482246301,0.0394066213488844,-0.876468238080323,"TAGLN2","transgelin 2"
"TC01005968.hg.1",1.2696583082791,5.20199033555595,3.59058541691666,0.00212184715832936,0.0394066213488844,-1.28341785408487,"TOR1AIP2","torsin 1A interacting protein 2"
"TC01006265.hg.1",-4.18888686328231,8.58819208920628,-3.83842094368107,0.00122518610059549,0.0394066213488844,-0.790281673110469,"CELA2A","chymotrypsin like elastase 2A"
"TC01006266.hg.1",-4.16495598449205,8.04250646609527,-3.76820023936536,0.00143157250151767,0.0394066213488844,-0.930119568039961,"CELA2B","chymotrypsin like elastase 2B"
"TC01006312.hg.1",-4.69952787382587,9.25886702077608,-3.87005973359528,0.00114219215518952,0.0394066213488844,-0.727271253003243,"CELA3A","chymotrypsin like elastase 3A"
"TC01006313.hg.1",-4.26992102260458,9.05599578102859,-3.85788608742925,0.00117343803417819,0.0394066213488844,-0.751515538831315,"CELA3B","chymotrypsin like elastase 3B"
"TC02000260.hg.1",1.05571438957547,6.67507770497227,3.57583557629515,0.00219225786671412,0.0394066213488844,-1.31270947203324,"EML4","EMAP like 4"
"TC02000378.hg.1",1.06439158250959,7.75034377557103,3.85426708762723,0.0011828907933084,0.0394066213488844,-0.758722991122234,"ACTR2","actin related protein 2"
"TC02000487.hg.1",-1.92395526556348,5.64037604723297,-3.8033752437548,0.00132417727814397,0.0394066213488844,-0.86007588485029,"REG3G","regenerating family member 3 gamma"
"TC02000735.hg.1",1.07223143208957,7.57496159958702,3.63178626585534,0.0019368530099657,0.0394066213488844,-1.20154919695358,"ACTR3","actin related protein 3"
"TC02000996.hg.1",1.89007917486862,6.38740830294392,3.5871955917468,0.00213782754146689,0.0394066213488844,-1.2901505441721,"CERS6","ceramide synthase 6"
"TC02000999.hg.1",-1.01500901391986,3.3257027259806,-4.15803022400879,0.00060365204143338,0.0394066213488844,-0.154527863332597,"G6PC2","glucose-6-phosphatase catalytic subunit 2"
"TC02001065.hg.1",1.12040853298211,5.25603235660738,3.53752827895875,0.00238614679536331,0.0394066213488844,-1.38873530921321,"AGPS","alkylglycerone phosphate synthase"
"TC02001166.hg.1",1.11766053826241,6.40635355196479,3.52786186831051,0.00243770291531376,0.0394066213488844,-1.40790760705413,"BZW1","basic leucine zipper and W2 domains 1"
"TC02001363.hg.1",1.31937987750856,6.25300804297857,3.77293657836267,0.00141661967773321,0.0394066213488844,-0.920688862144236,"AGFG1","ArfGAP with FG repeats 1"
"TC02001386.hg.1",1.43939743594853,5.65097285514555,3.5772646214711,0.00218533577845657,0.0394066213488844,-1.30987196954633,"PSMD1","proteasome 26S subunit, non-ATPase 1"
"TC02001872.hg.1",-1.48342848077615,2.74140724900826,-4.98193106671258,9.9742175235351e-05,0.0394066213488844,1.45513077730997,"MIR216B","microRNA 216b"
"TC02002279.hg.1",1.20998090836748,5.77144451080816,3.81356544178621,0.00129459653338062,0.0394066213488844,-0.839782417110989,"MAP3K2","mitogen-activated protein kinase kinase kinase 2"
"TC02002479.hg.1",-3.74144247115311,5.49620787857606,-4.28732478523183,0.000453748127424678,0.0394066213488844,0.101619927026525,"GCG","glucagon"
"TC02002592.hg.1",1.29076645084213,7.26461773958525,3.58940211928025,0.00212741195565168,0.0394066213488844,-1.2857681138007,"NCKAP1","NCK associated protein 1"
"TC02003640.hg.1",1.23335737721166,4.57220066507694,3.66303287471091,0.00180733243753005,0.0394066213488844,-1.13941896201677,"ARL6IP6","ARF like GTPase 6 interacting protein 6"
"TC03000689.hg.1",1.014118818416,7.02354096141839,3.53398779996573,0.00240490332307278,0.0394066213488844,-1.39575806097546,"COPG1","coat protein complex I subunit gamma 1"
"TC03000715.hg.1",1.01547757501878,5.49502574589282,3.92515330694183,0.00101088150147855,0.0394066213488844,-0.617561859037893,"DNAJC13","DnaJ heat shock protein family (Hsp40) member C13"
"TC03000799.hg.1",-4.54916872956955,8.9745200064253,-3.71511733341247,0.00161032919257502,0.0394066213488844,-1.03579204660192,"CPB1","carboxypeptidase B1"
"TC03000803.hg.1",1.14662579633268,5.74247220417472,3.80876687281489,0.00130844291624072,0.0394066213488844,-0.849338693611769,"HPS3","HPS3 biogenesis of lysosomal organelles complex 2 subunit 1"
"TC03000900.hg.1",-1.00361021077154,6.33261032692151,-3.58792499964772,0.0021343788864426,0.0394066213488844,-1.28870187553789,"MIR551B","microRNA 551b"
"TC03000917.hg.1",1.49322450832137,6.40870995594274,4.43427602191461,0.000328366141994691,0.0394066213488844,0.391517902002482,"SKIL","SKI like proto-oncogene"
"TC03000976.hg.1",1.3775146816191,5.99353746214694,4.10847573827204,0.00067356381275595,0.0394066213488844,-0.252912628577828,"ATP11B","ATPase phospholipid transporting 11B (putative)"
"TC03001100.hg.1",1.27724729615796,6.20492234515128,3.92739621247151,0.00100586866468572,0.0394066213488844,-0.613096126253204,"PAK2","p21 (RAC1) activated kinase 2"
"TC03001688.hg.1",1.08259580633239,5.99432871612349,3.94623183072815,0.000964743115929937,0.0394066213488844,-0.575596200314238,"GSK3B","glycogen synthase kinase 3 beta"
"TC03001690.hg.1",1.19545024710595,5.66552260734998,3.59492274606605,0.00210157300275881,0.0394066213488844,-1.27480255593713,"LRRC58","leucine rich repeat containing 58"
"TC03001888.hg.1",1.70713493636138,7.17410620421417,3.74037063874669,0.00152266964152673,0.0394066213488844,-0.985526020340749,"TM4SF1","transmembrane 4 L six family member 1"
"TC03001956.hg.1",1.22168669707302,5.86598609990924,3.68922203622013,0.00170544436761456,0.0394066213488844,-1.08732187911262,"KPNA4","karyopherin subunit alpha 4"
"TC03001978.hg.1",1.23876505210899,7.22900542243566,3.84163555726492,0.00121648527633725,0.0394066213488844,-0.783879547504929,"GOLIM4","golgi integral membrane protein 4"
"TC03002022.hg.1",1.11977925841359,6.61674353967861,3.76136794064288,0.00145342043323223,0.0394066213488844,-0.943723130907864,"TBL1XR1","TBL1X/Y related 1"
"TC03002133.hg.1",1.37683599438805,5.8290884100151,3.72215795653969,0.00158539569479461,0.0394066213488844,-1.02177911612689,"ATP13A3","ATPase 13A3"
"TC03002278.hg.1",1.66304332062546,7.10510936120828,3.62319554882306,0.00197405356473917,0.0394066213488844,-1.21862493234436,"PDCD6IP","programmed cell death 6 interacting protein"
"TC03002732.hg.1",1.11985498236237,6.19810193683886,3.62618273781588,0.00196103817585516,0.0394066213488844,-1.21268761543876,"HES1","hes family bHLH transcription factor 1"
"TC03003331.hg.1",-3.52896794173475,4.5956257661164,-4.0386019445409,0.000786218791763238,0.0394066213488844,-0.391794111272745,"SERPINI2","serpin family I member 2"
"TC03003413.hg.1",-1.03126332687946,5.4083770540497,-3.88317559965572,0.0011094594213053,0.0394066213488844,-0.701151180844331,"ITIH4","inter-alpha-trypsin inhibitor heavy chain 4"
"TC04000553.hg.1",1.05230822743471,5.1877814503106,4.87924559663136,0.000124467291707117,0.0394066213488844,1.25810905739016,"SGMS2","sphingomyelin synthase 2"
"TC04000916.hg.1",-1.24003176177863,3.70343602051066,-3.84384223550614,0.00121054838653887,0.0394066213488844,-0.779484792346262,"F11","coagulation factor XI"
"TC04000961.hg.1",-2.80792376103018,3.96741871707093,-3.77145178707705,0.00142129036638129,0.0394066213488844,-0.923645315420177,"TMED11P","transmembrane p24 trafficking protein 11, pseudogene"
"TC04001250.hg.1",1.23288984994928,4.93962285002998,3.77743798573386,0.00140255313442041,0.0394066213488844,-0.91172569892821,"UBA6","ubiquitin like modifier activating enzyme 6"
"TC04001824.hg.1",1.65911750996599,7.0955228660174,4.13487944699652,0.000635354291612345,0.0394066213488844,-0.200478442019482,"FAT1","FAT atypical cadherin 1"
"TC04002945.hg.1",1.19136984012076,6.87942977136777,3.56875060062988,0.0022268993544045,0.0394066213488844,-1.32677594987009,"HSD17B11","hydroxysteroid 17-beta dehydrogenase 11"
"TC05000665.hg.1",1.27840052433498,5.55781673977168,3.53868963834699,0.00238002587970429,0.0394066213488844,-1.38643153726007,"SEC24A","SEC24 homolog A, COPII component"
"TC05001172.hg.1",1.21237219380081,6.13580560214597,3.88615449209346,0.00110215700284382,0.0394066213488844,-0.69521888959872,"ANKH","ANKH inorganic pyrophosphate transport regulator"
"TC05002041.hg.1",1.32283513729192,6.22446766133821,3.64486384475882,0.00188155755847125,0.0394066213488844,-1.17554990169734,"PANK3","pantothenate kinase 3"
"TC05002526.hg.1",1.21549177932607,7.09078605069826,3.72773025561779,0.00156593533713408,0.0394066213488844,-1.01068788117985,"CAST","calpastatin"
"TC05002698.hg.1",1.14114283667654,4.4340387905306,3.5650845552727,0.00224503704930259,0.0394066213488844,-1.33405356815196,"G3BP1","G3BP stress granule assembly factor 1"
"TC05002760.hg.1",1.1368784750077,6.40357490333392,3.81098958255707,0.00130201092495314,0.0394066213488844,-0.844912216270568,"TSPAN17","tetraspanin 17"
"TC05002774.hg.1",1.32436338116927,7.49371793109868,3.95886158789282,0.000938116134201956,0.0394066213488844,-0.550454582048093,"HNRNPAB","heterogeneous nuclear ribonucleoprotein A/B"
"TC05003242.hg.1",1.65362886809898,7.70411197287159,3.64034948673248,0.00190046562295605,0.0394066213488844,-1.18452548213073,"VDAC1","voltage dependent anion channel 1"
"TC06000590.hg.1",-1.6506046865753,5.11405458636207,-3.62169186177729,0.00198063770369807,0.0394066213488844,-1.22161352467577,"GNMT","glycine N-methyltransferase"
"TC06000697.hg.1",1.39491597205422,6.89474399783197,3.77701125485883,0.0014038806273867,0.0394066213488844,-0.912575411295053,"PTP4A1","protein tyrosine phosphatase 4A1"
"TC06001134.hg.1",-1.42210561944081,5.07585299397629,-6.09251658265157,9.80146316005246e-06,0.0394066213488844,3.49303229608655,"TMEM181","transmembrane protein 181"
"TC06001387.hg.1",1.96835245682693,7.0363041339832,3.70623026843605,0.00164236062322023,0.0394066213488844,-1.05347843736885,"H2BC12","H2B clustered histone 12"
"TC06001424.hg.1",1.83525297268057,7.10452555119657,3.8493786769873,0.00119578033533759,0.0394066213488844,-0.768458582156853,"H4C12","H4 clustered histone 12"
"TC06001667.hg.1",-4.68842000448901,8.81427876644134,-3.54954271600308,0.00232357270482954,0.0394066213488844,-1.36489901701229,"CLPS","colipase"
"TC06001809.hg.1",1.05672320948608,5.44429403121514,3.60506295383838,0.00205492221523969,0.0394066213488844,-1.25465781810081,"CILK1","ciliogenesis associated kinase 1"
"TC06002000.hg.1",1.18936342264642,7.06702178177481,3.57492678220936,0.00219667125618668,0.0394066213488844,-1.31451391847843,"CD164","CD164 molecule"
"TC06002265.hg.1",1.50798747085459,8.68803364552659,3.69894698217015,0.001669084577841,0.0394066213488844,-1.06797177198619,"EZR","ezrin"
"TC06003619.hg.1",1.35165665590628,6.22971127559864,3.58836094902416,0.00213232034850196,0.0394066213488844,-1.28783603034839,"SRPK1","SRSF protein kinase 1"
"TC07000065.hg.1",1.30745853481585,7.32214452272226,3.91084071828022,0.00104346488764195,0.0394066213488844,-0.646060312414258,"RAC1","Rac family small GTPase 1"
"TC07000196.hg.1",1.04784687752333,4.48768879714069,3.58161842603542,0.00216438010930091,0.0394066213488844,-1.3012265093438,"DKFZP586I1420","uncharacterized protein DKFZp586I1420"
"TC07000235.hg.1",2.32638904088079,4.46274296865256,3.64259988929182,0.00189101645720554,0.0394066213488844,-1.18005125143113,"ANLN","anillin, actin binding protein"
"TC07000278.hg.1",1.01945487180446,5.36437956203658,3.66243621793991,0.00180972299910857,0.0394066213488844,-1.14060563836959,"PPIA","peptidylprolyl isomerase A"
"TC07000399.hg.1",1.27405408468974,10.1180207949622,3.53986876519366,0.00237382725546676,0.0394066213488844,-1.38409244689823,"SNORA22","small nucleolar RNA, H/ACA box 22"
"TC07000403.hg.1",1.09680474026518,5.83303708312928,3.84064372822595,0.00121916319285524,0.0394066213488844,-0.785854844397586,"VKORC1L1","vitamin K epoxide reductase complex subunit 1L1"
"TC07000782.hg.1",1.36436634769777,7.48277235942168,4.20864984369138,0.000539775588946913,0.0394066213488844,-0.0541411828514038,"CALU","calumenin"
"TC07000809.hg.1",-5.32390178048604,7.74403960308156,-4.04275106878822,0.000779028792522903,0.0394066213488844,-0.383542922734828,"CPA2","carboxypeptidase A2"
"TC07000814.hg.1",-3.5533165692364,8.14642684145948,-4.25065011890646,0.00049197900910206,0.0394066213488844,0.0290539976147661,"CPA1","carboxypeptidase A1"
"TC07001540.hg.1",1.20934827843585,7.29305322040849,4.29475816580805,0.000446372772932576,0.0394066213488844,0.116318244969475,"YWHAG","tyrosine 3-monooxygenase/tryptophan 5-monooxygenase activation protein gamma"
"TC07001852.hg.1",1.23776150276994,6.09476366782105,3.5230693217043,0.00246367220868549,0.0394066213488844,-1.41741121056882,"TNPO3","transportin 3"
"TC07002084.hg.1",1.02274548144714,7.07387064695074,3.68780700150224,0.00171080029484164,0.0394066213488844,-1.09013723082262,"ESYT2","extended synaptotagmin 2"
"TC07002501.hg.1",1.1682862285115,5.36186784198982,4.53003812961605,0.000266156810379808,0.0394066213488844,0.579570790057576,"CUX1","cut like homeobox 1"
"TC07002638.hg.1",-3.52403398972086,9.2233419234733,-3.54412279252246,0.00235159682150069,0.0394066213488844,-1.3756529197717,"PRSS3P2","PRSS3 pseudogene 2"
"TC07002772.hg.1",1.33885995150146,11.6872264503381,3.64838073527838,0.00186695714400177,0.0394066213488844,-1.16855704177466,"ACTB","actin beta"
"TC07003195.hg.1",1.35224646391585,6.28835122232401,4.26661828601998,0.000474948732399179,0.0394066213488844,0.0606587992251848,"HIPK2","homeodomain interacting protein kinase 2"
"TC07003219.hg.1",1.30310145959908,6.36891278602792,4.03571475455,0.000791261312269193,0.0394066213488844,-0.397536036340739,"ARHGEF34P","Rho guanine nucleotide exchange factor 34, pseudogene"
"TC07003287.hg.1",1.15636958666698,7.44908372463178,3.83569393109482,0.00123261595142144,0.0394066213488844,-0.795712700560375,"ARPC1A","actin related protein 2/3 complex subunit 1A"
"TC07003306.hg.1",1.21988611699097,6.19762507638063,3.97034886867243,0.000914538602055997,0.0394066213488844,-0.527589653157626,"OR2A7","olfactory receptor family 2 subfamily A member 7"
"TC07003306.hg.1",1.21988611699097,6.19762507638063,3.97034886867243,0.000914538602055997,0.0394066213488844,-0.527589653157626,"ARHGEF5","Rho guanine nucleotide exchange factor 5"
"TC07003345.hg.1",-4.51573242106453,9.61714795320261,-3.84530344102636,0.00120663309320711,0.0394066213488844,-0.776574698427623,"PRSS1","serine protease 1"
"TC07003346.hg.1",-3.58801932619652,9.13208202801724,-3.64797472231581,0.0018686369380436,0.0394066213488844,-1.16936436440369,"PRSS2","serine protease 2"
"TC07003350.hg.1",1.46226265622638,7.45605683326442,3.72373315487453,0.00157987024204702,0.0394066213488844,-1.01864386600968,"KDELR2","KDEL endoplasmic reticulum protein retention receptor 2"
"TC08000298.hg.1",1.63563912807839,6.74654895919601,3.9286672123973,0.00100303908291019,0.0394066213488844,-0.610565532657563,"ADAM9","ADAM metallopeptidase domain 9"
"TC08000482.hg.1",1.32514058045458,5.65711363620071,4.66007212355748,0.00020031915249905,0.0394066213488844,0.833655604908142,"RDH10","retinol dehydrogenase 10"
"TC08000685.hg.1",-1.02051337363743,3.32565807557467,-3.64614674756055,0.00187621845308768,0.0394066213488844,-1.17299907102746,"SLC30A8","solute carrier family 30 member 8"
"TC08000720.hg.1",1.49933571413191,5.79799230787704,3.6005908695169,0.00207536814717571,0.0394066213488844,-1.26354267694722,"FAM91A1","family with sequence similarity 91 member A1"
"TC08001485.hg.1",1.25641763023475,7.64586564168772,4.02292014393429,0.000814001386695593,0.0394066213488844,-0.422984225708326,"YWHAZ","tyrosine 3-monooxygenase/tryptophan 5-monooxygenase activation protein zeta"
"TC08001548.hg.1",1.34535310654928,6.97188700751641,3.8009215522753,0.00133140035344251,0.0394066213488844,-0.864962242132269,"EXT1","exostosin glycosyltransferase 1"
"TC08001736.hg.1",1.19992894292244,4.71718591789991,3.65101361036266,0.00185610058482224,0.0394066213488844,-1.16332166013358,"EPPK1","epiplakin 1"
"TC08002029.hg.1",1.03337559433757,7.02740657004054,3.7768523362831,0.00140437531883947,0.0394066213488844,-0.912891851639419,"MTDH","metadherin"
"TC08002257.hg.1",1.0892372579375,5.44220697056484,4.43278707823307,0.000329441838988134,0.0394066213488844,0.388588255422017,"TNFRSF10B","TNF receptor superfamily member 10b"
"TC08002590.hg.1",1.14924222708277,5.1267886318608,4.01682646021028,0.0008250615311598,0.0394066213488844,-0.435105967890506,"DOCK5","dedicator of cytokinesis 5"
"TC09000043.hg.1",-1.01829007274625,6.95558487451258,-4.03181754640064,0.000798119436440338,0.0394066213488844,-0.405287017509304,"MIR4665","microRNA 4665"
"TC09000416.hg.1",-1.1024608196504,6.49034352976622,-3.55806728139075,0.00228016488570632,0.0394066213488844,-1.34798203589678,"MIR3153","microRNA 3153"
"TC09000463.hg.1",1.53819131149131,5.99063487273003,3.7250499519889,0.00157526594637306,0.0394066213488844,-1.01602289606602,"SLC71A2","solute carrier family 71 member 2"
"TC09000535.hg.1",1.47958957294611,6.19646785846682,4.34037628426464,0.000403689574134044,0.0394066213488844,0.206445319122532,"SLC44A1","solute carrier family 44 member 1"
"TC09000572.hg.1",1.73787655532808,6.73548005566961,3.59980596584795,0.00207897744974944,0.0394066213488844,-1.26510198947377,"SLC31A1","solute carrier family 31 member 1"
"TC09000637.hg.1",1.18403900431683,6.06184054398681,4.27522300612713,0.000466019783494363,0.0394066213488844,0.0776835225845591,"LOC100129034","uncharacterized LOC100129034"
"TC09000767.hg.1",-4.744979588158,9.18434626929973,-3.74590822394723,0.00150409319971697,0.0394066213488844,-0.974502070193855,"CEL","carboxyl ester lipase"
"TC09000768.hg.1",-4.24616801996126,8.91126846141975,-3.91092444191723,0.00104327125785733,0.0394066213488844,-0.645893599877179,"CELP","carboxyl ester lipase pseudogene"
"TC09001204.hg.1",1.71301553223458,6.4473710203367,4.0844715851909,0.000710305511417221,0.0394066213488844,-0.300604721484054,"CEMIP2","cell migration inducing hyaluronidase 2"
"TC09001228.hg.1",1.06987618694194,6.67216359610125,3.90409256490806,0.00105919053397794,0.0394066213488844,-0.659497628418369,"GNAQ","G protein subunit alpha q"
"TC09001488.hg.1",1.53184855255281,6.95142977362043,3.76433718657224,0.0014438849423031,0.0394066213488844,-0.937811237681882,"PTBP3","polypyrimidine tract binding protein 3"
"TC09001488.hg.1",1.53184855255281,6.95142977362043,3.76433718657224,0.0014438849423031,0.0394066213488844,-0.937811237681882,"MIR3134","microRNA 3134"
"TC09001506.hg.1",-1.07774086053031,5.11415683469539,-3.74913381001707,0.0014933770319953,0.0394066213488844,-0.96808050583417,"AMBP","alpha-1-microglobulin/bikunin precursor"
"TC09001842.hg.1",1.29445153653806,4.01555208524815,3.95321909353954,0.00094991971053427,0.0394066213488844,-0.561686573955876,"ACER2","alkaline ceramidase 2"
"TC09002791.hg.1",1.05627987782676,5.95620691497309,3.62225931299976,0.00197815046419818,0.0394066213488844,-1.2204857199404,"MAPKAP1","MAPK associated protein 1"
"TC0X000190.hg.1",1.02870478776407,5.68624995319437,3.93731135458823,0.000984005502644266,0.0394066213488844,-0.593355393428483,"ATP6AP2","ATPase H+ transporting accessory protein 2"
"TC0X000195.hg.1",1.33956068318759,6.60175400978362,3.60874055165829,0.0020382587121935,0.0394066213488844,-1.24735078464695,"USP9X","ubiquitin specific peptidase 9 X-linked"
"TC0X000267.hg.1",1.50375015613956,7.31634351772275,4.13359859700785,0.000637156445951282,0.0394066213488844,-0.203021387837856,"PLP2","proteolipid protein 2"
"TC0X000464.hg.1",1.01264305502437,5.43910192128424,3.78207731243293,0.00138820157779797,0.0394066213488844,-0.90248768470399,"DIAPH2","diaphanous related formin 2"
"TC0X000575.hg.1",1.26390978069164,6.97148383384978,3.61666979277056,0.00200278632058125,0.0394066213488844,-1.23159431371237,"IL13RA1","interleukin 13 receptor subunit alpha 1"
"TC0X000966.hg.1",1.3899204394537,5.53486382651211,3.70200008699151,0.00165782971251143,0.0394066213488844,-1.06189641415913,"MED14","mediator complex subunit 14"
"TC0X000969.hg.1",1.48625448350879,6.11438729758109,3.82476844982282,0.00126283757878382,0.0394066213488844,-0.817471394391855,"CASK","calcium/calmodulin dependent serine protein kinase"
"TC0X001609.hg.1",1.07134721634793,4.89590548061941,3.57813476933853,0.00218113154507062,0.0394066213488844,-1.30814416387562,"TXLNG","taxilin gamma"
"TC0X002165.hg.1",-1.10132533625564,5.91922753023568,-3.63565391853382,0.00192033328746874,0.0394066213488844,-1.19386060787484,"BEX1","brain expressed X-linked 1"
"TC10000047.hg.1",1.420133070066,7.04162164509057,4.13049758396119,0.000641540918617703,0.0394066213488844,-0.209178289366337,"NET1","neuroepithelial cell transforming 1"
"TC10000140.hg.1",1.3857480948442,5.31297330663695,3.85371874846959,0.00118432967807981,0.0394066213488844,-0.759815043020445,"ARL5B","ARF like GTPase 5B"
"TC10000292.hg.1",-1.08509292051295,3.43064670058354,-3.77859862865193,0.00139894889500532,0.0394066213488844,-0.909414601000456,"MIR3156-1","microRNA 3156-1"
"TC10000389.hg.1",1.17632004743787,6.30341813120932,4.13944353154753,0.000628974270758465,0.0394066213488844,-0.191417655594674,"REEP3","receptor accessory protein 3"
"TC10000452.hg.1",1.45833031026015,5.83263896700236,3.9195293610926,0.00102356128518755,0.0394066213488844,-0.628759676875942,"MCU","mitochondrial calcium uniporter"
"TC10000476.hg.1",1.10456370395327,6.38329212240446,4.66606128311652,0.000197720504395066,0.0394066213488844,0.845320233352508,"VCL","vinculin"
"TC10000591.hg.1",1.09705389611888,6.68678989798337,3.67940620484164,0.00174294427363979,0.0394066213488844,-1.10685036270854,"GHITM","growth hormone inducible transmembrane protein"
"TC10000609.hg.1",1.13555043352497,5.7380857263161,3.94519221257072,0.000966968398217922,0.0394066213488844,-0.577665846498103,"BMPR1A","bone morphogenetic protein receptor type 1A"
"TC10000721.hg.1",2.13867805271614,6.6190123990591,3.60833976364558,0.00204006817491839,0.0394066213488844,-1.24814713837254,"SCD","stearoyl-CoA desaturase"
"TC10000844.hg.1",-5.53952539807357,9.32842860146493,-4.00118321068296,0.000854150543738844,0.0394066213488844,-0.466228286553485,"PNLIP","pancreatic lipase"
"TC10000845.hg.1",-3.80280123665492,6.62303310605183,-4.25130501143614,0.000491268578702594,0.0394066213488844,0.0303504686982441,"PNLIPRP1","pancreatic lipase related protein 1"
"TC10001109.hg.1",1.01882053127964,5.55732779817174,3.89454042349011,0.00108185732964677,0.0394066213488844,-0.678519118911781,"ARHGAP21","Rho GTPase activating protein 21"
"TC10001120.hg.1",1.00868819913727,6.46617909671449,3.57088140882848,0.00221642415303607,0.0394066213488844,-1.32254570063877,"ABI1","abl interactor 1"
"TC10001160.hg.1",1.43906196889753,8.12708166527794,3.75775079268262,0.00146512159357808,0.0394066213488844,-0.950924864417302,"KIF5B","kinesin family member 5B"
"TC10001312.hg.1",1.11975754943626,4.43511096615882,3.75584623262593,0.00147132042704659,0.0394066213488844,-0.954716766200204,"IPMK","inositol polyphosphate multikinase"
"TC10001535.hg.1",1.32599383077324,6.14464067294535,3.84035440977415,0.00121994545681861,0.0394066213488844,-0.786431042234335,"MYOF","myoferlin"
"TC10001958.hg.1",1.28515657363688,6.11909783759875,3.98542919504639,0.000884486745214119,0.0394066213488844,-0.497576776841055,"RAB18","RAB18, member RAS oncogene family"
"TC10002411.hg.1",1.51994039406188,7.57258799100915,4.28385542145323,0.000457232432193027,0.0394066213488844,0.094758677964248,"KLF6","KLF transcription factor 6"
"TC10002872.hg.1",-4.57176824084636,7.05113462002875,-3.85663285686838,0.00117670286067468,0.0394066213488844,-0.754011418826981,"FAM24B","family with sequence similarity 24 member B"
"TC10002872.hg.1",-4.57176824084636,7.05113462002875,-3.85663285686838,0.00117670286067468,0.0394066213488844,-0.754011418826981,"CUZD1","CUB and zona pellucida like domains 1"
"TC10002872.hg.1",-4.57176824084636,7.05113462002875,-3.85663285686838,0.00117670286067468,0.0394066213488844,-0.754011418826981,"FAM24B-CUZD1","FAM24B-CUZD1 readthrough"
"TC11000240.hg.1",1.02956429028861,6.35743191025863,4.1046481864678,0.000679291599468156,0.0394066213488844,-0.260515887565322,"LDHA","lactate dehydrogenase A"
"TC11000708.hg.1",1.11932394790233,6.51579596359379,3.58726204876653,0.00213751310228939,0.0394066213488844,-1.29001855561897,"PPP6R3","protein phosphatase 6 regulatory subunit 3"
"TC11000944.hg.1",1.00789253880984,3.73283569593815,3.62770954212975,0.00195441878010334,0.0394066213488844,-1.20965282202765,"ARHGAP42","Rho GTPase activating protein 42"
"TC11002060.hg.1",-1.07467294611147,6.31235099805928,-3.77133530058262,0.00142165744636536,0.0394066213488844,-0.92387725728975,"MIR139","microRNA 139"
"TC11002226.hg.1",1.12591499416685,7.27673012583218,3.71776703943012,0.00160090002398884,0.0394066213488844,-1.03051846494748,"TMEM123","transmembrane protein 123"
"TC11002813.hg.1",1.06999826007122,4.01636185768064,3.57630726921505,0.00218997065028121,0.0394066213488844,-1.31177289213545,"TMEM135","transmembrane protein 135"
"TC11002900.hg.1",1.24225917697214,6.53902983298564,3.9092817556561,0.00104707692627917,0.0394066213488844,-0.649164569681694,"KMT2A","lysine methyltransferase 2A"
"TC11003057.hg.1",1.39009632653938,5.97084565892112,3.74417413918713,0.0015098859264444,0.0394066213488844,-0.977954254182072,"CSNK2A3","casein kinase 2 alpha 3"
"TC11003179.hg.1",1.02673265020609,8.82723893215642,3.87343931325487,0.00113366651789995,0.0394066213488844,-0.720540784492512,"FTH1","ferritin heavy chain 1"
"TC11003206.hg.1",1.38375918613554,6.66620919931069,4.30871580375086,0.000432849726805731,0.0394066213488844,0.143908106816307,"RELA","RELA proto-oncogene, NF-kB subunit"
"TC12000076.hg.1",1.1089791926441,6.93879184814801,3.85327502055105,0.00118549533694559,0.0394066213488844,-0.760698755395575,"CD9","CD9 molecule"
"TC12000084.hg.1",1.61581924622978,8.5647034209634,3.79476527316907,0.00134969676173111,0.0394066213488844,-0.877221859287847,"GAPDH","glyceraldehyde-3-phosphate dehydrogenase"
"TC12000189.hg.1",1.43003546612778,6.97789911226368,3.57664770741461,0.00218832135430195,0.0394066213488844,-1.31109692146907,"EMP1","epithelial membrane protein 1"
"TC12000393.hg.1",1.01042964490666,5.74203167138095,3.78468644567056,0.00138019488181214,0.0394066213488844,-0.897292178232628,"DIP2B","DIP2 acetate--CoA ligase B (putative)"
"TC12000581.hg.1",1.04866613681935,5.02439262170416,3.73011402721869,0.00155768333504694,0.0394066213488844,-1.00594298396104,"LEMD3","LEM domain containing 3"
"TC12000601.hg.1",1.00791460179891,6.43071762081208,3.70902632044526,0.00163221498393796,0.0394066213488844,-1.04791412562609,"RAP1B","RAP1B, member of RAS oncogene family"
"TC12000616.hg.1",1.08652683581718,6.85230295754447,3.60216282810024,0.00206815836455013,0.0394066213488844,-1.2604197013009,"CCT2","chaperonin containing TCP1 subunit 2"
"TC12000775.hg.1",1.30939595194206,5.67783369738157,3.56397049948093,0.00225057782149899,0.0394066213488844,-1.33626499859462,"SCYL2","SCY1 like pseudokinase 2"
"TC12000856.hg.1",1.32654022527726,7.39943667983487,3.70807715192735,0.00163565207327019,0.0394066213488844,-1.04980304776796,"ATP2A2","ATPase sarcoplasmic/endoplasmic reticulum Ca2+ transporting 2"
"TC12001443.hg.1",1.1834343227611,5.06911282286991,3.63192415676083,0.00193626161998145,0.0394066213488844,-1.20127508984525,"SENP1","SUMO specific peptidase 1"
"TC12001492.hg.1",1.41597993207403,6.67157536723422,3.72193650473101,0.00158617404320522,0.0394066213488844,-1.02221988638095,"LIMA1","LIM domain and actin binding 1"
"TC12001754.hg.1",1.10002279626249,6.21952974093453,3.56621351196745,0.00223943598264972,0.0394066213488844,-1.33181249805128,"OSBPL8","oxysterol binding protein like 8"
"TC12001939.hg.1",1.09349470955366,6.43659934917554,4.3870750064029,0.000364262694796023,0.0394066213488844,0.298564956537241,"CORO1C","coronin 1C"
"TC12002042.hg.1",-4.7444374667359,8.61028340643611,-3.63314537522531,0.00193103186144865,0.0394066213488844,-1.19884745509158,"PLA2G1B","phospholipase A2 group IB"
"TC12002179.hg.1",1.06322350476715,5.95423925229219,3.70290786072708,0.00165449793802154,0.0394066213488844,-1.06008999742398,"RHNO1","RAD9-HUS1-RAD1 interacting nuclear orphan 1"
"TC12002368.hg.1",1.06295997543779,7.17741303841411,4.29955509598261,0.000441677710533675,0.0394066213488844,0.125801621512002,"SP1","Sp1 transcription factor"
"TC12002523.hg.1",1.00507709808675,6.24331716628952,3.69470583522222,0.00168484547930559,0.0394066213488844,-1.07641083692244,"VEZT","vezatin, adherens junctions transmembrane protein"
"TC12002538.hg.1",1.61678697389086,4.97153829813364,3.66868341796919,0.00178484831916666,0.0394066213488844,-1.12818020305255,"CHPT1","choline phosphotransferase 1"
"TC12002865.hg.1",-1.0369630071257,7.03025495102829,-4.17718598416992,0.000578628739464659,0.0394066213488844,-0.116524697794588,"DHH","desert hedgehog signaling molecule"
"TC12002913.hg.1",1.1479992381706,6.60739433917686,3.97405821225167,0.000907052947141375,0.0394066213488844,-0.520206893940514,"STAT6","signal transducer and activator of transcription 6"
"TC12003131.hg.1",1.17875661236888,5.83493004453987,4.33028812825658,0.000412758809235529,0.0394066213488844,0.186525753408191,"CLIP1","CAP-Gly domain containing linker protein 1"
"TC12003213.hg.1",1.09354343021169,6.31669254371726,3.64680747783117,0.00187347455173221,0.0394066213488844,-1.17168530160227,"CS","citrate synthase"
"TC13000491.hg.1",1.58746471674221,6.5837614490582,3.55331754843269,0.00230425067885269,0.0394066213488844,-1.35740832149082,"PARP4","poly(ADP-ribose) polymerase family member 4"
"TC13000663.hg.1",1.22196536606432,5.58986493899489,3.7534918590842,0.00147901948020418,0.0394066213488844,-0.959404156545294,"KPNA3","karyopherin subunit alpha 3"
"TC13000727.hg.1",1.03473560545542,5.19887280985359,3.58095449291539,0.00216756279734011,0.0394066213488844,-1.30254495376142,"DIS3","DIS3 exosome endoribonuclease and 3'-5' exoribonuclease"
"TC13001241.hg.1",1.7254559084697,5.0287411762579,3.73832088796953,0.0015296036607001,0.0394066213488844,-0.98960643271317,"DNAJC3","DnaJ heat shock protein family (Hsp40) member C3"
"TC13001407.hg.1",1.62249938075683,7.86809450538787,3.74672653318047,0.00150136733758737,0.0394066213488844,-0.972872978522825,"HMGB1","high mobility group box 1"
"TC14001063.hg.1",1.36897538335352,5.79181604855489,3.92458593261692,0.00101215353291304,0.0394066213488844,-0.618691538580252,"SEC23A","SEC23 homolog A, COPII component"
"TC14001120.hg.1",1.19933364536626,6.0225065899707,4.21825061348373,0.000528452256037212,0.0394066213488844,-0.0351155261923308,"MAP4K5","mitogen-activated protein kinase kinase kinase kinase 5"
"TC14001141.hg.1",1.81966537809655,6.83399245967105,3.98750350889633,0.000880431378065084,0.0394066213488844,-0.493448842541948,"ERO1A","endoplasmic reticulum oxidoreductase 1 alpha"
"TC14001451.hg.1",1.38106431083481,7.07102377400183,3.99564165170966,0.000864700468685862,0.0394066213488844,-0.477254649572387,"LGMN","legumain"
"TC14001678.hg.1",2.08535964295665,6.08985641361622,4.68737845650894,0.000188746074437407,0.0394066213488844,0.88680949822821,"ARF6","ARF GTPase 6"
"TC14001706.hg.1",1.53138890167881,5.0868789230226,3.60191334555275,0.00206930095129175,0.0394066213488844,-1.26091534963102,"AP5M1","adaptor related protein complex 5 subunit mu 1"
"TC14001720.hg.1",1.3506293362411,4.62450586709333,3.97039881625818,0.000914437394466848,0.0394066213488844,-0.527490240009863,"PPM1A","protein phosphatase, Mg2+/Mn2+ dependent 1A"
"TC14002059.hg.1",1.60402487839466,8.49908181093444,4.59988134924685,0.000228444657944261,0.0394066213488844,0.716236146655491,"ACTN1","actinin alpha 1"
"TC15000109.hg.1",-1.4408384292856,3.59326746564462,-3.60004322905002,0.00207788576082335,0.0394066213488844,-1.26463063817915,"SNORD115-40","small nucleolar RNA, C/D box 115-40"
"TC15000412.hg.1",1.03313871064918,5.85911950397572,3.58568795599356,0.00214497322849774,0.0394066213488844,-1.29314476787057,"TMOD3","tropomodulin 3"
"TC15000417.hg.1",1.37242995519092,5.77600918718396,3.65278628047836,0.0018488264662816,0.0394066213488844,-1.15979663979878,"MAPK6","mitogen-activated protein kinase 6"
"TC15000609.hg.1",1.29978885691849,7.01404769852071,3.93976588381145,0.000978667184382255,0.0394066213488844,-0.588468714200915,"RAB11A","RAB11A, member RAS oncogene family"
"TC15001492.hg.1",1.44562552467396,6.1498036948085,3.73785413824135,0.00153118700832712,0.0394066213488844,-0.990535575287975,"MYO1E","myosin IE"
"TC15001648.hg.1",-1.38879360154767,7.04951833616301,-4.36254184414965,0.000384464143568203,0.0394066213488844,0.250188560634006,"MIR4513","microRNA 4513"
"TC15002179.hg.1",1.16642313354568,11.0844810619193,3.57742190293293,0.0021845752570234,0.0394066213488844,-1.30955966680175,"B2M","beta-2-microglobulin"
"TC15002216.hg.1",1.01452719008716,4.05854066408461,4.26837165047158,0.00047311538987157,0.0394066213488844,0.0641282375021719,"MINDY2","MINDY lysine 48 deubiquitinase 2"
"TC15002301.hg.1",1.1369097376491,5.6707227946974,3.52880591363517,0.0024326195243716,0.0394066213488844,-1.40603541815526,"IREB2","iron responsive element binding protein 2"
"TC15002476.hg.1",-1.40052218629281,6.45298456359432,-4.31076480033137,0.000430899680768952,0.0394066213488844,0.14795731148403,"GOLGA8A","golgin A8 family member A"
"TC15002610.hg.1",1.61845343563771,7.86623745138403,3.95715058543568,0.0009416797634887,0.0394066213488844,-0.553860459175073,"PKM","pyruvate kinase M1/2"
"TC15002635.hg.1",1.12277128100829,4.09949612399068,3.98276895357686,0.00088971508405359,0.0394066213488844,-0.502870854651311,"PEAK1","pseudopodium enriched atypical kinase 1"
"TC15002757.hg.1",-1.38399794586638,6.4402355108975,-4.6229608087595,0.000217214200634636,0.0394066213488844,0.761299708550912,"GOLGA8B","golgin A8 family member B"
"TC16000151.hg.1",1.09304265162164,6.09636782272413,4.21269592056527,0.000534974025163242,0.0394066213488844,-0.0461225754708412,"HAPSTR1","HUWE1 associated protein modifying stress responses"
"TC16000484.hg.1",1.09589354880046,5.87846191963016,3.54081118360799,0.00236888451545209,0.0394066213488844,-1.38222287344669,"RSPRY1","ring finger and SPRY domain containing 1"
"TC16000528.hg.1",1.06888742742382,6.7724388306728,3.5114602882665,0.00252772028686726,0.0394066213488844,-1.44042649514233,"CBFB","core-binding factor subunit beta"
"TC16000568.hg.1",1.11640108696128,5.60686783043818,3.7442282304836,0.00150970489799504,0.0394066213488844,-0.977846570959905,"NIP7","nucleolar pre-rRNA processing protein NIP7"
"TC16000617.hg.1",-4.26111393126695,10.0029808639081,-3.77467175021907,0.00141118079086903,0.0394066213488844,-0.917233829727755,"CTRB1","chymotrypsinogen B1"
"TC16000837.hg.1",1.06313025077975,6.53261772195865,3.54901779001845,0.00232627231703072,0.0394066213488844,-1.36594061131145,"GLYR1","glyoxylate reductase 1 homolog"
"TC16000923.hg.1",-4.22292939375656,8.88661887988541,-3.79085005437072,0.00136146324616248,0.0394066213488844,-0.885018474712871,"GP2","glycoprotein 2"
"TC16000948.hg.1",1.05155111658938,6.36786871776341,4.31320438551306,0.000428589484560164,0.0394066213488844,0.152778049600724,"CDR2","cerebellar degeneration related protein 2"
"TC16000983.hg.1",1.03350316450979,5.950023624759,3.59712668816426,0.00209134489999717,0.0394066213488844,-1.27042452668118,"XPO6","exportin 6"
"TC16001132.hg.1",1.08326927399397,6.47985726861602,3.91347079267188,0.00103739941852096,0.0394066213488844,-0.640823279368861,"AMFR","autocrine motility factor receptor"
"TC16001154.hg.1",1.55048494400984,7.0460202081012,3.57656897859883,0.00218870265633882,0.0394066213488844,-1.31125324508818,"CNOT1","CCR4-NOT transcription complex subunit 1"
"TC16001221.hg.1",-2.52428613524941,5.39770124756803,-3.56615465611737,0.00223972763973828,0.0394066213488844,-1.33192933317307,"TMED6","transmembrane p24 trafficking protein 6"
"TC16001275.hg.1",-4.23728936606445,9.74031654953806,-3.83694661730643,0.00122919737919272,0.0394066213488844,-0.79321789344478,"CTRB2","chymotrypsinogen B2"
"TC16001458.hg.1",1.30153399739651,6.74098014167774,3.66968270753857,0.0017809011235729,0.0394066213488844,-1.12619254829846,"DCTN5","dynactin subunit 5"
"TC16001773.hg.1",1.11263220948342,6.5413407218249,3.78806681949949,0.00136989003182544,0.0394066213488844,-0.890560822169883,"LITAF","lipopolysaccharide induced TNF factor"
"TC16001793.hg.1",1.36266479888557,5.18783507052185,3.59183455372156,0.00211598842448623,0.0394066213488844,-1.28093675903443,"SMG1","SMG1 nonsense mediated mRNA decay associated PI3K related kinase"
"TC16002087.hg.1",-3.94226972365514,7.08977185923991,-4.03173089407651,0.000798272600158349,0.0394066213488844,-0.405459361221442,"CTRL","chymotrypsin like"
"TC17000362.hg.1",1.05844416215304,6.07823796377634,4.28439830624516,0.000456685430752884,0.0394066213488844,0.095832371249255,"NF1","neurofibromin 1"
"TC17000381.hg.1",-1.00328267218765,4.49818263803256,-4.43150446280636,0.000330371334355734,0.0394066213488844,0.386064445599189,"SPACA3","sperm acrosome associated 3"
"TC17000399.hg.1",1.19238459239466,7.12383975389065,3.72673834710744,0.00156938190260133,0.0394066213488844,-1.0126622432657,"AP2B1","adaptor related protein complex 2 subunit beta 1"
"TC17000611.hg.1",1.15109929700148,7.60391453949355,3.60295619133055,0.00206452906460299,0.0394066213488844,-1.25884350521669,"KPNB1","karyopherin subunit beta 1"
"TC17000725.hg.1",1.14261284484026,7.33455212934613,3.55180814454459,0.00231195757497847,0.0394066213488844,-1.36040363649965,"CLTC","clathrin heavy chain"
"TC17000727.hg.1",1.47588248556198,7.936503095523,4.43727445065546,0.000326210692261395,0.0394066213488844,0.397417100642259,"VMP1","vacuole membrane protein 1"
"TC17000775.hg.1",-1.00411323531978,12.4944084813816,-3.76457435561406,0.00144312599256526,0.0394066213488844,-0.937339019210233,"SNORD104","small nucleolar RNA, C/D box 104"
"TC17000861.hg.1",1.04250927973999,6.71677289361698,3.64732572372852,0.00187132515888666,0.0394066213488844,-1.1706548322284,"ITGB4","integrin subunit beta 4"
"TC17001036.hg.1",1.00874836986327,7.38905417368167,3.62803523891648,0.00195300961397776,0.0394066213488844,-1.20900543104225,"PFN1","profilin 1"
"TC17001353.hg.1",1.56558164917781,6.76022930733841,3.69436927698512,0.00168610252679809,0.0394066213488844,-1.07708050408098,"MYO1D","myosin ID"
"TC17001449.hg.1",1.32657335802937,5.43532905631569,4.00423303219694,0.000848399594036028,0.0394066213488844,-0.460160184750252,"MED1","mediator complex subunit 1"
"TC17001772.hg.1",1.35116763521313,6.59912891221211,3.99983567279636,0.000856704008022873,0.0394066213488844,-0.468909495867895,"MED13","mediator complex subunit 13"
"TC17001803.hg.1",1.05235427641277,6.27692648650689,3.57700743119185,0.00218657996725026,0.0394066213488844,-1.31038265176266,"SMURF2","SMAD specific E3 ubiquitin protein ligase 2"
"TC17001952.hg.1",1.39582928343959,10.3854998188472,3.99691237587218,0.000862269780820446,0.0394066213488844,-0.474726153189018,"ACTG1","actin gamma 1"
"TC17002145.hg.1",1.59130394807446,7.2852646105341,3.88086073496847,0.0011151674923623,0.0394066213488844,-0.705761136852905,"SUPT6H","SPT6 homolog, histone chaperone and transcription elongation factor"
"TC17002374.hg.1",1.17526426574042,6.70377775135728,4.14343595851914,0.000623446291963923,0.0394066213488844,-0.183492463120096,"SNHG16","small nucleolar RNA host gene 16"
"TC18000016.hg.1",1.56944474767284,8.59757168402158,4.03742111398867,0.000788277214586968,0.0394066213488844,-0.394142469940993,"MYL12A","myosin light chain 12A"
"TC18000129.hg.1",-2.35145071029528,6.53891291751204,-3.84942325994968,0.00119566214821239,0.0394066213488844,-0.768369792139334,"TTR","transthyretin"
"TC18000145.hg.1",1.12785395587544,5.79513589109981,3.68927486742031,0.00170524472460022,0.0394066213488844,-1.08721676520953,"GALNT1","polypeptide N-acetylgalactosaminyltransferase 1"
"TC18000318.hg.1",1.41680467779064,6.66154316731306,3.730203486606,0.00155737449566363,0.0394066213488844,-1.00576491298068,"PPP4R1","protein phosphatase 4 regulatory subunit 1"
"TC19000015.hg.1",1.24253104762187,7.30263394868733,3.6359777782506,0.00191895637758933,0.0394066213488844,-1.19321677624545,"PTBP1","polypyrimidine tract binding protein 1"
"TC19000015.hg.1",1.24253104762187,7.30263394868733,3.6359777782506,0.00191895637758933,0.0394066213488844,-1.19321677624545,"MIR4745","microRNA 4745"
"TC19000098.hg.1",-1.17352084345908,5.43848354264316,-3.80207499225972,0.00132800001295986,0.0394066213488844,-0.862665251008965,"MIR4747","microRNA 4747"
"TC19000191.hg.1",1.48184448817871,6.68245587324617,3.91636495488212,0.0010307657396783,0.0394066213488844,-0.635060477219716,"LDLR","low density lipoprotein receptor"
"TC19000717.hg.1",1.06658356179083,9.90555019279202,3.58506986141332,0.00214790964233123,0.0394066213488844,-1.2943722988666,"FTL","ferritin light chain"
"TC19001513.hg.1",-3.67215130200236,7.22357453424451,-3.96284780341919,0.000929866147812168,0.0394066213488844,-0.542519923529018,"SYCN","syncollin"
"TC19001521.hg.1",1.03986037853183,9.67372801172949,3.52921683065805,0.00243041014869453,0.0394066213488844,-1.40522049036763,"RPS16","ribosomal protein S16"
"TC19001627.hg.1",-1.01641286675511,4.88071777434152,-4.13503241806643,0.000635139404989333,0.0394066213488844,-0.200174744223176,"MIR642B","microRNA 642b"
"TC19001981.hg.1",1.0286239028891,7.89700804407702,3.54785823851382,0.0023322467447214,0.0394066213488844,-1.3682414232488,"PRKCSH","PRKCSH beta subunit of glucosidase II"
"TC19002630.hg.1",1.25577884878199,6.55379968063338,3.85743560109405,0.0011746105638495,0.0394066213488844,-0.752412707633647,"PSENEN","presenilin enhancer, gamma-secretase subunit"
"TC20000239.hg.1",1.02763354826095,6.64863393993527,3.59634516278048,0.00209496614726317,0.0394066213488844,-1.27197701433277,"ITCH","itchy E3 ubiquitin protein ligase"
"TC20000457.hg.1",1.16198830731976,6.58879837084475,3.69812729462277,0.0016721191932482,0.0394066213488844,-1.06960282623768,"RAB22A","RAB22A, member RAS oncogene family"
"TC20000810.hg.1",1.11234205050829,7.47124348786531,3.60464305417518,0.00205683340809484,0.0394066213488844,-1.25549208352064,"NORAD","non-coding RNA activated by DNA damage"
"TC20000928.hg.1",1.7305718542645,6.86937738900029,4.5995689935519,0.000228600629733868,0.0394066213488844,0.715625921424085,"B4GALT5","beta-1,4-galactosyltransferase 5"
"TC21000737.hg.1",1.63785824169425,7.1365350671275,3.54855973461295,0.00232863056698609,0.0394066213488844,-1.36684950487675,"BACE2","beta-secretase 2"
"TC22000220.hg.1",1.46582071800133,7.03002983418329,4.04890243749684,0.000768490567246051,0.0394066213488844,-0.371310884911882,"TUG1","taurine up-regulated 1"
"TC6_qbl_hap6000148.hg.1",1.22098570496668,5.82690491868254,4.13765077545677,0.000631472588231035,0.0394066213488844,-0.194976596210352,"HLA-B","major histocompatibility complex, class I, B"
"TC03000677.hg.1",1.62645500003566,8.67732083190031,3.51007036724471,0.00253549839117333,0.0394124222451422,-1.44318153682535,"RAB7A","RAB7A, member RAS oncogene family"
"TC06002110.hg.1",1.20461557546584,3.25566102705872,3.50375753354668,0.00257112505663578,0.0394135954157575,-1.45569312973136,"OR2A4","olfactory receptor family 2 subfamily A member 4"
"TC10000413.hg.1",1.24973714007187,6.53929820077589,3.50096132418531,0.00258706364124995,0.0394135954157575,-1.46123426010153,"DDX21","DExD-box helicase 21"
"TC13000286.hg.1",1.15760255323183,5.1577595569086,3.50189809936766,0.0025817130840263,0.0394135954157575,-1.45937794460878,"LMO7","LIM domain 7"
"TC17001029.hg.1",1.28948194122394,6.80821933378413,3.50433371448282,0.00256785289579835,0.0394135954157575,-1.45455127787499,"CXCL16","C-X-C motif chemokine ligand 16"
"TC14001028.hg.1",1.11629685078125,6.23154886172383,3.49935082780881,0.00259628796816999,0.0394267907793394,-1.46442549868946,"SNX6","sorting nexin 6"
"TC12000606.hg.1",1.01168650980443,5.97254465507042,3.49875188402809,0.00259972680257126,0.0394365526559977,-1.46561228050223,"MDM2","MDM2 proto-oncogene"
"TC12000570.hg.1",1.01472925367808,5.04963163416176,3.49856431732195,0.00260080464394866,0.0394444184742347,-1.46598393152118,"TBK1","TANK binding kinase 1"
"TC02001993.hg.1",1.19387325501254,5.34539770993529,3.49452475340895,0.00262412550056755,0.0394959874048026,-1.4739875377749,"MOB1A","MOB kinase activator 1A"
"TC02000703.hg.1",1.26774104920074,5.27675121257291,3.49387538584755,0.00262789364958359,0.0394984961316247,-1.47527403902771,"TMEM87B","transmembrane protein 87B"
"TC16001084.hg.1",1.33005391437683,6.77138398819167,3.49296082510354,0.00263320975270728,0.0394998146798858,-1.47708588624717,"VPS35","VPS35 retromer complex component"
"TC07001891.hg.1",1.1841166363811,7.01137069970262,3.48998560604516,0.00265057772519996,0.0395468030175994,-1.48297976854713,"LUZP6","leucine zipper protein 6"
"TC07001891.hg.1",1.1841166363811,7.01137069970262,3.48998560604516,0.00265057772519996,0.0395468030175994,-1.48297976854713,"MTPN","myotrophin"
"TC13000472.hg.1",1.40904771670061,5.59525798150562,3.49008505522597,0.00264999535753645,0.0395468030175994,-1.48278276953622,"ZDHHC20","zDHHC palmitoyltransferase 20"
"TC01001475.hg.1",1.18116010737327,5.31195622212593,3.47866061581406,0.00271773185917593,0.0395550996125349,-1.50540935775947,"BLZF1","basic leucine zipper nuclear factor 1"
"TC01005544.hg.1",1.22784334834872,4.62782083864958,3.48146209406926,0.00270096465522642,0.0395550996125349,-1.49986168293958,"SLC35D1","solute carrier family 35 member D1"
"TC06000347.hg.1",1.18295940244788,8.11044967512855,3.47944787340723,0.00271300963879976,0.0395550996125349,-1.50385042879482,"TUBB","tubulin beta class I"
"TC07000413.hg.1",1.0025665948414,6.9358541676205,3.48170302238832,0.00269952746069048,0.0395550996125349,-1.49938455692181,"TMEM248","transmembrane protein 248"
"TC07003069.hg.1",1.46698943198964,7.72848208768158,3.48264157824873,0.00269393596930707,0.0395550996125349,-1.49752583817793,"PON2","paraoxonase 2"
"TC08001238.hg.1",1.11117158923042,6.06397921228251,3.48278273304445,0.00269309602549921,0.0395550996125349,-1.49724628992553,"BPNT2","3'(2'), 5'-bisphosphate nucleotidase 2"
"TC12000379.hg.1",1.24404427983698,8.41112077709234,3.48581905101368,0.00267509102146043,0.0395550996125349,-1.49123274391886,"TMBIM6","transmembrane BAX inhibitor motif containing 6"
"TC14002308.hg.1",-1.2447503038692,5.02589853692697,-3.48732954646726,0.00266617841550763,0.0395550996125349,-1.48824093064122,"SERPINA5","serpin family A member 5"
"TC15001505.hg.1",1.4191697572495,8.57212081118409,3.48163914582941,0.00269990842572555,0.0395550996125349,-1.49951105618876,"ANXA2","annexin A2"
"TC17002860.hg.1",1.7717565936182,5.7634831860655,3.47828527679853,0.00271998612532551,0.0395550996125349,-1.50615259063827,"KPNA2","karyopherin subunit alpha 2"
"TC12003015.hg.1",1.36728589787634,4.98370312113608,3.47740818537728,0.00272526110955193,0.0395622867906403,-1.50788933998321,"FGD6","FYVE, RhoGEF and PH domain containing 6"
"TC03003114.hg.1",-1.80234843691986,7.15655200269156,-3.47201760396215,0.00275790413936795,0.0397096854085069,-1.51856225210349,"RBP1","retinol binding protein 1"
"TC12000018.hg.1",1.11054770643384,6.00392865882208,3.47126196029568,0.00276251081350313,0.0397096854085069,-1.52005821205325,"ADIPOR2","adiponectin receptor 2"
"TC19000532.hg.1",1.42498790618263,8.65350124861111,3.47069143582519,0.00276599398013515,0.0397103798245362,-1.52118766345878,"ACTN4","actinin alpha 4"
"TC03002567.hg.1",1.07131860513301,3.88321786455368,3.4594453973786,0.00283554742006844,0.0397911842341825,-1.54344667074926,"RASA2","RAS p21 protein activator 2"
"TC04001995.hg.1",1.4798749942302,4.24045849832709,3.45796247217127,0.00284484708405412,0.0397911842341825,-1.54638114599838,"TMEM33","transmembrane protein 33"
"TC07000110.hg.1",1.09400533419139,5.16812451292829,3.46275343714334,0.00281491041908504,0.0397911842341825,-1.53690003811308,"BZW2","basic leucine zipper and W2 domains 2"
"TC14001762.hg.1",1.31368024756729,5.0247113651677,3.46421998727353,0.00280580905228953,0.0397911842341825,-1.53399748708211,"PSEN1","presenilin 1"
"TC18000761.hg.1",1.22697696500291,4.38693643666708,3.46579543487064,0.00279606431384461,0.0397911842341825,-1.53087924723777,"SOCS6","suppressor of cytokine signaling 6"
"TC20000285.hg.1",1.1641851005256,5.78327708482923,3.465792882482,0.00279608007421394,0.0397911842341825,-1.53088429924554,"RALGAPB","Ral GTPase activating protein non-catalytic subunit beta"
"TC11002734.hg.1",1.06615446337848,6.40856333956358,3.45658559919589,0.00285350869015582,0.0398175271982148,-1.5491056247901,"KDM2A","lysine demethylase 2A"
"TC01004004.hg.1",-1.71611232685025,5.46696306406025,-3.43515516341913,0.00299173439927025,0.039818261649545,-1.59149370944213,"ERO1B","endoplasmic reticulum oxidoreductase 1 beta"
"TC01004007.hg.1",1.10751965049024,5.14618255250657,3.44159808121868,0.00294949591595043,0.039818261649545,-1.57875347645733,"HEATR1","HEAT repeat containing 1"
"TC04001274.hg.1",-1.08177833842271,4.19426733560249,-3.42378862103085,0.00306771412789713,0.039818261649545,-1.61396244027751,"GC","GC vitamin D binding protein"
"TC04001486.hg.1",1.05462037516372,5.80421936322737,3.43739732038944,0.0029769678516549,0.039818261649545,-1.58706040952046,"CAMK2D","calcium/calmodulin dependent protein kinase II delta"
"TC07000718.hg.1",1.04046961628313,5.16711944336604,3.43130420400164,0.00301726547754323,0.039818261649545,-1.59910714572737,"TES","testin LIM domain protein"
"TC08001876.hg.1",1.07614771280628,5.93136583163106,3.43336804289709,0.00300355597739145,0.039818261649545,-1.5950270246856,"MAK16","MAK16 homolog"
"TC09001875.hg.1",1.49909879196106,8.98519093727867,3.44336770039593,0.00293799822650889,0.039818261649545,-1.5752537019053,"ANXA2P2","annexin A2 pseudogene 2"
"TC09002074.hg.1",2.2288108865048,5.21493171295517,3.436290202247,0.00298425015652303,0.039818261649545,-1.58924950252193,"CKS2","CDC28 protein kinase regulatory subunit 2"
"TC0X001355.hg.1",1.16297372427732,6.29128430408944,3.42539197124044,0.0030568820926885,0.039818261649545,-1.61079361656699,"ZDHHC9","zDHHC palmitoyltransferase 9"
"TC10002322.hg.1",1.08741752117645,6.22710843093745,3.43920669086008,0.00296510413605526,0.039818261649545,-1.58348256755723,"DENND10P1","DENND10 pseudogene 1"
"TC12001282.hg.1",1.42824446247594,6.44651400962726,3.43773512535125,0.00297474936801437,0.039818261649545,-1.58639245347717,"EPS8","EGFR pathway substrate 8, signaling adaptor"
"TC13000871.hg.1",1.02434645209598,5.44005296514426,3.42516245708941,0.00305843034056207,0.039818261649545,-1.61124723488329,"IRS2","insulin receptor substrate 2"
"TC14000568.hg.1",1.21244520983953,5.68043017916129,3.42424621404954,0.00306461882400097,0.039818261649545,-1.61305808404312,"CPSF2","cleavage and polyadenylation specific factor 2"
"TC15000083.hg.1",-1.65348251230253,3.80671979786439,-3.42363949124415,0.00306872355629062,0.039818261649545,-1.61425716697934,"SNORD115-10","small nucleolar RNA, C/D box 115-10"
"TC17000768.hg.1",1.08022894712139,6.06344854149652,3.42679108277856,0.00304746075818776,0.039818261649545,-1.60802828657726,"DCAF7","DDB1 and CUL4 associated factor 7"
"TC21000129.hg.1",1.00863940925938,6.28821635470942,3.4251748896175,0.00305834645383561,0.039818261649545,-1.61122266298211,"IFNGR2","interferon gamma receptor 2"
"TC6_mcf_hap5000046.hg.1",1.22850803254784,4.59218103251906,3.4440943028784,0.00293329014118618,0.039818261649545,-1.57381663541228,"HCP5","HLA complex P5"
"TC02000046.hg.1",1.18088304819396,6.59988340595055,3.40259017369696,0.0032145440163541,0.0398505451785608,-1.65583988192387,"ASAP2","ArfGAP with SH3 domain, ankyrin repeat and PH domain 2"
"TC02000874.hg.1",1.05720492454292,6.01029160738559,3.39412869316728,0.00327507129528432,0.0398505451785608,-1.67254553592378,"MGAT5","alpha-1,6-mannosylglycoprotein 6-beta-N-acetylglucosaminyltransferase"
"TC03002720.hg.1",1.33716364367697,6.61493534340491,3.40771193504439,0.00317844473529782,0.0398505451785608,-1.64572509511126,"LPP","LIM domain containing preferred translocation partner in lipoma"
"TC03003098.hg.1",1.27072877304471,5.28667827181562,3.39823160268782,0.00324558282728037,0.0398505451785608,-1.66444581327216,"TOPBP1","DNA topoisomerase II binding protein 1"
"TC04001092.hg.1",1.13212279650512,6.72104346849192,3.39944086721674,0.00323694171765759,0.0398505451785608,-1.66205829294501,"SEL1L3","SEL1L family member 3"
"TC05000218.hg.1",2.12268294917481,5.64388168622942,3.39224098836813,0.00328872731694667,0.0398505451785608,-1.67627166867837,"ITGA2","integrin subunit alpha 2"
"TC06003166.hg.1",1.48352883497207,5.08968517886726,3.41048675172996,0.00315905475234373,0.0398505451785608,-1.64024433723564,"ACAT2","acetyl-CoA acetyltransferase 2"
"TC07001581.hg.1",1.25327408740053,6.1366938774305,3.40751612007705,0.00317981749141335,0.0398505451785608,-1.64611184160702,"SRI","sorcin"
"TC07001823.hg.1",1.13015266182517,6.59556497588134,3.39314726349567,0.00328216414642975,0.0398505451785608,-1.67448281249965,"WASL","WASP like actin nucleation promoting factor"
"TC07002778.hg.1",1.34714337044781,6.79111107098434,3.4031720796807,0.00321042231514534,0.0398505451785608,-1.65469080173729,"EIF2AK1","eukaryotic translation initiation factor 2 alpha kinase 1"
"TC08000695.hg.1",1.00654524259662,6.7599579095969,3.39539713388052,0.00326592661108547,0.0398505451785608,-1.67004160169323,"MAL2","mal, T cell differentiation protein 2"
"TC08001191.hg.1",1.45697598715361,6.24656416893971,3.40512107910745,0.00319665532487876,0.0398505451785608,-1.65084194710465,"PRKDC","protein kinase, DNA-activated, catalytic subunit"
"TC08002503.hg.1",1.50029466343475,4.87113487969148,3.40986999434759,0.00316335443203529,0.0398505451785608,-1.64146259556986,"FBXO32","F-box protein 32"
"TC0X000101.hg.1",1.18013953233216,6.81928226040661,3.40144252438254,0.0032226882587235,0.0398505451785608,-1.65810604645266,"SMS","spermine synthase"
"TC12000569.hg.1",1.10742902784619,5.89851392185309,3.40339879174524,0.00320881790290983,0.0398505451785608,-1.65424310979757,"XPOT","exportin for tRNA"
"TC12000694.hg.1",1.1448666081823,4.87956849753165,3.39004806536442,0.00330466193495521,0.0398505451785608,-1.68059990145192,"TMTC3","transmembrane O-mannosyltransferase targeting cadherins 3"
"TC12000749.hg.1",1.02785892098515,4.73439092823427,3.40038860060916,0.00323018532757617,0.0398505451785608,-1.66018704579439,"NEDD1","NEDD1 gamma-tubulin ring complex targeting factor"
"TC12001470.hg.1",1.64406691723355,8.62681055287445,3.39364275345398,0.00327858131743353,0.0398505451785608,-1.67350475832854,"TUBA1B","tubulin alpha 1b"
"TC16001252.hg.1",1.36401607060882,6.43261252880677,3.39290754240786,0.00328389892819845,0.0398505451785608,-1.67495599387369,"AP1G1","adaptor related protein complex 1 subunit gamma 1"
"TC17000876.hg.1",-1.17140315228578,5.12250466587816,-3.41156720434683,0.00315153636489652,0.0398505451785608,-1.63811008655355,"SNORD1B","small nucleolar RNA, C/D box 1B"
"TC17001462.hg.1",2.50484899863861,4.49103453986776,3.41090819788806,0.00315611999140499,0.0398505451785608,-1.63941185282037,"TOP2A","DNA topoisomerase II alpha"
"TC19000442.hg.1",1.10644963767088,6.62708664622906,3.39054619993624,0.00330103562206021,0.0398505451785608,-1.67961675438502,"GPI","glucose-6-phosphate isomerase"
"TC12000627.hg.1",1.24857761688166,6.549957148901,3.38644831178129,0.00333098450395327,0.0399169108194216,-1.68770396934473,"RAB21","RAB21, member RAS oncogene family"
"TC15000864.hg.1",1.24082658121977,8.23376106890282,3.38646169159748,0.00333088628425956,0.0399169108194216,-1.6876775664486,"IQGAP1","IQ motif containing GTPase activating protein 1"
"TC01002971.hg.1",1.00938145464516,4.20195715818699,3.37555579615513,0.00341190091637525,0.0399582192961524,-1.70919356787965,"SLC16A4","solute carrier family 16 member 4"
"TC06001429.hg.1",1.40119954457152,5.54632142929634,3.3733676685316,0.0034283880963782,0.0399582192961524,-1.71350925445354,"H3C12","H3 clustered histone 12"
"TC06002157.hg.1",1.12004156452173,6.87156693553383,3.38159371597728,0.00336681084986229,0.0399582192961524,-1.69728273403289,"PERP","p53 apoptosis effector related to PMP22"
"TC07001207.hg.1",1.30582666612748,5.66418571846127,3.3796046886981,0.00338159921127767,0.0399582192961524,-1.70120677513558,"CYCS","cytochrome c, somatic"
"TC08001481.hg.1",1.11545959202751,9.67606318427202,3.37868227242841,0.00338847908645423,0.0399582192961524,-1.70302644465482,"PABPC1","poly(A) binding protein cytoplasmic 1"
"TC08002513.hg.1",1.64794901340177,5.86693595394572,3.37539992637256,0.00341307277738277,0.0399582192961524,-1.70950100651332,"WASHC5","WASH complex subunit 5"
"TC0X000425.hg.1",1.15494557998241,6.85774445946843,3.37419378434552,0.00342215423534015,0.0399582192961524,-1.71187993868879,"PGK1","phosphoglycerate kinase 1"
"TC0X002181.hg.1",1.02282128534645,6.39605123935682,3.37229130178499,0.00343652715744872,0.0399582192961524,-1.71563204182382,"PSMD10","proteasome 26S subunit, non-ATPase 10"
"TC11001423.hg.1",1.32606659878981,6.65839640653296,3.38365447140235,0.00335155650355475,0.0399582192961524,-1.69321683119551,"CSNK2A1","casein kinase 2 alpha 1"
"TC17002149.hg.1",1.24364848639377,5.15617274935014,3.3779215901999,0.00339416305170848,0.0399582192961524,-1.70452700352645,"TAOK1","TAO kinase 1"
"TC01002845.hg.1",1.32497020288343,5.6591167799589,3.36776503105386,0.00347096213629435,0.039968440409135,-1.72455755428796,"GBP3","guanylate binding protein 3"
"TC14001693.hg.1",2.07002927846453,8.86414131380048,3.36712785550376,0.00347583689050699,0.039968440409135,-1.72581387954946,"LGALS3","galectin 3"
"TC15002245.hg.1",1.43894069080897,4.02950636584715,3.36982157898464,0.00345527433823726,0.039968440409135,-1.7205023963194,"ZWILCH","zwilch kinetochore protein"
"TC02001192.hg.1",1.01299336247809,6.61955354484111,3.360121239739,0.0035298888384794,0.0400077021568179,-1.73962653145229,"BMPR2","bone morphogenetic protein receptor type 2"
"TC02001848.hg.1",1.05165408086775,5.4336665278034,3.36096812333584,0.0035233118435849,0.0400077021568179,-1.73795723935442,"PSME4","proteasome activator subunit 4"
"TC09002670.hg.1",1.17156936459201,4.81392793120311,3.3583318648859,0.00354382516505626,0.0400077021568179,-1.74315335734089,"FAM120AOS","family with sequence similarity 120 member A opposite strand"
"TC0X001608.hg.1",1.15022430391029,6.62956015837221,3.35831272070612,0.0035439745600822,0.0400077021568179,-1.74319108862885,"SYAP1","synapse associated protein 1"
"TC0X001747.hg.1",2.30175826127376,4.69416463629903,3.36374561137504,0.00350182624337214,0.0400077021568179,-1.73248208582606,"HEPH","hephaestin"
"TC11001194.hg.1",1.09217778622843,8.13428593141768,3.35834352419363,0.00354373418260843,0.0400077021568179,-1.74313037798054,"APLP2","amyloid beta precursor like protein 2"
"TC11001724.hg.1",1.23947039445561,5.56726275618385,3.36242019890007,0.00351206296919308,0.0400077021568179,-1.73509490496942,"CKAP5","cytoskeleton associated protein 5"
"TC17001586.hg.1",1.03144173930407,5.70443847843423,3.36247485929322,0.00351164022086588,0.0400077021568179,-1.73498715463111,"EFTUD2","elongation factor Tu GTP binding domain containing 2"
"TC15001263.hg.1",1.07223611801864,5.51884677030599,3.35798715781525,0.00354651609915377,0.040007866409625,-1.74383273591144,"TMEM87A","transmembrane protein 87A"
"TC01000931.hg.1",1.23448794026694,5.56362642856611,3.35609717341766,0.0035613059866712,0.0400184700284014,-1.74755749140827,"EEIG2","EEIG family member 2"
"TC01002289.hg.1",1.4263207206993,6.98423531827092,3.34490390227497,0.0036501524114052,0.0400184700284014,-1.76961039513531,"RCC2","regulator of chromosome condensation 2"
"TC01002942.hg.1",1.20285194538619,6.14470308815171,3.34453085611851,0.00365315077426356,0.0400184700284014,-1.77034517025851,"SLC25A24","solute carrier family 25 member 24"
"TC01003732.hg.1",1.05681621569177,6.36963814583015,3.30952006483459,0.00394562026558884,0.0400184700284014,-1.83924576970526,"PPP1R15B","protein phosphatase 1 regulatory subunit 15B"
"TC01004799.hg.1",1.14705462989849,5.08528836017072,3.31039719520672,0.00393801892172891,0.0400184700284014,-1.83752105272312,"ATF6","activating transcription factor 6"
"TC02001576.hg.1",1.05617212284838,6.06273978353055,3.32765253116701,0.00379137931399332,0.0400184700284014,-1.80357613559025,"ROCK2","Rho associated coiled-coil containing protein kinase 2"
"TC02001621.hg.1",1.03794949496051,6.42149794227033,3.31544880390529,0.00389452065948983,0.0400184700284014,-1.82758649344202,"PUM2","pumilio RNA binding family member 2"
"TC02001922.hg.1",1.1299941958683,7.76435735313346,3.33996794117335,0.00369002224240233,0.0400184700284014,-1.77933152858016,"RAB1A","RAB1A, member RAS oncogene family"
"TC02004644.hg.1",1.32993764589854,6.11746032475948,3.30849748212084,0.0039545003540748,0.0400184700284014,-1.84125639495852,"PRPF40A","pre-mRNA processing factor 40A"
"TC03000417.hg.1",1.01168257179506,7.34104537541269,3.35210767574494,0.00359272534166243,0.0400184700284014,-1.7554188811274,"ARL6IP5","ARF like GTPase 6 interacting protein 5"
"TC03000832.hg.1",1.00884454445336,6.47486941124856,3.31734055983943,0.00387835319518442,0.0400184700284014,-1.82386549118702,"MBNL1","muscleblind like splicing regulator 1"
"TC04000732.hg.1",1.16341821477454,5.49800577452503,3.35334046103898,0.00358298745911605,0.0400184700284014,-1.75298980541592,"TMEM184C","transmembrane protein 184C"
"TC04001086.hg.1",1.02020628101425,5.93492159503748,3.34739449496011,0.00363019629926363,0.0400184700284014,-1.76470443833212,"DHX15","DEAH-box helicase 15"
"TC05001298.hg.1",1.07331467099063,5.92744794300901,3.31109086262263,0.00393201770372369,0.0400184700284014,-1.83615702775934,"PRKAA1","protein kinase AMP-activated catalytic subunit alpha 1"
"TC06001295.hg.1",1.08969443960571,6.08225765020723,3.33845028763182,0.00370236699666215,0.0400184700284014,-1.78232001612164,"NUP153","nucleoporin 153"
"TC06002615.hg.1",1.75110361566561,5.83989105073152,3.35306593279232,0.00358515372816708,0.0400184700284014,-1.753530746823,"SOX4","SRY-box transcription factor 4"
"TC07000364.hg.1",1.19738765530223,7.48441056687069,3.30963028205796,0.00394466431382111,0.0400184700284014,-1.83902905185512,"LINC01061","long intergenic non-protein coding RNA 1061"
"TC07002868.hg.1",1.21229791338213,5.32145046117525,3.33400481596029,0.00373876155792499,0.0400184700284014,-1.79107257038654,"GGCT","gamma-glutamylcyclotransferase"
"TC09000343.hg.1",1.24524183618403,6.88573763048087,3.35382566981983,0.00357916189078822,0.0400184700284014,-1.75203371397684,"OSTF1","osteoclast stimulating factor 1"
"TC0X001325.hg.1",1.15669828916368,6.5019640463846,3.34973356745767,0.00361155219254346,0.0400184700284014,-1.76009642599146,"LAMP2","lysosome associated membrane protein 2"
"TC10001558.hg.1",1.31200472148389,7.13102933914921,3.35523121190787,0.00356810278102606,0.0400184700284014,-1.74926400917744,"TM9SF3","transmembrane 9 superfamily member 3"
"TC10001571.hg.1",-1.13995834476369,6.15921711319752,-3.32376871243135,0.00382390864682439,0.0400184700284014,-1.81121897003965,"SFRP5","secreted frizzled related protein 5"
"TC11000565.hg.1",1.48531211839234,7.01489228211297,3.32194052667174,0.0038393157934153,0.0400184700284014,-1.81481608874507,"TMEM179B","transmembrane protein 179B"
"TC11001302.hg.1",1.01047623073295,5.63465910165193,3.31513705419214,0.00389719131817336,0.0400184700284014,-1.82819965776984,"NUP98","nucleoporin 98 and 96 precursor"
"TC11001829.hg.1",1.33410836818314,5.7666659597072,3.35593948976075,0.00356254266941712,0.0400184700284014,-1.7478682376917,"PATL1","PAT1 homolog 1, processing body mRNA decay factor"
"TC11002009.hg.1",1.14183771468273,6.63105909212259,3.3503691065653,0.00360650281056837,0.0400184700284014,-1.75884431668912,"CPT1A","carnitine palmitoyltransferase 1A"
"TC12000270.hg.1",1.40408353492362,6.82465373226487,3.31699624128715,0.00388129090903665,0.0400184700284014,-1.8245427771726,"MRPS35","mitochondrial ribosomal protein S35"
"TC12000817.hg.1",1.03523083452696,6.1001828568227,3.33012629314947,0.0037708022957561,0.0400184700284014,-1.79870734676416,"WASHC4","WASH complex subunit 4"
"TC12001269.hg.1",1.34037609624032,7.33816017330336,3.30799284680603,0.00395888984293907,0.0400184700284014,-1.84224858167793,"PLBD1","phospholipase B domain containing 1"
"TC12001426.hg.1",1.48868015505426,6.58596693655737,3.33758302270027,0.00370943968202281,0.0400184700284014,-1.7840276939104,"SLC38A1","solute carrier family 38 member 1"
"TC12001427.hg.1",1.18974454069195,7.61603762263735,3.31403149385809,0.00390667683633095,0.0400184700284014,-1.83037404948747,"SLC38A2","solute carrier family 38 member 2"
"TC12003241.hg.1",1.08695028268446,5.9763829869508,3.32794482509819,0.00378894223175476,0.0400184700284014,-1.80300088148208,"PRR13","proline rich 13"
"TC12003244.hg.1",1.09090409886118,7.98807009722904,3.30878309782296,0.0039520180950398,0.0400184700284014,-1.8406948214561,"PA2G4","proliferation-associated 2G4"
"TC14000322.hg.1",1.01530636669653,5.97094958255533,3.33651318916351,0.00371818268753942,0.0400184700284014,-1.78613413958668,"MAPK1IP1L","mitogen-activated protein kinase 1 interacting protein 1 like"
"TC15000084.hg.1",-1.82311039162466,4.87991071674153,-3.33757208715687,0.00370952894807156,0.0400184700284014,-1.78404922596205,"SNORD115-11","small nucleolar RNA, C/D box 115-11"
"TC15000084.hg.1",-1.82311039162466,4.87991071674153,-3.33757208715687,0.00370952894807156,0.0400184700284014,-1.78404922596205,"SNORD115-36","small nucleolar RNA, C/D box 115-36"
"TC15000084.hg.1",-1.82311039162466,4.87991071674153,-3.33757208715687,0.00370952894807156,0.0400184700284014,-1.78404922596205,"SNORD115-43","small nucleolar RNA, C/D box 115-43"
"TC15000084.hg.1",-1.82311039162466,4.87991071674153,-3.33757208715687,0.00370952894807156,0.0400184700284014,-1.78404922596205,"SNORD115-29","small nucleolar RNA, C/D box 115-29"
"TC15000088.hg.1",-1.47693838657989,3.67004475664376,-3.32463949379555,0.00381659150607945,0.0400184700284014,-1.8095055158903,"SNORD115-16","small nucleolar RNA, C/D box 115-16"
"TC15000094.hg.1",-1.81597838715417,4.47973077100805,-3.32732155336399,0.00379414079768952,0.0400184700284014,-1.80422751224013,"SNORD115-22","small nucleolar RNA, C/D box 115-22"
"TC15000223.hg.1",1.18850729237712,4.28593843790674,3.32873975254967,0.00378232210335041,0.0400184700284014,-1.80143636930112,"ARHGAP11A","Rho GTPase activating protein 11A"
"TC15001690.hg.1",1.26305737572176,7.69714843625561,3.34133913479259,0.00367890368855865,0.0400184700284014,-1.77663125738369,"TSPAN3","tetraspanin 3"
"TC15001764.hg.1",1.27900491322607,6.51716134398155,3.33038946914915,0.00376861965372972,0.0400184700284014,-1.79818933665901,"BTBD1","BTB domain containing 1"
"TC16000579.hg.1",1.19885371710722,6.48972762804013,3.32719191271285,0.00379522298269122,0.0400184700284014,-1.80448264699965,"SF3B3","splicing factor 3b subunit 3"
"TC16000612.hg.1",1.16208403927528,6.68969470500389,3.34717428498764,0.00363195641070017,0.0400184700284014,-1.76513822984078,"PSMD7","proteasome 26S subunit, non-ATPase 7"
"TC16000918.hg.1",1.11573318910805,6.13057276014558,3.30855128234477,0.0039540326641541,0.0400184700284014,-1.84115061435434,"GDE1","glycerophosphodiester phosphodiesterase 1"
"TC17002906.hg.1",1.49321814392091,7.19576896862184,3.34632787461017,0.00363872949830961,0.0400184700284014,-1.76680553166593,"KRT19","keratin 19"
"TC19001574.hg.1",-1.97267298681718,5.40064008138905,-3.33882236017838,0.00369933675940615,0.0400184700284014,-1.78158736941806,"CXCL17","C-X-C motif chemokine ligand 17"
"TC19002180.hg.1",1.15117739753683,6.53850601382715,3.35472617399549,0.00357207264577203,0.0400184700284014,-1.75025923715885,"SAE1","SUMO1 activating enzyme subunit 1"
"TC20000867.hg.1",1.44880024939162,7.5997043281206,3.34146259239028,0.00367790423329951,0.0400184700284014,-1.77638812556487,"SERINC3","serine incorporator 3"
"TC6_cox_hap2000255.hg.1",1.26168651022734,8.03225386452789,3.3169251168569,0.00388189801313329,0.0400184700284014,-1.82468267982577,"CLIC1","chloride intracellular channel 1"
"TC02001616.hg.1",1.0343750333956,8.37575502203778,3.3054457298901,0.0039811188152037,0.0400318710178032,-1.84725619453614,"LAPTM4A","lysosomal protein transmembrane 4 alpha"
"TC05002454.hg.1",1.96998688990273,6.22049062236219,3.30464195210414,0.00398815893515245,0.0400318710178032,-1.84883627982746,"HMGCR","3-hydroxy-3-methylglutaryl-CoA reductase"
"TC10001423.hg.1",1.01048472604685,5.68694613010767,3.29915095846672,0.00403658216710316,0.0400695750074796,-1.85962884993554,"AP3M1","adaptor related protein complex 3 subunit mu 1"
"TC01006289.hg.1",1.16998478914423,5.53202255079361,3.29769049545612,0.00404955859297604,0.0400968842751127,-1.86249887766894,"SFT2D2","SFT2 domain containing 2"
"TC03000914.hg.1",1.58863924517277,5.43060370262112,3.29671172037283,0.00405827811062027,0.0401336878696015,-1.86442219419733,"PRKCI","protein kinase C iota"
"TC11003499.hg.1",1.27067894170126,7.35131265453088,3.2962789360019,0.00406213950077586,0.0401336878696015,-1.86527259444921,"COX8A","cytochrome c oxidase subunit 8A"
"TC01004760.hg.1",1.25005400904701,5.68734339842024,3.29481179940624,0.00407525650462324,0.0401657912656905,-1.86815530286984,"CKS1B","CDC28 protein kinase regulatory subunit 1B"
"TC18000413.hg.1",1.16928976759176,5.33121015295064,3.29366436104004,0.00408554425857905,0.0401657912656905,-1.87040969614775,"NPC1","NPC intracellular cholesterol transporter 1"
"TC03000461.hg.1",1.07070554869683,5.8928956712088,3.29080148327259,0.00411132388491465,0.0401972680349142,-1.87603384942271,"CHMP2B","charged multivesicular body protein 2B"
"TC12001277.hg.1",-3.86566410145888,7.28721825449286,-3.29090223572606,0.00411041391950616,0.0401972680349142,-1.87583593464684,"ERP27","endoplasmic reticulum protein 27"
"TC14000415.hg.1",1.04516760238531,5.91135867411348,3.29235760912741,0.00409729150739001,0.0401972680349142,-1.87297692956081,"SLC39A9","solute carrier family 39 member 9"
"TC14001206.hg.1",1.08151208058151,5.66324120426929,3.29054442059525,0.00411364649429843,0.0401981861570092,-1.87653881002118,"PPP2R5E","protein phosphatase 2 regulatory subunit B'epsilon"
"TC01001830.hg.1",1.27103234958202,6.1470199797235,3.28758770057196,0.00414045396988625,0.0402229957910697,-1.88234634119984,"BROX","BRO1 domain and CAAX motif containing"
"TC15000606.hg.1",2.13472200790521,6.55025233681701,3.2865292141698,0.00415009257085222,0.0402384020308047,-1.88442517664292,"HACD3","3-hydroxyacyl-CoA dehydratase 3"
"TC12000182.hg.1",2.31207436561441,6.01899528258777,3.28516396985528,0.00416255710480797,0.0402598576120096,-1.88710630136496,"GPRC5A","G protein-coupled receptor class C group 5 member A"
"TC12000182.hg.1",2.31207436561441,6.01899528258777,3.28516396985528,0.00416255710480797,0.0402598576120096,-1.88710630136496,"MIR614","microRNA 614"
"TC08002271.hg.1",1.47908910589247,5.46991839203183,3.28408118060893,0.00417246902351392,0.0402758052210885,-1.88923258908515,"DUSP4","dual specificity phosphatase 4"
"TC16000659.hg.1",1.20711361160079,6.11009956132028,3.28328934864105,0.0041797321892586,0.0403042768084735,-1.89078744166901,"USP10","ubiquitin specific peptidase 10"
"TC13001318.hg.1",1.13735520594909,6.39752905397163,3.28086348062224,0.00420206119744115,0.0403405883238691,-1.89555049711322,"TFDP1","transcription factor Dp-1"
"TC02002376.hg.1",1.23122304003437,4.64635236156626,3.27541447048761,0.00425264528294427,0.0404693942634439,-1.90624703403562,"MCM6","minichromosome maintenance complex component 6"
"TC15002352.hg.1",1.22264343803254,8.2135679980785,3.27556779778183,0.00425121376902318,0.0404693942634439,-1.90594609242677,"ABHD2","abhydrolase domain containing 2, acylglycerol lipase"
"TC18000100.hg.1",1.4615126061734,6.4499798990814,3.27548932796864,0.00425194632975845,0.0404693942634439,-1.90610010858163,"RIOK3","RIO kinase 3"
"TC13000597.hg.1",1.07415999743643,7.25943237865718,3.2741086898434,0.00426485569455245,0.0404750932777449,-1.90880983928197,"ELF1","E74 like ETS transcription factor 1"
"TC10002200.hg.1",1.20284521582847,3.00484179267468,3.27355197189306,0.00427007206020054,0.040486460325561,-1.90990243218162,"KIF20B","kinesin family member 20B"
"TC14000055.hg.1",1.28419974065193,7.21351882121574,3.27295748083856,0.00427564927792384,0.0404906848657526,-1.91106912012585,"APEX1","apurinic/apyrimidinic endodeoxyribonuclease 1"
"TC11002123.hg.1",1.08132958247927,5.95499691380134,3.27019715726044,0.00430163919118187,0.0405675983792082,-1.91648575002477,"PAK1","p21 (RAC1) activated kinase 1"
"TC05000956.hg.1",1.14782975529337,8.26660291765929,3.26880033510829,0.00431485011318777,0.0405851611627265,-1.919226442304,"ATP6V0E1","ATPase H+ transporting V0 subunit e1"
"TC12002877.hg.1",1.27132202913577,5.68559786346777,3.26896381091452,0.00431330192726246,0.0405851611627265,-1.91890569887112,"SLC11A2","solute carrier family 11 member 2"
"TC17001984.hg.1",1.12782149051896,6.89707463665191,3.26841894335287,0.00431846417998525,0.0405851611627265,-1.9199747306909,"WDR45B","WD repeat domain 45B"
"TC05001304.hg.1",-1.68167151593234,4.53554608886491,-3.25782701434123,0.00442003015399911,0.0406405040961671,-1.94074964326608,"C6","complement C6"
"TC14000784.hg.1",1.02709539963478,5.57695816175533,3.25802585383072,0.00441810204233234,0.0406405040961671,-1.94035975575942,"RCOR1","REST corepressor 1"
"TC14001030.hg.1",1.17991281389066,5.55384703575893,3.2581838063093,0.00441657099368764,0.0406405040961671,-1.94005003698534,"BAZ1A","bromodomain adjacent to zinc finger domain 1A"
"TC12002997.hg.1",1.48034712221328,5.58451494872296,3.25686522027566,0.00442936817680801,0.0406653060229494,-1.94263548144976,"POC1B","POC1 centriolar protein B"
"TC02003686.hg.1",1.00239936953859,4.56005940680841,3.25362326080565,0.00446098720465082,0.040681027799051,-1.9489913921681,"DCAF17","DDB1 and CUL4 associated factor 17"
"TC02003807.hg.1",1.22155679668534,6.02992474049492,3.2538860164388,0.00445841629883421,0.040681027799051,-1.94847629969935,"ATIC","5-aminoimidazole-4-carboxamide ribonucleotide formyltransferase/IMP cyclohydrolase"
"TC0X000544.hg.1",-2.3638590618108,5.5518241120996,-3.25351766392045,0.00446202081675104,0.040681027799051,-1.94919839661828,"PAK3","p21 (RAC1) activated kinase 3"
"TC13000506.hg.1",1.06531522932437,5.81245510385868,3.25350589646275,0.00446213601451131,0.040681027799051,-1.94922146460841,"USP12","ubiquitin specific peptidase 12"
"TC07002073.hg.1",1.20051383870322,5.42011745786681,3.24924268818538,0.00450406356200234,0.0408015510061774,-1.95757769129726,"LMBR1","limb development membrane protein 1"
"TC03002155.hg.1",1.62517609808824,5.7383173162448,3.24589143366766,0.00453729363973519,0.0408380780947931,-1.96414496888516,"TFRC","transferrin receptor"
"TC15000075.hg.1",-1.45916920850276,3.62457782666292,-3.24598498532424,0.0045363627506124,0.0408380780947931,-1.96396165798573,"SNORD115-1","small nucleolar RNA, C/D box 115-1"
"TC16001225.hg.1",2.55523752095278,6.27713531089636,3.24753366194289,0.00452097980661262,0.0408380780947931,-1.96092694014321,"NQO1","NAD(P)H quinone dehydrogenase 1"
"TC04000237.hg.1",1.02513269158031,6.48467405842811,3.24179448163444,0.00457824497551909,0.0408516271560393,-1.97217180653799,"UBE2K","ubiquitin conjugating enzyme E2 K"
"TC04002654.hg.1",1.52161709754797,3.26119176966717,3.24113280842425,0.00458489271561449,0.0408516271560393,-1.97346799016262,"CENPE","centromere protein E"
"TC05001294.hg.1",1.02301193162887,5.32504557515558,3.24161453852775,0.0045800519019771,0.0408516271560393,-1.97252431078023,"RICTOR","RPTOR independent companion of MTOR complex 2"
"TC16000284.hg.1",-1.60416244165942,5.63634494059136,-3.24113246999933,0.00458489611814657,0.0408516271560393,-1.97346865310663,"AQP8","aquaporin 8"
"TC06001731.hg.1",1.1268182820729,5.41311764930581,3.23997278968494,0.00459657014015448,0.0408523280783984,-1.97574028501594,"MRPS10","mitochondrial ribosomal protein S10"
"TC18000537.hg.1",1.00235692916752,7.3842817055409,3.24022362217873,0.00459404264277797,0.0408523280783984,-1.97524895665363,"NARS1","asparaginyl-tRNA synthetase 1"
"TC15000079.hg.1",-1.76500794219391,4.5909250047961,-3.2358941369342,0.00463786047367155,0.0408726192768396,-1.98372848893354,"SNORD115-5","small nucleolar RNA, C/D box 115-5"
"TC15000079.hg.1",-1.76500794219391,4.5909250047961,-3.2358941369342,0.00463786047367155,0.0408726192768396,-1.98372848893354,"SNORD115-9","small nucleolar RNA, C/D box 115-9"
"TC15000079.hg.1",-1.76500794219391,4.5909250047961,-3.2358941369342,0.00463786047367155,0.0408726192768396,-1.98372848893354,"SNORD115-12","small nucleolar RNA, C/D box 115-12"
"TC20000302.hg.1",1.07060428602075,6.74759273478597,3.2365386750499,0.00463131134300852,0.0408726192768396,-1.98246626392426,"TOP1","DNA topoisomerase I"
"TC06001313.hg.1",1.38467878818198,5.90563915208824,3.23291694098348,0.00466822980874162,0.0408909901934717,-1.98955822272678,"MBOAT1","membrane bound glycerophospholipid O-acyltransferase 1"
"TC12001678.hg.1",1.22612092541296,7.01735072846609,3.23253611057156,0.0046721285775884,0.0408909901934717,-1.99030386298823,"GNS","glucosamine (N-acetyl)-6-sulfatase"
"TC04001516.hg.1",2.0317409930971,4.36772725789567,3.23162153952005,0.00468150459622972,0.040897523374237,-1.99209446191685,"CCNA2","cyclin A2"
"TC08002008.hg.1",1.40759255332779,6.88381875482674,3.22756057178273,0.00472336039425227,0.040897523374237,-2.00004406467414,"RIPK2","receptor interacting serine/threonine kinase 2"
"TC11001746.hg.1",1.4731922514056,6.46292873530303,3.22852253022822,0.00471341256561996,0.040897523374237,-1.99816114576605,"MTCH2","mitochondrial carrier 2"
"TC12002893.hg.1",1.06352030654821,7.73728880841608,3.23184114643984,0.00467925154234802,0.040897523374237,-1.99166451202952,"ATP5MC2","ATP synthase membrane subunit c locus 2"
"TC17000466.hg.1",1.18653010236374,6.49825059758031,3.22729202763428,0.00472614114567358,0.040897523374237,-2.00056968825193,"PSMB3","proteasome 20S subunit beta 3"
"TC18000401.hg.1",1.12614360895005,4.82973717013868,3.22887725291644,0.00470974948855774,0.040897523374237,-1.99746679080065,"ESCO1","establishment of sister chromatid cohesion N-acetyltransferase 1"
"TC02003238.hg.1",1.22187816374674,9.28739214354236,3.22145463149407,0.00478698532033416,0.0409806429004411,-2.01199315040503,"SPTBN1","spectrin beta, non-erythrocytic 1"
"TC17000103.hg.1",1.37632158509048,7.02264640251779,3.22084613466895,0.00479337183644809,0.0410146762948106,-2.01318371089211,"CD68","CD68 molecule"
"TC06001427.hg.1",2.05305131284479,5.81166057523312,3.22017180315314,0.00480045908747455,0.0410299538655546,-2.01450302900221,"H3C11","H3 clustered histone 11"
"TC07003070.hg.1",1.34319297745189,5.53678464466488,3.21133508191957,0.00489428855965963,0.041150105139558,-2.03178684902939,"SLC25A13","solute carrier family 25 member 13"
"TC02002624.hg.1",1.05422882067307,6.57733918391689,3.20942862033784,0.00491476622783637,0.0411741576010578,-2.03551446829214,"STAT1","signal transducer and activator of transcription 1"
"TC05001275.hg.1",1.56454554724704,5.17737847621414,3.20376070835222,0.00497614369279067,0.0412740379950696,-2.04659404582703,"NUP155","nucleoporin 155"
"TC16000915.hg.1",1.70153700783021,8.10850005611329,3.20383641412704,0.00497531894982918,0.0412740379950696,-2.04644608307286,"ARL6IP1","ARL6 interacting reticulophagy regulator 1"
"TC02004706.hg.1",1.21924552744844,6.53421603564675,3.20192344383812,0.00499620009337973,0.0413109532842694,-2.05018465982452,"ATP5MC3","ATP synthase membrane subunit c locus 3"
"TC20000344.hg.1",-1.76955923098207,5.87357111472718,-3.20098495789073,0.00500647557610464,0.0413185704327986,-2.05201860555194,"RBPJL","recombination signal binding protein for immunoglobulin kappa J region like"
"TC17000328.hg.1",1.49882885001422,4.7704468644115,3.19999776919154,0.0050173066573761,0.0413212706472439,-2.05394760554749,"SNORD4B","small nucleolar RNA, C/D box 4B"
"TC10000779.hg.1",1.02590854063805,7.1146968051101,3.19755677711183,0.00504418703831227,0.0413990120304938,-2.05871686378647,"SLK","STE20 like kinase"
"TC17002218.hg.1",1.0337261800361,5.62380510876209,3.19730087653623,0.00504701319358913,0.0414032023222142,-2.05921680415859,"DHX8","DEAH-box helicase 8"
"TC03001629.hg.1",1.06936579847207,6.13261438062402,3.19672030688717,0.00505343073522599,0.0414044597613625,-2.06035100407877,"CD47","CD47 molecule"
"TC07001606.hg.1",1.17435100145427,5.09895669783666,3.19621790679517,0.00505899065399162,0.0414044597613625,-2.06133245792829,"SAMD9L","sterile alpha motif domain containing 9 like"
"TC20001681.hg.1",1.48799736031217,6.85754197818501,3.19555470432122,0.00506633930670179,0.0414116548028134,-2.06262799554405,"SLMO2-ATP5E","SLMO2-ATP5E readthrough"
"TC06000176.hg.1",1.04410624222861,4.4695038956085,3.18693041407594,0.00516285883500183,0.0415139235319614,-2.07947011351968,"H2BC9","H2B clustered histone 9"
"TC01004062.hg.1",1.03339481619912,5.99019821876145,3.18214129977459,0.00521723208481721,0.0416404321319108,-2.08881853527594,"AHCTF1","AT-hook containing transcription factor 1"
"TC02001350.hg.1",1.27720685797938,6.01664629712056,3.18184681683721,0.00522059374092965,0.0416404526625968,-2.08939327405835,"ACSL3","acyl-CoA synthetase long chain family member 3"
"TC17001711.hg.1",1.04519877195005,4.68482836824488,3.18184554916382,0.00522060821657993,0.0416404526625968,-2.08939574813697,"MMD","monocyte to macrophage differentiation associated"
"TC16002047.hg.1",-1.17357597182811,6.37552902123361,-3.18108661875146,0.00522928155523499,0.0416611639312966,-2.09087689172137,"PDIA2","protein disulfide isomerase family A member 2"
"TC06001985.hg.1",-1.03128154779033,4.00905301627295,-3.18037429284514,0.00523743511726232,0.0416816111230114,-2.09226701333543,"LINC02532","long intergenic non-protein coding RNA 2532"
"TC01002175.hg.1",1.05398010954705,7.09146322348009,3.17627187777686,0.00528463583738187,0.0417310938540495,-2.1002716975737,"ENO1","enolase 1"
"TC01004881.hg.1",1.24140345132377,6.72724644307971,3.17653167561861,0.00528163439578877,0.0417310938540495,-2.09976484161463,"DHX9","DExH-box helicase 9"
"TC06000427.hg.1",1.14548812769297,6.30023076976376,3.17507069627199,0.00529853479797086,0.0417310938540495,-2.10261504374824,"ITPR3","inositol 1,4,5-trisphosphate receptor type 3"
"TC20000388.hg.1",1.24262991977258,5.86266138563227,3.17375243545183,0.00531382968453471,0.0417863393088956,-2.10518657927236,"SNORD12B","small nucleolar RNA, C/D box 12B"
"TC09002468.hg.1",1.20642243767695,8.6999522063263,3.17333914483801,0.00531863370887945,0.0417883079962581,-2.10599273975333,"VCP","valosin containing protein"
"TC0X001916.hg.1",1.25797447812855,4.85409358043555,3.17205562301829,0.00533358028404604,0.0418070311116039,-2.10849622166178,"HMGB3","high mobility group box 3"
"TC01001814.hg.1",1.11892602250877,5.87417284289884,3.16809558786832,0.005379954370574,0.0418451118120974,-2.1162188201535,"IARS2","isoleucyl-tRNA synthetase 2, mitochondrial"
"TC02002504.hg.1",1.03259420855677,6.29111448977488,3.16239501020209,0.00544740476954418,0.0418451118120974,-2.12733206419429,"STK39","serine/threonine kinase 39"
"TC04000319.hg.1",1.10642246521176,6.50153110485033,3.16643074951935,0.00539956812490923,0.0418451118120974,-2.11946485935831,"SRD5A3","steroid 5 alpha-reductase 3"
"TC04001807.hg.1",1.11303377389567,5.32416631167142,3.16609806433856,0.00540349592896203,0.0418451118120974,-2.12011347237475,"CASP3","caspase 3"
"TC05002418.hg.1",1.81784440668516,4.33627078707689,3.16336313370733,0.00543589168333989,0.0418451118120974,-2.12544501771032,"CCNB1","cyclin B1"
"TC06001796.hg.1",-1.3513717455765,4.39547504849989,-3.1691341849478,0.00536775381333235,0.0418451118120974,-2.11419361689525,"PKHD1","PKHD1 ciliary IPT domain containing fibrocystin/polyductin"
"TC0X000199.hg.1",1.10897395262011,7.62326844550576,3.16289051730381,0.00544150913863641,0.0418451118120974,-2.12636624754196,"DDX3X","DEAD-box helicase 3 X-linked"
"TC12000329.hg.1",1.07612977566408,6.55864303577862,3.16702094815278,0.00539260689656869,0.0418451118120974,-2.1183141542653,"ANO6","anoctamin 6"
"TC12001489.hg.1",1.10940709826362,4.15737823813397,3.16429093371967,0.0054248804767099,0.0418451118120974,-2.12363645165134,"RACGAP1","Rac GTPase activating protein 1"
"TC14001735.hg.1",1.15976441083629,6.63437855938527,3.16491953672584,0.00541743257181412,0.0418451118120974,-2.12241104694446,"FUT8","fucosyltransferase 8"
"TC16000564.hg.1",1.04189122868872,5.72504236914252,3.16897338382809,0.00536964099503923,0.0418451118120974,-2.11450717894987,"UTP4","UTP4 small subunit processome component"
"TC06000168.hg.1",1.19446922410127,8.25207615432374,3.15991102788615,0.00547705395993296,0.0418824851485606,-2.13217321828895,"H1-4","H1.4 linker histone, cluster member"
"TC15001460.hg.1",-1.51589771000581,6.23272432156548,-3.1597796624648,0.0054786263458573,0.0418824851485606,-2.13242921973704,"ONECUT1","one cut homeobox 1"
"TC14000465.hg.1",1.07744816567259,6.4683440845524,3.1583629911719,0.00549561136259986,0.0419203718496801,-2.13518984388819,"DLST","dihydrolipoamide S-succinyltransferase"
"TC01001781.hg.1",1.0158645432375,4.29626920025103,3.14438308581142,0.00566600809107191,0.0420254493592616,-2.1624174716169,"FLVCR1","FLVCR choline and heme transporter 1"
"TC01005811.hg.1",1.00520952767121,5.94647745923183,3.14816890104309,0.0056193604174645,0.0420254493592616,-2.15504675259905,"APH1A","aph-1A gamma-secretase subunit"
"TC02000203.hg.1",1.03982396049951,5.40631677827179,3.14392703882046,0.00567165285430416,0.0420254493592616,-2.16330523029253,"LCLAT1","lysocardiolipin acyltransferase 1"
"TC03001664.hg.1",1.14184866788752,6.90705110875761,3.14917980117174,0.00560696807534456,0.0420254493592616,-2.15307826770929,"NAA50","N-alpha-acetyltransferase 50, NatE catalytic subunit"
"TC06000172.hg.1",1.01564342333938,6.27487500165377,3.14939802203144,0.00560429647635692,0.0420254493592616,-2.15265331671905,"H4C5","H4 clustered histone 5"
"TC10001497.hg.1",1.34619045192346,4.08470211160358,3.14761941467608,0.00562610764970457,0.0420254493592616,-2.1561166864471,"ANKRD22","ankyrin repeat domain 22"
"TC13000273.hg.1",2.01794410681735,7.24557416097123,3.14443672225922,0.00566534456217639,0.0420254493592616,-2.16231305895223,"KLF5","KLF transcription factor 5"
"TC17000795.hg.1",1.10995203318025,5.29132714383647,3.14959726366238,0.00560185832045635,0.0420254493592616,-2.15226531912373,"NOL11","nucleolar protein 11"
"TC18000003.hg.1",1.25097128973324,5.89096136404391,3.14444205189726,0.00566527863412938,0.0420254493592616,-2.16230268386412,"USP14","ubiquitin specific peptidase 14"
"TC01005067.hg.1",1.03921015331845,8.41136852771455,3.1405302267496,0.00571387055166921,0.0421027946317631,-2.16991669130057,"H3P6","H3 histone pseudogene 6"
"TC01001791.hg.1",1.7208354852264,4.06725862404358,3.13765192760847,0.00574988417752446,0.0421245027694747,-2.17551767998912,"CENPF","centromere protein F"
"TC06001785.hg.1",-2.6744978231981,4.8610616532753,-3.13771830708407,0.00574905113537156,0.0421245027694747,-2.17538852271012,"CRISP3","cysteine rich secretory protein 3"
"TC18000103.hg.1",1.04855307354641,5.2444739774763,3.13598433433092,0.00577085072210345,0.0421865518188303,-2.17876218304002,"LAMA3","laminin subunit alpha 3"
"TC01003193.hg.1",1.34396473828395,5.24325120891946,3.13454744923806,0.00578897650812099,0.0421902662000551,-2.18155750363596,"H2BC21","H2B clustered histone 21"
"TC07000673.hg.1",1.16176736953864,6.26251176470417,3.13348380598661,0.00580242981155194,0.0421902662000551,-2.18362653197857,"PSMC2","proteasome 26S subunit, ATPase 2"
"TC11000170.hg.1",1.2115903934348,6.88311443418442,3.13381048591752,0.00579829461031117,0.0421902662000551,-2.18299108201778,"IPO7","importin 7"
"TC12002443.hg.1",1.22750147376123,7.02307426564053,3.13385930289622,0.00579767691945483,0.0421902662000551,-2.18289612311537,"CNOT2","CCR4-NOT transcription complex subunit 2"
"TC18000397.hg.1",1.10561265237979,6.15949597488953,3.13490555651356,0.00578445391525042,0.0421902662000551,-2.18086086772127,"ROCK1","Rho associated coiled-coil containing protein kinase 1"
"TC16000857.hg.1",1.34707646323134,6.8731150268316,3.12731114471612,0.00588110889905584,0.0423387429205107,-2.19563061702956,"EMP2","epithelial membrane protein 2"
"TC16001133.hg.1",1.26179471943558,7.12652454078975,3.12772119924626,0.00587585001904359,0.0423387429205107,-2.19483334375049,"NUDT21","nudix hydrolase 21"
"TC0Y000115.hg.1",1.03251360977158,8.6224846651047,3.12523993818112,0.0059077421293567,0.0423597280017901,-2.19965732023049,"SLC25A6","solute carrier family 25 member 6"
"TC07000176.hg.1",1.06623229537579,7.01202838114325,3.12500939582104,0.00591071390553269,0.0423619183699067,-2.20010548772556,"TAX1BP1","Tax1 binding protein 1"
"TC02002787.hg.1",-1.08811455508917,5.07725901884332,-3.12340394270414,0.00593144932435381,0.0423696422824673,-2.20322623063762,"MIR3131","microRNA 3131"
"TC12000991.hg.1",1.02541263209224,3.77943837168938,3.12203986828217,0.00594912301363347,0.0423696422824673,-2.20587748273238,"GTF2H3","general transcription factor IIH subunit 3"
"TC14000931.hg.1",1.13460638444657,7.52971360483036,3.1244972513898,0.00591732086324547,0.0423696422824673,-2.20110105416532,"DAD1","defender against cell death 1"
"TC20000337.hg.1",1.00704962815816,6.16575719578329,3.12372424000921,0.00592730682023693,0.0423696422824673,-2.20260365352146,"YWHAB","tyrosine 3-monooxygenase/tryptophan 5-monooxygenase activation protein beta"
"TC15000113.hg.1",-1.57261849593504,4.34446577020406,-3.11745886839702,0.00600885420644871,0.0424399023736988,-2.21477928436768,"SNORD115-44","small nucleolar RNA, C/D box 115-44"
"TC06000153.hg.1",1.35754927478671,5.46819404394181,3.11196910043401,0.00608120656687081,0.0425527862251312,-2.22544301217484,"CARMIL1","capping protein regulator and myosin 1 linker 1"
"TC15000751.hg.1",1.31849189142858,4.22662694624602,3.10943539440951,0.0061148857728799,0.0425815738642617,-2.23036319010764,"ABHD17C","abhydrolase domain containing 17C, depalmitoylase"
"TC02001188.hg.1",1.02987350867032,5.47274862302197,3.10864113949667,0.00612548082205097,0.042588259931599,-2.23190535246389,"NOP58","NOP58 ribonucleoprotein"
"TC01001720.hg.1",3.32927719136289,7.58030439929697,3.10790119464057,0.00613536752099768,0.0426190185100451,-2.2333419807318,"CTSE","cathepsin E"
"TC11003331.hg.1",1.06153122985031,4.57183695269445,3.10705584000959,0.00614668170805726,0.042633679445277,-2.2349831673962,"EXPH5","exophilin 5"
"TC10001756.hg.1",2.16979668289813,5.07948229793433,3.10595924248657,0.00616138887004956,0.0426558162429884,-2.23711196510548,"MKI67","marker of proliferation Ki-67"
"TC06000675.hg.1",1.68984719990602,5.01344344771317,3.10537714840218,0.00616920965243885,0.0426624016786571,-2.23824189811239,"SACK1B","scaffolding CK1 anchoring protein B"
"TC01000353.hg.1",1.11487298449526,6.50013743913584,3.10262236092582,0.00620635350647795,0.0426993993274578,-2.24358868111378,"SFN","stratifin"
"TC17001020.hg.1",1.08341237579422,5.85062326185195,3.10272786272298,0.00620492697407941,0.0426993993274578,-2.24338393270914,"UBE2G1","ubiquitin conjugating enzyme E2 G1"
"TC04002813.hg.1",1.00852316232523,6.30567282964433,3.10094657680532,0.00622905542855343,0.042704533171793,-2.24684067127171,"SH3RF1","SH3 domain containing ring finger 1"
"TC0X001190.hg.1",2.21404351971583,5.73884641149398,3.09707374118258,0.00628183141369536,0.0428178693914069,-2.25435461559929,"POF1B","POF1B actin binding protein"
"TC03000930.hg.1",1.61050407160161,3.79070327178342,3.09354898568493,0.0063302431266855,0.0428505985299148,-2.26119128029777,"ECT2","epithelial cell transforming 2"
"TC06000173.hg.1",2.14590637012185,5.53447403440975,3.09269746627449,0.00634199303273886,0.0428551297320002,-2.26284261974578,"H2AC8","H2A clustered histone 8"
"TC14002083.hg.1",1.78402411899195,4.25348870716252,3.08647056226342,0.00642856557944145,0.0429889750008486,-2.27491504177691,"ENTPD5","ectonucleoside triphosphate diphosphohydrolase 5 (inactive)"
"TC04002080.hg.1",1.1670549398566,5.84916542157407,3.08505224996131,0.00644844494111125,0.0430155465313272,-2.27766397592095,"CCNG2","cyclin G2"
"TC20000198.hg.1",1.70535430778399,4.64571289533457,3.08567534899637,0.00643970408170135,0.0430155465313272,-2.27645634008307,"TPX2","TPX2 microtubule nucleation factor"
"TC08001559.hg.1",1.31436272768149,5.16645423885536,3.0827893981313,0.00648028573830476,0.0430409861671187,-2.28204913900036,"TAF2","TATA-box binding protein associated factor 2"
"TC0X000212.hg.1",1.01243424250875,5.00396642881453,3.08205527242967,0.0064906485894639,0.0430697551590844,-2.28347162753907,"KDM6A","lysine demethylase 6A"
"TC16000569.hg.1",1.16298165411255,4.97472858448232,3.08144487363191,0.00649927722534795,0.0430697551590844,-2.28465431219491,"CYB5B","cytochrome b5 type B"
"TC17000718.hg.1",1.26506673001203,3.84497017089033,3.08089822278564,0.00650701420958293,0.0430697551590844,-2.28571343289628,"PRR11","proline rich 11"
"TC10002673.hg.1",1.03530133092734,6.34230773020458,3.07869313538705,0.00653831503926239,0.0430870577150638,-2.2899852624579,"JMJD1C","jumonji domain containing 1C"
"TC14000294.hg.1",1.00111299051398,6.44684834324315,3.07900587665374,0.00653386681417367,0.0430870577150638,-2.2893794464967,"TMX1","thioredoxin related transmembrane protein 1"
"TC20000384.hg.1",1.36822639631377,5.47441293840566,3.07817200815402,0.00654573376854278,0.0430901505235641,-2.29099471267883,"CSE1L","chromosome segregation 1 like"
"TC02001162.hg.1",-1.7880009967029,4.9627532296361,-3.07691646676184,0.00656364128573582,0.0431205720528624,-2.29342658905691,"AOX1","aldehyde oxidase 1"
"TC06000223.hg.1",1.1044746947513,6.20587666733013,3.07148626253838,0.00664164262363731,0.0432214250392243,-2.30394162375168,"H2AC11","H2A clustered histone 11"
"TC05001316.hg.1",1.49249752267183,5.85223075851014,3.07091505430265,0.00664989998707264,0.0432251020021703,-2.30504744397907,"HMGCS1","3-hydroxy-3-methylglutaryl-CoA synthase 1"
"TC16000455.hg.1",1.53834395453991,5.51072535705811,3.06969555683355,0.00666756249180518,0.0432661389285646,-2.30740813785661,"LPCAT2","lysophosphatidylcholine acyltransferase 2"
"TC18000128.hg.1",1.82689244495972,7.36314091565327,3.067184661069,0.00670407296899632,0.0432926966258736,-2.31226797925976,"DSG2","desmoglein 2"
"TC12000082.hg.1",1.10050303581139,5.55312301402525,3.06643443071356,0.0067150196840781,0.0433029800419093,-2.31371985940108,"NCAPD2","non-SMC condensin I complex subunit D2"
"TC20001204.hg.1",1.24046725316246,6.51277992476491,3.06528016872786,0.0067318957023358,0.0433218132564066,-2.31595346758692,"RAB5IF","RAB5 interacting factor"
"TC03002349.hg.1",1.27321336896286,6.41815300456778,3.06350170490903,0.00675797885592102,0.0433512373043579,-2.31939455647312,"PRKCD","protein kinase C delta"
"TC14001732.hg.1",1.06060678994428,5.90482577754791,3.0631955250844,0.00676247924857639,0.0433575007358256,-2.31998692309593,"CHURC1","churchill domain containing 1"
"TC03001495.hg.1",1.02311035743173,7.85898396248002,3.06097388641129,0.00679522163950509,0.0433793482642115,-2.32428468796287,"ARF4","ARF GTPase 4"
"TC04000853.hg.1",1.0754883736691,5.05285319623373,3.06082022753636,0.00679749195749586,0.0433793482642115,-2.32458191254607,"GALNT7","polypeptide N-acetylgalactosaminyltransferase 7"
"TC18000088.hg.1",1.34913981063276,5.98052695729021,3.06057204892912,0.00680116037020745,0.0433793482642115,-2.32506196012126,"SNRPD1","small nuclear ribonucleoprotein D1 polypeptide"
"TC11002699.hg.1",1.24617768004465,5.44102905221754,3.0575764622292,0.00684559157345989,0.0434428996575133,-2.33085550111709,"TMEM138","transmembrane protein 138"
"TC05002451.hg.1",1.12004008635339,7.64960117656641,3.05716169456278,0.00685176574058721,0.0434544094503343,-2.33165755998862,"HEXB","hexosaminidase subunit beta"
"TC11000790.hg.1",1.03586954686916,5.54653617663611,3.05574226808932,0.0068729361730824,0.0434825583326716,-2.33440217508755,"POLD3","DNA polymerase delta 3, accessory subunit"
"TC02003773.hg.1",1.02688963792391,4.90232443389798,3.05354600593526,0.00690581854712216,0.0435198186989872,-2.33864825253539,"NBEAL1","neurobeachin like 1"
"TC08000729.hg.1",1.44271896252047,5.44215771154481,3.05288976169172,0.00691567351210046,0.0435198186989872,-2.33991683290361,"SQLE","squalene epoxidase"
"TC12003257.hg.1",1.13985649979234,8.46251765424617,3.05117440605474,0.00694149811900998,0.0435198186989872,-2.34323244666983,"COX6A1","cytochrome c oxidase subunit 6A1"
"TC13000539.hg.1",1.10594269870494,6.03653691116502,3.05245240812951,0.00692224895125674,0.0435198186989872,-2.34076223916946,"HSPH1","heat shock protein family H (Hsp110) member 1"
"TC01000896.hg.1",1.58684452106176,5.34113607626876,3.04957017727656,0.00696573467904525,0.043564540254218,-2.34633283530986,"SLC35A3","solute carrier family 35 member A3"
"TC20000603.hg.1",1.85257314066053,5.0454567967986,3.0474571257225,0.00699778426949557,0.0436073818182942,-2.35041595981052,"FERMT1","FERM domain containing kindlin 1"
"TC01003273.hg.1",1.02498945332534,7.17021578996199,3.0452923141663,0.00703076780300887,0.0436577903981247,-2.35459835361918,"ILF2","interleukin enhancer binding factor 2"
"TC18000226.hg.1",2.05066082187509,3.98703200370204,3.0447647469427,0.00703882883867151,0.043673809275777,-2.35561749303322,"SERPINB5","serpin family B member 5"
"TC01002003.hg.1",1.07279831794262,5.84213058395494,3.04026052789903,0.00710801896523232,0.0438065910587328,-2.36431677282192,"SCCPDH","saccharopine dehydrogenase (putative)"
"TC02002726.hg.1",1.00231170614615,6.00368641974578,3.04032554672695,0.00710701550608709,0.0438065910587328,-2.36419122142539,"IDH1","isocitrate dehydrogenase (NADP(+)) 1"
"TC02000150.hg.1",1.2708615401772,4.04241640670924,3.03931377245203,0.00712264621767101,0.0438469255594285,-2.36614487985972,"SELENOI","selenoprotein I"
"TC15000664.hg.1",1.0611254519576,6.42226918825515,3.03456527204695,0.00719645299741946,0.044027301107054,-2.37531162685678,"NEO1","neogenin 1"
"TC17001722.hg.1",1.01536716503092,6.34927800171089,3.03462387479059,0.0071955376050408,0.044027301107054,-2.37519851973642,"VEZF1","vascular endothelial zinc finger 1"
"TC14001324.hg.1",1.06515609729729,6.24954858104269,3.03371173549256,0.00720979834436697,0.0440399816443888,-2.37695894391552,"ERG28","ergosterol biosynthesis 28 homolog"
"TC18000953.hg.1",1.07103452181391,3.99473291594022,3.03305829003555,0.00722003146711773,0.0440439695500039,-2.37822000587506,"KDSR","3-ketodihydrosphingosine reductase"
"TC07002520.hg.1",1.15705857804639,5.6698664602201,3.03262396234315,0.00722684096634801,0.0440500004727537,-2.37905816095049,"CBLL1","Cbl proto-oncogene like 1"
"TC07002818.hg.1",2.02493885069624,4.96723301399283,3.03225879245726,0.00723257102704561,0.0440620772754266,-2.37976283282652,"MACC1","MET transcriptional regulator MACC1"
"TC04000828.hg.1",1.26341326180734,4.84211377170864,3.0310166812024,0.00725209471497123,0.0440820096176449,-2.38215958175478,"MSMO1","methylsterol monooxygenase 1"
"TC01001544.hg.1",1.14823075440255,4.72872565547861,3.0298417921472,0.00727060897478173,0.0440920312096805,-2.38442638494304,"RALGPS2","Ral GEF with PH domain and SH3 binding motif 2"
"TC05000166.hg.1",1.06001417609775,6.02359918864107,3.03069551425776,0.00725715120131891,0.0440920312096805,-2.38277925641298,"NIPBL","NIPBL cohesin loading factor"
"TC11002082.hg.1",1.13634749647984,5.01120540196499,3.02895134326607,0.00728467156265469,0.0441127333516312,-2.38614424330263,"KCNE3","potassium voltage-gated channel subfamily E regulatory subunit 3"
"TC05001924.hg.1",1.07310801988851,6.42354612712874,3.02780385944763,0.00730283244765255,0.0441504327607361,-2.38835778027318,"CSNK1A1","casein kinase 1 alpha 1"
"TC13000157.hg.1",1.01641985249458,5.56001779733757,3.02737201985042,0.00730967844411546,0.0441504327607361,-2.38919075738442,"DNAJC15","DnaJ heat shock protein family (Hsp40) member C15"
"TC01006091.hg.1",1.759344631698,3.29610053444742,3.02715826502451,0.00731306943018766,0.0441520071419506,-2.38960305841568,"NEK2","NIMA related kinase 2"
"TC12001798.hg.1",1.18562938582117,5.8257482737705,3.02700927657881,0.00731543387351102,0.0441565470524338,-2.38989043029825,"ATP2B1","ATPase plasma membrane Ca2+ transporting 1"
"TC20001565.hg.1",1.14575239194821,6.53472035851276,3.02185058978227,0.00739776226402475,0.0442983731551344,-2.39983831914278,"NDRG3","NDRG family member 3"
"TC01006060.hg.1",1.08313086858868,5.92229207320855,3.02007737187799,0.00742626890977193,0.0443460274264594,-2.40325671906729,"ELK4","ETS transcription factor ELK4"
"TC20000271.hg.1",1.15584045608688,7.15234640049599,3.0185638844731,0.00745068453834614,0.0444171631189555,-2.40617399280346,"RPN2","ribophorin II"
"TC01005732.hg.1",1.25658810570248,4.51275565768302,3.01740636519086,0.00746941033305513,0.0444325805417669,-2.40840487060265,"CD58","CD58 molecule"
"TC15000111.hg.1",-1.8710588032818,4.80427556407873,-3.01732984775756,0.00747064980669739,0.0444338902182441,-2.40855233406455,"SNORD115-42","small nucleolar RNA, C/D box 115-42"
"TC16000262.hg.1",1.05493449855314,5.55233549162621,3.01579780452079,0.00749550885487556,0.044450360464474,-2.41150466037377,"RBBP6","RB binding protein 6, ubiquitin ligase"
"TC14000916.hg.1",1.10103025467812,6.79090213047141,3.01448628122721,0.00751685360394073,0.0444863288014789,-2.41403171711318,"SUPT16H","SPT16 homolog, facilitates chromatin remodeling subunit"
"TC11002162.hg.1",1.08994914333407,4.9385398027387,3.01398704380747,0.00752499409905434,0.0445021386705668,-2.41499357618087,"SYTL2","synaptotagmin like 2"
"TC12001155.hg.1",1.63296064977792,6.58611142337492,3.01340064714748,0.00753456674561919,0.0445286391185202,-2.41612330703097,"LPCAT3","lysophosphatidylcholine acyltransferase 3"
"TC02002467.hg.1",1.39521738561768,4.78482985516052,3.01192081716475,0.00755877692602692,0.044544464901562,-2.41897403421113,"LY75-CD302","LY75-CD302 readthrough"
"TC02002467.hg.1",1.39521738561768,4.78482985516052,3.01192081716475,0.00755877692602692,0.044544464901562,-2.41897403421113,"CD302","CD302 molecule"
"TC02002467.hg.1",1.39521738561768,4.78482985516052,3.01192081716475,0.00755877692602692,0.044544464901562,-2.41897403421113,"LY75","lymphocyte antigen 75"
"TC05000074.hg.1",1.01741384652836,6.46581263072338,3.01021580188204,0.00758676491829959,0.0445830699386086,-2.42225809242735,"MARCHF6","membrane associated ring-CH-type finger 6"
"TC05001989.hg.1",1.03767035363917,6.96011263199049,3.00897234607436,0.00760723985447601,0.0446067495017221,-2.42465281979172,"CLINT1","clathrin interactor 1"
"TC15000324.hg.1",1.32167767992658,5.05829920998053,3.00846182857281,0.00761566165646938,0.0446326673923254,-2.42563593061379,"TMEM62","transmembrane protein 62"
"TC12001609.hg.1",1.40719372076885,7.68223168580965,3.00715951661594,0.0076371864333106,0.0446635126325868,-2.42814360876813,"ATP5F1B","ATP synthase F1 subunit beta"
"TC09001473.hg.1",1.34829066574055,7.60881938650957,3.00202549729899,0.00772261952311943,0.0446937801490431,-2.43802662000691,"TXN","thioredoxin"
"TC17000444.hg.1",1.03115391157438,6.53015759788573,3.0053918723119,0.00766649688617093,0.0446937801490431,-2.43154684534123,"AATF","apoptosis antagonizing transcription factor"
"TC15001203.hg.1",1.10320137965753,5.0394019315604,3.00157842737152,0.00773010282536296,0.0447254715537455,-2.4388870161958,"ZNF770","zinc finger protein 770"
"TC04000278.hg.1",1.07315192824904,5.95821036058424,2.99902440780425,0.00777298867841617,0.044814787489204,-2.44380161991676,"SLAIN2","SLAIN motif family member 2"
"TC12000974.hg.1",1.11415194656309,3.57191324430989,2.99843051957506,0.00778299403246279,0.0448346980225743,-2.444944254267,"KNTC1","kinetochore associated 1"
"TC02001974.hg.1",-1.96624525978537,5.92081688661077,-2.99792475271849,0.0077915246507848,0.0448356556948577,-2.44591729567116,"PAIP2B","poly(A) binding protein interacting protein 2B"
"TC02002017.hg.1",-2.55818028173032,7.24508115678365,-2.99804069428794,0.0077895682969901,0.0448356556948577,-2.44569424041236,"REG1B","regenerating family member 1 beta"
"TC11001256.hg.1",-1.53197327770423,7.11303335474037,-2.99792240168215,0.00779156432621151,0.0448356556948577,-2.44592181870991,"MUC6","mucin 6, oligomeric mucus/gel-forming (gene/pseudogene)"
"TC08000767.hg.1",1.00998425048782,5.90869007355914,2.99729991158276,0.00780207620141978,0.0448409655238273,-2.44711936173203,"EFR3A","EFR3 homolog A"
"TC01002694.hg.1",1.19344991236327,6.67701201720093,2.99582179554954,0.00782709209326253,0.0448522998267595,-2.44996268240156,"DHCR24","24-dehydrocholesterol reductase"
"TC13000584.hg.1",1.01760702247783,4.49306930567038,2.99169964633359,0.00789726831955903,0.0449349365720115,-2.45789007550511,"PROSER1","proline and serine rich 1"
"TC16001315.hg.1",1.13749935270763,5.61729629291348,2.99146160922698,0.00790133931381493,0.0449349365720115,-2.45834775868334,"ZDHHC7","zDHHC palmitoyltransferase 7"
"TC0X000050.hg.1",1.01961174638153,6.49078959022724,2.98905185773272,0.00794266663309241,0.0450092952161974,-2.46298051969712,"PRPS2","phosphoribosyl pyrophosphate synthetase 2"
"TC11001192.hg.1",1.33656999977276,5.44209270472739,2.98430738158576,0.00802464882466658,0.0451365695535142,-2.47209880348936,"TMEM45B","transmembrane protein 45B"
"TC01000319.hg.1",1.1787054476756,7.34753134189425,2.98207427842061,0.00806351948008484,0.0452052691328995,-2.4763891628033,"TMEM50A","transmembrane protein 50A"
"TC14000514.hg.1",-1.4303657197801,5.18792180204473,-2.98061820768178,0.00808896303681825,0.0452535574186409,-2.47918616644773,"FLRT2","fibronectin leucine rich transmembrane protein 2"
"TC01001741.hg.1",1.17175043204012,6.19022478576789,2.97579364669031,0.00817382601975342,0.0453769710678404,-2.48845107805476,"CD46","CD46 molecule"
"TC06001301.hg.1",1.18064832437099,5.37997039150712,2.97005007880943,0.00827598088567597,0.0455606431545895,-2.49947535410384,"TPMT","thiopurine S-methyltransferase"
"TC14001348.hg.1",1.05089220704393,6.30878150811619,2.96966357284594,0.00828289956635713,0.0455679012495674,-2.50021700411878,"SPTLC2","serine palmitoyltransferase long chain base subunit 2"
"TC19001758.hg.1",-2.19518730306026,7.25545176500459,-2.96897145160115,0.00829530295950314,0.0455827996425931,-2.50154501865995,"KLK1","kallikrein 1"
"TC14001859.hg.1",-1.09036882200356,5.57923829053101,-2.96858104802642,0.00830230726454955,0.0455927096069038,-2.50229407102311,"MEG3","maternally expressed 3"
"TC15000092.hg.1",-1.96298280644066,5.27422555174133,-2.96702509448306,0.00833027996025875,0.0456402735767088,-2.50527914396095,"SNORD115-15","small nucleolar RNA, C/D box 115-15"
"TC15000092.hg.1",-1.96298280644066,5.27422555174133,-2.96702509448306,0.00833027996025875,0.0456402735767088,-2.50527914396095,"SNORD115-20","small nucleolar RNA, C/D box 115-20"
"TC15000092.hg.1",-1.96298280644066,5.27422555174133,-2.96702509448306,0.00833027996025875,0.0456402735767088,-2.50527914396095,"SNORD115-21","small nucleolar RNA, C/D box 115-21"
"TC15000092.hg.1",-1.96298280644066,5.27422555174133,-2.96702509448306,0.00833027996025875,0.0456402735767088,-2.50527914396095,"SNORD115-34","small nucleolar RNA, C/D box 115-34"
"TC12002517.hg.1",1.16374557924177,5.2032289833829,2.96609021045126,0.00834713110311157,0.0456503170179414,-2.50707249251008,"MRPL42","mitochondrial ribosomal protein L42"
"TC17000981.hg.1",1.0541719880078,7.2495921979812,2.96577864609378,0.00835275434489406,0.0456508846326173,-2.50767011783993,"PRPF8","pre-mRNA processing factor 8"
"TC15000080.hg.1",-1.92708039843683,4.82839915319245,-2.9639831841865,0.00838523124138032,0.0456730107079799,-2.51111372696797,"SNORD115-6","small nucleolar RNA, C/D box 115-6"
"TC0X001624.hg.1",1.14241313293102,7.89915502877435,2.96326741489998,0.00839821241992787,0.0456960986413528,-2.51248637346786,"SAT1","spermidine/spermine N1-acetyltransferase 1"
"TC12001002.hg.1",1.1230070456477,6.27226500937669,2.96131413101801,0.00843373637167209,0.0457477142356152,-2.51623175111943,"BRI3BP","BRI3 binding protein"
"TC02002254.hg.1",-1.01859528742607,5.21114092900775,-2.95893111222624,0.00847727316267503,0.0457938613581488,-2.52080018641728,"SCTR","secretin receptor"
"TC02003134.hg.1",1.19126797382753,6.43020645113148,2.95805100687624,0.00849340736698205,0.045806688698528,-2.52248715341762,"WDR43","WD repeat domain 43"
"TC19002491.hg.1",2.16690863422907,5.38407066582326,2.9576201778747,0.00850131622919163,0.045806688698528,-2.52331290507313,"CEACAM1","CEA cell adhesion molecule 1"
"TC05003108.hg.1",1.29942506835009,4.59959947986299,2.95525289831679,0.00854490067241417,0.0458534422390444,-2.52784955712666,"SERINC5","serine incorporator 5"
"TC02000967.hg.1",1.09232343444116,6.33461819893175,2.95352960569104,0.00857676469840128,0.045902479844997,-2.53115142043064,"MARCHF7","membrane associated ring-CH-type finger 7"
"TC10000338.hg.1",1.00853643309374,7.05334831874053,2.95324024741898,0.00858212627154223,0.045902479844997,-2.53170578264637,"NCOA4","nuclear receptor coactivator 4"
"TC11001062.hg.1",1.00139891563461,6.36929835245897,2.95324672533403,0.00858200620550954,0.045902479844997,-2.53169337221118,"UBE4A","ubiquitination factor E4A"
"TC03001001.hg.1",-1.81794694024085,7.54429411568649,-2.95080094403301,0.00862745388380694,0.0459785332311431,-2.53637846229848,"SNORD66","small nucleolar RNA, C/D box 66"
"TC04001177.hg.1",1.05213049530334,4.90577256627287,2.95080529705433,0.00862737278882921,0.0459785332311431,-2.53637012472693,"FRYL","FRY like transcription coactivator"
"TC10000846.hg.1",-3.81961903413797,7.22887769745827,-2.94997886803048,0.00864278206863081,0.0459957862129677,-2.53795296450235,"PNLIPRP2","pancreatic lipase related protein 2 (gene/pseudogene)"
"TC06000758.hg.1",1.53172212626179,6.33423333139054,2.94952445950901,0.00865126615751028,0.0460048904441009,-2.53882322797831,"SH3BGRL2","SH3 domain binding glutamate rich protein like 2"
"TC14001992.hg.1",1.00601462193625,4.79116176165034,2.94735713521976,0.00869184261485185,0.0460513774412773,-2.54297346226257,"MIS18BP1","MIS18 binding protein 1"
"TC20001754.hg.1",1.27200340730858,6.360761197584,2.94706938815634,0.00869724363812428,0.0460684777746311,-2.54352440631174,"PRELID3B","PRELI domain containing 3B"
"TC02002018.hg.1",-1.21228144078485,4.55406584820962,-2.946421521279,0.00870941603011707,0.0461154386616972,-2.54476480837625,"REG1CP","regenerating family member 1 gamma, pseudogene"
"TC06000266.hg.1",1.05774011631941,4.67415944008979,2.94633731345782,0.00871099937332265,0.0461170939722868,-2.54492602638792,"H4C11","H4 clustered histone 11"
"TC09001280.hg.1",1.09201068227118,7.21617826893161,2.94556916795742,0.00872545554476692,0.0461436791898613,-2.5463965990076,"UBQLN1","ubiquilin 1"
"TC20000063.hg.1",1.09059087018483,4.58261362232259,2.94309342956964,0.00877220624284969,0.0462052655810359,-2.55113551012347,"MCM8","minichromosome maintenance 8 homologous recombination repair factor"
"TC02003219.hg.1",1.1953206135219,6.06233361265889,2.94250062470789,0.008783436454119,0.0462333399801339,-2.55227005063506,"MSH2","mutS homolog 2"
"TC6_mcf_hap5000037.hg.1",1.43207551170387,5.75142469582518,2.94077141944871,0.00881627448003006,0.0462542869480107,-2.55557911389918,"MUCL3","mucin like 3"
"TC18000423.hg.1",1.00625475713793,5.9459971879107,2.94016398393698,0.00882783802781186,0.0462868420767653,-2.55674138806374,"SS18","SS18 subunit of BAF chromatin remodeling complex"
"TC06001350.hg.1",1.47035111241477,3.47769044492706,2.93989485496131,0.00883296604179831,0.0462931021245428,-2.55725632025155,"H2BC8","H2B clustered histone 8"
"TC09001996.hg.1",1.22764822520112,5.70133646792735,2.93299238647265,0.00896547672609106,0.046475302567764,-2.57045831056761,"TJP2","tight junction protein 2"
"TC17001890.hg.1",1.00620358531754,6.55949797323229,2.93242725315582,0.00897641077153049,0.0464765311842785,-2.5715388093095,"ACOX1","acyl-CoA oxidase 1"
"TC13001025.hg.1",1.34095386598378,6.51769430195016,2.93128706877717,0.00899851006455539,0.0465022591713522,-2.57371858284915,"UFM1","ubiquitin fold modifier 1"
"TC02001189.hg.1",1.17885445236141,4.61522230335772,2.92960137604055,0.00903127905147288,0.0465388892789246,-2.57694078796544,"SNORD70","small nucleolar RNA, C/D box 70"
"TC12001106.hg.1",1.02707476695249,4.85986087418081,2.9281445424417,0.00905969217598646,0.0465558648029029,-2.57972508878109,"FOXM1","forkhead box M1"
"TC18000803.hg.1",1.22205432150789,5.67779634344811,2.92758187758451,0.00907068917016255,0.046580660623853,-2.58080034473328,"LPIN2","lipin 2"
"TC12002285.hg.1",1.34355680444028,5.05040198502456,2.92125518693103,0.00919523390362743,0.0467841772300352,-2.59288648045866,"ETNK1","ethanolamine kinase 1"
"TC16000239.hg.1",1.097866619084,6.99799987653748,2.91976524007656,0.00922480428669451,0.0468236755646264,-2.59573165800064,"UQCRC2","ubiquinol-cytochrome c reductase core protein 2"
"TC16000899.hg.1",1.13203272988113,6.15211006977561,2.92005436921533,0.00921905886925083,0.0468236755646264,-2.59517957561071,"CEP20","centrosomal protein 20"
"TC02001119.hg.1",1.00182932598448,6.04700097103692,2.91760446448484,0.00926785188114429,0.0468612619878574,-2.59985707077513,"MFSD6","major facilitator superfamily domain containing 6"
"TC01006023.hg.1",1.51932114101854,5.1137891517331,2.91621450445995,0.00929564572278337,0.0468945098461462,-2.60251033940279,"ASPM","assembly factor for spindle microtubules"
"TC16000427.hg.1",1.0503075747337,6.18561044475527,2.91305016634021,0.00935922136530463,0.0470147708772262,-2.60854927435168,"PHKB","phosphorylase kinase regulatory subunit beta"
"TC01000898.hg.1",1.05869317747094,6.14968770535808,2.9118684628699,0.00938307101370963,0.0470697307209615,-2.61080397505152,"SLC71A1","solute carrier family 71 member 1"
"TC14001154.hg.1",1.15574029287571,3.30449649501833,2.91179961721445,0.00938446229704215,0.0470711546638907,-2.61093532470563,"WDHD1","WD repeat and HMG-box DNA binding protein 1"
"TC12001797.hg.1",1.29890082722221,5.44007995664585,2.90901551033133,0.00944089305316304,0.0470970776207705,-2.6162463003521,"POC1B-GALNT4","POC1B-GALNT4 readthrough"
"TC12001797.hg.1",1.29890082722221,5.44007995664585,2.90901551033133,0.00944089305316304,0.0470970776207705,-2.6162463003521,"GALNT4","polypeptide N-acetylgalactosaminyltransferase 4"
"TC07002426.hg.1",1.04366408976238,6.48343791224478,2.90579592398639,0.00950655970684012,0.0472363916992145,-2.62238608904645,"PTPN12","protein tyrosine phosphatase non-receptor type 12"
"TC04001718.hg.1",1.15241932551126,4.39955816410867,2.90432081576735,0.00953679332762988,0.0472930147003405,-2.62519845112322,"DDX60","DExD/H-box helicase 60"
"TC20000592.hg.1",1.22159974176058,5.32288480468405,2.90437156995131,0.00953575153404908,0.0472930147003405,-2.6251016931043,"PCNA","proliferating cell nuclear antigen"
"TC05001911.hg.1",-2.18474258548434,8.89128819782025,-2.90350993982707,0.00955345250914635,0.0473064268573605,-2.62674423941554,"SPINK1","serine peptidase inhibitor Kazal type 1"
"TC0X000909.hg.1",1.04982788550226,6.81080369525284,2.9011694850944,0.00960169433692329,0.047402694345139,-2.63120515848952,"EIF1AX","eukaryotic translation initiation factor 1A X-linked"
"TC17001083.hg.1",1.50303371901299,7.01768885369611,2.89628345314073,0.00970316613572807,0.0475899843792997,-2.64051443227008,"CLDN7","claudin 7"
"TC01006094.hg.1",1.09203693568316,4.25045907287078,2.89456732132598,0.00973905164154802,0.0476566152454129,-2.64378301216496,"INTS7","integrator complex subunit 7"
"TC20001234.hg.1",1.30910103450646,5.52911637942144,2.89342531777367,0.00976300276278634,0.0476976961440929,-2.64595776691729,"STK4","serine/threonine kinase 4"
"TC15000638.hg.1",1.24300716372518,3.58503982925815,2.89276853924412,0.00977680308039014,0.0477239638170719,-2.6472083726267,"KIF23","kinesin family member 23"
"TC13000524.hg.1",1.02817650790368,6.5424560488568,2.89196362693019,0.00979374171217341,0.0477623807252487,-2.64874092868499,"UBL3","ubiquitin like 3"
"TC03001719.hg.1",3.0956178434867,6.02689311817498,2.89002086737037,0.0098347421785856,0.0478078384550694,-2.65243941036051,"MUC13","mucin 13, cell surface associated"
"TC04000462.hg.1",1.52999401685432,4.83404839440416,2.88798980255736,0.0098777835573451,0.0478969188338859,-2.65630518312702,"CDS1","CDP-diacylglycerol synthase 1"
"TC20001661.hg.1",1.30706359983253,4.4659950416879,2.8874290512959,0.00988969875692781,0.0479260532036468,-2.65737232643119,"AURKA","aurora kinase A"
"TC10000659.hg.1",1.71130491584765,3.67495960127669,2.880465095607,0.0100388350257127,0.0481769621752317,-2.67061980846104,"KIF11","kinesin family member 11"
"TC07000722.hg.1",1.16818199627183,5.01760973661991,2.87569539214604,0.0101422310738696,0.0483230908362917,-2.67968744233475,"MET","MET proto-oncogene, receptor tyrosine kinase"
"TC18000069.hg.1",1.47062471455284,6.06423218464288,2.87545374542071,0.010147496684355,0.0483230908362917,-2.68014670960524,"SEH1L","SEH1 like nucleoporin"
"TC09002617.hg.1",1.91217350406424,5.23875707077491,2.87482126965637,0.0101612911640943,0.0483343273145434,-2.68134871891554,"RASEF","RAS and EF-hand domain containing"
"TC20000878.hg.1",1.37190996987275,7.54590591372226,2.87418338400748,0.0101752219700728,0.0483465031333306,-2.68256092583161,"SDC4","syndecan 4"
"TC08001584.hg.1",1.36494649413552,4.33653873674965,2.87370240673325,0.0101857382389325,0.04835570787152,-2.6834748960055,"ATAD2","ATPase family AAA domain containing 2"
"TC11002175.hg.1",1.09052847652584,6.06995974949461,2.87052817187567,0.0102554044620197,0.0485039158255659,-2.68950548747209,"CTSC","cathepsin C"
"TC13001100.hg.1",1.44509789818717,4.82348223424074,2.86763035039544,0.0103194055206793,0.0485419485392286,-2.69500910371704,"CKAP2","cytoskeleton associated protein 2"
"TC07003361.hg.1",1.45100733970872,6.52302507750486,2.86671054670246,0.0103398007000099,0.0485735164006438,-2.69675565208136,"CYP51A1","cytochrome P450 family 51 subfamily A member 1"
"TC06000270.hg.1",1.1328995007537,4.49026881332435,2.86525657840397,0.0103721194878567,0.048629589624222,-2.69951612601951,"H2BC17","H2B clustered histone 17"
"TC12001539.hg.1",1.45734280664145,8.43648126115675,2.86369856650069,0.0104068591338066,0.0486712553820087,-2.70247364362558,"KRT8","keratin 8"
"TC12002858.hg.1",1.45319964067433,6.44072638943156,2.86042142094212,0.0104802977934061,0.0487336472549525,-2.70869286676317,"VDR","vitamin D receptor"
"TC07001164.hg.1",1.83080580764849,3.62044581663168,2.85963430353581,0.0104980108894057,0.048761427339576,-2.71018628696329,"AGR3","anterior gradient 3, protein disulphide isomerase family member"
"TC01005782.hg.1",1.20843059193136,5.9063684910056,2.85839791537425,0.0105258925830369,0.0488109891263489,-2.71253185739874,"GPHRA","golgi pH regulator A"
"TC04002523.hg.1",1.52487296416778,6.73589912790781,2.85772923232987,0.0105410017494034,0.0488189011508364,-2.71380029144168,"RBM47","RNA binding motif protein 47"
"TC04002517.hg.1",1.25353324710253,7.35201288584736,2.85060252444099,0.0107033375119785,0.0490015476506919,-2.72731315100558,"UGDH","UDP-glucose 6-dehydrogenase"
"TC10001688.hg.1",1.16658090040512,7.01518680730459,2.85057943235148,0.0107038674128853,0.0490015476506919,-2.72735691805605,"PDZD8","PDZ domain containing 8"
"TC04001946.hg.1",1.19267540550434,5.13884959728826,2.84854903215739,0.0107505586093174,0.049070231838484,-2.7312047441407,"RBPJ","recombination signal binding protein for immunoglobulin kappa J region"
"TC20000393.hg.1",1.04734077299227,6.61404541024305,2.84543044147459,0.0108226564919348,0.0492162886110856,-2.73711308901105,"RNF114","ring finger protein 114"
"TC04000259.hg.1",1.08197188920603,6.35690490174386,2.84437723265701,0.0108471104591782,0.0492534758132526,-2.73910798057547,"SLC30A9","solute carrier family 30 member 9"
"TC17000812.hg.1",-1.2433149491023,4.21980069257564,-2.84256482840235,0.010889316555922,0.0493212003423884,-2.7425403116592,"KCNJ16","potassium inwardly rectifying channel subfamily J member 16"
"TC02001795.hg.1",1.0446444338908,5.87613674174907,2.8380582087817,0.0109949509231397,0.0495207021803473,-2.75107187369503,"LRPPRC","leucine rich pentatricopeptide repeat containing"
"TC18000052.hg.1",1.04789884504206,5.64999325925652,2.83707399005229,0.0110181518475112,0.0495714910840213,-2.75293453056921,"NAPG","NSF attachment protein gamma"
"TC14001155.hg.1",1.36931849472897,3.56831081262194,2.83299462690751,0.0111148182632122,0.0497013324642214,-2.76065257456973,"DLGAP5","DLG associated protein 5"
"TC08002442.hg.1",1.11618403729973,6.18225281982404,2.83155819859073,0.0111490505828077,0.049744685198744,-2.76336939404613,"STK3","serine/threonine kinase 3"
"TC01005497.hg.1",1.54185764574428,4.57149001706262,2.83145673465471,0.0111514724620787,0.0497460492405073,-2.76356128298322,"NDC1","NDC1 transmembrane nucleoporin"
"TC18000436.hg.1",1.39193494898486,5.92709803793651,2.83068107997864,0.0111700035929626,0.0497783357590208,-2.76502812929367,"DSC2","desmocollin 2"
"TC03000768.hg.1",1.91318504180403,5.78833363989533,2.82923425699764,0.011204648859158,0.0498221450964138,-2.76776387487296,"PLS1","plastin 1"
"TC13000356.hg.1",1.14590798147125,7.02440852693589,2.82645452670046,0.0112715022084872,0.0498869647545581,-2.77301867783143,"TM9SF2","transmembrane 9 superfamily member 2"
"TC11000482.hg.1",1.38513025852172,3.36984401565611,2.8254434714085,0.0112959135164676,0.0499148237341656,-2.77492955556256,"FAM111B","FAM111 trypsin like peptidase B"
"TC02001948.hg.1",1.11742716780612,7.46725704683392,2.82465823337374,0.0113149077165305,0.0499506251576139,-2.7764134870078,"GFPT1","glutamine--fructose-6-phosphate transaminase 1"
"TC06001254.hg.1",-1.25111044281723,5.822075962811,-2.82366846636435,0.0113388930979019,0.0499793379189663,-2.77828374054019,"SCARNA27","small Cajal body-specific RNA 27"
"TC06001386.hg.1",1.21276760107149,5.36620620285054,2.82355951576252,0.011341536325862,0.0499805765361975,-2.77848959925814,"H2BC11","H2B clustered histone 11"
