"miRNA","PDAC_minus_all_controls_log2RPM","PDAC_minus_benign_log2RPM","PDAC_vs_all_controls_p","PDAC_vs_benign_p","PDAC_vs_all_controls_BH_FDR","PDAC_vs_benign_BH_FDR"
"let-7a-5p",-0.644596277978897,-0.324400731588632,0.668155181457958,0.706486916615161,0.706644768868678,0.867421240358218
"let-7a-3p",-11.3390454983929,-11.0872480213244,2.23474291507428e-06,5.40756305307133e-05,8.47039653294284e-05,0.00115896510366453
"let-7b-5p",0.650645473959626,1.34871079432843,0.495890603297345,0.0928527280495179,0.613338377762506,0.257355877960167
"let-7b-3p",-10.6011950809389,-10.817226294819,1.13969343429988e-06,1.36025590735364e-05,7.03548906926328e-05,0.000701710229858464
"let-7c-5p",-10.202062587597,-9.66235470339502,0.00234733977829732,0.0289170663809763,0.0102532499609641,0.122534202973607
"let-7c-3p",0,0,0.0118766953867719,0.261142570421287,0.0335459545179254,0.587820920009602
"let-7d-5p",-9.66799853567253,-10.0721141571158,0.0285611830100672,0.0424986244431587,0.0729551957322368,0.132390334243398
"let-7d-3p",-13.0821057864722,-13.0838682815545,0.000743939061266466,0.00301104178481257,0.00439260500999044,0.0221963247198972
"let-7e-5p",-8.49701351332431,-8.01640823704614,0.000104351608955805,0.00187872991256062,0.00104797556002624,0.0158813499802786
"let-7e-3p",0,0,0.00726242167335153,0.0935242211821204,0.0265836307357883,0.257355877960167
"let-7f-5p",-13.4907524964222,-13.0937929072809,1.73834948180098e-05,0.000256048089026015,0.000296023281321182,0.00412132198089818
"let-7f-1-3p",-10.0960957825871,-9.73303604999071,9.82490893975778e-06,0.000229477454057799,0.000217110115270308,0.00390776823939006
"let-7f-2-3p",-3.68032435684402,-5.0789940865545,3.58246496131291e-07,6.83457957172326e-06,4.20939632954267e-05,0.000701710229858464
"let-7g-5p",-3.78208631069458,-3.63189703134303,0.0207035556579562,0.0615275831517172,0.0551625349163232,0.179838085082755
"let-7g-3p",0,0,0.00310130570411929,0.052196091347301,0.0131080366990653,0.155477517101907
"let-7i-5p",-10.720765826104,-10.5920264174583,0.00867695665385171,0.0225930534254743,0.0284418472887746,0.0972411640107412
"let-7i-3p",-6.55213110825378,-6.7375185204934,0.000282481938852473,0.00130980414706158,0.001999495651516,0.0123368009160174
"miR-1-3p",-5.61588707391606,-5.52090813956232,0.000202668247084421,0.00231363079569005,0.00158431277114813,0.0183683526009176
"miR-100-5p",0,0,0.0386775888804501,0.507528001362339,0.0959385924046014,0.812933700626135
"miR-101-5p",0,0,0.521383191051127,0.748367463509082,0.642838666825891,0.906527597549661
"miR-101-3p",-8.60288440871842,-8.80087843135635,0.00128225275366823,0.00408325046198121,0.00627769577316737,0.0241526016779772
"miR-10393-5p",0,0,0.0706448247925672,0.0432662879569913,0.120300969755459,0.132390334243398
"miR-10394-3p",0,0,0.353713367673739,0.261142570421287,0.484962902003085,0.587820920009602
"miR-10395-3p",0,0,0.00927083192476653,0.0432662879569913,0.0284418472887746,0.132390334243398
"miR-10396a-5p",0,0,0.0106865804296788,0.261142570421287,0.0312356517534144,0.587820920009602
"miR-10396b-5p",0,0,0.00871071730802459,0.110874686676741,0.0284418472887746,0.297437801016372
"miR-10396b-3p",0,0,0.612736563453111,0.65657368671847,0.652733873125481,0.812933700626135
"miR-10398-5p",0,0,0.612736563453111,0.65657368671847,0.652733873125481,0.812933700626135
"miR-10398-3p",0,0,0.353713367673739,0.261142570421287,0.484962902003085,0.587820920009602
"miR-10399-5p",0,0,0.000897455866224765,0.0935242211821204,0.00502147925149571,0.257355877960167
"miR-103a-3p",-6.58556349845569,-6.43880449547428,0.00164851655333317,0.00764381917872781,0.00777914437817862,0.0400959264955588
"miR-103a-1-5p",0,0,0.946823085167822,0.910807156347641,0.953313731852777,1
"miR-103a-2-5p",-3.114367024952,0,0.00250334925032831,0.0237852874122792,0.0108145978637896,0.101628046216102
"miR-10400-5p",0,0,0.842804160348067,0.711101245301095,0.859630979521683,0.872175326961155
"miR-10401-5p",0,0,0.0255501633038862,0.0443858702705678,0.0661265239693091,0.135112428932428
"miR-10401-3p",-1.4276061727819,-2.35547207728794,0.000546398525538006,0.00134743268054052,0.00343325276741795,0.0123690109346493
"miR-105-5p",0,0,0.0706448247925672,1,0.120300969755459,1
"miR-10527-5p",0,0,0.38109101728671,0.65657368671847,0.490451199684429,0.812933700626135
"miR-106a-5p",-4.99774402605963,-2.4388721249745,0.0205480297560944,0.0970487709944169,0.0548725794622975,0.266430621304766
"miR-106a-3p",0,0,0.125020487377765,0.787804146434407,0.19665203837868,0.939766367574038
"miR-106b-5p",0,0,0.209134055036912,0.923279074532318,0.314235952261344,1
"miR-106b-3p",-6.10244817792658,-5.56639212814877,0.0022351318108853,0.0146400988680048,0.00983625422393345,0.0696441950198609
"miR-107",-5.84172158112846,-4.37635640226375,0.00265317952011679,0.0167692734070419,0.0114193624034331,0.0763716909041639
"miR-10a-5p",-6.29204549249286,-2.35547207728794,3.70670006303567e-06,0.000192742556135205,0.000106559554346501,0.00338018661878904
"miR-10a-3p",0,0,0.0570638166231816,0.970213780823634,0.120300969755459,1
"miR-10b-5p",-4.877744249949,0,5.52428052659082e-05,0.00338530907412802,0.000666896006001081,0.0221963247198972
"miR-10b-3p",0,0,0.00629048472595954,0.0906078122684211,0.0238429663000079,0.254698993816734
"miR-11399",0,0,0.0706448247925672,1,0.120300969755459,1
"miR-11400",0,0,0.0749987630184072,0.286392307168894,0.122054773610289,0.605235541229228
"miR-1179",0,0,0.0749987630184072,0.65657368671847,0.122054773610289,0.812933700626135
"miR-1180-5p",0,0,0.38109101728671,0.286392307168894,0.490451199684429,0.605235541229228
"miR-1180-3p",0,0,0.455014792455299,0.507528001362339,0.565161079423866,0.812933700626135
"miR-1185-1-3p",0,0,0.612736563453111,0.65657368671847,0.652733873125481,0.812933700626135
"miR-1185-2-3p",0,0,0.612736563453111,0.65657368671847,0.652733873125481,0.812933700626135
"miR-1207-5p",0,0,0.455014792455299,0.507528001362339,0.565161079423866,0.812933700626135
"miR-12114",0,0,0.612736563453111,0.65657368671847,0.652733873125481,0.812933700626135
"miR-12116",0,0,0.00127385219166105,0.00361334962178766,0.00626266244854284,0.0221963247198972
"miR-12125",0,0,0.353713367673739,0.65657368671847,0.484962902003085,0.812933700626135
"miR-12133",0,0,0.612736563453111,0.65657368671847,0.652733873125481,0.812933700626135
"miR-12136",-7.02536107234203,-7.36694660571592,0.00154573494562418,0.00532172826459792,0.00735319255509476,0.0294954278816158
"miR-122-5p",-10.3789992307229,-9.81615538570647,0.0102021787194028,0.0529796846818692,0.0305026971890542,0.15680385264785
"miR-122-3p",-4.99774402605963,0,0.0387020364253456,0.247758453107429,0.0959385924046014,0.587820920009602
"miR-1224-5p",0,0,0.0290476557023123,0.49038010752107,0.0738766135286081,0.812933700626135
"miR-1224-3p",0,0,0.0106865804296788,0.261142570421287,0.0312356517534144,0.587820920009602
"miR-1225-5p",0,0,0.38109101728671,0.65657368671847,0.490451199684429,0.812933700626135
"miR-1226-3p",0,0,0.130211921257773,0.877098561571675,0.203727040583067,1
"miR-1227-3p",0,0,0.00149241892620653,0.00968467182078396,0.00715751933997011,0.0491434495038009
"miR-1228-5p",-6.90074607531062,-8.1266258888425,0.119623819256357,0.101716255025947,0.189431250170107,0.277174360755007
"miR-1228-3p",0,0,0.201817015926259,0.537498058349716,0.304409491288003,0.812933700626135
"miR-1229-5p",0,0,0.0706448247925672,0.0432662879569913,0.120300969755459,0.132390334243398
"miR-1229-3p",-5.20045727142857,-6.67894866932439,2.3853386522306e-06,1.75956406675291e-05,8.49325126173017e-05,0.000701710229858464
"miR-122b-3p",0,0,0.00927083192476653,0.00361334962178766,0.0284418472887746,0.0221963247198972
"miR-1234-3p",0,0,0.0749987630184072,0.0390897193354377,0.122054773610289,0.132390334243398
"miR-1237-5p",0,0,0.612736563453111,0.65657368671847,0.652733873125481,0.812933700626135
"miR-1238-3p",0,0,0.702810241654818,0.507528001362339,0.727578884532521,0.812933700626135
"miR-1246",-0.897599232709583,-1.02233018429721,0.339946020914004,0.328048958933146,0.484962902003085,0.669526261004259
"miR-1247-5p",0,0,0.612736563453111,0.65657368671847,0.652733873125481,0.812933700626135
"miR-1248",0,0,0.0706448247925672,0.0432662879569913,0.120300969755459,0.132390334243398
"miR-1249-5p",0,0,0.317967174982724,0.178175922044043,0.457296732686293,0.45911558860033
"miR-1249-3p",0,0,0.0706448247925672,0.0432662879569913,0.120300969755459,0.132390334243398
"miR-1251-3p",0,0,0.0706448247925672,0.0432662879569913,0.120300969755459,0.132390334243398
"miR-1255a",0,0,0.387757047746519,0.850081347920725,0.497395776312402,1
"miR-1255b-5p",0,0,0.00203696078310208,0.0523992312956214,0.00906601863691268,0.155477517101907
"miR-1255b-2-3p",0,0,0.796675715185217,0.270663938783426,0.818263955719082,0.597800992613769
"miR-1258",0,0,0.00927083192476653,1,0.0284418472887746,1
"miR-125a-5p",-9.50503741081457,-10.0141078776929,1.68669096703403e-06,2.63178953419653e-05,7.92744754505993e-05,0.000754581008686348
"miR-125a-3p",0,0,0.201817015926259,0.537498058349716,0.304409491288003,0.812933700626135
"miR-125b-5p",-6.55213110825378,-6.61057893688171,0.000237595370001676,0.00242478005909414,0.00173400347672031,0.0189941104629041
"miR-126-5p",-15.9300990421819,-15.3902782799783,8.6821337751949e-07,2.03801292169733e-05,7.03548906926328e-05,0.000701710229858464
"miR-126-3p",-11.3366850725139,-11.7367675570625,7.58883489537791e-07,2.38663686852519e-06,7.03548906926328e-05,0.000513380787012042
"miR-1260a",-7.16007309819972,-7.41931162321377,8.15318015136168e-06,1.95123870142905e-05,0.000191599733557,0.000701710229858464
"miR-1260b",-8.02961852558595,-8.25699918749109,0.0048509435295085,0.00985016424205863,0.0193215547361779,0.0492485918492729
"miR-1262",0,0,0.612736563453111,0.65657368671847,0.652733873125481,0.812933700626135
"miR-1267",0,0,0.0706448247925672,1,0.120300969755459,1
"miR-1268a",-4.877744249949,-5.01404005221529,0.0343681550671332,0.0150706709414536,0.0862875688117126,0.0702699934770158
"miR-1268b",-1.4276061727819,-4.53605236416129,0.00233622701503527,0.00121606934697869,0.010242786353233,0.0119073456891663
"miR-127-3p",0,0,0.0106865804296788,0.0309198366597699,0.0312356517534144,0.125712138668615
"miR-1270",0,0,0.0118766953867719,0.65657368671847,0.0335459545179254,0.812933700626135
"miR-1271-5p",0,0,0.353713367673739,0.261142570421287,0.484962902003085,0.587820920009602
"miR-1273c",-3.114367024952,-4.06503994292015,0.0578467608860377,0.0699853643352417,0.120300969755459,0.201550987975267
"miR-1273h-5p",0,0,0.299655212787866,0.784661070905791,0.432548986518111,0.939766367574038
"miR-1273h-3p",0,0,0.00117598528162065,0.00120577865826715,0.00626266244854284,0.0119073456891663
"miR-1275",0,0,0.0131828867222297,0.286392307168894,0.0362760934393909,0.605235541229228
"miR-1277-5p",0,0,0.712747267335748,0.877098561571675,0.737216583731958,1
"miR-1277-3p",0,0,0.000779523185951453,0.00500151073037321,0.00455691414673113,0.0280087430417639
"miR-1278",0,0,0.0706448247925672,1,0.120300969755459,1
"miR-128-1-5p",0,0,0.612736563453111,0.65657368671847,0.652733873125481,0.812933700626135
"miR-128-3p",-5.35860724911781,-5.46301550341255,6.61818844331811e-06,8.65264557836612e-05,0.000163927099026754,0.00175290664734141
"miR-1281",0,0,0.38109101728671,0.286392307168894,0.490451199684429,0.605235541229228
"miR-1283",0,0,0.38109101728671,0.65657368671847,0.490451199684429,0.812933700626135
"miR-1284",0,0,0.00127385219166105,0.0432662879569913,0.00626266244854284,0.132390334243398
"miR-1285-5p",-5.28577209324984,-2.07649730274622,3.96056618521092e-05,0.00098872335223343,0.000534904053749751,0.0101907889374937
"miR-1285-3p",-0.991164621218093,-2.446174298065,0.844588744802225,0.718733492975465,0.860704054763759,0.880617157712379
"miR-1287-5p",0,0,0.0706448247925672,0.0432662879569913,0.120300969755459,0.132390334243398
"miR-1288-3p",0,0,0.612736563453111,0.65657368671847,0.652733873125481,0.812933700626135
"miR-129-5p",0,0,0.0706448247925672,1,0.120300969755459,1
"miR-1290",0.722581595547934,0.263190070075963,0.925968050587723,0.992919668059445,0.935522321101096,1
"miR-1291",0,0,0.671622784809256,0.507528001362339,0.707763921211548,0.812933700626135
"miR-1292-5p",0,0,0.0749987630184072,0.65657368671847,0.122054773610289,0.812933700626135
"miR-1292-3p",0,0,0.0706448247925672,1,0.120300969755459,1
"miR-1294",0,0,0.189051978638913,0.507528001362339,0.289239680860315,0.812933700626135
"miR-1296-5p",0,0,0.0706448247925672,0.0432662879569913,0.120300969755459,0.132390334243398
"miR-1299",0,0,0.00927083192476653,1,0.0284418472887746,1
"miR-1301-3p",0,0,0.970487503925455,0.406516419740042,0.971314154269514,0.783043923269752
"miR-1302",0,0,0.351011998252256,0.406516419740042,0.484962902003085,0.783043923269752
"miR-1303",0,0,0.702810241654818,0.507528001362339,0.727578884532521,0.812933700626135
"miR-1304-5p",0,0,0.0386775888804501,0.506670057879492,0.0959385924046014,0.812933700626135
"miR-1304-3p",0,0,0.000193009211436976,0.00671416204037372,0.00153233664485437,0.0361887174194455
"miR-1306-5p",-3.60407132366886,0,0.000873199967256343,0.0138795320907033,0.00492027539749597,0.0662945130348631
"miR-1306-3p",0,0,0.0749987630184072,0.65657368671847,0.122054773610289,0.812933700626135
"miR-1307-5p",0,0,0.280313596423264,0.150672340575368,0.406627747897945,0.39342222261346
"miR-1307-3p",0,0,0.00959731113593983,0.0929714327565414,0.0287866295963967,0.257355877960167
"miR-130a-5p",0,0,0.702810241654818,0.507528001362339,0.727578884532521,0.812933700626135
"miR-130a-3p",-9.82314428981153,-10.1012535299185,0.000181120065608748,0.0003473368038228,0.00146311144608194,0.00474559005223011
"miR-130b-5p",-6.29204549249286,-3.14602274624643,4.7964928735397e-05,0.00123261176470834,0.000599561609192463,0.0119695770539859
"miR-130b-3p",-7.94415566344036,-9.04418069949852,0.000279433896087673,0.000910835810938291,0.00198990804789706,0.00964173043110353
"miR-132-5p",0,0,0.00927083192476653,1,0.0284418472887746,1
"miR-132-3p",0,0,0.0149587046781883,0.724851339226266,0.040970811181518,0.882591008902448
"miR-1323",0,0,0.0706448247925672,1,0.120300969755459,1
"miR-133a-3p",0,0,0.27509358205035,0.330489558623379,0.399548774918617,0.669526261004259
"miR-133b",0,0,0.455014792455299,0.507528001362339,0.565161079423866,0.812933700626135
"miR-134-5p",0,0,0.00287999868671964,0.0456041072692554,0.0123054489341657,0.137750195479114
"miR-134-3p",0,0,0.612736563453111,0.65657368671847,0.652733873125481,0.812933700626135
"miR-1343-3p",0,0,0.0751605738698255,0.0317222122215335,0.12214892710518,0.128087970310316
"miR-135a-5p",0,0,0.00355733131002016,0.197663931702195,0.0147178320044848,0.501630928185916
"miR-135b-3p",0,0,0.612736563453111,0.65657368671847,0.652733873125481,0.812933700626135
"miR-136-5p",0,0,0.000206297748072905,0.0123566829026604,0.00158431277114813,0.0597493926363207
"miR-136-3p",-3.114367024952,-2.35547207728794,8.92260849939614e-07,3.66708191648181e-05,7.03548906926328e-05,0.000955808994718865
"miR-138-1-3p",0,0,0.0706448247925672,1,0.120300969755459,1
"miR-139-5p",-6.88752527074159,-6.41846633523359,0.000160533808246761,0.00197757587530901,0.00143329787079655,0.0163637440386485
"miR-139-3p",-2.13093086982645,0,0.000204942254850286,0.00500581790533653,0.00158431277114813,0.0280087430417639
"miR-140-5p",-3.78972925137577,0,0.00189426693812939,0.0169266928359719,0.00868243204818028,0.076790981012614
"miR-140-3p",-8.98837225834957,-9.32143004403407,0.000166673324538782,0.000438739345186426,0.00143329787079655,0.00565444501582673
"miR-141-5p",0,0,0.455014792455299,0.507528001362339,0.565161079423866,0.812933700626135
"miR-141-3p",0,0,0.0274994897924718,0.787804146434407,0.0703962973990291,0.939766367574038
"miR-142-5p",-11.4599592124576,-11.5793970402431,0.00144897152118964,0.00316161868544827,0.00697762925163044,0.0221963247198972
"miR-142-3p",-11.883700994327,-12.4859407696247,0.000406868540007047,0.000383241240933713,0.00265594741393489,0.00517595928847256
"miR-143-5p",0,0,0.702810241654818,0.507528001362339,0.727578884532521,0.812933700626135
"miR-143-3p",-7.40156220725607,-3.99561919054492,0.00192860831027664,0.0214381137883276,0.00868243204818028,0.0937226905021724
"miR-144-5p",-12.0667753840262,-12.4677753722158,6.80625431885964e-06,9.92253142817865e-06,0.000163927099026754,0.000701710229858464
"miR-144-3p",-9.50664478219481,-10.8572621364499,0.00720748521922785,0.0097032172637292,0.0264649847893522,0.0491434495038009
"miR-145-5p",-6.55213110825378,-6.77448587802458,0.0010984785580542,0.00719853427597665,0.00595680980030287,0.0382727501098306
"miR-145-3p",-5.13051908302734,-6.27889308290868,1.39296644300875e-05,0.000249346160418883,0.000255739932896137,0.00408811173227469
"miR-1468-5p",0,0,0.0328184384541955,0.507528001362339,0.082678365820357,0.812933700626135
"miR-1468-3p",0,0,0.0706448247925672,0.0432662879569913,0.120300969755459,0.132390334243398
"miR-1469",0,0,0.000261212419772225,3.45585776014109e-05,0.00187149142214856,0.000922871106401314
"miR-146a-5p",-11.1709140105294,-12.0482384259115,1.01513886321352e-05,3.77892756168467e-05,0.000217110115270308,0.000955808994718865
"miR-146a-3p",0,0,0.103932746044169,0.210972596666157,0.166377352318664,0.528556079067665
"miR-146b-5p",-10.005764882353,-10.8414007624481,1.08888587170717e-06,8.15263038350696e-06,7.03548906926328e-05,0.000701710229858464
"miR-147b-3p",0,0,0.455014792455299,0.507528001362339,0.565161079423866,0.812933700626135
"miR-148a-3p",-5.1122831085982,-5.05501356732892,6.31586891884827e-05,0.000525454434986963,0.000713571728812185,0.00643134334489252
"miR-148b-5p",0,0,0.25215997925402,0.439379362753086,0.368976308372943,0.812933700626135
"miR-148b-3p",-4.86294724802092,-6.5766166558151,0.000370261318700793,0.00224714909281539,0.00247938094120254,0.0182096564417799
"miR-150-5p",-1.77761000581313,-1.90967889061279,0.0664657964143185,0.0759464721126553,0.120300969755459,0.215548562155483
"miR-150-3p",-4.71094415457587,-2.35547207728794,0.000628539499459821,0.0072459507618424,0.0038266005796129,0.0383513159692109
"miR-151a-5p",-8.47763685642312,-9.08842336116067,0.000198371574170801,0.000952897678990252,0.00156433959497108,0.00999691761440667
"miR-151a-3p",-12.5847628953144,-13.0189325228761,5.7586085126137e-06,1.94127171892003e-05,0.000151786787170183,0.000701710229858464
"miR-151b",-7.02536107234203,-7.46151427605417,7.79316910149782e-05,0.000456657600270576,0.00083245215402363,0.00576959871309599
"miR-152-3p",0,0,0.387757047746519,0.270663938783426,0.497395776312402,0.597800992613769
"miR-153-3p",0,0,2.26587372848694e-05,0.00306846599726434,0.000343915101471361,0.0221963247198972
"miR-1537-5p",0,0,0.612736563453111,0.65657368671847,0.652733873125481,0.812933700626135
"miR-1538",0,0,0.612736563453111,0.65657368671847,0.652733873125481,0.812933700626135
"miR-154-5p",0,0,0.0621454897768268,0.0309198366597699,0.120300969755459,0.125712138668615
"miR-155-5p",0,0,2.28301088636308e-05,0.000312461718624584,0.000343915101471361,0.00444760418374847
"miR-155-3p",0,0,0.00127385219166105,0.0432662879569913,0.00626266244854284,0.132390334243398
"miR-15a-5p",-4.90737141382356,-2.07649730274622,0.00561107637615172,0.0359457454007578,0.02140589201941,0.132390334243398
"miR-15a-3p",0,0,0.0497505370392695,0.552868953113204,0.119543723969615,0.812933700626135
"miR-15b-5p",-6.60110220337641,-6.64071328011021,4.56969554535374e-06,4.32083647438026e-05,0.000127842672995015,0.000996517777601497
"miR-15b-3p",-10.485275867643,-10.1876342306974,1.24658659638031e-06,2.177570497581e-05,7.03548906926328e-05,0.000701710229858464
"miR-16-5p",-11.4480233585689,-10.8221853531052,3.46717805203424e-06,6.47245515655584e-05,0.000104459851567698,0.00135805978731306
"miR-16-1-3p",0,0,0.612693586303488,1,0.652733873125481,1
"miR-16-2-3p",-10.0137832572389,-9.69777067872715,4.02063341730665e-08,1.17023078431863e-06,1.85137430142174e-05,0.000458340390524797
"miR-17-5p",-9.14376584097546,-9.49481295274171,0.00076868986057041,0.00333293236259597,0.00451605293085116,0.0221963247198972
"miR-17-3p",-3.48800077083407,-2.07649730274622,0.0158697293926884,0.0688284573574908,0.043336514772667,0.198706234385876
"miR-181a-5p",-6.50096135246006,-6.96025012198692,2.72584444651377e-05,0.000250505569977683,0.000385887617428154,0.00408811173227469
"miR-181a-3p",0,0,0.455014792455299,0.507528001362339,0.565161079423866,0.812933700626135
"miR-181a-2-3p",0,0,0.00192607260273808,0.261142570421287,0.00868243204818028,0.587820920009602
"miR-181b-5p",-3.78972925137577,-1.58576355301941,4.7964928735397e-05,0.00134743268054052,0.000599561609192463,0.0123690109346493
"miR-181b-3p",0,0,0.00121659602099532,0.0935242211821204,0.00626266244854284,0.257355877960167
"miR-181b-2-3p",0,0,0.000231693557514105,0.0309198366597699,0.00172303753214603,0.125712138668615
"miR-181c-5p",0,0,0.0131828867222297,0.286392307168894,0.0362760934393909,0.605235541229228
"miR-181d-5p",0,0,0.0706448247925672,1,0.120300969755459,1
"miR-182-5p",0,0,0.00951614069046783,0.159455657794135,0.0287866295963967,0.412688101119183
"miR-1827",0,0,0.00927083192476653,0.0432662879569913,0.0284418472887746,0.132390334243398
"miR-183-5p",-9.275914966599,-8.72323964347759,0.00205343346607533,0.0216994128754916,0.0091048465005227,0.0944326301063062
"miR-183-3p",0,0,0.00871071730802459,0.537498058349716,0.0284418472887746,0.812933700626135
"miR-184",0,0,0.121861467891986,0.784661070905791,0.192455947275649,0.939766367574038
"miR-1843",0,0,0.0013443857822626,0.0935242211821204,0.0065274929510684,0.257355877960167
"miR-185-5p",-11.8014860778517,-12.2007165810673,0.000847557039963035,0.00163689758841207,0.004857948887593,0.0143533930327177
"miR-185-3p",0,0,0.882352658910174,0.724851339226266,0.896854994999528,0.882591008902448
"miR-186-5p",-9.15438776740682,-9.67521181718272,0.000104351608955805,0.000283019213760693,0.00104797556002624,0.00431879969050408
"miR-186-3p",0,0,0.353713367673739,0.261142570421287,0.484962902003085,0.587820920009602
"miR-188-5p",0,0,0.123824972088795,0.850081347920725,0.19529441906622,1
"miR-188-3p",0,0,0.612736563453111,0.65657368671847,0.652733873125481,0.812933700626135
"miR-18a-5p",0,0,0.04770730299828,0.314747161688554,0.115104889164228,0.656887948461902
"miR-18a-3p",-5.10768786931437,-5.33985343315274,1.77566762555058e-06,1.9604447683361e-05,8.02465176931511e-05,0.000701710229858464
"miR-18b-5p",0,0,0.572683011918552,0.740813480019598,0.652733873125481,0.900161157210991
"miR-18b-3p",0,0,0.0491192067136804,0.507528001362339,0.118268581738882,0.812933700626135
"miR-1908-5p",0,0,0.0363268255425597,0.356649822697423,0.0910107036514023,0.718805388798408
"miR-1908-3p",0,0,0.353713367673739,0.261142570421287,0.484962902003085,0.587820920009602
"miR-1909-5p",0,0,0.38109101728671,0.65657368671847,0.490451199684429,0.812933700626135
"miR-1909-3p",0,0,0.612736563453111,0.65657368671847,0.652733873125481,0.812933700626135
"miR-190a-5p",-3.84699468696557,-4.94750790859689,4.49578418312268e-05,0.000440693221211965,0.000574189827735777,0.00565444501582673
"miR-190a-3p",0,0,0.000578436942543633,0.013668276973302,0.00357717582888826,0.0655519405862441
"miR-190b-5p",0,0,0.000166443931100569,0.0123566829026604,0.00143329787079655,0.0597493926363207
"miR-190b-3p",0,0,0.612736563453111,0.65657368671847,0.652733873125481,0.812933700626135
"miR-191-5p",-12.8524846439338,-13.5634923969603,4.12507588755019e-05,5.09361552235836e-05,0.000538551574207941,0.00115096119976367
"miR-191-3p",0,0,0.000578436942543633,0.0148667379623491,0.00357717582888826,0.0698736684230408
"miR-1910-3p",0,0,0.455014792455299,0.507528001362339,0.565161079423866,0.812933700626135
"miR-1913",0,0,0.612736563453111,0.65657368671847,0.652733873125481,0.812933700626135
"miR-1914-5p",0,0,0.612736563453111,0.65657368671847,0.652733873125481,0.812933700626135
"miR-1915-3p",0,0,0.893882113186205,0.970213780823634,0.907004734882375,1
"miR-192-5p",-9.54225804976692,-9.53797882823017,8.16658277414935e-05,0.000670211021739643,0.000856762032109419,0.00755172787025294
"miR-192-3p",0,0,0.072675981092412,0.970213780823634,0.122054773610289,1
"miR-193a-5p",-4.16430358309365,-5.06953115678486,0.00186987618792249,0.00989163206504546,0.00861609616003499,0.0492485918492729
"miR-193b-5p",0,0,0.310773208499567,0.617621420636158,0.447498186258567,0.812933700626135
"miR-193b-3p",0,0,0.350430213619388,0.724851339226266,0.484962902003085,0.882591008902448
"miR-194-5p",-8.7382949659938,-9.28470764436491,2.23474291507428e-06,8.99826985044214e-06,8.47039653294284e-05,0.000701710229858464
"miR-194-3p",0,0,0.612736563453111,0.65657368671847,0.652733873125481,0.812933700626135
"miR-195-5p",0,0,0.0415725819517829,0.940469058454918,0.102621394523834,1
"miR-195-3p",0,0,0.00127385219166105,1,0.00626266244854284,1
"miR-196a-5p",0,0,0.0328184384541955,0.507528001362339,0.082678365820357,0.812933700626135
"miR-196a-1-3p",0,0,0.00927083192476653,1,0.0284418472887746,1
"miR-196b-5p",0,0,0.0290476557023123,0.431901346271595,0.0738766135286081,0.812933700626135
"miR-196b-3p",0,0,0.0118766953867719,0.0348005131915217,0.0335459545179254,0.132390334243398
"miR-197-5p",0,0,0.0232364853815276,0.289442766288393,0.0610378676607377,0.610583932475515
"miR-197-3p",-4.85149920246126,-2.4388721249745,0.0052840308158612,0.0380696150312405,0.0207650040422639,0.132390334243398
"miR-1972",0,0,0.893882113186205,0.970213780823634,0.907004734882375,1
"miR-1973",0,0,0.00927083192476653,0.0432662879569913,0.0284418472887746,0.132390334243398
"miR-1976",0,0,0.00176539229643505,0.0628009849115669,0.00819895631743552,0.182200388323682
"miR-198",0,0,0.612736563453111,0.65657368671847,0.652733873125481,0.812933700626135
"miR-199a-5p",-4.98458935036246,-6.50078656361653,0.000296724371412526,0.00231363079569005,0.00206302447579715,0.0183683526009176
"miR-199a-3p",-8.39776018682607,-8.49225234184473,1.07169248388748e-05,0.000102034482802673,0.000217110115270308,0.00196541831628099
"miR-199b-5p",0,0,0.173447746129651,0.575659340581234,0.268866888789367,0.812933700626135
"miR-199b-3p",-8.39776018682607,-8.49225234184473,1.07169248388748e-05,0.000102034482802673,0.000217110115270308,0.00196541831628099
"miR-19a-5p",0,0,0.612736563453111,0.65657368671847,0.652733873125481,0.812933700626135
"miR-19a-3p",-12.0145435965819,-12.0970857042692,3.26560251896578e-05,5.4249430384297e-05,0.000451421524680563,0.00115896510366453
"miR-19b-1-5p",0,0,0.702810241654818,0.507528001362339,0.727578884532521,0.812933700626135
"miR-19b-3p",-13.2711244917786,-13.4623880638923,3.0330293534252e-05,2.79516079937818e-05,0.000424263034556501,0.000781979509349849
"miR-19b-2-5p",0,0,0.0706448247925672,1,0.120300969755459,1
"miR-200a-5p",0,0,0.0683239772049797,0.65657368671847,0.120300969755459,0.812933700626135
"miR-200a-3p",0,0,0.00215458682675955,0.286392307168894,0.0095174418099341,0.605235541229228
"miR-200b-5p",0,0,0.207802651866282,0.330489558623379,0.312635231681026,0.669526261004259
"miR-200b-3p",0,0,0.060678447654756,1,0.120300969755459,1
"miR-200c-3p",0,0,0.101420065392181,0.82920315736286,0.162576503186647,0.984155262526627
"miR-202-5p",0,0,3.44476867019725e-06,0.000314171189149892,0.000104459851567698,0.00444760418374847
"miR-202-3p",0,0,0.00927083192476653,1,0.0284418472887746,1
"miR-203a-3p",0,0,0.0222316927093164,0.0759397486779281,0.0587016605245994,0.215548562155483
"miR-204-5p",0,0,3.47311330251227e-07,2.633006072863e-05,4.20939632954267e-05,0.000754581008686348
"miR-204-3p",0,0,0.00127385219166105,0.000312461718624584,0.00626266244854284,0.00444760418374847
"miR-205-5p",0,0,0.0209360353822306,0.238282980896845,0.0556557501676945,0.587820920009602
"miR-2054",0,0,0.612736563453111,0.65657368671847,0.652733873125481,0.812933700626135
"miR-206",0,0,0.00662265675251712,0.506670057879492,0.0247822346630816,0.812933700626135
"miR-20a-5p",-6.4572987888258,0,0.0037311923511506,0.0449938460081043,0.0152757875003553,0.136257136751347
"miR-20a-3p",0,0,0.000339720738553463,0.00171746433014941,0.00230735183699606,0.0147438537145634
"miR-20b-5p",-6.83516615722045,-3.01173857591522,0.00710964520869383,0.0380696150312405,0.0261875646401732,0.132390334243398
"miR-20b-3p",0,0,0.353713367673739,0.261142570421287,0.484962902003085,0.587820920009602
"miR-21-5p",-12.7707567938707,-12.6470736118385,4.45404229962146e-07,7.03683112680068e-06,4.75772700186837e-05,0.000701710229858464
"miR-21-3p",0,0,0.623761978828973,0.82920315736286,0.663877106090619,0.984155262526627
"miR-210-5p",0,0,0.0706448247925672,1,0.120300969755459,1
"miR-210-3p",0,0,0.109732912183237,0.405417193919432,0.175423363014018,0.783043923269752
"miR-211-5p",0,0,0.612736563453111,0.65657368671847,0.652733873125481,0.812933700626135
"miR-211-3p",0,0,0.0706448247925672,1,0.120300969755459,1
"miR-2110",0,0,0.00655904770323665,0.0741398025911113,0.0247015418310996,0.211956856556097
"miR-2115-3p",0,0,0.612736563453111,0.65657368671847,0.652733873125481,0.812933700626135
"miR-2116-5p",0,0,0.612736563453111,0.65657368671847,0.652733873125481,0.812933700626135
"miR-2116-3p",0,0,0.0706448247925672,1,0.120300969755459,1
"miR-212-3p",0,0,0.612693586303488,0.330489558623379,0.652733873125481,0.669526261004259
"miR-214-5p",0,0,0.0706448247925672,1,0.120300969755459,1
"miR-214-3p",0,0,0.274983823200291,0.863468128933219,0.399548774918617,1
"miR-215-5p",-4.15299460549244,0,6.06604776603739e-05,0.00369748304151637,0.000705703576741974,0.0223945493493904
"miR-216b-5p",0,0,0.0706448247925672,1,0.120300969755459,1
"miR-217-5p",0,0,0.612736563453111,0.65657368671847,0.652733873125481,0.812933700626135
"miR-219a-5p",0,0,0.702810241654818,0.507528001362339,0.727578884532521,0.812933700626135
"miR-219a-1-3p",0,0,0.0118766953867719,0.261142570421287,0.0335459545179254,0.587820920009602
"miR-219b-5p",0,0,0.0706448247925672,1,0.120300969755459,1
"miR-22-5p",0,0,0.00629048472595954,0.0854841453030535,0.0238429663000079,0.241451612334346
"miR-22-3p",-9.82594458986354,-10.2071193875771,0.0177050588399658,0.0167261005120987,0.0477143214150454,0.0763716909041639
"miR-221-5p",0,0,0.0706448247925672,1,0.120300969755459,1
"miR-221-3p",-7.00842862207058,-7.58152407889911,0.000805713668430402,0.00362697391167682,0.00466361359805774,0.0221963247198972
"miR-222-5p",0,0,0.455014792455299,0.507528001362339,0.565161079423866,0.812933700626135
"miR-222-3p",-5.96162332828694,-5.84968142194029,0.000656127723673824,0.00505198777957461,0.00396695617658727,0.0281331073033183
"miR-223-5p",-6.78345665436024,-3.39172832718012,7.45522349775914e-05,0.00234495031476935,0.000803659413749265,0.018492057851369
"miR-223-3p",-14.2554446718379,-15.5790550423021,8.49010760370252e-06,1.27581571339987e-05,0.000195605420281382,0.000701710229858464
"miR-224-5p",-5.35860724911781,-6.46537233648428,9.73870563271343e-07,1.41508882359777e-05,7.03548906926328e-05,0.000701710229858464
"miR-2277-3p",0,0,0.612736563453111,0.65657368671847,0.652733873125481,0.812933700626135
"miR-2355-5p",0,0,0.455014792455299,0.507528001362339,0.565161079423866,0.812933700626135
"miR-2355-3p",0,0,0.00192607260273808,0.0348005131915217,0.00868243204818028,0.132390334243398
"miR-2392",0,0,0.351011998252256,0.406516419740042,0.484962902003085,0.783043923269752
"miR-23a-5p",-4.71094415457587,-5.13918395614158,0.00197475021929033,0.00689002805031077,0.00885622712849673,0.0369670454754117
"miR-23a-3p",-13.3828941688921,-13.2102025446727,6.94212393777438e-05,0.000607234753060437,0.000769527889328764,0.0071975145600629
"miR-23b-5p",0,0,0.0644807855308253,0.940469058454918,0.120300969755459,1
"miR-23b-3p",-10.5795422249369,-10.5304538869877,5.88787693716022e-05,0.00065241220655406,0.000691825540116325,0.00751553277157864
"miR-23c",0,0,0.00250346435655384,0.184980228213129,0.0108145978637896,0.473533263944284
"miR-24-1-5p",0,0,0.000149349749434295,0.00147844026581164,0.00141520931923626,0.0131603584267324
"miR-24-3p",-10.7376529647471,-10.7505986645205,0.00877354949230771,0.0184983823782742,0.0284418472887746,0.0829603026506574
"miR-24-2-5p",-2.38404980679516,0,1.04336534428831e-05,0.000423761542535984,0.000217110115270308,0.00565444501582673
"miR-25-5p",0,0,0.117685198454824,0.904259731388622,0.186612831557919,1
"miR-25-3p",-6.18881202165979,-6.08277210075115,7.26018999975679e-05,0.000687710450955945,0.000797263855113479,0.00755172787025294
"miR-26a-5p",-7.94538530800853,-8.08645682240384,6.88396252586336e-05,0.000694116263818994,0.000769527889328764,0.00755172787025294
"miR-26a-1-3p",0,0,0.00355733131002016,0.0317222122215335,0.0147178320044848,0.128087970310316
"miR-26a-2-3p",-3.17152710603881,0,0.00176494541538541,0.0308962223110499,0.00819895631743552,0.125712138668615
"miR-26b-5p",-7.49305484153943,-7.19690045842502,0.000150571426805537,0.00261517731498585,0.00141537141197204,0.0202160088493972
"miR-26b-3p",-7.99356115148326,-8.43692193898669,1.60110398673889e-06,3.90458142523451e-05,7.83873826840917e-05,0.000955808994718865
"miR-27a-5p",0,0,0.00952748204766015,0.0186511803188437,0.0287866295963967,0.0833275166336174
"miR-27a-3p",-7.02536107234203,-7.39551420662937,5.18231099722785e-05,0.00062234055790508,0.000634293273098201,0.00724010054988583
"miR-27b-5p",0,0,0.0317855114031407,0.756125369733853,0.0806651747271929,0.910294374423439
"miR-27b-3p",-5.03033607837096,-2.51516803918548,6.26012852668958e-05,0.00134743268054052,0.000713571728812185,0.0123690109346493
"miR-28-5p",-5.29719141656586,-7.11077742981654,1.45570281152951e-06,1.41508882359777e-05,7.43674262411813e-05,0.000701710229858464
"miR-28-3p",-8.4074377330292,-8.96716344392857,1.34170001977439e-05,5.40756305307133e-05,0.000254273794070146,0.00115896510366453
"miR-296-5p",-1.4276061727819,-2.04415561794433,9.55417589823043e-05,0.00032970725122852,0.000992775179440373,0.00455771788462955
"miR-296-3p",0,0,0.0131828867222297,0.286392307168894,0.0362760934393909,0.605235541229228
"miR-29a-5p",0,0,0.00153439892163297,0.00306846599726434,0.00732893793869408,0.0221963247198972
"miR-29a-3p",-9.35550526933612,-10.2060961364382,2.24077217016429e-05,0.000216238687887435,0.000343915101471361,0.00373647732746672
"miR-29b-1-5p",0,0,0.00927083192476653,1,0.0284418472887746,1
"miR-29b-3p",-11.7473160620978,-11.5201236587869,2.12105848326188e-06,2.38945729456366e-05,8.47039653294284e-05,0.000738845347661133
"miR-29b-2-5p",0,0,0.00795710687691079,0.0935242211821204,0.0284418472887746,0.257355877960167
"miR-29c-5p",0,0,0.00672409944456328,0.0759397486779281,0.0250025849600059,0.215548562155483
"miR-29c-3p",-9.66115457630479,-8.99144541980116,0.000147315874223064,0.00114140270433483,0.00141436406351208,0.0115616222206329
"miR-301a-3p",-6.19100984858729,-7.25920795694073,7.4198993898969e-05,0.000442731014005157,0.000803659413749265,0.00565444501582673
"miR-301b-5p",0,0,0.612736563453111,0.65657368671847,0.652733873125481,0.812933700626135
"miR-301b-3p",0,0,0.752831773254771,0.904259731388622,0.775264972457806,1
"miR-3064-5p",0,0,0.0706448247925672,1,0.120300969755459,1
"miR-3074-3p",0,0,0.0706448247925672,1,0.120300969755459,1
"miR-30a-5p",0,0,0.000710192840814299,0.0408751056918841,0.00423592176627818,0.132390334243398
"miR-30a-3p",-5.56742375770728,-2.4388721249745,1.14380071872667e-05,0.000674997452830258,0.000227751719050086,0.00755172787025294
"miR-30b-5p",-7.65921102406819,-8.2600943402959,1.51770891015295e-05,9.52858164310484e-05,0.000274355072219957,0.0018976412594319
"miR-30b-3p",0,0,0.218321880356382,0.330489558623379,0.3222716198728,0.669526261004259
"miR-30c-5p",-9.29466669386196,-9.52858667589858,5.81311099800701e-06,1.95123870142905e-05,0.000151786787170183,0.000701710229858464
"miR-30c-1-3p",-1.4276061727819,0,0.00164378574747605,0.0181397581026055,0.00777914437817862,0.081663661956174
"miR-30c-2-3p",0,0,0.0118766953867719,0.261142570421287,0.0335459545179254,0.587820920009602
"miR-30d-5p",-6.67736729213605,-6.96063303423434,9.79522228511557e-07,1.70379202803382e-05,7.03548906926328e-05,0.000701710229858464
"miR-30d-3p",0,0,0.201817015926259,0.537498058349716,0.304409491288003,0.812933700626135
"miR-30e-5p",-6.58556349845569,-6.95882240777883,0.000189438945909434,0.00192714901224999,0.00151422286696316,0.0160595751020833
"miR-30e-3p",-9.80854594182722,-9.9979212521788,1.48271654834006e-09,8.65711890976161e-09,1.74219194429957e-06,1.01721147189699e-05
"miR-31-5p",0,0,0.125020487377765,0.787804146434407,0.19665203837868,0.939766367574038
"miR-31-3p",0,0,0.38109101728671,0.65657368671847,0.490451199684429,0.812933700626135
"miR-3120-5p",0,0,0.612736563453111,0.65657368671847,0.652733873125481,0.812933700626135
"miR-3120-3p",0,0,0.0530876722626676,0.569240790491894,0.120300969755459,0.812933700626135
"miR-3127-5p",0,0,0.612736563453111,0.65657368671847,0.652733873125481,0.812933700626135
"miR-3128",0,0,0.0706448247925672,1,0.120300969755459,1
"miR-3129-3p",0,0,0.0706448247925672,1,0.120300969755459,1
"miR-3133",0,0,0.0706448247925672,0.0432662879569913,0.120300969755459,0.132390334243398
"miR-3134",0,0,0.612736563453111,0.65657368671847,0.652733873125481,0.812933700626135
"miR-3135b",0,0,0.612736563453111,0.65657368671847,0.652733873125481,0.812933700626135
"miR-3136-5p",0,0,0.0706448247925672,1,0.120300969755459,1
"miR-3138",0,0,0.18946745962081,0.797461178999459,0.289498394089014,0.949358546427928
"miR-3140-3p",0,0,0.38109101728671,0.65657368671847,0.490451199684429,0.812933700626135
"miR-3141",0,0,0.741987318693068,0.79589922451365,0.76543906888881,0.948460029212514
"miR-3143",-3.17152710603881,0,3.64115238965433e-05,0.00229685205990484,0.000497483029981842,0.0183683526009176
"miR-3145-5p",0,0,0.0706448247925672,0.0432662879569913,0.120300969755459,0.132390334243398
"miR-3149",0,0,0.00127385219166105,0.000312461718624584,0.00626266244854284,0.00444760418374847
"miR-3150a-5p",0,0,0.0749987630184072,0.286392307168894,0.122054773610289,0.605235541229228
"miR-3150a-3p",0,0,0.38109101728671,0.65657368671847,0.490451199684429,0.812933700626135
"miR-3150b-3p",0,0,0.0706448247925672,0.0432662879569913,0.120300969755459,0.132390334243398
"miR-3152-5p",0,0,0.0706448247925672,1,0.120300969755459,1
"miR-3153",0,0,0.612736563453111,0.65657368671847,0.652733873125481,0.812933700626135
"miR-3154",0,0,0.0621454897768268,0.0309198366597699,0.120300969755459,0.125712138668615
"miR-3157-5p",0,0,0.0706448247925672,0.0432662879569913,0.120300969755459,0.132390334243398
"miR-3157-3p",0,0,0.0706448247925672,1,0.120300969755459,1
"miR-3158-5p",0,0,0.353713367673739,0.261142570421287,0.484962902003085,0.587820920009602
"miR-3158-3p",0,0,0.612736563453111,0.65657368671847,0.652733873125481,0.812933700626135
"miR-3160-3p",0,0,0.0706448247925672,0.0432662879569913,0.120300969755459,0.132390334243398
"miR-3162-3p",0,0,0.0706448247925672,0.0432662879569913,0.120300969755459,0.132390334243398
"miR-3163",0,0,0.0749987630184072,0.65657368671847,0.122054773610289,0.812933700626135
"miR-3164",0,0,0.0706448247925672,1,0.120300969755459,1
"miR-3173-5p",-3.48800077083407,0,0.000396301582194462,0.00696598247776201,0.00262852132671101,0.0372046791425925
"miR-3173-3p",0,0,0.640990708519996,0.506670057879492,0.678526200460356,0.812933700626135
"miR-3175",0,0,0.528815434540874,0.222463532459805,0.650636791189033,0.554978026837093
"miR-3176",0,0,0.38109101728671,0.65657368671847,0.490451199684429,0.812933700626135
"miR-3177-3p",0,0,0.0706448247925672,1,0.120300969755459,1
"miR-3178",0,0,0.612736563453111,0.65657368671847,0.652733873125481,0.812933700626135
"miR-3179",0,0,0.555245936254908,0.222463532459805,0.652733873125481,0.554978026837093
"miR-3180-5p",0,0,0.353713367673739,0.261142570421287,0.484962902003085,0.587820920009602
"miR-3180-3p",0,0,0.455014792455299,0.507528001362339,0.565161079423866,0.812933700626135
"miR-3180",0,0,0.455014792455299,0.507528001362339,0.565161079423866,0.812933700626135
"miR-3184-3p",0,0,0.612736563453111,0.65657368671847,0.652733873125481,0.812933700626135
"miR-3187-3p",0,0,0.0706448247925672,1,0.120300969755459,1
"miR-3188",0,0,0.612736563453111,0.65657368671847,0.652733873125481,0.812933700626135
"miR-3192-5p",0,0,0.612736563453111,0.65657368671847,0.652733873125481,0.812933700626135
"miR-3195",0,0,0.841409890957009,0.330489558623379,0.858954493374879,0.669526261004259
"miR-3196",0,0,0.197655970782399,0.101830596537473,0.301226674019869,0.277174360755007
"miR-3198",0,0,0.189051978638913,0.506670057879492,0.289239680860315,0.812933700626135
"miR-3199",0,0,0.189051978638913,0.507528001362339,0.289239680860315,0.812933700626135
"miR-32-5p",-10.0666677673998,-10.04113200824,4.72691311001294e-08,8.27902145191474e-07,1.85137430142174e-05,0.000458340390524797
"miR-32-3p",0,0,0.00387736233994662,0.210972596666157,0.0157100025842665,0.528556079067665
"miR-3200-5p",0,0,0.818850460519271,0.270663938783426,0.839571807251435,0.597800992613769
"miR-3200-3p",0,0,0.521383191051127,0.748367463509082,0.642838666825891,0.906527597549661
"miR-3202",0,0,0.0706448247925672,1,0.120300969755459,1
"miR-320a-5p",0,0,0.353713367673739,0.261142570421287,0.484962902003085,0.587820920009602
"miR-320a-3p",-9.66115457630479,-9.98487763514993,0.0258243734386641,0.0214565138256037,0.0663974590600227,0.0937226905021724
"miR-320b",-8.27262978497637,-8.3785048171863,0.000952940031292638,0.00117937135570576,0.00528162517343797,0.0118441140423442
"miR-320c",-4.04176864995163,-4.09738162772203,0.000371379613320551,0.00365976405977517,0.00247938094120254,0.0222809469960405
"miR-320d",-2.29425313644451,0,0.0455820172090673,0.241273185657603,0.110430660248771,0.587820920009602
"miR-320e",0,0,0.010321778280462,0.294559342428011,0.0307819529937637,0.616946929327829
"miR-323a-3p",0,0,9.63203152818745e-05,0.00500151073037321,0.000992775179440373,0.0280087430417639
"miR-323b-3p",0,0,0.000855092955530457,0.00552259544371114,0.00487735059586547,0.0304650218138995
"miR-324-5p",-4.04176864995163,-2.02088432497581,0.000148056833882542,0.00208419645115059,0.00141436406351208,0.0171253904202933
"miR-324-3p",-4.2364926183813,-2.08215179154683,0.000161000058753998,0.00268798834333163,0.00143329787079655,0.0205090019702251
"miR-326",-8.17372709890289,-8.50032229777224,0.000556388957698231,0.000847836084647035,0.00347743098561395,0.00905643090418424
"miR-328-5p",0,0,0.0640325551415401,0.316171687422612,0.120300969755459,0.658691015463776
"miR-328-3p",-10.1866837749359,-10.3396865115433,0.0175202777758869,0.0157348874385756,0.0473248882452118,0.0730770464044518
"miR-329-3p",0,0,0.000206297748072905,0.00209950177352995,0.00158431277114813,0.0171313512770673
"miR-330-5p",0,0,0.21519923762565,0.507528001362339,0.319266545719873,0.812933700626135
"miR-330-3p",-0.641546029087524,0,0.000459290440179618,0.00931667187736396,0.00293296884353832,0.0475960411126202
"miR-331-5p",0,0,0.292513003730197,0.450931530174492,0.42327928495441,0.812933700626135
"miR-331-3p",-4.86294724802092,-6.0968624361459,0.000210468849423172,0.00103435755468216,0.00160185206400616,0.0105684358847959
"miR-335-5p",-8.19923063588535,-9.31392860872103,0.00776127664179759,0.0227115447606283,0.0281884744406986,0.0973943981523294
"miR-335-3p",0,0,0.000444337975814761,0.0161568440193659,0.00288451448388036,0.0744482028343332
"miR-337-5p",0,0,0.117649045565523,0.406516419740042,0.186612831557919,0.783043923269752
"miR-337-3p",-4.23878685958712,-2.07649730274622,0.000125053422073359,0.00268798834333163,0.00124523534691692,0.0205090019702251
"miR-338-5p",0,0,2.64882852582237e-06,0.000271933629109839,9.15403975835671e-05,0.00424500322404158
"miR-338-3p",0,0,0.0328602526281759,0.150672340575368,0.082678365820357,0.39342222261346
"miR-339-5p",0,0,0.752831773254771,0.904259731388622,0.775264972457806,1
"miR-339-3p",-3.23266075679027,0,0.025783421531184,0.139076404855332,0.0663974590600227,0.367224215067448
"miR-33a-5p",0,0,0.00479669269946779,0.014936682399495,0.0191704555165804,0.0699227164119786
"miR-33a-3p",0,0,0.00543573941400595,0.0408751056918841,0.0210234973275989,0.132390334243398
"miR-33b-5p",0,0,0.538180914095168,0.750721499389113,0.652733873125481,0.908442597098051
"miR-340-5p",0,0,0.0109031254467284,0.178175922044043,0.0317108227720443,0.45911558860033
"miR-340-3p",-6.99684064779537,-7.04801531712366,6.8361088104774e-06,0.000167054536810592,0.000163927099026754,0.00301983201157608
"miR-342-5p",-5.01122725542325,-3.00404621047436,0.00361902021751217,0.0305523848080059,0.0148683522922266,0.125712138668615
"miR-342-3p",-10.9941129676457,-11.5582617039962,3.71824827932473e-06,9.52608278556723e-06,0.000106559554346501,0.000701710229858464
"miR-345-5p",-5.37642931106992,-5.60933126011056,0.000658345918667674,0.00314892954822738,0.00396695617658727,0.0221963247198972
"miR-34a-5p",0,0,0.404444450820801,0.406516419740042,0.517671274198738,0.783043923269752
"miR-34a-3p",0,0,0.671622784809256,0.507528001362339,0.707763921211548,0.812933700626135
"miR-34b-3p",0,0,2.28301088636308e-05,0.00361334962178766,0.000343915101471361,0.0221963247198972
"miR-34c-5p",0,0,0.612736563453111,0.65657368671847,0.652733873125481,0.812933700626135
"miR-34c-3p",0,0,0.0706448247925672,1,0.120300969755459,1
"miR-3605-5p",0,0,0.0328602526281759,0.5107790543848,0.082678365820357,0.812933700626135
"miR-3605-3p",0,0,0.000258510620081414,0.0105690591454767,0.00187149142214856,0.0523993438647051
"miR-361-5p",0,0,0.00901683577459324,0.115463119979522,0.0284418472887746,0.309041380355212
"miR-361-3p",-4.99774402605963,-5.66933114816587,1.83634301547854e-05,0.000274570421299711,0.000308243291883899,0.00424500322404158
"miR-3611",0,0,0.0240444640017498,0.134218303871711,0.0625049672611857,0.355194835696533
"miR-3613-5p",-7.24164954001753,-6.96025012198692,1.96000464285137e-06,3.00432659355318e-05,8.22501948339413e-05,0.000820949708703485
"miR-3614-5p",0,0,0.455014792455299,0.507528001362339,0.565161079423866,0.812933700626135
"miR-3615",-4.54349588342577,-5.07130959348458,0.000611579850905512,0.00327129027023036,0.0037427412750728,0.0221963247198972
"miR-3617-5p",0,0,0.612736563453111,0.65657368671847,0.652733873125481,0.812933700626135
"miR-3619-3p",0,0,0.36790383310287,0.406516419740042,0.490451199684429,0.783043923269752
"miR-362-5p",0,0,0.640990708519996,0.506670057879492,0.678526200460356,0.812933700626135
"miR-362-3p",0,0,0.00461443143227162,0.101830596537473,0.0185049724673009,0.277174360755007
"miR-3620-3p",0,0,0.38109101728671,0.286392307168894,0.490451199684429,0.605235541229228
"miR-3622a-5p",0,0,0.455014792455299,0.507528001362339,0.565161079423866,0.812933700626135
"miR-3622a-3p",0,0,0.612736563453111,0.65657368671847,0.652733873125481,0.812933700626135
"miR-3622b-5p",0,0,0.0706448247925672,1,0.120300969755459,1
"miR-363-5p",0,0,0.0706448247925672,1,0.120300969755459,1
"miR-363-3p",-7.24545763260967,-6.95617624547382,0.000805713668430402,0.00446850809458559,0.00466361359805774,0.0261218756773038
"miR-3648",0,0,0.455014792455299,0.507528001362339,0.565161079423866,0.812933700626135
"miR-3657",0,0,0.612736563453111,0.65657368671847,0.652733873125481,0.812933700626135
"miR-365a-5p",0,0,0.612736563453111,0.65657368671847,0.652733873125481,0.812933700626135
"miR-365a-3p",0,0,0.100691661837048,0.904259731388622,0.161629375216572,1
"miR-365b-5p",0,0,0.0706448247925672,1,0.120300969755459,1
"miR-365b-3p",0,0,0.100691661837048,0.904259731388622,0.161629375216572,1
"miR-3665",0,0,0.612736563453111,0.65657368671847,0.652733873125481,0.812933700626135
"miR-3667-5p",0,0,0.0975679590225248,0.197663931702195,0.157259741908733,0.501630928185916
"miR-3667-3p",0,0,0.353713367673739,0.261142570421287,0.484962902003085,0.587820920009602
"miR-3675-3p",0,0,0.612736563453111,0.65657368671847,0.652733873125481,0.812933700626135
"miR-3679-5p",0,0,0.38109101728671,0.65657368671847,0.490451199684429,0.812933700626135
"miR-3679-3p",0,0,0.0706448247925672,1,0.120300969755459,1
"miR-3680-5p",0,0,0.00927083192476653,0.00361334962178766,0.0284418472887746,0.0221963247198972
"miR-3682-5p",0,0,0.0706448247925672,1,0.120300969755459,1
"miR-3682-3p",0,0,0.0749987630184072,0.65657368671847,0.122054773610289,0.812933700626135
"miR-3686",0,0,0.612736563453111,0.65657368671847,0.652733873125481,0.812933700626135
"miR-3688-5p",0,0,0.612736563453111,0.65657368671847,0.652733873125481,0.812933700626135
"miR-3688-3p",0,0,0.0454027498231038,0.506670057879492,0.110223617855676,0.812933700626135
"miR-369-5p",0,0,0.0749987630184072,0.65657368671847,0.122054773610289,0.812933700626135
"miR-369-3p",-3.114367024952,0,1.16298750153236e-05,0.000594617734021922,0.000227751719050086,0.0071975145600629
"miR-3691-5p",0,0,0.00127385219166105,0.0432662879569913,0.00626266244854284,0.132390334243398
"miR-370-5p",0,0,0.612736563453111,0.65657368671847,0.652733873125481,0.812933700626135
"miR-370-3p",0,0,0.612736563453111,0.65657368671847,0.652733873125481,0.812933700626135
"miR-371b-5p",0,0,0.0706448247925672,0.0432662879569913,0.120300969755459,0.132390334243398
"miR-373-3p",0,0,0.0706448247925672,1,0.120300969755459,1
"miR-374a-5p",-6.42978332050851,-7.26185130230833,2.35653326785553e-06,3.90458142523451e-05,8.49325126173017e-05,0.000955808994718865
"miR-374a-3p",-7.49305484153943,-7.25920795694073,1.26943414165125e-07,2.86228381316209e-06,3.31524276865658e-05,0.000513380787012042
"miR-374b-5p",-9.85071817674848,-9.56125898390485,3.21290429353878e-07,3.05843873113557e-06,4.20939632954267e-05,0.000513380787012042
"miR-374b-3p",0,0,0.00127385219166105,0.00361334962178766,0.00626266244854284,0.0221963247198972
"miR-374c-5p",0,0,0.00503038314259914,0.126530233931585,0.0199013474496767,0.337127040520662
"miR-375-3p",0,0,0.0161835625547452,0.724851339226266,0.0439161339534077,0.882591008902448
"miR-376a-5p",0,0,0.0706448247925672,1,0.120300969755459,1
"miR-376a-3p",-2.13093086982645,-2.07649730274622,0.000501331864637951,0.00496845739049061,0.00316701581155695,0.0280087430417639
"miR-376a-2-5p",0,0,0.0118766953867719,0.261142570421287,0.0335459545179254,0.587820920009602
"miR-376b-5p",0,0,0.21519923762565,0.507528001362339,0.319266545719873,0.812933700626135
"miR-376b-3p",0,0,0.0237215415114972,0.0408751056918841,0.0618022422971379,0.132390334243398
"miR-376c-5p",0,0,0.21519923762565,0.507528001362339,0.319266545719873,0.812933700626135
"miR-376c-3p",0,0,0.00745888759252205,0.020796075031598,0.027217990438551,0.0915183077233245
"miR-377-3p",0,0,0.0159102737658382,0.0890930287165461,0.043336514772667,0.251041507774441
"miR-378a-5p",-1.82781902461732,0,2.71866376415484e-05,0.000827914498161779,0.000385887617428154,0.00892476637926689
"miR-378a-3p",-7.260590274731,-8.02135061934999,0.00382805190722052,0.00474839361454585,0.0155638788615367,0.027216402424836
"miR-378b",0,0,0.0415725819517829,0.0628009849115669,0.102621394523834,0.182200388323682
"miR-378c",-4.42223300068305,-5.08439590774593,0.00818615518474983,0.0203063637600045,0.0284418472887746,0.089699163225584
"miR-378d",-1.17951105027151,-1.58536313806578,0.00637494102151669,0.028991071001415,0.024085388103801,0.122534202973607
"miR-378f",0,0,0.0454027498231038,0.110874686676741,0.110223617855676,0.297437801016372
"miR-378g",0,0,0.193594612886008,0.901458171784428,0.295420350832544,1
"miR-378i",0,0,0.047278940816254,0.0161568440193659,0.114306081191561,0.0744482028343332
"miR-379-5p",0,0,2.8853955343077e-06,2.633006072863e-05,9.41761042447653e-05,0.000754581008686348
"miR-379-3p",0,0,0.0237215415114972,0.184980228213129,0.0618022422971379,0.473533263944284
"miR-380-3p",0,0,0.00127385219166105,0.0432662879569913,0.00626266244854284,0.132390334243398
"miR-381-3p",0,0,0.0683239772049797,0.261142570421287,0.120300969755459,0.587820920009602
"miR-382-5p",-3.94110631094643,-2.35547207728794,2.70002767742545e-05,0.000123835963999461,0.000385887617428154,0.0023468912532156
"miR-382-3p",0,0,2.8853955343077e-06,2.11408769594766e-06,9.41761042447653e-05,0.000513380787012042
"miR-3911",0,0,0.38109101728671,0.286392307168894,0.490451199684429,0.605235541229228
"miR-3912-3p",0,0,0.0706448247925672,1,0.120300969755459,1
"miR-3913-5p",0,0,0.612736563453111,0.65657368671847,0.652733873125481,0.812933700626135
"miR-3913-3p",0,0,0.455014792455299,0.507528001362339,0.565161079423866,0.812933700626135
"miR-3916",0,0,0.612736563453111,0.65657368671847,0.652733873125481,0.812933700626135
"miR-3920",0,0,0.351011998252256,0.406516419740042,0.484962902003085,0.783043923269752
"miR-3921",0,0,0.0706448247925672,0.0432662879569913,0.120300969755459,0.132390334243398
"miR-3925-3p",0,0,0.0706448247925672,0.0432662879569913,0.120300969755459,0.132390334243398
"miR-3928-3p",0,0,0.38109101728671,0.65657368671847,0.490451199684429,0.812933700626135
"miR-3934-5p",0,0,0.549656768404966,0.38084491499754,0.652733873125481,0.766254751921421
"miR-3940-5p",0,0,0.353713367673739,0.261142570421287,0.484962902003085,0.587820920009602
"miR-3940-3p",0,0,0.0182911907431475,0.3446215239282,0.0491811192750535,0.696954028598339
"miR-3942-5p",0,0,0.0706448247925672,1,0.120300969755459,1
"miR-3944-5p",0,0,0.0706448247925672,1,0.120300969755459,1
"miR-3945",0,0,0.612736563453111,0.65657368671847,0.652733873125481,0.812933700626135
"miR-3960",1.67757523219414,1.32571976709374,0.129596607255075,0.446111030991363,0.203034684699618,0.812933700626135
"miR-409-5p",0,0,2.26587372848694e-05,0.00306846599726434,0.000343915101471361,0.0221963247198972
"miR-409-3p",-4.67185946824748,-5.12779013872944,1.57010727127976e-07,5.26836968383303e-06,3.31524276865658e-05,0.000687814930944868
"miR-410-3p",0,0,0.612736563453111,0.65657368671847,0.652733873125481,0.812933700626135
"miR-411-5p",0,0,0.0706448247925672,1,0.120300969755459,1
"miR-411-3p",0,0,0.000937409503361371,0.00671416204037372,0.00522017140497446,0.0361887174194455
"miR-412-5p",0,0,0.0706448247925672,0.0432662879569913,0.120300969755459,0.132390334243398
"miR-421",0,0,0.0562180768646517,0.70528189112011,0.120300969755459,0.866847512621474
"miR-423-5p",0.629187474300524,-0.0402203663477465,0.914672510512386,0.786069333978106,0.924905507617946,0.939766367574038
"miR-423-3p",-7.54434627840524,-8.53280390017822,0.000875180900490773,0.00252767194259756,0.00492027539749597,0.0196689704142526
"miR-424-5p",-7.33949373790173,-7.54034340745752,0.000398193018003881,0.00303755632841676,0.00262852132671101,0.0221963247198972
"miR-424-3p",-4.98458935036246,-2.32250494219555,8.13997517256517e-05,0.00160721338633199,0.000856762032109419,0.0141990656311284
"miR-425-5p",-10.9784959691725,-11.2091846021455,1.94657335615614e-05,4.32531120490863e-05,0.00032214418218077,0.000996517777601497
"miR-425-3p",-2.60169651648096,-2.51516803918548,0.000583131120004916,0.00496845739049061,0.00358732495290982,0.0280087430417639
"miR-4258",0,0,0.612736563453111,0.65657368671847,0.652733873125481,0.812933700626135
"miR-4270",0,0,0.612736563453111,0.65657368671847,0.652733873125481,0.812933700626135
"miR-4271",3.75469128386451,3.48614744419634,0.199440566285718,0.268786847685662,0.303552675370101,0.597800992613769
"miR-4281",0,0,0.796675715185217,0.850081347920725,0.818263955719082,1
"miR-4284",-2.12101540096137,-2.32250494219555,2.72404521629526e-05,0.000503467274483539,0.000385887617428154,0.00622709523703325
"miR-4286",-0.641546029087524,0,0.0508802121402254,0.195964325929727,0.120300969755459,0.500561049929195
"miR-429",0,0,0.0695157883972749,0.773781456761767,0.120300969755459,0.930596941346035
"miR-4298",0,0,0.959422869374219,0.638933387158014,0.965172835200949,0.812933700626135
"miR-4301",0,0,0.0033836223011472,0.0523992312956214,0.0141485985902062,0.155477517101907
"miR-4306",-5.03033607837096,-2.51516803918548,0.000212304755963451,0.00310075420001547,0.00160185206400616,0.0221963247198972
"miR-431-5p",0,0,0.0706448247925672,0.0432662879569913,0.120300969755459,0.132390334243398
"miR-432-5p",0,0,0.00951614069046783,0.159455657794135,0.0287866295963967,0.412688101119183
"miR-4326",0,0,0.00952748204766015,0.537498058349716,0.0287866295963967,0.812933700626135
"miR-433-3p",0,0,0.353713367673739,0.261142570421287,0.484962902003085,0.587820920009602
"miR-4422",0,0,0.0706448247925672,1,0.120300969755459,1
"miR-4423-5p",0,0,0.0706448247925672,1,0.120300969755459,1
"miR-4423-3p",0,0,0.612736563453111,0.65657368671847,0.652733873125481,0.812933700626135
"miR-4429",0,0,0.353713367673739,0.65657368671847,0.484962902003085,0.812933700626135
"miR-4433a-5p",0,0,0.0683239772049797,0.261142570421287,0.120300969755459,0.587820920009602
"miR-4433a-3p",0,0,0.455014792455299,0.507528001362339,0.565161079423866,0.812933700626135
"miR-4433b-5p",-6.78345665436024,-7.15413207784015,1.05287084379315e-05,1.75956406675291e-05,0.000217110115270308,0.000701710229858464
"miR-4433b-3p",-3.73009646559547,-4.42427391535317,0.0159330845802486,0.0499541126506883,0.043336514772667,0.150117857709869
"miR-4435",0,0,0.612736563453111,0.65657368671847,0.652733873125481,0.812933700626135
"miR-4436b-5p",0,0,0.0706448247925672,0.0432662879569913,0.120300969755459,0.132390334243398
"miR-4443",0,0,0.941015371380957,0.787804146434407,0.948278783338443,0.939766367574038
"miR-4446-5p",0,0,0.38109101728671,0.65657368671847,0.490451199684429,0.812933700626135
"miR-4446-3p",-1.4276061727819,0,1.60546927578737e-05,0.000664549965429868,0.000281556178962711,0.00755172787025294
"miR-4449",-7.29324171895624,-7.69591325582823,0.231742595904405,0.267172284043543,0.340371937734595,0.597800992613769
"miR-4454",-9.72681419116918,-10.5082945926132,0.0217445504889046,0.0165588742009079,0.0576745977978846,0.0760026452580735
"miR-4466",0,0,0.128036125906194,0.565478184611194,0.200857740907581,0.812933700626135
"miR-4467",0,0,0.0706448247925672,1,0.120300969755459,1
"miR-4472",0,0,0.612736563453111,0.65657368671847,0.652733873125481,0.812933700626135
"miR-4473",0,0,0.000173215572470732,0.00361334962178766,0.00143329787079655,0.0221963247198972
"miR-4479",0,0,0.612736563453111,0.65657368671847,0.652733873125481,0.812933700626135
"miR-4484",0,0,0.00927083192476653,0.00361334962178766,0.0284418472887746,0.0221963247198972
"miR-4485-5p",-0.879705766282288,-3.09550492429365,4.88850902228378e-05,0.000172747980677417,0.000604631379071941,0.00307543753478735
"miR-4485-3p",-2.611172380044,-6.55447095772774,0.000739948292356802,0.00130139336092305,0.00439110729050123,0.0123368009160174
"miR-4488",1.32231475978053,-0.159595578293652,1,0.729278184556629,1,0.887061973968985
"miR-4489",0,0,0.00927083192476653,1,0.0284418472887746,1
"miR-4492",0,0,0.541508130982719,0.913807685872867,0.652733873125481,1
"miR-4497",0,0,0.612693586303488,0.439379362753086,0.652733873125481,0.812933700626135
"miR-449b-3p",0,0,0.612736563453111,0.65657368671847,0.652733873125481,0.812933700626135
"miR-4508",-2.78868571061353,-4.43762386883476,0.00408778443160829,0.00628920492884229,0.0164491325586978,0.0342121101453227
"miR-450a-5p",0,0,0.0454027498231038,0.110874686676741,0.110223617855676,0.297437801016372
"miR-450a-1-3p",0,0,0.38109101728671,0.65657368671847,0.490451199684429,0.812933700626135
"miR-450a-2-3p",0,0,0.0706448247925672,1,0.120300969755459,1
"miR-450b-5p",0,0,0.000181799379683372,0.0309198366597699,0.00146311144608194,0.125712138668615
"miR-4510",0,0,0.165325156308722,0.507528001362339,0.256953781299931,0.812933700626135
"miR-4511",0,0,0.0274994897924718,0.210972596666157,0.0703962973990291,0.528556079067665
"miR-4516",-7.83434463086033,-9.67491956767675,0.116549803660718,0.0816047127218213,0.185815494303045,0.231049487826843
"miR-451a",-12.8524846439338,-12.9664687276501,5.56219647558348e-05,0.000249254615608903,0.000666896006001081,0.00408811173227469
"miR-451b",0,0,0.0706448247925672,1,0.120300969755459,1
"miR-452-5p",0,0,0.189051978638913,0.506670057879492,0.289239680860315,0.812933700626135
"miR-4520-5p",0,0,0.612736563453111,0.65657368671847,0.652733873125481,0.812933700626135
"miR-4525",0,0,0.173447746129651,0.617621420636158,0.268866888789367,0.812933700626135
"miR-4531",0,0,0.612736563453111,0.65657368671847,0.652733873125481,0.812933700626135
"miR-4536-3p",0,0,0.612736563453111,0.65657368671847,0.652733873125481,0.812933700626135
"miR-454-5p",-5.35860724911781,0,0.000137892186385389,0.00568699903974446,0.00133903569423828,0.0312253451948586
"miR-454-3p",-7.02536107234203,-7.46969367744379,1.31728305977695e-06,1.75956406675291e-05,7.03548906926328e-05,0.000701710229858464
"miR-455-3p",0,0,0.00127385219166105,0.0432662879569913,0.00626266244854284,0.132390334243398
"miR-4632-3p",0,0,0.00927083192476653,0.0432662879569913,0.0284418472887746,0.132390334243398
"miR-4635",0,0,0.612736563453111,0.65657368671847,0.652733873125481,0.812933700626135
"miR-4637",0,0,0.165325156308722,0.507528001362339,0.256953781299931,0.812933700626135
"miR-4639-5p",0,0,0.612736563453111,0.65657368671847,0.652733873125481,0.812933700626135
"miR-4639-3p",0,0,0.0706448247925672,1,0.120300969755459,1
"miR-4644",-4.877744249949,-6.17450534561042,0.269020867805715,0.297380085146448,0.392670210772317,0.621746619300848
"miR-4645-3p",0,0,0.0706448247925672,0.0432662879569913,0.120300969755459,0.132390334243398
"miR-4646-5p",0,0,0.0732161837306888,0.617621420636158,0.122054773610289,0.812933700626135
"miR-4646-3p",0,0,0.970487503925455,0.406516419740042,0.971314154269514,0.783043923269752
"miR-4649-5p",0,0,0.353713367673739,0.261142570421287,0.484962902003085,0.587820920009602
"miR-4658",0,0,0.38109101728671,0.65657368671847,0.490451199684429,0.812933700626135
"miR-4659a-5p",0,0,0.0706448247925672,1,0.120300969755459,1
"miR-4659a-3p",0,0,0.00927083192476653,1,0.0284418472887746,1
"miR-4659b-5p",0,0,0.00127385219166105,0.00361334962178766,0.00626266244854284,0.0221963247198972
"miR-4659b-3p",0,0,0.000173215572470732,0.00361334962178766,0.00143329787079655,0.0221963247198972
"miR-4662a-5p",0,0,2.26587372848694e-05,0.00306846599726434,0.000343915101471361,0.0221963247198972
"miR-4665-5p",0,0,0.818850460519271,0.270663938783426,0.839571807251435,0.597800992613769
"miR-4667-5p",0,0,0.0453523746034715,0.0424113044795358,0.110223617855676,0.132390334243398
"miR-4668-3p",0,0,0.0706448247925672,1,0.120300969755459,1
"miR-4669",0,0,0.353713367673739,0.261142570421287,0.484962902003085,0.587820920009602
"miR-4670-5p",0,0,0.0706448247925672,1,0.120300969755459,1
"miR-4670-3p",0,0,0.0706448247925672,1,0.120300969755459,1
"miR-4676-3p",0,0,0.0706448247925672,1,0.120300969755459,1
"miR-4677-5p",0,0,0.201817015926259,0.507528001362339,0.304409491288003,0.812933700626135
"miR-4677-3p",0,0,0.21519923762565,0.507528001362339,0.319266545719873,0.812933700626135
"miR-4680-3p",0,0,0.189051978638913,0.506670057879492,0.289239680860315,0.812933700626135
"miR-4683",0,0,0.455014792455299,0.507528001362339,0.565161079423866,0.812933700626135
"miR-4685-3p",0,0,0.000175064968779753,0.00813198671372037,0.00143847089731615,0.0422791344629267
"miR-4687-5p",0,0,0.00099401116139845,0.000153489741386975,0.00548339490442807,0.00285215994411654
"miR-4690-5p",0,0,0.0706448247925672,1,0.120300969755459,1
"miR-4695-3p",0,0,0.0706448247925672,1,0.120300969755459,1
"miR-4698",0,0,0.0706448247925672,0.0432662879569913,0.120300969755459,0.132390334243398
"miR-4700-5p",0,0,0.612736563453111,0.65657368671847,0.652733873125481,0.812933700626135
"miR-4703-5p",0,0,0.0706448247925672,0.0432662879569913,0.120300969755459,0.132390334243398
"miR-4706",0,0,0.0706448247925672,0.0432662879569913,0.120300969755459,0.132390334243398
"miR-4707-3p",0,0,0.612736563453111,0.65657368671847,0.652733873125481,0.812933700626135
"miR-4710",0,0,0.731195550141551,0.877098561571675,0.754969043423833,1
"miR-4715-5p",0,0,0.0706448247925672,1,0.120300969755459,1
"miR-4716-3p",0,0,0.671622784809256,0.537498058349716,0.707763921211548,0.812933700626135
"miR-4719",0,0,0.21519923762565,0.569240790491894,0.319266545719873,0.812933700626135
"miR-4723-5p",0,0,0.612736563453111,0.65657368671847,0.652733873125481,0.812933700626135
"miR-4724-5p",0,0,0.612736563453111,0.65657368671847,0.652733873125481,0.812933700626135
"miR-4727-5p",0,0,0.0706448247925672,1,0.120300969755459,1
"miR-4727-3p",0,0,0.0706448247925672,1,0.120300969755459,1
"miR-4728-5p",0,0,0.612736563453111,0.65657368671847,0.652733873125481,0.812933700626135
"miR-4728-3p",0,0,0.38109101728671,0.65657368671847,0.490451199684429,0.812933700626135
"miR-4732-5p",-7.08894720461877,-6.57272836470191,0.00530192980167616,0.0189141019973731,0.0207658917232316,0.0841820827534598
"miR-4732-3p",0,0,0.0185408466157837,0.249927214870766,0.049738572542342,0.587820920009602
"miR-4734",0,0,0.0706448247925672,1,0.120300969755459,1
"miR-4738-3p",0,0,0.38109101728671,0.65657368671847,0.490451199684429,0.812933700626135
"miR-4739",0,0,0.121861467891986,0.0449473247343794,0.192455947275649,0.136257136751347
"miR-4742-5p",0,0,0.0530876722626676,0.569240790491894,0.120300969755459,0.812933700626135
"miR-4742-3p",0,0,0.00192607260273808,0.0348005131915217,0.00868243204818028,0.132390334243398
"miR-4745-5p",0,0,0.612736563453111,0.65657368671847,0.652733873125481,0.812933700626135
"miR-4746-5p",0,0,0.0706448247925672,1,0.120300969755459,1
"miR-4747-5p",0,0,0.178459140843106,0.910807156347641,0.276270738459354,1
"miR-4747-3p",0,0,0.612736563453111,0.65657368671847,0.652733873125481,0.812933700626135
"miR-4748",0,0,0.38109101728671,0.65657368671847,0.490451199684429,0.812933700626135
"miR-4749-3p",0,0,0.0706448247925672,0.0432662879569913,0.120300969755459,0.132390334243398
"miR-4753-5p",0,0,0.189051978638913,0.506670057879492,0.289239680860315,0.812933700626135
"miR-4753-3p",0,0,0.00127385219166105,1,0.00626266244854284,1
"miR-4755-5p",0,0,0.0118766953867719,0.65657368671847,0.0335459545179254,0.812933700626135
"miR-4758-5p",0,0,0.612736563453111,0.65657368671847,0.652733873125481,0.812933700626135
"miR-4762-5p",0,0,0.0706448247925672,1,0.120300969755459,1
"miR-4763-5p",0,0,0.612736563453111,0.65657368671847,0.652733873125481,0.812933700626135
"miR-4763-3p",0,0,0.612736563453111,0.65657368671847,0.652733873125481,0.812933700626135
"miR-4766-3p",0,0,0.0237215415114972,0.197663931702195,0.0618022422971379,0.501630928185916
"miR-4767",0,0,0.612736563453111,0.65657368671847,0.652733873125481,0.812933700626135
"miR-4769-5p",0,0,0.351011998252256,0.406516419740042,0.484962902003085,0.783043923269752
"miR-4769-3p",0,0,0.612736563453111,0.65657368671847,0.652733873125481,0.812933700626135
"miR-4772-5p",0,0,0.38109101728671,0.65657368671847,0.490451199684429,0.812933700626135
"miR-4772-3p",0,0,0.00245367986770441,0.0148667379623491,0.0106780512761211,0.0698736684230408
"miR-4773",0,0,0.38109101728671,0.65657368671847,0.490451199684429,0.812933700626135
"miR-4778-5p",0,0,0.612736563453111,0.65657368671847,0.652733873125481,0.812933700626135
"miR-4779",0,0,0.404444450820801,0.406516419740042,0.517671274198738,0.783043923269752
"miR-4781-3p",0,0,0.00927083192476653,0.0432662879569913,0.0284418472887746,0.132390334243398
"miR-4782-5p",0,0,0.702810241654818,0.569240790491894,0.727578884532521,0.812933700626135
"miR-4785",0,0,0.612736563453111,0.65657368671847,0.652733873125481,0.812933700626135
"miR-4787-5p",-3.48800077083407,-6.41604432845998,0.680571970129294,0.564013935109293,0.716552029482008,0.812933700626135
"miR-4787-3p",0,0,0.000173215572470732,0.000312461718624584,0.00143329787079655,0.00444760418374847
"miR-4790-5p",0,0,0.0706448247925672,0.0432662879569913,0.120300969755459,0.132390334243398
"miR-4793-5p",0,0,0.612736563453111,0.65657368671847,0.652733873125481,0.812933700626135
"miR-4795-3p",0,0,0.00927083192476653,1,0.0284418472887746,1
"miR-4797-3p",0,0,0.0706448247925672,1,0.120300969755459,1
"miR-4799-5p",0,0,0.0706448247925672,1,0.120300969755459,1
"miR-4800-5p",0,0,0.00816771344107229,0.0117948621785265,0.0284418472887746,0.0582309372259186
"miR-4800-3p",0,0,0.00127385219166105,0.00361334962178766,0.00626266244854284,0.0221963247198972
"miR-4804-5p",0,0,0.110623096032454,0.406516419740042,0.176606165540943,0.783043923269752
"miR-4804-3p",0,0,0.970487503925455,0.406516419740042,0.971314154269514,0.783043923269752
"miR-483-5p",6.10397785238442,4.91084930505038,0.00108763646320331,0.012313486652042,0.00595680980030287,0.0597493926363207
"miR-483-3p",-5.36352154354655,-4.83767298138103,0.000132412003876125,0.00143767364903259,0.00130742945003737,0.0129943579816407
"miR-484",-12.2373533864381,-12.613839373017,4.04692322510005e-05,2.20964072380963e-05,0.000538551574207941,0.000701710229858464
"miR-485-5p",0,0,0.702810241654818,0.507528001362339,0.727578884532521,0.812933700626135
"miR-485-3p",0,0,0.671622784809256,0.537498058349716,0.707763921211548,0.812933700626135
"miR-486-5p",-1.85916364501919,-1.57944353824065,0.0030772323601306,0.0191339334690483,0.0130532419608428,0.0848391389665351
"miR-486-3p",-8.38054764583922,-8.16899899109317,0.000456022326334364,0.00171907060331505,0.00293296884353832,0.0147438537145634
"miR-487a-5p",0,0,0.0011001087035453,0.00147844026581164,0.00595680980030287,0.0131603584267324
"miR-487b-5p",0,0,0.612736563453111,0.65657368671847,0.652733873125481,0.812933700626135
"miR-487b-3p",-3.114367024952,-1.58576355301941,5.97501320391507e-06,0.000155351690573156,0.000152622619882613,0.00285215994411654
"miR-489-3p",0,0,0.000173215572470732,0.0432662879569913,0.00143329787079655,0.132390334243398
"miR-491-5p",0,0,0.0706448247925672,0.0432662879569913,0.120300969755459,0.132390334243398
"miR-491-3p",0,0,0.353713367673739,0.261142570421287,0.484962902003085,0.587820920009602
"miR-493-5p",0,0,0.0749987630184072,0.65657368671847,0.122054773610289,0.812933700626135
"miR-494-3p",0,0,0.00927083192476653,1,0.0284418472887746,1
"miR-495-3p",0,0,3.44476867019725e-06,2.19337786602189e-05,0.000104459851567698,0.000701710229858464
"miR-496",0,0,0.612736563453111,0.65657368671847,0.652733873125481,0.812933700626135
"miR-497-5p",0,0,0.21519923762565,0.507528001362339,0.319266545719873,0.812933700626135
"miR-497-3p",0,0,0.38109101728671,0.65657368671847,0.490451199684429,0.812933700626135
"miR-4999-3p",0,0,0.000173215572470732,0.00361334962178766,0.00143329787079655,0.0221963247198972
"miR-499a-5p",0,0,0.0706448247925672,1,0.120300969755459,1
"miR-5001-3p",0,0,0.0706448247925672,0.0432662879569913,0.120300969755459,0.132390334243398
"miR-5003-5p",0,0,0.00927083192476653,1,0.0284418472887746,1
"miR-5003-3p",0,0,0.0706448247925672,1,0.120300969755459,1
"miR-5006-5p",0,0,0.00927083192476653,0.00361334962178766,0.0284418472887746,0.0221963247198972
"miR-5009-3p",0,0,0.612736563453111,0.65657368671847,0.652733873125481,0.812933700626135
"miR-500a-5p",0,0,0.612736563453111,0.65657368671847,0.652733873125481,0.812933700626135
"miR-500a-3p",0,0,0.100691661837048,0.904259731388622,0.161629375216572,1
"miR-500b-5p",0,0,0.612736563453111,0.65657368671847,0.652733873125481,0.812933700626135
"miR-500b-3p",0,0,0.0706448247925672,1,0.120300969755459,1
"miR-501-5p",0,0,0.353713367673739,0.261142570421287,0.484962902003085,0.587820920009602
"miR-501-3p",0,0,0.0593260641276427,0.596472339287796,0.120300969755459,0.812933700626135
"miR-5010-5p",0,0,0.0232723103932004,0.208884515617618,0.0610378676607377,0.527826464195055
"miR-5010-3p",0,0,0.0706448247925672,1,0.120300969755459,1
"miR-502-3p",0,0,0.117685198454824,0.93153339720516,0.186612831557919,1
"miR-503-5p",0,0,0.841409890957009,0.330489558623379,0.858954493374879,0.669526261004259
"miR-504-5p",0,0,0.38109101728671,0.65657368671847,0.490451199684429,0.812933700626135
"miR-504-3p",0,0,0.841409890957009,0.330489558623379,0.858954493374879,0.669526261004259
"miR-505-5p",-4.16430358309365,0,0.00891959514869877,0.102370389405337,0.0284418472887746,0.277794936608017
"miR-505-3p",-6.01346225980656,-5.77131560201697,1.31728305977695e-06,2.18304900987865e-05,7.03548906926328e-05,0.000701710229858464
"miR-508-3p",0,0,0.0749987630184072,0.65657368671847,0.122054773610289,0.812933700626135
"miR-509-3p",0,0,0.0706448247925672,1,0.120300969755459,1
"miR-5090",0,0,0.38109101728671,0.65657368671847,0.490451199684429,0.812933700626135
"miR-5100",-6.58556349845569,-6.82178363058142,0.00322717834547554,0.000304510180284945,0.0135911632829167,0.00444760418374847
"miR-511-5p",0,0,0.0220075554270886,0.724851339226266,0.0582407153757412,0.882591008902448
"miR-513c-5p",0,0,0.0706448247925672,1,0.120300969755459,1
"miR-517a-3p",0,0,0.00192607260273808,0.0348005131915217,0.00868243204818028,0.132390334243398
"miR-517b-3p",0,0,0.00127385219166105,0.0432662879569913,0.00626266244854284,0.132390334243398
"miR-517c-3p",0,0,0.38109101728671,0.65657368671847,0.490451199684429,0.812933700626135
"miR-5187-5p",0,0,0.0111103026933706,0.0148667379623491,0.0321542011446072,0.0698736684230408
"miR-5187-3p",0,0,0.0706448247925672,1,0.120300969755459,1
"miR-5188",0,0,0.0706448247925672,1,0.120300969755459,1
"miR-5189-5p",0,0,0.0749987630184072,0.65657368671847,0.122054773610289,0.812933700626135
"miR-518f-3p",0,0,0.0706448247925672,0.0432662879569913,0.120300969755459,0.132390334243398
"miR-5191",0,0,0.0706448247925672,1,0.120300969755459,1
"miR-5193",0,0,0.000166443931100569,0.00131242562936355,0.00143329787079655,0.0123368009160174
"miR-519a-5p",0,0,0.0706448247925672,1,0.120300969755459,1
"miR-519d-3p",0,0,0.00927083192476653,1,0.0284418472887746,1
"miR-520e-5p",0,0,0.612736563453111,0.65657368671847,0.652733873125481,0.812933700626135
"miR-526b-5p",0,0,0.38109101728671,0.65657368671847,0.490451199684429,0.812933700626135
"miR-532-5p",-6.50096135246006,-5.35594961567516,0.00304651751815581,0.0223486310099961,0.0129697756660619,0.0965582055390082
"miR-532-3p",-5.63052196347164,-6.46689912228488,9.4059436572909e-06,4.15900731288183e-05,0.0002125381499484,0.000996517777601497
"miR-539-5p",0,0,0.0706448247925672,1,0.120300969755459,1
"miR-539-3p",0,0,0.0749987630184072,0.286392307168894,0.122054773610289,0.605235541229228
"miR-542-5p",0,0,0.0749987630184072,0.286392307168894,0.122054773610289,0.605235541229228
"miR-542-3p",0,0,5.7630043745876e-05,0.00409052573099359,0.000683992943448529,0.0241526016779772
"miR-543",0,0,0.000331125831368748,0.00456016431434593,0.00226205146429232,0.026265652300767
"miR-544a",0,0,0.612736563453111,0.65657368671847,0.652733873125481,0.812933700626135
"miR-545-5p",0,0,0.218321880356382,0.970213780823634,0.3222716198728,1
"miR-545-3p",0,0,0.000212671422965924,0.00739263794312172,0.00160185206400616,0.0389522402832647
"miR-548a-3p",0,0,0.000261212419772225,0.00350723008733313,0.00187149142214856,0.0221963247198972
"miR-548aa",-5.03033607837096,-2.4388721249745,0.00779681207934216,0.0589982782076293,0.0281884744406986,0.173307442234911
"miR-548ac",0,0,0.455014792455299,0.507528001362339,0.565161079423866,0.812933700626135
"miR-548ad-5p",0,0,0.00549294781240244,0.506670057879492,0.0210234973275989,0.812933700626135
"miR-548ad-3p",0,0,0.353713367673739,0.65657368671847,0.484962902003085,0.812933700626135
"miR-548ae-3p",0,0,0.0011001087035453,0.0935242211821204,0.00595680980030287,0.257355877960167
"miR-548ae-5p",0,0,0.00549294781240244,0.506670057879492,0.0210234973275989,0.812933700626135
"miR-548ah-3p",0,0,0.00960370961854254,0.261142570421287,0.0287866295963967,0.587820920009602
"miR-548aj-3p",0,0,0.0106865804296788,0.261142570421287,0.0312356517534144,0.587820920009602
"miR-548aj-5p",0,0,0.0749987630184072,0.65657368671847,0.122054773610289,0.812933700626135
"miR-548am-5p",0,0,0.000173215572470732,0.00361334962178766,0.00143329787079655,0.0221963247198972
"miR-548am-3p",0,0,0.00960370961854254,0.261142570421287,0.0287866295963967,0.587820920009602
"miR-548ap-5p",0,0,0.0706448247925672,0.0432662879569913,0.120300969755459,0.132390334243398
"miR-548ap-3p",0,0,0.00136739606720395,0.0309198366597699,0.0066118945636405,0.125712138668615
"miR-548aq-5p",0,0,0.00927083192476653,0.0432662879569913,0.0284418472887746,0.132390334243398
"miR-548aq-3p",0,0,0.000406515828489903,0.0125559694995718,0.00265594741393489,0.0604641973852332
"miR-548ar-5p",0,0,0.0749987630184072,0.65657368671847,0.122054773610289,0.812933700626135
"miR-548ar-3p",0,0,0.0706448247925672,1,0.120300969755459,1
"miR-548at-3p",0,0,0.00127385219166105,0.00361334962178766,0.00626266244854284,0.0221963247198972
"miR-548au-5p",0,0,0.000173215572470732,0.00361334962178766,0.00143329787079655,0.0221963247198972
"miR-548av-3p",0,0,0.0386775888804501,0.506670057879492,0.0959385924046014,0.812933700626135
"miR-548aw",0,0,0.00927083192476653,0.0432662879569913,0.0284418472887746,0.132390334243398
"miR-548ax",0,0,0.0706448247925672,1,0.120300969755459,1
"miR-548ay-5p",0,0,0.00549294781240244,0.506670057879492,0.0210234973275989,0.812933700626135
"miR-548ay-3p",0,0,2.28301088636308e-05,0.00361334962178766,0.000343915101471361,0.0221963247198972
"miR-548az-5p",0,0,0.0706448247925672,1,0.120300969755459,1
"miR-548b-5p",0,0,0.0131828867222297,0.286392307168894,0.0362760934393909,0.605235541229228
"miR-548b-3p",0,0,0.38109101728671,0.65657368671847,0.490451199684429,0.812933700626135
"miR-548bb-3p",0,0,0.0706448247925672,1,0.120300969755459,1
"miR-548bc",0,0,0.0904922393200976,0.450931530174492,0.146457825345888,0.812933700626135
"miR-548c-5p",0,0,0.000173215572470732,0.00361334962178766,0.00143329787079655,0.0221963247198972
"miR-548c-3p",0,0,0.00543573941400595,0.0443858702705678,0.0210234973275989,0.135112428932428
"miR-548d-5p",0,0,0.00549294781240244,0.506670057879492,0.0210234973275989,0.812933700626135
"miR-548d-3p",-1.82781902461732,0,0.000459290440179618,0.00859578526332243,0.00293296884353832,0.0444936021339377
"miR-548e-3p",0,0,0.0419261664913025,0.506670057879492,0.102846024274072,0.812933700626135
"miR-548f-5p",0,0,0.0749987630184072,0.65657368671847,0.122054773610289,0.812933700626135
"miR-548f-3p",0,0,0.000486269554131856,0.00452529266783066,0.00308846878975638,0.026265652300767
"miR-548g-5p",0,0,0.0683239772049797,0.65657368671847,0.120300969755459,0.812933700626135
"miR-548g-3p",0,0,0.612736563453111,0.65657368671847,0.652733873125481,0.812933700626135
"miR-548h-5p",0,0,0.0749987630184072,0.65657368671847,0.122054773610289,0.812933700626135
"miR-548h-3p",-5.47346223623528,-2.51516803918548,0.000291767536367539,0.00393507055762829,0.00204063604304678,0.0235903464551696
"miR-548j-5p",0,0,0.38109101728671,0.286392307168894,0.490451199684429,0.605235541229228
"miR-548j-3p",0,0,0.0749987630184072,0.65657368671847,0.122054773610289,0.812933700626135
"miR-548o-3p",0,0,0.0189002085643733,0.724851339226266,0.0505871185948487,0.882591008902448
"miR-548o-5p",0,0,0.000173215572470732,0.00361334962178766,0.00143329787079655,0.0221963247198972
"miR-548p",0,0,0.00960370961854254,0.261142570421287,0.0287866295963967,0.587820920009602
"miR-548q",0,0,0.00824656117736774,0.294559342428011,0.0284418472887746,0.616946929327829
"miR-548t-3p",-5.03033607837096,-2.4388721249745,0.00779681207934216,0.0589982782076293,0.0281884744406986,0.173307442234911
"miR-548u",0,0,0.0706448247925672,1,0.120300969755459,1
"miR-548w",0,0,0.38109101728671,0.65657368671847,0.490451199684429,0.812933700626135
"miR-548x-5p",0,0,0.0683239772049797,0.65657368671847,0.120300969755459,0.812933700626135
"miR-548x-3p",0,0,0.00871071730802459,0.110874686676741,0.0284418472887746,0.297437801016372
"miR-548z",-5.47346223623528,-2.51516803918548,0.000291767536367539,0.00393507055762829,0.00204063604304678,0.0235903464551696
"miR-550a-5p",0,0,0.1392052594324,0.897014090728678,0.217508217863125,1
"miR-550a-3p",0,0,0.358790155544514,0.904259731388622,0.490451199684429,1
"miR-550a-3-5p",0,0,0.151784454052006,0.942675213631643,0.236848251674777,1
"miR-550b-2-5p",0,0,0.00927083192476653,1,0.0284418472887746,1
"miR-550b-3p",0,0,0.0749987630184072,0.65657368671847,0.122054773610289,0.812933700626135
"miR-551b-5p",0,0,0.612736563453111,0.65657368671847,0.652733873125481,0.812933700626135
"miR-556-5p",0,0,0.00927083192476653,1,0.0284418472887746,1
"miR-556-3p",-5.98868468677217,-2.80794353695803,0.0121551420630582,0.0621367287293891,0.0342501005373941,0.181167881531097
"miR-5581-5p",0,0,0.0706448247925672,1,0.120300969755459,1
"miR-5582-3p",0,0,0.0749987630184072,0.65657368671847,0.122054773610289,0.812933700626135
"miR-5583-3p",0,0,0.00927083192476653,0.0432662879569913,0.0284418472887746,0.132390334243398
"miR-5584-5p",0,0,0.455014792455299,0.507528001362339,0.565161079423866,0.812933700626135
"miR-5585-3p",0,0,0.060678447654756,0.0223521973673278,0.120300969755459,0.0965582055390082
"miR-5586-5p",0,0,0.38109101728671,0.65657368671847,0.490451199684429,0.812933700626135
"miR-559",0,0,0.0706448247925672,1,0.120300969755459,1
"miR-5680",0,0,0.0706448247925672,1,0.120300969755459,1
"miR-5683",0,0,0.0706448247925672,1,0.120300969755459,1
"miR-5684",-1.81966818349646,-3.25048067623003,0.0920525205570809,0.139808274763479,0.148573779745289,0.368328974993469
"miR-5690",0,0,0.00695402665114395,0.0521739402618015,0.0256949097958935,0.155477517101907
"miR-5695",0,0,0.38109101728671,0.65657368671847,0.490451199684429,0.812933700626135
"miR-5697",0,0,0.0706448247925672,1,0.120300969755459,1
"miR-5698",0,0,0.201817015926259,0.507528001362339,0.304409491288003,0.812933700626135
"miR-570-3p",-5.38818953715608,-5.44179162280656,1.69288992442038e-07,4.41047121280626e-06,3.31524276865658e-05,0.000647787959380919
"miR-5708",0,0,0.00662265675251712,0.0123566829026604,0.0247822346630816,0.0597493926363207
"miR-5739",0,0,0.38109101728671,0.286392307168894,0.490451199684429,0.605235541229228
"miR-574-5p",-0.0816545026104158,-1.53008404545943,0.288235196854681,0.156016344667018,0.417603398648891,0.406291239176567
"miR-574-3p",-11.7372346655112,-11.8727923089608,0.0108575995532941,0.00809602702475871,0.0316567728911181,0.0422791344629267
"miR-576-5p",-9.08116383941987,-8.03351897165758,4.11057550746882e-05,0.00069133967711102,0.000538551574207941,0.00755172787025294
"miR-576-3p",0,0,0.240496500969938,0.330489558623379,0.352348364887378,0.669526261004259
"miR-577",0,0,0.00927083192476653,0.0432662879569913,0.0284418472887746,0.132390334243398
"miR-5787",0,0,0.217243626727609,0.270663938783426,0.321487734766927,0.597800992613769
"miR-579-3p",0,0,0.0683239772049797,0.261142570421287,0.120300969755459,0.587820920009602
"miR-580-3p",0,0,0.640990708519996,0.506670057879492,0.678526200460356,0.812933700626135
"miR-582-5p",0,0,0.970487503925455,0.406516419740042,0.971314154269514,0.783043923269752
"miR-582-3p",0,0,0.640990708519996,0.506670057879492,0.678526200460356,0.812933700626135
"miR-584-5p",0,0,0.38109101728671,0.65657368671847,0.490451199684429,0.812933700626135
"miR-584-3p",0,0,0.00927083192476653,1,0.0284418472887746,1
"miR-585-5p",0,0,0.0706448247925672,1,0.120300969755459,1
"miR-586",0,0,0.0706448247925672,1,0.120300969755459,1
"miR-589-5p",0,0,0.0128495129512962,0.0724246736523873,0.0361200423870168,0.207558515955012
"miR-589-3p",0,0,0.38109101728671,0.65657368671847,0.490451199684429,0.812933700626135
"miR-590-5p",-6.66902676550963,-7.81536203647847,5.25955211621185e-06,1.60355558360254e-05,0.000143720319454626,0.000701710229858464
"miR-590-3p",-6.26697389152185,-2.51516803918548,1.39133874033083e-05,0.000612554430643651,0.000255739932896137,0.0071975145600629
"miR-598-3p",-5.03033607837096,-2.49887201302982,0.000677219806950682,0.00902579668675369,0.0040598636386074,0.0464960230838361
"miR-603",0,0,0.38109101728671,0.65657368671847,0.490451199684429,0.812933700626135
"miR-605-5p",0,0,0.0386775888804501,0.101905807528649,0.0959385924046014,0.277174360755007
"miR-606",0,0,0.353713367673739,0.261142570421287,0.484962902003085,0.587820920009602
"miR-6068",0,0,0.612736563453111,0.65657368671847,0.652733873125481,0.812933700626135
"miR-6073",0,0,0.612736563453111,0.65657368671847,0.652733873125481,0.812933700626135
"miR-6085",0,0,0.0706448247925672,1,0.120300969755459,1
"miR-6088",0,0,0.351011998252256,0.406516419740042,0.484962902003085,0.783043923269752
"miR-6089",0,0,0.0770761818460753,0.261963208156081,0.125089107277816,0.588540668419494
"miR-6090",0,0,0.201817015926259,0.120455569187117,0.304409491288003,0.32167112226105
"miR-610",0,0,0.612736563453111,0.65657368671847,0.652733873125481,0.812933700626135
"miR-6124",2.08058785500723,1.12617505058176,0.551748539446185,0.978845613359856,0.652733873125481,1
"miR-6125",0,0,0.612736563453111,0.65657368671847,0.652733873125481,0.812933700626135
"miR-6126",-1.99601422857066,-3.93941923962443,0.715400287148661,0.681593747053308,0.739309883377025,0.842137384634739
"miR-6130",0,0,0.353713367673739,0.65657368671847,0.484962902003085,0.812933700626135
"miR-6131",0,0,0.612736563453111,0.65657368671847,0.652733873125481,0.812933700626135
"miR-615-3p",0,0,0.0706448247925672,1,0.120300969755459,1
"miR-616-5p",0,0,0.38109101728671,0.65657368671847,0.490451199684429,0.812933700626135
"miR-616-3p",0,0,0.21519923762565,0.507528001362339,0.319266545719873,0.812933700626135
"miR-6165",0,0,0.351011998252256,0.406516419740042,0.484962902003085,0.783043923269752
"miR-619-5p",-1.08406426478847,0,0.778975725176822,1,0.801485531596117,1
"miR-620",0,0,0.0706448247925672,1,0.120300969755459,1
"miR-624-5p",0,0,0.00403007504839937,0.134218303871711,0.016272639800238,0.355194835696533
"miR-624-3p",0,0,0.0749987630184072,0.65657368671847,0.122054773610289,0.812933700626135
"miR-625-5p",0,0,0.0130286608285578,0.142027354635017,0.0362760934393909,0.373338124599877
"miR-625-3p",-7.09180559969097,-4.19804548519718,0.000825239217220923,0.00906177811591358,0.00475321607958129,0.0464960230838361
"miR-627-5p",-3.58255600301406,0,0.0169078537852156,0.104470776840024,0.0457758714231066,0.282841388910203
"miR-627-3p",0,0,0.00112449456560785,0.0408751056918841,0.00606092254398729,0.132390334243398
"miR-628-5p",0,0,0.224728249223931,0.748367463509082,0.331312036183335,0.906527597549661
"miR-628-3p",0,0,0.00203696078310208,0.0491423351883871,0.00906601863691268,0.148057035503474
"miR-629-5p",0,0,0.267909583736135,0.70528189112011,0.391534528470099,0.866847512621474
"miR-629-3p",0,0,0.0419261664913025,0.507528001362339,0.102846024274072,0.812933700626135
"miR-636",0,0,0.0503706998502205,0.294559342428011,0.120300969755459,0.616946929327829
"miR-640",0,0,0.455014792455299,0.507528001362339,0.565161079423866,0.812933700626135
"miR-641",0,0,0.353713367673739,0.261142570421287,0.484962902003085,0.587820920009602
"miR-642a-5p",0,0,0.00500053402245922,0.210972596666157,0.0198500928256405,0.528556079067665
"miR-642a-3p",0,0,0.0067122472276096,0.150672340575368,0.0250025849600059,0.39342222261346
"miR-642b-5p",0,0,0.612736563453111,0.65657368671847,0.652733873125481,0.812933700626135
"miR-642b-3p",0,0,0.0111103026933706,0.327362886506624,0.0321542011446072,0.669526261004259
"miR-643",0,0,0.612736563453111,0.65657368671847,0.652733873125481,0.812933700626135
"miR-649",0,0,0.612736563453111,0.65657368671847,0.652733873125481,0.812933700626135
"miR-6499-5p",0,0,0.0706448247925672,0.0432662879569913,0.120300969755459,0.132390334243398
"miR-6501-5p",0,0,0.0706448247925672,1,0.120300969755459,1
"miR-6501-3p",0,0,0.0706448247925672,0.0432662879569913,0.120300969755459,0.132390334243398
"miR-6502-5p",0,0,0.0706448247925672,1,0.120300969755459,1
"miR-6503-5p",0,0,0.38109101728671,0.65657368671847,0.490451199684429,0.812933700626135
"miR-6503-3p",0,0,0.0106865804296788,0.0309198366597699,0.0312356517534144,0.125712138668615
"miR-6505-3p",0,0,0.38109101728671,0.65657368671847,0.490451199684429,0.812933700626135
"miR-6507-5p",0,0,0.612736563453111,0.65657368671847,0.652733873125481,0.812933700626135
"miR-6509-5p",0,0,0.00927083192476653,1,0.0284418472887746,1
"miR-6509-3p",0,0,0.455014792455299,0.507528001362339,0.565161079423866,0.812933700626135
"miR-6510-5p",0,0,0.00695402665114395,0.0098121042198344,0.0256949097958935,0.0492485918492729
"miR-6511a-5p",0,0,0.00927083192476653,0.0432662879569913,0.0284418472887746,0.132390334243398
"miR-6511a-3p",-5.17592374206376,-2.02088432497581,0.00343169841248301,0.0260898376584818,0.0142987433853459,0.111070866843174
"miR-6511b-5p",0,0,0.00927083192476653,0.0432662879569913,0.0284418472887746,0.132390334243398
"miR-6511b-3p",0,0,0.00359106680621495,0.055780092304942,0.0148052754291318,0.1646774081867
"miR-6513-3p",0,0,0.612736563453111,0.65657368671847,0.652733873125481,0.812933700626135
"miR-6514-5p",0,0,0.612736563453111,0.65657368671847,0.652733873125481,0.812933700626135
"miR-6514-3p",0,0,0.00127385219166105,0.0432662879569913,0.00626266244854284,0.132390334243398
"miR-6515-5p",0,0,0.00927083192476653,0.00361334962178766,0.0284418472887746,0.0221963247198972
"miR-6515-3p",0,0,0.0749987630184072,0.65657368671847,0.122054773610289,0.812933700626135
"miR-6516-3p",0,0,0.0130286608285578,0.0373628514806745,0.0362760934393909,0.132390334243398
"miR-652-5p",0,0,0.00172000973897119,0.261142570421287,0.00808404577316458,0.587820920009602
"miR-652-3p",0,0,0.350430213619388,0.756125369733853,0.484962902003085,0.910294374423439
"miR-653-3p",0,0,0.0706448247925672,1,0.120300969755459,1
"miR-654-5p",0,0,0.612736563453111,0.65657368671847,0.652733873125481,0.812933700626135
"miR-654-3p",-2.44890095114513,-1.58576355301941,0.000233496122935675,0.00098872335223343,0.00172552166320389,0.0101907889374937
"miR-655-3p",0,0,0.00549294781240244,0.0123566829026604,0.0210234973275989,0.0597493926363207
"miR-656-3p",0,0,0.0621454897768268,0.65657368671847,0.120300969755459,0.812933700626135
"miR-659-5p",0,0,0.612736563453111,0.65657368671847,0.652733873125481,0.812933700626135
"miR-660-5p",-8.86164526053022,-8.61873714123329,6.24218463815552e-05,0.000609801903711467,0.000713571728812185,0.0071975145600629
"miR-660-3p",0,0,0.38109101728671,0.65657368671847,0.490451199684429,0.812933700626135
"miR-663a",0,0,0.217243626727609,0.270663938783426,0.321487734766927,0.597800992613769
"miR-664a-5p",-4.58436125251871,-4.95404016415998,1.07744077114553e-06,1.26797783420499e-05,7.03548906926328e-05,0.000701710229858464
"miR-664a-3p",-8.03798614725021,-8.49605234217205,4.19628531973042e-05,0.000442731014005157,0.000541828049525631,0.00565444501582673
"miR-664b-5p",0,0,0.941015371380957,0.406516419740042,0.948278783338443,0.783043923269752
"miR-664b-3p",0,0,0.38109101728671,0.65657368671847,0.490451199684429,0.812933700626135
"miR-668-3p",0,0,0.0706448247925672,1,0.120300969755459,1
"miR-671-5p",0,0,0.00333801477096942,0.052196091347301,0.0140077405567467,0.155477517101907
"miR-671-3p",0,0,0.0683239772049797,0.261142570421287,0.120300969755459,0.587820920009602
"miR-6719-3p",0,0,0.612736563453111,0.65657368671847,0.652733873125481,0.812933700626135
"miR-6721-5p",0,0,0.0683239772049797,0.261142570421287,0.120300969755459,0.587820920009602
"miR-6724-5p",0,0,0.0706448247925672,0.0432662879569913,0.120300969755459,0.132390334243398
"miR-6726-3p",0,0,0.189051978638913,0.506670057879492,0.289239680860315,0.812933700626135
"miR-6729-5p",0,0,0.702810241654818,0.507528001362339,0.727578884532521,0.812933700626135
"miR-6730-3p",0,0,0.00927083192476653,0.0432662879569913,0.0284418472887746,0.132390334243398
"miR-6731-5p",12.1614940862679,12.1614940862679,1.30525587944685e-05,6.71205380238238e-05,0.000251422239073779,0.0013836251259297
"miR-6732-3p",0,0,0.38109101728671,0.65657368671847,0.490451199684429,0.812933700626135
"miR-6733-5p",0,0,0.0706448247925672,1,0.120300969755459,1
"miR-6733-3p",0,0,0.612736563453111,0.65657368671847,0.652733873125481,0.812933700626135
"miR-6734-5p",0,0,0.0051365215052091,0.0715041972781702,0.0202530629819486,0.205421593647555
"miR-6734-3p",0,0,0.0593260641276427,0.639092349044039,0.120300969755459,0.812933700626135
"miR-6735-5p",0,0,0.310773208499567,0.806853812506091,0.447498186258567,0.959568046249652
"miR-6738-5p",0,0,0.0706448247925672,1,0.120300969755459,1
"miR-6738-3p",0,0,0.0683239772049797,0.261142570421287,0.120300969755459,0.587820920009602
"miR-6739-5p",0,0,0.494253708829151,0.347788326995514,0.611957964040308,0.702149972886133
"miR-6739-3p",0,0,0.0621454897768268,0.261142570421287,0.120300969755459,0.587820920009602
"miR-6740-5p",0,0,0.970487503925455,0.406516419740042,0.971314154269514,0.783043923269752
"miR-6741-5p",0,0,0.0131828867222297,0.286392307168894,0.0362760934393909,0.605235541229228
"miR-6741-3p",0,0,0.612736563453111,0.65657368671847,0.652733873125481,0.812933700626135
"miR-6743-3p",0,0,0.0749987630184072,0.65657368671847,0.122054773610289,0.812933700626135
"miR-6745",0,0,0.612736563453111,0.65657368671847,0.652733873125481,0.812933700626135
"miR-6746-5p",0,0,0.00927083192476653,0.00361334962178766,0.0284418472887746,0.0221963247198972
"miR-6747-3p",0,0,0.00127385219166105,0.0432662879569913,0.00626266244854284,0.132390334243398
"miR-6749-5p",0,0,0.455014792455299,0.507528001362339,0.565161079423866,0.812933700626135
"miR-6749-3p",0,0,0.0706448247925672,0.0432662879569913,0.120300969755459,0.132390334243398
"miR-675-5p",0,0,0.612736563453111,0.65657368671847,0.652733873125481,0.812933700626135
"miR-6750-5p",0,0,0.21519923762565,0.507528001362339,0.319266545719873,0.812933700626135
"miR-6752-3p",0,0,0.612736563453111,0.65657368671847,0.652733873125481,0.812933700626135
"miR-6754-3p",0,0,0.0706448247925672,1,0.120300969755459,1
"miR-6755-5p",0,0,0.0706448247925672,1,0.120300969755459,1
"miR-6755-3p",0,0,0.612736563453111,0.65657368671847,0.652733873125481,0.812933700626135
"miR-6756-5p",0,0,0.0706448247925672,0.0432662879569913,0.120300969755459,0.132390334243398
"miR-6758-5p",0,0,0.38109101728671,0.286392307168894,0.490451199684429,0.605235541229228
"miR-6758-3p",0,0,0.38109101728671,0.65657368671847,0.490451199684429,0.812933700626135
"miR-6759-5p",0,0,0.0706448247925672,0.0432662879569913,0.120300969755459,0.132390334243398
"miR-676-3p",0,0,0.00127385219166105,1,0.00626266244854284,1
"miR-6760-5p",0,0,0.0706448247925672,0.0432662879569913,0.120300969755459,0.132390334243398
"miR-6765-5p",0,0,0.165325156308722,0.0935242211821204,0.256953781299931,0.257355877960167
"miR-6767-5p",0,0,0.350430213619388,0.756125369733853,0.484962902003085,0.910294374423439
"miR-6767-3p",0,0,0.0706448247925672,0.0432662879569913,0.120300969755459,0.132390334243398
"miR-6769b-5p",0,0,0.570310828228103,0.399802353087107,0.652733873125481,0.783043923269752
"miR-6770-5p",0,0,0.0706448247925672,1,0.120300969755459,1
"miR-6773-5p",0,0,0.353713367673739,0.261142570421287,0.484962902003085,0.587820920009602
"miR-6775-5p",0,0,0.351011998252256,0.406516419740042,0.484962902003085,0.783043923269752
"miR-6776-3p",0,0,0.841409890957009,0.330489558623379,0.858954493374879,0.669526261004259
"miR-6777-5p",0,0,0.0621454897768268,0.0309198366597699,0.120300969755459,0.125712138668615
"miR-6777-3p",0,0,0.702810241654818,0.507528001362339,0.727578884532521,0.812933700626135
"miR-6779-5p",0,0,0.21519923762565,0.569240790491894,0.319266545719873,0.812933700626135
"miR-6779-3p",0,0,0.0706448247925672,0.0432662879569913,0.120300969755459,0.132390334243398
"miR-6780a-5p",0,0,0.240496500969938,1,0.352348364887378,1
"miR-6780a-3p",0,0,0.0749987630184072,0.65657368671847,0.122054773610289,0.812933700626135
"miR-6780b-5p",0,0,0.0706448247925672,1,0.120300969755459,1
"miR-6781-5p",0,0,0.0706448247925672,1,0.120300969755459,1
"miR-6782-3p",0,0,0.911623800359371,0.406516419740042,0.922616679950268,0.783043923269752
"miR-6783-5p",0,0,0.38109101728671,0.286392307168894,0.490451199684429,0.605235541229228
"miR-6783-3p",0,0,0.0706448247925672,1,0.120300969755459,1
"miR-6785-5p",0,0,0.841409890957009,0.330489558623379,0.858954493374879,0.669526261004259
"miR-6786-3p",0,0,0.00927083192476653,1,0.0284418472887746,1
"miR-6787-3p",0,0,0.00927083192476653,0.0432662879569913,0.0284418472887746,0.132390334243398
"miR-6788-5p",0,0,0.455014792455299,0.507528001362339,0.565161079423866,0.812933700626135
"miR-6789-5p",0,0,0.690003963578177,0.270663938783426,0.725832280397814,0.597800992613769
"miR-6789-3p",0,0,0.612736563453111,0.65657368671847,0.652733873125481,0.812933700626135
"miR-6793-5p",0,0,0.0706448247925672,1,0.120300969755459,1
"miR-6793-3p",0,0,0.489995006886239,0.910807156347641,0.607966349621258,1
"miR-6795-5p",0,0,0.353713367673739,0.261142570421287,0.484962902003085,0.587820920009602
"miR-6797-5p",0,0,0.0706448247925672,0.0432662879569913,0.120300969755459,0.132390334243398
"miR-6797-3p",0,0,0.455014792455299,0.507528001362339,0.565161079423866,0.812933700626135
"miR-6798-5p",0,0,0.612736563453111,0.65657368671847,0.652733873125481,0.812933700626135
"miR-6799-3p",0,0,0.0683239772049797,0.261142570421287,0.120300969755459,0.587820920009602
"miR-6800-3p",0,0,0.00927083192476653,1,0.0284418472887746,1
"miR-6802-5p",0,0,0.000331125831368748,0.00456016431434593,0.00226205146429232,0.026265652300767
"miR-6802-3p",0,0,0.353713367673739,0.261142570421287,0.484962902003085,0.587820920009602
"miR-6803-5p",0,0,0.0749987630184072,0.286392307168894,0.122054773610289,0.605235541229228
"miR-6803-3p",0,0,0.0148254170762502,0.327362886506624,0.0407006193097991,0.669526261004259
"miR-6804-5p",0,0,0.702810241654818,0.507528001362339,0.727578884532521,0.812933700626135
"miR-6805-5p",0,0,0.0749987630184072,0.65657368671847,0.122054773610289,0.812933700626135
"miR-6807-5p",0,0,0.0118766953867719,0.261142570421287,0.0335459545179254,0.587820920009602
"miR-6808-3p",0,0,0.612736563453111,0.65657368671847,0.652733873125481,0.812933700626135
"miR-6809-5p",0,0,0.911623800359371,0.756125369733853,0.922616679950268,0.910294374423439
"miR-6809-3p",0,0,0.00927083192476653,0.0432662879569913,0.0284418472887746,0.132390334243398
"miR-6810-5p",0,0,0.612736563453111,0.65657368671847,0.652733873125481,0.812933700626135
"miR-6810-3p",0,0,0.00927083192476653,0.00361334962178766,0.0284418472887746,0.0221963247198972
"miR-6812-5p",0,0,0.640990708519996,0.506670057879492,0.678526200460356,0.812933700626135
"miR-6812-3p",0,0,0.00927083192476653,0.00361334962178766,0.0284418472887746,0.0221963247198972
"miR-6813-3p",0,0,0.0706448247925672,0.0432662879569913,0.120300969755459,0.132390334243398
"miR-6815-5p",0,0,0.385910041785361,0.406516419740042,0.496109736430852,0.783043923269752
"miR-6816-3p",0,0,0.38109101728671,0.65657368671847,0.490451199684429,0.812933700626135
"miR-6818-5p",0,0,0.612736563453111,0.65657368671847,0.652733873125481,0.812933700626135
"miR-6818-3p",0,0,0.0706448247925672,1,0.120300969755459,1
"miR-6819-5p",0,0,0.38109101728671,0.65657368671847,0.490451199684429,0.812933700626135
"miR-6821-5p",0,0,0.612736563453111,0.65657368671847,0.652733873125481,0.812933700626135
"miR-6821-3p",0,0,0.612736563453111,0.65657368671847,0.652733873125481,0.812933700626135
"miR-6824-3p",0,0,0.702810241654818,0.569240790491894,0.727578884532521,0.812933700626135
"miR-6825-5p",0,0,0.702810241654818,0.507528001362339,0.727578884532521,0.812933700626135
"miR-6826-5p",0,0,0.0706448247925672,1,0.120300969755459,1
"miR-6826-3p",0,0,0.0706448247925672,1,0.120300969755459,1
"miR-6831-5p",0,0,0.612736563453111,0.65657368671847,0.652733873125481,0.812933700626135
"miR-6832-3p",0,0,0.38109101728671,0.286392307168894,0.490451199684429,0.605235541229228
"miR-6833-5p",0,0,0.867573065045379,1,0.882595975262615,1
"miR-6834-5p",0,0,0.612736563453111,0.65657368671847,0.652733873125481,0.812933700626135
"miR-6845-3p",0,0,0.0706448247925672,1,0.120300969755459,1
"miR-6849-5p",0,0,0.00927083192476653,1,0.0284418472887746,1
"miR-6849-3p",0,0,0.612736563453111,0.65657368671847,0.652733873125481,0.812933700626135
"miR-6850-5p",0,0,0.0706448247925672,1,0.120300969755459,1
"miR-6852-5p",0,0,0.702810241654818,0.507528001362339,0.727578884532521,0.812933700626135
"miR-6852-3p",0,0,0.612736563453111,0.65657368671847,0.652733873125481,0.812933700626135
"miR-6855-5p",0,0,0.702810241654818,0.507528001362339,0.727578884532521,0.812933700626135
"miR-6855-3p",0,0,0.640990708519996,0.506670057879492,0.678526200460356,0.812933700626135
"miR-6858-5p",0,0,0.612736563453111,0.65657368671847,0.652733873125481,0.812933700626135
"miR-6858-3p",0,0,0.0118766953867719,0.0348005131915217,0.0335459545179254,0.132390334243398
"miR-6859-5p",0,0,0.0683239772049797,0.261142570421287,0.120300969755459,0.587820920009602
"miR-6859-3p",0,0,0.38109101728671,0.65657368671847,0.490451199684429,0.812933700626135
"miR-6862-5p",0,0,0.0749987630184072,0.65657368671847,0.122054773610289,0.812933700626135
"miR-6865-5p",0,0,0.0706448247925672,1,0.120300969755459,1
"miR-6865-3p",0,0,0.612736563453111,0.65657368671847,0.652733873125481,0.812933700626135
"miR-6866-3p",0,0,0.0706448247925672,0.0432662879569913,0.120300969755459,0.132390334243398
"miR-6867-5p",0,0,0.528815434540874,0.676656055996205,0.650636791189033,0.836916700837411
"miR-6868-3p",0,0,0.0706448247925672,1,0.120300969755459,1
"miR-6870-5p",0,0,0.27509358205035,0.330489558623379,0.399548774918617,0.669526261004259
"miR-6870-3p",0,0,0.38109101728671,0.65657368671847,0.490451199684429,0.812933700626135
"miR-6873-3p",-6.84071499114108,-8.38835245906708,0.000226650600540843,0.0012112445114989,0.00169627041806045,0.0119073456891663
"miR-6874-5p",0,0,0.0706448247925672,1,0.120300969755459,1
"miR-6875-5p",0,0,0.0706448247925672,1,0.120300969755459,1
"miR-6875-3p",0,0,0.612736563453111,0.65657368671847,0.652733873125481,0.812933700626135
"miR-6876-5p",0,0,0.201817015926259,0.507528001362339,0.304409491288003,0.812933700626135
"miR-6877-5p",0,0,0.612736563453111,0.65657368671847,0.652733873125481,0.812933700626135
"miR-6877-3p",0,0,0.455014792455299,0.507528001362339,0.565161079423866,0.812933700626135
"miR-6878-3p",0,0,0.0706448247925672,0.0432662879569913,0.120300969755459,0.132390334243398
"miR-6879-5p",0,0,0.455014792455299,0.507528001362339,0.565161079423866,0.812933700626135
"miR-6879-3p",0,0,0.0706448247925672,0.0432662879569913,0.120300969755459,0.132390334243398
"miR-6880-5p",0,0,0.27509358205035,0.330489558623379,0.399548774918617,0.669526261004259
"miR-6881-5p",0,0,0.0106865804296788,0.261142570421287,0.0312356517534144,0.587820920009602
"miR-6881-3p",0,0,0.189051978638913,0.506670057879492,0.289239680860315,0.812933700626135
"miR-6882-5p",0,0,0.00927083192476653,1,0.0284418472887746,1
"miR-6882-3p",0,0,0.0706448247925672,1,0.120300969755459,1
"miR-6883-5p",0,0,0.0706448247925672,1,0.120300969755459,1
"miR-6883-3p",0,0,0.612736563453111,0.65657368671847,0.652733873125481,0.812933700626135
"miR-6884-5p",0,0,0.0118766953867719,0.261142570421287,0.0335459545179254,0.587820920009602
"miR-6884-3p",0,0,0.00127385219166105,0.0432662879569913,0.00626266244854284,0.132390334243398
"miR-6885-5p",0,0,0.521383191051127,0.700273508416226,0.642838666825891,0.862496197472815
"miR-6885-3p",0,0,0.229218401362695,0.330489558623379,0.337085884356904,0.669526261004259
"miR-6887-5p",0,0,0.702810241654818,0.507528001362339,0.727578884532521,0.812933700626135
"miR-6891-5p",-1.08406426478847,0,0.379374993408079,0.6917957192844,0.490451199684429,0.853844506469716
"miR-6891-3p",0,0,0.455014792455299,0.507528001362339,0.565161079423866,0.812933700626135
"miR-6892-5p",0,0,0.353713367673739,0.261142570421287,0.484962902003085,0.587820920009602
"miR-6893-3p",0,0,0.00927083192476653,1,0.0284418472887746,1
"miR-6894-3p",0,0,0.0706448247925672,1,0.120300969755459,1
"miR-7-5p",-8.15658875278909,-7.30292835598621,0.000101978614285463,0.0017833593254728,0.00104195540682973,0.0151844000538445
"miR-7-1-3p",-8.98837225834957,-9.12095625141733,1.85117959793752e-06,1.7077660316093e-05,8.05605936139474e-05,0.000701710229858464
"miR-7-2-3p",0,0,0.0106865804296788,0.65657368671847,0.0312356517534144,0.812933700626135
"miR-708-5p",0,0,0.38109101728671,0.65657368671847,0.490451199684429,0.812933700626135
"miR-7106-5p",0,0,0.612736563453111,0.65657368671847,0.652733873125481,0.812933700626135
"miR-7106-3p",0,0,0.0706448247925672,1,0.120300969755459,1
"miR-7107-5p",0,0,0.0244597694077835,0.0334544588441057,0.063444214247562,0.132390334243398
"miR-7107-3p",0,0,0.612736563453111,0.65657368671847,0.652733873125481,0.812933700626135
"miR-7108-5p",0,0,0.0706448247925672,1,0.120300969755459,1
"miR-7109-3p",0,0,0.000173215572470732,0.00361334962178766,0.00143329787079655,0.0221963247198972
"miR-7110-5p",0,0,0.493754696703047,0.623437864113646,0.611957964040308,0.812933700626135
"miR-7110-3p",0,0,0.353713367673739,0.261142570421287,0.484962902003085,0.587820920009602
"miR-7111-5p",0,0,0.967706012860699,0.700273508416226,0.971314154269514,0.862496197472815
"miR-7112-3p",0,0,0.189051978638913,0.507528001362339,0.289239680860315,0.812933700626135
"miR-7113-5p",0,0,0.00927083192476653,0.0432662879569913,0.0284418472887746,0.132390334243398
"miR-718",0,0,0.0706448247925672,0.0432662879569913,0.120300969755459,0.132390334243398
"miR-744-5p",-4.71094415457587,-5.2725495679886,0.000866229278517489,0.00581694762816003,0.0049170019432756,0.0317902951771536
"miR-744-3p",0,0,0.941015371380957,0.787804146434407,0.948278783338443,0.939766367574038
"miR-758-3p",0,0,0.612736563453111,0.65657368671847,0.652733873125481,0.812933700626135
"miR-760",0,0,0.0454027498231038,0.506670057879492,0.110223617855676,0.812933700626135
"miR-762",0,0,0.455014792455299,0.507528001362339,0.565161079423866,0.812933700626135
"miR-765",0,0,0.0749987630184072,0.286392307168894,0.122054773610289,0.605235541229228
"miR-766-5p",0,0,0.117649045565523,0.406516419740042,0.186612831557919,0.783043923269752
"miR-766-3p",-1.92219784839637,-2.02088432497581,0.000368814729235827,0.00425554132554315,0.00247938094120254,0.025001305287566
"miR-767-5p",0,0,0.0706448247925672,1,0.120300969755459,1
"miR-769-5p",0,0,0.702810241654818,0.507528001362339,0.727578884532521,0.812933700626135
"miR-7704",-1.08406426478847,-2.04415561794433,0.126702403763737,0.273354939265015,0.199031182382876,0.6026117329013
"miR-7705",0,0,0.0706448247925672,1,0.120300969755459,1
"miR-7706",0,0,0.207802651866282,0.970213780823634,0.312635231681026,1
"miR-7845-5p",0,0,0.0106865804296788,0.0309198366597699,0.0312356517534144,0.125712138668615
"miR-7846-3p",0,0,0.612736563453111,0.65657368671847,0.652733873125481,0.812933700626135
"miR-7847-3p",4.7667117802427,4.11685933775195,0.00131251185967329,0.0177052921019518,0.00639917607932,0.0800143008453592
"miR-7848-3p",0,0,0.0706448247925672,0.0432662879569913,0.120300969755459,0.132390334243398
"miR-7849-3p",0,0,0.612736563453111,0.65657368671847,0.652733873125481,0.812933700626135
"miR-7850-5p",0,0,0.0706448247925672,1,0.120300969755459,1
"miR-7851-3p",0,0,0.0706448247925672,0.0432662879569913,0.120300969755459,0.132390334243398
"miR-7854-3p",0,0,0.911623800359371,0.406516419740042,0.922616679950268,0.783043923269752
"miR-7855-5p",0,0,0.00927083192476653,1,0.0284418472887746,1
"miR-7976",0,0,0.00176539229643505,0.0674717563253171,0.00819895631743552,0.195269245522777
"miR-802",0,0,0.00927083192476653,0.00361334962178766,0.0284418472887746,0.0221963247198972
"miR-8071",0,0,0.38109101728671,0.286392307168894,0.490451199684429,0.605235541229228
"miR-8072",0,0,0.299655212787866,0.386086304420061,0.432548986518111,0.775472491783883
"miR-8089",0,0,0.612736563453111,0.65657368671847,0.652733873125481,0.812933700626135
"miR-8485",1.14046722088175,0.475083508207373,0.548774871162296,0.867213683882617,0.652733873125481,1
"miR-874-5p",0,0,0.00927083192476653,0.0432662879569913,0.0284418472887746,0.132390334243398
"miR-874-3p",0,0,0.0230615054406709,0.206089322370786,0.0607562082797944,0.521885676262228
"miR-875-5p",0,0,0.000181799379683372,2.19337786602189e-05,0.00146311144608194,0.000701710229858464
"miR-875-3p",0,0,0.612736563453111,0.65657368671847,0.652733873125481,0.812933700626135
"miR-876-5p",0,0,0.612736563453111,0.65657368671847,0.652733873125481,0.812933700626135
"miR-877-5p",-7.28918894339959,-7.45160982612593,0.00285381537649896,0.00985608352142976,0.0122380768882711,0.0492485918492729
"miR-877-3p",0,0,0.00952748204766015,0.537498058349716,0.0287866295963967,0.812933700626135
"miR-885-5p",-6.00786824333334,-4.11520239142495,2.41221523975131e-05,0.000483592315299513,0.000358778848950354,0.00604490394124391
"miR-887-3p",0,0,0.0131828867222297,0.286392307168894,0.0362760934393909,0.605235541229228
"miR-889-3p",0,0,0.000166443931100569,0.00131242562936355,0.00143329787079655,0.0123368009160174
"miR-9-5p",0,0,0.0706448247925672,0.0432662879569913,0.120300969755459,0.132390334243398
"miR-9-3p",0,0,0.000173215572470732,0.0432662879569913,0.00143329787079655,0.132390334243398
"miR-92a-1-5p",0,0,0.0749987630184072,0.65657368671847,0.122054773610289,0.812933700626135
"miR-92a-3p",-1.262522555041,-1.10186747241233,0.0609488554609566,0.184401139116935,0.120300969755459,0.473533263944284
"miR-92b-5p",0,0,0.0904922393200976,0.431901346271595,0.146457825345888,0.812933700626135
"miR-92b-3p",-9.42687273931007,-9.37326998800483,0.000329944396379151,0.00165644574195347,0.00226205146429232,0.0144172129392246
"miR-93-5p",-9.99135177376779,-10.1598605560817,0.00182286851142247,0.00407701420580623,0.00843256102724959,0.0241526016779772
"miR-93-3p",-4.93404464711225,-6.09681824219812,0.000236309972378619,0.00143595675234203,0.00173400347672031,0.0129943579816407
"miR-933",0,0,0.0706448247925672,1,0.120300969755459,1
"miR-935",0,0,0.0131053869649974,0.15629245966622,0.0362760934393909,0.406291239176567
"miR-936",0,0,0.0706448247925672,1,0.120300969755459,1
"miR-937-3p",0,0,0.0419261664913025,0.507528001362339,0.102846024274072,0.812933700626135
"miR-939-5p",-1.4276061727819,-1.61633037839514,0.000136097975834687,0.00191241120506611,0.00133262601338131,0.0160505940425191
"miR-939-3p",0,0,0.0706448247925672,0.0432662879569913,0.120300969755459,0.132390334243398
"miR-940",0,0,0.867573065045379,1,0.882595975262615,1
"miR-941",0,0,0.0256221189800835,0.134218303871711,0.066167010552963,0.355194835696533
"miR-942-5p",-5.68313498512609,-5.46301550341255,3.30615110347142e-07,1.82083436479757e-05,4.20939632954267e-05,0.000701710229858464
"miR-942-3p",0,0,0.0915185891157523,0.756125369733853,0.147915188735913,0.910294374423439
"miR-944",0,0,0.38109101728671,0.65657368671847,0.490451199684429,0.812933700626135
"miR-95-5p",0,0,0.612736563453111,0.65657368671847,0.652733873125481,0.812933700626135
"miR-95-3p",0,0,0.21519923762565,0.507528001362339,0.319266545719873,0.812933700626135
"miR-96-5p",0,0,0.229218401362695,0.970213780823634,0.337085884356904,1
"miR-98-5p",-7.99123838108984,-3.88134050594167,0.00376557277708124,0.0614749004218815,0.0153630139342724,0.179838085082755
"miR-98-3p",-8.29117069932186,-7.91411687710573,1.67541276747073e-05,0.000274570421299711,0.000289501470849722,0.00424500322404158
"miR-9901",0,0,0.612736563453111,0.65657368671847,0.652733873125481,0.812933700626135
"miR-9985",0,0,0.353713367673739,0.65657368671847,0.484962902003085,0.812933700626135
"miR-99a-5p",0,0,0.0536301282033259,0.294559342428011,0.120300969755459,0.616946929327829
"miR-99a-3p",0,0,0.702810241654818,0.507528001362339,0.727578884532521,0.812933700626135
"miR-99b-5p",-3.60407132366886,-2.02088432497581,1.56946916963633e-05,0.00032970725122852,0.000279413071867074,0.00455771788462955
"miR-99b-3p",0,0,0.351011998252256,0.406516419740042,0.484962902003085,0.783043923269752
