"Specimen","Assay","File","URL","Source_Bytes","Source_MD5","Probe_Count","Normalized_Column","Cache_MD5","Archive_URL","Retrieval"
"Ge0014","4697141074_B","Ge0014_4697141074_B.qnorm.log.txt","https://www.ebi.ac.uk/biostudies/files/E-MTAB-1791/Ge0014_4697141074_B.qnorm.log.txt",33488079,"7df4fca76be843e200afe0832ae8fd6c",49577,"Ge 14_4697141074_B.mean.qnorm.log","2c0de6035f28c728499d8c776e785957","https://ftp.ebi.ac.uk/pub/databases/microarray/data/experiment/MTAB/E-MTAB-1791/E-MTAB-1791.raw.1.zip","Uncompressed canonical file"
"Ge0017","4233291100_F","Ge0017_4233291100_F.qnorm.log.txt","https://www.ebi.ac.uk/biostudies/files/E-MTAB-1791/Ge0017_4233291100_F.qnorm.log.txt",33082947,"537bb6e40ab226d8328ba96f52cdc234",49577,"Ge0017_4233291100_F.mean.qnorm.log","787ddc51fb3cbb6faffb55a2a965803b","https://ftp.ebi.ac.uk/pub/databases/microarray/data/experiment/MTAB/E-MTAB-1791/E-MTAB-1791.raw.1.zip","Uncompressed canonical file"
"Ge0018","4233291191_A","Ge0018_4233291191_A.qnorm.log.txt","https://www.ebi.ac.uk/biostudies/files/E-MTAB-1791/Ge0018_4233291191_A.qnorm.log.txt",33090241,"883cea33f7b0a2be8c7af553b3f471db",49577,"Ge0018_4233291191_A.mean.qnorm.log","b777c3efec3cc3456814e61d75fd065e","https://ftp.ebi.ac.uk/pub/databases/microarray/data/experiment/MTAB/E-MTAB-1791/E-MTAB-1791.raw.1.zip","Uncompressed canonical file"
"Ge0022","4233291155_A","Ge0022_4233291155_A.qnorm.log.txt","https://www.ebi.ac.uk/biostudies/files/E-MTAB-1791/Ge0022_4233291155_A.qnorm.log.txt",33097617,"0ed7b0c7d08469c3983277cc3766fc63",49577,"Ge0022_4233291155_A.mean.qnorm.log","ae76b3599017e26fd0b0d3bf74c2e44e","https://ftp.ebi.ac.uk/pub/databases/microarray/data/experiment/MTAB/E-MTAB-1791/E-MTAB-1791.raw.1.zip","Uncompressed canonical file"
"Ge0032","4233291191_C","Ge0032_4233291191_C.qnorm.log.txt","https://www.ebi.ac.uk/biostudies/files/E-MTAB-1791/Ge0032_4233291191_C.qnorm.log.txt",33081856,"9435626ab0da95fcb8658f2ce27a88e3",49577,"Ge0032_4233291191_C.mean.qnorm.log","fec064e4ee80479f005426e1a6e813d8","https://ftp.ebi.ac.uk/pub/databases/microarray/data/experiment/MTAB/E-MTAB-1791/E-MTAB-1791.raw.1.zip","Uncompressed canonical file"
"Ge0040","4233291155_C","Ge0040_4233291155_C.qnorm.log.txt","https://www.ebi.ac.uk/biostudies/files/E-MTAB-1791/Ge0040_4233291155_C.qnorm.log.txt",33095071,"8356fe86dc95cd92cdb4b67a17ba7b93",49577,"Ge0040_4233291155_C.mean.qnorm.log","036acd55c69a9acb2109de96db0ce116","https://ftp.ebi.ac.uk/pub/databases/microarray/data/experiment/MTAB/E-MTAB-1791/E-MTAB-1791.raw.1.zip","Uncompressed canonical file"
"Ge0041","4233291155_D","Ge0041_4233291155_D.qnorm.log.txt","https://www.ebi.ac.uk/biostudies/files/E-MTAB-1791/Ge0041_4233291155_D.qnorm.log.txt",33100041,"2f56c88ebfe648ba73f3d1aadc1e20b2",49577,"Ge0041_4233291155_D.mean.qnorm.log","d9643396b092a1517620da1886d24802","https://ftp.ebi.ac.uk/pub/databases/microarray/data/experiment/MTAB/E-MTAB-1791/E-MTAB-1791.raw.1.zip","Uncompressed canonical file"
"Ge0043","4233291155_E","Ge0043_4233291155_E.qnorm.log.txt","https://www.ebi.ac.uk/biostudies/files/E-MTAB-1791/Ge0043_4233291155_E.qnorm.log.txt",33101920,"343ff5d772698b944e7bd0555517138c",49577,"Ge0043_4233291155_E.mean.qnorm.log","cbfc17898f0b35cb305f4820c33986d8","https://ftp.ebi.ac.uk/pub/databases/microarray/data/experiment/MTAB/E-MTAB-1791/E-MTAB-1791.raw.1.zip","Uncompressed canonical file"
"Ge0046","4233291155_F","Ge0046_4233291155_F.qnorm.log.txt","https://www.ebi.ac.uk/biostudies/files/E-MTAB-1791/Ge0046_4233291155_F.qnorm.log.txt",33104042,"f8c6732725c896f897aedd5b0dd40bf0",49577,"Ge0046_4233291155_F.mean.qnorm.log","6a1c3d7d8bcbd5600dbb130fd2e9c964","https://ftp.ebi.ac.uk/pub/databases/microarray/data/experiment/MTAB/E-MTAB-1791/E-MTAB-1791.raw.1.zip","Uncompressed canonical file"
"Ge0061","4233291099_B","Ge0061_4233291099_B.qnorm.log.txt","https://www.ebi.ac.uk/biostudies/files/E-MTAB-1791/Ge0061_4233291099_B.qnorm.log.txt",33083083,"f4240076029ca06cd4cbfe7d6c57531e",49577,"Ge0061_4233291099_B.mean.qnorm.log","925d0954b8ca819605d247701442fcb0","https://ftp.ebi.ac.uk/pub/databases/microarray/data/experiment/MTAB/E-MTAB-1791/E-MTAB-1791.raw.2.zip","Uncompressed canonical file"
"Ge0067","4233291098_B","Ge0067_4233291098_B.qnorm.log.txt","https://www.ebi.ac.uk/biostudies/files/E-MTAB-1791/Ge0067_4233291098_B.qnorm.log.txt",33093881,"ba9eb39fdf1ef5fc9394ac7ce06bbdb6",49577,"Ge_67_4233291098_B.mean.qnorm.log","c98b7c602f32d24f9536eb73779346b0","https://ftp.ebi.ac.uk/pub/databases/microarray/data/experiment/MTAB/E-MTAB-1791/E-MTAB-1791.raw.2.zip","Uncompressed canonical file"
"Ge0071","4233291190_C","Ge0071_4233291190_C.qnorm.log.txt","https://www.ebi.ac.uk/biostudies/files/E-MTAB-1791/Ge0071_4233291190_C.qnorm.log.txt",33477780,"16fb66730f1ec9c2f5e1fd7482b0f04a",49577,"Ge 71_4233291190_C.mean.qnorm.log","f5af8c69ec9f069efaae925b57dcf26f","https://ftp.ebi.ac.uk/pub/databases/microarray/data/experiment/MTAB/E-MTAB-1791/E-MTAB-1791.raw.2.zip","Uncompressed canonical file"
"Ge0072","4233291190_D","Ge0072_4233291190_D.qnorm.log.txt","https://www.ebi.ac.uk/biostudies/files/E-MTAB-1791/Ge0072_4233291190_D.qnorm.log.txt",33477015,"ca16f76d5ab380c178b1a0e88bb67126",49577,"Ge 72_4233291190_D.mean.qnorm.log","6e6196a78b7603e4c0d44aa385b23aad","https://ftp.ebi.ac.uk/pub/databases/microarray/data/experiment/MTAB/E-MTAB-1791/E-MTAB-1791.raw.2.zip","Uncompressed canonical file"
"Ge0089","4233291099_D","Ge0089_4233291099_D.qnorm.log.txt","https://www.ebi.ac.uk/biostudies/files/E-MTAB-1791/Ge0089_4233291099_D.qnorm.log.txt",33098841,"99e563907960da25299c626a4f763214",49577,"Ge0089_4233291099_D.mean.qnorm.log","dda2d15b2687c573e45fe220bea7ae74","https://ftp.ebi.ac.uk/pub/databases/microarray/data/experiment/MTAB/E-MTAB-1791/E-MTAB-1791.raw.2.zip","Uncompressed canonical file"
"Ge0093","4233291188_E","Ge0093_4233291188_E.qnorm.log.txt","https://www.ebi.ac.uk/biostudies/files/E-MTAB-1791/Ge0093_4233291188_E.qnorm.log.txt",33096575,"7cc92e1d849482047b0c6439e4ed1eb5",49577,"Ge0093_4233291188_E.mean.qnorm.log","639d254d338f5ccf8adf1eb7cd6c990f","https://ftp.ebi.ac.uk/pub/databases/microarray/data/experiment/MTAB/E-MTAB-1791/E-MTAB-1791.raw.2.zip","Uncompressed canonical file"
"Ge0097","4233291188_F","Ge0097_4233291188_F.qnorm.log.txt","https://www.ebi.ac.uk/biostudies/files/E-MTAB-1791/Ge0097_4233291188_F.qnorm.log.txt",33092658,"391523d1d42a7d625faa30666af94dd6",49577,"Ge0097_4233291188_F.mean.qnorm.log","c110f22fd635f59bebfac9f56d32d62b","https://ftp.ebi.ac.uk/pub/databases/microarray/data/experiment/MTAB/E-MTAB-1791/E-MTAB-1791.raw.2.zip","Uncompressed canonical file"
"Ge0098","4233291192_E","Ge0098_4233291192_E.qnorm.log.txt","https://www.ebi.ac.uk/biostudies/files/E-MTAB-1791/Ge0098_4233291192_E.qnorm.log.txt",33082632,"9415cfa71f27be3ceb762c79bab4c562",49577,"Ge0098_4233291192_E.mean.qnorm.log","c9d046fe4534f5a7a81310ddf1ef0851","https://ftp.ebi.ac.uk/pub/databases/microarray/data/experiment/MTAB/E-MTAB-1791/E-MTAB-1791.raw.2.zip","Uncompressed canonical file"
"Ge0100","4233291213_A","Ge0100_4233291213_A.qnorm.log.txt","https://www.ebi.ac.uk/biostudies/files/E-MTAB-1791/Ge0100_4233291213_A.qnorm.log.txt",33089326,"9b67f5fab6b6b932d80bb0e32f785a20",49577,"Ge0100_4233291213_A.mean.qnorm.log","2a912155539f688a383f99c22a491d1c","https://ftp.ebi.ac.uk/pub/databases/microarray/data/experiment/MTAB/E-MTAB-1791/E-MTAB-1791.raw.3.zip","Uncompressed canonical file"
"Ge0101","4233291099_F","Ge0101_4233291099_F.qnorm.log.txt","https://www.ebi.ac.uk/biostudies/files/E-MTAB-1791/Ge0101_4233291099_F.qnorm.log.txt",33101221,"933bf6f62b254fac594b3c0357a94278",49577,"Ge0101_4233291099_F.mean.qnorm.log","2ef3e8f062c6ec3f3dbe26f57d049feb","https://ftp.ebi.ac.uk/pub/databases/microarray/data/experiment/MTAB/E-MTAB-1791/E-MTAB-1791.raw.3.zip","Uncompressed canonical file"
"Ge0102","4233291213_B","Ge0102_4233291213_B.qnorm.log.txt","https://www.ebi.ac.uk/biostudies/files/E-MTAB-1791/Ge0102_4233291213_B.qnorm.log.txt",33091635,"d36572b313fcfd70eb646e350ebeda51",49577,"Ge0102_4233291213_B.mean.qnorm.log","5b0bdc4ec862dbfbcbb37ea5b9bd7da7","https://ftp.ebi.ac.uk/pub/databases/microarray/data/experiment/MTAB/E-MTAB-1791/E-MTAB-1791.raw.3.zip","Uncompressed canonical file"
"Ge0105","4233291213_C","Ge0105_4233291213_C.qnorm.log.txt","https://www.ebi.ac.uk/biostudies/files/E-MTAB-1791/Ge0105_4233291213_C.qnorm.log.txt",33100066,"55763c06ca584e684d285de9f40e2eed",49577,"Ge0105_4233291213_C.mean.qnorm.log","35f98f90d8b599a1e8f415bd6780cc80","https://ftp.ebi.ac.uk/pub/databases/microarray/data/experiment/MTAB/E-MTAB-1791/E-MTAB-1791.raw.3.zip","SDRF ZIP member (CRC checked)"
"Ge0108","4233291204_A","Ge0108_4233291204_A.qnorm.log.txt","https://www.ebi.ac.uk/biostudies/files/E-MTAB-1791/Ge0108_4233291204_A.qnorm.log.txt",33083125,"d6ae7dcd7b085e26fb27c1c9329547e4",49577,"Ge0108_4233291204_A.mean.qnorm.log","1227b8decaf5d9312425b443729b4f8e","https://ftp.ebi.ac.uk/pub/databases/microarray/data/experiment/MTAB/E-MTAB-1791/E-MTAB-1791.raw.3.zip","SDRF ZIP member (CRC checked)"
"Ge0109","4233291204_B","Ge0109_4233291204_B.qnorm.log.txt","https://www.ebi.ac.uk/biostudies/files/E-MTAB-1791/Ge0109_4233291204_B.qnorm.log.txt",33092203,"0d233cd0229bbf5a6627d3eb237f2ff8",49577,"Ge0109_4233291204_B.mean.qnorm.log","6ff281613ba3c5e660743dfca34d6044","https://ftp.ebi.ac.uk/pub/databases/microarray/data/experiment/MTAB/E-MTAB-1791/E-MTAB-1791.raw.3.zip","SDRF ZIP member (CRC checked)"
"Ge0113b","4233291213_D","Ge0113b_4233291213_D.qnorm.log.txt","https://www.ebi.ac.uk/biostudies/files/E-MTAB-1791/Ge0113b_4233291213_D.qnorm.log.txt",33095520,"e723d08c9a2a23eb3b5a5a70999aea97",49577,"Ge0113b_4233291213_D.mean.qnorm.log","33ddfd3b032a501cb96a710bcf23e3b0","https://ftp.ebi.ac.uk/pub/databases/microarray/data/experiment/MTAB/E-MTAB-1791/E-MTAB-1791.raw.3.zip","SDRF ZIP member (CRC checked)"
"Ge0118d","4655274079_E","Ge0118d_4655274079_E.qnorm.log.txt","https://www.ebi.ac.uk/biostudies/files/E-MTAB-1791/Ge0118d_4655274079_E.qnorm.log.txt",33095933,"bb13dcd7142395063fb68a77b9c4a2d2",49577,"Ge_118d_4655274079_E.mean.qnorm.log","ead96a238827c3fed6290143582186bc","https://ftp.ebi.ac.uk/pub/databases/microarray/data/experiment/MTAB/E-MTAB-1791/E-MTAB-1791.raw.3.zip","SDRF ZIP member (CRC checked)"
"Ge0119","4233291204_D","Ge0119_4233291204_D.qnorm.log.txt","https://www.ebi.ac.uk/biostudies/files/E-MTAB-1791/Ge0119_4233291204_D.qnorm.log.txt",33094365,"8ee2f9e55eee7600201ab401ef07e73e",49577,"Ge0119_4233291204_D.mean.qnorm.log","032e99cb2e11cb74faa6be9d43d24f88","https://ftp.ebi.ac.uk/pub/databases/microarray/data/experiment/MTAB/E-MTAB-1791/E-MTAB-1791.raw.3.zip","SDRF ZIP member (CRC checked)"
"Ge0120d","4676008045_F","Ge0120d_4676008045_F.qnorm.log.txt","https://www.ebi.ac.uk/biostudies/files/E-MTAB-1791/Ge0120d_4676008045_F.qnorm.log.txt",33097127,"94351b2c96038fd8092b122206342536",49577,"Ge_120d_4676008045_F.mean.qnorm.log","af52a660b2cbcefde70a9cc124a4587a","https://ftp.ebi.ac.uk/pub/databases/microarray/data/experiment/MTAB/E-MTAB-1791/E-MTAB-1791.raw.3.zip","SDRF ZIP member (CRC checked)"
"Ge0126","4233291204_E","Ge0126_4233291204_E.qnorm.log.txt","https://www.ebi.ac.uk/biostudies/files/E-MTAB-1791/Ge0126_4233291204_E.qnorm.log.txt",33092256,"f7a98ed75f42964a8a696be873e47694",49577,"Ge0126_4233291204_E.mean.qnorm.log","8c30a1f74b3f78240839a421a49e841b","https://ftp.ebi.ac.uk/pub/databases/microarray/data/experiment/MTAB/E-MTAB-1791/E-MTAB-1791.raw.4.zip","Uncompressed canonical file"
"Ge0127","4233291102_D","Ge0127_4233291102_D.qnorm.log.txt","https://www.ebi.ac.uk/biostudies/files/E-MTAB-1791/Ge0127_4233291102_D.qnorm.log.txt",33084632,"8bda061f78114101e18abb3805d46d5b",49577,"Ge0127_4233291102_D.mean.qnorm.log","2abf50802a5fab275f85716e696fd84b","https://ftp.ebi.ac.uk/pub/databases/microarray/data/experiment/MTAB/E-MTAB-1791/E-MTAB-1791.raw.4.zip","SDRF ZIP member (CRC checked)"
"Ge0128","4233291189_A","Ge0128_4233291189_A.qnorm.log.txt","https://www.ebi.ac.uk/biostudies/files/E-MTAB-1791/Ge0128_4233291189_A.qnorm.log.txt",33098698,"f48a39a04d63a3494e931cb662ce6560",49577,"Ge0128_4233291189_A.mean.qnorm.log","4bb8070bd3488de36b4a8eaf5ff6c199","https://ftp.ebi.ac.uk/pub/databases/microarray/data/experiment/MTAB/E-MTAB-1791/E-MTAB-1791.raw.4.zip","SDRF ZIP member (CRC checked)"
"Ge0131","4233291205_A","Ge0131_4233291205_A.qnorm.log.txt","https://www.ebi.ac.uk/biostudies/files/E-MTAB-1791/Ge0131_4233291205_A.qnorm.log.txt",33097325,"5262bcf728819e624bbd0ee521b68bd7",49577,"Ge0131_4233291205_A.mean.qnorm.log","b535fd3b3e3709fcb7a187653c09688a","https://ftp.ebi.ac.uk/pub/databases/microarray/data/experiment/MTAB/E-MTAB-1791/E-MTAB-1791.raw.4.zip","SDRF ZIP member (CRC checked)"
"Ge0132","4233291189_B","Ge0132_4233291189_B.qnorm.log.txt","https://www.ebi.ac.uk/biostudies/files/E-MTAB-1791/Ge0132_4233291189_B.qnorm.log.txt",33090659,"82fbfb862a397556fd489603195cdcf4",49577,"Ge0132_4233291189_B.mean.qnorm.log","249ec3ba8ffb187b32e96739dd49c3dd","https://ftp.ebi.ac.uk/pub/databases/microarray/data/experiment/MTAB/E-MTAB-1791/E-MTAB-1791.raw.4.zip","SDRF ZIP member (CRC checked)"
"Ge0133","4233291189_C","Ge0133_4233291189_C.qnorm.log.txt","https://www.ebi.ac.uk/biostudies/files/E-MTAB-1791/Ge0133_4233291189_C.qnorm.log.txt",33094178,"6afe4fb279fc3ee8626bce79081b2e46",49577,"Ge0133_4233291189_C.mean.qnorm.log","b3e8b9446a5fadf96c8e36f6af0d614d","https://ftp.ebi.ac.uk/pub/databases/microarray/data/experiment/MTAB/E-MTAB-1791/E-MTAB-1791.raw.4.zip","SDRF ZIP member (CRC checked)"
"Ge0136","4233291189_D","Ge0136_4233291189_D.qnorm.log.txt","https://www.ebi.ac.uk/biostudies/files/E-MTAB-1791/Ge0136_4233291189_D.qnorm.log.txt",33101041,"7e3b9ffb5b84f061235a5f05c5ae85d3",49577,"Ge0136_4233291189_D.mean.qnorm.log","c6f4303ac7c676b12746b38306c4e958","https://ftp.ebi.ac.uk/pub/databases/microarray/data/experiment/MTAB/E-MTAB-1791/E-MTAB-1791.raw.4.zip","SDRF ZIP member (CRC checked)"
"Ge0143","4233291102_A","Ge0143_4233291102_A.qnorm.log.txt","https://www.ebi.ac.uk/biostudies/files/E-MTAB-1791/Ge0143_4233291102_A.qnorm.log.txt",33086337,"f205fd40cfa3569f5757d04501c2343e",49577,"Ge0143_4233291102_A.mean.qnorm.log","9aaefe5c1aa70456c3cdf7b78f6d5277","https://ftp.ebi.ac.uk/pub/databases/microarray/data/experiment/MTAB/E-MTAB-1791/E-MTAB-1791.raw.4.zip","SDRF ZIP member (CRC checked)"
"Ge0145","4233291102_B","Ge0145_4233291102_B.qnorm.log.txt","https://www.ebi.ac.uk/biostudies/files/E-MTAB-1791/Ge0145_4233291102_B.qnorm.log.txt",33089171,"e042e092170a5a00145c270b5d52ab5e",49577,"Ge0145_4233291102_B.mean.qnorm.log","810cce10750c7b1285213dea6c84de68","https://ftp.ebi.ac.uk/pub/databases/microarray/data/experiment/MTAB/E-MTAB-1791/E-MTAB-1791.raw.4.zip","SDRF ZIP member (CRC checked)"
"Ge0148","4233291102_C","Ge0148_4233291102_C.qnorm.log.txt","https://www.ebi.ac.uk/biostudies/files/E-MTAB-1791/Ge0148_4233291102_C.qnorm.log.txt",33088603,"8e2c31180db132ef3f1f6e9880db703d",49577,"Ge0148_4233291102_C.mean.qnorm.log","4855a61838afd0d3a15d45ac5fd1a92d","https://ftp.ebi.ac.uk/pub/databases/microarray/data/experiment/MTAB/E-MTAB-1791/E-MTAB-1791.raw.4.zip","SDRF ZIP member (CRC checked)"
"Ge0151","4697141074_A","Ge0151_4697141074_A.qnorm.log.txt","https://www.ebi.ac.uk/biostudies/files/E-MTAB-1791/Ge0151_4697141074_A.qnorm.log.txt",33484258,"b97a24f0cc3960aa52dd957d76ccd974",49577,"Ge 151_4697141074_A.mean.qnorm.log","23c4fe5c55b741c44b58a7a8744501b5","https://ftp.ebi.ac.uk/pub/databases/microarray/data/experiment/MTAB/E-MTAB-1791/E-MTAB-1791.raw.4.zip","SDRF ZIP member (CRC checked)"
"Ge0154","4233291208_B","Ge0154_4233291208_B.qnorm.log.txt","https://www.ebi.ac.uk/biostudies/files/E-MTAB-1791/Ge0154_4233291208_B.qnorm.log.txt",33081696,"2cab244576d450b71d941f0eebb75d93",49577,"Ge0154_4233291208_B.mean.qnorm.log","2675b5f53c5e3bba6322d20c2297f4fa","https://ftp.ebi.ac.uk/pub/databases/microarray/data/experiment/MTAB/E-MTAB-1791/E-MTAB-1791.raw.4.zip","SDRF ZIP member (CRC checked)"
"Ge0156","4233291208_C","Ge0156_4233291208_C.qnorm.log.txt","https://www.ebi.ac.uk/biostudies/files/E-MTAB-1791/Ge0156_4233291208_C.qnorm.log.txt",33091621,"1ef312f2dacf55e689baf161300e1e34",49577,"Ge0156_4233291208_C.mean.qnorm.log","362e1824bd11e7c0cf7a0f95b9f5a2c3","https://ftp.ebi.ac.uk/pub/databases/microarray/data/experiment/MTAB/E-MTAB-1791/E-MTAB-1791.raw.5.zip","SDRF ZIP member (CRC checked)"
"Ge0158","4233291101_A","Ge0158_4233291101_A.qnorm.log.txt","https://www.ebi.ac.uk/biostudies/files/E-MTAB-1791/Ge0158_4233291101_A.qnorm.log.txt",33085389,"380e686862981424e2f491f6ac793a22",49577,"Ge0158_4233291101_A.mean.qnorm.log","5b584e2be705f9ae079678a03349dc7c","https://ftp.ebi.ac.uk/pub/databases/microarray/data/experiment/MTAB/E-MTAB-1791/E-MTAB-1791.raw.5.zip","SDRF ZIP member (CRC checked)"
"Ge0159","4233291189_F","Ge0159_4233291189_F.qnorm.log.txt","https://www.ebi.ac.uk/biostudies/files/E-MTAB-1791/Ge0159_4233291189_F.qnorm.log.txt",33103130,"ecb3d895844c783229edc90e0f0a660f",49577,"Ge0159_4233291189_F.mean.qnorm.log","96e92c125ee5d124e375194fd6b98f44","https://ftp.ebi.ac.uk/pub/databases/microarray/data/experiment/MTAB/E-MTAB-1791/E-MTAB-1791.raw.5.zip","SDRF ZIP member (CRC checked)"
"Ge0160","4233291101_B","Ge0160_4233291101_B.qnorm.log.txt","https://www.ebi.ac.uk/biostudies/files/E-MTAB-1791/Ge0160_4233291101_B.qnorm.log.txt",33084355,"0b4638490d2aa9cc7afd515221247320",49577,"Ge0160_4233291101_B.mean.qnorm.log","5589d5927f34e5a4b396af696f35f0ff","https://ftp.ebi.ac.uk/pub/databases/microarray/data/experiment/MTAB/E-MTAB-1791/E-MTAB-1791.raw.5.zip","SDRF ZIP member (CRC checked)"
"Ge0161","4233291100_A","Ge0161_4233291100_A.qnorm.log.txt","https://www.ebi.ac.uk/biostudies/files/E-MTAB-1791/Ge0161_4233291100_A.qnorm.log.txt",33077815,"1517507ed057bb82a594d54ed674f087",49577,"Ge0161_4233291100_A.mean.qnorm.log","d8054d50a0967d56a523b2cb41e8289d","https://ftp.ebi.ac.uk/pub/databases/microarray/data/experiment/MTAB/E-MTAB-1791/E-MTAB-1791.raw.5.zip","SDRF ZIP member (CRC checked)"
"Ge0163","4233291175_B","Ge0163_4233291175_B.qnorm.log.txt","https://www.ebi.ac.uk/biostudies/files/E-MTAB-1791/Ge0163_4233291175_B.qnorm.log.txt",33085843,"18ca66345b677d14f3040c5afbbf3296",49577,"Ge0163_4233291175_B.mean.qnorm.log","020ac71fcb3a763274336e60e5acbaac","https://ftp.ebi.ac.uk/pub/databases/microarray/data/experiment/MTAB/E-MTAB-1791/E-MTAB-1791.raw.5.zip","SDRF ZIP member (CRC checked)"
"Ge0165","4233291100_C","Ge0165_4233291100_C.qnorm.log.txt","https://www.ebi.ac.uk/biostudies/files/E-MTAB-1791/Ge0165_4233291100_C.qnorm.log.txt",33093590,"81a8750a503d187e5b7794ed21168f67",49577,"Ge0165_4233291100_C.mean.qnorm.log","a8bef80035cb3f9aeeaeaaba404e14e2","https://ftp.ebi.ac.uk/pub/databases/microarray/data/experiment/MTAB/E-MTAB-1791/E-MTAB-1791.raw.5.zip","SDRF ZIP member (CRC checked)"
"Ge0166","4655274076_F","Ge0166_4655274076_F.qnorm.log.txt","https://www.ebi.ac.uk/biostudies/files/E-MTAB-1791/Ge0166_4655274076_F.qnorm.log.txt",33100656,"5bd0341fe4ce7a387305fce214d22e94",49577,"Ge_166_4655274076_F.mean.qnorm.log","0e6a3db5db3276ca86d6f0a67235db01","https://ftp.ebi.ac.uk/pub/databases/microarray/data/experiment/MTAB/E-MTAB-1791/E-MTAB-1791.raw.5.zip","SDRF ZIP member (CRC checked)"
"Ge0167","4233291224_C","Ge0167_4233291224_C.qnorm.log.txt","https://www.ebi.ac.uk/biostudies/files/E-MTAB-1791/Ge0167_4233291224_C.qnorm.log.txt",33085422,"6101171a8da23fdded3e0db613552f37",49577,"Ge0167_4233291224_C.mean.qnorm.log","b13909a7a0e393bbc92c3613de01ff64","https://ftp.ebi.ac.uk/pub/databases/microarray/data/experiment/MTAB/E-MTAB-1791/E-MTAB-1791.raw.5.zip","SDRF ZIP member (CRC checked)"
"Ge0171","4233291100_D","Ge0171_4233291100_D.qnorm.log.txt","https://www.ebi.ac.uk/biostudies/files/E-MTAB-1791/Ge0171_4233291100_D.qnorm.log.txt",33073776,"ef7f319ee653126e59c6f36699a7750f",49577,"Ge0171_4233291100_D.mean.qnorm.log","0764f073671754ca917a52810e6da629","https://ftp.ebi.ac.uk/pub/databases/microarray/data/experiment/MTAB/E-MTAB-1791/E-MTAB-1791.raw.5.zip","SDRF ZIP member (CRC checked)"
"Ge0174","4233291147_A","Ge0174_4233291147_A.qnorm.log.txt","https://www.ebi.ac.uk/biostudies/files/E-MTAB-1791/Ge0174_4233291147_A.qnorm.log.txt",33091248,"68c6a544dc5834951c75119e1f7354ee",49577,"Ge174_4233291147_A.mean.qnorm.log","eab13b7360736522da1044f5c41e7f7b","https://ftp.ebi.ac.uk/pub/databases/microarray/data/experiment/MTAB/E-MTAB-1791/E-MTAB-1791.raw.5.zip","SDRF ZIP member (CRC checked)"
"Ge0180","4233291171_E","Ge0180_4233291171_E.qnorm.log.txt","https://www.ebi.ac.uk/biostudies/files/E-MTAB-1791/Ge0180_4233291171_E.qnorm.log.txt",33099273,"4da5a8c7fcad9f199e5b05b1410f886a",49577,"Ge0180_4233291171_E.mean.qnorm.log","f14f94d7532b332b4a10f5f46ccef73e","https://ftp.ebi.ac.uk/pub/databases/microarray/data/experiment/MTAB/E-MTAB-1791/E-MTAB-1791.raw.5.zip","SDRF ZIP member (CRC checked)"
"Ge0181","4233291100_E","Ge0181_4233291100_E.qnorm.log.txt","https://www.ebi.ac.uk/biostudies/files/E-MTAB-1791/Ge0181_4233291100_E.qnorm.log.txt",33077345,"a2d82c31b430adcd08a57f2d8c852c98",49577,"Ge0181_4233291100_E.mean.qnorm.log","19f1e3ddd56a533450a1c62b85b4f910","https://ftp.ebi.ac.uk/pub/databases/microarray/data/experiment/MTAB/E-MTAB-1791/E-MTAB-1791.raw.6.zip","SDRF ZIP member (CRC checked)"
"Ge0183","4233291146_A","Ge0183_4233291146_A.qnorm.log.txt","https://www.ebi.ac.uk/biostudies/files/E-MTAB-1791/Ge0183_4233291146_A.qnorm.log.txt",33091369,"33635de6bd87c0a100b70c0d769d018e",49577,"Ge183_4233291146_A.mean.qnorm.log","d0f2d295b64276a71119051fd325503d","https://ftp.ebi.ac.uk/pub/databases/microarray/data/experiment/MTAB/E-MTAB-1791/E-MTAB-1791.raw.6.zip","SDRF ZIP member (CRC checked)"
"Ge0184","4233291205_D","Ge0184_4233291205_D.qnorm.log.txt","https://www.ebi.ac.uk/biostudies/files/E-MTAB-1791/Ge0184_4233291205_D.qnorm.log.txt",33098998,"c550cac27a7b03102b596887b1e64190",49577,"Ge0184_4233291205_D.mean.qnorm.log","5d005afe4e5fbcb8188afe9d7dfb57ba","https://ftp.ebi.ac.uk/pub/databases/microarray/data/experiment/MTAB/E-MTAB-1791/E-MTAB-1791.raw.6.zip","SDRF ZIP member (CRC checked)"
"Ge0185","4233291205_E","Ge0185_4233291205_E.qnorm.log.txt","https://www.ebi.ac.uk/biostudies/files/E-MTAB-1791/Ge0185_4233291205_E.qnorm.log.txt",33099580,"478698aa0d3c8abf6614640995988a89",49577,"Ge0185_4233291205_E.mean.qnorm.log","cc3b781092fa3f8fe9694905a8408212","https://ftp.ebi.ac.uk/pub/databases/microarray/data/experiment/MTAB/E-MTAB-1791/E-MTAB-1791.raw.6.zip","SDRF ZIP member (CRC checked)"
"Ge0200","4233291205_F","Ge0200_4233291205_F.qnorm.log.txt","https://www.ebi.ac.uk/biostudies/files/E-MTAB-1791/Ge0200_4233291205_F.qnorm.log.txt",33100925,"600b89f31c2841ef7cddc3de99374d79",49577,"Ge0200_4233291205_F.mean.qnorm.log","8019539888d5ddace70f7a537a350342","https://ftp.ebi.ac.uk/pub/databases/microarray/data/experiment/MTAB/E-MTAB-1791/E-MTAB-1791.raw.6.zip","SDRF ZIP member (CRC checked)"
"Ge0205","4233291217_A","Ge0205_4233291217_A.qnorm.log.txt","https://www.ebi.ac.uk/biostudies/files/E-MTAB-1791/Ge0205_4233291217_A.qnorm.log.txt",33087692,"897d2936029ac4e10d8a243af0c472db",49577,"Ge205_4233291217_A.mean.qnorm.log","c86fbe04460487cee94808ab97ceb77f","https://ftp.ebi.ac.uk/pub/databases/microarray/data/experiment/MTAB/E-MTAB-1791/E-MTAB-1791.raw.6.zip","SDRF ZIP member (CRC checked)"
"Ge0206","4233291101_D","Ge0206_4233291101_D.qnorm.log.txt","https://www.ebi.ac.uk/biostudies/files/E-MTAB-1791/Ge0206_4233291101_D.qnorm.log.txt",33072825,"7a320ef6c47f17279818feeb7f64442d",49577,"Ge0206_4233291101_D.mean.qnorm.log","2afee2bc933e6c65159a191c1f66f927","https://ftp.ebi.ac.uk/pub/databases/microarray/data/experiment/MTAB/E-MTAB-1791/E-MTAB-1791.raw.6.zip","SDRF ZIP member (CRC checked)"
"Ge0208","4655274098_A","Ge0208_4655274098_A.qnorm.log.txt","https://www.ebi.ac.uk/biostudies/files/E-MTAB-1791/Ge0208_4655274098_A.qnorm.log.txt",33099348,"0235eac45b09f0cf333b77c9c2c84578",49577,"Ge_208_4655274098_A.mean.qnorm.log","27dc8fd000d0b21d87b4c16a4a8b64fc","https://ftp.ebi.ac.uk/pub/databases/microarray/data/experiment/MTAB/E-MTAB-1791/E-MTAB-1791.raw.6.zip","SDRF ZIP member (CRC checked)"
"Ge0209","4655274088_C","Ge0209_4655274088_C.qnorm.log.txt","https://www.ebi.ac.uk/biostudies/files/E-MTAB-1791/Ge0209_4655274088_C.qnorm.log.txt",33092947,"42355e85b468bb742c641f1c84ec0642",49577,"Ge_209_4655274088_C.mean.qnorm.log","4b479924c928c045fd967dd99506720d","https://ftp.ebi.ac.uk/pub/databases/microarray/data/experiment/MTAB/E-MTAB-1791/E-MTAB-1791.raw.6.zip","SDRF ZIP member (CRC checked)"
"Ge0210","4655274099_C","Ge0210_4655274099_C.qnorm.log.txt","https://www.ebi.ac.uk/biostudies/files/E-MTAB-1791/Ge0210_4655274099_C.qnorm.log.txt",33085972,"ace0beb690d5c6d647933adcd56e6b6a",49577,"Ge_210_4655274099_C.mean.qnorm.log","96f0e3e192cb9791cfa4c203038aeeaa","https://ftp.ebi.ac.uk/pub/databases/microarray/data/experiment/MTAB/E-MTAB-1791/E-MTAB-1791.raw.6.zip","SDRF ZIP member (CRC checked)"
"Ge0212","4233291101_E","Ge0212_4233291101_E.qnorm.log.txt","https://www.ebi.ac.uk/biostudies/files/E-MTAB-1791/Ge0212_4233291101_E.qnorm.log.txt",33072422,"9b553bd5dcf9dc2e6d0957795e759143",49577,"Ge0212_4233291101_E.mean.qnorm.log","4c5d476b14c6f5525aca40c5454b001b","https://ftp.ebi.ac.uk/pub/databases/microarray/data/experiment/MTAB/E-MTAB-1791/E-MTAB-1791.raw.6.zip","SDRF ZIP member (CRC checked)"
"Ge0216","4655274099_D","Ge0216_4655274099_D.qnorm.log.txt","https://www.ebi.ac.uk/biostudies/files/E-MTAB-1791/Ge0216_4655274099_D.qnorm.log.txt",33094802,"1f5cad20d0d5ac8b8bc580c7941c4ca7",49577,"Ge_216_4655274099_D.mean.qnorm.log","3d7d00c317982a0beec0cec2fe4335b6","https://ftp.ebi.ac.uk/pub/databases/microarray/data/experiment/MTAB/E-MTAB-1791/E-MTAB-1791.raw.7.zip","SDRF ZIP member (CRC checked)"
"Ge0221","4233291146_C","Ge0221_4233291146_C.qnorm.log.txt","https://www.ebi.ac.uk/biostudies/files/E-MTAB-1791/Ge0221_4233291146_C.qnorm.log.txt",33093418,"7434f729c40389b6dfda529903e7f56a",49577,"Ge221_4233291146_C.mean.qnorm.log","4eb4603087d509e50676f4eec03c5982","https://ftp.ebi.ac.uk/pub/databases/microarray/data/experiment/MTAB/E-MTAB-1791/E-MTAB-1791.raw.7.zip","SDRF ZIP member (CRC checked)"
"Ge0225","4655274099_E","Ge0225_4655274099_E.qnorm.log.txt","https://www.ebi.ac.uk/biostudies/files/E-MTAB-1791/Ge0225_4655274099_E.qnorm.log.txt",33094088,"519b8184a8e0b8cb9918c284fb5c2b36",49577,"Ge_225_4655274099_E.mean.qnorm.log","010d1eaf5674fcea00dae85cdb748676","https://ftp.ebi.ac.uk/pub/databases/microarray/data/experiment/MTAB/E-MTAB-1791/E-MTAB-1791.raw.7.zip","SDRF ZIP member (CRC checked)"
"Ge0230","4233291217_C","Ge0230_4233291217_C.qnorm.log.txt","https://www.ebi.ac.uk/biostudies/files/E-MTAB-1791/Ge0230_4233291217_C.qnorm.log.txt",33087785,"44144550ad7017d2e7dfadfdbfbfb36f",49577,"Ge230_4233291217_C.mean.qnorm.log","1028c5e2cbe79487f0704b0abc3b9e12","https://ftp.ebi.ac.uk/pub/databases/microarray/data/experiment/MTAB/E-MTAB-1791/E-MTAB-1791.raw.7.zip","SDRF ZIP member (CRC checked)"
"Ge0234","4233291146_F","Ge0234_4233291146_F.qnorm.log.txt","https://www.ebi.ac.uk/biostudies/files/E-MTAB-1791/Ge0234_4233291146_F.qnorm.log.txt",33090204,"72517199817983a4e659d263f8eff5e0",49577,"Ge234_4233291146_F.mean.qnorm.log","b24fda0e037856617558c713d6e9b7ee","https://ftp.ebi.ac.uk/pub/databases/microarray/data/experiment/MTAB/E-MTAB-1791/E-MTAB-1791.raw.7.zip","SDRF ZIP member (CRC checked)"
"Ge0236","4233291171_F","Ge0236_4233291171_F.qnorm.log.txt","https://www.ebi.ac.uk/biostudies/files/E-MTAB-1791/Ge0236_4233291171_F.qnorm.log.txt",33101185,"a80de8b39f89076be31f24f867377317",49577,"Ge0236_4233291171_F.mean.qnorm.log","42a9caca4e42a799691c126cc6e43e6d","https://ftp.ebi.ac.uk/pub/databases/microarray/data/experiment/MTAB/E-MTAB-1791/E-MTAB-1791.raw.7.zip","SDRF ZIP member (CRC checked)"
"Ge0240","4239609017_C","Ge0240_4239609017_C.qnorm.log.txt","https://www.ebi.ac.uk/biostudies/files/E-MTAB-1791/Ge0240_4239609017_C.qnorm.log.txt",33089883,"274e866afb578a19b9f12d04db1d73e5",49577,"Ge_240_4239609017_C.mean.qnorm.log","0c15b888f1d1e580ff556065af82e17d","https://ftp.ebi.ac.uk/pub/databases/microarray/data/experiment/MTAB/E-MTAB-1791/E-MTAB-1791.raw.7.zip","SDRF ZIP member (CRC checked)"
"Ge0248","4233291217_D","Ge0248_4233291217_D.qnorm.log.txt","https://www.ebi.ac.uk/biostudies/files/E-MTAB-1791/Ge0248_4233291217_D.qnorm.log.txt",33097564,"2a90177d7fae97716d6bd9b473477b9b",49577,"Ge248_4233291217_D.mean.qnorm.log","485b63458fed9f8f7d9f9bdb1723679b","https://ftp.ebi.ac.uk/pub/databases/microarray/data/experiment/MTAB/E-MTAB-1791/E-MTAB-1791.raw.7.zip","SDRF ZIP member (CRC checked)"
"Ge0255","4233291208_F","Ge0255_4233291208_F.qnorm.log.txt","https://www.ebi.ac.uk/biostudies/files/E-MTAB-1791/Ge0255_4233291208_F.qnorm.log.txt",33073640,"5f9b4b113526ff08678a8b475f911149",49577,"Ge0255_4233291208_F.mean.qnorm.log","f0706fc0420910db24e669f15e15efbc","https://ftp.ebi.ac.uk/pub/databases/microarray/data/experiment/MTAB/E-MTAB-1791/E-MTAB-1791.raw.7.zip","SDRF ZIP member (CRC checked)"
"Ge0269","4233291217_F","Ge0269_4233291217_F.qnorm.log.txt","https://www.ebi.ac.uk/biostudies/files/E-MTAB-1791/Ge0269_4233291217_F.qnorm.log.txt",33091802,"86adf2788f66942507edb6da0487d42b",49577,"Ge269_4233291217_F.mean.qnorm.log","961bd350e44e820a01a8872351d50a99","https://ftp.ebi.ac.uk/pub/databases/microarray/data/experiment/MTAB/E-MTAB-1791/E-MTAB-1791.raw.8.zip","SDRF ZIP member (CRC checked)"
"Ge0282","4233291146_D","Ge0282_4233291146_D.qnorm.log.txt","https://www.ebi.ac.uk/biostudies/files/E-MTAB-1791/Ge0282_4233291146_D.qnorm.log.txt",33097811,"9b1264636fbb70421c0e77f3cf594b81",49577,"Ge282_4233291146_D.mean.qnorm.log","b3f6ba4c7aef44d7a0bac5f5f5bdef32","https://ftp.ebi.ac.uk/pub/databases/microarray/data/experiment/MTAB/E-MTAB-1791/E-MTAB-1791.raw.8.zip","SDRF ZIP member (CRC checked)"
"Ge0288","4233291207_E","Ge0288_4233291207_E.qnorm.log.txt","https://www.ebi.ac.uk/biostudies/files/E-MTAB-1791/Ge0288_4233291207_E.qnorm.log.txt",33087362,"7ea9eb51e93bd7cf2c87666d3792106b",49577,"Ge0288_4233291207_E.mean.qnorm.log","c07f9c1cdf5775c1777fb6b89b02cc5c","https://ftp.ebi.ac.uk/pub/databases/microarray/data/experiment/MTAB/E-MTAB-1791/E-MTAB-1791.raw.8.zip","SDRF ZIP member (CRC checked)"
"Ge0301","4233291206_A","Ge0301_4233291206_A.qnorm.log.txt","https://www.ebi.ac.uk/biostudies/files/E-MTAB-1791/Ge0301_4233291206_A.qnorm.log.txt",33096412,"6750d727af25c171e9f6fe4b4f132125",49577,"Ge0301_4233291206_A.mean.qnorm.log","95a9a1950247ec98c2f109a8457c3842","https://ftp.ebi.ac.uk/pub/databases/microarray/data/experiment/MTAB/E-MTAB-1791/E-MTAB-1791.raw.8.zip","SDRF ZIP member (CRC checked)"
"Ge0303","4655274088_F","Ge0303_4655274088_F.qnorm.log.txt","https://www.ebi.ac.uk/biostudies/files/E-MTAB-1791/Ge0303_4655274088_F.qnorm.log.txt",33095638,"e9e19aac3e2e9cc8376f1dfce8dcd0b4",49577,"Ge_303_4655274088_F.mean.qnorm.log","e2b662d7162e8ea4b2c329204cb66f8d","https://ftp.ebi.ac.uk/pub/databases/microarray/data/experiment/MTAB/E-MTAB-1791/E-MTAB-1791.raw.8.zip","SDRF ZIP member (CRC checked)"
"Ge0313","4233291206_B","Ge0313_4233291206_B.qnorm.log.txt","https://www.ebi.ac.uk/biostudies/files/E-MTAB-1791/Ge0313_4233291206_B.qnorm.log.txt",33100272,"5035bef46a2b760d9dcaaa02f51e59c7",49577,"Ge0313_4233291206_B.mean.qnorm.log","3fb86264e7156e415e276441fd8b8844","https://ftp.ebi.ac.uk/pub/databases/microarray/data/experiment/MTAB/E-MTAB-1791/E-MTAB-1791.raw.9.zip","SDRF ZIP member (CRC checked)"
"Ge0319","4655274098_B","Ge0319_4655274098_B.qnorm.log.txt","https://www.ebi.ac.uk/biostudies/files/E-MTAB-1791/Ge0319_4655274098_B.qnorm.log.txt",33097112,"3f598a6e5b615c8fe1a5ea1c2975a48e",49577,"Ge_319_4655274098_B.mean.qnorm.log","3fe87a218bd19b14f62ecc052422b508","https://ftp.ebi.ac.uk/pub/databases/microarray/data/experiment/MTAB/E-MTAB-1791/E-MTAB-1791.raw.9.zip","SDRF ZIP member (CRC checked)"
"Ge0322","4655274088_D","Ge0322_4655274088_D.qnorm.log.txt","https://www.ebi.ac.uk/biostudies/files/E-MTAB-1791/Ge0322_4655274088_D.qnorm.log.txt",33088053,"559ea3cc1860badf3c8d29fe41018536",49577,"Ge_322_4655274088_D.mean.qnorm.log","52303f0b0d73004cacfdda0f4c73fa2c","https://ftp.ebi.ac.uk/pub/databases/microarray/data/experiment/MTAB/E-MTAB-1791/E-MTAB-1791.raw.9.zip","SDRF ZIP member (CRC checked)"
"Ge0325","4233291135_D","Ge0325_4233291135_D.qnorm.log.txt","https://www.ebi.ac.uk/biostudies/files/E-MTAB-1791/Ge0325_4233291135_D.qnorm.log.txt",33090445,"c6f871a17639946eca65ab1826857a21",49577,"Ge325_4233291135_D.mean.qnorm.log","aae07bb64b520ac4f69dd27ce3837929","https://ftp.ebi.ac.uk/pub/databases/microarray/data/experiment/MTAB/E-MTAB-1791/E-MTAB-1791.raw.9.zip","SDRF ZIP member (CRC checked)"
"Ge0326","4233291135_E","Ge0326_4233291135_E.qnorm.log.txt","https://www.ebi.ac.uk/biostudies/files/E-MTAB-1791/Ge0326_4233291135_E.qnorm.log.txt",33087904,"b14e14a76041150ea28af92320e31898",49577,"Ge326_4233291135_E.mean.qnorm.log","0298064134782894a720e68a32010a04","https://ftp.ebi.ac.uk/pub/databases/microarray/data/experiment/MTAB/E-MTAB-1791/E-MTAB-1791.raw.9.zip","SDRF ZIP member (CRC checked)"
"Ge0329","4233291135_F","Ge0329_4233291135_F.qnorm.log.txt","https://www.ebi.ac.uk/biostudies/files/E-MTAB-1791/Ge0329_4233291135_F.qnorm.log.txt",33085431,"771c761107e6608446c6f996ea22b34e",49577,"Ge329_4233291135_F.mean.qnorm.log","988f0f49f44de7a900e00580b25a3b25","https://ftp.ebi.ac.uk/pub/databases/microarray/data/experiment/MTAB/E-MTAB-1791/E-MTAB-1791.raw.9.zip","SDRF ZIP member (CRC checked)"
"Ge0335","4233291206_C","Ge0335_4233291206_C.qnorm.log.txt","https://www.ebi.ac.uk/biostudies/files/E-MTAB-1791/Ge0335_4233291206_C.qnorm.log.txt",33100660,"6b05efd1fe70295e680b5f08a1e2ec01",49577,"Ge0335_4233291206_C.mean.qnorm.log","12147907ec33404fc245558f348bdbb2","https://ftp.ebi.ac.uk/pub/databases/microarray/data/experiment/MTAB/E-MTAB-1791/E-MTAB-1791.raw.9.zip","SDRF ZIP member (CRC checked)"
"Ge0340","4239609004_A","Ge0340_4239609004_A.qnorm.log.txt","https://www.ebi.ac.uk/biostudies/files/E-MTAB-1791/Ge0340_4239609004_A.qnorm.log.txt",33097923,"4d9fccd75e182c5019bf16204a751c2d",49577,"Ge340_4239609004_A.mean.qnorm.log","9aa91a97921827d60903f34fc1b6c22e","https://ftp.ebi.ac.uk/pub/databases/microarray/data/experiment/MTAB/E-MTAB-1791/E-MTAB-1791.raw.9.zip","SDRF ZIP member (CRC checked)"
"Ge0359","4233291206_D","Ge0359_4233291206_D.qnorm.log.txt","https://www.ebi.ac.uk/biostudies/files/E-MTAB-1791/Ge0359_4233291206_D.qnorm.log.txt",33102132,"8bddf75d5ef689369a27866ee52c3940",49577,"Ge0359_4233291206_D.mean.qnorm.log","60c5b6e1fb867e5913c72305335f108e","https://ftp.ebi.ac.uk/pub/databases/microarray/data/experiment/MTAB/E-MTAB-1791/E-MTAB-1791.raw.10.zip","SDRF ZIP member (CRC checked)"
"Ge0360","4233291206_E","Ge0360_4233291206_E.qnorm.log.txt","https://www.ebi.ac.uk/biostudies/files/E-MTAB-1791/Ge0360_4233291206_E.qnorm.log.txt",33101744,"6a4d8cfeffbfa02cb09cf124b3ddfa0e",49577,"Ge0360_4233291206_E.mean.qnorm.log","e2f6b80a54c4b743945ac3384a9f6b14","https://ftp.ebi.ac.uk/pub/databases/microarray/data/experiment/MTAB/E-MTAB-1791/E-MTAB-1791.raw.10.zip","SDRF ZIP member (CRC checked)"
"Ge0361","4233291206_F","Ge0361_4233291206_F.qnorm.log.txt","https://www.ebi.ac.uk/biostudies/files/E-MTAB-1791/Ge0361_4233291206_F.qnorm.log.txt",33090282,"82c0715077ad1687f953b57785b30e5d",49577,"Ge0361_4233291206_F.mean.qnorm.log","7df1806468e92fbda87707d54a3a7dd2","https://ftp.ebi.ac.uk/pub/databases/microarray/data/experiment/MTAB/E-MTAB-1791/E-MTAB-1791.raw.10.zip","SDRF ZIP member (CRC checked)"
"Ge0367","4233291181_B","Ge0367_4233291181_B.qnorm.log.txt","https://www.ebi.ac.uk/biostudies/files/E-MTAB-1791/Ge0367_4233291181_B.qnorm.log.txt",33094903,"bd796bc8f1c51a842cd2220cb0e9af3f",49577,"Ge_367_4233291181_B.mean.qnorm.log","a8e509db326f763383e7288e7b54bd56","https://ftp.ebi.ac.uk/pub/databases/microarray/data/experiment/MTAB/E-MTAB-1791/E-MTAB-1791.raw.10.zip","SDRF ZIP member (CRC checked)"
"Ge0375","4655274087_F","Ge0375_4655274087_F.qnorm.log.txt","https://www.ebi.ac.uk/biostudies/files/E-MTAB-1791/Ge0375_4655274087_F.qnorm.log.txt",33096878,"34e09314e2014010f8b2d412288c8c5d",49577,"Ge_375_4655274087_F.mean.qnorm.log","cf37356e45aef9a33d024c5003c5681e","https://ftp.ebi.ac.uk/pub/databases/microarray/data/experiment/MTAB/E-MTAB-1791/E-MTAB-1791.raw.10.zip","SDRF ZIP member (CRC checked)"
"Ge0382","4233291070_F","Ge0382_4233291070_F.qnorm.log.txt","https://www.ebi.ac.uk/biostudies/files/E-MTAB-1791/Ge0382_4233291070_F.qnorm.log.txt",33452717,"a9792d5d0cc69ddaab74d8e3ec61e309",49577,"Ge 382_4233291070_F.mean.qnorm.log","da1a6e303e35f529af21ccaea543ae51","https://ftp.ebi.ac.uk/pub/databases/microarray/data/experiment/MTAB/E-MTAB-1791/E-MTAB-1791.raw.10.zip","SDRF ZIP member (CRC checked)"
"Ge0395","4240343019_C","Ge0395_4240343019_C.qnorm.log.txt","https://www.ebi.ac.uk/biostudies/files/E-MTAB-1791/Ge0395_4240343019_C.qnorm.log.txt",33087161,"4cb9eb62945808b7f950be04dde22d32",49577,"Ge395_4240343019_C.mean.qnorm.log","a4361d2fddeb49bdd52494eac1aacd0a","https://ftp.ebi.ac.uk/pub/databases/microarray/data/experiment/MTAB/E-MTAB-1791/E-MTAB-1791.raw.11.zip","SDRF ZIP member (CRC checked)"
"Ge0405","4655274079_C","Ge0405_4655274079_C.qnorm.log.txt","https://www.ebi.ac.uk/biostudies/files/E-MTAB-1791/Ge0405_4655274079_C.qnorm.log.txt",33100106,"738ed725de267174446d345a8818e59a",49577,"Ge_405_4655274079_C.mean.qnorm.log","12e66b01e85624162bc87fb56afce7cf","https://ftp.ebi.ac.uk/pub/databases/microarray/data/experiment/MTAB/E-MTAB-1791/E-MTAB-1791.raw.11.zip","SDRF ZIP member (CRC checked)"
"Ge0406","4233291181_D","Ge0406_4233291181_D.qnorm.log.txt","https://www.ebi.ac.uk/biostudies/files/E-MTAB-1791/Ge0406_4233291181_D.qnorm.log.txt",33091095,"0f696c8cd8955e2a972968f12081e521",49577,"Ge_406_4233291181_D.mean.qnorm.log","2f3e204fb5f4ea09b46abcf715465e3f","https://ftp.ebi.ac.uk/pub/databases/microarray/data/experiment/MTAB/E-MTAB-1791/E-MTAB-1791.raw.11.zip","SDRF ZIP member (CRC checked)"
"Ge0408","4233291201_E","Ge0408_4233291201_E.qnorm.log.txt","https://www.ebi.ac.uk/biostudies/files/E-MTAB-1791/Ge0408_4233291201_E.qnorm.log.txt",33093676,"7a8c4675bba1ab4fb3fbfe6b7f5cd5a9",49577,"Ge408_4233291201_E.mean.qnorm.log","d64b55cd0cb7ea1c330d88b92708d3f0","https://ftp.ebi.ac.uk/pub/databases/microarray/data/experiment/MTAB/E-MTAB-1791/E-MTAB-1791.raw.11.zip","SDRF ZIP member (CRC checked)"
"Ge0414","4233291232_A","Ge0414_4233291232_A.qnorm.log.txt","https://www.ebi.ac.uk/biostudies/files/E-MTAB-1791/Ge0414_4233291232_A.qnorm.log.txt",33093912,"4e7e42fd137bc1ebb46aa5a80e5d7f1e",49577,"Ge414_4233291232_A.mean.qnorm.log","c24ce3bd1fb404701a584a8023785f48","https://ftp.ebi.ac.uk/pub/databases/microarray/data/experiment/MTAB/E-MTAB-1791/E-MTAB-1791.raw.11.zip","SDRF ZIP member (CRC checked)"
"Ge0417","4240343019_F","Ge0417_4240343019_F.qnorm.log.txt","https://www.ebi.ac.uk/biostudies/files/E-MTAB-1791/Ge0417_4240343019_F.qnorm.log.txt",33096390,"6c65b350592f2ed8f58902d8df39ebc2",49577,"Ge417_4240343019_F.mean.qnorm.log","3911e2f1125ea54470bdfb185a79732a","https://ftp.ebi.ac.uk/pub/databases/microarray/data/experiment/MTAB/E-MTAB-1791/E-MTAB-1791.raw.11.zip","Uncompressed canonical file"
"Ge0457","4233291210_A","Ge0457_4233291210_A.qnorm.log.txt","https://www.ebi.ac.uk/biostudies/files/E-MTAB-1791/Ge0457_4233291210_A.qnorm.log.txt",33097735,"2ff1c2690bd711ec5da4bc9b529cd5c2",49577,"Ge457_4233291210_A.mean.qnorm.log","834a2c82e5b68a85b1381df3bd715146","https://ftp.ebi.ac.uk/pub/databases/microarray/data/experiment/MTAB/E-MTAB-1791/E-MTAB-1791.raw.11.zip","SDRF ZIP member (CRC checked)"
"Ge0458","4233291210_B","Ge0458_4233291210_B.qnorm.log.txt","https://www.ebi.ac.uk/biostudies/files/E-MTAB-1791/Ge0458_4233291210_B.qnorm.log.txt",33100062,"d2bb225310b438ef509a7c6c01937194",49577,"Ge458_4233291210_B.mean.qnorm.log","fa5368ce001754290f3cdcb769a8c098","https://ftp.ebi.ac.uk/pub/databases/microarray/data/experiment/MTAB/E-MTAB-1791/E-MTAB-1791.raw.12.zip","SDRF ZIP member (CRC checked)"
"Ge0459","4233291210_C","Ge0459_4233291210_C.qnorm.log.txt","https://www.ebi.ac.uk/biostudies/files/E-MTAB-1791/Ge0459_4233291210_C.qnorm.log.txt",33097715,"690cd318ac5d978e16898a1b783b148f",49577,"Ge459_4233291210_C.mean.qnorm.log","bb904a63dea199eb54c96dad4a03764e","https://ftp.ebi.ac.uk/pub/databases/microarray/data/experiment/MTAB/E-MTAB-1791/E-MTAB-1791.raw.12.zip","SDRF ZIP member (CRC checked)"
"Ge0461","4233291210_E","Ge0461_4233291210_E.qnorm.log.txt","https://www.ebi.ac.uk/biostudies/files/E-MTAB-1791/Ge0461_4233291210_E.qnorm.log.txt",33096181,"03f2d33c0237ce6d8caa27fa0d93a5e5",49577,"Ge461_4233291210_E.mean.qnorm.log","24d1295813d8e7659af5322911dc06f1","https://ftp.ebi.ac.uk/pub/databases/microarray/data/experiment/MTAB/E-MTAB-1791/E-MTAB-1791.raw.12.zip","SDRF ZIP member (CRC checked)"
"Ge0463","4233291211_A","Ge0463_4233291211_A.qnorm.log.txt","https://www.ebi.ac.uk/biostudies/files/E-MTAB-1791/Ge0463_4233291211_A.qnorm.log.txt",33078342,"e789a0a155baaa9fce9b4f47707d14ca",49577,"Ge463_4233291211_A.mean.qnorm.log","fedc85e49a2dd42ddcbbeceeeaf730b7","https://ftp.ebi.ac.uk/pub/databases/microarray/data/experiment/MTAB/E-MTAB-1791/E-MTAB-1791.raw.12.zip","SDRF ZIP member (CRC checked)"
"Ge0467","4233291211_B","Ge0467_4233291211_B.qnorm.log.txt","https://www.ebi.ac.uk/biostudies/files/E-MTAB-1791/Ge0467_4233291211_B.qnorm.log.txt",33076814,"cb334f7943be5c4d3a0f568f698710f8",49577,"Ge467_4233291211_B.mean.qnorm.log","2d648bed5c36d8c451d88bc3ea6c465b","https://ftp.ebi.ac.uk/pub/databases/microarray/data/experiment/MTAB/E-MTAB-1791/E-MTAB-1791.raw.12.zip","SDRF ZIP member (CRC checked)"
"Ge0468","4233291211_C","Ge0468_4233291211_C.qnorm.log.txt","https://www.ebi.ac.uk/biostudies/files/E-MTAB-1791/Ge0468_4233291211_C.qnorm.log.txt",33083155,"a64c0f53a346a6caa37b388f04e676a5",49577,"Ge468_4233291211_C.mean.qnorm.log","984a29c75229a8ee36ce0459e0dd5bb2","https://ftp.ebi.ac.uk/pub/databases/microarray/data/experiment/MTAB/E-MTAB-1791/E-MTAB-1791.raw.12.zip","SDRF ZIP member (CRC checked)"
"Ge0470","4233291211_E","Ge0470_4233291211_E.qnorm.log.txt","https://www.ebi.ac.uk/biostudies/files/E-MTAB-1791/Ge0470_4233291211_E.qnorm.log.txt",33096225,"8324615b66041bacbc35b65ee6b44111",49577,"Ge470_4233291211_E.mean.qnorm.log","9937226a072f9b9a01a1a0d5bc13d302","https://ftp.ebi.ac.uk/pub/databases/microarray/data/experiment/MTAB/E-MTAB-1791/E-MTAB-1791.raw.12.zip","SDRF ZIP member (CRC checked)"
"Ge0472","4233291220_A","Ge0472_4233291220_A.qnorm.log.txt","https://www.ebi.ac.uk/biostudies/files/E-MTAB-1791/Ge0472_4233291220_A.qnorm.log.txt",33096926,"69db4f466d0b4eb7d5c3616464baf74b",49577,"Ge472_4233291220_A.mean.qnorm.log","9f1abbb99451b969cf71cced53404159","https://ftp.ebi.ac.uk/pub/databases/microarray/data/experiment/MTAB/E-MTAB-1791/E-MTAB-1791.raw.12.zip","SDRF ZIP member (CRC checked)"
"Ge0473","4233291220_B","Ge0473_4233291220_B.qnorm.log.txt","https://www.ebi.ac.uk/biostudies/files/E-MTAB-1791/Ge0473_4233291220_B.qnorm.log.txt",33100983,"f7ae6791dee3f38cdcfe6d486b8452fa",49577,"Ge473_4233291220_B.mean.qnorm.log","2938eb343535eda20b6015cde994ad8d","https://ftp.ebi.ac.uk/pub/databases/microarray/data/experiment/MTAB/E-MTAB-1791/E-MTAB-1791.raw.12.zip","SDRF ZIP member (CRC checked)"
"Ge0474","4233291220_C","Ge0474_4233291220_C.qnorm.log.txt","https://www.ebi.ac.uk/biostudies/files/E-MTAB-1791/Ge0474_4233291220_C.qnorm.log.txt",33102264,"5a1c8cb7ec9f8126b2aa7ff9d549aacc",49577,"Ge474_4233291220_C.mean.qnorm.log","633254cd8c3f3589a171d30c58509ad4","https://ftp.ebi.ac.uk/pub/databases/microarray/data/experiment/MTAB/E-MTAB-1791/E-MTAB-1791.raw.12.zip","SDRF ZIP member (CRC checked)"
"Ge0511","4233291233_A","Ge0511_4233291233_A.qnorm.log.txt","https://www.ebi.ac.uk/biostudies/files/E-MTAB-1791/Ge0511_4233291233_A.qnorm.log.txt",33096077,"b641c88198d8ba365b455f5f8bb0ee61",49577,"Ge511_4233291233_A.mean.qnorm.log","a073a75986ffe3506726269914245494","https://ftp.ebi.ac.uk/pub/databases/microarray/data/experiment/MTAB/E-MTAB-1791/E-MTAB-1791.raw.12.zip","SDRF ZIP member (CRC checked)"
"Ge0517d","4697141062_C","Ge0517d_4697141062_C.qnorm.log.txt","https://www.ebi.ac.uk/biostudies/files/E-MTAB-1791/Ge0517d_4697141062_C.qnorm.log.txt",33100482,"d3111ec6bb75ec08665eefe5d05abe3e",49577,"Ge_517d_4697141062_C.mean.qnorm.log","b8aab0639a116217e4201fcbe992a7c2","https://ftp.ebi.ac.uk/pub/databases/microarray/data/experiment/MTAB/E-MTAB-1791/E-MTAB-1791.raw.12.zip","SDRF ZIP member (CRC checked)"
"Ge0519","4233291233_B","Ge0519_4233291233_B.qnorm.log.txt","https://www.ebi.ac.uk/biostudies/files/E-MTAB-1791/Ge0519_4233291233_B.qnorm.log.txt",33093050,"d000afe4d257d295343aad669f6a5732",49577,"Ge519_4233291233_B.mean.qnorm.log","305d1ad513a47617c1b258a0c37c629b","https://ftp.ebi.ac.uk/pub/databases/microarray/data/experiment/MTAB/E-MTAB-1791/E-MTAB-1791.raw.12.zip","SDRF ZIP member (CRC checked)"
"Ge0525","4233291232_F","Ge0525_4233291232_F.qnorm.log.txt","https://www.ebi.ac.uk/biostudies/files/E-MTAB-1791/Ge0525_4233291232_F.qnorm.log.txt",33099220,"e7dc02548500bce87f79e8ed28986083",49577,"Ge525_4233291232_F.mean.qnorm.log","43bd0189fe43f32ea4f4d7af930ef29a","https://ftp.ebi.ac.uk/pub/databases/microarray/data/experiment/MTAB/E-MTAB-1791/E-MTAB-1791.raw.13.zip","SDRF ZIP member (CRC checked)"
"Ge0547","4697141105_F","Ge0547_4697141105_F.qnorm.log.txt","https://www.ebi.ac.uk/biostudies/files/E-MTAB-1791/Ge0547_4697141105_F.qnorm.log.txt",33489436,"6a70ec85a1713dc42f74df3fcc07ab39",49577,"Ge 547_4697141105_F.mean.qnorm.log","c135dde961573c19ccb5a8072d04c559","https://ftp.ebi.ac.uk/pub/databases/microarray/data/experiment/MTAB/E-MTAB-1791/E-MTAB-1791.raw.13.zip","SDRF ZIP member (CRC checked)"
"Ge0553","4240343019_A","Ge0553_4240343019_A.qnorm.log.txt","https://www.ebi.ac.uk/biostudies/files/E-MTAB-1791/Ge0553_4240343019_A.qnorm.log.txt",33091521,"2ddbde73ce6468f900d0fd9574f4efd1",49577,"Ge553_4240343019_A.mean.qnorm.log","bd09fae97795e92a8783dee24949b0a2","https://ftp.ebi.ac.uk/pub/databases/microarray/data/experiment/MTAB/E-MTAB-1791/E-MTAB-1791.raw.13.zip","SDRF ZIP member (CRC checked)"
"Ge0564","4233291233_E","Ge0564_4233291233_E.qnorm.log.txt","https://www.ebi.ac.uk/biostudies/files/E-MTAB-1791/Ge0564_4233291233_E.qnorm.log.txt",33099142,"b88163b6e3d9eb16b53f7fa0def34fa9",49577,"Ge564_4233291233_E.mean.qnorm.log","a21668bd42d50564ec05d4f0325bd5da","https://ftp.ebi.ac.uk/pub/databases/microarray/data/experiment/MTAB/E-MTAB-1791/E-MTAB-1791.raw.13.zip","SDRF ZIP member (CRC checked)"
"Ge0565","4233291233_F","Ge0565_4233291233_F.qnorm.log.txt","https://www.ebi.ac.uk/biostudies/files/E-MTAB-1791/Ge0565_4233291233_F.qnorm.log.txt",33099724,"1a0ee62ae4d78f04cf6ba7243a46bb30",49577,"Ge565_4233291233_F.mean.qnorm.log","0a25149b871f58f7ebdaf83653cf4929","https://ftp.ebi.ac.uk/pub/databases/microarray/data/experiment/MTAB/E-MTAB-1791/E-MTAB-1791.raw.13.zip","SDRF ZIP member (CRC checked)"
"Ge0566","4233291226_A","Ge0566_4233291226_A.qnorm.log.txt","https://www.ebi.ac.uk/biostudies/files/E-MTAB-1791/Ge0566_4233291226_A.qnorm.log.txt",33091843,"ebdb53548d2df56d347d5b7904ff052e",49577,"Ge_566_4233291226_A.mean.qnorm.log","dde1ed17aa67757cff9d0b0c98a8a1d8","https://ftp.ebi.ac.uk/pub/databases/microarray/data/experiment/MTAB/E-MTAB-1791/E-MTAB-1791.raw.13.zip","SDRF ZIP member (CRC checked)"
"Ge0569precip","4240343020_F","Ge0569precip_4240343020_F.qnorm.log.txt","https://www.ebi.ac.uk/biostudies/files/E-MTAB-1791/Ge0569precip_4240343020_F.qnorm.log.txt",33096360,"4b2522d298d168dcdcad74da6917cd35",49577,"Ge569precip_4240343020_F.mean.qnorm.log","d5c97e2e76f8d2c11643f430fb1b53ca","https://ftp.ebi.ac.uk/pub/databases/microarray/data/experiment/MTAB/E-MTAB-1791/E-MTAB-1791.raw.13.zip","SDRF ZIP member (CRC checked)"
"Ge0573","4233291172_E","Ge0573_4233291172_E.qnorm.log.txt","https://www.ebi.ac.uk/biostudies/files/E-MTAB-1791/Ge0573_4233291172_E.qnorm.log.txt",33093582,"7a264dd187fb372b002cc39151c1ad31",49577,"Ge573_4233291172_E.mean.qnorm.log","3d22ba5f710b3757d83eaff2e7c19264","https://ftp.ebi.ac.uk/pub/databases/microarray/data/experiment/MTAB/E-MTAB-1791/E-MTAB-1791.raw.13.zip","SDRF ZIP member (CRC checked)"
"Ge0583","4655274088_A","Ge0583_4655274088_A.qnorm.log.txt","https://www.ebi.ac.uk/biostudies/files/E-MTAB-1791/Ge0583_4655274088_A.qnorm.log.txt",33095590,"42e7fb066b78d8c60983b00bcbc85e80",49577,"Ge_583_4655274088_A.mean.qnorm.log","a4d0ee23d841ef28ad6f575b067ae6da","https://ftp.ebi.ac.uk/pub/databases/microarray/data/experiment/MTAB/E-MTAB-1791/E-MTAB-1791.raw.14.zip","SDRF ZIP member (CRC checked)"
"Ge0595","4233291172_F","Ge0595_4233291172_F.qnorm.log.txt","https://www.ebi.ac.uk/biostudies/files/E-MTAB-1791/Ge0595_4233291172_F.qnorm.log.txt",33087900,"8795606e410e3642f6d539c3894b3b39",49577,"Ge595_4233291172_F.mean.qnorm.log","4ad8ff3f6698df10f0fdc066ded7e40f","https://ftp.ebi.ac.uk/pub/databases/microarray/data/experiment/MTAB/E-MTAB-1791/E-MTAB-1791.raw.14.zip","SDRF ZIP member (CRC checked)"
"Ge0597","4233291199_A","Ge0597_4233291199_A.qnorm.log.txt","https://www.ebi.ac.uk/biostudies/files/E-MTAB-1791/Ge0597_4233291199_A.qnorm.log.txt",33090235,"0f67eaf01301e339147be1d738daa718",49577,"Ge597_4233291199_A.mean.qnorm.log","8949d499168d509e88d8bdd0fda1c9f1","https://ftp.ebi.ac.uk/pub/databases/microarray/data/experiment/MTAB/E-MTAB-1791/E-MTAB-1791.raw.14.zip","SDRF ZIP member (CRC checked)"
"Ge0603","4233291199_B","Ge0603_4233291199_B.qnorm.log.txt","https://www.ebi.ac.uk/biostudies/files/E-MTAB-1791/Ge0603_4233291199_B.qnorm.log.txt",33089797,"1b925212db0d31eb37675b2cd51d45b5",49577,"Ge603_4233291199_B.mean.qnorm.log","48e1de6e86d76260e1af3f98832aea21","https://ftp.ebi.ac.uk/pub/databases/microarray/data/experiment/MTAB/E-MTAB-1791/E-MTAB-1791.raw.14.zip","SDRF ZIP member (CRC checked)"
"Ge0618","4697141062_D","Ge0618_4697141062_D.qnorm.log.txt","https://www.ebi.ac.uk/biostudies/files/E-MTAB-1791/Ge0618_4697141062_D.qnorm.log.txt",33099815,"fe532a6e1353b81276cc8aba4e0d2c75",49577,"Ge_618_4697141062_D.mean.qnorm.log","158dc967d2dab56bba60743591d8c00c","https://ftp.ebi.ac.uk/pub/databases/microarray/data/experiment/MTAB/E-MTAB-1791/E-MTAB-1791.raw.14.zip","SDRF ZIP member (CRC checked)"
"Ge0631","4233291131_D","Ge0631_4233291131_D.qnorm.log.txt","https://www.ebi.ac.uk/biostudies/files/E-MTAB-1791/Ge0631_4233291131_D.qnorm.log.txt",33099329,"aa29926743b7e151c30c890b1378982f",49577,"Ge_631_4233291131_D.mean.qnorm.log","ed1c84789d11edb25a58e5d9278cf083","https://ftp.ebi.ac.uk/pub/databases/microarray/data/experiment/MTAB/E-MTAB-1791/E-MTAB-1791.raw.14.zip","SDRF ZIP member (CRC checked)"
"Ge0640","4463361227_A","Ge0640_4463361227_A.qnorm.log.txt","https://www.ebi.ac.uk/biostudies/files/E-MTAB-1791/Ge0640_4463361227_A.qnorm.log.txt",33102380,"abce2e91c1541aa7815b79fe9747cd0a",49577,"Ge_640_4463361227_A.mean.qnorm.log","aa6ba67091adc8b600f3d31c5b7cc595","https://ftp.ebi.ac.uk/pub/databases/microarray/data/experiment/MTAB/E-MTAB-1791/E-MTAB-1791.raw.14.zip","SDRF ZIP member (CRC checked)"
"Ge0646","4697141062_F","Ge0646_4697141062_F.qnorm.log.txt","https://www.ebi.ac.uk/biostudies/files/E-MTAB-1791/Ge0646_4697141062_F.qnorm.log.txt",33101728,"9880cf221023c8d32c3eacad5ce8c729",49577,"Ge_646_4697141062_F.mean.qnorm.log","6a9e8750d6521d60706bdf5dda547104","https://ftp.ebi.ac.uk/pub/databases/microarray/data/experiment/MTAB/E-MTAB-1791/E-MTAB-1791.raw.14.zip","SDRF ZIP member (CRC checked)"
"Ge0647","4233291181_E","Ge0647_4233291181_E.qnorm.log.txt","https://www.ebi.ac.uk/biostudies/files/E-MTAB-1791/Ge0647_4233291181_E.qnorm.log.txt",33091758,"341201b56aad8fcd885c1e291b52960e",49577,"Ge_647_4233291181_E.mean.qnorm.log","48a171125be6116eaf3a14e0320005cd","https://ftp.ebi.ac.uk/pub/databases/microarray/data/experiment/MTAB/E-MTAB-1791/E-MTAB-1791.raw.14.zip","SDRF ZIP member (CRC checked)"
"Ge0648","4233291172_A","Ge0648_4233291172_A.qnorm.log.txt","https://www.ebi.ac.uk/biostudies/files/E-MTAB-1791/Ge0648_4233291172_A.qnorm.log.txt",33087525,"400cad3cf8956d1d49acb7c4aaf8ee4a",49577,"Ge648_4233291172_A.mean.qnorm.log","5d2582790a145dacab6a01a943468c8a","https://ftp.ebi.ac.uk/pub/databases/microarray/data/experiment/MTAB/E-MTAB-1791/E-MTAB-1791.raw.14.zip","SDRF ZIP member (CRC checked)"
"Ge0653","4233291172_C","Ge0653_4233291172_C.qnorm.log.txt","https://www.ebi.ac.uk/biostudies/files/E-MTAB-1791/Ge0653_4233291172_C.qnorm.log.txt",33092946,"446a6c66c7698fe0f081abcb70b40b50",49577,"Ge653_4233291172_C.mean.qnorm.log","035026dbf9f0dd735a9524fac7c3184a","https://ftp.ebi.ac.uk/pub/databases/microarray/data/experiment/MTAB/E-MTAB-1791/E-MTAB-1791.raw.14.zip","SDRF ZIP member (CRC checked)"
"Ge0665","4697141105_B","Ge0665_4697141105_B.qnorm.log.txt","https://www.ebi.ac.uk/biostudies/files/E-MTAB-1791/Ge0665_4697141105_B.qnorm.log.txt",33484639,"ecbdbfe9485f47d37f80b15a5de1933a",49577,"Ge 665_4697141105_B.mean.qnorm.log","a5e351b2d030711c12572c58d9010f80","https://ftp.ebi.ac.uk/pub/databases/microarray/data/experiment/MTAB/E-MTAB-1791/E-MTAB-1791.raw.15.zip","SDRF ZIP member (CRC checked)"
"Ge0699","4233291180_B","Ge0699_4233291180_B.qnorm.log.txt","https://www.ebi.ac.uk/biostudies/files/E-MTAB-1791/Ge0699_4233291180_B.qnorm.log.txt",33087833,"bd3dc07f9febb45c3a6bcac8d9142922",49577,"Ge_699_4233291180_B.mean.qnorm.log","1c65c4f6c6ff02f9ede85c363d2694dd","https://ftp.ebi.ac.uk/pub/databases/microarray/data/experiment/MTAB/E-MTAB-1791/E-MTAB-1791.raw.15.zip","SDRF ZIP member (CRC checked)"
"Ge0701","4233291180_C","Ge0701_4233291180_C.qnorm.log.txt","https://www.ebi.ac.uk/biostudies/files/E-MTAB-1791/Ge0701_4233291180_C.qnorm.log.txt",33086688,"aa1124a0e633ff874de75eb73bce81e5",49577,"Ge_701_4233291180_C.mean.qnorm.log","6d2259d624bc449bd7d1e762114f21cc","https://ftp.ebi.ac.uk/pub/databases/microarray/data/experiment/MTAB/E-MTAB-1791/E-MTAB-1791.raw.15.zip","SDRF ZIP member (CRC checked)"
"Ge0702","4233291180_D","Ge0702_4233291180_D.qnorm.log.txt","https://www.ebi.ac.uk/biostudies/files/E-MTAB-1791/Ge0702_4233291180_D.qnorm.log.txt",33090307,"6996768d289dbe247e5aecac8727e0df",49577,"Ge_702_4233291180_D.mean.qnorm.log","1aaecd31865b25b5cddf820d3cce9c2a","https://ftp.ebi.ac.uk/pub/databases/microarray/data/experiment/MTAB/E-MTAB-1791/E-MTAB-1791.raw.15.zip","SDRF ZIP member (CRC checked)"
"Ge0704","4233291180_F","Ge0704_4233291180_F.qnorm.log.txt","https://www.ebi.ac.uk/biostudies/files/E-MTAB-1791/Ge0704_4233291180_F.qnorm.log.txt",33091657,"33d8a2ebc366f6556cca06bb06d4f81f",49577,"Ge_704_4233291180_F.mean.qnorm.log","93923ee4c06f82103398b44b2c19ebf4","https://ftp.ebi.ac.uk/pub/databases/microarray/data/experiment/MTAB/E-MTAB-1791/E-MTAB-1791.raw.15.zip","SDRF ZIP member (CRC checked)"
"Ge0705","4233291225_A","Ge0705_4233291225_A.qnorm.log.txt","https://www.ebi.ac.uk/biostudies/files/E-MTAB-1791/Ge0705_4233291225_A.qnorm.log.txt",33087973,"167bec5352730dcb742d66be528ee67d",49577,"Ge_705_4233291225_A.mean.qnorm.log","ab1a883e96c605eaa273d7093b3c3635","https://ftp.ebi.ac.uk/pub/databases/microarray/data/experiment/MTAB/E-MTAB-1791/E-MTAB-1791.raw.15.zip","SDRF ZIP member (CRC checked)"
"Ge0706","4233291225_B","Ge0706_4233291225_B.qnorm.log.txt","https://www.ebi.ac.uk/biostudies/files/E-MTAB-1791/Ge0706_4233291225_B.qnorm.log.txt",33087055,"311185607265f79c99c692e7d01f3c5e",49577,"Ge_706_4233291225_B.mean.qnorm.log","f9e8f10ddcbd6332d01a9068c247763c","https://ftp.ebi.ac.uk/pub/databases/microarray/data/experiment/MTAB/E-MTAB-1791/E-MTAB-1791.raw.15.zip","SDRF ZIP member (CRC checked)"
"Ge0714","4233291225_C","Ge0714_4233291225_C.qnorm.log.txt","https://www.ebi.ac.uk/biostudies/files/E-MTAB-1791/Ge0714_4233291225_C.qnorm.log.txt",33090773,"597572ca3cfe7c500b97cbbbfdb77caa",49577,"Ge_714_4233291225_C.mean.qnorm.log","f32b0dc8acf59f9cfcb7be5ffdc8ca4f","https://ftp.ebi.ac.uk/pub/databases/microarray/data/experiment/MTAB/E-MTAB-1791/E-MTAB-1791.raw.15.zip","SDRF ZIP member (CRC checked)"
"Ge0715","4233291225_D","Ge0715_4233291225_D.qnorm.log.txt","https://www.ebi.ac.uk/biostudies/files/E-MTAB-1791/Ge0715_4233291225_D.qnorm.log.txt",33089513,"98bfa6dc3975a96a5b081906312ad88c",49577,"Ge_715_4233291225_D.mean.qnorm.log","eed458f2e46ca4a0c39f1e1d0366d84d","https://ftp.ebi.ac.uk/pub/databases/microarray/data/experiment/MTAB/E-MTAB-1791/E-MTAB-1791.raw.15.zip","SDRF ZIP member (CRC checked)"
"Ge0725","4233291225_E","Ge0725_4233291225_E.qnorm.log.txt","https://www.ebi.ac.uk/biostudies/files/E-MTAB-1791/Ge0725_4233291225_E.qnorm.log.txt",33089082,"9da5f276525a5df92b8a087bc6aa4453",49577,"Ge_725_4233291225_E.mean.qnorm.log","3ca6d382ca2b99897a0dd8d27cd1ea2c","https://ftp.ebi.ac.uk/pub/databases/microarray/data/experiment/MTAB/E-MTAB-1791/E-MTAB-1791.raw.15.zip","SDRF ZIP member (CRC checked)"
"Ge0726","4233291225_F","Ge0726_4233291225_F.qnorm.log.txt","https://www.ebi.ac.uk/biostudies/files/E-MTAB-1791/Ge0726_4233291225_F.qnorm.log.txt",33088234,"3c8f82134379508d4a94de475c5ce541",49577,"Ge_726_4233291225_F.mean.qnorm.log","184c57e71f1fd8cb71dbab4f930db3e4","https://ftp.ebi.ac.uk/pub/databases/microarray/data/experiment/MTAB/E-MTAB-1791/E-MTAB-1791.raw.15.zip","SDRF ZIP member (CRC checked)"
"Ge0730","4239609018_B","Ge0730_4239609018_B.qnorm.log.txt","https://www.ebi.ac.uk/biostudies/files/E-MTAB-1791/Ge0730_4239609018_B.qnorm.log.txt",33091010,"c8bda4345206763b9089463b0b8b1063",49577,"Ge_730_4239609018_B.mean.qnorm.log","54123be605c46ef50530a3a38389e05f","https://ftp.ebi.ac.uk/pub/databases/microarray/data/experiment/MTAB/E-MTAB-1791/E-MTAB-1791.raw.16.zip","SDRF ZIP member (CRC checked)"
"Ge0732","4239609018_C","Ge0732_4239609018_C.qnorm.log.txt","https://www.ebi.ac.uk/biostudies/files/E-MTAB-1791/Ge0732_4239609018_C.qnorm.log.txt",33094188,"bb97cd9b2c316db0f09861f667d5a872",49577,"Ge_732_4239609018_C.mean.qnorm.log","0a8ee2f41abd22cda2163cf271aea02b","https://ftp.ebi.ac.uk/pub/databases/microarray/data/experiment/MTAB/E-MTAB-1791/E-MTAB-1791.raw.16.zip","SDRF ZIP member (CRC checked)"
"Ge0733","4239609018_D","Ge0733_4239609018_D.qnorm.log.txt","https://www.ebi.ac.uk/biostudies/files/E-MTAB-1791/Ge0733_4239609018_D.qnorm.log.txt",33094145,"5c73566332f2e16cf379f973ffb5b2aa",49577,"Ge_733_4239609018_D.mean.qnorm.log","c9ef0f78ed41d4ff4da40f089ad6d402","https://ftp.ebi.ac.uk/pub/databases/microarray/data/experiment/MTAB/E-MTAB-1791/E-MTAB-1791.raw.16.zip","SDRF ZIP member (CRC checked)"
"Ge0734","4239609018_E","Ge0734_4239609018_E.qnorm.log.txt","https://www.ebi.ac.uk/biostudies/files/E-MTAB-1791/Ge0734_4239609018_E.qnorm.log.txt",33091862,"b2038b7de091c62e53030d6b437a1a8f",49577,"Ge_734_4239609018_E.mean.qnorm.log","3025889d87d90911e7905c7854d95706","https://ftp.ebi.ac.uk/pub/databases/microarray/data/experiment/MTAB/E-MTAB-1791/E-MTAB-1791.raw.16.zip","SDRF ZIP member (CRC checked)"
"Ge0735","4239609018_F","Ge0735_4239609018_F.qnorm.log.txt","https://www.ebi.ac.uk/biostudies/files/E-MTAB-1791/Ge0735_4239609018_F.qnorm.log.txt",33091656,"720e802663ce8bf77476271d5a788f76",49577,"Ge_735_4239609018_F.mean.qnorm.log","3e5ae242f58d8bd1765bcd5234c78dd9","https://ftp.ebi.ac.uk/pub/databases/microarray/data/experiment/MTAB/E-MTAB-1791/E-MTAB-1791.raw.16.zip","SDRF ZIP member (CRC checked)"
"Ge0740","4239609034_A","Ge0740_4239609034_A.qnorm.log.txt","https://www.ebi.ac.uk/biostudies/files/E-MTAB-1791/Ge0740_4239609034_A.qnorm.log.txt",33087659,"3e2422906bf95ff7b0b50858c7921a6b",49577,"Ge_740_4239609034_A.mean.qnorm.log","7b3cbc5e39330ecc7f2e91e5a3e37b6b","https://ftp.ebi.ac.uk/pub/databases/microarray/data/experiment/MTAB/E-MTAB-1791/E-MTAB-1791.raw.16.zip","SDRF ZIP member (CRC checked)"
"Ge0741","4239609034_B","Ge0741_4239609034_B.qnorm.log.txt","https://www.ebi.ac.uk/biostudies/files/E-MTAB-1791/Ge0741_4239609034_B.qnorm.log.txt",33087655,"df0589d1b63292cc76ced4d26590f5fa",49577,"Ge_741_4239609034_B.mean.qnorm.log","31fe2f7931c8f09349f439c8f37a8b13","https://ftp.ebi.ac.uk/pub/databases/microarray/data/experiment/MTAB/E-MTAB-1791/E-MTAB-1791.raw.16.zip","SDRF ZIP member (CRC checked)"
"Ge0742","4239609034_C","Ge0742_4239609034_C.qnorm.log.txt","https://www.ebi.ac.uk/biostudies/files/E-MTAB-1791/Ge0742_4239609034_C.qnorm.log.txt",33090581,"89276facbc4c74ba41e987479bbf5ff8",49577,"Ge_742_4239609034_C.mean.qnorm.log","253a21674f291e6bf8e09a47a21f536f","https://ftp.ebi.ac.uk/pub/databases/microarray/data/experiment/MTAB/E-MTAB-1791/E-MTAB-1791.raw.16.zip","SDRF ZIP member (CRC checked)"
"Ge0743","4239609034_D","Ge0743_4239609034_D.qnorm.log.txt","https://www.ebi.ac.uk/biostudies/files/E-MTAB-1791/Ge0743_4239609034_D.qnorm.log.txt",33087236,"92fd274ac111dc30a484a49b8fba5a9d",49577,"Ge_743_4239609034_D.mean.qnorm.log","a09206944befbd1e56b455be59428ef9","https://ftp.ebi.ac.uk/pub/databases/microarray/data/experiment/MTAB/E-MTAB-1791/E-MTAB-1791.raw.16.zip","SDRF ZIP member (CRC checked)"
"Ge0746","4239609034_E","Ge0746_4239609034_E.qnorm.log.txt","https://www.ebi.ac.uk/biostudies/files/E-MTAB-1791/Ge0746_4239609034_E.qnorm.log.txt",33084395,"826f977270ddd7e410e27f8967cec80b",49577,"Ge_746_4239609034_E.mean.qnorm.log","fe764e299001cfc2c443fd499418a78b","https://ftp.ebi.ac.uk/pub/databases/microarray/data/experiment/MTAB/E-MTAB-1791/E-MTAB-1791.raw.16.zip","SDRF ZIP member (CRC checked)"
"Ge0747","4239609034_F","Ge0747_4239609034_F.qnorm.log.txt","https://www.ebi.ac.uk/biostudies/files/E-MTAB-1791/Ge0747_4239609034_F.qnorm.log.txt",33088772,"26f88f4579d29990ab58430c8655cf6f",49577,"Ge_747_4239609034_F.mean.qnorm.log","1760bb68e7ff8cc553bdae1fa32029a9","https://ftp.ebi.ac.uk/pub/databases/microarray/data/experiment/MTAB/E-MTAB-1791/E-MTAB-1791.raw.16.zip","SDRF ZIP member (CRC checked)"
"Ge0755","4239609046_B","Ge0755_4239609046_B.qnorm.log.txt","https://www.ebi.ac.uk/biostudies/files/E-MTAB-1791/Ge0755_4239609046_B.qnorm.log.txt",33087984,"02b5957fa53ccbfae7940a08c715d182",49577,"Ge_755_4239609046_B.mean.qnorm.log","66fbbfd4a3b4e399dd7760d0fcd97865","https://ftp.ebi.ac.uk/pub/databases/microarray/data/experiment/MTAB/E-MTAB-1791/E-MTAB-1791.raw.16.zip","SDRF ZIP member (CRC checked)"
"Ge0757","4239609046_C","Ge0757_4239609046_C.qnorm.log.txt","https://www.ebi.ac.uk/biostudies/files/E-MTAB-1791/Ge0757_4239609046_C.qnorm.log.txt",33093149,"e150228950f7fe171bd3e0f4b4c5ed78",49577,"Ge_757_4239609046_C.mean.qnorm.log","220c59d1ed3dbc7e854828bb9296a67d","https://ftp.ebi.ac.uk/pub/databases/microarray/data/experiment/MTAB/E-MTAB-1791/E-MTAB-1791.raw.16.zip","SDRF ZIP member (CRC checked)"
"Ge0760","4239609046_D","Ge0760_4239609046_D.qnorm.log.txt","https://www.ebi.ac.uk/biostudies/files/E-MTAB-1791/Ge0760_4239609046_D.qnorm.log.txt",33093981,"8e5e34306740b61ba4fff755122e4ea7",49577,"Ge_760_4239609046_D.mean.qnorm.log","0f381df562a8edc967187b1a600edc0d","https://ftp.ebi.ac.uk/pub/databases/microarray/data/experiment/MTAB/E-MTAB-1791/E-MTAB-1791.raw.16.zip","SDRF ZIP member (CRC checked)"
"Ge0761","4239609046_E","Ge0761_4239609046_E.qnorm.log.txt","https://www.ebi.ac.uk/biostudies/files/E-MTAB-1791/Ge0761_4239609046_E.qnorm.log.txt",33089095,"f4c56a6e05c192780c67c0c39b84382f",49577,"Ge_761_4239609046_E.mean.qnorm.log","662f4cff08f38523165df5a79e2e02b6","https://ftp.ebi.ac.uk/pub/databases/microarray/data/experiment/MTAB/E-MTAB-1791/E-MTAB-1791.raw.16.zip","SDRF ZIP member (CRC checked)"
"Ge0762","4239609046_F","Ge0762_4239609046_F.qnorm.log.txt","https://www.ebi.ac.uk/biostudies/files/E-MTAB-1791/Ge0762_4239609046_F.qnorm.log.txt",33089442,"1218e05f24736424125753d2a6b3eb2a",49577,"Ge_762_4239609046_F.mean.qnorm.log","c1dcba105c2e5b1d92bd5721b589aa37","https://ftp.ebi.ac.uk/pub/databases/microarray/data/experiment/MTAB/E-MTAB-1791/E-MTAB-1791.raw.16.zip","SDRF ZIP member (CRC checked)"
"Ge0764","4240343021_A","Ge0764_4240343021_A.qnorm.log.txt","https://www.ebi.ac.uk/biostudies/files/E-MTAB-1791/Ge0764_4240343021_A.qnorm.log.txt",33092295,"2dd8c18df4149ab2327840b67d1c42f7",49577,"Ge_764_4240343021_A.mean.qnorm.log","4404b45823a44c8e54648a392374b2d9","https://ftp.ebi.ac.uk/pub/databases/microarray/data/experiment/MTAB/E-MTAB-1791/E-MTAB-1791.raw.17.zip","SDRF ZIP member (CRC checked)"
"Ge0765","4240343021_B","Ge0765_4240343021_B.qnorm.log.txt","https://www.ebi.ac.uk/biostudies/files/E-MTAB-1791/Ge0765_4240343021_B.qnorm.log.txt",33092815,"d879af49393ff2c0624816d68fe6fff3",49577,"Ge_765_4240343021_B.mean.qnorm.log","1ccc673e24874fbdaa76734a97dc61cc","https://ftp.ebi.ac.uk/pub/databases/microarray/data/experiment/MTAB/E-MTAB-1791/E-MTAB-1791.raw.17.zip","SDRF ZIP member (CRC checked)"
"Ge0767","4240343021_C","Ge0767_4240343021_C.qnorm.log.txt","https://www.ebi.ac.uk/biostudies/files/E-MTAB-1791/Ge0767_4240343021_C.qnorm.log.txt",33092161,"eedfc999228e76007b255d5baa99cc6b",49577,"Ge_767_4240343021_C.mean.qnorm.log","58ca71cacccafe7ebb42100f4c38eeb1","https://ftp.ebi.ac.uk/pub/databases/microarray/data/experiment/MTAB/E-MTAB-1791/E-MTAB-1791.raw.17.zip","SDRF ZIP member (CRC checked)"
"Ge0769","4240343021_D","Ge0769_4240343021_D.qnorm.log.txt","https://www.ebi.ac.uk/biostudies/files/E-MTAB-1791/Ge0769_4240343021_D.qnorm.log.txt",33091527,"6adedfd6a2f6b3c4c3196f68b1eb52ca",49577,"Ge_769_4240343021_D.mean.qnorm.log","4adcd72e0bb71e6ca238064fae613d44","https://ftp.ebi.ac.uk/pub/databases/microarray/data/experiment/MTAB/E-MTAB-1791/E-MTAB-1791.raw.17.zip","SDRF ZIP member (CRC checked)"
"Ge0790","4240343021_F","Ge0790_4240343021_F.qnorm.log.txt","https://www.ebi.ac.uk/biostudies/files/E-MTAB-1791/Ge0790_4240343021_F.qnorm.log.txt",33089859,"321a4e9aa9565c31c49292aed2116a75",49577,"Ge_790_4240343021_F.mean.qnorm.log","53bbf015862108779052caf343b3992b","https://ftp.ebi.ac.uk/pub/databases/microarray/data/experiment/MTAB/E-MTAB-1791/E-MTAB-1791.raw.17.zip","SDRF ZIP member (CRC checked)"
"Ge0791","4233291222_A","Ge0791_4233291222_A.qnorm.log.txt","https://www.ebi.ac.uk/biostudies/files/E-MTAB-1791/Ge0791_4233291222_A.qnorm.log.txt",33091680,"51e04e806f35a61ebd66032e5f86abf4",49577,"Ge_791_4233291222_A.mean.qnorm.log","5452f654b789392af028d9c3d79ee4a0","https://ftp.ebi.ac.uk/pub/databases/microarray/data/experiment/MTAB/E-MTAB-1791/E-MTAB-1791.raw.17.zip","SDRF ZIP member (CRC checked)"
"Ge0792","4233291222_B","Ge0792_4233291222_B.qnorm.log.txt","https://www.ebi.ac.uk/biostudies/files/E-MTAB-1791/Ge0792_4233291222_B.qnorm.log.txt",33096322,"248def7941c3894d82159b2ba38ad010",49577,"Ge_792_4233291222_B.mean.qnorm.log","826da235fa646ff1ec9abe41f2602565","https://ftp.ebi.ac.uk/pub/databases/microarray/data/experiment/MTAB/E-MTAB-1791/E-MTAB-1791.raw.17.zip","SDRF ZIP member (CRC checked)"
"Ge0793","4233291222_C","Ge0793_4233291222_C.qnorm.log.txt","https://www.ebi.ac.uk/biostudies/files/E-MTAB-1791/Ge0793_4233291222_C.qnorm.log.txt",33094142,"bf5fa9bccb8542435f0c8e44786e9a40",49577,"Ge_793_4233291222_C.mean.qnorm.log","12c9ff980ff36b32d65a7dbdc91c5650","https://ftp.ebi.ac.uk/pub/databases/microarray/data/experiment/MTAB/E-MTAB-1791/E-MTAB-1791.raw.17.zip","SDRF ZIP member (CRC checked)"
"Ge0794","4233291222_D","Ge0794_4233291222_D.qnorm.log.txt","https://www.ebi.ac.uk/biostudies/files/E-MTAB-1791/Ge0794_4233291222_D.qnorm.log.txt",33095420,"502ee600cd4a31de63295f0ffe11366a",49577,"Ge_794_4233291222_D.mean.qnorm.log","17d47491980533da48493d1f6d701370","https://ftp.ebi.ac.uk/pub/databases/microarray/data/experiment/MTAB/E-MTAB-1791/E-MTAB-1791.raw.17.zip","SDRF ZIP member (CRC checked)"
"Ge0796","4233291222_E","Ge0796_4233291222_E.qnorm.log.txt","https://www.ebi.ac.uk/biostudies/files/E-MTAB-1791/Ge0796_4233291222_E.qnorm.log.txt",33096150,"63398d1a137d779efa4a0fb0bb68a1ec",49577,"Ge_796_4233291222_E.mean.qnorm.log","69f4a4f99aec12962fc995da9abd68ae","https://ftp.ebi.ac.uk/pub/databases/microarray/data/experiment/MTAB/E-MTAB-1791/E-MTAB-1791.raw.17.zip","SDRF ZIP member (CRC checked)"
"Ge0797","4233291222_F","Ge0797_4233291222_F.qnorm.log.txt","https://www.ebi.ac.uk/biostudies/files/E-MTAB-1791/Ge0797_4233291222_F.qnorm.log.txt",33096245,"a6f476c04c51ed563e3a0acda0c15a7a",49577,"Ge_797_4233291222_F.mean.qnorm.log","801600bce86d8fd0048e7b3d48e5bb07","https://ftp.ebi.ac.uk/pub/databases/microarray/data/experiment/MTAB/E-MTAB-1791/E-MTAB-1791.raw.17.zip","SDRF ZIP member (CRC checked)"
"Ge0798","4233291183_A","Ge0798_4233291183_A.qnorm.log.txt","https://www.ebi.ac.uk/biostudies/files/E-MTAB-1791/Ge0798_4233291183_A.qnorm.log.txt",33094832,"3ad1e9c19a99a5f54c70e9eb9eb1f832",49577,"Ge_798_4233291183_A.mean.qnorm.log","cbf993ad6d08e6a421b9196e7583779e","https://ftp.ebi.ac.uk/pub/databases/microarray/data/experiment/MTAB/E-MTAB-1791/E-MTAB-1791.raw.17.zip","SDRF ZIP member (CRC checked)"
"Ge0799","4233291183_B","Ge0799_4233291183_B.qnorm.log.txt","https://www.ebi.ac.uk/biostudies/files/E-MTAB-1791/Ge0799_4233291183_B.qnorm.log.txt",33094337,"14a0a1358bdfd49389b45769e268b75b",49577,"Ge_799_4233291183_B.mean.qnorm.log","530f388ec0951efb6b8128ec610150bc","https://ftp.ebi.ac.uk/pub/databases/microarray/data/experiment/MTAB/E-MTAB-1791/E-MTAB-1791.raw.17.zip","SDRF ZIP member (CRC checked)"
"Ge0801","4233291183_D","Ge0801_4233291183_D.qnorm.log.txt","https://www.ebi.ac.uk/biostudies/files/E-MTAB-1791/Ge0801_4233291183_D.qnorm.log.txt",33094244,"0603f665f4799b31630288296734e28d",49577,"Ge_801_4233291183_D.mean.qnorm.log","f64a2cb65c3157325f3cae305ba0f361","https://ftp.ebi.ac.uk/pub/databases/microarray/data/experiment/MTAB/E-MTAB-1791/E-MTAB-1791.raw.17.zip","SDRF ZIP member (CRC checked)"
"Ge0802","4233291183_E","Ge0802_4233291183_E.qnorm.log.txt","https://www.ebi.ac.uk/biostudies/files/E-MTAB-1791/Ge0802_4233291183_E.qnorm.log.txt",33091166,"3eb8ea2a54b9019ff0fef12732245637",49577,"Ge_802_4233291183_E.mean.qnorm.log","8666ccba66ee2e147fda8efeb0f5cecb","https://ftp.ebi.ac.uk/pub/databases/microarray/data/experiment/MTAB/E-MTAB-1791/E-MTAB-1791.raw.17.zip","SDRF ZIP member (CRC checked)"
"Ge0806","4233291226_C","Ge0806_4233291226_C.qnorm.log.txt","https://www.ebi.ac.uk/biostudies/files/E-MTAB-1791/Ge0806_4233291226_C.qnorm.log.txt",33093247,"e8448ae0d5ba880f7a6c72dffd63928d",49577,"Ge_806_4233291226_C.mean.qnorm.log","ca94936c83bb41feabefb08943f0b57a","https://ftp.ebi.ac.uk/pub/databases/microarray/data/experiment/MTAB/E-MTAB-1791/E-MTAB-1791.raw.18.zip","SDRF ZIP member (CRC checked)"
"Ge0809","4233291226_E","Ge0809_4233291226_E.qnorm.log.txt","https://www.ebi.ac.uk/biostudies/files/E-MTAB-1791/Ge0809_4233291226_E.qnorm.log.txt",33089214,"0f2f6fef8624805d1e1e31a452e3fcdc",49577,"Ge_809_4233291226_E.mean.qnorm.log","7f090d3a23a8b8c27042ae1111da51b3","https://ftp.ebi.ac.uk/pub/databases/microarray/data/experiment/MTAB/E-MTAB-1791/E-MTAB-1791.raw.18.zip","SDRF ZIP member (CRC checked)"
"Ge0811","4233291226_F","Ge0811_4233291226_F.qnorm.log.txt","https://www.ebi.ac.uk/biostudies/files/E-MTAB-1791/Ge0811_4233291226_F.qnorm.log.txt",33094472,"8ae4018054c2502e80a2c9faf1baa6d6",49577,"Ge_811_4233291226_F.mean.qnorm.log","6566dc52506a3a63e25ea7b9641bd41d","https://ftp.ebi.ac.uk/pub/databases/microarray/data/experiment/MTAB/E-MTAB-1791/E-MTAB-1791.raw.18.zip","SDRF ZIP member (CRC checked)"
"Ge0812","4233291131_A","Ge0812_4233291131_A.qnorm.log.txt","https://www.ebi.ac.uk/biostudies/files/E-MTAB-1791/Ge0812_4233291131_A.qnorm.log.txt",33098724,"2bf49f5e62809ad1071aee3817a2f516",49577,"Ge_812_4233291131_A.mean.qnorm.log","ccf6d76684deb398a54dcfc2f2175120","https://ftp.ebi.ac.uk/pub/databases/microarray/data/experiment/MTAB/E-MTAB-1791/E-MTAB-1791.raw.18.zip","SDRF ZIP member (CRC checked)"
"Ge0813","4233291131_B","Ge0813_4233291131_B.qnorm.log.txt","https://www.ebi.ac.uk/biostudies/files/E-MTAB-1791/Ge0813_4233291131_B.qnorm.log.txt",33100250,"5e017d638b04f27c9705fd99e6fee8dc",49577,"Ge_813_4233291131_B.mean.qnorm.log","663c3e276622725f89fbb5049f1ee9e2","https://ftp.ebi.ac.uk/pub/databases/microarray/data/experiment/MTAB/E-MTAB-1791/E-MTAB-1791.raw.18.zip","SDRF ZIP member (CRC checked)"
"Ge0814","4233291184_C","Ge0814_4233291184_C.qnorm.log.txt","https://www.ebi.ac.uk/biostudies/files/E-MTAB-1791/Ge0814_4233291184_C.qnorm.log.txt",33102510,"8425ed456327b5d7c52a862655083e77",49577,"Ge_814_4233291184_C.mean.qnorm.log","21e06c5308f80c4929c953933e2fbf29","https://ftp.ebi.ac.uk/pub/databases/microarray/data/experiment/MTAB/E-MTAB-1791/E-MTAB-1791.raw.18.zip","SDRF ZIP member (CRC checked)"
"Ge0815","4233291070_C","Ge0815_4233291070_C.qnorm.log.txt","https://www.ebi.ac.uk/biostudies/files/E-MTAB-1791/Ge0815_4233291070_C.qnorm.log.txt",33442261,"7468a60ca05a3488e3fef8009bba86b6",49577,"Ge 815_4233291070_C.mean.qnorm.log","b3ce9b65735136be34849568d2b165df","https://ftp.ebi.ac.uk/pub/databases/microarray/data/experiment/MTAB/E-MTAB-1791/E-MTAB-1791.raw.18.zip","SDRF ZIP member (CRC checked)"
"Ge0821","4239609039_D","Ge0821_4239609039_D.qnorm.log.txt","https://www.ebi.ac.uk/biostudies/files/E-MTAB-1791/Ge0821_4239609039_D.qnorm.log.txt",33083874,"2420c384072c29d4715b78f3b70c9b2f",49577,"Ge_821_4239609039_D.mean.qnorm.log","dc3688c55583c5e6ee87c85f32d04a45","https://ftp.ebi.ac.uk/pub/databases/microarray/data/experiment/MTAB/E-MTAB-1791/E-MTAB-1791.raw.18.zip","SDRF ZIP member (CRC checked)"
"Ge0822","4233291179_D","Ge0822_4233291179_D.qnorm.log.txt","https://www.ebi.ac.uk/biostudies/files/E-MTAB-1791/Ge0822_4233291179_D.qnorm.log.txt",33070719,"ca08f0cbc6c5644f1532db4aee5fdf8e",49577,"Ge_822_4233291179_D.mean.qnorm.log","efcf8660a6af265c24e6a4882392fc85","https://ftp.ebi.ac.uk/pub/databases/microarray/data/experiment/MTAB/E-MTAB-1791/E-MTAB-1791.raw.18.zip","SDRF ZIP member (CRC checked)"
"Ge0832","4233291131_E","Ge0832_4233291131_E.qnorm.log.txt","https://www.ebi.ac.uk/biostudies/files/E-MTAB-1791/Ge0832_4233291131_E.qnorm.log.txt",33100945,"abc8da7bd9b4ab78bfbb9c84702409fe",49577,"Ge_832_4233291131_E.mean.qnorm.log","5808e6f9b205c04f5985be68835c291a","https://ftp.ebi.ac.uk/pub/databases/microarray/data/experiment/MTAB/E-MTAB-1791/E-MTAB-1791.raw.18.zip","SDRF ZIP member (CRC checked)"
"Ge0835","4233291133_B","Ge0835_4233291133_B.qnorm.log.txt","https://www.ebi.ac.uk/biostudies/files/E-MTAB-1791/Ge0835_4233291133_B.qnorm.log.txt",33090719,"5459bb08337350550f215e36ffcfb550",49577,"Ge_835_4233291133_B.mean.qnorm.log","91d2d2fb7e1e4e498ea2e59db023badf","https://ftp.ebi.ac.uk/pub/databases/microarray/data/experiment/MTAB/E-MTAB-1791/E-MTAB-1791.raw.19.zip","SDRF ZIP member (CRC checked)"
"Ge0836","4233291133_C","Ge0836_4233291133_C.qnorm.log.txt","https://www.ebi.ac.uk/biostudies/files/E-MTAB-1791/Ge0836_4233291133_C.qnorm.log.txt",33093768,"eb6dcc2897c1d08563080d85dfca124f",49577,"Ge_836_4233291133_C.mean.qnorm.log","e46f697d8831803de92512f1a1f0bedb","https://ftp.ebi.ac.uk/pub/databases/microarray/data/experiment/MTAB/E-MTAB-1791/E-MTAB-1791.raw.19.zip","SDRF ZIP member (CRC checked)"
"Ge0838","4233291133_E","Ge0838_4233291133_E.qnorm.log.txt","https://www.ebi.ac.uk/biostudies/files/E-MTAB-1791/Ge0838_4233291133_E.qnorm.log.txt",33095419,"ac40870923a9ae72325562a23117dcd7",49577,"Ge_838_4233291133_E.mean.qnorm.log","f4303757bf4269d5104a3b9abb64269d","https://ftp.ebi.ac.uk/pub/databases/microarray/data/experiment/MTAB/E-MTAB-1791/E-MTAB-1791.raw.19.zip","SDRF ZIP member (CRC checked)"
"Ge0840","4233291123_A","Ge0840_4233291123_A.qnorm.log.txt","https://www.ebi.ac.uk/biostudies/files/E-MTAB-1791/Ge0840_4233291123_A.qnorm.log.txt",33087060,"1a6fe381bb745aa53213e492bb16a5f5",49577,"Ge_840_4233291123_A.mean.qnorm.log","bb27acfec7b4a9d5cc31e0505d2654e6","https://ftp.ebi.ac.uk/pub/databases/microarray/data/experiment/MTAB/E-MTAB-1791/E-MTAB-1791.raw.19.zip","SDRF ZIP member (CRC checked)"
"Ge0841","4233291123_B","Ge0841_4233291123_B.qnorm.log.txt","https://www.ebi.ac.uk/biostudies/files/E-MTAB-1791/Ge0841_4233291123_B.qnorm.log.txt",33092918,"a60e09f1569815354fd6ee04718ccb2c",49577,"Ge_841_4233291123_B.mean.qnorm.log","b67b643350bcb488d13e91e59d5dca6a","https://ftp.ebi.ac.uk/pub/databases/microarray/data/experiment/MTAB/E-MTAB-1791/E-MTAB-1791.raw.19.zip","Uncompressed canonical file"
"Ge0843","4233291123_D","Ge0843_4233291123_D.qnorm.log.txt","https://www.ebi.ac.uk/biostudies/files/E-MTAB-1791/Ge0843_4233291123_D.qnorm.log.txt",33091866,"dc38394aad6deb1a04ada6c8e23d4206",49577,"Ge_843_4233291123_D.mean.qnorm.log","02ee0d1a5eee44241f370e6b95c33a71","https://ftp.ebi.ac.uk/pub/databases/microarray/data/experiment/MTAB/E-MTAB-1791/E-MTAB-1791.raw.19.zip","Uncompressed canonical file"
"Ge0844","4233291123_E","Ge0844_4233291123_E.qnorm.log.txt","https://www.ebi.ac.uk/biostudies/files/E-MTAB-1791/Ge0844_4233291123_E.qnorm.log.txt",33095888,"76ac31e107c247c90382848c46785203",49577,"Ge_844_4233291123_E.mean.qnorm.log","8939ee49834ee9ff876c4b602a80add9","https://ftp.ebi.ac.uk/pub/databases/microarray/data/experiment/MTAB/E-MTAB-1791/E-MTAB-1791.raw.19.zip","Uncompressed canonical file"
"Ge0845","4233291123_F","Ge0845_4233291123_F.qnorm.log.txt","https://www.ebi.ac.uk/biostudies/files/E-MTAB-1791/Ge0845_4233291123_F.qnorm.log.txt",33090211,"30c8695d33b8df7d8ba5c1d018b2875b",49577,"Ge_845_4233291123_F.mean.qnorm.log","f8a0ecee0f391516a837d931f38a9bf0","https://ftp.ebi.ac.uk/pub/databases/microarray/data/experiment/MTAB/E-MTAB-1791/E-MTAB-1791.raw.19.zip","SDRF ZIP member (CRC checked)"
"Ge0847","4233291198_D","Ge0847_4233291198_D.qnorm.log.txt","https://www.ebi.ac.uk/biostudies/files/E-MTAB-1791/Ge0847_4233291198_D.qnorm.log.txt",33093359,"7c4d5fd1b7131551b94c9281519f7ebe",49577,"Ge_847_4233291198_D.mean.qnorm.log","70a64802d104a6155b5f5f91dc58048a","https://ftp.ebi.ac.uk/pub/databases/microarray/data/experiment/MTAB/E-MTAB-1791/E-MTAB-1791.raw.19.zip","SDRF ZIP member (CRC checked)"
"Ge0848","4233291198_E","Ge0848_4233291198_E.qnorm.log.txt","https://www.ebi.ac.uk/biostudies/files/E-MTAB-1791/Ge0848_4233291198_E.qnorm.log.txt",33094493,"72d9a21faca2a420fe330b37675ad09c",49577,"Ge_848_4233291198_E.mean.qnorm.log","7592ca3535a2788bb537675d6e9d611b","https://ftp.ebi.ac.uk/pub/databases/microarray/data/experiment/MTAB/E-MTAB-1791/E-MTAB-1791.raw.19.zip","SDRF ZIP member (CRC checked)"
"Ge0849","4233291198_F","Ge0849_4233291198_F.qnorm.log.txt","https://www.ebi.ac.uk/biostudies/files/E-MTAB-1791/Ge0849_4233291198_F.qnorm.log.txt",33088085,"b115c938768727971d207a15addf4544",49577,"Ge_849_4233291198_F.mean.qnorm.log","affe802bd66b669edd42bebebe97de88","https://ftp.ebi.ac.uk/pub/databases/microarray/data/experiment/MTAB/E-MTAB-1791/E-MTAB-1791.raw.19.zip","SDRF ZIP member (CRC checked)"
"Ge0850","4233291138_C","Ge0850_4233291138_C.qnorm.log.txt","https://www.ebi.ac.uk/biostudies/files/E-MTAB-1791/Ge0850_4233291138_C.qnorm.log.txt",33094772,"9010a0f5504181768b9460772cf199d3",49577,"Ge_850_4233291138_C.mean.qnorm.log","664b48d27fa263c808d3207cbd0ef4be","https://ftp.ebi.ac.uk/pub/databases/microarray/data/experiment/MTAB/E-MTAB-1791/E-MTAB-1791.raw.19.zip","SDRF ZIP member (CRC checked)"
"Ge0851","4233291177_C","Ge0851_4233291177_C.qnorm.log.txt","https://www.ebi.ac.uk/biostudies/files/E-MTAB-1791/Ge0851_4233291177_C.qnorm.log.txt",33098695,"8c79cc575e56f152fd542973de680702",49577,"Ge_851_4233291177_C.mean.qnorm.log","a641b9148386dff9867a93b0aca9a3c0","https://ftp.ebi.ac.uk/pub/databases/microarray/data/experiment/MTAB/E-MTAB-1791/E-MTAB-1791.raw.20.zip","SDRF ZIP member (CRC checked)"
"Ge0852","4233291190_A","Ge0852_4233291190_A.qnorm.log.txt","https://www.ebi.ac.uk/biostudies/files/E-MTAB-1791/Ge0852_4233291190_A.qnorm.log.txt",33474476,"40aff984b0d5c61cfb1a7b57c7f75c16",49577,"Ge 852_4233291190_A.mean.qnorm.log","ee99640960c42a358b8ebb345d94e45b","https://ftp.ebi.ac.uk/pub/databases/microarray/data/experiment/MTAB/E-MTAB-1791/E-MTAB-1791.raw.20.zip","SDRF ZIP member (CRC checked)"
"Ge0854","4233291177_F","Ge0854_4233291177_F.qnorm.log.txt","https://www.ebi.ac.uk/biostudies/files/E-MTAB-1791/Ge0854_4233291177_F.qnorm.log.txt",33095094,"8939c2f835d196862bfe1a024141f493",49577,"Ge_854_4233291177_F.mean.qnorm.log","dd984345db1fedb470bb5f46ae0d3c14","https://ftp.ebi.ac.uk/pub/databases/microarray/data/experiment/MTAB/E-MTAB-1791/E-MTAB-1791.raw.20.zip","SDRF ZIP member (CRC checked)"
"Ge0855","4233291138_D","Ge0855_4233291138_D.qnorm.log.txt","https://www.ebi.ac.uk/biostudies/files/E-MTAB-1791/Ge0855_4233291138_D.qnorm.log.txt",33090100,"6a3a1577e08879736697f60f11b2c3f5",49577,"Ge_855_4233291138_D.mean.qnorm.log","5cfdbda349e11d1b149fc9fe4668d426","https://ftp.ebi.ac.uk/pub/databases/microarray/data/experiment/MTAB/E-MTAB-1791/E-MTAB-1791.raw.20.zip","SDRF ZIP member (CRC checked)"
"Ge0856","4233291198_A","Ge0856_4233291198_A.qnorm.log.txt","https://www.ebi.ac.uk/biostudies/files/E-MTAB-1791/Ge0856_4233291198_A.qnorm.log.txt",33084170,"1a2df20795f3f9017967286a6fb6d9d6",49577,"Ge_856_4233291198_A.mean.qnorm.log","3ea02be9fdade0189b977815c3f2c23b","https://ftp.ebi.ac.uk/pub/databases/microarray/data/experiment/MTAB/E-MTAB-1791/E-MTAB-1791.raw.20.zip","SDRF ZIP member (CRC checked)"
"Ge0864","4233291235_A","Ge0864_4233291235_A.qnorm.log.txt","https://www.ebi.ac.uk/biostudies/files/E-MTAB-1791/Ge0864_4233291235_A.qnorm.log.txt",33096319,"9ff596f4d9bb0b3b24ac1e58547fa6ce",49577,"Ge_864_4233291235_A.mean.qnorm.log","522ba60e8559ed01c5b0921a2fce87d9","https://ftp.ebi.ac.uk/pub/databases/microarray/data/experiment/MTAB/E-MTAB-1791/E-MTAB-1791.raw.20.zip","SDRF ZIP member (CRC checked)"
"Ge0865","4233291235_F","Ge0865_4233291235_F.qnorm.log.txt","https://www.ebi.ac.uk/biostudies/files/E-MTAB-1791/Ge0865_4233291235_F.qnorm.log.txt",33082560,"c7253f199f695f7d858e27dc705046b5",49577,"Ge_865_4233291235_F.mean.qnorm.log","1d3c10ec29cc65ccbdf071ea8960c627","https://ftp.ebi.ac.uk/pub/databases/microarray/data/experiment/MTAB/E-MTAB-1791/E-MTAB-1791.raw.20.zip","SDRF ZIP member (CRC checked)"
"Ge0866","4233291138_E","Ge0866_4233291138_E.qnorm.log.txt","https://www.ebi.ac.uk/biostudies/files/E-MTAB-1791/Ge0866_4233291138_E.qnorm.log.txt",33093046,"760fceb5fe8dc8e209abdfdf65ce452f",49577,"Ge_866_4233291138_E.mean.qnorm.log","d6d45d4228ead5c8fdb3f39e200943c1","https://ftp.ebi.ac.uk/pub/databases/microarray/data/experiment/MTAB/E-MTAB-1791/E-MTAB-1791.raw.20.zip","SDRF ZIP member (CRC checked)"
"Ge0867","4233291215_F","Ge0867_4233291215_F.qnorm.log.txt","https://www.ebi.ac.uk/biostudies/files/E-MTAB-1791/Ge0867_4233291215_F.qnorm.log.txt",33095377,"db3f256880250f964a55c80041162457",49577,"Ge_867_4233291215_F.mean.qnorm.log","7ef285e054e7f8f3923ae0442ceef682","https://ftp.ebi.ac.uk/pub/databases/microarray/data/experiment/MTAB/E-MTAB-1791/E-MTAB-1791.raw.20.zip","SDRF ZIP member (CRC checked)"
"Ge0868","4233291186_D","Ge0868_4233291186_D.qnorm.log.txt","https://www.ebi.ac.uk/biostudies/files/E-MTAB-1791/Ge0868_4233291186_D.qnorm.log.txt",33098177,"b7a4d72bd63ae015dc2f66e63d1c90c7",49577,"Ge_868_4233291186_D.mean.qnorm.log","e95435fe6c2f8ffa1724cebb12824154","https://ftp.ebi.ac.uk/pub/databases/microarray/data/experiment/MTAB/E-MTAB-1791/E-MTAB-1791.raw.20.zip","SDRF ZIP member (CRC checked)"
"Ge0870","4233291186_F","Ge0870_4233291186_F.qnorm.log.txt","https://www.ebi.ac.uk/biostudies/files/E-MTAB-1791/Ge0870_4233291186_F.qnorm.log.txt",33086218,"5d6f1b8c2c1c4ad7940c0885046e2c31",49577,"Ge_870_4233291186_F.mean.qnorm.log","b7cc06b39879d903567e5e943b51aa5f","https://ftp.ebi.ac.uk/pub/databases/microarray/data/experiment/MTAB/E-MTAB-1791/E-MTAB-1791.raw.20.zip","SDRF ZIP member (CRC checked)"
"Ge0871","4233291177_E","Ge0871_4233291177_E.qnorm.log.txt","https://www.ebi.ac.uk/biostudies/files/E-MTAB-1791/Ge0871_4233291177_E.qnorm.log.txt",33097144,"94aa9a27a1ab96a7119b1236ab5b8b21",49577,"Ge_871_4233291177_E.mean.qnorm.log","f55935f77cc95854ef767e6aafd7a9ba","https://ftp.ebi.ac.uk/pub/databases/microarray/data/experiment/MTAB/E-MTAB-1791/E-MTAB-1791.raw.21.zip","SDRF ZIP member (CRC checked)"
"Ge0886","4233291177_D","Ge0886_4233291177_D.qnorm.log.txt","https://www.ebi.ac.uk/biostudies/files/E-MTAB-1791/Ge0886_4233291177_D.qnorm.log.txt",33098151,"36012301ec9dca2bd1f6611bee76c5da",49577,"Ge_886_4233291177_D.mean.qnorm.log","90e9bb8dae17c1cc0ffd0caf3c79457f","https://ftp.ebi.ac.uk/pub/databases/microarray/data/experiment/MTAB/E-MTAB-1791/E-MTAB-1791.raw.21.zip","SDRF ZIP member (CRC checked)"
"Ge0887","4233291177_B","Ge0887_4233291177_B.qnorm.log.txt","https://www.ebi.ac.uk/biostudies/files/E-MTAB-1791/Ge0887_4233291177_B.qnorm.log.txt",33091768,"300d3ac926ea3cf28e2d9d8cb0e0b3a5",49577,"Ge_887_4233291177_B.mean.qnorm.log","6089320f7d16d935a3db5ef1a1869b99","https://ftp.ebi.ac.uk/pub/databases/microarray/data/experiment/MTAB/E-MTAB-1791/E-MTAB-1791.raw.21.zip","SDRF ZIP member (CRC checked)"
"Ge0889","4233291148_A","Ge0889_4233291148_A.qnorm.log.txt","https://www.ebi.ac.uk/biostudies/files/E-MTAB-1791/Ge0889_4233291148_A.qnorm.log.txt",33087116,"5f72ed721e1425688d945afe13108c78",49577,"Ge_889_4233291148_A.mean.qnorm.log","0aa8a2c5ad9e30000fa80a51516a9cdc","https://ftp.ebi.ac.uk/pub/databases/microarray/data/experiment/MTAB/E-MTAB-1791/E-MTAB-1791.raw.22.zip","SDRF ZIP member (CRC checked)"
"Ge0890","4233291185_D","Ge0890_4233291185_D.qnorm.log.txt","https://www.ebi.ac.uk/biostudies/files/E-MTAB-1791/Ge0890_4233291185_D.qnorm.log.txt",33089385,"09a923c4fdfcf16b696566ef9d08e8bd",49577,"Ge_890_4233291185_D.mean.qnorm.log","7789ea9a65e57bf29de07e499f4dca5f","https://ftp.ebi.ac.uk/pub/databases/microarray/data/experiment/MTAB/E-MTAB-1791/E-MTAB-1791.raw.22.zip","SDRF ZIP member (CRC checked)"
"Ge0892","4233291235_C","Ge0892_4233291235_C.qnorm.log.txt","https://www.ebi.ac.uk/biostudies/files/E-MTAB-1791/Ge0892_4233291235_C.qnorm.log.txt",33077882,"c52ff5c1722ae1c0ca764a9a10b4d60e",49577,"Ge_892_4233291235_C.mean.qnorm.log","7ee8da6364911e17045efdb124915d2b","https://ftp.ebi.ac.uk/pub/databases/microarray/data/experiment/MTAB/E-MTAB-1791/E-MTAB-1791.raw.22.zip","SDRF ZIP member (CRC checked)"
"Ge0893","4233291190_B","Ge0893_4233291190_B.qnorm.log.txt","https://www.ebi.ac.uk/biostudies/files/E-MTAB-1791/Ge0893_4233291190_B.qnorm.log.txt",33475381,"42bbe40d7a3863cd8b45c4d9d15a5ae4",49577,"Ge 893_4233291190_B.mean.qnorm.log","1a01a01fdead0aaf3adb54f47013f21e","https://ftp.ebi.ac.uk/pub/databases/microarray/data/experiment/MTAB/E-MTAB-1791/E-MTAB-1791.raw.22.zip","SDRF ZIP member (CRC checked)"
"Ge0894","4233291235_B","Ge0894_4233291235_B.qnorm.log.txt","https://www.ebi.ac.uk/biostudies/files/E-MTAB-1791/Ge0894_4233291235_B.qnorm.log.txt",33088459,"b1be603a63a93b239949090098c9019f",49577,"Ge_894_4233291235_B.mean.qnorm.log","cf5cd8bc8af06f07f0a4dd318146825a","https://ftp.ebi.ac.uk/pub/databases/microarray/data/experiment/MTAB/E-MTAB-1791/E-MTAB-1791.raw.22.zip","SDRF ZIP member (CRC checked)"
"Ge0895","4233291215_A","Ge0895_4233291215_A.qnorm.log.txt","https://www.ebi.ac.uk/biostudies/files/E-MTAB-1791/Ge0895_4233291215_A.qnorm.log.txt",33093996,"d529c889f232bf2e4877be56865df670",49577,"Ge_895_4233291215_A.mean.qnorm.log","0e9b17a1d35f5d0369907f4d7b6cfab2","https://ftp.ebi.ac.uk/pub/databases/microarray/data/experiment/MTAB/E-MTAB-1791/E-MTAB-1791.raw.22.zip","SDRF ZIP member (CRC checked)"
"Ge0896","4233291215_C","Ge0896_4233291215_C.qnorm.log.txt","https://www.ebi.ac.uk/biostudies/files/E-MTAB-1791/Ge0896_4233291215_C.qnorm.log.txt",33093861,"2d2392dcda4b1e929c30e66e113e4d72",49577,"Ge_896_4233291215_C.mean.qnorm.log","7b10346298f998bb9f861e5834be28c2","https://ftp.ebi.ac.uk/pub/databases/microarray/data/experiment/MTAB/E-MTAB-1791/E-MTAB-1791.raw.22.zip","SDRF ZIP member (CRC checked)"
"Ge0897","4233291186_A","Ge0897_4233291186_A.qnorm.log.txt","https://www.ebi.ac.uk/biostudies/files/E-MTAB-1791/Ge0897_4233291186_A.qnorm.log.txt",33090752,"e97b7babbdd64b4c59ea3691f4889828",49577,"Ge_897_4233291186_A.mean.qnorm.log","ea28d3ef49e6ca7556bbd28344551249","https://ftp.ebi.ac.uk/pub/databases/microarray/data/experiment/MTAB/E-MTAB-1791/E-MTAB-1791.raw.22.zip","SDRF ZIP member (CRC checked)"
"Ge0898","4233291098_F","Ge0898_4233291098_F.qnorm.log.txt","https://www.ebi.ac.uk/biostudies/files/E-MTAB-1791/Ge0898_4233291098_F.qnorm.log.txt",33083771,"799ab7bb4511f91ec0822174b61b0268",49577,"Ge_898_4233291098_F.mean.qnorm.log","3afb0f2ad58e1ad30a0ac452316b3a00","https://ftp.ebi.ac.uk/pub/databases/microarray/data/experiment/MTAB/E-MTAB-1791/E-MTAB-1791.raw.22.zip","SDRF ZIP member (CRC checked)"
"Ge0899","4233291148_B","Ge0899_4233291148_B.qnorm.log.txt","https://www.ebi.ac.uk/biostudies/files/E-MTAB-1791/Ge0899_4233291148_B.qnorm.log.txt",33098393,"5285d43d41217b38b14836127524a75c",49577,"Ge_899_4233291148_B.mean.qnorm.log","36557a5656aa941e5ca2f4f82d58002c","https://ftp.ebi.ac.uk/pub/databases/microarray/data/experiment/MTAB/E-MTAB-1791/E-MTAB-1791.raw.22.zip","SDRF ZIP member (CRC checked)"
"Ge0900","4233291148_C","Ge0900_4233291148_C.qnorm.log.txt","https://www.ebi.ac.uk/biostudies/files/E-MTAB-1791/Ge0900_4233291148_C.qnorm.log.txt",33093793,"a87186099cc185b9be772441ce90e1c9",49577,"Ge_900_4233291148_C.mean.qnorm.log","eedc46fb3c35518e50bbddf4cf5e6d06","https://ftp.ebi.ac.uk/pub/databases/microarray/data/experiment/MTAB/E-MTAB-1791/E-MTAB-1791.raw.22.zip","SDRF ZIP member (CRC checked)"
"Ge0902","4233291190_E","Ge0902_4233291190_E.qnorm.log.txt","https://www.ebi.ac.uk/biostudies/files/E-MTAB-1791/Ge0902_4233291190_E.qnorm.log.txt",33476542,"0de51acf536dc963b14053712d3331e9",49577,"Ge 902_4233291190_E.mean.qnorm.log","491682d64ae45a1544f3e7d47720934b","https://ftp.ebi.ac.uk/pub/databases/microarray/data/experiment/MTAB/E-MTAB-1791/E-MTAB-1791.raw.22.zip","SDRF ZIP member (CRC checked)"
"Ge0906","4239609055_A","Ge0906_4239609055_A.qnorm.log.txt","https://www.ebi.ac.uk/biostudies/files/E-MTAB-1791/Ge0906_4239609055_A.qnorm.log.txt",33088208,"ce95b17ee18316535d0177cc457104ea",49577,"Ge_906_4239609055_A.mean.qnorm.log","ccffb2f2d932a61d1f8730a7a3181245","https://ftp.ebi.ac.uk/pub/databases/microarray/data/experiment/MTAB/E-MTAB-1791/E-MTAB-1791.raw.22.zip","SDRF ZIP member (CRC checked)"
"Ge0908","4239609055_C","Ge0908_4239609055_C.qnorm.log.txt","https://www.ebi.ac.uk/biostudies/files/E-MTAB-1791/Ge0908_4239609055_C.qnorm.log.txt",33076359,"8b54d6c0bda3affcb59571fef2a21125",49577,"Ge_908_4239609055_C.mean.qnorm.log","be4b1236788b6c30fc8a26298f9dd810","https://ftp.ebi.ac.uk/pub/databases/microarray/data/experiment/MTAB/E-MTAB-1791/E-MTAB-1791.raw.23.zip","SDRF ZIP member (CRC checked)"
"Ge0910","4239609055_F","Ge0910_4239609055_F.qnorm.log.txt","https://www.ebi.ac.uk/biostudies/files/E-MTAB-1791/Ge0910_4239609055_F.qnorm.log.txt",33081297,"4f9eae8180f85611929a152286ae3623",49577,"Ge_910_4239609055_F.mean.qnorm.log","f20f153575e11d865e7350f6260b12cf","https://ftp.ebi.ac.uk/pub/databases/microarray/data/experiment/MTAB/E-MTAB-1791/E-MTAB-1791.raw.23.zip","SDRF ZIP member (CRC checked)"
"Ge0915","4233291142_D","Ge0915_4233291142_D.qnorm.log.txt","https://www.ebi.ac.uk/biostudies/files/E-MTAB-1791/Ge0915_4233291142_D.qnorm.log.txt",33090198,"67e656f2c2f0555f363641ee5ad39d02",49577,"Ge_915_4233291142_D.mean.qnorm.log","380a114df012a0091e45b1deb7bcefd6","https://ftp.ebi.ac.uk/pub/databases/microarray/data/experiment/MTAB/E-MTAB-1791/E-MTAB-1791.raw.23.zip","SDRF ZIP member (CRC checked)"
"Ge0917","4239609035_D","Ge0917_4239609035_D.qnorm.log.txt","https://www.ebi.ac.uk/biostudies/files/E-MTAB-1791/Ge0917_4239609035_D.qnorm.log.txt",33460846,"f15d88e628f13544239c53b0a262f720",49577,"Ge 917_4239609035_D.mean.qnorm.log","3ac46938923f75bf360b6994966ddffb","https://ftp.ebi.ac.uk/pub/databases/microarray/data/experiment/MTAB/E-MTAB-1791/E-MTAB-1791.raw.23.zip","SDRF ZIP member (CRC checked)"
"Ge0939","4233291216_D","Ge0939_4233291216_D.qnorm.log.txt","https://www.ebi.ac.uk/biostudies/files/E-MTAB-1791/Ge0939_4233291216_D.qnorm.log.txt",33090245,"7c9b52de4a6dff666f4e00a520c2e936",49577,"Ge_939_4233291216_D.mean.qnorm.log","087bf10c338bb330d4771dd91c85fb2a","https://ftp.ebi.ac.uk/pub/databases/microarray/data/experiment/MTAB/E-MTAB-1791/E-MTAB-1791.raw.23.zip","SDRF ZIP member (CRC checked)"
"Ge0941","4233291216_F","Ge0941_4233291216_F.qnorm.log.txt","https://www.ebi.ac.uk/biostudies/files/E-MTAB-1791/Ge0941_4233291216_F.qnorm.log.txt",33089362,"0158135850d706323c2f3f92f190b38f",49577,"Ge_941_4233291216_F.mean.qnorm.log","28ad5eed4b4a787468070083067ef568","https://ftp.ebi.ac.uk/pub/databases/microarray/data/experiment/MTAB/E-MTAB-1791/E-MTAB-1791.raw.24.zip","SDRF ZIP member (CRC checked)"
"Ge0944","4233291144_C","Ge0944_4233291144_C.qnorm.log.txt","https://www.ebi.ac.uk/biostudies/files/E-MTAB-1791/Ge0944_4233291144_C.qnorm.log.txt",33091645,"e5901b652712098a595fd3e9bb2b50d0",49577,"Ge_944_4233291144_C.mean.qnorm.log","b8dbaa331159c3cc1d50e116c82467e5","https://ftp.ebi.ac.uk/pub/databases/microarray/data/experiment/MTAB/E-MTAB-1791/E-MTAB-1791.raw.24.zip","SDRF ZIP member (CRC checked)"
"Ge0945","4233291144_D","Ge0945_4233291144_D.qnorm.log.txt","https://www.ebi.ac.uk/biostudies/files/E-MTAB-1791/Ge0945_4233291144_D.qnorm.log.txt",33094697,"08f61faf551b420027191e80648316b4",49577,"Ge_945_4233291144_D.mean.qnorm.log","7826f0b26d88ec662f43db5ce4498cee","https://ftp.ebi.ac.uk/pub/databases/microarray/data/experiment/MTAB/E-MTAB-1791/E-MTAB-1791.raw.24.zip","SDRF ZIP member (CRC checked)"
"Ge0948","4239609056_A","Ge0948_4239609056_A.qnorm.log.txt","https://www.ebi.ac.uk/biostudies/files/E-MTAB-1791/Ge0948_4239609056_A.qnorm.log.txt",33474156,"104103fd8155c341ece98c319e130d92",49577,"Ge 948_4239609056_A.mean.qnorm.log","bbd3d126772aaa16f6de30947a7e869b","https://ftp.ebi.ac.uk/pub/databases/microarray/data/experiment/MTAB/E-MTAB-1791/E-MTAB-1791.raw.24.zip","SDRF ZIP member (CRC checked)"
"Ge0954","4239609056_F","Ge0954_4239609056_F.qnorm.log.txt","https://www.ebi.ac.uk/biostudies/files/E-MTAB-1791/Ge0954_4239609056_F.qnorm.log.txt",33478755,"ad62c4957faddd2f60974732c1fbfdeb",49577,"Ge 954_4239609056_F.mean.qnorm.log","e8db416f2e45886ebf7936ce3b0522b1","https://ftp.ebi.ac.uk/pub/databases/microarray/data/experiment/MTAB/E-MTAB-1791/E-MTAB-1791.raw.24.zip","SDRF ZIP member (CRC checked)"
"Ge0958","4239609015_B","Ge0958_4239609015_B.qnorm.log.txt","https://www.ebi.ac.uk/biostudies/files/E-MTAB-1791/Ge0958_4239609015_B.qnorm.log.txt",33492170,"c5b60611ec1693f6ed441495de671881",49577,"Ge 958_4239609015_B.mean.qnorm.log","bbb4e1dfff83c1bce1170dcdf6b40668","https://ftp.ebi.ac.uk/pub/databases/microarray/data/experiment/MTAB/E-MTAB-1791/E-MTAB-1791.raw.24.zip","SDRF ZIP member (CRC checked)"
"Ge0960","4239609015_D","Ge0960_4239609015_D.qnorm.log.txt","https://www.ebi.ac.uk/biostudies/files/E-MTAB-1791/Ge0960_4239609015_D.qnorm.log.txt",33496694,"e6450cb6bc40da8b8e42be00e042c578",49577,"Ge 960_4239609015_D.mean.qnorm.log","5d81809d9c8f834ea81640c0346cf01b","https://ftp.ebi.ac.uk/pub/databases/microarray/data/experiment/MTAB/E-MTAB-1791/E-MTAB-1791.raw.24.zip","SDRF ZIP member (CRC checked)"
"Ge0961","4239609015_E","Ge0961_4239609015_E.qnorm.log.txt","https://www.ebi.ac.uk/biostudies/files/E-MTAB-1791/Ge0961_4239609015_E.qnorm.log.txt",33492546,"4273f924db66fe85939c24a0985cd7d5",49577,"Ge 961_4239609015_E.mean.qnorm.log","0d55ae42171930ed880236ba48cb0bf9","https://ftp.ebi.ac.uk/pub/databases/microarray/data/experiment/MTAB/E-MTAB-1791/E-MTAB-1791.raw.25.zip","SDRF ZIP member (CRC checked)"
"Ge0971d","4697141074_C","Ge0971d_4697141074_C.qnorm.log.txt","https://www.ebi.ac.uk/biostudies/files/E-MTAB-1791/Ge0971d_4697141074_C.qnorm.log.txt",33485840,"5998179a6bcc86d96fe01d5788463cb4",49577,"Ge 971d_4697141074_C.mean.qnorm.log","274455a52609054b0c0f59eda48902c9","https://ftp.ebi.ac.uk/pub/databases/microarray/data/experiment/MTAB/E-MTAB-1791/E-MTAB-1791.raw.25.zip","SDRF ZIP member (CRC checked)"
"Ge0975","4213572041_E","Ge0975_4213572041_E.qnorm.log.txt","https://www.ebi.ac.uk/biostudies/files/E-MTAB-1791/Ge0975_4213572041_E.qnorm.log.txt",33083325,"2adf07af25c5578f85430667cf377b34",49577,"Ge_975_4213572041_E.mean.qnorm.log","765ad56d306848e0edf9d271cadf855c","https://ftp.ebi.ac.uk/pub/databases/microarray/data/experiment/MTAB/E-MTAB-1791/E-MTAB-1791.raw.25.zip","SDRF ZIP member (CRC checked)"
"Ge0978","4233291150_B","Ge0978_4233291150_B.qnorm.log.txt","https://www.ebi.ac.uk/biostudies/files/E-MTAB-1791/Ge0978_4233291150_B.qnorm.log.txt",33071231,"e5d391f0d9a6b5c48988b1d66d775f10",49577,"Ge_978_4233291150_B.mean.qnorm.log","a2e612e4c746eaa9bc8a0c7d47d4a19e","https://ftp.ebi.ac.uk/pub/databases/microarray/data/experiment/MTAB/E-MTAB-1791/E-MTAB-1791.raw.25.zip","SDRF ZIP member (CRC checked)"
"Ge0979","4233291150_C","Ge0979_4233291150_C.qnorm.log.txt","https://www.ebi.ac.uk/biostudies/files/E-MTAB-1791/Ge0979_4233291150_C.qnorm.log.txt",33067878,"b5024f72fde846968005f3712b5b925c",49577,"Ge_979_4233291150_C.mean.qnorm.log","225a776a7f2195b1f364766a28d77c25","https://ftp.ebi.ac.uk/pub/databases/microarray/data/experiment/MTAB/E-MTAB-1791/E-MTAB-1791.raw.25.zip","SDRF ZIP member (CRC checked)"
"Ge0981","4233291150_E","Ge0981_4233291150_E.qnorm.log.txt","https://www.ebi.ac.uk/biostudies/files/E-MTAB-1791/Ge0981_4233291150_E.qnorm.log.txt",33079258,"f64d277a3f38cacda5f356f0f444fb26",49577,"Ge_981_4233291150_E.mean.qnorm.log","c0f55c3d38328b83d54ac289f0b928ca","https://ftp.ebi.ac.uk/pub/databases/microarray/data/experiment/MTAB/E-MTAB-1791/E-MTAB-1791.raw.26.zip","SDRF ZIP member (CRC checked)"
"Ge0984","4240343014_B","Ge0984_4240343014_B.qnorm.log.txt","https://www.ebi.ac.uk/biostudies/files/E-MTAB-1791/Ge0984_4240343014_B.qnorm.log.txt",33076340,"41e592597605b1f45c1a11be106567c3",49577,"Ge_984_4240343014_B.mean.qnorm.log","e5fa52bc2a5e9bc62516bd7ff962cde1","https://ftp.ebi.ac.uk/pub/databases/microarray/data/experiment/MTAB/E-MTAB-1791/E-MTAB-1791.raw.26.zip","SDRF ZIP member (CRC checked)"
"Ge0985","4240343014_C","Ge0985_4240343014_C.qnorm.log.txt","https://www.ebi.ac.uk/biostudies/files/E-MTAB-1791/Ge0985_4240343014_C.qnorm.log.txt",33081280,"f6663b6209531db934e383bf03737b38",49577,"Ge_985_4240343014_C.mean.qnorm.log","4ec3c3af0884ad6a9eea886af274e81c","https://ftp.ebi.ac.uk/pub/databases/microarray/data/experiment/MTAB/E-MTAB-1791/E-MTAB-1791.raw.26.zip","SDRF ZIP member (CRC checked)"
"Ge0986","4240343014_D","Ge0986_4240343014_D.qnorm.log.txt","https://www.ebi.ac.uk/biostudies/files/E-MTAB-1791/Ge0986_4240343014_D.qnorm.log.txt",33082023,"22d6c517129a46cfc60fdfc9ccb964d6",49577,"Ge_986_4240343014_D.mean.qnorm.log","0f6f2a195f19033be7c9744fe552a6f2","https://ftp.ebi.ac.uk/pub/databases/microarray/data/experiment/MTAB/E-MTAB-1791/E-MTAB-1791.raw.26.zip","SDRF ZIP member (CRC checked)"
"Ge0987","4240343014_E","Ge0987_4240343014_E.qnorm.log.txt","https://www.ebi.ac.uk/biostudies/files/E-MTAB-1791/Ge0987_4240343014_E.qnorm.log.txt",33076448,"5accbba2bf2aac3e97934fa94c29dfe5",49577,"Ge_987_4240343014_E.mean.qnorm.log","aba57b3c3b8a15ae6043dc07309c9655","https://ftp.ebi.ac.uk/pub/databases/microarray/data/experiment/MTAB/E-MTAB-1791/E-MTAB-1791.raw.26.zip","SDRF ZIP member (CRC checked)"
"Ge0988","4240343014_F","Ge0988_4240343014_F.qnorm.log.txt","https://www.ebi.ac.uk/biostudies/files/E-MTAB-1791/Ge0988_4240343014_F.qnorm.log.txt",33086438,"269aca215f0c3f5d0e5a93030d0d948d",49577,"Ge_988_4240343014_F.mean.qnorm.log","7fc719ffe8504f5e2a9ac20ac04687f5","https://ftp.ebi.ac.uk/pub/databases/microarray/data/experiment/MTAB/E-MTAB-1791/E-MTAB-1791.raw.26.zip","SDRF ZIP member (CRC checked)"
"Ge0990","4655274099_B","Ge0990_4655274099_B.qnorm.log.txt","https://www.ebi.ac.uk/biostudies/files/E-MTAB-1791/Ge0990_4655274099_B.qnorm.log.txt",33092348,"d3720cec5ec749b17c88c6468e15e670",49577,"Ge_990_4655274099_B.mean.qnorm.log","cc64160f859d83534b92aa9e7243dc1e","https://ftp.ebi.ac.uk/pub/databases/microarray/data/experiment/MTAB/E-MTAB-1791/E-MTAB-1791.raw.26.zip","SDRF ZIP member (CRC checked)"
"Ge0993","4676008060_D","Ge0993_4676008060_D.qnorm.log.txt","https://www.ebi.ac.uk/biostudies/files/E-MTAB-1791/Ge0993_4676008060_D.qnorm.log.txt",33096317,"eb7a525d92579a14c4b0d49020edea98",49577,"Ge_993_4676008060_D.mean.qnorm.log","716256cd3506d89d2304f853b94ea518","https://ftp.ebi.ac.uk/pub/databases/microarray/data/experiment/MTAB/E-MTAB-1791/E-MTAB-1791.raw.26.zip","SDRF ZIP member (CRC checked)"
"Ge0995","4676008060_F","Ge0995_4676008060_F.qnorm.log.txt","https://www.ebi.ac.uk/biostudies/files/E-MTAB-1791/Ge0995_4676008060_F.qnorm.log.txt",33099775,"efacc488155b07dfe509289919a2b5cb",49577,"Ge_995_4676008060_F.mean.qnorm.log","bbf643a1cdc11b29e3546910e056402f","https://ftp.ebi.ac.uk/pub/databases/microarray/data/experiment/MTAB/E-MTAB-1791/E-MTAB-1791.raw.26.zip","SDRF ZIP member (CRC checked)"
"Ge0998","4676008045_A","Ge0998_4676008045_A.qnorm.log.txt","https://www.ebi.ac.uk/biostudies/files/E-MTAB-1791/Ge0998_4676008045_A.qnorm.log.txt",33096627,"326ff5929338ed9da52b84fa866da938",49577,"Ge_998_4676008045_A.mean.qnorm.log","e34def1b95b4f0767a70ca2e49ceec6c","https://ftp.ebi.ac.uk/pub/databases/microarray/data/experiment/MTAB/E-MTAB-1791/E-MTAB-1791.raw.26.zip","SDRF ZIP member (CRC checked)"
"Ge1005","4676008045_D","Ge1005_4676008045_D.qnorm.log.txt","https://www.ebi.ac.uk/biostudies/files/E-MTAB-1791/Ge1005_4676008045_D.qnorm.log.txt",33099772,"f8e8820ef0008858c8a6c8d000f255e5",49577,"Ge_1005_4676008045_D.mean.qnorm.log","3342a65c97df2ca5c60576268a5760c0","https://ftp.ebi.ac.uk/pub/databases/microarray/data/experiment/MTAB/E-MTAB-1791/E-MTAB-1791.raw.27.zip","SDRF ZIP member (CRC checked)"
"Ge1006","4676008045_E","Ge1006_4676008045_E.qnorm.log.txt","https://www.ebi.ac.uk/biostudies/files/E-MTAB-1791/Ge1006_4676008045_E.qnorm.log.txt",33096285,"a70588c1d77b3ac137b0caea7b889f11",49577,"Ge_1006_4676008045_E.mean.qnorm.log","cf80d52a6eb4a95a6ae27b04f70d96e1","https://ftp.ebi.ac.uk/pub/databases/microarray/data/experiment/MTAB/E-MTAB-1791/E-MTAB-1791.raw.27.zip","SDRF ZIP member (CRC checked)"
"Ge1019","4697141114_D","Ge1019_4697141114_D.qnorm.log.txt","https://www.ebi.ac.uk/biostudies/files/E-MTAB-1791/Ge1019_4697141114_D.qnorm.log.txt",33489801,"efce3e8a7264b91b1f8c76212dbe327c",49577,"Ge 1019_4697141114_D.mean.qnorm.log","1dd26dae07f5dd3961ff1ff0b5760bf8","https://ftp.ebi.ac.uk/pub/databases/microarray/data/experiment/MTAB/E-MTAB-1791/E-MTAB-1791.raw.27.zip","SDRF ZIP member (CRC checked)"
"Ge1021","4697141114_F","Ge1021_4697141114_F.qnorm.log.txt","https://www.ebi.ac.uk/biostudies/files/E-MTAB-1791/Ge1021_4697141114_F.qnorm.log.txt",33489505,"f77e1c7f6e2cea83c55922ad15c56b73",49577,"Ge 1021_4697141114_F.mean.qnorm.log","4bdf093c0a9b635f57965d23e4cff243","https://ftp.ebi.ac.uk/pub/databases/microarray/data/experiment/MTAB/E-MTAB-1791/E-MTAB-1791.raw.27.zip","SDRF ZIP member (CRC checked)"
"Ge1022","4697141013_A","Ge1022_4697141013_A.qnorm.log.txt","https://www.ebi.ac.uk/biostudies/files/E-MTAB-1791/Ge1022_4697141013_A.qnorm.log.txt",33487599,"75ffb138193c0436246f5569ca4c5af6",49577,"Ge 1022_4697141013_A.mean.qnorm.log","82ab0ec461467f56d0e8f0db73bdc996","https://ftp.ebi.ac.uk/pub/databases/microarray/data/experiment/MTAB/E-MTAB-1791/E-MTAB-1791.raw.27.zip","SDRF ZIP member (CRC checked)"
"Ge1023","4697141013_B","Ge1023_4697141013_B.qnorm.log.txt","https://www.ebi.ac.uk/biostudies/files/E-MTAB-1791/Ge1023_4697141013_B.qnorm.log.txt",33485538,"775eb23535d93d9c019d9b8c39fd33a8",49577,"Ge 1023_4697141013_B.mean.qnorm.log","55447805631891dedff479ae5d4e6361","https://ftp.ebi.ac.uk/pub/databases/microarray/data/experiment/MTAB/E-MTAB-1791/E-MTAB-1791.raw.27.zip","SDRF ZIP member (CRC checked)"
"Ge1026","4697141013_D","Ge1026_4697141013_D.qnorm.log.txt","https://www.ebi.ac.uk/biostudies/files/E-MTAB-1791/Ge1026_4697141013_D.qnorm.log.txt",33490341,"7be29c4f57e8cfb7fc0746515f5a4454",49577,"Ge 1026_4697141013_D.mean.qnorm.log","e4887b06bdc1e0c8e50db1ca428efffd","https://ftp.ebi.ac.uk/pub/databases/microarray/data/experiment/MTAB/E-MTAB-1791/E-MTAB-1791.raw.27.zip","SDRF ZIP member (CRC checked)"
