"Gene","Patient_Blocked_F_p","Normal_to_ADM_log2","Normal_to_ADM_p","Normal_to_ADM_CI_low","Normal_to_ADM_CI_high","ADM_to_PDAC_log2","ADM_to_PDAC_p","ADM_to_PDAC_CI_low","ADM_to_PDAC_CI_high","Normal_to_PDAC_log2","Normal_to_PDAC_p","Patient_Blocked_F_BH_FDR_all_targets"
"A2M",0.372837387827651,0.671342295998612,0.172939500346614,-0.347881111959264,1.69056570395649,-0.270062768619487,0.568031874528121,-1.28928617657736,0.749160639338389,0.401279527379125,0.400938679679954,0.633895552153878
"ABCB1",0.468188609878591,0.216914796559816,0.275219692412199,-0.201797209740842,0.635626802860474,-0.198572712124728,0.31551336013536,-0.617284718425386,0.22013929417593,0.0183420844350883,0.924173969933256,0.724379292068448
"ABCF1",0.0009869885081175,-0.25348647231509,0.00637514207529427,-0.417869568968331,-0.0891033756618497,-0.145152169394689,0.0774690687338306,-0.30953526604793,0.0192309272585512,-0.39863864170978,0.000299985520378631,0.0129586620670103
"ABL1",0.602718555029152,-0.0990671476006949,0.38838575945441,-0.343849009664091,0.145714714462701,0.09733910194076,0.396406177575642,-0.147442760122636,0.342120964004156,-0.00172804565993492,0.987759501197195,0.823324373449253
"ACOT12",0.731512527211197,-0.108192744886595,0.502433187303359,-0.45467940556441,0.23829391579122,0.108162329133845,0.502550561188408,-0.23832433154397,0.45464898981166,-3.04157527496004e-05,0.999847785900662,0.889413965463315
"ACSF3",0.0305498660823636,-0.178101600648286,0.0710066376542127,-0.374576238853606,0.0183730375570346,-0.0981813920142647,0.291568758089543,-0.294656030219585,0.0982932461910554,-0.27628299266255,0.0106322151893219,0.115986754069044
"ACTA2",0.000155979020419693,0.334301877086254,0.422062590873835,-0.555465581469801,1.22406933564231,2.20443846603425,0.000254442285740879,1.31467100747819,3.0942059245903,2.5387403431205,8.27195346395906e-05,0.00662003982013815
"ACTB",0.00276383753170974,0.40901551865082,0.234027227582773,-0.310541600313277,1.12857263761492,1.07351785667489,0.00769284483251925,0.353960737710796,1.79307497563899,1.48253337532571,0.000994141961553794,0.0237924693177844
"ACTR3B",0.00317570301706017,-0.233366157953678,0.080873114406174,-0.501179174851616,0.0344468589442608,-0.322809596788148,0.0228679923121694,-0.590622613686087,-0.0549965798902099,-0.556175754741826,0.000940120017449981,0.0263439000278855
"ACVR1B",0.000465697379152436,-0.147763651593977,0.434130514963371,-0.55180671489194,0.256279411703986,-0.864714747753727,0.000758689898443541,-1.26875781105169,-0.460671684455764,-1.0124783993477,0.000232995423554617,0.00894629175740207
"ACVR1C",0.41134370030672,-0.177684658074884,0.227216061428058,-0.485396729063606,0.130027412913837,0.0245596415941106,0.86240252156966,-0.283152429394611,0.332271712582832,-0.153125016480774,0.293480110874104,0.666106701916383
"ACVR2A",0.794264540976065,-0.0659337102991128,0.528916697040096,-0.291151851577642,0.159284430979416,0.0142004105362598,0.891063831219821,-0.211017730742269,0.239418551814789,-0.051733299762853,0.619895330842338,0.913339904785125
"ACY1",0.300365667877345,-0.118303657328475,0.377097854386533,-0.403491060035983,0.166883745379034,0.210535436830803,0.131017799737712,-0.0746519658767054,0.495722839538311,0.0922317795023283,0.48766019435198,0.547107689380698
"ADA",0.315992145774307,-0.0926996633774136,0.322370118458312,-0.291104048432623,0.105704721677796,0.141027568351562,0.144326178886969,-0.0573768167036472,0.339431953406772,0.0483279049741488,0.599198122923942,0.568723536526737
"ADAM12",0.00573877375825719,0.103664637484186,0.690885981277602,-0.460541453068426,0.667870728036799,0.8760158381215,0.00612762880181335,0.311809747568887,1.44022192867411,0.979680475605686,0.0031146738816728,0.0374045075314978
"ADGRE1",0.894783252428395,-0.0675428285227934,0.661231885480274,-0.400831619036331,0.265745961990744,0.0525192695166918,0.732792303203298,-0.280769520996846,0.38580806003023,-0.0150235590061016,0.92198239595664,0.957759199813385
"ADH1A",0.594875852540314,-0.235395668413092,0.512346807251664,-1.00747392811769,0.536682591291502,-0.121092959625939,0.733989931280143,-0.893171219330533,0.650985300078656,-0.356488628039031,0.327819602884584,0.818122404586339
"ADH1B",0.0621768246020053,-0.175024507940704,0.506241121315034,-0.740687125751796,0.390638109870388,-0.492258276560494,0.0812153582862143,-1.05792089437159,0.0734043412505986,-0.667282784501198,0.0252304961222051,0.191031489728383
"ADH1C",0.640637303736687,-0.338281467341998,0.413452844722891,-1.22157918663314,0.545016251949143,0.0143489622725497,0.971838750409071,-0.868948757018592,0.897646681563691,-0.323932505069449,0.432891999417768,0.843784026297167
"ADH4",0.886429950755223,-0.0705095666472307,0.632570211775999,-0.389097756602027,0.248078623307566,0.0316230975718973,0.829414312969016,-0.286965092382899,0.350211287526694,-0.0388864690753335,0.791182318918897,0.954413628989004
"ADH6",0.730467448459163,-0.0932216440899402,0.528826372439605,-0.411579403042011,0.225136114862131,-0.0117701578691525,0.935972027146657,-0.330127916821223,0.306587601082918,-0.104991801959093,0.479325396279197,0.888735395625314
"ADM",0.671114807315252,0.315753631864927,0.426750212387394,-0.533482213043086,1.16498947677294,-0.0326266430977219,0.933472085486263,-0.881862488005735,0.816609201810291,0.283126988767205,0.474667381766706,0.860768195837692
"ADORA2A",0.466317754496977,-0.186490507423849,0.243255311571545,-0.521571245640929,0.148590230793231,0.136544534023466,0.385257365985309,-0.198536204193614,0.471625272240546,-0.0499459734003834,0.746656079979733,0.723403060029854
"AFDN",0.0897659404857439,-0.0813629676712095,0.591088290602473,-0.408004801143389,0.24527886580097,-0.267354577308196,0.0981785292046134,-0.593996410780375,0.0592872561639835,-0.348717544979405,0.0386965564851557,0.243060595528906
"AICDA",0.756055309299418,-0.0920610038824971,0.562248397614182,-0.434285515743548,0.250163507978554,-0.0157823942615236,0.920188616066673,-0.358006906122575,0.326442117599527,-0.107843398144021,0.498607506571489,0.8989652404378
"AIRE",0.60143577661155,-0.138770517453131,0.360824734999113,-0.46164830138748,0.184107266481219,0.0202494916836713,0.891640454966251,-0.302628292250679,0.343127275618021,-0.118521025769459,0.432471397486434,0.822803817328395
"AKAP1",0.0650858614476269,-0.302108053271903,0.0673404788119439,-0.63023040617353,0.026014299629723,-0.072104505523036,0.634957761262026,-0.400226858424662,0.25601784737859,-0.374212558794939,0.0293069325166213,0.196333383705651
"AKR1C4",0.251988036313097,-0.00657668665888816,0.978422407242841,-0.535004624504387,0.521851251186611,0.369167938014515,0.150617967143615,-0.159259999830984,0.897595875860014,0.362591251355627,0.157287664264141,0.49551605667067
"AKT1",0.00494880662407218,-0.370034229146661,0.00472358360727228,-0.598066958351296,-0.142001499942026,-0.0291783044640497,0.781381120308683,-0.257211033668685,0.198854424740586,-0.39921253361071,0.00295735227231484,0.0346551279361805
"AKT2",0.00102070605327636,-0.378708345700876,0.00651177779893036,-0.625203314334374,-0.132213377067377,-0.21631962505312,0.0790405071641439,-0.462814593686619,0.0301753435803784,-0.595027970753996,0.000310695736632715,0.0130264933372683
"AKT3",0.0401333966046532,0.203763337525545,0.0535034508220765,-0.00372419276854657,0.411250867819636,0.0640970663356364,0.506906152140272,-0.143390463958455,0.271584596629728,0.267860403861181,0.0164851417653003,0.138456424959342
"ALCAM",0.0150651067280502,-0.398191609464304,0.0309792546540005,-0.751845269898193,-0.0445379490304143,-0.16062279283694,0.335407398777954,-0.514276453270829,0.19303086759695,-0.558814402301243,0.00553176877959708,0.0710434619604435
"ALDOA",0.195291009284581,-0.0893142376489804,0.706205040561213,-0.602318894646417,0.423690419348457,0.428855747081053,0.0921127964388206,-0.0841489099163844,0.94186040407849,0.339541509432072,0.171057689298036,0.415876420005089
"ALDOC",0.720219684107978,-0.0569189941696655,0.766271831766089,-0.472093236940173,0.358255248600842,0.151894061508144,0.433955764292053,-0.263280181262363,0.567068304278651,0.0949750673384785,0.621315331605093,0.885118467001387
"ALK",0.735313309927337,-0.0697850496810422,0.62642101340307,-0.379423532863188,0.239853433501104,-0.0394949258666755,0.782052752355224,-0.349133409048822,0.270143557315471,-0.109279975547718,0.449882684218125,0.89225185546369
"ALKBH2",0.0815782058004746,-0.134583570570082,0.292081584514562,-0.404207304842367,0.135040163702203,-0.173299833849305,0.182614015553545,-0.44292356812159,0.0963239004229799,-0.307883404419387,0.0291468453118169,0.227396449461431
"ALKBH3",0.0102467334804486,-0.178375581242753,0.161187579158387,-0.441038352241098,0.0842871897555918,-0.274736025376398,0.0420104648683728,-0.537398796374743,-0.0120732543780527,-0.453111606619151,0.00324544775298357,0.0552287341031742
"AMBP",0.000135324950955332,-0.108822423285184,0.745103310734508,-0.834266127440621,0.616621280870252,-1.92495692234087,0.000148567668224864,-2.65040062649631,-1.19951321818544,-2.03377934562606,9.54759701301304e-05,0.00633251373060208
"AMER1",0.0826691439947195,-0.158614011364776,0.178313050670328,-0.402733773796382,0.0855057510668306,-0.118997280084384,0.302914748198677,-0.363117042515991,0.125122482347222,-0.27761129144916,0.0296757213289123,0.228939586935301
"AMH",0.263930831177654,-0.104769466993911,0.454917876764925,-0.405051862007758,0.195512928019937,-0.13023958679852,0.356635631813036,-0.430521981812367,0.170042808215328,-0.235009053792431,0.111795872354808,0.508631221646482
"ANGPT1",0.889241421555919,0.000942959312983827,0.995141688987007,-0.335605318983102,0.33749123760907,0.0632782326540644,0.684118079622571,-0.273270045642022,0.39982651095015,0.0642211919670482,0.679709354901104,0.955751233415519
"ANGPT2",0.0952565443451718,-0.0657626057430496,0.537176326896228,-0.29506698984774,0.163541778361641,0.243703245968903,0.0394080514447447,0.0143988618642132,0.473007630073593,0.177940640225854,0.114492104795901,0.255276348648955
"ANGPTL4",0.0312169656786963,-0.818107514448875,0.104164399917621,-1.83793733990074,0.201722311002989,-0.625302284128899,0.201819146978244,-1.64513210958076,0.394527541322964,-1.44340979857777,0.0102702215484669,0.117813620760959
"ANKRD28",0.001680574530896,-0.446500620486951,0.0129438763111488,-0.776165757688395,-0.116835483285506,-0.301587009662251,0.0688353633571223,-0.631252146863695,0.028078127539194,-0.748087630149201,0.000494750435297444,0.0176037655044833
"ANLN",0.00194543314215393,0.0563207010639467,0.619140820944748,-0.188333996032083,0.300975398159976,0.443348209271228,0.00236998620535389,0.198693512175198,0.688002906367257,0.499668910335174,0.00105727655369569,0.0190882552926394
"ANP32B",0.000861020727527761,-0.511574385856973,0.00882415080821823,-0.86305490523837,-0.160093866475576,-0.362795828697332,0.0442641092584919,-0.714276348078729,-0.0113153093159346,-0.874370214554305,0.000246535584270744,0.0123729356514816
"ANXA1",0.00356348310760463,0.697936113070691,0.143921653614537,-0.282850335471964,1.67872256161335,1.28455812846602,0.0153465531659505,0.303771679923365,2.26534457700868,1.98249424153671,0.00113640173197409,0.0277921225272583
"APC",0.299888768917343,-0.00966431982104352,0.892924074689878,-0.165622225849093,0.146293586207006,-0.0948545696586365,0.205182845724319,-0.250812475686686,0.0611033363694133,-0.10451888947968,0.166238216434805,0.547107689380698
"APH1B",0.775153724312872,-0.0363393911176197,0.487624286462677,-0.148693940000422,0.0760151577651824,0.0206541606567434,0.690735963506067,-0.0917003882260586,0.133008709539545,-0.0156852304608762,0.762143256549355,0.905865796208014
"API5",0.000911981337452983,-0.325158766420441,0.0162425860523997,-0.576275014006742,-0.0740425188341396,-0.297577499791619,0.0247175626370347,-0.54869374737792,-0.0464612522053172,-0.622736266212059,0.000252602061493627,0.0125140296304639
"APLNR",0.0360244245705794,0.13777909821937,0.350278964503885,-0.175530792941994,0.451088989380734,0.285712019620075,0.069586398994103,-0.0275978715412891,0.599021910781439,0.423491117839445,0.0130794595399854,0.130072413342916
"APOA1",0.577769198663906,-0.0783815856954468,0.603135075534512,-0.403719173550266,0.246956002159373,-0.078852907127107,0.600988413035151,-0.404190494981927,0.246484680727713,-0.157234492822554,0.306838745655562,0.804785274416581
"APOA2",0.772801854369069,-0.0709873607843671,0.629406076994317,-0.38874068748184,0.246765965913106,-0.0299981872571332,0.837616940776418,-0.347751513954606,0.28775513944034,-0.1009855480415,0.495040432612969,0.905508379719934
"APOA4",0.851748463574363,-0.0774079642242194,0.589413839588833,-0.386753820413916,0.231937891965477,0.0535625051547775,0.707727246112485,-0.255783351034919,0.362908361344474,-0.0238454590694418,0.867057870989096,0.938105579977799
"APOB",0.674645198592766,-0.0881279337206678,0.420349250588513,-0.321793342250933,0.145537474809598,0.0745602393701218,0.493348221585264,-0.159105169160144,0.308225647900387,-0.013567694350546,0.899625346297776,0.863413385295791
"APOC2",0.15150261495546,0.216631576300245,0.569492899487963,-0.604090029686563,1.03735318228705,0.548491665157023,0.167312690309342,-0.272229940829786,1.36921327114383,0.765123241457268,0.0645004072457437,0.354932313599119
"APOC3",0.328254685202798,-0.127400818597279,0.470236766187201,-0.505631212280331,0.250829575085774,-0.140655777426549,0.42666662782919,-0.518886171109601,0.237574616256503,-0.268056596023828,0.145391052298933,0.586169080719282
"APOE",0.528968471603425,-0.126717075356397,0.314147199216733,-0.393120202217114,0.13968605150432,0.113561064859471,0.364603285873755,-0.152842062001246,0.379964191720188,-0.0131560104969254,0.914559274595332,0.768760673287128
"APOL6",0.0123483290965015,0.576273714296211,0.00710673280439168,0.195398212133566,0.957149216458856,-0.0441651174626499,0.801362788462013,-0.425040619625295,0.336710384699995,0.532108596833561,0.0110069639962919,0.0619514568113948
"APOM",0.0393535729184162,-0.223718996899125,0.12306570921587,-0.519707451039225,0.0722694572409749,-0.176036199186313,0.21459633622486,-0.472024653326412,0.119952254953787,-0.399755196085438,0.0131339125320544,0.137061585068912
"APP",0.165630947810224,-0.298458377799292,0.073017386991198,-0.630457408940565,0.0335406533419819,0.0767617660584313,0.617629626309955,-0.255237265082842,0.408760797199705,-0.22169661174086,0.167624929628192,0.377845599692073
"AQP9",0.882331004619018,-0.0308923149470243,0.854358816431871,-0.396314058474176,0.334529428580127,0.0817695089106023,0.628855271018017,-0.283652234616549,0.447191252437754,0.0508771939635779,0.762761797583577,0.952249605812956
"AR",0.447254840044547,0.0768865789977325,0.464020838325377,-0.148125212547463,0.301898370542928,0.0560064480205786,0.591359432199,-0.169005343524617,0.281018239565774,0.132893027018311,0.217558412668271,0.704870538066751
"AREG",0.0518699188638182,-0.0440120023887037,0.906104272981169,-0.854608231957356,0.766584227179948,0.916343456762371,0.0304492131405435,0.105747227193719,1.72693968633102,0.872331454373667,0.0374539668187685,0.167841492777426
"ARG1",0.456233440842915,-0.145107841884393,0.292062084845063,-0.435803385349491,0.145587701580705,-0.00426997692276015,0.974534939532043,-0.294965520387858,0.286425566542338,-0.149377818807153,0.27888960007653,0.710902370366506
"ARG2",0.0486878575939315,-0.347165018880486,0.0667036741891172,-0.723184155798069,0.0288541180370963,-0.121293345253663,0.488757428995744,-0.497312482171246,0.254725791663919,-0.468458364134149,0.0195880900097843,0.159524847592325
"ARID1A",0.0055862690199935,-0.238289589300391,0.0627153537779491,-0.491854098095132,0.0152749194943511,-0.247456201131964,0.0547554592861649,-0.501020709926706,0.0061083076627777,-0.485745790432355,0.00164119284107986,0.0370094929145756
"ARID1B",0.00482324058248826,-0.162551644918359,0.0630695840127641,-0.335800656707294,0.0106973668705757,-0.176831107285875,0.0462387469251289,-0.35008011907481,-0.0035820954969405,-0.339382752204235,0.00141058782811418,0.0342506383775917
"ARID2",0.0144282629733631,-0.0747942918325261,0.503757767230552,-0.315084364607756,0.165495780942704,-0.297551978066277,0.0201605108600223,-0.537842050841508,-0.0572619052910471,-0.372346269898803,0.00619852472230189,0.0685718227249677
"ARMH3",0.0858636183876206,-0.140361496351635,0.21690506665353,-0.377653895251081,0.0969309025478103,-0.127682705667879,0.25819728016973,-0.364975104567325,0.109609693231566,-0.268044202019515,0.0305495585347842,0.235995637887662
"ARNT",0.1339199832059,-0.0121926019976241,0.878888248822972,-0.185977541767829,0.161592337772581,-0.143807573641802,0.0950067928992578,-0.317592513412007,0.0299773661284023,-0.156000175639426,0.07337384063126,0.325438041745363
"ARNT2",0.139481044701084,-0.0706857710800479,0.424284906357068,-0.259755241754263,0.118383699594167,-0.114082826653083,0.208508391178498,-0.303152297327297,0.0749866440211323,-0.18476859773313,0.0544794266239557,0.334497906149117
"ASCL1",0.94377485545628,0.0259534371406591,0.862072014021736,-0.298433455506526,0.350340329787844,-0.0496549915211488,0.740109496490443,-0.374041884168334,0.274731901126036,-0.0237015543804897,0.873918355600119,0.973052623773054
"ASL",0.502810144568647,0.0065168283514475,0.978139710872106,-0.510328240924191,0.523361897627086,0.240577753318522,0.324098863605039,-0.276267315957116,0.757422822594161,0.24709458166997,0.311813951708615,0.747419827156139
"ASNS",0.00207331013592053,-1.01144239792495,0.00548012736011371,-1.65052763043674,-0.372357165413162,-0.353802678002225,0.245590276626449,-0.992887910514012,0.285282554509563,-1.36524507592717,0.000768711660868588,0.020020058190767
"ASPA",0.728935483722134,-0.106320154473145,0.453398632294012,-0.409992814449605,0.197352505503315,0.0283456856805311,0.839418555294636,-0.275326974295929,0.332018345656991,-0.0779744687926139,0.579872200634869,0.887463147293459
"ASPG",0.735176545513616,-0.121196297568352,0.467368045625297,-0.47862883637826,0.236236241241556,0.0956955851270221,0.564073837913804,-0.261736953682886,0.45312812393693,-0.0255007124413298,0.87686137207549,0.89225185546369
"ASXL1",0.0713577406904568,-0.0263347764061244,0.874248944399256,-0.387717534189504,0.335047981377255,-0.356572920652344,0.052575851397561,-0.717955678435724,0.00480983713103522,-0.382907697058469,0.039895157702478,0.2093695767847
"ATF1",0.0176940620397279,-0.0940735221206791,0.265770510216393,-0.271891136263191,0.0837440920218327,-0.182396095928602,0.0453587974953179,-0.360213710071114,-0.00457848178609033,-0.276469618049281,0.00607887799596857,0.0792038471314589
"ATF2",0.55531312190738,-0.0980927156261711,0.342367370898939,-0.317357397052404,0.121171965800062,0.0920668873906103,0.371536156984507,-0.127197794035623,0.311331568816843,-0.00602582823556077,0.952379661917072,0.788061001151608
"ATF3",0.00159703020684271,-0.812954252130003,0.0151565760687727,-1.4321178282498,-0.193790676010204,-0.605811114363579,0.0542373916227641,-1.22497469048338,0.0133524617562206,-1.41876536649358,0.000460245474976772,0.0170443282309237
"ATG10",0.227236726062486,-0.136149986240056,0.145384097185999,-0.32825520595381,0.0559552334736975,-0.00492146290956311,0.955604541664854,-0.197026682623317,0.187183756804191,-0.141071449149619,0.132836520750202,0.462842661901827
"ATG12",0.510116663251637,0.0554800755820882,0.643740093742304,-0.203774598332651,0.314734749496828,-0.138752231091416,0.260596159501908,-0.398006905006156,0.120502442823323,-0.0832721555093281,0.490565494470673,0.74989197926323
"ATG16L1",0.164359592427549,-0.0748047357690722,0.64439438290395,-0.425060957883918,0.275451486345773,0.313836026068929,0.0738229583862756,-0.0364201960459166,0.664092248183774,0.239031290299857,0.159332314287556,0.376356657691691
"ATG5",0.0794713029538446,-0.165902002077821,0.047381229885811,-0.329476594198759,-0.00232740995688296,0.00541297735093371,0.942676779852111,-0.158161614770004,0.168987569471872,-0.160489024726887,0.0536881164237083,0.223474773329378
"ATG7",0.0245998790165659,-0.176005173413742,0.0214666098666733,-0.320048702884285,-0.0319616439431992,-0.0177533887590528,0.789199239623006,-0.161796918229596,0.12629014071149,-0.193758562172795,0.0134086535467918,0.102499495902358
"ATM",0.00416877384004871,-0.252004166080009,0.0825566063026886,-0.543071979158951,0.039063646998933,-0.32935766351319,0.0303223237943393,-0.620425476592132,-0.0382898504342478,-0.581361829593199,0.00123446917855257,0.0310531112575057
"ATOX1",0.0391905700542035,-0.122829982804503,0.17410014914091,-0.309863018556741,0.0642030529477346,0.253382171759182,0.0129271894524081,0.0663491360069438,0.44041520751142,0.130552188954678,0.150933054572921,0.136870662706957
"ATP11C",0.0124752501136494,0.0599878384664167,0.247170459419293,-0.0487592386319622,0.168734915564796,0.11957145310371,0.0342623841230042,0.010824376005331,0.228318530202089,0.179559291570127,0.00425323421051879,0.0623364907840454
"ATP2A2",0.0391590340793784,0.0111988418568991,0.927207122558565,-0.255136512331696,0.277534196045494,0.306827584038481,0.028039683673276,0.0404922298498858,0.573162938227076,0.31802642589538,0.0238754251384581,0.136870662706957
"ATP5F1D",0.00027925560571253,-0.642180497926646,0.0224518047767936,-1.17283952935297,-0.111521466500326,-0.883516853738458,0.00404315531229451,-1.41417588516478,-0.352857822312138,-1.5256973516651,7.77136169443204e-05,0.00762124153724042
"ATP5ME",0.000189112109752736,-0.494776783532112,0.00238339247518785,-0.768048887619075,-0.221504679445148,-0.327267662448007,0.0235573783099052,-0.600539766534971,-0.0539955583610438,-0.822044445980119,5.34737790602379e-05,0.00742926743106336
"ATR",0.474533642409601,-0.0809158301171558,0.255757194250126,-0.230472342987302,0.0686406827529909,0.017612385694857,0.79834338723312,-0.13194412717529,0.167168898565004,-0.0633034444222988,0.367849430340309,0.727751174283632
"ATRX",0.05868892375428,-0.18311997925144,0.0696965664480582,-0.384021717869366,0.0177817593664852,-0.0546673476731492,0.557828090064946,-0.255569086291075,0.146234390944776,-0.237787326924589,0.0248520385960393,0.183771060586476
"AURKA",0.832260824596461,-0.0712606148412386,0.599493154182155,-0.364052371362388,0.221531141679911,0.067810985777899,0.6170433428566,-0.224980770743251,0.360602742299049,-0.00344962906333962,0.979573144238284,0.929544678634359
"AURKB",0.511028542379881,-0.0617216857770054,0.57955045415311,-0.30189043134101,0.178447059786999,0.129168285576769,0.258411651818283,-0.111000459987235,0.369337031140774,0.0674465997997639,0.545508400085595,0.750303370750832
"AXIN1",0.0766172482717535,-0.214760802693179,0.0424667547767031,-0.420644045480204,-0.00887755990615424,0.015647303525358,0.868905379202218,-0.190235939261667,0.221530546312383,-0.199113499167821,0.0565970671118044,0.218846217322304
"AXIN2",0.00170554231659284,-0.0163970920792987,0.874489204663503,-0.2418434547117,0.209049270553103,0.452873665956667,0.00118660981693032,0.227427303324266,0.678320028589069,0.436476573877369,0.00152792870395584,0.0176037655044833
"AXL",0.000314018843388412,0.442282079160326,0.0383839163033863,0.0288246146411676,0.855739543679485,0.722875516471269,0.00298224166848444,0.30941805195211,1.13633298099043,1.1651575956316,9.15305029097837e-05,0.00795950540533129
"B2M",0.0170284050492494,0.871346239609013,0.0161070430840627,0.199554794402185,1.54313768481584,0.1013512526303,0.74370252083733,-0.570440192576528,0.773142697837128,0.972697492239313,0.00907988276747022,0.0773360506296442
"BAD",0.216748098306164,-0.0835769892285389,0.347817658416301,-0.27261829889357,0.105464320436493,-0.0768421260177859,0.386395998271882,-0.265883435682817,0.112199183647246,-0.160419115246325,0.0879484868049966,0.452369499078972
"BAG1",0.165133796658857,-0.245944948083253,0.113179678324498,-0.561579172295707,0.0696892761291996,-0.0180728070919037,0.901010171441687,-0.333707031304357,0.297561417120549,-0.264017755175157,0.0919448071041227,0.377182952318415
"BAGE",0.00546280632780108,-0.361198889811233,0.0301049303582112,-0.679875610523696,-0.0425221690987702,-0.247930603920671,0.113672607285083,-0.566607324633134,0.0707461167917921,-0.609129493731904,0.00166581836626532,0.0367882713957084
"BAIAP3",0.375601944144509,-0.0897579977902388,0.64160916688283,-0.506480868723202,0.326964873142725,-0.180315934834681,0.357723245883062,-0.597038805767644,0.236406936098283,-0.27007393262492,0.179319238100362,0.636013319480065
"BAMBI",0.194566142058934,-0.105890536862198,0.277792311937155,-0.311458764366494,0.0996776906420974,0.180689887799363,0.0786337933008109,-0.0248783397049328,0.386258115303659,0.0747993509371646,0.436382378742251,0.414816833244807
"BAP1",0.00575937562742082,-0.269865721489394,0.0289117334136072,-0.505758196387407,-0.0339732465913808,-0.176689967518944,0.126089122535781,-0.412582442416957,0.0592025073790689,-0.446555689008338,0.00177732094293057,0.0374051975802242
"BATF",0.293167128224067,0.0707083177987172,0.730096448162394,-0.373319052045522,0.514735687642957,0.245880069463446,0.245477444088533,-0.198147300380794,0.689907439307685,0.316588387262163,0.143223962218095,0.540420088080518
"BATF3",0.279198497065991,-0.0732115818423849,0.346146660233551,-0.238207953798755,0.0917847901139854,0.125682486332,0.120502534919235,-0.0393138856243702,0.29067885828837,0.0524709044896151,0.494773739707924,0.525296141387045
"BAX",0.00142632499078013,0.128290294391767,0.101205016611378,-0.0300643842578087,0.286644973041343,0.236266827552002,0.00769007867347937,0.0779121489024264,0.394621506201578,0.36455712194377,0.000444484103928437,0.0158722140742302
"BBC3",0.146062718360061,-0.199767704758817,0.1267611285218,-0.467003298645663,0.0674678891280295,-0.0439698256341243,0.72154900989084,-0.31120541952097,0.223265768252722,-0.243737530392941,0.0695463067999317,0.345738600528031
"BBS1",0.00322581006150827,-0.0924521558396876,0.329304077060692,-0.293330412017244,0.108426100337869,-0.306811886627011,0.00673529576032024,-0.507690142804567,-0.105933630449454,-0.399264042466699,0.00127684834280549,0.0265184836137504
"BCAT1",7.0499809344415e-05,-1.46705676533143,0.00241820780733373,-2.27914674812251,-0.654966782540358,-1.29892809023097,0.00514788822028555,-2.11101807302204,-0.486838107439894,-2.7659848555624,1.86306033030212e-05,0.00484541925731296
"BCL10",0.262175075725925,0.0452514377086441,0.669757201164292,-0.184244118290325,0.274746993707613,0.128676418812608,0.240005653700371,-0.100819137186361,0.358171974811578,0.173927856521253,0.122175625233704,0.506316945184987
"BCL2",0.0758294240618207,-0.0782502617044277,0.484011540466769,-0.3181390480308,0.161638524621945,-0.193458146542171,0.102571926730089,-0.433346932868543,0.0464306397842021,-0.271708408246598,0.0301959395509767,0.217934958917831
"BCL2A1",0.652409941685744,-0.0182464682895021,0.896575322298498,-0.323165553586076,0.286672617007071,0.119915837567159,0.401446422720059,-0.185003247729414,0.424834922863733,0.101669369277657,0.474615304969404,0.850306712113019
"BCL2L1",0.000940056991218301,0.117871540998917,0.301038843010294,-0.122949517286107,0.35869259928394,0.446135997849674,0.00205149276024827,0.20531493956465,0.686957056134698,0.564007538848591,0.000390806657142595,0.0126147353600985
"BCL6",0.00269422698753737,0.232971136506641,0.151824287608049,-0.101599308902068,0.567541581915351,-0.701592627979816,0.000877601646856486,-1.03616307338853,-0.367022182571107,-0.468621491473175,0.0108577269181926,0.0234141154869319
"BCL6B",0.628208713194101,0.0727853117495995,0.390429282371538,-0.107864770207721,0.25343539370692,-0.00757620936498192,0.927395753570287,-0.188226291322303,0.173073872592339,0.0652091023846175,0.439931553631843,0.839912748409695
"BCOR",0.00747527985410859,-0.475162939795631,0.0360195842213704,-0.91253101703469,-0.0377948625565726,-0.320156004480765,0.133940631884507,-0.757524081719824,0.117212072758293,-0.795318944276396,0.00231726721945931,0.0450243753589048
"BDNF",0.589069294800383,-0.157047283527066,0.334355118566081,-0.502039536045688,0.187944968991555,0.0388193836202399,0.807110045573175,-0.306172868898381,0.383811636138861,-0.118227899906826,0.462753834176974,0.814252877372567
"BID",0.0360639129597346,-0.0880016288074749,0.213322820844555,-0.235523524508576,0.0595202668936265,0.202781133330653,0.0119878658838715,0.0552592376295516,0.350303029031754,0.114779504523178,0.113652060985222,0.130072413342916
"BIRC3",0.0726411802627688,0.785866582736878,0.0417237660344633,0.0358279761071104,1.53590518936665,-0.0425029054978407,0.902026059015864,-0.792541512127608,0.707535701131927,0.743363677239037,0.0517084864924526,0.211892979016937
"BIRC5",0.0139700788800601,-0.169081177358339,0.0753952524028366,-0.358988117966066,0.0208257632493891,0.312747846192761,0.00432135999643397,0.122840905585033,0.502654786800489,0.143666668834423,0.122770031767711,0.0670931419897623
"BIRC7",0.203610966691127,0.0665440942872358,0.62842703207879,-0.230461161277926,0.363549349852397,0.182657255275469,0.200568844565307,-0.114348000289692,0.479662510840631,0.249201349562705,0.0910808084316169,0.43008103496679
"BLK",0.770120666625303,-0.0987158220400781,0.491609928629525,-0.406811842519389,0.209380198439233,0.0298138929352053,0.833623626581235,-0.278282127544106,0.337909913414516,-0.0689019291048728,0.629051703945176,0.905003359041325
"BLM",0.788437402366106,-0.0769198534084896,0.560041903847924,-0.361224354794049,0.20738464797707,0.0772899925332847,0.558188558608164,-0.207014508852275,0.361594493918844,0.000370139124795024,0.997742522536453,0.912840643801848
"BLNK",0.0380472024629873,-0.109509511765479,0.569695703061078,-0.524614548194597,0.305595524663638,-0.426101170220216,0.0452314746216902,-0.841206206649334,-0.0109961337910983,-0.535610681985695,0.0165273383128941,0.134827465038741
"BLVRA",0.16217082009933,-0.132856969509893,0.147167507277703,-0.321240990160096,0.0555270511403098,0.167857098450046,0.0751998953099432,-0.0205269222001565,0.356241119100249,0.0350001289401533,0.687635719677023,0.373217839446755
"BMI1",0.168152086044925,-0.179811407441356,0.128007325626741,-0.421239287862533,0.0616164729798202,-0.0261815758832808,0.813949676285093,-0.267609456304457,0.215246304537896,-0.205992983324637,0.0864640219823692,0.380691821868137
"BMP2",0.894567623163363,0.0738857964525617,0.675713594303819,-0.308210674519447,0.455982267424571,-0.00735376433488137,0.966639455495429,-0.38945023530689,0.374742706637128,0.0665320321176803,0.706167661828005,0.957759199813385
"BMP4",0.0201571464591564,0.0791248354899515,0.708771151947451,-0.379583568545399,0.537833239525302,0.569897823045736,0.0198474096334992,0.111189419010386,1.02860622708109,0.649022658535687,0.0102878273364176,0.0882177273092578
"BMP5",0.402457609716033,-0.153772659616523,0.350723289543879,-0.503789462686606,0.196244143453561,-0.0617390671323358,0.702553531224554,-0.411755870202419,0.288277735937747,-0.215511726748858,0.200083760694766,0.658140804419141
"BMP6",0.357926081293841,-0.134143656045165,0.274794022269109,-0.392837956243301,0.124550644152971,0.164883670128649,0.185982632131672,-0.0938106300694871,0.423577970326785,0.0307400140834841,0.796568234436636,0.61798968624528
"BMP7",0.0460904989385644,-0.0797133134328151,0.537991380763044,-0.358230367937148,0.198803741071518,0.347909274659469,0.0193415899701625,0.0693922201551358,0.626426329163801,0.268195961226654,0.057492463841517,0.152382537251594
"BMP8A",0.448614780346044,-0.00800431752425818,0.976088747636466,-0.588353844598285,0.572345209549769,0.301367397452457,0.274146305178777,-0.27898212962157,0.881716924526484,0.293363079928199,0.286337064505735,0.705794805285802
"BMPR1B",0.910973302519026,0.069009738740054,0.679655841260996,-0.292568169278219,0.430587646758327,-0.0465862381264706,0.779914092727351,-0.408164146144744,0.314991669891802,0.0224235006135834,0.892841380396571,0.961804084821537
"BNIP3",1.43343424898355e-05,-1.21917682040343,0.00740760881488325,-2.03089395683413,-0.407459683972723,-2.06472590739981,0.000207351809810025,-2.87644304383052,-1.25300877096911,-3.28390272780324,4.079743469456e-06,0.0031524133579556
"BNIP3L",0.00467751898805665,0.0494712683866803,0.47640345222128,-0.0995176908030089,0.198460227576369,0.225640492828207,0.00706809313486767,0.0766515336385182,0.374629452017897,0.275111761214888,0.00209605163484603,0.0338639427839585
"BRAF",0.154488826024293,-0.0508996007201393,0.668643860685373,-0.308109402437274,0.206310200996995,-0.18267512498279,0.144625375289769,-0.439884926699924,0.0745346767343446,-0.233574725702929,0.0705791095043509,0.358704971366839
"BRCA1",0.643270223740978,-0.0342729219932326,0.799286636473006,-0.326705785201315,0.25815994121485,0.12219152777767,0.373775654360742,-0.170241335430413,0.414624390985752,0.0879186057844372,0.518103041444117,0.84458140886855
"BRCA2",0.429070505757224,-0.202082850533427,0.244621672595741,-0.566309451577106,0.162143750510253,0.0215096936458167,0.897922677242691,-0.342716907397863,0.385736294689496,-0.18057315688761,0.295181891923115,0.685686228552481
"BRD2",0.000248397878726972,-0.426122576077167,0.0116349158009492,-0.734359873181605,-0.117885278972729,-0.476309509351784,0.00629887319978345,-0.784546806456222,-0.168072212247346,-0.90243208542895,6.69438866746823e-05,0.0074757768587321
"BRD3",0.239634934205071,0.0246373302742286,0.708681832243666,-0.118145818916127,0.167420479464584,-0.110963319503621,0.114022394941193,-0.253746468693976,0.0318198296867347,-0.0863259892293922,0.207672639617899,0.479532626013438
"BRD4",5.57520738425529e-05,-0.289713628060791,0.00268811126621233,-0.452740054212899,-0.126687201908683,-0.281328188616151,0.00323848750946614,-0.444354614768259,-0.118301762464043,-0.571041816676943,1.46124522603349e-05,0.0042394806151108
"BRD7",0.0535074912231571,-0.193057354879436,0.0533685231553302,-0.389509197210773,0.00339448745190141,-0.0393323434580363,0.665026183889282,-0.235784185789373,0.157119498873301,-0.232389698337472,0.0249153647799623,0.171921076553278
"BRIP1",0.446438775199124,-0.132606667650486,0.312768403831253,-0.410555908271424,0.145342572970452,0.151385163738634,0.252801595561754,-0.126564076882304,0.429334404359572,0.0187784960881473,0.883335667681884,0.704192536506828
"BST1",0.00169320147954031,0.0115420944319403,0.849672564510629,-0.12067530611655,0.143759494980431,0.255221958702593,0.00155893156977685,0.123004558154102,0.387439359251083,0.266764053134533,0.00115102943305064,0.0176037655044833
"BST2",0.0164482144241224,0.530776013066088,0.0532977898752327,-0.00913919070520652,1.07069121683738,0.325982722231336,0.208247467172517,-0.213932481539958,0.86589792600263,0.856758735297424,0.00539530038997748,0.0754220887538277
"BTK",0.29513732960972,0.0419625076482325,0.713932546700327,-0.205935905080859,0.289860920377323,0.135037910128231,0.252736083644626,-0.11286050260086,0.382936322857322,0.177000417776463,0.14271637437998,0.541876887864929
"BTLA",0.94541564610279,0.0137834972157762,0.907086511432667,-0.24277372495113,0.270340719382682,0.0244145686790452,0.836339241777115,-0.232142653487861,0.280971790845951,0.0381980658948213,0.746932658699878,0.973143572553633
"C1QA",0.0811255071325043,0.705131409061313,0.0878368013589028,-0.125471663146807,1.53573448126943,0.201740179038752,0.600231575446011,-0.628862893169368,1.03234325124687,0.906871588100065,0.035284852552132,0.226729020699572
"C1QB",0.182443105033147,0.374279923139131,0.182946566854543,-0.208517923292629,0.957077769570891,0.133655130261885,0.620451181641462,-0.449142716169875,0.716452976693645,0.507935053401016,0.0808227804295665,0.400101284704944
"C1QBP",0.000368731304666455,-0.415414567679238,0.0110806605287557,-0.713137050117412,-0.117692085241065,-0.414773846349364,0.0111715124105723,-0.712496328787538,-0.117051363911191,-0.830188414028603,9.97348718369725e-05,0.00804790788841835
"C1R",0.00745501916779719,0.880328424206425,0.0127758338315659,0.231998814930187,1.52865803348266,0.24925601134406,0.411708139630603,-0.399073597932178,0.897585620620298,1.12958443555049,0.00304856578888469,0.0450243753589048
"C1S",0.00096030705131598,0.891941897690083,0.00464438330856433,0.343830707767729,1.44005308761244,0.432089446176537,0.109523382718397,-0.116021743745816,0.980200636098891,1.32403134386662,0.000309059340638402,0.0126997128163164
"C2",0.000221094728329709,0.245118182941951,0.0629868687086855,-0.0160333858776957,0.506269751761599,0.51508745958446,0.00134612270293569,0.253935890764813,0.776239028404107,0.760205642526411,7.01848564715859e-05,0.0074757768587321
"C3",0.126083988226648,1.46765389617822,0.0710968377429125,-0.15201362093246,3.08732141328891,-1.38030614273083,0.0867861665535667,-2.99997365984152,0.23936137437985,0.0873477534473903,0.90673455315294,0.312640324067435
"C3AR1",0.623690528654788,0.15549662737055,0.34332962199939,-0.192808577938741,0.503801832679841,-0.0740764116878322,0.645766762205059,-0.422381616997123,0.274228793621459,0.0814202156827179,0.613806796740574,0.838170261262878
"C4A/B",0.112436798285305,1.14070738853375,0.0936295790500163,-0.231157153206524,2.51257193027403,-1.33364530871746,0.0555379177445004,-2.70550985045774,0.038219233022811,-0.192937920183713,0.76044277603483,0.289736650088293
"C4BPA",0.0185208541923046,0.551500317674921,0.135924039676292,-0.206213947998002,1.30921458334784,-1.18709278633938,0.00581550273680845,-1.9448070520123,-0.429378520666457,-0.635592468664459,0.0911536156663786,0.0824403875633068
"C5",0.00396158940870567,-0.515041781656816,0.0474407591890876,-1.02302432058816,-0.00705924272547742,-0.510359768618281,0.0491236016176695,-1.01834230754962,-0.00237722968694176,-1.0254015502751,0.00114723163118429,0.0301245861286994
"C5AR1",0.724494882787336,0.0304971834899256,0.843927905816224,-0.305813356260572,0.366807723240423,0.0880884480315641,0.572411737411483,-0.248222091718933,0.424398987782061,0.11858563152149,0.450281820063686,0.886897424784278
"C6",0.000321718527302077,0.0833274489467918,0.81614296161542,-0.694422217997515,0.861077115891098,-1.95089001157546,0.000231190360360615,-2.72863967851976,-1.17314034463115,-1.86756256262867,0.000323468487267614,0.00797603097919787
"C7",0.0522564133936435,-0.201593050613564,0.75878220879441,-1.62476900798169,1.22158290675456,-1.4584749869632,0.0455215323338512,-2.88165094433133,-0.0352990295950817,-1.66006803757677,0.0265361038208075,0.168792839722831
"C8A",0.695080117248042,-0.109858753228217,0.405605472376704,-0.391778518734809,0.172061012278375,0.0520543273912053,0.689451402344747,-0.229865438115387,0.333974092897797,-0.0578044258370119,0.657538776022738,0.875463836513778
"C8B",0.804702183774542,-0.0978705004142973,0.521866311623841,-0.426417989144198,0.230676988315603,0.0412731638145087,0.785254289415734,-0.287274324915392,0.369820652544409,-0.0565973365997885,0.709138353196911,0.91671753145352
"C8G",0.549469991931183,-0.0893180824151928,0.585014157664334,-0.442019724930505,0.26338356010012,-0.0892295374190891,0.585380602530461,-0.441931179934402,0.263472105096223,-0.178547619834282,0.285677154967896,0.782812439714605
"C9",0.737000480284721,-0.040453246109206,0.78130051495051,-0.356481257361469,0.275574765143057,0.11115574440865,0.451380368427871,-0.204872266843613,0.427183755660913,0.0707024982994441,0.62892381600663,0.893111471792573
"CACNA1C",0.402410880423068,0.115494793615782,0.37084504046553,-0.159151457942843,0.390141045174408,0.0551683415569517,0.664004527076351,-0.219477910001674,0.329814593115577,0.170663135172734,0.196303257581755,0.658140804419141
"CACNA1D",0.508136251134371,0.0612398894948323,0.62995121014033,-0.213323807019506,0.335803586009171,0.0864270126765546,0.499067065325299,-0.188136683837784,0.360990709190893,0.147666902171387,0.258410989385305,0.74989197926323
"CACNA1E",0.803918412672722,-0.095504407000063,0.545294227380858,-0.435398752485572,0.244389938485446,0.0785142735390368,0.617952000656702,-0.261380071946472,0.418408619024546,-0.0169901334610263,0.913521276291816,0.916396691522622
"CACNA1G",0.660443570867283,-0.118159897262098,0.438478419663078,-0.44443016740818,0.208110372883984,0.000423311650066954,0.997750298547775,-0.325846958496015,0.326693581796149,-0.117736585612031,0.440070523170461,0.853618637983563
"CACNA1H",0.250809903979156,0.0619611960801426,0.599575824772246,-0.19268011291855,0.316602505078835,0.137349397165593,0.257120451185751,-0.1172919118331,0.391990706164286,0.199310593245736,0.111761921609628,0.494841161904821
"CACNA2D1",0.00559846575664716,-0.0309725106128504,0.785445970821651,-0.277750201139061,0.21580517991336,0.42390113387289,0.00333313281370556,0.17712344334668,0.6706788243991,0.392928623260039,0.00528824088845516,0.0370094929145756
"CACNA2D2",0.387840954082954,-0.122758073876514,0.476894906900326,-0.492882874403406,0.247366726650379,-0.117116632368258,0.496879380323315,-0.48724143289515,0.253008168158635,-0.239874706244771,0.179318382018669,0.645447849491615
"CACNA2D3",0.609801138171799,-0.114777233558941,0.391164447894944,-0.400109057971932,0.17055459085405,0.111321136242243,0.405064743212072,-0.174010688170748,0.396652960655234,-0.00345609731669818,0.978999937092125,0.83051274415189
"CACNA2D4",0.922180049825179,-0.049111173535718,0.695431475878231,-0.320643013558585,0.22242066648715,0.02779615632652,0.824172539264721,-0.243735683696348,0.299327996349387,-0.021315017209198,0.864643334842383,0.964565535908876
"CACNB2",0.0822641804220748,-0.125630096395422,0.457752510081085,-0.48804178256541,0.236781589774566,-0.278854641248131,0.117220080305657,-0.641266327418119,0.0835570449218569,-0.404484737643553,0.0321656039039639,0.228511612283541
"CACNB3",0.00327754985768149,0.233871096018311,0.169791960038422,-0.118328655160415,0.586070847197036,0.483020364586581,0.0121319936045324,0.130820613407855,0.835220115765307,0.716891460604892,0.00108250294529466,0.0266677595225949
"CACNB4",0.788794353575624,-0.0708555764204743,0.60468332105399,-0.366234025803774,0.224522872962825,0.0868042799818964,0.527373857092762,-0.208574169401403,0.382182729365196,0.0159487035614221,0.906623253929373,0.912840643801848
"CACNG1",0.924161892035425,-0.0368107074829931,0.823340504919624,-0.394676569023142,0.321055154057156,-0.0269782245337436,0.869954295328405,-0.384844086073893,0.330887637006405,-0.0637889320167368,0.699592837349408,0.965423842567058
"CACNG4",0.018687100582433,-0.174640906867649,0.209750737130639,-0.464930766875675,0.115648953140376,0.450646328296369,0.00613337088480909,0.160356468288343,0.740936188304395,0.27600542142872,0.0601755694545073,0.0829780013696844
"CACNG6",0.327581440851578,-0.0473218808319032,0.730980362539126,-0.345511634632772,0.250867872968966,0.202300928636009,0.161564428193554,-0.0958888251648603,0.500490682436878,0.154979047804106,0.273758195839452,0.586113852504049
"CALML3",0.616613121277844,-0.142270054267238,0.411453140200079,-0.512113986015044,0.227573877480567,-0.00502361044224886,0.976451276530585,-0.374867542190054,0.364820321305556,-0.147293664709487,0.395717233172359,0.83385341381883
"CALML5",0.873511901738813,-0.0851907160645173,0.624748984886607,-0.461337797375859,0.290956365246825,0.0221786400851702,0.898082619516089,-0.353968441226172,0.398325721396512,-0.0630120759793472,0.716747593858291,0.948058471262929
"CALML6",0.980788388855958,-0.00789705252781674,0.954084206620948,-0.305932789997352,0.290138684941719,0.0257395552805383,0.851256346587189,-0.272296182188997,0.323775292750074,0.0178425027527216,0.896529596825163,0.988370408427457
"CAMK2B",0.489516423727648,-0.128463939936034,0.418963467762785,-0.468029189343185,0.211101309471117,-0.0556609884275182,0.722544084547905,-0.395226237834669,0.283904260979633,-0.184124928363552,0.254773192640723,0.73954261035013
"CAMP",0.825480616947929,-0.0570770057029909,0.663866676027696,-0.341099846828038,0.226945835422056,0.0767256717612777,0.56063394519767,-0.207297169363769,0.360748512886325,0.0196486660582868,0.88056393213944,0.926508072527657
"CAPN2",0.00808183667812541,0.101228725326972,0.601455894687044,-0.31697354716316,0.519430997817103,0.597959941193941,0.00972208080309621,0.179757668703809,1.01616221368407,0.699188666520912,0.0039413403693666,0.0477325305423264
"CARD11",0.000387928839444688,0.362350867299202,0.149857288130058,-0.155244782654778,0.879946517253182,1.02048588713657,0.00134978133599999,0.502890237182589,1.53808153709055,1.38283675443577,0.000140709313671969,0.00823221083705297
"CARD9",0.622664237790837,0.024043190730423,0.840077007072815,-0.234613465935499,0.282699847396345,0.086015011244792,0.475758829015659,-0.17264164542113,0.344671667910714,0.110058201975215,0.365440795471196,0.838170261262878
"CASP1",0.0583211423358566,0.173484667206501,0.0656317119153142,-0.0135399184425048,0.360509252855507,0.046937535856035,0.588331914810803,-0.140087049792971,0.233962121505041,0.220422203062536,0.0253343904595779,0.183499299523998
"CASP10",0.188547312383865,0.277005519153334,0.162453025494027,-0.132254642745499,0.686265681052168,0.0680801678445894,0.718629346714326,-0.341179994054244,0.477340329743423,0.345085686997924,0.0897075392536575,0.406256015467005
"CASP12",0.792155508559688,-0.0682842160796732,0.627971656142796,-0.372647575931659,0.236079143772312,-0.0222379903057098,0.873921335312709,-0.326601350157695,0.282125369546276,-0.090522206385383,0.522514291577993,0.913264155321895
"CASP3",0.0744827851172653,-0.0132026335675475,0.915980472471262,-0.285092004588731,0.258686737453636,0.282155280468443,0.0433397015519934,0.0102659094472595,0.554044651489626,0.268952646900895,0.0520808080867532,0.215763623553983
"CASP7",0.0679527766905511,0.0429796840996329,0.672400048256417,-0.176880767849088,0.262840136048354,-0.246487768817798,0.0315553803611732,-0.466348220766518,-0.0266273168690769,-0.203508084718165,0.0661187114372639,0.201321132240675
"CASP8",0.00858090139396183,0.137981627828358,0.325272414865391,-0.159208020516511,0.435171276173226,0.375829235069516,0.0182316006145032,0.0786395867246479,0.673018883414385,0.513810862897874,0.00320057220304928,0.0497147461713661
"CASP9",0.0161231706753401,-0.209309818769367,0.0593340593631762,-0.428586544538449,0.00996690699971375,-0.140982409300198,0.182492289695224,-0.360259135069279,0.0782943164688833,-0.350292228069565,0.00518618465515335,0.074493130335432
"CBL",0.172788161656239,0.0805584672959417,0.40501049961931,-0.125899569846194,0.287016504438078,0.108790883843255,0.267560241991256,-0.0976671532988807,0.315248920985391,0.189349351139197,0.0682468239487198,0.387238602387504
"CBLC",0.284313623630625,0.128519095640737,0.712395000769119,-0.626446304788882,0.883484496070356,0.419344174094575,0.244129599191028,-0.335621226335044,1.17430957452419,0.547863269735313,0.136968108252694,0.53054433857453
"CCL1",0.736073831297233,-0.12125698558747,0.472524964680476,-0.483161011645349,0.240647040470408,0.0221858497587636,0.894064178810027,-0.339718176299115,0.384089875816642,-0.0990711358287067,0.555499403702205,0.892581223998306
"CCL11",0.627950616116448,-0.112793864057192,0.457934635311732,-0.43831183499422,0.212724106879837,-0.0215118701637056,0.885863752042588,-0.347029841100734,0.304006100773323,-0.134305734220897,0.379574677630722,0.839912748409695
"CCL13",0.679741553808203,-0.148760203807482,0.397008397571945,-0.52334792150941,0.225827513894446,0.0948112880088356,0.585205934780555,-0.279776429693092,0.469399005710764,-0.0539489157986462,0.754891010608971,0.867502332657321
"CCL14",0.954891642473624,-0.0132668435037439,0.93113091368341,-0.346817099318896,0.320283412311408,0.0444056941613797,0.772816152049027,-0.289144561653773,0.377955949976532,0.0311388506576358,0.839396707574345,0.974268437333423
"CCL15",0.0228133323658817,-0.415504375318579,0.0233440014611637,-0.761767260564934,-0.0692414900722246,-0.0664334319544929,0.678083574558035,-0.412696317200848,0.279829453291862,-0.481937807273072,0.0112280223358537,0.0970497239341121
"CCL16",0.588287747052553,-0.0428239831508164,0.815276715604506,-0.440614265747179,0.354966299445546,-0.137911678698744,0.45769678301728,-0.535701961295107,0.259878603897619,-0.18073566184956,0.335236975287024,0.813969020751258
"CCL17",0.575133981362886,-0.0604848261172717,0.832866037705968,-0.68265149345189,0.561681841217347,0.286493452839423,0.329066747348811,-0.335673214495196,0.908660120174041,0.226008626722151,0.437122833022998,0.803579353858537
"CCL18",0.321240057469975,-0.0461316472724606,0.918639551657708,-1.02732745875093,0.935064164206007,0.630716156142003,0.182578842473849,-0.350479655336464,1.61191196762047,0.584584508869542,0.213851221743767,0.576463229973161
"CCL19",0.504000140138671,0.172763743841743,0.295760539818981,-0.176152889951165,0.521680377634652,-0.018366144257038,0.908957225621303,-0.367282778049946,0.330550489535871,0.154397599584705,0.347405207233298,0.747419827156139
"CCL2",0.235434835365191,0.304263665367855,0.680553070690554,-1.29471466122438,1.90324199196009,-1.25947216590937,0.109781032192402,-2.85845049250161,0.339506160682866,-0.955208500541519,0.212718244022115,0.472682700265648
"CCL20",0.0974178672566954,0.00540255524438119,0.975540464546671,-0.377523725129838,0.3883288356186,0.359767501056068,0.0627711717510445,-0.0231587793181505,0.742693781430287,0.365170056300449,0.0595384120076202,0.259543952910174
"CCL21",0.122748066483812,0.148222406765611,0.329457961912797,-0.173940020369857,0.470384833901079,0.18132759547702,0.238329196240658,-0.140834831658448,0.503490022612489,0.329550002242631,0.045845473808802,0.307291112939583
"CCL22",0.477199406200862,-0.0590788996288268,0.754808610634713,-0.469142885936322,0.350985086678669,0.224198905817531,0.251103239927528,-0.185865080489965,0.634262892125026,0.165120006188704,0.390699743570434,0.728157718000721
"CCL23",0.898947359648312,-0.0336421273573278,0.830787794851283,-0.375371696383366,0.308087441668711,0.0711374085031249,0.652702418767148,-0.270592160522913,0.412866977529163,0.0374952811457971,0.811805339135032,0.959699881747316
"CCL24",0.486571941777005,-0.0554060640864634,0.746839718980663,-0.42739853739298,0.316586409220053,0.201178272771919,0.255942833881991,-0.170814200534597,0.573170746078435,0.145772208685455,0.403067437105812,0.737536373540725
"CCL25",0.82945370357067,-0.0284647750234745,0.858358602586429,-0.374802273091744,0.317872723044795,-0.0651234412398977,0.684097027704836,-0.411460939308167,0.281214056828372,-0.0935882162633721,0.560514901717755,0.927287330078492
"CCL26",0.768106425014345,-0.10915827824646,0.536735259882085,-0.489356545745182,0.271039989252262,0.000771591222092124,0.99648100740974,-0.37942667627663,0.380969858720814,-0.108386687024368,0.539561948626593,0.904741178462549
"CCL27",0.312758291609406,-0.0344902412424654,0.805933846496483,-0.339107774564122,0.270127292079192,-0.171947461759475,0.237070305294174,-0.476564995081132,0.132670071562182,-0.206437703001941,0.161976046157114,0.565132556620957
"CCL28",0.772249792938238,-0.0169422842034745,0.922967349162716,-0.397620295534757,0.363735727127808,-0.0982917567750662,0.577796630282948,-0.478969768106348,0.282386254556216,-0.115234040978541,0.515299144196318,0.905508379719934
"CCL3",0.17717386256859,-0.187251023477798,0.135547331108552,-0.444240515531029,0.069738468575433,-0.0287112243623486,0.808452377749893,-0.28570071641558,0.228278267690883,-0.215962247840147,0.0906457569929859,0.393360461298877
"CCL3L1",0.699498170688787,-0.0995948196904195,0.497979883655173,-0.415171238213804,0.215981598832965,-0.0110965923343104,0.939096887131043,-0.326673010857695,0.304479826189074,-0.11069141202473,0.452590816955673,0.876524052319896
"CCL4",0.834904568156753,-0.0404331907302014,0.789051922176368,-0.368255577849333,0.287389196388931,-0.0486289303431969,0.747827331327064,-0.376451317462329,0.279193456775935,-0.0890621210733983,0.558442329627977,0.930788538110003
"CCL5",0.0698917643139302,0.381221129428263,0.030087970214433,0.0449230667130469,0.71751919214348,-0.295712448767972,0.0785353282294298,-0.632010511483188,0.0405856139472449,0.0855086806602918,0.583519581696095,0.206583127956101
"CCL7",0.864562870050262,-0.0865131155212859,0.60085051001824,-0.443318657494971,0.270292426452399,0.051428934430235,0.754702479672033,-0.30537660754345,0.40823447640392,-0.0350841810910509,0.830987183637087,0.943438455077663
"CCL8",0.986122304050342,0.00922886756052519,0.953044175655558,-0.331345243338898,0.349802978459948,0.0160389097315481,0.918505111005923,-0.324535201167875,0.356613020630971,0.0252677772920733,0.871994520309613,0.992102097514815
"CCNA1",0.490701608181816,-0.154952250325162,0.245488915069999,-0.434783113700642,0.124878613050318,0.087161772631354,0.503471878697175,-0.192669090744126,0.366992636006834,-0.0677904776938076,0.601162200700101,0.739639164623709
"CCNA2",0.00158380144436149,-0.0312929237165527,0.700246043496481,-0.207256339484664,0.144670492051558,0.365426282663791,0.000940165529436836,0.18946286689568,0.541389698431902,0.334133358947238,0.00174112441418517,0.0170025743291748
"CCNB1",0.0329554198392961,-0.0424312456170332,0.63804095014805,-0.237315231207588,0.152452739973522,0.255336303337366,0.0153188333203964,0.0604523177468106,0.450220288927921,0.212905057720332,0.0351978602599722,0.121748261552056
"CCNB3",0.738414587637508,-0.110529165918066,0.451343298509351,-0.424749236543121,0.20369090470699,0.0680641035174051,0.639739917221678,-0.24615596710765,0.38228417414246,-0.0424650624006605,0.769490813273213,0.894130728225206
"CCND1",0.273759797038232,-0.663019591290834,0.118247744990671,-1.52744500995838,0.201405827376706,0.396116963855482,0.331306209143015,-0.468308454812058,1.26054238252302,-0.266902627435352,0.507117277641774,0.518269325305781
"CCND2",0.00529752063802562,-0.7438723205924,0.0376366396718383,-1.43592245692125,-0.0518221842635537,-0.589897738155109,0.0867301016839752,-1.28194787448395,0.102152398173738,-1.33377005874751,0.00157567269552122,0.0361640676478274
"CCND3",0.00659004754393683,0.212085275273061,0.0301096669195875,0.0249609560620037,0.399209594484119,0.134369142745406,0.140688647113005,-0.0527551764656515,0.321493461956463,0.346454418018467,0.00205950434304521,0.0417514639204508
"CCNE1",0.52176237940312,-0.170588481711953,0.269251279209789,-0.495543532616703,0.154366569192796,0.0668353666316291,0.656552959211272,-0.25811968427312,0.391790417536378,-0.103753115080324,0.493090788260129,0.763605727674975
"CCNE2",0.131385227054772,-0.132811820523868,0.0494468395767925,-0.265233736198279,-0.000389904849456446,0.0722761885860766,0.251864783292063,-0.0601457270883347,0.204698104260488,-0.0605356319377911,0.332414092056055,0.320988004518016
"CCNO",0.135292842839155,-0.136213024469239,0.393053895144179,-0.47623988648251,0.203813837544031,-0.200230750784927,0.218812877266154,-0.540257612798197,0.139796111228344,-0.336443775254166,0.0520290630501507,0.327032368452261
"CCR1",0.842710739427453,-0.0347944145697664,0.693117052558733,-0.225630122343461,0.156041293203928,-0.0143460055909939,0.870315878326483,-0.205181713364689,0.176489702182701,-0.0491404201607604,0.578812804653193,0.935996523574119
"CCR2",0.977004157681328,-0.00250397205556161,0.982778581317693,-0.254599065058392,0.249591120947268,-0.019796759171365,0.864592540163821,-0.271891852174195,0.232298333831465,-0.0223007312269266,0.847694132712183,0.986218905811096
"CCR3",0.631171916958702,-0.126863892656074,0.390359579464968,-0.441686627366102,0.187958842053954,0.112049683913259,0.446170542969825,-0.202773050796769,0.426872418623286,-0.0148142087428157,0.918570654192032,0.842639903767104
"CCR4",0.970953380897167,-0.0122136853452897,0.93093315139097,-0.318404020968862,0.293976650278283,0.0330429626882715,0.814836997909765,-0.273147372935301,0.339233298311844,0.0208292773429818,0.88253712367473,0.984099979457141
"CCR5",0.96609293690663,0.0207809737636764,0.854645177258423,-0.225525451082391,0.267087398609744,-0.0280140817616144,0.805076686780695,-0.274320506607682,0.218292343084453,-0.00723310799793801,0.949119507091283,0.982080009680319
"CCR6",0.836860867588531,0.00497717843319427,0.966248307965731,-0.25063447844793,0.260588835314319,0.0571821709578513,0.628946602482927,-0.198429485923273,0.312793827838976,0.0621593493910456,0.599795416975493,0.932399928784535
"CCR7",0.858363402862099,-0.0267596402624577,0.847545253899818,-0.328960124811605,0.27544084428669,-0.0477933943642079,0.731864653797661,-0.349993878913355,0.25440709018494,-0.0745530346266656,0.594599157402298,0.94054641837716
"CCR9",0.610846187931842,-0.101749448671579,0.505754424696844,-0.43020925334817,0.226710356005011,-0.0446296476384198,0.768284681670499,-0.37308945231501,0.28383015703817,-0.146379096309999,0.34414027639141,0.83069619446767
"CCRL2",0.832869382666337,-0.0488872874634012,0.624217530596333,-0.264406926078292,0.16663235115149,0.0531063110050797,0.595026203940288,-0.162413327609811,0.268625949619971,0.00421902354167857,0.966067451214971,0.929655427135208
"CD14",0.612035601851133,0.280125212859444,0.341466115302515,-0.344809379431319,0.905059805150207,-0.0951163294011048,0.741527714150802,-0.720050921691868,0.529818262889658,0.185008883458339,0.524391371911462,0.831693948904183
"CD160",0.450776540486848,-0.179448763126539,0.221742437654247,-0.48628149477518,0.127383968522101,0.0692525923901196,0.625928864040423,-0.237580139258521,0.37608532403876,-0.11019617073642,0.442181093309899,0.707366454332328
"CD163",0.467208809446501,0.41543287379207,0.24609658126674,-0.335839784941193,1.16670553252533,-0.104142265662394,0.763761474188818,-0.855414924395656,0.647130393070869,0.311290608129676,0.377624751682679,0.723816703938764
"CD164",0.183589263744336,-0.137234827380946,0.358113141763784,-0.454663056513419,0.180193401751526,-0.148877626033651,0.320615184072848,-0.466305855166123,0.168550603098821,-0.286112453414597,0.0723768866506353,0.40102701575461
"CD180",0.682299126342342,-0.0187915136207291,0.854448811244374,-0.241213465479316,0.203630438237858,0.0847179327414047,0.415916654117975,-0.137704019117182,0.307139884599992,0.0659264191206756,0.523901358111667,0.868005844982822
"CD19",0.950372389069282,-0.0541498636922448,0.756557693491926,-0.432805386159215,0.324505658774725,0.0229289116613242,0.895350947124251,-0.355726610805646,0.401584434128294,-0.0312209520309206,0.857908945586226,0.973248548984443
"CD1A",0.523184704715634,-0.0691266698847989,0.636739018640238,-0.385380940109591,0.247127600339993,0.166158905656939,0.268877760719663,-0.150095364567853,0.482413175881731,0.0970322357721404,0.509737762627023,0.764167345808724
"CD1B",0.91081550086876,-0.0557807991175774,0.680045714999532,-0.3484258382423,0.236864240007145,0.0381985418412739,0.777119497853287,-0.254446497283449,0.330843580965997,-0.0175822572763035,0.896163009825317,0.961804084821537
"CD1C",0.200088868803853,-0.118335462740993,0.422761363027609,-0.433784249833417,0.197113324351432,0.274950962322912,0.0808011472417907,-0.0404978247695121,0.590399749415337,0.15661549958192,0.294525909175955,0.423622025019758
"CD1D",0.878710733598819,-0.0612022057750088,0.629641204374165,-0.33534562060961,0.212941209059592,0.0177546434699152,0.888127702757308,-0.256388771364686,0.291898058304516,-0.0434475623050935,0.731324382551396,0.949465416706835
"CD1E",0.695301354512766,-0.000866325124774768,0.994914815218589,-0.29626844467328,0.294535794423731,0.100121009875184,0.467551244464182,-0.195281109673321,0.39552312942369,0.0992546847504095,0.471309110954321,0.875463836513778
"CD2",0.672106673462307,0.108075900063792,0.452415228730821,-0.19992059322543,0.416072393353015,-0.109650193254842,0.446049543635151,-0.417646686544064,0.198346300034381,-0.00157429319104922,0.991137171335599,0.860768195837692
"CD200",0.21014441014841,-0.0108955635314237,0.917781508023674,-0.240210152736079,0.218419025673231,0.175734283151877,0.118527751065559,-0.0535803060527779,0.405048872356532,0.164838719620453,0.14031384177472,0.442100374178728
"CD207",0.336531387062517,-0.211369954612251,0.154770331937539,-0.517343272242488,0.0946033630179871,0.135848426135914,0.345864864529066,-0.170124891494323,0.441821743766152,-0.0755215284763363,0.594417626528947,0.593400754965307
"CD209",0.151874660310224,-0.266509297386063,0.113862190757022,-0.609270271558995,0.0762516767868694,-0.0340319262103838,0.829367844499288,-0.376792900383316,0.308729047962549,-0.300541223596447,0.0792622104350275,0.355347762905331
"CD22",0.935073584560857,-0.0323690883509279,0.817693825552877,-0.337115079436021,0.272376902734165,-0.0171400908641284,0.902754492480136,-0.321886081949221,0.287605900220965,-0.0495091792150564,0.724895884294979,0.970218862231872
"CD24",0.00137317933704775,-0.745524730165899,0.0711230441184539,-1.56835785233486,0.0773083920030657,-1.17061273127037,0.00998957553966857,-1.99344585343933,-0.347779609101406,-1.91613746143627,0.000407917742789699,0.0154694585809392
"CD244",0.897075308972711,-0.0565210882619407,0.674201791917042,-0.347365193648334,0.234323017124453,0.00800239012715662,0.952323632476027,-0.282841715259237,0.29884649551355,-0.0485186981347841,0.717871969910572,0.959087544742354
"CD247",0.970811222054278,-0.0344938834387532,0.813072408278733,-0.351046849810255,0.282059082932748,0.019923995273823,0.891254791192759,-0.296628971097678,0.336476961645324,-0.0145698881649302,0.920344424210167,0.984099979457141
"CD27",0.834238057772235,0.0425851321045848,0.79334553603956,-0.310057176638256,0.395227440847426,-0.09595442379911,0.557840313842066,-0.448596732541951,0.256687884943731,-0.0533692916945252,0.742930006893004,0.930613970314382
"CD274",0.722448410452461,-0.0597317825046813,0.675139356361882,-0.368047171672267,0.248583606662904,-0.0536311333141232,0.706446739000279,-0.361946522481709,0.254684255853462,-0.113362915818805,0.431733623085322,0.886663314778575
"CD276",0.00495615802265376,0.100588455039366,0.589815359097255,-0.301834323056317,0.503011233135049,0.62417998878575,0.00616425391150002,0.221757210690068,1.02660276688143,0.724768443825117,0.00246647631494432,0.0346551279361805
"CD28",0.866321226812068,-0.05546867695856,0.700745256624383,-0.367925914758186,0.256988560841066,0.0723061897995732,0.617328407020936,-0.240151048000052,0.384763427599199,0.0168375128410132,0.906806838642723,0.943902232198224
"CD300A",0.844813435155854,-0.0514393195442539,0.606600704180934,-0.267035859899276,0.164157220810768,0.0463172362225811,0.642461895583457,-0.169279304132441,0.261913776577603,-0.00512208332167284,0.958825850114227,0.936633859532952
"CD33",0.912710405206554,-0.0482752945457619,0.676763660620654,-0.298796204161541,0.202245615070017,0.0242114383717452,0.833832899797754,-0.226309471244034,0.274732347987524,-0.0240638561740166,0.834828877129159,0.961804084821537
"CD34",0.312268907000167,0.091340698108813,0.55530643005636,-0.242158495236254,0.42483989145388,-0.240044934242009,0.139848133847148,-0.573544127587076,0.0934542591030574,-0.148704236133196,0.343894463704961,0.564807487884346
"CD36",0.00224269486317138,-0.24402541140813,0.0741500562575858,-0.516732173910202,0.0286813510939424,-0.350789924450008,0.0167801273003301,-0.62349668695208,-0.0780831619479357,-0.594815335858137,0.000661499919710762,0.0208822353331009
"CD37",0.743524597687682,0.113448471265765,0.503183823258118,-0.250523746787413,0.477420689318942,-0.00605339734777034,0.971168684424474,-0.370025615400948,0.357918820705407,0.107395073917994,0.525738547145878,0.894814684367862
"CD38",0.776461089741894,-0.0536547080868986,0.732046746985305,-0.393157885514343,0.285848469340546,0.109765360188559,0.487786066754398,-0.229737817238885,0.449268537616003,0.0561106521016605,0.720361900448676,0.906616435559153
"CD3D",0.936530929899787,-0.00389246682324351,0.973593764716671,-0.259438748811848,0.251653815165361,0.0378762148521889,0.748027604869609,-0.217670067136416,0.293422496840794,0.0339837480289454,0.773056980202506,0.970218862231872
"CD3E",0.422437850263789,0.200039285113028,0.216839625826505,-0.138091149478471,0.538169719704527,-0.149763150353023,0.346978990802666,-0.487893584944522,0.188367284238476,0.0502761347600054,0.747256832404873,0.679250287869088
"CD3EAP",0.682512130637114,-0.106469734287087,0.5348449744614,-0.475554704176078,0.262615235601904,-0.0352850348570933,0.835596471804108,-0.404370004746084,0.333799935031897,-0.14175476914418,0.412164011449391,0.868005844982822
"CD3G",0.727012902727276,0.0620739774290296,0.603201460285748,-0.195623674030926,0.319771628888986,0.0299157085170239,0.801142859772377,-0.227781942942932,0.28761335997698,0.0919896859460535,0.444865119907401,0.886897424784278
"CD4",0.0454544369436165,0.406223280144783,0.0965054835057355,-0.0872377923238916,0.899684352613457,0.233899333308971,0.315754625547034,-0.259561739159704,0.727360405777645,0.640122613453754,0.0160971334413279,0.151376546390694
"CD40",0.0282943354209326,-0.0900443135276485,0.360212386967718,-0.299271972034308,0.119183344979011,-0.205389736922806,0.0535830052032126,-0.414617395429465,0.0038379215838539,-0.295434050450454,0.0104002740517523,0.111728605543425
"CD40LG",0.383845594295986,-0.21910866925914,0.196524352970518,-0.571907617810693,0.133690279292412,0.048882062782438,0.763870291141434,-0.303916885769114,0.40168101133399,-0.170226606476702,0.307591754511013,0.642677256504747
"CD44",0.00732108524547606,0.224750570747074,0.394884002368283,-0.338550180951012,0.78805132244516,-0.986635086035629,0.00294833007800178,-1.54993583773372,-0.423334334337543,-0.761884515288555,0.0130363503206209,0.0443886397773881
"CD46",0.0456399646753836,-0.222294358935891,0.133164609081126,-0.525293055093167,0.080704337221385,-0.174153212041615,0.229218855790397,-0.477151908198891,0.128845484115661,-0.396447570977506,0.0154233925948541,0.151717551061157
"CD47",0.369823063349339,0.394546706776403,0.21889104754188,-0.27558554435049,1.0646789579033,-0.0167723000523716,0.956626206718448,-0.686904551179265,0.653359951074521,0.377774406724031,0.237642136235273,0.631322936156857
"CD48",0.577624469033594,0.120437671566637,0.31188721726122,-0.131520720368895,0.372396063502169,-0.0759518854341114,0.517013129337727,-0.327910277369643,0.17600650650142,0.0444857861325256,0.702280724772959,0.804785274416581
"CD5",0.486200567402243,-0.0650150385798247,0.631984306863511,-0.358265840452802,0.228235763293152,-0.0978205091370013,0.474431824022724,-0.391071311009978,0.195430292735976,-0.162835547716826,0.244264862025685,0.737536373540725
"CD53",0.458401176549586,0.233284844502547,0.371712229486829,-0.322514934154632,0.789084623159726,0.078220521458956,0.760285228254611,-0.477579257198223,0.634020300116135,0.311505365961503,0.240184655202199,0.712591266782789
"CD55",0.026460733023058,-0.0283834122011101,0.93861798499791,-0.829268378782578,0.772501554380358,1.03102236622004,0.0167144190528912,0.230137399638569,1.8319073328015,1.00263895401893,0.019138223400689,0.106602290876558
"CD58",0.00195598617366179,0.282838065816099,0.0990043035839946,-0.0636951421310105,0.629371273763208,0.483175884739846,0.0111225565180909,0.136642676792737,0.829709092686955,0.766013950555944,0.000600102640195426,0.0190891698766458
"CD59",0.0366013164638054,0.402500289425052,0.0175206873754635,0.0868187413150179,0.718181837535086,-0.341512525291662,0.0366546211792674,-0.657194073401696,-0.0258309771816275,0.0609877641333905,0.675988707320348,0.131490949894577
"CD6",0.899225642623513,-0.0406916869481284,0.74147226082654,-0.307984948398869,0.226601574502613,-0.0124507714447654,0.91938899100328,-0.279744032895506,0.254842490005976,-0.0531424583928938,0.667200759883772,0.959699881747316
"CD63",0.000243056811406174,-0.655992455763152,0.000201694809156561,-0.912976047032172,-0.399008864494133,0.00468336979876582,0.968408908627533,-0.252300221470253,0.261666961067785,-0.651309085964387,0.000213312569523272,0.0074757768587321
"CD68",0.0552585774808729,0.696263489185316,0.158999912108106,-0.323082368019544,1.71560934639018,0.583465962384645,0.231009350292563,-0.435879894820215,1.60281181958951,1.27972945156996,0.0188818462664416,0.176366236891615
"CD69",0.639854679822171,0.0474186582030831,0.717724473186352,-0.236675062533084,0.33151237893925,-0.122213233770047,0.360403670625711,-0.406306954506214,0.16188048696612,-0.0747945755669641,0.570468847541924,0.843784026297167
"CD7",0.492217557128437,-0.130509721737878,0.255523881426376,-0.371603982988364,0.110584539512608,0.0407645237269495,0.714240177362502,-0.200329737523536,0.281858784977435,-0.0897451980109282,0.426230461591569,0.739639164623709
"CD70",0.828861629652659,-0.0683653631762517,0.68366434410389,-0.431413703626984,0.294682977274481,0.0983044269111695,0.559727673637753,-0.264743913539563,0.461352767361902,0.0299390637349179,0.857885704928328,0.927287330078492
"CD74",0.0839544721305062,1.17168686165487,0.0505019922953546,-0.00310725948094315,2.34648098279069,-0.031333850596956,0.953781723899887,-1.20612797173277,1.14346027053886,1.14035301105792,0.0558432993579912,0.231096397644304
"CD79A",0.525971016556216,-0.112067711114537,0.506578807098558,-0.474554404457732,0.250418982228659,0.189449227146334,0.271246417113022,-0.173037466196861,0.551935920489529,0.0773815160317975,0.64454368156618,0.766690978606305
"CD79B",0.977572603075218,-0.0280219245691849,0.855425218096943,-0.3619669611644,0.30592311202603,0.000703303448764823,0.996348184425761,-0.33324173314645,0.33464834004398,-0.0273186211204201,0.85900933726839,0.986218905811096
"CD80",0.803845099124113,0.0100964622187326,0.941560381915579,-0.289167919305426,0.309360843742891,0.0721710628170717,0.602782588618906,-0.227093318707087,0.37143544434123,0.0822675250358043,0.553870473631121,0.916396691522622
"CD81",0.105509829061886,-0.0385778438098266,0.7988780626205,-0.367056736256337,0.289901048636684,-0.283144463672408,0.0837222465270205,-0.611623356118918,0.0453344287741022,-0.321722307482235,0.0540342887977042,0.276660112123479
"CD83",0.502587212920187,-0.101124693147027,0.37645380250401,-0.344557467786574,0.14230808149252,0.124967884124349,0.279336021823538,-0.118464890515199,0.368400658763896,0.0238431909773216,0.831633909047383,0.747419827156139
"CD84",0.879294748281206,0.0763916083686871,0.631884455290647,-0.268071132879751,0.420854349617125,-0.0210299629869065,0.894496087972272,-0.365492704235344,0.323432778261531,0.0553616453817806,0.727709340436998,0.94953426959361
"CD86",0.495825704627323,0.0105211879934876,0.927682271440463,-0.241347224742971,0.262389600729946,0.11454017511401,0.334818579044744,-0.137328237622448,0.366408587850469,0.125061363107498,0.294480133949806,0.741706484381036
"CD8A",0.381622066711398,-0.00876342250147012,0.957685652345528,-0.367679866428246,0.350153021425306,-0.198823307246051,0.245314839058291,-0.557739751172827,0.160093136680725,-0.207586729747521,0.226520576698585,0.641307800873206
"CD8B",0.626784773247014,-0.00775916672666787,0.950371232473175,-0.278653718855309,0.263135385401974,-0.100100666682323,0.429512713576636,-0.370995218810964,0.170793885446319,-0.107859833408991,0.395828422589295,0.839912748409695
"CD9",0.0240094292875867,0.0875880163960687,0.619598647818528,-0.293394513890238,0.468570546682375,0.443297507011239,0.0268308409863732,0.0623149767249328,0.824280037297546,0.530885523407308,0.0111584518684457,0.101194476789482
"CD96",0.797214825930929,0.0676769062506763,0.626752452036056,-0.232899984394292,0.368253796895644,-0.0876307807098469,0.530590644522923,-0.388207671354815,0.212946109935121,-0.0199538744591706,0.885349384168502,0.913872016759309
"CD97",0.688619744596287,-0.00277973802313015,0.989479684612068,-0.460925203294437,0.455365727248177,0.158100982479833,0.45972353350557,-0.300044482791474,0.61624644775114,0.155321244456703,0.46743567943322,0.870915477400017
"CD99",0.00246327989742935,-0.757737550626977,0.000719055463142417,-1.10916685100854,-0.406308250245411,0.433883705897915,0.0204460122735357,0.0824544055163483,0.785313006279481,-0.323853844729062,0.0671358660686624,0.0216129125615797
"CDC14A",0.912431144387144,-0.0426551948943145,0.726080394171545,-0.306403511233323,0.221093121444694,-0.00274069432410665,0.98198347371239,-0.266489010663116,0.261007622014902,-0.0453958892184211,0.709373724255232,0.961804084821537
"CDC14B",0.0885402322672469,-0.118339764251388,0.331025644766871,-0.376429188542083,0.139749660039307,-0.169485054353484,0.174122582415587,-0.427574478644179,0.0886043699372104,-0.287824818604872,0.0322736031012578,0.240817212472626
"CDC20",0.0327767297345117,-0.0235306624621363,0.812255599975482,-0.238513289583027,0.191451964658754,0.272685799348815,0.0179689196323803,0.057703172227924,0.487668426469706,0.249155136886678,0.0273077742659481,0.121748261552056
"CDC25A",0.524586532631259,-0.152644745620726,0.287622943884518,-0.455471676946155,0.150182185704703,0.0362670495754228,0.79501009400161,-0.266559881750006,0.339093980900852,-0.116377696045303,0.411889606933035,0.765284110353355
"CDC25B",0.069955272918833,0.250179850661563,0.108562395573311,-0.0661966091814369,0.566556310504563,0.118330122726551,0.424098539893777,-0.198046337116449,0.434706582569551,0.368509973388114,0.0267060640977335,0.206583127956101
"CDC25C",0.670605429773089,-0.0989587265121395,0.399180520112477,-0.349336413811989,0.15141896078771,0.0725933695307685,0.53281260020399,-0.177784317769081,0.322971056830618,-0.026365356981371,0.819231599156376,0.860768195837692
"CDC6",0.131770732981778,-0.0944703048778361,0.460310863206825,-0.368595491684835,0.179654881929163,0.270943071093399,0.0522395997156009,-0.0031821157135995,0.545068257900398,0.176472766215563,0.181980994668806,0.321499448785754
"CDC7",0.866139601833388,-0.0377792606765424,0.710731664511967,-0.258362412757632,0.182803891404547,-0.0138653800602431,0.891396549958182,-0.234448532141332,0.206717772020846,-0.0516446407367856,0.613258201540814,0.943902232198224
"CDH1",0.0342979743110303,-0.186459159184411,0.248970654426451,-0.525856589451926,0.152938271083104,-0.282967716615732,0.0928681207649752,-0.622365146883248,0.0564297136517828,-0.469426875800144,0.0116054024220774,0.125073783339499
"CDH11",0.0678791054800386,0.00929700781366277,0.948487123193562,-0.303398008842353,0.321992024469679,0.319687135670364,0.0459446320229661,0.00699211901434788,0.63238215232638,0.328984143484027,0.041043992917279,0.201321132240675
"CDH2",0.00471311861212354,0.138007255386724,0.284027822037145,-0.133622835776755,0.409637346550202,0.377865451487328,0.0112588856428682,0.10623536032385,0.649495542650807,0.515872706874052,0.00173932085663603,0.0338639427839585
"CDH3",0.00974292920155605,0.480570586715148,0.181993578689514,-0.265950594126868,1.22709176755716,0.813608171890257,0.0355489648719553,0.0670869910482416,1.56012935273227,1.2941787586054,0.0031462162833328,0.0543756752074611
"CDH5",0.742108481540164,0.0885913305050965,0.466602581968954,-0.172221491809205,0.349404152819398,-0.065036697324836,0.590688713078994,-0.325849519639137,0.195776124989465,0.0235546331802605,0.844553981066014,0.894814684367862
"CDK1",6.71343813421e-05,0.034432538726341,0.61459821990348,-0.113199293720005,0.182064371172687,0.420010183986134,8.47074309954753e-05,0.272378351539788,0.567642016432479,0.454442722712474,4.41129673883835e-05,0.00484541925731296
"CDK2",0.681263632652378,-0.0654871604994536,0.452458706732944,-0.252132040098047,0.12115771909914,0.00140065971117502,0.986988207407864,-0.185244219887419,0.188045539309769,-0.0640865007882785,0.461912101147155,0.868005844982822
"CDK4",0.0105260348403033,-0.283117384385379,0.0081404337251825,-0.474816853748648,-0.0914179150221101,-0.00809041987254006,0.926938334642758,-0.199789889235809,0.183609049490729,-0.291207804257919,0.00694709359851319,0.0556811987929085
"CDK6",0.169852710986451,-0.170373389379089,0.135283277722834,-0.404022494727201,0.0632757159690228,-0.0302530869803769,0.778854619887179,-0.263902192328489,0.203396018367735,-0.200626476359466,0.0847521363749728,0.382692836481818
"CDKN1A",0.0880684215889334,-0.558410765266906,0.0386678686698579,-1.08137560558276,-0.0354459249510529,0.122226200299566,0.613871610753244,-0.400738640016288,0.645191040615419,-0.436184564967341,0.0927576981809651,0.240246441554265
"CDKN1B",0.0336912474101107,-0.252638315236563,0.0671896548672974,-0.526852115047802,0.0215754845746758,-0.123345074010132,0.339859059554402,-0.397558873821371,0.150868725801107,-0.375983389246695,0.0121461319250136,0.123466920729823
"CDKN1C",0.167372537109372,-0.237671595708447,0.312187252999043,-0.73521117161208,0.259867980195185,-0.225184221439156,0.337018357601185,-0.722723797342789,0.272355354464476,-0.462855817147604,0.0649764204392121,0.379919005254482
"CDKN2A",0.22393964236986,-0.0228316444656846,0.924977425421914,-0.549632276125877,0.503968987194508,0.393353454123714,0.127145166191625,-0.133447177536479,0.920154085783906,0.370521809658029,0.148150129913993,0.46028642090071
"CDKN2B",0.0149199623177936,0.0695827302128723,0.729170348606348,-0.365811595285731,0.504977055711475,0.576780821204458,0.0144927689123345,0.141386495705855,1.01217514670306,0.64636355141733,0.00790893660696902,0.0705412726165113
"CDKN2C",0.230898316871891,-0.104749923442655,0.227210377041275,-0.286152140659031,0.0766522937737207,-0.0409260410132095,0.626068034163055,-0.222328258229585,0.140476176203166,-0.145675964455865,0.103842163932617,0.467498347438609
"CDKN2D",0.801328966378217,-0.067802095387655,0.520204828981988,-0.294485965734576,0.158881774959266,0.0256476027787253,0.806071393461177,-0.201036267568196,0.252331473125646,-0.0421544926089297,0.687366952631247,0.91536868549366
"CEACAM1",0.0525416439720669,0.296171831201755,0.230981121322059,-0.221222290798248,0.813565953201758,0.360627543206347,0.1514655133631,-0.156766578793656,0.87802166520635,0.656799374408102,0.0178984243324898,0.169414311394032
"CEACAM3",0.498954429349343,-0.210556164636299,0.250465036484862,-0.595112616879299,0.174000287606701,0.0964856042732983,0.588432711371286,-0.288070847969702,0.481042056516298,-0.114070560363,0.52359096432873,0.744555873722446
"CEACAM6",0.00105100364279958,1.00244632128275,0.195066715996463,-0.605923412410704,2.6108160549762,2.7763024376621,0.00323261205010611,1.16793270396865,4.38467217135555,3.77874875894484,0.000381617164732768,0.013070652937253
"CEACAM8",0.492128649392154,-0.149225601851944,0.37089727414199,-0.504123991753253,0.205672788049365,0.185461001653919,0.271300537335499,-0.16943738824739,0.540359391555228,0.0362353998019749,0.824622807437959,0.739639164623709
"CEBPA",0.416053739424252,-0.310740485826304,0.219550540234782,-0.839345788364211,0.217864816711602,0.0631473408942513,0.79551268135112,-0.465457961643655,0.591752643432158,-0.247593144932053,0.321226002128988,0.672540367094118
"CEBPB",0.803579617427953,-0.10968392483022,0.522938438948849,-0.478859346565232,0.259491496904791,0.0683256281064854,0.688765409730958,-0.300849793628526,0.437501049841497,-0.041358296723735,0.807937120071258,0.916396691522622
"CEBPE",0.815621612680138,-0.0796354796228068,0.585883425334434,-0.394843282357449,0.235572323111835,0.00124156907437976,0.993170158427904,-0.313966233660262,0.316449371809022,-0.078393910548427,0.59165159357649,0.922820485518445
"CENPF",0.00203924380000033,0.00400422044433743,0.961087088816958,-0.174343633342303,0.182352074230978,0.341254765780159,0.00165420958706549,0.162906911993519,0.5196026195668,0.345258986224497,0.00152889722647552,0.0197958507180883
"CEP55",0.0292277269061474,-0.0904946591111862,0.322882705371685,-0.284395613638611,0.103406295416239,0.27369138563431,0.0104208240227959,0.0797904311068855,0.467592340161735,0.183196726523124,0.0615436298354694,0.112982922438524
"CES3",0.125957467717894,-0.288443935245272,0.140540830713782,-0.689967882154181,0.113080011663638,-0.106064314876382,0.569202675077247,-0.507588261785292,0.295459632032528,-0.394508250121654,0.0534074954237335,0.312640324067435
"CFB",0.111018300644119,1.11206644091264,0.0760147024272944,-0.140078398880273,2.36421128070556,-1.17262012932295,0.0634875219196649,-2.42476496911586,0.0795247104699692,-0.0605536884103037,0.916323110188282,0.287796020845905
"CFD",0.50757299401228,-0.237572428118035,0.288954702522533,-0.710266451737811,0.235121595501741,0.200630666912536,0.366585150964487,-0.27206335670724,0.673324690532312,-0.0369417612054989,0.865236092131021,0.74989197926323
"CFI",0.0289904536777816,0.887776367467931,0.0101116010137232,0.262341269328394,1.51321146560747,-0.576934608309367,0.0669058622283401,-1.2023697064489,0.0485004898301699,0.310841759158563,0.294051932823089,0.112330314144271
"CFP",0.937767243668634,-0.0027333567210515,0.983940346479692,-0.297833259602361,0.292366546160258,-0.0398147396200472,0.769861773121669,-0.334914642501356,0.255285163261262,-0.0425480963410987,0.754628970124964,0.970218862231872
"CGAS",0.105961746469421,0.00355228524342022,0.969054992981512,-0.195439035795069,0.202543606281909,0.182308191288481,0.0684942346063156,-0.0166831297500078,0.38129951232697,0.185860476531901,0.0640782618259292,0.277446466724095
"CHAD",0.0110276330610879,-0.623829163192912,0.0323169301092716,-1.18338646869772,-0.0642718576881024,-0.320730208154933,0.230409668157021,-0.880287513659743,0.238827097349877,-0.944559371347845,0.00371479975448495,0.0575012295328157
"CHEK1",0.289309689615431,-0.0874292771936504,0.433058506981503,-0.325920136757009,0.151061582369708,0.17957208981006,0.124338726174863,-0.058918769753299,0.418062949373418,0.0921428126164092,0.409481620619575,0.536357443923075
"CHEK2",0.538321527373686,-0.080817191916029,0.447951273267518,-0.308805738992982,0.147171355160924,0.11426929732193,0.290211811188783,-0.113719249755023,0.342257844398882,0.0334521054059007,0.750462264063117,0.774152188787749
"CHIT1",0.389703354566283,-0.0426459575135851,0.905864188858538,-0.826068926207629,0.740777011180459,0.458290514859868,0.221638191503347,-0.325132453834176,1.24171348355391,0.415644557346283,0.264497653490469,0.645966050938662
"CHUK",0.226431636231254,-0.153391094834619,0.134155616915912,-0.363069959864698,0.0562877701954599,0.00370694549769515,0.969353502197924,-0.205971919532384,0.213385810527774,-0.149684149336924,0.142781815932844,0.461718140918479
"CIC",0.115751707079857,-0.135117234007146,0.135342641846235,-0.320447801399581,0.0502133333852897,-0.0519640365602568,0.546132408329148,-0.237294603952692,0.133366530832179,-0.187081270567403,0.0482462093318394,0.295037521537346
"CKLF",0.000323411667101722,0.370534158112678,0.0825198690320298,-0.0573775321678187,0.798445848393175,0.815023703960057,0.00170605135965268,0.38711201367956,1.24293539424055,1.18555786207274,0.00010507388469714,0.00797603097919787
"CLCF1",0.074224171445347,0.106721673327392,0.371136715131292,-0.147223446745287,0.360666793400072,0.187313400178089,0.131306911544207,-0.0666317198945903,0.441258520250768,0.294035073505481,0.0274213884203814,0.215356300298503
"CLEC14A",0.907276242265502,-0.0292729055067208,0.805203576704702,-0.286818846462364,0.228273035448923,-0.0217855781230947,0.854273285728422,-0.279331519078738,0.235760362832549,-0.0510584836298155,0.668084600391519,0.961804084821537
"CLEC4A",0.571726858494693,-0.0525499573248298,0.659961694421829,-0.310813109166869,0.20571319451721,0.125523058576684,0.304256825123621,-0.132740093265355,0.383786210418723,0.0729731012518542,0.543092405462969,0.800768623755038
"CLEC4C",0.704214720820407,-0.126325858603869,0.413960683714215,-0.456550967991083,0.203899250783344,0.0633025395357837,0.678339839465298,-0.26692256985143,0.393527648922997,-0.0630233190680857,0.679667798283031,0.878872539603938
"CLEC4E",0.390866915297486,-0.107724767842163,0.405827445096945,-0.384303781260853,0.168854245576527,-0.0693511254145595,0.588659440005634,-0.345930138833249,0.20722788800413,-0.177075893256722,0.184180083787636,0.646239143847651
"CLEC5A",0.922283211047117,-0.0484205249560869,0.739589012674746,-0.364083137739378,0.267242087827204,-0.0021917290102525,0.987961081095217,-0.317854341793543,0.313470883773038,-0.0506122539663394,0.728327427771859,0.964565535908876
"CLEC6A",0.754321059668233,-0.105817007794114,0.471514935643102,-0.420900159668886,0.209266144080659,0.0355328496473403,0.806690517504294,-0.279550302227432,0.350616001522113,-0.0702841581467733,0.629919297062421,0.898587424213136
"CLEC7A",0.256190232467164,0.170204104930765,0.399340098170393,-0.260584355664129,0.600992565525659,0.171885568607642,0.394868400796179,-0.258902891987253,0.602674029202536,0.342089673538407,0.107262375689507,0.501122373261065
"CLECL1",0.720963610398429,-0.108339120329664,0.433551021039491,-0.404195031333255,0.187516790673927,0.0423914779340501,0.756100778186267,-0.253464433069541,0.338247388937641,-0.0659476423956139,0.630163172065056,0.885436466337236
"CLU",0.000253971597392543,-0.681190742206913,0.177309560091106,-1.72693929257148,0.364557808157657,-2.23836994172241,0.000757944658293324,-3.28411849208698,-1.19262139135784,-2.91956068392933,9.87614564794314e-05,0.0074757768587321
"CMA1",0.656388072842047,-0.143866937085335,0.371864086403802,-0.486742516116221,0.19900864194555,0.0630664599328052,0.690571822806206,-0.27980911909808,0.405942038963691,-0.0808004771525301,0.610975181604251,0.850306712113019
"CMKLR1",0.503508919822398,0.025466010482966,0.863550917738951,-0.296318652632766,0.347250673598698,-0.162808572414238,0.285922627482752,-0.48459323552997,0.158976090701495,-0.137342561931272,0.364021503154453,0.747419827156139
"CMTM4",0.0137363580582724,-0.218598782962996,0.0117763727580998,-0.377087748028133,-0.0601098178978584,-0.0158737278452556,0.8279012181796,-0.174362692910393,0.142615237219882,-0.234472510808251,0.00806286567139491,0.0662558433073111
"CMTM6",0.00215548346089618,0.141405101613252,0.205491076944858,-0.0912619969891026,0.374072200215607,0.356424942211379,0.00662140969430316,0.123757843609024,0.589092040813734,0.497830043824631,0.000759934860545326,0.0203821622597696
"CNOT2",0.903636183156953,-0.0291083592514779,0.811940365028684,-0.294594755226012,0.236378036723056,-0.0247446560600951,0.839652085291896,-0.290231052034629,0.240741739914439,-0.053853015311573,0.66093545855699,0.961595355254483
"CNTFR",0.793458976943945,-0.0533858549341847,0.648785749671563,-0.3067456217008,0.19997391183243,-0.0228541364290004,0.844737343206747,-0.276213903195616,0.230505630337615,-0.0762399913631852,0.517734687107269,0.913264155321895
"COL11A1",0.0305109235114559,0.186411979300774,0.733817173795583,-1.00132808794605,1.3741520465476,1.36472667952222,0.0283655539939636,0.176986612275398,2.55246674676905,1.551138658823,0.0155685707238283,0.115986754069044
"COL11A2",0.534821598360541,-0.115871930416443,0.314841216956024,-0.359843177958908,0.128099317126021,0.0141219002193192,0.899936612838051,-0.229849347323145,0.258093147761784,-0.101750030197124,0.374640541399596,0.774152188787749
"COL17A1",0.0262614053997431,0.57086390392588,0.278026530010649,-0.537944063795955,1.67967187164772,1.03532576167469,0.064146427595201,-0.0734822060471458,2.14413372939653,1.60618966560057,0.00905736851213714,0.106268436484548
"COL1A1",0.000488486200542655,1.48764412641998,0.0542911097876746,-0.0331971578551455,3.0084854106951,2.55764322175825,0.00380173287527124,1.03680193748313,4.07848450603337,4.04528734817823,0.000145741238023555,0.00919059088649841
"COL1A2",0.000412155709506744,1.22124129849219,0.0691139876375885,-0.115283162858814,2.55776575984319,2.39099166042031,0.00257564766557166,1.0544671990693,3.72751612177131,3.6122329589125,0.000128292801340089,0.00839996307455097
"COL24A1",0.398324379895835,-0.0130443223964205,0.911833570634593,-0.268982859196739,0.242894214403899,0.147500747087274,0.228057300885059,-0.108437789713045,0.403439283887593,0.134456424690854,0.268920560535484,0.653724814127606
"COL27A1",0.0644365165413344,0.0100383667868778,0.969506990440506,-0.56062936083037,0.580706094404125,-0.604449199785811,0.0399507556854898,-1.17511692740306,-0.0337814721685632,-0.594410832998933,0.0427114288046818,0.194696428291284
"COL2A1",0.546962944662576,-0.0911974001735888,0.56459179407511,-0.432289915543446,0.249895115196268,-0.0820921665930661,0.603505415971504,-0.423184681962923,0.259000348776791,-0.173289566766655,0.284052709433296,0.780459244729633
"COL3A1",0.00092793576704562,1.44707856524855,0.0447551823592723,0.0411693741255956,2.85298775637151,2.01692422903794,0.0095482500709985,0.611015037914984,3.4228334201609,3.46400279428649,0.000265531016033371,0.0125443168508019
"COL4A3",0.180821718815125,-0.156290743794183,0.2697390864872,-0.454333049021437,0.141751561433071,-0.112663516551909,0.419328554745947,-0.410705821779163,0.185378788675345,-0.268954260346092,0.0720929752776314,0.398260183135474
"COL4A4",0.178891627574418,-0.139943423642053,0.171992736092817,-0.351888866775752,0.0720020194916469,-0.0448896173990851,0.647115967400044,-0.256835060532785,0.167055825734614,-0.184833041041138,0.080664049745414,0.395729964028257
"COL4A5",0.0103892072370993,-0.0484322544076488,0.767685719334551,-0.403927629323866,0.307063120508568,0.556416640988289,0.00584785456347108,0.200921266072072,0.911912015904506,0.50798438658064,0.00975473175454763,0.0552287341031742
"COL4A6",0.536148190478827,-0.120907216456488,0.463525624096343,-0.474344379322179,0.232529946409202,0.179163794504241,0.28505857681267,-0.17427336836145,0.532600957369931,0.0582565780477524,0.721077212970493,0.774152188787749
"COL5A1",0.000148009390092421,1.09434941631967,0.0306475284786541,0.124831361596967,2.06386747104237,1.89528713546104,0.0014306722764671,0.925769080738342,2.86480519018374,2.98963655178071,4.34670953681728e-05,0.00650733498065703
"COL5A2",9.8019858258811e-05,0.684288070699335,0.0789004196469313,-0.0950281209773559,1.46360426237603,1.78941104594233,0.000453260877743978,1.01009485426564,2.56872723761902,2.47369911664166,3.4053909020162e-05,0.00559019504132282
"COL6A3",0.00557632306438135,0.873406309923078,0.0995281686490996,-0.198596656359211,1.94540927620537,1.17356331115067,0.0348948963551025,0.101560344868384,2.24556627743296,2.04696962107375,0.00167730182740516,0.0370094929145756
"COL6A6",0.424712515981954,-0.201303735226469,0.204240941315865,-0.531536183402998,0.128928712950061,0.0810608510554645,0.596417997448212,-0.249171597121065,0.411293299231994,-0.120242884171004,0.436077508231387,0.681706545001818
"COLEC12",0.291131734528857,-0.0177562231816978,0.953586248264709,-0.680679508712934,0.645167062349538,0.439692759940475,0.170239769832709,-0.223230525590761,1.10261604547171,0.421936536758777,0.186545232282204,0.538313490896824
"COMP",0.00994490441195938,0.105149430482365,0.818189724282676,-0.887559331230719,1.09785819219545,1.44631027244618,0.00877604650802701,0.453601510733097,2.43901903415927,1.55145970292855,0.00589888359968776,0.0546257154340638
"COX4I1",0.000433683105262866,-0.454262476163329,0.00211793380071821,-0.700661010096809,-0.207863942229849,-0.203047785795223,0.0962068422931143,-0.449446319728703,0.0433507481382573,-0.657310261958552,0.000142393426330041,0.00869749084730474
"COX5B",0.0429193011630725,-0.417177239664399,0.0398755080825229,-0.810854949641708,-0.0234995296870903,-0.0649260428273042,0.720927182714586,-0.458603752804613,0.328751667150005,-0.482103282491703,0.0212440229760786,0.144516097089681
"COX6A1",0.00231440092143467,-0.441801932682942,0.0099151588931887,-0.751917422804297,-0.131686442561587,-0.223343150112998,0.139643034196234,-0.533458640234353,0.0867723400083573,-0.66514508279594,0.000746876806626472,0.0210138392120312
"COX6B1",0.00756460535734739,-0.407312773606,0.0101935476201414,-0.694694649035011,-0.119930898176989,-0.0830413079698221,0.534167092869698,-0.370423183398833,0.204340567459189,-0.490354081575822,0.00347537686167731,0.0454125157143388
"CPA3",0.758992554599874,-0.297398751297628,0.503639268828472,-1.25257400102738,0.657776498432123,0.0399906494608205,0.92751870068151,-0.91518460026893,0.995165899190572,-0.257408101836808,0.561562897727777,0.901211068409089
"CPSF7",0.000792946069895178,-0.142239936008023,0.0844131725791246,-0.307682421455949,0.023202549439902,-0.269335586075858,0.00463290402038464,-0.434778071523783,-0.103893100627932,-0.411575522083881,0.000246498689911791,0.012182829254088
"CR1",0.635521277017044,-0.101535598934022,0.409554339962089,-0.364379836459586,0.161308638591542,0.0973771762764144,0.42835821306359,-0.16546706124915,0.360221413801979,-0.00415842265760766,0.972573267112038,0.843784026297167
"CR2",0.728079829460711,-0.12095888895396,0.444345784385936,-0.459412081858647,0.217494303950726,0.0796134492401506,0.611614433860707,-0.258839743664536,0.418066642144837,-0.0413454397138095,0.791013707161385,0.887013143368356
"CRABP2",0.0033942366507235,0.439181356867477,0.201719401398951,-0.276924374267447,1.1552870880024,1.00352359040013,0.0108290989672474,0.287417859265201,1.71962932153505,1.4427049472676,0.00116284226757846,0.0268732178778009
"CREB1",0.977140512027316,0.00793003404797565,0.933682828886087,-0.199137775165651,0.214997843261603,0.0119443508123331,0.900280570984628,-0.195123458401294,0.21901216002596,0.0198743848603088,0.834956038428647,0.986218905811096
"CREB3L1",0.0111669026854523,-0.982726987377287,0.0469758582158984,-1.94950340981705,-0.0159505649375237,-0.663196330954821,0.157387327991,-1.62997275339458,0.303580091484942,-1.64592331833211,0.00352384126896553,0.0578965835254276
"CREB3L3",0.559028566175849,-0.0871651278577083,0.589555342810835,-0.435638064884591,0.261307809169174,-0.0865296681831977,0.592230926759816,-0.43500260521008,0.261943268843685,-0.173694796040906,0.292728272741557,0.790261141185844
"CREB3L4",0.183779646554454,-0.125232968397867,0.29283481920014,-0.376538718219834,0.1260727814241,-0.100822211218171,0.39237350769083,-0.352127961040138,0.150483538603795,-0.226055179616038,0.0728686845161678,0.40102701575461
"CREB5",0.029818991856639,-0.00854021699695529,0.960891654458837,-0.387018605848537,0.369938171854627,-0.465221776924224,0.0208755026535881,-0.843700165775806,-0.0867433880726421,-0.47376199392118,0.0191498891548542,0.113848661377335
"CREBBP",0.00067803865840266,-0.205025200017837,0.0494507954937033,-0.409452808340713,-0.000597591694960903,-0.318186360933197,0.00604087565362578,-0.522613969256073,-0.113758752610321,-0.523211560951034,0.000197574857194423,0.0112492777416805
"CRLF2",0.651753652061049,-0.112145170423939,0.411716877752598,-0.403847027484657,0.179556686636779,0.101440046678547,0.456364204612965,-0.190261810382171,0.393141903739265,-0.0107051237453916,0.936443008857409,0.850214735533534
"CRP",0.0577880188014611,1.02349940869712,0.0430538887342631,0.038893403539192,2.00810541385505,-1.09484508665061,0.0326764493096094,-2.07945109180854,-0.110239081492685,-0.0713456779534932,0.874951608220273,0.183085244010091
"CSF1",0.220292354594232,0.299453853190248,0.308313637090782,-0.322149752887868,0.921057459268365,-0.522533082781972,0.0905572601023152,-1.14413668886009,0.0990705232961446,-0.223079229591723,0.442506393265002,0.456022802369432
"CSF1R",0.361494803748313,0.406843693211727,0.177394921321028,-0.217868575746522,1.03155596216998,-0.108989854874543,0.705624007494794,-0.733702123832792,0.515722414083706,0.297853838337184,0.313060928971691,0.621798319359727
"CSF2",0.598927818375877,-0.135189796553393,0.397393875370571,-0.475894974769487,0.205515381662702,0.139880945748851,0.381829936296782,-0.200824232467243,0.480586123964946,0.00469114919545868,0.976129120835317,0.821507860997476
"CSF2RB",0.687928002527046,-0.100252343929267,0.399345478326355,-0.353995132678293,0.153490444819759,0.0458648322399689,0.695612151712542,-0.207877956509057,0.299607620988995,-0.0543875116892982,0.643214999083216,0.870643969911137
"CSF3",0.747486235535167,-0.151171465936476,0.678901946001218,-0.941250618773135,0.638907686900183,-0.122858728320851,0.736162143805548,-0.912937881157511,0.667220424515808,-0.274030194257328,0.457514674104563,0.895119671818687
"CSF3R",0.97883560635932,-0.0148394739117194,0.918529290089644,-0.330038368656107,0.300359420832668,-0.0144512923208568,0.920652212732611,-0.329650187065244,0.300747602423531,-0.0292907662325762,0.840121368789642,0.986947503649591
"CST2",0.0140804287923212,0.352743738717498,0.54382798248923,-0.897995696811775,1.60348317424677,1.58060443466932,0.0182926545855388,0.32986499914005,2.83134387019859,1.93334817338682,0.00628723345458048,0.0673285614200873
"CT45A1",0.0203521000911568,-0.593098398145101,0.0217652063553279,-1.07993220532939,-0.106264590960812,-0.101381637210094,0.652581826186624,-0.588215444394384,0.385452169974196,-0.694480035355195,0.00984460740562944,0.0882797471198983
"CTAG1B",0.86832672610551,-0.0642350503980038,0.718887228431237,-0.45075296763458,0.322282866838572,-0.0259271815108095,0.884161214386504,-0.412445098747385,0.360590735725766,-0.0901622319088133,0.614545144843888,0.9449590191667
"CTAGE1",0.725306470191894,-0.0742949217248847,0.545625151935231,-0.338928035869223,0.190338192419454,-0.0165054589890133,0.892231559699789,-0.281138573133352,0.248127655155325,-0.090800380713898,0.462219862196986,0.886897424784278
"CTCFL",0.706950623637579,-0.133478666807675,0.42433684469637,-0.490547211111475,0.223589877496124,0.0884424501259009,0.593142981807447,-0.268626094177899,0.4455109944297,-0.0450362166817743,0.784416362347621,0.878872539603938
"CTLA4",0.78408529267654,-0.0574493117006927,0.645935261992934,-0.327713882419111,0.212815259017725,0.0837285937561759,0.505721059457994,-0.186535976962242,0.353993164474594,0.0262792820554832,0.83283400080101,0.910277136854126
"CTNNB1",0.0220880164158706,0.0545815751367086,0.745441672617929,-0.309779770285786,0.418942920559203,0.449310876450565,0.0205620168669174,0.0849495310280702,0.813672221873059,0.503892451587273,0.0116129622739866,0.0944042856181821
"CTSG",0.311347666324515,-0.158767728025762,0.403280587192784,-0.564113576717329,0.246578120665805,-0.135877152434729,0.47231910046496,-0.541223001126296,0.269468696256838,-0.294644880460491,0.136380728387843,0.563699891906983
"CTSH",0.0771863391248175,0.490834237865304,0.0921223968549635,-0.0963301700525381,1.07799864578315,0.164238787517976,0.547074756896069,-0.422925620399867,0.751403195435818,0.65507302538328,0.0322192517185266,0.219758297820268
"CTSL",0.250749089283617,-0.12639388713042,0.304420775568137,-0.3865418801663,0.133754105905461,-0.0803439671004753,0.507014535943414,-0.340491960136356,0.179804025935405,-0.206737854230895,0.107033113518051,0.494841161904821
"CTSS",0.0287739422495395,0.789866699660083,0.0261054647789688,0.115189346513447,1.46454405280672,0.0976414963073348,0.753742194037806,-0.577035856839301,0.772318849453971,0.887508195967418,0.0150145745931058,0.111728605543425
"CTSW",0.33183936788039,-0.167772542239916,0.222912503551296,-0.455425206423781,0.119880121943949,-0.0148348394202913,0.910791263786994,-0.302487503604156,0.272817824763574,-0.182607381660207,0.187598121240767,0.590266269738074
"CUL1",0.575494912598963,-0.0482466697128133,0.657836559655763,-0.283772987321768,0.187279647896141,-0.0655750944685412,0.548898477120323,-0.301101412077496,0.169951223140413,-0.113821764181355,0.3068679911743,0.803579353858537
"CX3CL1",0.695574007093139,0.0943415284440945,0.495796934714112,-0.20304028391033,0.391723340798519,-0.105354729992067,0.448206008879348,-0.402736542346492,0.192027082362357,-0.0110132015479729,0.935864237316243,0.875463836513778
"CX3CR1",0.557776169217101,-0.011748382709121,0.911022273822968,-0.240147893596815,0.216651128178573,-0.0923943734504127,0.38859605442252,-0.320793884338107,0.136005137437281,-0.104142756159534,0.333599084808303,0.789810844287825
"CXADR",0.0125014551380606,-0.137087863979101,0.145025593866651,-0.330324398662735,0.0561486707045333,-0.186412408926729,0.0571172083009129,-0.379648943610363,0.00682412575690536,-0.32350027290583,0.00390931482186417,0.0623364907840454
"CXCL1",0.774985252070757,0.269836153787358,0.489236911135359,-0.567624420416301,1.10729672799102,-0.163347621492027,0.673080534016778,-1.00080819569569,0.674112952711633,0.106488532295331,0.782708554203943,0.905865796208014
"CXCL10",0.787829115247554,0.0247052968828979,0.868951449281176,-0.300476204023984,0.34988679778978,-0.0980607692111912,0.516862292849297,-0.423242270118073,0.227120731695691,-0.0733554723282933,0.626107654143919,0.912840643801848
"CXCL11",0.0283564202084803,-0.241084885675091,0.124124938217283,-0.561066166183326,0.0788963948331442,-0.221738356430146,0.153610430804812,-0.541719636938381,0.0982429240780893,-0.462823242105237,0.00913176036483463,0.111728605543425
"CXCL12",0.00330724067370062,-0.703226256873866,0.0275006974757278,-1.31096833067398,-0.0954841830737511,-0.553846197518188,0.0697413258365071,-1.1615882713183,0.0538958762819267,-1.25707245439205,0.000967079195234326,0.0266677595225949
"CXCL13",0.798953102924564,-0.0917324464700847,0.513578136333974,-0.393507434174857,0.210042541234687,0.0435287247235445,0.75453013189593,-0.258246262981227,0.345303712428317,-0.0482037217465402,0.729302114885226,0.914162641277322
"CXCL14",0.00502223533828341,0.277340054722564,0.583605453890583,-0.813666611595941,1.36834672104107,1.6856066118509,0.0063051742043115,0.594599945532398,2.77661327816941,1.96294666657347,0.00248252035929535,0.0348501121382784
"CXCL16",0.23534625806894,0.288395070967153,0.333145612610301,-0.343472944834655,0.920263086768961,0.229977759267252,0.436261967488966,-0.401890256534556,0.86184577506906,0.518372830234405,0.0975062084396442,0.472682700265648
"CXCL2",0.0789611707810694,0.578065526746353,0.484855892692115,-1.19760381033624,2.35373486382895,-1.99213614821068,0.0314595112996769,-3.76780548529327,-0.21646681112808,-1.41407062146432,0.106390300042985,0.222694144038878
"CXCL3",0.254103273511822,-0.00051304616731726,0.997588603737499,-0.369431122393661,0.368405030059027,0.254836114040931,0.154794880615951,-0.114081962185413,0.623754190267275,0.254323067873613,0.155545413132349,0.498433546274096
"CXCL5",0.0556551967604836,0.275251823253861,0.46769799537474,-0.537140343281248,1.08764398978897,0.712561469593705,0.0791771148019847,-0.0998306969414042,1.52495363612881,0.987813292847566,0.0219613237545529,0.177261316034699
"CXCL6",0.246636308187435,0.492567972361785,0.107278858490672,-0.127748792053474,1.11288473677705,-0.169831934334417,0.555452813267384,-0.790148698749677,0.450484830080843,0.322736038027369,0.273287087985243,0.48925137221964
"CXCL8",0.601239095976918,0.385078871751622,0.327433076862634,-0.448219823406574,1.21837756690982,-0.158713394823712,0.68027374097981,-0.992012089981909,0.674585300334485,0.22636547692791,0.558482316231347,0.822803817328395
"CXCL9",0.15078495237817,0.401867683410855,0.0616405529007192,-0.0236704090769221,0.827405775898632,-0.269433384909752,0.18865613022531,-0.694971477397529,0.156104707578025,0.132434298501103,0.503825518425979,0.354160280682317
"CXCR1",0.723679483134821,-0.107988017710002,0.432782601717974,-0.402376994713446,0.186400959293443,0.0525224444243127,0.699332639482233,-0.241866532579132,0.346911421427757,-0.0554655732856889,0.683507011754956,0.886897424784278
"CXCR2",0.0635729914085426,-0.264215505550059,0.107244340116181,-0.596918686498385,0.0684876753982659,-0.133562613650977,0.392085755355141,-0.466265794599303,0.199140567297348,-0.397778119201037,0.0237377614051662,0.193350675964599
"CXCR3",0.920045658005527,-0.0597323080389094,0.709657434010825,-0.407132476759725,0.287667860681906,0.0101649812607934,0.949303133646255,-0.337235187460022,0.357565149981609,-0.049567326778116,0.757090567263959,0.963882506234263
"CXCR4",0.0128144588064858,0.619466824401033,0.0229498345316666,0.105139063239764,1.1337945855623,0.207776030628246,0.38922123549504,-0.306551730533024,0.722103791789515,0.827242855029279,0.00498072218097666,0.0633777434196115
"CXCR5",0.260609311252368,-0.192888842457198,0.19880443432077,-0.505194590775996,0.1194169058616,-0.0360850061970468,0.802053264352791,-0.348390754515845,0.276220742121751,-0.228973848654245,0.133389080414365,0.505558749557527
"CXCR6",0.471648707473483,-0.114676300372747,0.498465555518837,-0.47846082842607,0.249108227680577,-0.0928691784902988,0.582031631167411,-0.456653706543622,0.270915349563024,-0.207545478863045,0.232432132592277,0.725898477152781
"CXXC4",0.143178131508662,-0.175971821620814,0.31749463301491,-0.548630731128118,0.19668708788649,-0.18851433950414,0.286005323660241,-0.561173249011443,0.184144570003164,-0.364486161124954,0.0543121248089382,0.341122832902491
"CXXC5",0.0674768706022451,-0.0926750176951513,0.488092444966591,-0.379524954042246,0.194174918651944,-0.240698070316113,0.0910604534890948,-0.527548006663207,0.0461518660309821,-0.333373088011264,0.0269725045937564,0.200562359689084
"CYBB",0.344477246421209,0.28611524025338,0.385774361572261,-0.416807274028642,0.989037754535402,0.197427298568905,0.545457402388241,-0.505495215713117,0.900349812850926,0.483542538822285,0.156343529342686,0.60449132184491
"CYFIP2",0.129949753687161,0.0739445390753796,0.620901201703622,-0.248908599663826,0.396797677814585,-0.31130859462579,0.0572123906004865,-0.634161733364996,0.0115445441134148,-0.237364055550411,0.132431254921516,0.31919017561113
"CYLD",0.288891752303648,-0.0365455542351482,0.584258398723016,-0.180563016449335,0.107471907979039,-0.0702206366368801,0.302793001358223,-0.214238098851067,0.0737968255773068,-0.106766190872028,0.129581652388213,0.536357443923075
"CYP19A1",0.382331874623311,-0.129299463455049,0.420155945455855,-0.471981023964845,0.213382097054746,-0.0937012399763364,0.555945488426304,-0.436382800486132,0.248980320533459,-0.223000703431386,0.177696874913791,0.641809771756263
"CYP4A11",0.122173876033164,-0.174933101596262,0.263122195352633,-0.503642596373409,0.153776393180885,-0.162260592310213,0.297159012175132,-0.49097008708736,0.166448902466934,-0.337193693906475,0.0453480671303485,0.306273796374347
"CYP4A22",0.65336325627677,-0.106624860959453,0.475970847114194,-0.42741585262803,0.214166130709123,-0.0193955016240701,0.895508878041169,-0.340186493292646,0.301395490044506,-0.126020362583523,0.401941188141814,0.850306712113019
"CYP8B1",0.663574593312898,-0.123577589832586,0.402875297773679,-0.438798626797794,0.191643447132621,0.0246694179775383,0.865049930191105,-0.290551618987669,0.339890454942746,-0.0989081718550481,0.500406909722442,0.855811532986316
"DAB2",0.0506324655524285,0.2786351169737,0.0664291068595638,-0.0227975531700177,0.580067787117417,0.0925844014103011,0.509291826350566,-0.208848268733416,0.394017071554018,0.371219518384001,0.0206905235489032,0.164407719275881
"DACH2",0.989040128318544,0.0262716388833917,0.887814577743723,-0.378238891844799,0.430782169611583,-0.00786478815187848,0.966298390993749,-0.412375318880069,0.396645742576312,0.0184068507315132,0.921245590481972,0.993941758910431
"DAXX",0.057913569824348,-0.177167658505967,0.04591187083181,-0.350428434499757,-0.00390688251217694,-0.0176255781024032,0.825250127083793,-0.190886354096193,0.155635197891387,-0.19479323660837,0.0311760854722153,0.183085244010091
"DDB2",0.40306760469759,-0.0874924371105492,0.521035163033465,-0.380603035945967,0.205618161724868,-0.0981151363483592,0.472930770161664,-0.391225735183777,0.194995462487058,-0.185607573458908,0.188608431196872,0.658332845147486
"DDIT3",0.16875248330859,-0.35496301760968,0.0954372260047873,-0.784562805264297,0.0746367700449369,0.0204232402997634,0.917735760079775,-0.409176547354853,0.45002302795438,-0.334539777309916,0.113377077478944,0.380691821868137
"DDIT4",0.0177069422628138,-0.749579918167292,0.189848387788883,-1.93694226106507,0.437782424730485,-1.1154888772733,0.0627837698810792,-2.30285122017108,0.0718734656244753,-1.86506879544059,0.00572760100382785,0.0792038471314589
"DDX43",0.471442414976136,-0.168082610663567,0.245760747054918,-0.471813184469089,0.135647963141956,0.0462439558048519,0.741444416677059,-0.257486618000671,0.349974529610374,-0.121838654858715,0.392433546851022,0.725898477152781
"DDX58",0.0878034521986008,0.338497927335077,0.0406683531264513,0.017498479189491,0.659497375480662,-0.277010958311575,0.0834214444702514,-0.598010406457161,0.0439884898340104,0.0614869690235014,0.678569986576667,0.239882186021626
"DEFB1",0.00678590848878645,-0.81857274079687,0.195158560435541,-2.13222189160611,0.495076410012373,-1.58242457233652,0.0229338836412396,-2.89607372314576,-0.268775421527278,-2.40099731313339,0.00224138010533968,0.0424119280549153
"DEFB134",0.31414531906398,-0.193525844010376,0.212087154806296,-0.516995928244199,0.129944240223447,-0.0177004387742054,0.905373898553453,-0.341170523008029,0.305769645459618,-0.211226282784582,0.176336040340968,0.566517003252731
"DEPTOR",0.0355019449518144,0.0376707627186467,0.75744125009175,-0.226746600458442,0.302088125895736,0.296183337558488,0.031672961467974,0.0317659743813988,0.560600700735576,0.333854100277134,0.0183720488557649,0.128809243612448
"DGLUCY",0.251516397668393,0.0863539778057464,0.627564553785949,-0.298090880125331,0.470798835736824,-0.298891764729571,0.113892316412755,-0.683336622660648,0.0855530932015065,-0.212537786923825,0.246199261038008,0.49551605667067
"DIPK2B",0.0664575605839402,-0.14057076107659,0.192134604059834,-0.364495966572157,0.0833544444189768,-0.128985061768907,0.228278081038056,-0.352910267264474,0.0949401437266592,-0.269555822845497,0.0230064509928273,0.198502533659069
"DKK1",0.0894633141133086,-0.0864840991463345,0.728387233161655,-0.625999585488579,0.45303138719591,0.56023135387418,0.0432346735726712,0.0207158675319351,1.09974684021642,0.473747254727845,0.0788900867549843,0.242601111822865
"DKK2",0.529075838711579,-0.0591923293296115,0.62856786056115,-0.323494255399753,0.20510959674053,0.137770651985574,0.272433421497717,-0.126531274084567,0.402072578055715,0.0785783226559625,0.522664588323839,0.768760673287128
"DKK4",0.630902321505104,-0.12588109128991,0.411938082989361,-0.453472017830137,0.201709835250317,0.124257338500733,0.417790681205995,-0.203333588039494,0.45184826504096,-0.00162375278917719,0.991405489035822,0.842639903767104
"DLL1",0.0224485880972018,-0.584906291541652,0.128446596527182,-1.37126179618281,0.201449213099509,-0.60495567227061,0.117273001066332,-1.39131117691177,0.181399832370551,-1.18986196381226,0.00710377372169265,0.0957211992462461
"DLL3",0.616320056176984,-0.119595329099241,0.505435894125615,-0.505368284804541,0.266177626606058,-0.050307557447103,0.777320509066043,-0.436080513152402,0.335465398258197,-0.169902886546344,0.349579310503075,0.83385341381883
"DLL4",0.79819835326813,0.101190075637124,0.5192452963834,-0.236326912086444,0.438707063360691,-0.0345974685230781,0.823940137514929,-0.372114456246645,0.302919519200489,0.0665926071140456,0.669564193699255,0.913872016759309
"DMBT1",0.262162046469781,0.223222558753601,0.110496488654961,-0.0608220132348464,0.507267130742049,-0.118770227704429,0.373452279394175,-0.402814799692877,0.165274344284018,0.104452331049172,0.431676278153714,0.506316945184987
"DNAJC14",0.114582851998034,-0.100702678077542,0.233521627256705,-0.277657098587182,0.0762517424320982,-0.0839933719949837,0.315111984651728,-0.260947792504624,0.0929610485146563,-0.184696050072525,0.0423653320074423,0.292876337389932
"DNMT1",0.0286959216117757,0.0571294098022673,0.39126499726605,-0.0849234428606223,0.199182262465157,0.141978870293103,0.0500984635086377,-7.39823697863407e-05,0.284031722955993,0.199108280095371,0.0108173210695475,0.111728605543425
"DNMT3A",0.581807936928217,-0.0301215283324292,0.668745635440071,-0.182384171007703,0.122141114342845,-0.0426151552844406,0.546844050300281,-0.194877797959714,0.109647487390833,-0.0727366836168698,0.312176173462163,0.808066579066969
"DOCK9",0.276783443668159,0.0970669010463939,0.553878432229848,-0.256040355013486,0.450174157106274,0.170802545129752,0.306443943265394,-0.182304710930128,0.523909801189632,0.267869446176146,0.121854792772623,0.522163635394453
"DPP4",0.55283681874325,0.109330019565129,0.601173555895993,-0.341985318027484,0.560645357157743,0.117846318452228,0.573578383806051,-0.333469019140386,0.569161656044841,0.227176338017357,0.288255866904445,0.786266793463044
"DSC3",0.583677438747818,-0.154182237456068,0.382312942035577,-0.530117436825144,0.221752961913007,0.157369176459584,0.372939359837434,-0.218566022909492,0.533304375828659,0.00318693900351552,0.985301426467808,0.809377985076203
"DSP",0.000445641405210105,-0.719934905782749,0.035710068041733,-1.38122678420915,-0.0586430273563466,-1.0690566927396,0.00483143172340143,-1.730348571166,-0.407764814313197,-1.78899159852235,0.000127311089000904,0.00884016917943959
"DST",0.000110793713640101,0.49457237382765,0.000811329176851534,0.261307909723465,0.727836837931836,0.245129920500593,0.0412355604464664,0.0118654563964073,0.478394384604778,0.739702294328243,3.43371409511047e-05,0.00573015156432833
"DTX1",0.354932997553064,0.178886976785791,0.164279391508674,-0.0866779555975504,0.444451909169133,-0.0665546584473967,0.588850943262268,-0.332119590830738,0.199010273935945,0.112332318338395,0.36815404106491,0.615516518510518
"DTX3",0.853111699958901,-0.0796045645112144,0.582772738911004,-0.392052336135555,0.232843207113126,0.0368986418862576,0.797790242343546,-0.275549129738083,0.349346413510598,-0.0427059226249568,0.766955444393939,0.938882088953829
"DTX3L",0.28948607247355,0.349839998266668,0.135297960131056,-0.129948809487043,0.829628806020379,-0.252750127390955,0.267683758268307,-0.732538935144666,0.227038680362756,0.097089870875713,0.661691234951112,0.536357443923075
"DTX4",0.0248432167031944,0.252014175385569,0.0439615076872619,0.00828725488621329,0.495741095884924,0.0987901270468914,0.387692309734012,-0.144936793452464,0.342517047546247,0.35080430243246,0.00937909653001137,0.103008385845782
"DUOX1",0.175514636606298,-0.117667668394141,0.468755211230348,-0.465807142858076,0.230471806069794,0.315404843099485,0.0711424725868105,-0.0327346313644499,0.66354431756342,0.197737174705344,0.234367197852159,0.391104043719773
"DUSP1",0.0497746091051012,-0.929942725489455,0.0420440369494083,-1.81919804858698,-0.0406874023919331,-0.112638585738959,0.783522251750331,-1.00189390883648,0.776616737358563,-1.04258131122841,0.0259375013062676,0.162793300388548
"DUSP10",0.00479952655838728,-0.687987263681548,0.00314984060162474,-1.08491155230103,-0.291062975062066,0.02873269208313,0.875076048975768,-0.368191596536352,0.425656980702612,-0.659254571598418,0.0041035344355334,0.0342172802233404
"DUSP2",0.0821248059701361,-0.286823172545333,0.0752163489831602,-0.608742718263606,0.0350963731729404,-0.0561778330204822,0.705552419226874,-0.378097378738756,0.265741712697791,-0.343001005565815,0.0390064841930482,0.228472211730943
"DUSP4",0.00555665530214564,-0.91745147228539,0.0399759608584097,-1.78376408842679,-0.0511388561439939,-0.740435032492142,0.085998277089226,-1.60674764863354,0.125877583649255,-1.65788650477753,0.00165243396877952,0.0370094929145756
"DUSP5",0.188134919098852,-0.266702685424901,0.0744188858895903,-0.565077309690758,0.0316719388409556,0.130700563147653,0.352074886535422,-0.167674061118204,0.42907518741351,-0.136002122277248,0.333758280640673,0.405846604439012
"DUSP6",0.0789797362616283,0.0920301928943646,0.508318183074169,-0.20689478221675,0.390955168005479,0.241981137288228,0.101440763577398,-0.0569438378228859,0.540906112399342,0.334011330182593,0.032008458883138,0.222694144038878
"DUSP8",0.000897009788696336,-0.64618758096142,0.0103581265839731,-1.10347326780714,-0.188901894115701,-0.486964281825393,0.0390933852683194,-0.944249968671112,-0.0296785949796743,-1.13315186278681,0.000254084670929763,0.0124965104150444
"E2F1",0.190709479215069,-0.19543781736151,0.110878172207764,-0.444430191329781,0.0535545566067612,0.188014497403315,0.123389093732962,-0.0609778765649564,0.437006871371586,-0.0074233199581952,0.948346020711717,0.409946760385749
"E2F3",0.00910035641733727,-0.0804270794868633,0.358875302336926,-0.266765701192313,0.105911542218587,0.317633116916021,0.00349673327957797,0.131294495210571,0.503971738621471,0.237206037429158,0.0176575231682827,0.0515781070237283
"E2F4",0.370145502294705,-0.112014682942084,0.171926471966289,-0.281632979213637,0.0576036133294676,0.0681422607737406,0.391754170776634,-0.101476035497811,0.237760557045293,-0.0438724221683439,0.577141578247454,0.631322936156857
"E2F5",0.396569647935514,-0.156076190613638,0.213753135789709,-0.417981528277795,0.10582914705052,0.0252525069079952,0.834214838357004,-0.236652830756162,0.287157844572153,-0.130823683705642,0.291758302628786,0.651430789813063
"EBI3",0.949637110884827,0.0322024636054098,0.78583263931807,-0.224851720255135,0.289256647465955,-0.0322030238162291,0.785829018298622,-0.289257207676774,0.224851160044316,-5.60210819341935e-07,0.999996221063008,0.973248548984443
"ECSIT",2.50030483491136e-05,-0.497170927927941,0.00142806331895257,-0.751426435282875,-0.242915420573007,-0.479431512958714,0.0018245149431698,-0.733687020313648,-0.225176005603781,-0.976602440886655,6.49029623086979e-06,0.0031524133579556
"EDN1",0.791410651462194,0.0937753899402655,0.587313460065036,-0.278843141791301,0.466393921671832,-0.105638286098343,0.54176422463992,-0.47825681782991,0.266980245633224,-0.0118628961580775,0.944847059164135,0.913264155321895
"EFNA1",0.175987743752413,0.185128770926667,0.346553004806516,-0.232462685937172,0.602720227790506,-0.381958448825132,0.0688759414007391,-0.799549905688971,0.0356330080387075,-0.196829677898465,0.318333559616227,0.391680039448968
"EFNA2",0.145130554936195,-0.0325630188036727,0.816362098388588,-0.336865332563803,0.271739294956458,0.271447859542539,0.0749224856324971,-0.0328544542175914,0.57575017330267,0.238884840738866,0.110834284477737,0.3439782633228
"EFNA3",0.864861663202702,-0.0696502693082457,0.599645818621245,-0.355946982485666,0.216646443869175,0.0316827450880735,0.810225157331378,-0.254613968089347,0.317979458265494,-0.0379675242201721,0.773666386824385,0.943438455077663
"EFNA5",0.00414225853492599,0.273054252584232,0.220402188702726,-0.19236992285627,0.738478428024735,0.636317459149703,0.0123301202177415,0.170893283709201,1.10174163459021,0.909371711733936,0.00143577082055145,0.0309820566649177
"EGF",8.62735192572747e-05,-1.12393078829277,0.00533334105453148,-1.83082788671195,-0.417033689873585,-1.22787489648582,0.00310784283251165,-1.934771994905,-0.520977798066635,-2.35180568477859,2.28081200411149e-05,0.00507900556917827
"EGFR",0.182907823771455,0.026409034274102,0.899816757778512,-0.429286699352689,0.482104767900893,-0.36873846808365,0.101561526251928,-0.824434201710441,0.0869572655431416,-0.342329433809548,0.125106798838885,0.400247935710918
"EGR1",0.244150001643776,-0.960950068853843,0.108966281093731,-2.17774664263182,0.255846504924134,0.290494718749298,0.606382592096049,-0.926301855028679,1.50729129252727,-0.670455350104545,0.247672168808176,0.486965850273105
"EGR2",0.0202257329710789,-0.0510530567543356,0.787575408084543,-0.462020670922642,0.359914557413971,0.572869514693495,0.011137778091022,0.161901900525188,0.983837128861802,0.521816457939159,0.0178786555490634,0.0882797471198983
"EHHADH",0.063240647277521,-0.247117143070223,0.0774223623014313,-0.526922720120464,0.0326884339800186,-0.0798333000617342,0.539230478704227,-0.359638877111975,0.199972276988507,-0.326950443131957,0.0263301030387505,0.193000303146281
"EIF2AK2",0.326114113081456,0.177706188416484,0.147059576012615,-0.0741967451747941,0.429609122007762,-0.068964529305805,0.555464692743343,-0.320867462897083,0.182938404285473,0.108741659110679,0.358808230411376,0.584061095558053
"EIF2B4",0.00108165095522518,-0.392011538397698,0.0123823282392927,-0.67897532183219,-0.105047754963207,-0.301875591425652,0.041064054043706,-0.588839374860143,-0.0149118079911602,-0.69388712982335,0.000306718511778202,0.0131600866219063
"EIF4EBP1",2.81158522818677e-05,-1.03020155506561,0.00363807504060631,-1.63843736230679,-0.42196574782443,-1.27098295495482,0.000899823213211905,-1.879218762196,-0.662747147713637,-2.30118451002043,7.42340697332325e-06,0.0031524133579556
"EIF5AL1",0.484959429987092,-0.156385682908681,0.270653736384638,-0.455215871335671,0.14244450551831,0.129837681820648,0.355826845525328,-0.168992506606342,0.428667870247638,-0.0265480010880328,0.847052286341594,0.736382594048441
"ELANE",0.988473033129007,0.0172387675594854,0.915273951750767,-0.334795861658197,0.369273396777168,-0.0231706829420782,0.886319065695169,-0.375205312159761,0.328863946275604,-0.00593191538259281,0.970789420198186,0.993919165542941
"ELK1",0.0459808183707851,-0.0948657590978856,0.290934963392697,-0.284441422400899,0.0947099042051275,0.246107519038396,0.0160362875560461,0.056531855735383,0.435683182341409,0.15124175994051,0.105840656758883,0.152295814023018
"ELMO1",0.0084639412210473,-0.261586477976704,0.256963710895456,-0.746388614556367,0.22321565860296,-0.587360102078673,0.0223328017747732,-1.07216223865834,-0.10255796549901,-0.848946580055377,0.00295265554124401,0.0492741184240329
"ELOB",0.0783659293097425,-0.226581326383033,0.036862056069778,-0.436312009757721,-0.0168506430083445,0.188287069309896,0.0733481805615581,-0.0214436140647924,0.398017752684584,-0.0382942570731369,0.692703145479276,0.222077361786149
"ENDOG",0.00239086023109482,-0.411318760000818,0.0243664230863284,-0.757325287426105,-0.0653122325755301,-0.339393948789377,0.0537382618874551,-0.685400476214665,0.00661257863591025,-0.750712708790195,0.000687358450718333,0.0213888231458237
"ENG",0.0470182433683339,0.483321877137412,0.0963810857833361,-0.103542752326974,1.0701865066018,0.271621521455562,0.326715205962418,-0.315243108008824,0.858486150919948,0.754943398592974,0.0167753347121263,0.154888617594241
"ENO1",0.765409314336758,0.0906742253955491,0.507450045589919,-0.203230598687807,0.384579049478905,-0.013699948517317,0.919332772955267,-0.307604772600673,0.280204875566039,0.0769742768782322,0.572446162100132,0.904245716715096
"ENTPD1",0.0122176432225946,0.0683212116691385,0.644498129526923,-0.25167877119762,0.388321194535897,0.429652110314498,0.0135356764010465,0.10965212744774,0.749652093181256,0.497973321983637,0.00604781424034969,0.0617650938538371
"EOMES",0.843166183427864,-0.0141533339494764,0.900027517234263,-0.25889132796744,0.230584660068488,-0.0476064351885787,0.673911642208366,-0.292344429206543,0.197131558829385,-0.0617597691380551,0.586312660093585,0.935996523574119
"EP300",0.0287735433691717,-0.288590041822991,0.0219814772138642,-0.525977553745615,-0.0512025299003672,-0.0154034949287666,0.887916026481889,-0.25279100685139,0.221984016993857,-0.303993536751758,0.0171525251368287,0.111728605543425
"EPCAM",0.621960165222806,-0.272923210634543,0.36303874682673,-0.91099905414741,0.365152632878324,0.21004881779131,0.480106020919589,-0.428027025721557,0.848124661304177,-0.0628743928432334,0.830634366809764,0.838170261262878
"EPHA2",0.158824803432012,-0.219849476515294,0.497645897848693,-0.91591104641746,0.476212093386872,0.647823388853591,0.064877194286903,-0.0482381810485756,1.34388495875576,0.427973912338297,0.200667159486596,0.366905400333446
"EPM2AIP1",0.848480796544711,-0.022018748212574,0.797922142826785,-0.20859240586351,0.164554909438362,-0.0263158946422641,0.759770639122198,-0.2128895522932,0.160257763008672,-0.0483346428548381,0.576546540616764,0.937278130565663
"EPO",0.225808659547413,-0.205435862449197,0.218916421121447,-0.554386669228622,0.143514944330227,-0.076481705022004,0.635829716249872,-0.425432511801428,0.27246910175742,-0.281917567471202,0.102033173926568,0.460962867644327
"EPOR",0.00211474572171155,-0.132675739585971,0.307385514937395,-0.407525888757134,0.142174409585193,-0.447279100236507,0.0046434365103648,-0.722129249407671,-0.172428951065344,-0.579954839822478,0.000839598209221596,0.0201010986568936
"ERBB2",0.631947570483948,0.0297209831809921,0.804961249260616,-0.231434577587359,0.290876543949343,0.081277352497754,0.5038176123255,-0.179878208270597,0.342432913266105,0.110998335678746,0.365950358439917,0.843058710623688
"ERCC2",0.430759066951866,-0.171291457351955,0.223074179541765,-0.46508820783643,0.122505293132521,0.129430053980558,0.349452932910831,-0.164366696503917,0.423226804465034,-0.0418614033713966,0.757413067374101,0.687181203834927
"ERCC3",0.383117740632072,-0.102534362944688,0.187384659795434,-0.263966433528437,0.0588977076390616,0.0302262027805226,0.685352934928104,-0.131205867803227,0.191658273364272,-0.072308160164165,0.341805737411791,0.642047636963757
"ERCC6",0.00133196407901382,-0.211274242483783,0.0130951604751518,-0.367616954348615,-0.0549315306189509,-0.155916891049626,0.0505170028862837,-0.312259602914459,0.000425820815205841,-0.36719113353341,0.000382596073930653,0.0150983505850945
"ERG",0.192790457075913,0.0377996895927106,0.67609928027215,-0.157928475096923,0.233527854282344,0.127706201806334,0.17665822693041,-0.0680219628833,0.323434366495967,0.165505891399044,0.0889226880874899,0.412476652008841
"ERO1A",0.04731008893603,0.129587014615794,0.470815349122179,-0.255649456448054,0.514823485679642,0.354626942622712,0.0673842381642253,-0.0306095284411363,0.73986341368656,0.484213957238506,0.0187749896563497,0.155569211366225
"ESR1",0.496965917977967,-0.155223793862602,0.282021575105216,-0.459391780901248,0.148944193176044,0.0236876673106007,0.865704415643564,-0.280480319728045,0.327855654349247,-0.131536126552001,0.357993677088355,0.742803276256993
"ESR2",0.537915056323423,-0.122510021742905,0.380759212155098,-0.420207879370624,0.175187835884814,-0.0188693865208336,0.890493452634568,-0.316567244148553,0.278828471106885,-0.141379408263739,0.31487204302153,0.774152188787749
"ETS1",0.0234766533126922,0.367836754321921,0.0111604901073426,0.103854761739212,0.63181874690463,-0.0566695476497335,0.642708243546717,-0.320651540232443,0.207312444932976,0.311167206672187,0.0253178627439913,0.0994081027741607
"ETS2",0.209453358561163,0.426285235433483,0.104198846587728,-0.105170410553189,0.957740881420154,-0.0705798709323955,0.77335428248264,-0.602035516919067,0.460875775054276,0.355705364501087,0.166737341634447,0.441399976182589
"ETV1",0.000880924756316635,0.167691895570944,0.181798674496039,-0.0926744093356282,0.428058200477516,0.458992989449691,0.00282972281319894,0.198626684543119,0.719359294356263,0.626684885020635,0.000317678669466454,0.0124209985503695
"ETV4",0.527974942880049,-0.177208590961654,0.284373615104575,-0.526261750528525,0.171844568605217,0.0495185309374813,0.758428925168816,-0.29953462862939,0.398571690504352,-0.127690060024173,0.434001778360541,0.768760673287128
"ETV7",0.91055098263016,0.0539553416990712,0.688125619082047,-0.236938467326807,0.34484915072495,-0.0423057294779653,0.752578929314537,-0.333199538503844,0.248588079547913,0.0116496122211059,0.930659593356896,0.961804084821537
"EWSR1",0.000742807869355753,-0.460943452699408,0.00613553319663129,-0.757884411675178,-0.164002493723638,-0.289363202022935,0.0550509593606213,-0.586304160998705,0.00757775695283452,-0.750306654722343,0.000218402242370798,0.0118914417681952
"EXO1",0.245855250677541,-0.177018073486226,0.154501300018527,-0.433079220346027,0.079043073373576,0.181159740208876,0.146017170953429,-0.0749014066509251,0.437220887068678,0.00414166672265089,0.971960459054315,0.488232679528304
"EYA1",0.627939637054007,-0.123101169927183,0.405253813735883,-0.4387585641132,0.192556224258834,0.00397203477712348,0.978183889429163,-0.311685359408893,0.31962942896314,-0.11912913515006,0.420056569926444,0.839912748409695
"EZH2",0.0640598758289567,-0.0450910562043096,0.612106668464654,-0.237051276094828,0.146869163686209,0.220670303348125,0.0283058419023484,0.0287100834576067,0.412630523238644,0.175579247143815,0.0688773314800003,0.193879392019645
"F12",0.614182878892888,-0.0764300283295842,0.553060811188261,-0.353882024328047,0.201021967668878,0.124976648471464,0.339213515321407,-0.152475347526999,0.402428644469927,0.0485466201418799,0.704811558809267,0.83385341381883
"F13A1",0.0416790260771421,0.258767067508943,0.27325396083015,-0.238561209275654,0.756095344293541,0.401279246066886,0.102415504827317,-0.0960490307177117,0.898607522851483,0.660046313575829,0.0143579219717434,0.141910863042508
"F2RL1",0.0711579056909728,0.291075295815891,0.103294636222996,-0.0707276121559645,0.652878203787747,-0.417919372168576,0.0277128645472847,-0.779722280140431,-0.0561164641967201,-0.126844076352685,0.452804320033687,0.209119449091828
"FAAP24",0.917442633510007,-0.0517387084502716,0.713874406709389,-0.357325746408534,0.253848329507991,0.00478545321414195,0.972852236494413,-0.300801584744121,0.310372491172405,-0.0469532552361296,0.739172491109818,0.963100331506052
"FADD",0.924028806708652,0.0142852503222418,0.885894943496658,-0.201938952571092,0.230509453215576,0.0240331362393876,0.809411655018158,-0.192191066653947,0.240257339132722,0.0383183865616294,0.7012357902802,0.965423842567058
"FAM124B",0.724720444565557,-0.0700145414512869,0.486442815216692,-0.285885060474647,0.145855977572074,0.066722321067202,0.50668461715841,-0.149148197956158,0.282592840090562,-0.00329222038408492,0.973560911954342,0.886897424784278
"FAM30A",0.468627220950886,-0.162149299926243,0.229680392937528,-0.444564384797288,0.120265784944802,0.0793788290945262,0.545169519849932,-0.203036255776519,0.361793913965571,-0.082770470831717,0.528467267333387,0.724379292068448
"FANCA",0.0427542500707814,-0.0496806176525605,0.611336939496698,-0.260716498573441,0.16135526326832,0.264115805486795,0.0191669953157543,0.053079924565915,0.475151686407676,0.214435187834235,0.0470454315495863,0.1442264443238
"FANCB",0.482025902236993,-0.150861991492867,0.281329427298679,-0.44603176831327,0.144307785327536,0.0153210677959684,0.91021651361527,-0.279848709024435,0.310490844616372,-0.135540923696898,0.330349057297553,0.733692470043796
"FANCC",0.440753289565201,-0.145196825890732,0.23811605383366,-0.403040382488447,0.112646730706983,0.0270982469899456,0.819579288754087,-0.230745309607769,0.28494180358766,-0.118098578900786,0.33152627662081,0.697636386345612
"FANCE",0.0552775273983583,-0.219821496232737,0.0282874285427869,-0.411015021559126,-0.0286279709063475,0.0257937103586809,0.769879293522513,-0.165399814967709,0.21698723568507,-0.194027785874056,0.0472745536959887,0.176366236891615
"FANCF",0.0248913414564327,-0.167169876893922,0.152617154540065,-0.407759181908732,0.0734194281208889,-0.189592159126171,0.109638844151153,-0.430181464140981,0.0509971458886395,-0.356762036020093,0.00795908511330755,0.103008385845782
"FANCG",0.113915230447531,-0.148766360085294,0.16482583975003,-0.369931857242166,0.0723991370715781,-0.0792707442858531,0.443066754804615,-0.300436241442725,0.141894752871019,-0.228037104371147,0.0444530342463808,0.291987774672393
"FANCL",0.0103560077515812,-0.0682924105303038,0.55194436671629,-0.315495159828314,0.178910338767706,-0.332539957117273,0.013404955022676,-0.579742706415283,-0.0853372078192636,-0.400832367647577,0.00474549402635312,0.0552287341031742
"FAP",0.000278392073583486,0.432184340629125,0.0874941634179852,-0.0762656399283996,0.940634321186649,0.99933555761209,0.00137889286329802,0.490885577054565,1.50778553816961,1.43151989824121,9.22272913150653e-05,0.00762124153724042
"FAS",0.000251842764528424,0.158371396006667,0.0677123770780353,-0.0139135545802707,0.330656346593605,0.335003547598355,0.0014835890047757,0.162718597011417,0.507288498185293,0.493374943605022,8.02813957122933e-05,0.0074757768587321
"FASLG",0.3730431906922,-0.176765234925003,0.20886707476147,-0.469968756734275,0.116438286884269,0.0185404235165644,0.890751375259735,-0.274663098292707,0.311743945325836,-0.158224811408439,0.256907692471383,0.633895552153878
"FBP1",0.193587234811567,-0.321194092149602,0.102571758625787,-0.719475679959411,0.0770874956602071,0.0349554288309797,0.848875657483962,-0.36332615897883,0.433237016640789,-0.286238663318622,0.14038699307107,0.413696374158207
"FBXW7",0.0102957103471227,-0.177754417183053,0.0821156189273114,-0.382718984172459,0.0272101498063527,-0.178195738690021,0.0814660379323177,-0.383160305679427,0.0267688282993848,-0.355950155873074,0.00311179441178311,0.0552287341031742
"FCAR",0.779689314256866,-0.0734627054169349,0.541437962781968,-0.332374992591404,0.185449581757535,0.0702035261930371,0.559196675186555,-0.188708760981432,0.329115813367507,-0.00325917922389779,0.97817592793346,0.90806190077778
"FCER1A",0.188089265976502,-0.0675132912584678,0.580369260002351,-0.330795559275743,0.195768976758807,0.229028435452837,0.0813161388908834,-0.0342538325644379,0.492310703470112,0.161515144194369,0.201600146455904,0.405846604439012
"FCER1G",0.361208706168519,0.295056918458653,0.362554328586949,-0.394039651329884,0.98415348824719,0.163508616654857,0.608552464423436,-0.52558795313368,0.852605186443394,0.45856553511351,0.168959404582264,0.621798319359727
"FCER2",0.536418711870939,-0.152092913519351,0.296856595891926,-0.460000649567041,0.155814822528338,0.0354155580286112,0.80292927189739,-0.272492178019078,0.343323294076301,-0.11667735549074,0.41823019626655,0.774152188787749
"FCGR1A",0.108405895039451,-0.104943023844677,0.221234379054801,-0.284168227664072,0.0742821799747192,-0.0849739299776762,0.315637691527522,-0.264199133797072,0.0942512738417195,-0.189916953822353,0.0398811040843161,0.282581817297767
"FCGR2A",0.0968007658786897,0.283086886013345,0.123849182192247,-0.0923310171640297,0.658504789190719,0.116585634770465,0.504719464521106,-0.258832268406909,0.492003537947839,0.39967252078381,0.0391372229565717,0.259034307519954
"FCGR2B",0.984904996781639,-0.020940537211216,0.876210089970294,-0.312896417297588,0.271015342875156,0.0184348411746236,0.890908168651079,-0.273521038911749,0.310390721260996,-0.00250569603659234,0.98511924795467,0.991423948773574
"FCGR3A",0.210270205362814,0.215532864020277,0.290146047446461,-0.214433267501158,0.645498995541712,0.151793688783912,0.449747123093592,-0.278172442737523,0.581759820305347,0.367326552804189,0.0861191864408269,0.442100374178728
"FCGR3B",0.488413752867034,-0.141281225754219,0.242976290323955,-0.394970073559122,0.112407622050684,0.0671946325016351,0.568173910485116,-0.186494215303268,0.320883480306538,-0.0740865932525836,0.529906736185891,0.738488068750901
"FCGRT",0.000332277718858958,-0.43488896957166,0.00100919304545464,-0.646416709299003,-0.223361229844317,-0.137515147044081,0.178090289766645,-0.349042886771425,0.074012592683262,-0.572404116615741,0.000127028696742661,0.00800321831349932
"FCN1",0.129349346495836,-0.251058966276685,0.0486155756118322,-0.500266426926356,-0.00185150562701419,0.113592178660902,0.3337544740415,-0.135615281988769,0.362799639310573,-0.137466787615783,0.247179476892395,0.319003455885
"FCRL2",0.767877144772027,-0.108432002328865,0.485040231770719,-0.441651611506937,0.224787606849206,0.07097902658855,0.645255796520792,-0.262240582589521,0.404198635766621,-0.0374529757403154,0.807319801711007,0.904741178462549
"FEN1",0.589831399389881,-0.0847094456222086,0.363655596080365,-0.283020242891145,0.113601351646728,0.0774863274166471,0.404385020708499,-0.12082446985229,0.275797124685584,-0.00722311820556153,0.936919206361642,0.814252877372567
"FEZ1",0.293455510842627,-0.114844964396653,0.369971281027543,-0.387426610541735,0.157736681748428,0.203365335559788,0.127422414489908,-0.0692163105852932,0.47594698170487,0.0885203711631351,0.48590269827481,0.540420088080518
"FGF1",0.0751877102363069,-0.0865152755841864,0.469231643253352,-0.342767249887811,0.169736698719438,0.291522985231009,0.0296248800761716,0.0352710109273845,0.547774959534634,0.205007709646823,0.104988667384863,0.216773414188405
"FGF10",0.0331398728126563,-0.342628749295689,0.0469684902539126,-0.679682577453956,-0.00557492113742175,-0.110766684947345,0.480832891800008,-0.447820513105611,0.226287143210922,-0.453395434243033,0.0134069569277144,0.122182359359793
"FGF11",0.876621675399841,-0.0703089148752428,0.61693642838356,-0.373792772089241,0.233174942338756,0.0375041747245373,0.788652501329297,-0.265979682489461,0.340988031938536,-0.0328047401507055,0.814538935634422,0.948893569160564
"FGF12",0.0201049708061404,-0.262821457469989,0.0503008825519432,-0.526061038694079,0.000418123754099886,-0.137261597375188,0.272286628347551,-0.400501178599277,0.125977983848901,-0.400083054845177,0.00692737199704975,0.088200893560592
"FGF13",0.952306673761845,-0.040068157029682,0.764785277540238,-0.330418832899852,0.250282518840489,0.0131967445958357,0.921336893815178,-0.277153931274335,0.303547420466006,-0.0268714124338463,0.840764599043144,0.97364687933634
"FGF14",0.785731559277228,-0.0847021508063617,0.556003000582178,-0.394518414395787,0.225114112783063,0.000115078221610762,0.999355932016682,-0.309701185367814,0.309931341811036,-0.0845870725847509,0.556530250393179,0.911029285693101
"FGF16",0.817791984845819,-0.100263595003566,0.549256678148619,-0.460709844748291,0.260182654741158,0.072875790396594,0.661966743817924,-0.287570459348131,0.433322040141318,-0.0273878046069724,0.868935782796775,0.924024759743328
"FGF17",0.870698651632305,-0.0819759917988489,0.608175276810654,-0.427090303323695,0.263138319725997,0.037499419233323,0.813591565787271,-0.307614892291523,0.382613730758169,-0.0444765725655259,0.779858725218861,0.946411577861201
"FGF18",0.610828804542527,-0.0874501167692783,0.375127846384332,-0.297356690753821,0.122456457215265,0.00965211182929705,0.920419943153777,-0.200254462155246,0.21955868581384,-0.0777980049399812,0.428169106658881,0.83069619446767
"FGF19",0.655261263182549,0.391403572682886,0.385927635712088,-0.570511935915859,1.35331908128163,-0.103944905831696,0.814595250589533,-1.06586041443044,0.857970602767048,0.287458666851189,0.520565844947092,0.850306712113019
"FGF2",0.300873671600283,0.292857377781913,0.192304670606823,-0.173850806926394,0.75956556249022,0.0117506844133943,0.956367501453892,-0.454957500294913,0.478458869121702,0.304608062195307,0.176533637906755,0.547452094387355
"FGF20",0.976875406331036,-0.0382959393276835,0.834151022575336,-0.43532526456041,0.358733385905043,0.0150294125261472,0.934446446688144,-0.381999912706579,0.412058737758874,-0.0232665268015363,0.898702965601564,0.986218905811096
"FGF21",0.712540616984671,-0.115513162995193,0.498128187462508,-0.481657870178215,0.250631544187829,-0.00702378248450605,0.966748159004238,-0.373168489667528,0.359120924698516,-0.122536945479699,0.473020272999845,0.882216164177086
"FGF22",0.375683484054526,-0.206373806624991,0.2053786295782,-0.545848553157383,0.1331009399074,0.0276084251800906,0.85982473032899,-0.311866321352301,0.367083171712482,-0.178765381444901,0.267854741337715,0.636013319480065
"FGF23",0.937612013511775,-0.0522688293909597,0.72934772592026,-0.379550809596848,0.275013150814929,0.0331536115885495,0.825973031836731,-0.294128368617339,0.360435591794438,-0.0191152178024102,0.899038933411549,0.970218862231872
"FGF3",0.949919213268432,-0.0407791758873798,0.754796158221943,-0.323810676023892,0.242252324249132,0.018735707927529,0.885672706197147,-0.264295792208983,0.301767208064041,-0.0220434679598508,0.865693296298141,0.973248548984443
"FGF4",0.719505880941426,-0.0831713443750487,0.543919535293136,-0.378144072538267,0.21180138378817,-0.0197099547489296,0.884605332274136,-0.314682682912148,0.275262773414289,-0.102881299123978,0.455069476209733,0.884837084041848
"FGF5",0.824933781660435,-0.0768818617381725,0.57162950273058,-0.369800300754369,0.216036577278024,0.0639997564121202,0.636875262366929,-0.228918682604076,0.356918195428316,-0.0128821053260523,0.923876419876962,0.926508072527657
"FGF6",0.577297791326349,-0.147494085763303,0.318901100261153,-0.460802301791141,0.165814130264536,0.0436244428275514,0.762746322032272,-0.269683773200287,0.35693265885539,-0.103869642935751,0.47707777557951,0.804785274416581
"FGF7",0.202962852575093,-0.160932812972284,0.444657493109963,-0.611554208764558,0.28968858281999,0.390012513226772,0.0826457024639378,-0.0606088825655017,0.840633909019046,0.229079700254488,0.283765774609116,0.429208813383017
"FGF8",0.827757908112768,0.000158594404298495,0.999321679544109,-0.405252585551273,0.40556977435987,0.097731551875024,0.602921710539178,-0.307679628080548,0.503142731830596,0.0978901462793225,0.602341764893805,0.927287330078492
"FGF9",0.860149025902181,-0.0647842157851677,0.689882581419498,-0.416166388132634,0.286597956562298,0.0829662971564766,0.610290438053728,-0.268415875190989,0.434348469503943,0.0181820813713089,0.910494486206865,0.94054641837716
"FGFR1",0.00187828337482741,-0.884404547238522,0.0196415396654695,-1.59469902616469,-0.174110068312355,-0.709344738672031,0.0502531690041854,-1.4196392175982,0.000949740254136078,-1.59374928591055,0.000537754916156115,0.0186297128209784
"FGFR2",0.00705839066624782,-0.22165104097239,0.392069551098343,-0.773762017342398,0.330459935397617,-0.751058280081045,0.0126549772160034,-1.30316925645105,-0.198947303711038,-0.972709321053436,0.00284072569182389,0.0435187938037239
"FGFR3",0.00210401479288602,-0.230529476989922,0.467132758089303,-0.910038728796382,0.448979774816538,-1.17147052754551,0.00325816181269053,-1.85097977935197,-0.491961275739045,-1.40200000453543,0.000984307683604385,0.0201010986568936
"FGFR4",0.00847784832062813,-0.0141950309685134,0.940478536274036,-0.427279710280248,0.398889648343221,-0.634252631641085,0.00653538297324351,-1.04733731095282,-0.221167952329351,-0.648447662609598,0.0057488992361778,0.0492741184240329
"FH",2.65174315364991e-05,-0.444358642694749,0.000475486187040414,-0.63913227166296,-0.249585013726537,-0.293719370432736,0.00724181201419305,-0.488492999400948,-0.0989457414645247,-0.738078013127485,7.31914165924524e-06,0.0031524133579556
"FLG",0.718630669702556,-0.0566642166903579,0.692406373065376,-0.366685737765326,0.253357304384611,-0.0583333519129551,0.683900994988691,-0.368354872987924,0.251688169162013,-0.114997568603313,0.427804219842397,0.884837084041848
"FLNA",0.000710327642920159,0.502565254627858,0.15047473956922,-0.21652742464024,1.22165793389596,1.28477729609136,0.00259703346837172,0.565684616823263,2.00386997535946,1.78734255071922,0.000248171730712332,0.0116788103453089
"FLNB",0.420470377730348,0.167329049703768,0.55615432232658,-0.44495158941485,0.779609688822386,0.20984755234447,0.462711005468241,-0.402433086774148,0.822128191463089,0.377176602048238,0.199881739214909,0.677280175955768
"FLNC",0.011999498639901,0.0561617029754119,0.735597758400644,-0.304197066120074,0.416520472070897,0.497837360040111,0.0116767487341098,0.137478590944626,0.858196129135597,0.553999063015523,0.0064879461029111,0.0611706285413949
"FLT1",0.243722907759914,0.021722453062519,0.869012571089538,-0.264332428775383,0.307777334900421,-0.21079655085002,0.13163509402625,-0.496851432687922,0.0752583309878819,-0.189074097787501,0.171585287215808,0.486645849739434
"FLT3",0.0628294773559863,-0.0888369685840493,0.566667928417161,-0.422911629071965,0.245237691903867,-0.300144890800267,0.0731631703539204,-0.634219551288183,0.0339297696876488,-0.388981859384316,0.0267497048069112,0.192388919756166
"FLT3LG",0.783412000838957,0.0825681442279828,0.496919614594731,-0.178397730646173,0.343534019102139,-0.0471305597874974,0.695854639771264,-0.308096434661654,0.213835315086659,0.0354375844404853,0.768419223814075,0.910089109341036
"FN1",0.000513825979979351,1.0460276794198,0.165470638806598,-0.511683717580405,2.60373907642,2.96779058447877,0.00170262410261332,1.41007918747857,4.52550198147898,4.01381826389857,0.000187375904638367,0.00944819598181309
"FOLH1",0.640580648749751,-0.123764818470561,0.397407166258015,-0.43568589432343,0.188156257382308,0.0149232057186812,0.917214072600161,-0.296997870134188,0.32684428157155,-0.10884161275188,0.454872092324738,0.843784026297167
"FOLH1B",0.639864718306681,-0.129678944679032,0.361473095116529,-0.431828974360422,0.172471085002359,0.0812786667418758,0.56225783009942,-0.220871362939515,0.383428696423266,-0.0484002779371557,0.72857051141301,0.843784026297167
"FOS",0.584082633613895,-0.538468465116528,0.33336772504359,-1.71881148786987,0.641874557636814,0.415878076442696,0.450619816559641,-0.764464946310646,1.59622109919604,-0.122590388673832,0.821659247558246,0.809377985076203
"FOSL1",0.374128507311045,-0.177364240437429,0.184423086472843,-0.454561598053118,0.0998331171782596,0.129054208360174,0.324005626411454,-0.148143149255515,0.406251565975862,-0.0483100320772558,0.705917517858529,0.634558109519197
"FOXA1",0.171885605330582,-0.0846288534075622,0.64942686806609,-0.487058259341629,0.317800552526504,0.355228844261349,0.0775552950654944,-0.0472005616727174,0.757658250195416,0.270599990853787,0.164957403882613,0.386319248433882
"FOXA2",0.00105719326891771,-0.369473485799326,0.0798866960865206,-0.791873434961832,0.0529264633631792,-0.645484508599526,0.00671557345990915,-1.06788445776203,-0.22308455943702,-1.01495799439885,0.000321833286243762,0.013070652937253
"FOXC1",0.276083591114599,-0.029429561562863,0.783306875299805,-0.261531313172303,0.202672190046577,0.16716968971154,0.139618619563333,-0.0649320618979002,0.39927144132098,0.137740128148677,0.215518799256909,0.521586494600563
"FOXJ1",0.775321848590092,-0.00498203580677234,0.968105317758236,-0.275750200525854,0.26578612891231,0.0784142155790313,0.533278507953352,-0.192353949140051,0.349182380298113,0.073432179772259,0.559123292529439,0.905865796208014
"FOXL2",0.239496722511257,-0.120620236808024,0.399147788536107,-0.4257822160822,0.184541742466152,-0.128468432036552,0.370340574177074,-0.433630411310728,0.176693547237624,-0.249088668844576,0.0989836245015546,0.479532626013438
"FOXM1",0.0560416070203556,-0.000435075947821842,0.996528359521459,-0.217741008332131,0.216870856436487,0.23603032134453,0.0360536702047691,0.0187243889602207,0.453336253728838,0.235595245396708,0.0363296925621845,0.178181067616984
"FOXO4",0.0457780545374148,-0.204816944143655,0.177649271580842,-0.519517892417353,0.109884004130043,-0.207678686563021,0.172203260445115,-0.522379634836719,0.107022261710677,-0.412495630706676,0.0152862643804587,0.151899908237785
"FOXP3",0.949618347527982,-0.0321340352674328,0.829021813866644,-0.355113067759329,0.290844997224464,0.0454493111723303,0.760311509828413,-0.277529721319566,0.368428343664227,0.0133152759048976,0.92862478530467,0.973248548984443
"FPR1",0.773527432319658,0.160953790797975,0.486248984179096,-0.335076583293747,0.656984164889697,-0.0678578094263485,0.766757799718153,-0.56388818351807,0.428172564665373,0.0930959813716265,0.684652734644466,0.905508379719934
"FPR2",0.334377040778381,-0.174219651062903,0.206727736546976,-0.461729207994758,0.113289905868951,0.175565821945065,0.203516655121963,-0.111943734986789,0.46307537887692,0.00134617088216214,0.991881382565448,0.592154451206498
"FPR3",0.379770302190204,0.0343809073673435,0.833793946404772,-0.321280859982592,0.390042674717279,0.182665320435288,0.279128045356661,-0.172996446914648,0.538327087785223,0.217046227802631,0.203777881500061,0.639849761774918
"FST",0.281374737495671,0.515475250773142,0.219172476681781,-0.360630598044897,1.39158109959118,-0.625767414515097,0.142587972581843,-1.50187326333314,0.250338434302943,-0.110292163741955,0.784812545163774,0.52768771779233
"FSTL3",0.381485252597135,0.516929473273096,0.229586794883477,-0.383210657853893,1.41706960440009,-0.0139757570232123,0.973083860153895,-0.914115888150202,0.886164374103777,0.502953716249884,0.241526114596587,0.641307800873206
"FUBP1",0.118323805490366,-0.134513789563086,0.286331496275454,-0.400614273852142,0.13158669472597,-0.141036713032072,0.264950931669154,-0.407137197321128,0.125063771256984,-0.275550502595158,0.0437103292513147,0.299502004188514
"FUT4",0.000841878165765841,-0.0157474257562768,0.794139866281589,-0.146666602362631,0.115171750850077,-0.276051186667496,0.000843907542066355,-0.40697036327385,-0.145132010061142,-0.291798612423773,0.000564846743685227,0.0123729356514816
"FUT5",0.254726539025294,-0.118051524332959,0.461938000506308,-0.461884045640387,0.22578099697447,-0.154818725712427,0.339388007087366,-0.498651247019855,0.189013795595001,-0.272870250045386,0.107451497693489,0.498793920301676
"FUT7",0.68619042910045,-0.0436415026569608,0.740296508517205,-0.328957602061913,0.241674596747991,-0.0686893072359232,0.603395782728019,-0.354005406640875,0.216626792169029,-0.112330809892884,0.40094390953182,0.869651064658556
"FUT8",0.366965749015294,-0.173093831306946,0.191903757460683,-0.44867112780385,0.102483465189957,0.0317804933672246,0.802421998505101,-0.243796803129679,0.307357789864128,-0.141313337939721,0.279836022045201,0.627659317669082
"FYN",0.0392237570387607,0.144221959719083,0.291370371520366,-0.144260622570092,0.432704542008259,0.24245268712799,0.0906168941598361,-0.0460298951611856,0.530935269417166,0.386674646847074,0.0136541703880782,0.136870662706957
"FZD1",0.280647976061034,0.0306188055414229,0.91178534489288,-0.569813138794468,0.631050749877314,0.380773138376102,0.188014191497542,-0.21965880595979,0.981205082711993,0.411391943917525,0.157839958521231,0.526936786328587
"FZD10",0.790936505891154,-0.0886973252563492,0.510019474522251,-0.377982767426829,0.20058811691413,0.0312675094036331,0.814553273347875,-0.258017932766846,0.320552951574113,-0.0574298158527161,0.667659012177712,0.913264155321895
"FZD2",0.938321255802331,-0.00294028933669781,0.986278220891506,-0.374473571907845,0.36859299323445,0.0530999683050908,0.756696214511055,-0.318433314266057,0.424633250876238,0.0501596789683929,0.769717048006425,0.970218862231872
"FZD3",0.00828053739077964,-0.214643131452057,0.183664114621117,-0.549467748534103,0.120181485629988,-0.380386994666921,0.0298023468120469,-0.715211611748967,-0.045562377584876,-0.595030126118979,0.00268768866518386,0.0484358356992719
"FZD4",0.0412977105204872,-0.115338521499031,0.306832134988847,-0.353984727491331,0.123307684493269,-0.200648421982167,0.0905052963439457,-0.439294627974467,0.0379977840101328,-0.315986943481198,0.0145287760398775,0.141139179213275
"FZD5",0.124530305344178,-0.184010040495437,0.338055958530457,-0.591492878915156,0.223472797924282,-0.230878133252465,0.235431266965994,-0.638360971672184,0.176604705167255,-0.414888173747902,0.0466789949782604,0.310051578790075
"FZD6",0.867894564854675,-0.0465483646563092,0.779841956493061,-0.407710316361706,0.314613587049088,-0.0402763306732019,0.808792034685127,-0.401438282378599,0.320885621032195,-0.0868246953295111,0.603906690820866,0.9449590191667
"FZD7",0.097686222754087,-0.00354310861041279,0.988473971834993,-0.536546727713326,0.529460510492501,0.505959790620359,0.0605220435245371,-0.0270438284825546,1.03896340972327,0.502416682009946,0.062048566371727,0.259879528463861
"FZD8",0.111320313052124,-0.247202774996722,0.0619341994708239,-0.509318186134359,0.0149126361409152,0.0169036932134116,0.88859839887418,-0.245211717924226,0.279019104351049,-0.23029908178331,0.078738709733657,0.288169604709398
"FZD9",0.642263733477058,-0.097562933972007,0.515856605422092,-0.420301726853263,0.225175858909249,-0.0374194348788331,0.801385236207232,-0.360158227760089,0.285319358002423,-0.13498236885084,0.373341606717956,0.844337588317166
"G6PD",0.0658456189245679,0.0125932856346284,0.973493719296616,-0.811052916680145,0.836239487949402,0.854448352857769,0.0433989951633845,0.0308021505429951,1.67809455517254,0.867041638492397,0.0409514250969058,0.197320615003836
"GABPA",0.00709631361347516,-0.212318052954944,0.0292058693284806,-0.398338291262972,-0.0262978146469163,-0.127399304877755,0.157999993968265,-0.313419543185783,0.0586209334302728,-0.3397173578327,0.00225336530791837,0.0436052940895359
"GADD45A",0.00564379158771158,0.0423571628511857,0.794002644796385,-0.309546226041112,0.394260551743484,0.560588786640334,0.00527291856665001,0.208685397748036,0.912492175532632,0.60294594949152,0.00338649930824603,0.0370500706747253
"GADD45B",0.0280129104450049,-0.603364468093112,0.170036371132597,-1.5125782098502,0.305849273663979,-0.713717814939596,0.110850739985706,-1.62293155669669,0.195495926817495,-1.31708228303271,0.00905663532852829,0.111380308414235
"GADD45G",0.0100635055542423,-0.518158049234656,0.0505977065153763,-1.0379515578382,0.00163545936888509,-0.384691022296556,0.130161355133462,-0.904484530900097,0.135102486306985,-0.902849071531212,0.00310845734086956,0.0548235750343048
"GADL1",0.74294069489787,-0.0890339628446042,0.519518757624883,-0.386203250926377,0.208135325237169,0.0916680671441135,0.507510232303846,-0.20550122093766,0.388837355225887,0.00263410429950929,0.984631169438424,0.894814684367862
"GAGE1",0.894564525637859,-0.057315704344274,0.685053412123348,-0.363117120431676,0.248485711743128,0.0554827033216453,0.69453243526578,-0.250318712765757,0.361284119409047,-0.00183300102262865,0.989606738638493,0.957759199813385
"GAS1",0.0870120306574004,-0.833249462256787,0.0309918387307649,-1.57336943700844,-0.0931294875051381,0.433677705165004,0.22092867891935,-0.306442269586645,1.17379767991665,-0.399571757091783,0.25671573127429,0.238208283052945
"GATA1",0.785322784328111,-0.0788192996325419,0.507870731085907,-0.334557616868095,0.176919017603011,0.0241368778667289,0.837660940499455,-0.231601439368824,0.279875195102282,-0.054682421765813,0.644010700784369,0.911029285693101
"GATA2",0.0193214232083882,-0.338660066207036,0.0837109664098886,-0.731526522882096,0.0542063904680234,-0.271372545223631,0.154803515617857,-0.664239001898691,0.121493911451429,-0.610032611430667,0.0061248570818806,0.0851729404717598
"GATA3",0.117066207601929,0.106771634180267,0.645714969715528,-0.395185931182151,0.608729199542685,0.388617382627279,0.115234089493513,-0.113340182735139,0.890574947989697,0.495389016807546,0.0525315245612664,0.296730317879888
"GBP1",0.13235134097939,0.223577144305866,0.234226278500147,-0.169929128528935,0.617083417140666,0.16949514874193,0.359822149269229,-0.224011124092871,0.56300142157673,0.393072293047795,0.0502087258556159,0.322484909595978
"GBP2",0.537048448721232,-0.0129379520067822,0.899979012014898,-0.236550530184499,0.210674626170934,0.10584337538346,0.316398543167101,-0.117769202794257,0.329455953561176,0.0929054233766778,0.376383441843253,0.774152188787749
"GBP4",0.645142028881733,0.0402354543824317,0.753601525549672,-0.237616200231797,0.31808710899666,0.0771989639820053,0.549711710510643,-0.200652690632223,0.355050618596234,0.117434418364437,0.368525853424429,0.845821984704859
"GDF15",0.108938288147601,-0.715434052678632,0.235767403409708,-1.97909684976207,0.548228744404803,-0.623186875981151,0.297594144275008,-1.88684967306459,0.640475921102285,-1.33862092865978,0.03993226907616,0.283208512634434
"GDF6",0.704862966208366,-0.131252869081177,0.43469745816773,-0.490606407419789,0.228100669257434,0.100472990401587,0.547245540861901,-0.258880547937024,0.459826528740199,-0.0307798786795902,0.85246377244746,0.878872539603938
"GHR",0.553139358098768,-0.132159746070014,0.289065508664594,-0.395179895234159,0.130860403094131,0.0597561797017429,0.623677429715445,-0.203263969462402,0.322776328865888,-0.0724035663682708,0.553334674195632,0.786266793463044
"GIMAP4",0.166184286522271,0.239765169370785,0.0680458890236837,-0.0214387493669471,0.500969088108518,-0.157170660068965,0.20967555331633,-0.418374578806698,0.104033258668767,0.0825945093018201,0.497168519773525,0.378349017431099
"GIMAP6",0.0870602327651037,-0.0314244489884122,0.725330587364627,-0.22517385269472,0.162324954717895,-0.171248325424615,0.0772247105051384,-0.364997729130922,0.0225010782816929,-0.202672774413027,0.0419958876306165,0.238208283052945
"GLI1",0.0218431003011627,0.0519425914621612,0.613899536860288,-0.170320047480417,0.274205230404739,0.263319129307245,0.0247457755757725,0.0410564903646676,0.485581768249823,0.315261720769407,0.0101512769555039,0.0937968424696984
"GLI3",0.16766334133604,-0.0509772877056234,0.783440004639729,-0.453273696488154,0.351319121076907,0.346430392168922,0.0839861370854215,-0.0558660166136084,0.748726800951453,0.295453104463299,0.132802771114773,0.380106332842575
"GLS",0.118945782853381,-0.117696162515717,0.12968950295532,-0.276507325122136,0.0411150000907028,-0.0403305983588996,0.583973505036335,-0.199141760965319,0.11848056424752,-0.158026760874616,0.0509413681826967,0.300283276735352
"GLUD1",0.0114129114505999,-0.360651004917845,0.031685771923966,-0.68265226420965,-0.0386497456260411,-0.178841106004293,0.244163817939751,-0.500842365296098,0.143160153287511,-0.539492110922139,0.00389044804911638,0.0590044288876623
"GLUL",0.543467398400585,-0.139025716862477,0.314246086667575,-0.431368804699135,0.15331737097418,0.0220757224903663,0.869738071315502,-0.270267365346291,0.314418810327024,-0.116949994372111,0.39368127677446,0.777904315357701
"GMIP",0.0329405728374961,0.149191217747586,0.34311968834074,-0.184837921528284,0.483220357023456,0.310539967231017,0.0651247387571518,-0.0234891720448532,0.644569106506887,0.459731184978603,0.0119089890692478,0.121748261552056
"GNA11",0.00421532903621171,-0.223043812471745,0.0868181815441645,-0.484796888525376,0.0387092635818855,-0.298611167808939,0.0292682269469737,-0.56036424386257,-0.0368580917553082,-0.521654980280684,0.00125346767494105,0.0312111775533589
"GNAQ",0.196234779975613,0.102333752646536,0.142332878638601,-0.0408364924266465,0.245503997719718,0.0126076821640038,0.848374533043707,-0.130562562909178,0.155777927237186,0.11494143481054,0.103926711375256,0.416535179756274
"GNAS",0.00661160168384124,-0.826541621743289,0.0116576994198552,-1.42464632718396,-0.228436916302618,-0.236180610876704,0.399590101975359,-0.834285316317375,0.361924094563968,-1.06272223261999,0.00269082388135919,0.0417514639204508
"GNG12",0.110336740444922,0.164328201429454,0.322968651205287,-0.187840074062985,0.516496476921894,0.20688265361285,0.219837949612199,-0.145285621879589,0.55905092910529,0.371210855042305,0.0407364223687591,0.286436061610217
"GNG4",0.445751261251276,-0.13635836293255,0.446290598891568,-0.519584740228752,0.246868014363652,-0.0898312084984735,0.612839537041,-0.473057585794675,0.293395168797728,-0.226189571431024,0.217832504068219,0.703716307771261
"GNG7",0.00387421055755357,-0.12501983523788,0.410513852447671,-0.449345240549607,0.199305570073846,-0.495949909273991,0.00668953696285271,-0.820275314585717,-0.171624503962265,-0.620969744511872,0.00164708287834005,0.0297077070064507
"GNGT1",0.825198479216049,-0.0341600287716604,0.824898085946048,-0.369267763710724,0.300947706167404,0.0930443535500571,0.549975876763328,-0.242063381389007,0.428152088489121,0.0588843247783968,0.703623735169929,0.926508072527657
"GNLY",0.945042028615166,0.0385390527802094,0.833141080200763,-0.358550991809994,0.435629097370413,-0.0591983291091623,0.746617175865396,-0.456288373699366,0.337891715481042,-0.0206592763289529,0.910008709978731,0.973143572553633
"GOT1",0.00345945379387025,-0.768966998542314,0.0200875498155251,-1.38947627821137,-0.148457718873258,-0.499537201470539,0.103096139699155,-1.1200464811396,0.120972078198516,-1.26850420001285,0.00105022866993691,0.0272133757491949
"GOT2",0.00339135972392156,-0.212343257150927,0.0198586824036685,-0.38327789947623,-0.0414086148256238,-0.138139308526092,0.101944150468541,-0.309073950851395,0.032795333799211,-0.350482565677019,0.00102854278816144,0.0268732178778009
"GPC4",0.130869058639406,-0.150495463666627,0.454554024012591,-0.581476258928715,0.280485331595462,-0.276661221529565,0.183119842749057,-0.707642016791654,0.154319573732524,-0.427156685196192,0.0517033345705941,0.32015553889667
"GPI",0.476037135876077,-0.0745018080877288,0.241169204756011,-0.207729787292422,0.0587261711169641,0.0485823479369051,0.435418589843535,-0.0846456312677878,0.181810327141598,-0.0259194601508237,0.673865196267002,0.728157718000721
"GPR160",0.127820804974695,-0.189278643177072,0.160808326037331,-0.467717476509069,0.0891601901549238,-0.0863057498344974,0.505505350904734,-0.364744583166494,0.192133083497499,-0.27558439301157,0.0519729452097886,0.316516918695818
"GPSM3",0.0653558717558541,0.223130803229524,0.116821047230016,-0.0665018083832585,0.512763414842307,0.122132293965805,0.369582545059185,-0.167500317646977,0.411764905578588,0.345263097195329,0.0240596799753777,0.196511681194938
"GPT",0.000575813283162006,-0.2769092420252,0.0561049350629274,-0.562547374653012,0.00872889060261223,-0.467515362759799,0.00448537332190278,-0.753153495387611,-0.181877230131986,-0.744424604784999,0.000171334710530292,0.0101044157862564
"GPX1",0.0584181331635304,0.344175753514195,0.183170907689315,-0.192047145011133,0.880398652039523,0.32122788093593,0.211540376564467,-0.214995017589399,0.857450779461258,0.665403634450125,0.0199606605566724,0.183499299523998
"GPX4",0.244973962052995,0.0917645436686983,0.583727608581228,-0.269339969013283,0.452869056350679,0.194288522414896,0.258232198399058,-0.166815990267086,0.555393035096877,0.286053066083594,0.108016823681548,0.487012506260039
"GRB2",0.136165232275757,-0.0843842697771452,0.291437967814732,-0.253200476587935,0.0844319370336446,0.167713413895353,0.0512486685496267,-0.00110279291543658,0.336529620706143,0.083329144118208,0.297177968606939,0.328271530915794
"GRB7",0.0121493455082775,-0.170905975182276,0.274287960097291,-0.500126545882883,0.15831459551833,-0.372739302854337,0.0302485802933462,-0.701959873554944,-0.043518732153731,-0.543645278036614,0.004250951518625,0.0615904320905735
"GRIA3",0.99730678911817,0.00322503984935434,0.983688169285544,-0.339574500055558,0.346024579754267,0.00776703807460186,0.960730518646844,-0.335032501830311,0.350566577979514,0.0109920779239562,0.944451007737329,0.998400927120494
"GRIN1",0.289173890125346,-0.212813937907612,0.144468400315711,-0.512329154502874,0.0867012786876502,0.0415813878833188,0.763419456253801,-0.257933828711943,0.341096604478581,-0.171232550024293,0.231534803367351,0.536357443923075
"GRIN2A",0.417481891488751,-0.149034294857414,0.294716980511909,-0.44933905360663,0.151270463891801,-0.0221706953194602,0.872617005693871,-0.322475454068675,0.278134063429755,-0.171204990176875,0.232746845817291,0.674251727404399
"GRIN2B",0.47049772015078,-0.136979664292497,0.347733093334514,-0.446754662243206,0.172795333658212,-0.0290891587250139,0.838468318002724,-0.338864156675722,0.280685839225695,-0.166068823017511,0.259847307903417,0.725831225084678
"GSK3B",0.580162106729081,-0.0311428801305863,0.721413334141379,-0.22032326992934,0.158037509668167,0.0896819465558747,0.315698743064708,-0.099498443242879,0.278862336354628,0.0585390664252884,0.506214049265857,0.806394398157329
"GTF2H3",0.408577863280574,-0.130973423772444,0.226930714528269,-0.357641479113021,0.0956946315681322,0.0170059520714235,0.870570025004198,-0.209662103269153,0.243674007412,-0.113967471701021,0.288771692918483,0.66427936059107
"GTF3C1",0.00636898820522136,-0.336912736347334,0.00270199721484666,-0.526651405906562,-0.147174066788107,0.0684933237946719,0.439908753861568,-0.121245345764556,0.2582319933539,-0.268419412552662,0.0102960937318542,0.0406412708899615
"GUSB",0.000414244754361418,-0.343070536629086,0.00206616526337505,-0.528458053197198,-0.157683020060974,-0.154572057672813,0.0928536759508541,-0.339959574240924,0.030815458895299,-0.497642594301899,0.000135488432212507,0.00839996307455097
"GZMA",0.334526706407616,0.139244658330811,0.321195642727568,-0.158019655830639,0.43650897249226,0.0650737160922975,0.636237341221688,-0.232190598069152,0.362338030253747,0.204318374423108,0.156655676468159,0.592154451206498
"GZMB",0.00990736737651176,-0.243931028178501,0.0671764577718293,-0.508678802145429,0.0208167457884276,-0.218559691429227,0.0956900372451263,-0.483307465396155,0.0461880825377015,-0.462490719607728,0.00299802448596552,0.0546252128765376
"GZMH",0.355819138097861,-0.130978615883907,0.413692083376954,-0.473162548902805,0.21120531713499,-0.101069534809196,0.52532347937089,-0.443253467828093,0.241114398209701,-0.232048150693103,0.161727487251688,0.615516518510518
"GZMK",0.856466453086149,-0.000655007609602444,0.996603737116787,-0.33507048235465,0.333760467135445,-0.072589989468551,0.639048907671816,-0.407005464213599,0.261825485276497,-0.0732449970781535,0.636061613353829,0.939898542923766
"GZMM",0.423474346304635,-0.0594591710319556,0.635372556387603,-0.330372938848068,0.211454596784157,-0.104948035793459,0.408280337015203,-0.375861803609571,0.165965732022654,-0.164407206825414,0.206106877679111,0.680317501765809
"H2AX",0.0995491390887358,-0.175009479480845,0.0587291576549236,-0.357829682303227,0.00781072334153624,0.00605709547029185,0.94260825743182,-0.17676310735209,0.188877298292673,-0.168952384010553,0.0664847464125898,0.264065666914161
"H3-3A",0.508585724511684,-0.172643442218515,0.264657613244653,-0.498164679787513,0.152877795350482,0.0576138587610092,0.701596437764641,-0.267907378807988,0.383135096330007,-0.115029583457506,0.449330901435226,0.74989197926323
"H3-5",0.00162514221718446,-0.230265561813912,0.054267949146684,-0.46564229751211,0.00511117388428492,-0.307830983317402,0.0154582090612531,-0.543207719015599,-0.0724542476192046,-0.538096545131314,0.000468270223713478,0.0172435148044281
"H3C10",0.00354538976414276,0.0343624954705781,0.87019770442287,-0.422319279444941,0.491044270386097,0.793898294958889,0.003091938436715,0.33721652004337,1.25058006987441,0.828260790429467,0.00235718934930561,0.0277696837749379
"H3C2",0.0242362420830176,-0.0193043931028081,0.936259935130432,-0.543811537338425,0.505202751132809,0.68690430564361,0.015352641192815,0.162397161407993,1.21141144987923,0.667599912540802,0.017668994792129,0.10188612656226
"H3C8",0.0123563453585467,0.0831992409985483,0.594224332663843,-0.253700842914003,0.420099324911099,0.444404802850492,0.0148073623147716,0.107504718937941,0.781304886763043,0.52760404384904,0.0058289718728128,0.0619514568113948
"HACD2",0.853482403054467,0.0392779686251711,0.761974726139927,-0.241866846340512,0.320422783590854,0.0321983918023929,0.803755740727614,-0.24894642316329,0.313343206768076,0.071476360427564,0.583565219498263,0.938882088953829
"HAMP",0.746148363331261,-0.0286324066681388,0.869294129640467,-0.406502662717052,0.349237849380774,-0.097018762723673,0.579901146392976,-0.474889018772586,0.28085149332524,-0.125651169391812,0.47578531319933,0.894814684367862
"HAVCR2",0.410477450256964,0.15660987154318,0.332947443564564,-0.186371728208171,0.499591471294532,0.0491563668338738,0.756040906084226,-0.293825232917478,0.392137966585225,0.205766238377054,0.210923861035379,0.665885641527964
"HCK",0.476687674665064,0.139348511372496,0.48346898887497,-0.287303420495676,0.566000443240668,0.101669506746271,0.607038898350912,-0.324982425121901,0.528321438614444,0.241018018118767,0.236733809352497,0.728157718000721
"HDAC1",0.639659004117076,-0.0290206940200073,0.812225882014916,-0.294118878452002,0.236077490411987,0.110909054252402,0.373199672272453,-0.154189130179592,0.376007238684397,0.0818883602323951,0.506935534823496,0.843784026297167
"HDAC10",0.316870734963729,-0.0829354198535908,0.340553688089298,-0.267590953585421,0.101720113878239,0.131758902458666,0.142949643112497,-0.0528966312731643,0.316414436190496,0.048823482605075,0.568845248961561,0.569742947102271
"HDAC11",0.000290328005885963,-0.344638146179853,0.0242629033820811,-0.634280863419172,-0.0549954289405341,-0.483667374507081,0.00397059198005971,-0.7733100917464,-0.194024657267762,-0.828305520686934,8.11971885719764e-05,0.00767896537307076
"HDAC2",0.180908324284552,-0.314609954340385,0.0834597998585222,-0.679231727928393,0.0500118192476232,0.0698468169126067,0.678552521068056,-0.294774956675401,0.434468590500615,-0.244763137427778,0.165605496821671,0.398260183135474
"HDAC3",0.0137283362979579,-0.205489099856916,0.035632505542624,-0.394140990233967,-0.0168372094798649,-0.100537959140105,0.262494582249855,-0.289189849517156,0.0881139312369456,-0.306027058997021,0.0047331183644828,0.0662558433073111
"HDAC4",0.218401874733378,-0.110008527774467,0.137965406024226,-0.262033090854676,0.0420160353057413,0.112805786686888,0.129268519670661,-0.0392187763933203,0.264830349767097,0.00279725891242096,0.96810460882419,0.452935706123198
"HDAC5",0.0137279911503837,-0.170738389133582,0.190300258170915,-0.441495693797313,0.10001891553015,-0.273090442073989,0.0483977610408534,-0.54384774673772,-0.00233313741025759,-0.443828831207571,0.00444466045799687,0.0662558433073111
"HDAC6",0.037227467638879,-0.0860751117336431,0.218726481926967,-0.232216090313382,0.0600658668460959,-0.113447996591327,0.114373030652063,-0.259588975171066,0.0326929819884116,-0.199523108324971,0.012419482853259,0.133072280651441
"HDC",0.705224888161212,-0.0918090615989404,0.548984203216314,-0.421632102144894,0.238013978947013,0.12051922053108,0.434504317221992,-0.209303820014874,0.450342261077033,0.0287101589321392,0.850095771204105,0.878872539603938
"HELLS",0.0984035371401275,-0.0549164959533173,0.580302896972765,-0.269036778787335,0.1592037868807,0.223933820230206,0.0420316787290831,0.00981353739618834,0.438054103064224,0.169017324276889,0.109116119058798,0.261406776245608
"HERC6",0.0164170628915259,0.38224659401091,0.0146567242385003,0.093056111192875,0.671437076828946,-0.418001672276391,0.00916587788597478,-0.707192155094427,-0.128811189458356,-0.0357550782654805,0.788553213977985,0.0754220887538277
"HES1",0.436085241587662,-0.252957259817179,0.338087830779183,-0.813159698117457,0.307245178483098,-0.0674525804496355,0.793933259540882,-0.627655018749913,0.492749857850642,-0.320409840266815,0.231341741769885,0.692949259615031
"HES5",0.893435005814114,-0.069072399670941,0.671495084007086,-0.421365568890924,0.283220769549042,0.00817084411464659,0.95980306298624,-0.344122325105337,0.36046401333463,-0.0609015555562944,0.708168269083221,0.957759199813385
"HEY1",0.917715877528232,-0.0202436144644724,0.895450406654006,-0.354873425090735,0.31438619616179,0.0613356623734327,0.691584539331386,-0.27329414825283,0.395965472999695,0.0410920479089603,0.789950779747591,0.963100331506052
"HGF",0.425859576534166,0.136880577654273,0.236707038321261,-0.105411594492918,0.379172749801463,-0.0188578570786569,0.865782636354582,-0.261150029225847,0.223434315068534,0.118022720575616,0.303239246974538,0.682892220965161
"HHEX",0.0312683764842753,-0.256512416553913,0.351368956950246,-0.841204285485421,0.328179452377596,-0.555105098175556,0.0604911409021412,-1.13979696710706,0.0295867707559523,-0.811617514729469,0.0113874603769755,0.117813620760959
"HHIP",0.682875285088475,-0.243665493779156,0.395905830724976,-0.855745823868348,0.368414836310036,0.14019248325114,0.620889125091732,-0.471887846838052,0.752272813340331,-0.103473010528016,0.714288176427011,0.868005844982822
"HIF1A",0.0591534333701023,0.451782146522383,0.0308819214270501,0.0508255736201221,0.852738719424644,-0.048156036107262,0.794441112503923,-0.449112609009523,0.352800536794999,0.403626110415121,0.0487576219963731,0.184538488718695
"HK1",2.06476991482722e-05,0.209608094182834,0.051866500438272,-0.00205485577139761,0.421271044137066,0.591486477032589,9.8008337492879e-05,0.379823527078357,0.803149426986821,0.801094571215423,7.39927199787291e-06,0.0031524133579556
"HK2",0.474238401391759,0.272947492335102,0.433078571828104,-0.471636191448122,1.01753117611833,0.144413195303311,0.674801610859727,-0.600170488479913,0.888996879086535,0.417360687638413,0.240133366528371,0.727751174283632
"HLA-A",0.000246143178187776,1.03419630286026,0.000498142888610062,0.578029124066411,1.49036348165411,0.217717722528065,0.312588823051541,-0.238449456265785,0.673884901321915,1.25191402538833,0.000113434986466387,0.0074757768587321
"HLA-B",0.00172277872215422,1.02463829343161,0.00172768115495928,0.485660873066863,1.56361571379636,0.071415644175103,0.7738546566726,-0.467561776189647,0.610393064539853,1.09605393760672,0.00108954142853205,0.0176361856544462
"HLA-C",0.0207716667119246,0.479407215213422,0.0153551336502705,0.113329033098788,0.845485397328055,0.0143499544043548,0.932124568316756,-0.351728227710279,0.380428136518989,0.493757169617776,0.0132243035141576,0.0896177109911641
"HLA-DMA",0.231352943355452,0.475040016301185,0.113965652613356,-0.136113530322194,1.08619356292456,-0.0869533710358585,0.757752394701606,-0.698106917659237,0.52420017558752,0.388086645265326,0.187478751631113,0.467498347438609
"HLA-DMB",0.177715297112074,0.383190363567917,0.198048986563089,-0.236096236351076,1.00247696348691,0.167558998435461,0.560022942247943,-0.451727601483533,0.786845598354454,0.550749362003378,0.0756775620938774,0.393604875278562
"HLA-DOA",0.452765092806294,0.194705150825902,0.265789848239283,-0.173342068597171,0.562752370248975,-0.0154469296863794,0.927341603833198,-0.383494149109453,0.352600289736694,0.179258221139523,0.303292687467157,0.709876541556261
"HLA-DOB",0.599446343134275,-0.0996461647535921,0.483246769930646,-0.404580030225006,0.205287700717822,0.137525481868183,0.33864437993021,-0.167408383603231,0.442459347339597,0.0378793171145908,0.787583811384472,0.821507860997476
"HLA-DPA1",0.134565538722299,0.428880756387043,0.104935479088722,-0.107110398619769,0.964871911393856,0.0616719880569581,0.802859782914729,-0.474319166949855,0.597663143063771,0.490552744444001,0.0687335850028945,0.326138257859489
"HLA-DPB1",0.454483499641197,-0.147478888222416,0.284843324938568,-0.43827323235231,0.143315455907478,-0.000498507485867883,0.997027462084254,-0.291292851615762,0.290295836644026,-0.147977395708284,0.283311670764919,0.71013046818937
"HLA-DQA1",0.06377923667435,0.513618744382989,0.0951353828014017,-0.107344338460839,1.13458182722682,0.222512053690756,0.443176546538955,-0.398451029153073,0.843475136534584,0.736130798073745,0.0246753084128017,0.193350675964599
"HLA-DQA2",0.243386263152507,0.18105178441286,0.292878492135432,-0.182300724836672,0.544404293662393,0.110859061647067,0.512056219194639,-0.252493447602465,0.4742115708966,0.291910846059928,0.103719200514344,0.486505947703533
"HLA-DQB1",0.100248107943665,0.119182957532252,0.351616977185975,-0.152627852098546,0.39099376716305,0.173946348823066,0.184356964083669,-0.0978644608077325,0.445757158453864,0.293129306355318,0.0371315198489749,0.264765263382329
"HLA-DRA",0.138410718494782,1.01095289804344,0.106382230872744,-0.258482138952059,2.28038793503893,0.138348112198852,0.813044161921835,-1.13108692479664,1.40778314919435,1.14930101024229,0.0713036496471367,0.332367843753918
"HLA-DRB3",0.107928080012166,0.814515673246858,0.0883023851751966,-0.146566250225985,1.7755975967197,0.12668137715152,0.774997089081722,-0.834400546321323,1.08776330062436,0.941197050398378,0.0540588786554703,0.281786474995997
"HLA-DRB4",0.116419659242513,0.630090815484455,0.142117481877279,-0.250907837596826,1.51108946856574,0.261490959005209,0.523340071298511,-0.619507694076073,1.14248961208649,0.891581774489664,0.0477801392639465,0.295913479272404
"HLA-DRB5",0.0239547960471568,0.209587340055422,0.0310547302694783,0.0233370327745258,0.395837647336318,0.0538984058892447,0.533572498643516,-0.132351901391651,0.240148713170141,0.263485745944667,0.010295832386431,0.101194476789482
"HLA-E",0.0285745958962943,0.615467387862988,0.0111638810112902,0.173745236102055,1.05718953962392,-0.161746993271992,0.433569500950967,-0.603469145032926,0.279975158488941,0.453720394590996,0.0451163626265361,0.111728605543425
"HLA-F",0.00218132932424797,0.79052694602785,0.00182220538411013,0.371368763963824,1.20968512809188,0.0169531591403699,0.929972368319682,-0.402205022923656,0.436111341204396,0.80748010516822,0.00158032635019214,0.0205202371997554
"HLA-G",0.635993695919138,-0.127088018786995,0.456017477154346,-0.492253973825068,0.238077936251078,-0.0199462644748025,0.905542476926876,-0.385112219512876,0.345219690563271,-0.147034283261798,0.390720473552871,0.843784026297167
"HMGA1",0.000338308420986781,-0.0224497057609696,0.859112685774651,-0.297080498404072,0.252181086882133,0.681356811664406,0.000251722129570245,0.406726019021304,0.955987604307508,0.658907105903436,0.000325519221056591,0.00800321831349932
"HMGA2",0.794730832218508,-0.0718625675880785,0.70719153432817,-0.486097115279998,0.342371980103841,0.127123438262943,0.509642780500567,-0.287111109428976,0.541357985954862,0.0552608706748643,0.772362876830703,0.913339904785125
"HMGB1",0.633244242150613,0.0666704556425962,0.454694845991973,-0.124318165206717,0.257659076491909,-0.0773695708906307,0.387952364461201,-0.268358191739944,0.113619049958682,-0.0106991152480345,0.903139943260348,0.843784026297167
"HMGN5",0.783424652479324,-0.0817637637315392,0.576349817412726,-0.397209719375665,0.233682191912587,0.0909446141907638,0.53507336284854,-0.224501341453362,0.406390569834889,0.0091808504592246,0.949572655419107,0.910089109341036
"HNF1A",0.385841609041176,-0.0848635668980713,0.612390047982972,-0.446433899282739,0.276706765486596,-0.147400279018971,0.385067239365414,-0.508970611403639,0.214170053365696,-0.232263845917043,0.182845118773625,0.645024755729096
"HOXA10",0.855934992512508,-0.0421701608124741,0.769960009813022,-0.354865996181189,0.270525674556241,0.0788275431342269,0.586693206537239,-0.233868292234488,0.391523378502942,0.0366573823217528,0.799235064515121,0.93988048215122
"HOXA11",0.401646311880482,-0.221071328267443,0.188010329249186,-0.569670021934634,0.127527365399749,0.119874254088662,0.461260520333383,-0.228724439578529,0.468472947755854,-0.10119707417878,0.532312402865842,0.658140804419141
"HOXA9",0.773064081848616,-0.0701980034725105,0.682097828263226,-0.44101917764205,0.300623170697029,-0.050212442220789,0.769054525283393,-0.421033616390329,0.320608731948751,-0.1204104456933,0.485948700927248,0.905508379719934
"HPGD",0.00894319356057761,0.120823864159527,0.366807097231864,-0.163979628283145,0.405627356602198,0.365342005389731,0.0170085451027013,0.08053851294706,0.650145497832403,0.486165869549258,0.00346598548932843,0.0510814349573471
"HPRT1",0.24451864934753,-0.179306322206785,0.185609997889381,-0.460368513931287,0.101755869517718,-0.0316578562321878,0.806919072802438,-0.31272004795669,0.249404335492315,-0.210964178438973,0.125386827752083,0.487012506260039
"HRAS",0.289374802562287,-0.0915474689369907,0.252398013821377,-0.259479419441373,0.0763844815673921,-0.0297628658582267,0.701210767183839,-0.197694816362609,0.138169084646156,-0.121310334795217,0.138572492639329,0.536357443923075
"HSD11B1",0.68943166462809,0.0960886755164812,0.401991055860411,-0.148536620654056,0.340713971687019,-0.0554938771614689,0.624190242536128,-0.300119173332006,0.189131419009068,0.0405947983550123,0.719276946004598,0.871338495807662
"HSD17B8",0.000923732003200782,-0.753521589020381,0.0132174250645111,-1.31213598871115,-0.194907189329608,-0.627969509083035,0.0311906278596836,-1.18658390877381,-0.0693551093922616,-1.38149109810342,0.000258021824526742,0.0125443168508019
"HSP90B1",0.00226652078231605,-0.702157651173266,0.00436856094295876,-1.12928718660264,-0.275028115743888,-0.183905887875791,0.360001779102599,-0.611035423305169,0.243223647553586,-0.886063539049057,0.000947414507408329,0.0208909112511454
"HSPA1A",0.136843312849915,0.15773263116651,0.687848378032901,-0.691860167553285,1.00732542988631,0.638099659236553,0.125177424464773,-0.211493139483242,1.48769245795635,0.795832290403063,0.0634322465938871,0.329471036874795
"HSPA2",0.328896076525107,-0.165637841213155,0.187443008264708,-0.426458949724408,0.0951832672980991,0.0119655606667413,0.920603362207447,-0.248855547844512,0.272786669177995,-0.153672280546413,0.21858203317253,0.586740312471476
"HSPA6",0.749416562406707,0.0625529873080753,0.548528582173635,-0.161907098183849,0.287013072799999,0.00854255035052896,0.934094881941384,-0.215917535141395,0.233002635842453,0.0710955376586043,0.496460516699782,0.896581689550637
"HSPB1",0.182248250985804,0.267588510076422,0.241002742494626,-0.210745413084073,0.745922433236918,0.160314566917261,0.472397441335488,-0.318019356243235,0.638648490077756,0.427903076993683,0.0742208968459235,0.400101284704944
"IBSP",0.355198412670377,-0.143815468249042,0.162382339077801,-0.35625527710335,0.0686243406052664,0.0849100866434591,0.394084028021121,-0.127529722210849,0.297349895497767,-0.0589053816055826,0.550504495443991,0.615516518510518
"ICAM1",0.294826816030387,0.441532695939944,0.127569539661453,-0.150535177101466,1.03360056898135,-0.238484852578686,0.390551410516081,-0.830552725620096,0.353583020462724,0.203047843361258,0.462436946567703,0.54185190257347
"ICAM2",0.0245303961581205,-0.350689197854662,0.0334084414863327,-0.667723476888992,-0.0336549188203321,-0.0979141933214612,0.507008191809751,-0.414948472355791,0.219120085712869,-0.448603391176123,0.0102836172894699,0.102499495902358
"ICAM3",0.0311246365341792,-0.209168950721702,0.0738771431988934,-0.442663156115046,0.0243252546716419,-0.118308191872918,0.285267023948138,-0.351802397266262,0.115186013520426,-0.32747714259462,0.0107822165449478,0.117813620760959
"ICAM4",0.564387774009377,-0.132902783319353,0.332203785669278,-0.423495387377306,0.157689820738599,0.0193930828016099,0.884747952649058,-0.271199521256343,0.309985686859563,-0.113509700517743,0.404521020999286,0.793832075835524
"ICAM5",0.528621752735804,-0.157119636873897,0.276691634866556,-0.461398591112542,0.147159317364747,0.101021470364117,0.476460006028873,-0.203257483874527,0.405300424602761,-0.0560981665097802,0.689891128337063,0.768760673287128
"ICOS",0.799997317256561,-0.0921698494283576,0.516143285701282,-0.397281240403988,0.212941541547273,0.0529521661510556,0.707083694711041,-0.252159224824575,0.358063557126686,-0.039217683277302,0.780421108216729,0.914783899745128
"ICOSLG",0.150254196106604,0.113585092084587,0.331523998835628,-0.134402983164069,0.361573167333243,0.125273642256894,0.286637313977191,-0.122714432991762,0.37326171750555,0.238858734341481,0.0574398416374869,0.353648832067437
"ID1",0.346081537957907,-0.303569491164118,0.288594292500673,-0.907098564361007,0.29995958203277,0.39871697670306,0.171779103292338,-0.204812096493829,1.00224604989995,0.0951474855389413,0.732673972289094,0.605559738037565
"ID2",0.0398054540361615,-0.0801471541517657,0.577724728096883,-0.390492602056667,0.230198293753136,-0.316206599006652,0.0465532391021289,-0.626552046911554,-0.00586115110175106,-0.396353753158418,0.0173795386320199,0.137728128439522
"ID4",0.0242851863312785,-0.406030270895549,0.021848965537416,-0.739587636748864,-0.072472905042234,-0.045626803872206,0.76677962859219,-0.379184169725521,0.287930561981109,-0.451657074767755,0.0129609002011199,0.10188612656226
"IDH1",0.113657084411897,-0.0448456576949439,0.910964283180046,-0.916116456896994,0.826425141507106,0.811913854786755,0.0645929617945256,-0.059356944415295,1.68318465398881,0.767068197091811,0.0782207959327374,0.291735835515768
"IDH2",0.000670349014312348,-0.581279444629827,0.059734031971072,-1.19138268148202,0.0288237922223675,-0.977953950371707,0.00508258088969548,-1.5880571872239,-0.367850713519512,-1.55923339500153,0.000199833046094662,0.0112401702565752
"IDO1",0.935539930453679,0.0400171702068078,0.808728715099193,-0.318699354896622,0.398733695310238,0.017499261724209,0.915594327479918,-0.341217263379221,0.376215786827639,0.0575164319310168,0.728322639017685,0.970218862231872
"IER3",0.616679760868268,-0.323541791982092,0.434566471101861,-1.20909712468681,0.562013540722622,-0.042552904061307,0.916853361157071,-0.928108236766021,0.843002428643407,-0.366094696043399,0.378669757663106,0.83385341381883
"IFI16",0.00105997623819915,0.445094550785327,0.00481082813106829,0.16996677299516,0.720222328575494,0.209932313784252,0.119940558251554,-0.0651954640059143,0.485060091574419,0.655026864569579,0.000345177630524859,0.013070652937253
"IFI27",0.000149757846130189,0.773449633654545,0.115346780035272,-0.225927793174921,1.77282706048401,2.22551543200416,0.000568476512678197,1.2261380051747,3.22489285883363,2.99896506565871,5.45692828225835e-05,0.00650733498065703
"IFI35",0.00321518776809643,0.291541507749768,0.00134264548758586,0.14378444912442,0.439298566375116,-0.230757432758833,0.00592354382819273,-0.378514491384181,-0.0830003741334855,0.0607840749909344,0.380921868436255,0.0265184836137504
"IFI6",0.0437827829727967,1.08804451905784,0.0167912731241126,0.242076062240219,1.93401297587545,-0.315457346762518,0.425444662505427,-1.16142580358014,0.530511110055099,0.772587172295318,0.0692393267056006,0.146881578906901
"IFIH1",0.224169783562724,0.192424302375641,0.0915051613236696,-0.0372600362810062,0.422108641032289,-0.0997103649169847,0.356216188144345,-0.329394703573632,0.129973973739663,0.0927139374586565,0.389580418502188,0.46028642090071
"IFIT1",0.910421653994231,-0.0373669158735948,0.811443566462386,-0.377258687616182,0.302524855868993,-0.0288504057863821,0.853776677858922,-0.36874217752897,0.311041365956205,-0.066217321659977,0.673443949817308,0.961804084821537
"IFIT2",0.298289650409079,0.177585047018608,0.163375313757197,-0.0854233284105748,0.440593422447791,-0.0184299851837385,0.879034328511858,-0.281438360612922,0.244578390245445,0.15915506183487,0.207300120951207,0.545469551098767
"IFIT3",0.00815397426469127,0.60792848409008,0.00251910944503897,0.269275027229141,0.946581940951019,-0.357730888224759,0.0403879285300223,-0.696384345085697,-0.0190774313638196,0.250197595865321,0.130755157962621,0.0480032355905212
"IFITM1",0.0188714995834502,0.558771284293762,0.0118124918094389,0.15341279559118,0.964129772996343,-0.0210172369753608,0.910315370990889,-0.426375725677942,0.38434125172722,0.537754047318401,0.014389198015711,0.083593414416982
"IFITM2",0.029749601675279,0.595335117467064,0.0171249159384489,0.130593020355906,1.06007721457822,-0.0389720698621238,0.855517709452651,-0.503714166973282,0.425770027249034,0.55636304760494,0.0235975380491211,0.113821851273342
"IFNA1",0.541997288662325,-0.099406442438125,0.567080077336395,-0.473632314315273,0.274819429439023,-0.0922809178913505,0.594759749998795,-0.466506789768498,0.281944953985797,-0.191687360329475,0.280336592640964,0.776408988860866
"IFNA17",0.139908073340775,-0.198217244807343,0.234170029331046,-0.547043789567351,0.150609299952666,-0.144045224142977,0.379184804238763,-0.492871768902986,0.204781320617031,-0.34226246895032,0.0536788575034761,0.335081671715111
"IFNA2",0.887728133672189,-0.00344786616591174,0.98274898860738,-0.349976832669312,0.343081100337489,0.0677823266780376,0.672216421163133,-0.278746639825363,0.414311293181438,0.0643344605121258,0.687852837909233,0.954687002917941
"IFNA7",0.59809792825329,-0.102740886946179,0.45758298183566,-0.39900794222073,0.193526168328373,0.1316189369691,0.34558486641145,-0.164648118305451,0.427885992243651,0.0288780500229213,0.832432434763029,0.821315815697708
"IFNA8",0.971158390686198,0.0382192008017789,0.815218530898433,-0.316683271372824,0.393121672976382,-0.0144754678914976,0.929382979644243,-0.369377940066101,0.340427004283106,0.0237437329102813,0.884463925181811,0.984099979457141
"IFNAR1",0.742448337668951,-0.0036345571755546,0.97829330087069,-0.293928915441542,0.286659801090433,-0.0865169487392812,0.521670239448905,-0.376811307005269,0.203777409526706,-0.0901515059148358,0.504715315165731,0.894814684367862
"IFNAR2",0.279610548908797,0.24533050301501,0.149223597058685,-0.104502727254332,0.595163733284351,-0.0303034365774099,0.850817105932247,-0.380136666846751,0.319529793691931,0.2150270664376,0.200798304610309,0.525529610461951
"IFNB1",0.538947368272842,-0.138865616730029,0.384801070001111,-0.479302270157004,0.201571036696946,-0.0231817522010473,0.882422487341492,-0.363618405628022,0.317254901225928,-0.162047368931076,0.313819547513871,0.774152188787749
"IFNG",0.706824785482558,-0.106790048824896,0.419863995913222,-0.389631253856854,0.176051156207063,0.0419329298294371,0.747963192733825,-0.240908275202522,0.324774134861396,-0.0648571189954585,0.62049307283856,0.878872539603938
"IFNGR1",0.419576184616102,0.155971447554815,0.527291582524994,-0.37466178053235,0.68660467564198,0.171909410965854,0.48692197288726,-0.358723817121311,0.702542639053019,0.327880858520669,0.19861969962162,0.676436870074545
"IFNGR2",0.390454728219096,0.0936791082106977,0.713739968625042,-0.459348978834333,0.646707195255728,0.251541246570191,0.334735970076865,-0.301486840474839,0.804569333615221,0.345220354780889,0.194431272905304,0.646239143847651
"IFNL1",0.813957115854559,-0.0552738688383407,0.710112809884264,-0.377276761681922,0.266729024005241,-0.0378755381690601,0.79857590369278,-0.359878431012642,0.284127354674522,-0.0931494070074008,0.533718952258078,0.922653252443833
"IFNL2",0.322916556285312,-0.222761830549053,0.21857067367788,-0.600835471433204,0.155311810335098,-0.0211299181617879,0.90336564545859,-0.399203559045939,0.356943722722363,-0.243891748710841,0.181162489702817,0.578902470747244
"IGF1",0.2693788791704,-0.0614914101963527,0.73152345438687,-0.449788167770313,0.326805347377608,-0.225155402312013,0.225417996216289,-0.613452159885974,0.163141355261948,-0.286646812508366,0.131026893420787,0.51478162773401
"IGF1R",0.000113033126748394,-0.720517537507693,0.000925343160403418,-1.06668899134734,-0.37434608366805,-0.377443650258824,0.0354851997571033,-0.723615104098467,-0.0312721964191816,-1.09796118776652,3.42787127750175e-05,0.00573015156432833
"IGF2R",0.655607702285988,-0.0144014678334104,0.950401200051191,-0.517501863696077,0.488698928029256,0.190322828446016,0.418986015076136,-0.31277756741665,0.693423224308683,0.175921360612606,0.453949999365979,0.850306712113019
"IGFBP3",0.00103825409332382,1.08789837847443,0.107528494646718,-0.283259880553366,2.45905663750223,2.19369196919768,0.00514036326539498,0.822533710169878,3.56485022822547,3.28159034767211,0.000331727954383762,0.013070652937253
"IGLL1",0.0272727763509442,-0.146087971334565,0.3470300010711,-0.475957230806169,0.18378128813704,-0.32375838033357,0.0536197401988566,-0.653627639805174,0.00611087913803454,-0.469846351668134,0.00992625929798885,0.108912071860992
"IHH",0.495376530983643,0.086780148373788,0.679165441192537,-0.36716370266018,0.540723999407756,0.15985097895346,0.450867456685245,-0.294092872080508,0.613794829987428,0.246631127327248,0.253897203664839,0.741642468453772
"IKBKB",0.128347340972793,-0.165809320444464,0.0924430508809849,-0.364385704369089,0.0327670634801601,-0.0152076971031992,0.867910808704888,-0.213784081027824,0.183368686821425,-0.181017017547664,0.0696749061915931,0.317390104709141
"IKBKE",0.696480044733263,0.033125503175759,0.759535830242944,-0.20148894634998,0.267739952701498,0.0570282661954103,0.599953051835695,-0.177586183330329,0.291642715721149,0.0901537693711693,0.411937564685481,0.875755622570849
"IKBKG",0.371867721134211,-0.0942023441017224,0.438138068708653,-0.354120216180644,0.165715527977199,0.172288738658664,0.170476879245567,-0.0876291334202572,0.432206610737586,0.0780863945569419,0.518400361146102,0.633077043908521
"IL10",0.344964571705594,-0.181103848142271,0.169584910060383,-0.453692720401309,0.0914850241167671,0.045509557230725,0.717658434086669,-0.227079315028313,0.318098429489763,-0.135594290911546,0.293656873777275,0.604625816247239
"IL10RA",0.541803893012328,0.168336419649159,0.386558634431387,-0.245939837015981,0.582612676314299,0.0278849700696543,0.883765184261808,-0.386391286595486,0.442161226734795,0.196221389718813,0.316092934503208,0.776408988860866
"IL11",0.533500654972849,-0.032708336894223,0.819326047336711,-0.343487590745243,0.278070916956797,0.153226793841791,0.297703966925716,-0.15755246000923,0.464006047692811,0.120518456947568,0.407802841496849,0.773957627444713
"IL11RA",0.0315106763394905,-0.197156043478629,0.229445339198348,-0.540355716866112,0.146043629908855,-0.286383127150223,0.0926256813893401,-0.629582800537707,0.0568165462372604,-0.483539170628852,0.0105234396306418,0.117842180982726
"IL12A",0.743912925415121,-0.0304971547416615,0.799579210283727,-0.291102834792614,0.230108525309291,-0.0592902554342695,0.623199187960557,-0.319895935485222,0.201315424616683,-0.089787410175931,0.460426132347784,0.894814684367862
"IL12B",0.396408561587452,-0.159186055140215,0.204455396664656,-0.420460225952456,0.102088115672025,0.0353243067750206,0.769398722313141,-0.22594986403722,0.296598477587261,-0.123861748365195,0.315686241290159,0.651430789813063
"IL12RB1",0.35434871012539,-0.141204938462483,0.233131943350463,-0.389107366053353,0.106697489128387,-0.0097350960144218,0.932002460304053,-0.257637523605292,0.238167331576448,-0.150940034476905,0.204728801811002,0.615516518510518
"IL12RB2",0.0441630861275638,-0.11977895859549,0.355868640371623,-0.39548334969173,0.15592543250075,-0.237973364678818,0.0833652753905046,-0.513677755775058,0.0377310264174225,-0.357752323274307,0.0160735614092303,0.147885563638173
"IL13",0.768906064545432,-0.0904409623805702,0.578478340251649,-0.441352225140189,0.260470300379049,-0.0172597774060293,0.91490077167084,-0.368171040165648,0.33365148535359,-0.107700739786599,0.509602691970732,0.904741178462549
"IL13RA1",0.174904703826355,0.317021938658179,0.175988609209616,-0.168034399216172,0.80207827653253,0.111527076839595,0.61956003357959,-0.373529261034756,0.596583414713946,0.428549015497774,0.0773281052317703,0.390221374673714
"IL13RA2",0.71419661606779,-0.0606972306819839,0.662727021469041,-0.361636576848101,0.240242115484133,-0.0518967554235865,0.70884413808615,-0.352836101589704,0.249042590742531,-0.11259398610557,0.423948791179622,0.88306830916241
"IL15",0.436273259889134,0.053689295030462,0.66191505454035,-0.211816146071741,0.319194736132666,0.10375040415161,0.404345715727569,-0.161755036950594,0.369255845253813,0.157439699182072,0.215852163154599,0.692949259615031
"IL15RA",0.454016092660955,0.157262228510132,0.438265554551722,-0.27677158843307,0.591296045453334,-0.252236858080643,0.224461447493066,-0.686270675023845,0.18179695886256,-0.0949746295705107,0.636374631567945,0.71013046818937
"IL16",0.187774783204675,-0.0931768075688167,0.395691788186334,-0.327124075324752,0.140770460187119,0.208865019314463,0.0747134749148507,-0.0250822484414722,0.442812287070399,0.115688211745647,0.296349007789479,0.405846604439012
"IL17A",0.761299062770133,-0.0946649885273468,0.55728664437764,-0.442071142898145,0.252741165843452,0.1064960751651,0.510103151041659,-0.240910079205698,0.453902229535899,0.0118310866377535,0.941010896900244,0.9024644693642
"IL17B",0.801511868174723,-0.0782321736786277,0.529181222250838,-0.345634944834334,0.189170597477079,0.0218769990440217,0.858997129644175,-0.245525772111685,0.289279770199728,-0.0563551746346061,0.648726536727428,0.91536868549366
"IL17F",0.668598649304787,-0.145799912657672,0.381871089090563,-0.500953738861005,0.209353913545662,0.0671248842160157,0.682573015169967,-0.288028941987318,0.422278710419349,-0.0786750284416562,0.63225882393989,0.860502492934581
"IL17RA",0.00916138165147606,-0.133236702411738,0.193858712988261,-0.346377551731409,0.0799041469079331,-0.239146730110276,0.0314468448976239,-0.452287579429947,-0.026005880790605,-0.372383432522014,0.00299571097557946,0.051763224501374
"IL17RB",0.0285051761090002,-0.130130593615478,0.383048971662048,-0.447932754614559,0.187671567383603,-0.316431375208834,0.0508211413039112,-0.634233536207915,0.00137078579024735,-0.446561968824312,0.0106744043279008,0.111728605543425
"IL18",0.0606775951367659,0.296237128411709,0.144986059868033,-0.121287524474681,0.7137617812981,0.215305299208983,0.277301483578399,-0.202219353677408,0.632829952095373,0.511542427620692,0.0211981793915984,0.187689171397623
"IL18R1",0.651322543201428,0.0610054213169602,0.621447045354516,-0.205775828650077,0.327786671283998,0.0521737987008251,0.672272592835748,-0.214607451266213,0.318955048667863,0.113179220017785,0.366802883557323,0.850214735533534
"IL18RAP",0.733487277075692,-0.0441005299840138,0.723051772054095,-0.313657891773855,0.225456831805827,-0.0525228338432745,0.673397623507677,-0.322080195633115,0.217034527946566,-0.0966233638272883,0.443030702819977,0.891221225474793
"IL19",0.806635742190397,0.0136161389528757,0.917000578953701,-0.270249838147936,0.297482116053688,0.06534877890927,0.619133140007972,-0.218517198191542,0.349214756010082,0.0789649178621457,0.549240354491622,0.91777445729269
"IL1A",0.901692767896345,-0.0329179419870862,0.830901207974208,-0.367519637308849,0.301683753334677,0.0686532613939651,0.65732135005234,-0.265948433927798,0.403254956715728,0.0357353194068789,0.816713734540431,0.96064757817328
"IL1B",0.164131226426507,-0.209400806343905,0.1246915689196,-0.487801324224236,0.0689997115364268,-0.0297978715720462,0.816322420686873,-0.308198389452378,0.248602646308285,-0.239198677915951,0.0845890637984732,0.376356657691691
"IL1R1",0.498610525923465,0.294710714081766,0.261379139071484,-0.256913879818687,0.84633530798222,-0.0881257297256374,0.729265350112876,-0.639750323626091,0.463498864174816,0.206584984356129,0.423516287145346,0.744555873722446
"IL1R2",0.0718656961787279,0.0862538617836028,0.353931620525168,-0.111449604403035,0.283957327970241,0.144887409369114,0.133540183445253,-0.0528160568175242,0.342590875555752,0.231141271152717,0.026265794902826,0.210521501647156
"IL1RAP",0.00225911445465511,0.215333900010347,0.1797538123022,-0.117289503879334,0.547957303900029,0.495162385504483,0.00778761895390499,0.162538981614801,0.827785789394164,0.71049628551483,0.000769256123477259,0.0208909112511454
"IL1RAPL2",0.874180587716357,0.034864842973821,0.811327806535111,-0.282069018705809,0.351798704653451,0.0393538335827023,0.787668486937297,-0.277580028096928,0.356287695262332,0.0742186765565233,0.613184292008813,0.948058471262929
"IL1RL1",0.954466077487756,0.0375396765084657,0.840886183572058,-0.368398418272106,0.443477771289037,-0.0544659787029298,0.771093886475905,-0.460404073483501,0.351472116077641,-0.0169263021944641,0.927813085479569,0.974268437333423
"IL1RL2",0.708074758320103,-0.0863499568146352,0.444674884886783,-0.328144462055779,0.155444548426508,0.0163225227233391,0.883430061503316,-0.225471982517805,0.258117027964483,-0.0700274340912962,0.533255793916962,0.879338124418278
"IL1RN",0.0391848344055934,0.243497558112167,0.395276119272557,-0.367315315650973,0.854310431875307,0.563294642758007,0.0669678722412904,-0.0475182310051326,1.17410751652115,0.806792200870174,0.0147088642708362,0.136870662706957
"IL2",0.897789443102062,-0.029180894538379,0.824103790974749,-0.314126245611086,0.255764456534328,0.059702482352296,0.650615809560523,-0.225242868720411,0.344647833425003,0.0305215878139171,0.816185538836059,0.959289071230248
"IL20RA",0.0777585361561993,-0.150178437664776,0.308017430943876,-0.461716165598643,0.16135929026909,-0.209223116666469,0.16543282990744,-0.520760844600336,0.102314611267397,-0.359401554331246,0.0278684689247831,0.220698800132292
"IL20RB",0.367798504907029,0.365084199644751,0.34689233108711,-0.459036138561856,1.18920453785136,0.17418623184282,0.647788644722231,-0.649934106363787,0.998306570049427,0.539270431487571,0.175518770289833,0.628494636194127
"IL21",0.402141607565976,-0.061014849378681,0.66508838731717,-0.365824389542168,0.243794690784806,0.18943242251997,0.196246794632556,-0.115377117643517,0.494241962683457,0.128417573141289,0.369991837089513,0.658140804419141
"IL21R",0.248999749493264,-0.202991105453965,0.222545906877048,-0.550729822977984,0.144747612070054,-0.0648051264460497,0.686735539480622,-0.412543843970069,0.282933591077969,-0.267796231900015,0.116940485655273,0.49233428258419
"IL22",0.454167664738116,-0.143154561878894,0.371972263912849,-0.484412786924587,0.198103663166798,-0.0497250649299608,0.752124864398471,-0.390983289975653,0.291533160115732,-0.192879626808855,0.236505380312092,0.71013046818937
"IL22RA1",2.82815274898984e-05,-0.769131886344845,0.0220734660998155,-1.40237077755746,-0.135892995132226,-1.58293887975281,0.000237458022616228,-2.21617777096543,-0.949699988540192,-2.35207076609765,8.7370485436312e-06,0.0031524133579556
"IL22RA2",0.911086552100117,-0.0661221228242196,0.68680464792184,-0.421011106892463,0.288766861244023,0.0503098015257672,0.758598382900674,-0.304579182542476,0.40519878559401,-0.0158123212984524,0.922880887599037,0.961804084821537
"IL23A",0.878148040104295,-0.0748855414926791,0.621215357772592,-0.402145400106153,0.252374317120795,0.0300988783387769,0.841739995769829,-0.297160980274697,0.357358736952251,-0.0447866631539023,0.766672441764512,0.949419533880532
"IL23R",0.896679132137833,-0.0615868130970685,0.665274355039453,-0.369437492440808,0.246263866246671,0.0484677621645469,0.733018724502565,-0.259382917179192,0.356318441508286,-0.0131190509325216,0.926228612167157,0.959087544742354
"IL24",0.217859000941294,-0.184207334651563,0.191649274613479,-0.477294830567659,0.108880161264532,-0.0520878086824601,0.700431711224916,-0.345175304598556,0.240999687233636,-0.236295143334023,0.102654568669292,0.452839039541983
"IL25",0.766739818863082,-0.113062538675056,0.479201154454101,-0.455793063548347,0.229667986198235,0.0468321476888476,0.767017363766045,-0.295898377184443,0.389562672562138,-0.0662303909862083,0.675911290351009,0.904741178462549
"IL26",0.877274353007529,-0.0641532678672198,0.677386121860383,-0.397758707761785,0.269452172027346,0.0691473580445779,0.654084876452759,-0.264458081849988,0.402752797939143,0.00499409017735816,0.974047600508932,0.94903716315278
"IL27",0.750715802130698,-0.0753961452373524,0.565605713240087,-0.358138232050556,0.207345941575851,-0.0158239091149868,0.903232384504133,-0.29856599592819,0.266918177698216,-0.0912200543523392,0.488686312026113,0.89672072313526
"IL2RA",0.17756579799533,-0.0968626719748879,0.528478658060449,-0.427370048938201,0.233644704988425,0.295634366082204,0.0742438551547777,-0.0348730108811089,0.626141743045518,0.198771694107316,0.209886973610123,0.393604875278562
"IL2RB",0.883900963729546,0.0531453565558244,0.661472596672097,-0.209300252642328,0.315590965753977,-0.0485244781367849,0.689054416550533,-0.310970087334937,0.213921131061368,0.00462087841903954,0.969478523095097,0.95338017659954
"IL2RG",0.00185426235630961,0.349233428789524,0.0870536059935521,-0.0609643420594835,0.759431199638532,0.566145486497963,0.0117357913187673,0.155947715648956,0.976343257346971,0.915378915287487,0.000559827624531713,0.0184939997693616
"IL3",0.917701619352523,-0.0196567936240934,0.87695062634309,-0.295379339659978,0.256065752411791,0.0510586679866496,0.68859945858287,-0.224663878049235,0.326781214022534,0.0314018743625563,0.804821099491817,0.963100331506052
"IL32",0.0251127613303857,-0.408735329331019,0.374113218538997,-1.38765464620612,0.570183987544082,-1.00053625981064,0.0459931005797304,-1.97945557668574,-0.0216169429355414,-1.40927158914166,0.00936895260642802,0.103455506609377
"IL33",0.849110009404287,0.0540813528450485,0.64013035748519,-0.195881788675483,0.30404449436558,0.00370498182775176,0.9743039652302,-0.24625815969278,0.253668123348283,0.0577863346728003,0.617676755524229,0.937278130565663
"IL34",0.938181935179017,-0.0183798121029254,0.815298629261129,-0.189129845662459,0.152370221456608,0.0268634994826901,0.73320147964049,-0.143886534076843,0.197613533042223,0.00848368737976474,0.914040845492587,0.970218862231872
"IL3RA",0.891771572285621,-0.0376441152422532,0.737012644248086,-0.28054361898291,0.205255388498404,0.0504870511844988,0.653191636497706,-0.192412452556158,0.293386554925156,0.0128429359422457,0.90855140282924,0.956780199542185
"IL4",0.276971454398775,-0.220502741859145,0.145729144427753,-0.531925407117918,0.0909199233996286,0.0300951919199934,0.833844075914014,-0.28132747333878,0.341517857178767,-0.190407549939151,0.202993597146752,0.522163635394453
"IL4R",0.0972612268787268,0.272036219251774,0.039174195032392,0.0164492489131398,0.527623189590407,-0.080440240382397,0.499136296233449,-0.336027210721031,0.175146729956237,0.191595978869377,0.125818411312497,0.259543952910174
"IL5",0.765512127301273,-0.092497290380922,0.528258886535933,-0.407937788045673,0.222943207283828,0.00341132513824743,0.981249956742792,-0.312029172526503,0.318851822802998,-0.0890859652426746,0.54328233455887,0.904245716715096
"IL5RA",0.796250733299517,-0.0787967142281831,0.589802681621845,-0.394026682510475,0.236433254054109,-0.00899746413423232,0.950544617332225,-0.324227432416524,0.30623250414806,-0.0877941783624154,0.548773164818109,0.913872016759309
"IL6",0.196028659081573,-0.176497398494887,0.114421402994052,-0.403891566457772,0.0508967694679969,0.00619781732345534,0.952771000280419,-0.221196350639429,0.23359198528634,-0.170299581171432,0.126138323135737,0.416535179756274
"IL6R",0.589706050520404,0.0842274303242598,0.435771172491836,-0.146933664504337,0.315388525152856,-0.10271525892977,0.345494484926894,-0.333876353758366,0.128445835898826,-0.0184878286055102,0.862122363381014,0.814252877372567
"IL6ST",0.0394744608821039,0.298589337324722,0.267277259409549,-0.267701973166305,0.864880647815749,-0.760325577594842,0.013536838395429,-1.32661688808587,-0.194034267103815,-0.46173624027012,0.0993017039404723,0.137220744971123
"IL7",0.222042889694614,0.0248715024698417,0.796387978194486,-0.184245894273755,0.233988899213438,0.138348454249526,0.171225526489687,-0.0707689424940707,0.347465850993122,0.163219956719367,0.112647671160536,0.458403024539219
"IL7R",0.140383682524068,0.348507217821789,0.0535006216397957,-0.0063646132735895,0.703379048917167,-0.154145395923929,0.355951117430259,-0.509017227019308,0.200726435171449,0.194361821897859,0.250330945635958,0.33534060288799
"IL9",0.810529053346495,-0.0967140334727896,0.527234175657468,-0.425699876818171,0.232271809872592,0.0475934304648223,0.753834153999537,-0.281392412880559,0.376579273810204,-0.0491206030079673,0.746243707030481,0.920915745246197
"ILF3",0.0032457432064493,-0.278720808429061,0.0268069701312186,-0.518213505053525,-0.0392281118045974,-0.217949404662313,0.0700722939816274,-0.457442101286777,0.0215432919621507,-0.496670213091374,0.000949410561626523,0.0265626966447084
"INHBA",0.000517709368866471,0.266254012688023,0.343248951934948,-0.330038159851705,0.86254618522775,1.22667182952697,0.00100498479233906,0.630379656987242,1.8229640020667,1.49292584221499,0.000234579463233647,0.00944819598181309
"INHBB",0.224987812366272,-0.0764295419266281,0.48134346086321,-0.309276254166388,0.156417170313131,-0.116999055625317,0.289063339252866,-0.349845767865076,0.115847656614443,-0.193428597551945,0.0938999773797767,0.460826564366861
"INPP5D",0.164190494214978,0.103136891647179,0.32639042333668,-0.119543189117461,0.325816972411819,0.105362574434496,0.316570425120929,-0.117317506330144,0.328042655199136,0.208499466081675,0.0635280937687743,0.376356657691691
"IRAK1",0.1794804496944,-0.155630169595859,0.139418917668283,-0.371588356412967,0.0603280172212498,0.181333761815605,0.0908730118792859,-0.0346244250015033,0.397291948632714,0.0257035922197465,0.796245233483682,0.396544314113958
"IRAK2",0.0536029270605739,0.016126385841684,0.905905035250864,-0.280250943842008,0.312503715525376,0.316519778282627,0.0386409009588665,0.0201424485989351,0.61289710796632,0.332646164124311,0.0314035143439617,0.17192502967583
"IRAK3",0.00531066856417411,0.225239923935516,0.135318114704803,-0.0836837062598635,0.534163554130895,0.365695653461716,0.024835553895277,0.0567720232663366,0.674619283657096,0.590935577397232,0.00165733444372966,0.0361640676478274
"IRAK4",0.00127452870240249,-0.171563530570647,0.0648664771932084,-0.355893258007012,0.0127661968657184,-0.262448427567803,0.00994665753439256,-0.446778155004168,-0.0781187001314377,-0.43401195813845,0.000375409595634423,0.0148153814132774
"IRF1",0.471734572001753,0.107102592190812,0.336704337491166,-0.129376979614363,0.343582163995987,-0.124931521425104,0.266404966348595,-0.361411093230279,0.111548050380071,-0.017828929234292,0.869942873951586,0.725898477152781
"IRF2",0.217730533679029,0.104737894822522,0.125325844254338,-0.0347763448314142,0.244252134476459,-0.00488370262211998,0.939369737193697,-0.144397942276056,0.134630537031816,0.0998541922004023,0.141854503905722,0.452839039541983
"IRF3",0.954319255190573,-0.0377021161530396,0.773381287656426,-0.32162822271134,0.246223990405261,0.027688377520296,0.832353659462373,-0.256237729038004,0.311614484078596,-0.0100137386327436,0.938913902211055,0.974268437333423
"IRF4",0.691751641969273,-0.123773743929967,0.410973332234867,-0.44519324524994,0.197645757390005,0.083049883332335,0.577531547506652,-0.238369617987638,0.404469384652307,-0.0407238605976324,0.783466083155239,0.873665568577109
"IRF5",0.797873884478058,-0.0948428452975141,0.534762811890974,-0.42355490803968,0.233869217444652,0.0192367397331428,0.89884035959739,-0.309475323009023,0.347948802475309,-0.0756061055643712,0.619438143555161,0.913872016759309
"IRF7",0.00148232828544005,0.490999498096157,0.000589975818214496,0.269394748004914,0.7126042481874,-0.111369390393556,0.288985243542245,-0.332974140484799,0.110235359697686,0.3796301077026,0.00339007242657597,0.0163954492177461
"IRF8",0.0726821944463575,0.214679756174599,0.276511647652822,-0.200904955680094,0.630264468029293,0.273828820917061,0.172809121074422,-0.141755890937633,0.689413532771754,0.48850857709166,0.0256365428865218,0.211892979016937
"IRF9",0.00104168484161152,0.594632969911371,0.000298277495242036,0.349612279785805,0.839653660036937,-0.344637210772579,0.0106176401411842,-0.589657900898145,-0.099616520647013,0.249995759138792,0.0463038093483805,0.013070652937253
"IRGM",0.616083784859617,-0.127335581991784,0.347787638497682,-0.415334906632816,0.160663742649247,0.039475558011814,0.766318641100808,-0.248523766629217,0.327474882652845,-0.0878600239799702,0.512097251453136,0.83385341381883
"IRS1",0.132835285049262,0.0390691627204287,0.862237543994179,-0.449842208620263,0.52798053406112,0.402922094658177,0.0961863371206958,-0.0859892766825142,0.891833465998868,0.441991257378606,0.0716578786508633,0.323232526953203
"ISG15",0.134801192298003,0.721743132468771,0.079611450455907,-0.102508182348299,1.54599444728584,-0.0212961640481002,0.955226526426997,-0.845547478865169,0.802955150768969,0.70044696842067,0.0875603154075122,0.326276095416254
"ISG20",0.976756960517386,-0.0203342336138603,0.852792585931977,-0.258272782327779,0.217604315100059,0.0198167027928763,0.856491607971461,-0.218121845921043,0.257755251506795,-0.000517530820984023,0.99622851507536,0.986218905811096
"ITCH",0.182621572689982,-0.0876183664382266,0.0758575257920479,-0.186211330619926,0.0109745977434733,0.03001613460152,0.512943346799088,-0.0685768295801799,0.12860909878322,-0.0576022318367066,0.222181516736737,0.400101284704944
"ITGA1",0.000334587006082884,0.558080455559118,0.0176878496021079,0.119522283153038,0.996638627965198,0.677904348449221,0.00628740209205943,0.239346176043141,1.1164625208553,1.23598480400834,9.14754663570656e-05,0.00800321831349932
"ITGA2",0.00115543941100384,0.588214763250781,0.0418429533214807,0.026414193286296,1.15001533321527,0.758426613534087,0.0131631605547286,0.196626043569602,1.32022718349857,1.34664137678487,0.000327839569906518,0.0138728745071185
"ITGA2B",0.702354361395681,-0.12084632239243,0.489811058199259,-0.496412312085151,0.254719667300291,-0.00776093919332257,0.96418193675358,-0.383326928886043,0.367805050499398,-0.128607261585752,0.463085801319487,0.877902197983198
"ITGA3",0.00118532284808796,0.531857733095215,0.0926933712392829,-0.105669734298835,1.16938520048926,0.973639370394597,0.00673884543992633,0.336111903000547,1.61116683778865,1.50549710348981,0.000367178952034915,0.0141386548873238
"ITGA4",0.0286320829425703,0.171828055263744,0.103545695753657,-0.041929952668929,0.385586063196416,0.136168679160358,0.186201275190193,-0.0775893287723148,0.349926687093031,0.307996734424101,0.00932491856962443,0.111728605543425
"ITGA5",0.097386665555959,0.172139921455031,0.571488516423161,-0.483465548622938,0.827745391533,0.516446652039979,0.109754532775382,-0.13915881803799,1.17205212211795,0.68858657349501,0.0413234730825396,0.259543952910174
"ITGA6",0.0388982540468873,-0.292791406123198,0.190335192736758,-0.757140607461369,0.171557795214973,0.629646478004509,0.0128667935884725,0.165297276666338,1.09399567934268,0.336855071881312,0.137086658439474,0.136870662706957
"ITGA7",0.477990655432802,-0.054225663476718,0.639792503215426,-0.304599926973507,0.19614860002007,-0.0862911211104838,0.460280690288651,-0.336665384607272,0.164083142386305,-0.140516784587202,0.239588511072137,0.728157718000721
"ITGA8",0.155182380860241,-0.015447700490024,0.900556223734839,-0.283996573742885,0.253101172762837,0.229121213098452,0.0864784057963293,-0.0394276601544082,0.497670086351313,0.213673512608428,0.106659779780836,0.359857490559009
"ITGA9",0.231571784155892,-0.0441701568294244,0.676850969157225,-0.273454012662142,0.185113699003293,0.181862708164587,0.10762120082732,-0.0474211476681307,0.411146563997304,0.137692551335162,0.210503434578416,0.467498347438609
"ITGAE",0.851531191301681,-0.00244999855382712,0.987019272129511,-0.329705882760363,0.324805885652709,-0.0714422843185334,0.637154129821596,-0.39869816852507,0.255813599888003,-0.0738922828723605,0.625789600324929,0.938105579977799
"ITGAL",0.692903379272947,0.109513262380955,0.407966950688867,-0.172989484124441,0.392016008886352,-0.0683206403407521,0.601776171352761,-0.350823386846149,0.214182106164644,0.0411926220402033,0.751957573766586,0.874514984213781
"ITGAM",0.332374111796776,-0.0461127244957354,0.786703282301371,-0.415750571478699,0.323525122487228,0.245035301263209,0.170448740244109,-0.124602545719755,0.614673148246173,0.198922576767474,0.258136321379678,0.590266269738074
"ITGAV",0.000857037559887934,0.423061210414276,0.0880113962854517,-0.0755976259874711,0.921720046816023,0.804573336001197,0.00488796013559525,0.30591449959945,1.30323217240294,1.22763454641547,0.000267210820408707,0.0123729356514816
"ITGAX",0.438111328324488,0.141710531903124,0.546153706231204,-0.363729677439166,0.647150741245414,0.161950911573202,0.491597343733189,-0.343489297769088,0.667391120915492,0.303661443476326,0.210326212581529,0.694659577925448
"ITGB1",0.00082606285864896,0.331575370100304,0.149040702801359,-0.141003729638593,0.8041544698392,0.821955633082248,0.00308195051479406,0.349376533343351,1.29453473282114,1.15353100318255,0.000285359008394704,0.0123488205969664
"ITGB2",0.300384605347649,0.340084608403872,0.314223770477173,-0.375010095136381,1.05517931194413,0.181138871496641,0.584915273635086,-0.533955832043613,0.896233575036894,0.521223479900513,0.135425573512611,0.547107689380698
"ITGB3",0.355331969950376,0.151942773640958,0.242301805993004,-0.12047153057128,0.424357077853196,0.0160054236037347,0.898441102588762,-0.256408880608504,0.288419727815973,0.167948197244693,0.199547532307451,0.615516518510518
"ITGB4",0.000470618754745354,0.609619994315583,0.0770124927265164,-0.0795211239113209,1.29876111254249,1.21990195322774,0.00275605169018477,0.530760835000838,1.90904307145465,1.82952194754333,0.000147991405824762,0.00894665861885698
"ITGB6",0.0079663886562512,0.93230405367495,0.24215758758351,-0.738650878250669,2.60325898560057,2.02746552960868,0.0221786133090916,0.356510597683064,3.6984204615343,2.95976958328363,0.00274486368712408,0.0472034392781118
"ITGB7",0.606408270967534,-0.130120620040953,0.364299414590145,-0.435169111908177,0.174927871826271,0.019317991941137,0.890590774490163,-0.285730499926087,0.324366483808361,-0.110802628099816,0.437160785579817,0.826958325658667
"ITGB8",0.503066430935143,0.0126979088948317,0.970007640565911,-0.721217661918719,0.746613479708382,0.339676961127516,0.326721833322016,-0.394238609686034,1.07359253194107,0.352374870022347,0.309852926304343,0.747419827156139
"ITK",0.913295503203338,0.0306133248767491,0.795559848875731,-0.225710967417256,0.286937617170754,-0.0486827728948009,0.681118836461193,-0.305007065188806,0.207641519399204,-0.0180694480180518,0.878314566667234,0.961804084821537
"ITPK1",0.814690644800078,-0.0935589322522168,0.641482458008122,-0.527761574541847,0.340643710037414,-0.0263776491325948,0.895014236299039,-0.460580291422225,0.407824993157036,-0.119936581384812,0.551998250686208,0.922784466137688
"JADE1",0.00157390154517545,-0.460019311818995,0.197565625825529,-1.20259962333452,0.282560999696525,-1.19723720769012,0.00490986660661501,-1.93981751920564,-0.454656896174598,-1.65725651950911,0.00055946116780179,0.0169962740825159
"JAG1",0.112560704061698,0.091633401033057,0.564711133697606,-0.251196727993958,0.434463530060072,0.255799712024857,0.127390694265406,-0.0870304170021574,0.598629841051872,0.347433113057914,0.0475252409757933,0.289736650088293
"JAG2",0.01765831201517,-0.243164227919797,0.00563984263251757,-0.397562513759247,-0.0887659420803477,0.10216479779358,0.171158660841616,-0.0522334880458698,0.256563083633029,-0.140999430126217,0.0692493278095159,0.0792038471314589
"JAK1",0.0599269102347866,-0.137874822376739,0.433264196136976,-0.5141454338197,0.238395789066222,-0.31498520804955,0.0917241348425385,-0.691255819492511,0.0612854033934112,-0.452860030426289,0.0230264686494033,0.186206331409549
"JAK2",0.356425346510095,0.0739863363253462,0.375757071507082,-0.10384702042294,0.251819693073632,0.0457256949612403,0.579356405006332,-0.132107661787046,0.223559051709527,0.119712031286586,0.164528837521714,0.615981304337996
"JAK3",0.0287010408146953,0.197841496834639,0.0223383911709224,0.0345359539495101,0.361147039719767,0.0120533304300022,0.872649227070956,-0.151252212455126,0.175358873315131,0.209894827264641,0.0168467389322934,0.111728605543425
"JAM3",0.000554339596436161,0.142119710647973,0.169661512898396,-0.0718343951941515,0.356073816490098,0.403791829828302,0.00181388236722651,0.189837723986177,0.617745935670426,0.545911540476275,0.000202393251342802,0.00982203653879605
"JAML",0.264618859012799,0.110732658072733,0.622049744646246,-0.374358252108103,0.595823568253569,0.259408575317782,0.260958421148883,-0.225682334863054,0.744499485498618,0.370141233390515,0.119940951009685,0.509078680789995
"JUN",0.00772590535708393,-0.771233342232401,0.0145771356858659,-1.35408385245704,-0.188382832007764,-0.245313939442803,0.370447286881538,-0.82816444966744,0.337536570781834,-1.0165472816752,0.00302877007586559,0.0460777035185561
"JUNB",0.337067047806085,0.375501156010898,0.365853909227156,-0.50778807482604,1.25879038684784,0.237233074758714,0.562860450430242,-0.646056156078224,1.12052230559565,0.612734230769612,0.153224036761337,0.593771585179638
"JUP",7.16856547657259e-05,0.199254203009934,0.190870208689557,-0.117167260254189,0.515675666274056,0.816353463402967,0.000185547906998925,0.499932000138845,1.13277492666709,1.0156076664129,3.098978012582e-05,0.00484541925731296
"KAT2B",0.00185446682618804,-0.185231095613373,0.169692255722031,-0.464109356707544,0.0936471654807978,-0.427161204409939,0.00662630203964661,-0.70603946550411,-0.148282943315768,-0.612392300023313,0.000629832929234012,0.0184939997693616
"KBTBD8",0.593530787406966,-0.122524489774536,0.322221791119767,-0.38467818363841,0.139629204089338,0.0738371688731443,0.544349591999596,-0.18831652499073,0.335990862737019,-0.0486873209013916,0.687747642057331,0.817504669447331
"KDM5C",0.0219463411955924,-0.131501246679158,0.102781344711664,-0.294677021279756,0.0316745279214403,-0.116312628619997,0.143318144029104,-0.279488403220595,0.0468631459806014,-0.247813875299155,0.00695731236199169,0.0940189499576437
"KDM6A",0.0072457695392203,-0.114307391930446,0.235708764752241,-0.316180032936028,0.0875652490751369,-0.248740764842279,0.0206391887530877,-0.450613405847861,-0.0468681238366961,-0.363048156772724,0.00248970736949184,0.0440784313635901
"KDR",0.102580110548162,-0.051362490421763,0.657366572555117,-0.301728227569976,0.19900324672645,-0.203764025840297,0.099846066578829,-0.454129762988509,0.046601711307916,-0.25512651626206,0.0465304353989899,0.269753172551002
"KEAP1",0.546699537365969,0.0148423824186455,0.817001622534834,-0.124354994007577,0.154039758844868,-0.0673562437499166,0.306276044889825,-0.20655362017614,0.0718411326763063,-0.0525138613312711,0.420221220022984,0.780459244729633
"KIF2C",0.15987991729103,-0.0717873103642095,0.431341285771573,-0.266857049195167,0.123282428466748,0.182849818256458,0.0632819302707277,-0.0122199205744994,0.377919557087416,0.111062507892249,0.233323542532474,0.368410162949659
"KIR2DL1",0.0907900034039298,-0.279309030762475,0.145351639561866,-0.673373710979166,0.114755649454216,-0.153526848842416,0.405701771599699,-0.547591529059106,0.240537831374275,-0.43283587960489,0.0344128444491974,0.244383121256891
"KIR2DS2",0.388893328072043,-0.159002372070092,0.392419734489985,-0.555366056948585,0.237361312808401,-0.0948056228620319,0.605711757227191,-0.491169307740525,0.301558062016461,-0.253807994932124,0.184114358395568,0.645669040022351
"KIR2DS3",0.0380186151286264,-0.248342140209934,0.122033177053377,-0.575885203866934,0.0792009234470654,-0.197316742988326,0.209188199831785,-0.524859806645325,0.130226320668674,-0.44565888319826,0.0126418791932261,0.134827465038741
"KIR3DL2",0.494145027856961,-0.163941496234142,0.311590035425708,-0.506688902807423,0.178805910339139,0.16390191973916,0.311700848295986,-0.178845486834121,0.506649326312442,-3.95764949816051e-05,0.999799780679982,0.740406137798812
"KIT",0.751604101480393,0.106535926543221,0.520394044625329,-0.249812494380852,0.462884347467294,-0.000713864258606201,0.996526382059883,-0.357062285182679,0.355634556665467,0.105822062284615,0.523134069796641,0.897107576979541
"KITLG",0.128863326067323,0.411595948441959,0.071820097214471,-0.0439999937938799,0.867191890677798,-0.0275539440217844,0.89547898097029,-0.483149886257623,0.428041998214054,0.384042004420175,0.0897896578188351,0.318234871546501
"KLF4",0.297322020867203,-0.0791064837518021,0.733808538478592,-0.583123196026044,0.42491022852244,0.356833922453095,0.145764598485972,-0.147182789821148,0.860850634727337,0.277727438701293,0.247649839431436,0.544245424355713
"KLRB1",0.931986498819549,-0.0151213570505829,0.915773038211711,-0.325753871053892,0.295511156952726,-0.0359889640898112,0.801529614173681,-0.34662147809312,0.274643549913497,-0.0511103211403941,0.721548242313855,0.970024305257659
"KLRC1",0.886422853860219,-0.0605118436430737,0.693197772648886,-0.39249177931637,0.271468092030223,0.0665476379528085,0.664647935793312,-0.265432297720488,0.398527573626105,0.00603579430973485,0.968483731716318,0.954413628989004
"KLRC2",0.859879675497651,0.0602097700273097,0.737173064196071,-0.328542824033188,0.448962364087807,-0.0955223456482285,0.59605096174262,-0.484274939708726,0.293230248412269,-0.0353125756209188,0.843666827014458,0.94054641837716
"KLRD1",0.849905071175186,-0.0233691585971007,0.872134138921777,-0.338699953387351,0.29196163619315,-0.0558180781184678,0.701556929498401,-0.371148872908718,0.259512716671782,-0.0791872367155685,0.588105822026416,0.937278130565663
"KLRF1",0.43861465557467,-0.186088593583772,0.218613939127069,-0.501952115432771,0.129774928265226,0.0608585359407608,0.676804660659053,-0.255004985908238,0.376722057789759,-0.125230057643012,0.39776674501245,0.694853946548414
"KLRG1",0.951383787062053,-0.0317740491847188,0.836730870266214,-0.366481566724037,0.3029334683546,-0.0147425113691826,0.92376002734419,-0.349450028908501,0.319965006170136,-0.0465165605539014,0.763176304577683,0.973248548984443
"KLRK1",0.584076594044187,0.0981095046394358,0.434350580193154,-0.170292515735095,0.366511525013967,-0.120731135478688,0.339857997061701,-0.389133155853219,0.147670884895843,-0.0226216308392522,0.854794444950832,0.809377985076203
"KMT2C",0.000113010940810577,-0.22021516485955,0.0401281009353473,-0.428351899897563,-0.0120784298215376,-0.438648601343558,0.000846936877677943,-0.646785336381571,-0.230511866305545,-0.658863766203108,3.48505683346865e-05,0.00573015156432833
"KMT2D",0.00673024413191633,-0.230844296853234,0.0737928803732823,-0.48844616007686,0.0267575663703913,-0.248376515930288,0.0572241203277282,-0.505978379153913,0.0092253472933379,-0.479220812783522,0.00199572780817319,0.0422085757413996
"KRAS",0.99890173137239,0.00446414476407571,0.968592847359795,-0.241925698728677,0.250853988256829,-0.00451495435633213,0.968235597515368,-0.250904797849085,0.241874889136421,-5.08095922564181e-05,0.999642426169514,0.999186668213289
"KRT1",0.293767995877529,-0.200762556791101,0.24791994504623,-0.565327230722545,0.163802117140343,-0.0593388176042892,0.724402415815059,-0.423903491535734,0.305225856327155,-0.26010137439539,0.142990541758167,0.54045019402872
"KRT10",0.00764814902878573,-0.334258900473948,0.0133778317035879,-0.582641253988583,-0.0858765469593129,-0.0974616259849226,0.402469552139021,-0.345843979499557,0.150920727529712,-0.43172052645887,0.00309504947114847,0.0457635146804392
"KRT14",0.456307373394149,-0.237342286887218,0.226400626385072,-0.647591686508847,0.172907112734412,0.0878562865003668,0.643502614387223,-0.322393113121263,0.498105686121996,-0.149486000386851,0.435757081577762,0.710902370366506
"KRT17",0.000402914248108303,0.521135700698261,0.340632429894092,-0.639370138670301,1.68164154006682,2.47373969227867,0.000780810415938481,1.31323385291011,3.63424553164723,2.99487539297693,0.000185148116992777,0.00835589207724605
"KRT18",0.0258740561565788,-0.377119165773223,0.0649751441258011,-0.782495187156024,0.0282568556095777,-0.212304691913836,0.270312791370494,-0.617680713296636,0.193071329468965,-0.589423857687059,0.00887312715030415,0.104947687352831
"KRT19",0.000347859931116611,1.18008749017858,0.0452989050424258,0.0300133532331808,2.33016162712397,2.01432426987801,0.00294887596559972,0.864250132932612,3.1643984068234,3.19441176005658,0.000102948805298843,0.00800321831349932
"KRT5",0.359282662975061,-0.231085943717346,0.480755206443783,-0.934133542778617,0.471961655343925,0.475534983041099,0.162708063753114,-0.227512616020172,1.17858258210237,0.244449039323753,0.456431345990596,0.619745614300081
"KRT6A/B/C",0.0402739907375375,0.0811761764411441,0.763282328618761,-0.503193775184388,0.665546128066677,0.637570473662131,0.0353904253194622,0.0532005220365984,1.22194042528766,0.718746650103275,0.0208147886079674,0.138590438115522
"KRT6B",0.764930032459035,0.184973594926003,0.476260936462162,-0.371912888182342,0.741860078034347,-0.103998085161642,0.686123860706845,-0.660884568269986,0.452888397946702,0.0809755097643605,0.752621521892619,0.904245716715096
"KRT7",0.00424129974423726,0.865843906706946,0.06806816884983,-0.0775102050826761,1.80919801849657,1.01699326314458,0.037183921114627,0.0736391513549584,1.9603473749342,1.88283716985153,0.00124065538719173,0.0312111775533589
"KYAT1",0.503304231756144,-0.153447910672877,0.252982117761131,-0.43529910234282,0.128403280997066,0.0787420346135423,0.547553888869225,-0.203109157056401,0.360593226283485,-0.0747058760593347,0.567909575306025,0.747419827156139
"L1CAM",0.488061154491184,-0.0504922223547474,0.790481666285676,-0.46274237228957,0.361757927580076,0.219395757985957,0.263114304910379,-0.192854391948866,0.63164590792078,0.168903535631209,0.382780030119969,0.738488068750901
"LAG3",0.841354345441274,-0.0699520708681126,0.668615850357468,-0.423407213273315,0.28350307153709,-0.0194700310852464,0.904747230846999,-0.372925173490448,0.333985111319956,-0.0894221019533589,0.585372599682277,0.935423220531181
"LAIR1",0.510337445613661,0.136878408254992,0.449571747227353,-0.250684664609044,0.524441481119029,0.0680355123893767,0.703895911272082,-0.31952756047466,0.455598585253414,0.204913920644369,0.266042706094543,0.74989197926323
"LAIR2",0.684639139685234,-0.0837167383951289,0.431006932822153,-0.311032254273697,0.143598777483439,0.0120524026748631,0.908298218988328,-0.215263113203705,0.239367918553431,-0.0716643357202658,0.498422530390049,0.86889181496909
"LAMA1",0.854449913355052,-0.0789431738233249,0.627530524783099,-0.430360215486083,0.272473867839433,0.00357716201071427,0.982351098835488,-0.347839879652043,0.354994203673472,-0.0753660118126107,0.643028060901306,0.939089714740319
"LAMA3",0.00287031310741021,0.227462924352586,0.309600092327452,-0.246028837519336,0.700954686224508,0.731542907955309,0.00630529524995644,0.258051146083387,1.20503466982723,0.959005832307896,0.00112063948356378,0.0241759173543554
"LAMA5",0.0203648074177957,0.276080164945287,0.0254510786191785,0.0415916280185069,0.510568701872067,0.063838597893659,0.557634390690847,-0.170649939033121,0.298327134820439,0.339918762838946,0.00902171968708114,0.0882797471198983
"LAMB3",0.000358834257288766,0.586420410997917,0.156338180063604,-0.266042767135747,1.43888358913158,1.70904305714221,0.00120293277524211,0.856579879008544,2.56150623527587,2.29546346814012,0.000132143528805318,0.00804790788841835
"LAMB4",0.671591124772175,-0.0857351053341994,0.490759764095746,-0.352780367378749,0.18131015671035,-0.015575826629269,0.899175366385029,-0.282621088673818,0.25146943541528,-0.101310931963468,0.417706485230597,0.860768195837692
"LAMC2",0.000350210123344203,0.673497144676942,0.183097512457712,-0.375613115879465,1.72260740523335,2.14559448393373,0.00104713548043272,1.09648422337733,3.19470474449014,2.81909162861068,0.000134368496838689,0.00800321831349932
"LAMC3",0.0666623331579786,-0.193263436806796,0.322421105808721,-0.606949549822314,0.220422676208721,-0.300634075273303,0.136466096993794,-0.71432018828882,0.113052037742214,-0.493897512080099,0.0238926262598262,0.198504045194844
"LAMP1",0.000722201801798862,-0.556172477023056,0.00176148374927432,-0.849576796673135,-0.262768157372978,-0.158391184535046,0.256744591825303,-0.451795504185125,0.135013135115032,-0.714563661558103,0.00029034362499411,0.0117495476564146
"LAMP2",0.037261436201048,0.0444715467828352,0.598029788642505,-0.137510183359542,0.226453276925213,-0.234573317197105,0.0166100776275426,-0.416555047339482,-0.0525915870547271,-0.19010177041427,0.0422255087944443,0.133072280651441
"LAMP3",0.148988261705309,-0.0545815029853463,0.69623033375556,-0.357200417588323,0.24803741161763,-0.22146327878548,0.134027629034044,-0.524082193388456,0.0811556358174972,-0.276044781770826,0.0695161959461742,0.351751070649663
"LAT",0.415948424842406,-0.0625830131189383,0.53207016282521,-0.278035973578548,0.152869947340671,0.133812736708392,0.196512331470095,-0.0816402237512182,0.349265697168001,0.0712297235894533,0.478270936812275,0.672540367094118
"LBP",0.23142660896712,0.0102819102577264,0.948854776469667,-0.338029153586491,0.358592974101944,0.244343439588982,0.149103270141971,-0.103967624255236,0.5926545034332,0.254625349846709,0.134404408836058,0.467498347438609
"LCK",0.815084142144632,0.0264582655081196,0.882259906873752,-0.3615546895596,0.414471220575839,0.0814728247947897,0.649919983487541,-0.306540130272929,0.469485779862509,0.107931090302909,0.549258865322698,0.922784466137688
"LCN2",0.0154471166413458,2.02521033504806,0.0226092385197961,0.349169038539011,3.70125163155712,0.553289327224377,0.478903659132975,-1.12275196928468,2.22933062373343,2.57849966227244,0.00646150998611533,0.072099713223673
"LCOR",0.252125377829919,-0.162782331490203,0.171728158350658,-0.409150122506899,0.0835854595264923,-0.0146242620531948,0.897401130616068,-0.26099205306989,0.231743528963501,-0.177406593543398,0.139694699162744,0.49551605667067
"LCP1",0.468762709004294,0.358828484420183,0.27871164889636,-0.339192344677141,1.05684931351751,-0.0249400214941282,0.938117623473458,-0.722960850591453,0.673080807603196,0.333888462926055,0.3115706814928,0.724379292068448
"LDHA",0.388030744701267,-0.115239367518966,0.407529222535846,-0.412225897851435,0.181747162813503,0.191089099743486,0.182191918410905,-0.105897430588983,0.488075630075955,0.0758497322245194,0.581869129063041,0.645447849491615
"LDHB",0.000242644070011131,-1.07051367067665,0.00167514840231914,-1.63103711190254,-0.509990229450756,-0.548305737862223,0.0542847302746989,-1.10882917908812,0.0122177033636706,-1.61881940853887,7.48999431902991e-05,0.0074757768587321
"LEF1",0.000458725526988611,0.325407930547495,0.208815168123007,-0.214285034751059,0.86510089584605,1.07332261080009,0.00127166856209892,0.533629645501538,1.61301557609865,1.39873054134759,0.00017902394669808,0.00892755363934044
"LEFTY1",0.0042326086418947,-0.248248555138644,0.552564634211509,-1.14828042292787,0.651783312650577,-1.41882289312289,0.00560848546184297,-2.31885476091212,-0.518791025333672,-1.66707144826154,0.00205387456349926,0.0312111775533589
"LEFTY2",0.28420695500262,-0.217107937038402,0.143862340944467,-0.5221521646262,0.0879362905493965,0.0388016368573552,0.782636265893061,-0.266242590730443,0.343845864445153,-0.178306300181046,0.221973978109732,0.53054433857453
"LEP",0.770050671749959,-0.0882549822683207,0.551220372379255,-0.407126092214001,0.23061612767736,-0.00485361292797308,0.97361231872962,-0.323724722873654,0.314017497017707,-0.0931085951962937,0.529965812294453,0.905003359041325
"LEPR",0.911598283892758,-0.0399140033762144,0.80039114798577,-0.382411230266402,0.302583223513973,0.0659579727017025,0.676951985174167,-0.276539254188485,0.40845519959189,0.0260439693254881,0.868836179512172,0.961804084821537
"LFNG",0.0336567382719266,-0.621248305058395,0.0149478004444324,-1.0930976027962,-0.149399007320587,0.118339187419579,0.588582518209663,-0.353510110318229,0.590188485157387,-0.502909117638817,0.0389562221490353,0.123466920729823
"LGALS3",0.000956994241285633,0.474954988731512,0.137580160544396,-0.180683247306345,1.13059322476937,1.10025153822873,0.00385208458906084,0.444613302190876,1.75588977426659,1.57520652696025,0.000322121297784534,0.0126997128163164
"LGALS9",0.0507186553163402,0.44377453424627,0.10187061592578,-0.105220440486641,0.992769508979182,0.250925702390652,0.332493032288312,-0.298069272342259,0.799920677123563,0.694700236636922,0.018176443581453,0.164407719275881
"LGR5",0.492417306859072,-0.0631878094984565,0.638290073458334,-0.353623147596921,0.227247528600008,0.159665557473291,0.248679008244615,-0.130769780625174,0.450100895571755,0.0964777479748341,0.476226674611146,0.739639164623709
"LIF",0.0115559395478583,-0.0153889788200601,0.955869992351345,-0.61970260477034,0.58892464713022,0.898996905991478,0.00781768270029905,0.294683280041198,1.50331053194176,0.883607927171418,0.00860447231690802,0.0594072948587082
"LIFR",0.0721272765951286,-0.410380375081219,0.0802366342870146,-0.880182646735832,0.0594218965733943,-0.117918810161809,0.58829267001518,-0.587721081816423,0.351883461492804,-0.528299185243028,0.0311479908728455,0.210949166323894
"LIG4",0.841624618143671,0.0408020361832923,0.72835619570462,-0.213703651330783,0.295307723697368,0.0263388858375621,0.822281646907197,-0.228166801676513,0.280844573351638,0.0671409220208544,0.569699225525884,0.935423220531181
"LILRA1",0.435235696790679,-0.148710069982386,0.232641211275666,-0.409493808443189,0.112073668478416,0.0295074839701323,0.806060262580052,-0.23127625449067,0.290291222430935,-0.119202586012254,0.332462922779961,0.692668516323472
"LILRA3",0.698855799940172,-0.0545481718293414,0.714250452472068,-0.377175497290177,0.268079153631494,-0.0699397689944845,0.63948165589543,-0.39256709445532,0.252687556466351,-0.124487940823826,0.410068272610437,0.876524052319896
"LILRA4",0.746703251979992,-0.0367274183156378,0.800158045936689,-0.351504147392287,0.278049310761012,0.107767710628419,0.463179138555073,-0.20700901844823,0.422544439705069,0.0710402923127814,0.625954177245283,0.894814684367862
"LILRA5",0.306988822037206,-0.180868538172629,0.151982910215018,-0.4407260596582,0.078988983312943,0.0390334458803388,0.74477242636734,-0.220824075605233,0.29889096736591,-0.14183509229229,0.251851488109837,0.55746726389841
"LILRB1",0.457180651682119,0.0215337656823834,0.825557234162692,-0.190524524708463,0.233592056073229,0.0948919204842952,0.342255021976505,-0.117166369906551,0.306950210875141,0.116425686166679,0.249257302768329,0.711299820392043
"LILRB2",0.385954538770506,-0.0899192242296871,0.508822684084226,-0.382343293088349,0.202504844628975,-0.100060580792545,0.463415597564497,-0.392484649651207,0.192363488066117,-0.189979805022232,0.178353396821355,0.645024755729096
"LILRB3",0.485003768792453,0.233043851350628,0.309690914030179,-0.252161344668948,0.718249047370204,0.00451027564541431,0.983882921440497,-0.480694920374162,0.48971547166499,0.237554126996042,0.300909676042778,0.736382594048441
"LILRB4",0.334369800957027,0.186007966172087,0.391049798667079,-0.276284503381581,0.648300435725755,0.137510909819785,0.522460313920927,-0.324781559733883,0.599803379373453,0.323518875991872,0.149988838699238,0.592154451206498
"LOXL2",0.0101986165764354,-0.0250393756385708,0.940450554055845,-0.753358438484604,0.703279687207462,1.10941169934695,0.00683955889323036,0.381092636500921,1.83773076219299,1.08437232370838,0.0077814075930346,0.0552287341031742
"LRP1",0.00062895533485295,0.586158007193439,0.0399473874216562,0.032770800942645,1.13954521344423,0.847283027858327,0.00664185872270622,0.293895821607533,1.40067023410912,1.43344103505177,0.000179793832403907,0.0108287121330814
"LRP2",0.808580950181627,-0.0868743363818689,0.525259781258895,-0.380952413407422,0.207203740643684,0.0467768132630514,0.730388781511218,-0.247301263762502,0.340854890288605,-0.0400975231188175,0.76750248106461,0.919414476063221
"LRP5",0.56003702919113,-0.0433780978309642,0.832544445045706,-0.488707590638656,0.401951394976728,-0.16651689036754,0.424216536788464,-0.611846383175232,0.278812602440151,-0.209894988198504,0.318352999541628,0.791073976992114
"LRP6",0.0141834888332354,-0.315508243486786,0.0788184267957164,-0.674716544757589,0.0437000577840181,-0.274670234025587,0.119247755231484,-0.63387853529639,0.084538067245217,-0.590178477512372,0.0043830831666241,0.0675845094534064
"LRRC32",0.000540873590204674,0.422248904884379,0.0368191391993077,0.0315129018984424,0.812984907870316,0.609813104435435,0.00594693507007026,0.219077101449498,1.00054910742137,1.03206200931981,0.000154091418558578,0.00967739511885814
"LRRN3",0.936019963947982,0.0151136421015095,0.923973228955879,-0.32898551175269,0.359212795955709,-0.0545647926398528,0.731181716505521,-0.398663946494052,0.289534361214346,-0.0394511505383433,0.803547392728435,0.970218862231872
"LTA",0.746741240708085,-0.132598292234722,0.465260831228443,-0.521762138086231,0.256565553616788,0.0423328004866547,0.81338857325136,-0.346831045364855,0.431496646338164,-0.090265491748067,0.616524464291051,0.894814684367862
"LTB",0.951090795300087,-0.0452602225623772,0.780159332168576,-0.396950157212094,0.30642971208734,0.00400151368404362,0.980273227611251,-0.347688420965673,0.355691448333761,-0.0412587088783336,0.799092385559028,0.973248548984443
"LTBP1",0.0033085682616777,0.499528557626173,0.0647835594035462,-0.0369730899540346,1.03603020520638,0.610871855194762,0.0295143248479703,0.0743702076145547,1.14737350277497,1.11040041282093,0.000962886636287212,0.0266677595225949
"LTBR",0.0349684241184994,-0.153924069896984,0.156110978129255,-0.377543204826413,0.0696950650324446,-0.156306733431323,0.150423064704491,-0.379925868360752,0.0673124014981053,-0.310230803328307,0.0114218250774373,0.127126243060282
"LTF",0.168498619937053,-0.11478155596383,0.769253055006299,-0.963202580786999,0.733639468859339,-0.617418351189844,0.135982129954141,-1.46583937601301,0.231002673633325,-0.732199907153673,0.0834058233724937,0.380691821868137
"LTK",0.838923547888974,-0.0739314582124427,0.63638694212508,-0.411810509856836,0.26394759343195,0.0824238804202209,0.598663063996485,-0.255455171224172,0.420302932064614,0.00849242220777816,0.956442443489266,0.93355821640084
"LY6E",0.000174681027722633,0.888366973372142,0.00663301045428389,0.30828154393397,1.46845240281031,0.885714989071093,0.00674747134297588,0.305629559632921,1.46580041850927,1.77408196244324,4.6577655357058e-05,0.00708428612430677
"LY86",0.976567579194723,-0.0125647401406175,0.918968763330174,-0.280900262905568,0.255770782624333,0.0262489721091449,0.831843773725754,-0.242086550655806,0.294584494874096,0.0136842319685274,0.911781745643277,0.986218905811096
"LY9",0.864733400052486,-0.0594004094015631,0.705337897423508,-0.399524607344767,0.280723788541641,0.0797808462307915,0.612606011776407,-0.260343351712412,0.419905044173995,0.0203804368292284,0.896437591464469,0.943438455077663
"LY96",0.00887803300095444,0.156669564668279,0.11433156461853,-0.0451221685124202,0.358461297848979,0.201517049281006,0.0502577466810768,-0.000274683899693901,0.403308782461705,0.358186613949285,0.00270820264621478,0.0510814349573471
"LYN",0.777105143480994,0.0416821721389359,0.794810780790983,-0.306013586272595,0.389377930550467,-0.111087277517739,0.492811807832421,-0.458783035929269,0.236608480893792,-0.0694051053788028,0.66595875132082,0.906788290826608
"LYZ",0.0808315769048071,0.749728051111797,0.351228851745084,-0.958674825200678,2.45813092742427,1.19394541154829,0.150486080935643,-0.514457464764186,2.90234828786076,1.94367346266009,0.0296167499368612,0.226254030446738
"MAD2L2",0.0109192677049937,-0.282856704998384,0.00739944063497006,-0.471143356826116,-0.0945700531706528,0.00497111769637171,0.954248861012625,-0.18331553413136,0.193257769524103,-0.277885587302013,0.00817166140597176,0.0572634010391193
"MAF",0.0373331549005686,0.174070849540879,0.182695114830297,-0.0968074340350458,0.444949133116804,0.196468012506386,0.137151893478227,-0.0744102710695391,0.467346296082311,0.370538862047265,0.0122955270497189,0.133072280651441
"MAGEA1",0.17293121147716,-0.214131590782456,0.232349954434151,-0.589389156712834,0.161125975147921,-0.127570233828161,0.46624551107888,-0.502827799758539,0.247687332102216,-0.341701824610617,0.0699333193918103,0.387238602387504
"MAGEA12",0.822590019362343,-0.042202283407198,0.730157554052245,-0.307283009083632,0.222878442269235,-0.0326813240046982,0.789135967810578,-0.297762049681132,0.232399401671735,-0.0748836074118963,0.543175983264719,0.925636473228112
"MAGEA3",0.337583864675823,-0.133881090487546,0.377775098448702,-0.457097440421148,0.189335259446055,-0.0906686934875552,0.545943553981503,-0.413885043421157,0.232547656446046,-0.224549783975101,0.152670247276166,0.594108537158512
"MAGEA4",0.0605309811786674,-0.277619170014769,0.0889149618768634,-0.605923908037593,0.0506855680080558,-0.11553098943055,0.451162805635204,-0.443835727453374,0.212773748592275,-0.393150159445318,0.0235639601476595,0.187553549492475
"MAGEB2",0.822675265521094,-0.0950873691472047,0.555740188763607,-0.442654321610625,0.252479583316216,0.0255412579509155,0.873200385244159,-0.322025694512505,0.373108210414336,-0.0695461111962892,0.665212158986317,0.925636473228112
"MAGEC1",0.365696641363547,-0.153508954946,0.299381269236553,-0.466005341258415,0.158987431366414,-0.0465474698927542,0.746824078679638,-0.359043856205169,0.26594891641966,-0.200056424838755,0.184210276135473,0.626075394454479
"MAGEC2",0.388262520864532,-0.173681658198954,0.19566265032933,-0.452749664917028,0.105386348519121,0.043449273421554,0.735849721612857,-0.235618733296521,0.322517280139629,-0.1302323847774,0.322918785330648,0.645447849491615
"MAML2",0.633582812401838,0.113034505174374,0.437492936273048,-0.198391279204231,0.42446028955298,0.00996329134910286,0.944577421264486,-0.301462493029503,0.321389075727708,0.122997796523477,0.399510858182359,0.843784026297167
"MAP2K1",0.618378665748459,-0.0813212915047626,0.351159345480318,-0.26659988809664,0.103957305087115,0.0571805720608441,0.507310425559391,-0.128098024531033,0.242459168652721,-0.0241407194439185,0.777507606765131,0.835337575863019
"MAP2K2",0.000884783458382485,-0.398093454197427,0.0175117273823798,-0.710285931136507,-0.085900977258346,-0.379397661997523,0.0220170963468301,-0.691590138936604,-0.0672051850584423,-0.77749111619495,0.000244439541897614,0.0124209985503695
"MAP2K4",0.00371356016092379,-0.200339183388999,0.0546366106074316,-0.40550229916444,0.00482393238644241,-0.217687496889666,0.0396708121532249,-0.422850612665107,-0.0125243811142254,-0.418026680278665,0.00107485987913984,0.0288393501858975
"MAP2K6",0.140152058748049,-0.215564943650714,0.236569342127362,-0.597015800659435,0.165885913358006,-0.158624652732702,0.375974726772564,-0.540075509741422,0.222826204276019,-0.374189596383416,0.0537230301241965,0.335226090714535
"MAP3K1",0.000350826008262984,-0.0890314458970395,0.315385615132279,-0.276711669013377,0.0986487772192977,-0.404990585147286,0.000714937544912341,-0.592670808263623,-0.217310362030948,-0.494022031044325,0.000158356800315744,0.00800321831349932
"MAP3K12",0.0422617794567903,0.1425642760653,0.167168064005437,-0.0706780651150684,0.355806617245669,0.141795716116285,0.169254894404501,-0.0714466250640838,0.355038057296654,0.284359992181585,0.014016136395275,0.143627090332667
"MAP3K13",0.016383808534222,-0.153775022196176,0.254189248769843,-0.436996143310779,0.129446098918428,-0.293051000494609,0.0438440828310907,-0.576272121609212,-0.00982987938000551,-0.446826022690785,0.0055825996472206,0.0754220887538277
"MAP3K14",0.00223605853744854,-0.217532176090629,0.103664777060769,-0.488253936635189,0.0531895844539317,-0.369820946650415,0.0123828347778181,-0.640542707194975,-0.0990991861058543,-0.587353122741043,0.000687511564942684,0.0208822353331009
"MAP3K20",0.0295329837532031,-0.0152802657939297,0.827340835670397,-0.167339603799146,0.136779072211286,0.196185363067455,0.0165344117191052,0.0441260250622392,0.348244701072672,0.180905097273526,0.0242789304230644,0.113468832314938
"MAP3K5",0.00014074385938492,-0.659241597055319,0.00330217535506504,-1.04245302753945,-0.276030166571184,-0.541861162613119,0.0103226100114437,-0.925072593097253,-0.158649732128985,-1.20110275966844,3.7895409228913e-05,0.00642143858443698
"MAP3K7",0.395809105727779,-0.104057154514413,0.206833475461056,-0.275823019952824,0.0677087109239972,0.0211052833571165,0.789827844940567,-0.150660582081294,0.192871148795527,-0.0829518711572966,0.307180973106483,0.651354028812621
"MAP3K8",0.694396412636942,-0.0474700334813584,0.622770519423916,-0.255860454914485,0.160920387951768,0.0809550697515095,0.407005798618436,-0.127435351681617,0.289345491184636,0.0334850362701512,0.727765401004782,0.875463836513778
"MAP4K2",0.271802290037777,-0.0905194781763149,0.331343243708681,-0.288071306290582,0.107032349937952,-0.0615200191383272,0.503563115830081,-0.259071847252594,0.13603180897594,-0.152039497314642,0.117145863252805,0.517721335727524
"MAPK1",0.00031221625264023,-0.394708231988421,0.00092084445084907,-0.58421461359096,-0.205201850385883,-0.121245433119974,0.184455799866107,-0.310751814722513,0.0682609484825638,-0.515953665108396,0.000120954329264843,0.00795950540533129
"MAPK10",0.927725678261513,-0.0115324575123496,0.926093539944975,-0.281656026478768,0.258591111454069,-0.033814092590647,0.785990344004548,-0.303937661557065,0.236309476375771,-0.0453465501029966,0.716179514810069,0.96845876833349
"MAPK11",0.295986177466317,-0.00311081553638361,0.970351902926896,-0.184999073678191,0.178777442605423,0.118907393239593,0.175891617728003,-0.0629808649022139,0.3007956513814,0.115796577703209,0.186445812704736,0.542344150477939
"MAPK12",0.0126630400372717,0.046711818612676,0.578523303010449,-0.134552006779445,0.227975644004797,0.236754169376724,0.0155583410281833,0.0554903439846031,0.418017994768846,0.2834659879894,0.00587746653295808,0.0628742849680748
"MAPK14",0.0343353235359393,-0.0104126658699327,0.8849868388858,-0.166766329762677,0.145940998022812,0.193546306917604,0.0201935444871653,0.0371926430248593,0.349899970810348,0.183133641047671,0.0260510498406264,0.125073783339499
"MAPK3",0.0152187511447163,0.0308797738835963,0.860944312213592,-0.351913591697401,0.413673139464594,0.522302958665771,0.0124585955426587,0.139509593084774,0.905096324246769,0.553182732549368,0.00917623096450248,0.071583043399761
"MAPK8",0.012137420949931,-0.182132176140712,0.0438437864743058,-0.35815474621781,-0.00610960606361477,-0.112453638392239,0.18504383246545,-0.288476208469337,0.0635689316848583,-0.294585814532951,0.00391716590161284,0.0615904320905735
"MAPK8IP1",0.108542385712731,-0.0762183381305056,0.615339591890912,-0.40370449374503,0.251267817484019,-0.255541626033581,0.11273102390261,-0.583027781648105,0.0719445295809437,-0.331759964164086,0.0475929172284268,0.282581817297767
"MAPK8IP2",0.272051923815176,-0.196362007942234,0.202741101124721,-0.517328461443433,0.124604445558965,-0.0335920835781052,0.820313866653881,-0.354558537079304,0.287374369923094,-0.229954091520339,0.141498286654675,0.517721335727524
"MAPK9",2.93649463480795e-05,-0.725966882644515,0.000567936835292705,-1.05192330688854,-0.400010458400488,-0.496207255823636,0.00686362737289758,-0.822163680067662,-0.170250831579609,-1.22217413846815,8.03902456885167e-06,0.0031524133579556
"MAPKAPK2",0.854700282840367,-0.0728345248961898,0.588277845564543,-0.363004045773126,0.217334995980746,0.0452970331744789,0.735182225853339,-0.244872487702457,0.335466554051415,-0.0275374917217109,0.836780608753728,0.939089714740319
"MAPT",0.236498622606257,-0.206546088118377,0.23253475030691,-0.568664490916614,0.155572314679861,-0.0817031155412993,0.626043787259267,-0.443821518339537,0.280415287256938,-0.288249203659676,0.106525457358666,0.474296688193867
"MARCO",0.260897254125862,-0.0407883957709125,0.883762609912812,-0.646752344707681,0.565175553165855,0.432424481596103,0.142911829114738,-0.173539467340665,1.03838843053287,0.391636085825191,0.180415711263381,0.505558749557527
"MASP1",0.753272869619341,-0.0352152399452556,0.802064658847758,-0.340011377924894,0.269580898034383,0.102767807033817,0.469807040767771,-0.202028330945821,0.407563945013456,0.0675525670885617,0.632094549299309,0.89792487724056
"MASP2",0.0899884582154253,-0.291989018609693,0.0669797305211234,-0.60862584709826,0.0246478098788731,-0.0265261133834837,0.855658636329458,-0.34316294187205,0.290110715105083,-0.318515131993177,0.0488916084244759,0.243302127767631
"MAVS",0.00895027191437413,-0.202894957492873,0.125015691971854,-0.472907404484623,0.0671174894988772,-0.275181022751146,0.0465081200628522,-0.545193469742896,-0.00516857575939605,-0.478075980244019,0.00275214605112012,0.0510814349573471
"MBL2",0.22358841812304,-0.229679766398023,0.117497344990275,-0.528437510888854,0.0690779780928078,0.028033781911045,0.83858623855715,-0.270723962579786,0.326791526401876,-0.201645984486978,0.16352139803465,0.46028642090071
"MBNL1",0.411184694355321,0.100160196456139,0.234723572506672,-0.076328055278864,0.276648448191143,-0.00971874230438738,0.904777342952502,-0.186206994039391,0.166769509430616,0.0904414541517521,0.280136297810661,0.666106701916383
"MBNL3",0.331641230714074,-0.110181674018926,0.502304052840006,-0.462928750305639,0.242565402267786,-0.138106250868296,0.403475447065226,-0.490853327155009,0.214640825418417,-0.248287924887222,0.147877779725053,0.590266269738074
"MCAM",0.819632577094789,0.138991895564581,0.551893409096575,-0.364060996166275,0.642044787295438,-0.101516114111878,0.662560027029761,-0.604569005842735,0.401536777618978,0.0374757814527029,0.871473590247448,0.924024759743328
"MCAT",0.073276053453817,-0.198145485529322,0.111938222955096,-0.451439893892598,0.0551489228339535,-0.0935397706217881,0.429786283562415,-0.346834178985064,0.159754637741488,-0.291685256151111,0.0280899491481041,0.213283568665416
"MCL1",0.393666530650552,-0.141079574940623,0.474820952052652,-0.56439707566729,0.282237925786045,-0.130852911144798,0.506646975447133,-0.554170411871465,0.29246458958187,-0.27193248608542,0.182839555834361,0.648998571307368
"MCM2",0.063732459695086,-0.0813954852399083,0.536227723261154,-0.364535947513793,0.201744977033976,0.330463240258027,0.0264669805738682,0.0473227779841424,0.613603702531911,0.249067755018119,0.0784352122781945,0.193350675964599
"MCM4",0.50455957646924,-0.0550362037600248,0.765196337673008,-0.454574363857362,0.344501956337312,0.209410625546571,0.269961674739035,-0.190127534550766,0.608948785643908,0.154374421786546,0.409453143971557,0.747419827156139
"MCM5",0.955277516338124,0.0154343804731032,0.863401281840052,-0.179376031235999,0.210244792182205,0.0109475921686329,0.902836536142937,-0.183862819540469,0.205758003877735,0.0263819726417361,0.769029690517768,0.974268437333423
"MCM7",0.455811701437438,-0.154075217678004,0.37408221843075,-0.523059745147246,0.214909309791237,-0.0540841374770555,0.750710066735818,-0.423068664946297,0.314900389992186,-0.20815935515506,0.237324674768968,0.710902370366506
"MDC1",0.158195337328824,-0.108945650975689,0.299240838053143,-0.330656920102224,0.112765618150846,-0.101142578727693,0.333373858417835,-0.322853847854228,0.120568690398842,-0.210088229703381,0.0609057130732323,0.365914436787204
"MDM2",0.796775459929129,-0.146568331237519,0.593842661034068,-0.739447182069096,0.446310519594059,0.165871313515159,0.546993863936852,-0.427007537316418,0.758750164346737,0.0193029822776405,0.943599558431142,0.913872016759309
"MDM4",0.00534846471568527,-0.175057427936008,0.195865841775253,-0.456475338133545,0.106360482261529,-0.357406209826227,0.017858654123448,-0.638824120023764,-0.0759882996286894,-0.532463637762234,0.00178343769567411,0.0362860524391287
"ME2",0.000727506238451971,-0.217210080503226,0.0125631466738981,-0.376659104491173,-0.0577610565152798,-0.189985791635301,0.0241111079267677,-0.349434815623248,-0.0305367676473548,-0.407195872138528,0.000201012235644825,0.0117495476564146
"MECOM",0.0154374161337799,-0.50566020300841,0.0737561358342096,-1.06984788434402,0.0585274783271994,-0.40654571168978,0.13945015414008,-0.970733393025389,0.157641969645829,-0.91220591469819,0.00482732620801106,0.072099713223673
"MED12",0.504495988476804,-0.0703937525671474,0.265712358730372,-0.203434654229187,0.0626471490948919,0.0495028528785413,0.426415270169653,-0.0835380487834979,0.182543754540581,-0.020890899688606,0.733688463425864,0.747419827156139
"MEF2C",0.821722696256108,-0.0774000520556385,0.576102192687869,-0.375813785432864,0.221013681321587,0.0686169929218688,0.619540338037726,-0.229796740455356,0.367030726299094,-0.00878305913376966,0.949005003726089,0.925636473228112
"MEFV",0.962170887052497,-0.0127699841368401,0.916596154081283,-0.277699173505384,0.252159205231704,0.0328168499116903,0.788167735491905,-0.232112339456854,0.297746039280235,0.0200468657748502,0.869472256774701,0.979544815324787
"MELK",0.100882614674931,0.0133653655988292,0.881972647226751,-0.182157878534441,0.2088886097321,0.176305182979171,0.0722789885641019,-0.019218061154099,0.371828427112442,0.189670548578001,0.0559730254068934,0.266056028586342
"MEN1",0.0180368236337849,-0.255454414834232,0.0577551026376887,-0.521074192435492,0.0101653627670285,-0.159345745150478,0.210946393146539,-0.424965522751738,0.106274032450782,-0.41480015998471,0.00592584294080199,0.080482159246106
"MERTK",0.057985353993333,-0.210554183431686,0.266033662683091,-0.608776915076294,0.187668548212921,-0.282790112107001,0.144669946787007,-0.681012843751609,0.115432619537606,-0.493344295538687,0.0201172343691707,0.183085244010091
"MET",0.080194568654512,0.277638146670784,0.334002984001314,-0.331794971543207,0.887071264884774,0.418403096177653,0.157082976639368,-0.191030022036337,1.02783621439164,0.696041242848437,0.0291232061219708,0.224815803063724
"MFGE8",1.91233190128512e-05,0.351845785255649,0.0581899470231181,-0.014762274952376,0.718453845463673,1.04374645007515,8.42098574447556e-05,0.677138389867126,1.41035451028318,1.3955922353308,7.02826729763991e-06,0.0031524133579556
"MFNG",0.288989834068322,0.11852767278075,0.341285985772661,-0.145793727456345,0.382849073017844,0.0793263284433956,0.518828340618651,-0.184995071793699,0.34364772868049,0.197854001224145,0.126310089076708,0.536357443923075
"MGMT",0.00101087004645914,-0.374604999591803,0.00530989450364384,-0.610037362912643,-0.139172636270963,-0.19171532694968,0.0996841929582557,-0.427147690270519,0.0437170363711602,-0.566320326541483,0.000319179535415264,0.0129918157379431
"MIA",0.772547963938249,-0.115006350425072,0.64083913573034,-0.647705509817608,0.417692808967463,0.170581016600441,0.491855142988932,-0.362118142792094,0.703280175992976,0.0555746661753686,0.820873727758604,0.905508379719934
"MIB1",0.476710133581905,-0.141457652506757,0.235774803527045,-0.391316892234933,0.108401587221419,0.0781329265740283,0.501830187045282,-0.171726313154148,0.327992166302204,-0.0633247259327289,0.584719639321866,0.728157718000721
"MICA",0.700258667552004,0.000304819276893548,0.998517974029715,-0.356334449984102,0.356944088537889,-0.119283673116416,0.473280649456715,-0.475922942377412,0.237355596144579,-0.118978853839523,0.474382369754525,0.876524052319896
"MICB",0.752533663513023,-0.054103141355386,0.670659919379763,-0.329297585750008,0.221091303039236,0.0941231934907634,0.463608736396119,-0.181071250903859,0.369317637885386,0.0400200521353774,0.752593578831623,0.897630023471416
"MIF",0.225236874200131,-0.216045752035382,0.092877851887365,-0.475184477917439,0.043092973846675,0.123134057794329,0.31462304863683,-0.136004668087728,0.382272783676386,-0.0929116942410531,0.442921606317453,0.460826564366861
"MKI67",0.0048733516373729,-0.0405454627119388,0.804936310329738,-0.396768100875726,0.315677175451849,0.622802204390578,0.00298241798566938,0.26657956622679,0.979024842554365,0.582256741678639,0.00452208154446773,0.0344494819290403
"MLANA",0.969729676005794,-0.0286663594969173,0.851973813487108,-0.362221993603969,0.304889274610134,-0.00616419324940069,0.967965656627874,-0.339719827356452,0.327391440857651,-0.034830552746318,0.820713027996911,0.984099979457141
"MLF1",0.513991639529449,-0.0783229176832914,0.441603423461744,-0.296122673076242,0.139476837709659,0.114008620575078,0.27054203777521,-0.103791134817873,0.331808375968029,0.0356857028917865,0.722660162115371,0.753441559952807
"MLH1",0.0160663842892691,-0.208710015512939,0.0240184568783584,-0.38372582024721,-0.0336942107786678,-0.0592738404208517,0.467876179206386,-0.234289645155123,0.115741964313419,-0.26798385593379,0.00663905837171536,0.0744191658068937
"MLLT3",0.0123363079597223,0.0950237086069394,0.220592989364942,-0.0670176639100598,0.257065081123939,0.174078599795402,0.0377222942400436,0.0120372272784028,0.336119972312401,0.269102308402341,0.00410664762001629,0.0619514568113948
"MLPH",0.0165405025914957,-0.0116113560362801,0.973870951883302,-0.782004491811969,0.758781779739409,1.07343285978174,0.0111629820474867,0.303039724006056,1.84382599555743,1.06182150374546,0.0118204270399023,0.0756551810262647
"MME",0.150278274758915,-0.0200453270223958,0.897735818312809,-0.358851441483967,0.318760787439176,0.292200629347937,0.0835819880271716,-0.046605485113634,0.631006743809509,0.272155302325542,0.103758501645146,0.353648832067437
"MMP1",0.220390198186213,-0.0292531526271466,0.932371736338831,-0.778258279563838,0.719751974309545,0.561159822881618,0.126008641646696,-0.187845304055073,1.31016494981831,0.531906670254472,0.14465959832546,0.456022802369432
"MMP11",0.00172979574364157,0.671935696658135,0.276763083608796,-0.629545275667553,1.97341666898382,2.16045313535208,0.00411730596140848,0.858972163026389,3.46193410767776,2.83238883201021,0.000672322324847138,0.0176361856544462
"MMP3",0.864726233625826,-0.0141637449677892,0.916611794026995,-0.308063580464527,0.279736090528948,0.067895832129785,0.617920772229655,-0.226004003366952,0.361795667626522,0.0537320871619958,0.692328154855122,0.943438455077663
"MMP7",0.120228420253234,0.981784166253577,0.164223281227948,-0.475499999605988,2.43906833211314,0.493796233328692,0.467659050424296,-0.963487932530873,1.95108039918826,1.47558039958227,0.0476821949200966,0.302227089479548
"MMP9",0.0130579910805543,0.0818359080202598,0.655086375082227,-0.314225208863455,0.477897024903974,0.526817460592841,0.0141969890159443,0.130756343709126,0.922878577476556,0.608653368613101,0.00650222253033748,0.0638896346434626
"MMRN2",0.635832825522149,0.0403706333199426,0.749202471578969,-0.233332935353209,0.314074201993094,-0.117680796358,0.36064882270081,-0.391384365031151,0.156022772315151,-0.0773101630380571,0.543223782327326,0.843784026297167
"MNAT1",0.37986114906872,-0.0516786783303167,0.598084311587842,-0.263184623246949,0.159827266586316,-0.0856599660032093,0.388065249731592,-0.297165910919842,0.125845978913423,-0.137338644333526,0.178557648368478,0.639849761774918
"MNX1",0.0052358245151961,-0.0499428414869704,0.836023952429852,-0.573734617360465,0.473848934386524,-0.851727115850532,0.00466538377088148,-1.37551889172403,-0.327935339977038,-0.901669957337503,0.00328873494520211,0.0360580367555958
"MPL",0.71738130919359,-0.0853446354629192,0.535165808156135,-0.381435172215698,0.21074590128986,-0.0176110963428779,0.89719628084136,-0.313701633095657,0.278479440409901,-0.102955731805797,0.456408781029726,0.884608708971826
"MPO",0.659871832028707,-0.104033413391733,0.538513609103347,-0.46800126582691,0.259934439043444,-0.0440712170168783,0.792803418304874,-0.408039069452055,0.319896635418298,-0.148104630408611,0.385908958881348,0.853484120093827
"MPPED1",0.391903436730959,-0.209956258682109,0.239310698638312,-0.58382107082716,0.163908553462942,0.00276725921498042,0.98716616560952,-0.371097552930071,0.376632071360032,-0.207188999467128,0.245134202644432,0.647189461671045
"MR1",0.509597533657031,0.0441843449401542,0.680041462197679,-0.187618461615283,0.275987151495591,0.0791613271600807,0.464271871465408,-0.152641479395356,0.310964133715518,0.123345672100235,0.263178384230527,0.74989197926323
"MRC1",0.101559509994916,0.0966832236131192,0.764873165560438,-0.604195071674694,0.797561518900933,0.602353066015404,0.0845153119748342,-0.098525229272409,1.30323136130322,0.699036289628523,0.0504987883677103,0.26745469803856
"MRE11",0.273321482144684,-0.0108573007537676,0.915167900261612,-0.232296955719395,0.21058235421186,-0.142395266074524,0.182429983296268,-0.363834921040151,0.0790443888911035,-0.153252566828292,0.154092087971353,0.518269325305781
"MRM2",0.900774935168078,-0.0119433118311131,0.908224718540472,-0.237019980288074,0.213133356625848,0.0448219650516536,0.666696265500182,-0.180254703405307,0.269898633508615,0.0328786532205405,0.751524885399523,0.96064757817328
"MRPL19",0.00242846484268082,-0.217730293124264,0.0179723320754908,-0.38939330034171,-0.0460672859068182,-0.152550088867244,0.0758652798158578,-0.324213096084691,0.0191129183502017,-0.370280381991509,0.000716989506064933,0.0215143123198665
"MS4A1",0.84527998172645,-0.0624810229388309,0.617688216984973,-0.332760642030396,0.207798596152734,0.00216975596848914,0.986080778194337,-0.268109863123076,0.272449375060054,-0.0603112669703418,0.629800219413445,0.936633859532952
"MS4A2",0.939587658306191,-0.0313269172329638,0.850374794787419,-0.391891766476069,0.329237932010142,0.057220603247807,0.730980501611608,-0.303344245995299,0.417785452490912,0.0258936860148432,0.876057540287575,0.970978185961948
"MS4A4A",0.37177245572049,0.082701528374738,0.521657923652093,-0.194782387355057,0.360185444104533,0.101214994182596,0.435291586774971,-0.176268921547198,0.378698909912391,0.183916522557334,0.170510689713217,0.633077043908521
"MS4A6A",0.216766794423003,0.388086589215806,0.163685854240497,-0.187148657539174,0.963321835970786,0.062561045427236,0.813424738743469,-0.512674201327744,0.637796292182216,0.450647634643042,0.111479166384122,0.452369499078972
"MSH2",0.901490135742316,-0.0285623199147084,0.658811440595517,-0.168425139128809,0.111300499299392,0.0170167169166478,0.791834344312898,-0.122846102297453,0.156879536130748,-0.0115456029980607,0.857743235662347,0.96064757817328
"MSH6",0.00614398544482152,-0.779901316027892,0.0263151337792172,-1.44725922336184,-0.11254340869394,-0.466767464509447,0.150192362860453,-1.1341253718434,0.200590442824504,-1.24666878053734,0.0019415770129584,0.0394815966084482
"MSR1",0.335376826176222,0.148383618289269,0.415815619007641,-0.241101493752891,0.537868730331428,0.124434043341239,0.492827921545708,-0.265051068700921,0.513919155383399,0.272817661630508,0.149652381924331,0.593084019158533
"MSRB2",0.00156016542444078,0.0933477963027004,0.390904117783103,-0.138578831662562,0.325274424267963,0.409584591813397,0.0027978457820952,0.177657963848135,0.64151121977866,0.502932388116098,0.000690004432799432,0.0169482255928835
"MST1R",0.00138652475404235,0.193891410499636,0.299329049573059,-0.200765984314289,0.588548805313562,0.68662050627455,0.00307646099749867,0.291963111460625,1.08127790108848,0.880511916774186,0.000560705588901695,0.0155239734731736
"MTF1",0.0264063069637599,-0.189544649562308,0.0221483455007491,-0.345713712501233,-0.033375586623383,-0.0166859594223179,0.816636564278795,-0.172855022361243,0.139483103516607,-0.206230608984626,0.0147251424959459,0.106602290876558
"MTF2",0.487339587618963,-0.100240817419845,0.259139799862771,-0.28692790615895,0.0864462713192601,0.0255450282761202,0.7667056030235,-0.161142060462985,0.212232117015225,-0.0746957891437249,0.393603170312271,0.738086927306728
"MTOR",0.00719562604148024,-0.192535213207268,0.0117579236970686,-0.332085753100575,-0.0529846733139617,-0.0510583141307396,0.4339305830928,-0.190608854024046,0.0884922257625671,-0.243593527338008,0.0030127623664688,0.0439197910558577
"MUC1",0.0906950751065725,-0.852547192138115,0.0325142125179079,-1.6183537182014,-0.0867406660748269,0.398652253444322,0.27303666312085,-0.367154272618966,1.16445877950761,-0.453894938693793,0.216052070891119,0.244383121256891
"MUC4",0.0666756053175011,0.00645955543920618,0.988486834781227,-0.966362259592681,0.979281370471093,1.01044046499656,0.0431900029555301,0.037618649964678,1.98326228002845,1.01690002043577,0.0421151070388167,0.198504045194844
"MUTYH",0.437132245356743,-0.154588219746397,0.209460391655048,-0.411368848860794,0.102192409368001,0.0749801039715608,0.529957292872592,-0.181800525142837,0.331760733085958,-0.0796081157748359,0.505423780312024,0.693709867631353
"MX1",0.0336745088795031,0.847962264035621,0.011047368389319,0.240583448013061,1.45534108005818,-0.462653921311314,0.120505378275634,-1.07003273733387,0.144724894711246,0.385308342724307,0.187878140663526,0.123466920729823
"MXI1",2.56569853283232e-05,-0.396023248749693,0.00212720135992123,-0.610974852997495,-0.181071644501891,-0.427042334794586,0.00128084412641917,-0.641993939042389,-0.212090730546784,-0.823065583544279,6.67274153732891e-06,0.0031524133579556
"MYB",0.706889617721282,-0.0834137535054261,0.573042313863589,-0.402409218970994,0.235581711960142,0.118029475987015,0.428927074237745,-0.200965989478553,0.437024941452583,0.0346157224815889,0.813832004990018,0.878872539603938
"MYBL2",0.116390877443555,-0.333836769829779,0.0509060706917548,-0.669268721803783,0.00159518214422566,0.255106223155705,0.121019903960336,-0.0803257288182989,0.590538175129709,-0.0787305466740732,0.612381691060999,0.295913479272404
"MYC",0.00258225758183621,-0.87409166087548,0.0809615390465883,-1.87754772850449,0.129364406753527,-1.2703140543218,0.018139302346787,-2.27377012195081,-0.266857986692798,-2.14440571519728,0.000766721904233629,0.022548421468187
"MYCN",0.389170380287444,-0.0993376484365434,0.447317898251718,-0.379170732788003,0.180495435914916,0.180717078329012,0.180723152797327,-0.0991160060224474,0.460550162680472,0.0813794298924689,0.531596572261458,0.645669040022351
"MYCT1",0.354311170268988,-0.138986854838244,0.168755122139811,-0.347735167914251,0.069761458237762,0.0431592243181066,0.654888619053502,-0.1655890887579,0.251907537394113,-0.0958276305201376,0.330487728922912,0.615516518510518
"MYD88",0.0318233142273035,0.111375639384898,0.21466767805376,-0.0759236548709221,0.298674933640718,0.15241945622686,0.0998789630287867,-0.0348798380289599,0.33971875048268,0.263795095611758,0.0105434082695083,0.118767992770611
"NAALAD2",0.919536214526208,-0.022024848478784,0.877191585129988,-0.331575487782057,0.287525790824489,0.0566773205777984,0.691898997373596,-0.252873318725475,0.366227959881072,0.0346524720990144,0.808078571863318,0.963882506234263
"NANOG",8.20309538297873e-05,-0.304368209745987,0.032934854313497,-0.578598980537539,-0.0301374389544339,-0.597947098962514,0.000663046318056207,-0.872177869754067,-0.323716328170961,-0.902315308708501,2.50763163792623e-05,0.00499021635797873
"NASP",0.859573730200115,-0.0717886179939276,0.6068177670103,-0.372858859475569,0.229281623487714,0.0173933126146369,0.900128798227104,-0.283676928867004,0.318463554096278,-0.0543953053792907,0.695739294205638,0.94054641837716
"NAT1",0.936293219733668,-0.0364749683841862,0.759013189212159,-0.294231365748696,0.221281428980324,0.0364664907690028,0.759067200328563,-0.221289906595507,0.294222888133513,-8.4776151834011e-06,0.999942969512849,0.970218862231872
"NAT8L",0.05971192835745,-0.126090817073595,0.454688290915683,-0.487293553388091,0.235111919240902,-0.307482084549776,0.0870872891272613,-0.668684820864273,0.0537206517647199,-0.433572901623371,0.0233091286531465,0.185962916812878
"NBN",0.0103953146941951,-0.0774097382632198,0.309729819386452,-0.238593106127023,0.083773629600583,-0.193852197527392,0.0231030080775123,-0.355035565391195,-0.0326688296635895,-0.271261935790612,0.00378491125065048,0.0552287341031742
"NCAM1",0.0826681777895485,-0.140467358489397,0.47853152816499,-0.565606079688564,0.28467136270977,-0.331881241141651,0.112597444426527,-0.757019962340818,0.0932574800575156,-0.472348599631048,0.0327909530549214,0.228939586935301
"NCF4",0.0479437847478248,0.00276846774059519,0.978267460341538,-0.218087793486082,0.223624728967272,0.24679186399238,0.0320015053960977,0.0259356027657029,0.467648125219057,0.249560331732975,0.0305061159765116,0.157369437346727
"NCOR1",0.000272022416885197,-0.130659577751694,0.115298250271893,-0.299459791206925,0.0381406357035372,-0.342693452816017,0.0011023718014397,-0.511493666271248,-0.173893239360786,-0.473353030567711,9.52760256590679e-05,0.00762124153724042
"NCR1",0.933669510755088,-0.0571252784148678,0.71802153717588,-0.399752350707725,0.285501793877989,0.0266514671683013,0.865860102321327,-0.315975605124556,0.369278539461158,-0.0304738112465666,0.846879398118723,0.970218862231872
"NDC1",0.256911569961683,-0.139855970443518,0.137779322724225,-0.333025571206797,0.0533136303197608,0.0157379161169307,0.859577595102675,-0.177431684646348,0.20890751688021,-0.124118054326587,0.182746341772131,0.501995305331982
"NDC80",0.292666384039655,0.0355899554492422,0.723058087081516,-0.181953102356515,0.253133013254999,0.11992279455487,0.247464205429523,-0.0976202632508866,0.337465852360627,0.155512750004112,0.142287905073597,0.540420088080518
"NDUFA1",0.00279542463766146,-0.537629558113808,0.00328567687612457,-0.849899175179618,-0.225359941047998,-0.0678974440401009,0.638488904550299,-0.380167061105911,0.244372173025709,-0.605527002153909,0.00151164756603536,0.0239514082804327
"NDUFA11",0.00299908391934896,-0.395731731310212,0.0080685750378567,-0.663255997350922,-0.128207465269502,-0.148506258760067,0.244394958182473,-0.416030524800777,0.119018007280643,-0.544237990070279,0.001086666588715,0.0249923659945747
"NDUFA12",0.194204151719657,-0.200174242265293,0.0774682533842122,-0.426868448632605,0.0265199641020196,0.107824917952506,0.314165290377207,-0.118869288414807,0.334519124319818,-0.0923493243127873,0.385395805563869,0.414529329694004
"NDUFA13",0.38765712643835,-0.310094001865943,0.232667759864191,-0.853920108780836,0.23373210504895,0.00973733068318366,0.968961837983465,-0.534088776231709,0.553563437598076,-0.300356671182759,0.246630550028634,0.645447849491615
"NDUFA2",0.000767093715061972,-0.371292662873233,0.00528768377183329,-0.604477793828805,-0.138107531917661,-0.213471187526816,0.0686740549218027,-0.446656318482388,0.0197139434287558,-0.584763850400049,0.000231659356539,0.0121128719296422
"NDUFA3",0.00671419844519737,-0.319759422571508,0.0214394336769451,-0.581381242363809,-0.0581376027792072,-0.15821779729729,0.207560007764449,-0.419839617089591,0.103404022495011,-0.477977219868798,0.00224742217046424,0.0422085757413996
"NDUFA4L2",0.225719145476434,-0.164463571255733,0.314860956252416,-0.510760614963325,0.181833472451859,-0.124002051430074,0.443489856745852,-0.470299095137666,0.222294992277518,-0.288465622685807,0.0931180159520343,0.460962867644327
"NDUFA6",0.00399558538315498,-0.303240027365314,0.0107179969310577,-0.51921032464838,-0.0872697300822476,-0.118957813654638,0.247827624046065,-0.334928110937705,0.0970124836284282,-0.422197841019952,0.0014306078469448,0.0302570262417338
"NDUFA7",0.00123255474012469,-0.318322862436249,0.0144914207218759,-0.558610697633911,-0.0780350272385865,-0.252912314350216,0.0409744589256099,-0.493200149547878,-0.0126244791525531,-0.571235176786465,0.000349066640343857,0.0145123380692101
"NDUFB1",0.000267152763159377,-0.31652540629712,0.00309170445394282,-0.49860118530903,-0.134449627285211,-0.208331696927985,0.0288915039099685,-0.390407475939894,-0.0262559179160753,-0.524857103225105,7.60638081687193e-05,0.00762124153724042
"NDUFB10",0.000459830160053699,-0.540068530430542,0.00368189378678627,-0.859545047098422,-0.220592013762662,-0.316550299090567,0.0517592310338278,-0.636026815758447,0.00292621757731287,-0.856618829521109,0.00013671120693937,0.00892755363934044
"NDUFB11",0.00646923444855566,-0.457322749375103,0.0156457310687189,-0.807852320888185,-0.106793177862021,-0.179032218346441,0.281643987484852,-0.529561789859523,0.171497353166641,-0.636354967721544,0.00234237317886353,0.0411371180091083
"NDUFB4",0.130617824699606,-0.410017573789162,0.115817012252465,-0.940579814364787,0.120544666786462,-0.0909351433995964,0.71053310825058,-0.621497383975221,0.439627097176028,-0.500952717188759,0.0616828645350724,0.319969839029237
"NDUFB7",0.000907975927011931,-0.4424598636615,0.00843780847713385,-0.74399524554049,-0.14092448178251,-0.301556748548146,0.0499866178259952,-0.603092130427135,-2.13666691561976e-05,-0.744016612209646,0.000262608400554616,0.0125140296304639
"NDUFB8",0.0176777580541689,-0.240130792376371,0.0675363369894069,-0.501159815458061,0.020898230705319,-0.17067726497838,0.175816726681255,-0.43170628806007,0.0903517581033098,-0.410808057354751,0.0056632491772951,0.0792038471314589
"NDUFS7",0.00132731475012714,-0.343446218690518,0.0441803919848153,-0.67601976745926,-0.0108726699217768,-0.439029107589945,0.0147511987345625,-0.771602656358687,-0.106455558821203,-0.782475326280463,0.000377524848654612,0.0150983505850945
"NDUFS8",0.0251028375792576,-0.496679827810795,0.028397795676478,-0.929058857439172,-0.0643007981824189,-0.101950935727086,0.610773229963998,-0.534329965355463,0.33042809390129,-0.598630763537882,0.0115444768780677,0.103455506609377
"NECTIN1",0.388329719858517,-0.249601413474165,0.202745970214486,-0.657595913962708,0.158393087014378,0.0496672955685587,0.791721068485173,-0.358327204919984,0.457661796057102,-0.199934117905606,0.300493192591841,0.645447849491615
"NECTIN2",0.702802800686823,-0.0374967485029418,0.856276488414709,-0.487036632216054,0.412043135210171,0.164546277781191,0.433740987587022,-0.284993605931921,0.614086161494304,0.127049529278249,0.542997223594146,0.877902197983198
"NEFL",0.848089656138093,-0.0720216549567538,0.581753407484426,-0.353931721462772,0.209888411549264,0.0245216941518425,0.8502028776614,-0.257388372354175,0.30643176065786,-0.0474999608049113,0.715183893313221,0.937278130565663
"NegProbe",0.764701970351415,-0.0112272320702962,0.941078768033304,-0.341282449496916,0.318827985356324,0.100357623008444,0.513460506610904,-0.229697594418176,0.430412840435064,0.0891303909381478,0.56076537956381,0.904245716715096
"NEIL1",0.196285071008436,-0.109575697438003,0.512174878799088,-0.468825141056456,0.249673746180449,-0.202197753206278,0.238338044782606,-0.56144719682473,0.157051690412175,-0.311773450644281,0.0819334860589823,0.416535179756274
"NF1",0.95131261261802,0.0156909749466318,0.865985104222621,-0.186219967959874,0.217601917853138,-0.0286595984745411,0.758303371376614,-0.230570541381047,0.173251344431965,-0.0129686235279094,0.889044307032805,0.973248548984443
"NF2",0.162811622173923,-0.186010349748708,0.146754312288442,-0.449462988685388,0.0774422891879731,-0.0482128074540346,0.692044326364524,-0.311665446390715,0.215239831482646,-0.234223157202742,0.0757551503536429,0.374220668094975
"NFAM1",0.740683245878429,-0.0353877257124676,0.80355192683446,-0.344052343893708,0.273276892468772,0.106948933820995,0.457955659366989,-0.201715684360245,0.415613552002235,0.0715612081085277,0.616683418003478,0.894814684367862
"NFATC1",0.791916584471338,0.0302369953343617,0.665201931048536,-0.120871886603909,0.181345877272632,-0.046134103029751,0.511781528923716,-0.197242984968022,0.10497477890852,-0.0158971076953893,0.819398737914703,0.913264155321895
"NFATC2",0.40833742226112,0.0327249456126028,0.74000513726001,-0.180971541354241,0.246421432579446,-0.129193054314333,0.207694658535406,-0.342889541281177,0.0845034326525105,-0.0964681087017303,0.338210644166374,0.66427936059107
"NFATC3",0.0653603235536039,-0.118708835872311,0.325035834673875,-0.374256673162065,0.136839001417444,-0.187656523956399,0.132843284598737,-0.443204361246153,0.0678913133333559,-0.306365359828709,0.0234433900615495,0.196511681194938
"NFATC4",0.269039093332689,-0.00491651903653144,0.970113477317122,-0.290089055545518,0.280256017472455,0.194480984915754,0.159592311311698,-0.0906915515932332,0.479653521424741,0.189564465879222,0.16938008288491,0.514671221522177
"NFE2L2",0.25767661264025,0.0986220969187033,0.651282718239266,-0.373051663868947,0.570295857706354,0.262803291039537,0.242767942502339,-0.208870469748113,0.734477051827188,0.361425387958241,0.118563613575355,0.502171774514484
"NFIL3",0.0913269444645624,-0.13650987218532,0.44671344853015,-0.520529966523076,0.247510222152436,-0.282164915042771,0.132638489495724,-0.666185009380527,0.101855179294985,-0.418674787228091,0.0354981064387252,0.245466382397388
"NFKB1",0.283356631127071,0.0269766614742528,0.634461578339777,-0.0956028070509056,0.149556129999411,-0.0907272359022817,0.13013086159236,-0.21330670442744,0.0318522326228767,-0.0637505744280289,0.273461087204465,0.529842061277566
"NFKB2",0.950361601975343,-0.0260163699090451,0.838496351242699,-0.303117626552001,0.25108488673391,-0.0130601741504439,0.918440184667906,-0.290161430793399,0.264041082492512,-0.039076544059489,0.759818737282616,0.973248548984443
"NFKBIA",0.0294484741464823,-0.0752116628533498,0.688500132566207,-0.481225279697967,0.330801953991268,-0.463134666393934,0.0292821991851871,-0.869148283238552,-0.0571210495493168,-0.538346329247284,0.0144266429957495,0.113382838222216
"NFKBIE",0.574876411486831,0.125104399784688,0.374159605669888,-0.174550394395767,0.424759193965142,-0.12692483325363,0.367528567912914,-0.426579627434085,0.172729960926825,-0.00182043346894221,0.989466278587995,0.803579353858537
"NFKBIZ",0.218348248509388,0.4836773628186,0.100041200277556,-0.11101151136051,1.07836623699771,-0.362631255336025,0.204103481212145,-0.957320129515134,0.232057618843084,0.121046107482574,0.659851926510912,0.452935706123198
"NGF",0.762026162898757,-0.0933327238337747,0.515208845942968,-0.40159155076817,0.214926103100621,0.0081250790743264,0.954324807440509,-0.300133747860069,0.316383906008722,-0.0852076447594483,0.551725076390263,0.9024644693642
"NGFR",0.44976419074789,-0.0129890238639314,0.949735447725747,-0.460728107107421,0.434750059379558,-0.222311792820201,0.294492695154578,-0.670050876063691,0.225427290423288,-0.235300816684133,0.268762661239236,0.70699366762696
"NID2",0.0129941212853047,0.0411446693082981,0.797774787550372,-0.307230010404692,0.389519349021288,0.481846143219997,0.0116050649795531,0.133471463507007,0.830220822932987,0.522990812528295,0.00742826523518082,0.0638896346434626
"NKD1",0.00987619148082549,0.0792694971446877,0.451634886484061,-0.146232996890329,0.304771991179704,0.294899482931115,0.0154628510023043,0.0693969888960986,0.520401976966132,0.374168980075803,0.00412834297048858,0.0546252128765376
"NKG7",0.827202571063947,0.050142101992738,0.660152893400668,-0.196436789268861,0.296720993254337,-0.0658907962366825,0.564804481875915,-0.312469687498281,0.180688095024916,-0.0157486942439446,0.88966268681562,0.927287330078492
"NKX2-1",0.555242117194646,-0.11955012232049,0.408073285912893,-0.428016648661182,0.188916404020202,-0.0252585188507573,0.858875840446852,-0.33372504519145,0.283208007489935,-0.144808641171247,0.320188927053694,0.788061001151608
"NKX3-1",0.354565927400984,-0.157810431185015,0.183533825104304,-0.403900868273781,0.0882800059037503,0.0298691179345291,0.792321788403776,-0.216221319154237,0.275959555023295,-0.127941313250486,0.273617166857938,0.615516518510518
"NLRC5",0.00996732232303739,0.294433178160406,0.0131935408650134,0.0762354474074291,0.512630908913382,0.062167991822745,0.53979009729732,-0.156029738930232,0.280365722575721,0.356601169983151,0.00452588030573427,0.0546257154340638
"NLRP3",0.902387988478645,-0.0320268821540863,0.769323054698311,-0.268831516608275,0.204777752300102,-0.0154336714649664,0.88742382923851,-0.252238305919155,0.221370962989222,-0.0474605536190527,0.664704080578348,0.960827350626329
"NOD1",0.0136436072834659,0.102334425194674,0.241424409600609,-0.0807718150111186,0.285440665400466,0.195932849391594,0.0383351581865694,0.0128266091858014,0.379039089597386,0.298267274586267,0.00461652598351755,0.0662558433073111
"NOD2",0.929299206363794,-0.0418829806993447,0.737976243720762,-0.313171917049974,0.229405955651285,0.0390211380791524,0.755195934923345,-0.232267798271477,0.310310074429782,-0.00286184262019231,0.981710050172629,0.968572845010808
"NODAL",0.884558487478207,-0.0684768572381766,0.631221227903906,-0.37664357434856,0.239689859872207,0.0410510975228038,0.772683578112374,-0.267115619587579,0.349217814633187,-0.0274257597153728,0.84678628738782,0.953525835586372
"NOG",0.560661171133498,-0.164643051503406,0.306738300812823,-0.505235212420083,0.175949109413271,0.116531927496644,0.46345526865372,-0.224060233420033,0.457124088413322,-0.0481111240067619,0.759427337213818,0.791343106974968
"NOS1",0.17393444045259,-0.201838211807614,0.203507878916756,-0.532364905850812,0.128688482235584,-0.0954625939832135,0.534359101390603,-0.425989288026411,0.235064100059984,-0.297300805790828,0.072881293630524,0.389007786551442
"NOS2",0.966474354731975,-0.0377679124777884,0.806406391077714,-0.372167187091677,0.2966313621361,0.028170936477355,0.854861158312523,-0.306228338136533,0.362570211091243,-0.00959697600043338,0.950273661480715,0.982080009680319
"NOS3",0.441729372104155,0.0136915539984805,0.894735902578499,-0.211085249542121,0.238468357539082,-0.122643518599381,0.252009980905652,-0.347420322139982,0.10213328494122,-0.1089519646009,0.305498723707627,0.698575480147386
"NOTCH1",0.0116273359942483,-0.178552837944566,0.1494573579596,-0.433326056672245,0.0762203807831127,-0.252813585548313,0.0514733618045771,-0.507586804275992,0.00195963317936598,-0.431366423492879,0.00364626103647459,0.0596064274986042
"NOTCH2",0.248556638134233,0.135594799687288,0.160741064527306,-0.0638368315288189,0.335026430903394,-0.14195926038882,0.143815349036398,-0.341390891604927,0.0574723708272867,-0.00636446070153225,0.944714907589743,0.491991176350299
"NOTCH3",0.000210492165510587,0.37532627793075,0.0316551244589426,0.040298277807618,0.710354278053883,0.616512511726691,0.00214395695911015,0.281484511603559,0.951540511849824,0.991838789657442,6.10627500102815e-05,0.0074757768587321
"NOX1",0.755643060588519,-0.0111126975509809,0.941187155911793,-0.338404190415819,0.316178795313857,0.101652710098647,0.504667518681302,-0.225638782766191,0.428944202963485,0.0905400125476661,0.551416738535113,0.8989652404378
"NPM1",0.000832276675850341,-0.450970243714296,0.0162882881049479,-0.799447271760787,-0.102493215667804,-0.423877124344363,0.0219245001797726,-0.772354152390855,-0.0754000962978717,-0.874847368058659,0.000229684649997365,0.0123488205969664
"NPM2",0.0582334186183173,-0.177834073491134,0.172176994955054,-0.447292547087264,0.0916244001049957,-0.156625886909281,0.224375671200336,-0.426084360505411,0.112832586686848,-0.334459960400415,0.0199361440379839,0.183499299523998
"NR3C1",0.079071674157366,0.0219018381584551,0.738821316985496,-0.120442379264783,0.164246055581694,-0.151933844244404,0.0387281564439163,-0.294278061667642,-0.00958962682116546,-0.130032006085949,0.0691758327615059,0.222694144038878
"NR4A1",0.0275875706497832,-0.922957962700914,0.0664204996084542,-1.92139361852913,0.0754776931272969,-0.509663441375716,0.281897760000332,-1.50809909720393,0.488772214452496,-1.43262140407663,0.00953882799459345,0.109928638506232
"NR4A3",0.0287692028927818,-0.30645748755759,0.0245926944231769,-0.564778593311755,-0.0481363818034259,-0.0304401326000744,0.798219385197341,-0.288761238354239,0.22788097315409,-0.336897620157665,0.0156744658534626,0.111728605543425
"NRAS",0.712030733133906,-0.0867559272337341,0.472953105033748,-0.345945290483636,0.172433436016168,0.0819562663022385,0.497174805453961,-0.177233096947664,0.341145629552141,-0.00479966093149563,0.967900320697262,0.882183359110237
"NRDE2",0.376100270570139,-0.0782059384418847,0.521312962437714,-0.340384117834542,0.183972240950772,-0.0944793513562046,0.440676333802373,-0.356657530748862,0.167698828036452,-0.172685289798089,0.172953730092482,0.636128817229382
"NRP1",0.188931375037887,0.243303607616418,0.113462494051982,-0.0692191467730351,0.555826362005871,-0.239817290036815,0.118098154229466,-0.552340044426268,0.0727054643526377,0.00348631757960256,0.980658998845231,0.406603489910546
"NSD1",0.0146208935353722,-0.100338857370464,0.0563881646484329,-0.203983791657509,0.00330607691658107,-0.0681614515721729,0.173555083539622,-0.171806385859218,0.035483482714872,-0.168500308942637,0.00467114116158274,0.0693068329923487
"NSD2",0.00170732410646222,-0.236205687855717,0.00588482414778379,-0.387281100616347,-0.085130275095087,-0.0987256400241743,0.17604385076587,-0.249801052784804,0.0523497727364557,-0.334931327879891,0.000587395149325765,0.0176037655044833
"NSD3",0.805252953535825,0.0625337662390834,0.522525017359774,-0.147729431831715,0.272796964309882,-0.0361660241934061,0.709557158582855,-0.246429222264205,0.174097173877393,0.0263677420456772,0.785619139991998,0.916772701311841
"NT5E",0.0130435052296246,0.170734512981165,0.446174157877799,-0.308977207244188,0.650446233206518,0.591792215633933,0.0205231337766605,0.11208049540858,1.07150393585929,0.762526728615098,0.00534122109346621,0.0638896346434626
"NTF3",0.653415555094403,-0.137041156479748,0.368280592548314,-0.461109554069604,0.187027241110108,0.0655535498339509,0.661810037166128,-0.258514847755905,0.389621947423807,-0.071487606645797,0.633671650927192,0.850306712113019
"NTHL1",0.522203009807572,0.00724583444885289,0.957462920866571,-0.287960389167689,0.302452058065395,0.131390568813117,0.344732359099369,-0.163815654803425,0.426596792429659,0.13863640326197,0.320013860099248,0.763638215463797
"NTRK1",0.594849571634966,-0.116239153093726,0.410107017308641,-0.417514454494202,0.185036148306751,-0.0117233045904729,0.932619955566323,-0.312998605990949,0.289551996810004,-0.127962457684198,0.366265812357952,0.818122404586339
"NTRK2",0.379790415411188,-0.151349931512177,0.369196431061652,-0.509969498205781,0.207269635181427,-0.0802999770031918,0.628633200246292,-0.438919543696796,0.278319589690412,-0.231649908515369,0.180633387957441,0.639849761774918
"NUF2",0.382624126942912,-0.0485948967889409,0.676395471597988,-0.300467445341244,0.203277651763363,0.160427247112553,0.186254605768284,-0.0914453014397508,0.412299795664856,0.111832350323612,0.345848359322159,0.641809771756263
"NUMBL",0.00959560221303113,0.123941708138103,0.21795374304426,-0.0861089233824611,0.333992339658666,0.239093556879523,0.0295543028869451,0.0290429253589591,0.449144188400087,0.363035265017626,0.00320728406734031,0.0538829970424056
"NUP107",0.972768577991922,0.0156911857905025,0.835017306293307,-0.147854325954636,0.179236697535641,-0.0140966537300257,0.851545060454803,-0.177642165475164,0.149448858015112,0.00159453206047684,0.983095595037475,0.985184603127224
"NUPR1",0.00405523558994065,-0.615265526678929,0.00757663721830937,-1.02654883955651,-0.203982213801352,-0.171346553725431,0.375127918790387,-0.582629866603007,0.239936759152146,-0.786612080404359,0.00165911908871777,0.0304559874553156
"OAS1",0.0328715235018146,0.527887319118092,0.0292172226359236,0.0653431468508055,0.990431491385378,0.0642375449515529,0.763337579876618,-0.398306627315733,0.526781717218839,0.592124864069644,0.0171808260163896,0.121748261552056
"OAS2",0.286137527144618,0.209665561034293,0.206599620375511,-0.136233369889051,0.555564491957637,0.0309134502308499,0.846150266950632,-0.314985480692495,0.376812381154194,0.240579011265143,0.15225414740352,0.53340243824201
"OAS3",0.0503826748075913,0.439186106314176,0.023066707140008,0.0741383759592691,0.804233836669083,-0.0782775227159382,0.643077439608893,-0.443325253070845,0.286770207638968,0.360908583598238,0.0521865024725469,0.16391802578286
"OASL",0.847097760581893,0.0265011607835876,0.879858604146374,-0.354306274568458,0.407308596135633,0.0696095200680049,0.692375591322868,-0.311197915284041,0.450416955420051,0.0961106808515926,0.586260047105234,0.937278130565663
"OAT",0.0614950204456428,-0.498132908240805,0.0272040437773775,-0.927576204309742,-0.0686896121718679,0.397212201900008,0.0662860613161689,-0.0322310941689293,0.826655497968945,-0.100920706340797,0.611948790087725,0.18957502079949
"OAZ1",0.00179205163231303,-0.394794680783058,0.0220171765155761,-0.719657056529383,-0.0699323050367329,-0.339710544940711,0.0420517700425281,-0.664572920687036,-0.0148481691943854,-0.734505225723769,0.000508294483631551,0.0180690288893441
"OLFML2B",7.79767287500481e-05,0.29036144699189,0.0524569854114866,-0.00373780456866513,0.584460698552446,0.674945556238249,0.000454988182836637,0.380846304677693,0.969044807798804,0.965307003230139,2.56108423747716e-05,0.004907156205822
"OLR1",0.78073051594804,-0.0206779691602956,0.953942412841387,-0.798661480391235,0.757305542070643,0.225010688490062,0.533799797598608,-0.552972822740877,1.002994199721,0.204332719329766,0.571376566862074,0.908694637503299
"OPN3",0.71707349778413,-0.0507369987044383,0.620416734253983,-0.271951569212853,0.170477571803976,0.0815275464087083,0.430691018785698,-0.139687024099706,0.302742116917123,0.03079054770427,0.762827751540907,0.884608708971826
"ORC6",0.184507059063557,0.0306266439771063,0.761976136572946,-0.188594851405155,0.249848139359367,0.153487488064615,0.149814129339611,-0.0657340073176463,0.372708983446876,0.184114132041721,0.0908119072691303,0.401341338249097
"OSM",0.265680516575658,-0.169561413254305,0.117423367698092,-0.390069348805261,0.0509465222966501,0.0576838737918253,0.572888462653074,-0.16282406175913,0.278191809342781,-0.11187753946248,0.284660587326262,0.509849571767166
"OTC",0.418108027223141,-0.116141388707227,0.533982834527017,-0.517888299636984,0.285605522222529,-0.132562604777637,0.479100034145754,-0.534309515707394,0.26918430615212,-0.248703993484864,0.19785234574027,0.674665914838402
"OTOA",0.944260929699769,-0.0366619037296329,0.779621353704448,-0.320822778482409,0.247498971023143,-0.00164942965626511,0.989935341692247,-0.285810304409041,0.282511445096511,-0.038311333385898,0.770021587884486,0.973052623773054
"P2RY13",0.890052730760265,0.0185193493329346,0.864530929078966,-0.217200538267712,0.254239236933582,0.0322265219258932,0.766900179049071,-0.203493365674754,0.26794640952654,0.0507458712588278,0.641777068092843,0.956060172829596
"P4HA1",0.00538434238249998,-0.0411708307123379,0.686782746067259,-0.262125415997462,0.179783754572786,0.387538866271211,0.00292276456671955,0.166584280986087,0.608493451556335,0.346368035558873,0.00579556154739935,0.036394166103935
"P4HA2",0.0027558525834149,-0.587793724890914,0.00817010682899669,-0.986050879912296,-0.189536569869531,-0.235359700034505,0.217292396330361,-0.633616855055888,0.162897454986877,-0.823153424925419,0.000972175735446373,0.0237924693177844
"PAK3",0.00233867010316599,-0.322029822258742,0.0983859040173824,-0.715750225181356,0.0716905806638722,-0.52793349110991,0.0136276771488914,-0.921653894032524,-0.134213088187296,-0.849963313368652,0.00071273203238616,0.0211290739518709
"PAK5",0.490408985308673,-0.0912115625962,0.608681543272034,-0.475757225094864,0.293334099902464,-0.121650625702016,0.496979955855115,-0.506196288200679,0.262895036796648,-0.212862188298216,0.245642743671946,0.739639164623709
"PALMD",0.68336740170373,-0.00876281895600877,0.946260031662313,-0.291256741721249,0.273731103809231,-0.09298777359699,0.48013675770861,-0.37548169636223,0.18950614916825,-0.101750592552999,0.440893169544129,0.868005844982822
"PARP12",0.066348133625874,0.28681619790787,0.041527561318164,0.01339993317915,0.56023246263659,-0.283630429994466,0.0434055395833545,-0.557046694723186,-0.0102141652657461,0.00318576791340388,0.979798716548757,0.198500563716754
"PARP4",0.0710906517870007,0.214482916259459,0.152448018717294,-0.0940575957975961,0.523023428316515,0.149100593360644,0.306887721245151,-0.159439918696411,0.4576411054177,0.363583509620104,0.0253513933871106,0.209119449091828
"PARP9",0.006887344821254,0.446024948293744,0.00239266935843459,0.199531617682748,0.692518278904741,-0.136858886587877,0.244307587182738,-0.383352217198874,0.10963444402312,0.309166061705867,0.0189675376101835,0.0428989907808483
"PASD1",0.962369235001284,-0.0418192331757157,0.789158137148019,-0.381054905478222,0.29741643912679,0.0261234382527775,0.867188796432021,-0.313112234049729,0.365359110555284,-0.0156957949229382,0.919928241970189,0.979544815324787
"PAX3",0.797947484445141,-0.0835657030894803,0.599636246132464,-0.427052522898342,0.259921116719382,-0.012925457446467,0.934834256783752,-0.356412277255329,0.330561362362395,-0.0964911605359473,0.545386858412479,0.913872016759309
"PAX5",0.713174904255188,-0.0622187890676108,0.684334015113302,-0.393373709125526,0.268936130990304,-0.0620786344450676,0.685001148989849,-0.393233554502983,0.269076285612847,-0.124297423512678,0.422508378404767,0.882402847637775
"PAX8",0.95642618991551,-0.0152396949849342,0.919399938127116,-0.342450200981281,0.311970811011413,-0.0280656758349009,0.852261408634538,-0.355276181831248,0.299144830161446,-0.043305370819835,0.774110875583476,0.974582801002683
"PBK",0.767636887803587,-0.0676055624871874,0.664044644003419,-0.404211650931683,0.269000525957308,-0.0428028349490099,0.782702677019978,-0.379408923393506,0.293803253495486,-0.110408397436197,0.481649435990695,0.904741178462549
"PBRM1",0.0623873688970025,-0.161323675623727,0.0857610754224442,-0.349907410032181,0.0272600587847276,-0.0619257478321269,0.481170382086378,-0.250509482240581,0.126657986576327,-0.223249423455853,0.0248310378018484,0.191356215524419
"PBX1",4.28746657223057e-05,-0.37334254418811,0.0455444384738666,-0.737696399359938,-0.00898868901628147,-0.90596225207206,0.000247448397739719,-1.27031610724389,-0.541608396900232,-1.27930479626017,1.4310692559848e-05,0.00403041147984157
"PBX3",0.114469328252122,0.0146266457057597,0.924500678096913,-0.320719460241229,0.349972751652748,-0.310671590484978,0.0659222689244946,-0.646017696431967,0.0246745154620107,-0.296044944779218,0.0775285406185817,0.292876337389932
"PC",0.849588960935264,-0.0648114606281505,0.577605083840421,-0.315693917472572,0.186070996216271,0.0316661432429209,0.784264608189354,-0.219216313601501,0.282548600087342,-0.0331453173852296,0.774494815163156,0.937278130565663
"PCK1",0.838567872846686,-0.0872401474957537,0.572936357493837,-0.420775063939272,0.246294768947765,0.0613666164640772,0.69048538817515,-0.272168299979441,0.394901532907596,-0.0258735310316765,0.866221643090709,0.93355821640084
"PCK2",0.0011427961763708,-0.726404474988736,0.0102341612826221,-1.23930329785157,-0.213505652125903,-0.50125533828751,0.0544699383402182,-1.01415416115034,0.0116434845753236,-1.22765981327625,0.000331440166134624,0.0138119405422298
"PCNA",0.271912581455247,-0.123324481434547,0.344731854080785,-0.400407645499144,0.15375868263005,0.213651740569695,0.116535662792602,-0.0634314234949026,0.490734904634292,0.0903272591351474,0.484273650498811,0.517721335727524
"PDCD1",0.361323562280066,-0.127765765099905,0.357380704150863,-0.422821771586326,0.167290241386516,-0.0682312635302031,0.617573024294462,-0.363287270016624,0.226824742956218,-0.195997028630108,0.169651397307925,0.621798319359727
"PDCD1LG2",0.473701814935947,-0.144095240327834,0.232990397465083,-0.396989518911723,0.108799038256055,0.0718256223289549,0.54104870745103,-0.181068656254934,0.324719900912844,-0.0722696179988788,0.538598951863593,0.727751174283632
"PDGFA",0.00128996841859157,-0.629654194166456,0.105620124110797,-1.41833142543125,0.159023037098337,-1.20771845627741,0.00663599048057281,-1.99639568754221,-0.419041225012621,-1.83737265044387,0.000406628900827618,0.0148999516704406
"PDGFB",0.141676179599779,0.105565510322917,0.593036387831335,-0.320509208890449,0.531640229536282,0.297639465407831,0.150646263755044,-0.128435253805534,0.723714184621196,0.403204975730747,0.0611919980883922,0.337985657215159
"PDGFC",0.02035109859434,0.289137994323429,0.162565755719409,-0.138173875204222,0.716449863851079,0.36783388305326,0.0840861569094152,-0.0594779864743903,0.79514575258091,0.656971877376689,0.0064855519851859,0.0882797471198983
"PDGFD",0.00488899496965559,-0.21127858629001,0.527523528227334,-0.930485507789873,0.507928335209853,-1.09850227442601,0.0067345997188195,-1.81770919592587,-0.379295352926144,-1.30978086071602,0.00229477469856722,0.0344494819290403
"PDGFRA",0.187801655894745,0.216111785603254,0.289610032913691,-0.214501936552359,0.646725507758868,0.168058157439503,0.404914149787482,-0.26255556471611,0.598671879595116,0.384169943042758,0.0748914718125881,0.405846604439012
"PDGFRB",9.72079217614765e-06,0.78121241853126,0.000621981181242037,0.426066540133252,1.13635829692927,0.735439491047844,0.000959270683108691,0.380293612649836,1.09058536944585,1.5166519095791,2.50162105943302e-06,0.0031524133579556
"PDK1",0.112483667257164,-0.47729507784802,0.0593355808499305,-0.977321554022295,0.0227313983262551,0.0485312909550422,0.833134732747748,-0.451495185219233,0.548557767129318,-0.428763786892978,0.0851220122966498,0.289736650088293
"PDPN",0.0435591450913049,0.0832846953644306,0.69096496792339,-0.370124506718308,0.53669389744717,0.473576608344147,0.0422480548435656,0.0201674062614077,0.926985810426886,0.556861303708577,0.0209574798012173,0.146400441605215
"PDZK1IP1",0.918531688849088,0.083897927642718,0.837934888827418,-0.806555880457794,0.97435173574323,-0.165452378221163,0.687611372509686,-1.05590618632167,0.725001429879349,-0.0815544505784451,0.84239225391698,0.963402489741141
"PEBP1",0.00021824546467384,-0.772525241213273,0.0084580377666659,-1.29922748264351,-0.245822999783036,-0.795027482097463,0.00720279310599368,-1.3217297235277,-0.268325240667226,-1.56755272331074,5.84432357913246e-05,0.0074757768587321
"PECAM1",0.305108395198872,0.298467462160631,0.134472132814371,-0.109896363841136,0.706831288162398,-0.175622478084867,0.360534756053697,-0.583986304086634,0.2327413479169,0.122844984075764,0.517862049697986,0.554604403623448
"PF4",0.659497778251401,-0.127565489271915,0.375408903865478,-0.43394877902165,0.17881780047782,0.0534325009760064,0.705730216547617,-0.252950788773728,0.359815790725741,-0.0741329882959088,0.601596983102762,0.853484120093827
"PFKFB3",0.403296504588981,0.241379498117957,0.437148438040139,-0.423139086488665,0.90589808272458,0.177903426651307,0.564092035746551,-0.486615157955316,0.842422011257929,0.419282924769264,0.190067535669389,0.658332845147486
"PFKM",0.742385618983014,0.0403187023828218,0.781751428106847,-0.275328631503133,0.355966036268777,0.0693985183251322,0.634787142421962,-0.246248815560823,0.385045852211087,0.109717220707954,0.456563250806896,0.894814684367862
"PGF",0.137060577019351,0.147101308960549,0.232412703099676,-0.110725481645372,0.404928099566469,0.107508169284386,0.374727625070343,-0.150318621321534,0.365334959890306,0.254609478244935,0.0524113562062163,0.329559358445739
"PGM2",0.0342808047744999,0.0787245275227413,0.119781235422625,-0.0243980610172642,0.181847116062747,0.0646935304349621,0.192401996714209,-0.0384290581050434,0.167816118974968,0.143418057957703,0.0112738506242332,0.125073783339499
"PGPEP1",0.100152440973892,-0.16114041426223,0.261825291767858,-0.463056064322949,0.140775235798488,-0.166414101323875,0.247517062033363,-0.468329751384594,0.135501548736843,-0.327554515586106,0.0362251234013039,0.264765263382329
"PGR",0.725986275180022,-0.0314158048808954,0.825495696262719,-0.340678392523264,0.277846782761473,0.109602762221189,0.448049293161563,-0.19965982542118,0.418865349863558,0.0781869573402939,0.585630772094378,0.886897424784278
"PHF6",0.544766559606542,-0.10170520854342,0.282248199797894,-0.301100767079156,0.0976903499923147,0.0512606415107168,0.579423901950197,-0.148134917025018,0.250656200046452,-0.0504445670327036,0.585382508255094,0.779152798810297
"PHGDH",5.36914836354646e-05,-1.12004704846915,0.0014870337678843,-1.69625920879691,-0.54383488814139,-0.903355306644346,0.00579233758653622,-1.47956746697211,-0.327143146316586,-2.0234023551135,1.42965859237762e-05,0.0042394806151108
"PIAS4",0.00130770871350953,-0.168609384136604,0.090574324960305,-0.369198817946534,0.031980049673326,-0.299413154812754,0.00767113465099429,-0.500002588622684,-0.0988237210028237,-0.468022538949358,0.00040200803037642,0.0150098641644962
"PIK3CA",0.00385089353973385,-0.0334308975921056,0.440947064968428,-0.126257622517507,0.0593958273332954,0.177085258115,0.00168786884505038,0.0842585331895989,0.269911983040401,0.143654360522894,0.00624535367018629,0.0296535051055454
"PIK3CB",0.0313391119817275,-0.167991741368983,0.0991945239989698,-0.373948367196868,0.0379648844589016,-0.122987143188124,0.212885202923727,-0.328943769016009,0.0829694826397611,-0.290978884557107,0.0103690214239238,0.117813620760959
"PIK3CD",0.818925489373287,0.0608381729460156,0.58650883235097,-0.180376095825104,0.302052441717135,-0.0588251174232609,0.59877257876717,-0.300039386194381,0.182389151347859,0.00201305552275477,0.985530015529578,0.924024759743328
"PIK3CG",0.039817407655383,-0.229634066756294,0.110084985020321,-0.521452837655745,0.0621847041431582,-0.162543136425748,0.242903128646696,-0.4543619073252,0.129275634473703,-0.392177203182042,0.0134717167341815,0.137728128439522
"PIK3R1",0.0831432147881919,0.284763023633347,0.0641605539926529,-0.0202302798668382,0.589756327133532,0.0301063692590377,0.830340403246499,-0.274886934241147,0.335099672759223,0.314869392892384,0.0442325568928799,0.229555774566491
"PIK3R2",0.523402291649811,-0.121074311311451,0.494031426408009,-0.501126075237824,0.258977452614922,0.198991824515916,0.270425791720666,-0.181059939410457,0.579043588442289,0.0779175132044648,0.657570368031529,0.764167345808724
"PIK3R3",0.761815462491933,-0.0772867478215065,0.507363743148971,-0.32774628864401,0.173172793000997,0.067264204210582,0.562883313643303,-0.183195336611922,0.317723745033086,-0.0100225436109245,0.930713161011129,0.9024644693642
"PIK3R5",0.719081018373937,0.0594355722251944,0.698330740354887,-0.272529291301361,0.39140043575175,0.0635620888563002,0.678689601442367,-0.268402774670255,0.395526952382856,0.122997661081495,0.42831084409751,0.884837084041848
"PIM1",0.235331967599483,-0.0212455433392713,0.908824619755816,-0.424274477216903,0.381783390538361,0.296985127391926,0.131647492042322,-0.106043806485706,0.700014061269558,0.275739584052655,0.158384081660256,0.472682700265648
"PIN1",0.435337418204396,0.149154258415152,0.383089262216137,-0.215139180240566,0.513447697070869,0.0654018231500678,0.697553769456945,-0.29889161550565,0.429695261805785,0.214556081565219,0.218742285167621,0.692668516323472
"PITX2",0.848572499464447,-0.0779482879335181,0.594327627793515,-0.393675333805896,0.23777875793886,0.0172816528925067,0.905347114657744,-0.298445392979872,0.333008698764885,-0.0606666350410114,0.677627474892778,0.937278130565663
"PKM",0.000804143902512329,0.428564785009362,0.14072295951104,-0.16831804932513,1.02544761934385,1.03558962201258,0.00313044651387976,0.438706787678093,1.63247245634708,1.46415440702195,0.000274741562548849,0.012229688517375
"PKMYT1",0.616823073235847,-0.108246119001699,0.393703452864111,-0.378845064898442,0.162352826895044,0.103471089767035,0.414157206560374,-0.167127856129708,0.374070035663778,-0.00477502923466382,0.969410688417358,0.83385341381883
"PKP3",0.186510845432087,0.0111901017788179,0.959383875549775,-0.466296680950735,0.488676884508371,0.365051939699305,0.11930181935997,-0.112434843030248,0.842538722428859,0.376242041478123,0.109666179273946,0.404254504647933
"PLA1A",0.469469092178899,-0.162670283426202,0.275529018020562,-0.47688894516882,0.151548378316416,0.148459746174377,0.317235232224225,-0.165758915568241,0.462678407916995,-0.0142105372518247,0.921726684587767,0.724857100868436
"PLA2G10",0.166393771550601,-0.229396043118275,0.266585372456664,-0.663788348784867,0.204996262548317,0.403696617882014,0.0652082033771247,-0.0306956877845782,0.838088923548606,0.174300574763739,0.392307490487556,0.378349017431099
"PLA2G1B",9.91700476346882e-06,-3.18135986215703,0.0159574979076335,-5.62951557634578,-0.733204147968285,-7.01448999415367,7.99380567067201e-05,-9.46264570834241,-4.56633427996492,-10.1958498563107,3.14047326116732e-06,0.0031524133579556
"PLA2G2A",0.363781546602187,0.305643145775501,0.459174777065133,-0.578937363413408,1.19022365496441,-0.594289039109934,0.165290474375071,-1.47886954829884,0.290291470078975,-0.288645893334433,0.48386221740611,0.623645782340792
"PLA2G3",0.541488813887894,-0.105646176573708,0.482013027410989,-0.42800780769652,0.216715454549105,-0.0572708270050687,0.700528548828682,-0.379632458127881,0.265090804117744,-0.162917003578776,0.28643412246538,0.776408988860866
"PLA2G4A",0.991177865044452,-0.0178184221111736,0.903049778182391,-0.335595425737721,0.299958581515373,0.00320998658548294,0.982486084279091,-0.314567017041064,0.32098699021203,-0.0146084355256906,0.920440943416826,0.995376022440408
"PLA2G4C",0.599588203204733,-0.0447307087024859,0.643754243098205,-0.253763331537432,0.16430191413246,-0.0525331613674616,0.587825919279398,-0.261565784202408,0.156499461467485,-0.0972638700699475,0.324265862611481,0.821507860997476
"PLA2G4E",0.739311380214705,-0.107767372242343,0.456807202730401,-0.417978101646774,0.202443357162088,0.0353899095154641,0.804496310768091,-0.274820819888967,0.345600638919895,-0.0723774627268789,0.614471528605834,0.894130728225206
"PLA2G4F",0.726968394631438,-0.0893878613642683,0.498917825115036,-0.373256575512233,0.194480852783696,-0.000292518478232903,0.998213190755297,-0.284161232626197,0.283576195669731,-0.0896803798425012,0.497547168316992,0.886897424784278
"PLA2G5",0.718418639394997,-0.0965682426189717,0.492248028502716,-0.398417093164918,0.205280607926975,0.0974528759428086,0.488388215037262,-0.204395974603138,0.399301726488755,0.000884633323836961,0.994918251013976,0.884837084041848
"PLA2G6",0.0746549418587811,-0.0960121348449581,0.598798011779235,-0.489740743967818,0.297716474277902,-0.342388474150195,0.0814036936957205,-0.736117083273056,0.051340134972665,-0.438400608995153,0.0324904267281754,0.21591960204798
"PLAT",0.0258775119500131,1.08819980758334,0.0982347636916014,-0.241569451403478,2.41796906657015,0.866088705782337,0.177359894614078,-0.463680553204479,2.19585796476915,1.95428851336567,0.00836535785697365,0.104947687352831
"PLAU",0.000191329079046563,0.386557505825728,0.242115388498411,-0.306197251814676,1.07931226346613,1.59015978803498,0.000454313756756838,0.897405030394579,2.28291454567539,1.97671729386071,8.26832874210272e-05,0.00742926743106336
"PLAUR",0.00155922758166816,0.26742370112615,0.311483177430257,-0.291540588696379,0.82638799094868,0.958856274044807,0.00336152891946805,0.399891984222277,1.51782056386734,1.22627997517096,0.000634174224315008,0.0169482255928835
"PLCB1",0.0100515491892696,-0.431740450269802,0.0487593513046348,-0.860629414711572,-0.00285148582803213,-0.312915766394184,0.13508674868153,-0.741804730835954,0.115973198047586,-0.744656216663986,0.00311628989001185,0.0548235750343048
"PLCB4",0.708288790627326,-0.0102444270546142,0.953381242656661,-0.391032926395123,0.370544072285895,0.129881566559273,0.464802679632248,-0.250906932781236,0.510670065899781,0.119637139504658,0.499862107466479,0.879338124418278
"PLCE1",0.912268480852515,-0.0229560524009742,0.904107915534602,-0.436901893416363,0.390989788614415,-0.0548727385559727,0.77375864273686,-0.468818579571362,0.359073102459416,-0.0778287909569469,0.684125042967158,0.961804084821537
"PLCG2",0.623034635394439,0.0861715700105602,0.431997224967933,-0.148329537164243,0.320672677185364,-0.0948177461157987,0.38881217160513,-0.329318853290602,0.139683361059005,-0.00864617610523849,0.936146453198661,0.838170261262878
"PLD1",0.0253455538340081,-0.0656072352502539,0.709529432343982,-0.446998279758744,0.315783809258237,-0.45228837814668,0.0246352193472618,-0.833679422655171,-0.0708973336381899,-0.517895613396934,0.0127723582152139,0.103712187773688
"PLK1",0.0132244177963391,0.0316930586266914,0.758217740021786,-0.191507015163131,0.254893132416514,0.304707038416019,0.0124243886976303,0.0815069646261961,0.527907112205841,0.33640009704271,0.0072645463884462,0.0645309157174303
"PLOD2",0.00964768534240239,0.199241280807247,0.175182162767975,-0.104981183198282,0.503463744812776,0.329497847271886,0.0364797212635746,0.0252753832663571,0.633720311277416,0.528739128079134,0.00309647895491961,0.0540092814413631
"PMAIP1",0.641116844665395,-0.0526254355972161,0.640014430950099,-0.295774093163622,0.19052322196919,0.105226817035775,0.357651419558364,-0.137921840530631,0.348375474602181,0.052601381438559,0.640165603399256,0.843784026297167
"PMCH",0.829278603209573,-0.0749469074676419,0.664611221410068,-0.448783468961115,0.298889654025831,0.0994536958923321,0.566501962972894,-0.274382865601141,0.473290257385805,0.0245067884246902,0.886772351082225,0.927287330078492
"PMEL",0.792071947220375,-0.103924171767775,0.511578524899715,-0.444152857092176,0.236304513556626,0.0362948993821427,0.816918186678806,-0.303933785942258,0.376523584706544,-0.0676292723856326,0.667264842557494,0.913264155321895
"PML",0.00031296377328627,0.311561285467816,0.0225543830899019,0.0538521254613779,0.569270445474255,0.419335077589311,0.00464673355392396,0.161625917582872,0.677044237595749,0.730896363057127,8.68908558883515e-05,0.00795950540533129
"PMS2",0.874457828643055,-0.0492594612383292,0.641442880354074,-0.27784287685524,0.179323954378582,0.0427024811677432,0.686022265993667,-0.185880934449168,0.271285896784654,-0.00655698007058603,0.950297657218191,0.948058471262929
"PNMA1",0.00208734302256181,0.275824001956699,0.0563855955033011,-0.00908459223246266,0.560732596145861,0.353706411846379,0.0199176118602282,0.0687978176572168,0.638615006035541,0.629530413803078,0.000601930603172325,0.0200494790325016
"PNOC",0.696765569300205,-0.114293301762228,0.40836010262642,-0.409383043031449,0.180796439506992,0.0649246096508895,0.634550417893141,-0.230165131618331,0.36001435092011,-0.0493686921113388,0.717099824488879,0.875755622570849
"POLB",0.649050021206224,-0.0787780259787375,0.529060176795393,-0.347965800666727,0.190409748709252,0.111707963281428,0.376928005243889,-0.157479811406562,0.380895737969417,0.0329299373026904,0.7907294461569,0.848507370129913
"POLD1",0.644637105412064,0.0365369081545809,0.656599173671148,-0.141132169213814,0.214205985522976,0.0398325325597445,0.628207684359435,-0.137836544808651,0.21750160992814,0.0763694407143255,0.360773136722056,0.845767589774994
"POLD4",0.634682519425342,-0.034034131287522,0.776162144651155,-0.293624640468516,0.225556377893472,0.110940163293304,0.363428517160447,-0.14865034588769,0.370530672474298,0.0769060320057819,0.524098072298619,0.843784026297167
"POLE2",0.792909814825937,-0.0158503746423834,0.900734340283621,-0.291896905632351,0.260196156347584,0.0805887360477177,0.530042425303109,-0.19545779494225,0.356635267037685,0.0647383614053343,0.61267198024213,0.913264155321895
"POLR1B",0.0265753066624635,-0.203495680604259,0.115999757384858,-0.466968605059442,0.0599772438509242,-0.182364714574423,0.154047250560349,-0.445837639029606,0.0811082098807597,-0.385860395178682,0.00852862003326817,0.106828049909683
"POLR2A",0.0140928824451909,-0.230563406571468,0.0588701104876639,-0.471577690476161,0.0104508773332259,-0.164334759046825,0.159664232893653,-0.405349042951518,0.076679524857869,-0.394898165618292,0.0044566112319229,0.0673285614200873
"POLR2D",0.0588067393876722,-0.256160643577205,0.0508746558055762,-0.51350302753198,0.00118174037757052,-0.0364353460163822,0.758892176767428,-0.293777729971157,0.220907037938393,-0.292595989593587,0.0296986247232736,0.183771060586476
"POLR2H",0.54832027065579,-0.0963095943855154,0.558014309084131,-0.450416443226641,0.25779725445561,0.179429906751826,0.28524423087704,-0.1746769420893,0.533536755592951,0.0831203123663102,0.612354220467328,0.78178476089595
"POLR2J",0.546618522559612,-0.129498366036562,0.406113243025928,-0.462190064212441,0.203193332139316,-0.0295500225689241,0.847084049668865,-0.362241720744802,0.303141675606954,-0.159048388605487,0.311830370534391,0.780459244729633
"POU2AF1",0.829731621927768,-0.102389817961717,0.557933839558077,-0.478773847415613,0.273994211492179,0.067851798224969,0.696374871568024,-0.308532231228927,0.444235827678865,-0.0345380197367479,0.842095340785172,0.927287330078492
"POU2F2",0.679126075142357,0.0221826151274376,0.779770895303306,-0.149871813428998,0.194237043683874,-0.0679183394548719,0.399742654548329,-0.239972768011308,0.104136089101564,-0.0457357243274343,0.566808852777146,0.867323363985165
"POU5F1",0.456535659216189,-0.364116629383539,0.222537879284075,-0.987863553088673,0.259630294321595,0.200875794881852,0.48944821577659,-0.422871128823282,0.824622718586985,-0.163240834501688,0.572723134936862,0.710902370366506
"PPARG",0.565034447402929,-0.0343003634227143,0.828038556918731,-0.377045982852314,0.308445256006885,0.160613880565441,0.321009893704538,-0.182131738864158,0.503359499995041,0.126313517142727,0.430704099999563,0.793832075835524
"PPARGC1A",0.0403241219941601,-0.0595861331030896,0.725312167858924,-0.426942319941712,0.307770053735533,-0.395575423384277,0.0373604302655643,-0.762931610222899,-0.0282192365456538,-0.455161556487366,0.0201053544490342,0.138590438115522
"PPARGC1B",0.875078696144262,-0.0544030682642278,0.626120985791335,-0.295578845513587,0.186772708985131,0.014674658220443,0.894848259632706,-0.226501119028916,0.255850435469802,-0.0397284100437848,0.721239337385246,0.948058471262929
"PPBP",0.636574438015586,-0.106574037053718,0.430209052444979,-0.395437017412818,0.182288943305382,0.111581651035661,0.409574098132491,-0.177281329323438,0.400444631394761,0.00500761398194361,0.969948717077307,0.843784026297167
"PPL",0.0323503741876389,0.421352616753726,0.174073341442557,-0.220196492137931,1.06290172564538,0.482179353106563,0.12494538733286,-0.159369755785094,1.12372846199822,0.903531969860289,0.0105456059897891,0.120488638556002
"PPP2CB",0.00561733125333559,-0.237527806209996,0.0193357540649032,-0.427667505264502,-0.0473881071554908,-0.120050024945281,0.189797235065382,-0.310189723999786,0.070089674109225,-0.357577831155277,0.00185721630756975,0.0370094929145756
"PPP2R1A",0.661548524490766,-0.146573233696392,0.427955369226029,-0.541853057310523,0.248706589917739,0.00831882004487283,0.963522515397607,-0.386961003569258,0.403598643659004,-0.138254413651519,0.45383849085866,0.854441654066276
"PPP2R2B",0.913318618627793,-0.0602157359403383,0.721608740201026,-0.426271641946313,0.305840170065637,-0.0012751230234729,0.993959919756037,-0.367331029029448,0.364780782982502,-0.0614908589638112,0.716004752595627,0.961804084821537
"PPP2R2C",0.949822128635496,-0.0433319217033029,0.759272112297474,-0.349885662325227,0.263221818918622,0.0138540629820781,0.9217819673982,-0.292699677639846,0.320407803604003,-0.0294778587212248,0.834653732675694,0.973248548984443
"PPP2R3A",0.0425460611141378,-0.15411989056137,0.172127964908804,-0.387616697610919,0.0793769164881781,-0.156800863861206,0.165460642916574,-0.390297670910755,0.0766959431883421,-0.310920754422577,0.0141191447986689,0.144056700432841
"PPP3CA",0.0427327499903361,0.0805912640001953,0.454665393911937,-0.15026031377532,0.311442841775711,0.216352722018731,0.0633203254261101,-0.0144988557567844,0.447204299794247,0.296943986018926,0.016781933615544,0.1442264443238
"PPP3CB",0.00895674475964442,-0.231222631133634,0.0455803428538555,-0.456924102698196,-0.00552115956907254,-0.168217022457422,0.127768881269767,-0.393918494021984,0.0574844491071395,-0.399439653591056,0.00276010850261301,0.0510814349573471
"PPP3CC",0.0107134175574151,-0.217778280821161,0.0356548499684296,-0.417742613518922,-0.0178139481233994,-0.122800184757566,0.201166046303652,-0.322764517455327,0.0771641479401958,-0.340578465578727,0.00351471853383227,0.0565086330701808
"PPP3R1",0.535614877541298,-0.0568774942349836,0.2999610564928,-0.172809268346304,0.0590542798763366,0.0449953960844753,0.407423458140231,-0.070936378026845,0.160927170195795,-0.0118820981505084,0.823963217023397,0.774152188787749
"PPP3R2",0.623107601939157,-0.119366333602871,0.405842784519283,-0.425844977284335,0.187112310078593,0.00142595718371311,0.99193247077903,-0.305052686497751,0.307904600865177,-0.117940376419158,0.411279151875613,0.838170261262878
"PRAME",0.928390194182651,-0.0443579082219054,0.812075309763307,-0.449226634794163,0.360510818350353,0.0694200004728442,0.710422524755827,-0.335448726099414,0.474288727045102,0.0250620922509388,0.893036837336857,0.96845876833349
"PRC1",0.0828667308271406,-0.121530988839587,0.207126695343086,-0.322281308799168,0.0792193311199944,0.228777519060961,0.0294027366605323,0.0280271991013802,0.429527839020542,0.107246530221375,0.261405175726492,0.22913906630232
"PRDM1",0.0109571510238774,0.205638480965054,0.137992148259155,-0.0785619862589735,0.489838948189081,0.28086122770126,0.0522674548750308,-0.00333923952276716,0.565061694925288,0.486499708666314,0.0034058850052725,0.0572974229758634
"PRDX5",0.849970030732149,-0.0707971339852385,0.670262436566436,-0.430439596113682,0.288845328143205,-0.0165412768735072,0.920401365368014,-0.376183739001951,0.343101185254936,-0.0873384108587458,0.60028497636995,0.937278130565663
"PRF1",0.908604675879904,0.000497679352930408,0.99757851189769,-0.355879059107865,0.356874417813725,-0.061184507798036,0.710067229040396,-0.417561246258831,0.295192230662759,-0.0606868284451056,0.712304208478537,0.961804084821537
"PRG2",0.670963500909547,-0.070903731363007,0.598078694694422,-0.361087763187332,0.219280300461318,-0.0469985067083242,0.725702238762915,-0.337182538532649,0.243185525116001,-0.117902238071331,0.386600186948338,0.860768195837692
"PRKAA2",0.217234609536968,-0.0988572629322463,0.476231076341035,-0.396458910953122,0.19874438508863,-0.151694306194107,0.282554934776454,-0.449295954214983,0.145907341826769,-0.250551569126354,0.0901331237765387,0.452572103202017
"PRKACA",0.00340148675603946,-0.252298654904867,0.0241860828987031,-0.464189243363258,-0.0404080664464761,-0.183388430833924,0.0826496276871607,-0.395279019292315,0.028502157624467,-0.435687085738791,0.00100834500526957,0.0268732178778009
"PRKACB",0.916924504507542,-0.0533289388228249,0.760324620379229,-0.432324908232525,0.325667030586875,0.0674544343806222,0.700016454612499,-0.311541535029078,0.446450403790322,0.0141254955577974,0.93545490683129,0.963100331506052
"PRKACG",0.641034118021986,-0.0936938312463534,0.471431835924762,-0.372625020366068,0.185237357873361,-0.0190925668316164,0.881814961222177,-0.298023755951331,0.259838622288098,-0.11278639807797,0.38879649198893,0.843784026297167
"PRKAR1B",0.164902716627236,-0.0157984087843612,0.918418666990871,-0.350908762795153,0.31931194522643,0.278904056740112,0.0933651966040425,-0.0562062972706793,0.614014410750904,0.263105647955751,0.110791698987716,0.377127140156272
"PRKAR2A",0.00287461592651788,-0.27402294707756,0.02121998909319,-0.497731566379011,-0.0503143277761086,-0.19729912554622,0.0777748823746014,-0.421007744847671,0.0264094937552306,-0.47132207262378,0.000848786366589895,0.0241759173543554
"PRKAR2B",0.0258738619263115,-0.0776921734891049,0.649304443063475,-0.446996365777263,0.291612018799054,-0.427379377210796,0.0274857030612247,-0.796683569498955,-0.0580751849226381,-0.505071550699901,0.0123089179358847,0.104947687352831
"PRKCA",0.940173395209288,0.0314390261831942,0.829516962812265,-0.28548888436776,0.348366936734149,-0.0495200330939209,0.73494733611658,-0.366447943644875,0.267407877457034,-0.0180810069107267,0.901367388528856,0.971033642477052
"PRKCB",0.908785924339878,0.00511501223818932,0.96974147947877,-0.287921276087586,0.298151300563964,-0.0524149909329417,0.698606036832414,-0.345451279258717,0.240621297392833,-0.0472999786947523,0.72658683860646,0.961804084821537
"PRKCD",0.448202704217989,-0.0560864227453972,0.664716991618146,-0.335941457649932,0.223768612159138,-0.107010606915517,0.414156396825425,-0.386865641820052,0.172844427989018,-0.163097029660915,0.223247762991952,0.705754905261285
"PRKCE",0.0588064743196625,-0.01594834928648,0.862843616642915,-0.216418121427841,0.18452142285488,-0.20673179118357,0.0444249401099474,-0.40720156332493,-0.00626201904220902,-0.22268014047005,0.0328227726386207,0.183771060586476
"PRKCG",0.362355625648797,-0.133252808136812,0.408509565300717,-0.477407098345541,0.210901482071918,0.230823369960063,0.165938349117486,-0.113330920248666,0.574977660168793,0.0975705618232516,0.541756263852245,0.622692106223215
"PRKDC",0.74570177963705,-0.0803091198668034,0.520837616545288,-0.349224469020395,0.188606229286789,0.082177516610571,0.511396180940572,-0.186737832543021,0.351092865764163,0.00186839674376761,0.987953045653785,0.894814684367862
"PRKX",0.647324773546377,0.122926982467081,0.365434331510286,-0.165969569663325,0.411823534597488,-0.0726357724317716,0.587666095106683,-0.361532324562178,0.216260779698635,0.0502912100353096,0.706236837220751,0.84685857471121
"PRL",0.810910467183912,-0.0774086923542658,0.53626595823771,-0.346706556992515,0.191889172283983,0.0246992295952427,0.842172574178129,-0.244598635043006,0.293997094233492,-0.0527094627590231,0.672020077656388,0.920915745246197
"PRLR",0.00285400506340506,-0.600010123928731,0.0157487721164395,-1.06051412937284,-0.139506118484622,-0.366105591702459,0.106910368382571,-0.826609597146568,0.0943984137416505,-0.96611571563119,0.000874758399440181,0.0241759173543554
"PRM1",0.746646557983277,-0.109983815103012,0.498570919714012,-0.458970163889656,0.239002533683632,0.0102817669253373,0.948954296031385,-0.338704581861307,0.359268115711981,-0.0997020481776744,0.538709998280686,0.894814684367862
"PRMT8",0.233158353075002,-0.121057323447469,0.435476347718878,-0.453077438084357,0.210962791189419,-0.152320349520013,0.330778528221793,-0.484340464156901,0.179699765116874,-0.273377672967482,0.0964476506882265,0.470181209239645
"PROM1",0.336281379636769,0.285550444655607,0.249405514149593,-0.234726848013434,0.805827737324649,-0.338825151940494,0.177401087015172,-0.859102444609535,0.181452140728548,-0.0532747072848866,0.82412398589834,0.593400754965307
"PRR5",0.5391492777804,-0.0649111030949291,0.607417489736007,-0.337598976664967,0.207776770475109,0.140218258711104,0.278586403156717,-0.132469614858934,0.412906132281142,0.0753071556161749,0.552078054049389,0.774152188787749
"PRUNE1",0.320305359121149,-0.100944865558774,0.34106206740525,-0.325946529362668,0.124056798245119,-0.0586780669246818,0.574052062147763,-0.283679730728575,0.166323596879212,-0.159622932483456,0.145025771095667,0.575351653933166
"PSAT1",0.0012234816821894,-1.45116297532624,0.00437247395205847,-2.33405046764331,-0.568275483009176,-0.595656735702759,0.163679225384316,-1.47854422801983,0.287230756614309,-2.046819711029,0.000421818946642506,0.0144990524025692
"PSEN1",0.509944384552698,0.034122907390971,0.74135494664556,-0.189915689196357,0.258161503978299,0.0832362936282518,0.427090373144379,-0.140802302959076,0.30727489021558,0.117359201019223,0.270216677839746,0.74989197926323
"PSEN2",7.50925790832347e-05,-0.614765783852348,0.00331449353233552,-0.972336390827863,-0.257195176876833,-0.594816094050643,0.00406474469088327,-0.952386701026158,-0.237245487075128,-1.20958187790299,1.97645281991681e-05,0.00489442702953226
"PSMB10",0.00818491275308491,0.297970543127821,0.00280981398121444,0.129132234568076,0.466808851687566,-0.203206212362104,0.023025908274049,-0.372044520921849,-0.0343679038023594,0.0947643307657161,0.239552848413793,0.048030436573569
"PSMB2",0.869257007539514,-0.0446878928194562,0.606064369416169,-0.231704644299386,0.142328858660474,0.0243063834480306,0.778046026999858,-0.162710368031899,0.211323134927961,-0.0203815093714256,0.813047078285588,0.945407651227422
"PSMB5",0.0191257315141348,-0.302582536328668,0.00858062306882394,-0.509419453929931,-0.0957456187274048,0.0548564312950474,0.567677629770404,-0.151980486306216,0.261693348896311,-0.247726105033621,0.0235484542114203,0.0845144310249296
"PSMB7",0.0229364941648566,-0.375183198380486,0.0613989856779282,-0.772024652531143,0.0216582557701714,-0.215768921507142,0.253563819513438,-0.612610375657799,0.181072532643516,-0.590952119887628,0.00777353561016243,0.0973467484903798
"PSMB8",0.0118949661397353,0.389861612418044,0.0144834938157504,0.095604223297296,0.684119001538792,0.0744456372809404,0.585371489727595,-0.219811751839807,0.368703026401688,0.464307249698984,0.00557767886469801,0.0608076000140528
"PSMB9",0.00393668389355754,0.477592820369482,0.00345318167440831,0.19797774102809,0.757207899710875,0.022569784355761,0.860862933829053,-0.257045294985631,0.302184863697153,0.500162604725243,0.00257757683316559,0.0300604523252825
"PSMC4",0.698297729355832,-0.0701842502418462,0.591783830583463,-0.352484711734271,0.212116211250579,0.107690660099292,0.415222780374349,-0.174609801393132,0.389991121591717,0.0375064098574463,0.773263254090404,0.876524052319896
"PSMD7",0.113080814642277,-0.129716620931914,0.201475846642905,-0.341101435022307,0.0816681931584789,0.220627479977774,0.0423693408574337,0.0092426658873811,0.432012294068167,0.09091085904586,0.36052507497632,0.290665474256557
"PSPH",0.314735405218544,-0.186776641601417,0.17953925125039,-0.475132073916741,0.101578790713907,0.0127048160692323,0.92373654112341,-0.275650616246092,0.301060248384556,-0.174071825532185,0.208313787258079,0.567020843557593
"PTCD2",0.759641121207668,-0.0692967915699329,0.505846036381148,-0.29304469582605,0.154451112686184,0.00870254639611441,0.932650761008876,-0.215045357860003,0.232450450652232,-0.0605942451738185,0.559671024109361,0.901394698442129
"PTCH1",0.637970265792625,0.0859563123006418,0.592591069879301,-0.260549658254206,0.432462282855489,-0.150304863577314,0.356583520600854,-0.496810834132161,0.196201106977534,-0.0643485512766718,0.687769149170075,0.843784026297167
"PTCRA",0.151108744575307,-0.193910271005762,0.201600516270625,-0.509999401409026,0.122178859397503,-0.105833491933809,0.472822526739273,-0.421922622337074,0.210255638469455,-0.299743762939571,0.0607431572309735,0.354464600064184
"PTEN",0.993579814735628,-0.0180311099483319,0.913202361140096,-0.377419181439425,0.341356961542762,0.0117853242086685,0.943193782727548,-0.347602747282425,0.371173395699762,-0.00624578573966342,0.969873624105124,0.996309429611275
"PTGDR2",0.300192860669982,-0.196207687788025,0.221567310124794,-0.531558617068048,0.139143241491998,-0.0336313674881411,0.827681192293788,-0.368982296768164,0.301719561791882,-0.229839055276166,0.157725620068585,0.547107689380698
"PTGER4",0.0033380524597617,-1.35509567288206,0.014675817371622,-2.38056466018091,-0.329626685583211,-0.738001638551888,0.13989951945318,-1.76347062585074,0.287467348746964,-2.09309731143395,0.00106174785557919,0.0267190602590575
"PTGS2",0.0816135202176643,0.104053954608404,0.712705427079478,-0.507890882465179,0.715998791681987,0.547930654553488,0.0739947239658409,-0.0640141825200945,1.15987549162707,0.651984609161892,0.0390148488417658,0.227396449461431
"PTPN11",0.00402234713736617,-0.163925634439341,0.0506566552446898,-0.328419550364473,0.000568281485790745,-0.167358204004563,0.0468136057100154,-0.331852119929695,-0.00286428807943157,-0.331283838443905,0.00116563350924039,0.030333816221873
"PTPN5",0.749689675755766,-0.00723461710884522,0.962159216757478,-0.338602107087337,0.324132872869647,-0.0953745950328583,0.535745055130738,-0.42674208501135,0.235992894945633,-0.102609212141704,0.505920419044201,0.896581689550637
"PTPRC",0.152426060076898,0.378764515830637,0.0996451008281078,-0.0863084444467072,0.843837476107981,0.0147028265790236,0.945231894708615,-0.45037013369832,0.479775786856368,0.39346734240966,0.0887783127757417,0.356181254341022
"PTPRR",0.727816834974562,0.0717111998385178,0.668896409783256,-0.290962106085733,0.434384505762769,0.0599505461244488,0.72031527876918,-0.302722759799802,0.4226238520487,0.131661745962967,0.437403389323811,0.887013143368356
"PTTG1",0.557844481253154,-0.0766317299114929,0.454650121631456,-0.296133675211722,0.142870215388736,0.106200172308826,0.306339316268273,-0.113301772991403,0.325702117609054,0.0295684423973327,0.770212573856874,0.789810844287825
"PTTG2",0.328094523931043,-0.0240276700431509,0.891373771704067,-0.406201094379855,0.358145754293553,-0.221778780744526,0.225080421445092,-0.603952205081229,0.160394643592178,-0.245806450787677,0.182344822067092,0.586169080719282
"PUM1",0.0272606517090632,-0.0654452527547251,0.417748099554595,-0.237968202112863,0.107077696603413,-0.177616474689517,0.0447143727540501,-0.350139424047655,-0.00509352533137911,-0.243061727444242,0.0105253920244098,0.108912071860992
"PURA",0.0562911422775342,0.0224587877543372,0.788902042371228,-0.159498642001613,0.204416217510287,-0.207521941927582,0.0293034962823008,-0.389479371683532,-0.0255645121716316,-0.185063154173245,0.0468746635252974,0.178663190706956
"PVR",0.91417898370322,-0.0569328514135741,0.83992422830858,-0.668822666394254,0.554956963567106,0.116846684598619,0.679493766046638,-0.49504313038206,0.728736499579299,0.0599138331850452,0.831683979518867,0.962154928061348
"PVRIG",0.0904139562002975,-0.0286992686333283,0.817965953685255,-0.299307211910635,0.241908674643979,-0.245758555442812,0.0705627614772268,-0.516366498720119,0.0248493878344949,-0.27445782407614,0.0473815253417528,0.24409093204962
"PYCARD",0.010274219416277,0.202389797585915,0.303560823533504,-0.213393873541381,0.618173468713211,0.49929469674671,0.0232651956161019,0.0835110256194139,0.915078367874006,0.701684494332625,0.00372062845642164,0.0552287341031742
"PYCR1",0.00282414570102953,-0.866436157717274,0.0039134730387055,-1.38407441215216,-0.348797903282389,-0.151175152895486,0.529892067139444,-0.668813407330371,0.366463101539399,-1.01761131061276,0.00137688591140115,0.02408442011392
"PYCR2",0.0424447981350059,-0.166582846364463,0.237471017431047,-0.461967599974719,0.128801907245794,-0.225480147652889,0.119808374657964,-0.520864901263146,0.0699046059573675,-0.392062994017352,0.0143518152880913,0.14398096021633
"PYCR3",0.505731847004328,-0.0820784013572536,0.520855546959796,-0.356930272920615,0.192773470206108,-0.0667512453510284,0.600263176138066,-0.34160311691439,0.208100626212333,-0.148829646708282,0.255385897896332,0.748548759759041
"RAB7A",0.154238067479911,-0.17569852371329,0.363615298109172,-0.58698512834332,0.23558808091674,0.392301480360775,0.059491629331945,-0.018985124269255,0.803588084990805,0.216602956647485,0.267809369122638,0.358578946688966
"RAC1",0.0655722487666866,0.208348246466889,0.338197675609285,-0.253172515809021,0.669869008742799,0.343669326534437,0.128069983341455,-0.117851435741473,0.805190088810347,0.552017573001325,0.0236933738220357,0.196824595393426
"RAC2",0.00692053395069672,0.14694187012295,0.293578198446201,-0.148408391147275,0.442292131393176,0.382962863403492,0.0161322141971451,0.0876126021332664,0.678313124673718,0.529904733526442,0.00252797547267738,0.0429590968027942
"RAC3",0.450630690905656,-0.128793229087021,0.26554318198914,-0.372114599715532,0.11452814154149,0.00946459494457101,0.932645439739547,-0.23385677568394,0.252785965573082,-0.11932863414245,0.300143793818903,0.707366454332328
"RAD21",0.717125887809263,-0.0859141528640602,0.653378272031501,-0.499498534474575,0.327670228746455,0.153558287680589,0.427379587608955,-0.260026093929926,0.567142669291104,0.0676441348165288,0.723128664167761,0.884608708971826
"RAD50",0.00870252085602333,-0.13399849807408,0.040360028813949,-0.260829159543663,-0.0071678366044981,-0.0910961791638762,0.140601418521802,-0.217926840633458,0.0357344823057062,-0.225094677237957,0.00271079922142523,0.0502598119058309
"RAD51",0.143467354887599,-0.066553265307713,0.472825043308931,-0.265326698960904,0.132220168345478,0.19139464106608,0.0575063594207374,-0.00737879258711122,0.390168074719271,0.124841375758367,0.191939342080194,0.341366261629555
"RAD51C",0.166473567669683,-0.203915000173526,0.112564605390254,-0.465102291246403,0.0572722908993514,-0.0132072658188863,0.912522912534196,-0.274394556891764,0.247980025253991,-0.217122265992412,0.0937021083020727,0.378349017431099
"RAD52",0.144123518231764,-0.0902684923509725,0.428016168738886,-0.333738359134856,0.153201374432911,-0.145289699655256,0.213171586655585,-0.38875956643914,0.0981801671286279,-0.235558192006229,0.056514984550708,0.342481016631469
"RAF1",0.000526278909466909,-0.442773741844917,0.00526842600742977,-0.720679977486489,-0.164867506203346,-0.292818110863922,0.0408006259118986,-0.570724346505494,-0.014911875222351,-0.73559185270884,0.000151530629858242,0.00950949514630801
"RAG1",0.258061215057722,-0.135478208679653,0.422903874683875,-0.496739431750575,0.225783014391269,-0.15039501917864,0.375468039687794,-0.511656242249562,0.210866203892282,-0.285873227858293,0.108345577351716,0.502171774514484
"RANBP2",0.000374834066035923,-0.225635981980534,0.0319060739081149,-0.427418352389044,-0.023853611572023,-0.332466878007719,0.0043086028248064,-0.53424924841623,-0.130684507599208,-0.558102859988253,0.000106526869263667,0.00804790788841835
"RASA4",0.464026712013005,0.0602416398466042,0.682576835306035,-0.258497436574204,0.378980716267412,-0.180960751680714,0.234553511261188,-0.499699828101522,0.137778324740094,-0.12071911183411,0.418463533750801,0.720722339935093
"RASAL1",0.191798580234639,-0.00299876776227445,0.977955586343833,-0.238841889815189,0.23284435429064,0.182816999028889,0.114837470119252,-0.0530261230240252,0.418660121081804,0.179818231266615,0.12019276639767,0.41131892941036
"RASGRF1",0.714811190275237,-0.00821118699818682,0.960088595446731,-0.364779052501687,0.348356678505313,-0.111173777588501,0.503059198013759,-0.467741643092002,0.245394087914999,-0.119384964586688,0.472828610674156,0.883229805180981
"RASGRF2",0.281626212125879,0.0447886886115377,0.836114736250123,-0.42521177978168,0.514789157004755,0.285425213269562,0.205814184728358,-0.184575255123655,0.75542568166278,0.3302139018811,0.148545151216248,0.52768771779233
"RASGRP1",0.215378532936961,0.191734402071127,0.138900859601543,-0.0739337817104039,0.457402585852659,0.00783078246324242,0.948930081018651,-0.257837401318289,0.273498966244774,0.19956518453437,0.125125340503803,0.450763558038937
"RASGRP2",0.654594227096337,-0.074084809411882,0.527999737392554,-0.326571848224896,0.178402229401132,0.103383744971687,0.383058864895008,-0.149103293841327,0.355870783784701,0.0292989355598051,0.801221518116712,0.850306712113019
"RB1",0.0757720830157084,0.137424880245653,0.0770442196256334,-0.0179457575579504,0.292795518049256,0.0335791964472332,0.640488191350455,-0.12179144135637,0.188949834250836,0.171004076692886,0.0341211748686043,0.217934958917831
"RBL2",0.000213227925577779,-0.232234200982606,0.0690001628564306,-0.486267920001469,0.0217995180362572,-0.508973215125107,0.00120819442552511,-0.76300693414397,-0.254939496106244,-0.741207416107712,6.88530776238733e-05,0.0074757768587321
"RBP4",0.386719068286863,-0.327974403404817,0.319009768554242,-1.02482516651831,0.368876359708677,-0.105900013822367,0.741906527911236,-0.802750776935861,0.590950749291126,-0.433874417227184,0.195492336030068,0.645447849491615
"RBX1",0.0500266583562592,-0.112702329817693,0.0253517949238624,-0.208342962178013,-0.0170616974573734,0.0988945839962179,0.0439580938749861,0.00325395163589796,0.194535216356538,-0.0138077458214754,0.754319070891081,0.163324957960953
"REL",0.813672729730905,0.0254346945372773,0.813339333184725,-0.208322475793222,0.259191864867777,-0.0674001404510497,0.535032961694554,-0.301157310781549,0.16635702987945,-0.0419654459137724,0.697561392336945,0.922653252443833
"RELA",0.0734486738615023,-0.134146746363531,0.266614191180576,-0.388187992447405,0.119894499720343,-0.163935128362815,0.181027661139551,-0.417976374446689,0.0901061177210592,-0.298081874726346,0.0258444931076336,0.213445588849111
"RELB",0.627335149511758,0.0966598548023579,0.560504871065153,-0.261035397084766,0.454355106689482,0.0606876507354216,0.713306947275772,-0.297007601151702,0.418382902622545,0.157347505537779,0.350133198225923,0.839912748409695
"RELN",0.773282930213574,-0.0599593628456645,0.636171770675253,-0.333806878234691,0.213888152543362,0.0872656511161067,0.493909824650813,-0.18658186427292,0.361113166505134,0.0273062882704423,0.828649087961282,0.905508379719934
"REN",0.564965613757332,-0.139699053516636,0.332956140661608,-0.445651092934751,0.166252985901479,0.0201482515680643,0.88625917148438,-0.285803787850051,0.326100290986179,-0.119550801948572,0.404363701205249,0.793832075835524
"REPS1",0.000651713291590496,-0.307812433320316,0.00426023928123415,-0.494284374895467,-0.121340491745166,-0.16893953165148,0.071140979614908,-0.35541147322663,0.0175324099236699,-0.476751964971797,0.000199216973202292,0.0111156706275949
"RET",0.380053228363841,-0.206880397503134,0.212154124523726,-0.552726925685548,0.138966130679279,0.0229780465631011,0.885255582128308,-0.322868481619312,0.368824574745514,-0.183902350940033,0.263489010304245,0.639849761774918
"RFC3",0.636244835856322,-0.095671970323398,0.353868110153964,-0.314932542613547,0.123588601966751,0.0447909503841794,0.658710513796181,-0.174469621905969,0.264051522674328,-0.0508810199392186,0.616359410459189,0.843784026297167
"RFC4",0.0773373577655722,-0.12160331013125,0.243549741627512,-0.340243040950194,0.0970364206876938,0.253635541348945,0.0271924858386095,0.034995810530001,0.472275272167889,0.132032231217695,0.208168433953051,0.219845292713659
"RGMB",0.000401856890421988,-0.470439609216985,0.00268130239813764,-0.735058643190897,-0.205820575243073,-0.248097461015761,0.0632325702890253,-0.512716494989673,0.0165215729581513,-0.718537070232745,0.000123574204285685,0.00835589207724605
"RHOA",0.111910564425388,-0.144575385790248,0.312597427987438,-0.447498736492736,0.15834796491224,0.31828555156363,0.041259660423533,0.0153622008611429,0.621208902266118,0.173710165773382,0.230213120421092,0.289287223904156
"RHOB",0.687010532734343,-0.0389429017054736,0.91503664103937,-0.831968910079938,0.75408310666899,0.289546237918041,0.434857721021559,-0.503479770456423,1.0825722462925,0.250603336212567,0.497431623548369,0.87008620557958
"RICTOR",0.258102533969636,-0.0276721007750859,0.756347444538446,-0.221002408694035,0.165658207143863,-0.116520462803162,0.208988309588811,-0.309850770722111,0.0768098451157871,-0.144192563578248,0.127529392584817,0.502171774514484
"RIMKLA",0.662447828635775,-0.144003671574071,0.397348434815649,-0.506885311379218,0.218877968231076,0.0329439771903347,0.843753704842152,-0.329937662614812,0.395825616995481,-0.111059694383736,0.51077398205188,0.854998081513642
"RIMKLB",0.647122898786865,-0.117388136178578,0.408957626192588,-0.420868946008765,0.186092673651609,0.106846544966284,0.450952392451673,-0.196634264863903,0.410327354796471,-0.010541591212294,0.939835386484067,0.84685857471121
"RIN1",0.332015861996064,-0.12928561610673,0.193435265916072,-0.335891627665921,0.0773203954524606,0.00655943497925385,0.944999316780497,-0.200046576579937,0.213165446538445,-0.122726181127476,0.215116332848045,0.590266269738074
"RIPK1",0.000787793332358442,-0.224001005495826,0.00212493990851213,-0.345563504635896,-0.102438506355756,-0.0703730636538202,0.226123312011284,-0.19193556279389,0.0511894354862501,-0.294374069149646,0.000303292043041851,0.012182829254088
"RIPK2",0.623025715524458,-0.00559537955605052,0.938639470838552,-0.163533687751949,0.152342928639848,0.0637635224267131,0.389505634303284,-0.0941747857691849,0.221701830622611,0.0581681428706626,0.430992036780039,0.838170261262878
"RIPK3",0.0313829475304084,0.103017018716203,0.381332339026435,-0.147626745503061,0.353660782935467,0.243084176729369,0.0560208807082377,-0.00755958748989541,0.493727940948633,0.346101195445572,0.0117058682957194,0.117813620760959
"RNF43",0.570644114990432,-0.171730934142488,0.356633151769465,-0.567674284359958,0.224212416074981,0.00839551285212534,0.963248139196529,-0.387547837365344,0.404338863069594,-0.163335421290363,0.379650866610775,0.800480791589191
"RNLS",0.153426948792895,-0.200830831848442,0.173540975172321,-0.506199148483009,0.104537484786124,-0.0835045437124339,0.555917318107729,-0.388872860347,0.221863772922132,-0.284335375560876,0.0647743930116935,0.357148190748768
"ROBO4",0.295656555196616,-0.0166377697382793,0.881651529713972,-0.25936727833413,0.226091738857572,-0.147745380430331,0.204855847447415,-0.390474889026182,0.0949841281655199,-0.16438315016861,0.162237918411619,0.542284636415904
"ROCK1",0.119126078003504,0.0638162367301943,0.509260935720252,-0.14393866902574,0.271571142486129,0.145655306801572,0.14932083916543,-0.0620995989543624,0.353410212557507,0.209471543531766,0.0484626443352118,0.300283276735352
"ROPN1",0.535817391232488,-0.107725235514706,0.41696580097677,-0.391211106844295,0.175760635814882,-0.0323516228202454,0.804433866154346,-0.315837494149834,0.251134248509343,-0.140076858334952,0.296702447683012,0.774152188787749
"ROR2",0.293011225324646,0.063927050835283,0.793472432127891,-0.465779088560367,0.593633190230933,0.306990483589753,0.22564455180398,-0.222715655805897,0.836696622985403,0.370917534425036,0.149769829446881,0.540420088080518
"RORA",0.000995872646440336,-0.0943483717944228,0.335834512855625,-0.302274015776222,0.113577272187376,-0.386690607197353,0.00199971215903449,-0.594616251179152,-0.178764963215554,-0.481038978991776,0.000428429770118071,0.0129646773153647
"RORC",0.000769914051418353,-0.698203024256776,0.02788755510819,-1.30351583207363,-0.092890216439918,-0.835290552301542,0.0117467107371076,-1.4406033601184,-0.229977744484684,-1.53349357655832,0.000214002234160174,0.0121128719296422
"RPA3",0.819723882753122,-0.079454411835818,0.557135485302638,-0.370926257584105,0.212017433912469,0.0614208610315955,0.648762811893137,-0.230050984716691,0.352892706779882,-0.0180335508042225,0.893090254278176,0.924024759743328
"RPL23",0.000374237727034389,-0.516519416054668,0.0203566298804766,-0.934492627062174,-0.0985462050471626,-0.644462394886166,0.00637924496740593,-1.06243560589367,-0.22648918387866,-1.16098181094083,0.000102925950328293,0.00804790788841835
"RPL7A",0.0001346914604794,-0.90123258597249,0.0106679524525609,-1.54253475317559,-0.259930418769388,-1.11877855340506,0.00302387721506524,-1.76008072060816,-0.477476386201958,-2.02001113937755,3.63445594925104e-05,0.00633251373060208
"RPLP0",0.571553395757425,-0.136505620461839,0.362383717827606,-0.455192131866544,0.182180890942865,0.0035446221869179,0.980715863069569,-0.315141889217786,0.322231133591622,-0.132960998274921,0.374466649416853,0.800768623755038
"RPS27A",0.000162004936554099,-0.607290130039602,0.008063015112362,-1.01778219256999,-0.196798067509215,-0.659295571131432,0.00502307186317799,-1.06978763366182,-0.248803508601044,-1.26658570117103,4.32430714309451e-05,0.00671952293661888
"RPS6",0.000112430940472023,-0.94297761682595,0.00850354828806722,-1.58651775133458,-0.299437482317317,-1.12962727647502,0.00290795923025749,-1.77316741098365,-0.486087141966385,-2.07260489330097,3.01043050691426e-05,0.00573015156432833
"RPS6KA5",0.261025378125921,-0.0318217986156955,0.817530507229368,-0.331141499947029,0.267497902715638,-0.186450151051901,0.195300541816467,-0.485769852383235,0.112869550279433,-0.218271949667596,0.135263224788318,0.505558749557527
"RPS6KA6",0.81947166351065,-0.0417952254122659,0.776707802538508,-0.361386076562082,0.27779562573755,-0.0495148439495781,0.737087644258235,-0.369105695099394,0.270076007200238,-0.091310069361844,0.53868369171685,0.924024759743328
"RPS6KB1",0.00612494772129162,-0.284158457483483,0.040595371670382,-0.5535067577916,-0.0148101571753664,-0.223297075586243,0.0944796186311222,-0.492645375894359,0.046051224721874,-0.507455533069726,0.00183497186094626,0.0394815966084482
"RPTOR",0.192760216556423,-0.167274130032506,0.148048420619567,-0.405034829259082,0.0704865691940704,-0.0273379448215589,0.802994689297818,-0.265098644048135,0.210422754405017,-0.194612074854065,0.0981691695667348,0.412476652008841
"RRAD",0.60673819071614,0.0429298829755778,0.75102263539022,-0.250337980698398,0.336197746649553,0.0893172076908376,0.512789748706333,-0.203950655983138,0.382585071364813,0.132247090666415,0.338703643517276,0.826958325658667
"RRAS2",0.125326543416618,-0.0879510464378146,0.445246480922225,-0.334547790943621,0.158645698067992,-0.159745548197719,0.179496318565345,-0.406342292703525,0.0868511963080882,-0.247696594635533,0.0491643986851771,0.311608912445951
"RRM2",0.00923889920161016,-0.147916348610016,0.282150950812383,-0.437847790365952,0.142015093145919,0.499016474606705,0.0032920269519038,0.209085032850769,0.78894791636264,0.351100125996688,0.022381513352627,0.0520400958115387
"RSAD2",0.378575995821321,0.261735789881959,0.174612272873845,-0.137329965059088,0.660801544823006,-0.116480506505598,0.53011969016064,-0.515546261446646,0.282585248435449,0.145255283376361,0.43623329193969,0.639723326272139
"RUNX1",0.000287958657981182,0.654437706022583,0.0144390604088695,0.160785492530919,1.14808991951425,0.76393514953444,0.00624621631338728,0.270282936042776,1.2575873630261,1.41837285555702,7.81306391455635e-05,0.00767896537307076
"RUNX1T1",0.0194966996679937,0.149912740439267,0.220087076159735,-0.105426827106505,0.405252307985038,0.243055251003121,0.0599283114398325,-0.0122843165426508,0.498394818548892,0.392967991442388,0.00644811480190951,0.0857384985399722
"RUNX3",0.992103553325536,-0.00475590904906354,0.966531613199993,-0.251072838338929,0.241561020240802,0.0137127953982391,0.903738769539515,-0.232604133891627,0.260029724688105,0.00895688634917554,0.937022805211687,0.995376022440408
"RXRG",0.995751944645897,-0.0130707323866199,0.930222785819118,-0.337401139282232,0.311259674508992,0.00384759211520349,0.979432165537424,-0.320482814780408,0.328177999010815,-0.00922314027141641,0.950726382046376,0.99739149230448
"RYBP",0.67826197418794,-0.029362572841103,0.764049665395539,-0.241449353727733,0.182724208045527,-0.0548868382460013,0.576938172617416,-0.266973619132631,0.157199942640629,-0.0842494110871043,0.396882657498884,0.866826402586128
"S100A12",0.593150119994446,-0.107963354185232,0.356376299810999,-0.356745107276641,0.140818398906177,0.0145668804709914,0.898786594235417,-0.234214872620418,0.263348633562401,-0.0933964737142404,0.422424640856029,0.817504669447331
"S100A7",0.964656300684278,-0.0416745940012281,0.795227696262659,-0.390033625968448,0.306684437965992,0.0161962127418223,0.919540795037534,-0.332162819225398,0.364555244709042,-0.0254783812594058,0.873794314964427,0.981325389492089
"S100A8",0.942909079608825,-0.0347144992801998,0.853330156458925,-0.442430661308561,0.373001662748162,-0.0280973217196389,0.881019131090544,-0.435813483748,0.379618840308723,-0.0628118209998387,0.738508492019115,0.973052623773054
"S100A9",0.477181168211461,0.124751690646728,0.763633672662289,-0.774691568474246,1.0241949497677,0.365685374052565,0.386300097965274,-0.533757885068408,1.26512863317354,0.490437064699293,0.252299482930237,0.728157718000721
"S100B",0.233963770428607,-0.0806410911736755,0.462628298601567,-0.315886127189737,0.154603944842386,0.192985886349893,0.0975134393600912,-0.0422591496661683,0.428230922365954,0.112344795176217,0.312311092456742,0.471284636900892
"SAA1",0.0529148372113099,-0.067339814448572,0.790346140619172,-0.616779032826912,0.482099403929769,0.634889278581844,0.0276684112458049,0.0854500602035033,1.18432849696018,0.567549464133272,0.0441353820061184,0.170316715891782
"SAMD9",0.0764298140862883,0.676921755132869,0.0489106967442682,0.00392276869027608,1.34992074157546,0.00276018465163796,0.992888521308271,-0.670238801790955,0.675759171094231,0.679681939784507,0.0481580220333905,0.218846217322304
"SAMSN1",0.13589695386481,0.152088993791882,0.459832110296981,-0.288744614027319,0.592922601611084,0.279875245496037,0.18756106866758,-0.160958362323165,0.720708853315238,0.431964239287919,0.0539428122679771,0.328058122755659
"SBNO2",0.130597653879698,0.348864575490107,0.0771041642028931,-0.0456505102501007,0.743379661230315,-0.0105097829699174,0.953837157114477,-0.405024868710125,0.38400530277029,0.33835479252019,0.0850703203879872,0.319969839029237
"SDHA",0.124203165570815,-0.121119645847476,0.359057567274021,-0.401848606246745,0.159609314551794,-0.164445987526196,0.221055585511426,-0.445174947925466,0.116282972873073,-0.285565633373672,0.0468461808568821,0.309659531648548
"SELE",0.711981680227893,-0.104242905913873,0.439792244692479,-0.392938401187621,0.184452589359875,0.0256321026655621,0.847143607574663,-0.263063392608186,0.31432759793931,-0.0786108032483108,0.557562653318319,0.882183359110237
"SELENOK",0.00529507915528203,-0.399864533878628,0.0183425556677832,-0.71645772347723,-0.0832713442800256,-0.200797706846701,0.187963335544272,-0.517390896445304,0.115795482751901,-0.600662240725329,0.00175104682099954,0.0361640676478274
"SELL",0.254269387167772,-0.0430974297106183,0.655148442310798,-0.251716551795042,0.165521692373806,0.160547877786907,0.117164410911025,-0.0480712442975171,0.369166999871331,0.117450448076289,0.23821694579165,0.498433546274096
"SELP",0.667628369404109,-0.0991022566265348,0.381137904815141,-0.340118860521984,0.141914347268914,0.0451438644821806,0.685245499401859,-0.195872739413268,0.286160468377629,-0.0539583921443543,0.628687395164206,0.859860108794989
"SELPLG",0.824308857904779,-0.00140139194970281,0.990569931611823,-0.259078548926113,0.256275765026707,0.0635531374380229,0.594690377402004,-0.194124019538387,0.321230294414433,0.0621517454883201,0.602725496315797,0.926508072527657
"SEMG1",0.955583837165385,-0.00956690315131553,0.948363887252667,-0.330570375613815,0.311436569311184,0.0415567759138056,0.778890899964028,-0.279446696548694,0.362560248376305,0.0319898727624901,0.828746351511716,0.974268437333423
"SERINC1",0.228505965934196,-0.136168163140797,0.280582313942515,-0.402149710303043,0.129813384021449,-0.0829121588466064,0.503148955992045,-0.348893706008852,0.18306938831564,-0.219080321987404,0.0963455424479085,0.463874736184547
"SERINC2",0.00479979382858912,0.290729254816574,0.160120603290307,-0.136171645435324,0.717630155068473,0.534493185332169,0.0191296476309496,0.107592285080271,0.961394085584068,0.825222440148743,0.0015440720905382,0.0342172802233404
"SERINC3",0.640944531449229,-0.0424205829258497,0.703230148517934,-0.283495362382165,0.198654196530466,0.103787428573384,0.360047385773306,-0.137287350882932,0.344862208029699,0.0613668456475341,0.583096048653729,0.843784026297167
"SERINC5",0.430203701610785,0.0480593987413588,0.767948524568136,-0.305112395829576,0.401231193312294,0.157338138404395,0.344298162677748,-0.19583365616654,0.51050993297533,0.205397537145754,0.224140779509204,0.686895674050466
"SERPINA1",0.267617745398296,0.997408564879235,0.149431685780114,-0.425672511120752,2.42048964087922,-0.0782577279028885,0.904907361002495,-1.50133880390287,1.3448233480971,0.919150836976346,0.180670942360475,0.513027715705767
"SERPINB2",0.756115969354533,-0.0668818033935446,0.781987709329254,-0.591071071072012,0.457307464284923,0.176672693696715,0.46997257246656,-0.347516573981753,0.700861961375182,0.10979089030317,0.650729199557226,0.8989652404378
"SERPINB5",0.001652729788182,0.224058459967914,0.287035907193404,-0.219870279669188,0.667987199605016,0.746197386568044,0.00381337490632304,0.302268646930942,1.19012612620515,0.970255846535958,0.000651759686144149,0.0174348662626136
"SERPING1",0.0800828383985765,0.587556927524049,0.182775250975445,-0.326946201363544,1.50206005641164,-1.04942514623774,0.0285259271168642,-1.96392827512533,-0.134922017350147,-0.461868218713691,0.286737810161041,0.224815803063724
"SERPINH1",4.74285803597111e-05,0.589545926268251,0.0217341404598592,0.105776396169173,1.07331545636733,1.11073486260321,0.00045345172671059,0.626965332504132,1.59450439270229,1.70028078887146,1.41873701755835e-05,0.00412176948364156
"SETBP1",0.0364299440548452,-0.264803435614316,0.067728832989368,-0.552891323661045,0.0232844524324135,-0.122968257802797,0.363991635753743,-0.411056145849527,0.165119630243932,-0.387771693417113,0.0133638122997287,0.131133427810833
"SETD2",0.00499130938342746,-0.152949936759314,0.242870358245325,-0.427525250671424,0.121625377152796,-0.36771448990242,0.0137147663461786,-0.64228980381453,-0.0931391759903105,-0.520664426661734,0.00175732611400074,0.0347677084914317
"SF3A1",0.000228145787079106,-0.342686244848366,0.00460326472768107,-0.5529607094405,-0.132411780256233,-0.278645602699427,0.0144695929088088,-0.488920067291561,-0.0683711381072933,-0.621331847547794,6.2028309894595e-05,0.0074757768587321
"SF3B1",0.216889485859781,-0.249565494997421,0.153492559166379,-0.609588428972139,0.110457438977297,-0.0278536151311195,0.866575528243055,-0.387876549105837,0.332169318843598,-0.27741911012854,0.116751090660939,0.452369499078972
"SFN",0.00989978733891077,0.0553290929644504,0.880029984314269,-0.74086602399969,0.851524209928591,1.17667863768744,0.00810997271346552,0.380483520723299,1.97287375465158,1.23200773065189,0.00624966436327641,0.0546252128765376
"SFRP1",0.355522835250307,0.039798642426226,0.899709117036443,-0.646197172478077,0.725794457330529,0.382797827611887,0.242101842149429,-0.303197987292416,1.06879364251619,0.422596470038113,0.199872047586133,0.615516518510518
"SFRP2",0.0462052378159736,1.09548349351065,0.138874042273341,-0.422308883352877,2.61327587037418,0.886293960664933,0.222406351524826,-0.631498416198597,2.40408633752846,1.98177745417559,0.0155840646399091,0.152485640170256
"SFRP4",0.00468608615787876,0.923673367575007,0.0604828177413007,-0.0491936334520744,1.89654036860209,0.990667073863588,0.0466572372832881,0.0178000728365069,1.96353407489067,1.91434044143859,0.001368015002761,0.0338639427839585
"SFXN1",0.283086374996181,-0.113501964090084,0.223785634347241,-0.308502090065567,0.0814981618853991,0.139400170052035,0.142281618060751,-0.0555999559234479,0.334400296027518,0.0258982059619511,0.773343691877818,0.529842061277566
"SGK1",1.96416612394625e-05,-1.40979266817102,0.00204861873115227,-2.17062690860944,-0.648958427732605,-1.59191874237875,0.000891583591871975,-2.35275298281717,-0.831084501940331,-3.00171141054977,5.11068915971872e-06,0.0031524133579556
"SGK2",0.0612975592521754,-0.231514974621792,0.136384937494965,-0.550016223469903,0.0869862742263185,-0.15702940306846,0.297717488910903,-0.475530651916571,0.161471845779651,-0.388544377690252,0.0216292922251688,0.189286033223723
"SH2B2",0.214357434341807,-0.15271185163642,0.0991922398981463,-0.339933993333053,0.0345102900602125,0.0362169794142903,0.675596989815666,-0.151005162282343,0.223439121110923,-0.11649487222213,0.195751727050385,0.449215492744431
"SH2D1A",0.906894658456843,-0.0589458551781763,0.682767669776532,-0.371029086373727,0.253137376017374,0.0122041464921658,0.932286415466566,-0.299879084703385,0.324287377687716,-0.0467417086860104,0.745486472743197,0.961804084821537
"SH2D1B",0.700210092532633,-0.113021139809819,0.436216725960139,-0.423517150196894,0.197474870577257,0.0908505941954109,0.529132669902558,-0.219645416191665,0.401346604582486,-0.0221705456144078,0.876759600242146,0.876524052319896
"SHC1",0.0413884232376307,0.0348134082907359,0.716107452179748,-0.172510186447655,0.242137003029127,0.22119015428638,0.0387997675281853,0.0138665595479895,0.428513749024771,0.256003562577116,0.0204322561097181,0.141184808240516
"SHC2",0.00229548451779107,-0.241059378974973,0.379242432741793,-0.824893331186555,0.342774573236608,-0.964644276521151,0.00423615164926494,-1.54847822873273,-0.380810324309569,-1.20570365549612,0.000977965682623602,0.0209462962248435
"SHC3",0.434508172554918,-0.182982374357865,0.279874641331384,-0.539849530756484,0.173884782040754,-0.00745340867951122,0.9637991472442,-0.36432056507813,0.349413747719108,-0.190435783037376,0.261904435332296,0.692556694246921
"SHC4",0.627889253288995,-0.13021687468936,0.346819911588278,-0.424114844907349,0.16368109552863,0.0617239072508546,0.649852792861355,-0.232174062967135,0.355621877468844,-0.0684929674385052,0.614871301326719,0.839912748409695
"SIGIRR",0.00607426861575735,-0.261450709202275,0.0709482337663722,-0.549802420374295,0.0269010019697457,-0.28366557234935,0.0531622391230338,-0.57201728352137,0.00468613882267027,-0.545116281551625,0.00179365812835809,0.03931042632538
"SIGLEC1",0.67159555345837,0.105592166629928,0.518661287232255,-0.246105393604998,0.457289726864855,0.0316063068609804,0.845307950390014,-0.320091253373946,0.383303867095907,0.137198473490909,0.405114300268966,0.860768195837692
"SIGLEC5",0.516284370254171,-0.120253866433932,0.393703850747593,-0.420870629592832,0.180362896724968,-0.0318125520083705,0.818353625225702,-0.332429315167271,0.268804211150529,-0.152066418442302,0.286018672298385,0.756195004585763
"SIGLEC8",0.999186668213289,0.00522358225392669,0.968620875940408,-0.283339621130929,0.293786785638782,-0.00252220853765877,0.984845113822645,-0.291085411922514,0.286040994847196,0.00270137371626792,0.983768751940294,0.999186668213289
"SIN3A",0.0214009708728594,-0.16346870337521,0.0953464918515813,-0.3612469735886,0.0343095668381809,-0.138145823287585,0.150684805820246,-0.335924093500976,0.0596324469258054,-0.301614526662795,0.00679453103422375,0.0921150279315294
"SIRPA",0.0771672553275787,0.264614758115075,0.0630589323326652,-0.0174004759517115,0.546629992181861,0.0346974710228867,0.789558865540228,-0.2473177630439,0.316712705089673,0.299312229137962,0.0396274578660889,0.219758297820268
"SIRPB2",0.967803375135557,-0.0335393581774194,0.804652123431245,-0.327769156820632,0.260690440465793,0.0206617743649258,0.878778558485601,-0.273568024278287,0.314891573008138,-0.0128775838124936,0.924241020120881,0.982883227391426
"SIRT4",0.404092335782005,-0.0983629092519902,0.557134087111254,-0.459197689160847,0.262471870656867,-0.129209329327042,0.443484363651499,-0.490044109235899,0.231625450581815,-0.227572238579032,0.190244281470962,0.659042460055548
"SIX1",0.17427225123108,-0.308578076471523,0.0898258926352605,-0.674697615511162,0.0575414625681155,0.0390464425238577,0.816966123729377,-0.327073096515781,0.405165981563497,-0.269531633947666,0.131973572000288,0.389286240510062
"SKP1",0.26484583822918,-0.111122406910055,0.342946375468385,-0.359824454761255,0.137579640941145,-0.0829289547263349,0.47459419427258,-0.331631002577535,0.165773093124865,-0.19405136163639,0.11275389333913,0.509078680789995
"SKP2",0.623606521879,-0.0440937888872501,0.637116869436414,-0.246051730813198,0.157864153038698,0.0902011730826014,0.343127809047738,-0.111756768843347,0.292159115008549,0.0461073841953513,0.622004632743832,0.838170261262878
"SLAMF1",0.77801019481864,-0.099392711100028,0.530990134082722,-0.440651902514408,0.241866480314352,0.00909303406693611,0.953827142522727,-0.332166157347444,0.350352225481316,-0.0902996770330919,0.568551677601764,0.907264284692663
"SLAMF6",0.750788638329138,0.0880651566809709,0.571244059754865,-0.247119813071513,0.423250126433455,-0.108819761037435,0.486023518420111,-0.444004730789919,0.226365208715049,-0.0207546043564641,0.89300581265017,0.89672072313526
"SLAMF7",0.313278771361947,0.175342830087705,0.242249040667232,-0.138987048684736,0.489672708860146,0.0385871906058753,0.790014611232926,-0.275742688166566,0.352917069378316,0.21393002069358,0.160360413385052,0.565513113487195
"SLC11A1",0.408759299695217,0.0795054928766303,0.795978931937923,-0.587594492693816,0.746605478447076,0.316593784720304,0.315188298301462,-0.350506200850142,0.98369377029075,0.396099277596935,0.215293171932093,0.66427936059107
"SLC16A1",0.0314384840058012,0.0143767387869732,0.908234546976101,-0.256588037946975,0.285341515520921,0.325221694167754,0.0233200788892677,0.0542569174338062,0.596186470901702,0.339598432954727,0.0190375388152026,0.117813620760959
"SLC16A2",0.642621868587695,-0.0227497802170636,0.852148701958777,-0.287778712802774,0.242279152368647,0.108451254279485,0.383345183793136,-0.156577678306226,0.373480186865196,0.0857014740624215,0.487714192006003,0.844337588317166
"SLC1A5",0.172362633895097,-0.56117018251674,0.0907040191620263,-1.22908762667153,0.106747261638045,0.499226734427259,0.12680455140515,-0.168690709727526,1.16714417858204,-0.061943448089481,0.84043760447727,0.386914891584935
"SLC25A1",0.000598878541100985,-0.395037549534415,0.00305058700932395,-0.621794750482963,-0.168280348585867,-0.187078956281695,0.0958718853049036,-0.413836157230243,0.0396782446668528,-0.58211650581611,0.000192952568250074,0.0104090794048504
"SLC2A1",0.000512894364155558,0.416639620525072,0.285936733050327,-0.406857571792287,1.24013681284243,1.6642478245974,0.00113788823693047,0.840750632280042,2.48774501691476,2.08088744512247,0.000218332581009204,0.00944819598181309
"SLC39A6",0.00331703091048166,-0.314250844636976,0.0125991753209448,-0.545062875098983,-0.0834388141749687,-0.155183492532611,0.165002349585191,-0.385995522994618,0.0756285379293966,-0.469434337169587,0.0010885774039536,0.0266677595225949
"SLC7A5",0.493412059861236,-0.19864937492414,0.554913723222125,-0.923216595218089,0.525917845369809,0.400585524561665,0.246184574101311,-0.323981695732285,1.12515274485561,0.201936149637525,0.548504673093356,0.740406137798812
"SMAD2",0.152938622656547,-0.00770693778003831,0.931067940450346,-0.201294497721715,0.185880622161638,-0.156644507182772,0.101565483491079,-0.350232067124449,0.0369430527589042,-0.164351444962811,0.0878244772204256,0.356466138375731
"SMAD3",0.0786926170094553,0.177116179843521,0.143522015960108,-0.0715025298499165,0.425734889536958,0.107282966115768,0.358983844939094,-0.141335743577669,0.355901675809206,0.284399145959289,0.0289231295222709,0.222657404716676
"SMAD4",2.21215479538704e-05,-0.29364231369699,0.0142553520287127,-0.514581266300151,-0.0727033610938299,-0.553709643591826,0.000232780179240509,-0.774648596194987,-0.332770690988666,-0.847351957288817,6.57807904403205e-06,0.0031524133579556
"SMAD5",0.224756026367161,-0.144353104671128,0.205856608481597,-0.382078838278769,0.0933726289365135,-0.0464552591950342,0.672510826799155,-0.284180992802676,0.191270474412607,-0.190808363866162,0.103998182084953,0.460826564366861
"SMAD9",0.574177479574317,-0.0577372870472866,0.688777830723458,-0.369715282567675,0.254240708473102,0.150339215536377,0.308174336772689,-0.161638779984011,0.462317211056766,0.0926019284890908,0.523326366587637,0.803579353858537
"SMAP1",5.50128332829982e-05,-0.460003770696171,0.00142812496840709,-0.695253311387819,-0.224754230004523,-0.363443861215224,0.00630687245269949,-0.598693401906872,-0.128194320523576,-0.823447631911395,1.47013722884503e-05,0.0042394806151108
"SMARCA4",0.453971882657028,-0.0661427608268461,0.445596935461294,-0.251740788862236,0.119455267208543,-0.0419129126546648,0.625740204021468,-0.227510940690054,0.143685115380725,-0.108055673481511,0.2236811474538,0.71013046818937
"SMARCB1",0.119011864796108,-0.189090566648604,0.0511092312530668,-0.379286302730372,0.00110516943316427,0.0478123728936836,0.587724259523557,-0.142383363188084,0.238008108975452,-0.14127819375492,0.128910569166041,0.300283276735352
"SMC1A",0.01152678446241,-0.0733443056168486,0.307586167021415,-0.225350381925826,0.078661770692129,-0.178461792893016,0.0257770207399116,-0.330467869201993,-0.0264557165840379,-0.251806098509864,0.00416975273632518,0.0594072948587082
"SMC1B",0.991601697462665,-0.0130299239958051,0.932943634429291,-0.34950460379856,0.32344475580695,0.019219324506807,0.901249104489708,-0.317255355295948,0.355694004309562,0.00618940051100194,0.968113613640298,0.995376022440408
"SMC3",0.00126136618362238,-0.236468845407046,0.0374368106240958,-0.456178130305133,-0.01675956050896,-0.284607055652036,0.0162099636949527,-0.504316340550122,-0.0648977707539497,-0.521075901059082,0.00035540040466382,0.0147563672122489
"SMO",0.493796526339482,0.0451076283257813,0.688840347464342,-0.198679302337208,0.28889455898877,0.0873666444850161,0.443128194356284,-0.156420286177973,0.331153575148005,0.132474272810797,0.253820138549781,0.740406137798812
"SMPD3",0.426199583385928,0.00853571615187895,0.93248601345513,-0.210385877388169,0.227457309691926,0.111537113932164,0.282767080227419,-0.107384479607884,0.330458707472211,0.120072830084043,0.249702673678855,0.682892220965161
"SNAI1",0.159438395961295,0.0353276718995159,0.661961096384867,-0.139401105523072,0.210056449322104,0.122081877373157,0.150576903570702,-0.0526469000494305,0.296810654795746,0.157409549272673,0.0725023077135466,0.367857234676819
"SNAI2",0.0398468229129137,0.586280914348571,0.0705332936909404,-0.0592008461350542,1.2317626748322,0.265347813069284,0.381248600795311,-0.380133947414342,0.910829573552909,0.851628727417855,0.0147921557918463,0.137728128439522
"SNCA",0.682082754189443,-0.111074689582229,0.396625048954949,-0.390532286850508,0.16838290768605,0.0441733929713647,0.731999073812209,-0.235284204296915,0.323630990239644,-0.0669012966108644,0.605401904663462,0.868005844982822
"SOCS1",0.18573305538275,0.139397335074768,0.0816345671919315,-0.0210438482716249,0.299838518421161,-0.0381862552031098,0.607468033159218,-0.198627438549503,0.122254928143283,0.101211079871658,0.190149607988406,0.40304735561655
"SOCS2",0.0158112567221752,-0.13457027892052,0.318583873853897,-0.420228452187268,0.151087894346228,-0.314398609090796,0.0341223467463942,-0.600056782357544,-0.0287404358240479,-0.448968888011316,0.00570773450746041,0.073611080402984
"SOCS3",0.556438675013901,0.204199589974055,0.598396984487475,-0.632255298518481,1.04065447846659,-0.41864669898766,0.290852901151386,-1.2551015874802,0.417808189504876,-0.214447109013605,0.580446474069825,0.789044741181328
"SOD1",0.561836943504765,-0.100348579655613,0.656119165670414,-0.587581107298992,0.386883947987765,0.240646319163393,0.296904368376902,-0.246586208479985,0.727878846806772,0.14029773950778,0.535568638690495,0.792330304527923
"SOD2",0.0406941490914669,0.565435438980015,0.369195714777894,-0.774346441262229,1.90521731922226,-1.76357449575926,0.0149654708372178,-3.10335637600151,-0.423792615517019,-1.19813905677925,0.0743009671938045,0.139599289646479
"SOS1",0.272392235040734,-0.0524120925703261,0.371725398450895,-0.177287180159219,0.0724629950185666,-0.0440632685825966,0.449968539828279,-0.168938356171489,0.0808118190062962,-0.0964753611529227,0.115909890399103,0.517828988488895
"SOS2",0.0360084062837428,-0.00578258169456101,0.945769414770627,-0.190510774064377,0.178945610675255,-0.217664912578209,0.0253610578226679,-0.402393104948025,-0.0329367202083927,-0.22344749427277,0.0224995206347848,0.130072413342916
"SOST",0.701327833341122,-0.0741986083842333,0.586772770884767,-0.36859579193802,0.220198575169554,-0.03705481909334,0.78484962653818,-0.331452002647127,0.257342364460447,-0.111253427477573,0.419458621329736,0.877260655138827
"SOX10",0.886950966994712,-0.0739902538200329,0.646137552702363,-0.422285986045102,0.274305478405036,0.0184401195523251,0.9084302555978,-0.329855612672744,0.366735851777394,-0.0555501342677078,0.729694842434557,0.954413628989004
"SOX11",0.685837283966659,-0.08235449132363,0.58427465984784,-0.40690849664621,0.24219951399895,0.12708146500227,0.403428112519965,-0.19747254032031,0.45163547032485,0.04472697367864,0.765095852987139,0.869651064658556
"SOX17",0.252238036518933,-0.0904836132019519,0.502348240139948,-0.380197926293239,0.199230699889336,-0.139352168035204,0.309023871630817,-0.429066481126491,0.150362145056084,-0.229835781237155,0.107566160008446,0.49551605667067
"SOX2",0.641275859985847,-0.117903126446453,0.357790768691344,-0.390425570757407,0.154619317864502,0.0584676785826437,0.642906389202126,-0.214054765728311,0.330990122893598,-0.0594354478638092,0.637479438118535,0.843784026297167
"SOX9",0.0297378442767069,-0.0545391579831337,0.803481558002493,-0.530075075477625,0.420996759511357,-0.561118498227451,0.0251993716869195,-1.03665441572194,-0.0855825807329596,-0.615657656210584,0.0162545501542315,0.113821851273342
"SP1",0.928659092922525,0.0304834516783931,0.707514284377315,-0.145435869219303,0.206402772576089,-0.0157701500779434,0.845687316999035,-0.191689470975639,0.160149170819752,0.0147133016004497,0.855893268281058,0.96845876833349
"SPA17",0.818778057815708,-0.00113125469367539,0.989949808386305,-0.196302398797152,0.194039889409801,-0.0478782182957523,0.596642166100442,-0.243049362399229,0.147292925807724,-0.0490094729894277,0.588126452359004,0.924024759743328
"SPACA3",0.0411628148759088,-0.486777983746503,0.0550122377075857,-0.986207766875922,0.0126517993829167,-0.154975699880868,0.505046211060549,-0.654405483010287,0.344454083248552,-0.641753683627371,0.0168670992859407,0.140942095963478
"SPANXB1",0.508867705044989,-0.171882696514687,0.309621832405114,-0.529694406785534,0.18592901375616,0.00963490262314956,0.953339529985274,-0.348176807647697,0.367446612893996,-0.162247793891538,0.336154968626829,0.74989197926323
"SPIB",0.11477396347297,-0.181099235873584,0.185986623136304,-0.465237772922128,0.10303930117496,-0.113128155768179,0.395848236470784,-0.397266692816723,0.171010381280365,-0.294227391641763,0.0437113495418611,0.292954522151286
"SPINK1",2.74754121876215e-05,-1.97104117208621,0.0578096641351958,-4.02105223871828,0.0789698945458683,-5.54177459277835,0.000128070933091882,-7.59178565941042,-3.49176352614627,-7.51281576486455,9.83602475408849e-06,0.0031524133579556
"SPINK5",0.492258645462109,-0.0306363746233516,0.81495873406311,-0.314716990035175,0.253444240788472,0.148968721632798,0.269741006084647,-0.135111893779025,0.433049337044622,0.118332347009447,0.375204360314454,0.739639164623709
"SPN",0.65044512087296,-0.0422345748848591,0.782457681136046,-0.373986593568257,0.289517443798539,0.137725603955894,0.376746179374147,-0.194026414727504,0.469477622639292,0.095491029071035,0.535720941467885,0.849722509372335
"SPO11",0.9437145464472,-0.0475665179854523,0.7417516665144,-0.360371351122211,0.265238315151306,0.0187156658645346,0.896590080230748,-0.294089167272224,0.331520499001293,-0.0288508521209177,0.841298877991459,0.973052623773054
"SPOP",0.0280821278175456,-0.206872526555523,0.14845155189508,-0.501243065860818,0.0874980127497711,-0.219778419645041,0.12718091942907,-0.514148958950336,0.0745921196602535,-0.426650946200564,0.00903026725841693,0.111412789710915
"SPP1",0.148316028496735,1.14076847547219,0.123939677682326,-0.37248164829736,2.65401859924174,-1.36519171733555,0.0721584611258901,-2.8784418411051,0.148058406434003,-0.224423241863357,0.747882555758283,0.350617554412618
"SPRED1",0.00154465830904451,0.209132207792151,0.109291364892753,-0.055957122011827,0.474221537596128,0.393900609416115,0.00786831380933383,0.128811279612138,0.658989939220093,0.603032817208266,0.000485798618469057,0.0169482255928835
"SPRY1",0.363199746307656,0.182663308335733,0.205358820630433,-0.117794575446419,0.483121192117885,-0.166145270974017,0.246095460776575,-0.466603154756169,0.134312612808135,0.0165180373617161,0.904934087236839,0.62355553811051
"SPRY2",0.063376232458439,-0.124785105486581,0.480569654478333,-0.50426214951589,0.254691938542728,-0.322952308564668,0.0871599779711623,-0.702429352593978,0.0565247354646407,-0.447737414051249,0.0252081133745601,0.193091192381721
"SPRY4",0.0137594326649156,0.0410396397374122,0.763326001564699,-0.254452419447201,0.336531698922026,0.400998617305664,0.0128141481011013,0.10550655812105,0.696490676490277,0.442038257043076,0.00757736771751216,0.0662558433073111
"SRD5A2",0.947024321520072,-0.0452027886132069,0.754657582886756,-0.358752752275882,0.268347175049468,0.0129480573890296,0.928506392095314,-0.300601906273646,0.326498021051705,-0.0322547312241773,0.823327424824219,0.973248548984443
"SREBF1",0.466545425564459,0.0107853310723328,0.924271671585391,-0.23574031832174,0.257310980466406,-0.128014053369308,0.274157831595721,-0.37453970276338,0.118511596024765,-0.117228722296975,0.314278228392908,0.723403060029854
"SRP54",1.38489613096461e-05,-0.52505064109755,0.000541261222578666,-0.759259179909142,-0.290842102285958,-0.43518373731565,0.00201147350734033,-0.669392276127243,-0.200975198504058,-0.9602343784132,3.61824346486093e-06,0.0031524133579556
"SRR",0.00470452167539584,-0.193866424289464,0.0566444914269673,-0.394370376530828,0.00663752795189976,-0.200497842808468,0.0500057555440877,-0.401001795049832,6.10943289552912e-06,-0.394364267097933,0.00137214141371622,0.0338639427839585
"SRSF2",0.0153941911763713,-0.194555559000254,0.118708002766975,-0.4485705562337,0.0594594382331913,-0.216956243279563,0.0861847639683109,-0.470971240513008,0.0370587539538829,-0.411511802279817,0.00477086898107534,0.072099713223673
"SSX1",0.000250677427026167,-0.507633476732766,0.00420861864497569,-0.81454047728377,-0.200726476181762,-0.387678617403944,0.0183316031954623,-0.694585617954948,-0.0807716168529399,-0.89531209413671,6.89586418638783e-05,0.0074757768587321
"SSX4",0.562228901021184,-0.130554014713423,0.299836253103341,-0.396585915468419,0.135477886041573,0.048927572559016,0.690599930326316,-0.21710432819598,0.314959473314012,-0.0816264421544072,0.509721077716426,0.792330304527923
"ST6GAL1",0.129660991672757,0.307054101271383,0.25693684951288,-0.261979533485882,0.876087736028648,0.266173286467278,0.32184089327917,-0.302860348289987,0.835206921224543,0.573227387738661,0.0486265360575456,0.31919017561113
"STAG2",0.089154773263671,-0.168445045445403,0.158976252251288,-0.415036995340523,0.0781469044497163,-0.10506646677952,0.364820147059569,-0.35165841667464,0.141525483115599,-0.273511512224924,0.0330269148095787,0.242124198223511
"STAT1",0.00781192737820669,0.570072209156532,0.00249517148979833,0.252976399312362,0.887168019000702,-0.2126784293762,0.16593273619206,-0.52977423922037,0.10441738046797,0.357393779780332,0.0308437720970757,0.0464389819714242
"STAT2",0.0170351190975983,0.228623867806811,0.0966800952144771,-0.0492651295957009,0.506512865209323,0.213651540220483,0.117474151082882,-0.0642374571820289,0.491540537622995,0.442275408027294,0.00530166468690954,0.0773360506296442
"STAT3",0.0550816761328604,0.147780254024241,0.394170497853567,-0.222027044127925,0.517587552176408,-0.455907091956023,0.0205874292751659,-0.82571439010819,-0.0860997938038567,-0.308126837931782,0.0930470179990087,0.176357998144685
"STAT4",0.568346292040543,0.116797104839332,0.300416514473905,-0.121504331827166,0.355098541505829,-0.052709668351254,0.632767411535657,-0.291011105017752,0.185591768315244,0.0640874364880778,0.562353077041699,0.797870756133839
"STAT5B",0.0292826971580394,-0.127938298378336,0.216021045618838,-0.343778606160422,0.0879020094037489,-0.180867701059088,0.0914406115290078,-0.396708008841173,0.0349726067229974,-0.308805999437424,0.0096897410904069,0.112982922438524
"STAT6",0.0176163115734866,0.26593082479704,0.0201547507903756,0.0511895831953483,0.480672066398731,0.0501967825104342,0.613816352572774,-0.164544459091257,0.264938024112126,0.316127607307474,0.0082873184900529,0.0792038471314589
"STC1",0.011100138270327,-0.0564450631096509,0.674805643290132,-0.347475469673216,0.234585343453914,-0.4012219656544,0.0118051542500297,-0.692252372217964,-0.110191559090835,-0.457667028764051,0.00568918024661234,0.0577143941405892
"STK11",0.00100165452135147,-0.304744341672947,0.0128420822591858,-0.529402289381602,-0.0800863939642912,-0.244546366485743,0.0357307468127333,-0.469204314194398,-0.0198884187770874,-0.54929070815869,0.000281721072727781,0.0129646773153647
"STK11IP",0.351197550022075,-0.121580026969272,0.177965676951562,-0.308537204567257,0.0653771506287128,0.026064048539198,0.762460513108122,-0.160893129058787,0.213021226137183,-0.0955159784300742,0.281511073206751,0.61274907150123
"STMN1",0.0107623369709711,0.0713009348228216,0.718177248184256,-0.356597659348736,0.499199528994379,0.600153430469843,0.0107800318902575,0.172254836298286,1.0280520246414,0.671454365292665,0.00576130432356469,0.0566030690836376
"SUV39H2",0.155501842497878,-0.134151846799469,0.168136006604555,-0.335315652483463,0.0670119588845262,-0.0515433231848631,0.580665281908221,-0.252707128868858,0.149620482499132,-0.185695169984332,0.0667435034755999,0.360140688526177
"SYCP1",0.444864501492707,-0.15793193554118,0.268016939333318,-0.457952359472622,0.142088488390261,0.00681109219929746,0.960653590794708,-0.293209331732144,0.306831516130739,-0.151120843341883,0.287951564474314,0.702924428765533
"SYK",0.107881459888715,-0.0872094418162163,0.479671123822973,-0.351860874399577,0.177441990767145,-0.188037324875345,0.144477820830539,-0.452688757458706,0.0766141077080164,-0.275246766691561,0.0429668045799947,0.281786474995997
"SYT17",0.134117744993834,0.176091703888202,0.348306387796655,-0.222629824166646,0.57481323194305,0.221005562672802,0.245051665696149,-0.177715965382046,0.61972709072765,0.397097266561004,0.0507751775677064,0.325485218901259
"TAB1",0.0760960586701005,-0.160342924040242,0.23898017158627,-0.445646636147563,0.124960788067079,-0.171988662765868,0.208901171660958,-0.457292374873189,0.113315049341453,-0.33233158680611,0.0267008302801865,0.218357401058072
"TACSTD2",0.119943248726129,0.185066095344576,0.626717484283814,-0.636792984655037,1.00692517534419,0.623970926096126,0.121588486247617,-0.197888153903487,1.44583000609574,0.809037021440702,0.0530321046442052,0.301926108862325
"TAF3",0.0389915440664444,-0.141664350449108,0.215457818821837,-0.380344373137558,0.0970156722393414,-0.18127303222672,0.121474498783303,-0.41995305491517,0.0574069904617298,-0.322937382675828,0.0130126599274152,0.136870662706957
"TAL1",0.421772886037517,-0.183186976499221,0.240550291308116,-0.5103091163085,0.143935163310057,0.0188075501202742,0.900605878259042,-0.308314589689005,0.345929689929553,-0.164379426378947,0.289036853989139,0.678779115536569
"TANK",0.0101477559948792,0.0613758202725794,0.53050888961599,-0.149102834524587,0.271854475069745,0.282148112102704,0.0136472718914522,0.0716694573055383,0.49262676689987,0.343523932375284,0.00456268205578363,0.0551180199126625
"TAP1",0.0270878980341479,0.338984370079863,0.0237232154989163,0.0554945125762973,0.622474227583429,0.0360995129484822,0.782404531881879,-0.247390344555084,0.319589370452048,0.375083883028345,0.0145835268860016,0.108649261345758
"TAP2",0.025239964609512,0.270089897114423,0.0344161272636693,0.0241876546765168,0.51599213955233,0.0761675784852114,0.505794806124301,-0.169734663952695,0.322069820923118,0.346257475599635,0.0105555830124544,0.103512214409797
"TAPBP",0.273239881520083,0.233307560906141,0.118423664238516,-0.0710366356179604,0.537651757430242,-0.0915425747198028,0.517911155739713,-0.395886771243904,0.212801621804299,0.141764986186338,0.323771611118384,0.518269325305781
"TAPBPL",0.602372701548799,0.0705998453696101,0.495209721067373,-0.151633516407036,0.292833207146257,-0.100277126306703,0.338416187344421,-0.322510488083349,0.121956235469944,-0.0296772809370925,0.772137733683988,0.823324373449253
"TARP",0.579880954427982,-0.0148161249545032,0.917300957734148,-0.324825741690539,0.295193491781532,-0.121251278314336,0.403933578981125,-0.431260895050372,0.1887583384217,-0.136067403268839,0.351159434848412,0.806394398157329
"TBC1D10B",0.263718340037282,-0.11610021360338,0.11705362835401,-0.266911453028699,0.0347110258219402,0.0383826762750781,0.583164765279049,-0.112428563150242,0.189193915700398,-0.0777175373283014,0.277600556466811,0.508631221646482
"TBK1",0.224216234619579,0.143543996419359,0.119318784577955,-0.0442208533989804,0.331308846237699,-0.0160026877790504,0.853188218948263,-0.20376753759739,0.171762162039289,0.127541308640309,0.161100611132035,0.46028642090071
"TBL1XR1",0.00714374660201524,0.107369363517044,0.224949845935813,-0.07759538558315,0.292334112617238,0.226543048195887,0.0212297059174925,0.0415782990956935,0.411507797296081,0.333912411712931,0.00242902323427198,0.0437494548613349
"TBP",0.0305696595655945,-0.181710350158241,0.0629865086709689,-0.375306211656579,0.0118855113400978,-0.0890211628870274,0.329714311538725,-0.282617024385366,0.104574698611311,-0.270731513045268,0.010949933968661,0.115986754069044
"TBX21",0.932286373381882,-0.0547825751356649,0.716675655453163,-0.381716737589671,0.272151587318342,0.0328165487860333,0.827530128064272,-0.294117613667973,0.35975071124004,-0.0219660263496316,0.88397441857221,0.970024305257659
"TBXAS1",0.0599941495171589,0.26189877171426,0.122471807144029,-0.083982740274171,0.60778028370269,0.160739061115377,0.324841656985513,-0.185142450873054,0.506620573103807,0.422637832829636,0.0214644518646672,0.186206331409549
"TCF3",0.535086337007196,-0.0754457777840895,0.416171387829647,-0.273636269505026,0.122744713936847,0.0980245170595133,0.296264097430862,-0.100165974661423,0.29621500878045,0.0225787392754239,0.804762456043889,0.774152188787749
"TCF7",0.0254848241507777,-0.0935238174813723,0.314197206357013,-0.290164643865059,0.103117008902314,-0.191394814428632,0.0552915870731694,-0.388035640812319,0.00524601195505395,-0.284918631910005,0.00904520728446424,0.104048778691654
"TCF7L1",0.289783497994084,-0.160146017811929,0.186388244684941,-0.411660501828902,0.0913684662050438,-0.00727190126616623,0.949904637863965,-0.258786385283139,0.244242582750807,-0.167417919078095,0.168854666304702,0.536363979552944
"TCL1A",0.553187157702219,-0.164320462147762,0.311072483656435,-0.507472963137001,0.178832038841478,0.0362126051711375,0.818849977017244,-0.306939895818102,0.379365106160377,-0.128107856976624,0.424926727712433,0.786266793463044
"TCL1B",0.724166447402,-0.102022618955447,0.519897644633467,-0.442860108940007,0.238814871029112,-0.0113981222159119,0.942072207457643,-0.352235612200471,0.329439367768647,-0.113420741171359,0.475467329193713,0.886897424784278
"TDO2",0.129919461213741,0.100384512585734,0.289330062403905,-0.0995137389471206,0.300282764118589,0.101037576102067,0.286380906956505,-0.0988606754307873,0.300935827634922,0.201422088687802,0.0485800209793268,0.31919017561113
"TECR",0.00240267232794039,-0.342327782044934,0.0730040989753565,-0.723105489849957,0.0384499257600903,-0.480642204070679,0.0183958134338935,-0.861419911875703,-0.099864496265655,-0.822969986115612,0.000706826856569626,0.0213896438950791
"TERT",0.672032427831199,-0.132297233933579,0.412689843175463,-0.477159229112635,0.212564761245477,0.0244628746108047,0.877560623017818,-0.320399120568251,0.36932486978986,-0.107834359322774,0.501856017215797,0.860768195837692
"TET2",0.778956364176026,0.0358388963114831,0.542808588905432,-0.0909095915523933,0.162587384175359,-0.0346523217190618,0.556003603864289,-0.161400809582938,0.0920961661448145,0.00118657459242124,0.983768432872272,0.907787589157884
"TFDP1",0.537078619506474,-0.0964780829128567,0.280468552171599,-0.284884427598332,0.0919282617726183,0.0590973785531959,0.500545931537645,-0.129308966132279,0.247503723238671,-0.0373807043596608,0.66784342639568,0.774152188787749
"TFE3",0.00700460313683632,-0.00771634893170994,0.861238924373707,-0.103575635600657,0.0881429377372368,0.157208669335708,0.00443187541612185,0.0613493826667613,0.253067956004655,0.149492320403998,0.00597316374294871,0.0433335617787331
"TFEB",0.409155929286096,-0.104339242868189,0.258361130324358,-0.298320183027759,0.0896416972913815,0.106572059644754,0.248961365290879,-0.0874088805148156,0.300552999804324,0.00223281677656588,0.980043494596213,0.664332358493883
"TFRC",0.247663413516398,-0.249699601451221,0.386168527592063,-0.863686298765617,0.364287095863175,0.494458178037403,0.102991490822732,-0.119528519276993,1.1084448753518,0.244758576586182,0.395283950960325,0.490755406805023
"TGFB1",2.83210555974761e-05,0.289384872911046,0.0277734920787953,0.0387333208489214,0.54003642497317,0.638250328674167,0.000205630897741757,0.387598776612042,0.888901880736291,0.927635201585212,9.0214255443627e-06,0.0031524133579556
"TGFB2",0.273737650780368,0.206954358395876,0.468840077452941,-0.405474831574873,0.819383548366626,0.264590829236136,0.358430877449183,-0.347838360734613,0.877020019206885,0.471545187632013,0.117002946001323,0.518269325305781
"TGFB3",0.408378429004622,-0.183047047665375,0.37172204054212,-0.619164892537041,0.253070797206291,-0.0852022227933887,0.672589362708623,-0.521320067665054,0.350915622078277,-0.268249270458764,0.200509856818184,0.66427936059107
"TGFBR1",0.0205959582388165,0.477796786423074,0.0273612737610921,0.065349302870385,0.890244269975762,0.122303676904629,0.523724463167249,-0.29014380664806,0.534751160457317,0.600100463327702,0.00884115148916829,0.0890701985446446
"TGFBR2",0.348791453679845,0.158581336238348,0.36523991954766,-0.213950586839083,0.531113259315779,0.0947793202725447,0.583294057265785,-0.277752602804886,0.467311243349976,0.253360656510893,0.160630688919131,0.609716861078273
"THBD",0.506746476988168,0.111534853905428,0.499266783225407,-0.242961018608459,0.466030726419315,0.079568608802101,0.627813168294191,-0.274927263711786,0.434064481315988,0.191103462707529,0.257367116778858,0.749442723260458
"THBS1",0.390930419072771,0.286015036864685,0.658785884362564,-1.11441875995116,1.68644883368053,0.599217938791506,0.362875648807254,-0.801215858024341,1.99965173560735,0.885232975656191,0.189325417344489,0.646239143847651
"THBS4",0.395682924111584,0.531312801342908,0.450370182497779,-0.975800644328744,2.03842624701456,-0.963774326089337,0.18465173733685,-2.47088777176099,0.543339119582316,-0.432461524746428,0.536960486359795,0.651354028812621
"THEM4",0.00983157342392016,-0.142078394924891,0.221063025039711,-0.38462742064366,0.100470630793877,-0.275353246339383,0.0298970420054817,-0.517902272058151,-0.032804220620615,-0.417431641264275,0.00329362937384492,0.0546252128765376
"THY1",0.000279793524928826,0.816554116043701,0.0194107643149406,0.162376707516855,1.47073152457055,1.06614021631441,0.00460271328519851,0.411962807787566,1.72031762484126,1.88269433235811,7.70830830007095e-05,0.00762124153724042
"TIAM1",0.199758470304181,0.013574704574787,0.879770762258853,-0.181342726022855,0.208492135172429,0.140439424140338,0.139488802278789,-0.0544780064573031,0.33535685473798,0.154014128715125,0.108803973845869,0.423413714640105
"TICAM1",0.758409135433773,-0.0636827381674891,0.469836893319335,-0.252570618278626,0.125205141943648,0.0270093471336788,0.756580959630801,-0.161878532977458,0.215897227244815,-0.0366733910338103,0.674484199300208,0.901104604275153
"TICAM2",0.17036756342624,0.0590181421993743,0.545508818798538,-0.151138163296871,0.269174447695619,0.130877384689385,0.195399891810106,-0.0792789208068604,0.341033690185629,0.189895526888759,0.0717750835320228,0.383379535453623
"TIE1",0.363935757913942,-0.0332087075894314,0.742037263819177,-0.25184648297041,0.185429067791547,-0.107298076509813,0.299825490597424,-0.325935851890791,0.111339698871166,-0.140506784099244,0.182676501562844,0.623645782340792
"TIGIT",0.482618588187086,-0.138367850094001,0.240922091291558,-0.385664939501334,0.108929239313333,0.0576812522423205,0.614576793127693,-0.189615837165013,0.304978341649654,-0.08068659785168,0.483906985866367,0.733982436201193
"TIRAP",0.086301858502987,-0.0789927884130983,0.464994685371781,-0.310687314439002,0.152701737612806,-0.176366827989029,0.1207288131719,-0.408061354014933,0.055327698036875,-0.255359616402127,0.0339241177978679,0.236843446267596
"TLK2",0.261228438812465,-0.108285873469737,0.34652710425611,-0.352530531208988,0.135958784269513,-0.0835514378102746,0.463536792995291,-0.327796095549525,0.160693219928976,-0.191837311280012,0.11067213669358,0.505558749557527
"TLR1",0.257986234105104,0.0205314563654231,0.824438795233347,-0.180343856085249,0.221406768816095,-0.146853067823731,0.134386737190211,-0.347728380274403,0.0540222446269407,-0.126321611458308,0.19142303008827,0.502171774514484
"TLR10",0.664015962032122,-0.0645104578823763,0.551974189329752,-0.298041250583633,0.169020334818881,0.0947812150561524,0.387094953783567,-0.138749577645104,0.328312007757409,0.0302707571737761,0.778620599939233,0.855811532986316
"TLR2",0.477932605191562,0.215656262336931,0.235918686924318,-0.165387123543748,0.59669964821761,-0.112330859761859,0.526103883181787,-0.493374245642538,0.26871252611882,0.103325402575073,0.559173197162664,0.728157718000721
"TLR3",0.10441428935289,0.0900334503296208,0.469324260739962,-0.176696217895126,0.356763118554368,-0.280215206801361,0.0412838570954666,-0.546944875026108,-0.0134855385766138,-0.19018175647174,0.143213815436567,0.274181407293561
"TLR4",0.214392709139945,0.0377767163953371,0.654926190191778,-0.144959504185986,0.220512936976661,0.111973551099711,0.202078517315775,-0.070762669481612,0.294709771681035,0.149750267495049,0.0978237919111388,0.449215492744431
"TLR5",0.782399061391365,0.0312103080545285,0.780740682033516,-0.211968831615114,0.274389447724171,-0.076950715249439,0.49686394500612,-0.320129854919081,0.166228424420203,-0.0457404071949105,0.684004312453813,0.910056269623481
"TLR6",0.578122462882267,0.0761690415257012,0.462169345015411,-0.145796015657887,0.298134098709289,0.0272569774145791,0.789950815002719,-0.194708079769009,0.249222034598167,0.10342601894028,0.3236219674842,0.804785274416581
"TLR7",0.936588530021564,-0.0312161417243845,0.726083246255173,-0.224235883778318,0.161803600329549,0.0122234946112264,0.890590635399901,-0.180796247442707,0.20524323666516,-0.0189926471131581,0.83087089429274,0.970218862231872
"TLR8",0.859596290182264,-0.0480919549219985,0.721541505408209,-0.340372357438653,0.244188447594656,0.0712696379063659,0.598818170262509,-0.221010764610289,0.36355004042302,0.0231776829843674,0.863278933036467,0.94054641837716
"TLR9",0.875330698124951,-0.00699852510800669,0.961006136181642,-0.318064891185962,0.304067840969948,-0.0590178865267545,0.68143160250422,-0.370084252604709,0.2520484795512,-0.0660164116347612,0.646458430106843,0.948058471262929
"TLX1",0.909069233253869,0.000928494617669549,0.995062156175925,-0.325119603177176,0.326976592412515,0.0551309185985912,0.71422889558251,-0.270917179196255,0.381179016393437,0.0560594132162608,0.709665287267127,0.961804084821537
"TMEFF2",0.891247362066153,-0.0225757764642329,0.851440686366912,-0.284307224098693,0.239155671170227,0.0563253507356869,0.641895742116538,-0.205406096898773,0.318056798370147,0.0337495742714541,0.779738664935593,0.956780199542185
"TMEM140",0.228299896574385,0.150609331486349,0.18776279645979,-0.0867351175856955,0.387953780558394,-0.185920857080813,0.111510006562411,-0.423265306152858,0.0514235919912323,-0.0353115255944632,0.747111558657016,0.463874736184547
"TMEM163",0.00174404847571483,-0.174659893249271,0.271226686299091,-0.508834457705719,0.159514671207178,-0.55245945320787,0.0042213977853171,-0.886634017664318,-0.218284888751421,-0.727119346457141,0.000673251875209734,0.0176827137121087
"TMEM173",4.41688929297707e-05,0.306570255583585,0.00198393980676229,0.141923158168965,0.471217352998205,0.285838798532499,0.00311827383478433,0.12119170111788,0.450485895947119,0.592409054116084,1.15584471847795e-05,0.00403041147984157
"TMEM45B",0.230915554566549,0.327369862569345,0.280220414394838,-0.311581241363004,0.966320966501694,0.196464313036971,0.508844993221538,-0.442486790895378,0.83541541696932,0.523834175606316,0.0977006624249719,0.467498347438609
"TMPRSS2",1.17397348128248e-05,-0.870337120321838,0.00173067554087299,-1.32826780179244,-0.412406438851234,-1.04233454329842,0.00048365566432787,-1.50026522476902,-0.584403861827815,-1.91267166362026,3.0593483197175e-06,0.0031524133579556
"TMUB2",0.221310884959005,-0.057618491406885,0.630891474802115,-0.316665934372729,0.201428951558959,-0.153403909414867,0.216422785385968,-0.412451352380711,0.105643533550977,-0.211022400821752,0.0995764474209539,0.457409246942452
"TNC",0.00447883434341313,0.125105060320855,0.572816779456963,-0.353042792954444,0.603252913596154,0.750853688861037,0.00573674365199538,0.272705835585738,1.22900154213634,0.875958749181892,0.00220759739862852,0.0328267978985099
"TNF",0.0835395564087471,-0.209958004179917,0.119884433001459,-0.485072281191883,0.0651562728320483,-0.0961496769996941,0.454181395903218,-0.37126395401166,0.178964600012272,-0.306107681179612,0.0325900556035621,0.230301647199341
"TNFAIP3",0.51360348026234,0.293426921251698,0.275940584123437,-0.273881810026396,0.860735652529792,-0.215505745555802,0.41711782798941,-0.782814476833896,0.351802985722292,0.0779211756958958,0.765850594342241,0.753441559952807
"TNFAIP6",0.0126782119826036,0.0505010324525351,0.69986313782781,-0.233087920707985,0.334089985613055,0.38417238714933,0.0129303960460354,0.10058343398881,0.66776134030985,0.434673419601865,0.00660041000626311,0.0628742849680748
"TNFRSF10A",0.872358714596276,0.0532011206107296,0.612571260535436,-0.173585087123134,0.279987328344593,-0.0212641307226728,0.838707454403693,-0.248050338456537,0.205522077011191,0.0319369898880568,0.760138757568699,0.947651579844168
"TNFRSF10B",0.0885415614077436,-0.142048489378408,0.031565349925359,-0.268761269635441,-0.0153357091213762,0.072002284935018,0.234176088779388,-0.0547104953220142,0.19871506519205,-0.0700462044433905,0.246237736660211,0.240817212472626
"TNFRSF10C",0.558378469953447,-0.11098125867831,0.480807733430911,-0.448668146479034,0.226705629122414,-0.0543085153336421,0.727537593208991,-0.391995403134366,0.283378372467082,-0.165289774011952,0.301020634405156,0.789954036949644
"TNFRSF10D",0.974531578674113,0.0136797400269683,0.881843202175066,-0.186221404440372,0.213580884494309,0.00627244833504219,0.945640473974223,-0.193628696132298,0.206173592802383,0.0199521883620105,0.828485732330998,0.986218905811096
"TNFRSF11A",0.677437832746231,0.110436215019092,0.477776024373537,-0.223221714955819,0.444094144994002,-0.122119549432025,0.433778000816554,-0.455777479406935,0.211538380542886,-0.0116833344129333,0.939350973715379,0.866379849167394
"TNFRSF11B",0.33592835082422,-0.0331791169476406,0.916451540989238,-0.720324631342834,0.653966397447553,0.432615909292344,0.190952359653685,-0.25452960510285,1.11976142368754,0.399436792344703,0.224348321823422,0.593400754965307
"TNFRSF12A",0.69996879160735,-0.174294610882792,0.455643357925637,-0.674672926117153,0.326083704351569,0.0151231275304733,0.947636934394579,-0.485255187703888,0.515501442764834,-0.159171483352319,0.494654806142229,0.876524052319896
"TNFRSF13B",0.427534945959435,-0.203252986078422,0.213154781007395,-0.543841547385888,0.137335575229043,0.0631869486733639,0.688059927276635,-0.277401612634101,0.403775509980829,-0.140066037405058,0.381068137211052,0.683831092354048
"TNFRSF13C",0.984230947719321,-0.0292981989881899,0.873236117764306,-0.428103321371184,0.369506923394805,0.00363870152153418,0.984180395013883,-0.39516642086146,0.402443823904529,-0.0256594974666557,0.888853103913826,0.991292207278014
"TNFRSF14",0.00229020291074416,0.0713303854104532,0.642424258576402,-0.260658865117873,0.40331963593878,0.589882216359394,0.00269087412390999,0.257892965831067,0.92187146688772,0.661212601769847,0.00125894381538526,0.0209462962248435
"TNFRSF17",0.741573995995597,-0.0860444923034039,0.512731084721672,-0.368526387394621,0.196437402787814,0.0863280799757322,0.511373318008518,-0.196153815115485,0.36880997506695,0.000283587672328281,0.998259238924324,0.894814684367862
"TNFRSF18",0.710446092061114,-0.0295605064269338,0.810721694542157,-0.297396397532368,0.238275384678501,0.0985264342594434,0.4315198015794,-0.169309456845991,0.366362325364878,0.0689659278325096,0.578824346926301,0.88141680354285
"TNFRSF1A",0.0174096072258712,0.41736792015633,0.00982780397853316,0.124883593773713,0.709852246538947,-0.0335563727591374,0.803416465421762,-0.326040699141754,0.25892795362348,0.383811547397193,0.0151994954410648,0.0788400327226178
"TNFRSF1B",0.332489712488077,0.169495033702703,0.28791987836883,-0.166980254044725,0.505970321450131,-0.228239657824583,0.161623144811477,-0.564714945572012,0.108235629922845,-0.0587446241218801,0.705425804149351,0.590266269738074
"TNFRSF25",0.0385557356986041,0.0615261905574866,0.551991870201585,-0.161211506139593,0.284263887254566,0.226028341094471,0.0472835733464615,0.00329064439739107,0.44876603779155,0.287554531651957,0.0164832756956262,0.136364762887505
"TNFRSF4",0.768665246567808,0.0462202383384893,0.743167467731415,-0.259478421286555,0.351918897963534,0.0545134215193761,0.699472114752801,-0.251185238105668,0.36021208114442,0.100733659857865,0.479679185620705,0.904741178462549
"TNFRSF8",0.271504045871435,-0.221936044312618,0.136180238311416,-0.527080731242196,0.0832086426169604,0.0405116737619577,0.773424757736602,-0.26463301316762,0.345656360691536,-0.18142437055066,0.214730358720303,0.517721335727524
"TNFRSF9",0.476277212292814,-0.0792883393689416,0.517518550315421,-0.342639384976228,0.184062706238345,0.149372110027372,0.234969030309181,-0.113978935579915,0.412723155634658,0.07008377065843,0.566376105970672,0.728157718000721
"TNFSF10",0.0452605145952366,0.533933257356151,0.0822039216553633,-0.0819399959737719,1.14980651068607,0.259684310450626,0.369612873267047,-0.356188942879296,0.875557563780549,0.793617567806777,0.0166347323392159,0.151006287269299
"TNFSF11",0.123274666999904,-0.0652443314557479,0.589496252128223,-0.326039213525528,0.195550550614032,0.256742508863213,0.0530195633830812,-0.00405237320656704,0.517537390932994,0.191498177407465,0.132863865736525,0.307765071511389
"TNFSF12",0.345216493440889,-0.0994551781520782,0.383454639268161,-0.342558028204148,0.143647671899992,-0.067507393079701,0.549925636859282,-0.310610243131771,0.175595456972369,-0.166962571231779,0.156944824049436,0.604625816247239
"TNFSF13",0.0246600852215009,-0.22540653600524,0.11463999827114,-0.516012705683867,0.0651996336733866,-0.206439408111998,0.144545851396771,-0.497045577790625,0.0841667615666281,-0.431845944117238,0.00786531618682653,0.102516299611023
"TNFSF13B",0.0378678280745927,0.21308658559182,0.0409019168661639,0.0107261876622359,0.415446983521405,0.0455921209722835,0.626533353843398,-0.156768276957301,0.247952518901868,0.258678706564104,0.0173020574797225,0.134714982916436
"TNFSF14",0.474043462123558,0.0772930722874494,0.307815187435637,-0.0829768646725442,0.237563009247443,-0.0806854856961135,0.288192655957541,-0.240955422656107,0.0795844512638801,-0.00339241340866407,0.96331213162722,0.727751174283632
"TNFSF15",0.351808707354347,-0.0416514530359808,0.720071096536449,-0.29339266545994,0.210089759387979,0.165549251789396,0.173571161028505,-0.0861919606345635,0.417290464213355,0.123897798753415,0.298517681400257,0.613229122179258
"TNFSF18",0.654672418817174,-0.0511461888907268,0.680413758776592,-0.319806525652892,0.217514147871438,0.113202782095546,0.369930900122227,-0.155457554666619,0.381863118857711,0.0620565932048194,0.61796821650782,0.850306712113019
"TNFSF4",0.268657352673612,0.0116623819488539,0.948632119445697,-0.381698480739298,0.405023244637006,0.259076337140535,0.172973699486738,-0.134284525547617,0.652437199828687,0.270738719089389,0.156143959968911,0.51448023990487
"TNFSF8",0.656233511875238,-0.0709592160657782,0.504152278814372,-0.299144335950434,0.157225903818877,-0.0205349989410826,0.845096169308071,-0.248720118825738,0.207650120943573,-0.0914942150068608,0.392633223016588,0.850306712113019
"TNFSF9",0.916774281596664,-0.0679132411271896,0.694704934276752,-0.44245197187915,0.306625489624771,0.0499545042464026,0.772410315184114,-0.324584226505558,0.424493234998363,-0.017958736880787,0.917031324080504,0.963100331506052
"TNKS",0.0503879520351696,-0.143757020105231,0.195131171670233,-0.374443501858646,0.086929461648185,-0.152269680736196,0.172115805092119,-0.382956162489611,0.0784168010172202,-0.296026700841426,0.0169789314236564,0.16391802578286
"TNN",0.529792365661618,-0.165721888598723,0.310528853769909,-0.511391244829835,0.179947467632389,0.0207542980922713,0.89623099098404,-0.324915058138841,0.366423654323383,-0.144967590506451,0.372090630104438,0.769189393263685
"TNR",0.179694327546434,-0.237342882356567,0.108398234521324,-0.537326770301694,0.0626410055885603,0.00276491860478761,0.984019378016441,-0.29721896934034,0.302748806549915,-0.234577963751779,0.112061170557405,0.396544314113958
"TOLLIP",0.00238816315124679,-0.587297406299468,0.0327187005279736,-1.11562121342384,-0.0589735991750933,-0.56081519657368,0.0396025351130169,-1.08913900369805,-0.0324913894493051,-1.14811260287315,0.000679438554598238,0.0213888231458237
"TOP2A",3.77067203804907e-05,-0.0596631629633367,0.428889754824556,-0.220899912743199,0.101573586816526,0.538980631720317,2.18956422134057e-05,0.377743881940455,0.70021738150018,0.479317468756981,5.9001575973667e-05,0.00382304248302197
"TOX",0.948490338368887,0.00361156196262316,0.982480522001742,-0.353806410129414,0.36102953405466,-0.0469968140354655,0.775528779832861,-0.404414786127502,0.310421158056571,-0.0433852520728423,0.792304059596592,0.973248548984443
"TP53",0.00512818544932249,-0.176764221871574,0.050265923475062,-0.353777022465761,0.000248578722611886,-0.166808477002749,0.0621093373055979,-0.343821277596935,0.0102043235914374,-0.343572698874323,0.00150198888182842,0.0354505244129301
"TP73",0.392214544990781,-0.160191401357889,0.195957311033565,-0.417768467875818,0.0973856651600398,0.117333021178861,0.334045436006614,-0.140244045339068,0.37491008769679,-0.0428583801790283,0.718563156335268,0.647189461671045
"TPI1",0.745694105620641,0.00224962145673605,0.98582142023145,-0.272851979956099,0.277351222869571,-0.0842322383916057,0.510589582470486,-0.359333839804441,0.19086936302123,-0.0819826169348696,0.521702092526686,0.894814684367862
"TPM1",0.222857743391139,-0.385015688300553,0.127873258968926,-0.90176123705185,0.131729860450743,0.365962324755941,0.145649345147979,-0.150783223995355,0.882707873507237,-0.0190533635446123,0.936144146079638,0.459565403038225
"TPM4",0.00288913598901618,0.652271879217345,0.0809089241155159,-0.0963840005730355,1.40092775900773,0.923092285794548,0.0205735742044181,0.174436406004167,1.67174816558493,1.57536416501189,0.000856285329354246,0.0241865742199749
"TPO",0.338469455920654,-0.206600163306852,0.206840035072636,-0.547637859363089,0.134437532749384,0.000855819419813358,0.995648689269307,-0.340181876636423,0.34189351547605,-0.205744343887039,0.208579248582389,0.595093214889396
"TPR",0.350621574285356,-0.0896745407279667,0.244932437786657,-0.251414756002537,0.0720656745466039,0.101270364950614,0.193193528137656,-0.0604698503239563,0.263010580225185,0.0115958242226476,0.876262880271004,0.612329543608397
"TPSB2",0.116597353327368,0.5718141354073,0.159144491991307,-0.265656388009875,1.40928465882448,0.283038354818916,0.468783224555454,-0.55443216859826,1.12050887823609,0.854852490226216,0.0462248587631625,0.295952948292694
"TPTE",0.213683188231876,-0.225122040409489,0.176520560120788,-0.570033500198506,0.119789419379529,-0.0516769396837794,0.74539924147122,-0.396588399472797,0.293234520105238,-0.276798980093268,0.104043007263727,0.448759284836794
"TRAC",0.0168058172628515,0.421306490206839,0.00911352220493683,0.13013513793006,0.712477842483618,-0.0409854132983574,0.760243512897988,-0.332156765575136,0.250185938978422,0.380321076908482,0.0155556173953083,0.0766765412617599
"TRAF1",0.538096335944439,0.153766032687034,0.316323983182982,-0.171038803514311,0.478570868888379,-0.0194641841837683,0.896428645230369,-0.344269020385113,0.305340652017577,0.134301848503265,0.378583518968127,0.774152188787749
"TRAF2",0.843917941286765,0.0528050902174529,0.584736405039141,-0.155556457882561,0.261166638317467,-0.0132527952754848,0.890115380580484,-0.221614343375499,0.195108752824529,0.0395522949419682,0.681277972589459,0.936261545804466
"TRAF3",0.1450480189734,0.0966055266117307,0.27965415479704,-0.0917107266375697,0.284921779861031,0.0867868506960971,0.328687026687568,-0.101529402553203,0.275103103945398,0.183392377307828,0.0551811306732453,0.3439782633228
"TRAF6",0.0630738770974946,-0.160658968693766,0.17723160767222,-0.407250257718021,0.08593232033049,-0.139733848695052,0.235380707747288,-0.386325137719307,0.106857440329204,-0.300392817388817,0.0217731957508183,0.192813778396864
"TRAF7",0.309938163415822,-0.170822439710888,0.181010392643331,-0.435525089194032,0.0938802097722561,0.00757364879946792,0.950424597494579,-0.257129000683676,0.272276298282612,-0.16324879091142,0.199408429672864,0.561705211751614
"TRAT1",0.792604376073283,0.00259023476816492,0.980894034669769,-0.23246232217506,0.23764279171139,0.0616854957925748,0.571680975957989,-0.17336706115065,0.2967380527358,0.0642757305607397,0.55592097289264,0.913264155321895
"TRBC1/2",0.122118092589131,0.381101882447186,0.139710223500405,-0.148164488133355,0.910368253027727,0.144577857011827,0.556326971819153,-0.384688513568714,0.673844227592368,0.525679739459013,0.0512959065408081,0.306273796374347
"TRDC",0.813854894529195,0.0166401551793072,0.906166761279792,-0.290037052311359,0.323317362669973,0.0676245350941649,0.633803927994125,-0.239052672396501,0.374301742584831,0.0842646902734721,0.554058019721077,0.922653252443833
"TREM1",0.739187157129747,-0.021500335177096,0.885785761150698,-0.346619825704763,0.303619155350571,0.108742016395718,0.473278136291373,-0.216377474131949,0.433861506923386,0.0872416812186223,0.56320611422721,0.894130728225206
"TREM2",0.596162415210329,0.0236925045687889,0.862942273625618,-0.274337677890208,0.321722687027786,0.107331799628723,0.440954049597647,-0.190698382830274,0.40536198208772,0.131024304197512,0.350403693952986,0.81927440343287
"TRGC1/2",0.625358533957468,-0.0360439797975182,0.776269824826274,-0.311100837278188,0.239012877683151,-0.0833489001489558,0.514869041561218,-0.358405757629625,0.191707957331714,-0.119392879946474,0.356272327176777,0.839793469074598
"TRIM21",0.586650102245994,-0.00932572189154582,0.911942436605936,-0.192530057259148,0.173878613476057,-0.0704516468524678,0.411598311617842,-0.25365598222007,0.112752688515135,-0.0797773687440136,0.35480117843572,0.812318995902078
"TSC1",0.000368583342690855,-0.187721921282749,0.0078312911639124,-0.313949489865805,-0.0614943526996922,-0.164010619844409,0.015967707633908,-0.290238188427465,-0.0377830512613522,-0.351732541127158,0.000100307550445799,0.00804790788841835
"TSHR",0.591791510829038,-0.159466444991085,0.330132856662065,-0.506576232621407,0.187643342639237,0.0471318799312763,0.768435976124395,-0.299977907699046,0.394241667561598,-0.112334565059809,0.487370535342737,0.816341275331061
"TSLP",0.640407265466029,-0.131424166208561,0.358875797427704,-0.435916440430421,0.173068108013298,0.0555615656698967,0.692885254485544,-0.248930708551962,0.360053839891756,-0.0758626005386648,0.591007086030224,0.843784026297167
"TSPAN7",0.264999861233148,-0.144462306688931,0.588877793440568,-0.72093479226497,0.432010178887107,-0.298008050225892,0.27618094039172,-0.874480535801931,0.278464435350146,-0.442470356914824,0.118018358903805,0.509078680789995
"TTC30A",0.502801959935778,-0.117808735630446,0.291930050605306,-0.353747422247593,0.1181299509867,0.103489673212915,0.351457475466136,-0.132449013404232,0.339428359830061,-0.0143190624175314,0.895117006472313,0.747419827156139
"TTK",0.061925395108597,-0.101311983745905,0.23684155531136,-0.280699526476581,0.0780755589847716,0.219434832856597,0.021355590119415,0.0400472901259212,0.398822375587274,0.118122849110693,0.173059136689893,0.190579841607402
"TTPA",0.3738090730631,-0.147395400560516,0.333159174487263,-0.470345377601698,0.175554576480666,-0.0603762312974482,0.685803441684372,-0.38332620833863,0.262573745743734,-0.207771631857964,0.18223618341907,0.634558109519197
"TTR",0.24475280402669,-0.0120359568021472,0.98425829818363,-1.33771744729616,1.31364553369186,-0.922992399230743,0.151871500836389,-2.24867388972475,0.402689091263266,-0.93502835603289,0.147129607738888,0.487012506260039
"TUBB",0.0388931135375112,0.0708708110387829,0.740905534751152,-0.393599296990352,0.535340919067917,0.506995253433226,0.035320747428856,0.0425251454040911,0.97146536146236,0.577866064472009,0.0197155221935127,0.136870662706957
"TWF1",0.277247431614918,-0.0908363162964898,0.275448351917872,-0.266267052039983,0.0845944194470031,-0.0406645419265759,0.616747972792855,-0.216095277670069,0.134766193816917,-0.131500858223066,0.125837572603386,0.522163635394453
"TWIST1",0.0748812844750137,0.0433861505009162,0.849402186361216,-0.452707626895121,0.539479927896954,0.479450408761781,0.0567392624639596,-0.0166433686342563,0.975544186157819,0.522836559262698,0.0407620765204548,0.216231557226107
"TWIST2",0.911090889834978,0.0113873323961137,0.942292189318246,-0.330428190678996,0.353202855471224,0.0510561091059349,0.746148607265616,-0.290759413969175,0.392871632181045,0.0624434415020487,0.692554332488041,0.961804084821537
"TXK",0.99526719119941,-0.0111182270204575,0.925861282586194,-0.270720770867891,0.248484316826976,0.00357573935135877,0.976120525819711,-0.256026804496075,0.263178283198792,-0.00754248766909874,0.949659795937991,0.99739149230448
"TXN2",0.000868850578705356,-0.427836628658295,0.00790289845647344,-0.715990512879465,-0.139682744437125,-0.28697455227489,0.0507788281330454,-0.57512843649606,0.00117933194628017,-0.714811180933185,0.000251984481129827,0.0123879086416975
"TXNIP",0.100246428668487,-0.200349826159264,0.409151187162966,-0.71853129496735,0.317831642648822,-0.354615704332573,0.158286113211323,-0.872797173140659,0.163565764475513,-0.554965530491837,0.0381987580625609,0.264765263382329
"TYK2",0.30979127914631,-0.0443771740384575,0.536267387841117,-0.19876191564203,0.110007567565115,-0.0674379330561414,0.353363804741486,-0.221822674659714,0.0869468085474316,-0.111815107094599,0.137654699831518,0.561705211751614
"TYMP",0.00558462922844531,0.752014982180911,0.0207577039730933,0.140953312094038,1.36307665226778,0.401028628338396,0.174366986311782,-0.210033041748477,1.01209029842527,1.15304361051931,0.00181600641464931,0.0370094929145756
"TYMS",0.150373421196894,-0.0908301568737739,0.575206802720753,-0.440189645704557,0.25852933195701,0.326058621877385,0.0642483507848359,-0.0233008669533988,0.675418110708168,0.235228465003611,0.164447182148627,0.353648832067437
"U2AF1",0.00902606788753018,-0.34592765432546,0.0490075033872956,-0.690029597593843,-0.00182571105707785,-0.2629182535694,0.119497127893367,-0.607020196837782,0.0811836896989828,-0.60884590789486,0.00276403004238089,0.0513164295786373
"UBA7",0.00244359128085224,0.269944661025338,0.000772988945890129,0.143483078458801,0.396406243591874,-0.094591936085142,0.126555857941671,-0.221053518651679,0.0318696464813945,0.175352724940196,0.0114526167243833,0.0215437395534074
"UBB",0.000855059907308323,-0.644725577243125,0.0106759105333336,-1.10356583520335,-0.185885319282895,-0.500234690276397,0.0355016951049895,-0.959074948236627,-0.0413944323161676,-1.14496026751952,0.00024073530036907,0.0123729356514816
"UBC",0.176487295462685,-0.232137441480394,0.0771336170571724,-0.494681747408035,0.0304068644472477,0.0634846485583958,0.60182825314617,-0.199059657369246,0.326028954486037,-0.168652792921998,0.182843177711217,0.392313415614372
"UBE2C",0.0703366110392661,-0.0815234679780895,0.659839253082699,-0.48202500692439,0.318978070968211,0.446651780608748,0.0322714368499331,0.0461502416624478,0.847153319555048,0.365128312630659,0.0696479465853447,0.207373691674735
"UBE2T",0.000823986316069101,-0.117396102775979,0.156172775810632,-0.287976045018769,0.0531838394668105,0.415927449430663,0.000287713939114147,0.245347507187874,0.586507391673453,0.298531346654684,0.00296361909058932,0.0123488205969664
"ULBP2",0.79366408237837,-0.131642825424661,0.507857160824267,-0.558759196319238,0.295473545469917,0.0595576201547224,0.762412258652003,-0.367558750739855,0.4866739910493,-0.0720852052699381,0.714736811628373,0.913264155321895
"UQCR10",0.00568649911114578,-0.217982002212446,0.0366549375935183,-0.419476925530701,-0.0164870788941899,-0.165794856455118,0.096642228086743,-0.367289779773374,0.0357000668631379,-0.383776858667564,0.00170608860767887,0.0371966339707565
"UQCR11",0.0104102380994476,-0.211789877749218,0.0300063737652228,-0.398505342110465,-0.0250744133879706,-0.106061627014361,0.234324184510952,-0.292777091375608,0.0806538373468865,-0.317851504763579,0.00352583711241284,0.0552287341031742
"UQCRQ",0.00618154216955644,-0.444037161444966,0.0266715333277911,-0.825145163513913,-0.0629291593760182,-0.267385180132417,0.149056261491597,-0.648493182201364,0.113722821936531,-0.711422341577382,0.00195086332114021,0.0395835595068088
"USP9Y",0.726452043515592,-0.10338044049641,0.477608446447604,-0.415598947108767,0.208838066115946,0.010407798372608,0.94225637224619,-0.301810708239748,0.322626304984965,-0.0929726421238022,0.522013726127927,0.886897424784278
"UTY",0.0252102310256156,-0.358212497161243,0.0428012531295434,-0.702299435773741,-0.0141255585487455,-0.134458833553347,0.404340725563368,-0.478545772165845,0.20962810505915,-0.492671330714591,0.00964925323890772,0.103512214409797
"VCAM1",0.12299975106942,0.405276100420274,0.158825717698924,-0.187783026486902,0.99833522732745,-0.59434836352318,0.0495910248031244,-1.18740749043036,-0.00128923661600366,-0.189072263102906,0.49372021593322,0.30749937767355
"VCAN",0.000118514287957553,1.04373001772717,0.0503135227798665,-0.00173013694718516,2.08919017240153,2.23530549695211,0.000763927184575889,1.18984534227776,3.28076565162647,3.27903551467928,3.76774298797641e-05,0.0058456371762847
"VEGFA",0.044456419952413,-0.540157396154237,0.0428632260775809,-1.05920459757535,-0.0211101947331267,-0.0942837534074384,0.694193089909061,-0.613330954828549,0.424763448013672,-0.634441149561675,0.0214313350337008,0.148595176580868
"VEGFB",0.000671330716694078,-0.535638333768658,0.0029355598588953,-0.8412418060697,-0.230034861467616,-0.23418990689732,0.118538927199907,-0.539793379198362,0.0714135654037224,-0.769828240665978,0.000223686983849986,0.0112401702565752
"VEGFC",0.0766261549966862,0.081096280875812,0.490657541932853,-0.171439081262423,0.333631643014047,0.203928384065854,0.10217270083059,-0.0486069780723814,0.456463746204089,0.285024664941666,0.0306596562909919,0.218846217322304
"VEGFD",0.683465424241269,-0.119450212983794,0.41016635575005,-0.429088772123934,0.190188346156347,0.0322708829908824,0.821051179063282,-0.277367676149258,0.341909442131023,-0.0871793299929114,0.544495579154019,0.868005844982822
"VHL",0.344387019811712,-0.0789470747602102,0.483540963916427,-0.320705009757829,0.162810860237408,-0.0882257852520036,0.435078741178645,-0.329983720249622,0.153532149745615,-0.167172860012214,0.154406220753949,0.60449132184491
"VSIR",0.0129690433704774,0.191956690597066,0.0403961246568732,0.0102276737605254,0.373685707433607,0.107601690573046,0.216483717408123,-0.0741273262634943,0.289330707409587,0.299558381170113,0.00429705806126156,0.0638896346434626
"VTCN1",0.000214133937760803,-0.367462527479654,0.0919026481142547,-0.806699548623829,0.0717744936645204,-0.905522069271694,0.000989948426583101,-1.34475909041587,-0.466285048127519,-1.27298459675135,7.27771067838075e-05,0.0074757768587321
"WDR76",0.182349760096821,-0.185351850991673,0.0762717939321121,-0.394265410375656,0.0235617083923092,0.123776651278136,0.216212565776323,-0.0851369081058466,0.332690210662119,-0.0615751997135374,0.526183609057287,0.400101284704944
"WEE1",0.261136099723387,-0.0368034569539146,0.799189253983956,-0.350671911788345,0.277064997880516,0.230133371404659,0.133368340504801,-0.083735083429772,0.544001826239089,0.193329914450744,0.199922505680347,0.505558749557527
"WIF1",0.826922080870168,-0.0914466742620442,0.582452049352667,-0.45006472121828,0.267171372694191,0.0102992476012413,0.950238862211191,-0.348318799354994,0.368917294557477,-0.0811474266608029,0.625057536556488,0.927287330078492
"WIPF1",0.0019116177217193,0.392767562900672,0.0245895675949206,0.0617026945788559,0.723832431222488,0.34930936827708,0.0405763416830021,0.0182444999552647,0.680374236598896,0.742076931177752,0.000541836508584642,0.0188578504980418
"WNT10A",0.00377560346682237,-0.150400848646804,0.492324638093049,-0.620602619112151,0.319800921818543,0.892784380464797,0.00174206763837356,0.42258260999945,1.36298615093014,0.742383531817992,0.00555766409853619,0.0291969335887746
"WNT10B",0.931422630201329,-0.0451091249518931,0.76447035587112,-0.371536311961137,0.281318062057351,-0.00532653022583998,0.97171242800677,-0.331753717235084,0.321100656783404,-0.050435655177733,0.737776350461268,0.970024305257659
"WNT11",0.614579382934162,-0.155352728683546,0.670329735772323,-0.944702099203674,0.633996641836581,0.357237635619817,0.337042103792484,-0.43211173490031,1.14658700613995,0.201884906936271,0.58134063624832,0.83385341381883
"WNT16",0.646309839517442,-0.101195427290234,0.418542826411139,-0.368432508745443,0.166041654164975,0.0970838751815456,0.437089985191301,-0.170153206273664,0.364320956636755,-0.00411155210868855,0.973327829578247,0.846744764622636
"WNT2",0.275138054238126,-0.0445550394708621,0.811189155208578,-0.449272203594884,0.360162124653159,0.289438374769015,0.142136743890028,-0.115278789355006,0.694155538893037,0.244883335298153,0.207341837777353,0.520338807237906
"WNT2B",0.656483373899859,-0.134732101166674,0.370789539349529,-0.455085871604452,0.185621669271104,0.0677343103686631,0.647672183589387,-0.252619460069115,0.388088080806441,-0.0669977907980106,0.651209918544242,0.850306712113019
"WNT3",0.426685273776194,-0.180701510596095,0.279435213932102,-0.532778451065849,0.17137542987366,-0.0110732243386812,0.945513545956476,-0.363150164808436,0.341003716131073,-0.191774734934776,0.252764838266207,0.683070723369784
"WNT3A",0.206751075544584,-0.182847874628177,0.219905237806021,-0.494151749576653,0.128456000320298,-0.0794013889373734,0.582359887514166,-0.390705263885849,0.231902486011102,-0.262249263565551,0.0899616671127771,0.436208916611406
"WNT4",0.706332674221436,0.100974177908652,0.539246764080186,-0.252941977252396,0.4548903330697,0.0268362453181868,0.869202895633925,-0.327079909842861,0.380752400479235,0.127810423226839,0.439731609222907,0.878872539603938
"WNT5A",0.0371656571766812,0.100000951369128,0.772112470529553,-0.648753722932454,0.848755625670711,0.834148876149739,0.0324174297160864,0.085394201848156,1.58290355045132,0.934149827518867,0.0194561173683917,0.133072280651441
"WNT5B",0.606646724535071,-0.193414372945077,0.348520354058895,-0.631562817073457,0.244734071183303,0.146022071080226,0.47482163457578,-0.292126373048154,0.584170515208607,-0.0473923018648505,0.814419531972416,0.826958325658667
"WNT6",0.184142816001295,-0.205005797166569,0.120384238469259,-0.474041064289277,0.0640294699561396,-0.00936228600809547,0.939725012162292,-0.278397553130804,0.259672981114613,-0.214368083174664,0.106219692223361,0.40102701575461
"WNT7A",0.227991917159259,0.0723638926730743,0.822891189866891,-0.629322999575534,0.774050784921682,0.465797013568833,0.16991172493807,-0.235889878679776,1.16748390581744,0.538160906241907,0.118270228319699,0.463863153640633
"WNT7B",0.0933247220878125,0.0457671719956212,0.721668294685788,-0.232517373526889,0.324051717518131,0.24062425076611,0.0828987575173545,-0.0376602947564007,0.51890879628862,0.286391422761731,0.0447808888637399,0.250467085015085
"WRN",0.0245580255873492,-0.237083701693938,0.0575063137874309,-0.483307581583256,0.0091401781953806,-0.123275700986442,0.290703812017793,-0.36949958087576,0.122948178902876,-0.36035940268038,0.00855995052606398,0.102499495902358
"WT1",0.859138533029182,-0.0762549361321442,0.637411604426678,-0.425826528690812,0.273316656426523,0.074603076294616,0.644637546822947,-0.274968516264051,0.424174668853283,-0.00165185983752821,0.991806469582232,0.94054641837716
"XCL1",0.90945035993267,-0.0579642636547879,0.69743124812203,-0.380691283044635,0.264762755735059,0.0512414134516771,0.730852222623463,-0.27148560593817,0.373968432841524,-0.00672285020311081,0.963893162715738,0.961804084821537
"XCL2",0.185158424998021,-0.11843220939495,0.237329299366408,-0.328368081482192,0.0915036626922911,-0.0680267549421171,0.486835993029169,-0.277962627029359,0.141909117145124,-0.186458964337068,0.0760029257197601,0.402278720977843
"XCR1",0.152862635348548,-0.243628099431275,0.13300515317962,-0.575552657120316,0.0882964582577665,-0.0552966355440168,0.718235886890227,-0.387221193233058,0.276627922145025,-0.298924734975292,0.0725828965553311,0.356466138375731
"XPA",0.000247025276857704,-0.283968917402165,0.00629172767800306,-0.467699450764796,-0.100238384039533,-0.254315711641775,0.0115588160665087,-0.438046245004407,-0.0705851782791435,-0.53828462904394,6.65617175318961e-05,0.0074757768587321
"XRCC4",0.191560790781578,-0.0485136578213077,0.62242354982619,-0.261270539758694,0.164243224116079,0.182429709923054,0.0851301410015771,-0.0303271720143328,0.39518659186044,0.133916052101746,0.191050403224245,0.411292286089859
"YTHDF2",0.0159930616121836,-0.257517434219752,0.039333954547033,-0.499707037236047,-0.0153278312034574,-0.124779198933303,0.277703243365556,-0.366968801949597,0.117410404082992,-0.382296633153055,0.00556511331349469,0.0742680342041604
"ZAP70",0.92143045696904,0.0474434839222193,0.704348005756152,-0.223254475120599,0.318141442965037,-0.0354865258272001,0.776185801325831,-0.306184484870018,0.235211433215618,0.0119569580950192,0.923544610251106,0.964565535908876
"ZBTB16",0.000199459269163594,-0.464143405913808,0.188565035810537,-1.19703784198049,0.268751030152878,-1.63514785170807,0.000560699800895581,-2.36804228777476,-0.902253415641386,-2.09929125762188,8.01278769814465e-05,0.0074757768587321
"ZBTB20",0.00456533090820674,0.099175872626239,0.376589173959799,-0.139636123041299,0.337987868293777,-0.44912031340417,0.0018569665693984,-0.687932309071708,-0.210308317736632,-0.349944440777931,0.00850168680176516,0.0333269156299092
"ZBTB32",0.565006861097323,-0.135530871169083,0.336075985872175,-0.434371416444442,0.163309674106276,0.0173433230509348,0.89967560146516,-0.281497222224424,0.316183868326294,-0.118187548118149,0.39889406795435,0.793832075835524
"ZC3H12A",0.168755991173328,0.100431556587061,0.695983409892544,-0.455916313486346,0.656779426660467,0.388291818291169,0.150978794510919,-0.168056051782238,0.944639688364576,0.48872337487823,0.0787875864372898,0.380691821868137
"ZEB1",0.000794387222595326,0.404181457740946,0.0734798634988076,-0.046273770629042,0.854636686110933,0.719198855702437,0.00520323341998366,0.26874362733245,1.16965408407242,1.12338031344338,0.000241827833586236,0.012182829254088
"ZEB2",0.00107082665056231,0.214690389831751,0.165747340941985,-0.105250548900021,0.534631328563522,0.539222670493736,0.00375122076599634,0.219281731761965,0.859163609225508,0.753913060325487,0.000373164186869593,0.0131158297803773
"ZIC2",0.490800016911489,-0.179360910422727,0.247143311481671,-0.504489721180296,0.145767900334842,0.107031083433871,0.480099589470203,-0.218097727323698,0.43215989419144,-0.0723298269888563,0.630829770164914,0.739639164623709
"ZNF205",0.183981949593647,-0.214972271079588,0.0974634538482406,-0.47697321441462,0.0470286722554438,0.0230622642619324,0.848437652108291,-0.2389386790731,0.285063207596964,-0.191910006817656,0.133716951070868,0.40102701575461
