"Gene","Patient_Blocked_F_p","Normal_to_ADM_log2","Normal_to_ADM_p","Normal_to_ADM_CI_low","Normal_to_ADM_CI_high","ADM_to_PDAC_log2","ADM_to_PDAC_p","ADM_to_PDAC_CI_low","ADM_to_PDAC_CI_high","Normal_to_PDAC_log2","Normal_to_PDAC_p","Patient_Blocked_F_BH_FDR_all_targets","Normal_to_ADM_BH_FDR_all_targets","ADM_to_PDAC_BH_FDR_all_targets","Normal_to_PDAC_BH_FDR_all_targets","ADM_peak","ADM_trough"
"SMAD4",8.40409325698725e-07,-0.307909238219914,0.00522140500296849,-0.504937056645791,-0.110881419794037,-0.574867503477736,2.19296181761687e-05,-0.761784504069695,-0.387950502885778,-0.88277674169765,2.62694753043318e-07,0.000422658371724014,0.0874226067010779,0.00602097581918817,0.000107313122271602,FALSE,FALSE
"PLA2G1B",1.05284209885576e-06,-3.45599661038896,0.00608559592987255,-5.72257311919389,-1.18942010158403,-6.48689140755476,2.6393318659455e-05,-8.63715468521165,-4.33662812989788,-9.94288801794372,3.30370311198518e-07,0.000422658371724014,0.0974229172983983,0.00602097581918817,0.000107313122271602,FALSE,FALSE
"MXI1",1.11296148291944e-06,-0.39465633050773,0.000773514147191787,-0.58727574550523,-0.20203691551023,-0.463455571983663,0.000130706046181718,-0.646190393872052,-0.280720750095274,-0.858111902491393,2.79495872376468e-07,0.000422658371724014,0.0472971017471897,0.00950168997388367,0.000107313122271602,FALSE,FALSE
"TMPRSS2",1.35526086793537e-06,-0.925868466482234,0.000482352001118218,-1.35168663276761,-0.500050300196859,-0.94309424070297,0.00026768724560256,-1.3470608230644,-0.539127658341538,-1.8689627071852,3.28447332642585e-07,0.000422658371724014,0.0451878618389524,0.0125263903390941,0.000107313122271602,FALSE,FALSE
"BNIP3",1.61066156545581e-06,-1.24283993364817,0.00319968777487443,-1.98044202894853,-0.505237838347801,-1.90020657721045,7.06811332391031e-05,-2.59995736562896,-1.20045578879193,-3.14304651085861,4.5195538198732e-07,0.000422658371724014,0.0703545805921185,0.00906364401961589,0.000107313122271602,FALSE,FALSE
"HK1",1.83150091973875e-06,0.242812758615277,0.0194065032887001,0.0466736502524932,0.438951866978061,0.564102597671962,2.51830156910721e-05,0.378028701473669,0.750176493870255,0.80691535628724,6.58735496100119e-07,0.000422658371724014,0.164162785754218,0.00602097581918817,0.000107313122271602,FALSE,FALSE
"MFGE8",1.99055097371177e-06,0.396495527905035,0.0248768023716441,0.059396518401911,0.733594537408159,0.974706624077657,2.39226419249561e-05,0.654906423972672,1.29450682418264,1.37120215198269,7.43326703380929e-07,0.000422658371724014,0.183345677839243,0.00602097581918817,0.000107313122271602,FALSE,FALSE
"FH",2.36405562284968e-06,-0.467469232006054,8.79578616073043e-05,-0.643803553905495,-0.291134910106613,-0.265774704277333,0.00470335253723805,-0.433060130336395,-0.0984892782182706,-0.733243936283387,5.8752044837995e-07,0.000422658371724014,0.035340082831109,0.0499047580259269,0.000107313122271602,FALSE,FALSE
"ECSIT",3.04241034937274e-06,-0.532759494770546,0.000359046743882745,-0.769110114921941,-0.29640887461915,-0.430908300935487,0.00126019417668581,-0.655130186756998,-0.206686415113977,-0.963667795706033,7.24840002159572e-07,0.000422658371724014,0.0436840205057339,0.027709088824718,0.000107313122271602,FALSE,FALSE
"SGK1",3.05114889160048e-06,-1.38089653145923,0.00100689533361791,-2.07834392078069,-0.683449142137769,-1.4537785648941,0.000443055934296912,-2.1154352544123,-0.792121875375895,-2.83467509635333,7.4977434359027e-07,0.000422658371724014,0.0472971017471897,0.0164515115798081,0.000107313122271602,FALSE,FALSE
"PHGDH",3.09540576527903e-06,-1.17901091519251,0.000334265369482369,-1.69757624908757,-0.660445581297448,-0.931866461577373,0.00140265968421732,-1.42382073279161,-0.439912190363141,-2.11087737676988,7.37596354636399e-07,0.000422658371724014,0.0435991199737496,0.0292053922632137,0.000107313122271602,FALSE,FALSE
"SRP54",3.25323521451335e-06,-0.589737464778954,0.000209006050575416,-0.835120717050359,-0.344354212507549,-0.403526376588649,0.00263883831194595,-0.636317369639846,-0.170735383537451,-0.993263841367602,7.83058735081588e-07,0.000422658371724014,0.035340082831109,0.0362096234533936,0.000107313122271602,FALSE,FALSE
"EIF4EBP1",3.31744846534548e-06,-1.1616030575723,0.00124546660333846,-1.76508722007298,-0.558118895071622,-1.26972057604,0.000410479267358461,-1.8422359216424,-0.697205230437607,-2.4313236336123,8.2322395167256e-07,0.000422658371724014,0.0483612032147381,0.0162853187593302,0.000107313122271602,FALSE,FALSE
"BRD4",3.3308470083121e-06,-0.300715890611053,0.000594251333772524,-0.44265691377755,-0.158774867444556,-0.272723592520453,0.000846204775711951,-0.40738067050671,-0.138066514534196,-0.573439483131506,7.99337791275109e-07,0.000422658371724014,0.0451878618389524,0.0232191428633661,0.000107313122271602,FALSE,FALSE
"PBX1",3.52091675758035e-06,-0.436458841044441,0.0179393646811594,-0.783555859249868,-0.089361822839013,-0.914521284678489,5.7480577867641e-05,-1.24380642865311,-0.585236140703864,-1.35098012572293,1.18600831899947e-06,0.000422658371724014,0.158161065425681,0.00906364401961589,0.000122325244284349,FALSE,FALSE
"SPINK1",3.9153442276746e-06,-2.32023611793351,0.023289706288504,-4.26571902126451,-0.374753214602516,-5.14996612121986,5.50430475022063e-05,-6.9956132582528,-3.30431898418692,-7.47020223915338,1.36810207102138e-06,0.000422658371724014,0.17566125134237,0.00906364401961589,0.000128430543833881,FALSE,FALSE
"IL22RA1",4.0172598668111e-06,-0.842382585082521,0.00884664279399094,-1.43055617300871,-0.254208997156329,-1.4439141693707,0.000109317445866744,-2.00190462859073,-0.885923710150681,-2.28629675445323,1.20256052142802e-06,0.000422658371724014,0.110070294439696,0.00950168997388367,0.000122325244284349,FALSE,FALSE
"SERPINH1",4.16868531015466e-06,0.665183844648073,0.0070053081113447,0.218723274219229,1.11164441507692,1.06972066319296,0.00013563932821267,0.646170976789006,1.4932703495969,1.73490450784103,1.20649556006481e-06,0.000422658371724014,0.101992337483509,0.00950168997388367,0.000122325244284349,FALSE,FALSE
"PDGFRB",4.55591736192584e-06,0.904720739882609,0.000508195370489675,0.485933948240742,1.32350753152448,0.738391609538413,0.00161201717054313,0.341095574863613,1.13568764421321,1.64311234942102,1.08993859430287e-06,0.000437607851869192,0.0451878618389524,0.029925793263999,0.000122325244284349,FALSE,FALSE
"SMAP1",5.96032395932525e-06,-0.499619678227648,0.000564077048349478,-0.733911270626076,-0.265328085829221,-0.396233990319024,0.00217157637937846,-0.618502510901071,-0.173965469736977,-0.895853668546673,1.42982215854414e-06,0.000528866114162578,0.0451878618389524,0.0337643110895145,0.000128430543833881,FALSE,FALSE
"BCAT1",6.15817094884834e-06,-1.59109615919357,0.000575052539791403,-2.33902510152237,-0.843167216864761,-1.25975070365737,0.00223465581237892,-1.96929839937329,-0.550203007941448,-2.85084686285094,1.47783091534877e-06,0.000528866114162578,0.0451878618389524,0.034087237333715,0.000128430543833881,FALSE,FALSE
"MAPK9",6.6516116416606e-06,-0.813803886351568,0.000213008718434082,-1.15316725038166,-0.474440522321479,-0.464956444235252,0.00842747170776152,-0.786904799660834,-0.14300808880967,-1.27876033058682,1.66680385727837e-06,0.000528866114162578,0.035340082831109,0.0690650976862342,0.00013826895634241,FALSE,FALSE
"AMBP",6.66516198670646e-06,-0.152795588524655,0.614051878162024,-0.795809307852958,0.490218130803648,-1.98700189738076,1.25285099075152e-05,-2.59701827332486,-1.37698552143666,-2.13979748590541,5.9828314530704e-06,0.000528866114162578,0.851737486947777,0.00602097581918817,0.000255116388069137,FALSE,FALSE
"IGF1R",7.21290254141034e-06,-0.724602433695797,0.000185918324508042,-1.02203878953281,-0.427166077858783,-0.385429318010411,0.0115690249798231,-0.667602221025996,-0.103256414994827,-1.11003175170621,1.84322915479177e-06,0.000542802136760162,0.035340082831109,0.0853274412665994,0.000146256226412825,FALSE,FALSE
"OLFML2B",7.80674972967946e-06,0.328843504266338,0.0199573068605845,0.0617117525318646,0.595975256000811,0.638645567132217,0.000138290479978705,0.385222135882746,0.892068998381688,0.967489071398555,2.5170650085654e-06,0.000542802136760162,0.165554931911667,0.00950168997388367,0.000176678601562764,FALSE,FALSE
"EGF",8.08701532674034e-06,-1.20828554395157,0.00137173683347656,-1.84424353520608,-0.572327552697064,-1.1499793186695,0.00133944095863571,-1.75330204323441,-0.546656594104598,-2.35826486262108,1.97029174139234e-06,0.000542802136760162,0.0489830907383531,0.0284241831338391,0.000149824267835042,FALSE,FALSE
"JUP",8.18155159552375e-06,0.141814512666934,0.327945915875254,-0.161175060187647,0.444804085521514,0.877086605961592,2.36601965669685e-05,0.589645458710992,1.16452775321219,1.01890111862853,5.38106065914769e-06,0.000542802136760162,0.673893665648457,0.00602097581918817,0.000251806043665245,FALSE,FALSE
"TOP2A",8.32792319412852e-06,-0.0695852379367155,0.335861314145728,-0.220811228204747,0.081640752331316,0.507237859653422,5.52332811900663e-06,0.363772288454991,0.650703430851854,0.437652621716707,2.37187784669353e-05,0.000542802136760162,0.680138422011524,0.00602097581918817,0.000428581888140167,FALSE,FALSE
"IFI27",9.0690971744029e-06,0.768957771775345,0.0743726579576841,-0.0883540190779399,1.62626956262863,2.21755385477744,6.81112814793892e-05,1.40423647757316,3.03087123198173,2.98651162655279,3.75687742223971e-06,0.000556490304291274,0.326274280703782,0.00906364401961589,0.00022117100953508,FALSE,FALSE
"PSEN2",9.14778582396615e-06,-0.674273739570451,0.000863005796404296,-1.00804434288546,-0.340503136255436,-0.550072796820508,0.00259960595547956,-0.866715393565706,-0.233430200075311,-1.22434653639096,2.20545203835781e-06,0.000556490304291274,0.0472971017471897,0.0360961805311422,0.00016099799880012,FALSE,FALSE
"COL5A2",1.01493743382052e-05,0.757169289147547,0.0354029590138288,0.061073653749053,1.45326492454604,1.68100180933833,0.000126533587906006,1.02062750618992,2.34137611248674,2.43817109848588,3.55259101667607e-06,0.000597503489265305,0.218916859811072,0.00950168997388367,0.000216115953514461,FALSE,FALSE
"KMT2C",1.09869130340564e-05,-0.237218869030392,0.0159419892597222,-0.4215831206934,-0.0528546173673847,-0.412560112858343,0.000245264238783482,-0.58746339916862,-0.237656826548066,-0.649778981888735,3.33349013976516e-06,0.000617644770099601,0.149969744324706,0.0117791377836804,0.000213984141086118,FALSE,FALSE
"TMEM173",1.11683711853626e-05,0.349586075739685,0.000737801130967813,0.179993802337184,0.519178349142185,0.260396234564664,0.00417423914163905,0.0995068773092956,0.421285591820033,0.609982310304349,2.70404475855938e-06,0.000617644770099601,0.0472971017471897,0.0470246076141436,0.00018277339571744,FALSE,FALSE
"ZBTB16",1.22817185053336e-05,-0.475067951055892,0.125773154171053,-1.10408108346388,0.153945181352099,-1.62876846902332,6.74470884090254e-05,-2.22550272199321,-1.03203421605342,-2.10383642007921,5.6842885574878e-06,0.000659239302124527,0.430649167658859,0.00906364401961589,0.000255116388069137,FALSE,FALSE
"CLU",1.32422825602468e-05,-0.69987110382662,0.12230568103617,-1.61713700643746,0.217394798784216,-2.34949775063473,7.44957042708155e-05,-3.21969259231286,-1.4793029089566,-3.04936885446135,6.0440222565418e-06,0.00067816334673933,0.423544341349167,0.00906364401961589,0.000255116388069137,FALSE,FALSE
"VTCN1",1.34834761204854e-05,-0.391060513094431,0.0448103077199145,-0.771466780710172,-0.0106542454786893,-0.901738012689245,0.000149059200129725,-1.26262308525003,-0.540852940128457,-1.29279852578368,4.83511453851743e-06,0.00067816334673933,0.248055203632058,0.00950168997388367,0.000245113445355397,FALSE,FALSE
"ATP5ME",1.37490651119755e-05,-0.509933320067748,0.000520320440485676,-0.746668151872711,-0.273198488262786,-0.322811565109058,0.00866382530392919,-0.547397946109223,-0.0982251841088921,-0.832744885176806,3.40029594054653e-06,0.00067816334673933,0.0451878618389524,0.0699623061047379,0.000213984141086118,FALSE,FALSE
"RPL7A",1.64351413325198e-05,-0.991916648831423,0.00314893457002504,-1.5792023759257,-0.40463092173715,-1.03630313953832,0.00160277520710328,-1.59345130001611,-0.47915497906053,-2.02821978836974,4.10460927301672e-06,0.000751161844840385,0.0703545805921185,0.029925793263999,0.000226997331007743,FALSE,FALSE
"RPS27A",1.65370942970367e-05,-0.675510142426306,0.00242402635308267,-1.06044823611204,-0.290572048740572,-0.654841299255082,0.00208350869219641,-1.02002563951814,-0.289656958992023,-1.33035144168139,4.07480193992955e-06,0.000751161844840385,0.0649322901469991,0.0333544154671794,0.000226997331007743,FALSE,FALSE
"ACTA2",1.66959922640319e-05,0.409851553812419,0.280104277708095,-0.379622770183517,1.19932587780836,2.09123943509024,5.47050388051357e-05,1.34227832967557,2.8402005405049,2.50109098890266,9.79275370163191e-06,0.000751161844840385,0.622643491860259,0.00906364401961589,0.000279464064465416,FALSE,FALSE
"PLAU",1.6982072640315e-05,0.428796867432086,0.148438898506241,-0.176135190291389,1.03372892515556,1.52616153045854,8.55062622666903e-05,0.952272590840952,2.10005047007613,1.95495839789063,8.03095975476355e-06,0.000751161844840385,0.471545431016246,0.00917934874333587,0.000266713370941093,FALSE,FALSE
"PEBP1",1.72870123196143e-05,-0.825379968767869,0.00229064729371247,-1.29191682145949,-0.358843116076248,-0.780452459839661,0.00234387337155972,-1.22304817991326,-0.337856739766066,-1.60583242860753,4.24703061798799e-06,0.000751161844840385,0.0643143278619269,0.0344965234120685,0.000227965614053767,FALSE,FALSE
"C6",1.85968132110065e-05,0.126499018080831,0.699685910537884,-0.57105058673882,0.824048622900482,-2.08854551262844,1.70685443262524e-05,-2.75029917228258,-1.42679185297431,-1.96204649454761,3.11416756959163e-05,0.00078628807407555,0.88793880456743,0.00602097581918817,0.000477592925588632,FALSE,FALSE
"LY6E",1.94346060688796e-05,0.948848553147281,0.00179820041055345,0.430531245596155,1.46716586069841,0.816092973816728,0.00353967639159851,0.324374001052463,1.30781194658099,1.76494152696401,4.73970115127516e-06,0.00078628807407555,0.0537986188403286,0.0436480365855897,0.000245113445355397,FALSE,FALSE
"VCAN",1.96088610525922e-05,1.16013086472929,0.021763355972213,0.200943533236362,2.11931819622222,2.031273952524,0.000389128001437147,1.12130895143502,2.94123895361299,3.19140481725329,5.99312988364023e-06,0.00078628807407555,0.172687498475168,0.0160334447944332,0.000255116388069137,FALSE,FALSE
"CKLF",1.9818767894507e-05,0.397566660097759,0.0436770676562021,0.0132703449236461,0.781862975271871,0.864071819376764,0.000235491819599733,0.499496323668727,1.2286473150848,1.26163847947452,6.85791153143278e-06,0.00078628807407555,0.245435088358815,0.0117791377836804,0.000255116388069137,FALSE,FALSE
"SF3A1",2.06372786421293e-05,-0.355886452530031,0.00115668960692073,-0.5389612153337,-0.172811689726362,-0.263773017693832,0.00623559090604814,-0.437452987460232,-0.0900930479274312,-0.619659470223862,5.03812090297731e-06,0.000791879831010595,0.0479763302870529,0.0598944915975677,0.000246187204293527,FALSE,FALSE
"MAP3K5",2.08275243224704e-05,-0.701370204111957,0.000886245317458625,-1.049752632567,-0.35298777565691,-0.475802174616003,0.00858484212773108,-0.806306765825584,-0.145297583406422,-1.17717237872796,5.12608973323509e-06,0.000791879831010595,0.0472971017471897,0.0696326083693743,0.000246187204293527,FALSE,FALSE
"MAP3K1",2.17578059355306e-05,-0.0978880575872211,0.239841530807999,-0.270341230490618,0.0745651153161761,-0.438255359013767,8.00400564220883e-05,-0.601858803843037,-0.274651914184497,-0.536143416600988,1.18016975935005e-05,0.000792261229965345,0.578217693163275,0.00912956893564445,0.000299140251501922,FALSE,FALSE
"KRT19",2.23854890085023e-05,1.15690307436103,0.0262688514075784,0.161811995175505,2.15199415354655,2.10379357461649,0.000394509772484542,1.15976728775412,3.04781986147886,3.26069664897752,6.98949008408595e-06,0.000792261229965345,0.189488750272058,0.0160334447944332,0.000255116388069137,FALSE,FALSE
"NCOR1",2.24206323340417e-05,-0.153383996020294,0.0537731182929076,-0.309688803278174,0.00292081123758603,-0.351813690944183,0.000233388055599468,-0.500097450994739,-0.203529930893628,-0.505197686964478,8.02021970703613e-06,0.000792261229965345,0.269604233199331,0.0117791377836804,0.000266713370941093,FALSE,FALSE
"COL5A1",2.25740186072317e-05,1.17282441119691,0.0127977544298792,0.298234829298127,2.04741399309569,1.72118272066712,0.000702020507997786,0.891474191670762,2.55089124966348,2.89400713186403,6.33426271225831e-06,0.000792261229965345,0.133941297337773,0.0213531237849327,0.000255116388069137,FALSE,FALSE
"CD63",2.3246248876841e-05,-0.672964130324628,2.75824493251807e-05,-0.897067391572172,-0.448860869077084,0.0024681822289333,0.980235756664468,-0.210134838755263,0.215071203213129,-0.670495948095695,1.71917949490609e-05,0.00079651172211855,0.035340082831109,0.99440258805595,0.000370059401953706,FALSE,FALSE
"LAMB3",2.37746751480363e-05,0.649141324135406,0.0834320570137483,-0.0999741747345898,1.3982568230054,1.73493471775918,0.000182582765025917,1.02426135567044,2.44560807984793,2.38407604189459,9.35870967834247e-06,0.00079651172211855,0.343709941422326,0.0104129233178843,0.000275478147789919,FALSE,FALSE
"TGFB1",2.40044628583673e-05,0.37963634191136,0.0151340912943631,0.0875077507668943,0.671764933055827,0.579384302823184,0.00066039001621999,0.302246787521402,0.856521818124966,0.959020644734544,6.8602639273024e-06,0.00079651172211855,0.146136066731284,0.0204273182983302,0.000255116388069137,FALSE,FALSE
"PML",2.48393106631975e-05,0.325271652374279,0.00796277322438411,0.102210298604823,0.548333006143735,0.410150534098761,0.00118266084821499,0.198535953337141,0.621765114860381,0.73542218647304,6.57116032442256e-06,0.000809495392148848,0.108448217421649,0.027709088824718,0.000255116388069137,FALSE,FALSE
"DST",2.55870593704888e-05,0.495998745526348,0.000270864871326517,0.28324499693964,0.708752494113056,0.198060057242183,0.0537775027460888,-0.0037758706396647,0.399895985124031,0.694058802768531,7.30819374779896e-06,0.000819234795634073,0.0411940325142411,0.218808022792641,0.000256489492110252,FALSE,FALSE
"BRD2",2.68872049591638e-05,-0.476930095027511,0.00364910417939419,-0.76561876524845,-0.188241424806573,-0.473125106426508,0.00270135752650392,-0.746999226201525,-0.199250986651491,-0.950055201454019,6.69309018737399e-06,0.000825647433124427,0.0736460602010264,0.0363881077358324,0.000255116388069137,FALSE,FALSE
"XPA",2.69732198475612e-05,-0.309569433263191,0.00165395474306301,-0.476725769857017,-0.142413096669365,-0.241321698876371,0.00615929160545806,-0.399900123566243,-0.0827432741864985,-0.550891132139562,6.59702398133881e-06,0.000825647433124427,0.0513072790370486,0.0598745498393719,0.000255116388069137,FALSE,FALSE
"LDHB",2.73467517719027e-05,-1.16147004798829,0.000455384002845758,-1.69187262086746,-0.631067475109127,-0.569903070134274,0.029617461034133,-1.07308713226776,-0.0667190080007878,-1.73137311812257,7.26341286794083e-06,0.000825647433124427,0.0451878618389524,0.15175918042028,0.000256489492110252,FALSE,FALSE
"MAPK1",2.75969826962137e-05,-0.41208133201178,0.000181685248214254,-0.580784422228818,-0.243378241794741,-0.128418697338717,0.105931792268159,-0.288464501357131,0.031627106679697,-0.540500029350496,8.75605074644836e-06,0.000825647433124427,0.035340082831109,0.340361832551742,0.000275478147789919,FALSE,FALSE
"CARD11",2.86192476333587e-05,0.414756949222129,0.0752183139563902,-0.0491960282451059,0.878709926689363,1.04030798580947,0.000241082724123488,0.6001635450055,1.48045242661344,1.4550649350316,1.08239198096099e-05,0.000842421402110962,0.328722621440817,0.0117791377836804,0.000294485660817093,FALSE,FALSE
"RANBP2",2.97706336338473e-05,-0.247014585951716,0.0142258410665827,-0.434878978029225,-0.0591501938742075,-0.357888796808494,0.000903821155494076,-0.53611260787084,-0.179664985746149,-0.60490338276021,8.33022583213277e-06,0.000862403275901132,0.141697540617886,0.0235639086968098,0.000266713370941093,FALSE,FALSE
"FCGRT",3.06885048036661e-05,-0.455683281109104,0.000195030536947739,-0.643771028044284,-0.267595534173924,-0.140140655108811,0.112743839511355,-0.318576359194167,0.0382950489765459,-0.595823936217915,9.80038363056801e-06,0.000875101894792042,0.035340082831109,0.352928828659043,0.000279464064465416,FALSE,FALSE
"NDUFB1",3.21712874808075e-05,-0.345128224439413,0.000764998896410163,-0.513335519990153,-0.176920928888673,-0.197250739007611,0.0195529102836135,-0.356826190906844,-0.0376752871083776,-0.542378963447024,8.21289197028391e-06,0.00090043166451064,0.0472971017471897,0.118159143270181,0.000266713370941093,FALSE,FALSE
"RUNX1",3.25635560864122e-05,0.701289663536153,0.00446612645940853,0.263430960243159,1.13914836682915,0.711479088054949,0.00286412186407312,0.296089849334831,1.12686832677507,1.4127687515911,8.16029992234222e-06,0.00090043166451064,0.0811583516332195,0.0380621538431491,0.000266713370941093,FALSE,FALSE
"ITGB4",3.5127778000813e-05,0.675219060307953,0.0345615904955506,0.0579046478734686,1.29253347274244,1.25530665221228,0.000541240640944782,0.669670779489814,1.84094252493474,1.93052571252023,1.1133978408975e-05,0.000945437403175089,0.218051632231548,0.0186370598061175,0.000294485660817093,FALSE,FALSE
"ITGA1",3.56750984733312e-05,0.552877718882405,0.00790633169390835,0.174187812506478,0.931567625258333,0.653262305540312,0.00188687924665164,0.294005516221156,1.01251909485947,1.20614002442272,9.28549520995968e-06,0.000945437403175089,0.108448217421649,0.0316862785953812,0.000275478147789919,FALSE,FALSE
"HDAC11",3.57453045584006e-05,-0.372341504055169,0.00843162559314153,-0.630182525655599,-0.114500482454738,-0.448259607996546,0.00178471144989026,-0.692869078741156,-0.203650137251936,-0.820601112051715,9.35682964212995e-06,0.000945437403175089,0.108917301701992,0.0313200018816388,0.000275478147789919,FALSE,FALSE
"DSP",3.74532328592558e-05,-0.797716825625331,0.0135466088903151,-1.39888326916688,-0.196550382083784,-1.09744387096644,0.00124815395565468,-1.66776043530273,-0.527127306630145,-1.89516069659177,1.02838067849898e-05,0.000960120323709548,0.138009210136857,0.027709088824718,0.000288737652040097,FALSE,FALSE
"C1QBP",3.74947421187572e-05,-0.44144828621772,0.00319355692037618,-0.703364749413746,-0.179531823021694,-0.39304831447608,0.00483586325866161,-0.641524088594612,-0.144572540357548,-0.834496600693799,9.25409373361302e-06,0.000960120323709548,0.0703545805921185,0.0505785899116213,0.000275478147789919,FALSE,FALSE
"INHBA",3.78787196203219e-05,0.306852666911248,0.223448229724732,-0.213926246904747,0.827631580727243,1.23394523566314,0.000149633343802122,0.739890978149018,1.72799949317726,1.54079790257439,1.91647475416511e-05,0.000960120323709548,0.560155246219279,0.00950168997388367,0.00038017026373384,FALSE,FALSE
"SLC2A1",3.923063359061e-05,0.418062863153507,0.221459918033422,-0.288215012273547,1.12434073858056,1.6652999543079,0.000156192163954252,0.995265930107648,2.33533397850814,2.0833628174614,1.97301396282656e-05,0.000970861825440636,0.55823805305386,0.00950168997388367,0.000383058561931752,FALSE,FALSE
"LAMC2",3.98465148327749e-05,0.745396685676639,0.103285073178236,-0.175690129517129,1.66648350087041,2.03302923075716,0.000275547895527029,1.15920955312829,2.90684890838603,2.7784259164338,1.58744765635492e-05,0.000970861825440636,0.384925735625178,0.0125718727334207,0.000362505722879784,FALSE,FALSE
"COX4I1",4.03253707517929e-05,-0.480208945931015,0.000497558596575108,-0.701911685084321,-0.258506206777708,-0.213176826023828,0.0474208571054398,-0.42350251179062,-0.00285114025703595,-0.693385771954842,1.11251826633746e-05,0.000970861825440636,0.0451878618389524,0.203630739335124,0.000294485660817093,FALSE,FALSE
"RGMB",4.04304102649251e-05,-0.481134021317864,0.00062243747826911,-0.709561472497607,-0.252706570138121,-0.23542608645909,0.0355928433784593,-0.452131394209562,-0.0187207787086185,-0.716560107776954,1.08002701395203e-05,0.000970861825440636,0.045437935913645,0.167847388025034,0.000294485660817093,FALSE,FALSE
"LRRC32",4.1234685888591e-05,0.457337665847939,0.0156510636644052,0.103153638741048,0.811521692954831,0.647034421391872,0.0012415096862876,0.311025950439293,0.983042892344451,1.10437208723981,1.14639390991131e-05,0.000977315607099722,0.14904514476852,0.027709088824718,0.000294671674026498,FALSE,FALSE
"ACVR1B",4.23614292473705e-05,-0.191395778625363,0.268956075237635,-0.551167231954193,0.168375674703467,-0.854342886763974,0.000146747899145601,-1.1956520556524,-0.513033717875553,-1.04573866538934,2.27443335213801e-05,0.000991148825339117,0.615865542419929,0.00950168997388367,0.00041927685531837,FALSE,FALSE
"THY1",4.45928011461236e-05,0.926700454187314,0.00633584204323913,0.31492739194105,1.53847351643358,0.983168249867108,0.00308650138166295,0.40278936351686,1.56354713621736,1.90986870405442,1.13273245780378e-05,0.00101373769434161,0.0988283053753112,0.0402347501538206,0.000294671674026498,FALSE,FALSE
"LEF1",4.47700677673943e-05,0.372343657360612,0.112893329419317,-0.101966268108475,0.846653582829699,1.03933315865914,0.000292907441120268,0.589363254267033,1.48930306305125,1.41167681601975,1.80905066870363e-05,0.00101373769434161,0.405571508248531,0.0130379531718168,0.000370957019144284,FALSE,FALSE
"KRT17",4.49932894474908e-05,0.521662566188583,0.280566603304325,-0.484202870395299,1.52752800277246,2.38027949785195,0.000151318652701267,1.42603175807853,3.33452723762536,2.90194206404053,2.44401924102548e-05,0.00101373769434161,0.622731822144255,0.00950168997388367,0.000437287756359951,FALSE,FALSE
"RBL2",4.64806525220191e-05,-0.291043432187136,0.0274783715077771,-0.543825605108151,-0.0382612592661216,-0.481888730240816,0.000899086912703161,-0.721698955735899,-0.242078504745732,-0.772932162427952,1.38984548702924e-05,0.00102395393583887,0.192803322313176,0.0235639086968098,0.00032941143036732,FALSE,FALSE
"HLA-A",4.65688639313021e-05,0.997025468186908,0.000161887995961584,0.594225338954647,1.39982559741917,0.203438606471977,0.268624577200907,-0.178691148583257,0.585568361527212,1.20046407465889,1.78545801044343e-05,0.00102395393583887,0.035340082831109,0.587113596876235,0.00037027964421128,FALSE,FALSE
"RPS6",4.97597833834693e-05,-1.0957120055463,0.00362154261782373,-1.7581927226445,-0.433231288448104,-0.954979003893796,0.00621637249693353,-1.58346339548539,-0.326494612302206,-2.0506910094401,1.23173926126957e-05,0.00108109053184323,0.0736460602010264,0.0598944915975677,0.000307934815317393,FALSE,FALSE
"FAP",5.16917164509004e-05,0.512968492045238,0.0364337794922585,0.0382151227825638,0.987721861307912,0.9171382257082,0.000811443409153844,0.466747633595493,1.36752881782091,1.43010671775344,1.60892950976781e-05,0.00109130317362194,0.218973741836255,0.0231388159641526,0.000362505722879784,FALSE,FALSE
"NOTCH3",5.18298412882833e-05,0.453639501232539,0.0120167606222956,0.119233854744711,0.788045147720368,0.569461249516908,0.00206845668550716,0.25221619792012,0.886706301113695,1.02310075074945,1.38201861612623e-05,0.00109130317362194,0.129003459621703,0.0333544154671794,0.00032941143036732,FALSE,FALSE
"GUSB",5.20237677288265e-05,-0.35800221345229,0.0010461716363158,-0.539730996167494,-0.176273430737086,-0.199516757939113,0.0268364993164465,-0.371919818876078,-0.0271136970021477,-0.557518971391403,1.34528723675598e-05,0.00109130317362194,0.0472971017471897,0.143121643570542,0.00032941143036732,FALSE,FALSE
"RPL23",5.35412434137594e-05,-0.587338606149074,0.00659217572216781,-0.977608798874701,-0.197068413423448,-0.608864967640084,0.00376106281463217,-0.979107781205841,-0.238622154074327,-1.19620357378916,1.3573999513426e-05,0.00110504857861475,0.100467088500307,0.0448623505666909,0.00032941143036732,FALSE,FALSE
"CDK1",5.38900402721715e-05,0.0529799468476131,0.459022095351649,-0.0979028398979616,0.203862733593188,0.364961295249957,0.000124718123622172,0.221821315501113,0.508101274998801,0.41794124209757,3.60110988072402e-05,0.00110504857861475,0.767841726871456,0.00950168997388367,0.000517482325379633,FALSE,FALSE
"NANOG",5.50206828274539e-05,-0.298314676360679,0.0337176154214255,-0.569503050851226,-0.027126301870131,-0.51485784640981,0.000927897958272167,-0.772129727914461,-0.257585964905159,-0.813172522770489,1.68241917423497e-05,0.0011156971795567,0.215222810359412,0.023850898223193,0.000370059401953706,FALSE,FALSE
"GPT",6.01531254166648e-05,-0.298499596543978,0.023060820611415,-0.548272002165844,-0.0487271909221106,-0.44860054368615,0.00140826001050017,-0.685555453213514,-0.211645634158787,-0.747100140230128,1.72356433786658e-05,0.00120636762511443,0.17566125134237,0.0292053922632137,0.000370059401953706,FALSE,FALSE
"VEGFB",6.31513824662063e-05,-0.555271151693842,0.000683886494154082,-0.822054590134773,-0.288487713252912,-0.240689090174224,0.0604702816178107,-0.493782082419623,0.0124039020711738,-0.795960241868067,1.76664897135177e-05,0.00124518012617938,0.0472971017471897,0.233315568609946,0.00037027964421128,FALSE,FALSE
"ME2",6.37616665725603e-05,-0.232114509680256,0.00407312758072038,-0.374989639380857,-0.0892393799796552,-0.198975606705148,0.00765428484957506,-0.334518855958909,-0.0634323574513871,-0.431090116385404,1.58341244609289e-05,0.00124518012617938,0.0773340455774067,0.0663448702573189,0.000362505722879784,FALSE,FALSE
"SSX1",6.41353051292394e-05,-0.470009923047836,0.00328962753918822,-0.750107456326966,-0.189912389768706,-0.374754284778634,0.00966615811675368,-0.640478136425693,-0.109030433131576,-0.84476420782647,1.59002124349936e-05,0.00124518012617938,0.0707713205493309,0.0757113243050449,0.000362505722879784,FALSE,FALSE
"IDH2",6.8145853021069e-05,-0.665871537620045,0.0241445836585087,-1.22843064600502,-0.103312429235071,-0.995478499370606,0.00157017421953444,-1.52916892966162,-0.461788069079592,-1.66135003699065,1.95097079425335e-05,0.00128932856456297,0.179121403157636,0.029925793263999,0.000382851795646491,FALSE,FALSE
"RAF1",6.86945189004302e-05,-0.485647988740916,0.00139708392027726,-0.741894509676968,-0.229401467804865,-0.278633357731613,0.0280530927913538,-0.521730152327197,-0.0355365631360298,-0.764281346472529,1.7720868147903e-05,0.00128932856456297,0.0489830907383531,0.147541482260002,0.00037027964421128,FALSE,FALSE
"TSC1",6.9069886039487e-05,-0.178562684677972,0.00455302673654933,-0.290385521532744,-0.0667398478232004,-0.155993642579211,0.00757790134145542,-0.262078100243961,-0.0499091849144621,-0.334556327257183,1.71953564724559e-05,0.00128932856456297,0.0811583516332195,0.0663448702573189,0.000370059401953706,FALSE,FALSE
"NDUFB10",6.92351777135185e-05,-0.601157310907037,0.00110878484764167,-0.90867096171798,-0.293643660096094,-0.313005737123553,0.0375428900865823,-0.604738801570432,-0.0212726726766734,-0.91416304803059,1.82996530455074e-05,0.00128932856456297,0.0472971017471897,0.173897904588865,0.000371076297867234,FALSE,FALSE
"ATP5F1D",7.22607499093145e-05,-0.700485773789272,0.00929641635271886,-1.19380335965587,-0.207168187922679,-0.763513097129092,0.00396311597048531,-1.23151525147533,-0.295510942782854,-1.46399887091836,1.86070903917339e-05,0.00132951634415328,0.110133355098023,0.0458367162846845,0.000373164175438619,FALSE,FALSE
"PKM",7.2850210638536e-05,0.433821572309529,0.0897079634730176,-0.078238222512693,0.94588136713175,1.03006470088936,0.000590185280067212,0.544282125938347,1.51584727584038,1.46388627319889,2.66737256430445e-05,0.00132951634415328,0.353600503970318,0.0193701325166931,0.000442541357259602,FALSE,FALSE
"COL1A2",7.4525492178634e-05,1.29420899682356,0.035626469788432,0.102652551442783,2.48576544220434,2.17252919899008,0.00125969956914979,1.0421195005729,3.30293889740727,3.46673819581365,2.25384614201801e-05,0.0013466239923367,0.218916859811072,0.027709088824718,0.00041927685531837,FALSE,FALSE
"FN1",7.73916736282648e-05,1.13567178575856,0.0968129846384578,-0.237988391807626,2.50933196332475,2.76081952038674,0.000594371189553323,1.4576510527326,4.06398798804089,3.8964913061453,2.87402256884795e-05,0.00138470396442729,0.370406073302276,0.0193701325166931,0.000468592202493338,FALSE,FALSE
"AXL",7.8363322586244e-05,0.524696874858562,0.0145172665845427,0.124116685082411,0.925277064634713,0.649748907782892,0.00289898048449191,0.269725172212353,1.02977264335343,1.17444578264145,2.09279199522296e-05,0.0013884763467951,0.142440922133282,0.0380621538431491,0.000397848478258532,FALSE,FALSE
"REPS1",8.11908911841603e-05,-0.307152789771741,0.00293245148742011,-0.487103399946251,-0.127202179597231,-0.222134882516963,0.0150339358986883,-0.392851020863519,-0.0514187441704065,-0.529287672288704,2.02879661456342e-05,0.00142474400395281,0.0703545805921185,0.10050158613592,0.000389742507534551,FALSE,FALSE
"FAS",8.51535204235802e-05,0.209608089392079,0.0337828837960265,0.0189756776695494,0.400240501114609,0.33837281825842,0.00153536177268524,0.157523033190167,0.519222603326673,0.5479809076505,2.53085663656482e-05,0.00146862600900777,0.215222810359412,0.029925793263999,0.000442541357259602,FALSE,FALSE
"CEACAM6",8.59597129331319e-05,0.948440451566201,0.16377016984822,-0.444694075369266,2.34157497850167,2.90304663055348,0.000444104076695127,1.5814031729123,4.22469008819466,3.85148708211968,3.66748750883865e-05,0.00146862600900777,0.493551638839527,0.0164515115798081,0.000522903492471135,FALSE,FALSE
"FLNA",8.73925228588144e-05,0.577809918913066,0.0723184390461361,-0.061144856140762,1.21676469396689,1.22651566355395,0.000852428806490699,0.620349940250761,1.83268138685714,1.80432558246702,2.99963847580857e-05,0.00146862600900777,0.321905246973654,0.0232191428633661,0.000469711620507404,FALSE,FALSE
"LGALS3",8.8570572133766e-05,0.453468502282543,0.105621618562923,-0.1111198257581,1.01805683032319,1.12355172175471,0.000642966705146192,0.587936204668288,1.65916723884113,1.57702022403725,3.3272953319511e-05,0.00146862600900777,0.389413038136029,0.0204273182983302,0.000493684063480549,FALSE,FALSE
"COL1A1",8.86271418382814e-05,1.58280052009607,0.0257311400733745,0.227401020772192,2.93820001941995,2.31479513810727,0.00202657468928918,1.02895027091268,3.60064000530187,3.89759565820334,2.52188780675505e-05,0.00146862600900777,0.186961916234215,0.0333544154671794,0.000442541357259602,FALSE,FALSE
"LAMP1",8.91532449674598e-05,-0.596419188038215,0.000428414949306755,-0.866751973489855,-0.326086402586575,-0.167425193549998,0.180381488753721,-0.423885392023442,0.0890350049234455,-0.763844381588213,2.98249723668164e-05,0.00146862600900777,0.0451878618389524,0.467247653532773,0.000469711620507404,FALSE,FALSE
"EWSR1",8.95409637967538e-05,-0.482122505830532,0.00160406963320713,-0.741355049945591,-0.222889961715473,-0.269358013788625,0.0343613619866145,-0.515287598701724,-0.0234284288755249,-0.751480519619156,2.33409520758539e-05,0.00146862600900777,0.0513072790370486,0.163796716122223,0.000425972375384335,FALSE,FALSE
"UBB",9.01293769911616e-05,-0.698001247986945,0.0031261663228232,-1.11082289160098,-0.285179604372907,-0.502891320142505,0.0161110570358815,-0.894528318512904,-0.111254321772106,-1.20089256812945,2.25708463412546e-05,0.00146862600900777,0.0703545805921185,0.104617865749658,0.00041927685531837,FALSE,FALSE
"CREBBP",9.35606396941487e-05,-0.240572590562584,0.0258161111731629,-0.446727390976497,-0.0344177901486704,-0.349062928806089,0.00215352073823807,-0.544638544771705,-0.153487312840472,-0.589635519368672,2.65543801773764e-05,0.00151104572957364,0.186961916234215,0.0337643110895145,0.000442541357259602,FALSE,FALSE
"ITGA2",9.51621505087119e-05,0.597524331262487,0.0203245024043488,0.11034177613876,1.08470688638621,0.798088910862702,0.00270933237892436,0.335906957715249,1.26027086401016,1.39561324212519,2.61575063286119e-05,0.00152342916384561,0.167120747418446,0.0363881077358324,0.000442541357259602,FALSE,FALSE
"NDUFA2",9.90786541252402e-05,-0.407757902787751,0.00149915912059379,-0.624981744140758,-0.190534061434743,-0.214229534368807,0.0428218505598858,-0.42030616459878,-0.00815290413883429,-0.621987437156558,2.6272653897377e-05,0.00155724763058171,0.0498487113516692,0.189021796216021,0.000442541357259602,FALSE,FALSE
"FOXA2",9.95853361804689e-05,-0.385067210450595,0.0398073801606194,-0.748992741794179,-0.0211416791070105,-0.642192546924336,0.00160236293092754,-0.987442620244153,-0.296942473604518,-1.02725975737493,3.01130189585568e-05,0.00155724763058171,0.233125808024064,0.029925793263999,0.000469711620507404,FALSE,FALSE
"ZEB1",0.000100385515977035,0.452077502925464,0.030111297842441,0.0514586991490287,0.852696306701899,0.683178079072802,0.0020479317637363,0.303117711045122,1.06323844710048,1.13525558199827,2.90142021269848e-05,0.00155724763058171,0.202779035285811,0.0333544154671794,0.000468592202493338,FALSE,FALSE
"TXN2",0.000101517258781853,-0.457425866107138,0.00210290969338312,-0.712852806536455,-0.201998925677821,-0.274397558660822,0.0296426882200431,-0.516716830918259,-0.0320782864033858,-0.73182342476796,2.61193219364697e-05,0.00155724763058171,0.0609176220702252,0.15175918042028,0.000442541357259602,FALSE,FALSE
"ANP32B",0.000101541078377656,-0.556352027410904,0.00245497425761257,-0.873968097177922,-0.238735957643886,-0.354635557306142,0.0248018589759062,-0.655952617886559,-0.0533184967257253,-0.910987584717046,2.58497493685333e-05,0.00155724763058171,0.0649322901469991,0.136335519972978,0.000442541357259602,FALSE,FALSE
"RIPK1",0.000103725779787228,-0.222405903657138,0.00111193600149078,-0.336217373586349,-0.108594433727926,-0.100340354340576,0.0657240962678184,-0.208311394988997,0.00763068630784529,-0.322746257997714,2.88155719375011e-05,0.00157749623426409,0.0472971017471897,0.243479542569689,0.000468592202493338,FALSE,FALSE
"RORA",0.000106934245922405,-0.0981540188924314,0.254848370439061,-0.27698748007869,0.080679442293827,-0.377987453499445,0.000395345214109311,-0.547643771259413,-0.208331135739477,-0.476141472391876,5.21702665000165e-05,0.0016128512298214,0.595516358580391,0.0160334447944332,0.0006704981433981,FALSE,FALSE
"IGFBP3",0.000108145312537028,1.14718402869471,0.0563253676139588,-0.0362599330446571,2.33062799043407,2.14413308088946,0.0013203277857747,1.02141956020859,3.26684660157032,3.29131710958417,3.46677892290184e-05,0.00161774750311538,0.277072226133355,0.0283574603064833,0.000502132661452052,FALSE,FALSE
"AKT2",0.000112900847176469,-0.408734232898608,0.00204686618705992,-0.63610140084097,-0.181367064956246,-0.234757803264796,0.0353162154154586,-0.450457238016761,-0.0190583685128305,-0.643492036163404,2.93645610130419e-05,0.00167515484631753,0.0602504966352315,0.166974334542,0.000469711620507404,FALSE,FALSE
"ETV1",0.000115905894854305,0.199924080963404,0.087476490090458,-0.0341959585538495,0.434044120480657,0.440244189429882,0.000998386886969654,0.218138418200937,0.662349960658826,0.640168270393286,4.06794348773577e-05,0.00170587304926699,0.351661086311471,0.0253063342877725,0.000556737947617217,FALSE,FALSE
"ITGA3",0.000118086326897819,0.48685853023295,0.0830046008721952,-0.0740976185143621,1.04781467898026,1.04620091410574,0.00106267453646977,0.514031184850423,1.57837064336105,1.53305944433869,4.08782931401134e-05,0.00172290675378753,0.343709941422326,0.0258584137207644,0.000556737947617217,FALSE,FALSE
"C2",0.000118951370398481,0.283461817278289,0.0338459981222746,0.0255513781245244,0.541372256432054,0.433864150496678,0.00225419179261718,0.189188824478628,0.678539476514729,0.717325967774968,3.46484579635534e-05,0.00172290675378753,0.215222810359412,0.034087237333715,0.000502132661452052,FALSE,FALSE
"LRP1",0.000119947212918652,0.678240723706473,0.014398332276739,0.161240167472936,1.19524127994001,0.774171540156567,0.00490260589940693,0.283701747374985,1.26464133293815,1.45241226386304,3.15085915720448e-05,0.00172365089430346,0.142037602189452,0.0505785899116213,0.000479193163491515,FALSE,FALSE
"RORC",0.000122666269935215,-0.660018556369288,0.018622800694703,-1.18880055898061,-0.131236553757963,-0.81823713082528,0.00396832940985214,-1.31988378501235,-0.316590476638212,-1.47825568719457,3.3007089148815e-05,0.00174630119856707,0.161735422904997,0.0458367162846845,0.000493684063480549,FALSE,FALSE
"ERCC6",0.000123437180611042,-0.215456473890117,0.00593838242428186,-0.35620077550782,-0.0747121722724142,-0.180612861769657,0.0122065040633976,-0.314134630010156,-0.0470910935291583,-0.396069335659774,3.10014307179222e-05,0.00174630119856707,0.0959075037549947,0.0891074796628023,0.000477592925588632,FALSE,FALSE
"SERPINB5",0.000130156317417245,0.225985351424004,0.226926209707699,-0.160623173826082,0.61259387667409,0.788188101757076,0.000530189696596538,0.421419050968378,1.15495715254577,1.01417345318108,5.98526753324666e-05,0.00182022315670158,0.564532674873426,0.0186076191593977,0.000748158441655832,FALSE,FALSE
"ITGB1",0.000130657114261867,0.341008818613994,0.0967305522757486,-0.0713464514720309,0.753364088700018,0.770389400759344,0.00104881413015989,0.379194843165624,1.16158395835306,1.11139821937334,4.65558984449883e-05,0.00182022315670158,0.370406073302276,0.0258584137207644,0.000606889390443597,FALSE,FALSE
"API5",0.000131990375269367,-0.361377747967463,0.00496028251724093,-0.590748143242496,-0.13200735269243,-0.279490895639135,0.0160882384674943,-0.497090758703803,-0.0618910325744662,-0.640868643606598,3.31813644651806e-05,0.00182092311288256,0.0841298240314961,0.104617865749658,0.000493684063480549,FALSE,FALSE
"CD24",0.000132702889870345,-0.827389618473442,0.038314508957634,-1.60226381747914,-0.0525154194677439,-1.29998372192612,0.00229738640660107,-2.0350939326131,-0.564873511239148,-2.12737334039957,3.91612033185751e-05,0.00182092311288256,0.22917837740979,0.034087237333715,0.000545566382109921,FALSE,FALSE
"EIF2B4",0.00013504109736884,-0.427172627003349,0.00359501759152495,-0.685159528113622,-0.169185725893076,-0.291228652184621,0.0235449417378687,-0.535976516383747,-0.046480787985495,-0.71840127918797,3.42567047479238e-05,0.00183917912461293,0.0736460602010264,0.133861428883521,0.000502132661452052,FALSE,FALSE
"MGMT",0.000138592366585739,-0.409643745965984,0.00142252263514121,-0.626317649554917,-0.192969842377052,-0.186169290658077,0.071937615801039,-0.391724204116305,0.0193856228001504,-0.595813036624061,3.85791439625306e-05,0.00187356347421463,0.0489830907383531,0.259458792167779,0.000541591828704756,FALSE,FALSE
"STK11",0.00014604031945347,-0.318245862025777,0.00411035749096353,-0.514412156413277,-0.122079567638277,-0.223582851237151,0.0224818687799816,-0.409682538363032,-0.0374831641112689,-0.541828713262928,3.69931999856842e-05,0.00193953607688191,0.0773340455774067,0.129023303532913,0.000523353410650183,FALSE,FALSE
"PSAT1",0.000146141624347125,-1.54331222477634,0.0010754847637022,-2.32959099385901,-0.757033455693676,-0.59290633098451,0.108902609927631,-1.33883586682495,0.153023204855931,-2.13621855576085,4.32030441900306e-05,0.00193953607688191,0.0472971017471897,0.34742019547361,0.000574318790262012,FALSE,FALSE
"ABCF1",0.000146660810197098,-0.271425301160644,0.00165870107571828,-0.41804316298305,-0.124807439338239,-0.129993554650165,0.0644139051812857,-0.26908747135696,0.00910036205662931,-0.401418855810809,4.01935872864593e-05,0.00193953607688191,0.0513072790370486,0.240892165893128,0.000555706793922638,FALSE,FALSE
"CPSF7",0.000149504512406513,-0.154032196653047,0.0416350344668298,-0.301191322211466,-0.00687307109462792,-0.244613883550827,0.00245006039481454,-0.384221288123818,-0.105006478977836,-0.398646080203874,4.44010674805213e-05,0.0019629189578553,0.239696964990424,0.0349325017229416,0.000582963655769434,FALSE,FALSE
"MMP11",0.000152088044172594,0.674949290386103,0.214258571318217,-0.446433653443416,1.79633223421562,2.22780715030226,0.000651663792219479,1.16396988077247,3.29164441983204,2.90275644068836,6.76509972960841e-05,0.00198257629010704,0.546883765952093,0.0204273182983302,0.000802764703315759,FALSE,FALSE
"PLAUR",0.000160131181869873,0.316228116964925,0.187090783031921,-0.176226113574203,0.808682347504053,0.95833145342749,0.000766470785526455,0.491148349860702,1.42551455699428,1.27455957039242,6.77401448277408e-05,0.00205316956344676,0.524851952743628,0.0225614384449319,0.000802764703315759,FALSE,FALSE
"NDUFB7",0.000160943913121067,-0.482991852605872,0.00238456541131744,-0.757574824840607,-0.208408880371137,-0.264116568639975,0.0473545934575778,-0.524608848328136,-0.00362428895181383,-0.747108421245847,4.26096996690745e-05,0.00205316956344676,0.0649322901469991,0.203630739335124,0.000574318790262012,FALSE,FALSE
"HMGA1",0.000161396139452838,-0.0699432277170239,0.580658509595295,-0.338349440202633,0.198462984768586,0.656053146086439,0.000113646642520817,0.401420655208344,0.910685636964535,0.586109918369416,0.000301560786090307,0.00205316956344676,0.839035455274278,0.00950168997388367,0.00243373606016761,FALSE,FALSE
"MST1R",0.000162003516239087,0.157714060826455,0.395789807638726,-0.232474719321469,0.54790284097438,0.81840347768537,0.00042106584081892,0.44823789887233,1.18856905649841,0.976117538511826,9.22868107775409e-05,0.00205316956344676,0.71729533161934,0.0163498970105219,0.00102074805860007,FALSE,FALSE
"SMC3",0.000167075901026941,-0.259275209173447,0.0133748233412101,-0.454203998833848,-0.0643464195130463,-0.270233474220121,0.00786379940201525,-0.455159161280145,-0.085307787160097,-0.529508683393568,4.32702240285424e-05,0.0020944773780113,0.138009210136857,0.0665287380881639,0.000574318790262012,FALSE,FALSE
"FGFR3",0.000167558190240904,-0.251094131683502,0.379803124067453,-0.851071015524454,0.348882752157449,-1.24797708845204,0.000450726344652278,-1.81716513736834,-0.678789039535731,-1.49907122013554,9.33266140059281e-05,0.0020944773780113,0.708008888072627,0.0164515115798081,0.0010260305455471,FALSE,FALSE
"NPM1",0.000171653144000973,-0.522590357361024,0.00550640734837763,-0.859838294448342,-0.185342420273706,-0.393161287896074,0.0201319030157735,-0.713102773112803,-0.0732198026793447,-0.915751645257098,4.34279414006344e-05,0.00211939982422885,0.0906589395175303,0.11953259831242,0.000574318790262012,FALSE,FALSE
"CD58",0.000171874615882668,0.305561567218347,0.054374812523235,-0.0067304485997029,0.617853583036397,0.524456119133988,0.00228111199022501,0.228189899612877,0.820722338655099,0.830017686352335,5.30254594285318e-05,0.00211939982422885,0.269754931932667,0.034087237333715,0.000676723520678814,FALSE,FALSE
"BAX",0.000179321983447428,0.136643911060505,0.050868770224466,-0.000606329163684027,0.273894151284694,0.227061423763029,0.00253201323331915,0.0968544132089197,0.357268434317138,0.363705334823534,5.45060547490104e-05,0.00218707897877388,0.263430374930119,0.0355455703908266,0.000690788541089888,FALSE,FALSE
"PCK2",0.000179813375008718,-0.763395426991043,0.00306951124915382,-1.21367077185139,-0.313120082130693,-0.449122161988972,0.0408732010118834,-0.876290861181921,-0.0219534627960227,-1.21251758898002,4.6946016901115e-05,0.00218707897877388,0.0703545805921185,0.18461879722448,0.000607634615918688,FALSE,FALSE
"KAT2B",0.000180958315504031,-0.212081174047411,0.0894158327247971,-0.462152982855523,0.0379906347607014,-0.441728205145985,0.00159066213042361,-0.678967153475522,-0.204489256816448,-0.653809379193396,6.17289136374737e-05,0.00218707897877388,0.353600503970318,0.029925793263999,0.00076118423911074,FALSE,FALSE
"SLC25A1",0.000201383679106147,-0.418345867278613,0.00102387497094109,-0.630104387351805,-0.20658734720542,-0.132711547327146,0.175622970149076,-0.333603318540478,0.0681802238861861,-0.551057414605759,6.44419816296072e-05,0.00241792904189946,0.0472971017471897,0.45900769341813,0.000784044109826887,FALSE,FALSE
"JADE1",0.000207570213776091,-0.49172743714582,0.121202174540607,-1.13408853791134,0.150633663619701,-1.15095473070288,0.00143321232535291,-1.76035197831647,-0.541557483089288,-1.6426821678487,7.56074684313938e-05,0.00247591921661023,0.421321844831633,0.0293889044243715,0.00087331411321072,FALSE,FALSE
"JAM3",0.000208976892792416,0.198569274296365,0.0738520852581515,-0.0223605411242467,0.419499089716977,0.373355028248072,0.00218311710058231,0.163762602317154,0.582947454178989,0.571924302544437,6.76116353168403e-05,0.00247651187887117,0.324784317425072,0.0337643110895145,0.000802764703315759,FALSE,FALSE
"IRAK4",0.00021087093752729,-0.183827663960049,0.0292728380837567,-0.345715268961072,-0.0219400589590268,-0.241964098948898,0.00496085895571518,-0.395544165974767,-0.0883840319230286,-0.425791762908947,5.84165307897711e-05,0.00248283523217616,0.20008587828785,0.0505785899116213,0.000735242542698844,FALSE,FALSE
"COL3A1",0.000226724037284292,1.5276688469232,0.0214663021079586,0.268161928895891,2.78717576495051,1.77228794409324,0.00719644205902189,0.577414767181654,2.96716112100482,3.29995679101644,6.05340334616486e-05,0.00265238056438355,0.172577824039184,0.0656675337885747,0.000751527966445637,FALSE,FALSE
"IRF9",0.000235692048728428,0.587320406251438,6.0961161029908e-05,0.374496727671657,0.800144084831218,-0.321955040468773,0.00459394027784547,-0.523857309767081,-0.120052771170464,0.265365365782665,0.0142563713528253,0.00272845873332586,0.035340082831109,0.0496091183850176,0.0443234714121059,TRUE,FALSE
"PNMA1",0.000237486087359364,0.310330520280213,0.0232931631917006,0.0501150075021952,0.57054603305823,0.367541536748604,0.00703513249489345,0.120679425882449,0.614403647614759,0.677872057028817,6.38194894467992e-05,0.00272845873332586,0.17566125134237,0.0648440242584877,0.00078168166604301,FALSE,FALSE
"CMTM6",0.000237712295122636,0.162865093252523,0.110284246529835,-0.0429245762024655,0.368654762707512,0.357597836142628,0.00179081362272574,0.162368613819344,0.552827058465911,0.520462929395151,8.36141398731293e-05,0.00272845873332586,0.399342757771725,0.0313200018816388,0.000936170584469086,FALSE,FALSE
"BCL2L1",0.000253139260598365,0.0674504866053572,0.542643331774213,-0.167079442753528,0.301980415964242,0.482022199929237,0.000496741392188722,0.259527573053496,0.704516826804979,0.549472686534595,0.000165141890483475,0.00286169508961521,0.821845709948497,0.017775549818518,0.00157276118120253,FALSE,FALSE
"SPRED1",0.000254024030569231,0.246753237786247,0.0460839436018199,0.00504205139800951,0.488464424174484,0.372483055140916,0.00407661788314217,0.143175689662421,0.601790420619412,0.619236292927163,7.43708206544619e-05,0.00286169508961521,0.25008384109896,0.0464989227295904,0.000865931397420788,FALSE,FALSE
"AXIN2",0.000255164816090306,0.0192789325315427,0.845548080719486,-0.191737845841727,0.230295710904812,0.456300180315849,0.000327296786849636,0.256112087064701,0.656488273566996,0.475579112847391,0.000230808413414266,0.00286169508961521,0.956331004967293,0.0142218246666806,0.00195918769526063,FALSE,FALSE
"HSD17B8",0.000257088057183399,-0.872872932101051,0.0045461476176878,-1.41937076447366,-0.326375099728446,-0.543400652930441,0.0414038888269137,-1.06185401892314,-0.0249472869377415,-1.41627358503149,6.69376086172925e-05,0.00286169508961521,0.0811583516332195,0.185944029567382,0.000802764703315759,FALSE,FALSE
"PAK3",0.000258306929064767,-0.320381679745077,0.0612786781920559,-0.65849905771575,0.0177356982255956,-0.539647033040489,0.00323309838387593,-0.860413342301899,-0.218880723779079,-0.860028712785566,7.93902749029769e-05,0.00286169508961521,0.292576144881368,0.0415521447223491,0.000899920817999583,FALSE,FALSE
"CCNA2",0.000258728597143293,-0.0164863718103551,0.820501225919202,-0.171364518584088,0.138391774963378,0.34962799698813,0.000227605429958767,0.202697685910873,0.496558308065387,0.333141625177775,0.000342017657149968,0.00286169508961521,0.944059003322045,0.0117791377836804,0.00260147631897056,FALSE,FALSE
"MRPL19",0.000267392189220528,-0.228594729577382,0.0062566601052427,-0.379194627771238,-0.0779948313835255,-0.160632886993768,0.0306113991655673,-0.303504495098387,-0.0177612788891489,-0.38922761657115,6.86253865979654e-05,0.0029397032851052,0.0984345232074821,0.154752918219281,0.000808008584137335,FALSE,FALSE
"NSD2",0.000271630998897686,-0.25675988712287,0.00287817208717289,-0.406774116523443,-0.106745657722298,-0.127489727433779,0.0746894956526009,-0.269805721336021,0.0148262664684624,-0.38424961455665,7.44938243260623e-05,0.00296842259274417,0.0700355207878737,0.266933912176431,0.000865931397420788,FALSE,FALSE
"C1S",0.000278657527472062,0.980094499522111,0.00141516765641226,0.462055565843314,1.49813343320091,0.322351671146236,0.178483936849556,-0.169103212974737,0.813806555267209,1.30244617066835,8.821473880092e-05,0.00302708325974115,0.0489830907383531,0.464007385684386,0.000981657916534628,FALSE,FALSE
"OAZ1",0.000303584892955053,-0.448173030602876,0.00720932138924531,-0.750420595813707,-0.145925465392045,-0.322106054591077,0.0307296074812872,-0.608843271583026,-0.0353688375991273,-0.770279085193953,7.80058840325187e-05,0.00326763646026063,0.101992337483509,0.154921363683285,0.000895350555719161,FALSE,FALSE
"ASNS",0.000305377722177874,-1.08735709298537,0.00138978865504417,-1.66068127372986,-0.514032912240882,-0.335302716502375,0.204064378468028,-0.879205791143165,0.208600358138415,-1.42265980948774,9.92858961824055e-05,0.00326763646026063,0.0489830907383531,0.502899017306913,0.00107217018066799,FALSE,FALSE
"MAP2K2",0.000306549136428889,-0.436203259252538,0.00692239877369631,-0.728397863387949,-0.144008655117127,-0.307517955282935,0.0324882386585139,-0.584718096006681,-0.0303178145591882,-0.743721214535473,7.89054617413402e-05,0.00326763646026063,0.101992337483509,0.159814111999428,0.000899920817999583,FALSE,FALSE
"IRF7",0.000307963545843742,0.482708751887127,0.000135406985887181,0.291620138183624,0.67379736559063,-0.101990118031916,0.243784483566521,-0.283272694300055,0.0792924582362238,0.380718633855211,0.00063703653618596,0.00326763646026063,0.035340082831109,0.557815690485361,0.00415804311189073,FALSE,FALSE
"NDUFS7",0.000311801727209614,-0.400329599003724,0.0162556779156209,-0.712632475713362,-0.0880267222940861,-0.392270276009419,0.0137091558992425,-0.688546799076981,-0.0959937529418566,-0.792599875013143,8.10138719798807e-05,0.00328923787374304,0.151360266306164,0.0940426514742121,0.000912656273847422,FALSE,FALSE
"LAMA3",0.000323248717772551,0.275623196437718,0.181955393439835,-0.148219897586148,0.699466290461584,0.746584831957323,0.00162337179897858,0.344491967662827,1.14867769625182,1.02220802839504,0.000128000778705603,0.00339039603410865,0.520787957601162,0.029925793263999,0.00130558588207665,FALSE,FALSE
"PIAS4",0.000352134835858044,-0.186149205710886,0.0451256589621058,-0.367542289654188,-0.00475612176758405,-0.263096582245919,0.00598543311480034,-0.435181171364805,-0.091011993127034,-0.449245787956806,0.000101020330692788,0.00367226328823389,0.248055203632058,0.0587280399704872,0.00107814473168392,FALSE,FALSE
"TPM4",0.000358461167113822,0.682042851846323,0.0400353208575616,0.0365638949880545,1.32752180870459,0.916577024676157,0.00681269381373052,0.304221919061649,1.52893213029066,1.59861987652248,0.000101020684448192,0.00371699789762912,0.233125808024064,0.0640884856188567,0.00107814473168392,FALSE,FALSE
"BBS1",0.000362799150574888,-0.110560995455615,0.201490177846672,-0.288812649448254,0.0676906585370235,-0.312594793612884,0.00167639490415512,-0.48169916060558,-0.143490426620188,-0.4231557890685,0.000147160496090425,0.00371848211030029,0.534031458180602,0.0305719036992359,0.00144391346970444,FALSE,FALSE
"UBE2T",0.000363497110411381,-0.103551050462965,0.178404168359351,-0.261392865408455,0.0542907644825261,0.376315998633049,0.000141709410055849,0.226574105060282,0.526057892205816,0.272764948170085,0.00186333892056565,0.00371848211030029,0.516522425971266,0.00950168997388367,0.00938692322258066,FALSE,FALSE
"WIPF1",0.000364726508569274,0.453713778778422,0.00839167218924439,0.139778851132011,0.767648706424832,0.329987080321846,0.0326671792592013,0.0321622577890002,0.627811902854693,0.783700859100268,9.40597896036993e-05,0.00371848211030029,0.108917301701992,0.16007550020246,0.00102789889836378,FALSE,FALSE
"PRLR",0.000366754399920029,-0.635635677348337,0.00497864164131594,-1.03931590396044,-0.23195545073623,-0.368037495094353,0.0581727548087825,-0.751002183834506,0.0149271936458003,-1.00367317244269,9.75462585419048e-05,0.00371848211030029,0.0841298240314961,0.227780355116722,0.00105965429666057,FALSE,FALSE
"IFI16",0.000380071903045484,0.510686072309392,0.00171197684758778,0.233616294073985,0.7877558505448,0.160593168409093,0.207867666546998,-0.102258302597398,0.423444639415583,0.671279240718485,0.000122929478804035,0.00383221670197794,0.0520726291141283,0.507842692701835,0.00127469487964411,FALSE,FALSE
"TMEM163",0.000383470591166661,-0.189079910262182,0.186866721251497,-0.48336825032019,0.105208429795826,-0.507453474232771,0.00189249554350496,-0.786639907256813,-0.228267041208729,-0.696533384494954,0.000151071902113633,0.00384524081801734,0.524851952743628,0.0316862785953812,0.00147436482009294,FALSE,FALSE
"LTBP1",0.000397524951899141,0.499732603318976,0.0360302821301789,0.0384293361242064,0.961035870513746,0.631874148709939,0.00843918727892067,0.194243443786127,1.06950485363375,1.13160675202891,0.000110055072341263,0.00396438818150783,0.218973741836255,0.0690650976862342,0.00116028502265717,FALSE,FALSE
"GNG7",0.000404195544012093,-0.115954316237804,0.387027488313084,-0.397403176108155,0.165494543632547,-0.524913708638941,0.00106263305733893,-0.791919541253303,-0.257907876024579,-0.640868024876745,0.000211359600980155,0.00400900471642429,0.714181158919493,0.0258584137207644,0.0018544772682153,FALSE,FALSE
"MAP3K14",0.000409042695322999,-0.210635272943521,0.0738550639624137,-0.444992584729784,0.023722038842742,-0.355267872687984,0.00453316453537909,-0.577598740155628,-0.132937005220339,-0.565903145631505,0.000126625729570731,0.00403515091332148,0.324784317425072,0.0494996801536655,0.00130558588207665,FALSE,FALSE
"FGFR1",0.000411435127862717,-0.93529936660718,0.00710325408185488,-1.56450825809432,-0.306090475120042,-0.612215696583783,0.0452311890345805,-1.20913566292251,-0.0152957302450573,-1.54751506319096,0.000107522481435048,0.00403693069005085,0.101992337483509,0.197954244575802,0.00114086353848234,FALSE,FALSE
"CXCL12",0.000428618490588936,-0.780115621703923,0.0112025871483125,-1.34793393877562,-0.212297304632221,-0.611914609832024,0.0292231049355345,-1.1505943635651,-0.0732348560989494,-1.39203023153595,0.00011066731033668,0.00417590262991292,0.12542773954399,0.151082624666715,0.00116028502265717,FALSE,FALSE
"TOLLIP",0.00043089573694392,-0.644246325487936,0.011492919733314,-1.11533702840263,-0.17315562257324,-0.509961280487047,0.028632295429422,-0.956877162209096,-0.0630453987649989,-1.15420760597498,0.000111260207652057,0.00417590262991292,0.126141312056451,0.149296969024843,0.00116028502265717,FALSE,FALSE
"ACTB",0.000432463340851255,0.42541421795669,0.160950245555261,-0.194922167571921,1.0457506034853,1.03201191390392,0.00243586824485066,0.443509145779899,1.62051468202794,1.45742613186061,0.000161168670184297,0.00417590262991292,0.490721104558115,0.0349325017229416,0.00154806748992812,FALSE,FALSE
"IL1RAP",0.000439842664597533,0.25687580409996,0.0868740331943209,-0.04328921237986,0.557040820579779,0.459683620184335,0.00424522043957555,0.174922082390873,0.744445157977798,0.716559424284295,0.000140104810884675,0.00422480454152893,0.351661086311471,0.047530842344941,0.00139722010854935,FALSE,FALSE
"ANLN",0.000472210684581427,0.0603118538874349,0.55308158305801,-0.155025250508346,0.275648958283216,0.410833938134491,0.000893576750440256,0.206547223743654,0.615120652525328,0.471145792021926,0.000296648507646007,0.00451196072963929,0.822218001645546,0.0235639086968098,0.00240614900646205,FALSE,FALSE
"NDUFA1",0.000476811024884034,-0.583438974143588,0.00100344693652948,-0.87798285000782,-0.288895098279356,-0.0906230513945473,0.493294136838597,-0.370051906970008,0.188805804180913,-0.674062025538135,0.000202424771352941,0.00453218812715293,0.0472971017471897,0.803806765609044,0.00179332625106367,FALSE,FALSE
"HSP90B1",0.000484286538750323,-0.790534029999883,0.0015022899311462,-1.21179328720985,-0.36927477278991,-0.190135378229405,0.320359228575781,-0.589776999693671,0.209506243234861,-0.980669408229288,0.000174591106696775,0.00457939343636963,0.0498487113516692,0.647608038541913,0.00161324184583559,FALSE,FALSE
"ILF3",0.00049130425442256,-0.296831708959622,0.00932735503945743,-0.505996544415986,-0.0876668735032578,-0.207599778935589,0.0417170223772815,-0.406030964872525,-0.00916859299865233,-0.504431487895211,0.000128054724872176,0.00462180548619161,0.110133355098023,0.186601877055242,0.00130558588207665,FALSE,FALSE
"GOT2",0.000500555098744828,-0.236194880810994,0.00926665719762686,-0.402442553405655,-0.0699472082163331,-0.163835669746994,0.0429505586750338,-0.321552060077319,-0.00611927941666868,-0.400030550557988,0.000130627426879841,0.00466641671339578,0.110133355098023,0.189021796216021,0.00132441696697616,FALSE,FALSE
"ANKRD28",0.000502253991692269,-0.454778754647414,0.00551405056791554,-0.748330445393587,-0.161227063901241,-0.248183625554362,0.0760157765001482,-0.526671211679746,0.0303039605710217,-0.702962380201776,0.000136301903289604,0.00466641671339578,0.0906589395175303,0.269724408367998,0.00137201845482227,FALSE,FALSE
"CACNB3",0.000503717310980256,0.287609362403088,0.0790696656764261,-0.0389294294072474,0.614148154213424,0.482401422688477,0.00533920050633371,0.172619524732418,0.792183320644536,0.770010785091565,0.000156050057718685,0.00466641671339578,0.338147587879284,0.0535386863959287,0.00151484763476915,FALSE,FALSE
"HLA-F",0.000506889220406589,0.757483142497685,0.000815179027484196,0.385276089004329,1.12969019599104,0.0746296824317975,0.653393644809471,-0.278476932633944,0.427736297497539,0.832112824929482,0.00024725530036944,0.00467208498607084,0.0472971017471897,0.886089004418879,0.00207945125886741,FALSE,FALSE
"EPOR",0.000518581523185634,-0.150526747454275,0.203630276651983,-0.394449078653643,0.0933955837450937,-0.40682481370465,0.00239342917867943,-0.638229855335036,-0.175419772074263,-0.557351561158925,0.00020514046745882,0.00474805038587846,0.53471259696384,0.0346667321515076,0.00180860557059105,FALSE,FALSE
"PRKACA",0.000523223612327577,-0.258612874903337,0.00934346514497624,-0.440901261690634,-0.0763244881160386,-0.177719692542565,0.044869020090017,-0.350653640516246,-0.00478574456888309,-0.436332567445901,0.000136825950015152,0.00474805038587846,0.110133355098023,0.196841254000676,0.00137201845482227,FALSE,FALSE
"ZBTB20",0.00052413125668573,0.0986144954484767,0.316542786809133,-0.106962510236696,0.30419150113365,-0.460144978308347,0.000244738121735025,-0.655172450065106,-0.265117506551588,-0.361530482859871,0.00164256843131226,0.00474805038587846,0.659464139185693,0.0117791377836804,0.00858620941610282,FALSE,FALSE
"ANXA1",0.000525537631752026,0.827714900310025,0.0658755456158784,-0.0635217704705348,1.71895157109058,1.27248597402194,0.00659074277941636,0.426984629842281,2.1179873182016,2.10020087433197,0.000156978169264156,0.00474805038587846,0.306756357557743,0.0626463831897649,0.00151579449157188,FALSE,FALSE
"DUSP8",0.000537729350804387,-0.64024456203477,0.00688286980364769,-1.06871118040882,-0.21177794366072,-0.379659993975402,0.0645508469032531,-0.786139118599047,0.0268191306482427,-1.01990455601017,0.000143699229319004,0.00483426633112318,0.101992337483509,0.240910624945679,0.00142527768210425,FALSE,FALSE
"P4HA2",0.000542515089590252,-0.660487352704294,0.00250047927570913,-1.03855414928267,-0.282420556125923,-0.22106448580223,0.204148377246149,-0.579730141263593,0.137601169659132,-0.881551838506525,0.000172139306013554,0.0048388162318919,0.065191066830988,0.502899017306913,0.00161104735115249,FALSE,FALSE
"BCL6",0.000543722510534027,0.249089439101466,0.0880597898325163,-0.0432126736925862,0.541391551895519,-0.68192401209057,0.000171365893871169,-0.959226144483165,-0.404621879697975,-0.432834572989103,0.00526135122600605,0.0048388162318919,0.351661086311471,0.0100884760101576,0.0199210912602926,FALSE,FALSE
"TECR",0.000546189667819031,-0.401326217398708,0.0287063270365888,-0.753236748061492,-0.0494156867359236,-0.434575233466972,0.0150031330309138,-0.768426876314848,-0.100723590619095,-0.835901450865679,0.000146400007951605,0.0048388162318919,0.198317823618721,0.10050158613592,0.00144391346970444,FALSE,FALSE
"UBA7",0.000549646409392981,0.267624950620031,0.000168497066414485,0.159006924258899,0.376242976981162,-0.0915062152751095,0.0769301530485242,-0.194550322751125,0.0115378922009063,0.176118735344921,0.00290590698203491,0.00484591641131493,0.035340082831109,0.271561952250593,0.0131340462077649,FALSE,FALSE
"CXCL14",0.000570210037895637,0.325634627964617,0.468356645735988,-0.621779121999386,1.27304837792862,1.7286757634336,0.00125274119949338,0.829880162499346,2.62747136436786,2.05431039139822,0.000319880403104325,0.00500304480365162,0.776340489071915,0.027709088824718,0.00250870409466698,FALSE,FALSE
"ARID1B",0.000583634613003793,-0.157088808712494,0.0528277077852733,-0.316428010026224,0.00225039260123594,-0.215645427708611,0.0090501758765077,-0.366807866719655,-0.0644829886975669,-0.372734236421105,0.000167382584360828,0.00509633095087044,0.268548865098969,0.0724411007659059,0.00158276277957778,FALSE,FALSE
"IL2RG",0.000596347962730659,0.345564007193009,0.0617219488906694,-0.0198512979892437,0.710979312375262,0.504860388033012,0.00802337071803062,0.158196991154577,0.851523784911447,0.850424395226021,0.000175025690671478,0.00517816657258688,0.292576144881368,0.0669316322535794,0.00161324184583559,FALSE,FALSE
"PDGFA",0.000598681176337441,-0.678407821107329,0.0659929829094906,-1.40924465918292,0.0524290169682657,-1.01954144025522,0.00757706530625036,-1.71287414213758,-0.326208738372851,-1.69794926136255,0.000177652925361117,0.00517816657258688,0.306756357557743,0.0663448702573189,0.00162108294392019,FALSE,FALSE
"ATM",0.00060664503450762,-0.294793386320844,0.0356000362822542,-0.566157915537107,-0.0234288571045811,-0.340836308355116,0.0137119705027822,-0.598275304905926,-0.0833973118043067,-0.63562969467596,0.000165463094131992,0.00520689819483987,0.218916859811072,0.0940426514742121,0.00157276118120253,FALSE,FALSE
"EFNA5",0.000607709213973092,0.280290292070225,0.152354214290332,-0.11929875185421,0.679879335994659,0.62667621370746,0.00363340345972176,0.247592761652376,1.00575966576254,0.906966505777685,0.000217251867654252,0.00520689819483987,0.476216870868853,0.0439136510860412,0.00188802218318576,FALSE,FALSE
"NDUFA7",0.000623261589545768,-0.388682294112038,0.00640256208976084,-0.645716226114002,-0.131648362110074,-0.21144653270472,0.0832452608190315,-0.455290331027235,0.0323972656177948,-0.600128826816758,0.00017016775212428,0.00529143641025666,0.0990226763882503,0.287251546155073,0.00160080488467428,FALSE,FALSE
"PTGER4",0.000625632048066572,-1.4543648020827,0.00445078767889566,-2.36192951077045,-0.546800093394937,-0.651003332919787,0.125388196370589,-1.51199481395194,0.20998814811237,-2.10536813500248,0.000179990042628959,0.00529143641025666,0.0811583516332195,0.379895725761849,0.00163423794924303,FALSE,FALSE
"HLA-B",0.000626274117597501,0.967403828024487,0.000887916152085631,0.48676042581291,1.44804723023606,0.072898214018791,0.733625971096207,-0.383080153977508,0.52887658201509,1.04030204204328,0.000324774411138621,0.00529143641025666,0.0472971017471897,0.919551783825946,0.00251423818006864,FALSE,FALSE
"SHC2",0.000651112907537154,-0.220590956097359,0.370387807427108,-0.737042005142162,0.295860092947444,-0.899012930233158,0.00176826314121526,-1.38896141472263,-0.409064445743686,-1.11960388633052,0.000320441592824458,0.00546628887887775,0.705046431043294,0.0313200018816388,0.00250870409466698,FALSE,FALSE
"H3-5",0.000652959438682384,-0.251338236735998,0.0269261683158402,-0.468676960276968,-0.0339995131950283,-0.254892690162525,0.019542493503838,-0.461078307205462,-0.0487070731195892,-0.506230926898523,0.00017375975266323,0.00546628887887775,0.190986213532662,0.118159143270181,0.00161324184583559,FALSE,FALSE
"PYCR1",0.000658764192950592,-0.910066214035908,0.00100387951796956,-1.36953090434587,-0.450601523725941,-0.0841270507776565,0.681541191691389,-0.520013528518674,0.351759426963361,-0.994193264813564,0.000325510129882451,0.00547751505049802,0.0472971017471897,0.90276680544326,0.00251423818006864,FALSE,FALSE
"GOT1",0.000660303184169625,-0.777229110200222,0.00810158718697683,-1.31179535770282,-0.242662862697626,-0.465160635365811,0.0688381640415241,-0.972294706073061,0.0419734353414394,-1.24238974556603,0.000177113533193029,0.00547751505049802,0.108676727609984,0.250757783185193,0.00162108294392019,FALSE,FALSE
"KRT7",0.000670557859915755,0.892407239430926,0.0337592105406407,0.0809192674359455,1.70389521142591,0.988211185105262,0.0161387928138352,0.218366099504741,1.75805627070578,1.88061842453619,0.000181549449183485,0.00551454796168674,0.215222810359412,0.104617865749658,0.00164023636019733,FALSE,FALSE
"NDUFA11",0.000670810765750387,-0.442684354361292,0.00235495440491815,-0.693901199193654,-0.19146750952893,-0.124197014095204,0.278364128406232,-0.362522238976614,0.114128210786205,-0.566881368456496,0.000228380071809281,0.00551454796168674,0.0649322901469991,0.597664158048675,0.00195188620274975,FALSE,FALSE
"LEFTY1",0.000688485019042713,-0.388208713489817,0.333873541753288,-1.22827951504363,0.451862088063999,-1.43213375422956,0.00205244028971673,-2.22909489284357,-0.635172615615544,-1.82034246771937,0.000321663977069629,0.0056312408407184,0.6800437652899,0.0333544154671794,0.00250870409466698,FALSE,FALSE
"ITGAV",0.000695143299879665,0.409105091661119,0.086700276656794,-0.0686451445073433,0.886855327829582,0.676475175101069,0.00693076800516584,0.22324150540836,1.12970884479378,1.08558026676219,0.000215187828199957,0.0056312408407184,0.351661086311471,0.0645339367827942,0.00187903247112403,FALSE,FALSE
"CD36",0.000700931639963466,-0.232168024063766,0.0583376236711245,-0.473936697379449,0.0096006492519175,-0.321134710853663,0.0100733955400041,-0.550496613220083,-0.0917728084872433,-0.553302734917429,0.000202372882542609,0.0056312408407184,0.283154689361176,0.0781605921041265,0.00179332625106367,FALSE,FALSE
"SLC39A6",0.000702447992316913,-0.291874452148157,0.00925556902361327,-0.497269880933371,-0.0864790233629425,-0.182388274321762,0.0640572793532201,-0.377243487106219,0.0124669384626947,-0.474262726469919,0.000187402241875161,0.0056312408407184,0.110133355098023,0.24054431032845,0.00167651515403024,FALSE,FALSE
"NUPR1",0.000702805017381493,-0.63431596909714,0.00214510649124166,-0.989517800291928,-0.279114137902352,-0.158659201537287,0.325192498338663,-0.495633246228741,0.178314843154166,-0.792975170634427,0.000250240160989192,0.0056312408407184,0.061169052289313,0.65074156739919,0.00209490043029943,FALSE,FALSE
"C5",0.000703519403662354,-0.576749391218029,0.0174047856635289,-1.03269560598399,-0.120803176452067,-0.478147565976513,0.0330028517758594,-0.910696124734334,-0.0455990072186915,-1.05489695719454,0.000184185573607311,0.0056312408407184,0.157246207108615,0.160477956132148,0.00165585552627262,FALSE,FALSE
"NDUFA6",0.000710470419575461,-0.330530001876396,0.00303254903075661,-0.525138089733719,-0.135921914019074,-0.108733126539136,0.223645173357355,-0.293354569154925,0.0758883160766531,-0.439263128415532,0.000227839377472438,0.00566204592019745,0.0703545805921185,0.528706477815254,0.00195188620274975,FALSE,FALSE
"MNX1",0.000719692966819016,-0.032524694931806,0.877747450624413,-0.483493220258652,0.41844383039504,-0.867702542300436,0.000837063233349209,-1.29552885022448,-0.439876234376387,-0.900227237232242,0.000627382542901615,0.00571060723671611,0.960102108840201,0.0232191428633661,0.00415804311189073,FALSE,FALSE
"COX6A1",0.000741725468980442,-0.504892041946576,0.00329634779130556,-0.805868964885057,-0.203915119008095,-0.172018617164856,0.213859715644507,-0.457550397055229,0.113513162725518,-0.676910659111432,0.000234962660321558,0.00585995229822211,0.0707713205493309,0.516160489872195,0.00198521692169835,FALSE,FALSE
"CD276",0.000751397839094409,0.134488036779861,0.422772555036738,-0.218575587096746,0.487551660656467,0.612983347909097,0.0018019727109984,0.278037784788172,0.947928911030022,0.747471384688958,0.000390039980778019,0.00591078041529007,0.739734320443149,0.0313200018816388,0.00285872676674653,FALSE,FALSE
"ENDOG",0.000830762784912231,-0.416827040265648,0.0123263191179312,-0.725525630528277,-0.108128450003018,-0.28267225625776,0.0572352492471424,-0.575529452971655,0.0101849404561364,-0.699499296523407,0.000220382712338121,0.00648906190853416,0.131552820995465,0.226091623108301,0.0019061537915501,FALSE,FALSE
"PDGFD",0.000832022184436709,-0.196459581558656,0.502165692348485,-0.815112383209652,0.42219322009234,-1.08353118703714,0.00169192453349196,-1.6704367672556,-0.496625606818686,-1.2799907685958,0.000470665824676054,0.00648906190853416,0.791952496016325,0.0305719036992359,0.00330371203859153,FALSE,FALSE
"MDM4",0.000863329169039861,-0.206613707452855,0.0983763975503653,-0.457837372486261,0.0446099575805497,-0.34903132503345,0.0077636691029629,-0.587363020125679,-0.110699629941222,-0.555645032486306,0.000270800179918417,0.00669654188745636,0.374035261519618,0.0665197000605976,0.00224641058341414,FALSE,FALSE
"TP53",0.000865963772843672,-0.181695712684987,0.0232145814008909,-0.333942123034383,-0.0294493023355921,-0.161767045872721,0.0311412434988344,-0.306200672559337,-0.0173334191861049,-0.343462758557708,0.000228878710897779,0.00669654188745636,0.17566125134237,0.155706217494172,0.00195188620274975,FALSE,FALSE
"KDM6A",0.000871226248852316,-0.124332392337099,0.150998980636768,-0.300944641306557,0.0522798566323593,-0.261154122257977,0.00530826624241821,-0.428703213086441,-0.0936050314295128,-0.385486514595076,0.000302716759264683,0.006708809722175,0.47594670062539,0.0535225739912333,0.00243373606016761,FALSE,FALSE
"SETD2",0.000880600528737262,-0.141002747570022,0.219337567658507,-0.378048465181225,0.0960429700411803,-0.368773160169173,0.00383163170381115,-0.59365447334132,-0.143891846997027,-0.509775907739196,0.000342617561669221,0.00675250405439287,0.554419752045396,0.0451143732868087,0.00260147631897056,FALSE,FALSE
"AKT1",0.000891134883665407,-0.400603580376279,0.00141704192462117,-0.612384751397817,-0.18882240935474,-0.0437304797725551,0.643843561929286,-0.244643739562268,0.157182780017158,-0.444334060148834,0.000420038602849366,0.00680469105727769,0.0489830907383531,0.884117728141821,0.00300615862823566,FALSE,FALSE
"RAC2",0.000907327163484414,0.18248791941894,0.17263742089163,-0.0916887730075809,0.456664611845461,0.410560389961633,0.00490258277543088,0.150453541141859,0.670667238781406,0.593048309380573,0.000326506547219873,0.0068994669723294,0.509790451731366,0.0505785899116213,0.00251423818006864,FALSE,FALSE
"SELENOK",0.000915591716232132,-0.4068228822676,0.00683592480500421,-0.678769923288932,-0.134875841246267,-0.197657670681178,0.120921488780057,-0.455649286452375,0.0603339450900177,-0.604480552948778,0.000259634281967516,0.006933422747401,0.101992337483509,0.372144548100514,0.00216361901639596,FALSE,FALSE
"TYMP",0.000971324440192696,0.822440051550064,0.00660605513426679,0.275762271487031,1.3691178316131,0.382284654254883,0.13424514307203,-0.136339425106249,0.900908733616016,1.20472470580495,0.000279247743750915,0.0073250706750069,0.100467088500307,0.392320759256021,0.00230600512373493,FALSE,FALSE
"ARID1A",0.00104965225736025,-0.222311344477739,0.0483360104960782,-0.442712316799753,-0.00191037215572473,-0.260901206633518,0.0186526406419819,-0.469991927949506,-0.0518104853175294,-0.483212551111256,0.000291594435206783,0.00785870004907102,0.256433776614368,0.115393454819041,0.00237894672567168,FALSE,FALSE
"MSH6",0.00105497789205126,-0.822455181731845,0.00935379180284578,-1.40229046624031,-0.24261989722338,-0.448584414433784,0.100935973472094,-0.998664464467333,0.101495635599764,-1.27103959616563,0.000291991269342716,0.00785870004907102,0.110133355098023,0.327772511719878,0.00237894672567168,FALSE,FALSE
"RPS6KB1",0.00105500356823145,-0.301295463054028,0.0158857297949996,-0.535300333203483,-0.0672905929045733,-0.214056446987642,0.0574546701876822,-0.436052958960909,0.00794006498562552,-0.51535191004167,0.000280755501937228,0.00785870004907102,0.149969744324706,0.226468192424449,0.00230801257223172,FALSE,FALSE
"CRABP2",0.00106462712852844,0.459477197796223,0.14028129186063,-0.174472605599032,1.09342700119148,0.896724424797589,0.00697387854077857,0.295306834514104,1.49814201508107,1.35620162259381,0.000357859153452698,0.00789814841286345,0.457166710081518,0.0646057275985832,0.0026669251788203,FALSE,FALSE
"WNT10A",0.00110287367202084,-0.15279474877079,0.436169018628128,-0.566061724541865,0.260472227000285,0.83615737425084,0.000563524026491803,0.444097896700975,1.22821685180071,0.68336262548005,0.00254047575322651,0.0081319644595108,0.751660490081523,0.0190450249693989,0.0117973746810137,FALSE,FALSE
"NDUFA3",0.00110505599230613,-0.348610564535294,0.00705661492163556,-0.582876270055147,-0.114344859015442,-0.159273517843045,0.144386524156167,-0.381517479975749,0.0629704442896588,-0.507884082378339,0.000320314356902546,0.0081319644595108,0.101992337483509,0.409496628157958,0.00250870409466698,FALSE,FALSE
"GNAS",0.00112700603530409,-0.906426937448502,0.0039750885027554,-1.4622859762572,-0.350567898639806,-0.276175858477413,0.276093695276152,-0.803510044665636,0.25115832771081,-1.18260279592591,0.000374562443782419,0.00826018479690751,0.0763635422897749,0.595719978485347,0.00277876609716632,FALSE,FALSE
"MAP2K4",0.00113633770651699,-0.199322351403248,0.0328718637575081,-0.379473112665951,-0.0191715901405456,-0.193467204464065,0.0296865903616658,-0.364373222805077,-0.0225611861230533,-0.392789555867313,0.000305443141152066,0.00829526525757404,0.214862129119851,0.15175918042028,0.00244488479211632,FALSE,FALSE
"KMT2D",0.00114634252817168,-0.23267341628132,0.0406183152631053,-0.453640016374748,-0.0117068161878915,-0.247764285446361,0.0243117636487699,-0.457391608382004,-0.0381369625107185,-0.480437701727681,0.000312672573502168,0.00833496061320048,0.235328334460848,0.135271245911601,0.00249182291109806,FALSE,FALSE
"SERINC2",0.00115963593940788,0.305631774191503,0.0987078775149164,-0.0663996218922584,0.677663170275264,0.490206111452538,0.0105407404596441,0.137266139637458,0.843146083267617,0.79583788564404,0.000358025571951219,0.00839815710087054,0.374515335685494,0.0796842949735656,0.0026669251788203,FALSE,FALSE
"CDH2",0.00116720941998886,0.175093395350686,0.148824602838875,-0.072178902717157,0.422365693418529,0.347446477149557,0.00725837734792073,0.112863377902026,0.582029576397088,0.522539872500243,0.000395979362386909,0.00841959364221214,0.471545431016246,0.065746376395407,0.0028900436358348,FALSE,FALSE
"COL6A3",0.00117611640737006,1.01956992304489,0.0414703881418807,0.0464296921007274,1.99271015398905,1.08944439990467,0.0244934270094152,0.166242516146921,2.01264628366241,2.10901432294955,0.000321250578146152,0.00845044269074945,0.239504615059912,0.135867794201163,0.00250870409466698,FALSE,FALSE
"SRR",0.00120388661746906,-0.180648319366679,0.044082840923442,-0.355665084834851,-0.00563155389850667,-0.197365993094214,0.023660096753116,-0.363401475372692,-0.0313305108157346,-0.378014312460892,0.000330485138282308,0.00861605128188641,0.246782775108226,0.133893848020593,0.00253418225783703,FALSE,FALSE
"NDUFB11",0.00123372148893673,-0.500390651197676,0.00472144081408335,-0.815538847715003,-0.18524245468035,-0.164953683352537,0.252504644418462,-0.463929513799266,0.134022147094192,-0.665344334550213,0.000399082444467536,0.00879508483324034,0.0828522065932895,0.566422740956479,0.0028901804014018,FALSE,FALSE
"MYC",0.00123962785712894,-0.924003359341142,0.048905640497786,-1.8427979078014,-0.00520881088088299,-1.05126220304226,0.0220653171926049,-1.92290724550637,-0.179617160578148,-1.9752655623834,0.000343537420751728,0.00880280482202461,0.257956051758554,0.127838742465092,0.00260147631897056,FALSE,FALSE
"CD99",0.00125207746423199,-0.736416802159902,0.000334459002538353,-1.06033813476449,-0.412495469555318,0.353235426393403,0.0276851821951676,0.0459366682691689,0.660534184517636,-0.383181375766499,0.0187170774279252,0.00885674950474178,0.0435991199737496,0.146027333832893,0.0551836289272432,FALSE,FALSE
"CACNA2D1",0.00126160160482669,-0.00916535637113061,0.928356034545001,-0.226651577418536,0.208320864676275,0.402898430579557,0.00111808403850055,0.196572885115761,0.609223976043352,0.393733074208426,0.00132787344691333,0.00888854598130709,0.978205341908711,0.0268487285560986,0.00736586334533988,FALSE,FALSE
"SFN",0.00126977721359432,0.058597841879178,0.855901814045744,-0.629507861182417,0.746703544940773,1.22925407937867,0.00146488916039527,0.57645969159083,1.88204846716651,1.28785192125785,0.00103476582364551,0.00888854598130709,0.95947224240386,0.0297046968635707,0.00611048742344757,FALSE,FALSE
"CCND2",0.00127118383623077,-0.824210526894101,0.0136118673011694,-1.44589929566826,-0.202521758119943,-0.511391870023742,0.0832635988581007,-1.10117762154537,0.0783938814978891,-1.33560239691784,0.000345533967126254,0.00888854598130709,0.138009210136857,0.287251546155073,0.0026057830165513,FALSE,FALSE
"NKD1",0.00127678281076601,0.0626980172321017,0.537959256023177,-0.152760251320772,0.278156285784975,0.359479278913587,0.00238750017793489,0.155077618110593,0.56388093971658,0.422177296145688,0.000726418778428846,0.00889362072384719,0.818125733266193,0.0346667321515076,0.00465162901976366,FALSE,FALSE
"DEFB1",0.0012835130256876,-0.719256665836206,0.197227791134955,-1.86713830085793,0.42862496918552,-1.6568067335886,0.00616789883276818,-2.74578286887262,-0.567830598304568,-2.3760633994248,0.000468900184741168,0.00890650673718579,0.532524165583677,0.0598745498393719,0.00330371203859153,FALSE,FALSE
"GABPA",0.00129468147260587,-0.204240473254646,0.0173676114148503,-0.365634133113645,-0.0428468133956463,-0.142268461559645,0.0657604690704319,-0.295379931079123,0.0108430079598331,-0.346508934814291,0.000347363820423014,0.00893812334254377,0.157246207108615,0.243479542569689,0.00260880235502881,FALSE,FALSE
"FGFR2",0.00129786448535567,-0.20520420587074,0.365277982617967,-0.68035447468316,0.269946062941681,-0.7487775310288,0.00351930096406817,-1.19954465511536,-0.298010406942244,-0.95398173689954,0.000599292746470085,0.00893812334254377,0.700548956905676,0.0436480365855897,0.00406291934706303,FALSE,FALSE
"ZEB2",0.00132544456271045,0.290037168489871,0.0876344150409865,-0.049800891532015,0.629875228511757,0.427783922777074,0.0135504335676943,0.105385231192422,0.750182614361725,0.717821091266945,0.000397479974024402,0.00906750222480449,0.351661086311471,0.0936725047766743,0.0028900436358348,FALSE,FALSE
"ELMO1",0.00132658799672482,-0.296262440287866,0.153081752578833,-0.71943917951508,0.126914298939347,-0.584236180057224,0.00805803080892401,-0.985696884685559,-0.182775475428889,-0.880498620345091,0.000449588334925982,0.00906750222480449,0.477562732404051,0.0669316322535794,0.00318460144000134,FALSE,FALSE
"CDH3",0.0013634944755378,0.482677237444197,0.128887649407725,-0.162210322068904,1.1275647969573,0.86195729567299,0.00972164292527449,0.250163238842355,1.47375135250363,1.34463453311719,0.000441946982136973,0.00928499036513612,0.437495668669107,0.0758205057206237,0.00315059860312491,FALSE,FALSE
"PRKAR2A",0.00137684449787645,-0.277419635153066,0.0115427940347547,-0.480435296462187,-0.0744039738439439,-0.15333175724119,0.10839673144202,-0.345929324367834,0.0392658098854534,-0.430751392394256,0.000383033273535538,0.00934104538522128,0.126141312056451,0.346451899967927,0.00283010414656825,FALSE,FALSE
"UQCRQ",0.0014454935867145,-0.491345722690985,0.00890417312255248,-0.834800246698144,-0.147891198683825,-0.229362777617241,0.151025726393924,-0.555192348182723,0.0964667929482405,-0.720708500308226,0.000419499292226314,0.00977046591019984,0.110070294439696,0.420796871250246,0.00300615862823566,FALSE,FALSE
"GADD45G",0.00145239700226971,-0.570647869644397,0.0238236756733859,-1.0514034444798,-0.0898922948089957,-0.447511366108318,0.0537963584487802,-0.903596150399337,0.00857341818270074,-1.01815923575271,0.000388933916849937,0.00978090232155803,0.177462073893589,0.218808022792641,0.00285872676674653,FALSE,FALSE
"FZD3",0.0014741967153331,-0.239522573893146,0.0994013505029039,-0.531754776825064,0.0527096290387731,-0.368418775167403,0.0134400271231595,-0.645654585241423,-0.0911829650933833,-0.607941349060549,0.000450206669326217,0.00987646671350502,0.375584812976811,0.0936185095410921,0.00318460144000134,FALSE,FALSE
"H3C10",0.0014774111850887,0.0266629359918084,0.889547309781637,-0.38286108192986,0.436186953913477,0.721850774229775,0.00161541094356235,0.333342178276949,1.1103593701826,0.748513710221583,0.00123678441447652,0.00987646671350502,0.965748863980659,0.029925793263999,0.0070097253304958,FALSE,FALSE
"PPP3CB",0.00153535339136689,-0.262497430494281,0.0176296282041453,-0.470536385970386,-0.0544584750181753,-0.174475283464547,0.0781035213348227,-0.371838365868603,0.0228877989395087,-0.436972713958828,0.000416195248236666,0.0102030199951062,0.158161065425681,0.273587190856145,0.00300219892502733,FALSE,FALSE
"PSMB9",0.0015381430611293,0.443112518265654,0.00385145884584823,0.172685747535643,0.713539288995664,0.103830619261949,0.395200277536306,-0.152718741475348,0.360379979999245,0.546943137527602,0.000565237877721198,0.0102030199951062,0.0755797031577744,0.73587218054368,0.00390247344073044,FALSE,FALSE
"FLNC",0.00154303206501331,0.0617594286670115,0.674950897642634,-0.251314463943271,0.374833321277294,0.526102354286142,0.00227102388602501,0.229094381311107,0.823110327261178,0.587861782953154,0.00100941353848397,0.0102030199951062,0.877976242800107,0.034087237333715,0.00600058536720928,FALSE,FALSE
"ADAM12",0.00160125790522231,0.161161558160776,0.49924506608798,-0.342820831524121,0.665143947845673,0.805939877563758,0.00319113712306881,0.327820201958111,1.28405955316941,0.967101435724534,0.000854650226439474,0.0105498038881975,0.791952496016325,0.0413037251744721,0.00525163859680822,FALSE,FALSE
"COMP",0.00163085305900337,0.187555968343537,0.647913060062071,-0.684936312389235,1.06004824907631,1.44635758475174,0.00249662216420811,0.618638730342554,2.27407643916092,1.63391355309527,0.00103013248445234,0.0107061396859034,0.862921405065379,0.035320429842479,0.00610386942897896,FALSE,FALSE
"E2F3",0.00165603198763433,-0.0631762437340046,0.420225181210477,-0.228096254674115,0.101743767206106,0.31906124795506,0.000802299022186441,0.16260438806187,0.475518107848251,0.255885004221056,0.00389907113168644,0.010832467302626,0.738835217446167,0.0231388159641526,0.0160265874219094,FALSE,FALSE
"BST1",0.00172343607506951,0.0520366776669831,0.4479251300085,-0.092475749777008,0.196549105110974,0.225028771606012,0.00380820139851594,0.0879322453291614,0.362125297882864,0.277065449272996,0.000860436535745023,0.0112331101321495,0.758314807296394,0.0451143732868087,0.00526945193870694,FALSE,FALSE
"CAPN2",0.00178155276955633,0.113896121688515,0.505238016037153,-0.247406261962987,0.475198505340018,0.570033451173943,0.00349208826710244,0.227271914257923,0.912794988089962,0.683929572862458,0.000949011520893214,0.0115705829339512,0.791952496016325,0.0436480365855897,0.00569719087378328,FALSE,FALSE
"PRDM1",0.00179901464481926,0.214032786499649,0.0810492338338415,-0.0307904668290169,0.458856039828315,0.285582626282361,0.0200728512441166,0.0533228948750661,0.517842357689657,0.49961541278201,0.000526035306735133,0.0116425593148764,0.339551275638862,0.11953259831242,0.00366417723202907,FALSE,FALSE
"BAP1",0.00181364534688291,-0.284393291745486,0.0118094306302753,-0.493374885213735,-0.0754116982772359,-0.142679767011178,0.142854174647377,-0.340937114334489,0.0555775803121329,-0.427073058756664,0.000520111525764032,0.0116957694631141,0.127527875149422,0.406722104105245,0.00363679515141516,FALSE,FALSE
"THEM4",0.00182119802808606,-0.164355617417524,0.119568645186557,-0.378014668258801,0.0493034334237531,-0.26721082310204,0.0140294840173714,-0.469905596112485,-0.0645160500915946,-0.431566440519564,0.000571160940329276,0.0117031211311869,0.417659346079386,0.0951930619237804,0.00391867938383807,FALSE,FALSE
"COX6B1",0.00186623013077241,-0.46361438186326,0.00333497729711916,-0.740466710867018,-0.186762052859502,-0.073590306986269,0.552930895810343,-0.33623548753852,0.189054873565982,-0.537204688849529,0.000783968764808557,0.0119457546052494,0.0707713205493309,0.840215557746774,0.00489980478005348,FALSE,FALSE
"TNFAIP6",0.00187204702306922,0.0812700501904537,0.552694113277775,-0.208608735148342,0.371148835529249,0.460284385254782,0.00334629202582071,0.185281223144697,0.735287547364868,0.541554435445236,0.00104905335623872,0.0119457546052494,0.822218001645546,0.0427061744554042,0.00613628966389636,FALSE,FALSE
"LOXL2",0.00188845107375038,0.0153731568561064,0.958527276832854,-0.615441902361631,0.646188216073843,1.09036547341361,0.00186016303922539,0.491921762574999,1.68880918425222,1.10573863026972,0.00168192588190071,0.0119783749982769,0.988547709677612,0.0316862785953812,0.00867094557759548,FALSE,FALSE
"ATP11C",0.00189028602712534,0.0696385358477685,0.142334454449403,-0.0269882032956233,0.16626527499116,0.123719607519316,0.0123575790048373,0.0320514339488968,0.215387781089736,0.193358143367085,0.000615351967329649,0.0119783749982769,0.460496468209048,0.0895726651370541,0.00411361663141615,FALSE,FALSE
"GTF3C1",0.00191709578318429,-0.332586985807901,0.000812613988936638,-0.495945001701357,-0.169228969914444,0.0732529444778544,0.323381510303289,-0.081722076802938,0.228227965758647,-0.259334041330046,0.00335096465797153,0.012106227696579,0.0472971017471897,0.649946067346238,0.014405581198843,FALSE,FALSE
"FANCL",0.00194688871436006,-0.0891944535954091,0.387843944437934,-0.306075574946339,0.127686667755521,-0.324531956545716,0.00492489603436547,-0.53028345403381,-0.118780459057622,-0.413726410141125,0.000894462805511821,0.0122519720817487,0.714381673591859,0.0505785899116213,0.00544131540019691,FALSE,FALSE
"UQCR11",0.00195404008319536,-0.219524981401457,0.0117418933663977,-0.380671450295674,-0.0583785125072399,-0.106294326504288,0.155682283638454,-0.259171290084048,0.0465826370754727,-0.325819307905744,0.000566660527010174,0.0122547187348163,0.127527875149422,0.428995116900904,0.00390247344073044,FALSE,FALSE
"BCOR",0.00198470667877428,-0.486240965670371,0.0162219342207159,-0.865412399862366,-0.107069531478376,-0.282671104690415,0.112563550074485,-0.64238471140622,0.07704250202539,-0.768912070360786,0.000553394093180357,0.0124044167423392,0.151360266306164,0.352928828659043,0.00384009209146065,FALSE,FALSE
"IRAK3",0.00204540798012918,0.273923267352715,0.0615875062777505,-0.0155625100344994,0.56340904473993,0.310255198627766,0.0299590098507137,0.0356248765973464,0.584885520658186,0.584178465980481,0.000575465556907801,0.0126583829184463,0.292576144881368,0.152298587681205,0.00393342562305894,FALSE,FALSE
"HDAC5",0.00204679079853006,-0.182657826444506,0.117173355049819,-0.418402328105015,0.0530866752160029,-0.287176241216125,0.0161119706722191,-0.510823112548691,-0.063529369883558,-0.46983406766063,0.000635485659256137,0.0126583829184463,0.41202576679368,0.104617865749658,0.00415804311189073,FALSE,FALSE
"GLUD1",0.00205274231020773,-0.393895000050068,0.011313639400548,-0.681106403507523,-0.106683596592613,-0.182268496822614,0.170646169137516,-0.45474115829235,0.0902041646471207,-0.576163496872682,0.000603315694824154,0.0126583829184463,0.125898731134147,0.452150462833637,0.00406291934706303,FALSE,FALSE
"RRM2",0.00205308566786855,-0.15157422846047,0.210458236903372,-0.401177880646879,0.0980294237259393,0.487899907660653,0.000740324258874667,0.251105091698997,0.724694723622309,0.336325679200183,0.0092822613173583,0.0126583829184463,0.542367557653516,0.0221490454499388,0.0312548466866769,FALSE,FALSE
"DUSP4",0.00213216587038672,-1.03926212187621,0.015680365915373,-1.84440467607673,-0.234119567675693,-0.576608620417364,0.125938035115572,-1.34043391413713,0.187216673302399,-1.61587074229358,0.000601221063391994,0.0131016926378982,0.14904514476852,0.379895725761849,0.00406291934706303,FALSE,FALSE
"UQCR10",0.00214031594920116,-0.202870899676306,0.0287968346624445,-0.380885148942511,-0.0248566504101011,-0.155896920613063,0.0673038682813254,-0.324776065706913,0.012982224480786,-0.358767820289369,0.000581417241037777,0.0131076396217856,0.198317823618721,0.247141971053157,0.00395927785408188,FALSE,FALSE
"SPRY4",0.00214938224817077,0.0778029516835785,0.58570148896254,-0.22484228511733,0.380448188484487,0.475390037728917,0.00359560832121021,0.188275556341352,0.762504519116481,0.553192989412495,0.00123630756203349,0.0131191391401728,0.841961940781457,0.0437502393025919,0.0070097253304958,FALSE,FALSE
"CHAD",0.00216103204166129,-0.652052781894516,0.0124718442427264,-1.13599671298252,-0.168108850806513,-0.313533200240542,0.162565619130196,-0.77264272485664,0.145576324375556,-0.965585982135058,0.00062979331759803,0.0131462782534395,0.131567143022981,0.442149411196137,0.00415804311189073,FALSE,FALSE
"GRB7",0.00218799644747947,-0.201798441484579,0.156388760534515,-0.492573608649291,0.088976725680133,-0.368325108137515,0.0131006717468962,-0.644178652714524,-0.092471563560507,-0.570123549622094,0.000722758384746568,0.013266091417442,0.484566193506773,0.0930300620158972,0.00464448609916369,FALSE,FALSE
"P4HA1",0.00221700901138961,-0.0461281128758191,0.618893420253871,-0.242964158938694,0.150707933187056,0.356606758919249,0.00132075842523347,0.169871689565098,0.5433418282734,0.31047864604343,0.00349756282789587,0.0133940057588104,0.854706004608213,0.0283574603064833,0.0148105499983629,FALSE,FALSE
"NLRC5",0.00222377191502441,0.318919723183009,0.00875876774032556,0.0966244693408604,0.541214977025158,0.11880123337514,0.243203285457259,-0.0920865611808061,0.329689027931086,0.437720956558149,0.000698921537244225,0.0133940057588104,0.110070294439696,0.557595472310927,0.0045231624307472,FALSE,FALSE
"C1R",0.00224200284329376,0.971232189967606,0.00394168192185303,0.376400427380951,1.56606395255426,0.1566127981118,0.556647264298129,-0.407694160204109,0.720919756427709,1.12784498807941,0.000937129659900382,0.0134593920691155,0.0763635422897749,0.843755197129639,0.00566311797787482,FALSE,FALSE
"LRP6",0.00225567501691054,-0.345098533328338,0.0363001793452136,-0.664213982653715,-0.0259830840029616,-0.29360460900815,0.0562239324919935,-0.59634410593302,0.0091348879167199,-0.638703142336488,0.000614383651667407,0.0134970718224975,0.218973741836255,0.223062340864974,0.00411361663141615,FALSE,FALSE
"LIF",0.00226764632896902,0.0901957413511054,0.758044829872254,-0.533336812293867,0.713728294996078,1.01241071832353,0.00287900089742425,0.420875798889757,1.6039456377573,1.10260645967463,0.00157815539654889,0.013524361275714,0.916799153382706,0.0380621538431491,0.00839689095831407,FALSE,FALSE
"MAVS",0.00230191202461534,-0.251972500899749,0.0525496330320738,-0.507203386835603,0.00325838503610565,-0.256449470855507,0.0396456277279786,-0.498582749489488,-0.014316192221526,-0.508421971755255,0.000637946340454468,0.013657241159174,0.267885699116019,0.18178683233714,0.00415804311189073,FALSE,FALSE
"PLCB1",0.00230687235680869,-0.441920610481559,0.0228691800921353,-0.811060288994711,-0.0727809319684067,-0.293917882448996,0.0923985631884041,-0.64411453010216,0.0562787652041673,-0.735838492930555,0.000634456339868021,0.013657241159174,0.17566125134237,0.304991406814444,0.00415804311189073,FALSE,FALSE
"POLR2A",0.0023160476053549,-0.226125692128852,0.0389856821697232,-0.43877429794582,-0.0134770863118838,-0.197947879482511,0.0537923106514601,-0.399684060174797,0.00378830120977361,-0.424073571611363,0.000632295950426054,0.013657241159174,0.231002824544626,0.218808022792641,0.00415804311189073,FALSE,FALSE
"U2AF1",0.00231986014210626,-0.377782073597189,0.019231705534354,-0.682394234180049,-0.0731699130143287,-0.228000837083209,0.111270219659587,-0.51698130621125,0.0609796320448313,-0.605782910680398,0.00064639009128989,0.013657241159174,0.164008703739234,0.350722194954656,0.00419808511246993,FALSE,FALSE
"ENTPD1",0.00233366515307531,0.0885803217144966,0.500722958006608,-0.189402500073089,0.366563143502082,0.421061036367626,0.00455668288537852,0.157343376192792,0.684778696542461,0.509641358082123,0.0012088862564466,0.0136771449310331,0.791952496016325,0.0494996801536655,0.0069377906226888,FALSE,FALSE
"ITGB6",0.00233822970875744,0.926358761890539,0.189846095572089,-0.525950986121284,2.37866850990236,1.87970193500232,0.0116459834364009,0.501919933467552,3.25748393653709,2.80606069689286,0.000810413590709669,0.0136771449310331,0.524953218816762,0.0853571075157898,0.00504779796261142,FALSE,FALSE
"MLLT3",0.00248409536104883,0.0748483746131842,0.299447999703301,-0.075524559858261,0.225221309084629,0.207854506579094,0.00800106390867541,0.0651982151671897,0.350510797990999,0.282702881192278,0.00100004236831623,0.0144839426003646,0.641423238801084,0.0669316322535794,0.00596430497443504,FALSE,FALSE
"DUSP10",0.00251954242743025,-0.656640478195972,0.00164791808378475,-1.0110238240493,-0.302257132342647,0.0585495048667355,0.710987041862239,-0.277648056451573,0.394747066185044,-0.598090973329237,0.0022034753381715,0.0146438373568796,0.0513072790370486,0.908649405741307,0.0104450454341896,FALSE,FALSE
"PPP2CB",0.00255904516596874,-0.289984227055948,0.00803042253366884,-0.489132177010458,-0.0908362771014375,-0.0924359509681003,0.30739515926824,-0.281364284930944,0.0964923829947429,-0.382420178024048,0.00084997563522316,0.014826214056803,0.108559415732931,0.636760697976731,0.00525163859680822,FALSE,FALSE
"JUN",0.00257425010253271,-0.750623453576298,0.0071740636888061,-1.25642956394705,-0.244817343205549,-0.2153570866983,0.347449289446847,-0.695206895658924,0.264492722262325,-0.965980540274597,0.00088668563050404,0.0148493903684765,0.101992337483509,0.679220134632414,0.00541204440023369,FALSE,FALSE
"MTOR",0.00257931876537373,-0.173285835094466,0.0155283689616275,-0.307284556493488,-0.0392871136954449,-0.08841505768715,0.155563191847158,-0.215537406638526,0.0387072912642257,-0.261700892781616,0.000745343380741973,0.0148493903684765,0.14904514476852,0.428995116900904,0.00475612471976958,FALSE,FALSE
"NUMBL",0.00261191083039888,0.161883929411455,0.10055692688104,-0.0363800474327252,0.360147906255636,0.223063531347073,0.0239232448771989,0.0349738079099245,0.411153254784221,0.384947460758528,0.000780239061577733,0.0149830981861884,0.377569264747519,0.134338221233502,0.00489325184666448,FALSE,FALSE
"BST2",0.00261896346377758,0.553130656839059,0.0269425719634816,0.0747611998376156,1.0315001138405,0.38514831147298,0.0892161932539819,-0.0686728026817821,0.838969425627743,0.938278968312039,0.00072071468927755,0.0149830981861884,0.190986213532662,0.299587567767529,0.00464448609916369,FALSE,FALSE
"HPGD",0.0027068804394032,0.162971410659615,0.199624803170566,-0.0986139530660649,0.424556774385296,0.332604422500432,0.0128354465764827,0.0844427569194106,0.580766088081454,0.495575833160048,0.000943074043501467,0.0153481331632707,0.534031458180602,0.091502695320629,0.0056802314501326,FALSE,FALSE
"ACTR3B",0.00271473650417005,-0.240381574774466,0.0605658093357933,-0.493260047954155,0.0124968984052232,-0.252212739489387,0.0408853535126656,-0.492114323431472,-0.0123111555473008,-0.492594314263852,0.000760605145882706,0.0153481331632707,0.290535798703999,0.18461879722448,0.00481980691401368,FALSE,FALSE
"CXADR",0.00271759847149423,-0.156417591297747,0.0694997775154429,-0.327416177841084,0.0145809952455903,-0.176080366904979,0.0357299349530045,-0.338303869948888,-0.0138568638610697,-0.332497958202726,0.000771349091425367,0.0153481331632707,0.313953202885355,0.168059616724828,0.0048667943909383,FALSE,FALSE
"FBXW7",0.00271760553306312,-0.175450711067474,0.0512790508428611,-0.352045627220573,0.00114420508562557,-0.169017565978246,0.0482990439312188,-0.336550213453323,-0.00148491850317028,-0.34446827704572,0.000752532873962731,0.0153481331632707,0.264362338384806,0.20546796077966,0.00478527001735883,FALSE,FALSE
"ALCAM",0.00272481925747929,-0.394999215152927,0.0188649584835511,-0.712272071876366,-0.0777263584294885,-0.221716129328353,0.134482524413844,-0.522707589426653,0.0792753307699475,-0.61671534448128,0.00077335362924499,0.0153481331632707,0.162398817134343,0.392320759256021,0.0048667943909383,FALSE,FALSE
"MKI67",0.00288548469908526,-0.0594659840796467,0.698000277911236,-0.385440910199457,0.266508942040164,0.564365396197094,0.00183863279971315,0.25511842820398,0.873612364190209,0.504899412117448,0.00394343332692941,0.0162031063871711,0.88793880456743,0.0316557062214763,0.0161362462368748,FALSE,FALSE
"NT5E",0.00291049397325327,0.185368615986597,0.347685302938821,-0.227872146266642,0.598609378239836,0.570373119335837,0.00807013654952556,0.178338510112526,0.962407728559148,0.755741735322434,0.00123148458391453,0.0162473272999822,0.688159003081633,0.0669316322535794,0.0070097253304958,FALSE,FALSE
"RAD50",0.00291116494635298,-0.168922211835475,0.0194565107642348,-0.30544448979433,-0.0323999338766194,-0.0940656011977621,0.139535249848444,-0.223582006109138,0.0354508037136136,-0.262987813033237,0.000829525328605657,0.0162473272999822,0.164162785754218,0.400444745829875,0.005149264369746,FALSE,FALSE
"STC1",0.0029534590123232,-0.0287010018063992,0.811949840670058,-0.285819980021817,0.228417976409018,-0.407089642499188,0.00341137360560461,-0.651014122743969,-0.163165162254408,-0.435790644305588,0.00213843347337032,0.0164236943805952,0.941060610042482,0.0432344224321418,0.0102431524643067,FALSE,FALSE
"MAD2L2",0.00296076463080319,-0.280556664875433,0.00260953330489506,-0.442145029005999,-0.118968300744868,0.0018898233925862,0.979012733280204,-0.151406358817386,0.155186005602559,-0.278666841482847,0.00189087665322751,0.0164236943805952,0.0669660544936649,0.994267244427586,0.00946562047177668,FALSE,FALSE
"KRT10",0.00297455135974441,-0.382724235526265,0.00458044395518992,-0.62262547461389,-0.142822996438641,-0.0527293147940158,0.622842007303702,-0.280319613498068,0.174860983910037,-0.435453550320281,0.00130228709690112,0.0164501703985865,0.0811583516332195,0.88252070134259,0.00731284292875242,FALSE,FALSE
"CDK4",0.00304344050305696,-0.284380894624023,0.00273191829201232,-0.449268606043834,-0.119493183204212,0.000388109428468508,0.995775601039724,-0.156038108449279,0.156814327306216,-0.283992785195554,0.0019082444634674,0.0167410457824231,0.068297957300308,0.999141345183972,0.00947147475288742,FALSE,FALSE
"PLOD2",0.00304549435603533,0.192339623913879,0.1389472058705,-0.0720558875932498,0.456735135421008,0.307289988180342,0.0204381938347599,0.0564623823340064,0.558117594026678,0.499629612094222,0.000961567309383347,0.0167410457824231,0.455257900742662,0.12071101536711,0.0057536404577856,FALSE,FALSE
"BAGE",0.00306073490048248,-0.333301901466389,0.0267490085039812,-0.621106194939548,-0.0454976079932295,-0.219181828582173,0.10578640710436,-0.492216954907388,0.0538532977430422,-0.552483730048562,0.000852136993290451,0.0167742978780196,0.190986213532662,0.340361832551742,0.00525163859680822,FALSE,FALSE
"BMP4",0.00308819269878373,0.117115528037868,0.546135776675133,-0.293708781296612,0.527939837372349,0.60511712114674,0.00543948240157522,0.21537496044798,0.9948592818455,0.722232649184608,0.00164667029897862,0.0168741068122165,0.822218001645546,0.0542462042780042,0.00858620941610282,FALSE,FALSE
"TFE3",0.00310907243975312,0.0154359304082242,0.733822564212645,-0.0811903208958094,0.112062181712258,0.149315325172752,0.00400388532199248,0.0576476144073836,0.24098303593812,0.164751255580976,0.00205023638745458,0.0169374841867148,0.905494374366517,0.0459565453624923,0.0100313174453207,FALSE,FALSE
"CTNNB1",0.00313846607032014,0.0708008540779764,0.640673905140861,-0.251370676732175,0.392972384888128,0.486040659552772,0.0046751703513376,0.180401909165815,0.79167940993973,0.556841513630749,0.00186094759798224,0.0170245588798848,0.86252568408927,0.0498958239250943,0.00938692322258066,FALSE,FALSE
"MLH1",0.00314371306439516,-0.221743702635735,0.00853303785742274,-0.375612789535027,-0.0678746157364422,-0.0645569668909015,0.354270445827629,-0.210529999718543,0.0814160659367404,-0.286300669526636,0.00108163479364793,0.0170245588798848,0.108917301701992,0.688544796203859,0.00628657165097923,FALSE,FALSE
"FGFR4",0.00318780247670097,-0.0707419220638224,0.690612846210882,-0.448719009909575,0.30723516578193,-0.576097612589057,0.00437788834950382,-0.934678162874094,-0.217517062304019,-0.646839534652879,0.00199746030118045,0.0172122471005304,0.887583411503422,0.0484220984111786,0.00985233797203873,FALSE,FALSE
"IL17RA",0.00320269351624564,-0.128368840228686,0.158930375377468,-0.314573718546415,0.0578360380890441,-0.219898694821529,0.0188765120603553,-0.396548152897088,-0.0432492367459705,-0.348267535050215,0.0010400015937976,0.0172416391361307,0.487475521115764,0.116267389312418,0.00611048742344757,FALSE,FALSE
"CMTM4",0.00323326093697237,-0.245212553164112,0.00479758165581984,-0.400036587348179,-0.0903885189800451,-0.0321597488041062,0.64188987959043,-0.179038724171332,0.11471922656312,-0.277372301968218,0.00143453056052227,0.0173550035587487,0.0832418478435249,0.884117728141821,0.00781497991926313,FALSE,FALSE
"PTPN11",0.00332043379070605,-0.171272005649905,0.0331997273020109,-0.326420498039084,-0.016123513260726,-0.123597792162978,0.0922469242563439,-0.27078457561031,0.0235889912843536,-0.294869797812883,0.000920285007880958,0.017770650052899,0.214862129119851,0.304991406814444,0.00557980112751744,FALSE,FALSE
"CST2",0.00337224632314249,0.400170488775634,0.435201005802854,-0.679838124241591,1.48017910179286,1.51119171998841,0.0074424120291172,0.486605587068265,2.53577785290855,1.91136220876404,0.00156880372458105,0.0179879667619425,0.751411386556488,0.0663448702573189,0.0083715403431591,FALSE,FALSE
"PLK1",0.00338075210923084,0.0380653504904028,0.674614077518513,-0.154683877169841,0.230814578150646,0.290133493433602,0.00474301569096171,0.107275520440193,0.472991466427011,0.328198843924005,0.00207001260051455,0.0179879667619425,0.877976242800107,0.0500347030982955,0.0100835658968117,FALSE,FALSE
"PARP9",0.00345196409519125,0.421880519214381,0.00119183698445706,0.203989263285838,0.639771775142924,-0.127502408475622,0.203829309828723,-0.334212203766281,0.0792073868150375,0.29437811073876,0.00914102898511292,0.0183134723073373,0.0481633719210363,0.502899017306913,0.0308932924033909,FALSE,FALSE
"NBN",0.0035491750900458,-0.0773386366081698,0.25373091493059,-0.217897127402039,0.0632198541856993,-0.17758507119,0.0132850403685978,-0.31093056380533,-0.0442395785746692,-0.254923707798169,0.0013102393007269,0.0187318217967329,0.595191413558261,0.0930999388192556,0.00733492860069505,FALSE,FALSE
"NOTCH1",0.00355134813242169,-0.149895919430378,0.176242803999514,-0.377152585344809,0.0773607464840537,-0.268252029419463,0.0189213230826237,-0.483846632743129,-0.0526574260957963,-0.41814794884984,0.0011766660901749,0.0187318217967329,0.514628987678582,0.116267389312418,0.00677418174942962,FALSE,FALSE
"NID2",0.0036214144856419,0.0902221033183774,0.547202599880557,-0.227120274717279,0.407564481354034,0.456373923699739,0.0063071355664328,0.155316509893679,0.757431337505798,0.546596027018116,0.00190763685472103,0.0190463441968198,0.822218001645546,0.0602645152290045,0.00947147475288742,FALSE,FALSE
"SIN3A",0.00366573784801392,-0.156958676538202,0.0830321225229202,-0.337824088437882,0.0239067353614786,-0.180591703745146,0.0406956697561608,-0.352175699209399,-0.00900770828089223,-0.337550380283348,0.00105718672798424,0.0192240562431765,0.343709941422326,0.18461879722448,0.00616410791875797,FALSE,FALSE
"PYCARD",0.00370197839019727,0.233761491765353,0.193085662402687,-0.135607122604395,0.603130106135101,0.440130227397996,0.0180428151089149,0.0897163921213546,0.790544062674637,0.673891719163348,0.00125368165598463,0.0193472532391162,0.529254788142633,0.114037866950468,0.00708349542468094,FALSE,FALSE
"CD55",0.0037190883962319,-0.08967981894097,0.801836318981043,-0.851167945608798,0.671808307726858,1.25419330410903,0.00261079223567713,0.53178223667549,1.97660437154258,1.16451348516806,0.00428446348344202,0.0193472532391162,0.936245222098786,0.0360961805311422,0.017222788231898,FALSE,FALSE
"MSRB2",0.00372103336270126,0.132847478066261,0.265381135609993,-0.114909959491965,0.380604915624487,0.312893927784922,0.0133145665927812,0.0778505848056403,0.547937270764205,0.445741405851184,0.00139066018727507,0.0193472532391162,0.60943987055184,0.0930999388192556,0.00764444229450905,FALSE,FALSE
"LY96",0.00374512118616115,0.206703863482121,0.0479772081636723,0.00216274820457299,0.411244978759669,0.175796156414099,0.0718648831270816,-0.0182485834143358,0.369840896242534,0.38250001989622,0.0010412940212012,0.0193669097145526,0.256201787666554,0.259458792167779,0.00611048742344757,FALSE,FALSE
"MLPH",0.003746037879034,0.0109688529997607,0.971833952182301,-0.651943283877708,0.673880989877229,1.04811238438114,0.00344311772307387,0.419218712050505,1.67700605671177,1.0590812373809,0.00321163516831766,0.0193669097145526,0.991869473328674,0.0433357920317919,0.0140220913449276,FALSE,FALSE
"TNFRSF14",0.00378235784833768,0.118307914711033,0.46084837594733,-0.220030613304142,0.456646442726207,0.469350228720747,0.00783362492795273,0.148374118105755,0.790326339335739,0.587658143431779,0.00179668861368519,0.0194994437096505,0.768789749264294,0.0665287380881639,0.00918475271701813,FALSE,FALSE
"APOL6",0.00382885406724188,0.559062776264721,0.00314480509383632,0.228122076122235,0.890003476407206,-0.0114748262649995,0.937841532527185,-0.325432741135319,0.30248308860532,0.547587949999721,0.00252905502877712,0.0196835455569477,0.0703545805921185,0.980409732424349,0.0117742995599955,FALSE,FALSE
"TRAC",0.00384910193659765,0.448650145242347,0.0028464319939794,0.186948803622186,0.710351486862509,-0.0221172066921551,0.849345461691027,-0.270388898564614,0.226154485180304,0.426532938550192,0.00280544380575073,0.0197320534671088,0.0700355207878737,0.953293645501921,0.0127679175698132,FALSE,FALSE
"STAT1",0.00391103164042397,0.540173796189587,0.00121398088129735,0.260499652605575,0.8198479397736,-0.195274030420468,0.134786364960836,-0.460596219335202,0.0700481584942658,0.344899765769119,0.0151111063328955,0.0199730046797928,0.0481633719210363,0.392320759256021,0.0465055127445774,FALSE,FALSE
"STAT2",0.00391799215088539,0.227257709012377,0.0598987341616603,-0.0110947228167458,0.4656101408415,0.215283015548827,0.0602190555022147,-0.0108379555771859,0.441403986674839,0.442540724561204,0.00109941226881794,0.0199730046797928,0.289805643594008,0.233315568609946,0.00634945376769853,FALSE,FALSE
"SIGIRR",0.00393651236907411,-0.284697068092402,0.039367861846153,-0.553049695334611,-0.0163444408501928,-0.213690558557393,0.092369137141148,-0.468272214010052,0.0408910968952663,-0.498387626649795,0.00109697398852618,0.0200115183107528,0.232512452651227,0.304991406814444,0.00634945376769853,FALSE,FALSE
"COL17A1",0.00395017425947541,0.678110039263242,0.186068168697351,-0.375257002052514,1.731477080579,1.23046806146613,0.0199332515529785,0.23115634265299,2.22977978027928,1.90857810072938,0.00131973796472798,0.0200251889542851,0.52484452530551,0.11953259831242,0.00736171691195262,FALSE,FALSE
"IFIT3",0.00397194519583941,0.584579774255195,0.0011143974658242,0.285345803850306,0.883813744660084,-0.313404087638627,0.0331884310997568,-0.597282357571087,-0.0295258177061665,0.271175686616568,0.0594837967247384,0.0200797783446175,0.0472971017471897,0.16066017707442,0.138998628710176,FALSE,FALSE
"PRKAR2B",0.0040275309743413,-0.0943066784374782,0.538393975700108,-0.418738926884782,0.230125570009825,-0.457673249632155,0.00708809182250704,-0.765456705083086,-0.149889794181223,-0.551979928069633,0.00208167529651961,0.0203045415142897,0.818125733266193,0.0650038571662078,0.0100835658968117,FALSE,FALSE
"TGFBR1",0.00406205323819793,0.485958706660164,0.0141987826818577,0.116500080372052,0.855417332948275,0.185615689068481,0.271027153385216,-0.164883539011738,0.536114917148699,0.671574395728644,0.00128857195377468,0.020422168484053,0.141697540617886,0.588838755866689,0.00725815992481108,FALSE,FALSE
"ARID2",0.00411387825204325,-0.106044373142237,0.308339190329636,-0.323229397522691,0.111140651238216,-0.276831293349308,0.0126647068344008,-0.482871098565738,-0.0707914881328781,-0.382875666491545,0.00161379486828592,0.0205692510731581,0.65189024855148,0.0909964172156752,0.00851553401755586,FALSE,FALSE
"HDAC3",0.00411778026392408,-0.236875845487414,0.0124640543691552,-0.412661458065398,-0.0610902329094289,-0.0804935922797053,0.313671496051773,-0.247258466970018,0.0862712824106071,-0.317369437767119,0.00135504602058928,0.0205692510731581,0.131567143022981,0.643202786847736,0.00747874021122457,FALSE,FALSE
"GADD45A",0.00412512103713747,0.0902500435061228,0.567041575578081,-0.243825315167572,0.424325402179817,0.473748226100744,0.00686824652381683,0.156816513036775,0.790679939164713,0.563998269606867,0.00219851400912465,0.0205692510731581,0.826997205311775,0.0642797431075165,0.0104450454341896,FALSE,FALSE
"SMC1A",0.00418003173216176,-0.0865866027679103,0.189119416329996,-0.222094178676425,0.048920973140604,-0.157025498086791,0.0207388532401902,-0.285579272110511,-0.0284717240630713,-0.243612100854701,0.00139826052961819,0.0207862613384066,0.524953218816762,0.122091636010797,0.0076631395391988,FALSE,FALSE
"TNC",0.00429570878198224,0.143698680555916,0.50141205159664,-0.307997375633688,0.595394736745521,0.622992260214848,0.00810514560440605,0.194475755912483,1.05150876451721,0.766690940770764,0.00211666515281471,0.0212788147340509,0.791952496016325,0.0669316322535794,0.0101775331819005,FALSE,FALSE
"C4BPA",0.00430240144485741,0.603624556446321,0.0694448644010788,-0.0561196339734703,1.26336874686611,-1.20807996420831,0.00121989410513909,-1.83396825864542,-0.582191669771197,-0.60445540776199,0.0571171001340849,0.0212788147340509,0.313953202885355,0.027709088824718,0.134501558380264,FALSE,FALSE
"CENPF",0.00435296223186261,0.013217078487425,0.876485706761797,-0.168154332045707,0.194588489020557,0.275521709205961,0.00447259191095823,0.103457681289315,0.447585737122606,0.288738787693386,0.00328875039750012,0.0214706920895926,0.960102108840201,0.0491715676957757,0.0142564595616098,FALSE,FALSE
"PLAT",0.00440644141789325,1.18961257991946,0.0509539300549765,-0.0057940019661824,2.3850191618051,0.996104832184439,0.0797992523688047,-0.137957426430124,2.130167090799,2.1857174121039,0.00123343106886544,0.0216758910718469,0.263430374930119,0.278458194212368,0.0070097253304958,FALSE,FALSE
"CREB3L1",0.00457091364635499,-1.03378731173439,0.0221839479640634,-1.89189209351247,-0.175682529956311,-0.515252793927204,0.193041981524753,-1.32932246837735,0.298816880522939,-1.54904010566159,0.00135641808762484,0.0224245091521448,0.173989345918254,0.487277477569397,0.00747874021122457,FALSE,FALSE
"MAPK3",0.00461659795435279,0.0114395537697485,0.941579848431467,-0.321626279390038,0.344505386929535,0.508403817383323,0.00433593686328222,0.192429824313354,0.824377810453292,0.519843371153071,0.00375042994167102,0.022587912243147,0.981464249115245,0.0482505169237198,0.0156169318732563,FALSE,FALSE
"CD40",0.00465740339472003,-0.100285219035559,0.257646016031056,-0.284141011971779,0.0835705739006611,-0.22157899167851,0.0170281386436774,-0.395999911686936,-0.0471580716700849,-0.321864210714069,0.00169753857340885,0.0226712816656058,0.598985960836532,0.109039835174425,0.00872678280696101,FALSE,FALSE
"MAPK12",0.0046584825340286,0.0796845913859113,0.330970579317848,-0.0916757364552735,0.251044919227096,0.216448094955779,0.0133025062303868,0.0538814139843859,0.379014775927171,0.29613268634169,0.00186304526100413,0.0226712816656058,0.676372746506749,0.0930999388192556,0.00938692322258066,FALSE,FALSE
"KDM5C",0.00471201992906609,-0.150634950112241,0.0448570624759231,-0.297203821538429,-0.00406607868605299,-0.114839826554397,0.0971169848747702,-0.253887266890535,0.0242076137817405,-0.265474776666638,0.00132309213540847,0.0228708414110256,0.248055203632058,0.317543262608155,0.00736171691195262,FALSE,FALSE
"IFITM1",0.00479948878764586,0.607316377676265,0.00575370357867654,0.212614680274696,1.00201807507783,0.0534599099136719,0.761084897717066,-0.320986998123385,0.427906817950729,0.660776287589937,0.0023316721104611,0.0232335995688427,0.093754544920399,0.931951317783014,0.0109672721690503,FALSE,FALSE
"YTHDF2",0.00486517381976738,-0.280230357568584,0.0147903437417804,-0.494927725257425,-0.0655329898797441,-0.0990669150505396,0.310126621007743,-0.302746721912353,0.104612891811273,-0.379297272619124,0.00158899466310793,0.0234892651351203,0.143576475152921,0.639526647840825,0.00842998622143018,FALSE,FALSE
"MYD88",0.00489526807246876,0.125557870297844,0.152223923012752,-0.0533786104606403,0.304494351056328,0.191809119676929,0.0299346095203034,0.0220550689694175,0.36156317038444,0.317366989974773,0.00154405423427748,0.0235722011405158,0.476216870868853,0.152298587681205,0.00828793816928353,FALSE,FALSE
"SFRP4",0.00495232138829844,1.04194380865812,0.0354427729145695,0.0837940009669252,2.00009361634932,0.678821626939485,0.129665106907143,-0.230159092647468,1.58780234652644,1.72076543559761,0.001408907071392,0.0237841750885386,0.218916859811072,0.385405244471556,0.00769836947691736,FALSE,FALSE
"LCN2",0.0049717425466971,2.35388948686545,0.00772695641834249,0.747850779269978,3.95992819446091,0.37833078962654,0.598392928773538,-1.14529130829191,1.90195288754499,2.73222027649199,0.00208301607840986,0.0238147772906095,0.107556316855621,0.86735283506159,0.0100835658968117,FALSE,FALSE
"FGF12",0.00503602287753419,-0.255242037638958,0.030504412827486,-0.482084583562438,-0.0283994917154781,-0.150445714287363,0.153620612796528,-0.365647448892226,0.064756020317499,-0.405687751926321,0.00145303095054274,0.0240595333808898,0.203921441062864,0.42737441822205,0.00786878778854746,FALSE,FALSE
"TNFSF13",0.00513903747573686,-0.247551251692354,0.0557074198027748,-0.502179317152756,0.00707681376804931,-0.208005639392617,0.0851610965511822,-0.449567032309814,0.0335557535245799,-0.455556891084971,0.00144888487185655,0.0244875806611482,0.274773084162335,0.289420858856438,0.00786878778854746,FALSE,FALSE
"DNMT1",0.00516660228322156,0.0706010166191962,0.250121977670425,-0.0566835937411706,0.197885626979563,0.149533499696034,0.0193766372646969,0.0287807157482865,0.270286283643781,0.22013451631523,0.00185275294901011,0.0245548155387483,0.59279925974109,0.118159143270181,0.00938692322258066,FALSE,FALSE
"COL4A5",0.00525196752046403,-0.022922115207949,0.878242092009189,-0.342049548087551,0.296205317671653,0.49486622180065,0.00391366492137608,0.192115356278035,0.797617087323265,0.471944106592701,0.00530440408496488,0.0248956901944074,0.960102108840201,0.0457848620609702,0.0200425206108921,FALSE,FALSE
"NDUFB8",0.0052797241999298,-0.25638463366165,0.0304564930437586,-0.484162806121432,-0.028606461201868,-0.148059287689874,0.161289578985608,-0.364148635562939,0.068030060183191,-0.404443921351524,0.00153155870344935,0.0249341948516652,0.203921441062864,0.439990256575088,0.00826530995958326,FALSE,FALSE
"ALKBH3",0.00528741556580517,-0.190341291157845,0.104087172532085,-0.426157606196707,0.0454750238810164,-0.227302602126827,0.0469627313220094,-0.451017601612014,-0.00358760264164093,-0.417643893284673,0.00156049329275523,0.0249341948516652,0.385312555519381,0.202616985018126,0.00835161366357273,FALSE,FALSE
"GATA2",0.00543045825587549,-0.34092503850919,0.0480586645010386,-0.678427870790465,-0.003422206227915,-0.258145783875279,0.104438770016503,-0.578329083905269,0.06203751615471,-0.599070822384469,0.00153530963084862,0.0255427482396206,0.256201787666554,0.337346469522334,0.00826530995958326,FALSE,FALSE
"PSMB7",0.00545192037353296,-0.429654295754141,0.0236665759372725,-0.79112463080909,-0.0681839606991921,-0.205952000955034,0.215193008423968,-0.548872870562388,0.136968868652319,-0.635606296709176,0.00164407345059216,0.0255777755313564,0.177462073893589,0.516746368912819,0.00858620941610282,FALSE,FALSE
"BIRC5",0.00552314067484452,-0.158129145983636,0.0600254976868684,-0.324073512621902,0.00781522065463047,0.293816073047502,0.00156361974488424,0.136387424012208,0.451244722082796,0.135686927063866,0.0849034005134993,0.0258454659784391,0.289805643594008,0.029925793263999,0.184618024766258,FALSE,FALSE
"VSIR",0.00563827256016322,0.249632779391865,0.0215227774483822,0.0437088242235924,0.455556734560138,0.109640865042385,0.244868668868212,-0.0857157518942583,0.304997481979028,0.35927364443425,0.00173971321422467,0.0262490054698129,0.172577824039184,0.558068642031205,0.00891847364033715,FALSE,FALSE
"POLR1B",0.00565852165043628,-0.205455136933677,0.0720425988450539,-0.432400050269728,0.0214897764023739,-0.194603827603629,0.0724361538907166,-0.409902676463062,0.0206950212558036,-0.400058964537306,0.00161445192880785,0.0262490054698129,0.321905246973654,0.260741579586899,0.00851553401755586,FALSE,FALSE
"RUNX1T1",0.00567619223097486,0.192387444756465,0.103352840259367,-0.0453980195353798,0.43017290904831,0.224745994206866,0.0507288132128659,-0.000837104285993984,0.450329092699726,0.417133438963331,0.00167244618581962,0.0262490054698129,0.384925735625178,0.212339642462111,0.00867094557759548,FALSE,FALSE
"CEP55",0.00567867394450459,-0.0856920027348799,0.288173249492379,-0.253686376479171,0.0823023710094113,0.285002030797902,0.00212426927411895,0.125628574260237,0.444375487335567,0.199310028063022,0.0184435296417129,0.0262490054698129,0.631351957171178,0.0337112297849312,0.0546419506430617,FALSE,FALSE
"PDGFC",0.00568129159483622,0.308398435233112,0.0942724687256841,-0.0614265610028705,0.678223431469095,0.341228992291563,0.055625490772715,-0.00961780483910768,0.692075789422234,0.649627427524675,0.00165639548125817,0.0262490054698129,0.364987398582137,0.221813365791169,0.00861231268745346,FALSE,FALSE
"SLC16A1",0.00571461969008044,0.0514758381012129,0.676382382117728,-0.210701447873397,0.313653124075823,0.364700768791333,0.00770691095591869,0.115977556459007,0.613423981123659,0.416176606892546,0.00335284478245094,0.026336315490901,0.877976242800107,0.0663448702573189,0.014405581198843,FALSE,FALSE
"PSMB5",0.00573550367916648,-0.336152128871691,0.00372521121581529,-0.540264696390463,-0.132039561352919,0.0270332878321828,0.766202455009679,-0.166604895895084,0.22067147155945,-0.309118841039508,0.0045614866224733,0.0263659803891154,0.0738968529224228,0.931951317783014,0.0180188594935363,FALSE,FALSE
"SOS2",0.00575961762029551,0.00428662370349153,0.955856618426425,-0.160955931482341,0.169529178889324,-0.249307093175896,0.00467329335454768,-0.406069945407886,-0.0925442409439063,-0.245020469472405,0.00521656336045764,0.0263841431160192,0.988547709677612,0.0498958239250943,0.0197925740807385,FALSE,FALSE
"SRSF2",0.00576836882372146,-0.202318832697097,0.0703856391847286,-0.424302709354763,0.0196650439605692,-0.188001908109434,0.0755715380125397,-0.398594304331067,0.0225904881121994,-0.390320740806531,0.0016444943027672,0.0263841431160192,0.316388649044655,0.269371204829853,0.00858620941610282,FALSE,FALSE
"ATF1",0.00581780515962086,-0.0976689366149997,0.192422536233402,-0.251749478073105,0.0564116048431058,-0.167432004893495,0.0281373545098281,-0.313605641129379,-0.0212583686576105,-0.265100941508495,0.0019225750377086,0.0265437360407702,0.529254788142633,0.147559402242633,0.00950867057945311,FALSE,FALSE
"UTY",0.00588898593403268,-0.351303437743961,0.0448016867648826,-0.693019491637896,-0.00958738385002561,-0.247913560241818,0.121536434685432,-0.572093873246723,0.0762667527630878,-0.599216997985778,0.00167721705100158,0.026718780489961,0.248055203632058,0.373407396129484,0.00867094557759548,FALSE,FALSE
"CCND3",0.00589852725829797,0.20971318871513,0.0222627925833434,0.0355111918625978,0.383915185567662,0.0922570578697441,0.247249897029116,-0.0730054670313012,0.257519582770789,0.301970246584874,0.00182247371994689,0.026718780489961,0.173989345918254,0.56263224698022,0.00929054340475717,FALSE,FALSE
"IL17RB",0.00590009234929003,-0.143329763196987,0.277692344101387,-0.417965361628763,0.131305835234789,-0.321088100953693,0.0198476188414225,-0.581630306236027,-0.0605458956713591,-0.46441786415068,0.00217308704362065,0.026718780489961,0.621662622804763,0.11953259831242,0.0103645602820897,FALSE,FALSE
"SOX9",0.00592131212554509,-0.079192930541734,0.683490093835147,-0.492206452988732,0.333820591905264,-0.572441823799895,0.00787408626139364,-0.964260854414373,-0.180622793185416,-0.651634754341629,0.00349152993102278,0.0267485015572272,0.882156592113963,0.0665287380881639,0.0148105499983629,FALSE,FALSE
"MAPK8",0.00598750704043843,-0.191204215375718,0.0215604076059912,-0.348986530422058,-0.0334219003293776,-0.0813811124229948,0.259115524734107,-0.231066559435202,0.0683043345892126,-0.272585327798713,0.0018670976053681,0.0269807416019756,0.172577824039184,0.575000236233578,0.00938692322258066,FALSE,FALSE
"TNFRSF1A",0.0061365502832087,0.416580401590054,0.00360104238954333,0.164926911498705,0.668233891681403,-0.0460193704121479,0.68191653046829,-0.284758833357932,0.192720092533636,0.370561031177906,0.00544940007140549,0.0275842469626992,0.0736460602010264,0.90276680544326,0.020463282161142,FALSE,FALSE
"ID2",0.00617997827630342,-0.0816351302133631,0.53189928720997,-0.357969197154623,0.194698936727896,-0.363019976839415,0.0107198393077951,-0.62517349082896,-0.100866462849869,-0.444655107052778,0.00306015956479597,0.0277112048016062,0.812314811011042,0.0805090812210948,0.0134745997418482,FALSE,FALSE
"CXCR4",0.00631450102934707,0.683492175014678,0.00892624853538355,0.205521367410365,1.16146298261899,0.0988037434028476,0.643484069070451,-0.354639178727079,0.552246665532774,0.782295918417525,0.00272605123860955,0.0282450107317608,0.110070294439696,0.884117728141821,0.0125315957442379,FALSE,FALSE
"NDUFS8",0.0063398119654126,-0.544664902612787,0.00959508879759348,-0.930367332764859,-0.158962472460714,-0.0894833155522995,0.603878950564191,-0.455392769055065,0.276426137950466,-0.634148218165086,0.00264254327087509,0.0282888920217066,0.111535267870115,0.870520604091349,0.0122402067749925,FALSE,FALSE
"MEN1",0.00639720272225661,-0.257055532016066,0.0313285755024859,-0.486876414921623,-0.0272346491105092,-0.139215632176089,0.189412803945692,-0.357242865331814,0.0788116009796353,-0.396271164192155,0.00189312409435534,0.0284753535807764,0.208666606905243,0.482117666946844,0.00946562047177668,FALSE,FALSE
"PDPN",0.00646081552719696,0.112098501147583,0.584748318401298,-0.322832197452655,0.547029199747822,0.577363699148736,0.0101073423214103,0.164752209577248,0.989975188720224,0.689462200296319,0.00338349826157493,0.0286885361000838,0.841613313156442,0.0781605921041265,0.0144610874177383,FALSE,FALSE
"CDKN1B",0.00652141108565188,-0.266788288892656,0.0349065160583737,-0.511257032419202,-0.0223195453661093,-0.154220058547854,0.173009651845643,-0.386143472426883,0.0777033553311754,-0.421008347440509,0.00190986449811648,0.0288860071523052,0.218051632231548,0.456087556088099,0.00947147475288742,FALSE,FALSE
"CDKN2B",0.00655239613097985,0.104711615052209,0.567795889455153,-0.283661692026707,0.493084922131126,0.511518125626387,0.0105663558266317,0.143074855791976,0.879961395460798,0.616229740678596,0.0033626178579217,0.0288860071523052,0.826997205311775,0.0796842949735656,0.014405581198843,FALSE,FALSE
"PLD1",0.00656429070767936,-0.128522611319426,0.44879516767985,-0.486148202968687,0.229102980329835,-0.450288173944717,0.0135320985114217,-0.789561599697804,-0.111014748191629,-0.578810785264142,0.002942294811982,0.0288860071523052,0.759083578327827,0.0936725047766743,0.0131676398294594,FALSE,FALSE
"ETS1",0.00658221284020962,0.400922517000031,0.00483486897063761,0.147477054444892,0.654367979555171,-0.0166810235093078,0.882360885465442,-0.257120500802056,0.22375845378344,0.384241493490723,0.00453033105525538,0.0288860071523052,0.0832418478435249,0.959659485086074,0.0180188594935363,FALSE,FALSE
"IGLL1",0.00658442683581314,-0.167481508897293,0.227249996876942,-0.454216073424653,0.119253055630067,-0.314642510727053,0.0268990267094225,-0.586662803067947,-0.0426222183861595,-0.482124019624347,0.00226169675721263,0.0288860071523052,0.564532674873426,0.143121643570542,0.0106932553935571,FALSE,FALSE
"EP300",0.00664388870704186,-0.303502619395114,0.00884092207934358,-0.515392452692988,-0.0916127860972394,-0.0392882205132541,0.677759323295909,-0.240304566389655,0.161728125363147,-0.342790839908368,0.00295099435082132,0.0290769709600753,0.110070294439696,0.90276680544326,0.0131676398294594,FALSE,FALSE
"TANK",0.00673693449365062,0.0547153936715723,0.543132080713873,-0.135768074173097,0.245198861516241,0.247628888399328,0.0113652375519123,0.0669204039003484,0.428337372898308,0.3023442820709,0.00335481118170527,0.0294053039615665,0.821903853484923,0.084659422580571,0.014405581198843,FALSE,FALSE
"DDIT4",0.00675113553966923,-0.81025580109445,0.116056960394038,-1.85246142067098,0.231949818482078,-0.971011499032553,0.0536118474930686,-1.95973456345919,0.0177115653940871,-1.781267300127,0.00201567034337528,0.0294053039615665,0.410536097072861,0.218808022792641,0.00991535950582179,FALSE,FALSE
"HHEX",0.00679755476605312,-0.21799670216578,0.373033945230724,-0.731304583582998,0.295311179251439,-0.619610909499217,0.0168898356703137,-1.10657752335743,-0.132644295641008,-0.837607611664997,0.00278276631865507,0.0295369939239213,0.705046431043294,0.108535035557473,0.0126963713288637,FALSE,FALSE
"ATP2A2",0.0068528212006087,-0.00584743247536108,0.958063098437656,-0.243129786954495,0.231434922003773,0.348945844266548,0.00549381551353461,0.123840037650091,0.574051650883004,0.343098411791187,0.00610034258012552,0.0296917465650123,0.988547709677612,0.054490289740221,0.0222662504174581,FALSE,FALSE
"CASP8",0.00686570797284119,0.146309747386967,0.267140553074471,-0.127615053309229,0.420234548083164,0.308410996550445,0.0238410934350886,0.0485431132081477,0.568278879892743,0.454720743937412,0.00247287283307478,0.0296917465650123,0.612476770553907,0.134290109626656,0.0115421813819986,FALSE,FALSE
"EGR2",0.00696236726598426,0.0527171601441724,0.803504769554073,-0.398805937698567,0.504240257986912,0.629227261441273,0.00762458422938961,0.200874839833838,1.05757968304871,0.681944421585446,0.00464200934231601,0.0300385821759368,0.936796740451228,0.0663448702573189,0.0182186388166166,FALSE,FALSE
"WNT5A",0.00700170291410203,0.0620387608753246,0.840264150237532,-0.594212579955528,0.718290101706177,0.921712316084068,0.00727713316814916,0.299137629714583,1.54428700245355,0.983751076959392,0.00486911130552419,0.0301370467411231,0.955096988886155,0.065746376395407,0.0188665140819143,FALSE,FALSE
"MECOM",0.00701823339669855,-0.615588316459304,0.0297808609749826,-1.15977181719318,-0.0714048157254273,-0.307933050279356,0.218150047912601,-0.824190848500244,0.208324747941532,-0.92352136673866,0.00211915759403956,0.0301371198799408,0.202044874644399,0.522207884745105,0.0101775331819005,FALSE,FALSE
"FANCF",0.00705149622340867,-0.19423524663519,0.0721847667410063,-0.408909466061962,0.0204389727915832,-0.172460211282755,0.0898406454861319,-0.376118057774965,0.031197635209456,-0.366695457917944,0.00202391682945133,0.0302088746660113,0.321905246973654,0.300842528462735,0.00992916186491579,FALSE,FALSE
"PPP3CC",0.00709903311726031,-0.206869705255038,0.0275735162321858,-0.386678823962496,-0.0270605865475794,-0.0971526729075073,0.238349714679812,-0.267734580662455,0.0734292348474408,-0.304022378162545,0.00217513785646048,0.0303413007939112,0.192803322313176,0.551353657598948,0.0103645602820897,FALSE,FALSE
"NSD1",0.00720098622905047,-0.0844190501167106,0.0780321703938746,-0.179886174280162,0.0110480740467405,-0.0780820658842839,0.0848262051085932,-0.168650132091065,0.0124860003224967,-0.162501116000994,0.00207480039822567,0.0307051398785446,0.335869601341559,0.289420858856438,0.0100835658968117,FALSE,FALSE
"GZMB",0.00725958835102125,-0.241861157858098,0.0493100785921225,-0.482864295627984,-0.000858020088211897,-0.167897017464581,0.135581350820045,-0.396532669044639,0.0607386341154773,-0.409758175322679,0.00209166769992568,0.0308828641972349,0.259339750520529,0.393379912951641,0.0100986601914401,FALSE,FALSE
"FANCA",0.0072787063766089,-0.0490918375027095,0.574691085327919,-0.234510230762549,0.13632655575713,0.289615897109223,0.00373187300335396,0.113712564272252,0.465519229946195,0.240524059606514,0.0115021483392736,0.0308921840402587,0.835040788792558,0.0448070278363222,0.0372188310623657,FALSE,FALSE
"RIPK3",0.00732067790507702,0.110121746454116,0.28756763688584,-0.105481328784359,0.325724821692591,0.243384823200592,0.0235443983878579,0.0388457867135221,0.447923859687661,0.353506569654708,0.00269299590908399,0.0309982301085048,0.631325724376577,0.133861428883521,0.0124109028638341,FALSE,FALSE
"COL11A1",0.00745930653828001,0.226415939667041,0.63812243985863,-0.795973369337043,1.24880524867112,1.34783008772839,0.0105107846620681,0.377906426170808,2.31775374928597,1.57424602739543,0.00409826791279809,0.0315121167415764,0.86252568408927,0.0796842949735656,0.016583900090591,FALSE,FALSE
"ATG7",0.00755964437649844,-0.169258563871932,0.0128436860460878,-0.295560121046888,-0.0429570066969759,-0.0350865567926279,0.535449742621709,-0.154906734602281,0.0847336210170252,-0.20434512066456,0.00294931296383508,0.0318622424644565,0.133941297337773,0.828132017190355,0.0131676398294594,FALSE,FALSE
"WRN",0.00770524992061445,-0.233564815041128,0.0330943393290385,-0.44498868666694,-0.0221409434153162,-0.12060908935383,0.214666198253696,-0.321183385174414,0.0799652064667539,-0.354173904394958,0.00232131286022874,0.032401108537146,0.214862129119851,0.516160489872195,0.0109467596121898,FALSE,FALSE
"IFITM2",0.0077578307792281,0.66109222451809,0.0061437660912944,0.226850761346339,1.09533368768984,-0.0104742518774164,0.95673343007449,-0.422431875309474,0.401483371554641,0.650617972640674,0.00488482221816013,0.0325472210852673,0.0974988966661938,0.98580144970765,0.0188872892969115,FALSE,FALSE
"PSMB8",0.007795282756367,0.352224622556698,0.0138134140281173,0.0858172734694175,0.618631971643978,0.0781125013852179,0.513454013641785,-0.174623701171798,0.330848703942233,0.430337123941916,0.00298139736021927,0.0326293372256187,0.139278898349801,0.816635290729985,0.0132385649206817,FALSE,FALSE
"IL1RN",0.00782805278057902,0.215620446972514,0.397947625845441,-0.320350446949662,0.751591340894689,0.638531898699156,0.0180596256792674,0.130065263393984,1.14699853400433,0.85415234567167,0.00326561229436757,0.0326915247701526,0.719776429304193,0.114037866950468,0.0142237289671141,FALSE,FALSE
"PPP3CA",0.00787102637659972,0.109025402893475,0.294662894184069,-0.107749105870428,0.325799911657379,0.242435680108771,0.0246114577552007,0.0367853242013511,0.448086036016192,0.351461083002247,0.00290748200982849,0.0327959432358322,0.636402108740741,0.136098953554111,0.0131340462077649,FALSE,FALSE
"H3C2",0.00789228966636095,0.0325981282970567,0.880986225263721,-0.431797344421546,0.49699360101566,0.646347397038029,0.0076820690261561,0.205783168379617,1.08691162569644,0.678945525335085,0.00569808036514299,0.0328096324398832,0.960102108840201,0.0663448702573189,0.0212224421762979,FALSE,FALSE
"CTSS",0.0079275190474978,0.840111486968702,0.00905465385264517,0.251162382281365,1.42906059165604,0.0775654101706764,0.767469060007005,-0.481160768848004,0.636291589189357,0.917676897139378,0.00379214892395831,0.0328811869583716,0.110133355098023,0.931951317783014,0.0156931333020951,FALSE,FALSE
"ACSF3",0.00811344609515692,-0.184640698973507,0.034846446205498,-0.353767048736699,-0.0155143492103146,-0.0965875143516208,0.214188166425978,-0.257034857632211,0.0638598289289693,-0.281228213325128,0.00244405112695518,0.0335760524346063,0.218051632231548,0.516160489872195,0.0114369059145979,FALSE,FALSE
"IL6ST",0.00818716428113231,0.300550343489451,0.206136477785068,-0.189373794459139,0.790474481438041,-0.802479490232931,0.0027116617271634,-1.26726233721655,-0.337696643249307,-0.50192914674348,0.036516527783641,0.0337526734721337,0.537204957257407,0.0363881077358324,0.0952038045787783,FALSE,FALSE
"B2M",0.00819311471131793,0.828882883735137,0.0095759322587964,0.242117660701872,1.4156481067684,0.0831931566483349,0.750313586667781,-0.473461210320209,0.639847523616878,0.912076040383472,0.00385255904698801,0.0337526734721337,0.111535267870115,0.928354098758441,0.0159070594134686,FALSE,FALSE
"CXCL11",0.00829904018723796,-0.266304787890607,0.0605848733872326,-0.546478219036317,0.0138686432551029,-0.200864939394736,0.125568187791506,-0.466660794080177,0.0649309152907045,-0.467169727285344,0.00239757768007213,0.0341120458146605,0.290535798703999,0.379895725761849,0.0112482757484104,FALSE,FALSE
"NFKBIA",0.0083910654418268,-0.0748690489090356,0.648254929503909,-0.423518951656736,0.273780853838664,-0.452149665790384,0.0115187338482327,-0.782908005394063,-0.121391326186705,-0.527018714699419,0.00461694484877035,0.0344127964749077,0.862921405065379,0.0853274412665994,0.0181593197176851,FALSE,FALSE
"H3C8",0.00848387145651294,0.120800843142695,0.416169164856627,-0.191732986374656,0.433334672660046,0.37017626910282,0.0185988949122089,0.0736806449639424,0.666671893241698,0.490977112245516,0.00359297997319168,0.034715393291785,0.732409571710072,0.115393454819041,0.015108729149942,FALSE,FALSE
"PPL",0.00856690686598505,0.38567108442504,0.157665669685804,-0.171915179505851,0.943257348355931,0.52950907674093,0.0498026050057763,0.00053630092730772,1.05848185255455,0.91518016116597,0.00267382779624698,0.0349767450345027,0.486869453767499,0.209907053430812,0.0123537613370905,FALSE,FALSE
"PPARGC1A",0.00867893616978225,-0.0346416621917709,0.818999523581756,-0.357323125174034,0.288039800790492,-0.436033025653836,0.00913136844594012,-0.742155540175614,-0.129910511132058,-0.470674687845607,0.00578008590419901,0.0353550413166353,0.943012069739246,0.0727718227678634,0.0213104177276024,FALSE,FALSE
"AREG",0.00876597189718749,0.017463875287301,0.96048008200614,-0.734585702249373,0.769513452823975,1.04816524583106,0.00761877518415641,0.334708372316075,1.76162211934605,1.06562912111836,0.00690111993901902,0.0356192473006749,0.988547709677612,0.0663448702573189,0.0245987185326361,FALSE,FALSE
"PIK3CA",0.00878282810153628,-0.0288806939403755,0.514193692099018,-0.122492751862564,0.0647313639818127,0.143894316750774,0.00414419261319298,0.0550861209038569,0.232702512597692,0.115013622810399,0.015410267120023,0.0356192473006749,0.798152321324515,0.0469760963917838,0.0471874790168489,FALSE,FALSE
"IRAK2",0.00882424511349168,0.0290122441028129,0.817163114991116,-0.238463371099311,0.296487859304936,0.360316304916519,0.00929570971569707,0.106566656138479,0.61406595369456,0.389328549019332,0.00585597115274728,0.0357078654814242,0.941491593976507,0.0737594357875963,0.0215033145950982,FALSE,FALSE
"CT45A1",0.00889854868575843,-0.594222737124191,0.00998668108936308,-1.01798421061943,-0.170461263628948,-0.054437492180164,0.773008498096623,-0.456452924442376,0.347577940082048,-0.648660229304355,0.00425809523774351,0.0359288746714804,0.114626999925079,0.931951317783014,0.0171614202477019,FALSE,FALSE
"CXCL5",0.00895833926133563,0.334104349083624,0.38463953789803,-0.472647861134624,1.14085655930187,0.930494882002778,0.0212204556796904,0.165142534503389,1.69584722950217,1.2645992310864,0.00364541426984856,0.0360904396290012,0.712924642288338,0.124341875445009,0.0152589014735634,FALSE,FALSE
"PSMB10",0.00907625366494766,0.28519431822336,0.00264194845125692,0.120639916433804,0.449748720012916,-0.150003553285137,0.0582038890418835,-0.306113565883583,0.00610645931330819,0.135190764938223,0.0836039452645646,0.0364849403932367,0.0669660544936649,0.227780355116722,0.182727185757881,FALSE,FALSE
"TCF7",0.00924516428506268,-0.128670557349612,0.15604799505303,-0.313908256350206,0.0565671416509823,-0.172145367172506,0.0541341057333839,-0.347877278383677,0.00358654403866643,-0.300815924522117,0.00287567112174137,0.0370554063248613,0.48433263770711,0.218808022792641,0.0130549746198458,FALSE,FALSE
"BMP7",0.00925877549815711,-0.0572875194091454,0.628511519356446,-0.308684724006313,0.194109685188022,0.375971300209184,0.00494229210912555,0.137474971031263,0.614467629387105,0.318683780800039,0.0130476982855685,0.0370554063248613,0.859201140693269,0.0505785899116213,0.0414122597759347,FALSE,FALSE
"STAT6",0.00928392910125062,0.279494518889095,0.00853434199637526,0.0855467632020808,0.47344227457611,0.00935986323434995,0.913578080474312,-0.174635133280302,0.193354859749002,0.288854382123445,0.0050736434565754,0.0370747715750161,0.108917301701992,0.97104251419081,0.0194117385917193,FALSE,FALSE
"TBP",0.00933819060794988,-0.194016514632573,0.0273891166444585,-0.362408174276438,-0.0256248549887081,-0.0775483336079392,0.311032874449162,-0.237298688643081,0.0822020214272023,-0.271564848240512,0.00301457101800762,0.0372100389945601,0.192803322313176,0.640671552900363,0.0133210462660143,FALSE,FALSE
"SPOP",0.00946630736809295,-0.227677161362279,0.0782629668589354,-0.485378293261816,0.0300239705372585,-0.193458944330532,0.110323409786191,-0.437935704052335,0.051017815391272,-0.421136105692811,0.00275471587870911,0.0376383680757508,0.336070387100134,0.348731770837,0.0126315489413169,FALSE,FALSE
"OAS1",0.00950935792133477,0.511018134874982,0.023731800061259,0.0808478736885614,0.941188396061403,0.176663327851444,0.364180476226697,-0.231432014254141,0.584758669957028,0.687681462726426,0.0031980735941759,0.0377273439270347,0.177462073893589,0.703311501707642,0.0139963652502902,FALSE,FALSE
"LTBR",0.00955169355720111,-0.19884405391456,0.0708145756961692,-0.417397343483168,0.0197092356540473,-0.157870411551268,0.123007118775256,-0.365208267099004,0.0494674439964677,-0.356714465465829,0.00277836043467743,0.0377727700975447,0.31753464532066,0.376657704303428,0.0126963713288637,FALSE,FALSE
"FZD4",0.00957449256543112,-0.093845901840782,0.360885778521201,-0.309095076064485,0.121403272382921,-0.241784138088905,0.024106909133854,-0.445987434594097,-0.0375808415837129,-0.335630039929687,0.0037745476410722,0.0377727700975447,0.699076723215886,0.134941001384198,0.0156557941930836,FALSE,FALSE
"CEACAM1",0.00958290003022641,0.281230643039997,0.241087038307268,-0.215617894176222,0.778079180256216,0.509816919153704,0.0362738023652222,0.0384650102358474,0.98116882807156,0.791047562193701,0.00328660751253151,0.0377727700975447,0.579688860224987,0.169742793119309,0.0142564595616098,FALSE,FALSE
"MMP9",0.00970253105931867,0.0591961915635891,0.726843217918781,-0.301465001660721,0.419857384787899,0.467167620018106,0.01159518105979,0.125014369751234,0.809320870284979,0.526363811581695,0.00576033383715638,0.0381618947915012,0.901759940653824,0.0853274412665994,0.0212805855320048,FALSE,FALSE
"MAP3K13",0.00978962367406925,-0.242080783268285,0.115066988175964,-0.552522389694534,0.068360823157965,-0.260957425683271,0.0775030230599882,-0.555468192719826,0.0335533413532829,-0.503038208951556,0.0029187861273934,0.0384216413014546,0.410150885588151,0.272529898043311,0.0131525547715875,FALSE,FALSE
"CFI",0.00983881661647096,0.905135700707976,0.00367221450865392,0.356727524424339,1.45354387699161,-0.654632634412145,0.0178807412621952,-1.17489831176677,-0.134366957057517,0.25050306629583,0.31481197928381,0.0385318461911148,0.0736460602010264,0.114037866950468,0.503963716181351,FALSE,FALSE
"GLI1",0.00989215636377564,0.103481046014462,0.328487317931399,-0.11786625231771,0.324828344346634,0.242005719495256,0.0273565754663138,0.03201723449892,0.451994204491592,0.345486765509718,0.0037495908041756,0.0386009941635692,0.673893665648457,0.145132994843089,0.0156169318732563,FALSE,FALSE
"SOD2",0.00989877548961666,0.58259805654661,0.291729511294145,-0.568421259085348,1.73361737217857,-1.80797881934768,0.00359591007966509,-2.89993161982125,-0.716026018874107,-1.22538076280107,0.0308716443603625,0.0386009941635692,0.634707294032328,0.0437502393025919,0.0834677791965355,FALSE,FALSE
"ITGA4",0.00992136186001173,0.21149132116458,0.0421661280372198,0.00881346810056327,0.414169174228598,0.11569437880038,0.214389489990626,-0.0765827152861892,0.307971472886949,0.327185699964961,0.00299419571110128,0.0386065786663569,0.241014989642592,0.516160489872195,0.0132631242057278,FALSE,FALSE
"GNA11",0.0100249892569684,-0.227365667169036,0.0879097334048127,-0.494032820821275,0.039301486483203,-0.204402559037062,0.103776379701461,-0.457385233845612,0.048580115771487,-0.431768226206098,0.00293434293508239,0.0389268199871645,0.351661086311471,0.335801228643912,0.0131676398294594,FALSE,FALSE
"FGF10",0.0100644412411366,-0.348088286142984,0.0223264129458571,-0.637404629141959,-0.0587719431440081,-0.108260657528145,0.406959616865464,-0.382730239984326,0.166208924928037,-0.456348943671128,0.00349772441057229,0.038932559146727,0.173989345918254,0.742701300779471,0.0148105499983629,FALSE,FALSE
"STMN1",0.0100691331053453,0.096560072365188,0.607168866188385,-0.301947718250412,0.495067862980788,0.494420655816678,0.0146381709887458,0.116362970716647,0.872478340916709,0.590980728181866,0.00521232994821404,0.038932559146727,0.849757040486044,0.0989431927943003,0.0197925740807385,FALSE,FALSE
"FOXO4",0.0100921078191464,-0.233188647722716,0.0943967408935719,-0.512942394780497,0.0465650993350644,-0.219084855359366,0.0972639363276484,-0.48448256276013,0.0463128520413985,-0.452273503082082,0.00296456973176638,0.038934947069535,0.364987398582137,0.317543262608155,0.0131959506353016,FALSE,FALSE
"COX5B",0.0101124191292929,-0.461231988530315,0.0170395788165389,-0.824348732885471,-0.0981152441751593,-0.102483347554917,0.529066990143601,-0.446966138167132,0.241999443057297,-0.563715336085232,0.00388485950226211,0.038934947069535,0.155486156700918,0.821742346393252,0.0160042180397931,FALSE,FALSE
"PIK3CB",0.0102343722753292,-0.221553651461515,0.0466326713373215,-0.439224502219188,-0.00388280070384261,-0.128638703597121,0.199670996104432,-0.335139404183371,0.0778619969891294,-0.350192355058636,0.00306408706458465,0.0393215355841596,0.251046092007704,0.498301175286181,0.0134745997418482,FALSE,FALSE
"HLA-E",0.0103375158586232,0.612407603694258,0.00430478102994435,0.232219729179104,0.992595478209412,-0.140163045640621,0.413724895666268,-0.500840932314472,0.22051484103323,0.472244558053637,0.0145476736007408,0.0396343832814861,0.0801655650984535,0.748431097972004,0.0450755591194432,FALSE,FALSE
"MTF1",0.0103729078690933,-0.184131479547339,0.0114297805119547,-0.318639680469861,-0.049623278624818,-0.0169778178700434,0.776849293875487,-0.144583501536062,0.110627865795975,-0.201109297417383,0.00495029682844946,0.0396867020148748,0.126141312056451,0.932029289550016,0.0190596871559499,FALSE,FALSE
"LAMA5",0.0104243966992991,0.321312770038857,0.00973328056983527,0.0932057830776364,0.549419757000077,0.0134632196015869,0.894422008587997,-0.202938069097149,0.229864508300323,0.334775989640444,0.0055634591230798,0.039800259364479,0.112425550885755,0.96302074670979,0.0208059690565997,FALSE,FALSE
"TNFSF13B",0.0104999479695084,0.254273643687033,0.0177821272264202,0.0524109243051091,0.456136363068958,0.0575207989477106,0.525175516565319,-0.133982991428979,0.2490245893244,0.311794442634744,0.00401575313478457,0.0400050209694212,0.158161065425681,0.817786107279613,0.0163223818952825,FALSE,FALSE
"SFRP2",0.0107557565843732,1.25428188298105,0.0673411880301326,-0.104662767483198,2.6132265334453,0.922505904292542,0.144950587282214,-0.366702188577984,2.21171399716307,2.17678778727359,0.00315541496054979,0.0408503364492095,0.309565914748091,0.409496628157958,0.0138428661129889,FALSE,FALSE
"CD44",0.0107665818257917,0.163708910088469,0.526824996959041,-0.383541535031412,0.71095935520835,-0.815115559435969,0.00507077665294752,-1.33428291657191,-0.295948202300028,-0.651406649347499,0.0181388436923899,0.0408503364492095,0.806590284773699,0.0514120410646069,0.054002267110296,FALSE,FALSE
"JAK3",0.0109621508118215,0.235114481014224,0.00815819818222893,0.0732146773972635,0.397014284631185,-0.00630373073493673,0.930220782554025,-0.159895370384006,0.147287908914132,0.228810750279288,0.00701013885324188,0.0414225386841508,0.108676727609984,0.976541495889616,0.0248900844497401,FALSE,FALSE
"COL27A1",0.0109723982251242,-0.000605516669080334,0.997987983956738,-0.51301447547206,0.5118034421339,-0.695231355707369,0.00891920759684879,-1.18134517669521,-0.209117534719528,-0.69583687237645,0.00887435465880976,0.0414225386841508,0.999082869292949,0.0717072857455905,0.0301595851998656,FALSE,FALSE
"PUM1",0.0109854842318515,-0.0756373931850334,0.297371369019172,-0.226913029220396,0.0756382428503289,-0.158215686817789,0.0333945244362614,-0.301728356126506,-0.0147030175090723,-0.233853080002823,0.00399397762999438,0.0414225386841508,0.639225852131907,0.16109088558831,0.0162701097650441,FALSE,FALSE
"CXXC5",0.0110403439475996,-0.0978204744432271,0.441734023459992,-0.365718803742938,0.170077854856484,-0.305712326060111,0.0223499801046088,-0.559862996642384,-0.0515616554778389,-0.403532800503338,0.00472191114162965,0.0415435622770502,0.752963662534324,0.128671021106975,0.0184087067055494,FALSE,FALSE
"PPP2R3A",0.01130248390092,-0.170484003580415,0.0929504278776468,-0.373999306920881,0.0330312997600513,-0.152895256231407,0.110084726510863,-0.345966825408191,0.0401763129453777,-0.323379259811821,0.0033306118618158,0.0424424549777344,0.362466946317747,0.348731770837,0.0144037124355778,FALSE,FALSE
"LGALS9",0.0115041571818647,0.447482596178169,0.0664179164254245,-0.0354538227847159,0.930419015141053,0.317714862404435,0.15668152853904,-0.140438852285979,0.77586857709485,0.765197458582604,0.00339426201143205,0.0431110613078091,0.307132308386342,0.430638237324922,0.014473196660896,FALSE,FALSE
"GMIP",0.0115721714378434,0.159530865789287,0.251937921698539,-0.129251057066953,0.448312788645526,0.287037567499636,0.0414680657720133,0.0130749805070099,0.561000154492263,0.446568433288923,0.00398534600001114,0.0432770755616068,0.593817368435258,0.185944029567382,0.0162701097650441,FALSE,FALSE
"ICAM3",0.0116052854144712,-0.227542024778587,0.0328911107409371,-0.433225551420673,-0.0218584981365001,-0.0934048153888507,0.317522526160512,-0.288533341798326,0.101723711020625,-0.320946840167437,0.00375662087252577,0.0433121592666868,0.214862129119851,0.646739520360419,0.0156169318732563,FALSE,FALSE
"PGM2",0.011746476424652,0.101526240882678,0.0505103909550186,-0.000265067820508127,0.203317549585864,0.0587033288807783,0.210010066474954,-0.0378643855726382,0.155271043334195,0.160229569763456,0.00354573271605394,0.0437261681765563,0.263036079391726,0.509665387389349,0.0149444854660472,FALSE,FALSE
"HLA-C",0.0117707071007607,0.449004835091359,0.0103198447465844,0.126941944029124,0.771067726153593,0.0118449002161851,0.934077608163079,-0.293690785456419,0.317380585888789,0.460849735307544,0.00650282869514125,0.0437261681765563,0.116979606599482,0.979145109073876,0.0235937621642799,FALSE,FALSE
"ADH1B",0.0117880957495154,-0.181655957969273,0.442701375287304,-0.68023504596318,0.316923130024633,-0.562060956456354,0.0236973769373434,-1.03505460999343,-0.0890673029192768,-0.743716914425627,0.00502371945419603,0.0437261681765563,0.752963662534324,0.133893848020593,0.019261109251907,FALSE,FALSE
"CASP9",0.0118329790505854,-0.167379783016586,0.106643800830889,-0.376456831580773,0.0416972655476007,-0.162125191132039,0.100233580921335,-0.36047309511058,0.036222712846501,-0.329504974148626,0.00351748407792716,0.0438036242744796,0.390142281503228,0.326071809592577,0.0148597417643914,FALSE,FALSE
"CD46",0.0122138512967022,-0.259072966512528,0.0606543229075197,-0.531723185016303,0.0135772519912473,-0.168375927691069,0.181543060876912,-0.427034636195424,0.0902827808132854,-0.427448894203597,0.00364177795051748,0.0451220214908531,0.290535798703999,0.468622469731775,0.0152589014735634,FALSE,FALSE
"FLT3",0.0122402814755782,-0.112373843716844,0.428858418022078,-0.411396393151426,0.186648705717739,-0.332282007242016,0.0253664755405956,-0.615959705631089,-0.048604308852943,-0.44465585095886,0.00512360039218863,0.0451283104907682,0.74539677418123,0.138604245094572,0.0195618634220591,FALSE,FALSE
"SNAI2",0.0125250567362671,0.64916119117707,0.0289990324743382,0.0786609230501518,1.21966145930399,0.224061262896313,0.384800911949922,-0.317162813009035,0.76528533880166,0.873222454073383,0.00425979362860766,0.0460851381929183,0.198959527314539,0.723981097225369,0.0171614202477019,FALSE,FALSE
"CCL15",0.0125665868618873,-0.422764310537109,0.0111163991780506,-0.730052737611738,-0.115475883462481,-0.0132206563141248,0.922919726822362,-0.304740054764038,0.278298742135789,-0.435984966851234,0.00684705907985512,0.0460965763744017,0.125231040123101,0.975227830542632,0.0244916410164819,FALSE,FALSE
"LAMP2",0.0125786822106587,0.0516054038114172,0.4883928170319,-0.105690385266225,0.20890119288906,-0.230532159675726,0.00561164986674006,-0.379756047627361,-0.0813082717240899,-0.178926755864308,0.0226965966329882,0.0460965763744017,0.786687459031966,0.0553581676043276,0.0646197954059336,FALSE,FALSE
"ICAM2",0.012704293331178,-0.335030629071739,0.0216702038169436,-0.611787356463191,-0.0582739016802862,-0.0809238092950347,0.514592101007936,-0.343478294194425,0.181630675604355,-0.415954438366773,0.00478900751944411,0.046459582979693,0.172687498475168,0.816635290729985,0.0185956143042245,FALSE,FALSE
"CD9",0.0127286528711488,0.0697195123194065,0.659616952740677,-0.266659600579235,0.406098625218048,0.407497005807788,0.01658149914042,0.088379759587798,0.726614252027777,0.477216518127194,0.00685076156077889,0.046459582979693,0.868305937196517,0.106930162301295,0.0244916410164819,FALSE,FALSE
"C7",0.0129187849096369,-0.138313001698852,0.811013744102548,-1.37112487707158,1.09449887367387,-1.55736883888883,0.0132940603579616,-2.72691687469327,-0.387820803084399,-1.69568184058769,0.00823650675728488,0.0470469028565748,0.94094093006176,0.0930999388192556,0.0283081446931166,FALSE,FALSE
"TNKS",0.0129411206761647,-0.148948745450021,0.128404053779729,-0.34767627979062,0.0497787888905784,-0.159211979393497,0.0906228002402472,-0.347741472085183,0.0293175132981898,-0.308160724843518,0.00391392621788317,0.0470469028565748,0.437495668669107,0.301800384011772,0.0160514951632287,FALSE,FALSE
"DTX4",0.0129846059690213,0.246246699135615,0.0269996948446174,0.0331851922558684,0.459308206015362,0.0764935228951634,0.425712395705585,-0.125634370139127,0.278621415929454,0.322740222030779,0.00455526994575792,0.0471111449174231,0.190986213532662,0.757236961172215,0.0180188594935363,FALSE,FALSE
"ANGPTL4",0.0131793464679031,-0.908013301240802,0.0497870129635206,-1.81503423217488,-0.000992370306727386,-0.491301153455455,0.237242617484315,-1.35177676161484,0.369174454703931,-1.39931445469626,0.00404687565823279,0.0477228319522285,0.261095685800072,0.550849588942589,0.0164123290583885,FALSE,FALSE
"IRF8",0.0134189143932324,0.248102563155063,0.193234897926611,-0.144067749115301,0.640272875425426,0.350999854351935,0.062257019455204,-0.021045570890214,0.723045279594083,0.599102417506997,0.0043135782645602,0.0484940965696022,0.529254788142633,0.236214263005712,0.0172259963519089,FALSE,FALSE
"PTGS2",0.0138063774732838,0.0867679339798921,0.74866647436019,-0.489852056320711,0.663387924280495,0.707733549756383,0.0154916917097176,0.160703795636151,1.25476330387661,0.794501483736275,0.00815260386713335,0.0497957290291361,0.911464703382403,0.102436004964618,0.0280726453915441,FALSE,FALSE
"PYCR2",0.0139630308825639,-0.179517332398847,0.151354646659282,-0.434761188648424,0.0757265238507294,-0.210488055845351,0.0825824386521839,-0.452633639199331,0.0316575275086281,-0.390005388244199,0.0043078733142672,0.0502614030782626,0.476216870868853,0.286526521939611,0.0172259963519089,FALSE,FALSE
"TNFRSF25",0.0140282093286081,0.0866690777769698,0.361387810070408,-0.112334515192703,0.285672670746642,0.206757858707518,0.0343748724793487,0.0179664738051468,0.395549243609889,0.293426936484488,0.00540388409564272,0.0503966181588775,0.699076723215886,0.163796716122223,0.0203759690166839,FALSE,FALSE
"ATF3",0.0141214393086304,-0.690547485761586,0.0581953235598813,-1.40917783624935,0.0280828647261727,-0.40800654637836,0.216710194477812,-1.08975915735828,0.273746064601564,-1.09855403213995,0.00429503441571726,0.0506318796429283,0.283154689361176,0.519705788333781,0.0172259963519089,FALSE,FALSE
"APLNR",0.0142202165863849,0.176496330711072,0.198657507254072,-0.10614432138486,0.459136982807005,0.251109589995077,0.0639393276788993,-0.0170268759984398,0.519246055988594,0.427605920706149,0.00459165061914609,0.0508063330916199,0.534031458180602,0.24054431032845,0.0180988388335672,FALSE,FALSE
"IL12RB2",0.0142257732656536,-0.114462297490357,0.313024871643118,-0.351272060689444,0.12234746570873,-0.236927450240252,0.040357099780028,-0.461584917402523,-0.0122699830779802,-0.351389747730609,0.00519325477846257,0.0508063330916199,0.655878749424444,0.18367009251509,0.0197864091246225,FALSE,FALSE
"PRKCE",0.0142906302603783,-0.0165578297332207,0.837901526224264,-0.189115431291088,0.155999771824647,-0.215802715971056,0.0140311965246559,-0.37950523052066,-0.0521002014214514,-0.232360545704276,0.0093168210000901,0.050938281689825,0.953348058204041,0.0951930619237804,0.0313134407461592,FALSE,FALSE
"TAP2",0.0145091631572851,0.23510906382945,0.0418176022258111,0.0102520753542068,0.459966052304694,0.104277199774866,0.307802230175188,-0.109040869641534,0.317595269191267,0.339386263604317,0.00466126385809658,0.0516117971274515,0.239990956170142,0.636760697976731,0.0182549496588546,FALSE,FALSE
"BNIP3L",0.0145399027220865,0.0623199978253631,0.401007074190449,-0.0936296863577585,0.218269682008485,0.164798835817014,0.0319073959453725,0.0168519750962338,0.312745696537793,0.227118833642377,0.00583626350616786,0.0516117971274515,0.720656265099821,0.157807581572642,0.0214741550378152,FALSE,FALSE
"FYN",0.0145644249428151,0.173003481992153,0.166745190815323,-0.0830640928079283,0.429071056792233,0.214863915246218,0.0779714411226056,-0.0280631161389197,0.457790946631355,0.38786739723837,0.00455657580150787,0.0516117971274515,0.499687969192061,0.273587190856145,0.0180188594935363,FALSE,FALSE
"IL20RA",0.0149866255898745,-0.162685579117888,0.232942054464151,-0.444850434160744,0.119479275924968,-0.258418773757588,0.0571995133907524,-0.526103859033589,0.00926631151841378,-0.421104352875476,0.00500813926012052,0.0530050226773662,0.566070904656559,0.226091623108301,0.0192417982099367,FALSE,FALSE
"TAF3",0.0150524315265208,-0.125754531995931,0.211756561446455,-0.333470296507455,0.0819612325155938,-0.185108875495277,0.0632377942380461,-0.382165352029154,0.0119476010386001,-0.310863407491207,0.00492026343827429,0.0531347921390726,0.542774894156996,0.238941976158249,0.0189841031180773,FALSE,FALSE
"APOM",0.0151317799074612,-0.224301163635501,0.0791873278053822,-0.479076444914078,0.0304741176430767,-0.161880924339113,0.170166024243349,-0.403581978444221,0.0798201297659956,-0.386182087974613,0.00453601814923352,0.0533117728399934,0.338147587879284,0.4520422041399,0.0180188594935363,FALSE,FALSE
"IFI6",0.0152112635643814,1.14141274270316,0.00753423807578298,0.365941551395365,1.91688393401096,-0.183292235281177,0.597174027854069,-0.918968802594221,0.552384332031867,0.958120507421987,0.0149628552465106,0.0534885472157922,0.105769111448492,0.86735283506159,0.0461270453123004,FALSE,FALSE
"BLNK",0.0153715163271853,-0.175020758102256,0.340005901859786,-0.558793671564395,0.208752155359883,-0.385145417868127,0.0398436892793732,-0.749224371113844,-0.02106646462241,-0.560166175970383,0.00575573286326358,0.0539481101867561,0.683381906271046,0.18178683233714,0.0212805855320048,FALSE,FALSE
"PURA",0.0154028438103352,0.0176576485226054,0.810028325156839,-0.138894326054342,0.174209623099553,-0.209474971363979,0.0096615501193026,-0.357993214921958,-0.0609567278059998,-0.191817322841373,0.0156322607532751,0.0539542993356271,0.940395479269231,0.0757113243050449,0.047627505633935,FALSE,FALSE
"SGK2",0.0154776057058222,-0.293192132424521,0.069142783214681,-0.613243441958612,0.0268591771095709,-0.189500513413833,0.198880631073448,-0.49312784528802,0.114126818460355,-0.482692645838353,0.00468442080186234,0.0541123187990911,0.313894476036798,0.497883610026121,0.0183063553820102,FALSE,FALSE
"PLA2G6",0.0156351644245177,-0.119000760781282,0.471818362426797,-0.467997746915715,0.229996225353151,-0.377392469330385,0.0287710994953828,-0.708480081146089,-0.0463048575146819,-0.496393230111668,0.00674494964884888,0.0545586521505636,0.778233016877966,0.149593323587105,0.0243271405319154,FALSE,FALSE
"MAP3K12",0.0157315939509293,0.168977947718333,0.079487843945322,-0.023176516887048,0.361132412323714,0.12037739499429,0.17578245826947,-0.0619163362226743,0.302671126211253,0.289355342712623,0.00473078544926173,0.0547903796955076,0.338147587879284,0.45900769341813,0.0184087067055494,FALSE,FALSE
"MET",0.0157838316088673,0.28049539969704,0.287815343934965,-0.268971861109911,0.82996266050399,0.525525026206623,0.0484316368275213,0.00425461305350372,1.04679543935974,0.806020425903663,0.00558036842294346,0.0548676051165387,0.631325724376577,0.205552877233085,0.020826528367836,FALSE,FALSE
"BRD7",0.0158715021389093,-0.225538719165861,0.0203292087270657,-0.409436971899799,-0.041640466431924,-0.0362693749000601,0.658657490110117,-0.210730575809419,0.138191826009299,-0.261808094065922,0.00670729900610356,0.0550674741511587,0.167120747418446,0.887776897674272,0.0242392488834436,FALSE,FALSE
"IL1R2",0.0163040995587559,0.0992954085916477,0.238743781565272,-0.0752040698834825,0.273794887066778,0.157513360805774,0.0603550855272028,-0.00803137994210679,0.323058101553656,0.256808769397422,0.00546834022253223,0.0564354559162109,0.576332541477011,0.233315568609946,0.0204922400536372,FALSE,FALSE
"CRP",0.0163276277938408,1.08773830717845,0.0180334737350436,0.221813671576349,1.95366294278056,-1.21091535172954,0.00746888109458657,-2.03240359089573,-0.389427112563348,-0.123177044551088,0.74952310167352,0.0564354559162109,0.158226392146417,0.0663448702573189,0.878272354341251,FALSE,FALSE
"DAXX",0.0165016559384262,-0.206067500071447,0.0183264905182795,-0.370636724357287,-0.0414982757856069,-0.0238191442534271,0.745313196546735,-0.179943218706533,0.132304930199678,-0.229886644324874,0.00751703275969459,0.0569291532847406,0.160027967444307,0.927302341415545,0.0264228246397551,FALSE,FALSE
"POLR2D",0.0170517157076477,-0.285622062753584,0.0195196298677618,-0.516610743759621,-0.0546333817475466,-0.0363679883153738,0.723938550415081,-0.255503092024519,0.182767115393772,-0.321990051068957,0.00761164268397421,0.0587158135216171,0.164162785754218,0.914316854330465,0.0266115860119788,FALSE,FALSE
"CD59",0.0173012981727659,0.399125467656504,0.00777941579448875,0.126494337251337,0.671756598061671,-0.319837514580663,0.0195125421932034,-0.578478114524676,-0.0611969146366496,0.0792879530758412,0.516819638436086,0.0594630304431221,0.107556316855621,0.118159143270181,0.696488686635033,FALSE,FALSE
"LAMC3",0.0176259960780975,-0.181152270302658,0.292644589846787,-0.539761014105202,0.177456473499887,-0.335528740200023,0.0527507988964292,-0.675734865980373,0.00467738558032676,-0.516681010502681,0.00623561396699945,0.0604651181250524,0.634707294032328,0.218299791351436,0.0226693137246494,FALSE,FALSE
"DLL1",0.0179015338488691,-0.568121714949796,0.1061322100515,-1.27661495082115,0.140371520921563,-0.476195392467136,0.148624355315957,-1.14833109212006,0.195940307185785,-1.04431710741693,0.00541498354689954,0.0612951205894674,0.390142281503228,0.416650458451032,0.0203759690166839,FALSE,FALSE
"CD81",0.0179976651159229,-0.0401683612318441,0.786653262733069,-0.356365330702778,0.276028608239089,-0.374345865584731,0.0186412413466891,-0.674316649415994,-0.0743750817534684,-0.414514226816575,0.0108470028279938,0.0613349857779769,0.926321757609532,0.115393454819041,0.0354128446531103,FALSE,FALSE
"TWIST1",0.0180145051927212,0.0857957443765255,0.679514679732694,-0.355740282673355,0.527331771426406,0.505300899448454,0.0220428357434542,0.086423045098653,0.924178753798256,0.59109664382498,0.00963379387058818,0.0613349857779769,0.879731451305149,0.127838742465092,0.0322599519519696,FALSE,FALSE
"SHC1",0.0180353850465236,0.0413513418315849,0.625882969279213,-0.138718739991466,0.221421423654636,0.202142132179705,0.024178469837059,0.0313126530755877,0.372971611283823,0.24349347401129,0.00909501291769868,0.0613349857779769,0.858818563293427,0.134941001384198,0.0307948025506495,FALSE,FALSE
"CASP7",0.0180476095138485,0.0372077162851082,0.676649274780796,-0.152466090813491,0.226881523383708,-0.253986564972422,0.00961973087040012,-0.433926937844518,-0.0740461921003253,-0.216778848687313,0.0221845877658963,0.0613349857779769,0.877976242800107,0.0757113243050449,0.0636586048313849,FALSE,FALSE
"IL32",0.0181060560652563,-0.515823089095712,0.237479476799447,-1.419731278118,0.388085099926576,-0.792980250385351,0.0668910638394744,-1.65050285228188,0.0645423515111803,-1.30880333948106,0.00604898119072125,0.061419242228797,0.575564469002644,0.24612135384484,0.0221230274009344,FALSE,FALSE
"SETBP1",0.0182556436356098,-0.242316854718529,0.0582416207961221,-0.49454213064277,0.00990842120571236,-0.125842795435126,0.274183178652133,-0.365124702050636,0.113439111180384,-0.368159650153655,0.00575532021016784,0.0617882034284106,0.283154689361176,0.593200692654687,0.0212805855320048,FALSE,FALSE
"DUSP6",0.0182825369048448,0.12163116006939,0.495492364872555,-0.255362200860212,0.498624520998992,0.399439600655314,0.0315351539233304,0.0417922956654718,0.757086905645157,0.521070760724705,0.00800397078453837,0.0617882034284106,0.790322249023191,0.156390369320864,0.0277704309539592,FALSE,FALSE
"BID",0.0183260684024465,-0.0647693578605366,0.321116545975013,-0.201129148215523,0.0715904324944493,0.194316496339708,0.00666828111908766,0.0649542407042634,0.323678751975153,0.129547138479172,0.049721953311544,0.0618208407291402,0.664441832658049,0.063054989856658,0.121722057861169,FALSE,FALSE
"RBX1",0.018459534041815,-0.12572278547533,0.00840672810385263,-0.212739926753069,-0.0387056441975905,0.101402001898327,0.0201731727562879,0.0188502933240341,0.18395371047262,-0.0243207835770025,0.533004882813241,0.0621561801223474,0.108917301701992,0.11953259831242,0.711582963521701,FALSE,FALSE
"VEGFA",0.0185485403872577,-0.553474602962417,0.0196849039101302,-1.00184006716545,-0.105109138759385,-0.0587824000591677,0.768490186832207,-0.484139227371249,0.366574427252914,-0.612257003021584,0.00859274176489808,0.0623408585759581,0.164793346954072,0.931951317783014,0.0293088766470498,FALSE,FALSE
"NOD1",0.0187810528494654,0.152114224160182,0.120017932488675,-0.0458973708970156,0.350125819217379,0.137229827484449,0.137440798313294,-0.0506204655666564,0.325080120535554,0.28934405164463,0.00571628018317375,0.0630062894306513,0.418001387007311,0.397063662460729,0.0212468662612874,FALSE,FALSE
"PBRM1",0.0191986823472376,-0.180776418001028,0.0364756260373817,-0.348130249468815,-0.0134225865332407,-0.0568189286122842,0.450643250895688,-0.215584713390535,0.101946856165966,-0.237595346613312,0.00682072225119692,0.0642891656581809,0.218973741836255,0.781771799319991,0.0244916410164819,FALSE,FALSE
"CASP1",0.0194542175765737,0.204177420864682,0.0250931693971938,0.0302671692437508,0.378087672485613,0.0358653926359048,0.644256677871251,-0.129120358436635,0.200851143708445,0.240042813500587,0.00806930225428414,0.0649294845899955,0.183915799798709,0.884117728141821,0.0278383300833054,FALSE,FALSE
"F13A1",0.0194719111973135,0.389739713143569,0.124585333893814,-0.124504431421987,0.903983857709125,0.356918168512738,0.136912375727717,-0.130936662556879,0.844772999582355,0.746657881656307,0.00594663332713038,0.0649294845899955,0.428996668596622,0.396611247147751,0.0217923811687007,FALSE,FALSE
"TUBB",0.0195486056681431,0.0728534025050461,0.70188752468799,-0.3320177055173,0.477724510527392,0.459698436307502,0.0228992183500119,0.0756039782634968,0.843792894351507,0.532551838812548,0.0106440771430588,0.0649294845899955,0.88793880456743,0.131006499964802,0.0350639725380547,FALSE,FALSE
"TBL1XR1",0.0195591129118197,0.0818307261731924,0.365203790246162,-0.1076179278416,0.271279380187985,0.183329087675778,0.0462316082751563,0.00360231377379389,0.363055861577762,0.26515981384897,0.00742976759395317,0.0649294845899955,0.700548956905676,0.201161541414378,0.0262269358974169,FALSE,FALSE
"EHHADH",0.019567789876437,-0.262664956072577,0.0361779163900391,-0.505362259524194,-0.0199676526209589,-0.0803511273192709,0.461711846641641,-0.310594005585718,0.149891750947176,-0.343016083391848,0.00700825132074593,0.0649294845899955,0.218973741836255,0.78234741284597,0.0248900844497401,FALSE,FALSE
"NR3C1",0.0197128495268789,0.0193909392941099,0.73757486306807,-0.1038054840878,0.14258736267602,-0.160685907186036,0.0111583393410632,-0.277560296428015,-0.0438115179440583,-0.141294967891926,0.0218112242169067,0.0652921059647079,0.907914331918803,0.0834588905632801,0.0630095355212703,FALSE,FALSE
"NFATC3",0.019789902457728,-0.114925223101753,0.276418983764113,-0.334521523113965,0.10467107691046,-0.196561190028844,0.0622359225505017,-0.40488853216412,0.0117661521064319,-0.311486413130597,0.00685765948461493,0.0654285724372347,0.62124385927236,0.236214263005712,0.0244916410164819,FALSE,FALSE
"IL18",0.0201112172052213,0.301362463089926,0.0917807754042453,-0.0569363608280088,0.659661287007862,0.216091304765748,0.191221729616545,-0.123820805196339,0.556003414727835,0.517453767855675,0.00614601203512293,0.0663706535253686,0.358672195102244,0.48536808977774,0.0223881675930127,FALSE,FALSE
"ENG",0.0201664227859776,0.51641136663336,0.0485673049909183,0.00381686426857386,1.02900586899815,0.213419588238032,0.357827858759316,-0.272870254827956,0.699709431304019,0.729830954871392,0.00670328739141942,0.0664327104411718,0.256914004662104,0.69398070375744,0.0242392488834436,FALSE,FALSE
"HDAC6",0.0202775350812757,-0.0658139950640721,0.301929412001833,-0.198749082595591,0.0671210924674472,-0.121208909248496,0.0581526863488359,-0.247322206514532,0.00490438801753909,-0.187022904312568,0.00720424853181735,0.0666783811231137,0.644707980835197,0.227780355116722,0.0254801425786176,FALSE,FALSE
"ASXL1",0.0203657059680312,-0.0711925351692965,0.644635217000738,-0.399066186883205,0.256681116544612,-0.361990353483018,0.0261465628944577,-0.673038610734835,-0.0509420962312021,-0.433182888652315,0.0103826182321762,0.0668478658123326,0.86252568408927,0.141190022988713,0.0345141680759955,FALSE,FALSE
"CCL20",0.0204622875101784,0.0486128668579819,0.77692556074202,-0.316891360561002,0.414117094276966,0.421416934002198,0.0212573507610097,0.0746691780829506,0.768164689921445,0.47002980086018,0.0120663116477833,0.067044299292775,0.923106757894285,0.124341875445009,0.0386333662407096,FALSE,FALSE
"ATRX",0.0206172024147801,-0.220672524345352,0.0269704492838634,-0.411561596152431,-0.0297834525382729,-0.0406973596054966,0.63321183045278,-0.221790633809238,0.140395914598244,-0.261369883950849,0.0084584570485391,0.0674308143494151,0.190986213532662,0.884117728141821,0.0290163235217742,FALSE,FALSE
"LFNG",0.0208608840932775,-0.731277956547057,0.00698244032580513,-1.22183336900634,-0.240722544087773,0.262641254652501,0.242400771977916,-0.202740471915903,0.728022981220905,-0.468636701894556,0.0486531471664952,0.0681057486050653,0.101992337483509,0.557155426775436,0.119989180511964,FALSE,FALSE
"TAP1",0.0209042972690084,0.285463095488777,0.045046240306871,0.00741526802193526,0.563510922955619,0.106321677833982,0.39707046248837,-0.157457652143042,0.370101007811006,0.391784773322759,0.00713761134448372,0.0681256116356079,0.248055203632058,0.737185751822253,0.0252934770945297,FALSE,FALSE
"FOXM1",0.0215785700103784,-0.00264157620475441,0.975948433569424,-0.18960990590941,0.184326753499901,0.2280693850035,0.0159983400148737,0.0506956533482909,0.405443116658708,0.225427808798745,0.0169903240549794,0.0701976653635306,0.992918435666949,0.104617865749658,0.0510829347616763,FALSE,FALSE
"CDC20",0.0218978987170195,-0.0278067395323781,0.756399594581662,-0.218691810594479,0.163078331529723,0.243721380870934,0.0125483594751875,0.0626319021071329,0.424810859634735,0.215914641338556,0.0233194867017422,0.0711097244814245,0.916619694629172,0.0905168223012533,0.0660839491159619,FALSE,FALSE
"STAG2",0.0221784877982236,-0.174653267262266,0.106643305892833,-0.392815409568052,0.0435088750435207,-0.135170868171638,0.180212678018944,-0.342137648844057,0.0717959125007811,-0.309824135433904,0.00680804987622969,0.0718929666638688,0.390142281503228,0.467247653532773,0.0244916410164819,FALSE,FALSE
"HERC6",0.0223613330594106,0.343398585716996,0.0179157304082228,0.0703793364746023,0.616417834959389,-0.34951431084221,0.0123683899257741,-0.60852311264476,-0.0905055090396611,-0.00611572512521457,0.959816429958259,0.072357150413873,0.158161065425681,0.0895726651370541,0.986297851730756,FALSE,FALSE
"JAK1",0.0224055145179586,-0.157228824908792,0.314041507571249,-0.483232309075148,0.168774659257565,-0.29312647154083,0.0612213267131061,-0.602400532075728,0.0161475889940678,-0.450355296449622,0.00802898042136443,0.0723717946819018,0.656501433353412,0.23423253931115,0.0278043439639281,FALSE,FALSE
"DKK1",0.022560405277443,-0.135492852922284,0.551552918270846,-0.61737018354823,0.346384477703662,0.637204521507458,0.0103318198842773,0.180055546233457,1.09435349678146,0.501711668585174,0.0340605442642987,0.072743356239105,0.822218001645546,0.0792250894487652,0.0899572985272721,FALSE,FALSE
"GPSM3",0.0234100297022401,0.249555368033021,0.0544020444012314,-0.00553045072033906,0.504641186786381,0.104347544357115,0.366003412511709,-0.137648111463738,0.346343200177968,0.353902912390136,0.00782805377905794,0.0753497428687621,0.269754931932667,0.705339205737982,0.0272637369213373,FALSE,FALSE
"CACNG4",0.023727358839207,-0.0978785830101903,0.491706799565515,-0.398551620915626,0.202794454895246,0.398699345200516,0.0101705816964688,0.11345585596552,0.683942834435512,0.300820762190326,0.0403580486791848,0.0762366723266776,0.789239146180356,0.0783177704474922,0.103445841066731,FALSE,FALSE
"OAS3",0.0238302486194769,0.421584431521313,0.0205084346711914,0.0772236829780218,0.765945180064604,0.0190857175982146,0.900819191954214,-0.307603573048978,0.345775008245407,0.440670149119527,0.0123951262061017,0.0764326954842625,0.167838086434638,0.967625088473479,0.0395473869338036,FALSE,FALSE
"TAB1",0.0239415575172071,-0.16820216089142,0.16133296588212,-0.413717227311379,0.0773129055285402,-0.174841793842742,0.127872794320413,-0.40775783677512,0.0580742490896368,-0.343043954734161,0.00750606535012199,0.0766549867875489,0.490721104558115,0.382570245302876,0.0264228246397551,FALSE,FALSE
"CD4",0.0241654254636674,0.463305198569531,0.0443065520699743,0.0138818076660052,0.912728589473057,0.150209794515006,0.457556957720612,-0.276150670188397,0.576570259218408,0.613514993084537,0.00860797692209244,0.0770999418782943,0.247276628525086,0.78234741284597,0.0293088766470498,FALSE,FALSE
"IL11RA",0.0241684917820888,-0.20950107104647,0.165762439392067,-0.518810494932405,0.099808352839464,-0.221780868859488,0.125525830826553,-0.515217553229701,0.0716558155107243,-0.431281939905959,0.00759953371177944,0.0770999418782943,0.497559953767306,0.379895725761849,0.0266115860119788,FALSE,FALSE
"GADD45B",0.0242072694226097,-0.587307815112903,0.144977438366859,-1.4081343579275,0.233518727701694,-0.559005668205754,0.143770834256663,-1.33771009997051,0.219698763559,-1.14631348331866,0.00752869523982062,0.0770999418782943,0.464182149157047,0.408694349717151,0.0264228246397551,FALSE,FALSE
"MELK",0.0245182128836957,0.0110276899369893,0.890127330830812,-0.159250553253345,0.181305933127323,0.196150387179564,0.0213507559884475,0.0346102618435104,0.357690512515617,0.207178077116553,0.0162127537109981,0.077954248280043,0.965804030182064,0.124489232201012,0.0492317396382222,FALSE,FALSE
"ITGA6",0.0246333113458709,-0.362421834259236,0.09497208654865,-0.798068915847068,0.073225247328595,0.606521821825569,0.00766806072485812,0.193230711678744,1.01981293197239,0.244099987566333,0.222412998669404,0.0781839881847206,0.366435640488977,0.0663448702573189,0.38584004046736,FALSE,FALSE
"GPX1",0.0247655426617006,0.405281473630005,0.0911026200151589,-0.0754340385171461,0.885996985777157,0.262993696766276,0.232851123091677,-0.193053080721526,0.719040474254077,0.668275170396281,0.00773583198601357,0.0784672141625061,0.357553293607882,0.545053377783604,0.0269940599894355,FALSE,FALSE
"CLCF1",0.0248287136542798,0.113766797511227,0.278420331186625,-0.104570428974009,0.332104023996463,0.18452293115517,0.0761140111285034,-0.0226099489540454,0.391655811264386,0.298289728666397,0.0085686948542433,0.0785310267228088,0.621662622804763,0.269724408367998,0.0293061118466537,FALSE,FALSE
"SAMD9",0.0248719892776994,0.684876766733265,0.0284954517797295,0.0853000349349001,1.28445349853163,0.102207997788982,0.70228617597077,-0.466600433567839,0.671016429145804,0.787084764522248,0.0107641141412886,0.0785318000550196,0.197734598851735,0.908446659254916,0.0352684170697518,FALSE,FALSE
"WNT7B",0.0250923580480086,0.066335226448453,0.566149072431928,-0.178643314316961,0.311313767213867,0.251044193769215,0.0364775065673196,0.0186371437642791,0.48345124377415,0.317379420217668,0.0115837615754509,0.0789298493341492,0.826577645750615,0.170259461599382,0.0374165750003504,FALSE,FALSE
"CDC25B",0.0250980437830744,0.234779910955305,0.087865008522663,-0.040539213095883,0.510099035006492,0.146804126718695,0.244216294080988,-0.114386527902564,0.407994781339954,0.381584037674,0.00787550754576484,0.0789298493341492,0.351661086311471,0.557815690485361,0.027376764325754,FALSE,FALSE
"ID4",0.0251278040893922,-0.376070468157085,0.0198883532168643,-0.681353371018545,-0.0707875652956248,-0.00660659737321806,0.961177543357525,-0.296223388498263,0.283010193751827,-0.382677065530303,0.0138585288985897,0.0789298493341492,0.165554931911667,0.987140695907419,0.0432338722050022,FALSE,FALSE
"AKT3",0.0254006544189891,0.240476910469792,0.0228371251954691,0.0396632631729662,0.441290557766619,0.0152636751124396,0.864329735855626,-0.175244878098666,0.205772228323545,0.255740585582232,0.0127249107090362,0.0796498184100604,0.17566125134237,0.954515062421217,0.040528729570665,FALSE,FALSE
"MX1",0.025657505720476,0.80877339625031,0.00830255084343262,0.250184547788004,1.36736224471262,-0.325963959552657,0.204998159539863,-0.855887870566117,0.203959951460802,0.482809436697653,0.0704717007450035,0.0803172348882824,0.108917301701992,0.503528453782302,0.157912783506406,FALSE,FALSE
"KIR2DS3",0.0258626002039038,-0.23610747369541,0.100527716271874,-0.525247370394716,0.0530324230038971,-0.163009763682774,0.219746833716403,-0.437311954481457,0.111292427115909,-0.399117237378184,0.00806613831221931,0.0808206256371994,0.377569264747519,0.524563786071834,0.0278383300833054,FALSE,FALSE
"ITGA5",0.0260337913500203,0.272968938562693,0.356253382420973,-0.346899426517979,0.892837303643364,0.556264732311249,0.0616603576684281,-0.0317940326306623,1.14432349725316,0.829233670873941,0.0096737686885774,0.0811693959596001,0.695360880126499,0.235182518347624,0.0323344832539446,FALSE,FALSE
"ELOB",0.0260631594697675,-0.251918284607156,0.0135131270779024,-0.441678671492953,-0.0621578977213585,0.216744285743524,0.0222508304194629,0.0367217760733645,0.396766795413684,-0.0351739988636315,0.677853876554761,0.0811693959596001,0.138009210136857,0.12850558707443,0.828034353890522,FALSE,FALSE
"SOCS2",0.0268773290211311,-0.0851003171133056,0.524740365779948,-0.368121954782173,0.197921320555561,-0.280176148256819,0.0421645287974393,-0.548674048900177,-0.0116782476134601,-0.365276465370124,0.0118289975810627,0.0835623943161232,0.805116948852178,0.188142457347987,0.0380739340131206,FALSE,FALSE
"MERTK",0.0269862148812863,-0.16522372096698,0.331329991987416,-0.520809556293845,0.190362114359885,-0.309608643664832,0.0686897997155467,-0.64694698666277,0.027729699333105,-0.474832364631812,0.00977358367044168,0.083758234963176,0.676372746506749,0.250717768961745,0.0326083915878539,FALSE,FALSE
"SERPING1",0.0272063751517729,0.649895252752538,0.100609516427529,-0.146188310591441,1.44597881609652,-1.08841984731487,0.00853113350619516,-1.84365102771185,-0.333188666917904,-0.438524594562337,0.229841355224008,0.0842369563920584,0.377569264747519,0.0695058868250275,0.393859599327525,FALSE,FALSE
"PBX3",0.0272715930697926,0.00728834450499763,0.957863222218615,-0.287060257566012,0.301636946576007,-0.345817195878035,0.0193717371855915,-0.625060798467319,-0.0665735932887519,-0.338528851373038,0.0215184967279897,0.0842369563920584,0.988547709677612,0.118159143270181,0.0623353278231448,FALSE,FALSE
"HLA-DQA1",0.0272789267001132,0.631393462261361,0.038426621088984,0.039665589328899,1.22312133519382,0.147043988624695,0.578719617898247,-0.414318361417288,0.708406338666679,0.778437450886056,0.0106362925343076,0.0842369563920584,0.22917837740979,0.859408585519564,0.0350639725380547,FALSE,FALSE
"ARMH3",0.0274214968707465,-0.147216814568555,0.142599424475761,-0.351635661472339,0.0572020323352286,-0.132022266266455,0.16378090864927,-0.32595101213082,0.0619064795979099,-0.27923908083501,0.00857504861704826,0.0845341753194466,0.460496468209048,0.442815049310988,0.0293061118466537,FALSE,FALSE
"JAG1",0.0279315162250524,0.127513065313913,0.390952453375361,-0.184647200292029,0.439673330919855,0.282639770087546,0.0596780777809019,-0.0135014602078239,0.578781000382915,0.410152835401459,0.010709878133123,0.0859612430197649,0.716353641977946,0.232222797335066,0.0351538266060244,FALSE,FALSE
"MAF",0.0280459937357886,0.23905489002235,0.0834181155156375,-0.0368026772340666,0.514912457278767,0.134751386482805,0.2838601325593,-0.126950080214204,0.396452853179814,0.373806276505155,0.00898490482023966,0.0861682467471619,0.343709941422326,0.605192455514862,0.0304785340091773,FALSE,FALSE
"UBE2C",0.0285827464641265,-0.0998974051798038,0.54174625487111,-0.446464407452056,0.246669597092448,0.441184977853862,0.0127524658222095,0.112402651142742,0.769967304564982,0.341287572674059,0.0430798051006597,0.0875642162771866,0.821168534169249,0.091267647551107,0.109043889471157,FALSE,FALSE
"ATG5",0.0285963139184675,-0.168200970110073,0.0458438771570351,-0.332750161796141,-0.00365177842400546,-0.0484607542525892,0.511623788871267,-0.204565824112874,0.107644315607696,-0.216661724362663,0.0105834925264568,0.0875642162771866,0.25008384109896,0.815542030248531,0.0349907135159123,FALSE,FALSE
"TLR3",0.0286454920185906,0.104078952656719,0.349244556828294,-0.128724086490851,0.33688199180429,-0.306785937646137,0.0105342347843794,-0.527642292620837,-0.0859295826714369,-0.202706984989418,0.0686834498238166,0.0875678776112695,0.688305957032004,0.0796842949735656,0.154941033286113,FALSE,FALSE
"RAC1",0.0288536337819494,0.181118134421606,0.344018397222895,-0.219470844961536,0.581707113804747,0.346589677652546,0.0702276714402102,-0.0334423964713416,0.726621751776434,0.527707812074152,0.0105550264509109,0.0880566582810329,0.686156912493752,0.254802187630982,0.0349599333446684,FALSE,FALSE
"AMER1",0.0292871615498355,-0.149271504953844,0.149494448569461,-0.360456989877183,0.0619139799694945,-0.135663609983558,0.165865780476659,-0.336011752321028,0.0646845323539119,-0.284935114937402,0.00921209122247633,0.0892305005483302,0.472019668926067,0.445810087437264,0.0310759084676882,FALSE,FALSE
"TIRAP",0.029638856938795,-0.0842921560107955,0.37438971722798,-0.283354864189748,0.114770552168157,-0.175364653087784,0.0659062433037954,-0.364212119601859,0.0134828134262914,-0.259656809098579,0.0111540322050419,0.0901515231888349,0.705046431043294,0.243479542569689,0.0361564987108374,FALSE,FALSE
"CDH11",0.0298579953811513,0.0486721006803839,0.713117094412806,-0.232993496833547,0.330337698194315,0.295258615025823,0.0330628556195548,0.0280471670289381,0.562470063022708,0.343930715706207,0.0159146407915104,0.0905762672503367,0.893231775774448,0.160477956132148,0.0484070324075107,FALSE,FALSE
"PGPEP1",0.0298777604847686,-0.179213168694125,0.16377692154058,-0.442458369292223,0.0840320319039732,-0.174333103664812,0.154173510916752,-0.424069428764185,0.0754032214345609,-0.353546272358937,0.00945853620647161,0.0905762672503367,0.493551638839527,0.427608901858774,0.031731302530902,FALSE,FALSE
"EFNA2",0.0302234876524614,-0.0646060538410388,0.645445554760307,-0.362883007582337,0.233670899900259,0.368495967428068,0.014970372984349,0.0855256032203131,0.651466331635823,0.303889913587029,0.0373931677458772,0.0914724128785109,0.86252568408927,0.10050158613592,0.0970733017585006,FALSE,FALSE
"FUT4",0.0308741375256645,-0.0789115707621254,0.412939532214596,-0.28162157894405,0.123798437419799,-0.181856055183245,0.0617273568704174,-0.37416365429312,0.0104515439266294,-0.260767625945371,0.012044144597584,0.0931547859140019,0.731664705137512,0.235182518347624,0.0386301650098258,FALSE,FALSE
"PIK3R1",0.0308817432354054,0.291377112116334,0.0324396839505862,0.0288155006115056,0.553938723621163,0.038073256173735,0.74485564833511,-0.211014559370124,0.287161071717594,0.329450368290069,0.0137855333371676,0.0931547859140019,0.214501533368912,0.927302341415545,0.0432338722050022,FALSE,FALSE
"ERO1A",0.0309324932952795,0.0969881350401934,0.549399211177667,-0.24606067907144,0.440036949151827,0.3331351794743,0.0455861734539725,0.00769049911055797,0.658579859838042,0.430123314514493,0.0138402670168929,0.0931547859140019,0.822218001645546,0.199030541994019,0.0432338722050022,FALSE,FALSE
"FUBP1",0.0312031176547996,-0.151059088150583,0.187619137449988,-0.386603277198807,0.0844851008976405,-0.162117817563397,0.139925061603599,-0.3855746556663,0.0613390205395059,-0.31317690571398,0.0100169707546819,0.0938149748270333,0.524851952743628,0.400884203181427,0.0333594372760849,FALSE,FALSE
"CD74",0.0316097009772464,1.31836173050837,0.0186992735523038,0.261279394384111,2.37544406663263,-0.112011218547367,0.811835989612929,-1.11484757549267,0.890825138397936,1.206350511961,0.0223445679629995,0.0948810925715043,0.161735422904997,0.944829078386773,0.0640170118249201,FALSE,FALSE
"AFDN",0.0317324366046177,-0.0492224954125685,0.717982632233858,-0.339242832557245,0.240797841732108,-0.300723199652437,0.0346726281367641,-0.575860649596571,-0.0255857497083029,-0.349945695065006,0.0169236182811499,0.0950930981993879,0.896779152501637,0.164785276952069,0.050966342183331,FALSE,FALSE
"BIRC3",0.0319471063075282,0.783208343353645,0.021093669385459,0.139790513107519,1.42662617359977,-0.0329740127140569,0.908252300043174,-0.643373761936457,0.577425736508343,0.750234330639588,0.0201130055363675,0.0954956932456129,0.171093096126501,0.970746305708606,0.0588240947177416,FALSE,FALSE
"IFI35",0.0319714348345586,0.264747208905373,0.0100972972798359,0.0755794931886109,0.453914924622134,-0.135490147753424,0.125896713284184,-0.314950400184283,0.0439701046774359,0.129257061151949,0.142557862190017,0.0954956932456129,0.115172297098129,0.379895725761849,0.274438922464958,FALSE,FALSE
"LYZ",0.0320739141556452,0.926965850374914,0.207529839191885,-0.589042957571649,2.44297465832148,1.07424350279611,0.129602013044178,-0.36396873300026,2.51245573859249,2.00120935317103,0.0104331345943317,0.0956452505458374,0.537222633369064,0.385405244471556,0.0346190375175552,FALSE,FALSE
"AXIN1",0.0321388660083449,-0.228999631806985,0.0167758167007906,-0.408738833253583,-0.0492604303603873,0.0310067386495151,0.698913723535435,-0.139508839767809,0.201522317066839,-0.19799289315747,0.026423664578883,0.0956825945599174,0.153848570245944,0.908446659254916,0.0732875195386953,FALSE,FALSE
"MCAT",0.0329354265454246,-0.194430721091095,0.0752909894587735,-0.411985587589462,0.0231241454072725,-0.0899146817533167,0.361241336355538,-0.296305350009927,0.116475986503294,-0.284345402844412,0.011030542325898,0.0978943867188925,0.328722621440817,0.699857153767364,0.0358816817328068,FALSE,FALSE
"PARP4",0.0336379532346131,0.191624153227405,0.146986939093143,-0.0776556111391648,0.460903917593976,0.162426334355005,0.191163932126585,-0.0930348806025382,0.417887549312548,0.35405048758241,0.0106693678860132,0.0998199425254779,0.468152118403116,0.48536808977774,0.0350839574630164,FALSE,FALSE
"PIK3CG",0.0340755788098266,-0.194532098225966,0.135785968269284,-0.45959072186767,0.0705265254157385,-0.153139979717406,0.209230427078606,-0.404596668970548,0.0983167095357367,-0.347672077943371,0.0108126503116193,0.10084202391219,0.449144496198929,0.509559377144668,0.0353639548722317,FALSE,FALSE
"CCL5",0.0341244980980429,0.371775884705961,0.0163445211839387,0.0814426049549688,0.662109164456953,-0.307725974595199,0.0314867714972314,-0.583160307963193,-0.0322916412272056,0.0640499101107616,0.621570894137202,0.10084202391219,0.151414980511107,0.156390369320864,0.786242811598497,FALSE,FALSE
"STAT5B",0.0341481483713606,-0.133350858546945,0.173072908995299,-0.333922132035613,0.0672204149417232,-0.129255783530629,0.164626242312533,-0.31953440075805,0.0610228336967922,-0.262606642077574,0.0109233522783595,0.10084202391219,0.509790451731366,0.443817366182438,0.0355984248357252,FALSE,FALSE
"TRAF6",0.0347330595055679,-0.160071958772297,0.128971325887112,-0.373989883676325,0.053845966131731,-0.119433459999197,0.223967712770121,-0.322373822509273,0.0835069025108784,-0.279505418771494,0.0110495918541575,0.102403608396868,0.437495668669107,0.528772413719885,0.0358816817328068,FALSE,FALSE
"SPACA3",0.0350344923152248,-0.465788908716128,0.0422601625674682,-0.912409305593708,-0.0191685118385479,-0.0898802810274216,0.652209710019724,-0.513581592113874,0.33382103005903,-0.555669189743549,0.0144223336207331,0.102936974019718,0.241014989642592,0.886089004418879,0.044763195336459,FALSE,FALSE
"SMAD2",0.0350393907727502,-0.0106331177112828,0.895804025863717,-0.183826612263958,0.162560376841393,-0.186512529748769,0.0293162690872213,-0.350818305361895,-0.0222067541356434,-0.197145647460052,0.0226218007764374,0.102936974019718,0.96789809914909,0.151136133006155,0.0645074787765597,FALSE,FALSE
"NAT8L",0.0350831768987751,-0.117054971000413,0.433906231142567,-0.432058642773357,0.19794870077253,-0.277638260709175,0.0657920159914604,-0.576476982944753,0.0212004615264024,-0.394693231709589,0.0138902687809184,0.102936974019718,0.75107691909597,0.243479542569689,0.0432589428757271,FALSE,FALSE
"CD68",0.0353687045467028,0.782999987348976,0.0880289229682163,-0.13573592181159,1.70173589650954,0.405542168578074,0.330692557921774,-0.466047243761809,1.27713158091796,1.18854215592705,0.0116765057122499,0.10360816339925,0.351661086311471,0.658299744307237,0.0376495104679436,FALSE,FALSE
"CDKN1A",0.0355020910724695,-0.577376792959887,0.0165918013342317,-1.02958399871345,-0.125169587206319,0.105939973096926,0.600381184062916,-0.323061450259576,0.534941396453428,-0.471436819862961,0.0338667140973026,0.10383223751163,0.152929481994813,0.868165967297785,0.0895750046776481,FALSE,FALSE
"TBXAS1",0.0359261835365633,0.322855246362048,0.0544546241099217,-0.00723882560254274,0.652949318326638,0.0932979626655084,0.52848165861811,-0.219856770192783,0.4064526955238,0.416153209027556,0.0134397208568492,0.104904455926765,0.269754931932667,0.821532390952343,0.042435104781574,FALSE,FALSE
"CDH1",0.0371510765294049,-0.305035444214701,0.115048651780038,-0.696187449287472,0.0861165608580701,-0.198660299249503,0.266093472803264,-0.569739673461011,0.172419074962005,-0.503695743464205,0.0119766663163389,0.108165606736167,0.410150885588151,0.585790817691142,0.0384813662452791,FALSE,FALSE
"SIRPA",0.0371615536567543,0.264726823613218,0.0347186891061366,0.0224489900597249,0.50700465716671,0.0256157729707142,0.812242251709236,-0.204229161209347,0.255460707150775,0.290342596583932,0.0175274431425629,0.108165606736167,0.218051632231548,0.944829078386773,0.0525247680380578,FALSE,FALSE
"ALKBH2",0.0372684221708632,-0.137636523980789,0.22062689977911,-0.369713804335229,0.0944407563736506,-0.159896688551662,0.13955225114948,-0.380064528280906,0.0602711511775812,-0.297533212532451,0.0122705191985962,0.10830393385641,0.556907457948651,0.400444745829875,0.0392183844788756,FALSE,FALSE
"LIFR",0.0374000267865272,-0.42114728612333,0.0437076184748575,-0.828307179113611,-0.0139873931330481,-0.0781248690149307,0.667278927569963,-0.464390659130845,0.308140921100984,-0.49927215513826,0.0155679029432084,0.10851359123277,0.245435088358815,0.893458578734543,0.0475310822944683,FALSE,FALSE
"ELK1",0.0378287628075584,-0.0353312096902463,0.726118540131503,-0.249995136680467,0.179332717299974,0.250374008503608,0.0200840579951377,0.0467259262740504,0.454022090733165,0.215042798813361,0.0401449335628051,0.109583320831419,0.901473697782308,0.11953259831242,0.103302690798653,FALSE,FALSE
"FGF1",0.037917364276496,-0.0502324076024272,0.647838967836175,-0.283855520009425,0.18339070480457,0.276913429965541,0.0185307069684329,0.0552790851864449,0.498547774744637,0.226681022363114,0.0457401971184708,0.109643336408536,0.862921405065379,0.115393454819041,0.113882482593737,FALSE,FALSE
"HIF1A",0.0379696375946272,0.496053297954143,0.0142862177938033,0.118484431991121,0.873622163917164,-0.148793320457758,0.383236136318836,-0.50698659746075,0.209399956545234,0.347259977496385,0.0563000892946898,0.109643336408536,0.141697540617886,0.723273990467296,0.13326545131363,FALSE,FALSE
"FANCE",0.0386605225650745,-0.207581836247253,0.0191958174841867,-0.37489611577338,-0.0402675567211261,0.0324100911690342,0.66432253115457,-0.126318171342758,0.191138353680826,-0.175171745078219,0.0332430257794239,0.111462012134694,0.164008703739234,0.89277512471067,0.0883093479584405,FALSE,FALSE
"MCM2",0.0387877094482359,-0.0897787390974321,0.445591009134978,-0.337796413280551,0.158238935085686,0.304517016636866,0.0154639446285362,0.0692267915180077,0.539807241755725,0.214738277539434,0.0700532323965374,0.111652318206673,0.75596537986578,0.102436004964618,0.157253565957787,FALSE,FALSE
"EPHA2",0.0392452293817493,-0.166595081475223,0.593040470990745,-0.827698908775826,0.494508745825381,0.787363817867423,0.0180882164316408,0.160185658630069,1.41454197710478,0.6207687363922,0.0520313791894017,0.112791407278256,0.845988157810548,0.114037866950468,0.125938019921297,FALSE,FALSE
"GLS",0.0393423629260597,-0.160019593038858,0.083882505377582,-0.34498927456444,0.0249500884867231,-0.0733965795137773,0.380066394993649,-0.248874227022819,0.102081067995265,-0.233416172552636,0.0133708234677532,0.112892786698206,0.344191563887511,0.718645193011556,0.0422907328052853,FALSE,FALSE
"TPSB2",0.0398397061451688,0.665714728617198,0.0767350887936736,-0.0833738870493071,1.4148033442837,0.273421506340878,0.41824895289137,-0.437226352101716,0.984069364783472,0.939136234958076,0.0138473678209363,0.114077142234185,0.334228012048817,0.7520239793367,0.0432338722050022,FALSE,FALSE
"SDHA",0.0398801187646084,-0.17298214556863,0.188991142661193,-0.44361381839972,0.09764952726246,-0.170592630515372,0.173316843514311,-0.427336378453698,0.0861511174229544,-0.343574776084001,0.0129435436248062,0.114077142234185,0.524953218816762,0.456087556088099,0.0411532528140614,FALSE,FALSE
"LTF",0.040002301784973,-0.039810346259754,0.915935374765447,-0.844438128462417,0.764817435942909,-0.848540795730373,0.0321989021761894,-1.61187773385347,-0.0852038576072806,-0.888351141990127,0.0261467981630034,0.114247575520463,0.97375944269851,0.158818909382556,0.0726299948972317,FALSE,FALSE
"MUC1",0.0402292716760056,-0.97028130535678,0.0134634989386225,-1.70065677484506,-0.239905835868499,0.579587660203385,0.0933751470803072,-0.11330734900595,1.27248266941272,-0.390693645153395,0.242794421371458,0.114550557671815,0.138009210136857,0.307044402561371,0.413725321197863,FALSE,FALSE
"KRT6A/B/C",0.040233921900073,0.195895680664066,0.471210536817778,-0.377808383975932,0.769599745304063,0.50047302697748,0.068233497111254,-0.0437904371701782,1.04473649112514,0.696368707641546,0.0164136216578488,0.114550557671815,0.778233016877966,0.250052474353491,0.049758902866402,FALSE,FALSE
"FZD5",0.0405442299120567,-0.242619782798818,0.184183891055888,-0.617764677686695,0.132525112089059,-0.232271206718131,0.180498408624989,-0.588164902847175,0.123622489410914,-0.474890989516948,0.0131462352828989,0.115025803248535,0.522761432623632,0.467247653532773,0.0416525683876572,FALSE,FALSE
"RASAL1",0.0405894647320938,-0.0138274554016613,0.895084356341548,-0.237495736996776,0.209840826193453,0.247522012845494,0.0258618583274439,0.0353316497925493,0.459712375898438,0.233694557443832,0.0335417515483262,0.115025803248535,0.96789809914909,0.140469915022575,0.0888442620837379,FALSE,FALSE
"MDC1",0.0405899272833188,-0.108919397310746,0.261973547574287,-0.310528236011476,0.0926894413899838,-0.144099220728596,0.126614956699143,-0.335362158743339,0.0471637172861464,-0.253018618039342,0.0137712464516808,0.115025803248535,0.605121344167975,0.381247583257941,0.0432338722050022,FALSE,FALSE
"PARP12",0.0411135536846685,0.287351717235525,0.0224041075565971,0.0483453691022309,0.526358065368819,-0.25428015152702,0.0309624650961936,-0.481021482129123,-0.0275388209249179,0.0330715657085044,0.756104118822816,0.116329047247318,0.173989345918254,0.155517317854766,0.879185258252307,FALSE,FALSE
"CDC14B",0.0418463901293973,-0.14356607406168,0.196878942947617,-0.372495671608304,0.0853635234849451,-0.14417101093478,0.173688137797933,-0.361352696556689,0.0730106746871287,-0.28773708499646,0.0136611176059061,0.118219291000232,0.532524165583677,0.456087556088099,0.0430596539391687,FALSE,FALSE
"PLA2G10",0.0421239038703527,-0.249918309668074,0.197252786813461,-0.648793748088409,0.148957128752262,0.500673875145134,0.0137585687362272,0.122267408713185,0.879080341577082,0.25075556547706,0.174387135491877,0.118819357903236,0.532524165583677,0.0940426514742121,0.322121986105947,FALSE,FALSE
"TDO2",0.0427924173422805,0.121412012993662,0.163886188020139,-0.05697961551927,0.299803641506595,0.102210611729446,0.212794822090506,-0.0670265467528046,0.271447770211697,0.223622624723109,0.0138565982670616,0.120518767977873,0.493551638839527,0.514371589821421,0.0432338722050022,FALSE,FALSE
"MMP7",0.04294386079474,1.22996472281536,0.0737166425906777,-0.137769393938299,2.59769883956902,0.451350994286075,0.463136030094863,-0.846195518451993,1.74889750702414,1.68131571710143,0.0153675699975616,0.120581577940821,0.324784317425072,0.782789421076765,0.0471358239421007,FALSE,FALSE
"TNFSF11",0.042946863376183,-0.022629429757373,0.847643637590634,-0.273774468459373,0.228515608944627,0.278069218924196,0.025801007448591,0.039812115319359,0.516326322529034,0.255439789166823,0.0376618780173061,0.120581577940821,0.956331004967293,0.140469915022575,0.0974935140164308,FALSE,FALSE
"PDK1",0.0431229147254116,-0.531144893148324,0.0231927743325837,-0.976114396311074,-0.0861753899855738,0.0639028199873587,0.747215757954048,-0.358232315804978,0.486037955779695,-0.467242073160965,0.0328151155285776,0.120825932672737,0.17566125134237,0.927665821949753,0.0874385878367607,FALSE,FALSE
"DAB2",0.0431663058096572,0.330613513757085,0.0323772473185502,0.0328257105325453,0.628401316981624,0.00573069074327964,0.965473843538993,-0.276775624538994,0.288237006025553,0.336344204500364,0.0234826888430423,0.120825932672737,0.214501533368912,0.988767548463477,0.0663404135271704,FALSE,FALSE
"IL4R",0.0433331711307205,0.32110995918222,0.0147513934387552,0.0752156946525623,0.567004223711877,-0.125061345854691,0.265457503670131,-0.358337127700392,0.10821443599101,0.196048613327529,0.0920128233130549,0.120928097698623,0.143576475152921,0.585790817691142,0.194580999474305,FALSE,FALSE
"CASP3",0.043335329257479,-0.0201702271412457,0.855852934729181,-0.256944870475427,0.216604416192936,0.261174093959899,0.0262577288510887,0.0365499444268937,0.485798243492904,0.241003866818653,0.037542552175121,0.120928097698623,0.95947224240386,0.141357979803059,0.097322667215335,FALSE,FALSE
"CXCR2",0.0446277108861832,-0.251763657705953,0.0843578635382295,-0.543288426967496,0.0397611115555891,-0.105683814418323,0.421336955234893,-0.382248493984778,0.170880865148132,-0.357447472124276,0.0155745683353929,0.124230674695137,0.345186325016298,0.755294670647361,0.0475310822944683,FALSE,FALSE
"MAGEA4",0.0446783262572339,-0.264683435799866,0.0689367768293971,-0.553368286427053,0.0240014148273218,-0.0853822182892477,0.509857285722476,-0.359252714479468,0.188488277900973,-0.350065654089114,0.0164969693126298,0.124230674695137,0.313739695046508,0.815503546400981,0.0498984042600008,FALSE,FALSE
"CXXC4",0.0447230428902492,-0.208438913112798,0.194563752811005,-0.538970808920389,0.122092982694793,-0.201637134167558,0.186524254403955,-0.515207223193192,0.111932954858076,-0.410076047280356,0.0146397330787584,0.124230674695137,0.53050875788255,0.476338146631375,0.0452839201164984,FALSE,FALSE
"NPM2",0.0448400213026942,-0.190522051837174,0.111622223990291,-0.432264481707378,0.0512203780330288,-0.108408910576772,0.323352166122358,-0.337745916224781,0.120928095071238,-0.298930962413946,0.0148970114627404,0.124306546526965,0.40179597392955,0.649946067346238,0.0460017697453488,FALSE,FALSE
"AKAP1",0.0448865831020656,-0.324740237512685,0.0344978409879964,-0.621505567682662,-0.0279749073427081,-0.00933309778509211,0.943609611441817,-0.290869409957795,0.272203214387611,-0.334073335297777,0.0238593646346414,0.124306546526965,0.218051632231548,0.982196074632309,0.0670929745118961,FALSE,FALSE
"KDR",0.0452171018876635,-0.0209098987391131,0.842935092470614,-0.245915493402217,0.204095695923991,-0.225972092261985,0.0397247002960365,-0.439431141886796,-0.0125130426371748,-0.246881991001099,0.0269108554627248,0.124524216879611,0.956331004967293,0.18178683233714,0.0741877812982973,FALSE,FALSE
"IRS1",0.0453055158978606,0.0954755263763749,0.645077127835614,-0.344825601365596,0.535776654118345,0.40946621970676,0.0539908788162427,-0.00824010629485294,0.827172545708374,0.504941746083135,0.0218202884654481,0.124524216879611,0.86252568408927,0.218808022792641,0.0630095355212703,FALSE,FALSE
"DUSP2",0.0453312959086207,-0.273295198794646,0.0533190933568873,-0.551176730167785,0.00458633257849345,-0.0558409899198657,0.652678425020256,-0.319462557570263,0.207780577730531,-0.329136188714511,0.0185979435929495,0.124524216879611,0.268548865098969,0.886089004418879,0.0550101248900046,FALSE,FALSE
"TNFSF10",0.0453848286257895,0.516457526376489,0.0666435036279406,-0.0414515505511731,1.07436660330415,0.15590843044451,0.533066628548468,-0.373370592667542,0.685187453556563,0.672365956821,0.0170299437711839,0.124524216879611,0.307132308386342,0.826325451429122,0.0511178410894912,FALSE,FALSE
"NDUFB4",0.0453992352560041,-0.466543577142842,0.0531663206840594,-0.94056073990053,0.00747358561484557,-0.0945215243701505,0.655157363468307,-0.544213689667661,0.35517064092736,-0.561065101512993,0.0186620206180674,0.124524216879611,0.268548865098969,0.886089004418879,0.055110335967594,FALSE,FALSE
"HLA-DRB3",0.0454162151718903,0.938775317121687,0.0363299684782935,0.0705157938085098,1.80703484043486,0.0426863472518587,0.911967651732255,-0.781016960888653,0.866389655392371,0.981461664373546,0.0233931944513142,0.124524216879611,0.218973741836255,0.970746305708606,0.0661900463157341,FALSE,FALSE
"C1QA",0.0454428101051074,0.793227341327334,0.0401019939074628,0.0422246056494374,1.54423007700523,0.0677233072676038,0.839398916143751,-0.644740444860262,0.78018705939547,0.860950648594938,0.021858110101313,0.124524216879611,0.233125808024064,0.95117373615336,0.0630190378118423,FALSE,FALSE
"ATOX1",0.0455807793586007,-0.145265103015235,0.104868713016471,-0.325689927186822,0.0351597211563523,0.221926691385607,0.0153183934345872,0.0507606741403217,0.393092708630893,0.0766615883703722,0.348404452926572,0.124715025981179,0.387419840597285,0.102029445321612,0.542987298540558,FALSE,FALSE
"KRT18",0.0458482506953693,-0.481916661318934,0.040110412997017,-0.938203212781307,-0.0256301098565608,-0.0396805033666932,0.845038120982948,-0.472551933864113,0.393190927130727,-0.521597164685627,0.0221628223224624,0.125248664644178,0.233125808024064,0.952559957253786,0.0636586048313849,FALSE,FALSE
"TTK",0.0459130721353177,-0.0789650472488922,0.309812614413489,-0.241205693196568,0.0832755986987837,0.197509640589298,0.0161656099404951,0.0435946495138111,0.351424631664785,0.118544593340406,0.119155895479958,0.125248664644178,0.652896098504178,0.104617865749658,0.237401210972623,FALSE,FALSE
"C3",0.0468329312610236,1.62050269192329,0.030102148611067,0.184554192834516,3.05645119101206,-1.5506094226125,0.0289548882221339,-2.91286978055872,-0.188349064666274,0.0698932693107929,0.912839625495167,0.127567312763236,0.202779035285811,0.150121224447143,0.963523607014852,FALSE,FALSE
"TRBC1/2",0.0469257548399809,0.435497668433684,0.0660576704220237,-0.0337855357153053,0.904780872582673,0.12485033024875,0.552586611706667,-0.320350807583026,0.570051468080525,0.560347998682433,0.0178537721841593,0.127619543411763,0.306756357557743,0.840215557746774,0.0532404154184489,FALSE,FALSE
"DNAJC14",0.0469932526651161,-0.105964369621971,0.155168747886671,-0.258160565306797,0.0462318260628542,-0.0811758072707492,0.244092352732926,-0.225561796143771,0.0632101816022725,-0.18714017689272,0.0153461467599662,0.127619543411763,0.482424130993483,0.557815690485361,0.0471358239421007,FALSE,FALSE
"FCGR2A",0.0470618918992418,0.365985179739908,0.0518671830997667,-0.00347571467952307,0.73544607415934,0.0658382637583227,0.689552980909086,-0.284663116060196,0.416339643576842,0.431823443498231,0.0198770522871584,0.127619543411763,0.266641152555139,0.906644912856709,0.0583209331576593,FALSE,FALSE
"STAT3",0.0475074266754111,0.130777378994877,0.405242807077545,-0.199531367572153,0.461086125561907,-0.393251294730977,0.0181210857071977,-0.706609685799118,-0.0798929036628355,-0.2624739157361,0.0929783183455394,0.128636578164132,0.723436241932171,0.114037866950468,0.195941606213175,FALSE,FALSE
"SBNO2",0.0488216900215582,0.368284404229193,0.0387607629161168,0.0224261912305916,0.714142617227795,0.0168482778360348,0.912767485258065,-0.311261632329336,0.344958188001406,0.385132682065228,0.0251180619122008,0.131989663815053,0.230418216032291,0.970746305708606,0.0705237892150253,FALSE,FALSE
"RAD52",0.0489592091325035,-0.0955731255890414,0.341283317091029,-0.305716190824326,0.114569939646243,-0.155848922626517,0.114249941798611,-0.355208138816371,0.0435102935633375,-0.251422048215558,0.0176737775476972,0.131989663815053,0.683690508991359,0.35703106812066,0.052876465614012,FALSE,FALSE
"CDC6",0.0489627410426253,-0.0958073766850048,0.392670090579686,-0.331229639247609,0.1396148858776,0.279263911524066,0.0184579136605439,0.0559227430416608,0.502605080006472,0.183456534839062,0.0987455860469899,0.131989663815053,0.71729533161934,0.115393454819041,0.205251360519085,FALSE,FALSE
"PVRIG",0.0501954139194697,-0.0423044619878962,0.702860986601048,-0.278218729156466,0.193609805180673,-0.219584874682478,0.0538112454048149,-0.443392799717126,0.00422305035217088,-0.261889336670374,0.0254871375082362,0.13490036521537,0.88793880456743,0.218808022792641,0.0713405306020414,FALSE,FALSE
"CREB3L4",0.0501960575350842,-0.141661033588028,0.201016791150923,-0.369796565741556,0.0864744985654997,-0.134690697806846,0.200083015600276,-0.351119066852764,0.0817376712390716,-0.276351731394875,0.0165866481814806,0.13490036521537,0.534031458180602,0.498301175286181,0.0500341040185158,FALSE,FALSE
"ICOSLG",0.0502642456692886,0.173593303478712,0.171158224236348,-0.0862474025660311,0.433434009523454,0.14143114768605,0.235100946644025,-0.105075390292251,0.38793768566435,0.315024451164761,0.0165143211907071,0.13490036521537,0.507908551595667,0.548669089034968,0.0498984042600008,FALSE,FALSE
"OAT",0.0513029315088045,-0.449149048127054,0.0254029550157655,-0.832716569147812,-0.0655815271062952,0.37853316670565,0.0427049647175697,0.0146490658386165,0.742417267572683,-0.0706158814214041,0.679902094529706,0.137400614228017,0.185441571615088,0.189021796216021,0.829625707481963,FALSE,FALSE
"MUC4",0.0513513536052088,0.0109917727092678,0.97822868346804,-0.84850597150173,0.870489516920266,0.8760042179316,0.0373328904258182,0.060613063286533,1.69139537257667,0.886995990640868,0.0353918572586787,0.137400614228017,0.992918435666949,0.173365203631344,0.0928019245647824,FALSE,FALSE
"NCF4",0.0514217093247865,0.0603644953655187,0.576395422204424,-0.16866395787294,0.289392948603978,0.199554039964367,0.0685221064610858,-0.0177214284013018,0.416829508330037,0.259918535329886,0.0229521076312894,0.137400614228017,0.836850951092342,0.250606902387739,0.0651440068850748,FALSE,FALSE
"FANCG",0.0516136062558386,-0.17778006621988,0.076969644228333,-0.378006715742261,0.0224465833025011,-0.0578695851674,0.519378045272148,-0.247821263393897,0.132082093059097,-0.23564965138728,0.0192030414101996,0.137711741837581,0.334451430277875,0.817631290389754,0.0565250815703455,FALSE,FALSE
"NR4A3",0.0522322437562239,-0.273917090179559,0.0337619879660277,-0.52300136536466,-0.024832814994457,0.0103745049742327,0.925371363954833,-0.225927586700891,0.246676596649357,-0.263542585205326,0.0317335330006306,0.138950570182601,0.215222810359412,0.975227830542632,0.085292632880929,FALSE,FALSE
"ISG15",0.0522898918378942,0.731360235475575,0.0499910207145909,3.3668046015789e-05,1.46268680290513,0.0932393554013214,0.774668574836621,-0.600557944539714,0.787036655342357,0.824599590876896,0.0236759350995162,0.138950570182601,0.261414363335611,0.931951317783014,0.0666799098095943,FALSE,FALSE
"ARG2",0.0523063242276422,-0.32247037224231,0.0618818585886072,-0.663707852792633,0.0187671083080127,-0.0710135593439165,0.641273852444782,-0.394739857810845,0.252712739123012,-0.393483931586227,0.0212452188422607,0.138950570182601,0.292576144881368,0.884117728141821,0.0617396885145316,FALSE,FALSE
"PKP3",0.052485634638737,-0.0257610503367403,0.898526677823198,-0.456690472791614,0.405168372118134,0.452310475097523,0.0328754121755372,0.0434949293760302,0.861126020819016,0.426549424760783,0.042183791738726,0.139224248860022,0.967906737598908,0.16042146315603,0.106924194337743,FALSE,FALSE
"WNT7A",0.0532752058212827,0.106353847340582,0.729770698299538,-0.548971023656609,0.761678718337772,0.608139661282934,0.0544283011744818,-0.0135560986292086,1.22983542119508,0.714493508623516,0.0277095258278502,0.141113571297302,0.904776850812946,0.218808022792641,0.0762743358006435,FALSE,FALSE
"MAP2K6",0.0535670487402158,-0.213274876432516,0.182825946419249,-0.541945943684699,0.115396190819668,-0.179769807787165,0.232954320367787,-0.491574559841749,0.132034944267419,-0.393044684219681,0.0177168718470732,0.141636440392877,0.522065363775409,0.545053377783604,0.0529186434057423,FALSE,FALSE
"GAS1",0.0536949122036246,-0.80474653712075,0.0177562587428229,-1.4434356817648,-0.166057392476702,0.397696695512717,0.178210990009553,-0.20821702865726,1.00361041968269,-0.407049841608033,0.168969440948767,0.141636440392877,0.158161065425681,0.463958711508467,0.314662479317857,FALSE,FALSE
"NCAM1",0.0537054338366416,-0.0757117546405815,0.680742080839537,-0.466949590102694,0.315526080821531,-0.354857968453329,0.0592951492147494,-0.726018768521671,0.0163028316150119,-0.430569723093911,0.0265381563146098,0.141636440392877,0.880477886273674,0.231225742130166,0.073493376743798,FALSE,FALSE
"HLA-DRB4",0.0540502529276477,0.7634941733013,0.0627345471119156,-0.0474851867704995,1.5744735333731,0.164048747105132,0.650547410119128,-0.605313826858678,0.933411321068942,0.927542920406432,0.0221068432827884,0.142288952899921,0.295841210540687,0.886089004418879,0.0636356293234841,FALSE,FALSE
"CD164",0.0541402573170486,-0.165027742282538,0.232243642245514,-0.450800466143941,0.120744981578865,-0.174926866283805,0.185133870389672,-0.44603467644952,0.0961809438819091,-0.339954608566343,0.018195132066626,0.142288952899921,0.565617177017573,0.474546610404841,0.0540816221850041,FALSE,FALSE
"PDGFB",0.0541867519262713,0.1367885243528,0.438661612641318,-0.235256779156538,0.508833827862138,0.292328709698663,0.0962796711626602,-0.060624455858781,0.645281875256106,0.429117234051463,0.0212189485078888,0.142288952899921,0.752403611908276,0.316025899050099,0.0617396885145316,FALSE,FALSE
"C4A/B",0.0547163123304067,1.21280807559874,0.0464932855051489,0.0221490468367369,2.40346710436074,-1.30999482492038,0.026572356497036,-2.43955315917994,-0.180436490660823,-0.0971867493216418,0.854429072557066,0.143473089084759,0.251036230907979,0.142212758378565,0.929308706348886,FALSE,FALSE
"JAG2",0.0549867589521654,-0.204222135956011,0.0281626198472899,-0.382549730967098,-0.0258945409449239,0.0288153820933647,0.717023425533721,-0.14036102887517,0.197991793061899,-0.175406753862646,0.0432847788504271,0.143975373153087,0.196170920692,0.912077349063113,0.109259642326458,FALSE,FALSE
"SMARCB1",0.0551640751306085,-0.202624697657478,0.0209544621057435,-0.368859355216718,-0.0363900400982387,0.0625925832044115,0.404121823471686,-0.0951114599791856,0.220296626388009,-0.140032114453067,0.0769555534478811,0.144232717927451,0.170722738138312,0.742677630260708,0.170028916516202,FALSE,FALSE
"RELA",0.0555810800661719,-0.151187805356642,0.174216828539283,-0.37924249890982,0.0768668881965364,-0.119385249091614,0.252438058519883,-0.335736927907542,0.0969664297243142,-0.270573054448256,0.0184411484252277,0.145115123205671,0.511166739685195,0.566422740956479,0.0546419506430617,FALSE,FALSE
"SMAD3",0.0561265421000129,0.111098243462243,0.405260830375965,-0.169517353350853,0.391713840275338,0.212204564478065,0.108003205346176,-0.0540107653909951,0.478419894347126,0.323302807940308,0.0213345102339309,0.146329913332176,0.723436241932171,0.345799736415388,0.0619006060046484,FALSE,FALSE
"SAMSN1",0.0563309545231336,0.221350828239598,0.25961226776244,-0.186231398965632,0.628933055444829,0.258180094294848,0.171376299848998,-0.128486357236984,0.64484654582668,0.479530922534446,0.0192348014461725,0.146653340948244,0.601774399804179,0.453277894528146,0.0565273955543716,FALSE,FALSE
"CACNB2",0.0569435350414244,-0.113198714330869,0.451962567113636,-0.430449476098777,0.204052047437039,-0.248221145820182,0.0975387542314348,-0.5491916448032,0.0527493531628348,-0.361419860151051,0.0225330955774818,0.148036967878347,0.760213534545978,0.317871832986372,0.0644261603771992,FALSE,FALSE
"CFB",0.0577075923286335,1.08734023221935,0.0478577745223148,0.0120551100161332,2.16262535442256,-1.16640138736645,0.0283652979958777,-2.18650642344284,-0.146296351290051,-0.0790611551470982,0.868716236364941,0.149809894736495,0.256201787666554,0.148328564018558,0.935895591125158,FALSE,FALSE
"GNG12",0.0585190865162509,0.163888262460833,0.261771181252091,-0.13933169820362,0.467108223125286,0.189944363209865,0.175806234355766,-0.097715349108036,0.477604075527765,0.353832625670697,0.0200360296786968,0.151700756949088,0.605121344167975,0.45900769341813,0.0586930243396817,FALSE,FALSE
"VEGFC",0.0592743725360097,0.112841130161351,0.311532821295712,-0.119863829878215,0.345546090200917,0.156276701388936,0.148933334955747,-0.0644866075741131,0.377040010351985,0.269117831550287,0.0209438661918089,0.153440751600309,0.655008524037643,0.416876282659875,0.061156089280082,FALSE,FALSE
"CCNB1",0.0593826001047587,-0.0478907017069038,0.586422932549208,-0.234544177959196,0.138762774545388,0.205362994286202,0.0265712389154962,0.0282879588425847,0.38243802972982,0.157472292579298,0.0765615410450508,0.153503180157485,0.842031354761845,0.142212758378565,0.169568947096138,FALSE,FALSE
"HLA-DRA",0.0596384640241858,1.16132142837972,0.0460095133484539,0.0241894531243998,2.29845340363503,0.0500553893904487,0.921142929192305,-1.02872272321346,1.12883350199436,1.21137681777016,0.0307827600543423,0.15394653018973,0.25008384109896,0.974542519290409,0.083350945251001,FALSE,FALSE
"HLA-DPA1",0.0606246388822251,0.532208107295559,0.0428299448844216,0.0202305006224215,1.0441857139687,0.00288226595741847,0.989896512849836,-0.482822338469263,0.4885868703841,0.535090373252978,0.0334971728513856,0.156271138361668,0.242747358428787,0.997840431900238,0.0888442620837379,FALSE,FALSE
"MME",0.0608373074644507,0.00180049026624852,0.989601316024084,-0.292995167671532,0.296596148204029,0.290464849300896,0.0429830385915884,0.0107971322775116,0.57013256632428,0.292265339567145,0.0419080436162053,0.156598146858424,0.996523710494919,0.189021796216021,0.106372989707336,FALSE,FALSE
"GBP1",0.0625884805204003,0.218956733499297,0.183080456337678,-0.118682073588838,0.556595540587433,0.171223042943591,0.266778306051964,-0.149089254114623,0.491535340001805,0.390179776442889,0.0210207409921601,0.160878840774269,0.522065363775409,0.585884968164662,0.0612825116784221,FALSE,FALSE
"IL7R",0.0633718110141004,0.374703888518042,0.0220038671908177,0.0641999397777028,0.685207837258382,-0.152570893296115,0.28116364535959,-0.447140803444808,0.141999016852579,0.222132995221928,0.126303351062195,0.162507980843044,0.173840076291092,0.602696018399962,0.248120146058671,FALSE,FALSE
"KIR2DL1",0.063400373896026,-0.271072860605134,0.111172965660444,-0.614541071623244,0.0723953504129763,-0.120125065594588,0.437456979839217,-0.445967620798759,0.205717489609583,-0.391197926199722,0.0225579816334413,0.162507980843044,0.400969688399822,0.769873662687147,0.0644261603771992,FALSE,FALSE
"HELLS",0.0635013892502788,-0.0655860003187529,0.461441500849153,-0.253403959996877,0.122231959359371,0.208879351371871,0.025269142437946,0.03069958995131,0.387059112792432,0.143293351053118,0.105225034412353,0.16253861904875,0.769069168081922,0.138487041889644,0.216500211727785,FALSE,FALSE
"XRCC4",0.0640450527905146,-0.116399830524513,0.424124007896184,-0.422894541281766,0.19009488023274,0.342562603481417,0.0246842485624169,0.0517961904451879,0.633329016517646,0.226162772956904,0.115899562286449,0.163700590115811,0.740466656987888,0.136098953554111,0.2332047421971,FALSE,FALSE
"RB1",0.0654683689040548,0.136366706777369,0.053241254503431,-0.00223548579937743,0.274968899354116,0.00971106885225909,0.874837875666366,-0.121778516318481,0.141200654022999,0.146077775629628,0.0322854471213481,0.167104577971888,0.268548865098969,0.956743776661742,0.0866484426418534,FALSE,FALSE
"ARNT",0.0659872557725947,-0.0424289877995733,0.581336222212988,-0.205545583171537,0.12068760757239,-0.133330522387661,0.084994637639585,-0.288076512051907,0.0214154672765846,-0.175759510187234,0.0292416410652829,0.167966819043936,0.839350162609733,0.289420858856438,0.0798892139882354,FALSE,FALSE
"KITLG",0.0659902516463027,0.381962850651561,0.069808303880462,-0.0361361724070808,0.800061873710202,0.073158566130237,0.694845659712228,-0.323484993976733,0.469802126237207,0.455121416781798,0.0279134007476268,0.167966819043936,0.314568282918131,0.907915950818957,0.0767198138018357,FALSE,FALSE
"BCL2",0.0662364868711116,-0.0189002955674962,0.868272267859209,-0.261935347094299,0.224134755959307,-0.225690244318776,0.0542869815984568,-0.4562535385431,0.00487304990554821,-0.244590539886272,0.0393783621133079,0.168245325434888,0.960102108840201,0.218808022792641,0.101648530207619,FALSE,FALSE
"BIRC7",0.0662979557502665,0.0570510574185552,0.64181560444774,-0.203452061154982,0.317554175992092,0.21976607468441,0.0765736303668984,-0.0273688829963769,0.466901032365197,0.276817132102965,0.0311293939948751,0.168245325434888,0.86252568408927,0.270827277944941,0.0839160177852985,FALSE,FALSE
"DUSP1",0.0663762379797915,-0.831594408119443,0.0481518976271934,-1.65524549607327,-0.0079433201656135,-0.0173164967007675,0.96228316047504,-0.798700527263701,0.764067533862166,-0.84891090482021,0.035588415299373,0.168245325434888,0.256201787666554,0.987720341882423,0.0929168210605946,FALSE,FALSE
"SERINC1",0.0668812425874471,-0.142337298469561,0.22895007411963,-0.386973491309608,0.102298894370485,-0.13580687782821,0.226452960917201,-0.367889148074227,0.0962753924178066,-0.278144176297772,0.0227492513767325,0.169115676762945,0.564532674873426,0.533949164953348,0.0646688220600263,FALSE,FALSE
"KIF2C",0.0669049417111488,-0.054781453557878,0.502850613448782,-0.227570829376647,0.118007922260891,0.188591696499571,0.0275737809907325,0.0246693015797314,0.352514091419411,0.133810242941693,0.100633040756991,0.169115676762945,0.791952496016325,0.145861305240831,0.208462314848477,FALSE,FALSE
"CACNA1H",0.0671869516676708,0.09675184989382,0.41379830562829,-0.152257428180976,0.345761127968616,0.179268505458585,0.12414458618221,-0.0569624377105904,0.41549944862776,0.276020355352405,0.0256631706285405,0.169593619354771,0.731765414507393,0.379229032932694,0.0717232563508215,FALSE,FALSE
"H2AX",0.067783486139504,-0.177199376371967,0.0332006139242728,-0.337718214968953,-0.0166805377749804,0.028972095162984,0.685802447216214,-0.123309446036443,0.181253636362411,-0.148227281208983,0.0554554323501474,0.17071802283845,0.214862129119851,0.904327648966468,0.132300774541795,FALSE,FALSE
"G6PD",0.0678217233348705,0.00964412485717995,0.977871192997562,-0.732288555369336,0.751576805083696,0.710574620012077,0.0481713076762086,0.0067154780033285,1.41443376202082,0.720218744869257,0.0456555687911291,0.17071802283845,0.992918435666949,0.205416543452846,0.113827066999741,FALSE,FALSE
"LAMP3",0.0679130326469668,-0.0187224789781965,0.883182559078867,-0.290501247252258,0.253056289295865,-0.252196054818129,0.0544396837047786,-0.510028033044471,0.00563592340821406,-0.270918533796325,0.040975903830292,0.17071802283845,0.961125921478194,0.218808022792641,0.104588845440955,FALSE,FALSE
"SYT17",0.0690961423521407,0.200550966070024,0.232096111795658,-0.14661947345194,0.547721405591987,0.191218984727061,0.229888801258168,-0.138135812824281,0.520573782278404,0.391769950797085,0.0235833143998195,0.173453177156337,0.565617177017573,0.539957609132763,0.0665217137243751,FALSE,FALSE
"CES3",0.069269775975288,-0.276512886752801,0.10667451970965,-0.621943840208105,0.0689180667025034,-0.107049939986893,0.490229225285665,-0.434754516159605,0.220654636185818,-0.383562826739694,0.0254564278268015,0.173650193894094,0.390142281503228,0.800240014442163,0.0713405306020414,FALSE,FALSE
"SPRY2",0.0696300118307951,-0.143104229017288,0.386852650821057,-0.490320366746815,0.204111908712238,-0.240592197040207,0.137503690232976,-0.569990347717816,0.0888059536374017,-0.383696426057496,0.0260352513700568,0.174097222880204,0.714181158919493,0.397063662460729,0.0725684352010526,FALSE,FALSE
"SYK",0.0696388891520817,-0.0639566350405931,0.561838141125566,-0.297515546423721,0.169602276342534,-0.185846257229026,0.0925836928083299,-0.407419695569059,0.0357271811110076,-0.249802892269619,0.0302368567885528,0.174097222880204,0.824973709500051,0.304991406814444,0.0821164637486739,FALSE,FALSE
"FOXA1",0.0700450454992372,-0.0556571211953295,0.736752942336376,-0.408111476165735,0.296797233775076,0.362168868590591,0.0360531395263337,0.0278013087050001,0.696536428476181,0.306511747395261,0.0689811558745465,0.174873061608903,0.907882592683246,0.169143906518147,0.155420505519812,FALSE,FALSE
"NRP1",0.0703304796829508,0.26110275169569,0.0665636268955491,-0.0208610916334381,0.543066595024818,-0.299011642036054,0.0314135082295071,-0.566506030856529,-0.0315172532155781,-0.0379088903403639,0.762785426711316,0.175318055291576,0.307132308386342,0.156390369320864,0.879767241117153,FALSE,FALSE
"MAPK8IP1",0.0704652570833015,-0.0634261868614295,0.636646149465334,-0.348563811486731,0.221711437763872,-0.235974845752579,0.0816276551765974,-0.506480147880399,0.0345304563752414,-0.299401032614008,0.0328194151606472,0.175318055291576,0.86252568408927,0.283753277518648,0.0874385878367607,FALSE,FALSE
"PTPRC",0.0705114808679545,0.433200089315033,0.0427813457133782,0.0165826767813865,0.849817501848679,-0.0254734655780098,0.890652567340207,-0.420711446525701,0.369764515369681,0.407726623737023,0.0441832583210163,0.175318055291576,0.242747358428787,0.96302074670979,0.11072746581368,FALSE,FALSE
"BMI1",0.0709514645237195,-0.182927018659713,0.0809230392764439,-0.392070865002435,0.0262168276830094,-0.0429965023080653,0.645284829525975,-0.241407776223449,0.155414771607318,-0.225923520967778,0.0289086158703699,0.176172003749372,0.339551275638862,0.884117728141821,0.0790977870516117,FALSE,FALSE
"BCL10",0.0711539814850474,0.0228521155893108,0.828571039933889,-0.202127082889306,0.247831314067927,0.202323698126271,0.061184476300689,-0.0111103098791843,0.415757706131726,0.225175813715582,0.0402939135216553,0.176434804633439,0.947144286334008,0.23423253931115,0.103426711922673,FALSE,FALSE
"SMAD5",0.0718215123141205,-0.172337048309817,0.116478597236328,-0.394292973687644,0.0496188770680098,-0.072888293706469,0.465269005753871,-0.28345417301576,0.137677585602822,-0.245225342016286,0.0260602196860537,0.177848385309729,0.410930207777912,0.783340722775081,0.0725684352010526,FALSE,FALSE
"TNFRSF10B",0.0724436233398143,-0.203620200113093,0.0249149195091135,-0.376793550614508,-0.0304468496116775,0.111430682413454,0.165215513892334,-0.0528559828746865,0.275717347701594,-0.092189517699639,0.244935435953656,0.179145816524609,0.183345677839243,0.444717275595147,0.416595685568892,FALSE,FALSE
"BRD3",0.0728106949237906,0.0274794316985255,0.643473145064813,-0.0986285407835037,0.153587404180555,-0.131279861109004,0.0340817872769643,-0.250916388353719,-0.0116433338642894,-0.103800429410479,0.083091135027541,0.179809902890281,0.86252568408927,0.163252655591758,0.181824126409187,FALSE,FALSE
"GLI3",0.0733134301602851,-0.00211982034155965,0.990051635077383,-0.364911408614358,0.360671767931239,0.344595378980506,0.0497619011538659,0.000421058512882877,0.688769699448129,0.342475558638946,0.0509715805081759,0.180592500805546,0.996523710494919,0.209907053430812,0.124153085221628,FALSE,FALSE
"GATA3",0.0733255030667998,0.13961455677387,0.503312240012346,-0.301237480928183,0.580466594475923,0.332172247969238,0.109150567161479,-0.0860567171102347,0.750401213048711,0.471786804743108,0.0301580893201803,0.180592500805546,0.791952496016325,0.34742019547361,0.0820246095519061,FALSE,FALSE
"TXNIP",0.0740484790679052,-0.20864743374615,0.336901443012832,-0.663106680026675,0.245811812534375,-0.290678415586293,0.167559678060331,-0.721816312177252,0.140459481004667,-0.499325849332443,0.0267412084138686,0.182127323853001,0.680138422011524,0.446650740712262,0.0739434929625912,FALSE,FALSE
"CREB5",0.0745507401783342,0.017900240584552,0.919030084495095,-0.357775803907158,0.393576285076262,-0.362990468561535,0.0465121675730389,-0.719388057448502,-0.00659287967456795,-0.345090227976983,0.0565631362295611,0.183115882672221,0.974917730528387,0.201161541414378,0.133714667900193,FALSE,FALSE
"WEE1",0.0747693609728037,-0.0381694336320663,0.772135432411578,-0.318932349206079,0.242593481941946,0.2819184931383,0.0397543853275461,0.015563404421268,0.548273581855333,0.243749059506234,0.0693942380057947,0.183406026579794,0.921224425492646,0.18178683233714,0.156158427078391,FALSE,FALSE
"CXCL3",0.0750892054581483,-0.000549822036474797,0.997139308878521,-0.327794576140131,0.326694932067182,0.308401847313333,0.0513036933378411,-0.00204978527945293,0.61885347990612,0.307852025276859,0.0516588052457272,0.183943355652511,0.998781140890944,0.213597624217391,0.125368776028527,FALSE,FALSE
"CXCL2",0.0755626614671552,0.535019901165958,0.476319615706194,-1.05046599105277,2.12050579338468,-1.69436675556632,0.0303484229897016,-3.19849074080894,-0.190242770323692,-1.15934685440036,0.118903718586461,0.184855036431043,0.780452646768209,0.153849644322793,0.237157690076821,FALSE,FALSE
"CBL",0.0758311252421598,0.10786466811498,0.232445415212701,-0.0790065606710759,0.294735896901036,0.0985559095569793,0.249108291997476,-0.0787257040785284,0.275837523192487,0.206420577671959,0.0260848731462414,0.185095089925449,0.565617177017573,0.564047931632003,0.0725684352010526,FALSE,FALSE
"IRAK1",0.0758636313776635,-0.186890633358196,0.0615492265186841,-0.38436547201946,0.0105842053030671,0.201617783378905,0.0370575331991273,0.0142767021557448,0.388958864602066,0.014727150020709,0.866858211451374,0.185095089925449,0.292576144881368,0.17252550532757,0.934997775353876,FALSE,FALSE
"RHOA",0.0760237102722438,-0.15330968241229,0.231055818475666,-0.41807342082641,0.111454056001829,0.292307330771242,0.0261491659014713,0.0411303942083516,0.543484267334132,0.138997648358951,0.251160796861501,0.185238012345587,0.565617177017573,0.141190022988713,0.424022621898464,FALSE,FALSE
"ANGPT2",0.0767306791971724,-0.013967382144183,0.895460131478274,-0.240716524752865,0.212781760464499,0.219088894181407,0.0465151619051328,0.00397576974127656,0.434202018621538,0.205121512037224,0.0598757674744473,0.186705551013791,0.96789809914909,0.201161541414378,0.13937917811335,FALSE,FALSE
"CDKN2C",0.076830613047319,-0.114014879795067,0.153816785103769,-0.277189730152788,0.0491599705626544,-0.0650559072348081,0.377880945796469,-0.21985716243107,0.0897453479614541,-0.179070787029875,0.0268892330500374,0.186705551013791,0.479036916065493,0.717348584493427,0.0741877812982973,FALSE,FALSE
"GIMAP4",0.0777062468048356,0.313234368719523,0.0296585684627864,0.0365856859179183,0.589883051521128,-0.211169214145301,0.105072292482322,-0.473621198946858,0.0512827706562555,0.102065154574222,0.413397175165669,0.188300039141626,0.201965997927557,0.338793169223036,0.6071922237156,FALSE,FALSE
"TACSTD2",0.0777878279777837,0.250398019145249,0.467438290547427,-0.476583364126123,0.977379402416621,0.52284203861363,0.124490631622391,-0.16683305768958,1.21251713491684,0.773240057758879,0.0309981480922396,0.188300039141626,0.775888885771316,0.379229032932694,0.0836858287993155,FALSE,FALSE
"PGF",0.0777962901439925,0.216102951106722,0.103718535383468,-0.0513108693887335,0.483516771602177,0.0707754214802041,0.554615927853734,-0.182915603691712,0.324466446652121,0.286878372586926,0.0298280157520793,0.188300039141626,0.384925735625178,0.841374952895315,0.0812479533545443,FALSE,FALSE
"SF3B1",0.0782845892705043,-0.282389211880045,0.0833923718392334,-0.608221613606322,0.0434431898462327,-0.0598834403020716,0.680418724632075,-0.368995197783477,0.249228317179333,-0.342272652182116,0.0327598694892325,0.189172196599777,0.343709941422326,0.90276680544326,0.0874385878367607,FALSE,FALSE
"SNAI1",0.0784520188144096,0.0966318500819248,0.336276819743404,-0.113561095137904,0.306824795301753,0.131370409025984,0.176717454545018,-0.0680361274721143,0.330776945524082,0.228002259107908,0.0283663053174909,0.189172196599777,0.680138422011524,0.460727649349511,0.0778473792547684,FALSE,FALSE
"MRC1",0.0784838156384258,0.253312064676652,0.4417059014817,-0.440383116578507,0.947007245931812,0.486519830328268,0.133206613532912,-0.171577202066626,1.14461686272316,0.73983189500492,0.0306257460009429,0.189172196599777,0.752963662534324,0.390839340349782,0.0830490140441616,FALSE,FALSE
"CGAS",0.0785712465877432,0.0249287237110212,0.76702258153231,-0.154284431740032,0.204141879162075,0.153243162068836,0.0731383393093177,-0.0167733652985087,0.323259689436181,0.178171885779857,0.0414284613300996,0.189172196599777,0.920578585818972,0.262750923699813,0.10558218443029,FALSE,FALSE
"HLA-DRB5",0.0793803293247341,0.380949035224712,0.0976135380023239,-0.0810710541618089,0.842969124611233,0.109429620502125,0.596426289303689,-0.328881121662673,0.547740362666922,0.490378655726836,0.031292607908927,0.190868380787404,0.372566970977579,0.86735283506159,0.0842315773359762,FALSE,FALSE
"SUV39H2",0.0796724060044532,-0.126395699174077,0.138697406879887,-0.300022255282046,0.0472308569338919,-0.061674833534635,0.43050344835821,-0.226391447412296,0.103041780343026,-0.188070532708712,0.0285506743714141,0.191318606523851,0.455256776179485,0.761752607294657,0.0782357067985446,FALSE,FALSE
"IL7",0.0798163058157936,0.0404436949702385,0.641528342580169,-0.144067248393289,0.224954638333766,0.147848764655621,0.0905715507900986,-0.0271936856209018,0.322891214932144,0.18829245962586,0.0371325544828851,0.191412297127232,0.86252568408927,0.301800384011772,0.096671771656584,FALSE,FALSE
"ETS2",0.082115441580327,0.478473218979606,0.0583352923806994,-0.019780536994314,0.976726974953526,0.0097538236240709,0.964878976866277,-0.462931192859323,0.482438840107465,0.488227042603677,0.0439612897174189,0.196431306781744,0.283154689361176,0.988716525985938,0.110470718206541,FALSE,FALSE
"SAA1",0.0821244312736827,-0.0394911560723619,0.870128617285466,-0.554633453006281,0.475651140861557,0.493361590561119,0.0481744003275715,0.00465469734053148,0.982068483781707,0.453870434488757,0.0658778665327834,0.196431306781744,0.960102108840201,0.205416543452846,0.149559497645789,FALSE,FALSE
"ZC3H12A",0.0832543985700193,0.0865522946864836,0.700216905068169,-0.391614580241341,0.564719169614309,0.390284192098097,0.0853942997362885,-0.0633447358269394,0.843913120023134,0.476836486784581,0.0409107771374591,0.198873399725504,0.88793880456743,0.289673972153767,0.104568863131461,FALSE,FALSE
"RAD51",0.0835751201296884,-0.058112375586935,0.47546223250368,-0.229981729334685,0.113756978160815,0.179628060454235,0.0334973197944923,0.0165784751070092,0.342677645801461,0.1215156848673,0.130377852342253,0.199336051807743,0.780389500804191,0.16109088558831,0.255299979103661,FALSE,FALSE
"NOTCH2",0.0836936683771853,0.151641644438181,0.125636913164317,-0.0490594424276467,0.35234273130401,-0.213440951313079,0.0310182486022656,-0.403842720323276,-0.0230391823028828,-0.061799306874898,0.492957337020755,0.199336051807743,0.430649167658859,0.155517317854766,0.680005396872923,FALSE,FALSE
"NEIL1",0.0837757543761855,-0.0914902924743765,0.535027581664893,-0.40360022553481,0.220619640586057,-0.230782672812075,0.115222197132134,-0.526876153462172,0.0653108078380215,-0.322272965286452,0.0353077934878173,0.199336051807743,0.815727098194177,0.358840460351783,0.0927147095183691,FALSE,FALSE
"GDF15",0.0843909491900272,-0.71547317042401,0.184732481788652,-1.82324731975638,0.392300978908356,-0.476168432849427,0.343029129518646,-1.52709526633316,0.574758400634305,-1.19164160327344,0.0294639602949442,0.200538388374739,0.523504315627778,0.674599311822768,0.0803762743471947,FALSE,FALSE
"KLF4",0.0851075833755171,-0.00819159760485968,0.973310563566843,-0.5306603013606,0.514277106150881,0.481278643176179,0.0559707387512884,-0.0143786898309939,0.976935976183351,0.473087045571319,0.0596653597059705,0.201978335058932,0.992341775703624,0.222541608324839,0.139244605451913,FALSE,FALSE
"INHBB",0.0854201607855113,-0.0783983099399227,0.413455689322914,-0.280018981837777,0.123222361957932,-0.133599047549129,0.153956991478681,-0.324873211520346,0.0576751164220885,-0.211997357489052,0.0326214346674496,0.202456874589036,0.731765414507393,0.427608901858774,0.0872934285455947,FALSE,FALSE
"PIM1",0.087360069168039,0.0203566475791959,0.904945767389878,-0.343300906291435,0.384014201449827,0.319432697343502,0.0665921918585778,-0.0255631502234706,0.664428544910474,0.339789344922698,0.0530269791188094,0.206786155942505,0.969205414017915,0.245516666953343,0.127502288395029,FALSE,FALSE
"ITCH",0.0885436011265524,-0.0953432184677591,0.0534154728936579,-0.192332271544961,0.00164583460944272,0.00540575670199848,0.90026392732008,-0.0866061380460777,0.0974176514500747,-0.0899374617657606,0.0545849243847421,0.209316155512899,0.268548865098969,0.967598155099615,0.130731610239048,FALSE,FALSE
"CYFIP2",0.0888144939553665,0.0787830986996603,0.552260152168408,-0.201913633275211,0.359479830674532,-0.284993039533538,0.0379446986749823,-0.55128534097546,-0.0187007380916153,-0.206209940833877,0.117360268772385,0.20968493074844,0.822218001645546,0.175314114131247,0.235550298687254,FALSE,FALSE
"EFNA1",0.0905580663545713,0.15651269400515,0.367404201160205,-0.207561157843675,0.520586545853974,-0.380392831178756,0.0335422117937303,-0.725783613684653,-0.0350020486728587,-0.223880137173606,0.18326854771854,0.21343161002872,0.70137308275876,0.16109088558831,0.333464705469925,FALSE,FALSE
"TLR1",0.0907261290573065,0.043461176923012,0.615030733193642,-0.139949705474073,0.226872059320097,-0.182836498200795,0.0409701988361175,-0.356835339011617,-0.00883765738997372,-0.139375321277783,0.106468398505409,0.21343161002872,0.851737486947777,0.18461879722448,0.218320030643114,FALSE,FALSE
"RAD51C",0.0907522900724858,-0.1971694245291,0.0804368944373932,-0.42218612721919,0.0278472781609898,-0.0264714715457939,0.791608140310688,-0.23994105917028,0.186998116078692,-0.223640896074894,0.0414807814994618,0.21343161002872,0.339551275638862,0.935163775005911,0.10558218443029,FALSE,FALSE
"RNLS",0.0912506177490912,-0.19996897405379,0.12293493311462,-0.462540672553365,0.062602724445786,-0.0719364626243847,0.541001365730651,-0.321033847531687,0.177160922282918,-0.271905436678174,0.0348698883547203,0.214078707824936,0.424917145708677,0.830384770780856,0.091829071064018,FALSE,FALSE
"SPIB",0.0912620464042741,-0.165881020338304,0.17216977874941,-0.414813106835606,0.0830510661589982,-0.0960529049373254,0.392926784213754,-0.332210617746182,0.140104807871531,-0.261933925275629,0.032517103450276,0.214078707824936,0.509343381287077,0.733972754544627,0.0871420173226926,FALSE,FALSE
"SPP1",0.0920844460252425,0.932135348271433,0.178977218080017,-0.490734745695884,2.35500544223875,-1.49510921610748,0.0327168008632973,-2.84496230954984,-0.145256122665119,-0.562973867836046,0.38139528019704,0.215730569956441,0.516825036386125,0.16007550020246,0.577152890845438,FALSE,FALSE
"TICAM2",0.0927758815743229,0.0705030901434398,0.416048478403507,-0.111852696213464,0.252858876500344,0.117513474642557,0.164638003783841,-0.0554844141771061,0.290511363462219,0.188016564785996,0.0355327820145921,0.216875179253148,0.732409571710072,0.443817366182438,0.0929044801957457,FALSE,FALSE
"DDIT3",0.0928106931488814,-0.355239742151428,0.0575313764933797,-0.72378830709078,0.0133088227879242,0.0149158868935889,0.927476500230703,-0.33471998118486,0.364551754972037,-0.340323855257839,0.0554575849449169,0.216875179253148,0.282243984140909,0.976355647522511,0.132300774541795,FALSE,FALSE
"CXCL9",0.0932702559228252,0.432090853411668,0.0328296650491001,0.0416741612285765,0.822507545594759,-0.206328690826175,0.248191142202673,-0.576710485980403,0.164053104328052,0.225762162585493,0.208861713093864,0.217670354295596,0.214862129119851,0.564047931632003,0.367927245556276,FALSE,FALSE
"TMEM45B",0.0935668142827812,0.308615434778857,0.254416043672064,-0.253131328406447,0.870362197964161,0.280570934986485,0.273697847078153,-0.25234883698135,0.81349070695432,0.589186369765342,0.0329815585930575,0.218083570965614,0.595516358580391,0.593200692654687,0.0877424845952331,FALSE,FALSE
"GIMAP6",0.09383973133575,0.0200142933303544,0.831795687818094,-0.180870707539606,0.220899294200315,-0.188316215258357,0.0523644215799154,-0.378892460412551,0.00226002989583815,-0.168301921928002,0.0783731528476144,0.218440701132326,0.948766956417513,0.217193339507604,0.172742758389971,FALSE,FALSE
"FCGR3A",0.0940718955244695,0.296540460243413,0.140668195589879,-0.113039911419989,0.706120831906815,0.127273979220802,0.489078027830856,-0.261288078585589,0.515836037027194,0.423814439464215,0.0349859405816686,0.218702177493193,0.457610440198805,0.799791577769992,0.0920019330857999,FALSE,FALSE
"TNF",0.0945636639195615,-0.1761726437533,0.152389398678033,-0.427352401250871,0.0750071137442716,-0.0843773560160887,0.45533089533583,-0.322667396762413,0.153912684730236,-0.260549999769388,0.0346145055866339,0.219565759100763,0.476216870868853,0.78234741284597,0.0912882553404723,FALSE,FALSE
"BRAF",0.0947985299470153,-0.0490225528652224,0.638861037737455,-0.270877906636043,0.172832800905598,-0.168700932120169,0.1062614989342,-0.379171400825635,0.041769536585297,-0.217723484985391,0.0436891795527742,0.219831406802164,0.86252568408927,0.3408211521176,0.110128111441731,FALSE,FALSE
"HDAC2",0.0957726783841103,-0.308006093642996,0.065438420269872,-0.639030868335635,0.0230186810496427,-0.00242301560178126,0.986863645276623,-0.316460690593622,0.31161465939006,-0.310429109244777,0.0522894794796375,0.221808550826144,0.306371473977421,0.996694052368477,0.126395099404422,FALSE,FALSE
"ACY1",0.0974089256577483,-0.0995659509599991,0.45020221500225,-0.377499750993175,0.178367849073177,0.281617628476957,0.0382704649630236,0.0179464744217716,0.545288782532142,0.182051677516958,0.158345649819214,0.225312153771091,0.759972635155658,0.176372723630096,0.298842617290658,FALSE,FALSE
"ORC6",0.0979162646395356,0.0147026406493689,0.869726759656716,-0.176488309148284,0.205893590447021,0.160772792000485,0.0774099575743739,-0.0206068688109621,0.342152452811932,0.175475432649854,0.056744131438092,0.226198965781206,0.960102108840201,0.272529898043311,0.133969003718652,FALSE,FALSE
"RFC4",0.0981972433608391,-0.129309705919383,0.189595304864348,-0.331913010012829,0.0732935981740628,0.209508362723768,0.0350842527827686,0.0173019920004669,0.40171473344707,0.0801986568043853,0.381185649447424,0.226510288942632,0.524953218816762,0.166308470983254,0.577152890845438,FALSE,FALSE
"FBP1",0.0982992596397612,-0.364149996004296,0.0453256167687206,-0.719386175818065,-0.00891381619052672,0.0740343212670146,0.640793256167445,-0.262972309385577,0.411040951919607,-0.290115674737281,0.0852339532190098,0.226510288942632,0.248406157966712,0.884117728141821,0.184960718935426,FALSE,FALSE
"MYBL2",0.0984533436940905,-0.338846087861067,0.035007741503476,-0.64955209577787,-0.0281400799442636,0.18270648657256,0.201766498543482,-0.112055113742062,0.477468086887182,-0.156139601288507,0.270907143696886,0.226579258816791,0.218051632231548,0.500905777637174,0.448643863200379,FALSE,FALSE
"MASP2",0.0988000286736195,-0.262625729781041,0.0679166724796489,-0.547853284653232,0.0226018250911499,-0.00320277847666534,0.97984955738418,-0.2737933959277,0.267387838974369,-0.265828508257706,0.0535463416383086,0.227090746006745,0.311426952953164,0.99440258805595,0.128412711550477,FALSE,FALSE
"FZD7",0.100065157327209,0.0480420678740276,0.833334522426021,-0.438688063925703,0.534772199673759,0.40086684145043,0.0829316923554412,-0.0608859052459003,0.86261958814676,0.448908909324457,0.0557123118920297,0.229075187742809,0.949928484339468,0.287192293261253,0.132389282816347,FALSE,FALSE
"NDUFA12",0.100066864504363,-0.217690442809715,0.0358988510413355,-0.418469602975964,-0.0169112826434655,0.0957593409258603,0.294851965000084,-0.0947164949204693,0.28623517677219,-0.121931101883854,0.188374563893517,0.229075187742809,0.218973741836255,0.619936447148794,0.340379781292741,FALSE,FALSE
"MAP3K20",0.100069184973311,-0.00847706999608159,0.907121983586136,-0.163481308177128,0.146527168184964,0.139936096538381,0.0603230021525344,-0.00711383535102067,0.286986028427784,0.1314590265423,0.0752148587368776,0.229075187742809,0.970231985154169,0.233315568609946,0.167398923408295,FALSE,FALSE
"MFNG",0.100198617280402,0.137477095934323,0.231983780784394,-0.100446367504611,0.375400559373256,0.107839669944423,0.318407138186971,-0.117874346034425,0.333553685923272,0.245316765878746,0.0355280612621474,0.229075187742809,0.565617177017573,0.647096912239667,0.0929044801957457,FALSE,FALSE
"EGFR",0.100291000003564,0.0482859614663939,0.794086232714909,-0.345909029559347,0.442480952492134,-0.367274731832564,0.0536076143062495,-0.741240935993856,0.00669147232872824,-0.31898877036617,0.0877884558438718,0.229075187742809,0.932565878188358,0.218808022792641,0.188051802945111,FALSE,FALSE
"C1QB",0.100462446140118,0.445841500318278,0.0896104025882352,-0.080225267025931,0.971908267662488,0.0651719909150583,0.780859271173785,-0.433898764923819,0.564242746753935,0.511013491233337,0.0455327308218086,0.229179955257144,0.353600503970318,0.932029289550016,0.113676106360876,FALSE,FALSE
"FZD8",0.100624842136388,-0.237750930402508,0.0461798654522463,-0.470764892425245,-0.00473696837977108,0.0491946621200867,0.636491812957968,-0.17186179186346,0.270251116103634,-0.188556268282421,0.0877918554023202,0.229263841321982,0.25008384109896,0.884117728141821,0.188051802945111,FALSE,FALSE
"NDC80",0.100807387383787,0.0459629956173523,0.612247164368089,-0.146472635722347,0.238398626957051,0.141245474831449,0.117652058201552,-0.0413149945703296,0.323805944233228,0.187208470448801,0.0452603546914227,0.229393369046647,0.851737486947777,0.363923739352259,0.113150886728557,FALSE,FALSE
"ITGA8",0.101206138361641,-0.00678054595131287,0.950443837606211,-0.239575673718952,0.226014581816326,0.20677102049536,0.0639991454650188,-0.0140778290853346,0.427619870076055,0.199990474544047,0.0719753442881842,0.229750272660458,0.987475430743328,0.24054431032845,0.160777237853043,FALSE,FALSE
"GPR160",0.101216010530964,-0.235521336209345,0.0796946462530619,-0.503555688039813,0.0325130156211227,-0.0194088468468398,0.870685373308339,-0.2736885597322,0.23487086603852,-0.254930183056185,0.0495033600902566,0.229750272660458,0.338238905608925,0.956653104327344,0.121429613124621,FALSE,FALSE
"FGF2",0.102419073784486,0.340246103057422,0.175136720062303,-0.174173684732494,0.854665890847339,0.184296420326692,0.42666654842507,-0.303725040536291,0.672317881189676,0.524542523384115,0.0372592873786266,0.23219231013253,0.513040953633551,0.75745763703867,0.0968635320028398,FALSE,FALSE
"PRKAR1B",0.102690392974506,-0.0129111382422322,0.92408643979231,-0.301996364690202,0.276174088205738,0.257923256359082,0.0629716151652162,-0.0163270696852576,0.532173582403422,0.24501211811685,0.0753825701098326,0.23251856970034,0.976040471763846,0.238429870698173,0.167567832460956,FALSE,FALSE
"SFXN1",0.104172478494701,-0.151769572700806,0.113224085792333,-0.345298717546947,0.0417595721453351,0.190786069814173,0.0428910477460198,0.00718820241264057,0.374383937215706,0.0390164971133674,0.651633859556593,0.235582122989875,0.405960621946971,0.189021796216021,0.809001220197811,FALSE,FALSE
"DDX58",0.10440408618429,0.289499940611959,0.0539773505807717,-0.00580646628237552,0.584806347506293,-0.249853017949951,0.0758247271110088,-0.530005273977915,0.0302992380780136,0.0396469226620083,0.76310769462381,0.235813684760309,0.269754931932667,0.269724408367998,0.879767241117153,FALSE,FALSE
"CD200",0.105413499194216,0.0106169498308091,0.910851674928314,-0.191678035739438,0.212911935401056,0.169385416237453,0.0785243753612736,-0.0225284578524096,0.361299290327316,0.180002366068263,0.0635879984441332,0.237799302879413,0.972676598445976,0.274534454088744,0.14542368065231,FALSE,FALSE
"RASGRF2",0.106030756074526,0.0843091583300183,0.66866293838042,-0.334400059255791,0.503018375915828,0.312847616543322,0.111839606552753,-0.0843748249201334,0.710070058006778,0.397156774873341,0.0500322563355608,0.238896456587668,0.873981355754768,0.351909106825473,0.122234093457026,FALSE,FALSE
"FUT5",0.106464414342879,-0.143336208258339,0.320624618568139,-0.444784024258989,0.158111607742311,-0.161173108352204,0.243009093510903,-0.447151616625825,0.124805399921417,-0.304509316610543,0.0387675384852954,0.239577751141497,0.66417699079098,0.557595472310927,0.100213537869213,FALSE,FALSE
"TSPAN7",0.10661002376414,-0.184413186627931,0.442400550363036,-0.690217689486891,0.32139131623103,-0.317660532235927,0.174784210875171,-0.797508816176967,0.162187751705112,-0.502073718863858,0.0416985928309665,0.239609967203886,0.752963662534324,0.458306300067799,0.105988763114922,FALSE,FALSE
"JAK2",0.106833881953185,0.0722201722625078,0.397276417856256,-0.107035478766215,0.251475823291231,0.106923328138506,0.195796132347084,-0.0631335140736145,0.276980170350627,0.179143500401014,0.0405458354481867,0.239817754691958,0.719275260503639,0.491510235946945,0.103781416119132,FALSE,FALSE
"FGF7",0.107541062510889,-0.139678480713178,0.449560600021546,-0.529019236866216,0.24966227543986,0.385161819936682,0.0422835210967824,0.0158007473239374,0.754522892549427,0.245483339223504,0.173215747530752,0.241108647521341,0.759674162073445,0.188213234150312,0.321258881345145,FALSE,FALSE
"SMPD3",0.10777473349718,0.0176073205853309,0.865052076916872,-0.2033419680195,0.238556609190162,0.180567895288421,0.0850475499916397,-0.0290430045271252,0.390178795103967,0.198175215873752,0.0617769819212817,0.2413360596716,0.960102108840201,0.289420858856438,0.141993692703198,FALSE,FALSE
"DUOX1",0.108953864551316,-0.0645459254332231,0.669009160858554,-0.385463272457643,0.256371421591197,0.302321903011597,0.0513804696062656,-0.00212702416515043,0.606770830188345,0.237775977578374,0.114560700554971,0.243677454419304,0.873981355754768,0.213597624217391,0.231275750567282,FALSE,FALSE
"MIF",0.109858520029249,-0.269337682402696,0.039682689978849,-0.523696557844714,-0.0149788069606774,0.122423585318212,0.290659097760799,-0.118882431524542,0.363729602160966,-0.146914097084484,0.209357983696629,0.245399998841346,0.233125808024064,0.613240292963536,0.368090867289352,FALSE,FALSE
"SIX1",0.110497455970135,-0.315682700594215,0.0505894048583539,-0.632316868193989,0.000951467005559314,0.0667663910997817,0.636903790198563,-0.233619155294251,0.367151937493814,-0.248916309494433,0.09612976737592,0.24652549773288,0.263036079391726,0.884117728141821,0.200728633250634,FALSE,FALSE
"BATF",0.110876712050992,0.0967308746301653,0.599510334688035,-0.294033181149479,0.48749493040981,0.275674026904152,0.131144359254088,-0.0950373062924756,0.64638536010078,0.372404901534318,0.0491163383131211,0.246728119953952,0.848144465740825,0.388536453958945,0.120805010001949,FALSE,FALSE
"ARNT2",0.110893258657273,-0.0483823045975034,0.546719673207667,-0.218351507451563,0.121586898256557,-0.115427159272286,0.144806501644433,-0.276674103202892,0.0458197846583208,-0.163809463869789,0.0469893184613964,0.246728119953952,0.822218001645546,0.409496628157958,0.116357538930866,FALSE,FALSE
"ITGA9",0.110993855606682,0.023117193522246,0.853187424285953,-0.243262191861112,0.289496578905605,0.214811620919517,0.08876518188869,-0.0378980529386367,0.46752129477767,0.237928814441763,0.0627192467896335,0.246728119953952,0.958785128892774,0.299587567767529,0.143797268079248,FALSE,FALSE
"JUNB",0.111708806328533,0.447887087183404,0.256106958571986,-0.370435507845184,1.26620968221199,0.371698082377393,0.317420007619892,-0.404630895943582,1.14802706069837,0.819585169560797,0.0401820147815165,0.247789218120793,0.597692070836156,0.646739520360419,0.103302690798653,FALSE,FALSE
"GPC4",0.111742754253925,-0.229327315664756,0.252021331247814,-0.644531628110628,0.185876996781116,-0.186500267301215,0.322598306310013,-0.58039766379716,0.207397129194731,-0.415827582965971,0.0401889920367363,0.247789218120793,0.593817368435258,0.649946067346238,0.103302690798653,FALSE,FALSE
"SOCS1",0.113473081590731,0.206174639334043,0.0822673435588571,-0.030732221695205,0.443081500363291,0.00955012340913025,0.927762769468865,-0.215199458842891,0.234299705661152,0.215724762743173,0.0584380407197333,0.251320842115393,0.342780598161904,0.976355647522511,0.136730031171171,FALSE,FALSE
"RASGRP1",0.114700039168588,0.193895177732793,0.0891032287019364,-0.0344808037260379,0.422271159191623,0.0162271227345054,0.873085982825794,-0.200429356551381,0.232883602020392,0.210122300467298,0.0562206822766465,0.253730389675966,0.353600503970318,0.956743776661742,0.133250318382961,FALSE,FALSE
"NFIL3",0.115351925275903,-0.0801179938844375,0.637430999132403,-0.441143371542979,0.280907383774104,-0.257625262529924,0.127170772923643,-0.600124008486962,0.0848734834271136,-0.337743256414362,0.05277871083,0.254863515288768,0.86252568408927,0.381247583257941,0.127072753647427,FALSE,FALSE
"TYMS",0.117349891175794,-0.0840588976759912,0.558887740733676,-0.388693395838576,0.220575600486594,0.288703689548414,0.0502014979752928,-0.000297970868430308,0.577705349965259,0.204644791872423,0.148819414498517,0.258964391046945,0.824551436409829,0.211100769135736,0.283798778954853,FALSE,FALSE
"CTSH",0.118301682575727,0.499752463843658,0.0775655340120695,-0.0643926541550931,1.06389758184241,-0.00272942858422665,0.991316945337532,-0.537924479706378,0.532465622537925,0.497023035259431,0.0658881293738159,0.260707572625704,0.335507084633025,0.998206002506481,0.149559497645789,FALSE,FALSE
"NR4A1",0.118494332910531,-0.791317885182674,0.129535580296789,-1.85054302287512,0.267907252509768,-0.220693029749226,0.640881269552779,-1.2255622267533,0.78417616725485,-1.0120109149319,0.0486316890811733,0.260707572625704,0.437740557350497,0.884117728141821,0.119989180511964,FALSE,FALSE
"RRAS2",0.118646650323651,-0.0834246569893725,0.421133284459088,-0.301640778113759,0.134791464135014,-0.128141775919229,0.202348410751152,-0.335159765395302,0.0788762135568446,-0.211566432908601,0.0458836694981161,0.260707572625704,0.739719195512836,0.501066281710791,0.114084055632237,FALSE,FALSE
"CIC",0.118711228959978,-0.101841896611122,0.228151323494817,-0.276559013978362,0.0728752207561187,-0.0701024235651702,0.374943606758757,-0.235853634695003,0.0956487875646621,-0.171944320176292,0.0431936145856774,0.260707572625704,0.564532674873426,0.713526676052901,0.109180535483187,FALSE,FALSE
"CD1C",0.119129031714647,-0.0797940499055154,0.551819950313862,-0.363773297372702,0.204185197561671,0.268489872339938,0.0506677575343157,-0.000916496725135718,0.537896241405011,0.188695822434422,0.152908650718033,0.261162535314761,0.822218001645546,0.212339642462111,0.290081380000427,FALSE,FALSE
"IKBKB",0.119204598310792,-0.149332865068279,0.0884297767914868,-0.324802941272535,0.0261372111359767,-0.00916669195390138,0.906484482918082,-0.17563222255653,0.157298838648727,-0.15849955702218,0.0602013314762,0.261162535314761,0.35236756035909,0.970746305708606,0.139602833474034,FALSE,FALSE
"HSPB1",0.119455431720202,0.255355455372401,0.201875978562943,-0.156718422883594,0.667429333628396,0.148323220903675,0.424556358409787,-0.242604384960688,0.539250826768038,0.403678676276076,0.044006691581455,0.261398276845766,0.534031458180602,0.755917418632061,0.110470718206541,FALSE,FALSE
"WDR76",0.119773160068114,-0.192450493665502,0.0434887930505374,-0.378279706941759,-0.00662128038924478,0.0973308982197263,0.25220559106897,-0.0789621727053259,0.273623969144779,-0.0951195954457758,0.262557611540579,0.261779661226716,0.245435088358815,0.566422740956479,0.438396743880656,FALSE,FALSE
"TLK2",0.120504304735449,-0.123602345822314,0.229206168776793,-0.33616295924124,0.0889582675966119,-0.0846994811594194,0.37813114426448,-0.286352184933326,0.116953222614488,-0.208301826981734,0.0439452629814311,0.263062626964348,0.564532674873426,0.717348584493427,0.110470718206541,FALSE,FALSE
"SKP1",0.121165882879916,-0.108716196613657,0.292460628149453,-0.323844610450225,0.106412217222911,-0.10176595972713,0.29862899996635,-0.305854692869982,0.102322773415721,-0.210482156340787,0.0442303137414644,0.264138793975302,0.634707294032328,0.624762114643101,0.11072746581368,FALSE,FALSE
"ATG16L1",0.121286744850029,-0.0712355383295243,0.619059123898116,-0.375354213800205,0.232883137141156,0.282052380118311,0.0545521371893982,-0.00645992792596828,0.57056468816259,0.210816841788786,0.13735478884718,0.264138793975302,0.854706004608213,0.218808022792641,0.266557918117115,FALSE,FALSE
"HLA-DMB",0.121572693140003,0.466005314334483,0.10075409968879,-0.105095578659109,1.03710620732808,0.057411735587812,0.821297433235287,-0.484382143096943,0.599205614272567,0.523417049922295,0.0570451881937372,0.264445965411805,0.377569264747519,0.948050484284882,0.134501558380264,FALSE,FALSE
"BAD",0.123745742367531,-0.114110998892784,0.182061762712077,-0.28963272272472,0.0614107249391516,-0.0553001128200628,0.483183674290106,-0.221814640664455,0.11121441502433,-0.169411111712847,0.0467135525449968,0.268852356929457,0.520787957601162,0.798152359362117,0.115879752817267,FALSE,FALSE
"DEPTOR",0.124470380950619,0.066053477610972,0.611946557542791,-0.210259843527293,0.342366798749237,0.188899425784459,0.142371982405555,-0.0732344070082813,0.451033258577198,0.254952903395431,0.0556213966812516,0.270105166747777,0.851737486947777,0.405982606078341,0.132389282816347,FALSE,FALSE
"IL16",0.124743208698113,-0.0242893727940943,0.845212851366951,-0.28956363901935,0.240984893431161,0.230239320398388,0.0694606263601399,-0.0214219453721179,0.481900586168893,0.205949947604293,0.0998694151216017,0.270345217862925,0.956331004967293,0.252521201408875,0.207351174740527,FALSE,FALSE
"NFKBIZ",0.124960893109306,0.506446884009806,0.0524292562760773,-0.00624299714115639,1.01913676516077,-0.363701456133772,0.129210387933822,-0.850081783461193,0.12267887119365,0.142745427876035,0.534547657444399,0.270345217862925,0.267885699116019,0.385405244471556,0.713120961137447,FALSE,FALSE
"DGLUCY",0.125159753501928,0.0801868769656835,0.606464589377402,-0.250093229685956,0.410466983617323,-0.304682943577638,0.0556660391958112,-0.61801416443639,0.00864827728111439,-0.224496066611955,0.144478175026232,0.270345217862925,0.849757040486044,0.221813365791169,0.277508840943601,FALSE,FALSE
"IKBKG",0.125173539229683,-0.112266854390213,0.327659230716033,-0.351979196809403,0.127445488028976,0.231872189078309,0.0463088994454232,0.00446109348865867,0.45928328466796,0.119605334688096,0.274161757657175,0.270345217862925,0.673893665648457,0.201161541414378,0.452801092963207,FALSE,FALSE
"TRAF3",0.125555448770459,0.103410318752855,0.202267775874412,-0.0636210585064086,0.270441696012118,0.0577892920914145,0.442278869529077,-0.100670585764823,0.216249169947652,0.161199610844269,0.0467328756567172,0.270750329033632,0.534031458180602,0.773882010441578,0.115879752817267,FALSE,FALSE
"CSF1",0.12565782394054,0.390756217167409,0.161279219479539,-0.179528757333352,0.96104119166817,-0.54384900242635,0.0489897302931473,-1.08486883286439,-0.00282917198831423,-0.15309278525894,0.549056124179201,0.270750329033632,0.490721104558115,0.207439113190241,0.726106830889161,FALSE,FALSE
"CHEK1",0.128017648659008,-0.0900816667442708,0.360149576938649,-0.296369031362307,0.116205697873766,0.197667217066091,0.0480764584898893,0.00196583965410302,0.393368594478078,0.10758555032182,0.25412326751463,0.275434543140941,0.699076723215886,0.205416543452846,0.4274423624094,FALSE,FALSE
"RICTOR",0.128133658699539,-0.0400173465854207,0.613337620977653,-0.208080792115988,0.128046098945146,-0.113827076983674,0.145793409360094,-0.273266060771345,0.0456119068039974,-0.153844423569095,0.0573042222471729,0.275434543140941,0.851737486947777,0.409973762838476,0.134640660606866,FALSE,FALSE
"PSMD7",0.128675200783348,-0.148197727274465,0.130252512082881,-0.346977805604643,0.050582351055714,0.184435042826066,0.0544645245066689,-0.0041442974709473,0.37301438312308,0.0362373155516014,0.682846372097864,0.276197136661498,0.437740557350497,0.218808022792641,0.830789932100373,FALSE,FALSE
"COL4A3",0.128791103177498,-0.135437849774482,0.278456292524187,-0.395385845443914,0.124510145894951,-0.114724585858577,0.330773077002595,-0.361332907711874,0.131883735994721,-0.250162435633058,0.0472622684507941,0.276197136661498,0.621662622804763,0.658299744307237,0.116874850843766,FALSE,FALSE
"NOS1",0.129001236029866,-0.198349447842773,0.157093666794593,-0.484684578666863,0.0879856829813171,-0.0717895998643147,0.57537784476408,-0.343430956122238,0.199851756393608,-0.270139047707088,0.0510898449322973,0.276323070134397,0.485925325254461,0.859408585519564,0.124153085221628,FALSE,FALSE
"EPO",0.129829756044993,-0.201144610648255,0.16904924507078,-0.50061903174267,0.0983298104461601,-0.0822574758057205,0.539978818017322,-0.366363857291339,0.201848905679898,-0.283402086453975,0.0504857693967043,0.277771752382311,0.504934324474915,0.830384770780856,0.123177178006665,FALSE,FALSE
"ROCK1",0.130092826929859,0.0688081119011973,0.438147943621093,-0.11812486377811,0.255741087580504,0.107603135999618,0.210808737860111,-0.0697370558822236,0.28494332788146,0.176411247900815,0.0510316907193497,0.277975991342619,0.752403611908276,0.510924231865476,0.124153085221628,FALSE,FALSE
"SLC1A5",0.130229847998871,-0.596565928851547,0.0524852820624304,-1.20065363058119,0.00752177287809619,0.404380353396569,0.150133515370322,-0.168707559792064,0.977468266585202,-0.192185575454978,0.479006282241089,0.277975991342619,0.267885699116019,0.419592137137578,0.668849628990044,FALSE,FALSE
"HLA-DQA2",0.130490965446065,0.23267635309959,0.152101655291985,-0.0988101521229781,0.564162858322157,0.0780108991808732,0.598747593229116,-0.236464811852911,0.392486610214658,0.310687252280463,0.05240273536196,0.278207957872743,0.476216870868853,0.86735283506159,0.126501312216372,FALSE,FALSE
"SOS1",0.130938416598445,-0.0682325224707767,0.21140115370622,-0.180842297610613,0.0443772526690593,-0.0392128547097083,0.43940391113141,-0.146043867582095,0.0676181581626781,-0.107445377180485,0.0488900503694909,0.278836184704973,0.542626027445641,0.771811489715903,0.120410717846587,FALSE,FALSE
"MAPK11",0.131131256848274,0.0278185665917814,0.732628651065403,-0.145508447593421,0.201145580776984,0.125332337861194,0.122653683302218,-0.0391001055972725,0.28976478131966,0.153150904452975,0.0652057005111763,0.278921379659791,0.905494374366517,0.376206675674869,0.148379555402614,FALSE,FALSE
"DOCK9",0.132579629136926,0.141533508872121,0.352130538013582,-0.177022402183182,0.460089419927424,0.161054104428843,0.2681619123487,-0.141154567884588,0.463262776742274,0.302587613300964,0.0497559754325657,0.281596930595153,0.689212891944348,0.587113596876235,0.121722057861169,FALSE,FALSE
"ROR2",0.132795054900198,0.121854205762984,0.585913240982165,-0.352417062573009,0.596125474098977,0.310812575797389,0.158153346033444,-0.139120655218202,0.760745806812979,0.432666781560373,0.0580374149605189,0.281596930595153,0.841961940781457,0.433378162929482,0.135966986268225,FALSE,FALSE
"ZNF205",0.132852031365713,-0.203366501709522,0.0737244765280141,-0.429519287306162,0.0227862838871187,0.0196767704673978,0.844963408907013,-0.194870600035734,0.234224140970529,-0.183689731242124,0.0867466330190989,0.281596930595153,0.324784317425072,0.952559957253786,0.1869098055016,FALSE,FALSE
"INPP5D",0.133446760434861,0.213014388373349,0.158490720972682,-0.095618064543458,0.521646841290156,0.0749729701090424,0.587165647123859,-0.217821483209494,0.367767423427579,0.287987358482391,0.0533011385957048,0.282529394192136,0.487475521115764,0.862783660226282,0.127992865706791,FALSE,FALSE
"APP",0.133668611822317,-0.264377580739635,0.0839261621533931,-0.570025512389566,0.0412703509102971,0.00674632108580442,0.960404538623259,-0.283216766754171,0.29670940892578,-0.25763125965383,0.0767940916027346,0.282671166368168,0.344191563887511,0.987140695907419,0.169877838999989,FALSE,FALSE
"CCNO",0.13393503227628,-0.15424263458349,0.2939070018748,-0.460419422693617,0.151934153526637,-0.136991416585197,0.324411205214573,-0.427456221716025,0.153473388545632,-0.291234051168687,0.0494859261096863,0.282906752203948,0.635521656897523,0.649946067346238,0.121429613124621,FALSE,FALSE
"BLVRA",0.13524092672711,-0.105683501895829,0.20693429312436,-0.278281564056677,0.066914560265018,0.162896979570205,0.0510149471121313,-0.000843919277674965,0.326637878418086,0.057213477674376,0.461172208663165,0.285161600446289,0.537204957257407,0.213048692173089,0.652544811755215,FALSE,FALSE
"SOX17",0.135420185353368,-0.0804299964575121,0.496020548700906,-0.330033043738033,0.169173050823009,-0.150251210586742,0.192005290328463,-0.387045452684285,0.0865430315108004,-0.230681207044255,0.0552820086715641,0.285161600446289,0.790322249023191,0.486680076179784,0.13222760920787,FALSE,FALSE
"GNAQ",0.135480732636032,0.118042527558752,0.0726763264614756,-0.0126789204928535,0.248763975610358,-0.0138171347323224,0.812294150130875,-0.137830389195859,0.110196119731214,0.10422539282643,0.0920053088889401,0.285161600446289,0.322711181976139,0.944829078386773,0.194580999474305,FALSE,FALSE
"APOC2",0.135627544760208,0.228971438330986,0.503284892327237,-0.493989941717189,0.95193281837916,0.437997243769577,0.189358098404893,-0.247864142617676,1.12385863015683,0.666968682100562,0.0556541449032967,0.285161600446289,0.791952496016325,0.482117666946844,0.132389282816347,FALSE,FALSE
"ST6GAL1",0.135799462979194,0.324756126505545,0.193420468069811,-0.188808718016367,0.838320971027458,0.157845189548514,0.493735553012459,-0.329365200915333,0.645055580012361,0.482601316054059,0.0518778057408958,0.285194499352162,0.529254788142633,0.803806765609044,0.125733061722623,FALSE,FALSE
"XCR1",0.136269207448708,-0.226252290644724,0.116074863610738,-0.517289094218203,0.0647845129287548,-0.0337137294843289,0.794719387415975,-0.309815484152496,0.242388025183839,-0.259966020129053,0.0627076110915702,0.285852073096428,0.410536097072861,0.936052175779291,0.143797268079248,FALSE,FALSE
"TBK1",0.136711397611193,0.142654737750419,0.0777641078354901,-0.0185037925082061,0.303813268009043,-0.011710187604732,0.870242053273367,-0.164598593599458,0.141178218389994,0.130944550145687,0.086649699124415,0.286450402572247,0.335507084633025,0.956653104327344,0.1869098055016,FALSE,FALSE
"TNR",0.137687192097959,-0.226693434928577,0.0813062506598262,-0.486247879598149,0.0328610097409946,0.0136257620962713,0.906028668348568,-0.232609204496528,0.25986072868907,-0.213067672832306,0.0838226686507108,0.288164134838045,0.339551275638862,0.970746305708606,0.182767467488109,FALSE,FALSE
"TPM1",0.138168882658269,-0.334550339325427,0.160345870921995,-0.821624056450987,0.152523377800133,0.449382316323181,0.0556391981426016,-0.0126963840332185,0.91146101667958,0.114831976997754,0.598099472314671,0.288841020448271,0.490169538413133,0.221813365791169,0.768888193754979,FALSE,FALSE
"IFNA17",0.13854189472435,-0.189116835665873,0.207282477943686,-0.498228355906222,0.119994684574475,-0.100398583656844,0.470057315894712,-0.393647520143866,0.192850352830178,-0.289515419322717,0.0525425072641809,0.289167956859071,0.537222633369064,0.785899080833684,0.126671170088679,FALSE,FALSE
"TIAM1",0.138642171096815,0.0493955707897916,0.570779452357899,-0.135252516737043,0.234043658316626,0.117648230737027,0.169075811009096,-0.0575243259166504,0.292820787390705,0.167043801526819,0.059865623741429,0.289167956859071,0.830679825002525,0.449800809171429,0.13937917811335,FALSE,FALSE
"PRC1",0.13890565636902,-0.119870371304677,0.193721752591386,-0.309569517843953,0.0698287752345993,0.176957489953361,0.0533613448192012,-0.0030069220228871,0.356921901929609,0.0570871186486844,0.502623908535673,0.289386784102125,0.529254788142633,0.218808022792641,0.684859505523104,FALSE,FALSE
"HLA-DMA",0.139303428698236,0.547722645656963,0.0545422300729611,-0.012517837302185,1.10796312861611,-0.199281815303477,0.429881790450008,-0.730772604378574,0.33220897377162,0.348440830353486,0.178681143335302,0.289884558009442,0.269754931932667,0.761683754923557,0.327204162687024,FALSE,FALSE
"NF2",0.139525778612529,-0.169787757386869,0.134383892740409,-0.40021952309632,0.0606440083225815,-0.0382310119837903,0.709832841697266,-0.256837779452635,0.180375755485055,-0.208018769370659,0.0603362625438092,0.290016567161578,0.446485640184214,0.908446659254916,0.139670696561709,FALSE,FALSE
"IL13RA1",0.139902164240641,0.310825385679317,0.1345573162199,-0.11122570111171,0.732876472470343,0.0698304562289816,0.710588787960339,-0.330562360733733,0.470223273191697,0.380655841908298,0.0605367238248282,0.290468088440466,0.446485640184214,0.908649405741307,0.139670696561709,FALSE,FALSE
"CD209",0.141350871296568,-0.232528506078322,0.121438042338973,-0.536501909808998,0.0714448976523546,-0.0366607293001374,0.786501325110568,-0.325035220470996,0.251713761870721,-0.269189235378459,0.0646872569640245,0.293142431950269,0.421339215339592,0.933311965740401,0.147515955605429,FALSE,FALSE
"GPX4",0.141657267852002,0.101251442274653,0.491087117778724,-0.209329023882655,0.411831908431961,0.18252738959035,0.202009124570389,-0.112115111353831,0.477169890534531,0.283778831865003,0.0577006035900654,0.293444397082752,0.78893837143149,0.500905777637174,0.135351672945847,FALSE,FALSE
"RPTOR",0.143266642687262,-0.169394743975671,0.0991679417478953,-0.375906718976223,0.0371172310248808,-0.0055581259407155,0.951729148703925,-0.201472587471164,0.190356335589733,-0.174952869916386,0.0754919870916649,0.296441749324549,0.375480277364956,0.985758056971999,0.167606905647553,FALSE,FALSE
"WNT2",0.143447954139181,-0.00254998905696884,0.987942937214355,-0.36263139556434,0.357531417450402,0.286590955813727,0.0925141146156321,-0.0550122604783534,0.628194172105808,0.284040966756758,0.0951213369506132,0.296480765916202,0.996523710494919,0.304991406814444,0.199765753664982,FALSE,FALSE
"WNT6",0.143970863809093,-0.183370047756464,0.115575210980436,-0.418886971059407,0.0521468755464785,-0.021870145307052,0.834697281534886,-0.245301116852798,0.201560826238694,-0.205240193063516,0.0684837708066179,0.297224916800447,0.410536097072861,0.95117373615336,0.154681784309502,FALSE,FALSE
"ID1",0.147035116603264,-0.3503924503766,0.18151287244221,-0.888624369986816,0.187839469233617,0.490450319185783,0.0582868086791831,-0.0201613134260965,1.00106195179766,0.140057868809183,0.561191814110215,0.30320800881464,0.520787957601162,0.227780355116722,0.736816590468448,FALSE,FALSE
"FLNB",0.147319656808141,0.125722542783683,0.648220361598408,-0.459679468502911,0.711124554070278,0.385969692088616,0.155848636989205,-0.169391418664155,0.941330802841387,0.511692234872299,0.0677583851275362,0.30345188902354,0.862921405065379,0.428995116900904,0.153613730258079,FALSE,FALSE
"DIPK2B",0.147852060291978,-0.0991748219228338,0.351336892942225,-0.322010666666734,0.123661022821066,-0.106032561721955,0.295921876318756,-0.317433205837471,0.10536808239356,-0.205207383644789,0.0560330234856041,0.304205197331296,0.689212891944348,0.621469993419712,0.132978241692103,FALSE,FALSE
"EZH2",0.148086910457631,-0.0489529724179932,0.579131685170867,-0.236043934016101,0.138137989180115,0.165895500232799,0.0643889647323655,-0.0115945702515358,0.343385570717135,0.116942527814806,0.176680337681681,0.304345283316641,0.838714147936267,0.240892165893128,0.325362958477692,FALSE,FALSE
"OAS2",0.14845021210842,0.190678761005097,0.206319922181529,-0.120279360372691,0.501636882382885,0.0939447864003446,0.500983817219812,-0.201055989743927,0.388945562544616,0.284623547405441,0.057323722351526,0.304748748141582,0.537204957257407,0.807311704428103,0.134640660606866,FALSE,FALSE
"MAGEA1",0.15113516778005,-0.214249827562652,0.181726819098479,-0.543529347869457,0.115029692744152,-0.0828946823579113,0.573835251314052,-0.395276663663062,0.229487298947239,-0.297144509920564,0.0604164480844396,0.309912001346731,0.520787957601162,0.859408585519564,0.139670696561709,FALSE,FALSE
"TPTE",0.152604214233642,-0.205454254951784,0.160065986626389,-0.504358534630253,0.0934500247266844,-0.0602994865935806,0.651426201359184,-0.343864984440364,0.223266011253203,-0.265753741545365,0.0637707123930567,0.312573166079008,0.490134942270401,0.886089004418879,0.145659011410924,FALSE,FALSE
"MMP1",0.153157832057148,-0.0394605962472159,0.89642861503762,-0.686100606221347,0.607179413726915,0.520949122794926,0.0890413961914121,-0.0925074545187503,1.1344057001086,0.48148852654771,0.112952690959667,0.313355429937551,0.96789809914909,0.299587567767529,0.229517893506276,FALSE,FALSE
"IL2RA",0.153491174809194,-0.0233672108873189,0.878362644183367,-0.349016660982022,0.302282239207384,0.263732818182374,0.0875628534205871,-0.0452053761418051,0.572671012506553,0.240365607295055,0.115805967134736,0.313685771586539,0.960102108840201,0.296479049151338,0.2332047421971,FALSE,FALSE
"HLA-DQB1",0.154011393690471,0.17713387881888,0.199508321690605,-0.107104651598412,0.461372409236173,0.0792794005716876,0.533834774027913,-0.190372945897621,0.348931747040996,0.256413279390568,0.0604906978129004,0.314396860721599,0.534031458180602,0.826334573876964,0.139670696561709,FALSE,FALSE
"IDH1",0.156312801322971,-0.0561271978777405,0.88055186774535,-0.852787312085705,0.740532916330224,0.641219210294707,0.0893017188304305,-0.114558934277403,1.39699735486682,0.585092012416967,0.11745247770159,0.318738393759131,0.960102108840201,0.299587567767529,0.235550298687254,FALSE,FALSE
"E2F1",0.1575657964996,-0.189709124906975,0.0809917336546892,-0.40666286414835,0.0272446143343996,0.161943256231422,0.112154718559211,-0.0438771326364767,0.36776364509932,-0.0277658686755531,0.773833980297469,0.320934797557779,0.339551275638862,0.352293220947608,0.883759082630088,FALSE,FALSE
"PRUNE1",0.158048976701826,-0.104502847504282,0.264288259377579,-0.298928679418629,0.0899229844100656,-0.0712811442344827,0.416245836288345,-0.255729683681201,0.113167395212235,-0.175783991738764,0.0599977100347333,0.321560069655332,0.608229600711327,0.751000715953747,0.139485122055272,FALSE,FALSE
"TBC1D10B",0.158289819165686,-0.119361535413333,0.0686945705941628,-0.249416107752915,0.0106930369262481,0.0325849656351132,0.575634036383306,-0.0907956349785503,0.155965566248777,-0.0867765697782203,0.151350754859516,0.321691447636278,0.313418978335868,0.859408585519564,0.28742469055007,FALSE,FALSE
"ATG10",0.15874409086223,-0.126007980652403,0.124831592709142,-0.292389948120762,0.0403739868159559,-0.0145075134813808,0.844634117745524,-0.172351307115397,0.143336280152635,-0.140515494133784,0.0762944877804809,0.322255801805973,0.429035135017296,0.952559957253786,0.169182794895963,FALSE,FALSE
"CYP4A11",0.158953253754671,-0.150176264802128,0.295789408059191,-0.449501637309664,0.149149107705408,-0.120218161010927,0.374487502202894,-0.404183142591574,0.163746820569721,-0.270394425813055,0.0601864578896987,0.322321875669195,0.637798596525391,0.71340260075186,0.139602833474034,FALSE,FALSE
"LCOR",0.159141122558044,-0.168443695149412,0.108880805747999,-0.380346469013446,0.0434590787146226,-0.00522901812562027,0.955737795602424,-0.206257640501005,0.195799604249764,-0.173672713275032,0.0842594434985654,0.322344671108136,0.396404476639334,0.98580144970765,0.183500578024919,FALSE,FALSE
"RAB7A",0.159823270230972,-0.166819076944392,0.339131199218392,-0.531919686673184,0.1982815327844,0.328769141577046,0.0608894945203069,-0.0175957089807184,0.675133992134809,0.161950064632653,0.328422392256484,0.322719251682398,0.683128519396871,0.23423253931115,0.517144836814567,FALSE,FALSE
"CXCL16",0.159920524142296,0.307760477196199,0.243417850603058,-0.238818444730419,0.854339399122817,0.183506945144115,0.455575766818267,-0.335023349154124,0.702037239442353,0.491267422340314,0.0613077121224777,0.322719251682398,0.58189291482889,0.78234741284597,0.141092780105324,FALSE,FALSE
"ALDOA",0.15997183288056,-0.154634740385819,0.485704580858994,-0.623008219637737,0.313738738866099,0.41380785769028,0.0652308526459924,-0.0305302393258236,0.858145954706384,0.259173117304461,0.227864072543554,0.322719251682398,0.785245541940711,0.242951645059053,0.391574324286239,FALSE,FALSE
"PTCRA",0.160149397259537,-0.170825947389736,0.210948159493595,-0.452455294345097,0.110803399565624,-0.0805867563961341,0.523470059951668,-0.347763814093558,0.186590301301289,-0.251412703785871,0.0628433608699817,0.322719251682398,0.542367557653516,0.817631290389754,0.143901045906796,FALSE,FALSE
"XCL2",0.160210214807809,-0.0946382582165873,0.293182602120139,-0.282203073002398,0.0929265565692231,-0.0743741474970855,0.380389729561185,-0.252313754586322,0.103565459592151,-0.169012405713673,0.0607415003023884,0.322719251682398,0.634707294032328,0.718645193011556,0.139966209661438,FALSE,FALSE
"PSPH",0.16041464805857,-0.197030040414032,0.114895347333607,-0.449566464074727,0.0555063832466637,-0.0116465196253934,0.917397211857671,-0.251223606901704,0.227930567650917,-0.208676560039425,0.0820372340496129,0.322774787989956,0.410150885588151,0.972748578920959,0.179949461707384,FALSE,FALSE
"TFRC",0.160712978524082,-0.276064005880332,0.280010038644668,-0.807721273434696,0.255593261674032,0.478463249481454,0.0610238223530998,-0.025911120534544,0.982837619497453,0.202399243601122,0.399098804364996,0.323018927099615,0.622643491860259,0.23423253931115,0.593606616109306,FALSE,FALSE
"TMEM140",0.1613788579888,0.165048122543,0.110868785938361,-0.0438811413849333,0.373977386470933,-0.170694892163323,0.0851278565616507,-0.368902595325741,0.0275128109990947,-0.00564676962032341,0.951526978274686,0.324000457458263,0.400664424430712,0.289420858856438,0.981268306205169,FALSE,FALSE
"TNFSF15",0.161908241843763,-0.0460586397661615,0.653206598410783,-0.263855925703766,0.171738646171443,0.185057354854967,0.0747414954094008,-0.0215632926747708,0.391678002384705,0.138998715088806,0.168426324215723,0.324706089411943,0.86547886934504,0.266933912176431,0.313971441975172,FALSE,FALSE
"CXCL6",0.16263864954061,0.539191033224531,0.0629624115082333,-0.0341087283364341,1.1124907947855,-0.313592446684503,0.232925409107828,-0.857472355253733,0.230287461884727,0.225598586540028,0.383906794868451,0.325812881900782,0.296150518047747,0.545053377783604,0.578776433128865,FALSE,FALSE
"PECAM1",0.165545844372977,0.33176298039451,0.0681841466402149,-0.0289544146100839,0.692480375399103,-0.22228579134373,0.182410147172317,-0.564492359300878,0.119920776613418,0.10947718905078,0.499061746632067,0.331273208312152,0.311869843655118,0.470195647725253,0.683261581097916,FALSE,FALSE
"IFIT2",0.167995502795898,0.183690922051956,0.103771759960322,-0.0436542068393439,0.411036050943255,-0.00541729225249143,0.957257182283772,-0.221095818924809,0.210261234419826,0.178273629799464,0.0968768403954847,0.335807001755217,0.384925735625178,0.98580144970765,0.201826750823926,FALSE,FALSE
"CACNG6",0.168768664951381,-0.0305875963343113,0.801598824195661,-0.289994220964703,0.228819028296081,0.20909288946304,0.0888946009481033,-0.0370018427274715,0.455187621653553,0.178505293128729,0.139998533289278,0.336896285132175,0.936245222098786,0.299587567767529,0.270367537833791,FALSE,FALSE
"TGFB2",0.168913172292966,0.289692147580707,0.27864110983797,-0.266543386451532,0.845927681612947,0.202769040160921,0.418828773437578,-0.324922320757673,0.730460401079515,0.492461187741628,0.0647453591451772,0.336896285132175,0.621662622804763,0.752325306617696,0.147515955605429,FALSE,FALSE
"ICAM1",0.169094245030724,0.48670681752818,0.0654711643020243,-0.0364471189674065,1.00986075402377,-0.21077131199117,0.373045906910298,-0.707078713853912,0.285536089871573,0.27593550553701,0.249069305896806,0.336896285132175,0.306371473977421,0.713035727927523,0.421866905778572,FALSE,FALSE
"PROM1",0.171295537388289,0.293076716180864,0.18365147816639,-0.159493240405876,0.745646672767604,-0.389884952659624,0.0712827437668917,-0.81923051167291,0.0394606063536628,-0.0968082364787595,0.632093718463193,0.3409013209135,0.522222632092508,0.258117078124161,0.793923631242483,FALSE,FALSE
"TMUB2",0.171553902416186,-0.0738625429483832,0.493146666471866,-0.301532467378038,0.153807381481271,-0.122882417105269,0.238817372335819,-0.338869071880105,0.0931042376695665,-0.196744960053653,0.0705199553740938,0.3409013209135,0.789523405624896,0.551698360142874,0.157912783506406,FALSE,FALSE
"IFNAR2",0.171664829544935,0.252895452520995,0.0916319085540749,-0.0476240477184303,0.553414952760421,-0.0311274053590971,0.815982797112288,-0.316225235974727,0.253970425256533,0.221768047161898,0.115878262688608,0.3409013209135,0.358672195102244,0.946993152881904,0.2332047421971,FALSE,FALSE
"FZD1",0.17256860741987,0.0806642747539304,0.744289171945028,-0.445851208951248,0.607179758459109,0.347910690633374,0.155012303436849,-0.151585754922716,0.847407136189464,0.428574965387304,0.0861496787663497,0.342323596240503,0.909503577601065,0.428995116900904,0.186504346083735,FALSE,FALSE
"APC",0.17319635302426,-0.0318867730675998,0.634309172742776,-0.174239168433966,0.110465622298766,-0.0872048268994518,0.184814711344402,-0.222252166821007,0.047842513022103,-0.119091599967052,0.0787506688379531,0.343195813538843,0.86252568408927,0.474546610404841,0.173365465174022,FALSE,FALSE
"PDGFRA",0.173646732913492,0.250373332556032,0.187796342543337,-0.140198878634535,0.640945543746599,0.0849961842808898,0.626253771825471,-0.285533149158259,0.455525517720039,0.335369516836922,0.0720972703146742,0.343715062437226,0.524851952743628,0.884117728141821,0.160852711887873,FALSE,FALSE
"TTR",0.174204775939745,-0.100813647707694,0.852774882743133,-1.25919166966835,1.05756437425296,-0.80914107263713,0.13463794005522,-1.9080749549,0.289792809625736,-0.909954720344825,0.096352083496859,0.34408643527087,0.958785128892774,0.392320759256021,0.200962917007735,FALSE,FALSE
"CACNA1C",0.174211433528923,0.15970344247973,0.203994712642558,-0.0993128463090354,0.418719731268495,0.0639909478723438,0.58090172395838,-0.181733479224586,0.309715374969274,0.223694390352073,0.070672375889327,0.34408643527087,0.53489992898372,0.85946562210468,0.15806015440934,FALSE,FALSE
"VHL",0.174876198865436,-0.0879629249695848,0.377070708509353,-0.29690442295651,0.12097857301734,-0.0944437341198685,0.319681013375688,-0.292663043529719,0.103775575289982,-0.182406659089453,0.068055060392591,0.344812813996093,0.706424758202714,0.647608038541913,0.154094894809527,FALSE,FALSE
"SERPINA1",0.174957077128977,1.03800015025199,0.090064973443442,-0.188738236081904,2.26473853658588,-0.153908426453501,0.778153061229012,-1.3176946446459,1.0098777917389,0.884091723798487,0.123786796392903,0.344812813996093,0.354242621841124,0.932029289550016,0.244492319715421,FALSE,FALSE
"TWF1",0.17596310002615,-0.128124159577849,0.130259456208569,-0.299982649279493,0.0437343301237951,-0.0109634051001898,0.885949795014994,-0.174002683908326,0.152075873707946,-0.139087564678039,0.0877542129702056,0.346329169357133,0.437740557350497,0.961271329311751,0.188051802945111,FALSE,FALSE
"TGFBR2",0.176106010500504,0.174319498943177,0.262274511362668,-0.148559182675234,0.497198180561587,0.10712889625471,0.460764005510006,-0.199180716293245,0.413438508802666,0.281448395197887,0.0684178282987291,0.346329169357133,0.605121344167975,0.78234741284597,0.154681784309502,FALSE,FALSE
"TYK2",0.177450444378252,-0.053294719695293,0.402582232726199,-0.187120265438236,0.0805308260476499,-0.0626942602791675,0.303111385266368,-0.189652320377992,0.0642637998196575,-0.11598897997446,0.069800187260585,0.348597482228535,0.722431243584379,0.631482052638268,0.156878499692817,FALSE,FALSE
"EXO1",0.17782300872338,-0.160757337568883,0.142148452354745,-0.383701768739408,0.0621870936016423,0.182556883969474,0.0845075671225646,-0.0289467742753758,0.394060542214324,0.0217995464005909,0.826093056267652,0.3489537536776,0.460496468209048,0.289420858856438,0.915384909089356,FALSE,FALSE
"MS4A6A",0.179320927939887,0.473066495499868,0.0874116703507939,-0.080787234773943,1.02692022577368,-0.0892249720711598,0.717837393335284,-0.614656755544899,0.43620681140258,0.383841523428709,0.137441644355181,0.351145721453878,0.351661086311471,0.912077349063113,0.266557918117115,FALSE,FALSE
"BBC3",0.179324828709597,-0.188397425413703,0.116636628837785,-0.431154269920067,0.0543594190926613,-0.00089531519993058,0.993380881388995,-0.231194679070564,0.229404048670703,-0.189292740613633,0.0985541699119607,0.351145721453878,0.410930207777912,0.99885405428921,0.205087069657159,FALSE,FALSE
"NDC1",0.180091582850205,-0.142926539746913,0.0864442551078313,-0.309681679111966,0.0238285996181408,0.0286636487588296,0.699934912366084,-0.129534166820882,0.186861464338542,-0.114262890988083,0.141536818208336,0.352121329330918,0.351661086311471,0.908446659254916,0.273049358594306,FALSE,FALSE
"MAPK14",0.180208943339768,-0.0340691257229968,0.677364684856192,-0.208154600174771,0.140016348728777,0.142358071830482,0.0848755026493469,-0.0227939102151157,0.307510053876079,0.108288946107485,0.178619057674221,0.352121329330918,0.877976242800107,0.289420858856438,0.327204162687024,FALSE,FALSE
"THBS1",0.182238688459796,0.410987417917786,0.485093082529552,-0.832073318802534,1.65404815463811,0.644904267499384,0.256482473863283,-0.534366691889552,1.82417522688832,1.05589168541717,0.0748157828790439,0.355706530950939,0.785245541940711,0.57152688009828,0.166714046097992,FALSE,FALSE
"CASP10",0.186342154682153,0.255307230093222,0.14882748946047,-0.105248320277903,0.615862780464348,0.0356255190263173,0.824299735343365,-0.30642750963018,0.377678547682815,0.29093274911954,0.0885941040632834,0.36332738493048,0.471545431016246,0.94865586882984,0.189221080659135,FALSE,FALSE
"IFIH1",0.186908018901384,0.17961696125522,0.0776487885820779,-0.0232083551139734,0.382442277624414,-0.1185847951825,0.204190779081875,-0.311001785243766,0.0738321948787654,0.0610321660727201,0.502658765864419,0.36404176573642,0.335507084633025,0.502899017306913,0.684859505523104,FALSE,FALSE
"CYLD",0.187839023570887,-0.0391587173079427,0.503900037858553,-0.162981479563493,0.0846640449476074,-0.064681980934277,0.253397846632529,-0.182150567404597,0.052786605536043,-0.10384069824222,0.0781168401276284,0.365465051190693,0.791952496016325,0.566422740956479,0.172386013582735,FALSE,FALSE
"FSTL3",0.188103069996244,0.577389291196658,0.14149330211548,-0.221914670052299,1.37669325244562,0.0582460407591301,0.869873611428079,-0.700040277343371,0.816532358861632,0.635635331955788,0.0927579680478544,0.365589033805266,0.45947558071308,0.956653104327344,0.195703227384201,FALSE,FALSE
"GRB2",0.188404403312157,-0.0817565448056524,0.271816711770161,-0.236405962649556,0.0728928730382513,0.131758954944554,0.0740539343590524,-0.0149543648171928,0.2784722747063,0.0500024101389014,0.472024591907198,0.365759372958817,0.618535534888458,0.265517544607604,0.66264990786972,FALSE,FALSE
"MRE11",0.188591545180409,-0.00252412328171465,0.977537675515226,-0.193823534486439,0.188775287923009,-0.137549173530543,0.124571366450675,-0.319031729867362,0.0439333828062762,-0.140073296812258,0.118451539986444,0.365759372958817,0.992918435666949,0.379229032932694,0.236773341155817,FALSE,FALSE
"PCNA",0.19198506584839,-0.151879835224676,0.206787501028281,-0.399838091372366,0.0960784209230135,0.206285165308077,0.0802267056668366,-0.028948690912968,0.441519021529121,0.0544053300834002,0.623441248289115,0.371945589355957,0.537204957257407,0.27941553023278,0.786302887441351,FALSE,FALSE
"RPS6KA5",0.192948282786134,-0.00683740143094015,0.95579333072388,-0.270030625780974,0.256355822919094,-0.185999970366257,0.130535149106097,-0.435686986467197,0.0636870457346817,-0.192837371797198,0.118241508994131,0.373415287470514,0.988547709677612,0.387360401818907,0.236612668765667,FALSE,FALSE
"LEFTY2",0.193668026605047,-0.210200793634308,0.107138131126325,-0.473179777790718,0.0527781905221033,0.0212027960710873,0.856188479208542,-0.22828097393639,0.270686566078565,-0.18899799756322,0.1247348624259,0.373915839241597,0.391054178611088,0.954515062421217,0.245832747221671,FALSE,FALSE
"ITGB2",0.19374238385214,0.402853760278765,0.189269301392558,-0.227840127631028,1.03354764818856,0.115003685958492,0.682770965334306,-0.483325071684071,0.713332443601056,0.517857446237257,0.0837582823987087,0.373915839241597,0.524953218816762,0.90276680544326,0.182767467488109,FALSE,FALSE
"CSF1R",0.193821580231535,0.504862994762884,0.0809068670255718,-0.0723212557333019,1.08204724525907,-0.171920014483804,0.506917097811857,-0.71948507282734,0.375645043859731,0.33294298027908,0.209908601950527,0.373915839241597,0.339551275638862,0.811512020619859,0.368703752223014,FALSE,FALSE
"MARCO",0.194899793475205,0.00393632388021403,0.987378295390387,-0.527039717603751,0.534912365364179,0.378982876687647,0.127096248973485,-0.124745225533168,0.882710978908462,0.382919200567861,0.123562443718463,0.375598862821804,0.996523710494919,0.381247583257941,0.244492319715421,FALSE,FALSE
"CCND1",0.196686846635033,-0.649310030838854,0.0812265594930333,-1.39252145657759,0.093901394899878,0.416793366367725,0.222037859475786,-0.28827890015092,1.12186563288637,-0.232516664471129,0.486190733858833,0.378642927330101,0.339551275638862,0.526942904477647,0.674047968987786,FALSE,FALSE
"FCN1",0.197436937972617,-0.209147508250557,0.0794260597815858,-0.44692543350398,0.0286304170028671,0.124801394196286,0.251265050376337,-0.100774552136741,0.350377340529312,-0.0843461140542706,0.4311216736653,0.378936729061994,0.338147587879284,0.566422740956479,0.625932421988205,FALSE,FALSE
"BAG1",0.197514859862688,-0.252880121790752,0.0894262454610745,-0.551070244229037,0.0453100006475343,0.0649552839095118,0.62592080788786,-0.217932704891328,0.347843272710351,-0.18792483788124,0.17339984679169,0.378936729061994,0.353600503970318,0.884117728141821,0.321273827812015,FALSE,FALSE
"FCER1A",0.197620762195865,-0.0204153585712265,0.861521015662191,-0.269997018995568,0.229166301853115,0.187647224689978,0.109840388922668,-0.0491267280543098,0.424421177434265,0.167231866118751,0.149775787507119,0.378936729061994,0.960102108840201,0.348623843102381,0.284730012708845,FALSE,FALSE
"RRAD",0.197670008803846,0.0664688568173738,0.63178215798947,-0.228049154296215,0.360986867930962,0.17008948838239,0.209407963210137,-0.109314829736127,0.449493806500907,0.236558345199764,0.0898947511643873,0.378936729061994,0.86252568408927,0.509559377144668,0.190987102299193,FALSE,FALSE
"JAML",0.198392856928881,0.153508932036394,0.451451801767737,-0.276217842107171,0.583235706179958,0.203541796522702,0.298037923478713,-0.204132816832424,0.611216409877827,0.357050728559095,0.0805647289665976,0.379923361904731,0.760054924562841,0.624476705337143,0.176932166503057,FALSE,FALSE
"HAVCR2",0.20055638056576,0.204763103980642,0.181258993252218,-0.109572739937557,0.519098947898842,0.0479385631608545,0.732215193974883,-0.250266601942955,0.346143728264664,0.252701667141497,0.0896409271574426,0.383371845554506,0.520787957601162,0.919551783825946,0.190669804268453,FALSE,FALSE
"FCER1G",0.200624880467813,0.376107563790022,0.208747602936686,-0.240763066038829,0.992978193618873,0.128155000286233,0.641838827651579,-0.457059863290299,0.713369863862765,0.504262564076256,0.0849748716732365,0.383371845554506,0.538982730506968,0.884117728141821,0.184618024766258,FALSE,FALSE
"VCAM1",0.200924119789869,0.37001217541888,0.17219992671459,-0.185294936929334,0.925319287767095,-0.442651586759016,0.0920703397056107,-0.969462169532427,0.0841589960143959,-0.0726394113401352,0.768993258572199,0.383371845554506,0.509343381287077,0.304991406814444,0.882297755704204,FALSE,FALSE
"LILRA5",0.201033893805842,-0.181465123304321,0.102104189254104,-0.404841375059967,0.041911128451326,0.0296842778125402,0.76544093197673,-0.182229041409169,0.241597597034249,-0.15178084549178,0.144601801586583,0.383371845554506,0.381844560222829,0.931951317783014,0.277508840943601,FALSE,FALSE
"ERG",0.20194621855422,0.0973000182350194,0.340887864567055,-0.11645799347093,0.311058029940969,0.0809098969845665,0.401727556628073,-0.121878758545354,0.283698552514487,0.178209915219586,0.0796651603793153,0.384709654343895,0.683690508991359,0.741029007985866,0.175167370713555,FALSE,FALSE
"MAP3K7",0.202287642656974,-0.115663363541314,0.13139845578227,-0.271314042597909,0.0399873155152817,-0.000927830870549845,0.989301955078509,-0.148591030421763,0.146735368680663,-0.116591194411864,0.11102962773428,0.384958235504669,0.440004003307601,0.997840431900238,0.226148516311451,FALSE,FALSE
"COLEC12",0.203875124321227,0.0775326099861029,0.784966415809363,-0.527865519201759,0.682930739173965,0.384139782754156,0.170702284324589,-0.190191311077396,0.958470876585709,0.461672392740259,0.105365709281213,0.387560523475784,0.926321757609532,0.452150462833637,0.216545517385377,FALSE,FALSE
"NDUFA13",0.204079815375468,-0.349615604163306,0.137426782090571,-0.828176457352541,0.128945249025929,-0.0113849641785089,0.957326153308868,-0.46538765269994,0.442617724342922,-0.361000568341815,0.108784843349215,0.387560523475784,0.453497630411211,0.98580144970765,0.222320648502036,FALSE,FALSE
"MAPT",0.204900176001,-0.189313467670519,0.214909276808076,-0.504322189237129,0.125695253896092,-0.0666117064615616,0.635959324242766,-0.36545521935205,0.232231806428927,-0.25592517413208,0.0866777101834352,0.388713951353248,0.547778533763601,0.884117728141821,0.1869098055016,FALSE,FALSE
"CLEC7A",0.20629262159053,0.239028721657934,0.223160440404776,-0.166373331649016,0.644430774964883,0.0905435133266665,0.617301584127223,-0.294054643641021,0.475141670294354,0.3295722349846,0.0865020163185678,0.390949153066166,0.560155246219279,0.878345460184729,0.1869098055016,FALSE,FALSE
"S100B",0.206740872714726,-0.0761262543379982,0.434184191586986,-0.281114915596476,0.128862406920479,0.168359861108311,0.0836847590910312,-0.0261094581173414,0.362829180333963,0.0922336067703124,0.32180579661083,0.391392212348936,0.75107691909597,0.288159783662513,0.509363034531452,FALSE,FALSE
"COL24A1",0.207081394397391,0.00790395228108873,0.940476876982894,-0.217948871501668,0.233756776063846,0.154513423134655,0.142110524352588,-0.0597493786055922,0.368776224874903,0.162417375415744,0.124522218495658,0.391438003299235,0.981363155148943,0.40587121587398,0.245678971626568,FALSE,FALSE
"TRAF7",0.207389728259542,-0.196956331126419,0.0961758491792485,-0.434674980874001,0.0407623186211637,0.0472964273098703,0.655872086127023,-0.178223285340781,0.272816139960522,-0.149659903816548,0.173810670817423,0.391438003299235,0.36951773632027,0.886089004418879,0.32170839172596,FALSE,FALSE
"IFNGR2",0.207462228335242,0.153740855224061,0.510222395876507,-0.339829352809188,0.64731106325731,0.246545236000498,0.273650012966817,-0.221696576775963,0.714787048776959,0.400286091224559,0.0871714219664681,0.391438003299235,0.794987312790409,0.593200692654687,0.18738262083487,FALSE,FALSE
"GZMA",0.207623006681457,0.176302670052374,0.177358683306142,-0.0917348643405307,0.444340204445279,0.0349525620550478,0.769690283497952,-0.219330170074141,0.289235294184237,0.211255232107422,0.0953710019683232,0.391438003299235,0.516320328122673,0.931951317783014,0.200059860450793,FALSE,FALSE
"CTSL",0.208680046116801,-0.106368438037894,0.329007811557685,-0.334147096427681,0.121410220351893,-0.081301601922949,0.428337310843045,-0.297391410789694,0.134788206943795,-0.187670039960843,0.082825614044181,0.393024854657546,0.673893665648457,0.759684734974302,0.181460679028368,FALSE,FALSE
"IL1B",0.210063168048865,-0.155520589876261,0.226994683662343,-0.42162198361996,0.110580803867437,-0.0594761372609038,0.61704162678289,-0.311922085093514,0.192969810571707,-0.214996727137165,0.0882280828338238,0.395221939885752,0.564532674873426,0.878345460184729,0.188764655535438,FALSE,FALSE
"ERCC3",0.210384808259055,-0.11020194413491,0.130482664766395,-0.258115183134369,0.0377112948645495,0.00246256033418321,0.970127847346135,-0.137860259065158,0.142785379733524,-0.107739383800726,0.120197430987436,0.395389148074947,0.437740557350497,0.989507153788829,0.239215170721996,FALSE,FALSE
"DTX1",0.210585343522657,0.197729346390328,0.0874046744969801,-0.0337611501778355,0.429219842958492,-0.0725858850994909,0.485229332734282,-0.292197052851128,0.147025282652146,0.125143461290837,0.238113453283647,0.395389148074947,0.351661086311471,0.799227014657099,0.406888625695371,FALSE,FALSE
"IRF2",0.211374383368494,0.105465158079594,0.093294546891315,-0.0205831324125027,0.231513448571691,-0.030632230358426,0.587013881972219,-0.150212138296098,0.0889476775792456,0.074832927721168,0.197758810462296,0.396462743728162,0.36303315154936,0.862783660226282,0.35279553186089,FALSE,FALSE
"BMP8A",0.211779687641679,0.0208064349027228,0.930572903051797,-0.488725025573989,0.530337895379435,0.344087997224855,0.146875653842677,-0.139295989160687,0.827471983610397,0.364894432127578,0.12594760148172,0.396815123147911,0.978844696293677,0.412381643481363,0.24768790162084,FALSE,FALSE
"FUT8",0.213451695436026,-0.20735158088948,0.0941355649272761,-0.455886906248678,0.0411837444697179,0.0607056321075111,0.585140986476022,-0.17507568003631,0.296486944251333,-0.146645948781969,0.200336844440651,0.399181044845079,0.364987398582137,0.862586672309161,0.356349650199014,FALSE,FALSE
"DDB2",0.213479835489752,-0.105633909070917,0.385174628655508,-0.361001866172589,0.149734048030755,-0.102738566466253,0.373699963683947,-0.34500188222589,0.139524749293384,-0.20837247553717,0.0854753423718459,0.399181044845079,0.712924642288338,0.713035727927523,0.185264251577932,FALSE,FALSE
"IL20RB",0.213847537425084,0.399615139482784,0.244416306848953,-0.311690795078136,1.1109210740437,0.174227328094693,0.58410013499181,-0.500576731827464,0.849031388016851,0.573842467577478,0.0886487802540056,0.399459320164563,0.583084653593908,0.861748380242565,0.189221080659135,FALSE,FALSE
"CCL24",0.215308738487563,-0.0463081181686283,0.764802348340118,-0.375969208725722,0.283352972388465,0.248298415667249,0.10927079024759,-0.0644455549613839,0.561042386295882,0.201990297498621,0.184733010264489,0.401777553926178,0.920578585818972,0.34742019547361,0.335460441525068,FALSE,FALSE
"IGF1",0.215733760594977,0.0130107459346566,0.940268049248915,-0.35746451696824,0.383486008837554,-0.262577810683057,0.129523688039746,-0.614041504939908,0.088885883573795,-0.2495670647484,0.147788017956453,0.402159461783282,0.981363155148943,0.385405244471556,0.282422128555525,FALSE,FALSE
"BTK",0.216131827633614,0.0796466888810816,0.462486693949412,-0.148982247654847,0.30827562541701,0.104597697116764,0.314084458555424,-0.112298756425923,0.32149415065945,0.184244385997845,0.0889565236863568,0.402490393297291,0.769405849095421,0.643326752933388,0.189434837488449,FALSE,FALSE
"IL24",0.216460526684185,-0.160480290013686,0.201411746811863,-0.4191659300309,0.0982053500035285,-0.043067271281308,0.708879332567819,-0.288478017411147,0.202343474848531,-0.203547561294994,0.0958588339437704,0.4026916016296,0.534031458180602,0.908446659254916,0.200621986178189,FALSE,FALSE
"COL4A4",0.216826732515938,-0.0975468530275145,0.317838972672908,-0.30146747281334,0.106373766758311,-0.0680209714438084,0.458427367463699,-0.26147705756273,0.125435114675114,-0.165567824471323,0.0868545068837794,0.402962104726667,0.661409492734387,0.78234741284597,0.186921550781719,FALSE,FALSE
"CBLC",0.217455595743375,0.0166643580409975,0.959013173403854,-0.675247849504564,0.708576565586559,0.468722438489481,0.14571502396684,-0.187683116526255,1.12512799350522,0.485386796530478,0.133121282289536,0.403719697082054,0.988547709677612,0.409973762838476,0.259452839528613,FALSE,FALSE
"PRMT8",0.218846117742972,-0.110903548335875,0.42178581349854,-0.401416402187811,0.179609305516061,-0.123343023471449,0.348759619310064,-0.39894771578977,0.152261668846873,-0.234246571807324,0.0887972198911992,0.405888378944028,0.739734320443149,0.680006736368448,0.189316502688596,FALSE,FALSE
"TNFSF4",0.221177868565164,0.0201988249373371,0.899572018170017,-0.321224488019796,0.36162213789447,0.223342668383375,0.158852142173795,-0.100559926184131,0.547245262950881,0.243541493320712,0.127306417340433,0.409589167076425,0.967906737598908,0.434640418991269,0.249821732953001,FALSE,FALSE
"TNFRSF8",0.221290366431427,-0.203711729074672,0.119690870136723,-0.468629918549955,0.0612064604006112,0.0245106569764805,0.835290232674191,-0.226812804728502,0.275834118681463,-0.179201072098192,0.14625471607699,0.409589167076425,0.417659346079386,0.95117373615336,0.280078548625925,FALSE,FALSE
"NDUFA4L2",0.221818828766984,-0.159673298043437,0.275412452335555,-0.464101052732923,0.144754456646049,-0.0840825194347276,0.537766231131313,-0.372888045771662,0.204723006902207,-0.243755817478165,0.0907854362088963,0.410151329786977,0.620862231733459,0.829605555211028,0.192431383369612,FALSE,FALSE
"OTC",0.223395974319434,-0.144449752054792,0.387919034810703,-0.495744497481572,0.206844993371988,-0.137481353749496,0.386430887365931,-0.470748811428789,0.195786103929798,-0.281931105804288,0.0901275358154769,0.412649446490858,0.714381673591859,0.726222547474021,0.191259014957262,FALSE,FALSE
"PRKCG",0.223956937538049,-0.125568054081167,0.37370143904222,-0.421665530882898,0.170529422720563,0.237575723760422,0.0901957763203734,-0.0433270070762793,0.518478454597123,0.112007669679255,0.402007492125362,0.413267351877593,0.705046431043294,0.301478556382201,0.596474530999013,FALSE,FALSE
"CCL21",0.224601424647188,0.213164265449469,0.202387833591425,-0.131243079157153,0.557571610056091,0.053248012913801,0.728690254706781,-0.273485482640429,0.379981508468031,0.26641227836327,0.100976406287614,0.414021596455844,0.534031458180602,0.916512553301086,0.208936441581514,FALSE,FALSE
"MCM7",0.224819398404242,-0.185661542671694,0.241720579998115,-0.514137234625027,0.142814149281638,-0.0734839994413034,0.616725565499482,-0.385103402213015,0.238135403330408,-0.259145542112998,0.0950805644954009,0.414021596455844,0.580202665479168,0.878345460184729,0.199765753664982,FALSE,FALSE
"IHH",0.225202809380198,0.0893012261651915,0.635682717346588,-0.311004298348752,0.489606750679135,0.218175428235929,0.23451609398565,-0.1615877369878,0.597938593459657,0.30747665440112,0.103134380749859,0.414309603950465,0.86252568408927,0.548004957136763,0.212918829036756,FALSE,FALSE
"NFATC4",0.226878802902058,0.0309156342785651,0.79871429322236,-0.227424470248855,0.289255738805986,0.158133170493243,0.185138184442875,-0.0869497718885448,0.403216112875031,0.189048804771808,0.118650156489531,0.416972623661889,0.935592801752764,0.474546610404841,0.23691087045229,FALSE,FALSE
"HPRT1",0.227552283599671,-0.187975156253293,0.128927031011522,-0.439150458202283,0.0632001456956973,0.0162718425532543,0.884194551013392,-0.222013971288547,0.254557656395056,-0.171703313700039,0.142394688170681,0.417720830621734,0.437495668669107,0.961081033710208,0.274414261786159,FALSE,FALSE
"ITGB3",0.227859320642826,0.141949844697512,0.216056044744138,-0.0948789848387183,0.378778674233742,0.0415613569472194,0.694003311250287,-0.183114198130655,0.266236912025093,0.183511201644731,0.100454311458047,0.417720830621734,0.549933447221829,0.907915950818957,0.20832854364879,FALSE,FALSE
"DUSP5",0.2281703829348,-0.228816202630669,0.10916133892526,-0.516922170759994,0.0592897654986555,0.178074883285301,0.181192532998121,-0.0952464367476629,0.451396203318266,-0.0507413193453681,0.69296887099048,0.417720830621734,0.396404476639334,0.468380131333669,0.836974314730395,FALSE,FALSE
"FOXL2",0.228251557888552,-0.11626746961965,0.361799993694898,-0.383470477766681,0.150935538527381,-0.0966686955973517,0.422260683635046,-0.350159726615295,0.156822335420592,-0.212936165217002,0.092150554356845,0.417720830621734,0.699076723215886,0.755294670647361,0.194646714931993,FALSE,FALSE
"MBL2",0.228430350115337,-0.209446161031016,0.109255589999773,-0.473241211284754,0.0543488892227226,0.0465217063253999,0.692582428561052,-0.203736251958718,0.296779664609517,-0.162924454705616,0.18150067532016,0.417720830621734,0.396404476639334,0.907828197176854,0.331238732459292,FALSE,FALSE
"TNFSF14",0.228945149496821,0.119670150404861,0.146483333990957,-0.0482672086763735,0.287607509486096,-0.119821218283929,0.127221796276212,-0.279140585963008,0.0394981493951504,-0.00015106787906756,0.998385545561367,0.418243140972671,0.467837646216813,0.381247583257941,0.998947537067722,FALSE,FALSE
"IL21R",0.229645501520051,-0.188151580433673,0.20137990760625,-0.491418893225668,0.115115732358323,-0.0436962638526335,0.746414870980513,-0.331400898343061,0.244008370637794,-0.231847844286306,0.104588910293249,0.419103040274093,0.534031458180602,0.927302341415545,0.21543426781623,FALSE,FALSE
"CDKN1C",0.230837336879916,-0.204341287692347,0.34548274478002,-0.657721719898033,0.249039144513338,-0.155390626092047,0.446459312666821,-0.585505069788504,0.27472381760441,-0.359731913784394,0.0934131712975146,0.420857282523323,0.686487569753937,0.777469700016173,0.19663095457666,FALSE,FALSE
"E2F4",0.232388129582975,-0.121915332655409,0.0960213915748723,-0.26898559881644,0.0251549335056212,0.0721219428855245,0.282072540815419,-0.0674011622612888,0.211645048032338,-0.0497933897698847,0.451874402814476,0.423261812863202,0.36951773632027,0.603496350513645,0.645787615611918,FALSE,FALSE
"TNFRSF1B",0.232640676087518,0.25396839999784,0.135850828439347,-0.0921378656058713,0.600074665601552,-0.237553082389103,0.140930883477121,-0.56589831591798,0.0907921511397731,0.0164153176087371,0.915060087181749,0.423299335852164,0.449144496198929,0.403133013081108,0.964032114627321,FALSE,FALSE
"SLC11A1",0.233287729897504,0.129310603374031,0.637763719979648,-0.453967259887949,0.71258846663601,0.31296016316922,0.241440918528182,-0.240385803830011,0.866306130168452,0.442270766543251,0.107153938896853,0.424053891496958,0.86252568408927,0.556350601406481,0.219479167774138,FALSE,FALSE
"SPRY1",0.23367084124974,0.262200414683663,0.0977860707387728,-0.0559835234887747,0.580384352856101,-0.161474861534434,0.26644735920381,-0.463330649386564,0.140380926317695,0.100725553149229,0.481143298738497,0.424327647045548,0.372566970977579,0.585863169333678,0.67131996957015,FALSE,FALSE
"FOXC1",0.235180900535371,-0.0342653437560815,0.717877000300182,-0.23607830783911,0.167547620326947,0.149396353398469,0.114849258498315,-0.0420602349571688,0.340852941754106,0.115131009642387,0.214649159154283,0.426481938190118,0.896779152501637,0.358290421810982,0.374865756417767,FALSE,FALSE
"CACNA2D2",0.235443810551503,-0.133740850927011,0.378179171925508,-0.452184506884628,0.184702805030606,-0.116951242052549,0.415461594588314,-0.419053419829685,0.185150935724586,-0.25069209297956,0.0957130335213509,0.426481938190118,0.706424758202714,0.750710307053142,0.200546826838651,FALSE,FALSE
"KRT1",0.235558243120898,-0.189969032916016,0.212697149122125,-0.504442111715532,0.124504045883499,-0.0492967881691454,0.725084558338979,-0.347632145712769,0.249038569374478,-0.239265821085162,0.106081592820814,0.426481938190118,0.544421174120447,0.914688134839044,0.217771548816632,FALSE,FALSE
"RAG1",0.23619243514403,-0.130900246305891,0.383093959085327,-0.44592186564801,0.184121373036228,-0.116754197788983,0.411323348191659,-0.415609946583678,0.182101551005712,-0.247654444094874,0.0961228253211046,0.42720633710392,0.711961787505827,0.747680147050967,0.200728633250634,FALSE,FALSE
"IL15RA",0.238120455119752,0.173807348079469,0.336355368084354,-0.204321160019239,0.551935856178178,-0.296279328555433,0.0971093463138943,-0.655003528705436,0.0624448715945702,-0.122471980475963,0.471271317136283,0.430267159003513,0.680138422011524,0.317543262608155,0.66210173500671,FALSE,FALSE
"FLT1",0.239335715920627,0.0176572858036372,0.880744878564038,-0.233376383531416,0.268690955138691,-0.175146146915429,0.135050775618845,-0.413297596261929,0.0630053024310718,-0.157488861111792,0.175209201230434,0.43203529332853,0.960102108840201,0.392464435516549,0.323313237862024,FALSE,FALSE
"FEZ1",0.240898461809997,-0.0814331964176074,0.482623771883242,-0.326317045552616,0.163450652717401,0.189275357424557,0.101220353661413,-0.0430418602121468,0.421592575061262,0.10784216100695,0.331779921366848,0.43442657391625,0.784317349676685,0.328112158849162,0.520187591490119,FALSE,FALSE
"TNFRSF11B",0.242090394644451,0.0342770949780373,0.904240841416134,-0.573527659029042,0.642081848985117,0.384252912153595,0.172155178566111,-0.192361306448623,0.960867130755812,0.418530007131632,0.139755297424897,0.436145084132402,0.969085991392789,0.454679017197036,0.270183705297074,FALSE,FALSE
"NGFR",0.243675129747641,0.0773874193612238,0.708242958109819,-0.362576286906971,0.517351125629419,-0.322399319633136,0.118195089137219,-0.739785539518174,0.0949869002519029,-0.245011900271912,0.225078583731298,0.438567171389984,0.891278008625114,0.364984835322208,0.388249919952381,FALSE,FALSE
"CXCR5",0.244780371375038,-0.162966352856147,0.222337646009398,-0.438840401306429,0.112907695594136,-0.0441945078846409,0.7193389727702,-0.305911610015002,0.21752259424572,-0.207160860740788,0.110231882747854,0.440122342620142,0.559677522713311,0.912295778530656,0.224774509513781,FALSE,FALSE
"CCL2",0.245608769030469,0.34745556697082,0.602710989104047,-1.06871079170517,1.76362192564681,-1.06271797386679,0.110447651256869,-2.40621134560372,0.280775397870135,-0.71526240689597,0.268616883079089,0.441177168780123,0.849380351440067,0.348731770837,0.446233120252904,FALSE,FALSE
"NECTIN1",0.24672656682845,-0.267419406270376,0.124103217592724,-0.619768300529411,0.0849294879886583,0.0494367613927444,0.752817586507931,-0.284830749677368,0.383704272462857,-0.217982644877632,0.180821490953262,0.442749247258527,0.428144370712138,0.928933127367799,0.330329550540244,FALSE,FALSE
"AR",0.247556228531374,0.0900191047409605,0.336575899509693,-0.105915969545493,0.285954179027414,0.0610957280856764,0.487608465652801,-0.124784604392169,0.246976060563522,0.151114832826637,0.101880458275505,0.443801686708996,0.680138422011524,0.799493967987907,0.210568331090371,FALSE,FALSE
"TNFSF12",0.249350977236799,-0.0797283949085207,0.430897060416299,-0.292847964159223,0.133391174342182,-0.0838544935524817,0.383961490513497,-0.286037469388343,0.11832848228338,-0.163582888461002,0.103351516565088,0.446580503883375,0.747516288269721,0.723480120683525,0.213126008735916,FALSE,FALSE
"BATF3",0.252048874573061,-0.0122008983598963,0.899695862174841,-0.218690403021951,0.194288606302158,0.140236586652168,0.144784875569543,-0.0556565576434465,0.336129730947783,0.128035688292272,0.17990672479113,0.450969800093957,0.967906737598908,0.409496628157958,0.328987748240294,FALSE,FALSE
"NFE2L2",0.252408988611551,0.102775433898849,0.598370542875723,-0.311098428962852,0.51664929676055,0.204973157706428,0.277557491266041,-0.187662063490117,0.597608378902973,0.307748591605277,0.113396987562787,0.451171796489795,0.848028602644706,0.597337761274205,0.229544330775765,FALSE,FALSE
"CHUK",0.252864841067364,-0.138720041556736,0.131777842469135,-0.325600740413488,0.0481606573000155,0.0217177627338596,0.794077176214133,-0.155572834999549,0.199008360467268,-0.117002278822877,0.17602599101721,0.451544359048864,0.440466231696285,0.936052175779291,0.324492357178191,FALSE,FALSE
"PRKAA2",0.253563616581874,-0.08688357444936,0.489326525559599,-0.352290360792518,0.178523211893798,-0.114142043043837,0.342789344603983,-0.365929028436852,0.137644942349177,-0.201025617493197,0.107497140984444,0.452349560373334,0.787317373922166,0.674599311822768,0.219935294054495,FALSE,FALSE
"FST",0.2544952772452,0.517503669863498,0.167059066983227,-0.249083668515166,1.28409100824216,-0.529462254238743,0.138667621992205,-1.25671085865558,0.197786350178093,-0.0119585843752456,0.972008974825646,0.453218169873813,0.499807864335063,0.399792117118127,0.990217101957507,FALSE,FALSE
"CCL28",0.254547191298991,-0.0535959774578026,0.786739027010835,-0.475666765479087,0.368474810563482,-0.243583167136071,0.209705849493775,-0.643994674326882,0.156828340054741,-0.297179144593874,0.131828719593397,0.453218169873813,0.926321757609532,0.509604760753848,0.257864322891694,FALSE,FALSE
"AKR1C4",0.254898141463837,0.00190252006950275,0.993028591913063,-0.462746547850121,0.466551587989127,0.300309296910088,0.163497349038841,-0.140495513279998,0.741114107100174,0.302211816979591,0.161056354366258,0.453400690225636,0.996888321142537,0.442815049310988,0.302706330297034,FALSE,FALSE
"NFKB1",0.258371936563449,0.0195382411158696,0.698941834793037,-0.0879191638405693,0.126995646072308,-0.0772404598471723,0.124678038224447,-0.179183505181196,0.0247025854868518,-0.0577022187313027,0.241090833490184,0.458522107821516,0.88793880456743,0.379229032932694,0.411206328149146,FALSE,FALSE
"DNMT3A",0.258414746254876,-0.0388961755796683,0.550132087190456,-0.176729478054221,0.0989371268948842,-0.0637002203110869,0.309396612015178,-0.194460372283839,0.0670599316616656,-0.102596395890755,0.113061143157338,0.458522107821516,0.822218001645546,0.638743005574321,0.229517893506276,FALSE,FALSE
"CCNE2",0.258613688723608,-0.103091721576349,0.115654822847267,-0.235532879225458,0.0293494360727605,0.0710003114642385,0.241825566493028,-0.0546444027719464,0.196645025700423,-0.0320914101121101,0.588097497149269,0.458522107821516,0.410536097072861,0.556534248234269,0.763292748005334,FALSE,FALSE
"FPR3",0.258782340304746,0.0944370452666214,0.546898617576736,-0.237474952552801,0.426349043086044,0.152637942369987,0.311685839740205,-0.162241426383878,0.467517311123851,0.247074987636608,0.113040341288349,0.458522107821516,0.822218001645546,0.641115333630618,0.229517893506276,FALSE,FALSE
"IL21",0.260794517956729,-0.0379785699311245,0.761602239689806,-0.304587947782259,0.22863080792001,0.187469508683942,0.132295933388174,-0.0654583551870681,0.440397372554951,0.149490938752817,0.222106757074966,0.461336221658911,0.919883296028515,0.389419481344221,0.385675386928462,FALSE,FALSE
"CLEC4E",0.26087615383671,-0.0883858717581541,0.441702534100298,-0.3304287826949,0.153657039178591,-0.0939521717902582,0.390195391162191,-0.323574238807477,0.13566989522696,-0.182338043548412,0.109213196576519,0.461336221658911,0.752963662534324,0.730365732175383,0.222946402407323,FALSE,FALSE
"PPARG",0.261312193940428,-0.0440164815741379,0.758054752029865,-0.348319936940835,0.260286973792559,0.214046316142812,0.132178081375108,-0.0746412895026341,0.502733921788257,0.170029834568674,0.223627898613324,0.461659974773748,0.916799153382706,0.389419481344221,0.38684446916523,FALSE,FALSE
"FPR2",0.261973699398647,-0.148626389371798,0.228804382226719,-0.403986660428121,0.106733881684525,0.18585572882651,0.120463307897232,-0.0564002953102753,0.428111752963296,0.0372293394547126,0.743529849778416,0.462381045843841,0.564532674873426,0.371360704244001,0.873755296745402,FALSE,FALSE
"POU5F1",0.263570462799183,-0.428214044682922,0.143373878673302,-1.0240763712638,0.167648281897961,0.375337823107097,0.173596206240961,-0.189946814057707,0.940622460271901,-0.0528762215758243,0.841921838004806,0.464749849863293,0.46094117619478,0.456087556088099,0.924492992995651,FALSE,FALSE
"CDK6",0.264829977623438,-0.156463488376245,0.146631854047133,-0.376122575681292,0.0631955989288017,0.0170863496826735,0.861194534550627,-0.191300557708644,0.225473257073991,-0.139377138693572,0.170707596204283,0.465848208415996,0.467837646216813,0.954515062421217,0.317251897222827,FALSE,FALSE
"WNT3A",0.264857622644503,-0.144278769273901,0.290401054860457,-0.428503464950587,0.139945926402785,-0.0670297136330568,0.597985025702359,-0.336668935315019,0.202609508048906,-0.211308482906958,0.1134514993752,0.465848208415996,0.634707294032328,0.86735283506159,0.229544330775765,FALSE,FALSE
"CEBPA",0.264959145389481,-0.317790635191838,0.158807003014246,-0.778612023552423,0.143030753168747,0.0146421379588096,0.943028740432162,-0.422531416563327,0.451815692480946,-0.303148497233028,0.156703249634627,0.465848208415996,0.487475521115764,0.982196074632309,0.296355886614708,FALSE,FALSE
"HES1",0.265922047359542,-0.281369837724265,0.2302781671066,-0.766430856289691,0.203691180841161,-0.0691623779628848,0.748954297496826,-0.529331664811275,0.391006908885505,-0.35053221568715,0.122860401602135,0.46709118039573,0.565617177017573,0.928354098758441,0.243453021632895,FALSE,FALSE
"MAPK8IP2",0.266413738113107,-0.171018558130526,0.211003269004929,-0.453001840654663,0.11096472439361,-0.0294340389566756,0.814584386373792,-0.296946869416783,0.238078791503432,-0.200452597087202,0.128493152342947,0.467154236233568,0.542367557653516,0.946889493714758,0.251879702498258,FALSE,FALSE
"CMKLR1",0.266469895846107,0.0890514083523068,0.548166411287486,-0.224939959511417,0.403042776216031,-0.231050425119816,0.116815454797969,-0.528928791544166,0.0668279413045337,-0.141999016767509,0.319446919635289,0.467154236233568,0.822218001645546,0.3625649745005,0.507389580795825,FALSE,FALSE
"CEACAM8",0.269437319244673,-0.109637226336795,0.50301151884832,-0.455583246628544,0.236308793954955,0.255380600180632,0.115762458778135,-0.0728126112971953,0.583573811658459,0.145743373843837,0.352359586813165,0.471903174300891,0.791952496016325,0.35990883691669,0.547281911433213,FALSE,FALSE
"TLR4",0.270839574816688,0.0819638900565615,0.365820907359512,-0.108046197174464,0.271973977287587,0.059324024541936,0.487063177186048,-0.120935371675259,0.239583420759131,0.141287914598497,0.113396775291309,0.473895503790643,0.700548956905676,0.799493967987907,0.229544330775765,FALSE,FALSE
"MAGEA3",0.271094195045168,-0.126692867364354,0.341231865301829,-0.405230144131531,0.151844409402824,-0.0799929777150112,0.521981242330815,-0.344236640068506,0.184250684638484,-0.206685845079365,0.114070979760366,0.473895503790643,0.683690508991359,0.817631290389754,0.230542124100407,FALSE,FALSE
"CYBB",0.271658694376404,0.336250364159832,0.259834644956544,-0.283206163491866,0.95570689181153,0.113762966051732,0.680641153048275,-0.4739050955998,0.701431027703264,0.450013330211564,0.121087590427122,0.474202266218986,0.601774399804179,0.90276680544326,0.240724240228211,FALSE,FALSE
"ATR",0.271789353679484,-0.0970264017452223,0.139800101097659,-0.23071752235246,0.0366647188620152,0.0168561147662126,0.777087544290009,-0.109974418451531,0.143686647983956,-0.0801702869790098,0.193585074948644,0.474202266218986,0.456413567984307,0.932029289550016,0.346705359942371,FALSE,FALSE
"UBC",0.273627211071656,-0.19054572813362,0.118513008940857,-0.437467352354916,0.0563758960876757,0.071757626842502,0.51712560741118,-0.162492793983746,0.306008047668751,-0.118788101291118,0.290875553078502,0.476952875077146,0.415935079455893,0.817631290389754,0.473469926954688,FALSE,FALSE
"LILRB1",0.274662198291571,0.0450247484343987,0.613737599126361,-0.144284309719147,0.234333806587945,0.0907716673909172,0.292395779312851,-0.0888226742490253,0.27036600903086,0.135796415825316,0.125379295450374,0.477989340086354,0.851737486947777,0.616192029152371,0.246836261269615,FALSE,FALSE
"PTTG2",0.274745653561964,-0.0232257398214867,0.880841301447437,-0.353695602991962,0.307244123348989,-0.195174277102298,0.199941962215065,-0.508685516801167,0.11833696259657,-0.218400016923785,0.154956324378607,0.477989340086354,0.960102108840201,0.498301175286181,0.293660739346788,FALSE,FALSE
"CACNA1D",0.275213761813051,0.0786916476794681,0.489646695562552,-0.161871887867596,0.319255183226532,0.0977177307834655,0.369255164854536,-0.130500877510015,0.325936339076946,0.176409378462934,0.117954909196661,0.478347728865541,0.787317373922166,0.709358606167925,0.236298253879151,FALSE,FALSE
"MBNL3",0.276256131379083,-0.180205552500883,0.274789958486397,-0.523310928990201,0.162899823988434,-0.0684660885672351,0.654928064580969,-0.393964428713984,0.257032251579514,-0.248671641068119,0.121874744832192,0.479702606819055,0.620862231733459,0.886089004418879,0.242025472599294,FALSE,FALSE
"HK2",0.277442803756116,0.256338722866772,0.40591710232249,-0.392062886651282,0.904740332384826,0.220916050923279,0.449089674800771,-0.39421172645557,0.836043828302129,0.477254773790051,0.116726556255304,0.481305244158662,0.723436241932171,0.779817941495155,0.234610093795076,FALSE,FALSE
"THBS4",0.27825133214172,0.562872410065197,0.362355237596476,-0.732258354122128,1.85800317425252,-0.951510282440153,0.117339247767839,-2.18017920721607,0.27715864233576,-0.388637872374957,0.503820765033819,0.48224945978978,0.699076723215886,0.363572372115971,0.685151189408882,FALSE,FALSE
"CTSW",0.279563730231409,-0.13333295174565,0.286308074450244,-0.393665195306912,0.126999291815611,-0.0549836644506923,0.63636129244736,-0.30195651586128,0.191989186959895,-0.188316616196343,0.122526156264478,0.484064333654954,0.629532814303247,0.884117728141821,0.243054603459427,FALSE,FALSE
"TLR2",0.280193609128951,0.26605481477915,0.118846919667822,-0.079062887486488,0.611172517044788,-0.147679371695324,0.345121380895655,-0.475086771696305,0.179728028305657,0.118375443083826,0.446119924855083,0.484695105839181,0.416306388471737,0.677441809250544,0.641289220916064,FALSE,FALSE
"CD3E",0.282751770697747,0.21887154223536,0.129601619596311,-0.0741564102461489,0.511899494716868,-0.153278859351086,0.252787690324777,-0.431269583732233,0.12471186503006,0.0655926828842732,0.61651942696092,0.488657179472905,0.437740557350497,0.566422740956479,0.782777887456253,FALSE,FALSE
"LBP",0.283934044550589,0.0219756299143024,0.880805129927615,-0.290611218889433,0.334562478718038,0.181805645906229,0.206402900070913,-0.114740276744116,0.478351568556574,0.203781275820531,0.160163928324277,0.490236169635597,0.960102108840201,0.505617842455591,0.301650329403308,FALSE,FALSE
"DTX3L",0.285277987244935,0.307780580910249,0.137664486163184,-0.113795272814706,0.729356434635205,-0.233396772172201,0.227641229180048,-0.633338743462452,0.166545199118051,0.0743838087380488,0.692439818533999,0.491934847154105,0.453497630411211,0.535367581512355,0.836974314730395,FALSE,FALSE
"IL15",0.285456988019834,0.0731108572081929,0.504668784520854,-0.158496412461594,0.30471812687798,0.0938538616496075,0.370366339411071,-0.125868086793201,0.313575810092416,0.1669647188578,0.123687319667011,0.491934847154105,0.791952496016325,0.709998497295382,0.244492319715421,FALSE,FALSE
"FGF22",0.287718213619828,-0.213757736687849,0.13849444268844,-0.50722560910503,0.0797101357293334,0.052533180928603,0.688229323262588,-0.225874888147997,0.330941250005203,-0.161224555759246,0.231017133899095,0.495175038605719,0.455256776179485,0.906218264757736,0.395503066947325,FALSE,FALSE
"MSR1",0.28787984436201,0.19774604831094,0.252320134014398,-0.160518007261239,0.556010103883119,0.0535187044833948,0.737470389220637,-0.286360421329772,0.393397830296562,0.251264752794335,0.133209485281266,0.495175038605719,0.593817368435258,0.922469815166321,0.259452839528613,FALSE,FALSE
"HDAC10",0.288832726317787,-0.0901752392154377,0.250437385896099,-0.252864244703511,0.0725137662726358,0.113754750381176,0.134281099245089,-0.0405855919018076,0.26809509266416,0.0235795111657384,0.744975400625098,0.49634625756117,0.59279925974109,0.392320759256021,0.87489067319228,FALSE,FALSE
"HSPA2",0.28940103078127,-0.153975963580613,0.162789595269092,-0.379574919039115,0.0716229918778879,0.0154566072289273,0.877583058702332,-0.198565353872195,0.229478568330049,-0.138519356351686,0.183879450652337,0.496855015217139,0.492688244388215,0.956743776661742,0.334243025339158,FALSE,FALSE
"LCP1",0.292986831800402,0.418554950542727,0.16246839959253,-0.194184843901954,1.03129474498741,-0.0474566998173125,0.861786863086355,-0.628752708857887,0.533839309223262,0.371098250725414,0.189493971640493,0.502538503792983,0.492532938964067,0.954515062421217,0.342063796482592,FALSE,FALSE
"LILRB4",0.2957779664956,0.228930224347042,0.254588764240681,-0.187932429765996,0.645792878460081,0.0593334948281775,0.749380294688667,-0.336137142709871,0.454804132366226,0.28826371917522,0.138234286094138,0.506400902073727,0.595516358580391,0.928354098758441,0.267810586116562,FALSE,FALSE
"HGF",0.295793622800325,0.174029587573279,0.127108904890275,-0.0572917204419591,0.405350895588517,-0.0768227478743626,0.460353520237444,-0.296273409271618,0.142627913522892,0.0972068396989166,0.353533991585305,0.506400902073727,0.434407774203654,0.78234741284597,0.548639060070732,FALSE,FALSE
"PTGDR2",0.296117921086081,-0.179697656701567,0.206434792532105,-0.472827256391352,0.113431942988218,-0.0138699876060933,0.915259163814188,-0.291957142996026,0.264217167783839,-0.19356764430766,0.155259716212783,0.506480980301873,0.537204957257407,0.972143468041122,0.293930479344739,FALSE,FALSE
"STK11IP",0.297145696712905,-0.110293453625223,0.16549144831586,-0.273018652526042,0.0524317452755951,0.0121856222211909,0.866315377887568,-0.142189056147964,0.166560300590345,-0.0981078314040325,0.191357700366737,0.507307310467384,0.497559953767306,0.955880026992027,0.344190885990313,FALSE,FALSE
"RASA4",0.297156994460073,0.0788152952678326,0.546073659895352,-0.197613888603682,0.355244479139347,-0.19466573486473,0.13177008312867,-0.45690948469737,0.06757801496791,-0.115850439596898,0.354780936328337,0.507307310467384,0.822218001645546,0.389126863608128,0.549173205088393,FALSE,FALSE
"CDKN2A",0.297554052439084,-0.00865079808920214,0.969049773827259,-0.484415113012401,0.467113516833997,0.292795294025681,0.182944877202942,-0.158554365350403,0.744144953401765,0.284144495936479,0.195271295981653,0.507510416543298,0.99021043518183,0.470908887017445,0.349040269506872,FALSE,FALSE
"GRIN1",0.29917216906699,-0.191639621198646,0.139486937416856,-0.455467741888153,0.0721884994908606,0.055743325413521,0.636233512973569,-0.194546006240669,0.306032657067711,-0.135896295785125,0.259716842992257,0.509637516349175,0.45620727739384,0.884117728141821,0.435878842853371,FALSE,FALSE
"LDHA",0.299359680836337,-0.123429204095232,0.31480256351342,-0.379772069597686,0.132913661407221,0.180610693643725,0.131595190495101,-0.0625775014328625,0.423798888720311,0.0571814895484923,0.617731990809238,0.509637516349175,0.657339448983971,0.389126863608128,0.783433553319568,FALSE,FALSE
"CD47",0.300067353346177,0.38071913639042,0.175469083242694,-0.195371493822172,0.956809766603013,-0.026250480047054,0.918381261085376,-0.572778039093135,0.520277078999027,0.354468656343366,0.183024523816897,0.51036618812374,0.513190828394096,0.972748578920959,0.333353049866105,FALSE,FALSE
"HLA-DOA",0.302231020094648,0.268550465147306,0.133111272390749,-0.0946094178400549,0.631710348134668,-0.103486854848591,0.525158143198201,-0.44801057036068,0.241036860663497,0.165063610298715,0.317112857615497,0.51356760863383,0.443299401666272,0.817786107279613,0.505441890959198,FALSE,FALSE
"PRKCD",0.302522610816861,-0.0583427424368112,0.606126296157374,-0.298421222424725,0.181735737551102,-0.107467045899048,0.324196412095124,-0.335225490084936,0.12029139828684,-0.16580978833586,0.13868122970381,0.513584897433275,0.849757040486044,0.649946067346238,0.268391563318613,FALSE,FALSE
"A2M",0.302839378085084,0.656917320840366,0.129930791765312,-0.22340385155721,1.53723849323794,-0.326544528505702,0.410937097833699,-1.16169052167953,0.508601464668125,0.330372792334664,0.405631909904893,0.513644855952861,0.437740557350497,0.747680147050967,0.600875191214635,FALSE,FALSE
"SIRT4",0.304724994316821,-0.0907318170446763,0.535807349966655,-0.400856149062069,0.219392514972717,-0.125694627848273,0.37028019816077,-0.419904401952246,0.1685151462557,-0.216426444892949,0.134964231148946,0.516363151929618,0.816234068187935,0.709998497295382,0.262590321798323,FALSE,FALSE
"BRIP1",0.305626100925059,-0.111908138843734,0.344929315644715,-0.359907572353307,0.136091294665838,0.173993953797221,0.133083533867854,-0.0612789666992998,0.409266874293741,0.0620858149534865,0.575937534912315,0.517409679209864,0.686473283589536,0.390839340349782,0.751312366844157,FALSE,FALSE
"CD163",0.306331109477595,0.507187116788174,0.132602669323651,-0.177690611582904,1.19206484515925,-0.225688479913563,0.463756124981049,-0.875420542025982,0.424043582198855,0.281498636874611,0.363799583398384,0.518122590172948,0.442412927816569,0.782937028760791,0.557459479178885,FALSE,FALSE
"GNG4",0.306814728706809,-0.136015923444963,0.385111643758633,-0.464786811659732,0.192754964769806,-0.0951740682877457,0.518719413827825,-0.40707351882233,0.216725382246838,-0.231189991732709,0.132279379863067,0.518460073972154,0.712924642288338,0.817631290389754,0.258468809689611,FALSE,FALSE
"MAP4K2",0.307829142974297,-0.0727547272270063,0.38648778707901,-0.249140705944295,0.103631251490282,-0.0510923653217118,0.518467196418734,-0.218426797341097,0.116242066697673,-0.123847092548718,0.132809089617377,0.519693048962157,0.714181158919493,0.817631290389754,0.25922629791627,FALSE,FALSE
"FCGR1A",0.309620646013603,-0.0299556713713609,0.776240656389206,-0.254471923688998,0.194560580946277,-0.116512843468074,0.256354872882883,-0.329507662182711,0.0964819752465639,-0.146468514839435,0.159895951201478,0.522234453766012,0.923106757894285,0.57152688009828,0.301456726180472,FALSE,FALSE
"ABCB1",0.312157617241134,0.218892831228627,0.213244953800421,-0.143924220397378,0.581709882854633,-0.232624652235739,0.16661327334345,-0.576823129361262,0.111573824889784,-0.0137318210071117,0.932165642666278,0.526027379007451,0.54505888051228,0.445849301835477,0.970607587539626,FALSE,FALSE
"ADH1A",0.312746151375275,-0.308835611262591,0.352348289415932,-1.00427225865878,0.386601036133603,-0.174017147247355,0.576117181535345,-0.833766279484368,0.485731984989659,-0.482852758509946,0.136782488148744,0.526532957804315,0.689212891944348,0.859408585519564,0.265844558968538,FALSE,FALSE
"F2RL1",0.313136921277538,0.2231632133093,0.240986448482548,-0.171008558433384,0.617334985051984,-0.260361448972719,0.155156667027387,-0.634305625387982,0.113582727442545,-0.0371982356634189,0.83205335053634,0.52670495975254,0.579688860224987,0.428995116900904,0.918631194633285,FALSE,FALSE
"CD34",0.31557871938413,0.143624607821989,0.342648542301369,-0.173102194986258,0.460351410630237,-0.218527417151401,0.139042408656082,-0.519000845020524,0.0819460107177215,-0.0749028093294119,0.596978027011692,0.530323354397825,0.684921784994522,0.400240371920109,0.768888193754979,FALSE,FALSE
"CD97",0.316209268615798,-0.0504274762948762,0.803830808350232,-0.483074197114564,0.382219244524811,0.277021078444477,0.167143461746936,-0.133423639553484,0.687465796442438,0.226593602149601,0.252228843067311,0.530475334608775,0.936796740451228,0.446613203057333,0.42543219833442,FALSE,FALSE
"SELL",0.316250500851697,-0.00459916891070812,0.96092254080443,-0.204898453512066,0.19570011569065,0.120321108808552,0.192868057510799,-0.0696994771042229,0.310341694721327,0.115721939897844,0.209240565735457,0.530475334608775,0.988547709677612,0.487277477569397,0.368090867289352,FALSE,FALSE
"PSEN1",0.317145977956651,0.0251828289981148,0.782187480299659,-0.168871641401733,0.219237299397963,0.0998338873445487,0.260270042027551,-0.0842623476358248,0.283930122324922,0.125016716342664,0.16474878390059,0.531488897861237,0.925779250594211,0.576447605218788,0.308059969896083,FALSE,FALSE
"LILRB3",0.318843468117674,0.283130577378915,0.177522766586694,-0.147496319345512,0.713757474103342,-0.0327634543265816,0.864199088411849,-0.441291998940369,0.375765090287206,0.250367123052333,0.2065596127005,0.533843421389683,0.516320328122673,0.954515062421217,0.364575718741211,FALSE,FALSE
"ROBO4",0.32104896926227,0.0120569840247154,0.907499177346941,-0.209310012004632,0.233423980054063,-0.135222599154266,0.185979078881295,-0.345229771026922,0.0747845727183906,-0.12316561512955,0.225473523459076,0.536851120987658,0.970231985154169,0.476033406673722,0.388257987320025,FALSE,FALSE
"PPP3R1",0.321228177599191,-0.081763269824677,0.143460048262266,-0.195564159414621,0.0320376197652671,0.0502795626582492,0.330264311844722,-0.0576814405990214,0.15824056591552,-0.0314837071664277,0.537103847173303,0.536851120987658,0.46094117619478,0.658299744307237,0.716007685238332,FALSE,FALSE
"NUF2",0.321846661401295,-0.0283319672378984,0.784687934129797,-0.249262273945996,0.192598339470199,0.141278596857101,0.167646990349534,-0.0683142951500482,0.350871488864251,0.112946629619203,0.263118089529002,0.536902141583441,0.926321757609532,0.446650740712262,0.438930999442804,FALSE,FALSE
"H3-3A",0.321847091995772,-0.191894050231938,0.173189084971752,-0.480603806541811,0.0968157060779342,0.0285065836102566,0.824420935870754,-0.245387540185154,0.302400707405667,-0.163387466621682,0.218104002482749,0.536902141583441,0.509790451731366,0.94865586882984,0.380171733076426,FALSE,FALSE
"HCK",0.325280864885962,0.187471949838566,0.304673366181658,-0.193450457662875,0.568394357340007,0.0682218472879265,0.688084865427845,-0.293152878561882,0.429596573137735,0.255693797126492,0.149108916191472,0.54205283959405,0.648052323171941,0.906218264757736,0.284054041805257,FALSE,FALSE
"CCL19",0.325528719011002,0.307136263384782,0.142816986852779,-0.119594276304601,0.733866803074165,-0.138540197853488,0.47024755960021,-0.543372333624888,0.266291937917911,0.168596065531293,0.382062810183442,0.54205283959405,0.460496468209048,0.785899080833684,0.577684033624508,FALSE,FALSE
"TAPBP",0.326095706611889,0.195842312205999,0.144938738508546,-0.0778397844189885,0.469524408830986,-0.0794673567282435,0.5174728890771,-0.339104990771816,0.180170277315329,0.116374955477755,0.348049988743928,0.542392171083222,0.464182149157047,0.817631290389754,0.542898486715955,FALSE,FALSE
"SPINK5",0.326326906218837,-0.00457131650440669,0.968983173030444,-0.255437954495132,0.246295321486318,0.147904033958973,0.200670169438752,-0.0900889555409122,0.385897023458859,0.143332717454567,0.213997805909792,0.542392171083222,0.99021043518183,0.498941497582729,0.374444866524804,FALSE,FALSE
"PDCD1",0.327330428451505,-0.114243111291059,0.349986504934758,-0.370190071531552,0.141703848949435,-0.0592251154743216,0.604811815105581,-0.302037721841277,0.183587490892634,-0.17346822676538,0.145541065831844,0.543565088192899,0.68902413323186,0.871003086992776,0.279004669267978,FALSE,FALSE
"LGR5",0.327631493063094,-0.0423156825291019,0.723274751347995,-0.296647408386219,0.212016043328015,0.164543503407455,0.163107807069168,-0.076736757077554,0.405823763892465,0.122227820878353,0.291346152312392,0.54357043167286,0.898779087859226,0.442815049310988,0.473469926954688,FALSE,FALSE
"TFDP1",0.328257946737624,-0.111299286218707,0.185955572613042,-0.284142461300526,0.061543888863111,0.0999471724909236,0.208866125201531,-0.0640262608912182,0.263920605873065,-0.0113521137277836,0.882606091973923,0.543728589258279,0.52484452530551,0.509559377144668,0.946946571341804,FALSE,FALSE
"SMO",0.328322687869931,0.0726572849664153,0.480750672342618,-0.144884112185877,0.290198682118707,0.075156077888652,0.442921190058872,-0.131221812224301,0.281533968001605,0.147813362855067,0.144608716568419,0.543728589258279,0.78314997342897,0.774263574576094,0.277508840943601,FALSE,FALSE
"PMAIP1",0.329221745438221,-0.0457671553109027,0.657389248263667,-0.265036587629559,0.173502277007754,0.144161638734236,0.156923474320501,-0.0638556094794911,0.352178886947962,0.0983944834233329,0.323052367965501,0.544723196214645,0.867487619726097,0.430654647571299,0.510197000754919,FALSE,FALSE
"SMARCA4",0.329856316633711,-0.0736288355208043,0.336213760336101,-0.233764036459582,0.0865063654179733,-0.0341145427288403,0.63346929865216,-0.186032133289422,0.117803047831741,-0.107743378249645,0.148235818572864,0.545278784290328,0.680138422011524,0.884117728141821,0.282981557422048,FALSE,FALSE
"PLA2G2A",0.330820170533178,0.318545368417498,0.384699538158553,-0.450737308110654,1.08782804494565,-0.521074383578975,0.145758255353984,-1.25088001028083,0.208731243122879,-0.202529015161477,0.556675730888291,0.546148201969824,0.712924642288338,0.409973762838476,0.733525782578434,FALSE,FALSE
"HNF1A",0.330980773358151,-0.0997243018893131,0.502996159409326,-0.414379839132767,0.214931235354141,-0.112785684558244,0.426439201093658,-0.411294137380221,0.185722768263732,-0.212509986447557,0.146836978291686,0.546148201969824,0.791952496016325,0.75745763703867,0.280898831637658,FALSE,FALSE
"ATG12",0.331826037146001,0.036383111943828,0.733789384139633,-0.191339214380415,0.264105438268071,-0.146010824954199,0.166603016228828,-0.362047192531217,0.0700255426228194,-0.109627713010371,0.290556857437984,0.546613529652482,0.905494374366517,0.445849301835477,0.473469926954688,FALSE,FALSE
"ITGAM",0.331861803208192,0.00813575591916902,0.959365796235078,-0.332599095774639,0.348870607612977,0.19203605209554,0.219885641832851,-0.131213410770094,0.515285514961175,0.200171808014709,0.202171522724908,0.546613529652482,0.988547709677612,0.524563786071834,0.358564654006761,FALSE,FALSE
"PRR5",0.333527566249191,-0.0654785471493012,0.555626510566632,-0.300792594782152,0.16983550048355,0.157173960230662,0.150957591564875,-0.066064546555287,0.380412467016611,0.0916954130813608,0.388412837708756,0.548861865108002,0.822999350123847,0.420796871250246,0.580705960353512,FALSE,FALSE
"BAIAP3",0.334157598489465,-0.109167243592861,0.525974219811093,-0.47333138857237,0.254996901386647,-0.134966601738214,0.411326502815984,-0.48044304382912,0.210509840352691,-0.244133845331076,0.149583092557309,0.549403258777723,0.805963854874261,0.747680147050967,0.284660212635129,FALSE,FALSE
"GBP4",0.336852475780967,0.0468101667689625,0.685799273019038,-0.199228225937631,0.292848559475556,0.112066598090316,0.316130932203915,-0.121345915749623,0.345479111930255,0.158876764859278,0.163842338730759,0.552858139657459,0.884220795846081,0.646068254504082,0.306679249419112,FALSE,FALSE
"RHOB",0.33686479523238,0.0250844007015844,0.941667890520983,-0.706359546591112,0.75652834799428,0.405038128612232,0.227544910705063,-0.288870527644489,1.09894678486895,0.430122529313816,0.201759886836122,0.552858139657459,0.981464249115245,0.535367581512355,0.358495574931345,FALSE,FALSE
"ERBB2",0.337626975967735,0.0025117975903182,0.982211808629409,-0.237888377915373,0.242911973096009,0.135978056387109,0.21832581701946,-0.0920855749635521,0.36404168773777,0.138489853977427,0.210470525569469,0.553611169039637,0.995300694474554,0.522207884745105,0.369335297273347,FALSE,FALSE
"ERCC2",0.337949658835183,-0.184363658506272,0.149209456030777,-0.444997131876413,0.076269814863869,0.0973596290329021,0.407745002064227,-0.149898994066244,0.344618252132048,-0.0870040294733699,0.458096339334986,0.553642843244353,0.471936321067884,0.743391237529685,0.652126224092316,FALSE,FALSE
"CUL1",0.339492367895012,-0.044852690634981,0.641826920253913,-0.249663381018114,0.159957999748152,-0.0884303795070425,0.340955137745947,-0.282730860735716,0.105870101721631,-0.133283070142024,0.160847059117656,0.555671364491837,0.86252568408927,0.674152899660187,0.302624621535796,FALSE,FALSE
"SFRP1",0.342063428058121,0.0436577527523296,0.876114553200755,-0.553624644617553,0.640940150122212,0.315091169434695,0.248988549287679,-0.251540665169683,0.881723004039073,0.358748922187024,0.192917196531789,0.559377917747376,0.960102108840201,0.564047931632003,0.346188676175531,FALSE,FALSE
"GZMM",0.343099028758966,-0.0326461760673106,0.771634351029202,-0.272237797112146,0.206945444977525,-0.116776653350686,0.28487794428738,-0.344073222588769,0.110519915887397,-0.149422829417997,0.177579626821206,0.560569138303593,0.921224425492646,0.606653732000547,0.326051613976085,FALSE,FALSE
"GPI",0.344728262701514,-0.0860671162647958,0.202785644120086,-0.225256253368247,0.0531220208386558,0.00605011502410097,0.922128436094052,-0.125996294616007,0.138096524664209,-0.0800170012406948,0.211361468144537,0.562486047490285,0.534031458180602,0.975019928083225,0.370542439350414,FALSE,FALSE
"CD53",0.344888705283084,0.285056037265909,0.231957146573858,-0.208243641689064,0.778355716220881,0.014965645957179,0.945599179796694,-0.453019520401084,0.482950812315442,0.300021683223088,0.187764408963063,0.562486047490285,0.565617177017573,0.982196074632309,0.33995044281507,FALSE,FALSE
"F12",0.345423627047113,-0.0588375578999129,0.620308283790735,-0.310934213524476,0.19325909772465,0.16354346460917,0.162051482657484,-0.0756164220762449,0.402703351294585,0.104705906709257,0.358955314465473,0.562855463715162,0.855032188759888,0.441408889328222,0.553756085291199,FALSE,FALSE
"THBD",0.346365930952986,0.168785568276157,0.285474299806397,-0.160169611810635,0.497740748362949,0.0414968603511529,0.77697617218881,-0.270577424804386,0.353571145506692,0.21028242862731,0.16778673170009,0.563887443344513,0.62845669137114,0.932029289550016,0.313098962528287,FALSE,FALSE
"TNFAIP3",0.347119077106214,0.327073995530966,0.173743930457799,-0.165705009115273,0.819853000177205,-0.249621802999423,0.267279378420534,-0.717113014337266,0.217869408338421,0.0774521925315436,0.724391225969483,0.56460990705779,0.51060011768999,0.586279886559465,0.861808335980643,FALSE,FALSE
"ITGB8",0.34803637501553,0.0657267538438013,0.826745459748388,-0.574412958442539,0.705866466130142,0.323065590549798,0.268967558743651,-0.284224262915114,0.930355444014711,0.3887923443936,0.188330077663243,0.565597848978933,0.947144286334008,0.587160041515746,0.340379781292741,FALSE,FALSE
"BCL6B",0.348489842288141,0.124831008710146,0.183707906741584,-0.0679601701963825,0.317622187616674,-0.0224040097282032,0.794082740633631,-0.205301781168295,0.160493761711889,0.102426998981943,0.245831429223322,0.56583092720272,0.522222632092508,0.936052175779291,0.417341728681454,FALSE,FALSE
"RET",0.351099536572159,-0.186566199552475,0.200434424101124,-0.486602115280684,0.113469716175734,0.0186798411755176,0.888672818609814,-0.265959220891126,0.303318903242161,-0.167886358376957,0.223003637259469,0.56956147043928,0.534031458180602,0.962509135883033,0.386231859527393,FALSE,FALSE
"IFNAR1",0.351841800448857,-0.0134437458295249,0.914516408101478,-0.280632881405271,0.253745389746221,-0.142238175658532,0.244938620420271,-0.395716045999796,0.111239694682733,-0.155681921488056,0.205639293030481,0.570258690780786,0.97375944269851,0.558068642031205,0.363496291575405,FALSE,FALSE
"IL18R1",0.352453646684672,0.101269707335554,0.393980203768867,-0.148286801519651,0.350826216190759,0.0623173084444529,0.57689215548149,-0.174432783426275,0.299067400315181,0.163587015780007,0.15805816715077,0.57031906048937,0.71729533161934,0.859408585519564,0.29860885615958,FALSE,FALSE
"MYCN",0.352504054921649,-0.0697296758397823,0.552509178330395,-0.318328043093826,0.178868691414261,0.161798304654992,0.160799780642069,-0.0740428142815463,0.397639423591531,0.0920686288152101,0.41165681359744,0.57031906048937,0.822218001645546,0.439310777951762,0.606354870714551,FALSE,FALSE
"FOS",0.353419391738035,-0.536593655865353,0.315297392212999,-1.65220395947697,0.579016647746265,0.71541410700833,0.166544030602709,-0.342946755161075,1.77377496917773,0.178820451142976,0.719186781446163,0.571114381488708,0.657620275187111,0.445849301835477,0.856733600613086,FALSE,FALSE
"OSM",0.353621507442324,-0.141830451843142,0.158441863401714,-0.347299624041449,0.063638720355165,0.0777428027215956,0.40190184265402,-0.117182369207203,0.272667974650395,-0.0640876491215465,0.487481807338147,0.571114381488708,0.487475521115764,0.741029007985866,0.675003261299027,FALSE,FALSE
"USP9Y",0.354690256592977,-0.137082720025651,0.360582780255266,-0.451296272995362,0.17713083294406,-0.0670145732867118,0.633088493440838,-0.365103723010187,0.231074576436764,-0.204097293312363,0.161565942283987,0.57233396841926,0.699076723215886,0.884117728141821,0.302927061150807,FALSE,FALSE
"MYCT1",0.358114035975966,-0.122268186492823,0.17063616991854,-0.305041924388829,0.0605055514031837,0.0381373493636542,0.640396414674388,-0.135257043100549,0.211531741827858,-0.0841308371291686,0.311257302781066,0.577348158706835,0.507184055539635,0.884117728141821,0.500479804031229,FALSE,FALSE
"EPCAM",0.358670991062818,-0.386839247932661,0.189393794486327,-0.99264472897728,0.218966233111958,0.31633582296869,0.253571166773394,-0.258381718765798,0.891053364703177,-0.0705034249639714,0.793787516626048,0.577664277621415,0.524953218816762,0.566422740956479,0.89585589191159,FALSE,FALSE
"CD40LG",0.358943173053526,-0.205736753522719,0.169365777853255,-0.512294727089434,0.100821220043997,0.0676493578770928,0.621468110085445,-0.223177071529861,0.358475787284047,-0.138087395645626,0.321290782812307,0.577664277621415,0.505053177421881,0.882242007301039,0.509031341664005,FALSE,FALSE
"AMH",0.359486039763851,-0.0893058956904491,0.48744310942885,-0.360908732937013,0.182296941556115,-0.0870652491083556,0.475741501402861,-0.344730324507303,0.170599826290591,-0.176371144798805,0.161671757567609,0.578028213717205,0.785851302745275,0.792206770539081,0.302927061150807,FALSE,FALSE
"APOC3",0.360242027128274,-0.115754925300634,0.463636157857425,-0.44890898557443,0.217399134973163,-0.100612877456334,0.501140737302143,-0.416670570115799,0.215444815203131,-0.216367802756967,0.161623517128805,0.578529999174435,0.770615653997997,0.807311704428103,0.302927061150807,FALSE,FALSE
"RAC3",0.360460793614175,-0.128200130018337,0.20573544825929,-0.336980156304692,0.0805798962680179,0.0131705109446302,0.887209536423162,-0.184895612959782,0.211236634849042,-0.115029619073707,0.229755170896769,0.578529999174435,0.537204957257407,0.961854066936112,0.393859599327525,FALSE,FALSE
"ETV4",0.360749117293428,-0.215094505375191,0.162108414671719,-0.529687076158289,0.099498065407907,0.100740819792591,0.476192234126779,-0.197707897800108,0.399189537385291,-0.1143536855826,0.420121104752271,0.578529999174435,0.492259329078017,0.792206770539081,0.61485245883953,FALSE,FALSE
"SLAMF7",0.362843131119574,0.145205500129167,0.28122988940231,-0.13518455252419,0.425595552782525,0.0277630671512516,0.823935683235607,-0.238238292740493,0.293764427042996,0.172968567280419,0.181980879906454,0.581213257651107,0.622869597280602,0.94865586882984,0.331783322506772,FALSE,FALSE
"PTTG1",0.363498148261715,-0.0654629289963426,0.475500847775919,-0.259089111462106,0.128163253469421,0.125099269803017,0.163633999021944,-0.0585906555675344,0.308789195173568,0.0596363408066739,0.492847033000917,0.581213257651107,0.780389500804191,0.442815049310988,0.680005396872923,FALSE,FALSE
"CD207",0.363597926840931,-0.176554316282157,0.187205803629564,-0.451575230828876,0.098466598264561,0.138913050545246,0.268589476106807,-0.121994697699804,0.399820798790295,-0.0376412657369116,0.758662063002164,0.581213257651107,0.524851952743628,0.587113596876235,0.879185258252307,FALSE,FALSE
"HDAC4",0.363696186431542,-0.0905502236159558,0.19505280906257,-0.234309278423259,0.0532088311913474,0.0753642935214005,0.251799119189953,-0.0610175207178166,0.211746107760618,-0.0151859300945554,0.812406224613738,0.581213257651107,0.53050875788255,0.566422740956479,0.906814287412888,FALSE,FALSE
"GZMH",0.364127102401438,-0.121504502221504,0.393574551945455,-0.420660324996634,0.177651320553625,-0.0710392959298477,0.595483754127955,-0.354843428511173,0.212764836651477,-0.192543798151352,0.165118354705046,0.581392792548227,0.71729533161934,0.86735283506159,0.308435002391718,FALSE,FALSE
"NRDE2",0.368365325146634,-0.0586094734576379,0.589626875853692,-0.289033736074439,0.171814789159163,-0.0871695264670573,0.401982859126579,-0.305769175877222,0.131430122943107,-0.145778999924695,0.171869066009862,0.58764573286067,0.845202009705462,0.741029007985866,0.319085498950151,FALSE,FALSE
"PAK5",0.368753993729795,-0.0897977887916217,0.564080593067126,-0.419640586628946,0.240045009045703,-0.119706528977655,0.420839972543861,-0.432622882268176,0.193209824312867,-0.209504317769276,0.170304447563382,0.587751998739629,0.825419760226923,0.755194640995621,0.316825297454814,FALSE,FALSE
"CCL18",0.369652833720361,-0.0306321287257246,0.940000129703657,-0.898965419893167,0.837701162441717,0.48743944284214,0.221612667963236,-0.336333847629647,1.31121273331393,0.456807314116415,0.25023507067173,0.588670524903716,0.981363155148943,0.526942904477647,0.422850929607322,FALSE,FALSE
"GTF2H3",0.372327948869981,-0.129932659051604,0.178589397691983,-0.32807895564506,0.0682136375418531,0.0410203335962918,0.642998448564639,-0.146957748552484,0.228998415745068,-0.0889123254553118,0.323070157490223,0.592136473542938,0.516522425971266,0.884117728141821,0.510197000754919,FALSE,FALSE
"BMP5",0.372478176234133,-0.160364756906557,0.275018223442695,-0.465846747739701,0.145117233926587,-0.0233420139242006,0.863621363363304,-0.313147676482825,0.266463648634424,-0.183706770830758,0.19241335991437,0.592136473542938,0.620862231733459,0.954515062421217,0.345624391578471,FALSE,FALSE
"PTPRR",0.373002137146612,0.0507827890026218,0.750955842302217,-0.289920710250359,0.391486288255602,0.154594715119499,0.317898046453897,-0.16862500420917,0.477814434448167,0.20537750412212,0.191426711934338,0.592453350994401,0.911839262941813,0.646782535984795,0.344190885990313,FALSE,FALSE
"FOXJ1",0.373572421723753,0.0689470374886401,0.637538781820954,-0.241840596825941,0.379734671803221,0.124312837908117,0.376373611439749,-0.170526200006757,0.419151875822991,0.193259875396757,0.178752082300802,0.592843190996391,0.86252568408927,0.715501917580772,0.327204162687024,FALSE,FALSE
"IBSP",0.373976971464185,-0.125045772826586,0.170596973846867,-0.31195305407835,0.0618615084251778,0.0703173883945364,0.404504966837887,-0.106998427613042,0.247633204402115,-0.0547283844320498,0.514013588391733,0.592969568133917,0.507184055539635,0.742677630260708,0.693842306815764,FALSE,FALSE
"DEFB134",0.374758809581957,-0.169416699619967,0.225398046395818,-0.458235616546095,0.119402217306161,0.00920026778423644,0.942884147447298,-0.26479741486462,0.283197950433093,-0.16021643183573,0.226774133302312,0.593693426638083,0.563495115989545,0.982196074632309,0.39006860817787,FALSE,FALSE
"RSAD2",0.375489184063162,0.227041462165157,0.192915052993785,-0.131561020914879,0.585643945245194,-0.0505648258022957,0.751631797856148,-0.390765012139769,0.289635360535177,0.176476636362861,0.280458191673037,0.594334571478986,0.529254788142633,0.92880388948863,0.462363324122215,FALSE,FALSE
"IL1R1",0.378255213709257,0.299976839049152,0.193489208168591,-0.17448105719849,0.774434735296795,-0.0689445832105347,0.744339432733565,-0.519054865008857,0.381165698587787,0.231032255838618,0.285310443455898,0.597694203496016,0.529254788142633,0.927302341415545,0.467888246372293,FALSE,FALSE
"DMBT1",0.378563258931155,0.176452821415693,0.177953691172143,-0.0922110296928215,0.445116672524207,-0.063655247903088,0.596300165563773,-0.318532156239665,0.191221660433489,0.112797573512605,0.353951301900072,0.597694203496016,0.516320328122673,0.86735283506159,0.548819988077851,FALSE,FALSE
"PHF6",0.378594246159668,-0.11459315002009,0.181670757059501,-0.29068642150326,0.0615001214630804,0.0777264211741378,0.330713321335523,-0.0893303243810206,0.244783166729296,-0.036866728845952,0.639285727021642,0.597694203496016,0.520787957601162,0.658299744307237,0.798718730479857,FALSE,FALSE
"MIA",0.379808550724756,-0.0747998815960753,0.764812149460504,-0.607312849859574,0.457713086667424,0.316583858244123,0.197179224077012,-0.188602300742761,0.821770017231008,0.241783976648048,0.317599856855541,0.599093003520034,0.920578585818972,0.494302313105148,0.505776386353719,FALSE,FALSE
"CCL27",0.381060976294801,-0.0278048854217697,0.827002678839871,-0.299017998475826,0.243408227632286,-0.129558700150748,0.294116483205189,-0.386854050717417,0.127736650415921,-0.157363585572518,0.207421987877332,0.600549466095002,0.947144286334008,0.619103323932491,0.365744084904473,FALSE,FALSE
"CTSG",0.381510069776533,-0.120255280151155,0.486275757488237,-0.484984184143645,0.244473623841335,-0.109222646189437,0.504676899973272,-0.455234865723382,0.236789573344508,-0.229477926340592,0.17405940529233,0.600738461900063,0.785245541940711,0.808917457033103,0.321842365408817,FALSE,FALSE
"IKBKE",0.38348649958619,0.0608006625818013,0.549858276430992,-0.154503715279465,0.276105040443067,0.0734729846788023,0.448384787300456,-0.130782682595337,0.277728651952942,0.134273647260604,0.177586468105331,0.60260045751602,0.822218001645546,0.779335463641268,0.326051613976085,FALSE,FALSE
"TNFRSF10C",0.38364774667315,-0.116294776995708,0.400392322107906,-0.406919831218281,0.174330277226865,-0.0652833442446575,0.615295059918654,-0.340994479180638,0.210427790691323,-0.181578121240366,0.176854824553353,0.60260045751602,0.720627206949634,0.877962067514889,0.325362958477692,FALSE,FALSE
"PLA1A",0.383683140621159,-0.187574348700835,0.177816165505718,-0.473073830863786,0.0979251334621156,0.111506050152804,0.387361557398401,-0.159342540177258,0.382354640482866,-0.0760682985480314,0.55200643750758,0.60260045751602,0.516320328122673,0.726551739210773,0.728952061108057,FALSE,FALSE
"MPPED1",0.384890675761452,-0.180468638676208,0.252606974392398,-0.507639687796422,0.146702410444006,-0.00551280757960335,0.969766956606226,-0.315894517485614,0.304868902326408,-0.185981446255811,0.216181720586289,0.60349049369876,0.593817368435258,0.989507153788829,0.377181300258104,FALSE,FALSE
"HSD11B1",0.384952771678762,0.190936220904464,0.218480526964846,-0.129418541494267,0.511290983303196,-0.022090618207044,0.876798484344582,-0.326005830745661,0.281824594331573,0.16884560269742,0.249398375536767,0.60349049369876,0.553787446820617,0.956743776661742,0.421866905778572,FALSE,FALSE
"CCL3",0.385241876799483,-0.126022524212807,0.313841390079806,-0.387209000438831,0.135163952013218,-0.0318109399510959,0.784454945325906,-0.279594187623393,0.215972307721201,-0.157833464163902,0.190408332121758,0.60349049369876,0.656501433353412,0.933307578267987,0.343374709606925,FALSE,FALSE
"MLF1",0.386652815874386,-0.0446316979488283,0.644470815346225,-0.250077719583135,0.160814323685478,0.125300571243449,0.186620150598045,-0.0696026381319422,0.320203780618841,0.0806688732946209,0.384909699660134,0.604267525632536,0.86252568408927,0.476338146631375,0.578776433128865,FALSE,FALSE
"TPO",0.386713589150394,-0.168371994745848,0.25214165733533,-0.473296590320495,0.136552600828799,-0.00404091255325462,0.97621979033726,-0.29331778353973,0.285235958433221,-0.172412907299103,0.218481594537369,0.604267525632536,0.593817368435258,0.992873050298508,0.380466517204866,FALSE,FALSE
"LRP5",0.386731216404823,-0.0827582065688195,0.653495825730118,-0.474449156449985,0.308932743312346,-0.155587371292653,0.379582846221341,-0.527178033442456,0.216003290857149,-0.238345577861473,0.187555115540629,0.604267525632536,0.86547886934504,0.718645193011556,0.339908724788131,FALSE,FALSE
"HLA-G",0.391016311028252,-0.15342985250619,0.320583602650473,-0.476076903712202,0.169217198699822,-0.04022771358326,0.779494110963114,-0.346317582227653,0.265862155061133,-0.19365756608945,0.193207252472312,0.6104403486968,0.66417699079098,0.932029289550016,0.34636860094496,FALSE,FALSE
"HRAS",0.391557607651888,-0.0905689322323131,0.229215732647238,-0.246324943415008,0.0651870789503817,0.00772986094716976,0.911139088120277,-0.140033265432822,0.155492987327161,-0.0828390712851434,0.245356123692038,0.610749439058074,0.564532674873426,0.970746305708606,0.416922649662914,FALSE,FALSE
"TCF7L1",0.391883612677811,-0.116767008372974,0.301656769397967,-0.352480893174857,0.118946876428909,-0.0226339046317014,0.829163787797682,-0.246251730261851,0.200983920998448,-0.139400913004675,0.199372747793448,0.610749439058074,0.644707980835197,0.949390442471504,0.355327406956097,FALSE,FALSE
"EGR1",0.394104620405952,-0.777283785655869,0.187309541579779,-1.98837538602185,0.433807814710115,0.497598710827267,0.363971250613318,-0.651343662849209,1.64654108450374,-0.279685074828602,0.605521284604658,0.613597894755901,0.524851952743628,0.703311501707642,0.774948348109048,FALSE,FALSE
"PLCG2",0.394904146662058,0.100786374348622,0.307091082162153,-0.105073901284906,0.306646649982151,-0.121523046298384,0.200139595334121,-0.316819251523987,0.0737731589272193,-0.0207366719497616,0.820942429414767,0.613597894755901,0.651675842960384,0.498301175286181,0.912992037588025,FALSE,FALSE
"C5AR1",0.394986421248463,0.0789084374903017,0.597470887952408,-0.238064531953153,0.395881406933756,0.114151823159384,0.424321222133413,-0.186555138885097,0.414858785203865,0.193060260649686,0.187171115425561,0.613597894755901,0.848028602644706,0.755917418632061,0.339549985737225,FALSE,FALSE
"C3AR1",0.395056178815443,0.205039507390396,0.196118005229088,-0.121318949493296,0.531397964274088,-0.146909606947441,0.321596426529925,-0.456520424170539,0.162701210275656,0.0581299004429551,0.689691036895665,0.613597894755901,0.532524165583677,0.649240573470258,0.836336307199062,FALSE,FALSE
"SERPINB2",0.398450715128934,-0.0421961450303284,0.851929304252205,-0.52423702323892,0.439844733178263,0.270342603505915,0.22201568265591,-0.186961526628178,0.727646733640007,0.228146458475586,0.298389864621439,0.618026786924881,0.958551775746161,0.526942904477647,0.483624780580928,FALSE,FALSE
"FOSL1",0.398584946964704,-0.127593635589457,0.338633871258923,-0.406546498421609,0.151359227242694,0.166758157875359,0.194879861395849,-0.0978797640368798,0.431396079787597,0.0391645222859012,0.752661340633989,0.618026786924881,0.68288045861606,0.490559651099895,0.878336843421427,FALSE,FALSE
"KRT14",0.39920790075807,-0.228109275588975,0.185210182325356,-0.581707211401411,0.125488660223461,0.101709116470659,0.521339168209187,-0.233743339459737,0.437161572401055,-0.126400159118316,0.427662439182942,0.618133716198929,0.524044314331434,0.817631290389754,0.622905364242549,FALSE,FALSE
"ADH1C",0.399331315834815,-0.406692161627917,0.280826460068341,-1.19131797537452,0.37793365211869,-0.0410214475840137,0.906411876557088,-0.785382852304714,0.703339957136686,-0.447713609211931,0.214555789833372,0.618133716198929,0.622731822144255,0.970746305708606,0.374865756417767,FALSE,FALSE
"PDCD1LG2",0.40009337905538,-0.138262483771416,0.202543649303598,-0.361734431467092,0.0852094639242591,0.102431671297653,0.313209277594632,-0.109572433064052,0.314435775659359,-0.035830812473763,0.719107353795027,0.618788488793279,0.534031458180602,0.642977425883243,0.856733600613086,FALSE,FALSE
"CD1A",0.401423245580423,-0.0612208415835414,0.632424509435232,-0.333002429729155,0.210560746562073,0.162915282957519,0.193746517764705,-0.0949193704338681,0.420749936348907,0.101694441373978,0.406981129078671,0.620319579326225,0.86252568408927,0.488380379724566,0.60238488286178,FALSE,FALSE
"OASL",0.402315609563062,-0.00302582133841994,0.986306062754566,-0.379221183115836,0.373169540438997,0.196704157519973,0.252966560327074,-0.160186099002332,0.553594414042279,0.193678336181553,0.259944376031322,0.62117257821708,0.996523710494919,0.566422740956479,0.435878842853371,FALSE,FALSE
"CD48",0.404507033950103,0.139818223651226,0.19167960834317,-0.0803601581705091,0.359996605472961,-0.0861012481379164,0.386788118435479,-0.294980801563986,0.122778305288153,0.0537169755133097,0.585570752436765,0.623727958799889,0.529221308965636,0.726222547474021,0.760616813663414,FALSE,FALSE
"KEAP1",0.404654193544695,-0.000382167117727503,0.99475589682684,-0.124461979555246,0.123697645319791,-0.0639716305099816,0.259301476394649,-0.181684076194696,0.0537408151747331,-0.0643537976277091,0.256617069247588,0.623727958799889,0.997721336981335,0.575000236233578,0.431239550070763,FALSE,FALSE
"IL11",0.405875616214268,-0.00661249137849552,0.958719199933462,-0.279209196580686,0.265984213823695,0.143915784877401,0.248647466020974,-0.114692156451517,0.402523726206318,0.137303293498905,0.269863038837311,0.624491288617014,0.988547709677612,0.564047931632003,0.447320659289821,FALSE,FALSE
"E2F5",0.405905756959515,-0.1294534209679,0.247814047459978,-0.361639922980546,0.102733081044746,0.00581780052815586,0.955056842738473,-0.214453655964014,0.226089257020325,-0.123635620439744,0.244826557375741,0.624491288617014,0.588115262177452,0.98580144970765,0.416595685568892,FALSE,FALSE
"SH2B2",0.406276141443806,-0.108512219118214,0.230680441574323,-0.295751053972061,0.0787266157356325,0.0133105322020136,0.873025651677066,-0.164319823170269,0.190940887574296,-0.0952016869162006,0.265589006437835,0.624491288617014,0.565617177017573,0.956743776661742,0.442648344063059,FALSE,FALSE
"CD79A",0.406526870064365,-0.128690643087745,0.38846303376793,-0.442030693746566,0.184649407571076,0.188222100017346,0.192875419799203,-0.10903837265298,0.485482572687671,0.0595314569296003,0.670334212006634,0.624491288617014,0.714662335308944,0.487277477569397,0.822150495236631,FALSE,FALSE
"MUTYH",0.407048632932149,-0.14181564255614,0.18920011178277,-0.363799941603167,0.0801686564908859,0.067455109657159,0.498542153190782,-0.143137687278205,0.278047906592524,-0.0743605328989813,0.456567674273502,0.624491288617014,0.524953218816762,0.807311704428103,0.650457459445075,FALSE,FALSE
"RBP4",0.408424763436699,-0.2617990326625,0.37340964650491,-0.878747998826486,0.355149933501486,-0.105973409865624,0.700133803073115,-0.691262589814929,0.479315770083682,-0.367772442528124,0.196054695508196,0.624491288617014,0.705046431043294,0.908446659254916,0.35009767055035,FALSE,FALSE
"TRAF1",0.408500919778909,0.16710651032323,0.218291271075843,-0.113143614032721,0.44735663467918,-0.0324181546827279,0.795003217785151,-0.298286766935798,0.233450457570342,0.134688355640502,0.29133057366366,0.624491288617014,0.553787446820617,0.936052175779291,0.473469926954688,FALSE,FALSE
"SIGLEC5",0.408593375489767,-0.126384370899157,0.307510875007552,-0.384763943066062,0.131995201267749,-0.022036266632563,0.847985915561126,-0.267156651304744,0.223084118039618,-0.14842063753172,0.211696836270033,0.624491288617014,0.651808765259909,0.953293645501921,0.37077420939809,FALSE,FALSE
"TNFRSF9",0.408636944679882,-0.0282557179238066,0.812148197707895,-0.281658652527036,0.225147216679423,0.142393183160003,0.221170213569878,-0.0980059485750677,0.382792314895073,0.114137465236196,0.321317318135306,0.624491288617014,0.941060610042482,0.526939477500035,0.509031341664005,FALSE,FALSE
"RELB",0.408708473036567,0.116848929258846,0.429763815739285,-0.194708935062516,0.428406793580207,0.0710900580392093,0.609790108772496,-0.224479684218754,0.366659800297173,0.187938987298055,0.191139756931851,0.624491288617014,0.746259718101042,0.87300634107145,0.344190885990313,FALSE,FALSE
"MAP2K1",0.408913473916346,-0.104833586774545,0.196406781277508,-0.271811397274531,0.0621442237254412,0.0672259397369231,0.37336915427454,-0.0911831202294572,0.225634999703304,-0.0376076470376215,0.614370074436595,0.624491288617014,0.532524165583677,0.713035727927523,0.781886601008917,FALSE,FALSE
"NFATC2",0.410855804826764,0.0482112094560207,0.590425136031047,-0.141744578499682,0.238166997411723,-0.113344479840013,0.195654058883884,-0.293552363241613,0.0668634035615872,-0.0651332703839921,0.446267019486795,0.62693297977328,0.845202009705462,0.491510235946945,0.641289220916064,FALSE,FALSE
"MIB1",0.41152191991411,-0.135410463687407,0.194923289315547,-0.350323416902364,0.07950248952755,0.0813191905482966,0.401884035833566,-0.122565138701445,0.285203519798038,-0.0540912731391104,0.57391994960417,0.62742481524081,0.53050875788255,0.741029007985866,0.749752260578103,FALSE,FALSE
"FAM30A",0.411990056086042,-0.152921696171934,0.199723959261528,-0.39843433247504,0.0925909401311712,0.0525072504849636,0.632156748500327,-0.180406487036143,0.28542098800607,-0.100414445686971,0.366081822066323,0.62761423402089,0.534031458180602,0.884117728141821,0.560016198886034,FALSE,FALSE
"CD14",0.414053303486104,0.347564462398069,0.19803325770656,-0.208193976460236,0.903322901256374,-0.131134880536134,0.597796231535105,-0.658373629231636,0.396103868159368,0.216429581861935,0.388697662768709,0.630231258433812,0.533841499725956,0.86735283506159,0.580705960353512,FALSE,FALSE
"NTRK2",0.416314536900115,-0.11245187411134,0.459543563038425,-0.433087105147312,0.208183356924631,-0.0792142953967851,0.580900987879628,-0.383395583847179,0.224966993053609,-0.191666169508125,0.194900956677313,0.633145024868925,0.768010075590774,0.85946562210468,0.348719848956958,FALSE,FALSE
"COL11A2",0.420498282277648,-0.105508121885815,0.302394537860235,-0.318834499595633,0.107818255824002,-0.0134174671170606,0.887540958202966,-0.21579663868398,0.188961704449859,-0.118925589002876,0.224616984190723,0.638975324859873,0.644707980835197,0.961854066936112,0.388187496352338,FALSE,FALSE
"LAT",0.42168828116317,-0.0176339271543795,0.857318167787007,-0.226787609727601,0.191519755418842,0.113331589237379,0.237084935171255,-0.0850890161455953,0.311752194620353,0.0956976620829995,0.314036566815563,0.640250510085512,0.960102108840201,0.550849588942589,0.503175359471819,FALSE,FALSE
"WNT4",0.422190735695203,0.128242161257905,0.39534446408017,-0.188724069242597,0.445208391758407,0.0576305477596803,0.683629438423335,-0.243070021162175,0.358331116681536,0.185872709017585,0.202931734747098,0.640480542513505,0.71729533161934,0.90276680544326,0.359563510595586,FALSE,FALSE
"ITGAX",0.422981374911981,0.163111987356635,0.438598503998003,-0.280466643186879,0.606690617900149,0.0988797529314091,0.617970175823119,-0.321935885237343,0.519695391100161,0.261991740288044,0.199916599023579,0.641147017619904,0.752403611908276,0.878345460184729,0.355949066554178,FALSE,FALSE
"TAPBPL",0.424170926694165,0.0469678055858419,0.622906350832185,-0.155792575492087,0.249728186663771,-0.118064597114822,0.205915074569632,-0.31041998414981,0.0742907899201667,-0.0710967915289798,0.436304960526987,0.642416548727677,0.856672260941023,0.50510082135696,0.63144849560805,FALSE,FALSE
"EIF2AK2",0.426076330550901,0.137741414951074,0.225361150161455,-0.0970580920539533,0.3725409219561,-0.0300318526485742,0.773964777160579,-0.252782223334738,0.192718518037589,0.107709562302499,0.312840361062408,0.643923218272536,0.563495115989545,0.931951317783014,0.502582446249026,FALSE,FALSE
"TPR",0.426779596871888,-0.0965281335577341,0.204868346374704,-0.253407035646145,0.0603507685306769,0.0587205936784592,0.406825148033076,-0.0901078005493182,0.207548987906237,-0.0378075398792749,0.590089504228746,0.643923218272536,0.536419988714253,0.742701300779471,0.764853228137401,FALSE,FALSE
"PRKX",0.426908743296436,0.148450447349031,0.241936563523094,-0.114318495648543,0.411219390346606,-0.128700867816481,0.282636956164234,-0.377985375284667,0.120583639651706,0.0197495795325508,0.865830001085953,0.643923218272536,0.580202665479168,0.603995837236215,0.934441012407963,FALSE,FALSE
"HOXA11",0.427295987969198,-0.190332517796527,0.201428903129588,-0.497150870639417,0.116485835046362,0.094028274984063,0.494962153535657,-0.197045171893356,0.385101721861482,-0.0963042428124643,0.484791167240348,0.643923218272536,0.534031458180602,0.805085499289281,0.673907153725167,FALSE,FALSE
"STAT4",0.427385029366169,0.127948591544917,0.202203403715906,-0.0786861287338787,0.334583311823712,-0.0700593867741958,0.451247863990226,-0.266090294700029,0.125971521151637,0.057889204770721,0.532056835485817,0.643923218272536,0.534031458180602,0.78207725715305,0.710837280206161,FALSE,FALSE
"ESR1",0.427727034424433,-0.148782093869089,0.238409949714261,-0.4100511688294,0.112486981091221,0.0227631870581412,0.844754545361987,-0.225098420653813,0.270624794770095,-0.126018906810948,0.289674949617489,0.643923218272536,0.576288951296062,0.952559957253786,0.473282706402792,FALSE,FALSE
"MR1",0.42784558451293,0.0635733753551703,0.510534318131704,-0.140676246162116,0.267822996872456,0.0564844530206433,0.537262917357668,-0.137283751545945,0.250252657587231,0.120057828375814,0.201936137550369,0.643923218272536,0.794987312790409,0.829605555211028,0.358495574931345,FALSE,FALSE
"MAGEC2",0.427988418501143,-0.150485270344685,0.208800433133384,-0.397333453258472,0.0963629125691015,0.0530674274507147,0.630404056928838,-0.181113320833713,0.287248175735142,-0.0974178428939705,0.382577330438901,0.643923218272536,0.538982730506968,0.884117728141821,0.577983135803803,FALSE,FALSE
"NKX3-1",0.42991595942917,-0.142062631583853,0.203537564103324,-0.372218644354225,0.0880933811865198,0.0765639715831119,0.459618863725048,-0.141781193678041,0.294909136844265,-0.0654986600007406,0.52569913527957,0.646290466192945,0.53471259696384,0.78234741284597,0.703889157656064,FALSE,FALSE
"CYP19A1",0.430787420661866,-0.095673894486902,0.50844844792813,-0.401517594789185,0.210169805815381,-0.0833473811031683,0.543114784279458,-0.373496191393911,0.206801429187574,-0.17902127559007,0.203706333545532,0.646614922413236,0.794450699887704,0.832180785684593,0.360585895946262,FALSE,FALSE
"CD8A",0.430840408577806,0.00690244556743639,0.96301782801352,-0.310753817499778,0.324558708634651,-0.161399660516945,0.265905869977736,-0.462754851809952,0.139955530776062,-0.154497214949509,0.285851074319364,0.646614922413236,0.989030689997002,0.585790817691142,0.468292828216194,FALSE,FALSE
"MMRN2",0.432125396558167,0.0774304270086608,0.510316066576236,-0.171208594420348,0.32606944843767,-0.145244692550127,0.20455647555094,-0.381124379423452,0.0906349943231972,-0.0678142655414664,0.542786264595028,0.648010557698155,0.794987312790409,0.503120711429198,0.72042540573522,FALSE,FALSE
"ACVR1C",0.433768742285321,-0.161511158658054,0.218281592444643,-0.432371385171234,0.109349067855127,0.0483686740401942,0.688940689638423,-0.20859189895904,0.305329247039428,-0.113142484617859,0.3563116191152,0.648825478783011,0.553787446820617,0.906500907418978,0.55107517363156,FALSE,FALSE
"AURKB",0.433980965342408,-0.0469653545474516,0.63243421707534,-0.255467654707448,0.161536945612544,0.119547350416989,0.212491638955051,-0.0782552993499139,0.317350000183893,0.0725819958695377,0.439541815539923,0.648825478783011,0.86252568408927,0.514319948399162,0.634832234309745,FALSE,FALSE
"KIR2DS2",0.434060228502863,-0.118772803371747,0.478428273159693,-0.472472129933509,0.234926523190014,-0.0872623151361254,0.581416333573747,-0.422810958776983,0.248286328504732,-0.206035118507873,0.205748859834188,0.648825478783011,0.781675558206303,0.85946562210468,0.363496291575405,FALSE,FALSE
"HDAC1",0.434090909366606,-0.067555199076169,0.555918005254286,-0.310514074469728,0.17540367631739,0.141044688524903,0.207196741379851,-0.0894463386741021,0.371535715723908,0.0734894894487339,0.50047929288351,0.648825478783011,0.822999350123847,0.506882108603522,0.684175812368843,FALSE,FALSE
"DKK2",0.435304283051097,-0.0274976197018057,0.804875226864398,-0.264708142950196,0.209712903546585,0.128879190526773,0.235902207734524,-0.0961584710007979,0.353916852054345,0.101381570824968,0.345685391939258,0.650106642036212,0.936796740451228,0.549835924796305,0.539671377492853,FALSE,FALSE
"CXCL8",0.436352388336455,0.432024127931351,0.219326093272458,-0.294250731623776,1.15829898748648,-0.1314889870861,0.684893810716825,-0.820493816140031,0.557515841967831,0.30053514084525,0.360673266222259,0.65113909134426,0.554419752045396,0.903782505103548,0.555467266544829,FALSE,FALSE
"BRCA2",0.436939058762878,-0.169176225856545,0.272510093647833,-0.48967500742474,0.15132255571165,0.00477639377739958,0.97325865764238,-0.299275447341887,0.308828234896686,-0.164399832079145,0.26160083235371,0.651481848237134,0.618722474320294,0.991734813063843,0.437647277610114,FALSE,FALSE
"SYCP1",0.441820837481485,-0.146111254147627,0.246007487165966,-0.407116431271473,0.114893922976219,0.0235775502148372,0.839124539332082,-0.224033702027272,0.271188802456946,-0.12253370393279,0.30213515818464,0.658222880329559,0.585350279110675,0.95117373615336,0.488826829509724,FALSE,FALSE
"FASLG",0.442255506464662,-0.147480503786023,0.243133791153634,-0.409236857572239,0.114275850000193,0.0262035207108931,0.822032786514881,-0.222120360284691,0.274527401706478,-0.12127698307513,0.308230351788233,0.658333033685162,0.58189291482889,0.9482995166812,0.496926141354704,FALSE,FALSE
"TLR6",0.44370067418721,0.0858934953865134,0.347926646166818,-0.105687754217827,0.277474744990854,0.0199095550935174,0.815384760083757,-0.161840376625767,0.201659486812802,0.105803050480031,0.228722436220373,0.65994599053925,0.688159003081633,0.946993152881904,0.392679629447019,FALSE,FALSE
"IL12RB1",0.444359041583782,-0.114581863481733,0.285282716123725,-0.337803325537585,0.108639598574119,-0.000302082923698502,0.997571205417197,-0.212068555742502,0.211464389895105,-0.114883946405431,0.260094279379354,0.660387012125735,0.62845669137114,0.999141345183972,0.435878842853371,FALSE,FALSE
"CD3G",0.445481675368344,0.100717964238909,0.376779285754126,-0.138369995186136,0.339805923663953,0.0330466961618285,0.756361197336127,-0.19377205770969,0.259865450033347,0.133764660400737,0.223062125995546,0.661025415362281,0.706424758202714,0.931416454209468,0.386231859527393,FALSE,FALSE
"KLRK1",0.445712969146252,0.125226751923483,0.275284970724195,-0.113459675955425,0.36391317980239,-0.120079070796416,0.270408345869966,-0.346516898396475,0.106358756803642,0.00514768112706635,0.96131051998315,0.661025415362281,0.620862231733459,0.588838755866689,0.9867219904214,FALSE,FALSE
"GLUL",0.445875225375873,-0.124868572071535,0.308435794578411,-0.380660038813901,0.130922894670831,-0.0107547261211349,0.924667200060023,-0.253419818403461,0.231910366161191,-0.13562329819267,0.246734212939465,0.661025415362281,0.65189024855148,0.975227830542632,0.418485073061825,FALSE,FALSE
"NTHL1",0.447105843803985,0.0106921517866038,0.928429988043445,-0.243286608299218,0.264670911872425,0.117709798569082,0.30808750482929,-0.123235609183915,0.35865520632208,0.128401950355686,0.268174364238665,0.661838253972582,0.978205341908711,0.636760697976731,0.446142401764416,FALSE,FALSE
"TNFRSF13B",0.447148803916818,-0.174345845778047,0.227763297344552,-0.473183321695757,0.124491630139662,0.05102371045043,0.701833831120682,-0.232478411784274,0.334525832685134,-0.123322135327617,0.361940967641312,0.661838253972582,0.564532674873426,0.908446659254916,0.556480426238749,FALSE,FALSE
"IFNGR1",0.448906630855616,0.201619619484539,0.380933662890076,-0.281323502621272,0.684562741590351,0.0674299740044139,0.753977392260245,-0.390730099845739,0.525590047854567,0.269049593488953,0.224912100550723,0.663901621808346,0.70866863891375,0.929735635726315,0.388249919952381,FALSE,FALSE
"GBP2",0.4500316943089,0.00733486044063604,0.936654426439475,-0.189581591252141,0.204251312133413,0.0913763168765176,0.30751599230068,-0.0954350319557905,0.278187665708826,0.0987111773171537,0.272038089716358,0.66502659280465,0.981282622417935,0.636760697976731,0.450108353338489,FALSE,FALSE
"IL22",0.451848254163337,-0.135367696742757,0.339653185012008,-0.431966899173448,0.161231505687934,-0.024790328152024,0.850983462791244,-0.306169037713124,0.256588381409076,-0.160158024894781,0.238619011027511,0.66717076363114,0.683381906271046,0.954189240614768,0.40737108992068,FALSE,FALSE
"TNFRSF4",0.454074420613227,0.0772492735958177,0.556289402797517,-0.200839154063163,0.355337701254798,0.0796560586995673,0.523046951682918,-0.184161788001636,0.343473905400771,0.156905332295385,0.219399203423793,0.66965434893307,0.822999350123847,0.817631290389754,0.381700234745874,FALSE,FALSE
"IL19",0.454264155605009,0.0281022024830145,0.81592655606605,-0.229207343524377,0.285411748490406,0.107507866573066,0.3562007048205,-0.136597402153106,0.351613135299238,0.13561006905608,0.249421584293194,0.66965434893307,0.941491593976507,0.691559879039801,0.421866905778572,FALSE,FALSE
"CEACAM3",0.455413602050555,-0.19585801641996,0.222717251281331,-0.527702072910708,0.135986040070788,0.0776871616509811,0.600635818362962,-0.237127752299123,0.392502075601085,-0.118170854768979,0.429382125521104,0.670806960243958,0.559860858937229,0.868165967297785,0.624400302052601,FALSE,FALSE
"MNAT1",0.456331379398331,-0.0599474644136806,0.504892649904878,-0.249956273144596,0.130061344317234,-0.04716580194917,0.5791265349258,-0.227423985274664,0.133092381376324,-0.107113266362851,0.219782750398462,0.671166855892684,0.791952496016325,0.859408585519564,0.382003351883042,FALSE,FALSE
"HMGB1",0.456393462007025,0.0437136785397533,0.605317817648751,-0.135759066380361,0.223186423459867,-0.100275443443313,0.223650082670343,-0.270538239004305,0.0699873521176791,-0.0565617649035599,0.48305611852728,0.671166855892684,0.849757040486044,0.528706477815254,0.672959859780371,FALSE,FALSE
"KLRF1",0.458665632751769,-0.161403436169771,0.227679940091033,-0.43800420876093,0.115197336421387,0.0582277544420022,0.637459346313915,-0.204178778743099,0.320634287627103,-0.103175681727769,0.408399876748815,0.673491252842131,0.564532674873426,0.884117728141821,0.603909441696972,FALSE,FALSE
"TAL1",0.458712124538503,-0.157399474422908,0.256505854650259,-0.445234863050587,0.130435914204771,0.0259976669312375,0.839146191136228,-0.24706695884772,0.299062292710195,-0.13140180749167,0.315080876801601,0.673491252842131,0.597858473482404,0.95117373615336,0.503963716181351,FALSE,FALSE
"SLC7A5",0.459219727990519,-0.213727976703522,0.472909816831597,-0.842115518206572,0.414659564799528,0.352142436747491,0.222355186990684,-0.243998328579477,0.948283202074459,0.138414460043968,0.622101161615468,0.67369453664204,0.778233016877966,0.527010670464932,0.786242811598497,FALSE,FALSE
"IL10RA",0.460036570130503,0.210289643881945,0.24680607496505,-0.166033414736448,0.586612702500337,-0.046809758341065,0.779997391550995,-0.403821158723619,0.310201642041489,0.16347988554088,0.3381162018468,0.674350795572825,0.586485790118771,0.932029289550016,0.529212751604125,FALSE,FALSE
"NOG",0.460458544273397,-0.155548084718797,0.27563146244828,-0.452253213859615,0.141157044422022,0.142823296080325,0.290600005665202,-0.138655904381491,0.42430249654214,-0.0127247886384719,0.923163636416984,0.674427643097071,0.620862231733459,0.613240292963536,0.967051657520958,FALSE,FALSE
"KIR3DL2",0.463681386776138,-0.128962550190483,0.375123333996185,-0.434002234223431,0.176077133842465,0.164894463290052,0.238139184608908,-0.124491590194612,0.454280516774716,0.0359319130995686,0.79134594467378,0.678294873256277,0.705046431043294,0.551353657598948,0.895608257946358,FALSE,FALSE
"WNT3",0.463842192780183,-0.170034433682609,0.257340187065209,-0.481551937790646,0.141483070425429,0.0303647542487692,0.826628413385103,-0.265166698948908,0.325896207446446,-0.139669679433839,0.323450920478598,0.678294873256277,0.598985960836532,0.948803053099254,0.510197000754919,FALSE,FALSE
"PYCR3",0.465172355380066,-0.0731324835351,0.514651954669738,-0.310442682848123,0.164177715777924,-0.0588930422963742,0.579217841199487,-0.284025264841678,0.16623918024893,-0.132025525831474,0.225508748799576,0.679695395171034,0.798152321324515,0.859408585519564,0.388257987320025,FALSE,FALSE
"CDH5",0.467194553783669,0.16515382561888,0.228428564930038,-0.118359158806422,0.448666810044181,-0.071159069122796,0.57496944052325,-0.340123102227535,0.197804963981943,0.0939947564960838,0.461103408298652,0.680803247047471,0.564532674873426,0.859408585519564,0.652544811755215,FALSE,FALSE
"IFNL2",0.467266653207517,-0.17659365751781,0.291270017763097,-0.525135525393342,0.171948210357721,0.00634685484951289,0.96732859588554,-0.324308993875333,0.337002703574359,-0.170246802668298,0.283885816256103,0.680803247047471,0.634707294032328,0.988767548463477,0.467170076345706,FALSE,FALSE
"IRF1",0.467739827427782,0.108482206853019,0.276751374021057,-0.0989538829530004,0.315918296659038,-0.097781487839722,0.30025748069351,-0.294572641651599,0.0990096659721548,0.0107007190132967,0.907651295570267,0.680803247047471,0.62124385927236,0.626251316875035,0.962033383037511,FALSE,FALSE
"CCL17",0.467758384106423,-0.0169429496680306,0.946816852971858,-0.558911293555648,0.525025394219587,0.263358477125355,0.286263056724566,-0.250797838792925,0.777514793043636,0.246415527457325,0.316962672328896,0.680803247047471,0.985142962755782,0.607476835491084,0.505441890959198,FALSE,FALSE
"LAIR1",0.468071111859631,0.186718864204395,0.281844436491611,-0.174317220807124,0.547754949215914,-0.0144642904228551,0.928206601891264,-0.356973194266828,0.328044613421118,0.17225457378154,0.294684739194827,0.680803247047471,0.62310827231835,0.976355647522511,0.478469438639288,FALSE,FALSE
"IL6R",0.468168808243603,0.0796846175074283,0.399717535242104,-0.119156527024078,0.278525762038935,-0.10790168765691,0.236437640298648,-0.296538960439199,0.0807355851253785,-0.0282170701494817,0.750101885620727,0.680803247047471,0.720570597587344,0.550380986664583,0.878272354341251,FALSE,FALSE
"COL6A6",0.469887110367992,-0.171088894516664,0.230243393321041,-0.466010237003218,0.123832447969891,0.0975499997809402,0.462120827971483,-0.18223695207469,0.37733695163657,-0.0735388947357234,0.577436274044058,0.682365173653667,0.565617177017573,0.78234741284597,0.752729428664576,FALSE,FALSE
"MAGEC1",0.469990697689128,-0.126993009680161,0.344522839507545,-0.408175751040695,0.154189731680374,-0.0197979284425694,0.874227084059531,-0.286551298871366,0.246955441986227,-0.14679093812273,0.253679311838351,0.682365173653667,0.68641286255597,0.956743776661742,0.4274423624094,FALSE,FALSE
"MAML2",0.471031207054142,0.142020268212421,0.282020511197237,-0.132693046330704,0.416733582755547,-0.0121366157896917,0.920856959685331,-0.272752549048853,0.248479317469469,0.12988365242273,0.298873328343496,0.68333223598872,0.62310827231835,0.974542519290409,0.483978548559788,FALSE,FALSE
"FCER2",0.471839854537984,-0.148951953133293,0.243597910646177,-0.413595946429176,0.11569204016259,0.0440640397749373,0.708849293413305,-0.206999296594259,0.295127376144134,-0.104887913358356,0.380609646144357,0.683961663647196,0.58189291482889,0.908446659254916,0.576920767619146,FALSE,FALSE
"RIMKLB",0.472567411560377,-0.123175997809415,0.32839167654938,-0.38659678685302,0.140244791234189,0.134454351334759,0.263840528026437,-0.115448551590196,0.384357254259714,0.0112783535253433,0.923292207485546,0.684472639760069,0.673893665648457,0.582940633956717,0.967051657520958,FALSE,FALSE
"NFKBIE",0.474085413054507,0.139689843609203,0.265482025802034,-0.120886437059202,0.400266124277608,-0.115610279915857,0.328322960157272,-0.362814645254095,0.131594085422382,0.0240795636933464,0.835487667694259,0.686126787331066,0.60943987055184,0.656286311376804,0.921308153197597,FALSE,FALSE
"TTPA",0.474556356873231,-0.106336705871167,0.446123131022162,-0.40044902458838,0.187775612846047,-0.0538373430674952,0.681619012220926,-0.332856787585425,0.225182101450435,-0.160174048938662,0.234856293013041,0.686264145240608,0.75596537986578,0.90276680544326,0.401698907918275,FALSE,FALSE
"CD160",0.476853456050531,-0.154531149835091,0.234768454620403,-0.423667145889272,0.114604846219091,0.0666687017170197,0.579904847393954,-0.188656122643772,0.321993526077811,-0.0878624481180708,0.467836448370493,0.689040029526698,0.56975057138595,0.85946562210468,0.659306191719034,FALSE,FALSE
"SMAD9",0.478534128049152,-0.00563137339996614,0.967108518221062,-0.29704809875679,0.285785351956858,0.137785311865235,0.298858808812837,-0.138676868253357,0.414247491983828,0.132153938465269,0.318167563877029,0.690921506083625,0.99021043518183,0.624762114643101,0.506238713230669,FALSE,FALSE
"CCNE1",0.479264125016001,-0.159423397371035,0.238136921216752,-0.439206422208985,0.120359627466915,0.0638014769646418,0.610002331935854,-0.201624005777174,0.329226959706457,-0.0956219204063931,0.447710452548599,0.691428480754311,0.576288951296062,0.87300634107145,0.641343466170482,FALSE,FALSE
"MTF2",0.479773744620877,-0.0863216420015861,0.271337355677294,-0.249434467242962,0.0767911832397902,0.014025382606767,0.846756726873498,-0.140717030397559,0.168767795611093,-0.072296259394819,0.328786805424819,0.691616969931358,0.618535534888458,0.953293645501921,0.517272344741634,FALSE,FALSE
"TCF3",0.480838782662807,-0.0455902277081324,0.598665093251146,-0.229330522250647,0.138150066834382,0.0992730618507992,0.238366047038669,-0.0750382867605667,0.273584410462165,0.0536828341426668,0.514922028484318,0.692605192075471,0.848028602644706,0.551353657598948,0.694554842560148,FALSE,FALSE
"IL6",0.48167620053934,-0.127718089131974,0.258727136070773,-0.362429606195165,0.106993427931217,0.0304497141319362,0.770834915101353,-0.192217181966011,0.253116610229884,-0.0972683750000376,0.359987143097363,0.693264247621684,0.600734126372978,0.931951317783014,0.55487883121004,FALSE,FALSE
"PLCB4",0.484388475340946,0.0171146196691304,0.913192051859504,-0.317819612391455,0.352048851729716,0.144669921760952,0.340773509473194,-0.173076590140301,0.462416433662204,0.161784541430082,0.289008385317113,0.69502544801739,0.97375944269851,0.674152899660187,0.473040630675993,FALSE,FALSE
"POLR2J",0.484468246321557,-0.129679130125977,0.343078549945983,-0.415917721882098,0.156559461630145,-0.0148590996250088,0.907070723403307,-0.286408870881541,0.256690671631523,-0.144538229750986,0.268717917346817,0.69502544801739,0.685031021500459,0.970746305708606,0.446233120252904,FALSE,FALSE
"PIN1",0.484834026193912,0.140139012357689,0.360224000977809,-0.180831409202241,0.461109433917618,0.0244924366985672,0.86380314441856,-0.28000684140357,0.328991714800705,0.164631449056256,0.261629139656238,0.69502544801739,0.699076723215886,0.954515062421217,0.437647277610114,FALSE,FALSE
"PTCH1",0.485126833705742,0.0803837651406541,0.567782547076955,-0.217747609661274,0.378515139942582,-0.160655073420362,0.239528357867958,-0.443487329319789,0.122177182479066,-0.0802713082797075,0.547886687616612,0.69502544801739,0.826997205311775,0.552641280795225,0.725928297170277,FALSE,FALSE
"ALDOC",0.485162412384782,-0.0551656213669634,0.744547038321091,-0.415623520401165,0.305292277667238,0.186867513427642,0.256817972631481,-0.155092875036484,0.528827901891768,0.131701892060678,0.41779250747647,0.69502544801739,0.909503577601065,0.57157658542982,0.611935253727575,FALSE,FALSE
"FANCC",0.485184888095427,-0.115575019008853,0.296008444524387,-0.346044058414906,0.114894020397199,0.00781239943553153,0.939228748765648,-0.210829728966736,0.226454527837799,-0.107762619573322,0.303998011367796,0.69502544801739,0.637798596525391,0.980602097538506,0.491405111378413,FALSE,FALSE
"ABL1",0.488334791646599,-0.0850407516806445,0.405741752587124,-0.300066206376348,0.129984703015059,0.112796161296753,0.251516281496587,-0.0911948962287775,0.316787218822284,0.027755409616109,0.771952088919971,0.698726424850541,0.723436241932171,0.566422740956479,0.882924887456312,FALSE,FALSE
"FEN1",0.488534201703721,-0.0749948716044215,0.363937986000408,-0.248143624734058,0.0981538815252152,0.0883984769585767,0.263735656956423,-0.0758648532137813,0.252661807130935,0.0134036053541552,0.861855808717958,0.698726424850541,0.700548956905676,0.582940633956717,0.933066876199316,FALSE,FALSE
"APOE",0.489316276022915,-0.112454460589994,0.308978117806592,-0.343085897800887,0.118176976620899,0.109486696450775,0.2969954578853,-0.109309496036585,0.328282888938135,-0.0029677641392189,0.976908948457396,0.698787057751701,0.65189024855148,0.623007713380083,0.991148015513439,FALSE,FALSE
"S100A9",0.489457068776263,0.139645402494297,0.704886517908676,-0.644744585761019,0.924035390749613,0.269532507397342,0.445318176088036,-0.474605173618515,1.0136701884132,0.409177909891639,0.254021051271078,0.698787057751701,0.888410148607275,0.776965268987253,0.4274423624094,FALSE,FALSE
"MBNL1",0.48972528595311,0.0956607284625603,0.245248330824362,-0.0749315915125406,0.266253048437661,-0.0575037818800129,0.4538141326579,-0.21934186661608,0.104334302856054,0.0381569465825474,0.616786083376488,0.698787057751701,0.58430574902671,0.78234741284597,0.782777887456253,FALSE,FALSE
"KYAT1",0.490181135037141,-0.136233928747975,0.252819778232436,-0.383329170552175,0.110861313056225,0.0924955804585761,0.406792942749165,-0.141919548468822,0.326910709385974,-0.0437383482893991,0.691507211783004,0.698891071439674,0.593817368435258,0.742701300779471,0.836974314730395,FALSE,FALSE
"TP73",0.494468865230159,-0.122509325368585,0.279588901770912,-0.358226541499599,0.113207890762429,0.101435959392551,0.342503815961403,-0.122185026613905,0.325056945399008,-0.0210733659760337,0.840760204228477,0.704454082002373,0.622643491860259,0.674599311822768,0.923773252689326,FALSE,FALSE
"ASL",0.495498414454606,3.08925824165341e-05,0.999882637779235,-0.448144970611809,0.448206755776642,0.202406856639258,0.320078007972246,-0.222770099362475,0.627583812640992,0.202437749221675,0.320007214105038,0.705209673952224,0.999977632593411,0.647608038541913,0.507837535427561,FALSE,FALSE
"MCM4",0.495772061194906,-0.0608050740739249,0.709115434807488,-0.407587793663838,0.285977645515988,0.179091617613506,0.258541749433577,-0.149895356513979,0.508078591740992,0.118286543539581,0.448585531370781,0.705209673952224,0.891278008625114,0.574712171396197,0.641589807799119,FALSE,FALSE
"SIGLEC1",0.498550573248311,0.129540918692266,0.374843098879328,-0.176680889518521,0.435762726903053,0.0249193352838228,0.854865080008995,-0.265588179664579,0.315426850232224,0.154460253976089,0.269213783739848,0.708609654344368,0.705046431043294,0.954515062421217,0.446650141204749,FALSE,FALSE
"SHC3",0.499401839417561,-0.144479017599636,0.342264459571503,-0.462826602353584,0.173868567154311,-0.0105919571338923,0.940348913169558,-0.312602993764683,0.291419079496898,-0.155070974733529,0.285147748409713,0.709267203842061,0.684904209120607,0.981210272461088,0.467888246372293,FALSE,FALSE
"ESR2",0.500360125755041,-0.114264613180823,0.350994343843333,-0.370816259696124,0.142287033334478,-0.0117325475389711,0.91808664089221,-0.255118809675396,0.231653714597454,-0.125997160719794,0.281394099599961,0.710075606145374,0.689212891944348,0.972748578920959,0.463487573799575,FALSE,FALSE
"LILRA1",0.501896086850208,-0.124860497422879,0.263220976611683,-0.356614410584343,0.106893415738585,0.0377104255910182,0.715140076306699,-0.182150641083112,0.257571492265148,-0.0871500718318608,0.404710627077353,0.711701910257676,0.60653823524788,0.912077349063113,0.599997477186165,FALSE,FALSE
"CCR6",0.502820216150087,0.0440789937904012,0.701835588844147,-0.200837850573338,0.28899583815414,0.0814160006267714,0.459932816055199,-0.150932519032345,0.313764520285888,0.125494994417173,0.26208720138108,0.712458769001481,0.88793880456743,0.78234741284597,0.438012035275156,FALSE,FALSE
"CD7",0.504160875798072,-0.111041978549157,0.27431681384355,-0.322242982189537,0.100159025091223,0.0264172519435175,0.778805945072351,-0.173945612741617,0.226780116628652,-0.0846247266056393,0.375577491985319,0.713804187999598,0.620862231733459,0.932029289550016,0.57218874061943,FALSE,FALSE
"KIT",0.505168605295595,0.159907381276976,0.30894316323365,-0.168019886657789,0.487834649211741,-0.0115627174644255,0.936792327836742,-0.322661839529473,0.299536404600622,0.14834466381255,0.319311529885138,0.714676515243768,0.65189024855148,0.980409732424349,0.507389580795825,FALSE,FALSE
"POLB",0.506192322693987,-0.0643111231855001,0.561632911600886,-0.299039609173697,0.170417362802697,0.122652748394071,0.253264847344226,-0.100030245839616,0.345335742627757,0.0583416252085705,0.578644131960221,0.715570092111949,0.824973709500051,0.566422740956479,0.753572922599125,FALSE,FALSE
"POLR2H",0.507013232153458,-0.128088804992411,0.395260767487515,-0.444618167896845,0.188440557912023,0.159264457874357,0.270339987814543,-0.141021662055649,0.459550577804364,0.0311756528819463,0.82484988842959,0.716175811671874,0.71729533161934,0.588838755866689,0.915384909089356,FALSE,FALSE
"ICAM5",0.508586240303825,-0.131671985000781,0.312620125536813,-0.403848774636994,0.140504804635431,0.122839191636184,0.320388723388494,-0.135370382808699,0.381048766081068,-0.00883279336459686,0.941814745879748,0.71784214118676,0.65578359667205,0.647608038541913,0.974383169631825,FALSE,FALSE
"PKMYT1",0.509965459831861,-0.102266445639657,0.358291745549096,-0.335520199279843,0.130987308000528,0.112939286686933,0.287909242538859,-0.1083446535991,0.334223226972967,0.010672841047276,0.918042691164622,0.719232584384193,0.697846782953149,0.61026058958585,0.964552626007735,FALSE,FALSE
"RIPK2",0.514309839657662,0.0171859425503396,0.799609239734898,-0.127082087136863,0.161453972237542,0.0531793388370681,0.413790124851371,-0.0836853313698367,0.190044009043973,0.0703652813874077,0.284556973453186,0.724671408391245,0.935940011028223,0.748431097972004,0.467852681578437,FALSE,FALSE
"CD37",0.514615970013728,0.185116168347123,0.27137678215131,-0.164708467692179,0.534940804386426,-0.0569423387352837,0.715046160818527,-0.38881512819237,0.274930450721803,0.12817382961184,0.4165292952583,0.724671408391245,0.618535534888458,0.912077349063113,0.610575071362568,FALSE,FALSE
"IL17A",0.516552030153577,-0.116288345725035,0.425485626307966,-0.423416132410325,0.190839440960255,0.154312051802222,0.27099376697171,-0.137054949793333,0.445679053397777,0.0380237060771869,0.780998794535201,0.726836896708002,0.740945866423701,0.588838755866689,0.890270331059802,FALSE,FALSE
"PLA2G4C",0.518994450614643,-0.0110217569108874,0.903670577529948,-0.205297285312702,0.183253771490928,-0.0786568240356683,0.370772614953162,-0.262962773050409,0.105649124979072,-0.0896785809465557,0.309946775804892,0.729240343387405,0.969085991392789,0.710031502927094,0.498812051008755,FALSE,FALSE
"CCNA1",0.519059290991912,-0.13069676902995,0.270091122175762,-0.376984962065933,0.115591424006033,0.0855164330288306,0.440683058855653,-0.148133062211448,0.319165928269109,-0.0451803360011193,0.680974964278345,0.729240343387405,0.617689596454593,0.772571164660486,0.829625707481963,FALSE,FALSE
"IL12B",0.521041937120288,-0.12487060714191,0.275900969827855,-0.36319970463045,0.113458490346631,0.0384234198084114,0.717634724473586,-0.18767541441842,0.264522254035243,-0.0864471873334982,0.4210865353665,0.731456565762573,0.620862231733459,0.912077349063113,0.615771576156942,FALSE,FALSE
"CD86",0.521438351812114,0.0421946518905659,0.696784695422192,-0.188122236374977,0.272511540156109,0.0728926711982703,0.481245435603124,-0.145605113958216,0.291390456354757,0.115087323088836,0.273488367231082,0.731456565762573,0.88793880456743,0.796258313667907,0.452098070830367,FALSE,FALSE
"DSC3",0.522364947003999,-0.133069160961313,0.39157084467516,-0.459270310707093,0.193131988784467,0.158592680640647,0.286026044208726,-0.15086890192805,0.468054263209343,0.0255235196793334,0.860384996534376,0.732193570109293,0.716767092810598,0.607476835491084,0.932424357883157,FALSE,FALSE
"RIN1",0.523035125023143,-0.11450476762406,0.277341391502624,-0.333740026050375,0.104730490802254,0.0792937196372931,0.422381371736321,-0.128691108375539,0.287278547650126,-0.0352110479867672,0.718654375239386,0.732570301740012,0.621662622804763,0.755294670647361,0.856733600613086,FALSE,FALSE
"CXCR6",0.523534082940718,-0.0988504551768549,0.512731228017923,-0.418126830164757,0.220425919811047,-0.063375836143901,0.656612415190636,-0.366268000557037,0.239516328269235,-0.162226291320756,0.265896200189357,0.732706826201541,0.797048118511677,0.886329628493278,0.442755990278811,FALSE,FALSE
"EIF5AL1",0.529221050046984,-0.119091814711493,0.354801958613038,-0.388685090695287,0.1505014612723,0.12390820112911,0.311950913021364,-0.131850437063438,0.379666839321657,0.00481638641761655,0.9679460473659,0.74009840332241,0.693269351679652,0.641115333630618,0.988529119441952,FALSE,FALSE
"MS4A4A",0.530924080170847,0.168408724994537,0.29715753709966,-0.168254473799023,0.505071923788098,-0.0363437296216349,0.808378750964945,-0.355730483385346,0.283043024142076,0.132064995372902,0.385350627292267,0.741911520912555,0.639225852131907,0.944691752498395,0.578818843463693,FALSE,FALSE
"MED12",0.532508483172729,-0.0619560061426492,0.271778090067188,-0.179141089088527,0.0552290768032284,0.0328691506533296,0.531572026579796,-0.0783023803180886,0.144040681624748,-0.0290868554893196,0.579151579473706,0.743251682557155,0.618535534888458,0.824931078663373,0.753572922599125,FALSE,FALSE
"EPM2AIP1",0.532989556983359,-0.0326268955190437,0.679682929501512,-0.200630813497173,0.135377022459086,-0.0502896720358817,0.504853141677098,-0.209672183028781,0.109092838957018,-0.0829165675549254,0.27914365457558,0.743251682557155,0.879731451305149,0.808917457033103,0.46061226907815,FALSE,FALSE
"RPLP0",0.533104905461543,-0.143954688058526,0.284367405994653,-0.42383942378248,0.135930047665428,0.0444685991927253,0.721536577977213,-0.221053374967872,0.309990573353323,-0.0994860888658007,0.430202334622789,0.743251682557155,0.627533876590376,0.913346298908733,0.625094952775947,FALSE,FALSE
"HSPA6",0.533959081784671,0.138022977820838,0.272576914714255,-0.12349536563584,0.399541321277516,-0.0711917697149679,0.543539450156732,-0.319289854286156,0.17690631485622,0.0668312081058701,0.568138284051429,0.743820815916668,0.618722474320294,0.832180785684593,0.743796533998463,FALSE,FALSE
"PIK3R5",0.534480548700999,0.122140288623467,0.415891093982169,-0.193665077760781,0.437945655007714,0.0302408170887801,0.829627122485444,-0.269358459434678,0.329840093612239,0.152381105712247,0.289501442964176,0.743820815916668,0.732409571710072,0.949390442471504,0.473282706402792,FALSE,FALSE
"TIGIT",0.534735841360366,-0.11212949199699,0.289945059730308,-0.332802167952632,0.108543183958651,0.0310415730944541,0.752203917076272,-0.178306908920776,0.240390055109684,-0.0810879189025363,0.415215921708796,0.743820815916668,0.634472103126874,0.92880388948863,0.60913911343935,FALSE,FALSE
"REL",0.535754208392492,0.0104621917426399,0.915328293186774,-0.199472144228219,0.220396527713498,-0.0939244627737462,0.324438831425985,-0.293085660996625,0.105236735449132,-0.0834622710311063,0.37918375185557,0.744192313652033,0.97375944269851,0.649946067346238,0.576195126674784,FALSE,FALSE
"COL4A6",0.536515990795714,-0.0874366936966961,0.552793966133786,-0.399390647094076,0.224517259700684,0.155591417163781,0.274335005260578,-0.140354088185142,0.451536922512704,0.0681547234670852,0.624908806822525,0.744192313652033,0.822218001645546,0.593200692654687,0.787065957523193,FALSE,FALSE
"HLA-DOB",0.536593273600028,-0.0832332710410285,0.505142319172043,-0.347206187556,0.180739645473943,0.13113664067855,0.276152932492385,-0.119290056356887,0.381563337713986,0.0479033696375211,0.684198906080118,0.744192313652033,0.791952496016325,0.595719978485347,0.830789932100373,FALSE,FALSE
"PIK3R2",0.536634019049904,-0.126665665704765,0.422731923339524,-0.459163732127462,0.205832400717932,0.16042894482913,0.289520508359582,-0.155006417420173,0.475864307078433,0.0337632791243656,0.819526098856812,0.744192313652033,0.739734320443149,0.6129639533135,0.911972640496148,FALSE,FALSE
"MCL1",0.537175946245908,-0.140977255749771,0.441588101711349,-0.526941372315003,0.244986860815461,-0.0469486135261855,0.784720153409437,-0.413106324558443,0.319209097506072,-0.187925869275957,0.285347736006774,0.744378209490344,0.752963662534324,0.933307578267987,0.467888246372293,FALSE,FALSE
"CAMK2B",0.53858219624037,-0.125857152348459,0.377748905771634,-0.425249940487613,0.173535635790694,-0.012599879358993,0.92459598460837,-0.296628817023384,0.271429058305398,-0.138457031707452,0.3090908242505,0.745412204990365,0.706424758202714,0.975227830542632,0.497873569512059,FALSE,FALSE
"PSMC4",0.538828091162202,-0.0859481924723004,0.458741913345774,-0.330565728049367,0.158669343104767,0.119599731448047,0.283443972509186,-0.112464838964194,0.351664301860288,0.0336515389757464,0.75746948804503,0.745412204990365,0.767841726871456,0.605011988104402,0.879185258252307,FALSE,FALSE
"SOD1",0.539147457856045,-0.098407835985498,0.619603311833789,-0.519190466367629,0.322374794396633,0.208121674096718,0.278156687973809,-0.191067779456573,0.607311127650008,0.10971383811122,0.560422121923438,0.745412204990365,0.854706004608213,0.597664158048675,0.736335761346489,FALSE,FALSE
"TNFSF18",0.539655241537246,-0.0252492288456014,0.820943363436759,-0.263045574092885,0.212547116401682,0.110835801233519,0.305467700711647,-0.114757619840033,0.336429222307071,0.0855865723879176,0.424591231584579,0.745500482650487,0.944059003322045,0.634219060066845,0.619407671975905,FALSE,FALSE
"TLR5",0.540304504631806,0.0605444426928163,0.559581614648966,-0.159265831569981,0.280354716955614,-0.10898251484567,0.277052771580921,-0.317512850778689,0.0995478210873487,-0.048438072152854,0.621954351162215,0.745500482650487,0.824908276845205,0.59695549956928,0.786242811598497,FALSE,FALSE
"FGF8",0.541022123893708,0.0286309173682949,0.86634073126961,-0.33415203884126,0.39141387357785,0.136615196890652,0.404068425047644,-0.207550934482743,0.480781328264048,0.165246114258947,0.316119112726353,0.745500482650487,0.960102108840201,0.742677630260708,0.504739615682934,FALSE,FALSE
"POLD4",0.541125274111151,-0.0487678031981884,0.645594566830654,-0.274024376120744,0.176488769724367,0.110633835678058,0.28136822338453,-0.103063312829668,0.324330984185784,0.0618660324798693,0.540016326780211,0.745500482650487,0.86252568408927,0.602696018399962,0.717793005370638,FALSE,FALSE
"ADA",0.541525052279649,-0.0664744651036562,0.456589393375094,-0.254742818893525,0.121793888686213,0.0915147545963451,0.286114663596157,-0.087092288195569,0.270121797388259,0.0250402894926889,0.76524630195157,0.745500482650487,0.766582928159656,0.607476835491084,0.88111955902941,FALSE,FALSE
"BCL2A1",0.541662268490162,0.0221530207681779,0.864085775415011,-0.25384084728407,0.298146888820426,0.103581489778201,0.405611345361919,-0.158249283207324,0.365412262763725,0.125734510546378,0.316043667178013,0.745500482650487,0.960102108840201,0.742701300779471,0.504739615682934,FALSE,FALSE
"CD180",0.542690662681476,0.00499032475924672,0.957118449144146,-0.193045877453744,0.203026526972237,0.0805355133911471,0.368723462589465,-0.107338124057671,0.268409150839965,0.0855258381503939,0.340844046607974,0.746353021396906,0.988547709677612,0.709083581902818,0.533025179999617,FALSE,FALSE
"SOCS3",0.545476490405123,0.347242713424784,0.367174586964881,-0.460099290695709,1.15458471754528,-0.361931306442591,0.323505504410058,-1.12784318156633,0.40398056868115,-0.0146885930178068,0.967357224565883,0.749619423937763,0.70137308275876,0.649946067346238,0.988480926558083,FALSE,FALSE
"CD2",0.546388242369553,0.12249638442913,0.335694274252946,-0.143622931820456,0.388615700678717,-0.112033983719779,0.352687687650505,-0.364496934334384,0.140428966894827,0.0104624007093516,0.929544082348284,0.750307405812216,0.680138422011524,0.686199392283764,0.969700430937395,FALSE,FALSE
"TREM2",0.548115784263562,0.0187783429163841,0.876008356854254,-0.237906399639655,0.275463085472423,0.0963536922209046,0.405521512009098,-0.147158835906405,0.339866220348215,0.115132035137289,0.323262373519799,0.752113764121053,0.960102108840201,0.742701300779471,0.510197000754919,FALSE,FALSE
"GRIN2A",0.549881626996051,-0.11125462066046,0.393137735607147,-0.384913438703406,0.162404197382485,-0.0140251974767695,0.908247921671659,-0.273640747518356,0.245590352564817,-0.12527981813723,0.313784923849813,0.7535073398522,0.71729533161934,0.970746305708606,0.503175359471819,FALSE,FALSE
"BMP6",0.549957137908565,-0.0846752573543299,0.472483070619071,-0.3333861094162,0.16403559470754,0.119730184110363,0.290563028604096,-0.116217647284645,0.355678015505371,0.0350549267560331,0.751731391864937,0.7535073398522,0.778233016877966,0.613240292963536,0.87830332276153,FALSE,FALSE
"SERINC5",0.552042229646642,0.0664314751009745,0.658870993802981,-0.253329332094474,0.386192282296423,0.0876911465351353,0.540607611693537,-0.215660590622338,0.391042883692608,0.15412262163611,0.289999468028924,0.755402760606635,0.868305937196517,0.830384770780856,0.473389113732367,FALSE,FALSE
"TSHR",0.5525308440619,-0.151113208165001,0.292228550666583,-0.449986402591855,0.147759986261853,0.0553015878594755,0.678385476529925,-0.228234419928285,0.338837595647236,-0.0958116203055251,0.47572094907437,0.755402760606635,0.634707294032328,0.90276680544326,0.665280254452663,FALSE,FALSE
"ROPN1",0.552582293375264,-0.0826369612785874,0.484297887389786,-0.332114067442889,0.166840144885714,-0.0373413628664967,0.73697336576668,-0.274016126730545,0.199333400997551,-0.119978324145084,0.291025658570244,0.755402760606635,0.785215696781214,0.922469815166321,0.473469926954688,FALSE,FALSE
"CDK2",0.554424189782097,-0.0694147758578835,0.364364384239632,-0.229827808517527,0.0909982568017601,-0.000441979457397046,0.995055064734576,-0.152623144331233,0.151739185416438,-0.0698567553152806,0.336976944677693,0.757243186977043,0.700548956905676,0.999141345183972,0.527882338229004,FALSE,FALSE
"TET2",0.55478822207896,0.0404926083715311,0.445828468185653,-0.0714298648029772,0.152415081546039,-0.0527707267762865,0.300147514475693,-0.158949707753449,0.0534082542008762,-0.0122781184047554,0.805343565731351,0.757243186977043,0.75596537986578,0.626251316875035,0.903039754775488,FALSE,FALSE
"TRAT1",0.555260108198027,0.0419246768608097,0.687529905082274,-0.179733317857354,0.263582671578973,0.0637381129777091,0.52146577494971,-0.146545124490782,0.2740213504462,0.105662789838519,0.295089442888302,0.757243186977043,0.884867473043124,0.817631290389754,0.478700651796578,FALSE,FALSE
"IL10",0.555588288965622,-0.136239028186232,0.291183397162598,-0.405082575332871,0.132604518960408,0.080640042195767,0.503994541894933,-0.174407340770906,0.33568742516244,-0.0555989859904648,0.643336269197554,0.757243186977043,0.634707294032328,0.808917457033103,0.801280924690849,FALSE,FALSE
"ADORA2A",0.558046532927436,-0.14954450588643,0.298774195907414,-0.449546144687712,0.150457132914852,0.098482998628903,0.46542306031764,-0.186123545489656,0.383089542747462,-0.0510615072575273,0.702720578224842,0.759479351768008,0.641423238801084,0.783340722775081,0.846283337667173,FALSE,FALSE
"BRCA1",0.558061266148438,-0.0385067365020845,0.744156544014468,-0.289714002250191,0.212700529246023,0.117346033618956,0.304444313964347,-0.12097010374521,0.355662170983122,0.0788392971168717,0.484843886488298,0.759479351768008,0.909503577601065,0.633535773072899,0.673907153725167,FALSE,FALSE
"CHIT1",0.559662365076811,-0.0258146824302803,0.938254104990942,-0.736849550211902,0.685220185351341,0.302631361534636,0.347611838765301,-0.371915541861344,0.977178264930616,0.276816679104356,0.388834347151776,0.761090772179717,0.981363155148943,0.679220134632414,0.580705960353512,FALSE,FALSE
"SHC4",0.561610214368876,-0.127396766382044,0.292959592059605,-0.379763829125946,0.124970296361859,0.067262065366705,0.551880951612316,-0.172154352036501,0.306678482769911,-0.0601347010153385,0.59423414298061,0.763170991230974,0.634707294032328,0.840215557746774,0.766415060734708,FALSE,FALSE
"PIK3CD",0.563956035851746,0.108017475079655,0.328840674471203,-0.123209205054737,0.339244155214048,-0.0888728398739539,0.394719827552743,-0.308233729381121,0.130488049633213,0.0191446352057014,0.852366462615551,0.765788515944521,0.673893665648457,0.73587218054368,0.928143672000824,FALSE,FALSE
"PFKFB3",0.56544539500727,0.272191694211502,0.365766460923401,-0.358733513400575,0.903116901823579,-0.00555325014367913,0.984204308936775,-0.60410145692431,0.592994956636951,0.266638444067822,0.350901713187437,0.767240034117671,0.700548956905676,0.995661232710429,0.545481794350148,FALSE,FALSE
"HLA-DPB1",0.568016191493264,-0.11768346246463,0.346148154262144,-0.379167076269198,0.143800151339938,0.012979375503,0.911122294635574,-0.235085761627285,0.261044512633285,-0.10470408696163,0.375877390085807,0.769874756156986,0.686652588617841,0.970746305708606,0.57218874061943,FALSE,FALSE
"FPR1",0.568230847421074,0.218052718819127,0.306175793727303,-0.226448400667434,0.662553838305689,-0.0749125901640309,0.705487091882962,-0.496603378185687,0.346778197857626,0.143140128655096,0.473773279275801,0.769874756156986,0.650489899362431,0.908446659254916,0.664083129553255,FALSE,FALSE
"ARG1",0.569423436105884,-0.124498367155693,0.321849897232138,-0.387021050983989,0.138024316672602,0.0295735535355652,0.80023330790011,-0.219477331971735,0.278624439042865,-0.0949248136201282,0.422501372313435,0.770901300360293,0.664452559331054,0.939548202424017,0.61734588028184,FALSE,FALSE
"DPP4",0.570135030600485,0.0739273100154813,0.691770686490187,-0.322644631858577,0.47049925188954,0.110737412495239,0.5333760996074,-0.265483765236139,0.486958590226618,0.184664722510721,0.305907386553054,0.770901300360293,0.887821028723342,0.826325451429122,0.494053965008251,FALSE,FALSE
"KRT6B",0.570255756430902,0.247253082182746,0.299325180925869,-0.249354605245344,0.743860769610837,-0.128876824669562,0.562236651295976,-0.600000243416081,0.342246594076958,0.118376257513184,0.594101002501888,0.770901300360293,0.641423238801084,0.849405536933076,0.766415060734708,FALSE,FALSE
"RNF43",0.570683955041874,-0.153719130722969,0.348038772517451,-0.49666497288756,0.189226711441622,0.0170440756141197,0.911012521538124,-0.308302916983295,0.342391068211535,-0.136675055108849,0.378061299053742,0.770909117654641,0.688159003081633,0.970746305708606,0.574968225644232,FALSE,FALSE
"FANCB",0.573734723600659,-0.13167366122797,0.304566701932658,-0.399158351314872,0.135811028858931,0.0541793153178989,0.650121744893286,-0.199578942651763,0.307937573287561,-0.0774943459100714,0.518392331733429,0.774372572759778,0.648052323171941,0.886089004418879,0.697688794552734,FALSE,FALSE
"IER3",0.574096488188482,-0.42458580694621,0.302245864000569,-1.28277762223606,0.433606008343642,0.221691783508949,0.564005104188767,-0.592460458180185,1.03584402519808,-0.20289402343726,0.597085180551425,0.774372572759778,0.644707980835197,0.850668855491323,0.768888193754979,FALSE,FALSE
"C9",0.574728706067517,-0.0203897403682163,0.874778103732759,-0.296337402531136,0.255557921794703,0.118955546156073,0.341693960664962,-0.142831392073975,0.380742484386121,0.0985658057878566,0.428012781786387,0.774545630125698,0.960102108840201,0.674599311822768,0.622905364242549,FALSE,FALSE
"TLR10",0.575368898228003,-0.0321857122884637,0.749149071273208,-0.246504968310455,0.182133543733528,0.0973923701062402,0.317208654429985,-0.105928728532435,0.300713468744915,0.0652066578177765,0.498020196080149,0.774545630125698,0.911464703382403,0.646739520360419,0.683261581097916,FALSE,FALSE
"KRT5",0.575498013397505,-0.193017282794569,0.531711307617551,-0.846074437950194,0.460039872361056,0.304780236077973,0.304870747003999,-0.314764179690552,0.924324651846497,0.111762953283404,0.701177346810054,0.774545630125698,0.812314811011042,0.633700584603984,0.845210474193097,FALSE,FALSE
"NOX1",0.57727487612965,0.0075325139165135,0.954999980472898,-0.277299996581545,0.292365024414572,0.109132983923318,0.396159369775338,-0.161082861527988,0.379348829374625,0.116665497839832,0.365409785903422,0.77551354715493,0.988547709677612,0.736243227942965,0.559457096706163,FALSE,FALSE
"MASP1",0.577357434306889,0.00195492711480604,0.987954584508914,-0.274365329414148,0.27827518364376,0.10867984218704,0.384138212023198,-0.153460570095013,0.370820254469092,0.110634769301846,0.375920164385039,0.77551354715493,0.996523710494919,0.723480120683525,0.57218874061943,FALSE,FALSE
"WNT5B",0.577533706628926,-0.18012243793857,0.318910091342323,-0.557537109265189,0.197292233388048,0.126611461074548,0.455925663890425,-0.231435534052239,0.484658456201335,-0.0535109768640224,0.750313109053185,0.77551354715493,0.662128460409259,0.78234741284597,0.878272354341251,FALSE,FALSE
"NegProbe",0.578169087767652,0.0143936168567774,0.915713837458603,-0.275755456669889,0.304542690383444,0.10721917004731,0.412663021949193,-0.168040409952269,0.382478750046889,0.121612786904088,0.354733666025639,0.77551354715493,0.97375944269851,0.748431097972004,0.549173205088393,FALSE,FALSE
"CYP4A22",0.578341883659101,-0.0850469377530539,0.52065752239422,-0.365078368687943,0.194984493181835,-0.0447171289390041,0.72019350717279,-0.31037827039612,0.220944012518111,-0.129764066692058,0.308159478763555,0.77551354715493,0.802961638170048,0.912745243465516,0.496926141354704,FALSE,FALSE
"PLA2G3",0.57886387247174,-0.0926425292587934,0.486637100238326,-0.373861133175857,0.188576074658271,-0.0362430017151822,0.772296579623501,-0.303030394352384,0.230544390922019,-0.128885530973976,0.313263819794107,0.775643588297302,0.785245541940711,0.931951317783014,0.502820115324754,FALSE,FALSE
"DDX43",0.58227913619493,-0.136223626700915,0.311335172047701,-0.41702892774584,0.14458167434401,0.0806864783137846,0.521767549372371,-0.185708820791582,0.347081777419152,-0.05553714838713,0.657768982371755,0.779647412733491,0.655008524037643,0.817631290389754,0.812197830059847,FALSE,FALSE
"CD5",0.583025798087795,-0.0342352742932777,0.782727333516092,-0.298720941782163,0.230250393195608,-0.0831433934086712,0.484139540719925,-0.334056528729119,0.167769741911776,-0.117378667701949,0.328188829015885,0.78007483981688,0.925779250594211,0.798152359362117,0.517144836814567,FALSE,FALSE
"TFEB",0.583460106037773,-0.0726564625133319,0.399966035811496,-0.254058463614642,0.108745538587979,0.0769291909425556,0.349294181685184,-0.0951638577351986,0.24902223962031,0.00427272842922368,0.957749181066846,0.780084024555997,0.720570597587344,0.680322178842541,0.984728031237743,FALSE,FALSE
"CSF2",0.585122693098764,-0.0962084167402126,0.505981704304129,-0.401945742156013,0.209528908675588,0.139392562139918,0.315684955359291,-0.150655332072686,0.429440456352523,0.0431841453997058,0.751223641165311,0.781734198320091,0.791952496016325,0.645880093644289,0.878272354341251,FALSE,FALSE
"FCGR3B",0.585690171254595,-0.110323885069216,0.312197925796682,-0.338164641117557,0.117516870979126,0.0486192120028846,0.632908544496609,-0.167529507875379,0.264767931881148,-0.0617046730663309,0.545583231471914,0.781919943335506,0.655651570286473,0.884117728141821,0.723611480694945,FALSE,FALSE
"CD1E",0.586149814830311,0.0344990792496055,0.781359792833657,-0.230308898702973,0.299307057202184,0.0825233835922758,0.487856504044453,-0.168695522281864,0.333742289466416,0.117022462841881,0.33016558374389,0.781961558527279,0.925779250594211,0.799493967987907,0.518312357499105,FALSE,FALSE
"ATF2",0.587542860772886,-0.0991321542962415,0.318883265452927,-0.306834014670644,0.108569706078161,0.0360849289667563,0.696895039232247,-0.160958356944459,0.233128214877972,-0.0630472253294852,0.498994843135961,0.783247422140626,0.662128460409259,0.907915950818957,0.683261581097916,FALSE,FALSE
"ZBTB32",0.588029328069248,-0.121467871194627,0.329978241994578,-0.382124812774831,0.139189070385577,0.0335481367359737,0.772591549034839,-0.213732750262094,0.280829023734042,-0.0879197344586534,0.45352981723264,0.783323739946261,0.67512364533644,0.931951317783014,0.646634309726225,FALSE,FALSE
"FLT3LG",0.58893062351225,0.101589267496952,0.377952800859283,-0.140181181950404,0.343359716944308,-0.00440745367375185,0.96729241927937,-0.233771041026625,0.224956133679121,0.0971818138232,0.374109751683501,0.783952142895591,0.706424758202714,0.988767548463477,0.570861452192633,FALSE,FALSE
"GRIN2B",0.589371879811371,-0.0988910619817898,0.457466294412044,-0.379528807075514,0.181746683111934,-0.0251427385100798,0.840426223858053,-0.291379080083053,0.241093603062894,-0.12403380049187,0.330105920215968,0.783967697270957,0.766718593562114,0.951475098350463,0.518312357499105,FALSE,FALSE
"TCL1A",0.590045547354112,-0.139230293804453,0.332128972915399,-0.439390401749344,0.160929814140438,0.0379122626213568,0.776702881939041,-0.246844618527001,0.322669143769714,-0.101318031183096,0.453208316225102,0.784292151435728,0.677246229687825,0.932029289550016,0.646634309726225,FALSE,FALSE
"TIE1",0.592217952069589,0.0258873398564945,0.813727808403375,-0.208286467565335,0.260061147278324,-0.101177034941333,0.340639918802703,-0.32333381488332,0.120979745000655,-0.0752896950848384,0.474461628813854,0.78660681406623,0.941474976599966,0.674152899660187,0.664537584486019,FALSE,FALSE
"FADD",0.595992411055094,0.0186561250537098,0.840485350219817,-0.178967848477117,0.216280098584537,0.0652002499613735,0.463239766993373,-0.122282313021699,0.252682812944446,0.0838563750150833,0.349029797338408,0.791044472854943,0.955096988886155,0.782789421076765,0.543497764626787,FALSE,FALSE
"PRKACB",0.597223296053998,-0.125035212323452,0.479118843425011,-0.497981609407751,0.247911184760848,0.164200615033769,0.331886935491149,-0.189607402948222,0.518008633015759,0.0391654027103171,0.813481596080874,0.791767117590816,0.782103657648162,0.659079061231064,0.907459604430071,FALSE,FALSE
"DLL4",0.597736336859574,0.141349272626604,0.328792507392053,-0.161197447049758,0.443895992302966,-0.0487252043596775,0.717917849425233,-0.335746224196613,0.238295815477258,0.0926240682669264,0.495396025842153,0.791767117590816,0.673893665648457,0.912077349063113,0.681309530641996,FALSE,FALSE
"SKP2",0.597838404405559,-0.0441982290768364,0.590458838243132,-0.218358569038568,0.129962110884895,0.0785947905011236,0.320432908933341,-0.0866282152033705,0.243817796205618,0.0343965614242872,0.658216845035521,0.791767117590816,0.845202009705462,0.647608038541913,0.812201313177706,FALSE,FALSE
"ITGAL",0.598758302174261,0.115311290137205,0.321645376456708,-0.127731967895104,0.358354548169514,-0.0619799425764725,0.56893691221276,-0.292551022175506,0.168591137022561,0.0533313475607323,0.62341267751049,0.792410370897771,0.664452559331054,0.854576020401882,0.786302887441351,FALSE,FALSE
"CYP8B1",0.599804110533617,-0.121090691535455,0.348541721428023,-0.391535665886112,0.149354282815202,0.0265491568841737,0.825415069327647,-0.230017473323994,0.283115787092342,-0.0945415346512815,0.437666078819193,0.793219204147718,0.68821240112909,0.948803053099254,0.632916476897803,FALSE,FALSE
"IL1RAPL2",0.602264861612232,0.0505494992635567,0.702818812202916,-0.231301620538304,0.332400619065417,0.0739685588661778,0.55790439249321,-0.193418891026682,0.341356008759037,0.124518058129734,0.330299874943265,0.795896721536802,0.88793880456743,0.844958934688886,0.518312357499105,FALSE,FALSE
"OLR1",0.603459915184522,0.0505385535208055,0.875578419362212,-0.637873392948977,0.738950499990588,0.233043212932266,0.451934122477808,-0.420041702862061,0.886128128726594,0.283581766453072,0.362768738201835,0.796898947331224,0.960102108840201,0.782336774373129,0.556814926171866,FALSE,FALSE
"CLEC4A",0.604620845207807,-0.0407572579360219,0.700319499958263,-0.266006365294255,0.184491849422211,0.0991986582983676,0.331764650622092,-0.114491407753175,0.31288872434991,0.0584414003623457,0.562328784031508,0.797854694507771,0.88793880456743,0.659079061231064,0.737489194451588,FALSE,FALSE
"FGF6",0.605438781887602,-0.123352824968051,0.34568880909801,-0.397162308718439,0.150456658782337,0.0324361899080026,0.790193088637984,-0.227322294173824,0.292194673989829,-0.0909166350600484,0.460433554526752,0.7980629172193,0.686487569753937,0.935163775005911,0.652544811755215,FALSE,FALSE
"NFAM1",0.605653227588345,-0.00319336731277487,0.980217918836371,-0.278013919626496,0.271627185000947,0.105569034267417,0.39497705038687,-0.155148633673628,0.366286702208462,0.102375666954642,0.409003873938333,0.7980629172193,0.994384492427113,0.73587218054368,0.603909441696972,FALSE,FALSE
"ACVR2A",0.606118685450685,-0.0754483091816567,0.422922766944541,-0.273584319813284,0.122687701449971,-0.00601875915626232,0.945529246358138,-0.193987083184846,0.181949564872322,-0.081467068337919,0.363633856709779,0.798100000683622,0.739734320443149,0.982196074632309,0.557459479178885,FALSE,FALSE
"WNT11",0.60670071827159,-0.0898325463554008,0.782493065667851,-0.783067401598452,0.603402308887651,0.296581207778019,0.34521692197425,-0.36107912101753,0.954241536573568,0.206748661422619,0.50638863696443,0.798290418778408,0.925779250594211,0.677441809250544,0.687107258334635,FALSE,FALSE
"ADM",0.607179066929525,0.291904843301358,0.401198227584339,-0.438864079231248,1.02267376583396,-0.0020867078734278,0.994875169242187,-0.695354979414481,0.691181563667625,0.28981813542793,0.380310280027221,0.798344234255319,0.720656265099821,0.999141345183972,0.576920767619146,FALSE,FALSE
"RASGRP2",0.608206774635636,-0.0334073309472613,0.762768251527769,-0.269119953743512,0.20230529184899,0.101334402981676,0.342959947606777,-0.122282225404808,0.324951031368161,0.067927072034415,0.520575552114446,0.799119772289443,0.919883296028515,0.674599311822768,0.69891888474791,FALSE,FALSE
"CARD9",0.609236201487709,0.032459273260196,0.757969921402691,-0.191863079900875,0.256781626421267,0.0639809435936181,0.524791682283897,-0.148829926229679,0.276791813416915,0.0964402168538141,0.342947593622757,0.799896451593575,0.916799153382706,0.817786107279613,0.535855615035558,FALSE,FALSE
"ICAM4",0.611168445435398,-0.104020545956587,0.39525108606051,-0.361067689239564,0.153026597326389,0.00455877732097214,0.968179511837936,-0.239297554323185,0.248415108965129,-0.099461768635615,0.3916445903452,0.801413908465131,0.71729533161934,0.988767548463477,0.583947203741823,FALSE,FALSE
"TNFRSF12A",0.61127022497724,-0.184241185687858,0.471366325558446,-0.724007538476464,0.355525167100749,0.229461641001864,0.348166342675436,-0.282605682738328,0.741528964742056,0.0452204553140062,0.850638788530443,0.801413908465131,0.778233016877966,0.679576016452054,0.927923364655146,FALSE,FALSE
"TLX1",0.611760506924008,0.0304347611011007,0.828141409606886,-0.26843320040869,0.329302722610891,0.0939798521729265,0.484011634755276,-0.189551191233816,0.377510895579669,0.124414613274027,0.357900771965079,0.801480922567348,0.947144286334008,0.798152359362117,0.552596369573831,FALSE,FALSE
"KBTBD8",0.614761726185423,-0.0893881872045781,0.443739134320755,-0.335299346417268,0.156522972008112,0.101251778983388,0.362987882282278,-0.132040030565932,0.334543588532708,0.0118635917788096,0.913607156091385,0.804835114984503,0.754025996401655,0.702495106219679,0.963776335183108,FALSE,FALSE
"FGF19",0.615575240519555,0.359859493932904,0.362370728856015,-0.468180181738552,1.18789916960436,-0.0764311565840179,0.835671846531666,-0.861978567016693,0.709116253848657,0.283428337348886,0.447041107283913,0.805322447274687,0.699076723215886,0.95117373615336,0.641343466170482,FALSE,FALSE
"PSMB2",0.616048450072927,-0.0837136351162783,0.334999027157691,-0.265306687867876,0.097879417635319,0.0409581923704989,0.613866462036263,-0.131316103816947,0.213232488557945,-0.0427554427457794,0.598578924684459,0.80536419869849,0.680138422011524,0.876608993126902,0.768888193754979,FALSE,FALSE
"MICA",0.616942215946289,-0.0111075058111449,0.938466192558401,-0.318107474340543,0.295892462718253,-0.108027689905375,0.434729507617449,-0.399273432551247,0.183218052740498,-0.119135195716519,0.390314552552776,0.805415063323509,0.981363155148943,0.767293376597528,0.582439949639262,FALSE,FALSE
"EFNA3",0.617014122425163,-0.0625487885200302,0.646552869629868,-0.352307739459719,0.227210162419658,0.126237212225238,0.336782544502597,-0.148652264991883,0.401126689442359,0.0636884237052079,0.622838835615488,0.805415063323509,0.862921405065379,0.66807406925787,0.786302887441351,FALSE,FALSE
"DKK4",0.617411327994296,-0.0927570438114006,0.500924963111702,-0.383987307014355,0.198473219391554,0.124288441960874,0.34635980233214,-0.151996844626624,0.400573728548372,0.0315313981494733,0.807828692871012,0.805415063323509,0.791952496016325,0.678226007785575,0.904039950353493,FALSE,FALSE
"NTF3",0.618113016072847,-0.126191198640657,0.348819984133922,-0.408196686646173,0.15581428936486,0.0867134595185414,0.493547465601477,-0.180820436910877,0.354247355947959,-0.0394777391221151,0.753355631179927,0.805754467380675,0.68821240112909,0.803806765609044,0.878513755209819,FALSE,FALSE
"PRDX5",0.618796701197712,-0.131140570260452,0.411681449503597,-0.467085793141031,0.204804652620128,0.000263204151963403,0.998593870474282,-0.3184424178547,0.318968826158626,-0.130877366108488,0.388522539094027,0.80606993553592,0.730854713369712,0.999141345183972,0.580705960353512,FALSE,FALSE
"MCAM",0.622073069744143,0.205801923920502,0.363801091948292,-0.269214742225775,0.680818590066778,-0.0481933808304585,0.819679635342706,-0.498833758299068,0.402446996638151,0.157608543090043,0.460760326354299,0.809274715107291,0.700548956905676,0.947223396782408,0.652544811755215,FALSE,FALSE
"NRAS",0.62300534023945,-0.0891897762508545,0.399296360552936,-0.31154472929644,0.133165176794731,0.0832678633201413,0.40661040606295,-0.127676566873012,0.294212293513295,-0.00592191293071321,0.95223351796677,0.809274715107291,0.720570597587344,0.742701300779471,0.981268306205169,FALSE,FALSE
"NKX2-1",0.623110607357805,-0.102899602211689,0.424398971621551,-0.37401191192529,0.168212707501913,-0.00354264089853981,0.976551849471683,-0.260742361019731,0.253657079222652,-0.106442243110228,0.384955762491602,0.809274715107291,0.740466656987888,0.992873050298508,0.578776433128865,FALSE,FALSE
"TTC30A",0.623396899302466,-0.0915441529854435,0.366365297927033,-0.304013126706163,0.120924820735276,0.0708922102912768,0.458304758040311,-0.130673556431504,0.272457977014057,-0.0206519426941667,0.827106829936981,0.809274715107291,0.700856046872993,0.78234741284597,0.915940512521232,FALSE,FALSE
"MSH2",0.623566574517374,-0.0530376607722448,0.42521691968258,-0.193031271195049,0.0869559496505593,-0.00191975252996896,0.975392891867618,-0.134729352571874,0.130889847511936,-0.0549574133022137,0.385005254695037,0.809274715107291,0.740945866423701,0.992873050298508,0.578776433128865,FALSE,FALSE
"IL12A",0.623917547482717,-0.0140067615020289,0.895145990216916,-0.24070949193649,0.212695968932432,-0.0753353695178365,0.46008312711693,-0.290404463503458,0.139733724467785,-0.0893421310198653,0.383223099555526,0.809274715107291,0.96789809914909,0.78234741284597,0.578479864920459,FALSE,FALSE
"SOX11",0.626679167504075,-0.0563560435669327,0.673457681133068,-0.340642346555568,0.227930259421702,0.121407044031291,0.346045804363456,-0.148290623478554,0.391104711541137,0.0650510004643587,0.608789629594751,0.812279460720835,0.877976242800107,0.678226007785575,0.777495503156347,FALSE,FALSE
"CDC25A",0.627436053669609,-0.120532004017632,0.351976972842773,-0.39172910612106,0.150665098085796,0.0424072892512706,0.725736120135308,-0.214872871993951,0.299687450496492,-0.0781247147663614,0.520723315470529,0.812683320047577,0.689212891944348,0.914688134839044,0.69891888474791,FALSE,FALSE
"CLECL1",0.629264573333549,-0.112838580488139,0.352153054059167,-0.366821834084606,0.141144673108328,0.0412380737060614,0.715726496708639,-0.199711596965435,0.282187744377558,-0.0716005067820775,0.529529403374945,0.814473649882076,0.689212891944348,0.912077349063113,0.707978872644158,FALSE,FALSE
"BMP2",0.632357308113719,0.0498343458922589,0.770442449444061,-0.313941486939346,0.413610178723863,0.100161498265925,0.539012813369305,-0.244946558575834,0.445269555107684,0.149995844158184,0.36232560042794,0.816687161159029,0.921224425492646,0.830125218902094,0.556602879445278,FALSE,FALSE
"OPN3",0.632859183154744,-0.0205055123851801,0.828816123438581,-0.222676566602283,0.181665541831923,0.0813006517864382,0.373904214589939,-0.110495650698592,0.273096954271469,0.0607951394012581,0.502935391535518,0.816687161159029,0.947144286334008,0.713035727927523,0.684859505523104,FALSE,FALSE
"IFNB1",0.632938930734426,-0.11767821125844,0.41227042497323,-0.41952779890654,0.184171376389659,0.00538849059747848,0.967970801550881,-0.280971171727708,0.291748152922665,-0.112289720660962,0.409630394274239,0.816687161159029,0.731189043319869,0.988767548463477,0.604345569563853,FALSE,FALSE
"TARP",0.633118669544855,0.00962446151322119,0.940495429235891,-0.265477269079586,0.284726192106028,-0.103722436223774,0.403514498160722,-0.364706853301963,0.157261980854414,-0.0940979747105532,0.447352519575064,0.816687161159029,0.981363155148943,0.742677630260708,0.641343466170482,FALSE,FALSE
"ZIC2",0.63330768767074,-0.130796638025101,0.358255382591371,-0.429099895095971,0.167506619045769,0.0865149335066435,0.517955135838386,-0.19648038423056,0.369510251243847,-0.0442817045184574,0.739051230892921,0.816687161159029,0.697846782953149,0.817631290389754,0.871120132329747,FALSE,FALSE
"LILRA3",0.633809507295051,-0.0204560514196582,0.878997951300666,-0.307045089249068,0.266132986409752,-0.0916748571660618,0.476655496712712,-0.36355709075919,0.180207376427066,-0.11213090858572,0.386543533119724,0.816687161159029,0.960102108840201,0.792255265483332,0.579656489682412,FALSE,FALSE
"APOA1",0.634107236910873,-0.072143664561642,0.590483595821624,-0.356440417357463,0.212153088234179,-0.0481429475452079,0.704148760122951,-0.317850528612599,0.221564633522184,-0.12028661210685,0.350366857060602,0.816687161159029,0.845202009705462,0.908446659254916,0.545114675307416,FALSE,FALSE
"NKG7",0.634650349248028,0.0700253288640334,0.495048955936677,-0.14678922652673,0.286839884254796,-0.0888020413475333,0.365429362099339,-0.294490388820998,0.116886306125932,-0.0187767124835,0.845672886208444,0.816810216768443,0.790322249023191,0.704977363458027,0.925750596568614,FALSE,FALSE
"SELPLG",0.635787949196832,0.0403619880135849,0.720959154971762,-0.200116160363254,0.280840136390424,0.0597617112410332,0.578700498564957,-0.168375891670187,0.287899314152253,0.100123699254618,0.357826861575472,0.817416225608232,0.898082726015603,0.859408585519564,0.552596369573831,FALSE,FALSE
"CFD",0.636217323867003,-0.181473617288518,0.37292912202029,-0.608685150049304,0.245737915472267,0.136219187317706,0.478040297527232,-0.269069258547011,0.541507633182423,-0.0452544299708121,0.811893055201032,0.817416225608232,0.705046431043294,0.793833979060236,0.906796098985241,FALSE,FALSE
"VEGFD",0.636464907720163,-0.113476502906153,0.370748200777166,-0.379356677041881,0.152403671229575,0.0300079092413111,0.799867902069434,-0.222228171244016,0.282243989726638,-0.0834685936648421,0.484719226990498,0.817416225608232,0.705046431043294,0.939548202424017,0.673907153725167,FALSE,FALSE
"FOLH1B",0.637113958979716,-0.10752980103561,0.395786130079524,-0.373559252198898,0.158499650127679,0.0932324351330391,0.436541238902287,-0.159145261975117,0.345610132241195,-0.0142973659025705,0.903808934850686,0.817674384766514,0.71729533161934,0.76900363030567,0.96177918723178,FALSE,FALSE
"CD80",0.637730826553544,0.0419148526345357,0.737773673553745,-0.22459335119155,0.308423056460621,0.0681708806186876,0.567776915749437,-0.184661001144562,0.321002762381937,0.110085733253223,0.361498817873435,0.817890905453421,0.907914331918803,0.853536137761715,0.556269260218397,FALSE,FALSE
"SPANXB1",0.638842809047268,-0.142598056986905,0.359642562720921,-0.468791108514979,0.183594994541169,0.0528838161237835,0.716127928292236,-0.256570083801031,0.362337716048598,-0.0897142408631213,0.539454292286379,0.818741661875888,0.699076723215886,0.912077349063113,0.717568573923208,FALSE,FALSE
"EYA1",0.640564974887194,-0.116327687486848,0.37492216532156,-0.391361826957544,0.158706451983847,0.0302069330700228,0.805122000080216,-0.230713361439521,0.291127227579567,-0.0861207544168255,0.485817514513613,0.820302765569902,0.705046431043294,0.942493681941241,0.674047968987786,FALSE,FALSE
"CALML3",0.640959859563113,-0.118792961587204,0.437104330431527,-0.440767834920586,0.203181911746179,-0.00332660916750131,0.981458837308122,-0.308778793890811,0.302125575555808,-0.122119570754705,0.400797589641686,0.820302765569902,0.751852406255926,0.99471295943899,0.595163223023658,FALSE,FALSE
"SPN",0.641501666002216,0.0012230980743851,0.993064639910757,-0.29904463229381,0.301490828442581,0.106045277853371,0.433094395469169,-0.178813702890471,0.390904258597213,0.107268375927756,0.42794704997983,0.820420841243199,0.996888321142537,0.765147407290643,0.622905364242549,FALSE,FALSE
"PGR",0.642250316456163,-0.00664748006838056,0.958208742229427,-0.277335937921301,0.26404097778454,0.0991971520576421,0.416445328517913,-0.157600466882474,0.355994770997758,0.0925496719892615,0.447538008979024,0.820803100512953,0.988547709677612,0.751000715953747,0.641343466170482,FALSE,FALSE
"PRKACG",0.644772752501541,-0.0797210830857858,0.486008111527444,-0.321360076011906,0.161917909840335,-0.0162563860734372,0.879776148709556,-0.245495262820194,0.21298249067332,-0.095977469159223,0.379613132483328,0.823450156273837,0.785245541940711,0.957418885745343,0.576367692830345,FALSE,FALSE
"IRF4",0.645828860172592,-0.116754003261195,0.375089512265414,-0.392896150094511,0.159388143572121,0.083082946356474,0.502714176767284,-0.178888496232105,0.345054388945053,-0.0336710569047211,0.784214420615603,0.824222146723762,0.705046431043294,0.808917457033103,0.891417961339948,FALSE,FALSE
"POU2AF1",0.646586389602239,-0.145466685646492,0.374954818375476,-0.489418628655283,0.198485257362299,0.0427650877240228,0.780087864796207,-0.28353637594044,0.369066551388485,-0.102701597922469,0.505891773765933,0.82448047755623,0.705046431043294,0.932029289550016,0.686943814823532,FALSE,FALSE
"CHEK2",0.646985476409093,-0.0797134752440174,0.414799107899431,-0.285324394356915,0.12589744386888,0.0729951774320081,0.430755446974293,-0.122064467427213,0.268054822291229,-0.00671829781200921,0.941416806170942,0.82448047755623,0.732409571710072,0.761752607294657,0.974383169631825,FALSE,FALSE
"RFC3",0.647386588678399,-0.0743161727176519,0.436161213003394,-0.275317083564498,0.126684738129195,-0.000249573775166406,0.997771556637085,-0.19093578078851,0.190436633238177,-0.0745657464928183,0.410895152157149,0.82448047755623,0.751660490081523,0.999141345183972,0.605721851927946,FALSE,FALSE
"PLA2G5",0.650513702910635,-0.07280149729976,0.562699861949036,-0.339255638708538,0.193652644109018,0.108663322436416,0.367426391179144,-0.144117271214481,0.361443916087314,0.0358618251366562,0.762541352824548,0.827885291361164,0.825212673230734,0.707334561077994,0.879767241117153,FALSE,FALSE
"L1CAM",0.651591955058791,-0.0344648037504307,0.842882981717845,-0.405206116300249,0.336276508799388,0.143485264424938,0.391546399467813,-0.2082308266884,0.495201355538277,0.109020460674508,0.512250891537425,0.828289796217714,0.956331004967293,0.732143626054056,0.692971674911227,FALSE,FALSE
"IL27",0.65173925883213,-0.066312639790649,0.564903715355302,-0.310413255582195,0.177787976000897,-0.0330438153813499,0.761211261406098,-0.264617992626635,0.198530361863935,-0.0993564551719989,0.368314071087027,0.828289796217714,0.825419760226923,0.931951317783014,0.562959112004878,FALSE,FALSE
"TNFRSF17",0.653706620481647,-0.0968498668387404,0.403999163933259,-0.340800647346581,0.1471009136691,0.0813215356938201,0.458708627544753,-0.150110495320355,0.312753566707995,-0.0155283311449203,0.886197578461563,0.830208763122603,0.723436241932171,0.78234741284597,0.949125927636358,FALSE,FALSE
"CACNA2D3",0.654488375416816,-0.0926626866344919,0.434867466179696,-0.342560973498731,0.157235600229747,0.0902671982693563,0.422965015562522,-0.146807132690183,0.327341529228896,-0.00239548836513554,0.982797399726829,0.830208763122603,0.751411386556488,0.755294670647361,0.992811695976938,FALSE,FALSE
"COL2A1",0.654613923360782,-0.0846455982412903,0.553251345764784,-0.386995041309969,0.217703844827388,-0.0372590319816019,0.781982599901059,-0.324092898795732,0.249574834832528,-0.121904630222892,0.37269587728143,0.830208763122603,0.822218001645546,0.932757022757799,0.569179896266619,FALSE,FALSE
"NFATC1",0.656071619501253,0.0660718287902882,0.373191154317765,-0.0895577432359499,0.221701400816526,-0.0406866512211035,0.559392449136612,-0.188329826885145,0.106956524442938,0.0253851775691847,0.714482172111994,0.831162430210623,0.705046431043294,0.845808798404571,0.855671472303775,FALSE,FALSE
"MAP3K8",0.656276746264936,-0.0147233429227928,0.870678942024942,-0.207607515109727,0.178160829264141,0.0729686041526624,0.401979739487871,-0.110017388459381,0.255954596764706,0.0582452612298696,0.501183706510582,0.831162430210623,0.960102108840201,0.741029007985866,0.684625946393572,FALSE,FALSE
"ITGB7",0.657261313859028,-0.115851433983558,0.370125392816706,-0.386930752674919,0.155227884707802,0.0530770575303139,0.660951933319344,-0.204091364559093,0.31024547961972,-0.0627743764532446,0.604540395796985,0.831832106652376,0.705046431043294,0.889555514976255,0.774235945494384,FALSE,FALSE
"CCR3",0.662770406095392,-0.0807937837789766,0.556482848248125,-0.371786731192178,0.210199163634224,0.115427068323534,0.380225676919333,-0.160633080737861,0.391487217384929,0.0346332845445572,0.789236244979302,0.838223140072134,0.822999350123847,0.718645193011556,0.894075820662462,FALSE,FALSE
"CCNB3",0.663403073015582,-0.11431875988335,0.374881458425547,-0.384579354391431,0.155941834624732,0.0579913842234763,0.631040778323447,-0.198400327907543,0.314383096354496,-0.0563273756598733,0.640777351729439,0.838442249482989,0.705046431043294,0.884117728141821,0.799329232335082,FALSE,FALSE
"IL4",0.663898014601708,-0.136424091094916,0.390517517716207,-0.470082867361001,0.197234685171168,0.0394583166856978,0.790543399863488,-0.27707819160591,0.355994824977305,-0.0969657744092184,0.51711899747423,0.838487111867209,0.716275849077465,0.935163775005911,0.696488686635033,FALSE,FALSE
"CR2",0.665053130266751,-0.108954078956005,0.436643629900224,-0.403957427938942,0.186049270026932,0.102877577185644,0.438745146962531,-0.176987172863435,0.382742327234724,-0.00607650177036044,0.963046757777534,0.838871383748012,0.75176851374331,0.771396814264565,0.987393445474157,FALSE,FALSE
"SSX4",0.665121584812808,-0.100263109183755,0.377160618430993,-0.33846808802464,0.137941869657129,0.0454038768182187,0.669332476583632,-0.180577208120605,0.271384961757042,-0.0548592323655364,0.606500023529555,0.838871383748012,0.706424758202714,0.8955511508542,0.775519337009458,FALSE,FALSE
"ITGA7",0.666775653665552,-0.0187353852287689,0.864867211642915,-0.253515286662306,0.216044516204768,-0.0687420061036915,0.514037489323228,-0.291473777311634,0.153989765104251,-0.0874773913324604,0.408912335777327,0.839725886594168,0.960102108840201,0.816635290729985,0.603909441696972,FALSE,FALSE
"FZD9",0.666973759268626,-0.0796544037285494,0.54788591835736,-0.360312477037216,0.201003669580117,-0.0302697150270495,0.808552612275339,-0.296525341638018,0.235985911583919,-0.109924118755599,0.386067323431445,0.839725886594168,0.822218001645546,0.944691752498395,0.579418474722358,FALSE,FALSE
"TNN",0.667331692632277,-0.123947527427971,0.405092894779845,-0.436902976198776,0.189007921342834,0.0268150878479387,0.847288118765383,-0.270080519434827,0.323710695130704,-0.0971324395800321,0.4895862748726,0.839725886594168,0.723436241932171,0.953293645501921,0.676890114880678,FALSE,FALSE
"AIRE",0.667639595314048,-0.111647458746916,0.408739931856727,-0.395812497716654,0.172517580222823,0.022074174167793,0.861379654455557,-0.247508452192671,0.291656800528257,-0.0895732845791226,0.48297383075387,0.839725886594168,0.727257600877246,0.954515062421217,0.672959859780371,FALSE,FALSE
"CXCL1",0.668732291599874,0.302570598423634,0.379643933439617,-0.420157128995686,1.02529832584295,-0.155923679287477,0.629202555706476,-0.84156340332819,0.529716044753236,0.146646919136156,0.649552259996487,0.840520958794607,0.708008888072627,0.884117728141821,0.806965877803668,FALSE,FALSE
"IL17F",0.669742295312587,-0.128339781676606,0.380863308283478,-0.435707453552109,0.179027890198896,0.0685217848341699,0.61794318038089,-0.22307279183479,0.36011636150313,-0.0598179968424364,0.662861310376503,0.841211072914983,0.70866863891375,0.878345460184729,0.816756169499332,FALSE,FALSE
"PRKDC",0.673422111671571,-0.102706035043411,0.398768277162784,-0.358462277857951,0.15305020777113,0.0298051189677214,0.79351544046722,-0.212826556962585,0.272436794898028,-0.0729009160756892,0.525046169200245,0.843253952036699,0.720546639427802,0.936052175779291,0.703531027012076,FALSE,FALSE
"TWIST2",0.67344553061992,0.0435606867443334,0.763125101472423,-0.264270335563499,0.351391709052166,0.0750246818756516,0.58595002776034,-0.217009467609604,0.367058831360907,0.118585368619985,0.393677425942626,0.843253952036699,0.919883296028515,0.862783660226282,0.586499022322687,FALSE,FALSE
"CD8B",0.673794416771639,0.00168814423809244,0.987845226503764,-0.234776534753233,0.238152823229418,-0.079883306278215,0.452846825769985,-0.304213397816162,0.144446785259732,-0.0781951620401225,0.462229069429128,0.843253952036699,0.996523710494919,0.78234741284597,0.652916448690525,FALSE,FALSE
"PFKM",0.673958466603294,0.0553706998225333,0.666561044808046,-0.217761535979601,0.328502935624668,0.051933650158107,0.670089403341754,-0.207182340106573,0.311049640422787,0.10730434998064,0.384659513985625,0.843253952036699,0.873981355754768,0.895907077727986,0.578776433128865,FALSE,FALSE
"PNOC",0.674236630258782,-0.0970520868586301,0.432045317039543,-0.357144051995741,0.163039878278481,0.0862730824652603,0.46088389240216,-0.160471820817454,0.333017985747974,-0.0107790043933698,0.925741997107079,0.843253952036699,0.748796489645931,0.78234741284597,0.968738041697488,FALSE,FALSE
"CTCFL",0.674333553214129,-0.120950997766029,0.408858245753455,-0.42887544945066,0.186973453918602,0.0931184460444699,0.500576915724287,-0.199004338330102,0.385241230419042,-0.0278325517215588,0.839029943732323,0.843253952036699,0.727257600877246,0.807311704428103,0.922983512544599,FALSE,FALSE
"HHIP",0.674603161629359,-0.185288064457843,0.484467328534601,-0.744885609962629,0.374309481046943,0.20476788697973,0.417116365395687,-0.326112958070723,0.735648732030183,0.0194798225218867,0.937596403255686,0.843253952036699,0.785215696781214,0.751468279217305,0.971119997696724,FALSE,FALSE
"CLEC4C",0.676666072901006,-0.116656791923105,0.389063025626958,-0.401067601271883,0.167754017425672,0.0486428238326894,0.701355619364692,-0.221172960781525,0.318458608446903,-0.0680139680904161,0.592924212620067,0.844976951132858,0.714725062609823,0.908446659254916,0.765807988698954,FALSE,FALSE
"TRAF2",0.676907563044514,0.0459102807953297,0.605511756055036,-0.142683469769137,0.234504031359797,0.0276118262976017,0.742486719830828,-0.151303914979613,0.206527567574816,0.0735221070929314,0.388210849337078,0.844976951132858,0.849757040486044,0.926205238339891,0.580705960353512,FALSE,FALSE
"NECTIN2",0.677660286591271,-0.080770625911166,0.667557142039156,-0.480475997993273,0.318934746170941,0.155916018714455,0.387935597542341,-0.223277791920906,0.535109829349816,0.0751453928032891,0.673558511613682,0.845338361605652,0.873981355754768,0.726881381432004,0.824996163553671,FALSE,FALSE
"SNCA",0.678910835258413,-0.09896234962496,0.389280390265296,-0.340348062415564,0.142423363165644,0.0453317730178006,0.673889569043359,-0.183666821094664,0.274330367130265,-0.0536305766071595,0.619118199014246,0.846319859526369,0.714725062609823,0.899669688005947,0.784646328611805,FALSE,FALSE
"LCK",0.679830197341721,0.0459629450481591,0.770652275680023,-0.289869794328688,0.381795684425006,0.0816006741358099,0.587074194501958,-0.236998236649556,0.400199584921176,0.127563619183969,0.400123534056645,0.846584915862516,0.921224425492646,0.862783660226282,0.594646131639557,FALSE,FALSE
"IFNG",0.680051225564081,-0.0909965118750981,0.460852594901445,-0.35123203830076,0.169239014550563,0.090257772778314,0.44118349840797,-0.156623324701094,0.337138870257722,-0.00073873909678414,0.994905254646466,0.846584915862516,0.768789749264294,0.772706223219333,0.998736022953686,FALSE,FALSE
"CX3CL1",0.683070457796509,0.113496855668362,0.411397220132859,-0.177068308130102,0.404062019466826,-0.0298161863462675,0.817661637067474,-0.305470504237182,0.245838131544647,0.0836806693220943,0.520838182606662,0.849763861948622,0.730854713369712,0.947223396782408,0.69891888474791,FALSE,FALSE
"TRGC1/2",0.684443472479937,0.000738711678732237,0.994987853866317,-0.250201687600301,0.251679110957765,-0.082520396622461,0.464666564472985,-0.320583362224607,0.155542568979685,-0.0817816849437288,0.468583612913866,0.850588918390597,0.997721336981335,0.783340722775081,0.659849609234417,FALSE,FALSE
"HDC",0.685143010618954,-0.0461544133204198,0.744034440431123,-0.347103471647231,0.254794645006392,0.114157168282508,0.400748230044155,-0.171348176916168,0.399662513481184,0.0680027549620879,0.613226697863594,0.850588918390597,0.909503577601065,0.741029007985866,0.781521455028673,FALSE,FALSE
"MICB",0.686016751838611,-0.0468432212454163,0.673779027693363,-0.283391325560327,0.189704883069494,0.0907522826600509,0.395556498144301,-0.133656953089016,0.315161518409117,0.0439090614146345,0.677423841710022,0.850588918390597,0.877976242800107,0.73587218054368,0.828034353890522,FALSE,FALSE
"AQP9",0.686259385463687,-0.00821963743525438,0.956696132048099,-0.331223379536097,0.314784104665588,0.109264710670496,0.452254957240357,-0.19716354466839,0.415692966009381,0.101045073235241,0.48622427799053,0.850588918390597,0.988547709677612,0.782336774373129,0.674047968987786,FALSE,FALSE
"REN",0.686480509724859,-0.113414295318641,0.395670668859108,-0.39393130897805,0.167102718340769,0.0589063777182493,0.638282441202517,-0.207215427959441,0.325028183395939,-0.0545079176003913,0.663347405497602,0.850588918390597,0.71729533161934,0.884117728141821,0.816756169499332,FALSE,FALSE
"CREB3L3",0.687002621935024,-0.06428169721436,0.659912512269353,-0.374714782607371,0.246151388178651,-0.0546801520226499,0.692934070502662,-0.349182835297288,0.239822531251988,-0.11896184923701,0.396082141374886,0.850588918390597,0.868305937196517,0.907828197176854,0.589600251230968,FALSE,FALSE
"CXCR1",0.687265397622111,-0.0856552752584008,0.505714150954136,-0.357681734531087,0.186371184014285,0.0982651529343489,0.422942470503042,-0.159801805605467,0.356332111474165,0.0126098776759482,0.916974166628325,0.850588918390597,0.791952496016325,0.755294670647361,0.964032114627321,FALSE,FALSE
"MYB",0.68785571391775,-0.0533848973864436,0.686625679181139,-0.334767806205478,0.22799801143259,0.107431081736203,0.397776671135732,-0.159512184217285,0.374374347689691,0.0540461843497592,0.66696232455579,0.850588918390597,0.884327356743528,0.737746366689747,0.820219839834445,FALSE,FALSE
"TPI1",0.687928352627135,-0.00609299411436264,0.956222327217904,-0.242932618283701,0.230746630054976,-0.0737960035635619,0.487922729886639,-0.298481799329574,0.150889792202451,-0.0798889976779245,0.453514047091316,0.850588918390597,0.988547709677612,0.799493967987907,0.646634309726225,FALSE,FALSE
"IL1RL2",0.688968377791324,-0.0786456226102708,0.426392083445882,-0.28677421596563,0.129482970745088,0.016103142550744,0.861926038426338,-0.181344977812232,0.21355126291372,-0.0625424800595268,0.503231012003552,0.851298097135522,0.741816541743312,0.954515062421217,0.684859505523104,FALSE,FALSE
"POLE2",0.690664465224986,-0.0113000150316895,0.918982838207927,-0.248316923217138,0.225716893153759,0.0817408084113505,0.443701831369487,-0.143113173739757,0.306594790562458,0.070440793379661,0.507844862773681,0.852816406654668,0.974917730528387,0.77488597344432,0.688060040506286,FALSE,FALSE
"ENO1",0.691693819650026,0.104093413439153,0.404567609989346,-0.158429757901993,0.366616584780298,-0.0635307155107732,0.588563745262376,-0.312582063513371,0.185520632491825,0.0405626979283796,0.728852469398884,0.853509953253075,0.723436241932171,0.863447616642956,0.864829060994723,FALSE,FALSE
"IL3",0.6948305721247,3.25243930923159e-06,0.999977632593411,-0.247577078509036,0.247583583387654,0.0793749415743856,0.475685101391335,-0.155500383322128,0.314250266470899,0.0793781940136949,0.475667410649508,0.856801212248363,0.999977632593411,0.792206770539081,0.665280254452663,FALSE,FALSE
"C8A",0.696156796676421,-0.09488315301833,0.415175270142263,-0.339825473970781,0.150059167934121,0.0306495094902386,0.778722854915734,-0.20172317938308,0.263022198363557,-0.0642336435280914,0.558197956126672,0.857328114987137,0.732409571710072,0.932029289550016,0.734349164165076,FALSE,FALSE
"HOXA10",0.696197406252568,-0.00390908344531817,0.976705178182684,-0.289581574661998,0.281763407771361,0.0932343485052352,0.467960666383867,-0.177778372624511,0.364247069634981,0.089325265059917,0.486422561729816,0.857328114987137,0.992918435666949,0.784952404550145,0.674047968987786,FALSE,FALSE
"TREM1",0.697656149514195,0.0330540584995519,0.81626449540036,-0.270163834015904,0.336271951015008,0.0763812689859147,0.573600170880778,-0.211276481313575,0.364039019285404,0.109435327485467,0.423343078752713,0.858140774018529,0.941491593976507,0.859408585519564,0.618080894978962,FALSE,FALSE
"PPP3R2",0.69779775816082,-0.0920209005235087,0.472746973770373,-0.362472363301689,0.178430562254671,0.00215003923782997,0.98573301425572,-0.25442274643316,0.258722824908819,-0.0898708612856787,0.460095845263908,0.858140774018529,0.778233016877966,0.996103405878565,0.652544811755215,FALSE,FALSE
"LYN",0.698672038549965,0.046749485853686,0.738779530482647,-0.251692858828962,0.345191830536334,-0.110506289326999,0.411747665107991,-0.393633557158462,0.172620978504463,-0.0637568034733134,0.632528824742496,0.858313247429745,0.907927705812007,0.747700983902571,0.793923731193298,FALSE,FALSE
"CD69",0.699211148631745,0.0750242883060005,0.540640188164697,-0.18452995567157,0.334578532283571,-0.093575243687918,0.423831022892037,-0.339810019887567,0.152659532511732,-0.0185509553819175,0.872346674557821,0.858313247429745,0.820173186534142,0.755917418632061,0.93891371509226,FALSE,FALSE
"SLAMF6",0.699348930919469,0.0936604345038694,0.492759036723032,-0.194769519686557,0.382090388694296,-0.0987197157532239,0.44707028284411,-0.372348395951156,0.174908964444708,-0.00505928124935448,0.968528130763101,0.858313247429745,0.789523405624896,0.777791483499048,0.98857037955406,FALSE,FALSE
"CACNA1G",0.699850787966985,-0.0959267298761598,0.476824493778933,-0.380530340424158,0.188676880671838,0.00132533821642337,0.99164245618863,-0.268673353675336,0.271324030108182,-0.0946013916597364,0.459967121085031,0.858351940886927,0.780452646768209,0.998206002506481,0.652544811755215,FALSE,FALSE
"CD3EAP",0.701650035941992,-0.108426884408735,0.476795549870724,-0.430095430443996,0.213241661626525,0.0022488398940211,0.987453255879397,-0.302912737237824,0.307410417025866,-0.106178044514714,0.463021903593358,0.859980735791897,0.780452646768209,0.99673793804198,0.653530529047083,FALSE,FALSE
"NASP",0.703712758462748,-0.0876191619087607,0.482463623018439,-0.351006873794739,0.175768549977218,0.000397335369282117,0.997292539740446,-0.249474187808687,0.250268858547251,-0.0872218265394785,0.461608412041634,0.861239987519684,0.784317349676685,0.999141345183972,0.652544811755215,FALSE,FALSE
"PRG2",0.703802092086351,-0.0592575017746784,0.617631218923945,-0.311201810345963,0.192686806796606,-0.0336608148645578,0.764220841318888,-0.272676172445021,0.205354542715905,-0.0929183166392362,0.413556128262187,0.861239987519684,0.854569351430022,0.931951317783014,0.6071922237156,FALSE,FALSE
"NSD3",0.704093184317462,0.0456986606160983,0.622237855385201,-0.151200153275046,0.242597474507243,-0.0726331684549965,0.413456742561023,-0.259427784599482,0.114161447689489,-0.0269345078388982,0.758786739243763,0.861239987519684,0.856672260941023,0.748431097972004,0.879185258252307,FALSE,FALSE
"IFNA1",0.704743602802176,-0.0621404528815146,0.696951330410038,-0.401527782382074,0.277246876619044,-0.0630340877837431,0.677253242831405,-0.38500517885089,0.258937003283404,-0.125174540665258,0.413531466803031,0.861458188287991,0.88793880456743,0.90276680544326,0.6071922237156,FALSE,FALSE
"CNOT2",0.705262588835893,-0.047060861379355,0.668937043644827,-0.280989202760802,0.186867480002093,-0.0393056996327177,0.70632723153788,-0.261229610041956,0.18261821077652,-0.0863665610120726,0.41306911166235,0.861471422161529,0.873981355754768,0.908446659254916,0.6071922237156,FALSE,FALSE
"TICAM1",0.706040888757443,-0.0571736277402992,0.477364749568199,-0.227013926589965,0.112666671109367,0.0551606454603963,0.470081109775666,-0.10596400939419,0.216285300314982,-0.00201298227990293,0.978731227583398,0.861471422161529,0.780636799249071,0.785899080833684,0.99232471685539,FALSE,FALSE
"IL2",0.706170546604738,0.0088878996018461,0.942864880008314,-0.255717558491858,0.273493357695551,0.0781166903133061,0.510620537377271,-0.172910088353197,0.329143468979809,0.0870045899151522,0.464714150699558,0.861471422161529,0.982150916675327,0.815542030248531,0.655412152261741,FALSE,FALSE
"CX3CR1",0.708562670646926,0.0580306643957156,0.627290490339802,-0.195715890076459,0.31177721886789,-0.0927603191979603,0.417558380946475,-0.333485437363577,0.147964798967657,-0.0347296548022447,0.758661089173532,0.863812207034496,0.858818563293427,0.751522727048636,0.879185258252307,FALSE,FALSE
"ASPG",0.709924609898779,-0.100196698617708,0.49639713244014,-0.411420340941239,0.211026943705822,0.103259259949197,0.460774929868602,-0.191993411481583,0.398511931379978,0.00306256133148906,0.982340700192031,0.86489480177922,0.790322249023191,0.78234741284597,0.992811695976938,FALSE,FALSE
"CCL13",0.711955671354834,-0.117757492690846,0.450986500752645,-0.447056034546354,0.211541049164662,0.0958411285917407,0.516506406580743,-0.216558898138968,0.408241155322449,-0.0219163640991051,0.881053391223112,0.866790593877633,0.759972635155658,0.817631290389754,0.945836728813047,FALSE,FALSE
"CLEC6A",0.712740802105048,-0.102975604886732,0.423168564680903,-0.373548862822474,0.16759765304901,0.0419120468617363,0.728198557773717,-0.214776283841016,0.298600377564488,-0.0610635580249961,0.61366000804804,0.867167975894475,0.739734320443149,0.916512553301086,0.781527923717846,FALSE,FALSE
"GDF6",0.71451260912243,-0.101839028240397,0.495871836405177,-0.417770702062779,0.214092645581984,0.102969089918951,0.468555343776257,-0.196750012361486,0.402688192199387,0.0011300616785532,0.9935804438326,0.868670365721439,0.790322249023191,0.785228193197125,0.9979550412738,FALSE,FALSE
"LILRA4",0.714927610582796,-0.0183262216130549,0.886196780446831,-0.2914556827243,0.25480323949819,0.0918212384451377,0.454993042908908,-0.167292119516638,0.350934596406913,0.0734950168320829,0.548125585479803,0.868670365721439,0.962684002568731,0.78234741284597,0.725928297170277,FALSE,FALSE
"CCR9",0.717922856572862,-0.0894311221509975,0.515801828087882,-0.38043932399452,0.201577079692524,-0.00727278252308382,0.955173128016304,-0.283347403207746,0.268801838161578,-0.0967039046740814,0.460086549307134,0.871729350130055,0.799098757436659,0.98580144970765,0.652544811755215,FALSE,FALSE
"PMCH",0.718456450909636,-0.0126180088388098,0.939635058657044,-0.368134678652038,0.342898660974418,0.114300222459621,0.474471696416108,-0.222972504370728,0.45157294928997,0.101682213620811,0.523658676250548,0.871797222679578,0.981363155148943,0.792206770539081,0.702187424068516,FALSE,FALSE
"RIMKLA",0.719351649297626,-0.115864963743445,0.442575538723843,-0.433781911696372,0.202051984209483,0.0325148561444072,0.818253462955773,-0.26908764254573,0.334117354834544,-0.0833501075990375,0.558292824322628,0.872303494995461,0.752963662534324,0.947223396782408,0.734349164165076,FALSE,FALSE
"CCL11",0.720986117116964,-0.100699380923732,0.462376911482505,-0.389688339383853,0.188289577536388,0.0172126760712684,0.893462181488362,-0.256946322140862,0.291371674283398,-0.0834867048524637,0.519559825996238,0.872835001703737,0.769405849095421,0.96302074670979,0.698744791778286,FALSE,FALSE
"HMGA2",0.721756665398617,-0.0509026156365965,0.762340252310792,-0.409387540633965,0.307582309360772,0.125991455629712,0.435271971487879,-0.214097205318182,0.466080116577607,0.0750888399931159,0.639123174202447,0.872835001703737,0.919883296028515,0.76750854875882,0.798718730479857,FALSE,FALSE
"FGF21",0.721872811943761,-0.0812264458180022,0.593816599349163,-0.404245917351713,0.241793025715709,-0.0320590092870007,0.823530741116385,-0.338502186876136,0.274384168302135,-0.113285455105003,0.436224116242072,0.872835001703737,0.845991642320235,0.94865586882984,0.63144849560805,FALSE,FALSE
"CD274",0.722205118472923,-0.0705713700203932,0.577362736942299,-0.339015479451649,0.197872739410863,-0.0227010139796633,0.849254047536952,-0.27736945705714,0.231967429097814,-0.0932723840000565,0.440382251307473,0.872835001703737,0.837132380574906,0.953293645501921,0.634832234309745,FALSE,FALSE
"MMP3",0.723819843074178,0.0122506797360823,0.919894976421853,-0.247643613912366,0.272144973384531,0.0716230436882898,0.53865498253543,-0.174934331954629,0.318180419331209,0.0838737234243721,0.472835927694269,0.872835001703737,0.974917730528387,0.830125218902094,0.663278684121476,FALSE,FALSE
"LILRB2",0.72473227805571,-0.0386057447501514,0.777938736241868,-0.330234684150165,0.253023194649863,-0.0627596627462694,0.630051656909259,-0.339423166783248,0.213903841290709,-0.101365407496421,0.440218125582391,0.872835001703737,0.923106757894285,0.884117728141821,0.634832234309745,FALSE,FALSE
"CCR7",0.724737954038162,0.0322944040061345,0.813333711440544,-0.259207126413597,0.323795934425866,-0.0999218813346643,0.446400376051531,-0.376464514600027,0.176620751930698,-0.0676274773285298,0.603884998637665,0.872835001703737,0.941474976599966,0.777469700016173,0.773939692776502,FALSE,FALSE
"CSF3",0.724940623673191,-0.172560020497969,0.592190341314597,-0.855743539792393,0.510623498796456,-0.0649824802787147,0.830747360579531,-0.713107274536707,0.583142313979277,-0.237542500776683,0.440069539930923,0.872835001703737,0.845855951243402,0.949390442471504,0.634832234309745,FALSE,FALSE
"SOST",0.725204986798383,-0.0588242474285941,0.625128867883983,-0.31441856241791,0.196770067560722,-0.0310487113903504,0.785001168570608,-0.273526769097377,0.211429346316676,-0.0898729588189445,0.435058072489112,0.872835001703737,0.858435051834665,0.933307578267987,0.630644147968729,FALSE,FALSE
"MPO",0.725379187973214,-0.0867125195025357,0.563583780434828,-0.404811102095357,0.231386063090285,-0.0218459982216997,0.877294117531013,-0.323620810661051,0.279928814217652,-0.108558517724235,0.448356905848661,0.872835001703737,0.825419760226923,0.956743776661742,0.641589807799119,FALSE,FALSE
"SERINC3",0.725584668434876,-0.0679997974282306,0.521815070065576,-0.292534706663365,0.156535111806904,0.0732889585785021,0.467913422834451,-0.139723559642158,0.286301476799163,0.00528916115027156,0.957745321672964,0.872835001703737,0.802961638170048,0.784952404550145,0.984728031237743,FALSE,FALSE
"TNFSF8",0.725707221084667,-0.0398660617805397,0.682381550799201,-0.247006012457066,0.167273888895987,-0.0333258721759504,0.718191971882279,-0.229836083741778,0.163184339389878,-0.0731919339564901,0.432870841561254,0.872835001703737,0.881379795829339,0.912077349063113,0.627972405285603,FALSE,FALSE
"PPP2R1A",0.726297720707782,-0.0941229267544678,0.577506666928113,-0.452291259242116,0.264045405733181,-0.028969794384589,0.855734425093436,-0.368758109306224,0.310818520537046,-0.123092721139057,0.445250641280734,0.872835001703737,0.837132380574906,0.954515062421217,0.640837870928501,FALSE,FALSE
"CD38",0.726485680870124,-0.0405172985268951,0.768028638365961,-0.333102797323846,0.252068200270056,0.101663838835441,0.440367365513147,-0.175907137125005,0.379234814795887,0.061146540308546,0.6398759102938,0.872835001703737,0.920578585818972,0.772571164660486,0.79875070881408,FALSE,FALSE
"IRGM",0.727284181469984,-0.0961525606782303,0.440630314824286,-0.358831168920918,0.166526047564458,0.0611164593215166,0.602853586069741,-0.188082349073475,0.310315267716509,-0.0350361013567137,0.764603118013278,0.873219494199159,0.752963662534324,0.87023829024992,0.880934779276662,FALSE,FALSE
"PPBP",0.730601049090758,-0.0709414254684007,0.56295330310809,-0.330758692843712,0.188875841906911,0.0872944145950993,0.455252685056657,-0.159189887508984,0.333778716699182,0.0163529891266986,0.887463019375996,0.876418444602535,0.825212673230734,0.78234741284597,0.949641590965906,FALSE,FALSE
"GHR",0.731027795695003,-0.0897318446045849,0.439451052289705,-0.334222009365215,0.154758320156045,0.0504432193707237,0.64411234007029,-0.181500516475304,0.282386955216752,-0.0392886252338612,0.718508223538928,0.876418444602535,0.752963662534324,0.884117728141821,0.856733600613086,FALSE,FALSE
"CD84",0.731389200618992,0.0990361118646698,0.509206769079254,-0.218133463249243,0.416205686978583,-0.0992221051030531,0.486215107614374,-0.4001155836634,0.201671373457294,-0.000185993238383279,0.998947537067722,0.876418444602535,0.794954964559143,0.799493967987907,0.998947537067722,FALSE,FALSE
"CRLF2",0.732400387757895,-0.0831250809522231,0.496712120344986,-0.341514877819052,0.175264715914606,0.0783447384136606,0.49947064917611,-0.166785346260565,0.323474823087886,-0.00478034253856247,0.96680723502445,0.877054270116902,0.790322249023191,0.807311704428103,0.988480926558083,FALSE,FALSE
"TCL1B",0.733336310164014,-0.0884904471694595,0.524980366648818,-0.382960226717244,0.205979332378325,-0.00543935233261533,0.966858918671784,-0.284797913970215,0.273919209304985,-0.0939297995020749,0.477874319424372,0.877539391143044,0.805116948852178,0.988767548463477,0.667779963973567,FALSE,FALSE
"TNFRSF10A",0.733767184046183,0.0325860418406195,0.747902752260685,-0.183283876010424,0.248455959691663,0.0417056663826937,0.665145295201248,-0.163086519234128,0.246497851999515,0.0742917082233132,0.444634144388412,0.877539391143044,0.911464703382403,0.893207840429701,0.640455653913853,FALSE,FALSE
"TSLP",0.734258518713215,-0.0974994765347721,0.455606782819008,-0.373020361396238,0.178021408326694,0.0690094814266688,0.575753221361574,-0.192372580305502,0.33039154315884,-0.0284899951081033,0.816286618679636,0.877551929699815,0.765637549396583,0.859408585519564,0.909476849261499,FALSE,FALSE
"TERT",0.738569867850612,-0.104260077534234,0.467659054437506,-0.407112280128899,0.19859212506043,0.0249035847783859,0.853362396050607,-0.262407241600983,0.312214411157755,-0.0793564927558484,0.55850774786911,0.881983579508808,0.775888885771316,0.954515062421217,0.734349164165076,FALSE,FALSE
"TNFSF9",0.738933092092585,0.00596682067136706,0.973974159654426,-0.384310929754603,0.396244571097337,0.110682912371221,0.527106194912547,-0.259567071058623,0.480932895801065,0.116649733042588,0.505477883838533,0.881983579508808,0.992463898028658,0.820092758495651,0.6868928801231,FALSE,FALSE
"S100A12",0.739945548959063,-0.0809864322057927,0.45097156741921,-0.30745026034524,0.145477395933654,0.0318564571072225,0.752202010524889,-0.182985994261253,0.246698908475698,-0.0491299750985702,0.627314775990652,0.882122273832135,0.759972635155658,0.92880388948863,0.789551355988235,FALSE,FALSE
"CCL16",0.740016000677808,-0.0305011390790332,0.854417883243438,-0.384974709551283,0.323972431393216,-0.0848473382711671,0.592585739456938,-0.421130494178522,0.251435817636188,-0.1153484773502,0.469241617269616,0.882122273832135,0.959450327019939,0.866561678292398,0.660266732087163,FALSE,FALSE
"PLA2G4E",0.740600716509467,-0.0961056519683374,0.457510437473503,-0.368866235825594,0.176654931888919,0.0644888397028009,0.597070106075885,-0.194274570569085,0.323252249974687,-0.0316168122655365,0.794591450573963,0.882243020646069,0.766718593562114,0.86735283506159,0.89585589191159,FALSE,FALSE
"GZMK",0.741667551484629,0.0406513899898842,0.773476288556859,-0.26019475926877,0.341497539248538,-0.101075836996757,0.45526845190686,-0.386483554081254,0.18433188008774,-0.060424447006873,0.65284519555825,0.882937561291224,0.921406153143778,0.78234741284597,0.809567489501365,FALSE,FALSE
"ACOT12",0.743597791495366,-0.0857571207129038,0.546583107707529,-0.386921541779041,0.215407300353233,0.0954398275903176,0.48068394045149,-0.190269828642179,0.381149483822814,0.00968270687741382,0.942354272976571,0.884658389490902,0.822218001645546,0.796258313667907,0.97438897914008,FALSE,FALSE
"WNT16",0.746412424382515,-0.0616593895540812,0.593350598354795,-0.306551995623136,0.183233216514974,0.0803388064126037,0.465712155732035,-0.151986718781173,0.31266433160638,0.0186794168585225,0.863858755256397,0.887428452441753,0.845988157810548,0.783340722775081,0.933970514421164,FALSE,FALSE
"CTLA4",0.748138053651729,-0.0189044848189138,0.870593432887852,-0.266398704668794,0.228589735030967,0.0784055372869773,0.480826651605273,-0.156388095448646,0.313199170022601,0.0595010524680635,0.590980080549881,0.888901007756775,0.960102108840201,0.796258313667907,0.765255841703211,FALSE,FALSE
"LTK",0.749045103305872,-0.0717092778087817,0.600661229571138,-0.362320281690964,0.218901726073401,0.0950484435303815,0.467033203713583,-0.180649362082338,0.370746249143101,0.0233391657215998,0.856743059133534,0.889399683495912,0.849114441492895,0.784839407713894,0.929714850082355,FALSE,FALSE
"CACNB4",0.75032337871672,-0.0485677214264419,0.689462102534822,-0.30704600910418,0.209910566251296,0.0863329531894531,0.45785029076246,-0.158881081239113,0.331546987618019,0.0377652317630112,0.742998445698916,0.889652664914121,0.886728919750564,0.78234741284597,0.873693404252913,FALSE,FALSE
"BAMBI",0.750769030270287,-0.0621753122212894,0.57997657791538,-0.300337235309879,0.1759866108673,0.0763413932533457,0.475764157251883,-0.14959884541239,0.302281631919082,0.0141660810320562,0.893605785536869,0.889652664914121,0.838714147936267,0.792206770539081,0.954818828222942,FALSE,FALSE
"P2RY13",0.751015517512448,0.0460531035944517,0.643004333381043,-0.164991715727377,0.257097922916281,0.0238610542597222,0.79952346774734,-0.176353640970985,0.22407574949043,0.0699141578541739,0.461446387195744,0.889652664914121,0.86252568408927,0.939548202424017,0.652544811755215,FALSE,FALSE
"KLRC2",0.751415417835934,0.0728274295949475,0.644081311314071,-0.262009833129132,0.407664692319028,-0.110841278448131,0.461771578376064,-0.428495797159418,0.206813240263155,-0.0380138488531837,0.798714078047235,0.889652664914121,0.86252568408927,0.78234741284597,0.898122731014297,FALSE,FALSE
"NTRK1",0.751740361538347,-0.0828640793234636,0.52059655862717,-0.355667478972249,0.189939320325322,0.00279227589920174,0.981631802712121,-0.256011752999,0.261596304797404,-0.0800718034242619,0.51302022417159,0.889652664914121,0.802961638170048,0.99471295943899,0.693013996382792,FALSE,FALSE
"SH2D1B",0.752890383038406,-0.0799700003423331,0.540047255558096,-0.356223155293172,0.196283154608506,0.0837735919220318,0.499407288001272,-0.17830316221359,0.345850346057654,0.00380359157969874,0.97529359565445,0.889652664914121,0.819955275701769,0.807311704428103,0.99086905668564,FALSE,FALSE
"IGF2R",0.75332818374069,-0.0244717362115125,0.90599924961795,-0.466568209866722,0.417624737443697,0.13525949937158,0.495669126494457,-0.284150041312146,0.554669040055306,0.110787763160068,0.575561941388762,0.889652664914121,0.969764592699565,0.805517502985204,0.751312366844157,FALSE,FALSE
"BDNF",0.753526943355126,-0.108491111381317,0.469166440370889,-0.424727812041042,0.207745589278408,0.0373656662860279,0.790719693696915,-0.262642809860453,0.337374142432509,-0.071125445095289,0.614857475858088,0.889652664914121,0.776977090450883,0.935163775005911,0.781961598216732,FALSE,FALSE
"GADL1",0.753645490387524,-0.0709043011312194,0.560348766327076,-0.328837828320149,0.18702922605771,0.0802676818246748,0.488457958524118,-0.164429547426721,0.32496491107607,0.00936338069345541,0.934929894597722,0.889652664914121,0.824973709500051,0.799493967987907,0.970607587539626,FALSE,FALSE
"ZAP70",0.754421373477127,0.0852957081710164,0.47089419199707,-0.164320913193925,0.334912329535958,-0.0287160301333482,0.796100919028002,-0.265523149738067,0.208091089471371,0.0565796780376682,0.612131424901995,0.889992893727056,0.778233016877966,0.936740281899487,0.781216678633665,FALSE,FALSE
"CD96",0.756531045649412,0.0822105486616997,0.507309324467946,-0.179876486193238,0.344297583516637,-0.0723966175115954,0.53771900509333,-0.321034210114057,0.176240975090867,0.0098139311501043,0.932885052351381,0.891905141027246,0.793350057544131,0.829605555211028,0.970607587539626,FALSE,FALSE
"FCRL2",0.75837947175903,-0.0934678008776191,0.493181743787606,-0.381591768004625,0.194656166249387,0.0742291665214005,0.565039291978405,-0.199109228860046,0.347567561902847,-0.0192386343562186,0.880668173685995,0.893507124570839,0.789523405624896,0.850822366221608,0.945836728813047,FALSE,FALSE
"NOS3",0.76200683965086,0.0642643149547947,0.58299317301647,-0.183898884195682,0.312427514105272,-0.0769070391689713,0.490225764148437,-0.312335321393812,0.15852124305587,-0.0126427242141766,0.908792083483106,0.896615758667769,0.841077107316251,0.800240014442163,0.962033383037511,FALSE,FALSE
"FGF16",0.76202861348845,-0.0873128292987152,0.555106477284692,-0.400675412796539,0.226049754199109,0.0938638528144807,0.504572240546275,-0.203417996383865,0.391145702012826,0.00655102351576552,0.96249556654429,0.896615758667769,0.822999350123847,0.808917457033103,0.98738302919805,FALSE,FALSE
"IFNL1",0.762491867097193,-0.0497839610913177,0.701640866578328,-0.326208589660696,0.226640667478061,-0.039862667363679,0.746206597154358,-0.302102095657265,0.222376760929907,-0.0896466284549967,0.470712085312722,0.896615758667769,0.88793880456743,0.927302341415545,0.66182554367929,FALSE,FALSE
"CR1",0.763440327964165,-0.0690499360265483,0.537651636717618,-0.306153821491176,0.16805394943808,0.068454167646675,0.519819402805645,-0.1564823283965,0.29339066368985,-0.000595768379873295,0.995490405598014,0.897152993261172,0.818125733266193,0.817631290389754,0.998774046298172,FALSE,FALSE
"ITGA2B",0.764728380333614,-0.0995983437099555,0.52103923985178,-0.427848549848792,0.228651862428881,0.00922482699512897,0.949600293426722,-0.302180661150423,0.320630315140681,-0.0903735167148265,0.539041127430819,0.898088348847391,0.802961638170048,0.984111604488227,0.717541982174504,FALSE,FALSE
"LTA",0.765568775656082,-0.113996986089776,0.475503082133842,-0.45117889618634,0.223184924006789,0.0493869166147275,0.742384341947915,-0.270491929898654,0.369265763128109,-0.064610069475048,0.667699015124875,0.898128515508913,0.780389500804191,0.926205238339891,0.820375953144601,FALSE,FALSE
"CD28",0.765746832948969,-0.0344040560500254,0.789593510112669,-0.309115387167058,0.240307275067007,0.0869945153289674,0.48099115964932,-0.173619536286986,0.347608566944921,0.0525904592789419,0.667988310341302,0.898128515508913,0.92908327269866,0.796258313667907,0.820375953144601,FALSE,FALSE
"TMEFF2",0.76860392194544,0.0171374200912395,0.880163008041117,-0.225312208055546,0.259587048238025,0.0557725812310682,0.606909251381795,-0.174235331610345,0.285780494072482,0.0729100013223078,0.502920246817494,0.900211872260901,0.960102108840201,0.872133373048642,0.684859505523104,FALSE,FALSE
"CCL23",0.769480809065456,-0.037771814999084,0.784865625591087,-0.332563487153555,0.257019857155387,0.0926878758802654,0.484058620807683,-0.186976059897064,0.372351811657595,0.0549160608811814,0.67634432504694,0.900211872260901,0.926321757609532,0.798152359362117,0.827852711744242,FALSE,FALSE
"CDC25C",0.770258944218273,-0.0721172204366067,0.494217247362952,-0.294970151390539,0.150735710517326,0.0517993490005546,0.603206266940356,-0.159617504517046,0.263216202518155,-0.0203178714360521,0.837655447166534,0.900211872260901,0.790322249023191,0.87023829024992,0.922287915672337,FALSE,FALSE
"IL2RB",0.770271439236394,0.0776616108442354,0.481047189158288,-0.155023728835728,0.310346950524199,-0.0447445116180565,0.66660223488507,-0.265489207073648,0.176000183837535,0.0329170992261789,0.750850200841192,0.900211872260901,0.78314997342897,0.893207840429701,0.878272354341251,FALSE,FALSE
"MPL",0.770399360418441,-0.0766741160919936,0.530006084853274,-0.335001633344582,0.181653401160595,0.00592309585580099,0.95886968643431,-0.239147905188586,0.250994096900188,-0.0707510202361926,0.541128909565379,0.900211872260901,0.810780473476299,0.986435838637326,0.718748369692006,FALSE,FALSE
"EBI3",0.77095596495736,0.083097721976858,0.480161730908188,-0.165362302493381,0.331557746447097,-0.0391560829315195,0.723687318858652,-0.274865958379657,0.196553792516618,0.0439416390453386,0.691760284307262,0.900211872260901,0.783105593304239,0.914316854330465,0.836974314730395,FALSE,FALSE
"IFNA7",0.770975976078788,-0.0621451340529356,0.627889689043082,-0.334361164256437,0.210070896150565,0.0847730554832486,0.488152671660822,-0.173473745832427,0.343019856798924,0.022627921430313,0.851787638583223,0.900211872260901,0.858994514620408,0.799493967987907,0.928067128605601,FALSE,FALSE
"FZD6",0.772299374151847,-0.0281136542544494,0.848383505228519,-0.34166733519239,0.285440026683491,-0.0671510711217062,0.631693987970731,-0.36461421126979,0.230312069026378,-0.0952647253761556,0.498612329030851,0.900496164117666,0.956331004967293,0.884117728141821,0.683261581097916,FALSE,FALSE
"CMA1",0.772667510303895,-0.0996548976318754,0.502594425353528,-0.41379009621669,0.214480300952939,0.0756383162638793,0.590417953588903,-0.222376499963316,0.373653132491074,-0.0240165813679961,0.863546228387118,0.900496164117666,0.791952496016325,0.864777500240568,0.933970514421164,FALSE,FALSE
"TNFRSF18",0.772736312690493,-0.0142598286700378,0.89683051269102,-0.248851460886391,0.220331803546316,0.0690811770008579,0.511668835416201,-0.153471986345206,0.291634340346921,0.0548213483308201,0.601280211297786,0.900496164117666,0.96789809914909,0.815542030248531,0.771142927349585,FALSE,FALSE
"POLD1",0.773193144751991,0.0163311662685553,0.828607889444877,-0.144484436087846,0.177146768624957,0.0329190537861852,0.646691233165408,-0.119644022235266,0.185482129807636,0.0492502200547406,0.495251413305718,0.900496164117666,0.947144286334008,0.885379970387749,0.681309530641996,FALSE,FALSE
"FOLH1",0.77411404455151,-0.0949055333215331,0.484239492558834,-0.381381784103763,0.191570717460696,0.0523627913521248,0.682056408524929,-0.219412443053107,0.324138025757356,-0.0425427419694084,0.73895296124824,0.900749767371778,0.785215696781214,0.90276680544326,0.871120132329747,FALSE,FALSE
"RPS6KA6",0.774398019181545,-0.0592385409348547,0.650208925265903,-0.33676731656718,0.218290234697471,-0.0271976187671807,0.825710434053627,-0.290484532937977,0.236089295403615,-0.0864361597020354,0.488110185629265,0.900749767371778,0.863632670022033,0.948803053099254,0.675360946757702,FALSE,FALSE
"WNT2B",0.775693729544628,-0.0897618277581182,0.520764928618896,-0.385395340902467,0.20587168538623,0.0760650745790289,0.565536800696694,-0.204397501685012,0.356527650843069,-0.0136967531790893,0.917019041640016,0.901495028394885,0.802961638170048,0.8508694651867,0.964032114627321,FALSE,FALSE
"CCL22",0.77602667923746,-0.000712017700429637,0.996958965342146,-0.399361131593798,0.397937096192939,0.1065227254482,0.550875505094572,-0.271669030685076,0.484714481581476,0.105810707747771,0.553501172695663,0.901495028394885,0.998781140890944,0.839889554551039,0.730397426008377,FALSE,FALSE
"FGF4",0.778638703706997,-0.0758741467271605,0.533812982849525,-0.333930254647679,0.182181961193358,0.00764983215084619,0.94684112603211,-0.237163687393271,0.252463351694963,-0.0682243145763143,0.555041089992725,0.90372773350184,0.81455576396353,0.982367853899148,0.731900281240407,FALSE,FALSE
"FCAR",0.778939027286792,-0.013721228490982,0.911439905934109,-0.276909773404306,0.249467316422342,0.0755371670931125,0.522239969456401,-0.174145409704376,0.325219743890601,0.0618159386021304,0.599459066355574,0.90372773350184,0.97273557212266,0.817631290389754,0.769347957875473,FALSE,FALSE
"IL13",0.78065343785896,-0.0680438222824294,0.635608408921826,-0.372992271001903,0.236904626437044,-0.024530518499514,0.856512504068877,-0.313830018566092,0.264768981567064,-0.0925743407819434,0.498957427605679,0.904286414024651,0.86252568408927,0.954515062421217,0.683261581097916,FALSE,FALSE
"CCRL2",0.781132623218365,-0.0225331029465926,0.806382721966789,-0.218465362883812,0.173399156990627,0.0594424164390092,0.499222630817717,-0.126435246112722,0.245320078990741,0.0369093134924166,0.672948202784872,0.904286414024651,0.937953134218859,0.807311704428103,0.824802196160102,FALSE,FALSE
"LIG4",0.781248349474238,0.0303840500889298,0.768241745864271,-0.189235223644848,0.250003323822708,0.037043436188111,0.705256443914606,-0.171305700733108,0.24539257310933,0.0674274862770407,0.494193241830082,0.904286414024651,0.920578585818972,0.908446659254916,0.681195367326208,FALSE,FALSE
"RYBP",0.781661289284733,-0.0336573708138778,0.702563406825452,-0.221152023943309,0.153837282315554,-0.0242130364595539,0.771848999972559,-0.20208608235722,0.153660009438112,-0.0578704072734317,0.491947941266913,0.904286414024651,0.88793880456743,0.931951317783014,0.679640418480027,FALSE,FALSE
"TGFB3",0.78225235189215,-0.0646350271869814,0.767675331219377,-0.530647135581752,0.401377081207789,-0.078099958987492,0.707043649193185,-0.520197862910916,0.363997944935932,-0.142734986174473,0.495199589902839,0.904286414024651,0.920578585818972,0.908446659254916,0.681309530641996,FALSE,FALSE
"FLG",0.782393560408177,-0.0250357272251914,0.846630581014023,-0.301025148620436,0.250953694170053,-0.0568895550471219,0.644415551255352,-0.318716109563416,0.204936999469172,-0.0819252822723133,0.508342721219539,0.904286414024651,0.956331004967293,0.884117728141821,0.688223639633278,FALSE,FALSE
"SPA17",0.784486534806582,0.0210929905929292,0.796764889127362,-0.153433376141204,0.195619357327062,-0.0527001081961904,0.501196800612077,-0.218270357386301,0.112870140993921,-0.0316071176032612,0.684801438523943,0.906131598748109,0.934508947723288,0.807311704428103,0.830959192357843,FALSE,FALSE
"BMPR1B",0.785654700188705,0.101276791492948,0.500917116105433,-0.216697070798686,0.419250653784581,-0.0628189089612044,0.658119490558198,-0.364475401333891,0.238837583411482,0.0384578825317434,0.785913150573138,0.906350319550987,0.791952496016325,0.887707369008656,0.891417961339948,FALSE,FALSE
"IL23R",0.785804623994316,-0.0395760292347087,0.761936046326776,-0.317802880570501,0.238650822101083,0.0845626610789235,0.498457787709955,-0.179386505852526,0.348511828010373,0.0449866318442148,0.716850634761322,0.906350319550987,0.919883296028515,0.807311704428103,0.856186131177627,FALSE,FALSE
"GSK3B",0.786974542038599,-0.0165904085421939,0.837521867862676,-0.189077095132549,0.155896278048161,0.0508668707936095,0.51106529575485,-0.112768367910734,0.214502109497953,0.0342764622514155,0.656257536301802,0.906350319550987,0.953348058204041,0.815542030248531,0.811177536677285,FALSE,FALSE
"PBK",0.78699661096777,-0.0531127874496464,0.698149608122685,-0.344413840139397,0.238188265240104,-0.0354521128758713,0.784612063603874,-0.31180455626717,0.240900330515427,-0.0885649003255177,0.498322034019935,0.906350319550987,0.88793880456743,0.933307578267987,0.683261581097916,FALSE,FALSE
"SOX2",0.787394083219053,-0.0762933100827131,0.523892134994451,-0.329497699701908,0.176911079536482,0.060458567078542,0.593483504929831,-0.179752208346264,0.300669342503347,-0.0158347430041712,0.888178133008361,0.906350319550987,0.80480062825326,0.867179660926295,0.949641590965906,FALSE,FALSE
"CD83",0.787655674963214,-0.0429673353148084,0.710646265254026,-0.289384346503814,0.203449675874197,0.0748600123826227,0.498652085953434,-0.158911690487913,0.308631715253158,0.0318926770678143,0.771359976861989,0.906350319550987,0.891360435799723,0.807311704428103,0.882924887456312,FALSE,FALSE
"C8G",0.788472469413934,-0.0565028110587665,0.712405589505605,-0.382633346076484,0.269627723958951,-0.0423592169234298,0.770575350853778,-0.351753808479017,0.267035374632157,-0.0988620279821964,0.499564034006699,0.906698331017715,0.892953434648165,0.931951317783014,0.683436553270034,FALSE,FALSE
"PALMD",0.789388493845858,0.0353401664760626,0.777436058383394,-0.230999157819527,0.301679490771652,-0.0799117538724137,0.503874848286543,-0.332583422445699,0.172759914700872,-0.044571587396351,0.707446789816218,0.906698331017715,0.923106757894285,0.808917457033103,0.849401573299078,FALSE,FALSE
"BLM",0.789448574239533,-0.0605408567528603,0.602255653987301,-0.306981413051321,0.1858996995456,0.0706203289101783,0.522876130839339,-0.163173710812449,0.304414368632805,0.010079472157318,0.926711536463532,0.906698331017715,0.849380351440067,0.817631290389754,0.969196879109424,FALSE,FALSE
"IL17B",0.79313779468475,-0.0717515346685387,0.519091366260799,-0.307105000463453,0.163601931126375,0.051297697959099,0.625719213956649,-0.171978204178839,0.274573600097037,-0.0204538367094398,0.845138439292453,0.910362563081552,0.802961638170048,0.884117728141821,0.925750596568614,FALSE,FALSE
"TNFRSF11A",0.793647437851308,0.0932753345753475,0.511719433020394,-0.20725885350737,0.393809522658065,-0.0597798494651336,0.65594862738077,-0.34489161419238,0.225331915262113,0.0334954851102139,0.802308297387055,0.910374967994115,0.796153423070945,0.886089004418879,0.901053933988539,FALSE,FALSE
"IL34",0.794252710334955,0.0261421498603209,0.755999532094157,-0.153010869827083,0.205295169547725,0.0271754733430068,0.733591282446165,-0.142784004229748,0.197134950915762,0.0533176232033277,0.50726769795468,0.910496982639003,0.916619694629172,0.919551783825946,0.687788669217898,FALSE,FALSE
"PIK3R3",0.794938096334873,-0.0468370129822851,0.659543528724578,-0.272761372625416,0.179087346660846,0.0663596036164376,0.512724005450889,-0.147971062999759,0.280690270232634,0.0195225906341525,0.846007690158885,0.910710625116851,0.868305937196517,0.81651074166481,0.925750596568614,FALSE,FALSE
"TRDC",0.796575005035986,0.0552941974155746,0.672731063692723,-0.222973267944529,0.333561662775678,0.0264625551564116,0.830781663905201,-0.237525141621569,0.290450251934392,0.0817567525719863,0.512609184180908,0.912013415427023,0.877976242800107,0.949390442471504,0.692971674911227,FALSE,FALSE
"CD27",0.7972261134209,0.0617716511005837,0.668200005566466,-0.244549532737314,0.368092834938481,-0.089658075889614,0.514179141954142,-0.380259866835689,0.200943715056461,-0.0278864247890303,0.8378922543478,0.912186618804478,0.873981355754768,0.816635290729985,0.922287915672337,FALSE,FALSE
"SLC16A2",0.798910473381955,0.0210994004395046,0.858799846995752,-0.231815879002771,0.274014679881781,0.0504236908984657,0.65521411615803,-0.1895128105302,0.290360192327131,0.0715230913379703,0.528260640161801,0.913541111479993,0.960102108840201,0.886089004418879,0.706800343324991,FALSE,FALSE
"IL33",0.799965592171915,0.0690224874016255,0.514753579287098,-0.155006180220945,0.293051155024196,-0.0398550882930291,0.690043717237243,-0.252387343551072,0.172677166965014,0.0291673991085965,0.770043931575488,0.914155555047496,0.798152321324515,0.906644912856709,0.882297755704204,FALSE,FALSE
"MEF2C",0.800449631214191,0.0141297579643666,0.928234561245198,-0.320588296384565,0.348847812313298,0.075563087664092,0.613552321046356,-0.241978340052704,0.393104515380888,0.0896928456284586,0.549766026560523,0.914155555047496,0.978205341908711,0.876608993126902,0.72651918788773,FALSE,FALSE
"HAMP",0.801252963754881,0.0369507002953438,0.825288866083614,-0.319871994088657,0.393773394679345,-0.102037402196777,0.523732042994861,-0.440549132724262,0.236474328330707,-0.0650867019014334,0.682670383251014,0.914500724735871,0.947144286334008,0.817631290389754,0.830789932100373,FALSE,FALSE
"CD70",0.802447422306972,-0.0403448466958226,0.786603817979917,-0.357855424752156,0.27716573136051,0.0918020915592709,0.519221293174264,-0.209414890797136,0.393019073915678,0.0514572448634483,0.716227242412295,0.915021365665539,0.926321757609532,0.817631290389754,0.856186131177627,FALSE,FALSE
"CCL1",0.802711893934536,-0.0959040802487712,0.522909148580862,-0.413427594890419,0.221619434392877,0.0337587266090933,0.811216905103843,-0.267470528469736,0.334987981687923,-0.0621453536396779,0.661080885473571,0.915021365665539,0.80396730931767,0.944829078386773,0.815184199992748,FALSE,FALSE
"PASD1",0.804381160498667,-0.0488144885197092,0.733778735799409,-0.354332180964303,0.256703203924884,0.0885746911921117,0.518106387359138,-0.201264840889008,0.378414223273231,0.0397602026724025,0.770137164294135,0.916351821417021,0.905494374366517,0.817631290389754,0.882297755704204,FALSE,FALSE
"LEP",0.805269000625148,-0.0763691338736953,0.558526842711208,-0.352877823976855,0.200139556229465,0.0094363954845479,0.938818905707347,-0.252882780582145,0.271755571551241,-0.0669327383891474,0.588467340516989,0.916608171189323,0.824551436409829,0.980602097538506,0.763292748005334,FALSE,FALSE
"PMEL",0.805610688541191,-0.0891408588130498,0.521224108350173,-0.383058614397104,0.204776896771005,0.0381064594489406,0.770975944530996,-0.240728406274145,0.316941325172026,-0.0510343993641092,0.697058622885123,0.916608171189323,0.802961638170048,0.931951317783014,0.840801048754362,FALSE,FALSE
"CSF2RB",0.806705465519437,-0.0691443107557977,0.521710379845703,-0.297399968474089,0.159111346962494,0.0381091103898553,0.708094789201256,-0.178433219773023,0.254651440552733,-0.0310352003659424,0.760194157546378,0.917281915621789,0.802961638170048,0.908446659254916,0.879185258252307,FALSE,FALSE
"HSPA1A",0.80805676341136,-0.0847084849630572,0.874007953742424,-1.22404993420216,1.05463296427604,0.311534071642016,0.541779771789745,-0.769340132027785,1.39240827531182,0.226825586678959,0.655671335418141,0.918246322058364,0.960102108840201,0.830880742450659,0.811177536677285,FALSE,FALSE
"APOB",0.809989956006362,-0.0589813877233504,0.553868610821441,-0.269992813890786,0.152030038444085,0.0483038591443714,0.608644583599308,-0.151879156558493,0.248486874847236,-0.010677528578979,0.909404127779879,0.919519812661423,0.82246559377472,0.87300634107145,0.962123207651177,FALSE,FALSE
"ISG20",0.811316833578606,-0.0134382453330547,0.893620335935519,-0.227799468383631,0.200922977717522,0.0573169190161481,0.550617881682334,-0.146043993041615,0.260677831073911,0.0438786736830935,0.646700170789492,0.919519812661423,0.967867722897521,0.839889554551039,0.804517935712899,FALSE,FALSE
"PTPN5",0.811507454985795,0.0116803296074937,0.931711518197051,-0.279143639062212,0.302504298277199,-0.0753673038798101,0.562776372972765,-0.351267145629526,0.200532537869906,-0.0636869742723164,0.624107450902425,0.919519812661423,0.978913943989417,0.849517684594951,0.786599515122186,FALSE,FALSE
"PC",0.811645002676138,-0.0597295677304478,0.561886203237569,-0.277879130827472,0.158419995366576,0.0510445277818259,0.600818420108002,-0.155910319205337,0.257999374768989,-0.00868503994862186,0.928654967822506,0.919519812661423,0.824973709500051,0.868165967297785,0.969700430937395,FALSE,FALSE
"AICDA",0.811696667505509,-0.0690351648884647,0.623816527957386,-0.367850694040171,0.229780364263241,-0.0112345156102235,0.932614217037004,-0.294715817314573,0.272246786094126,-0.0802696804986883,0.548797390603728,0.919519812661423,0.857277984579993,0.978172957524444,0.726106830889161,FALSE,FALSE
"MDM2",0.812760538090434,-0.146725529079931,0.546985412299771,-0.662526025618212,0.36907496745835,0.110443912774793,0.631756958200707,-0.378887403417236,0.599775228966822,-0.0362816163051382,0.874349300410175,0.920153834996925,0.822218001645546,0.884117728141821,0.939745272820124,FALSE,FALSE
"SREBF1",0.816190254448891,0.00115136903499225,0.991707118343665,-0.235235210530916,0.237537948600901,-0.0567922609374909,0.591227529215154,-0.281048260854957,0.167463738979975,-0.0556408919024987,0.598679519630589,0.923153890892756,0.99662196639713,0.865268837865001,0.768888193754979,FALSE,FALSE
"GNGT1",0.816439648389435,-0.0259043204776825,0.848141260793362,-0.314349867396856,0.262541226441491,0.07824737813335,0.544927898694085,-0.195396094625916,0.351890850892616,0.0523430576556675,0.684206722162663,0.923153890892756,0.956331004967293,0.833607221388688,0.830789932100373,FALSE,FALSE
"APOA4",0.816927963721535,-0.0605732216840438,0.635194960022399,-0.331706067863677,0.210559624495589,0.0721798312808616,0.552335166609194,-0.185039371442655,0.329399034004378,0.0116066095968177,0.923304952024852,0.923153890892756,0.86252568408927,0.840215557746774,0.967051657520958,FALSE,FALSE
"LY9",0.820968651457519,-0.0520950286848346,0.704491542451445,-0.344300542223263,0.240110484853593,0.0801325961244162,0.540616519026979,-0.197077894167764,0.357343086416596,0.0280375674395816,0.829288355044053,0.926654099671748,0.888410148607275,0.830384770780856,0.917243180579028,FALSE,FALSE
"BTLA",0.821040920092721,0.0353981264444134,0.738772701765636,-0.190572526612378,0.261368779501204,0.0268944982507298,0.789236156133965,-0.187480086153815,0.241269082655275,0.0622926246951432,0.538536700301127,0.926654099671748,0.907927705812007,0.935163775005911,0.717393779598217,FALSE,FALSE
"FZD2",0.821741571540243,0.0035583071256844,0.98113010778431,-0.317475560992529,0.324592175243898,0.0732171855149852,0.609959364228607,-0.231342283277315,0.377776654307285,0.0767754926406696,0.592907607104216,0.926752670662194,0.99475691483687,0.87300634107145,0.765807988698954,FALSE,FALSE
"CACNA1E",0.822399083598404,-0.0726440118555737,0.602450728934269,-0.368513105803567,0.22322508209242,0.0728497723303322,0.582157735916941,-0.207836295507467,0.353535840168132,0.000205760474758445,0.998751859524617,0.926752670662194,0.849380351440067,0.859577563145968,0.998947537067722,FALSE,FALSE
"ASPA",0.822651685738495,-0.0666832496115396,0.606688884999502,-0.341516750048654,0.208150250825575,-0.00150292445082309,0.990185765573332,-0.262232876060273,0.259227027158626,-0.0681861740623627,0.579322087894012,0.926752670662194,0.849757040486044,0.997840431900238,0.753572922599125,FALSE,FALSE
"CD1B",0.823416984456703,-0.0309881149163145,0.804485863950017,-0.297764914245143,0.235788684412514,0.0722783957024931,0.545424945696076,-0.18080829812814,0.325365089533126,0.0412902807861786,0.728410284632773,0.926891210288914,0.936796740451228,0.8336687821569,0.864829060994723,FALSE,FALSE
"IL9",0.824577134082972,-0.0803637809781817,0.550709619197734,-0.365561816361057,0.204834254404693,0.0531502815327989,0.676222297621438,-0.217412331271754,0.323712894337352,-0.0272134994453828,0.830218333603607,0.926891210288914,0.822218001645546,0.902124044706962,0.917715601954321,FALSE,FALSE
"PF4",0.825364909128751,-0.0807655325748016,0.544414001278362,-0.362849097996221,0.201318032846618,0.0372557563042631,0.766833507565523,-0.230352210865577,0.304863723474103,-0.0435097762705385,0.729299684860755,0.926891210288914,0.822218001645546,0.931951317783014,0.864829060994723,FALSE,FALSE
"SEMG1",0.825770468605469,0.00561728456320739,0.965935387400797,-0.275053017901393,0.286287587027808,0.0618121460241408,0.622161897751472,-0.204455082182812,0.328079374231093,0.0674294305873482,0.591238759891248,0.926891210288914,0.99021043518183,0.882242007301039,0.765255841703211,FALSE,FALSE
"CPA3",0.82637904203252,-0.229849948408781,0.560665696052932,-1.06667726961336,0.606977372795795,0.061843559794749,0.868050639673834,-0.732040543184384,0.855727662773882,-0.168006388614032,0.652977175093704,0.926891210288914,0.824973709500051,0.956060601934066,0.809567489501365,FALSE,FALSE
"RPA3",0.826499687555253,-0.0626941283573986,0.598963763730973,-0.315576546508206,0.190188289793408,0.060256361480222,0.594241034679742,-0.179648964990075,0.300161687950519,-0.00243776687717667,0.982700385829296,0.926891210288914,0.848028602644706,0.86735283506159,0.992811695976938,FALSE,FALSE
"ADGRE1",0.826679093048393,-0.0627794744820409,0.643941596389972,-0.351296649721209,0.225737700757127,0.0743615514635723,0.564878915649115,-0.199349873886539,0.348072976813684,0.0115820769815315,0.928063366810504,0.926891210288914,0.86252568408927,0.850822366221608,0.969700430937395,FALSE,FALSE
"PVR",0.827131801698569,-0.0897846761837971,0.718406093675284,-0.619634220605925,0.440064868238331,0.142792161959692,0.547524386248359,-0.359867251313255,0.645451575232639,0.0530074857758948,0.822144429996822,0.926891210288914,0.896779152501637,0.836177409960883,0.913771976092692,FALSE,FALSE
"CALML5",0.827345633731858,-0.0769350517118609,0.6151178124916,-0.401690167143269,0.247820063719547,-0.00293247323815164,0.983795126360639,-0.311022227204395,0.305157280728092,-0.0798675249500126,0.58259870742448,0.926891210288914,0.851737486947777,0.995661232710429,0.75729532838296,FALSE,FALSE
"DLL3",0.828469308586533,-0.0743019381409037,0.657196253936737,-0.430064975280919,0.281461098999111,-0.0179576355042455,0.909627313582269,-0.355464086902702,0.319548815894211,-0.0922595736451492,0.56251230612417,0.927424409805188,0.867487619726097,0.970746305708606,0.737489194451588,FALSE,FALSE
"NAALAD2",0.828837924598499,-0.00379826843306912,0.976014253786485,-0.273374188992965,0.265777652126827,0.0634266193637483,0.59882990256307,-0.192315554028017,0.319168792755514,0.0596283509306792,0.620656356143435,0.927424409805188,0.992918435666949,0.86735283506159,0.786049861180964,FALSE,FALSE
"KLRD1",0.829591513507013,0.0141272971907922,0.915061472307599,-0.268456736485811,0.296711330867395,-0.0704660415238638,0.577417802405305,-0.338548794568601,0.197616711520873,-0.0563387443330716,0.655214131876381,0.927698843229349,0.97375944269851,0.859408585519564,0.811177536677285,FALSE,FALSE
"FAM124B",0.830576066015198,-0.0358716712012785,0.702224235749605,-0.235460981034364,0.163717638631807,0.0528688602841202,0.554288897241442,-0.136478184423957,0.242215904992197,0.0169971890828417,0.848206700170514,0.928231059692429,0.88793880456743,0.841374952895315,0.925823700844012,FALSE,FALSE
"IDO1",0.831919145461596,0.0665634955882777,0.651754054324714,-0.246777606178776,0.379904597355331,0.0130259176647792,0.925513404012291,-0.284235552174371,0.31028738750393,0.0795894132530569,0.570452661159847,0.929163060261575,0.864478424250751,0.975227830542632,0.74629111585428,FALSE,FALSE
"GAGE1",0.834700502889223,-0.0465121674956105,0.708866079750717,-0.311540289107162,0.218515954115941,0.0693217471727832,0.559198368720976,-0.182106005313796,0.320749499659363,0.0228095796771727,0.84661794283453,0.931581583137935,0.891278008625114,0.845808798404571,0.925750596568614,FALSE,FALSE
"CCL26",0.835105463021184,-0.0942840323688466,0.5576147343492,-0.434855192734932,0.246287127997239,0.0528190789437316,0.727882110777744,-0.270275092693257,0.37591325058072,-0.041464953425115,0.784528515927359,0.931581583137935,0.82400557909902,0.916512553301086,0.891417961339948,FALSE,FALSE
"WT1",0.836793862084634,-0.060754542186227,0.669014769309266,-0.362826910020794,0.24131782564834,0.0764183479579819,0.571983431372389,-0.210152662209243,0.362989358125207,0.0156638057717549,0.907172429933351,0.932894806539069,0.873981355754768,0.85844552816991,0.962033383037511,FALSE,FALSE
"CEBPB",0.839380888659324,-0.0840295772742648,0.579818129442809,-0.405767697576092,0.237708543027563,0.0631526880292505,0.660168062010689,-0.24207489304726,0.368380269105761,-0.0208768892450143,0.884008316169755,0.934108254408623,0.838714147936267,0.889156245881555,0.947370337702412,FALSE,FALSE
"HOXA9",0.839860351207453,-0.0483380828158769,0.750760228240053,-0.372375567076125,0.275699401444371,-0.0356056225875332,0.805032823608632,-0.343014571847537,0.27180332667247,-0.0839437054034101,0.562918095201438,0.934108254408623,0.911839262941813,0.942493681941241,0.737491402543162,FALSE,FALSE
"TLR8",0.840224898234182,-0.0047464632679333,0.969908652010951,-0.273240555616194,0.263747629080328,0.0612999129021663,0.609582523903161,-0.193415948133861,0.316015773938194,0.056553449634233,0.637269204548871,0.934108254408623,0.990533458265241,0.87300634107145,0.797679216942175,FALSE,FALSE
"PTCD2",0.840331731603502,-0.0494317624743813,0.594970675792726,-0.246634721113772,0.147771196165009,0.00764487201513549,0.930523650055914,-0.179438281172201,0.194728025202472,-0.0417868904592458,0.635266816496198,0.934108254408623,0.846974635976384,0.976541495889616,0.795895131071437,FALSE,FALSE
"PRL",0.84044150889806,-0.0634884435208765,0.5645724670832,-0.296991380247803,0.17001449320605,0.0280871743514604,0.787050474123001,-0.193433161767121,0.249607510470042,-0.0354012691694161,0.733724245540884,0.934108254408623,0.825419760226923,0.933311965740401,0.867620256612633,FALSE,FALSE
"PRM1",0.841004103036537,-0.079601172988199,0.584526249068856,-0.388260668404071,0.229058322427673,0.0182416262099429,0.894283404917218,-0.274578481875794,0.31106173429568,-0.0613595467782561,0.656138495277095,0.934164630579234,0.841613313156442,0.96302074670979,0.811177536677285,FALSE,FALSE
"SELE",0.842377305268528,-0.0705808798072574,0.571361956701738,-0.334827916623995,0.19366615700948,0.0447310403593314,0.704253185794311,-0.205955710028047,0.29541779074671,-0.025849839447926,0.826015617436552,0.935120792040793,0.830864996797348,0.908446659254916,0.915384909089356,FALSE,FALSE
"LRP2",0.84340267610873,-0.0642647967133812,0.598107821299959,-0.322869411999309,0.194339818572546,0.0540237655956571,0.640006030106538,-0.191310113724881,0.299357644916195,-0.0102410311177241,0.929032320372938,0.935689899026403,0.848028602644706,0.884117728141821,0.969700430937395,FALSE,FALSE
"HMGN5",0.844277487234897,-0.0696687875018622,0.592041181463551,-0.345382491131661,0.206044916127937,0.0553049084973963,0.653261760947911,-0.206260077179844,0.316869894174636,-0.0143638790044659,0.906740372414264,0.936091381654731,0.845855951243402,0.886089004418879,0.962033383037511,FALSE,FALSE
"FUT7",0.846377028154902,-0.0309690153721258,0.795570454598006,-0.285675793550767,0.223737762806515,-0.0333143685269355,0.76901796984903,-0.27495043488527,0.208321697831399,-0.0642833838990613,0.572880500112104,0.93784946957055,0.933708089801518,0.931951317783014,0.748930453226784,FALSE,FALSE
"IL3RA",0.847480284462409,0.0152717831770649,0.891938525418192,-0.224520034747829,0.255063601101958,0.0422685323066051,0.692719974699762,-0.185217960367911,0.269755024981122,0.0575403154836701,0.591673175735479,0.938439139119558,0.96719418234593,0.907828197176854,0.765275369041282,FALSE,FALSE
"SIGLEC8",0.848026979680348,0.0702248507912257,0.604464086227418,-0.217404556855241,0.357854258437693,-0.0592131744994318,0.644834572859987,-0.332082389561798,0.213656040562934,0.011011676291794,0.931385532631662,0.938439139119558,0.849757040486044,0.884117728141821,0.970607587539626,FALSE,FALSE
"PCK1",0.848451824409463,-0.0634616863558054,0.64439157956092,-0.355514251496509,0.228590878784898,0.0674220684658367,0.605645434188401,-0.209643322235959,0.344487459167632,0.0039603821100313,0.975666682117313,0.938439139119558,0.86252568408927,0.871003086992776,0.99086905668564,FALSE,FALSE
"FGF18",0.849485842659678,-0.0531977188538888,0.584678913878514,-0.259560784304292,0.153165346596514,0.0360288625191686,0.695486417597531,-0.159744331008134,0.231802056046471,-0.0171688563347202,0.851660125521622,0.93864778838293,0.841613313156442,0.907915950818957,0.928067128605601,FALSE,FALSE
"FGF9",0.850741970848263,-0.0414479822643712,0.772739011280195,-0.347162638759685,0.264266674230943,0.0761923004070554,0.577623100120945,-0.213834088179299,0.36621868899341,0.0347443181426842,0.798506180432143,0.93864778838293,0.921224425492646,0.859408585519564,0.898122731014297,FALSE,FALSE
"SLAMF1",0.851210034923434,-0.07561290851796,0.592330907226887,-0.375087568392019,0.223861751356099,0.0206651443781862,0.876713646329359,-0.263441463633692,0.304771752390064,-0.0549477641397738,0.680917020819469,0.93864778838293,0.845855951243402,0.956743776661742,0.829625707481963,FALSE,FALSE
"ULBP2",0.851396753583701,-0.0740921225500822,0.694164448259591,-0.474848719365473,0.326664474265309,0.0970708272118539,0.588231359426347,-0.283120262770471,0.477261917194179,0.0229787046617718,0.897413870292419,0.93864778838293,0.88793880456743,0.863447616642956,0.957766265078167,FALSE,FALSE
"KLRC1",0.851602994683126,-0.0321490260834791,0.815085185220793,-0.325145042957643,0.260846990790685,0.0722482803432695,0.581610982629742,-0.205712147260576,0.350208707947115,0.0400992542597904,0.758674888277103,0.93864778838293,0.941474976599966,0.85946562210468,0.879185258252307,FALSE,FALSE
"ICOS",0.851726431540894,-0.0647501260045011,0.610208517474068,-0.334279416498153,0.204779164489151,0.0549724986450545,0.647876380849421,-0.200725437581678,0.310670434871787,-0.00977762735944665,0.934974322682007,0.93864778838293,0.851737486947777,0.886089004418879,0.970607587539626,FALSE,FALSE
"MAPKAPK2",0.853340437249821,-0.0577363347669516,0.627094553148169,-0.310050842989944,0.194578173456041,0.0540677426943677,0.631495742276996,-0.185298817112615,0.29343430250135,-0.00366859207258394,0.973910179841681,0.939858960760968,0.858818563293427,0.884117728141821,0.990739174030696,FALSE,FALSE
"TRIM21",0.853897145996973,0.000871907262700266,0.991279202250608,-0.169354481048557,0.171098295573957,-0.0360655411831097,0.635313903786708,-0.19755647266146,0.125425390295241,-0.0351936339204094,0.643434713420601,0.939904880243954,0.99662196639713,0.884117728141821,0.801280924690849,FALSE,FALSE
"RAD21",0.854577895639577,-0.0921884514654169,0.605143597411635,-0.470496485956493,0.286119583025659,0.0728541109436205,0.666145594473418,-0.286040402896381,0.431748624783622,-0.0193343405217965,0.908503133720414,0.940087196830758,0.849757040486044,0.893207840429701,0.962033383037511,FALSE,FALSE
"PLA2G4F",0.855996122059329,-0.0589969591135962,0.622786533253932,-0.313598623123728,0.195604704896536,0.00639499060308123,0.954947475945071,-0.235141355699199,0.247931336905362,-0.0526019685105149,0.643659087998238,0.940813616030813,0.856672260941023,0.98580144970765,0.801280924690849,FALSE,FALSE
"NGF",0.856269269165578,-0.0639057022212317,0.619334378586159,-0.336948499950788,0.209137095508325,0.00840128790086864,0.944827194793844,-0.250629853958147,0.267432429759884,-0.055504414320363,0.64895590311511,0.940813616030813,0.854706004608213,0.982196074632309,0.806774198354956,FALSE,FALSE
"CCL8",0.857487820363294,0.0231212822711646,0.8693082798465,-0.276571864930125,0.322814429472454,0.0474555443565044,0.722430048813688,-0.236858338933553,0.331769427646562,0.070576826627669,0.598501425187916,0.94138287624209,0.960102108840201,0.913676257162148,0.768888193754979,FALSE,FALSE
"NEFL",0.857819026405805,-0.0571508316138578,0.627189764739754,-0.30697637518608,0.192674711958364,0.051638711109955,0.643509405761451,-0.185366609503403,0.288644031723313,-0.00551212050390282,0.960419445334204,0.94138287624209,0.858818563293427,0.884117728141821,0.986362120278515,FALSE,FALSE
"LEPR",0.858823270550944,-0.0444526950359135,0.747451241228913,-0.338387158185797,0.24948176811397,0.0708309720585159,0.590124321180824,-0.208019743853223,0.349681687970255,0.0263782770226024,0.840162064113399,0.941918550934779,0.911464703382403,0.864777500240568,0.923672148799369,FALSE,FALSE
"ADH4",0.863272480000675,-0.0681497866422829,0.596856238325333,-0.341441558017041,0.205141984732475,0.0290362642482719,0.811342785523439,-0.230231074749601,0.288303603246145,-0.039113522394011,0.748048068726957,0.946229595195935,0.848028602644706,0.944829078386773,0.877660216004632,FALSE,FALSE
"ITPK1",0.864371807228625,-0.0967586712200474,0.597152295829479,-0.485093821706001,0.291576479265906,0.0456669640229077,0.791686593087196,-0.32274010728905,0.414074035334865,-0.0510917071971397,0.767700319239715,0.94686587526545,0.848028602644706,0.935163775005911,0.882297755704204,FALSE,FALSE
"FGF14",0.866035951369542,-0.0646016730998559,0.614818399100401,-0.337062325705537,0.207858979505825,0.01660066033131,0.891034164155048,-0.241878210171643,0.275079530834263,-0.0480010127685459,0.692877477355821,0.947198523132553,0.851737486947777,0.96302074670979,0.836974314730395,FALSE,FALSE
"POU2F2",0.866263272344254,0.0428754903575381,0.602535537318367,-0.13179179900079,0.217542779715866,-0.0257975391830306,0.740315849556339,-0.191501479313033,0.139906400946972,0.0170779511745075,0.826103531654888,0.947198523132553,0.849380351440067,0.925394811945423,0.915384909089356,FALSE,FALSE
"CCR5",0.866416360844746,0.0547801272955694,0.610551121933328,-0.173469348128816,0.283029602719954,-0.0164458690572576,0.871321263298341,-0.232982334181163,0.200090596066648,0.0383342582383118,0.70645244354064,0.947198523132553,0.851737486947777,0.956743776661742,0.848766102344745,FALSE,FALSE
"RASGRF1",0.867685402847833,0.0171300070719245,0.909521935580005,-0.304444709317859,0.338704723461708,-0.0708248110357287,0.622141131553559,-0.375897373550048,0.23424775147859,-0.0536948039638041,0.708067310049769,0.947198523132553,0.971825253181212,0.882242007301039,0.849587666562018,FALSE,FALSE
"CDKN2D",0.867868370686007,-0.0367339703212103,0.715636397074271,-0.251295143566215,0.177827202923794,0.0488751009949274,0.6103868992916,-0.154675500472731,0.252425702462586,0.0121411306737171,0.898751845119442,0.947198523132553,0.895772582071704,0.87300634107145,0.958073666672302,FALSE,FALSE
"APOA2",0.86868739867811,-0.0568420824544419,0.665626466624569,-0.336391517405482,0.222707352496598,-0.00236892225393869,0.984792290633663,-0.267572802171449,0.262834957663571,-0.0592110047083806,0.635407784093744,0.947198523132553,0.873981355754768,0.995704116568662,0.795895131071437,FALSE,FALSE
"TNFRSF10D",0.869520523226022,0.00481650081556451,0.953350934665699,-0.170867238622914,0.180500240254043,0.0319504256818654,0.683557373312529,-0.134717803662478,0.198618655026208,0.0367669264974299,0.639412638482779,0.947198523132553,0.988547709677612,0.90276680544326,0.798718730479857,FALSE,FALSE
"PRF1",0.869575016810323,0.0357451304056944,0.809066497576399,-0.279537982830126,0.351028243641515,-0.072811576814095,0.605515187780314,-0.371915400498287,0.226292246870097,-0.0370664464084006,0.791740406285195,0.947198523132553,0.939876739705237,0.871003086992776,0.895608257946358,FALSE,FALSE
"ADH6",0.870191403940838,-0.0696854992139946,0.608748630952537,-0.358564092307189,0.2191930938792,0.027219030583726,0.832311523106036,-0.246835265848118,0.30127332701557,-0.0424664686302687,0.74148134872555,0.947198523132553,0.850663285978851,0.949949049198571,0.872471606334061,FALSE,FALSE
"AURKA",0.870615632168709,-0.0619914568663176,0.607119858528426,-0.317797727116183,0.193814813383548,0.0347117175414723,0.760656514148824,-0.207967418581171,0.277390853664115,-0.0272797393248453,0.810655011594075,0.947198523132553,0.849757040486044,0.931951317783014,0.905967786992766,FALSE,FALSE
"ITK",0.87073887047885,0.0559669434980793,0.607645114612899,-0.175321074888574,0.287254961884733,-0.0318817784005623,0.756999286328582,-0.251300858483181,0.187537301682056,0.024085165097517,0.815014628415108,0.947198523132553,0.849771903577426,0.931573632872328,0.908614353608779,FALSE,FALSE
"MAGEA12",0.870903628392561,-0.0311774578590909,0.772818956399584,-0.261221639133492,0.19886672341531,-0.0217550847970935,0.831705983372989,-0.239994157385822,0.196483987791635,-0.0529325426561844,0.606817322328497,0.947198523132553,0.921224425492646,0.949851952225096,0.775519337009458,FALSE,FALSE
"BLK",0.874490401991753,-0.0656175755158689,0.612678625071259,-0.3406793712934,0.209444220261663,0.029450006557317,0.80991720786255,-0.231496525028609,0.290396538143243,-0.0361675689585519,0.767832091037205,0.949406263613361,0.851737486947777,0.944829078386773,0.882297755704204,FALSE,FALSE
"RUNX3",0.874554719357714,0.0317566078140102,0.767685104254248,-0.19721532607526,0.26072854170328,0.0200463524274882,0.844010073555391,-0.197175496975589,0.237268201830565,0.0518029602414984,0.612790963563976,0.949406263613361,0.920578585818972,0.952559957253786,0.781511885747209,FALSE,FALSE
"CASP12",0.874989912918655,-0.0415538646582119,0.742038843103736,-0.31032256856114,0.227214839244716,-0.0185796005614227,0.876494222459854,-0.273555980992815,0.236396779869969,-0.0601334652196346,0.616687052959696,0.949406263613361,0.909503577601065,0.956743776661742,0.782777887456253,FALSE,FALSE
"IL5",0.875014430354889,-0.0670824085404966,0.614195329898406,-0.349502675684273,0.215337858603279,0.0286516085136246,0.819689975573368,-0.23927578195664,0.296578998983889,-0.0384308000268721,0.760007206903192,0.949406263613361,0.851737486947777,0.947223396782408,0.879185258252307,FALSE,FALSE
"IL5RA",0.875646398264757,-0.0619860274691914,0.63455525643807,-0.33891379694802,0.214941742009638,0.0130381349729567,0.915679244691884,-0.249678614697991,0.275754884643905,-0.0489478924962347,0.691928938911306,0.949527437215199,0.86252568408927,0.972143468041122,0.836974314730395,FALSE,FALSE
"KLRB1",0.877045386745235,0.0155958242946468,0.90367964005013,-0.259330730596763,0.290522379186057,-0.0586640761467468,0.632924791306834,-0.319482306962796,0.202154154669302,-0.0430682518521001,0.725262479134444,0.950479709507158,0.969085991392789,0.884117728141821,0.862282752065381,FALSE,FALSE
"C8B",0.877937598252686,-0.0590898353465414,0.675823626783898,-0.359492700354794,0.241313029661711,0.0608919673762162,0.649882190944251,-0.224095213343636,0.345879148096069,0.00180213202967478,0.989233638308767,0.950881968433918,0.877976242800107,0.886089004418879,0.994683961384848,FALSE,FALSE
"NUP107",0.880128256869797,0.0239131709211204,0.721418781555548,-0.118809010667556,0.166635352509796,-0.030616481549389,0.631131804729955,-0.166014631483898,0.104781668385121,-0.00670331062826851,0.915882218604639,0.952689246018612,0.898082726015603,0.884117728141821,0.964032114627321,FALSE,FALSE
"PMS2",0.881814159306812,-0.0430827482000692,0.641850498138171,-0.239825413565741,0.153659917165603,0.0334064129495028,0.703392822176881,-0.153240067696852,0.220052893595857,-0.00967633525056644,0.911932754935067,0.953444171646863,0.86252568408927,0.908446659254916,0.963123424627602,FALSE,FALSE
"PPARGC1B",0.881998669996435,-0.0436256180569069,0.656245739819594,-0.251885861399124,0.16463462528531,0.00538103766345505,0.95365691494229,-0.192191976843242,0.202954052170152,-0.0382445803934519,0.680659460120473,0.953444171646863,0.867232784337986,0.98580144970765,0.829625707481963,FALSE,FALSE
"PTEN",0.882392989540576,-0.026767289994311,0.85933973780228,-0.348868965093251,0.295334385104629,-0.0425301286862757,0.766891610472562,-0.348102608126733,0.263042350754182,-0.0692974186805867,0.63014987388381,0.953444171646863,0.960102108840201,0.931951317783014,0.792573066738768,FALSE,FALSE
"LAMA1",0.883091752080061,-0.0475543771427444,0.743362413882823,-0.356786510697037,0.261677756411548,-0.0188804484322112,0.890808187336014,-0.312243808755694,0.274482911891272,-0.0664348255749556,0.630627668530337,0.953634584346812,0.909503577601065,0.96302074670979,0.792627751424149,FALSE,FALSE
"FGF5",0.88404360601554,-0.0544253043871263,0.651793047544676,-0.310658056608017,0.201807447833764,0.0449177567849928,0.694316650523919,-0.198165975660482,0.288001489230468,-0.00950754760213351,0.933493188335907,0.954097918970053,0.864478424250751,0.907915950818957,0.970607587539626,FALSE,FALSE
"MRM2",0.885193926264795,-0.0255536216946595,0.781035336596636,-0.221398851183446,0.170291607794127,0.0422647141379821,0.629102827847641,-0.143530384080899,0.228059812356863,0.0167110924433226,0.847912713294834,0.954774772714687,0.925779250594211,0.884117728141821,0.925823700844012,FALSE,FALSE
"MAPK10",0.886403316871075,0.0112523957317916,0.919306043109394,-0.225714711557983,0.248219503021567,-0.0479428586211751,0.650493251186836,-0.272749595494329,0.176863878251979,-0.0366904628893835,0.72831147226001,0.955514502829127,0.974917730528387,0.886089004418879,0.864829060994723,FALSE,FALSE
"PAX5",0.88721971640108,-0.040801548563291,0.770728809712666,-0.339024800960589,0.257421703834007,-0.0227446776415192,0.863874056417102,-0.305664096281138,0.2601747409981,-0.0635462262048102,0.63339533384581,0.955829977822888,0.921224425492646,0.954515062421217,0.794464937641652,FALSE,FALSE
"PRKCA",0.889493771574835,0.0221544578378166,0.862705108582931,-0.251050708273178,0.295359623948811,-0.0568818214424416,0.641121641283371,-0.316066999473058,0.202303356588175,-0.034727363604625,0.775324157084673,0.957714532816562,0.960102108840201,0.884117728141821,0.884907183664495,FALSE,FALSE
"IL18RAP",0.890194681323024,-0.0114307236825429,0.921276437626457,-0.258201443203335,0.235339995838249,-0.0375704175920687,0.732650654404506,-0.271677677649352,0.196536842465215,-0.0490011412746116,0.656498203656082,0.957850657747247,0.975580087929887,0.919551783825946,0.811177536677285,FALSE,FALSE
"LAIR2",0.890669899286071,-0.0472437297389711,0.639549928933746,-0.261493019234282,0.16700555975634,0.0192919339812948,0.839631883139503,-0.183962788582096,0.222546656544686,-0.0279517957576763,0.7695840208104,0.957850657747247,0.86252568408927,0.95117373615336,0.882297755704204,FALSE,FALSE
"NOD2",0.892298488293403,-0.0237293107632472,0.831658623697885,-0.261704978761182,0.214246357234688,0.0495229428620458,0.641281965735787,-0.17624059871001,0.275286484434101,0.0257936320987986,0.807623812524575,0.95878682133758,0.948766956417513,0.884117728141821,0.904039950353493,FALSE,FALSE
"LAMB4",0.89259112846715,-0.0562832198587967,0.643229563612459,-0.314385612297189,0.201819172579596,0.0339322317648457,0.767867600290052,-0.210925197128337,0.278789660658028,-0.022350988093951,0.845682142948453,0.95878682133758,0.86252568408927,0.931951317783014,0.925750596568614,FALSE,FALSE
"CEBPE",0.893222130825463,-0.0503723329703601,0.700199024248499,-0.328641808626042,0.227897142685322,-0.00252358291750433,0.983725063261749,-0.266513186829324,0.261466020994316,-0.0528959158878645,0.670174016632371,0.958900228680276,0.88793880456743,0.995661232710429,0.822150495236631,FALSE,FALSE
"IL1RL1",0.894680050394921,0.078639200557796,0.648729537881518,-0.288102857995675,0.445381259111267,-0.0284767594631128,0.861437692646158,-0.376398825105454,0.319445306179229,0.0501624410946831,0.758812465596992,0.959900700747049,0.862923765768055,0.954515062421217,0.879185258252307,FALSE,FALSE
"CD300A",0.896793348797214,-0.0151151111207322,0.873229092042974,-0.217154582007037,0.186924359765573,0.0404249847401071,0.654068451888994,-0.151246486836694,0.232096456316908,0.0253098736193749,0.778478391005978,0.96139850493628,0.960102108840201,0.886089004418879,0.887951914741194,FALSE,FALSE
"SELP",0.897416231633565,-0.0442537058695186,0.697648069715996,-0.286540274943182,0.198032863204145,0.0440987672011574,0.683316417841036,-0.185754454220989,0.273951988623304,-0.000154938668361145,0.99885229142813,0.96139850493628,0.88793880456743,0.90276680544326,0.998947537067722,FALSE,FALSE
"FGF17",0.897656467074751,-0.0638792533883821,0.649484212478605,-0.362480544398832,0.234722037622068,0.0291618345240879,0.826300423649513,-0.254116223033847,0.312439892082023,-0.0347174188642942,0.793982367470902,0.96139850493628,0.863298388764352,0.948803053099254,0.89585589191159,FALSE,FALSE
"NAT1",0.89910255082424,-0.0375440825894064,0.717959567274535,-0.258735876253494,0.183647711074681,0.0416080677795697,0.673385457051429,-0.168232892535386,0.251449028094525,0.00406398519016333,0.967035626796595,0.961765482795709,0.896779152501637,0.899654801697553,0.988480926558083,FALSE,FALSE
"DTX3",0.89925269162623,-0.0573275261380354,0.655170078744254,-0.330077724547825,0.215422672271754,0.0354751516755309,0.770266811723307,-0.2232784060958,0.294228709446862,-0.0218523744625046,0.857081444666547,0.961765482795709,0.866438691092945,0.931951317783014,0.929714850082355,FALSE,FALSE
"FGF11",0.899656192181133,-0.0256941196306686,0.8477698061388,-0.311091225768691,0.259702986507353,0.0570101105217832,0.654593234236114,-0.213741357383308,0.327761578426875,0.0313159908911145,0.805298845845994,0.961765482795709,0.956331004967293,0.886089004418879,0.903039754775488,FALSE,FALSE
"KRAS",0.900464101400409,-0.0235609651507158,0.824885184405569,-0.250548462179576,0.203426531878144,0.0454177940350654,0.654060731200376,-0.169921453262505,0.260757041332635,0.0218568288843496,0.828695130306963,0.961765482795709,0.947144286334008,0.886089004418879,0.917142882237846,FALSE,FALSE
"WIF1",0.900634087724859,-0.0668139149081089,0.654120414628304,-0.383657505049074,0.250029675232857,0.0325719138625948,0.817336340040638,-0.268012308198502,0.333156135923691,-0.0342420010455141,0.808171344949023,0.961765482795709,0.865677851121578,0.947223396782408,0.904039950353493,FALSE,FALSE
"XCL1",0.901280835063162,-0.0510606950943466,0.695217091531258,-0.32825387208737,0.226132481898677,0.048143494983935,0.696980957313621,-0.214825042362907,0.311112032330777,-0.00291720011041155,0.981114034441217,0.961893288883199,0.88793880456743,0.907915950818957,0.992811695976938,FALSE,FALSE
"FOXP3",0.902338580586661,-0.0204262947425251,0.875964691634075,-0.299538005557632,0.258685416072581,0.0542587485442201,0.663209332124393,-0.210529869796376,0.319047366884817,0.033832453801695,0.78545172185124,0.961963234659455,0.960102108840201,0.891935910926321,0.891417961339948,FALSE,FALSE
"HES5",0.902400579581911,-0.0613888184151707,0.667113539551116,-0.364746328764674,0.241968691934333,0.0180166165562962,0.8937660032197,-0.269773586850464,0.305806819963056,-0.0433722018588745,0.748295504714086,0.961963234659455,0.873981355754768,0.96302074670979,0.877660216004632,FALSE,FALSE
"IRF3",0.904218146245654,-0.0507012477822073,0.661209849986563,-0.296559555712005,0.19515706014759,0.0222231678710088,0.839025480430176,-0.211018502548951,0.255464838290968,-0.0284780799111985,0.794734624112254,0.96246864434354,0.869386150018355,0.95117373615336,0.89585589191159,FALSE,FALSE
"PITX2",0.904432908882311,-0.0504101697124047,0.699044961991266,-0.327759096068793,0.226938756643984,0.0032520634255739,0.978958486700834,-0.259864230740974,0.266368357592121,-0.0471581062868308,0.70300559459127,0.96246864434354,0.88793880456743,0.994267244427586,0.846283337667173,FALSE,FALSE
"CTAG1B",0.90545727636578,-0.058479734072969,0.710151719365564,-0.393257299283583,0.276297831137645,7.54398394475081e-05,0.999595567820893,-0.317522444837879,0.317673324516774,-0.0584042942335215,0.69570480849266,0.96246864434354,0.891352742669983,0.999595567820893,0.839723065806286,FALSE,FALSE
"CNTFR",0.906088946287143,-0.0235231081211022,0.826198532326161,-0.251890162627415,0.204843946385211,-0.0208017439397871,0.837800193351112,-0.237449754374918,0.195846266495343,-0.0443248520608893,0.663698301023293,0.96246864434354,0.947144286334008,0.95117373615336,0.816756169499332,FALSE,FALSE
"TOX",0.906288017773204,0.0404747824977203,0.785572755325928,-0.27648368022147,0.357433245216911,-0.0610359957666229,0.666163372780511,-0.361729195524085,0.239657203990839,-0.0205612132689026,0.884039279510798,0.96246864434354,0.926321757609532,0.893207840429701,0.947370337702412,FALSE,FALSE
"RELN",0.906514155080464,-0.0437335669343887,0.703824929082596,-0.288455911159964,0.200988777291187,0.041352537716806,0.704749591157194,-0.190811462909766,0.273516538343378,-0.00238102921758266,0.982539637178323,0.96246864434354,0.888299097908533,0.908446659254916,0.992811695976938,FALSE,FALSE
"MAGEB2",0.906939491028318,-0.0611606408715878,0.677084626361821,-0.37338819525023,0.251066913507054,0.0446369188086058,0.748314311871471,-0.25156814722157,0.340841984838782,-0.016523722062982,0.905271379754947,0.96246864434354,0.877976242800107,0.928354098758441,0.962033383037511,FALSE,FALSE
"CCL3L1",0.907093736038843,-0.0580801857125265,0.675780059196374,-0.353307769107034,0.237147397681981,0.0166413849174725,0.899139341377156,-0.263436092572712,0.296718862407657,-0.041438800795054,0.75272264280061,0.96246864434354,0.877976242800107,0.967529067224829,0.878336843421427,FALSE,FALSE
"LRRN3",0.908628059540847,0.0539928185004855,0.71000788094138,-0.254937076100535,0.362922713101506,-0.0520853205389332,0.705375631005909,-0.345161951815427,0.240991310737561,0.00190749796155227,0.98891872600999,0.963536437339945,0.891352742669983,0.908446659254916,0.994683961384848,FALSE,FALSE
"PRKCB",0.911097225216951,0.00943716256790159,0.936313878768983,-0.242561062627703,0.261435387763506,-0.0443902570500765,0.692915095721719,-0.283456764431519,0.194676250331366,-0.0349530944821749,0.755538815036573,0.964639101562755,0.981282622417935,0.907828197176854,0.879185258252307,FALSE,FALSE
"ALK",0.912785459284354,-0.0394403717323779,0.765595993659515,-0.321194162735326,0.24231341927057,-0.0117099784479617,0.925531289041007,-0.279005094134873,0.25558513723895,-0.0511503501803396,0.684081299622235,0.964639101562755,0.920578585818972,0.975227830542632,0.830789932100373,FALSE,FALSE
"GNLY",0.912923187982485,0.0542550663627023,0.735954789863946,-0.288236721579361,0.396746854304766,-0.0593054519518743,0.6978433817542,-0.384221690891968,0.26561078698822,-0.00505038558917204,0.973540248430373,0.964639101562755,0.907511818582231,0.908390992654362,0.990739174030696,FALSE,FALSE
"CDC14A",0.913571709132398,-0.0239682475623022,0.824259992927918,-0.25404273069776,0.206106235573156,-0.0187864713501729,0.854377064703887,-0.237054290808387,0.199481348108041,-0.042754718912475,0.677089120696402,0.964639101562755,0.947144286334008,0.954515062421217,0.828034353890522,FALSE,FALSE
"IFNA8",0.914373448476752,0.0592427396999706,0.682405288496908,-0.248600945013249,0.367086424413191,-0.0219273748403609,0.872777281230882,-0.313973536938121,0.270118787257399,0.0373153648596098,0.785450758633166,0.964639101562755,0.881379795829339,0.956743776661742,0.891417961339948,FALSE,FALSE
"CCL14",0.914517617095097,-0.00212629070592479,0.987400380864541,-0.28944731603789,0.285194734626041,0.0461440311589355,0.718666974220689,-0.226432626752249,0.31872068907012,0.0440177404530107,0.73105121162745,0.964639101562755,0.996523710494919,0.912077349063113,0.865219494954667,FALSE,FALSE
"IL25",0.914871671777446,-0.0602904723189564,0.686058436667425,-0.37746084479544,0.256879900157527,0.0404665384844642,0.774509795312403,-0.260427696520436,0.341360773489365,-0.0198239338344921,0.888240107276055,0.964639101562755,0.884220795846081,0.931951317783014,0.949641590965906,FALSE,FALSE
"GATA1",0.915635758479654,-0.0439253714687158,0.69144212102175,-0.279290139957187,0.191439397019755,0.0315943464506537,0.763143898367927,-0.191692278363885,0.254880971265192,-0.0123310250180622,0.906216736138894,0.964639101562755,0.887821028723342,0.931951317783014,0.962033383037511,FALSE,FALSE
"EDN1",0.915711724600863,0.0591688466603708,0.722964973757591,-0.296039202972319,0.414376896293061,-0.00149141647996101,0.992464533169979,-0.338471360499592,0.33548852753967,0.0576774301804098,0.7157079343863,0.964639101562755,0.898779087859226,0.998482785576192,0.856186131177627,FALSE,FALSE
"CLEC14A",0.915726463793046,0.021859118309205,0.850568123249914,-0.225550503333279,0.269268739951689,-0.0452226894000654,0.682052536457183,-0.279936065229287,0.189490686429156,-0.0233635710908603,0.831944645540506,0.964639101562755,0.957610626114185,0.90276680544326,0.918631194633285,FALSE,FALSE
"MEFV",0.916104965540136,0.00139145794891757,0.989688714917907,-0.228364196686269,0.231147112584104,0.0350071779618343,0.732451193876084,-0.18295817422323,0.252972530146898,0.0363986359107518,0.722302814060544,0.964639101562755,0.996523710494919,0.919551783825946,0.859884302453029,FALSE,FALSE
"PAX3",0.916556229138701,-0.0540842744705582,0.70747884796886,-0.360717809350524,0.252549260409408,0.00810762323917021,0.95257731199602,-0.282790489923643,0.299005736401984,-0.045976651231388,0.736532974094436,0.964639101562755,0.891062041092594,0.98580144970765,0.87001467813744,FALSE,FALSE
"IL22RA2",0.917114109965039,-0.0547238429109909,0.703052916493115,-0.360104191944505,0.250656506122523,0.0440676813546593,0.746043935812626,-0.245641555326272,0.333776918035591,-0.0106561615563316,0.937445622249268,0.964639101562755,0.88793880456743,0.927302341415545,0.971119997696724,FALSE,FALSE
"APH1B",0.917365148729638,-0.0172349245295414,0.730302540721092,-0.12365113227022,0.0891812832111371,-0.000118950594916803,0.997993867383919,-0.101074229520372,0.100836328330539,-0.0173538751244582,0.714544287008742,0.964639101562755,0.904821545699927,0.999141345183972,0.855671472303775,FALSE,FALSE
"CSF3R",0.91808326639041,0.0459850626164211,0.745140491513802,-0.255214357590969,0.347184482823812,-0.0506328463656673,0.706195491759905,-0.336375705698917,0.235110012967583,-0.00464778374924625,0.972311806415262,0.964639101562755,0.909619663553638,0.908446659254916,0.990217101957507,FALSE,FALSE
"TNFRSF13C",0.918124996939455,-0.0491003715538582,0.766885178202438,-0.401868980219206,0.30366823711149,0.0614938571925629,0.695933955685817,-0.273171829924771,0.396159544309897,0.0123934856387048,0.937021158204898,0.964639101562755,0.920578585818972,0.907915950818957,0.971119997696724,FALSE,FALSE
"HEY1",0.921156518330913,0.0111487661559441,0.935791533113537,-0.284126277314542,0.30642380962643,0.0379398937478584,0.772961525489846,-0.242182608323731,0.318062395819448,0.0490886599038025,0.709273751609149,0.966644747945163,0.981282622417935,0.931951317783014,0.850476081922929,FALSE,FALSE
"TBX21",0.921710149644731,-0.0351376066504592,0.793999451324685,-0.321868598331402,0.251593385030483,0.0499021493168712,0.696394386752649,-0.2221147535243,0.321919052158042,0.014764542666412,0.907816863897896,0.966644747945163,0.932565878188358,0.907915950818957,0.962033383037511,FALSE,FALSE
"IRF5",0.922409063288116,-0.0546501391809783,0.695880215087567,-0.352014837767848,0.242714559405892,0.0220659106450506,0.867516229383492,-0.260039012334138,0.30417083362424,-0.0325842285359277,0.805560942890134,0.966644747945163,0.88793880456743,0.956048984676855,0.903039754775488,FALSE,FALSE
"IL1A",0.922973579975971,-0.00660115050911179,0.961653811042867,-0.299576487869998,0.286374186851775,0.0465252885934514,0.721668692069256,-0.231415520701536,0.324466097888439,0.0399241380843396,0.759675747156921,0.966644747945163,0.988742650790553,0.913346298908733,0.879185258252307,FALSE,FALSE
"NFKB2",0.923052277930238,-0.0450796232456451,0.695103225659674,-0.289706501504405,0.199547255013115,0.0224095173422813,0.836892636705483,-0.209663916316041,0.254482951000603,-0.0226701059033638,0.835026524818827,0.966644747945163,0.88793880456743,0.95117373615336,0.921308153197597,FALSE,FALSE
"MS4A2",0.923540700324092,0.0186015419916683,0.903673608983578,-0.309289808472754,0.346492892456091,0.0368780949960705,0.800546550558546,-0.274186952764755,0.347943142756896,0.0554796369877389,0.704379058322758,0.966644747945163,0.969085991392789,0.939548202424017,0.846832530592249,FALSE,FALSE
"ELANE",0.923741611187049,0.0526811372990806,0.719088693726019,-0.259001392357023,0.364363666955184,-0.0442369485313743,0.750064758075628,-0.339924958710254,0.251451061647505,0.00844418876770632,0.951410400906165,0.966644747945163,0.89701768014353,0.928354098758441,0.981268306205169,FALSE,FALSE
"CD3D",0.925171330516373,0.0151735140760235,0.884729671623456,-0.2080681001086,0.238415128260647,0.0227234835397577,0.819100100973502,-0.189062107267031,0.234509074346547,0.0378969976157812,0.703458533282795,0.967427059464576,0.961792514352813,0.947223396782408,0.846283337667173,FALSE,FALSE
"IL26",0.926078260314232,-0.0267431780380711,0.847996554485377,-0.324241997086783,0.270755641010641,0.0508999922864866,0.701251665459455,-0.231332168534778,0.333132153107752,0.0241568142484156,0.855176906501932,0.967427059464576,0.956331004967293,0.908446659254916,0.92954011576297,FALSE,FALSE
"EOMES",0.926539765584721,-0.00881939892682912,0.929825872782573,-0.22249299438924,0.204854196535581,-0.0257477369628301,0.786681674262597,-0.228456308212421,0.176960834286761,-0.0345671358896592,0.716709097376683,0.967427059464576,0.978622962992039,0.933311965740401,0.856186131177627,FALSE,FALSE
"CCL7",0.92690571477756,-0.0469224517405317,0.75427136552524,-0.366137814546644,0.272292911065581,0.0499257280259333,0.725684782406857,-0.252908555149361,0.352760011201227,0.00300327628540155,0.983115966381551,0.967427059464576,0.915256145002369,0.914688134839044,0.992811695976938,FALSE,FALSE
"CDC7",0.927714225645067,-0.0320686453844585,0.72345560551518,-0.224944335429385,0.160807044660468,0.0059989689771865,0.944230016420226,-0.176978976768403,0.188976914722776,-0.026069676407272,0.761563158157248,0.967427059464576,0.898779087859226,0.982196074632309,0.879767241117153,FALSE,FALSE
"PRAME",0.9291084576138,-0.0284694092296751,0.861891839298215,-0.377458645571458,0.320519827112107,0.0582875921334719,0.70799480732655,-0.27279266758338,0.389367851850324,0.0298181829037969,0.847713203038345,0.967427059464576,0.960102108840201,0.908446659254916,0.925823700844012,FALSE,FALSE
"CCL4",0.929114601516512,-0.00589287201263819,0.965900811646522,-0.300034272440724,0.288248528415448,-0.0386481871146063,0.767995538663305,-0.31769522096592,0.240398846736707,-0.0445410591272445,0.734030507512277,0.967427059464576,0.99021043518183,0.931951317783014,0.867620256612633,FALSE,FALSE
"ITGAE",0.929323926467864,0.0269716277339035,0.844731999733365,-0.266671179788993,0.3206144352568,-0.049101939021661,0.70766613368219,-0.327675966111295,0.229472088067973,-0.0221303112877575,0.865467551219567,0.967427059464576,0.956331004967293,0.908446659254916,0.934441012407963,FALSE,FALSE
"FGF20",0.929701865473565,-0.0271244342635022,0.868610428271988,-0.376819032386212,0.322570163859207,0.0580324294276254,0.70976411229506,-0.273716995229876,0.389781854085127,0.0309079951641232,0.842541909466818,0.967427059464576,0.960102108840201,0.908446659254916,0.924617549475011,FALSE,FALSE
"FZD10",0.929790171123762,-0.045225017241947,0.719646083484954,-0.3133527714674,0.222902736983506,0.0332167190165284,0.780861799299712,-0.221151603160952,0.287585041194009,-0.0120082982254186,0.919774532536312,0.967427059464576,0.897099796694017,0.932029289550016,0.96526079463989,FALSE,FALSE
"LY86",0.930772315368264,0.0412958593604826,0.733785409256447,-0.21717137933003,0.299763098050995,-0.00609315593230221,0.957712860455706,-0.251296708371227,0.239110396506622,0.0352027034281804,0.759800696083734,0.967897137063864,0.905494374366517,0.98580144970765,0.879185258252307,FALSE,FALSE
"MCM5",0.931484368116724,-0.00341918850752671,0.968627308579717,-0.188929220047032,0.182090843031978,-0.0240829251905838,0.770685124064531,-0.200073193732936,0.151907343351769,-0.0275021136981105,0.739378128755495,0.968085974836573,0.99021043518183,0.931951317783014,0.871120132329747,FALSE,FALSE
"CCR4",0.934070006971029,0.00772626983791054,0.950681825652618,-0.258820116247153,0.274272655922974,0.0321331149470299,0.786590002806591,-0.220734989687594,0.285001219581654,0.0398593847849405,0.737206395725217,0.9702206959147,0.987475430743328,0.933311965740401,0.870246877230608,FALSE,FALSE
"LAG3",0.936670546565462,-0.0372720182989711,0.800187486278598,-0.351081056851433,0.276537020253491,-0.0108760023145491,0.93786895716276,-0.30858139596656,0.286829391337461,-0.0481480206135201,0.730664427919135,0.972368457043213,0.935940011028223,0.980409732424349,0.865219494954667,FALSE,FALSE
"FGF13",0.937387245829292,-0.0400501728843266,0.732098796201483,-0.289071917884598,0.208971572115944,0.0121933901226314,0.91232050071216,-0.22404938021052,0.248436160455783,-0.0278567827616952,0.801595191604265,0.972559251642102,0.905494374366517,0.970746305708606,0.900807404358241,FALSE,FALSE
"CXCL13",0.938687046374549,-0.0419620526074741,0.750800718244605,-0.323304882763035,0.239380777548087,0.00567664149150814,0.963801666180016,-0.261228602503335,0.272581885486351,-0.0362854111159659,0.772135956372753,0.973190253020527,0.911839262941813,0.988167438639623,0.882924887456312,FALSE,FALSE
"NF1",0.939534538426118,-0.0128352852786057,0.881715690091056,-0.196824950472537,0.171154379915326,-0.0153567043200704,0.851189086970324,-0.189904626703459,0.159191218063318,-0.0281919895986761,0.731008590596989,0.973190253020527,0.960102108840201,0.954189240614768,0.865219494954667,FALSE,FALSE
"CXCR3",0.939595192231325,-0.0355682259276967,0.808034019561964,-0.347565980221028,0.276429528365635,0.0468910832712153,0.735938826957081,-0.249095975256136,0.342878141798567,0.0113228573435185,0.934947873887132,0.973190253020527,0.939275213822028,0.921817679613365,0.970607587539626,FALSE,FALSE
"CACNG1",0.940702779424456,-0.0143303810771964,0.921683152335316,-0.32531250526991,0.296651743115517,-0.0314828566323722,0.820061899680112,-0.32650640384627,0.263540690581526,-0.0458132377095686,0.74095253841578,0.973784783011702,0.975580087929887,0.947223396782408,0.872411859747612,FALSE,FALSE
"CALML6",0.94387115907912,-0.00188628484365798,0.987477907980664,-0.258354068347305,0.254581498659989,0.0332418024644778,0.771037753358615,-0.210064900233467,0.276548505162423,0.0313555176208198,0.783654850160037,0.975209835845283,0.996523710494919,0.931951317783014,0.891417961339948,FALSE,FALSE
"MS4A1",0.94398805048924,-0.0378452009531062,0.739480555061342,-0.280121758458683,0.20443135655247,0.0191102049996559,0.859268895999244,-0.210733518615059,0.248953928614371,-0.0187349959534503,0.862000412751806,0.975209835845283,0.9081776668822,0.954515062421217,0.933066876199316,FALSE,FALSE
"OTOA",0.944638946737895,-0.0187991445475593,0.876568989751351,-0.276946130646086,0.239347841550968,0.0379399956693821,0.741538797726324,-0.206959738484369,0.282839729823133,0.0191408511218228,0.867618302211137,0.975209835845283,0.960102108840201,0.926205238339891,0.93526485619334,FALSE,FALSE
"CD79B",0.945136715066635,0.00721425487347037,0.960015779185336,-0.299843438256492,0.314271948003433,0.0342070346048467,0.802395834027853,-0.257093470405469,0.325507539615162,0.0414212894783171,0.762015882521932,0.975209835845283,0.988547709677612,0.940711163979994,0.879767241117153,FALSE,FALSE
"IL23A",0.945247437177593,-0.0445143984987458,0.74255760693323,-0.333036089800237,0.244007292802745,0.020968223046774,0.870220576099862,-0.252747486616237,0.294683932709785,-0.0235461754519718,0.854454799590921,0.975209835845283,0.909503577601065,0.956653104327344,0.929308706348886,FALSE,FALSE
"SPO11",0.945605413461126,-0.0364120299457819,0.775089844581701,-0.307878631741947,0.235054571850383,0.0347041557818129,0.774075677680385,-0.222831675320739,0.292239986884365,-0.00170787416396894,0.988709207991658,0.975209835845283,0.922726005454407,0.931951317783014,0.994683961384848,FALSE,FALSE
"ETV7",0.945819950381453,0.0387415366709377,0.744020142798259,-0.213857297718273,0.291340371060148,-0.0208671800446559,0.852693832239224,-0.260503475336728,0.218769115247416,0.0178743566262818,0.873603616722935,0.975209835845283,0.909503577601065,0.954515062421217,0.939497112857605,FALSE,FALSE
"TLR9",0.94745044297331,-0.0051847210716728,0.967415066298772,-0.276013444658503,0.265644002515158,-0.0301440592707073,0.802568373872246,-0.287074745969873,0.226786627428458,-0.0353287803423801,0.769612990066314,0.975854022422833,0.99021043518183,0.940711163979994,0.882297755704204,FALSE,FALSE
"RXRG",0.94803413907429,0.00636126839473115,0.96231145500364,-0.28089824022848,0.293620777017942,0.0312426684896046,0.806975722381411,-0.241275629547433,0.303760966526642,0.0376039368843357,0.768828534982765,0.975854022422833,0.988861714741916,0.944058136760305,0.882297755704204,FALSE,FALSE
"CD1D",0.948048866715443,-0.0363710757664406,0.749029617914152,-0.278440152824838,0.205698001291957,0.0180028867564579,0.867222976861004,-0.211644003623346,0.247649777136262,-0.0183681890099826,0.864557838593527,0.975854022422833,0.911464703382403,0.956048984676855,0.934172916183059,FALSE,FALSE
"SP1",0.949503103974374,0.0168188518306913,0.817013266073034,-0.138111381768486,0.171749085429868,-0.0209874351611528,0.761050914586363,-0.167967160139757,0.125992289817451,-0.00416858333046151,0.951743668069864,0.976799980131473,0.941491593976507,0.931951317783014,0.981268306205169,FALSE,FALSE
"CXCL10",0.950301141522019,0.0251384221075489,0.854830811909272,-0.267853131770565,0.318129975985663,-0.0407239718352263,0.755046223915499,-0.31868016546926,0.237232221798807,-0.0155855497276774,0.904786252992917,0.977065398894665,0.959450327019939,0.930424955196344,0.962033383037511,FALSE,FALSE
"LTB",0.950989947923073,-0.0365750149992271,0.800549236830168,-0.34508785315671,0.271937823158256,0.0394006344026407,0.774294994286421,-0.253280342391525,0.332081611196806,0.00282561940341361,0.983563587028112,0.977065398894665,0.935940011028223,0.931951317783014,0.992811695976938,FALSE,FALSE
"CD6",0.951367240457983,-0.0134882705643749,0.903387480188792,-0.25053939301391,0.22356285188516,-0.0187924975365533,0.858566356857601,-0.243678938188554,0.206093943115448,-0.0322807681009282,0.759837356640003,0.977065398894665,0.969085991392789,0.954515062421217,0.879185258252307,FALSE,FALSE
"S100A7",0.953549676619301,-0.0234559744384293,0.870161757727237,-0.329506268213823,0.282594319336964,0.0411770101992554,0.762619471442295,-0.249167791868913,0.331521812267424,0.0177210357608261,0.896411083893135,0.978755995405075,0.960102108840201,0.931951317783014,0.95725583856347,FALSE,FALSE
"CD244",0.954793988224489,-0.0337526243228505,0.777883783914385,-0.288655946441861,0.221150697796161,0.0076143447689524,0.946433970299026,-0.234208179542944,0.249436869080848,-0.0261382795538981,0.817787950438948,0.979447831958717,0.923106757894285,0.982367853899148,0.910593660494863,FALSE,FALSE
"CD19",0.955752546496545,-0.0444703492465746,0.771257180803936,-0.370284518367528,0.281343819874378,0.0281614232670894,0.845969146425833,-0.280933037246164,0.337255883780343,-0.0163089259794852,0.910376541802631,0.979447831958717,0.921224425492646,0.953020797671077,0.962593968012632,FALSE,FALSE
"NODAL",0.955833747243,-0.017031860055012,0.90002067600293,-0.306223233001041,0.272159512891017,0.0376683538456403,0.769942808082314,-0.236682671608555,0.312019379299836,0.0206364937906283,0.872546663450122,0.979447831958717,0.967906737598908,0.931951317783014,0.93891371509226,FALSE,FALSE
"S100A8",0.956581752740878,-0.0312465589724919,0.849302490571283,-0.381896340607151,0.319403222662167,-0.0137964557168227,0.929489225271079,-0.346452047018684,0.318859135585038,-0.0450430146893146,0.773020027542035,0.979664252947307,0.956775953884316,0.976541495889616,0.883382310747786,FALSE,FALSE
"SRD5A2",0.958037774126852,-0.0334363286925537,0.793564453322268,-0.305694562322922,0.238821904937815,0.0288253704828741,0.811988112128502,-0.229461468518991,0.287112209484739,-0.00461095820967955,0.969612647663332,0.980373083546311,0.932565878188358,0.944829078386773,0.988571554181889,FALSE,FALSE
"CTAGE1",0.958348263587189,-0.0256755565947787,0.830964419283553,-0.282093969321593,0.230742856132035,-0.00560784072432514,0.960767137183998,-0.248867706190877,0.237652024742227,-0.0312833973191039,0.784098155147612,0.980373083546311,0.948766956417513,0.987140695907419,0.891417961339948,FALSE,FALSE
"PPP2R2C",0.959673607040163,-0.0116077390399913,0.928893072617971,-0.289136257870084,0.265920779790101,0.0337966530781509,0.784483767896214,-0.229490017468655,0.297083323624957,0.0221889140381596,0.85737539325403,0.981178897954228,0.978205341908711,0.933307578267987,0.929714850082355,FALSE,FALSE
"DACH2",0.962154405024988,0.0251076639168446,0.878057002317487,-0.323912242442057,0.374127570275747,0.017133949293025,0.912095111411484,-0.31397540655682,0.34824330514287,0.0422416132098696,0.785771028697584,0.982891019694627,0.960102108840201,0.970746305708606,0.891417961339948,FALSE,FALSE
"ANGPT1",0.963151023394009,0.0178327044265511,0.897990547473026,-0.278894332536335,0.314559741389437,0.0175673937397415,0.894097946082973,-0.263932590306966,0.299067377786449,0.0354000981662926,0.788746244781993,0.982891019694627,0.967906737598908,0.96302074670979,0.894075712252881,FALSE,FALSE
"CCL25",0.963813453189923,-0.0152412355820261,0.916134226363475,-0.324023311554258,0.293540840390206,-0.0209157009379571,0.878960147101547,-0.313852099150178,0.272020697274264,-0.0361569365199833,0.792551965251161,0.982891019694627,0.97375944269851,0.957101592160097,0.895608257946358,FALSE,FALSE
"IFNA2",0.96438531986778,0.0217761912737702,0.880458186511773,-0.287067154387754,0.330619536935295,0.0144471875856698,0.916219620660895,-0.27854733615746,0.3074417113288,0.03622337885944,0.792220763361732,0.982891019694627,0.960102108840201,0.972151632387287,0.895608257946358,FALSE,FALSE
"PLCE1",0.964727946969472,-0.00712670533321838,0.966302114364985,-0.36709382779171,0.352840417125273,-0.0317211619200383,0.843004072008399,-0.373215958843714,0.309773635003637,-0.0388478672532567,0.808434629576384,0.982891019694627,0.99021043518183,0.952559957253786,0.904039950353493,FALSE,FALSE
"IL13RA2",0.965162439136398,-0.0347130424490719,0.798556485438929,-0.324552520116588,0.255126435218444,0.0114495406539828,0.929207553681058,-0.263516330924875,0.28641541223284,-0.0232635017950892,0.856826359119571,0.982891019694627,0.935592801752764,0.976541495889616,0.929714850082355,FALSE,FALSE
"WNT10B",0.965366822262271,-0.0223118268465473,0.867174394801708,-0.306818850197293,0.262195196504198,-0.0102919191697932,0.935156895175401,-0.280198980400713,0.259615142061127,-0.0326037460163405,0.796867033965702,0.982891019694627,0.960102108840201,0.979713739204998,0.897705146288522,FALSE,FALSE
"FGF3",0.965656766198612,-0.0270315153295075,0.814282628461429,-0.272301328259228,0.218238297600213,0.023636390613076,0.82855872368282,-0.209046984429324,0.256319765655476,-0.00339512471643149,0.975161023152827,0.982891019694627,0.941474976599966,0.949390442471504,0.99086905668564,FALSE,FALSE
"SOX10",0.966581319790024,-0.020245578928837,0.893004514421428,-0.341323158778843,0.300832000921169,-0.0162563686048173,0.909352467390979,-0.320857305986998,0.288344568777363,-0.0365019475336543,0.798443463006565,0.983273541545293,0.967775082434148,0.970746305708606,0.898122731014297,FALSE,FALSE
"SH2D1A",0.967110140862357,-0.0321706072092792,0.803954392193693,-0.30835909035005,0.244017875931491,0.0213595826223006,0.861986278744295,-0.240655818447255,0.283374983691856,-0.0108110245869786,0.929849728296132,0.983273541545293,0.936796740451228,0.954515062421217,0.969700430937395,FALSE,FALSE
"ASCL1",0.968627433647503,0.0309717452983578,0.814835305691359,-0.250906047031946,0.312849537628661,-0.0239643652066374,0.848459785084791,-0.291377118881747,0.243448388468473,0.0070073800917204,0.95540967913802,0.984267854346711,0.941474976599966,0.953293645501921,0.983430718796891,FALSE,FALSE
"HACD2",0.972237532982446,-0.0154048832963873,0.904303256625709,-0.288744893745308,0.257935127152533,0.0282733324610356,0.81623026273054,-0.231039770140808,0.287586435062879,0.0128684491646483,0.91568426366724,0.986885835968077,0.969085991392789,0.946993152881904,0.964032114627321,FALSE,FALSE
"FGF23",0.972724314399907,-0.0275094966470523,0.837464352933096,-0.313416622406861,0.258397629112756,0.025093582906903,0.843625695930843,-0.246141732095055,0.296328897908861,-0.00241591374014928,0.984835495373783,0.986885835968077,0.953348058204041,0.952559957253786,0.992880407049822,FALSE,FALSE
"CCR1",0.972826092551545,0.0184611857009448,0.846683701486441,-0.185123168116241,0.22204553951813,-0.018815910216094,0.835462657369924,-0.211952986426864,0.174321165994676,-0.000354724515149203,0.996872863305755,0.986885835968077,0.956331004967293,0.95117373615336,0.998947537067722,FALSE,FALSE
"GRIA3",0.973548251929978,0.021995240911665,0.874561423330684,-0.275161669851641,0.319152151674972,0.00731164986678315,0.955865263851853,-0.274596148274653,0.289219448008219,0.0293068907784482,0.824619175525651,0.987069755429005,0.960102108840201,0.98580144970765,0.915384909089356,FALSE,FALSE
"FAAP24",0.974484999645644,-0.0211958016638756,0.870116303292424,-0.297657910376397,0.255266307048646,0.0264128739090277,0.830009894340401,-0.235862111170367,0.288687858988422,0.00521707224515209,0.966143248471285,0.987470918574847,0.960102108840201,0.949390442471504,0.988480926558083,FALSE,FALSE
"TLR7",0.975198429824081,-0.00735880655071365,0.928696114552037,-0.182812480845005,0.168094867743578,0.0169819950264476,0.82782450939112,-0.149467975358141,0.183431965411037,0.00962318847573398,0.901844302728791,0.987645468606519,0.978205341908711,0.949390442471504,0.960809020712226,FALSE,FALSE
"KLRG1",0.976864811881661,-0.00913320879797315,0.946710122793333,-0.30069871020638,0.282432292610433,-0.0176088388975489,0.891983502677558,-0.294212160371428,0.25899448257633,-0.0267420476955221,0.836696554419877,0.988538792799978,0.985142962755782,0.96302074670979,0.922084065106446,FALSE,FALSE
"SMC1B",0.977439818258169,0.00474415183654332,0.972303828923287,-0.286839308839552,0.296327612512639,0.0203799483292553,0.875139234556847,-0.256240410801926,0.297000307460436,0.0251241001657987,0.846442927808006,0.988538792799978,0.991869473328674,0.956743776661742,0.925750596568614,FALSE,FALSE
"CAMP",0.977976061501751,-0.0217310667814661,0.859664740044846,-0.283842626884102,0.24038049332117,0.0214866121529241,0.853811503068733,-0.22717424714241,0.270147471448259,-0.000244454628542052,0.998326163457414,0.988538792799978,0.960102108840201,0.954515062421217,0.998947537067722,FALSE,FALSE
"CLEC5A",0.9785728373803,-0.0253091930775136,0.847322995197057,-0.305596504985354,0.254978118830326,0.0197584052628151,0.874078576549142,-0.246145486199628,0.285662296725258,-0.00555078781469857,0.96447039989846,0.988538792799978,0.956331004967293,0.956743776661742,0.988297855033514,FALSE,FALSE
"SIRPB2",0.978788821144965,-0.0114996335443315,0.924163252168726,-0.269242426835073,0.24624315974641,0.0232072545161232,0.839638843256473,-0.221309028671689,0.267723537703935,0.0117076209717917,0.918636254528787,0.988538792799978,0.976040471763846,0.95117373615336,0.964620923196223,FALSE,FALSE
"PPP2R2B",0.981998720921822,-0.0271375549290889,0.859858772299653,-0.354918602764296,0.300643492906118,0.0210905334622079,0.884973927748209,-0.28986987203655,0.332050938960966,-0.006047021466881,0.966900743238645,0.99056993036579,0.960102108840201,0.961271329311751,0.988480926558083,FALSE,FALSE
"CACNA2D4",0.98237920423106,-0.0113465993452571,0.922123644755646,-0.258975807293138,0.236282608602623,0.0203459917227942,0.853480392552733,-0.214575701966838,0.255267685412426,0.00899939237753707,0.934857154574106,0.99056993036579,0.975580087929887,0.954515062421217,0.970607587539626,FALSE,FALSE
"CCR2",0.98242825970525,0.0149555634423222,0.884849113204588,-0.205309480553464,0.235220607438109,-0.0169907929774299,0.862337460779024,-0.225952561360594,0.191970975405734,-0.00203522953510766,0.983418117980969,0.99056993036579,0.961792514352813,0.954515062421217,0.992811695976938,FALSE,FALSE
"FCGR2B",0.983024431632033,0.0204498676685756,0.870388460405412,-0.246848585362674,0.287748320699825,-0.0182024896777075,0.878319171132826,-0.271784067663194,0.235379088307779,0.00224737799086813,0.984911302344731,0.99062373701185,0.960102108840201,0.956974619293975,0.992880407049822,FALSE,FALSE
"CD33",0.984500413463973,-0.0178350424217649,0.865708094308113,-0.242747179414341,0.207077094570811,0.0120661993195825,0.903978113820891,-0.201304188574124,0.225436587213289,-0.0057688431021824,0.953994989640339,0.990911062388832,0.960102108840201,0.970300918322037,0.982528699827098,FALSE,FALSE
"TXK",0.984813937246152,0.0102504997595424,0.923592733272594,-0.217773939590947,0.238274939110032,-0.0173672766929229,0.864056197611575,-0.233690253852065,0.198955700466219,-0.0071167769333805,0.944037053240356,0.990911062388832,0.976040471763846,0.954515062421217,0.975576229990742,FALSE,FALSE
"CD22",0.984938447766215,0.011307854175334,0.931218690828146,-0.268219045587248,0.290834753937916,-0.0212108906938957,0.864555286675217,-0.286393391854497,0.243971610466706,-0.00990303651856171,0.936492168313522,0.990911062388832,0.978913943989417,0.954515062421217,0.971119997696724,FALSE,FALSE
"NOS2",0.986695555572786,-0.0020788540602592,0.988101155101161,-0.299535438852403,0.295377730731885,0.0189860629294441,0.885888057403025,-0.263206030958009,0.301178156816898,0.0169072088691849,0.898301253017711,0.992131894721947,0.996523710494919,0.961271329311751,0.958073666672302,FALSE,FALSE
"NCR1",0.987714699823632,-0.021274674768646,0.881374186028881,-0.325354951249166,0.282805601711874,0.0062638842689086,0.963044309893672,-0.282211995294744,0.294739763832561,-0.0150107904997374,0.911608608136763,0.992609761661965,0.960102108840201,0.987945961526673,0.963123424627602,FALSE,FALSE
"CFP",0.989503995076372,0.0157378129047589,0.898056753241069,-0.246302429035921,0.277778054845438,-0.0139998458214753,0.904373623049745,-0.262593046767714,0.234593355124763,0.00173796708328353,0.988096993345596,0.993740708713296,0.967906737598908,0.970300918322037,0.994683961384848,FALSE,FALSE
"PDZK1IP1",0.989929100515492,0.0370407747609834,0.919771549850172,-0.747554005034853,0.82163555455682,-0.047085063346779,0.892662317971406,-0.79141702667671,0.697246899983152,-0.0100442885857956,0.977027550634892,0.993740708713296,0.974917730528387,0.96302074670979,0.991148015513439,FALSE,FALSE
"MLANA",0.990774364178529,-0.00391899252586984,0.977476825167323,-0.300130715911688,0.292292730859948,0.0165501294850587,0.900020412501396,-0.264460985177825,0.297561244147943,0.0126311369591889,0.923600569347413,0.994042448942174,0.992918435666949,0.967598155099615,0.967051657520958,FALSE,FALSE
"PAX8",0.992150343657419,0.0111035739361161,0.936062511940206,-0.284223953792556,0.306431101664789,0.00485053703851919,0.970530304264112,-0.275321755972223,0.285022830049261,0.0159541109746353,0.903313745740509,0.99487603141472,0.981282622417935,0.989507153788829,0.96177918723178,FALSE,FALSE
"PLA2G4A",0.994129167616818,0.00512096655124439,0.968669791988136,-0.273096976342778,0.283338909445267,0.00782344918531852,0.949570167524666,-0.256117266456212,0.271764164826849,0.0129444157365629,0.916669442440165,0.996312867051452,0.99021043518183,0.984111604488227,0.964032114627321,FALSE,FALSE
"CD247",0.995950823865742,-0.0107579033506371,0.933809921397881,-0.287129670089378,0.265613863388104,0.00848852952499046,0.944925557667207,-0.253700749632766,0.270677808682747,-0.00226937382564663,0.985263790228618,0.997376756417149,0.980554146462102,0.982196074632309,0.992880407049822,FALSE,FALSE
"IFIT1",0.996283740793678,0.00188499053823042,0.989628996987686,-0.307569773144132,0.311339754220593,-0.0107075962808518,0.937970078253651,-0.304282162088478,0.282866969526774,-0.00882260574262139,0.948871275360094,0.997376756417149,0.996523710494919,0.980409732424349,0.980017021806549,FALSE,FALSE
"CREB1",0.997777433984718,0.00547597338449948,0.948049126241629,-0.173850364607661,0.18480231137666,-0.00241113351567537,0.975872977506851,-0.1725350352694,0.167712768238049,0.0030648398688241,0.969334911144897,0.998324461086683,0.985863051504828,0.992873050298508,0.988571554181889,FALSE,FALSE
"NLRP3",0.99991409921813,0.00123248094255508,0.990517266212483,-0.220055423993683,0.222520385878793,-0.000210525212098271,0.998292552427054,-0.210142664685697,0.2097216142615,0.0010219557304568,0.991711672556571,0.99991409921813,0.996523710494919,0.999141345183972,0.996626543180475,FALSE,FALSE
