"Gene","Patient_Blocked_F_p","Normal_to_ADM_log2","Normal_to_ADM_p","Normal_to_ADM_CI_low","Normal_to_ADM_CI_high","ADM_to_PDAC_log2","ADM_to_PDAC_p","ADM_to_PDAC_CI_low","ADM_to_PDAC_CI_high","Normal_to_PDAC_log2","Normal_to_PDAC_p","Patient_Blocked_F_BH_FDR_all_targets","Normal_to_ADM_BH_FDR_all_targets","ADM_to_PDAC_BH_FDR_all_targets","Normal_to_PDAC_BH_FDR_all_targets","ADM_peak","ADM_trough"
"SMAD4",8.40409325698725e-07,-0.307909238219914,0.00522140500296849,-0.504937056645791,-0.110881419794037,-0.574867503477736,2.19296181761687e-05,-0.761784504069695,-0.387950502885778,-0.88277674169765,2.62694753043318e-07,0.000422658371724014,0.0874226067010779,0.00602097581918817,0.000107313122271602,FALSE,FALSE
"PLA2G1B",1.05284209885576e-06,-3.45599661038896,0.00608559592987255,-5.72257311919389,-1.18942010158403,-6.48689140755476,2.6393318659455e-05,-8.63715468521165,-4.33662812989788,-9.94288801794372,3.30370311198518e-07,0.000422658371724014,0.0974229172983983,0.00602097581918817,0.000107313122271602,FALSE,FALSE
"MXI1",1.11296148291944e-06,-0.39465633050773,0.000773514147191787,-0.58727574550523,-0.20203691551023,-0.463455571983663,0.000130706046181718,-0.646190393872052,-0.280720750095274,-0.858111902491393,2.79495872376468e-07,0.000422658371724014,0.0472971017471897,0.00950168997388367,0.000107313122271602,FALSE,FALSE
"TMPRSS2",1.35526086793537e-06,-0.925868466482234,0.000482352001118218,-1.35168663276761,-0.500050300196859,-0.94309424070297,0.00026768724560256,-1.3470608230644,-0.539127658341538,-1.8689627071852,3.28447332642585e-07,0.000422658371724014,0.0451878618389524,0.0125263903390941,0.000107313122271602,FALSE,FALSE
"BNIP3",1.61066156545581e-06,-1.24283993364817,0.00319968777487443,-1.98044202894853,-0.505237838347801,-1.90020657721045,7.06811332391031e-05,-2.59995736562896,-1.20045578879193,-3.14304651085861,4.5195538198732e-07,0.000422658371724014,0.0703545805921185,0.00906364401961589,0.000107313122271602,FALSE,FALSE
"HK1",1.83150091973875e-06,0.242812758615277,0.0194065032887001,0.0466736502524932,0.438951866978061,0.564102597671962,2.51830156910721e-05,0.378028701473669,0.750176493870255,0.80691535628724,6.58735496100119e-07,0.000422658371724014,0.164162785754218,0.00602097581918817,0.000107313122271602,FALSE,FALSE
"MFGE8",1.99055097371177e-06,0.396495527905035,0.0248768023716441,0.059396518401911,0.733594537408159,0.974706624077657,2.39226419249561e-05,0.654906423972672,1.29450682418264,1.37120215198269,7.43326703380929e-07,0.000422658371724014,0.183345677839243,0.00602097581918817,0.000107313122271602,FALSE,FALSE
"FH",2.36405562284968e-06,-0.467469232006054,8.79578616073043e-05,-0.643803553905495,-0.291134910106613,-0.265774704277333,0.00470335253723805,-0.433060130336395,-0.0984892782182706,-0.733243936283387,5.8752044837995e-07,0.000422658371724014,0.035340082831109,0.0499047580259269,0.000107313122271602,FALSE,FALSE
"ECSIT",3.04241034937274e-06,-0.532759494770546,0.000359046743882745,-0.769110114921941,-0.29640887461915,-0.430908300935487,0.00126019417668581,-0.655130186756998,-0.206686415113977,-0.963667795706033,7.24840002159572e-07,0.000422658371724014,0.0436840205057339,0.027709088824718,0.000107313122271602,FALSE,FALSE
"SGK1",3.05114889160048e-06,-1.38089653145923,0.00100689533361791,-2.07834392078069,-0.683449142137769,-1.4537785648941,0.000443055934296912,-2.1154352544123,-0.792121875375895,-2.83467509635333,7.4977434359027e-07,0.000422658371724014,0.0472971017471897,0.0164515115798081,0.000107313122271602,FALSE,FALSE
"PHGDH",3.09540576527903e-06,-1.17901091519251,0.000334265369482369,-1.69757624908757,-0.660445581297448,-0.931866461577373,0.00140265968421732,-1.42382073279161,-0.439912190363141,-2.11087737676988,7.37596354636399e-07,0.000422658371724014,0.0435991199737496,0.0292053922632137,0.000107313122271602,FALSE,FALSE
"SRP54",3.25323521451335e-06,-0.589737464778954,0.000209006050575416,-0.835120717050359,-0.344354212507549,-0.403526376588649,0.00263883831194595,-0.636317369639846,-0.170735383537451,-0.993263841367602,7.83058735081588e-07,0.000422658371724014,0.035340082831109,0.0362096234533936,0.000107313122271602,FALSE,FALSE
"EIF4EBP1",3.31744846534548e-06,-1.1616030575723,0.00124546660333846,-1.76508722007298,-0.558118895071622,-1.26972057604,0.000410479267358461,-1.8422359216424,-0.697205230437607,-2.4313236336123,8.2322395167256e-07,0.000422658371724014,0.0483612032147381,0.0162853187593302,0.000107313122271602,FALSE,FALSE
"BRD4",3.3308470083121e-06,-0.300715890611053,0.000594251333772524,-0.44265691377755,-0.158774867444556,-0.272723592520453,0.000846204775711951,-0.40738067050671,-0.138066514534196,-0.573439483131506,7.99337791275109e-07,0.000422658371724014,0.0451878618389524,0.0232191428633661,0.000107313122271602,FALSE,FALSE
"PBX1",3.52091675758035e-06,-0.436458841044441,0.0179393646811594,-0.783555859249868,-0.089361822839013,-0.914521284678489,5.7480577867641e-05,-1.24380642865311,-0.585236140703864,-1.35098012572293,1.18600831899947e-06,0.000422658371724014,0.158161065425681,0.00906364401961589,0.000122325244284349,FALSE,FALSE
"SPINK1",3.9153442276746e-06,-2.32023611793351,0.023289706288504,-4.26571902126451,-0.374753214602516,-5.14996612121986,5.50430475022063e-05,-6.9956132582528,-3.30431898418692,-7.47020223915338,1.36810207102138e-06,0.000422658371724014,0.17566125134237,0.00906364401961589,0.000128430543833881,FALSE,FALSE
"IL22RA1",4.0172598668111e-06,-0.842382585082521,0.00884664279399094,-1.43055617300871,-0.254208997156329,-1.4439141693707,0.000109317445866744,-2.00190462859073,-0.885923710150681,-2.28629675445323,1.20256052142802e-06,0.000422658371724014,0.110070294439696,0.00950168997388367,0.000122325244284349,FALSE,FALSE
"SERPINH1",4.16868531015466e-06,0.665183844648073,0.0070053081113447,0.218723274219229,1.11164441507692,1.06972066319296,0.00013563932821267,0.646170976789006,1.4932703495969,1.73490450784103,1.20649556006481e-06,0.000422658371724014,0.101992337483509,0.00950168997388367,0.000122325244284349,FALSE,FALSE
"PDGFRB",4.55591736192584e-06,0.904720739882609,0.000508195370489675,0.485933948240742,1.32350753152448,0.738391609538413,0.00161201717054313,0.341095574863613,1.13568764421321,1.64311234942102,1.08993859430287e-06,0.000437607851869192,0.0451878618389524,0.029925793263999,0.000122325244284349,FALSE,FALSE
"SMAP1",5.96032395932525e-06,-0.499619678227648,0.000564077048349478,-0.733911270626076,-0.265328085829221,-0.396233990319024,0.00217157637937846,-0.618502510901071,-0.173965469736977,-0.895853668546673,1.42982215854414e-06,0.000528866114162578,0.0451878618389524,0.0337643110895145,0.000128430543833881,FALSE,FALSE
"BCAT1",6.15817094884834e-06,-1.59109615919357,0.000575052539791403,-2.33902510152237,-0.843167216864761,-1.25975070365737,0.00223465581237892,-1.96929839937329,-0.550203007941448,-2.85084686285094,1.47783091534877e-06,0.000528866114162578,0.0451878618389524,0.034087237333715,0.000128430543833881,FALSE,FALSE
"MAPK9",6.6516116416606e-06,-0.813803886351568,0.000213008718434082,-1.15316725038166,-0.474440522321479,-0.464956444235252,0.00842747170776152,-0.786904799660834,-0.14300808880967,-1.27876033058682,1.66680385727837e-06,0.000528866114162578,0.035340082831109,0.0690650976862342,0.00013826895634241,FALSE,FALSE
"AMBP",6.66516198670646e-06,-0.152795588524655,0.614051878162024,-0.795809307852958,0.490218130803648,-1.98700189738076,1.25285099075152e-05,-2.59701827332486,-1.37698552143666,-2.13979748590541,5.9828314530704e-06,0.000528866114162578,0.851737486947777,0.00602097581918817,0.000255116388069137,FALSE,FALSE
"IGF1R",7.21290254141034e-06,-0.724602433695797,0.000185918324508042,-1.02203878953281,-0.427166077858783,-0.385429318010411,0.0115690249798231,-0.667602221025996,-0.103256414994827,-1.11003175170621,1.84322915479177e-06,0.000542802136760162,0.035340082831109,0.0853274412665994,0.000146256226412825,FALSE,FALSE
"OLFML2B",7.80674972967946e-06,0.328843504266338,0.0199573068605845,0.0617117525318646,0.595975256000811,0.638645567132217,0.000138290479978705,0.385222135882746,0.892068998381688,0.967489071398555,2.5170650085654e-06,0.000542802136760162,0.165554931911667,0.00950168997388367,0.000176678601562764,FALSE,FALSE
"EGF",8.08701532674034e-06,-1.20828554395157,0.00137173683347656,-1.84424353520608,-0.572327552697064,-1.1499793186695,0.00133944095863571,-1.75330204323441,-0.546656594104598,-2.35826486262108,1.97029174139234e-06,0.000542802136760162,0.0489830907383531,0.0284241831338391,0.000149824267835042,FALSE,FALSE
"JUP",8.18155159552375e-06,0.141814512666934,0.327945915875254,-0.161175060187647,0.444804085521514,0.877086605961592,2.36601965669685e-05,0.589645458710992,1.16452775321219,1.01890111862853,5.38106065914769e-06,0.000542802136760162,0.673893665648457,0.00602097581918817,0.000251806043665245,FALSE,FALSE
"TOP2A",8.32792319412852e-06,-0.0695852379367155,0.335861314145728,-0.220811228204747,0.081640752331316,0.507237859653422,5.52332811900663e-06,0.363772288454991,0.650703430851854,0.437652621716707,2.37187784669353e-05,0.000542802136760162,0.680138422011524,0.00602097581918817,0.000428581888140167,FALSE,FALSE
"IFI27",9.0690971744029e-06,0.768957771775345,0.0743726579576841,-0.0883540190779399,1.62626956262863,2.21755385477744,6.81112814793892e-05,1.40423647757316,3.03087123198173,2.98651162655279,3.75687742223971e-06,0.000556490304291274,0.326274280703782,0.00906364401961589,0.00022117100953508,FALSE,FALSE
"PSEN2",9.14778582396615e-06,-0.674273739570451,0.000863005796404296,-1.00804434288546,-0.340503136255436,-0.550072796820508,0.00259960595547956,-0.866715393565706,-0.233430200075311,-1.22434653639096,2.20545203835781e-06,0.000556490304291274,0.0472971017471897,0.0360961805311422,0.00016099799880012,FALSE,FALSE
"COL5A2",1.01493743382052e-05,0.757169289147547,0.0354029590138288,0.061073653749053,1.45326492454604,1.68100180933833,0.000126533587906006,1.02062750618992,2.34137611248674,2.43817109848588,3.55259101667607e-06,0.000597503489265305,0.218916859811072,0.00950168997388367,0.000216115953514461,FALSE,FALSE
"KMT2C",1.09869130340564e-05,-0.237218869030392,0.0159419892597222,-0.4215831206934,-0.0528546173673847,-0.412560112858343,0.000245264238783482,-0.58746339916862,-0.237656826548066,-0.649778981888735,3.33349013976516e-06,0.000617644770099601,0.149969744324706,0.0117791377836804,0.000213984141086118,FALSE,FALSE
"TMEM173",1.11683711853626e-05,0.349586075739685,0.000737801130967813,0.179993802337184,0.519178349142185,0.260396234564664,0.00417423914163905,0.0995068773092956,0.421285591820033,0.609982310304349,2.70404475855938e-06,0.000617644770099601,0.0472971017471897,0.0470246076141436,0.00018277339571744,FALSE,FALSE
"ZBTB16",1.22817185053336e-05,-0.475067951055892,0.125773154171053,-1.10408108346388,0.153945181352099,-1.62876846902332,6.74470884090254e-05,-2.22550272199321,-1.03203421605342,-2.10383642007921,5.6842885574878e-06,0.000659239302124527,0.430649167658859,0.00906364401961589,0.000255116388069137,FALSE,FALSE
"CLU",1.32422825602468e-05,-0.69987110382662,0.12230568103617,-1.61713700643746,0.217394798784216,-2.34949775063473,7.44957042708155e-05,-3.21969259231286,-1.4793029089566,-3.04936885446135,6.0440222565418e-06,0.00067816334673933,0.423544341349167,0.00906364401961589,0.000255116388069137,FALSE,FALSE
"VTCN1",1.34834761204854e-05,-0.391060513094431,0.0448103077199145,-0.771466780710172,-0.0106542454786893,-0.901738012689245,0.000149059200129725,-1.26262308525003,-0.540852940128457,-1.29279852578368,4.83511453851743e-06,0.00067816334673933,0.248055203632058,0.00950168997388367,0.000245113445355397,FALSE,FALSE
"ATP5ME",1.37490651119755e-05,-0.509933320067748,0.000520320440485676,-0.746668151872711,-0.273198488262786,-0.322811565109058,0.00866382530392919,-0.547397946109223,-0.0982251841088921,-0.832744885176806,3.40029594054653e-06,0.00067816334673933,0.0451878618389524,0.0699623061047379,0.000213984141086118,FALSE,FALSE
"RPL7A",1.64351413325198e-05,-0.991916648831423,0.00314893457002504,-1.5792023759257,-0.40463092173715,-1.03630313953832,0.00160277520710328,-1.59345130001611,-0.47915497906053,-2.02821978836974,4.10460927301672e-06,0.000751161844840385,0.0703545805921185,0.029925793263999,0.000226997331007743,FALSE,FALSE
"RPS27A",1.65370942970367e-05,-0.675510142426306,0.00242402635308267,-1.06044823611204,-0.290572048740572,-0.654841299255082,0.00208350869219641,-1.02002563951814,-0.289656958992023,-1.33035144168139,4.07480193992955e-06,0.000751161844840385,0.0649322901469991,0.0333544154671794,0.000226997331007743,FALSE,FALSE
"ACTA2",1.66959922640319e-05,0.409851553812419,0.280104277708095,-0.379622770183517,1.19932587780836,2.09123943509024,5.47050388051357e-05,1.34227832967557,2.8402005405049,2.50109098890266,9.79275370163191e-06,0.000751161844840385,0.622643491860259,0.00906364401961589,0.000279464064465416,FALSE,FALSE
"PLAU",1.6982072640315e-05,0.428796867432086,0.148438898506241,-0.176135190291389,1.03372892515556,1.52616153045854,8.55062622666903e-05,0.952272590840952,2.10005047007613,1.95495839789063,8.03095975476355e-06,0.000751161844840385,0.471545431016246,0.00917934874333587,0.000266713370941093,FALSE,FALSE
"PEBP1",1.72870123196143e-05,-0.825379968767869,0.00229064729371247,-1.29191682145949,-0.358843116076248,-0.780452459839661,0.00234387337155972,-1.22304817991326,-0.337856739766066,-1.60583242860753,4.24703061798799e-06,0.000751161844840385,0.0643143278619269,0.0344965234120685,0.000227965614053767,FALSE,FALSE
"C6",1.85968132110065e-05,0.126499018080831,0.699685910537884,-0.57105058673882,0.824048622900482,-2.08854551262844,1.70685443262524e-05,-2.75029917228258,-1.42679185297431,-1.96204649454761,3.11416756959163e-05,0.00078628807407555,0.88793880456743,0.00602097581918817,0.000477592925588632,FALSE,FALSE
"LY6E",1.94346060688796e-05,0.948848553147281,0.00179820041055345,0.430531245596155,1.46716586069841,0.816092973816728,0.00353967639159851,0.324374001052463,1.30781194658099,1.76494152696401,4.73970115127516e-06,0.00078628807407555,0.0537986188403286,0.0436480365855897,0.000245113445355397,FALSE,FALSE
"VCAN",1.96088610525922e-05,1.16013086472929,0.021763355972213,0.200943533236362,2.11931819622222,2.031273952524,0.000389128001437147,1.12130895143502,2.94123895361299,3.19140481725329,5.99312988364023e-06,0.00078628807407555,0.172687498475168,0.0160334447944332,0.000255116388069137,FALSE,FALSE
"CKLF",1.9818767894507e-05,0.397566660097759,0.0436770676562021,0.0132703449236461,0.781862975271871,0.864071819376764,0.000235491819599733,0.499496323668727,1.2286473150848,1.26163847947452,6.85791153143278e-06,0.00078628807407555,0.245435088358815,0.0117791377836804,0.000255116388069137,FALSE,FALSE
"SF3A1",2.06372786421293e-05,-0.355886452530031,0.00115668960692073,-0.5389612153337,-0.172811689726362,-0.263773017693832,0.00623559090604814,-0.437452987460232,-0.0900930479274312,-0.619659470223862,5.03812090297731e-06,0.000791879831010595,0.0479763302870529,0.0598944915975677,0.000246187204293527,FALSE,FALSE
"MAP3K5",2.08275243224704e-05,-0.701370204111957,0.000886245317458625,-1.049752632567,-0.35298777565691,-0.475802174616003,0.00858484212773108,-0.806306765825584,-0.145297583406422,-1.17717237872796,5.12608973323509e-06,0.000791879831010595,0.0472971017471897,0.0696326083693743,0.000246187204293527,FALSE,FALSE
"MAP3K1",2.17578059355306e-05,-0.0978880575872211,0.239841530807999,-0.270341230490618,0.0745651153161761,-0.438255359013767,8.00400564220883e-05,-0.601858803843037,-0.274651914184497,-0.536143416600988,1.18016975935005e-05,0.000792261229965345,0.578217693163275,0.00912956893564445,0.000299140251501922,FALSE,FALSE
"KRT19",2.23854890085023e-05,1.15690307436103,0.0262688514075784,0.161811995175505,2.15199415354655,2.10379357461649,0.000394509772484542,1.15976728775412,3.04781986147886,3.26069664897752,6.98949008408595e-06,0.000792261229965345,0.189488750272058,0.0160334447944332,0.000255116388069137,FALSE,FALSE
"NCOR1",2.24206323340417e-05,-0.153383996020294,0.0537731182929076,-0.309688803278174,0.00292081123758603,-0.351813690944183,0.000233388055599468,-0.500097450994739,-0.203529930893628,-0.505197686964478,8.02021970703613e-06,0.000792261229965345,0.269604233199331,0.0117791377836804,0.000266713370941093,FALSE,FALSE
"COL5A1",2.25740186072317e-05,1.17282441119691,0.0127977544298792,0.298234829298127,2.04741399309569,1.72118272066712,0.000702020507997786,0.891474191670762,2.55089124966348,2.89400713186403,6.33426271225831e-06,0.000792261229965345,0.133941297337773,0.0213531237849327,0.000255116388069137,FALSE,FALSE
"CD63",2.3246248876841e-05,-0.672964130324628,2.75824493251807e-05,-0.897067391572172,-0.448860869077084,0.0024681822289333,0.980235756664468,-0.210134838755263,0.215071203213129,-0.670495948095695,1.71917949490609e-05,0.00079651172211855,0.035340082831109,0.99440258805595,0.000370059401953706,FALSE,FALSE
"LAMB3",2.37746751480363e-05,0.649141324135406,0.0834320570137483,-0.0999741747345898,1.3982568230054,1.73493471775918,0.000182582765025917,1.02426135567044,2.44560807984793,2.38407604189459,9.35870967834247e-06,0.00079651172211855,0.343709941422326,0.0104129233178843,0.000275478147789919,FALSE,FALSE
"TGFB1",2.40044628583673e-05,0.37963634191136,0.0151340912943631,0.0875077507668943,0.671764933055827,0.579384302823184,0.00066039001621999,0.302246787521402,0.856521818124966,0.959020644734544,6.8602639273024e-06,0.00079651172211855,0.146136066731284,0.0204273182983302,0.000255116388069137,FALSE,FALSE
"PML",2.48393106631975e-05,0.325271652374279,0.00796277322438411,0.102210298604823,0.548333006143735,0.410150534098761,0.00118266084821499,0.198535953337141,0.621765114860381,0.73542218647304,6.57116032442256e-06,0.000809495392148848,0.108448217421649,0.027709088824718,0.000255116388069137,FALSE,FALSE
"DST",2.55870593704888e-05,0.495998745526348,0.000270864871326517,0.28324499693964,0.708752494113056,0.198060057242183,0.0537775027460888,-0.0037758706396647,0.399895985124031,0.694058802768531,7.30819374779896e-06,0.000819234795634073,0.0411940325142411,0.218808022792641,0.000256489492110252,FALSE,FALSE
"BRD2",2.68872049591638e-05,-0.476930095027511,0.00364910417939419,-0.76561876524845,-0.188241424806573,-0.473125106426508,0.00270135752650392,-0.746999226201525,-0.199250986651491,-0.950055201454019,6.69309018737399e-06,0.000825647433124427,0.0736460602010264,0.0363881077358324,0.000255116388069137,FALSE,FALSE
"XPA",2.69732198475612e-05,-0.309569433263191,0.00165395474306301,-0.476725769857017,-0.142413096669365,-0.241321698876371,0.00615929160545806,-0.399900123566243,-0.0827432741864985,-0.550891132139562,6.59702398133881e-06,0.000825647433124427,0.0513072790370486,0.0598745498393719,0.000255116388069137,FALSE,FALSE
"LDHB",2.73467517719027e-05,-1.16147004798829,0.000455384002845758,-1.69187262086746,-0.631067475109127,-0.569903070134274,0.029617461034133,-1.07308713226776,-0.0667190080007878,-1.73137311812257,7.26341286794083e-06,0.000825647433124427,0.0451878618389524,0.15175918042028,0.000256489492110252,FALSE,FALSE
"MAPK1",2.75969826962137e-05,-0.41208133201178,0.000181685248214254,-0.580784422228818,-0.243378241794741,-0.128418697338717,0.105931792268159,-0.288464501357131,0.031627106679697,-0.540500029350496,8.75605074644836e-06,0.000825647433124427,0.035340082831109,0.340361832551742,0.000275478147789919,FALSE,FALSE
"CARD11",2.86192476333587e-05,0.414756949222129,0.0752183139563902,-0.0491960282451059,0.878709926689363,1.04030798580947,0.000241082724123488,0.6001635450055,1.48045242661344,1.4550649350316,1.08239198096099e-05,0.000842421402110962,0.328722621440817,0.0117791377836804,0.000294485660817093,FALSE,FALSE
"RANBP2",2.97706336338473e-05,-0.247014585951716,0.0142258410665827,-0.434878978029225,-0.0591501938742075,-0.357888796808494,0.000903821155494076,-0.53611260787084,-0.179664985746149,-0.60490338276021,8.33022583213277e-06,0.000862403275901132,0.141697540617886,0.0235639086968098,0.000266713370941093,FALSE,FALSE
"FCGRT",3.06885048036661e-05,-0.455683281109104,0.000195030536947739,-0.643771028044284,-0.267595534173924,-0.140140655108811,0.112743839511355,-0.318576359194167,0.0382950489765459,-0.595823936217915,9.80038363056801e-06,0.000875101894792042,0.035340082831109,0.352928828659043,0.000279464064465416,FALSE,FALSE
"NDUFB1",3.21712874808075e-05,-0.345128224439413,0.000764998896410163,-0.513335519990153,-0.176920928888673,-0.197250739007611,0.0195529102836135,-0.356826190906844,-0.0376752871083776,-0.542378963447024,8.21289197028391e-06,0.00090043166451064,0.0472971017471897,0.118159143270181,0.000266713370941093,FALSE,FALSE
"RUNX1",3.25635560864122e-05,0.701289663536153,0.00446612645940853,0.263430960243159,1.13914836682915,0.711479088054949,0.00286412186407312,0.296089849334831,1.12686832677507,1.4127687515911,8.16029992234222e-06,0.00090043166451064,0.0811583516332195,0.0380621538431491,0.000266713370941093,FALSE,FALSE
"ITGB4",3.5127778000813e-05,0.675219060307953,0.0345615904955506,0.0579046478734686,1.29253347274244,1.25530665221228,0.000541240640944782,0.669670779489814,1.84094252493474,1.93052571252023,1.1133978408975e-05,0.000945437403175089,0.218051632231548,0.0186370598061175,0.000294485660817093,FALSE,FALSE
"ITGA1",3.56750984733312e-05,0.552877718882405,0.00790633169390835,0.174187812506478,0.931567625258333,0.653262305540312,0.00188687924665164,0.294005516221156,1.01251909485947,1.20614002442272,9.28549520995968e-06,0.000945437403175089,0.108448217421649,0.0316862785953812,0.000275478147789919,FALSE,FALSE
"HDAC11",3.57453045584006e-05,-0.372341504055169,0.00843162559314153,-0.630182525655599,-0.114500482454738,-0.448259607996546,0.00178471144989026,-0.692869078741156,-0.203650137251936,-0.820601112051715,9.35682964212995e-06,0.000945437403175089,0.108917301701992,0.0313200018816388,0.000275478147789919,FALSE,FALSE
"DSP",3.74532328592558e-05,-0.797716825625331,0.0135466088903151,-1.39888326916688,-0.196550382083784,-1.09744387096644,0.00124815395565468,-1.66776043530273,-0.527127306630145,-1.89516069659177,1.02838067849898e-05,0.000960120323709548,0.138009210136857,0.027709088824718,0.000288737652040097,FALSE,FALSE
"C1QBP",3.74947421187572e-05,-0.44144828621772,0.00319355692037618,-0.703364749413746,-0.179531823021694,-0.39304831447608,0.00483586325866161,-0.641524088594612,-0.144572540357548,-0.834496600693799,9.25409373361302e-06,0.000960120323709548,0.0703545805921185,0.0505785899116213,0.000275478147789919,FALSE,FALSE
"INHBA",3.78787196203219e-05,0.306852666911248,0.223448229724732,-0.213926246904747,0.827631580727243,1.23394523566314,0.000149633343802122,0.739890978149018,1.72799949317726,1.54079790257439,1.91647475416511e-05,0.000960120323709548,0.560155246219279,0.00950168997388367,0.00038017026373384,FALSE,FALSE
"SLC2A1",3.923063359061e-05,0.418062863153507,0.221459918033422,-0.288215012273547,1.12434073858056,1.6652999543079,0.000156192163954252,0.995265930107648,2.33533397850814,2.0833628174614,1.97301396282656e-05,0.000970861825440636,0.55823805305386,0.00950168997388367,0.000383058561931752,FALSE,FALSE
"LAMC2",3.98465148327749e-05,0.745396685676639,0.103285073178236,-0.175690129517129,1.66648350087041,2.03302923075716,0.000275547895527029,1.15920955312829,2.90684890838603,2.7784259164338,1.58744765635492e-05,0.000970861825440636,0.384925735625178,0.0125718727334207,0.000362505722879784,FALSE,FALSE
"COX4I1",4.03253707517929e-05,-0.480208945931015,0.000497558596575108,-0.701911685084321,-0.258506206777708,-0.213176826023828,0.0474208571054398,-0.42350251179062,-0.00285114025703595,-0.693385771954842,1.11251826633746e-05,0.000970861825440636,0.0451878618389524,0.203630739335124,0.000294485660817093,FALSE,FALSE
"RGMB",4.04304102649251e-05,-0.481134021317864,0.00062243747826911,-0.709561472497607,-0.252706570138121,-0.23542608645909,0.0355928433784593,-0.452131394209562,-0.0187207787086185,-0.716560107776954,1.08002701395203e-05,0.000970861825440636,0.045437935913645,0.167847388025034,0.000294485660817093,FALSE,FALSE
"LRRC32",4.1234685888591e-05,0.457337665847939,0.0156510636644052,0.103153638741048,0.811521692954831,0.647034421391872,0.0012415096862876,0.311025950439293,0.983042892344451,1.10437208723981,1.14639390991131e-05,0.000977315607099722,0.14904514476852,0.027709088824718,0.000294671674026498,FALSE,FALSE
"ACVR1B",4.23614292473705e-05,-0.191395778625363,0.268956075237635,-0.551167231954193,0.168375674703467,-0.854342886763974,0.000146747899145601,-1.1956520556524,-0.513033717875553,-1.04573866538934,2.27443335213801e-05,0.000991148825339117,0.615865542419929,0.00950168997388367,0.00041927685531837,FALSE,FALSE
"THY1",4.45928011461236e-05,0.926700454187314,0.00633584204323913,0.31492739194105,1.53847351643358,0.983168249867108,0.00308650138166295,0.40278936351686,1.56354713621736,1.90986870405442,1.13273245780378e-05,0.00101373769434161,0.0988283053753112,0.0402347501538206,0.000294671674026498,FALSE,FALSE
"LEF1",4.47700677673943e-05,0.372343657360612,0.112893329419317,-0.101966268108475,0.846653582829699,1.03933315865914,0.000292907441120268,0.589363254267033,1.48930306305125,1.41167681601975,1.80905066870363e-05,0.00101373769434161,0.405571508248531,0.0130379531718168,0.000370957019144284,FALSE,FALSE
"KRT17",4.49932894474908e-05,0.521662566188583,0.280566603304325,-0.484202870395299,1.52752800277246,2.38027949785195,0.000151318652701267,1.42603175807853,3.33452723762536,2.90194206404053,2.44401924102548e-05,0.00101373769434161,0.622731822144255,0.00950168997388367,0.000437287756359951,FALSE,FALSE
"RBL2",4.64806525220191e-05,-0.291043432187136,0.0274783715077771,-0.543825605108151,-0.0382612592661216,-0.481888730240816,0.000899086912703161,-0.721698955735899,-0.242078504745732,-0.772932162427952,1.38984548702924e-05,0.00102395393583887,0.192803322313176,0.0235639086968098,0.00032941143036732,FALSE,FALSE
"HLA-A",4.65688639313021e-05,0.997025468186908,0.000161887995961584,0.594225338954647,1.39982559741917,0.203438606471977,0.268624577200907,-0.178691148583257,0.585568361527212,1.20046407465889,1.78545801044343e-05,0.00102395393583887,0.035340082831109,0.587113596876235,0.00037027964421128,FALSE,FALSE
"RPS6",4.97597833834693e-05,-1.0957120055463,0.00362154261782373,-1.7581927226445,-0.433231288448104,-0.954979003893796,0.00621637249693353,-1.58346339548539,-0.326494612302206,-2.0506910094401,1.23173926126957e-05,0.00108109053184323,0.0736460602010264,0.0598944915975677,0.000307934815317393,FALSE,FALSE
"FAP",5.16917164509004e-05,0.512968492045238,0.0364337794922585,0.0382151227825638,0.987721861307912,0.9171382257082,0.000811443409153844,0.466747633595493,1.36752881782091,1.43010671775344,1.60892950976781e-05,0.00109130317362194,0.218973741836255,0.0231388159641526,0.000362505722879784,FALSE,FALSE
"NOTCH3",5.18298412882833e-05,0.453639501232539,0.0120167606222956,0.119233854744711,0.788045147720368,0.569461249516908,0.00206845668550716,0.25221619792012,0.886706301113695,1.02310075074945,1.38201861612623e-05,0.00109130317362194,0.129003459621703,0.0333544154671794,0.00032941143036732,FALSE,FALSE
"GUSB",5.20237677288265e-05,-0.35800221345229,0.0010461716363158,-0.539730996167494,-0.176273430737086,-0.199516757939113,0.0268364993164465,-0.371919818876078,-0.0271136970021477,-0.557518971391403,1.34528723675598e-05,0.00109130317362194,0.0472971017471897,0.143121643570542,0.00032941143036732,FALSE,FALSE
"RPL23",5.35412434137594e-05,-0.587338606149074,0.00659217572216781,-0.977608798874701,-0.197068413423448,-0.608864967640084,0.00376106281463217,-0.979107781205841,-0.238622154074327,-1.19620357378916,1.3573999513426e-05,0.00110504857861475,0.100467088500307,0.0448623505666909,0.00032941143036732,FALSE,FALSE
"CDK1",5.38900402721715e-05,0.0529799468476131,0.459022095351649,-0.0979028398979616,0.203862733593188,0.364961295249957,0.000124718123622172,0.221821315501113,0.508101274998801,0.41794124209757,3.60110988072402e-05,0.00110504857861475,0.767841726871456,0.00950168997388367,0.000517482325379633,FALSE,FALSE
"NANOG",5.50206828274539e-05,-0.298314676360679,0.0337176154214255,-0.569503050851226,-0.027126301870131,-0.51485784640981,0.000927897958272167,-0.772129727914461,-0.257585964905159,-0.813172522770489,1.68241917423497e-05,0.0011156971795567,0.215222810359412,0.023850898223193,0.000370059401953706,FALSE,FALSE
"GPT",6.01531254166648e-05,-0.298499596543978,0.023060820611415,-0.548272002165844,-0.0487271909221106,-0.44860054368615,0.00140826001050017,-0.685555453213514,-0.211645634158787,-0.747100140230128,1.72356433786658e-05,0.00120636762511443,0.17566125134237,0.0292053922632137,0.000370059401953706,FALSE,FALSE
"VEGFB",6.31513824662063e-05,-0.555271151693842,0.000683886494154082,-0.822054590134773,-0.288487713252912,-0.240689090174224,0.0604702816178107,-0.493782082419623,0.0124039020711738,-0.795960241868067,1.76664897135177e-05,0.00124518012617938,0.0472971017471897,0.233315568609946,0.00037027964421128,FALSE,FALSE
"ME2",6.37616665725603e-05,-0.232114509680256,0.00407312758072038,-0.374989639380857,-0.0892393799796552,-0.198975606705148,0.00765428484957506,-0.334518855958909,-0.0634323574513871,-0.431090116385404,1.58341244609289e-05,0.00124518012617938,0.0773340455774067,0.0663448702573189,0.000362505722879784,FALSE,FALSE
"SSX1",6.41353051292394e-05,-0.470009923047836,0.00328962753918822,-0.750107456326966,-0.189912389768706,-0.374754284778634,0.00966615811675368,-0.640478136425693,-0.109030433131576,-0.84476420782647,1.59002124349936e-05,0.00124518012617938,0.0707713205493309,0.0757113243050449,0.000362505722879784,FALSE,FALSE
"IDH2",6.8145853021069e-05,-0.665871537620045,0.0241445836585087,-1.22843064600502,-0.103312429235071,-0.995478499370606,0.00157017421953444,-1.52916892966162,-0.461788069079592,-1.66135003699065,1.95097079425335e-05,0.00128932856456297,0.179121403157636,0.029925793263999,0.000382851795646491,FALSE,FALSE
"RAF1",6.86945189004302e-05,-0.485647988740916,0.00139708392027726,-0.741894509676968,-0.229401467804865,-0.278633357731613,0.0280530927913538,-0.521730152327197,-0.0355365631360298,-0.764281346472529,1.7720868147903e-05,0.00128932856456297,0.0489830907383531,0.147541482260002,0.00037027964421128,FALSE,FALSE
"TSC1",6.9069886039487e-05,-0.178562684677972,0.00455302673654933,-0.290385521532744,-0.0667398478232004,-0.155993642579211,0.00757790134145542,-0.262078100243961,-0.0499091849144621,-0.334556327257183,1.71953564724559e-05,0.00128932856456297,0.0811583516332195,0.0663448702573189,0.000370059401953706,FALSE,FALSE
"NDUFB10",6.92351777135185e-05,-0.601157310907037,0.00110878484764167,-0.90867096171798,-0.293643660096094,-0.313005737123553,0.0375428900865823,-0.604738801570432,-0.0212726726766734,-0.91416304803059,1.82996530455074e-05,0.00128932856456297,0.0472971017471897,0.173897904588865,0.000371076297867234,FALSE,FALSE
"ATP5F1D",7.22607499093145e-05,-0.700485773789272,0.00929641635271886,-1.19380335965587,-0.207168187922679,-0.763513097129092,0.00396311597048531,-1.23151525147533,-0.295510942782854,-1.46399887091836,1.86070903917339e-05,0.00132951634415328,0.110133355098023,0.0458367162846845,0.000373164175438619,FALSE,FALSE
"PKM",7.2850210638536e-05,0.433821572309529,0.0897079634730176,-0.078238222512693,0.94588136713175,1.03006470088936,0.000590185280067212,0.544282125938347,1.51584727584038,1.46388627319889,2.66737256430445e-05,0.00132951634415328,0.353600503970318,0.0193701325166931,0.000442541357259602,FALSE,FALSE
"COL1A2",7.4525492178634e-05,1.29420899682356,0.035626469788432,0.102652551442783,2.48576544220434,2.17252919899008,0.00125969956914979,1.0421195005729,3.30293889740727,3.46673819581365,2.25384614201801e-05,0.0013466239923367,0.218916859811072,0.027709088824718,0.00041927685531837,FALSE,FALSE
"FN1",7.73916736282648e-05,1.13567178575856,0.0968129846384578,-0.237988391807626,2.50933196332475,2.76081952038674,0.000594371189553323,1.4576510527326,4.06398798804089,3.8964913061453,2.87402256884795e-05,0.00138470396442729,0.370406073302276,0.0193701325166931,0.000468592202493338,FALSE,FALSE
"AXL",7.8363322586244e-05,0.524696874858562,0.0145172665845427,0.124116685082411,0.925277064634713,0.649748907782892,0.00289898048449191,0.269725172212353,1.02977264335343,1.17444578264145,2.09279199522296e-05,0.0013884763467951,0.142440922133282,0.0380621538431491,0.000397848478258532,FALSE,FALSE
"REPS1",8.11908911841603e-05,-0.307152789771741,0.00293245148742011,-0.487103399946251,-0.127202179597231,-0.222134882516963,0.0150339358986883,-0.392851020863519,-0.0514187441704065,-0.529287672288704,2.02879661456342e-05,0.00142474400395281,0.0703545805921185,0.10050158613592,0.000389742507534551,FALSE,FALSE
"FAS",8.51535204235802e-05,0.209608089392079,0.0337828837960265,0.0189756776695494,0.400240501114609,0.33837281825842,0.00153536177268524,0.157523033190167,0.519222603326673,0.5479809076505,2.53085663656482e-05,0.00146862600900777,0.215222810359412,0.029925793263999,0.000442541357259602,FALSE,FALSE
"CEACAM6",8.59597129331319e-05,0.948440451566201,0.16377016984822,-0.444694075369266,2.34157497850167,2.90304663055348,0.000444104076695127,1.5814031729123,4.22469008819466,3.85148708211968,3.66748750883865e-05,0.00146862600900777,0.493551638839527,0.0164515115798081,0.000522903492471135,FALSE,FALSE
"FLNA",8.73925228588144e-05,0.577809918913066,0.0723184390461361,-0.061144856140762,1.21676469396689,1.22651566355395,0.000852428806490699,0.620349940250761,1.83268138685714,1.80432558246702,2.99963847580857e-05,0.00146862600900777,0.321905246973654,0.0232191428633661,0.000469711620507404,FALSE,FALSE
"LGALS3",8.8570572133766e-05,0.453468502282543,0.105621618562923,-0.1111198257581,1.01805683032319,1.12355172175471,0.000642966705146192,0.587936204668288,1.65916723884113,1.57702022403725,3.3272953319511e-05,0.00146862600900777,0.389413038136029,0.0204273182983302,0.000493684063480549,FALSE,FALSE
"COL1A1",8.86271418382814e-05,1.58280052009607,0.0257311400733745,0.227401020772192,2.93820001941995,2.31479513810727,0.00202657468928918,1.02895027091268,3.60064000530187,3.89759565820334,2.52188780675505e-05,0.00146862600900777,0.186961916234215,0.0333544154671794,0.000442541357259602,FALSE,FALSE
"LAMP1",8.91532449674598e-05,-0.596419188038215,0.000428414949306755,-0.866751973489855,-0.326086402586575,-0.167425193549998,0.180381488753721,-0.423885392023442,0.0890350049234455,-0.763844381588213,2.98249723668164e-05,0.00146862600900777,0.0451878618389524,0.467247653532773,0.000469711620507404,FALSE,FALSE
"EWSR1",8.95409637967538e-05,-0.482122505830532,0.00160406963320713,-0.741355049945591,-0.222889961715473,-0.269358013788625,0.0343613619866145,-0.515287598701724,-0.0234284288755249,-0.751480519619156,2.33409520758539e-05,0.00146862600900777,0.0513072790370486,0.163796716122223,0.000425972375384335,FALSE,FALSE
"UBB",9.01293769911616e-05,-0.698001247986945,0.0031261663228232,-1.11082289160098,-0.285179604372907,-0.502891320142505,0.0161110570358815,-0.894528318512904,-0.111254321772106,-1.20089256812945,2.25708463412546e-05,0.00146862600900777,0.0703545805921185,0.104617865749658,0.00041927685531837,FALSE,FALSE
"CREBBP",9.35606396941487e-05,-0.240572590562584,0.0258161111731629,-0.446727390976497,-0.0344177901486704,-0.349062928806089,0.00215352073823807,-0.544638544771705,-0.153487312840472,-0.589635519368672,2.65543801773764e-05,0.00151104572957364,0.186961916234215,0.0337643110895145,0.000442541357259602,FALSE,FALSE
"ITGA2",9.51621505087119e-05,0.597524331262487,0.0203245024043488,0.11034177613876,1.08470688638621,0.798088910862702,0.00270933237892436,0.335906957715249,1.26027086401016,1.39561324212519,2.61575063286119e-05,0.00152342916384561,0.167120747418446,0.0363881077358324,0.000442541357259602,FALSE,FALSE
"NDUFA2",9.90786541252402e-05,-0.407757902787751,0.00149915912059379,-0.624981744140758,-0.190534061434743,-0.214229534368807,0.0428218505598858,-0.42030616459878,-0.00815290413883429,-0.621987437156558,2.6272653897377e-05,0.00155724763058171,0.0498487113516692,0.189021796216021,0.000442541357259602,FALSE,FALSE
"FOXA2",9.95853361804689e-05,-0.385067210450595,0.0398073801606194,-0.748992741794179,-0.0211416791070105,-0.642192546924336,0.00160236293092754,-0.987442620244153,-0.296942473604518,-1.02725975737493,3.01130189585568e-05,0.00155724763058171,0.233125808024064,0.029925793263999,0.000469711620507404,FALSE,FALSE
"ZEB1",0.000100385515977035,0.452077502925464,0.030111297842441,0.0514586991490287,0.852696306701899,0.683178079072802,0.0020479317637363,0.303117711045122,1.06323844710048,1.13525558199827,2.90142021269848e-05,0.00155724763058171,0.202779035285811,0.0333544154671794,0.000468592202493338,FALSE,FALSE
"TXN2",0.000101517258781853,-0.457425866107138,0.00210290969338312,-0.712852806536455,-0.201998925677821,-0.274397558660822,0.0296426882200431,-0.516716830918259,-0.0320782864033858,-0.73182342476796,2.61193219364697e-05,0.00155724763058171,0.0609176220702252,0.15175918042028,0.000442541357259602,FALSE,FALSE
"ANP32B",0.000101541078377656,-0.556352027410904,0.00245497425761257,-0.873968097177922,-0.238735957643886,-0.354635557306142,0.0248018589759062,-0.655952617886559,-0.0533184967257253,-0.910987584717046,2.58497493685333e-05,0.00155724763058171,0.0649322901469991,0.136335519972978,0.000442541357259602,FALSE,FALSE
"RIPK1",0.000103725779787228,-0.222405903657138,0.00111193600149078,-0.336217373586349,-0.108594433727926,-0.100340354340576,0.0657240962678184,-0.208311394988997,0.00763068630784529,-0.322746257997714,2.88155719375011e-05,0.00157749623426409,0.0472971017471897,0.243479542569689,0.000468592202493338,FALSE,FALSE
"RORA",0.000106934245922405,-0.0981540188924314,0.254848370439061,-0.27698748007869,0.080679442293827,-0.377987453499445,0.000395345214109311,-0.547643771259413,-0.208331135739477,-0.476141472391876,5.21702665000165e-05,0.0016128512298214,0.595516358580391,0.0160334447944332,0.0006704981433981,FALSE,FALSE
"IGFBP3",0.000108145312537028,1.14718402869471,0.0563253676139588,-0.0362599330446571,2.33062799043407,2.14413308088946,0.0013203277857747,1.02141956020859,3.26684660157032,3.29131710958417,3.46677892290184e-05,0.00161774750311538,0.277072226133355,0.0283574603064833,0.000502132661452052,FALSE,FALSE
"AKT2",0.000112900847176469,-0.408734232898608,0.00204686618705992,-0.63610140084097,-0.181367064956246,-0.234757803264796,0.0353162154154586,-0.450457238016761,-0.0190583685128305,-0.643492036163404,2.93645610130419e-05,0.00167515484631753,0.0602504966352315,0.166974334542,0.000469711620507404,FALSE,FALSE
"ETV1",0.000115905894854305,0.199924080963404,0.087476490090458,-0.0341959585538495,0.434044120480657,0.440244189429882,0.000998386886969654,0.218138418200937,0.662349960658826,0.640168270393286,4.06794348773577e-05,0.00170587304926699,0.351661086311471,0.0253063342877725,0.000556737947617217,FALSE,FALSE
"ITGA3",0.000118086326897819,0.48685853023295,0.0830046008721952,-0.0740976185143621,1.04781467898026,1.04620091410574,0.00106267453646977,0.514031184850423,1.57837064336105,1.53305944433869,4.08782931401134e-05,0.00172290675378753,0.343709941422326,0.0258584137207644,0.000556737947617217,FALSE,FALSE
"C2",0.000118951370398481,0.283461817278289,0.0338459981222746,0.0255513781245244,0.541372256432054,0.433864150496678,0.00225419179261718,0.189188824478628,0.678539476514729,0.717325967774968,3.46484579635534e-05,0.00172290675378753,0.215222810359412,0.034087237333715,0.000502132661452052,FALSE,FALSE
"LRP1",0.000119947212918652,0.678240723706473,0.014398332276739,0.161240167472936,1.19524127994001,0.774171540156567,0.00490260589940693,0.283701747374985,1.26464133293815,1.45241226386304,3.15085915720448e-05,0.00172365089430346,0.142037602189452,0.0505785899116213,0.000479193163491515,FALSE,FALSE
"RORC",0.000122666269935215,-0.660018556369288,0.018622800694703,-1.18880055898061,-0.131236553757963,-0.81823713082528,0.00396832940985214,-1.31988378501235,-0.316590476638212,-1.47825568719457,3.3007089148815e-05,0.00174630119856707,0.161735422904997,0.0458367162846845,0.000493684063480549,FALSE,FALSE
"ERCC6",0.000123437180611042,-0.215456473890117,0.00593838242428186,-0.35620077550782,-0.0747121722724142,-0.180612861769657,0.0122065040633976,-0.314134630010156,-0.0470910935291583,-0.396069335659774,3.10014307179222e-05,0.00174630119856707,0.0959075037549947,0.0891074796628023,0.000477592925588632,FALSE,FALSE
"SERPINB5",0.000130156317417245,0.225985351424004,0.226926209707699,-0.160623173826082,0.61259387667409,0.788188101757076,0.000530189696596538,0.421419050968378,1.15495715254577,1.01417345318108,5.98526753324666e-05,0.00182022315670158,0.564532674873426,0.0186076191593977,0.000748158441655832,FALSE,FALSE
"ITGB1",0.000130657114261867,0.341008818613994,0.0967305522757486,-0.0713464514720309,0.753364088700018,0.770389400759344,0.00104881413015989,0.379194843165624,1.16158395835306,1.11139821937334,4.65558984449883e-05,0.00182022315670158,0.370406073302276,0.0258584137207644,0.000606889390443597,FALSE,FALSE
"API5",0.000131990375269367,-0.361377747967463,0.00496028251724093,-0.590748143242496,-0.13200735269243,-0.279490895639135,0.0160882384674943,-0.497090758703803,-0.0618910325744662,-0.640868643606598,3.31813644651806e-05,0.00182092311288256,0.0841298240314961,0.104617865749658,0.000493684063480549,FALSE,FALSE
"CD24",0.000132702889870345,-0.827389618473442,0.038314508957634,-1.60226381747914,-0.0525154194677439,-1.29998372192612,0.00229738640660107,-2.0350939326131,-0.564873511239148,-2.12737334039957,3.91612033185751e-05,0.00182092311288256,0.22917837740979,0.034087237333715,0.000545566382109921,FALSE,FALSE
"EIF2B4",0.00013504109736884,-0.427172627003349,0.00359501759152495,-0.685159528113622,-0.169185725893076,-0.291228652184621,0.0235449417378687,-0.535976516383747,-0.046480787985495,-0.71840127918797,3.42567047479238e-05,0.00183917912461293,0.0736460602010264,0.133861428883521,0.000502132661452052,FALSE,FALSE
"MGMT",0.000138592366585739,-0.409643745965984,0.00142252263514121,-0.626317649554917,-0.192969842377052,-0.186169290658077,0.071937615801039,-0.391724204116305,0.0193856228001504,-0.595813036624061,3.85791439625306e-05,0.00187356347421463,0.0489830907383531,0.259458792167779,0.000541591828704756,FALSE,FALSE
"STK11",0.00014604031945347,-0.318245862025777,0.00411035749096353,-0.514412156413277,-0.122079567638277,-0.223582851237151,0.0224818687799816,-0.409682538363032,-0.0374831641112689,-0.541828713262928,3.69931999856842e-05,0.00193953607688191,0.0773340455774067,0.129023303532913,0.000523353410650183,FALSE,FALSE
"PSAT1",0.000146141624347125,-1.54331222477634,0.0010754847637022,-2.32959099385901,-0.757033455693676,-0.59290633098451,0.108902609927631,-1.33883586682495,0.153023204855931,-2.13621855576085,4.32030441900306e-05,0.00193953607688191,0.0472971017471897,0.34742019547361,0.000574318790262012,FALSE,FALSE
"ABCF1",0.000146660810197098,-0.271425301160644,0.00165870107571828,-0.41804316298305,-0.124807439338239,-0.129993554650165,0.0644139051812857,-0.26908747135696,0.00910036205662931,-0.401418855810809,4.01935872864593e-05,0.00193953607688191,0.0513072790370486,0.240892165893128,0.000555706793922638,FALSE,FALSE
"CPSF7",0.000149504512406513,-0.154032196653047,0.0416350344668298,-0.301191322211466,-0.00687307109462792,-0.244613883550827,0.00245006039481454,-0.384221288123818,-0.105006478977836,-0.398646080203874,4.44010674805213e-05,0.0019629189578553,0.239696964990424,0.0349325017229416,0.000582963655769434,FALSE,FALSE
"MMP11",0.000152088044172594,0.674949290386103,0.214258571318217,-0.446433653443416,1.79633223421562,2.22780715030226,0.000651663792219479,1.16396988077247,3.29164441983204,2.90275644068836,6.76509972960841e-05,0.00198257629010704,0.546883765952093,0.0204273182983302,0.000802764703315759,FALSE,FALSE
"PLAUR",0.000160131181869873,0.316228116964925,0.187090783031921,-0.176226113574203,0.808682347504053,0.95833145342749,0.000766470785526455,0.491148349860702,1.42551455699428,1.27455957039242,6.77401448277408e-05,0.00205316956344676,0.524851952743628,0.0225614384449319,0.000802764703315759,FALSE,FALSE
"NDUFB7",0.000160943913121067,-0.482991852605872,0.00238456541131744,-0.757574824840607,-0.208408880371137,-0.264116568639975,0.0473545934575778,-0.524608848328136,-0.00362428895181383,-0.747108421245847,4.26096996690745e-05,0.00205316956344676,0.0649322901469991,0.203630739335124,0.000574318790262012,FALSE,FALSE
"HMGA1",0.000161396139452838,-0.0699432277170239,0.580658509595295,-0.338349440202633,0.198462984768586,0.656053146086439,0.000113646642520817,0.401420655208344,0.910685636964535,0.586109918369416,0.000301560786090307,0.00205316956344676,0.839035455274278,0.00950168997388367,0.00243373606016761,FALSE,FALSE
"MST1R",0.000162003516239087,0.157714060826455,0.395789807638726,-0.232474719321469,0.54790284097438,0.81840347768537,0.00042106584081892,0.44823789887233,1.18856905649841,0.976117538511826,9.22868107775409e-05,0.00205316956344676,0.71729533161934,0.0163498970105219,0.00102074805860007,FALSE,FALSE
"SMC3",0.000167075901026941,-0.259275209173447,0.0133748233412101,-0.454203998833848,-0.0643464195130463,-0.270233474220121,0.00786379940201525,-0.455159161280145,-0.085307787160097,-0.529508683393568,4.32702240285424e-05,0.0020944773780113,0.138009210136857,0.0665287380881639,0.000574318790262012,FALSE,FALSE
"FGFR3",0.000167558190240904,-0.251094131683502,0.379803124067453,-0.851071015524454,0.348882752157449,-1.24797708845204,0.000450726344652278,-1.81716513736834,-0.678789039535731,-1.49907122013554,9.33266140059281e-05,0.0020944773780113,0.708008888072627,0.0164515115798081,0.0010260305455471,FALSE,FALSE
"NPM1",0.000171653144000973,-0.522590357361024,0.00550640734837763,-0.859838294448342,-0.185342420273706,-0.393161287896074,0.0201319030157735,-0.713102773112803,-0.0732198026793447,-0.915751645257098,4.34279414006344e-05,0.00211939982422885,0.0906589395175303,0.11953259831242,0.000574318790262012,FALSE,FALSE
"CD58",0.000171874615882668,0.305561567218347,0.054374812523235,-0.0067304485997029,0.617853583036397,0.524456119133988,0.00228111199022501,0.228189899612877,0.820722338655099,0.830017686352335,5.30254594285318e-05,0.00211939982422885,0.269754931932667,0.034087237333715,0.000676723520678814,FALSE,FALSE
"BAX",0.000179321983447428,0.136643911060505,0.050868770224466,-0.000606329163684027,0.273894151284694,0.227061423763029,0.00253201323331915,0.0968544132089197,0.357268434317138,0.363705334823534,5.45060547490104e-05,0.00218707897877388,0.263430374930119,0.0355455703908266,0.000690788541089888,FALSE,FALSE
"PCK2",0.000179813375008718,-0.763395426991043,0.00306951124915382,-1.21367077185139,-0.313120082130693,-0.449122161988972,0.0408732010118834,-0.876290861181921,-0.0219534627960227,-1.21251758898002,4.6946016901115e-05,0.00218707897877388,0.0703545805921185,0.18461879722448,0.000607634615918688,FALSE,FALSE
"KAT2B",0.000180958315504031,-0.212081174047411,0.0894158327247971,-0.462152982855523,0.0379906347607014,-0.441728205145985,0.00159066213042361,-0.678967153475522,-0.204489256816448,-0.653809379193396,6.17289136374737e-05,0.00218707897877388,0.353600503970318,0.029925793263999,0.00076118423911074,FALSE,FALSE
"SLC25A1",0.000201383679106147,-0.418345867278613,0.00102387497094109,-0.630104387351805,-0.20658734720542,-0.132711547327146,0.175622970149076,-0.333603318540478,0.0681802238861861,-0.551057414605759,6.44419816296072e-05,0.00241792904189946,0.0472971017471897,0.45900769341813,0.000784044109826887,FALSE,FALSE
"JADE1",0.000207570213776091,-0.49172743714582,0.121202174540607,-1.13408853791134,0.150633663619701,-1.15095473070288,0.00143321232535291,-1.76035197831647,-0.541557483089288,-1.6426821678487,7.56074684313938e-05,0.00247591921661023,0.421321844831633,0.0293889044243715,0.00087331411321072,FALSE,FALSE
"JAM3",0.000208976892792416,0.198569274296365,0.0738520852581515,-0.0223605411242467,0.419499089716977,0.373355028248072,0.00218311710058231,0.163762602317154,0.582947454178989,0.571924302544437,6.76116353168403e-05,0.00247651187887117,0.324784317425072,0.0337643110895145,0.000802764703315759,FALSE,FALSE
"IRAK4",0.00021087093752729,-0.183827663960049,0.0292728380837567,-0.345715268961072,-0.0219400589590268,-0.241964098948898,0.00496085895571518,-0.395544165974767,-0.0883840319230286,-0.425791762908947,5.84165307897711e-05,0.00248283523217616,0.20008587828785,0.0505785899116213,0.000735242542698844,FALSE,FALSE
"COL3A1",0.000226724037284292,1.5276688469232,0.0214663021079586,0.268161928895891,2.78717576495051,1.77228794409324,0.00719644205902189,0.577414767181654,2.96716112100482,3.29995679101644,6.05340334616486e-05,0.00265238056438355,0.172577824039184,0.0656675337885747,0.000751527966445637,FALSE,FALSE
"IRF9",0.000235692048728428,0.587320406251438,6.0961161029908e-05,0.374496727671657,0.800144084831218,-0.321955040468773,0.00459394027784547,-0.523857309767081,-0.120052771170464,0.265365365782665,0.0142563713528253,0.00272845873332586,0.035340082831109,0.0496091183850176,0.0443234714121059,TRUE,FALSE
"PNMA1",0.000237486087359364,0.310330520280213,0.0232931631917006,0.0501150075021952,0.57054603305823,0.367541536748604,0.00703513249489345,0.120679425882449,0.614403647614759,0.677872057028817,6.38194894467992e-05,0.00272845873332586,0.17566125134237,0.0648440242584877,0.00078168166604301,FALSE,FALSE
"CMTM6",0.000237712295122636,0.162865093252523,0.110284246529835,-0.0429245762024655,0.368654762707512,0.357597836142628,0.00179081362272574,0.162368613819344,0.552827058465911,0.520462929395151,8.36141398731293e-05,0.00272845873332586,0.399342757771725,0.0313200018816388,0.000936170584469086,FALSE,FALSE
"BCL2L1",0.000253139260598365,0.0674504866053572,0.542643331774213,-0.167079442753528,0.301980415964242,0.482022199929237,0.000496741392188722,0.259527573053496,0.704516826804979,0.549472686534595,0.000165141890483475,0.00286169508961521,0.821845709948497,0.017775549818518,0.00157276118120253,FALSE,FALSE
"SPRED1",0.000254024030569231,0.246753237786247,0.0460839436018199,0.00504205139800951,0.488464424174484,0.372483055140916,0.00407661788314217,0.143175689662421,0.601790420619412,0.619236292927163,7.43708206544619e-05,0.00286169508961521,0.25008384109896,0.0464989227295904,0.000865931397420788,FALSE,FALSE
"AXIN2",0.000255164816090306,0.0192789325315427,0.845548080719486,-0.191737845841727,0.230295710904812,0.456300180315849,0.000327296786849636,0.256112087064701,0.656488273566996,0.475579112847391,0.000230808413414266,0.00286169508961521,0.956331004967293,0.0142218246666806,0.00195918769526063,FALSE,FALSE
"HSD17B8",0.000257088057183399,-0.872872932101051,0.0045461476176878,-1.41937076447366,-0.326375099728446,-0.543400652930441,0.0414038888269137,-1.06185401892314,-0.0249472869377415,-1.41627358503149,6.69376086172925e-05,0.00286169508961521,0.0811583516332195,0.185944029567382,0.000802764703315759,FALSE,FALSE
"PAK3",0.000258306929064767,-0.320381679745077,0.0612786781920559,-0.65849905771575,0.0177356982255956,-0.539647033040489,0.00323309838387593,-0.860413342301899,-0.218880723779079,-0.860028712785566,7.93902749029769e-05,0.00286169508961521,0.292576144881368,0.0415521447223491,0.000899920817999583,FALSE,FALSE
"CCNA2",0.000258728597143293,-0.0164863718103551,0.820501225919202,-0.171364518584088,0.138391774963378,0.34962799698813,0.000227605429958767,0.202697685910873,0.496558308065387,0.333141625177775,0.000342017657149968,0.00286169508961521,0.944059003322045,0.0117791377836804,0.00260147631897056,FALSE,FALSE
"MRPL19",0.000267392189220528,-0.228594729577382,0.0062566601052427,-0.379194627771238,-0.0779948313835255,-0.160632886993768,0.0306113991655673,-0.303504495098387,-0.0177612788891489,-0.38922761657115,6.86253865979654e-05,0.0029397032851052,0.0984345232074821,0.154752918219281,0.000808008584137335,FALSE,FALSE
"NSD2",0.000271630998897686,-0.25675988712287,0.00287817208717289,-0.406774116523443,-0.106745657722298,-0.127489727433779,0.0746894956526009,-0.269805721336021,0.0148262664684624,-0.38424961455665,7.44938243260623e-05,0.00296842259274417,0.0700355207878737,0.266933912176431,0.000865931397420788,FALSE,FALSE
"C1S",0.000278657527472062,0.980094499522111,0.00141516765641226,0.462055565843314,1.49813343320091,0.322351671146236,0.178483936849556,-0.169103212974737,0.813806555267209,1.30244617066835,8.821473880092e-05,0.00302708325974115,0.0489830907383531,0.464007385684386,0.000981657916534628,FALSE,FALSE
"OAZ1",0.000303584892955053,-0.448173030602876,0.00720932138924531,-0.750420595813707,-0.145925465392045,-0.322106054591077,0.0307296074812872,-0.608843271583026,-0.0353688375991273,-0.770279085193953,7.80058840325187e-05,0.00326763646026063,0.101992337483509,0.154921363683285,0.000895350555719161,FALSE,FALSE
"ASNS",0.000305377722177874,-1.08735709298537,0.00138978865504417,-1.66068127372986,-0.514032912240882,-0.335302716502375,0.204064378468028,-0.879205791143165,0.208600358138415,-1.42265980948774,9.92858961824055e-05,0.00326763646026063,0.0489830907383531,0.502899017306913,0.00107217018066799,FALSE,FALSE
"MAP2K2",0.000306549136428889,-0.436203259252538,0.00692239877369631,-0.728397863387949,-0.144008655117127,-0.307517955282935,0.0324882386585139,-0.584718096006681,-0.0303178145591882,-0.743721214535473,7.89054617413402e-05,0.00326763646026063,0.101992337483509,0.159814111999428,0.000899920817999583,FALSE,FALSE
"IRF7",0.000307963545843742,0.482708751887127,0.000135406985887181,0.291620138183624,0.67379736559063,-0.101990118031916,0.243784483566521,-0.283272694300055,0.0792924582362238,0.380718633855211,0.00063703653618596,0.00326763646026063,0.035340082831109,0.557815690485361,0.00415804311189073,FALSE,FALSE
"NDUFS7",0.000311801727209614,-0.400329599003724,0.0162556779156209,-0.712632475713362,-0.0880267222940861,-0.392270276009419,0.0137091558992425,-0.688546799076981,-0.0959937529418566,-0.792599875013143,8.10138719798807e-05,0.00328923787374304,0.151360266306164,0.0940426514742121,0.000912656273847422,FALSE,FALSE
"LAMA3",0.000323248717772551,0.275623196437718,0.181955393439835,-0.148219897586148,0.699466290461584,0.746584831957323,0.00162337179897858,0.344491967662827,1.14867769625182,1.02220802839504,0.000128000778705603,0.00339039603410865,0.520787957601162,0.029925793263999,0.00130558588207665,FALSE,FALSE
"PIAS4",0.000352134835858044,-0.186149205710886,0.0451256589621058,-0.367542289654188,-0.00475612176758405,-0.263096582245919,0.00598543311480034,-0.435181171364805,-0.091011993127034,-0.449245787956806,0.000101020330692788,0.00367226328823389,0.248055203632058,0.0587280399704872,0.00107814473168392,FALSE,FALSE
"TPM4",0.000358461167113822,0.682042851846323,0.0400353208575616,0.0365638949880545,1.32752180870459,0.916577024676157,0.00681269381373052,0.304221919061649,1.52893213029066,1.59861987652248,0.000101020684448192,0.00371699789762912,0.233125808024064,0.0640884856188567,0.00107814473168392,FALSE,FALSE
"BBS1",0.000362799150574888,-0.110560995455615,0.201490177846672,-0.288812649448254,0.0676906585370235,-0.312594793612884,0.00167639490415512,-0.48169916060558,-0.143490426620188,-0.4231557890685,0.000147160496090425,0.00371848211030029,0.534031458180602,0.0305719036992359,0.00144391346970444,FALSE,FALSE
"UBE2T",0.000363497110411381,-0.103551050462965,0.178404168359351,-0.261392865408455,0.0542907644825261,0.376315998633049,0.000141709410055849,0.226574105060282,0.526057892205816,0.272764948170085,0.00186333892056565,0.00371848211030029,0.516522425971266,0.00950168997388367,0.00938692322258066,FALSE,FALSE
"WIPF1",0.000364726508569274,0.453713778778422,0.00839167218924439,0.139778851132011,0.767648706424832,0.329987080321846,0.0326671792592013,0.0321622577890002,0.627811902854693,0.783700859100268,9.40597896036993e-05,0.00371848211030029,0.108917301701992,0.16007550020246,0.00102789889836378,FALSE,FALSE
"PRLR",0.000366754399920029,-0.635635677348337,0.00497864164131594,-1.03931590396044,-0.23195545073623,-0.368037495094353,0.0581727548087825,-0.751002183834506,0.0149271936458003,-1.00367317244269,9.75462585419048e-05,0.00371848211030029,0.0841298240314961,0.227780355116722,0.00105965429666057,FALSE,FALSE
"IFI16",0.000380071903045484,0.510686072309392,0.00171197684758778,0.233616294073985,0.7877558505448,0.160593168409093,0.207867666546998,-0.102258302597398,0.423444639415583,0.671279240718485,0.000122929478804035,0.00383221670197794,0.0520726291141283,0.507842692701835,0.00127469487964411,FALSE,FALSE
"TMEM163",0.000383470591166661,-0.189079910262182,0.186866721251497,-0.48336825032019,0.105208429795826,-0.507453474232771,0.00189249554350496,-0.786639907256813,-0.228267041208729,-0.696533384494954,0.000151071902113633,0.00384524081801734,0.524851952743628,0.0316862785953812,0.00147436482009294,FALSE,FALSE
"LTBP1",0.000397524951899141,0.499732603318976,0.0360302821301789,0.0384293361242064,0.961035870513746,0.631874148709939,0.00843918727892067,0.194243443786127,1.06950485363375,1.13160675202891,0.000110055072341263,0.00396438818150783,0.218973741836255,0.0690650976862342,0.00116028502265717,FALSE,FALSE
"GNG7",0.000404195544012093,-0.115954316237804,0.387027488313084,-0.397403176108155,0.165494543632547,-0.524913708638941,0.00106263305733893,-0.791919541253303,-0.257907876024579,-0.640868024876745,0.000211359600980155,0.00400900471642429,0.714181158919493,0.0258584137207644,0.0018544772682153,FALSE,FALSE
"MAP3K14",0.000409042695322999,-0.210635272943521,0.0738550639624137,-0.444992584729784,0.023722038842742,-0.355267872687984,0.00453316453537909,-0.577598740155628,-0.132937005220339,-0.565903145631505,0.000126625729570731,0.00403515091332148,0.324784317425072,0.0494996801536655,0.00130558588207665,FALSE,FALSE
"FGFR1",0.000411435127862717,-0.93529936660718,0.00710325408185488,-1.56450825809432,-0.306090475120042,-0.612215696583783,0.0452311890345805,-1.20913566292251,-0.0152957302450573,-1.54751506319096,0.000107522481435048,0.00403693069005085,0.101992337483509,0.197954244575802,0.00114086353848234,FALSE,FALSE
"CXCL12",0.000428618490588936,-0.780115621703923,0.0112025871483125,-1.34793393877562,-0.212297304632221,-0.611914609832024,0.0292231049355345,-1.1505943635651,-0.0732348560989494,-1.39203023153595,0.00011066731033668,0.00417590262991292,0.12542773954399,0.151082624666715,0.00116028502265717,FALSE,FALSE
"TOLLIP",0.00043089573694392,-0.644246325487936,0.011492919733314,-1.11533702840263,-0.17315562257324,-0.509961280487047,0.028632295429422,-0.956877162209096,-0.0630453987649989,-1.15420760597498,0.000111260207652057,0.00417590262991292,0.126141312056451,0.149296969024843,0.00116028502265717,FALSE,FALSE
"ACTB",0.000432463340851255,0.42541421795669,0.160950245555261,-0.194922167571921,1.0457506034853,1.03201191390392,0.00243586824485066,0.443509145779899,1.62051468202794,1.45742613186061,0.000161168670184297,0.00417590262991292,0.490721104558115,0.0349325017229416,0.00154806748992812,FALSE,FALSE
"IL1RAP",0.000439842664597533,0.25687580409996,0.0868740331943209,-0.04328921237986,0.557040820579779,0.459683620184335,0.00424522043957555,0.174922082390873,0.744445157977798,0.716559424284295,0.000140104810884675,0.00422480454152893,0.351661086311471,0.047530842344941,0.00139722010854935,FALSE,FALSE
"ANLN",0.000472210684581427,0.0603118538874349,0.55308158305801,-0.155025250508346,0.275648958283216,0.410833938134491,0.000893576750440256,0.206547223743654,0.615120652525328,0.471145792021926,0.000296648507646007,0.00451196072963929,0.822218001645546,0.0235639086968098,0.00240614900646205,FALSE,FALSE
"NDUFA1",0.000476811024884034,-0.583438974143588,0.00100344693652948,-0.87798285000782,-0.288895098279356,-0.0906230513945473,0.493294136838597,-0.370051906970008,0.188805804180913,-0.674062025538135,0.000202424771352941,0.00453218812715293,0.0472971017471897,0.803806765609044,0.00179332625106367,FALSE,FALSE
"HSP90B1",0.000484286538750323,-0.790534029999883,0.0015022899311462,-1.21179328720985,-0.36927477278991,-0.190135378229405,0.320359228575781,-0.589776999693671,0.209506243234861,-0.980669408229288,0.000174591106696775,0.00457939343636963,0.0498487113516692,0.647608038541913,0.00161324184583559,FALSE,FALSE
"ILF3",0.00049130425442256,-0.296831708959622,0.00932735503945743,-0.505996544415986,-0.0876668735032578,-0.207599778935589,0.0417170223772815,-0.406030964872525,-0.00916859299865233,-0.504431487895211,0.000128054724872176,0.00462180548619161,0.110133355098023,0.186601877055242,0.00130558588207665,FALSE,FALSE
"GOT2",0.000500555098744828,-0.236194880810994,0.00926665719762686,-0.402442553405655,-0.0699472082163331,-0.163835669746994,0.0429505586750338,-0.321552060077319,-0.00611927941666868,-0.400030550557988,0.000130627426879841,0.00466641671339578,0.110133355098023,0.189021796216021,0.00132441696697616,FALSE,FALSE
"ANKRD28",0.000502253991692269,-0.454778754647414,0.00551405056791554,-0.748330445393587,-0.161227063901241,-0.248183625554362,0.0760157765001482,-0.526671211679746,0.0303039605710217,-0.702962380201776,0.000136301903289604,0.00466641671339578,0.0906589395175303,0.269724408367998,0.00137201845482227,FALSE,FALSE
"CACNB3",0.000503717310980256,0.287609362403088,0.0790696656764261,-0.0389294294072474,0.614148154213424,0.482401422688477,0.00533920050633371,0.172619524732418,0.792183320644536,0.770010785091565,0.000156050057718685,0.00466641671339578,0.338147587879284,0.0535386863959287,0.00151484763476915,FALSE,FALSE
"HLA-F",0.000506889220406589,0.757483142497685,0.000815179027484196,0.385276089004329,1.12969019599104,0.0746296824317975,0.653393644809471,-0.278476932633944,0.427736297497539,0.832112824929482,0.00024725530036944,0.00467208498607084,0.0472971017471897,0.886089004418879,0.00207945125886741,FALSE,FALSE
"EPOR",0.000518581523185634,-0.150526747454275,0.203630276651983,-0.394449078653643,0.0933955837450937,-0.40682481370465,0.00239342917867943,-0.638229855335036,-0.175419772074263,-0.557351561158925,0.00020514046745882,0.00474805038587846,0.53471259696384,0.0346667321515076,0.00180860557059105,FALSE,FALSE
"PRKACA",0.000523223612327577,-0.258612874903337,0.00934346514497624,-0.440901261690634,-0.0763244881160386,-0.177719692542565,0.044869020090017,-0.350653640516246,-0.00478574456888309,-0.436332567445901,0.000136825950015152,0.00474805038587846,0.110133355098023,0.196841254000676,0.00137201845482227,FALSE,FALSE
"ZBTB20",0.00052413125668573,0.0986144954484767,0.316542786809133,-0.106962510236696,0.30419150113365,-0.460144978308347,0.000244738121735025,-0.655172450065106,-0.265117506551588,-0.361530482859871,0.00164256843131226,0.00474805038587846,0.659464139185693,0.0117791377836804,0.00858620941610282,FALSE,FALSE
"ANXA1",0.000525537631752026,0.827714900310025,0.0658755456158784,-0.0635217704705348,1.71895157109058,1.27248597402194,0.00659074277941636,0.426984629842281,2.1179873182016,2.10020087433197,0.000156978169264156,0.00474805038587846,0.306756357557743,0.0626463831897649,0.00151579449157188,FALSE,FALSE
"DUSP8",0.000537729350804387,-0.64024456203477,0.00688286980364769,-1.06871118040882,-0.21177794366072,-0.379659993975402,0.0645508469032531,-0.786139118599047,0.0268191306482427,-1.01990455601017,0.000143699229319004,0.00483426633112318,0.101992337483509,0.240910624945679,0.00142527768210425,FALSE,FALSE
"P4HA2",0.000542515089590252,-0.660487352704294,0.00250047927570913,-1.03855414928267,-0.282420556125923,-0.22106448580223,0.204148377246149,-0.579730141263593,0.137601169659132,-0.881551838506525,0.000172139306013554,0.0048388162318919,0.065191066830988,0.502899017306913,0.00161104735115249,FALSE,FALSE
"BCL6",0.000543722510534027,0.249089439101466,0.0880597898325163,-0.0432126736925862,0.541391551895519,-0.68192401209057,0.000171365893871169,-0.959226144483165,-0.404621879697975,-0.432834572989103,0.00526135122600605,0.0048388162318919,0.351661086311471,0.0100884760101576,0.0199210912602926,FALSE,FALSE
"TECR",0.000546189667819031,-0.401326217398708,0.0287063270365888,-0.753236748061492,-0.0494156867359236,-0.434575233466972,0.0150031330309138,-0.768426876314848,-0.100723590619095,-0.835901450865679,0.000146400007951605,0.0048388162318919,0.198317823618721,0.10050158613592,0.00144391346970444,FALSE,FALSE
"UBA7",0.000549646409392981,0.267624950620031,0.000168497066414485,0.159006924258899,0.376242976981162,-0.0915062152751095,0.0769301530485242,-0.194550322751125,0.0115378922009063,0.176118735344921,0.00290590698203491,0.00484591641131493,0.035340082831109,0.271561952250593,0.0131340462077649,FALSE,FALSE
"CXCL14",0.000570210037895637,0.325634627964617,0.468356645735988,-0.621779121999386,1.27304837792862,1.7286757634336,0.00125274119949338,0.829880162499346,2.62747136436786,2.05431039139822,0.000319880403104325,0.00500304480365162,0.776340489071915,0.027709088824718,0.00250870409466698,FALSE,FALSE
"ARID1B",0.000583634613003793,-0.157088808712494,0.0528277077852733,-0.316428010026224,0.00225039260123594,-0.215645427708611,0.0090501758765077,-0.366807866719655,-0.0644829886975669,-0.372734236421105,0.000167382584360828,0.00509633095087044,0.268548865098969,0.0724411007659059,0.00158276277957778,FALSE,FALSE
"IL2RG",0.000596347962730659,0.345564007193009,0.0617219488906694,-0.0198512979892437,0.710979312375262,0.504860388033012,0.00802337071803062,0.158196991154577,0.851523784911447,0.850424395226021,0.000175025690671478,0.00517816657258688,0.292576144881368,0.0669316322535794,0.00161324184583559,FALSE,FALSE
"PDGFA",0.000598681176337441,-0.678407821107329,0.0659929829094906,-1.40924465918292,0.0524290169682657,-1.01954144025522,0.00757706530625036,-1.71287414213758,-0.326208738372851,-1.69794926136255,0.000177652925361117,0.00517816657258688,0.306756357557743,0.0663448702573189,0.00162108294392019,FALSE,FALSE
"ATM",0.00060664503450762,-0.294793386320844,0.0356000362822542,-0.566157915537107,-0.0234288571045811,-0.340836308355116,0.0137119705027822,-0.598275304905926,-0.0833973118043067,-0.63562969467596,0.000165463094131992,0.00520689819483987,0.218916859811072,0.0940426514742121,0.00157276118120253,FALSE,FALSE
"EFNA5",0.000607709213973092,0.280290292070225,0.152354214290332,-0.11929875185421,0.679879335994659,0.62667621370746,0.00363340345972176,0.247592761652376,1.00575966576254,0.906966505777685,0.000217251867654252,0.00520689819483987,0.476216870868853,0.0439136510860412,0.00188802218318576,FALSE,FALSE
"NDUFA7",0.000623261589545768,-0.388682294112038,0.00640256208976084,-0.645716226114002,-0.131648362110074,-0.21144653270472,0.0832452608190315,-0.455290331027235,0.0323972656177948,-0.600128826816758,0.00017016775212428,0.00529143641025666,0.0990226763882503,0.287251546155073,0.00160080488467428,FALSE,FALSE
"PTGER4",0.000625632048066572,-1.4543648020827,0.00445078767889566,-2.36192951077045,-0.546800093394937,-0.651003332919787,0.125388196370589,-1.51199481395194,0.20998814811237,-2.10536813500248,0.000179990042628959,0.00529143641025666,0.0811583516332195,0.379895725761849,0.00163423794924303,FALSE,FALSE
"HLA-B",0.000626274117597501,0.967403828024487,0.000887916152085631,0.48676042581291,1.44804723023606,0.072898214018791,0.733625971096207,-0.383080153977508,0.52887658201509,1.04030204204328,0.000324774411138621,0.00529143641025666,0.0472971017471897,0.919551783825946,0.00251423818006864,FALSE,FALSE
"SHC2",0.000651112907537154,-0.220590956097359,0.370387807427108,-0.737042005142162,0.295860092947444,-0.899012930233158,0.00176826314121526,-1.38896141472263,-0.409064445743686,-1.11960388633052,0.000320441592824458,0.00546628887887775,0.705046431043294,0.0313200018816388,0.00250870409466698,FALSE,FALSE
"H3-5",0.000652959438682384,-0.251338236735998,0.0269261683158402,-0.468676960276968,-0.0339995131950283,-0.254892690162525,0.019542493503838,-0.461078307205462,-0.0487070731195892,-0.506230926898523,0.00017375975266323,0.00546628887887775,0.190986213532662,0.118159143270181,0.00161324184583559,FALSE,FALSE
"PYCR1",0.000658764192950592,-0.910066214035908,0.00100387951796956,-1.36953090434587,-0.450601523725941,-0.0841270507776565,0.681541191691389,-0.520013528518674,0.351759426963361,-0.994193264813564,0.000325510129882451,0.00547751505049802,0.0472971017471897,0.90276680544326,0.00251423818006864,FALSE,FALSE
"GOT1",0.000660303184169625,-0.777229110200222,0.00810158718697683,-1.31179535770282,-0.242662862697626,-0.465160635365811,0.0688381640415241,-0.972294706073061,0.0419734353414394,-1.24238974556603,0.000177113533193029,0.00547751505049802,0.108676727609984,0.250757783185193,0.00162108294392019,FALSE,FALSE
"KRT7",0.000670557859915755,0.892407239430926,0.0337592105406407,0.0809192674359455,1.70389521142591,0.988211185105262,0.0161387928138352,0.218366099504741,1.75805627070578,1.88061842453619,0.000181549449183485,0.00551454796168674,0.215222810359412,0.104617865749658,0.00164023636019733,FALSE,FALSE
"NDUFA11",0.000670810765750387,-0.442684354361292,0.00235495440491815,-0.693901199193654,-0.19146750952893,-0.124197014095204,0.278364128406232,-0.362522238976614,0.114128210786205,-0.566881368456496,0.000228380071809281,0.00551454796168674,0.0649322901469991,0.597664158048675,0.00195188620274975,FALSE,FALSE
"LEFTY1",0.000688485019042713,-0.388208713489817,0.333873541753288,-1.22827951504363,0.451862088063999,-1.43213375422956,0.00205244028971673,-2.22909489284357,-0.635172615615544,-1.82034246771937,0.000321663977069629,0.0056312408407184,0.6800437652899,0.0333544154671794,0.00250870409466698,FALSE,FALSE
"ITGAV",0.000695143299879665,0.409105091661119,0.086700276656794,-0.0686451445073433,0.886855327829582,0.676475175101069,0.00693076800516584,0.22324150540836,1.12970884479378,1.08558026676219,0.000215187828199957,0.0056312408407184,0.351661086311471,0.0645339367827942,0.00187903247112403,FALSE,FALSE
"CD36",0.000700931639963466,-0.232168024063766,0.0583376236711245,-0.473936697379449,0.0096006492519175,-0.321134710853663,0.0100733955400041,-0.550496613220083,-0.0917728084872433,-0.553302734917429,0.000202372882542609,0.0056312408407184,0.283154689361176,0.0781605921041265,0.00179332625106367,FALSE,FALSE
"SLC39A6",0.000702447992316913,-0.291874452148157,0.00925556902361327,-0.497269880933371,-0.0864790233629425,-0.182388274321762,0.0640572793532201,-0.377243487106219,0.0124669384626947,-0.474262726469919,0.000187402241875161,0.0056312408407184,0.110133355098023,0.24054431032845,0.00167651515403024,FALSE,FALSE
"NUPR1",0.000702805017381493,-0.63431596909714,0.00214510649124166,-0.989517800291928,-0.279114137902352,-0.158659201537287,0.325192498338663,-0.495633246228741,0.178314843154166,-0.792975170634427,0.000250240160989192,0.0056312408407184,0.061169052289313,0.65074156739919,0.00209490043029943,FALSE,FALSE
"C5",0.000703519403662354,-0.576749391218029,0.0174047856635289,-1.03269560598399,-0.120803176452067,-0.478147565976513,0.0330028517758594,-0.910696124734334,-0.0455990072186915,-1.05489695719454,0.000184185573607311,0.0056312408407184,0.157246207108615,0.160477956132148,0.00165585552627262,FALSE,FALSE
"NDUFA6",0.000710470419575461,-0.330530001876396,0.00303254903075661,-0.525138089733719,-0.135921914019074,-0.108733126539136,0.223645173357355,-0.293354569154925,0.0758883160766531,-0.439263128415532,0.000227839377472438,0.00566204592019745,0.0703545805921185,0.528706477815254,0.00195188620274975,FALSE,FALSE
"MNX1",0.000719692966819016,-0.032524694931806,0.877747450624413,-0.483493220258652,0.41844383039504,-0.867702542300436,0.000837063233349209,-1.29552885022448,-0.439876234376387,-0.900227237232242,0.000627382542901615,0.00571060723671611,0.960102108840201,0.0232191428633661,0.00415804311189073,FALSE,FALSE
"COX6A1",0.000741725468980442,-0.504892041946576,0.00329634779130556,-0.805868964885057,-0.203915119008095,-0.172018617164856,0.213859715644507,-0.457550397055229,0.113513162725518,-0.676910659111432,0.000234962660321558,0.00585995229822211,0.0707713205493309,0.516160489872195,0.00198521692169835,FALSE,FALSE
"CD276",0.000751397839094409,0.134488036779861,0.422772555036738,-0.218575587096746,0.487551660656467,0.612983347909097,0.0018019727109984,0.278037784788172,0.947928911030022,0.747471384688958,0.000390039980778019,0.00591078041529007,0.739734320443149,0.0313200018816388,0.00285872676674653,FALSE,FALSE
"ENDOG",0.000830762784912231,-0.416827040265648,0.0123263191179312,-0.725525630528277,-0.108128450003018,-0.28267225625776,0.0572352492471424,-0.575529452971655,0.0101849404561364,-0.699499296523407,0.000220382712338121,0.00648906190853416,0.131552820995465,0.226091623108301,0.0019061537915501,FALSE,FALSE
"PDGFD",0.000832022184436709,-0.196459581558656,0.502165692348485,-0.815112383209652,0.42219322009234,-1.08353118703714,0.00169192453349196,-1.6704367672556,-0.496625606818686,-1.2799907685958,0.000470665824676054,0.00648906190853416,0.791952496016325,0.0305719036992359,0.00330371203859153,FALSE,FALSE
"MDM4",0.000863329169039861,-0.206613707452855,0.0983763975503653,-0.457837372486261,0.0446099575805497,-0.34903132503345,0.0077636691029629,-0.587363020125679,-0.110699629941222,-0.555645032486306,0.000270800179918417,0.00669654188745636,0.374035261519618,0.0665197000605976,0.00224641058341414,FALSE,FALSE
"TP53",0.000865963772843672,-0.181695712684987,0.0232145814008909,-0.333942123034383,-0.0294493023355921,-0.161767045872721,0.0311412434988344,-0.306200672559337,-0.0173334191861049,-0.343462758557708,0.000228878710897779,0.00669654188745636,0.17566125134237,0.155706217494172,0.00195188620274975,FALSE,FALSE
"KDM6A",0.000871226248852316,-0.124332392337099,0.150998980636768,-0.300944641306557,0.0522798566323593,-0.261154122257977,0.00530826624241821,-0.428703213086441,-0.0936050314295128,-0.385486514595076,0.000302716759264683,0.006708809722175,0.47594670062539,0.0535225739912333,0.00243373606016761,FALSE,FALSE
"SETD2",0.000880600528737262,-0.141002747570022,0.219337567658507,-0.378048465181225,0.0960429700411803,-0.368773160169173,0.00383163170381115,-0.59365447334132,-0.143891846997027,-0.509775907739196,0.000342617561669221,0.00675250405439287,0.554419752045396,0.0451143732868087,0.00260147631897056,FALSE,FALSE
"AKT1",0.000891134883665407,-0.400603580376279,0.00141704192462117,-0.612384751397817,-0.18882240935474,-0.0437304797725551,0.643843561929286,-0.244643739562268,0.157182780017158,-0.444334060148834,0.000420038602849366,0.00680469105727769,0.0489830907383531,0.884117728141821,0.00300615862823566,FALSE,FALSE
"RAC2",0.000907327163484414,0.18248791941894,0.17263742089163,-0.0916887730075809,0.456664611845461,0.410560389961633,0.00490258277543088,0.150453541141859,0.670667238781406,0.593048309380573,0.000326506547219873,0.0068994669723294,0.509790451731366,0.0505785899116213,0.00251423818006864,FALSE,FALSE
"SELENOK",0.000915591716232132,-0.4068228822676,0.00683592480500421,-0.678769923288932,-0.134875841246267,-0.197657670681178,0.120921488780057,-0.455649286452375,0.0603339450900177,-0.604480552948778,0.000259634281967516,0.006933422747401,0.101992337483509,0.372144548100514,0.00216361901639596,FALSE,FALSE
"TYMP",0.000971324440192696,0.822440051550064,0.00660605513426679,0.275762271487031,1.3691178316131,0.382284654254883,0.13424514307203,-0.136339425106249,0.900908733616016,1.20472470580495,0.000279247743750915,0.0073250706750069,0.100467088500307,0.392320759256021,0.00230600512373493,FALSE,FALSE
"ARID1A",0.00104965225736025,-0.222311344477739,0.0483360104960782,-0.442712316799753,-0.00191037215572473,-0.260901206633518,0.0186526406419819,-0.469991927949506,-0.0518104853175294,-0.483212551111256,0.000291594435206783,0.00785870004907102,0.256433776614368,0.115393454819041,0.00237894672567168,FALSE,FALSE
"MSH6",0.00105497789205126,-0.822455181731845,0.00935379180284578,-1.40229046624031,-0.24261989722338,-0.448584414433784,0.100935973472094,-0.998664464467333,0.101495635599764,-1.27103959616563,0.000291991269342716,0.00785870004907102,0.110133355098023,0.327772511719878,0.00237894672567168,FALSE,FALSE
"RPS6KB1",0.00105500356823145,-0.301295463054028,0.0158857297949996,-0.535300333203483,-0.0672905929045733,-0.214056446987642,0.0574546701876822,-0.436052958960909,0.00794006498562552,-0.51535191004167,0.000280755501937228,0.00785870004907102,0.149969744324706,0.226468192424449,0.00230801257223172,FALSE,FALSE
"CRABP2",0.00106462712852844,0.459477197796223,0.14028129186063,-0.174472605599032,1.09342700119148,0.896724424797589,0.00697387854077857,0.295306834514104,1.49814201508107,1.35620162259381,0.000357859153452698,0.00789814841286345,0.457166710081518,0.0646057275985832,0.0026669251788203,FALSE,FALSE
"WNT10A",0.00110287367202084,-0.15279474877079,0.436169018628128,-0.566061724541865,0.260472227000285,0.83615737425084,0.000563524026491803,0.444097896700975,1.22821685180071,0.68336262548005,0.00254047575322651,0.0081319644595108,0.751660490081523,0.0190450249693989,0.0117973746810137,FALSE,FALSE
"NDUFA3",0.00110505599230613,-0.348610564535294,0.00705661492163556,-0.582876270055147,-0.114344859015442,-0.159273517843045,0.144386524156167,-0.381517479975749,0.0629704442896588,-0.507884082378339,0.000320314356902546,0.0081319644595108,0.101992337483509,0.409496628157958,0.00250870409466698,FALSE,FALSE
"GNAS",0.00112700603530409,-0.906426937448502,0.0039750885027554,-1.4622859762572,-0.350567898639806,-0.276175858477413,0.276093695276152,-0.803510044665636,0.25115832771081,-1.18260279592591,0.000374562443782419,0.00826018479690751,0.0763635422897749,0.595719978485347,0.00277876609716632,FALSE,FALSE
"MAP2K4",0.00113633770651699,-0.199322351403248,0.0328718637575081,-0.379473112665951,-0.0191715901405456,-0.193467204464065,0.0296865903616658,-0.364373222805077,-0.0225611861230533,-0.392789555867313,0.000305443141152066,0.00829526525757404,0.214862129119851,0.15175918042028,0.00244488479211632,FALSE,FALSE
"KMT2D",0.00114634252817168,-0.23267341628132,0.0406183152631053,-0.453640016374748,-0.0117068161878915,-0.247764285446361,0.0243117636487699,-0.457391608382004,-0.0381369625107185,-0.480437701727681,0.000312672573502168,0.00833496061320048,0.235328334460848,0.135271245911601,0.00249182291109806,FALSE,FALSE
"SERINC2",0.00115963593940788,0.305631774191503,0.0987078775149164,-0.0663996218922584,0.677663170275264,0.490206111452538,0.0105407404596441,0.137266139637458,0.843146083267617,0.79583788564404,0.000358025571951219,0.00839815710087054,0.374515335685494,0.0796842949735656,0.0026669251788203,FALSE,FALSE
"CDH2",0.00116720941998886,0.175093395350686,0.148824602838875,-0.072178902717157,0.422365693418529,0.347446477149557,0.00725837734792073,0.112863377902026,0.582029576397088,0.522539872500243,0.000395979362386909,0.00841959364221214,0.471545431016246,0.065746376395407,0.0028900436358348,FALSE,FALSE
"COL6A3",0.00117611640737006,1.01956992304489,0.0414703881418807,0.0464296921007274,1.99271015398905,1.08944439990467,0.0244934270094152,0.166242516146921,2.01264628366241,2.10901432294955,0.000321250578146152,0.00845044269074945,0.239504615059912,0.135867794201163,0.00250870409466698,FALSE,FALSE
"SRR",0.00120388661746906,-0.180648319366679,0.044082840923442,-0.355665084834851,-0.00563155389850667,-0.197365993094214,0.023660096753116,-0.363401475372692,-0.0313305108157346,-0.378014312460892,0.000330485138282308,0.00861605128188641,0.246782775108226,0.133893848020593,0.00253418225783703,FALSE,FALSE
"NDUFB11",0.00123372148893673,-0.500390651197676,0.00472144081408335,-0.815538847715003,-0.18524245468035,-0.164953683352537,0.252504644418462,-0.463929513799266,0.134022147094192,-0.665344334550213,0.000399082444467536,0.00879508483324034,0.0828522065932895,0.566422740956479,0.0028901804014018,FALSE,FALSE
"MYC",0.00123962785712894,-0.924003359341142,0.048905640497786,-1.8427979078014,-0.00520881088088299,-1.05126220304226,0.0220653171926049,-1.92290724550637,-0.179617160578148,-1.9752655623834,0.000343537420751728,0.00880280482202461,0.257956051758554,0.127838742465092,0.00260147631897056,FALSE,FALSE
"CD99",0.00125207746423199,-0.736416802159902,0.000334459002538353,-1.06033813476449,-0.412495469555318,0.353235426393403,0.0276851821951676,0.0459366682691689,0.660534184517636,-0.383181375766499,0.0187170774279252,0.00885674950474178,0.0435991199737496,0.146027333832893,0.0551836289272432,FALSE,FALSE
"CACNA2D1",0.00126160160482669,-0.00916535637113061,0.928356034545001,-0.226651577418536,0.208320864676275,0.402898430579557,0.00111808403850055,0.196572885115761,0.609223976043352,0.393733074208426,0.00132787344691333,0.00888854598130709,0.978205341908711,0.0268487285560986,0.00736586334533988,FALSE,FALSE
"SFN",0.00126977721359432,0.058597841879178,0.855901814045744,-0.629507861182417,0.746703544940773,1.22925407937867,0.00146488916039527,0.57645969159083,1.88204846716651,1.28785192125785,0.00103476582364551,0.00888854598130709,0.95947224240386,0.0297046968635707,0.00611048742344757,FALSE,FALSE
"CCND2",0.00127118383623077,-0.824210526894101,0.0136118673011694,-1.44589929566826,-0.202521758119943,-0.511391870023742,0.0832635988581007,-1.10117762154537,0.0783938814978891,-1.33560239691784,0.000345533967126254,0.00888854598130709,0.138009210136857,0.287251546155073,0.0026057830165513,FALSE,FALSE
"NKD1",0.00127678281076601,0.0626980172321017,0.537959256023177,-0.152760251320772,0.278156285784975,0.359479278913587,0.00238750017793489,0.155077618110593,0.56388093971658,0.422177296145688,0.000726418778428846,0.00889362072384719,0.818125733266193,0.0346667321515076,0.00465162901976366,FALSE,FALSE
"DEFB1",0.0012835130256876,-0.719256665836206,0.197227791134955,-1.86713830085793,0.42862496918552,-1.6568067335886,0.00616789883276818,-2.74578286887262,-0.567830598304568,-2.3760633994248,0.000468900184741168,0.00890650673718579,0.532524165583677,0.0598745498393719,0.00330371203859153,FALSE,FALSE
"GABPA",0.00129468147260587,-0.204240473254646,0.0173676114148503,-0.365634133113645,-0.0428468133956463,-0.142268461559645,0.0657604690704319,-0.295379931079123,0.0108430079598331,-0.346508934814291,0.000347363820423014,0.00893812334254377,0.157246207108615,0.243479542569689,0.00260880235502881,FALSE,FALSE
"FGFR2",0.00129786448535567,-0.20520420587074,0.365277982617967,-0.68035447468316,0.269946062941681,-0.7487775310288,0.00351930096406817,-1.19954465511536,-0.298010406942244,-0.95398173689954,0.000599292746470085,0.00893812334254377,0.700548956905676,0.0436480365855897,0.00406291934706303,FALSE,FALSE
"ZEB2",0.00132544456271045,0.290037168489871,0.0876344150409865,-0.049800891532015,0.629875228511757,0.427783922777074,0.0135504335676943,0.105385231192422,0.750182614361725,0.717821091266945,0.000397479974024402,0.00906750222480449,0.351661086311471,0.0936725047766743,0.0028900436358348,FALSE,FALSE
"ELMO1",0.00132658799672482,-0.296262440287866,0.153081752578833,-0.71943917951508,0.126914298939347,-0.584236180057224,0.00805803080892401,-0.985696884685559,-0.182775475428889,-0.880498620345091,0.000449588334925982,0.00906750222480449,0.477562732404051,0.0669316322535794,0.00318460144000134,FALSE,FALSE
"CDH3",0.0013634944755378,0.482677237444197,0.128887649407725,-0.162210322068904,1.1275647969573,0.86195729567299,0.00972164292527449,0.250163238842355,1.47375135250363,1.34463453311719,0.000441946982136973,0.00928499036513612,0.437495668669107,0.0758205057206237,0.00315059860312491,FALSE,FALSE
"PRKAR2A",0.00137684449787645,-0.277419635153066,0.0115427940347547,-0.480435296462187,-0.0744039738439439,-0.15333175724119,0.10839673144202,-0.345929324367834,0.0392658098854534,-0.430751392394256,0.000383033273535538,0.00934104538522128,0.126141312056451,0.346451899967927,0.00283010414656825,FALSE,FALSE
"UQCRQ",0.0014454935867145,-0.491345722690985,0.00890417312255248,-0.834800246698144,-0.147891198683825,-0.229362777617241,0.151025726393924,-0.555192348182723,0.0964667929482405,-0.720708500308226,0.000419499292226314,0.00977046591019984,0.110070294439696,0.420796871250246,0.00300615862823566,FALSE,FALSE
"GADD45G",0.00145239700226971,-0.570647869644397,0.0238236756733859,-1.0514034444798,-0.0898922948089957,-0.447511366108318,0.0537963584487802,-0.903596150399337,0.00857341818270074,-1.01815923575271,0.000388933916849937,0.00978090232155803,0.177462073893589,0.218808022792641,0.00285872676674653,FALSE,FALSE
"FZD3",0.0014741967153331,-0.239522573893146,0.0994013505029039,-0.531754776825064,0.0527096290387731,-0.368418775167403,0.0134400271231595,-0.645654585241423,-0.0911829650933833,-0.607941349060549,0.000450206669326217,0.00987646671350502,0.375584812976811,0.0936185095410921,0.00318460144000134,FALSE,FALSE
"H3C10",0.0014774111850887,0.0266629359918084,0.889547309781637,-0.38286108192986,0.436186953913477,0.721850774229775,0.00161541094356235,0.333342178276949,1.1103593701826,0.748513710221583,0.00123678441447652,0.00987646671350502,0.965748863980659,0.029925793263999,0.0070097253304958,FALSE,FALSE
"PPP3CB",0.00153535339136689,-0.262497430494281,0.0176296282041453,-0.470536385970386,-0.0544584750181753,-0.174475283464547,0.0781035213348227,-0.371838365868603,0.0228877989395087,-0.436972713958828,0.000416195248236666,0.0102030199951062,0.158161065425681,0.273587190856145,0.00300219892502733,FALSE,FALSE
"PSMB9",0.0015381430611293,0.443112518265654,0.00385145884584823,0.172685747535643,0.713539288995664,0.103830619261949,0.395200277536306,-0.152718741475348,0.360379979999245,0.546943137527602,0.000565237877721198,0.0102030199951062,0.0755797031577744,0.73587218054368,0.00390247344073044,FALSE,FALSE
"FLNC",0.00154303206501331,0.0617594286670115,0.674950897642634,-0.251314463943271,0.374833321277294,0.526102354286142,0.00227102388602501,0.229094381311107,0.823110327261178,0.587861782953154,0.00100941353848397,0.0102030199951062,0.877976242800107,0.034087237333715,0.00600058536720928,FALSE,FALSE
"ADAM12",0.00160125790522231,0.161161558160776,0.49924506608798,-0.342820831524121,0.665143947845673,0.805939877563758,0.00319113712306881,0.327820201958111,1.28405955316941,0.967101435724534,0.000854650226439474,0.0105498038881975,0.791952496016325,0.0413037251744721,0.00525163859680822,FALSE,FALSE
"COMP",0.00163085305900337,0.187555968343537,0.647913060062071,-0.684936312389235,1.06004824907631,1.44635758475174,0.00249662216420811,0.618638730342554,2.27407643916092,1.63391355309527,0.00103013248445234,0.0107061396859034,0.862921405065379,0.035320429842479,0.00610386942897896,FALSE,FALSE
"E2F3",0.00165603198763433,-0.0631762437340046,0.420225181210477,-0.228096254674115,0.101743767206106,0.31906124795506,0.000802299022186441,0.16260438806187,0.475518107848251,0.255885004221056,0.00389907113168644,0.010832467302626,0.738835217446167,0.0231388159641526,0.0160265874219094,FALSE,FALSE
"BST1",0.00172343607506951,0.0520366776669831,0.4479251300085,-0.092475749777008,0.196549105110974,0.225028771606012,0.00380820139851594,0.0879322453291614,0.362125297882864,0.277065449272996,0.000860436535745023,0.0112331101321495,0.758314807296394,0.0451143732868087,0.00526945193870694,FALSE,FALSE
"CAPN2",0.00178155276955633,0.113896121688515,0.505238016037153,-0.247406261962987,0.475198505340018,0.570033451173943,0.00349208826710244,0.227271914257923,0.912794988089962,0.683929572862458,0.000949011520893214,0.0115705829339512,0.791952496016325,0.0436480365855897,0.00569719087378328,FALSE,FALSE
"PRDM1",0.00179901464481926,0.214032786499649,0.0810492338338415,-0.0307904668290169,0.458856039828315,0.285582626282361,0.0200728512441166,0.0533228948750661,0.517842357689657,0.49961541278201,0.000526035306735133,0.0116425593148764,0.339551275638862,0.11953259831242,0.00366417723202907,FALSE,FALSE
"BAP1",0.00181364534688291,-0.284393291745486,0.0118094306302753,-0.493374885213735,-0.0754116982772359,-0.142679767011178,0.142854174647377,-0.340937114334489,0.0555775803121329,-0.427073058756664,0.000520111525764032,0.0116957694631141,0.127527875149422,0.406722104105245,0.00363679515141516,FALSE,FALSE
"THEM4",0.00182119802808606,-0.164355617417524,0.119568645186557,-0.378014668258801,0.0493034334237531,-0.26721082310204,0.0140294840173714,-0.469905596112485,-0.0645160500915946,-0.431566440519564,0.000571160940329276,0.0117031211311869,0.417659346079386,0.0951930619237804,0.00391867938383807,FALSE,FALSE
"COX6B1",0.00186623013077241,-0.46361438186326,0.00333497729711916,-0.740466710867018,-0.186762052859502,-0.073590306986269,0.552930895810343,-0.33623548753852,0.189054873565982,-0.537204688849529,0.000783968764808557,0.0119457546052494,0.0707713205493309,0.840215557746774,0.00489980478005348,FALSE,FALSE
"TNFAIP6",0.00187204702306922,0.0812700501904537,0.552694113277775,-0.208608735148342,0.371148835529249,0.460284385254782,0.00334629202582071,0.185281223144697,0.735287547364868,0.541554435445236,0.00104905335623872,0.0119457546052494,0.822218001645546,0.0427061744554042,0.00613628966389636,FALSE,FALSE
"LOXL2",0.00188845107375038,0.0153731568561064,0.958527276832854,-0.615441902361631,0.646188216073843,1.09036547341361,0.00186016303922539,0.491921762574999,1.68880918425222,1.10573863026972,0.00168192588190071,0.0119783749982769,0.988547709677612,0.0316862785953812,0.00867094557759548,FALSE,FALSE
"ATP11C",0.00189028602712534,0.0696385358477685,0.142334454449403,-0.0269882032956233,0.16626527499116,0.123719607519316,0.0123575790048373,0.0320514339488968,0.215387781089736,0.193358143367085,0.000615351967329649,0.0119783749982769,0.460496468209048,0.0895726651370541,0.00411361663141615,FALSE,FALSE
"GTF3C1",0.00191709578318429,-0.332586985807901,0.000812613988936638,-0.495945001701357,-0.169228969914444,0.0732529444778544,0.323381510303289,-0.081722076802938,0.228227965758647,-0.259334041330046,0.00335096465797153,0.012106227696579,0.0472971017471897,0.649946067346238,0.014405581198843,FALSE,FALSE
"FANCL",0.00194688871436006,-0.0891944535954091,0.387843944437934,-0.306075574946339,0.127686667755521,-0.324531956545716,0.00492489603436547,-0.53028345403381,-0.118780459057622,-0.413726410141125,0.000894462805511821,0.0122519720817487,0.714381673591859,0.0505785899116213,0.00544131540019691,FALSE,FALSE
"UQCR11",0.00195404008319536,-0.219524981401457,0.0117418933663977,-0.380671450295674,-0.0583785125072399,-0.106294326504288,0.155682283638454,-0.259171290084048,0.0465826370754727,-0.325819307905744,0.000566660527010174,0.0122547187348163,0.127527875149422,0.428995116900904,0.00390247344073044,FALSE,FALSE
"BCOR",0.00198470667877428,-0.486240965670371,0.0162219342207159,-0.865412399862366,-0.107069531478376,-0.282671104690415,0.112563550074485,-0.64238471140622,0.07704250202539,-0.768912070360786,0.000553394093180357,0.0124044167423392,0.151360266306164,0.352928828659043,0.00384009209146065,FALSE,FALSE
"IRAK3",0.00204540798012918,0.273923267352715,0.0615875062777505,-0.0155625100344994,0.56340904473993,0.310255198627766,0.0299590098507137,0.0356248765973464,0.584885520658186,0.584178465980481,0.000575465556907801,0.0126583829184463,0.292576144881368,0.152298587681205,0.00393342562305894,FALSE,FALSE
"HDAC5",0.00204679079853006,-0.182657826444506,0.117173355049819,-0.418402328105015,0.0530866752160029,-0.287176241216125,0.0161119706722191,-0.510823112548691,-0.063529369883558,-0.46983406766063,0.000635485659256137,0.0126583829184463,0.41202576679368,0.104617865749658,0.00415804311189073,FALSE,FALSE
"GLUD1",0.00205274231020773,-0.393895000050068,0.011313639400548,-0.681106403507523,-0.106683596592613,-0.182268496822614,0.170646169137516,-0.45474115829235,0.0902041646471207,-0.576163496872682,0.000603315694824154,0.0126583829184463,0.125898731134147,0.452150462833637,0.00406291934706303,FALSE,FALSE
"RRM2",0.00205308566786855,-0.15157422846047,0.210458236903372,-0.401177880646879,0.0980294237259393,0.487899907660653,0.000740324258874667,0.251105091698997,0.724694723622309,0.336325679200183,0.0092822613173583,0.0126583829184463,0.542367557653516,0.0221490454499388,0.0312548466866769,FALSE,FALSE
"DUSP4",0.00213216587038672,-1.03926212187621,0.015680365915373,-1.84440467607673,-0.234119567675693,-0.576608620417364,0.125938035115572,-1.34043391413713,0.187216673302399,-1.61587074229358,0.000601221063391994,0.0131016926378982,0.14904514476852,0.379895725761849,0.00406291934706303,FALSE,FALSE
"UQCR10",0.00214031594920116,-0.202870899676306,0.0287968346624445,-0.380885148942511,-0.0248566504101011,-0.155896920613063,0.0673038682813254,-0.324776065706913,0.012982224480786,-0.358767820289369,0.000581417241037777,0.0131076396217856,0.198317823618721,0.247141971053157,0.00395927785408188,FALSE,FALSE
"SPRY4",0.00214938224817077,0.0778029516835785,0.58570148896254,-0.22484228511733,0.380448188484487,0.475390037728917,0.00359560832121021,0.188275556341352,0.762504519116481,0.553192989412495,0.00123630756203349,0.0131191391401728,0.841961940781457,0.0437502393025919,0.0070097253304958,FALSE,FALSE
"CHAD",0.00216103204166129,-0.652052781894516,0.0124718442427264,-1.13599671298252,-0.168108850806513,-0.313533200240542,0.162565619130196,-0.77264272485664,0.145576324375556,-0.965585982135058,0.00062979331759803,0.0131462782534395,0.131567143022981,0.442149411196137,0.00415804311189073,FALSE,FALSE
"GRB7",0.00218799644747947,-0.201798441484579,0.156388760534515,-0.492573608649291,0.088976725680133,-0.368325108137515,0.0131006717468962,-0.644178652714524,-0.092471563560507,-0.570123549622094,0.000722758384746568,0.013266091417442,0.484566193506773,0.0930300620158972,0.00464448609916369,FALSE,FALSE
"P4HA1",0.00221700901138961,-0.0461281128758191,0.618893420253871,-0.242964158938694,0.150707933187056,0.356606758919249,0.00132075842523347,0.169871689565098,0.5433418282734,0.31047864604343,0.00349756282789587,0.0133940057588104,0.854706004608213,0.0283574603064833,0.0148105499983629,FALSE,FALSE
"NLRC5",0.00222377191502441,0.318919723183009,0.00875876774032556,0.0966244693408604,0.541214977025158,0.11880123337514,0.243203285457259,-0.0920865611808061,0.329689027931086,0.437720956558149,0.000698921537244225,0.0133940057588104,0.110070294439696,0.557595472310927,0.0045231624307472,FALSE,FALSE
"C1R",0.00224200284329376,0.971232189967606,0.00394168192185303,0.376400427380951,1.56606395255426,0.1566127981118,0.556647264298129,-0.407694160204109,0.720919756427709,1.12784498807941,0.000937129659900382,0.0134593920691155,0.0763635422897749,0.843755197129639,0.00566311797787482,FALSE,FALSE
"LRP6",0.00225567501691054,-0.345098533328338,0.0363001793452136,-0.664213982653715,-0.0259830840029616,-0.29360460900815,0.0562239324919935,-0.59634410593302,0.0091348879167199,-0.638703142336488,0.000614383651667407,0.0134970718224975,0.218973741836255,0.223062340864974,0.00411361663141615,FALSE,FALSE
"LIF",0.00226764632896902,0.0901957413511054,0.758044829872254,-0.533336812293867,0.713728294996078,1.01241071832353,0.00287900089742425,0.420875798889757,1.6039456377573,1.10260645967463,0.00157815539654889,0.013524361275714,0.916799153382706,0.0380621538431491,0.00839689095831407,FALSE,FALSE
"MAVS",0.00230191202461534,-0.251972500899749,0.0525496330320738,-0.507203386835603,0.00325838503610565,-0.256449470855507,0.0396456277279786,-0.498582749489488,-0.014316192221526,-0.508421971755255,0.000637946340454468,0.013657241159174,0.267885699116019,0.18178683233714,0.00415804311189073,FALSE,FALSE
"PLCB1",0.00230687235680869,-0.441920610481559,0.0228691800921353,-0.811060288994711,-0.0727809319684067,-0.293917882448996,0.0923985631884041,-0.64411453010216,0.0562787652041673,-0.735838492930555,0.000634456339868021,0.013657241159174,0.17566125134237,0.304991406814444,0.00415804311189073,FALSE,FALSE
"POLR2A",0.0023160476053549,-0.226125692128852,0.0389856821697232,-0.43877429794582,-0.0134770863118838,-0.197947879482511,0.0537923106514601,-0.399684060174797,0.00378830120977361,-0.424073571611363,0.000632295950426054,0.013657241159174,0.231002824544626,0.218808022792641,0.00415804311189073,FALSE,FALSE
"U2AF1",0.00231986014210626,-0.377782073597189,0.019231705534354,-0.682394234180049,-0.0731699130143287,-0.228000837083209,0.111270219659587,-0.51698130621125,0.0609796320448313,-0.605782910680398,0.00064639009128989,0.013657241159174,0.164008703739234,0.350722194954656,0.00419808511246993,FALSE,FALSE
"ENTPD1",0.00233366515307531,0.0885803217144966,0.500722958006608,-0.189402500073089,0.366563143502082,0.421061036367626,0.00455668288537852,0.157343376192792,0.684778696542461,0.509641358082123,0.0012088862564466,0.0136771449310331,0.791952496016325,0.0494996801536655,0.0069377906226888,FALSE,FALSE
"ITGB6",0.00233822970875744,0.926358761890539,0.189846095572089,-0.525950986121284,2.37866850990236,1.87970193500232,0.0116459834364009,0.501919933467552,3.25748393653709,2.80606069689286,0.000810413590709669,0.0136771449310331,0.524953218816762,0.0853571075157898,0.00504779796261142,FALSE,FALSE
"MLLT3",0.00248409536104883,0.0748483746131842,0.299447999703301,-0.075524559858261,0.225221309084629,0.207854506579094,0.00800106390867541,0.0651982151671897,0.350510797990999,0.282702881192278,0.00100004236831623,0.0144839426003646,0.641423238801084,0.0669316322535794,0.00596430497443504,FALSE,FALSE
"DUSP10",0.00251954242743025,-0.656640478195972,0.00164791808378475,-1.0110238240493,-0.302257132342647,0.0585495048667355,0.710987041862239,-0.277648056451573,0.394747066185044,-0.598090973329237,0.0022034753381715,0.0146438373568796,0.0513072790370486,0.908649405741307,0.0104450454341896,FALSE,FALSE
"PPP2CB",0.00255904516596874,-0.289984227055948,0.00803042253366884,-0.489132177010458,-0.0908362771014375,-0.0924359509681003,0.30739515926824,-0.281364284930944,0.0964923829947429,-0.382420178024048,0.00084997563522316,0.014826214056803,0.108559415732931,0.636760697976731,0.00525163859680822,FALSE,FALSE
"JUN",0.00257425010253271,-0.750623453576298,0.0071740636888061,-1.25642956394705,-0.244817343205549,-0.2153570866983,0.347449289446847,-0.695206895658924,0.264492722262325,-0.965980540274597,0.00088668563050404,0.0148493903684765,0.101992337483509,0.679220134632414,0.00541204440023369,FALSE,FALSE
"MTOR",0.00257931876537373,-0.173285835094466,0.0155283689616275,-0.307284556493488,-0.0392871136954449,-0.08841505768715,0.155563191847158,-0.215537406638526,0.0387072912642257,-0.261700892781616,0.000745343380741973,0.0148493903684765,0.14904514476852,0.428995116900904,0.00475612471976958,FALSE,FALSE
"NUMBL",0.00261191083039888,0.161883929411455,0.10055692688104,-0.0363800474327252,0.360147906255636,0.223063531347073,0.0239232448771989,0.0349738079099245,0.411153254784221,0.384947460758528,0.000780239061577733,0.0149830981861884,0.377569264747519,0.134338221233502,0.00489325184666448,FALSE,FALSE
"BST2",0.00261896346377758,0.553130656839059,0.0269425719634816,0.0747611998376156,1.0315001138405,0.38514831147298,0.0892161932539819,-0.0686728026817821,0.838969425627743,0.938278968312039,0.00072071468927755,0.0149830981861884,0.190986213532662,0.299587567767529,0.00464448609916369,FALSE,FALSE
"HPGD",0.0027068804394032,0.162971410659615,0.199624803170566,-0.0986139530660649,0.424556774385296,0.332604422500432,0.0128354465764827,0.0844427569194106,0.580766088081454,0.495575833160048,0.000943074043501467,0.0153481331632707,0.534031458180602,0.091502695320629,0.0056802314501326,FALSE,FALSE
"ACTR3B",0.00271473650417005,-0.240381574774466,0.0605658093357933,-0.493260047954155,0.0124968984052232,-0.252212739489387,0.0408853535126656,-0.492114323431472,-0.0123111555473008,-0.492594314263852,0.000760605145882706,0.0153481331632707,0.290535798703999,0.18461879722448,0.00481980691401368,FALSE,FALSE
"CXADR",0.00271759847149423,-0.156417591297747,0.0694997775154429,-0.327416177841084,0.0145809952455903,-0.176080366904979,0.0357299349530045,-0.338303869948888,-0.0138568638610697,-0.332497958202726,0.000771349091425367,0.0153481331632707,0.313953202885355,0.168059616724828,0.0048667943909383,FALSE,FALSE
"FBXW7",0.00271760553306312,-0.175450711067474,0.0512790508428611,-0.352045627220573,0.00114420508562557,-0.169017565978246,0.0482990439312188,-0.336550213453323,-0.00148491850317028,-0.34446827704572,0.000752532873962731,0.0153481331632707,0.264362338384806,0.20546796077966,0.00478527001735883,FALSE,FALSE
"ALCAM",0.00272481925747929,-0.394999215152927,0.0188649584835511,-0.712272071876366,-0.0777263584294885,-0.221716129328353,0.134482524413844,-0.522707589426653,0.0792753307699475,-0.61671534448128,0.00077335362924499,0.0153481331632707,0.162398817134343,0.392320759256021,0.0048667943909383,FALSE,FALSE
"MKI67",0.00288548469908526,-0.0594659840796467,0.698000277911236,-0.385440910199457,0.266508942040164,0.564365396197094,0.00183863279971315,0.25511842820398,0.873612364190209,0.504899412117448,0.00394343332692941,0.0162031063871711,0.88793880456743,0.0316557062214763,0.0161362462368748,FALSE,FALSE
"NT5E",0.00291049397325327,0.185368615986597,0.347685302938821,-0.227872146266642,0.598609378239836,0.570373119335837,0.00807013654952556,0.178338510112526,0.962407728559148,0.755741735322434,0.00123148458391453,0.0162473272999822,0.688159003081633,0.0669316322535794,0.0070097253304958,FALSE,FALSE
"RAD50",0.00291116494635298,-0.168922211835475,0.0194565107642348,-0.30544448979433,-0.0323999338766194,-0.0940656011977621,0.139535249848444,-0.223582006109138,0.0354508037136136,-0.262987813033237,0.000829525328605657,0.0162473272999822,0.164162785754218,0.400444745829875,0.005149264369746,FALSE,FALSE
"STC1",0.0029534590123232,-0.0287010018063992,0.811949840670058,-0.285819980021817,0.228417976409018,-0.407089642499188,0.00341137360560461,-0.651014122743969,-0.163165162254408,-0.435790644305588,0.00213843347337032,0.0164236943805952,0.941060610042482,0.0432344224321418,0.0102431524643067,FALSE,FALSE
"MAD2L2",0.00296076463080319,-0.280556664875433,0.00260953330489506,-0.442145029005999,-0.118968300744868,0.0018898233925862,0.979012733280204,-0.151406358817386,0.155186005602559,-0.278666841482847,0.00189087665322751,0.0164236943805952,0.0669660544936649,0.994267244427586,0.00946562047177668,FALSE,FALSE
"KRT10",0.00297455135974441,-0.382724235526265,0.00458044395518992,-0.62262547461389,-0.142822996438641,-0.0527293147940158,0.622842007303702,-0.280319613498068,0.174860983910037,-0.435453550320281,0.00130228709690112,0.0164501703985865,0.0811583516332195,0.88252070134259,0.00731284292875242,FALSE,FALSE
"CDK4",0.00304344050305696,-0.284380894624023,0.00273191829201232,-0.449268606043834,-0.119493183204212,0.000388109428468508,0.995775601039724,-0.156038108449279,0.156814327306216,-0.283992785195554,0.0019082444634674,0.0167410457824231,0.068297957300308,0.999141345183972,0.00947147475288742,FALSE,FALSE
"PLOD2",0.00304549435603533,0.192339623913879,0.1389472058705,-0.0720558875932498,0.456735135421008,0.307289988180342,0.0204381938347599,0.0564623823340064,0.558117594026678,0.499629612094222,0.000961567309383347,0.0167410457824231,0.455257900742662,0.12071101536711,0.0057536404577856,FALSE,FALSE
"BAGE",0.00306073490048248,-0.333301901466389,0.0267490085039812,-0.621106194939548,-0.0454976079932295,-0.219181828582173,0.10578640710436,-0.492216954907388,0.0538532977430422,-0.552483730048562,0.000852136993290451,0.0167742978780196,0.190986213532662,0.340361832551742,0.00525163859680822,FALSE,FALSE
"BMP4",0.00308819269878373,0.117115528037868,0.546135776675133,-0.293708781296612,0.527939837372349,0.60511712114674,0.00543948240157522,0.21537496044798,0.9948592818455,0.722232649184608,0.00164667029897862,0.0168741068122165,0.822218001645546,0.0542462042780042,0.00858620941610282,FALSE,FALSE
"TFE3",0.00310907243975312,0.0154359304082242,0.733822564212645,-0.0811903208958094,0.112062181712258,0.149315325172752,0.00400388532199248,0.0576476144073836,0.24098303593812,0.164751255580976,0.00205023638745458,0.0169374841867148,0.905494374366517,0.0459565453624923,0.0100313174453207,FALSE,FALSE
"CTNNB1",0.00313846607032014,0.0708008540779764,0.640673905140861,-0.251370676732175,0.392972384888128,0.486040659552772,0.0046751703513376,0.180401909165815,0.79167940993973,0.556841513630749,0.00186094759798224,0.0170245588798848,0.86252568408927,0.0498958239250943,0.00938692322258066,FALSE,FALSE
"MLH1",0.00314371306439516,-0.221743702635735,0.00853303785742274,-0.375612789535027,-0.0678746157364422,-0.0645569668909015,0.354270445827629,-0.210529999718543,0.0814160659367404,-0.286300669526636,0.00108163479364793,0.0170245588798848,0.108917301701992,0.688544796203859,0.00628657165097923,FALSE,FALSE
"FGFR4",0.00318780247670097,-0.0707419220638224,0.690612846210882,-0.448719009909575,0.30723516578193,-0.576097612589057,0.00437788834950382,-0.934678162874094,-0.217517062304019,-0.646839534652879,0.00199746030118045,0.0172122471005304,0.887583411503422,0.0484220984111786,0.00985233797203873,FALSE,FALSE
"IL17RA",0.00320269351624564,-0.128368840228686,0.158930375377468,-0.314573718546415,0.0578360380890441,-0.219898694821529,0.0188765120603553,-0.396548152897088,-0.0432492367459705,-0.348267535050215,0.0010400015937976,0.0172416391361307,0.487475521115764,0.116267389312418,0.00611048742344757,FALSE,FALSE
"CMTM4",0.00323326093697237,-0.245212553164112,0.00479758165581984,-0.400036587348179,-0.0903885189800451,-0.0321597488041062,0.64188987959043,-0.179038724171332,0.11471922656312,-0.277372301968218,0.00143453056052227,0.0173550035587487,0.0832418478435249,0.884117728141821,0.00781497991926313,FALSE,FALSE
"PTPN11",0.00332043379070605,-0.171272005649905,0.0331997273020109,-0.326420498039084,-0.016123513260726,-0.123597792162978,0.0922469242563439,-0.27078457561031,0.0235889912843536,-0.294869797812883,0.000920285007880958,0.017770650052899,0.214862129119851,0.304991406814444,0.00557980112751744,FALSE,FALSE
"CST2",0.00337224632314249,0.400170488775634,0.435201005802854,-0.679838124241591,1.48017910179286,1.51119171998841,0.0074424120291172,0.486605587068265,2.53577785290855,1.91136220876404,0.00156880372458105,0.0179879667619425,0.751411386556488,0.0663448702573189,0.0083715403431591,FALSE,FALSE
"PLK1",0.00338075210923084,0.0380653504904028,0.674614077518513,-0.154683877169841,0.230814578150646,0.290133493433602,0.00474301569096171,0.107275520440193,0.472991466427011,0.328198843924005,0.00207001260051455,0.0179879667619425,0.877976242800107,0.0500347030982955,0.0100835658968117,FALSE,FALSE
"PARP9",0.00345196409519125,0.421880519214381,0.00119183698445706,0.203989263285838,0.639771775142924,-0.127502408475622,0.203829309828723,-0.334212203766281,0.0792073868150375,0.29437811073876,0.00914102898511292,0.0183134723073373,0.0481633719210363,0.502899017306913,0.0308932924033909,FALSE,FALSE
"NBN",0.0035491750900458,-0.0773386366081698,0.25373091493059,-0.217897127402039,0.0632198541856993,-0.17758507119,0.0132850403685978,-0.31093056380533,-0.0442395785746692,-0.254923707798169,0.0013102393007269,0.0187318217967329,0.595191413558261,0.0930999388192556,0.00733492860069505,FALSE,FALSE
"NOTCH1",0.00355134813242169,-0.149895919430378,0.176242803999514,-0.377152585344809,0.0773607464840537,-0.268252029419463,0.0189213230826237,-0.483846632743129,-0.0526574260957963,-0.41814794884984,0.0011766660901749,0.0187318217967329,0.514628987678582,0.116267389312418,0.00677418174942962,FALSE,FALSE
"NID2",0.0036214144856419,0.0902221033183774,0.547202599880557,-0.227120274717279,0.407564481354034,0.456373923699739,0.0063071355664328,0.155316509893679,0.757431337505798,0.546596027018116,0.00190763685472103,0.0190463441968198,0.822218001645546,0.0602645152290045,0.00947147475288742,FALSE,FALSE
"SIN3A",0.00366573784801392,-0.156958676538202,0.0830321225229202,-0.337824088437882,0.0239067353614786,-0.180591703745146,0.0406956697561608,-0.352175699209399,-0.00900770828089223,-0.337550380283348,0.00105718672798424,0.0192240562431765,0.343709941422326,0.18461879722448,0.00616410791875797,FALSE,FALSE
"PYCARD",0.00370197839019727,0.233761491765353,0.193085662402687,-0.135607122604395,0.603130106135101,0.440130227397996,0.0180428151089149,0.0897163921213546,0.790544062674637,0.673891719163348,0.00125368165598463,0.0193472532391162,0.529254788142633,0.114037866950468,0.00708349542468094,FALSE,FALSE
"CD55",0.0037190883962319,-0.08967981894097,0.801836318981043,-0.851167945608798,0.671808307726858,1.25419330410903,0.00261079223567713,0.53178223667549,1.97660437154258,1.16451348516806,0.00428446348344202,0.0193472532391162,0.936245222098786,0.0360961805311422,0.017222788231898,FALSE,FALSE
"MSRB2",0.00372103336270126,0.132847478066261,0.265381135609993,-0.114909959491965,0.380604915624487,0.312893927784922,0.0133145665927812,0.0778505848056403,0.547937270764205,0.445741405851184,0.00139066018727507,0.0193472532391162,0.60943987055184,0.0930999388192556,0.00764444229450905,FALSE,FALSE
"LY96",0.00374512118616115,0.206703863482121,0.0479772081636723,0.00216274820457299,0.411244978759669,0.175796156414099,0.0718648831270816,-0.0182485834143358,0.369840896242534,0.38250001989622,0.0010412940212012,0.0193669097145526,0.256201787666554,0.259458792167779,0.00611048742344757,FALSE,FALSE
"MLPH",0.003746037879034,0.0109688529997607,0.971833952182301,-0.651943283877708,0.673880989877229,1.04811238438114,0.00344311772307387,0.419218712050505,1.67700605671177,1.0590812373809,0.00321163516831766,0.0193669097145526,0.991869473328674,0.0433357920317919,0.0140220913449276,FALSE,FALSE
"TNFRSF14",0.00378235784833768,0.118307914711033,0.46084837594733,-0.220030613304142,0.456646442726207,0.469350228720747,0.00783362492795273,0.148374118105755,0.790326339335739,0.587658143431779,0.00179668861368519,0.0194994437096505,0.768789749264294,0.0665287380881639,0.00918475271701813,FALSE,FALSE
"APOL6",0.00382885406724188,0.559062776264721,0.00314480509383632,0.228122076122235,0.890003476407206,-0.0114748262649995,0.937841532527185,-0.325432741135319,0.30248308860532,0.547587949999721,0.00252905502877712,0.0196835455569477,0.0703545805921185,0.980409732424349,0.0117742995599955,FALSE,FALSE
"TRAC",0.00384910193659765,0.448650145242347,0.0028464319939794,0.186948803622186,0.710351486862509,-0.0221172066921551,0.849345461691027,-0.270388898564614,0.226154485180304,0.426532938550192,0.00280544380575073,0.0197320534671088,0.0700355207878737,0.953293645501921,0.0127679175698132,FALSE,FALSE
"STAT1",0.00391103164042397,0.540173796189587,0.00121398088129735,0.260499652605575,0.8198479397736,-0.195274030420468,0.134786364960836,-0.460596219335202,0.0700481584942658,0.344899765769119,0.0151111063328955,0.0199730046797928,0.0481633719210363,0.392320759256021,0.0465055127445774,FALSE,FALSE
"STAT2",0.00391799215088539,0.227257709012377,0.0598987341616603,-0.0110947228167458,0.4656101408415,0.215283015548827,0.0602190555022147,-0.0108379555771859,0.441403986674839,0.442540724561204,0.00109941226881794,0.0199730046797928,0.289805643594008,0.233315568609946,0.00634945376769853,FALSE,FALSE
"SIGIRR",0.00393651236907411,-0.284697068092402,0.039367861846153,-0.553049695334611,-0.0163444408501928,-0.213690558557393,0.092369137141148,-0.468272214010052,0.0408910968952663,-0.498387626649795,0.00109697398852618,0.0200115183107528,0.232512452651227,0.304991406814444,0.00634945376769853,FALSE,FALSE
"COL17A1",0.00395017425947541,0.678110039263242,0.186068168697351,-0.375257002052514,1.731477080579,1.23046806146613,0.0199332515529785,0.23115634265299,2.22977978027928,1.90857810072938,0.00131973796472798,0.0200251889542851,0.52484452530551,0.11953259831242,0.00736171691195262,FALSE,FALSE
"IFIT3",0.00397194519583941,0.584579774255195,0.0011143974658242,0.285345803850306,0.883813744660084,-0.313404087638627,0.0331884310997568,-0.597282357571087,-0.0295258177061665,0.271175686616568,0.0594837967247384,0.0200797783446175,0.0472971017471897,0.16066017707442,0.138998628710176,FALSE,FALSE
"PRKAR2B",0.0040275309743413,-0.0943066784374782,0.538393975700108,-0.418738926884782,0.230125570009825,-0.457673249632155,0.00708809182250704,-0.765456705083086,-0.149889794181223,-0.551979928069633,0.00208167529651961,0.0203045415142897,0.818125733266193,0.0650038571662078,0.0100835658968117,FALSE,FALSE
"TGFBR1",0.00406205323819793,0.485958706660164,0.0141987826818577,0.116500080372052,0.855417332948275,0.185615689068481,0.271027153385216,-0.164883539011738,0.536114917148699,0.671574395728644,0.00128857195377468,0.020422168484053,0.141697540617886,0.588838755866689,0.00725815992481108,FALSE,FALSE
"ARID2",0.00411387825204325,-0.106044373142237,0.308339190329636,-0.323229397522691,0.111140651238216,-0.276831293349308,0.0126647068344008,-0.482871098565738,-0.0707914881328781,-0.382875666491545,0.00161379486828592,0.0205692510731581,0.65189024855148,0.0909964172156752,0.00851553401755586,FALSE,FALSE
"HDAC3",0.00411778026392408,-0.236875845487414,0.0124640543691552,-0.412661458065398,-0.0610902329094289,-0.0804935922797053,0.313671496051773,-0.247258466970018,0.0862712824106071,-0.317369437767119,0.00135504602058928,0.0205692510731581,0.131567143022981,0.643202786847736,0.00747874021122457,FALSE,FALSE
"GADD45A",0.00412512103713747,0.0902500435061228,0.567041575578081,-0.243825315167572,0.424325402179817,0.473748226100744,0.00686824652381683,0.156816513036775,0.790679939164713,0.563998269606867,0.00219851400912465,0.0205692510731581,0.826997205311775,0.0642797431075165,0.0104450454341896,FALSE,FALSE
"SMC1A",0.00418003173216176,-0.0865866027679103,0.189119416329996,-0.222094178676425,0.048920973140604,-0.157025498086791,0.0207388532401902,-0.285579272110511,-0.0284717240630713,-0.243612100854701,0.00139826052961819,0.0207862613384066,0.524953218816762,0.122091636010797,0.0076631395391988,FALSE,FALSE
"TNC",0.00429570878198224,0.143698680555916,0.50141205159664,-0.307997375633688,0.595394736745521,0.622992260214848,0.00810514560440605,0.194475755912483,1.05150876451721,0.766690940770764,0.00211666515281471,0.0212788147340509,0.791952496016325,0.0669316322535794,0.0101775331819005,FALSE,FALSE
"C4BPA",0.00430240144485741,0.603624556446321,0.0694448644010788,-0.0561196339734703,1.26336874686611,-1.20807996420831,0.00121989410513909,-1.83396825864542,-0.582191669771197,-0.60445540776199,0.0571171001340849,0.0212788147340509,0.313953202885355,0.027709088824718,0.134501558380264,FALSE,FALSE
"CENPF",0.00435296223186261,0.013217078487425,0.876485706761797,-0.168154332045707,0.194588489020557,0.275521709205961,0.00447259191095823,0.103457681289315,0.447585737122606,0.288738787693386,0.00328875039750012,0.0214706920895926,0.960102108840201,0.0491715676957757,0.0142564595616098,FALSE,FALSE
"PLAT",0.00440644141789325,1.18961257991946,0.0509539300549765,-0.0057940019661824,2.3850191618051,0.996104832184439,0.0797992523688047,-0.137957426430124,2.130167090799,2.1857174121039,0.00123343106886544,0.0216758910718469,0.263430374930119,0.278458194212368,0.0070097253304958,FALSE,FALSE
"CREB3L1",0.00457091364635499,-1.03378731173439,0.0221839479640634,-1.89189209351247,-0.175682529956311,-0.515252793927204,0.193041981524753,-1.32932246837735,0.298816880522939,-1.54904010566159,0.00135641808762484,0.0224245091521448,0.173989345918254,0.487277477569397,0.00747874021122457,FALSE,FALSE
"MAPK3",0.00461659795435279,0.0114395537697485,0.941579848431467,-0.321626279390038,0.344505386929535,0.508403817383323,0.00433593686328222,0.192429824313354,0.824377810453292,0.519843371153071,0.00375042994167102,0.022587912243147,0.981464249115245,0.0482505169237198,0.0156169318732563,FALSE,FALSE
"CD40",0.00465740339472003,-0.100285219035559,0.257646016031056,-0.284141011971779,0.0835705739006611,-0.22157899167851,0.0170281386436774,-0.395999911686936,-0.0471580716700849,-0.321864210714069,0.00169753857340885,0.0226712816656058,0.598985960836532,0.109039835174425,0.00872678280696101,FALSE,FALSE
"MAPK12",0.0046584825340286,0.0796845913859113,0.330970579317848,-0.0916757364552735,0.251044919227096,0.216448094955779,0.0133025062303868,0.0538814139843859,0.379014775927171,0.29613268634169,0.00186304526100413,0.0226712816656058,0.676372746506749,0.0930999388192556,0.00938692322258066,FALSE,FALSE
"KDM5C",0.00471201992906609,-0.150634950112241,0.0448570624759231,-0.297203821538429,-0.00406607868605299,-0.114839826554397,0.0971169848747702,-0.253887266890535,0.0242076137817405,-0.265474776666638,0.00132309213540847,0.0228708414110256,0.248055203632058,0.317543262608155,0.00736171691195262,FALSE,FALSE
"IFITM1",0.00479948878764586,0.607316377676265,0.00575370357867654,0.212614680274696,1.00201807507783,0.0534599099136719,0.761084897717066,-0.320986998123385,0.427906817950729,0.660776287589937,0.0023316721104611,0.0232335995688427,0.093754544920399,0.931951317783014,0.0109672721690503,FALSE,FALSE
"YTHDF2",0.00486517381976738,-0.280230357568584,0.0147903437417804,-0.494927725257425,-0.0655329898797441,-0.0990669150505396,0.310126621007743,-0.302746721912353,0.104612891811273,-0.379297272619124,0.00158899466310793,0.0234892651351203,0.143576475152921,0.639526647840825,0.00842998622143018,FALSE,FALSE
"MYD88",0.00489526807246876,0.125557870297844,0.152223923012752,-0.0533786104606403,0.304494351056328,0.191809119676929,0.0299346095203034,0.0220550689694175,0.36156317038444,0.317366989974773,0.00154405423427748,0.0235722011405158,0.476216870868853,0.152298587681205,0.00828793816928353,FALSE,FALSE
"SFRP4",0.00495232138829844,1.04194380865812,0.0354427729145695,0.0837940009669252,2.00009361634932,0.678821626939485,0.129665106907143,-0.230159092647468,1.58780234652644,1.72076543559761,0.001408907071392,0.0237841750885386,0.218916859811072,0.385405244471556,0.00769836947691736,FALSE,FALSE
"LCN2",0.0049717425466971,2.35388948686545,0.00772695641834249,0.747850779269978,3.95992819446091,0.37833078962654,0.598392928773538,-1.14529130829191,1.90195288754499,2.73222027649199,0.00208301607840986,0.0238147772906095,0.107556316855621,0.86735283506159,0.0100835658968117,FALSE,FALSE
"FGF12",0.00503602287753419,-0.255242037638958,0.030504412827486,-0.482084583562438,-0.0283994917154781,-0.150445714287363,0.153620612796528,-0.365647448892226,0.064756020317499,-0.405687751926321,0.00145303095054274,0.0240595333808898,0.203921441062864,0.42737441822205,0.00786878778854746,FALSE,FALSE
"TNFSF13",0.00513903747573686,-0.247551251692354,0.0557074198027748,-0.502179317152756,0.00707681376804931,-0.208005639392617,0.0851610965511822,-0.449567032309814,0.0335557535245799,-0.455556891084971,0.00144888487185655,0.0244875806611482,0.274773084162335,0.289420858856438,0.00786878778854746,FALSE,FALSE
"DNMT1",0.00516660228322156,0.0706010166191962,0.250121977670425,-0.0566835937411706,0.197885626979563,0.149533499696034,0.0193766372646969,0.0287807157482865,0.270286283643781,0.22013451631523,0.00185275294901011,0.0245548155387483,0.59279925974109,0.118159143270181,0.00938692322258066,FALSE,FALSE
"COL4A5",0.00525196752046403,-0.022922115207949,0.878242092009189,-0.342049548087551,0.296205317671653,0.49486622180065,0.00391366492137608,0.192115356278035,0.797617087323265,0.471944106592701,0.00530440408496488,0.0248956901944074,0.960102108840201,0.0457848620609702,0.0200425206108921,FALSE,FALSE
"NDUFB8",0.0052797241999298,-0.25638463366165,0.0304564930437586,-0.484162806121432,-0.028606461201868,-0.148059287689874,0.161289578985608,-0.364148635562939,0.068030060183191,-0.404443921351524,0.00153155870344935,0.0249341948516652,0.203921441062864,0.439990256575088,0.00826530995958326,FALSE,FALSE
"ALKBH3",0.00528741556580517,-0.190341291157845,0.104087172532085,-0.426157606196707,0.0454750238810164,-0.227302602126827,0.0469627313220094,-0.451017601612014,-0.00358760264164093,-0.417643893284673,0.00156049329275523,0.0249341948516652,0.385312555519381,0.202616985018126,0.00835161366357273,FALSE,FALSE
"GATA2",0.00543045825587549,-0.34092503850919,0.0480586645010386,-0.678427870790465,-0.003422206227915,-0.258145783875279,0.104438770016503,-0.578329083905269,0.06203751615471,-0.599070822384469,0.00153530963084862,0.0255427482396206,0.256201787666554,0.337346469522334,0.00826530995958326,FALSE,FALSE
"PSMB7",0.00545192037353296,-0.429654295754141,0.0236665759372725,-0.79112463080909,-0.0681839606991921,-0.205952000955034,0.215193008423968,-0.548872870562388,0.136968868652319,-0.635606296709176,0.00164407345059216,0.0255777755313564,0.177462073893589,0.516746368912819,0.00858620941610282,FALSE,FALSE
"BIRC5",0.00552314067484452,-0.158129145983636,0.0600254976868684,-0.324073512621902,0.00781522065463047,0.293816073047502,0.00156361974488424,0.136387424012208,0.451244722082796,0.135686927063866,0.0849034005134993,0.0258454659784391,0.289805643594008,0.029925793263999,0.184618024766258,FALSE,FALSE
"VSIR",0.00563827256016322,0.249632779391865,0.0215227774483822,0.0437088242235924,0.455556734560138,0.109640865042385,0.244868668868212,-0.0857157518942583,0.304997481979028,0.35927364443425,0.00173971321422467,0.0262490054698129,0.172577824039184,0.558068642031205,0.00891847364033715,FALSE,FALSE
"POLR1B",0.00565852165043628,-0.205455136933677,0.0720425988450539,-0.432400050269728,0.0214897764023739,-0.194603827603629,0.0724361538907166,-0.409902676463062,0.0206950212558036,-0.400058964537306,0.00161445192880785,0.0262490054698129,0.321905246973654,0.260741579586899,0.00851553401755586,FALSE,FALSE
"RUNX1T1",0.00567619223097486,0.192387444756465,0.103352840259367,-0.0453980195353798,0.43017290904831,0.224745994206866,0.0507288132128659,-0.000837104285993984,0.450329092699726,0.417133438963331,0.00167244618581962,0.0262490054698129,0.384925735625178,0.212339642462111,0.00867094557759548,FALSE,FALSE
"CEP55",0.00567867394450459,-0.0856920027348799,0.288173249492379,-0.253686376479171,0.0823023710094113,0.285002030797902,0.00212426927411895,0.125628574260237,0.444375487335567,0.199310028063022,0.0184435296417129,0.0262490054698129,0.631351957171178,0.0337112297849312,0.0546419506430617,FALSE,FALSE
"PDGFC",0.00568129159483622,0.308398435233112,0.0942724687256841,-0.0614265610028705,0.678223431469095,0.341228992291563,0.055625490772715,-0.00961780483910768,0.692075789422234,0.649627427524675,0.00165639548125817,0.0262490054698129,0.364987398582137,0.221813365791169,0.00861231268745346,FALSE,FALSE
"SLC16A1",0.00571461969008044,0.0514758381012129,0.676382382117728,-0.210701447873397,0.313653124075823,0.364700768791333,0.00770691095591869,0.115977556459007,0.613423981123659,0.416176606892546,0.00335284478245094,0.026336315490901,0.877976242800107,0.0663448702573189,0.014405581198843,FALSE,FALSE
"PSMB5",0.00573550367916648,-0.336152128871691,0.00372521121581529,-0.540264696390463,-0.132039561352919,0.0270332878321828,0.766202455009679,-0.166604895895084,0.22067147155945,-0.309118841039508,0.0045614866224733,0.0263659803891154,0.0738968529224228,0.931951317783014,0.0180188594935363,FALSE,FALSE
"SOS2",0.00575961762029551,0.00428662370349153,0.955856618426425,-0.160955931482341,0.169529178889324,-0.249307093175896,0.00467329335454768,-0.406069945407886,-0.0925442409439063,-0.245020469472405,0.00521656336045764,0.0263841431160192,0.988547709677612,0.0498958239250943,0.0197925740807385,FALSE,FALSE
"SRSF2",0.00576836882372146,-0.202318832697097,0.0703856391847286,-0.424302709354763,0.0196650439605692,-0.188001908109434,0.0755715380125397,-0.398594304331067,0.0225904881121994,-0.390320740806531,0.0016444943027672,0.0263841431160192,0.316388649044655,0.269371204829853,0.00858620941610282,FALSE,FALSE
"ATF1",0.00581780515962086,-0.0976689366149997,0.192422536233402,-0.251749478073105,0.0564116048431058,-0.167432004893495,0.0281373545098281,-0.313605641129379,-0.0212583686576105,-0.265100941508495,0.0019225750377086,0.0265437360407702,0.529254788142633,0.147559402242633,0.00950867057945311,FALSE,FALSE
"UTY",0.00588898593403268,-0.351303437743961,0.0448016867648826,-0.693019491637896,-0.00958738385002561,-0.247913560241818,0.121536434685432,-0.572093873246723,0.0762667527630878,-0.599216997985778,0.00167721705100158,0.026718780489961,0.248055203632058,0.373407396129484,0.00867094557759548,FALSE,FALSE
"CCND3",0.00589852725829797,0.20971318871513,0.0222627925833434,0.0355111918625978,0.383915185567662,0.0922570578697441,0.247249897029116,-0.0730054670313012,0.257519582770789,0.301970246584874,0.00182247371994689,0.026718780489961,0.173989345918254,0.56263224698022,0.00929054340475717,FALSE,FALSE
"IL17RB",0.00590009234929003,-0.143329763196987,0.277692344101387,-0.417965361628763,0.131305835234789,-0.321088100953693,0.0198476188414225,-0.581630306236027,-0.0605458956713591,-0.46441786415068,0.00217308704362065,0.026718780489961,0.621662622804763,0.11953259831242,0.0103645602820897,FALSE,FALSE
"SOX9",0.00592131212554509,-0.079192930541734,0.683490093835147,-0.492206452988732,0.333820591905264,-0.572441823799895,0.00787408626139364,-0.964260854414373,-0.180622793185416,-0.651634754341629,0.00349152993102278,0.0267485015572272,0.882156592113963,0.0665287380881639,0.0148105499983629,FALSE,FALSE
"MAPK8",0.00598750704043843,-0.191204215375718,0.0215604076059912,-0.348986530422058,-0.0334219003293776,-0.0813811124229948,0.259115524734107,-0.231066559435202,0.0683043345892126,-0.272585327798713,0.0018670976053681,0.0269807416019756,0.172577824039184,0.575000236233578,0.00938692322258066,FALSE,FALSE
"TNFRSF1A",0.0061365502832087,0.416580401590054,0.00360104238954333,0.164926911498705,0.668233891681403,-0.0460193704121479,0.68191653046829,-0.284758833357932,0.192720092533636,0.370561031177906,0.00544940007140549,0.0275842469626992,0.0736460602010264,0.90276680544326,0.020463282161142,FALSE,FALSE
"ID2",0.00617997827630342,-0.0816351302133631,0.53189928720997,-0.357969197154623,0.194698936727896,-0.363019976839415,0.0107198393077951,-0.62517349082896,-0.100866462849869,-0.444655107052778,0.00306015956479597,0.0277112048016062,0.812314811011042,0.0805090812210948,0.0134745997418482,FALSE,FALSE
"CXCR4",0.00631450102934707,0.683492175014678,0.00892624853538355,0.205521367410365,1.16146298261899,0.0988037434028476,0.643484069070451,-0.354639178727079,0.552246665532774,0.782295918417525,0.00272605123860955,0.0282450107317608,0.110070294439696,0.884117728141821,0.0125315957442379,FALSE,FALSE
"NDUFS8",0.0063398119654126,-0.544664902612787,0.00959508879759348,-0.930367332764859,-0.158962472460714,-0.0894833155522995,0.603878950564191,-0.455392769055065,0.276426137950466,-0.634148218165086,0.00264254327087509,0.0282888920217066,0.111535267870115,0.870520604091349,0.0122402067749925,FALSE,FALSE
"MEN1",0.00639720272225661,-0.257055532016066,0.0313285755024859,-0.486876414921623,-0.0272346491105092,-0.139215632176089,0.189412803945692,-0.357242865331814,0.0788116009796353,-0.396271164192155,0.00189312409435534,0.0284753535807764,0.208666606905243,0.482117666946844,0.00946562047177668,FALSE,FALSE
"PDPN",0.00646081552719696,0.112098501147583,0.584748318401298,-0.322832197452655,0.547029199747822,0.577363699148736,0.0101073423214103,0.164752209577248,0.989975188720224,0.689462200296319,0.00338349826157493,0.0286885361000838,0.841613313156442,0.0781605921041265,0.0144610874177383,FALSE,FALSE
"CDKN1B",0.00652141108565188,-0.266788288892656,0.0349065160583737,-0.511257032419202,-0.0223195453661093,-0.154220058547854,0.173009651845643,-0.386143472426883,0.0777033553311754,-0.421008347440509,0.00190986449811648,0.0288860071523052,0.218051632231548,0.456087556088099,0.00947147475288742,FALSE,FALSE
"CDKN2B",0.00655239613097985,0.104711615052209,0.567795889455153,-0.283661692026707,0.493084922131126,0.511518125626387,0.0105663558266317,0.143074855791976,0.879961395460798,0.616229740678596,0.0033626178579217,0.0288860071523052,0.826997205311775,0.0796842949735656,0.014405581198843,FALSE,FALSE
"PLD1",0.00656429070767936,-0.128522611319426,0.44879516767985,-0.486148202968687,0.229102980329835,-0.450288173944717,0.0135320985114217,-0.789561599697804,-0.111014748191629,-0.578810785264142,0.002942294811982,0.0288860071523052,0.759083578327827,0.0936725047766743,0.0131676398294594,FALSE,FALSE
"ETS1",0.00658221284020962,0.400922517000031,0.00483486897063761,0.147477054444892,0.654367979555171,-0.0166810235093078,0.882360885465442,-0.257120500802056,0.22375845378344,0.384241493490723,0.00453033105525538,0.0288860071523052,0.0832418478435249,0.959659485086074,0.0180188594935363,FALSE,FALSE
"IGLL1",0.00658442683581314,-0.167481508897293,0.227249996876942,-0.454216073424653,0.119253055630067,-0.314642510727053,0.0268990267094225,-0.586662803067947,-0.0426222183861595,-0.482124019624347,0.00226169675721263,0.0288860071523052,0.564532674873426,0.143121643570542,0.0106932553935571,FALSE,FALSE
"EP300",0.00664388870704186,-0.303502619395114,0.00884092207934358,-0.515392452692988,-0.0916127860972394,-0.0392882205132541,0.677759323295909,-0.240304566389655,0.161728125363147,-0.342790839908368,0.00295099435082132,0.0290769709600753,0.110070294439696,0.90276680544326,0.0131676398294594,FALSE,FALSE
"TANK",0.00673693449365062,0.0547153936715723,0.543132080713873,-0.135768074173097,0.245198861516241,0.247628888399328,0.0113652375519123,0.0669204039003484,0.428337372898308,0.3023442820709,0.00335481118170527,0.0294053039615665,0.821903853484923,0.084659422580571,0.014405581198843,FALSE,FALSE
"DDIT4",0.00675113553966923,-0.81025580109445,0.116056960394038,-1.85246142067098,0.231949818482078,-0.971011499032553,0.0536118474930686,-1.95973456345919,0.0177115653940871,-1.781267300127,0.00201567034337528,0.0294053039615665,0.410536097072861,0.218808022792641,0.00991535950582179,FALSE,FALSE
"HHEX",0.00679755476605312,-0.21799670216578,0.373033945230724,-0.731304583582998,0.295311179251439,-0.619610909499217,0.0168898356703137,-1.10657752335743,-0.132644295641008,-0.837607611664997,0.00278276631865507,0.0295369939239213,0.705046431043294,0.108535035557473,0.0126963713288637,FALSE,FALSE
"ATP2A2",0.0068528212006087,-0.00584743247536108,0.958063098437656,-0.243129786954495,0.231434922003773,0.348945844266548,0.00549381551353461,0.123840037650091,0.574051650883004,0.343098411791187,0.00610034258012552,0.0296917465650123,0.988547709677612,0.054490289740221,0.0222662504174581,FALSE,FALSE
"CASP8",0.00686570797284119,0.146309747386967,0.267140553074471,-0.127615053309229,0.420234548083164,0.308410996550445,0.0238410934350886,0.0485431132081477,0.568278879892743,0.454720743937412,0.00247287283307478,0.0296917465650123,0.612476770553907,0.134290109626656,0.0115421813819986,FALSE,FALSE
"EGR2",0.00696236726598426,0.0527171601441724,0.803504769554073,-0.398805937698567,0.504240257986912,0.629227261441273,0.00762458422938961,0.200874839833838,1.05757968304871,0.681944421585446,0.00464200934231601,0.0300385821759368,0.936796740451228,0.0663448702573189,0.0182186388166166,FALSE,FALSE
"WNT5A",0.00700170291410203,0.0620387608753246,0.840264150237532,-0.594212579955528,0.718290101706177,0.921712316084068,0.00727713316814916,0.299137629714583,1.54428700245355,0.983751076959392,0.00486911130552419,0.0301370467411231,0.955096988886155,0.065746376395407,0.0188665140819143,FALSE,FALSE
"MECOM",0.00701823339669855,-0.615588316459304,0.0297808609749826,-1.15977181719318,-0.0714048157254273,-0.307933050279356,0.218150047912601,-0.824190848500244,0.208324747941532,-0.92352136673866,0.00211915759403956,0.0301371198799408,0.202044874644399,0.522207884745105,0.0101775331819005,FALSE,FALSE
"FANCF",0.00705149622340867,-0.19423524663519,0.0721847667410063,-0.408909466061962,0.0204389727915832,-0.172460211282755,0.0898406454861319,-0.376118057774965,0.031197635209456,-0.366695457917944,0.00202391682945133,0.0302088746660113,0.321905246973654,0.300842528462735,0.00992916186491579,FALSE,FALSE
"PPP3CC",0.00709903311726031,-0.206869705255038,0.0275735162321858,-0.386678823962496,-0.0270605865475794,-0.0971526729075073,0.238349714679812,-0.267734580662455,0.0734292348474408,-0.304022378162545,0.00217513785646048,0.0303413007939112,0.192803322313176,0.551353657598948,0.0103645602820897,FALSE,FALSE
"NSD1",0.00720098622905047,-0.0844190501167106,0.0780321703938746,-0.179886174280162,0.0110480740467405,-0.0780820658842839,0.0848262051085932,-0.168650132091065,0.0124860003224967,-0.162501116000994,0.00207480039822567,0.0307051398785446,0.335869601341559,0.289420858856438,0.0100835658968117,FALSE,FALSE
"GZMB",0.00725958835102125,-0.241861157858098,0.0493100785921225,-0.482864295627984,-0.000858020088211897,-0.167897017464581,0.135581350820045,-0.396532669044639,0.0607386341154773,-0.409758175322679,0.00209166769992568,0.0308828641972349,0.259339750520529,0.393379912951641,0.0100986601914401,FALSE,FALSE
"FANCA",0.0072787063766089,-0.0490918375027095,0.574691085327919,-0.234510230762549,0.13632655575713,0.289615897109223,0.00373187300335396,0.113712564272252,0.465519229946195,0.240524059606514,0.0115021483392736,0.0308921840402587,0.835040788792558,0.0448070278363222,0.0372188310623657,FALSE,FALSE
"RIPK3",0.00732067790507702,0.110121746454116,0.28756763688584,-0.105481328784359,0.325724821692591,0.243384823200592,0.0235443983878579,0.0388457867135221,0.447923859687661,0.353506569654708,0.00269299590908399,0.0309982301085048,0.631325724376577,0.133861428883521,0.0124109028638341,FALSE,FALSE
"COL11A1",0.00745930653828001,0.226415939667041,0.63812243985863,-0.795973369337043,1.24880524867112,1.34783008772839,0.0105107846620681,0.377906426170808,2.31775374928597,1.57424602739543,0.00409826791279809,0.0315121167415764,0.86252568408927,0.0796842949735656,0.016583900090591,FALSE,FALSE
"ATG7",0.00755964437649844,-0.169258563871932,0.0128436860460878,-0.295560121046888,-0.0429570066969759,-0.0350865567926279,0.535449742621709,-0.154906734602281,0.0847336210170252,-0.20434512066456,0.00294931296383508,0.0318622424644565,0.133941297337773,0.828132017190355,0.0131676398294594,FALSE,FALSE
"WRN",0.00770524992061445,-0.233564815041128,0.0330943393290385,-0.44498868666694,-0.0221409434153162,-0.12060908935383,0.214666198253696,-0.321183385174414,0.0799652064667539,-0.354173904394958,0.00232131286022874,0.032401108537146,0.214862129119851,0.516160489872195,0.0109467596121898,FALSE,FALSE
"IFITM2",0.0077578307792281,0.66109222451809,0.0061437660912944,0.226850761346339,1.09533368768984,-0.0104742518774164,0.95673343007449,-0.422431875309474,0.401483371554641,0.650617972640674,0.00488482221816013,0.0325472210852673,0.0974988966661938,0.98580144970765,0.0188872892969115,FALSE,FALSE
"PSMB8",0.007795282756367,0.352224622556698,0.0138134140281173,0.0858172734694175,0.618631971643978,0.0781125013852179,0.513454013641785,-0.174623701171798,0.330848703942233,0.430337123941916,0.00298139736021927,0.0326293372256187,0.139278898349801,0.816635290729985,0.0132385649206817,FALSE,FALSE
"IL1RN",0.00782805278057902,0.215620446972514,0.397947625845441,-0.320350446949662,0.751591340894689,0.638531898699156,0.0180596256792674,0.130065263393984,1.14699853400433,0.85415234567167,0.00326561229436757,0.0326915247701526,0.719776429304193,0.114037866950468,0.0142237289671141,FALSE,FALSE
"PPP3CA",0.00787102637659972,0.109025402893475,0.294662894184069,-0.107749105870428,0.325799911657379,0.242435680108771,0.0246114577552007,0.0367853242013511,0.448086036016192,0.351461083002247,0.00290748200982849,0.0327959432358322,0.636402108740741,0.136098953554111,0.0131340462077649,FALSE,FALSE
"H3C2",0.00789228966636095,0.0325981282970567,0.880986225263721,-0.431797344421546,0.49699360101566,0.646347397038029,0.0076820690261561,0.205783168379617,1.08691162569644,0.678945525335085,0.00569808036514299,0.0328096324398832,0.960102108840201,0.0663448702573189,0.0212224421762979,FALSE,FALSE
"CTSS",0.0079275190474978,0.840111486968702,0.00905465385264517,0.251162382281365,1.42906059165604,0.0775654101706764,0.767469060007005,-0.481160768848004,0.636291589189357,0.917676897139378,0.00379214892395831,0.0328811869583716,0.110133355098023,0.931951317783014,0.0156931333020951,FALSE,FALSE
"ACSF3",0.00811344609515692,-0.184640698973507,0.034846446205498,-0.353767048736699,-0.0155143492103146,-0.0965875143516208,0.214188166425978,-0.257034857632211,0.0638598289289693,-0.281228213325128,0.00244405112695518,0.0335760524346063,0.218051632231548,0.516160489872195,0.0114369059145979,FALSE,FALSE
"IL6ST",0.00818716428113231,0.300550343489451,0.206136477785068,-0.189373794459139,0.790474481438041,-0.802479490232931,0.0027116617271634,-1.26726233721655,-0.337696643249307,-0.50192914674348,0.036516527783641,0.0337526734721337,0.537204957257407,0.0363881077358324,0.0952038045787783,FALSE,FALSE
"B2M",0.00819311471131793,0.828882883735137,0.0095759322587964,0.242117660701872,1.4156481067684,0.0831931566483349,0.750313586667781,-0.473461210320209,0.639847523616878,0.912076040383472,0.00385255904698801,0.0337526734721337,0.111535267870115,0.928354098758441,0.0159070594134686,FALSE,FALSE
"CXCL11",0.00829904018723796,-0.266304787890607,0.0605848733872326,-0.546478219036317,0.0138686432551029,-0.200864939394736,0.125568187791506,-0.466660794080177,0.0649309152907045,-0.467169727285344,0.00239757768007213,0.0341120458146605,0.290535798703999,0.379895725761849,0.0112482757484104,FALSE,FALSE
"NFKBIA",0.0083910654418268,-0.0748690489090356,0.648254929503909,-0.423518951656736,0.273780853838664,-0.452149665790384,0.0115187338482327,-0.782908005394063,-0.121391326186705,-0.527018714699419,0.00461694484877035,0.0344127964749077,0.862921405065379,0.0853274412665994,0.0181593197176851,FALSE,FALSE
"H3C8",0.00848387145651294,0.120800843142695,0.416169164856627,-0.191732986374656,0.433334672660046,0.37017626910282,0.0185988949122089,0.0736806449639424,0.666671893241698,0.490977112245516,0.00359297997319168,0.034715393291785,0.732409571710072,0.115393454819041,0.015108729149942,FALSE,FALSE
"PPL",0.00856690686598505,0.38567108442504,0.157665669685804,-0.171915179505851,0.943257348355931,0.52950907674093,0.0498026050057763,0.00053630092730772,1.05848185255455,0.91518016116597,0.00267382779624698,0.0349767450345027,0.486869453767499,0.209907053430812,0.0123537613370905,FALSE,FALSE
"PPARGC1A",0.00867893616978225,-0.0346416621917709,0.818999523581756,-0.357323125174034,0.288039800790492,-0.436033025653836,0.00913136844594012,-0.742155540175614,-0.129910511132058,-0.470674687845607,0.00578008590419901,0.0353550413166353,0.943012069739246,0.0727718227678634,0.0213104177276024,FALSE,FALSE
"AREG",0.00876597189718749,0.017463875287301,0.96048008200614,-0.734585702249373,0.769513452823975,1.04816524583106,0.00761877518415641,0.334708372316075,1.76162211934605,1.06562912111836,0.00690111993901902,0.0356192473006749,0.988547709677612,0.0663448702573189,0.0245987185326361,FALSE,FALSE
"PIK3CA",0.00878282810153628,-0.0288806939403755,0.514193692099018,-0.122492751862564,0.0647313639818127,0.143894316750774,0.00414419261319298,0.0550861209038569,0.232702512597692,0.115013622810399,0.015410267120023,0.0356192473006749,0.798152321324515,0.0469760963917838,0.0471874790168489,FALSE,FALSE
"IRAK2",0.00882424511349168,0.0290122441028129,0.817163114991116,-0.238463371099311,0.296487859304936,0.360316304916519,0.00929570971569707,0.106566656138479,0.61406595369456,0.389328549019332,0.00585597115274728,0.0357078654814242,0.941491593976507,0.0737594357875963,0.0215033145950982,FALSE,FALSE
"CT45A1",0.00889854868575843,-0.594222737124191,0.00998668108936308,-1.01798421061943,-0.170461263628948,-0.054437492180164,0.773008498096623,-0.456452924442376,0.347577940082048,-0.648660229304355,0.00425809523774351,0.0359288746714804,0.114626999925079,0.931951317783014,0.0171614202477019,FALSE,FALSE
"CXCL5",0.00895833926133563,0.334104349083624,0.38463953789803,-0.472647861134624,1.14085655930187,0.930494882002778,0.0212204556796904,0.165142534503389,1.69584722950217,1.2645992310864,0.00364541426984856,0.0360904396290012,0.712924642288338,0.124341875445009,0.0152589014735634,FALSE,FALSE
"PSMB10",0.00907625366494766,0.28519431822336,0.00264194845125692,0.120639916433804,0.449748720012916,-0.150003553285137,0.0582038890418835,-0.306113565883583,0.00610645931330819,0.135190764938223,0.0836039452645646,0.0364849403932367,0.0669660544936649,0.227780355116722,0.182727185757881,FALSE,FALSE
"TCF7",0.00924516428506268,-0.128670557349612,0.15604799505303,-0.313908256350206,0.0565671416509823,-0.172145367172506,0.0541341057333839,-0.347877278383677,0.00358654403866643,-0.300815924522117,0.00287567112174137,0.0370554063248613,0.48433263770711,0.218808022792641,0.0130549746198458,FALSE,FALSE
"BMP7",0.00925877549815711,-0.0572875194091454,0.628511519356446,-0.308684724006313,0.194109685188022,0.375971300209184,0.00494229210912555,0.137474971031263,0.614467629387105,0.318683780800039,0.0130476982855685,0.0370554063248613,0.859201140693269,0.0505785899116213,0.0414122597759347,FALSE,FALSE
"STAT6",0.00928392910125062,0.279494518889095,0.00853434199637526,0.0855467632020808,0.47344227457611,0.00935986323434995,0.913578080474312,-0.174635133280302,0.193354859749002,0.288854382123445,0.0050736434565754,0.0370747715750161,0.108917301701992,0.97104251419081,0.0194117385917193,FALSE,FALSE
"TBP",0.00933819060794988,-0.194016514632573,0.0273891166444585,-0.362408174276438,-0.0256248549887081,-0.0775483336079392,0.311032874449162,-0.237298688643081,0.0822020214272023,-0.271564848240512,0.00301457101800762,0.0372100389945601,0.192803322313176,0.640671552900363,0.0133210462660143,FALSE,FALSE
"SPOP",0.00946630736809295,-0.227677161362279,0.0782629668589354,-0.485378293261816,0.0300239705372585,-0.193458944330532,0.110323409786191,-0.437935704052335,0.051017815391272,-0.421136105692811,0.00275471587870911,0.0376383680757508,0.336070387100134,0.348731770837,0.0126315489413169,FALSE,FALSE
"OAS1",0.00950935792133477,0.511018134874982,0.023731800061259,0.0808478736885614,0.941188396061403,0.176663327851444,0.364180476226697,-0.231432014254141,0.584758669957028,0.687681462726426,0.0031980735941759,0.0377273439270347,0.177462073893589,0.703311501707642,0.0139963652502902,FALSE,FALSE
"LTBR",0.00955169355720111,-0.19884405391456,0.0708145756961692,-0.417397343483168,0.0197092356540473,-0.157870411551268,0.123007118775256,-0.365208267099004,0.0494674439964677,-0.356714465465829,0.00277836043467743,0.0377727700975447,0.31753464532066,0.376657704303428,0.0126963713288637,FALSE,FALSE
"FZD4",0.00957449256543112,-0.093845901840782,0.360885778521201,-0.309095076064485,0.121403272382921,-0.241784138088905,0.024106909133854,-0.445987434594097,-0.0375808415837129,-0.335630039929687,0.0037745476410722,0.0377727700975447,0.699076723215886,0.134941001384198,0.0156557941930836,FALSE,FALSE
"CEACAM1",0.00958290003022641,0.281230643039997,0.241087038307268,-0.215617894176222,0.778079180256216,0.509816919153704,0.0362738023652222,0.0384650102358474,0.98116882807156,0.791047562193701,0.00328660751253151,0.0377727700975447,0.579688860224987,0.169742793119309,0.0142564595616098,FALSE,FALSE
"MMP9",0.00970253105931867,0.0591961915635891,0.726843217918781,-0.301465001660721,0.419857384787899,0.467167620018106,0.01159518105979,0.125014369751234,0.809320870284979,0.526363811581695,0.00576033383715638,0.0381618947915012,0.901759940653824,0.0853274412665994,0.0212805855320048,FALSE,FALSE
"MAP3K13",0.00978962367406925,-0.242080783268285,0.115066988175964,-0.552522389694534,0.068360823157965,-0.260957425683271,0.0775030230599882,-0.555468192719826,0.0335533413532829,-0.503038208951556,0.0029187861273934,0.0384216413014546,0.410150885588151,0.272529898043311,0.0131525547715875,FALSE,FALSE
"CFI",0.00983881661647096,0.905135700707976,0.00367221450865392,0.356727524424339,1.45354387699161,-0.654632634412145,0.0178807412621952,-1.17489831176677,-0.134366957057517,0.25050306629583,0.31481197928381,0.0385318461911148,0.0736460602010264,0.114037866950468,0.503963716181351,FALSE,FALSE
"GLI1",0.00989215636377564,0.103481046014462,0.328487317931399,-0.11786625231771,0.324828344346634,0.242005719495256,0.0273565754663138,0.03201723449892,0.451994204491592,0.345486765509718,0.0037495908041756,0.0386009941635692,0.673893665648457,0.145132994843089,0.0156169318732563,FALSE,FALSE
"SOD2",0.00989877548961666,0.58259805654661,0.291729511294145,-0.568421259085348,1.73361737217857,-1.80797881934768,0.00359591007966509,-2.89993161982125,-0.716026018874107,-1.22538076280107,0.0308716443603625,0.0386009941635692,0.634707294032328,0.0437502393025919,0.0834677791965355,FALSE,FALSE
"ITGA4",0.00992136186001173,0.21149132116458,0.0421661280372198,0.00881346810056327,0.414169174228598,0.11569437880038,0.214389489990626,-0.0765827152861892,0.307971472886949,0.327185699964961,0.00299419571110128,0.0386065786663569,0.241014989642592,0.516160489872195,0.0132631242057278,FALSE,FALSE
"GNA11",0.0100249892569684,-0.227365667169036,0.0879097334048127,-0.494032820821275,0.039301486483203,-0.204402559037062,0.103776379701461,-0.457385233845612,0.048580115771487,-0.431768226206098,0.00293434293508239,0.0389268199871645,0.351661086311471,0.335801228643912,0.0131676398294594,FALSE,FALSE
"FGF10",0.0100644412411366,-0.348088286142984,0.0223264129458571,-0.637404629141959,-0.0587719431440081,-0.108260657528145,0.406959616865464,-0.382730239984326,0.166208924928037,-0.456348943671128,0.00349772441057229,0.038932559146727,0.173989345918254,0.742701300779471,0.0148105499983629,FALSE,FALSE
"STMN1",0.0100691331053453,0.096560072365188,0.607168866188385,-0.301947718250412,0.495067862980788,0.494420655816678,0.0146381709887458,0.116362970716647,0.872478340916709,0.590980728181866,0.00521232994821404,0.038932559146727,0.849757040486044,0.0989431927943003,0.0197925740807385,FALSE,FALSE
"FOXO4",0.0100921078191464,-0.233188647722716,0.0943967408935719,-0.512942394780497,0.0465650993350644,-0.219084855359366,0.0972639363276484,-0.48448256276013,0.0463128520413985,-0.452273503082082,0.00296456973176638,0.038934947069535,0.364987398582137,0.317543262608155,0.0131959506353016,FALSE,FALSE
"COX5B",0.0101124191292929,-0.461231988530315,0.0170395788165389,-0.824348732885471,-0.0981152441751593,-0.102483347554917,0.529066990143601,-0.446966138167132,0.241999443057297,-0.563715336085232,0.00388485950226211,0.038934947069535,0.155486156700918,0.821742346393252,0.0160042180397931,FALSE,FALSE
"PIK3CB",0.0102343722753292,-0.221553651461515,0.0466326713373215,-0.439224502219188,-0.00388280070384261,-0.128638703597121,0.199670996104432,-0.335139404183371,0.0778619969891294,-0.350192355058636,0.00306408706458465,0.0393215355841596,0.251046092007704,0.498301175286181,0.0134745997418482,FALSE,FALSE
"HLA-E",0.0103375158586232,0.612407603694258,0.00430478102994435,0.232219729179104,0.992595478209412,-0.140163045640621,0.413724895666268,-0.500840932314472,0.22051484103323,0.472244558053637,0.0145476736007408,0.0396343832814861,0.0801655650984535,0.748431097972004,0.0450755591194432,FALSE,FALSE
"MTF1",0.0103729078690933,-0.184131479547339,0.0114297805119547,-0.318639680469861,-0.049623278624818,-0.0169778178700434,0.776849293875487,-0.144583501536062,0.110627865795975,-0.201109297417383,0.00495029682844946,0.0396867020148748,0.126141312056451,0.932029289550016,0.0190596871559499,FALSE,FALSE
"LAMA5",0.0104243966992991,0.321312770038857,0.00973328056983527,0.0932057830776364,0.549419757000077,0.0134632196015869,0.894422008587997,-0.202938069097149,0.229864508300323,0.334775989640444,0.0055634591230798,0.039800259364479,0.112425550885755,0.96302074670979,0.0208059690565997,FALSE,FALSE
"TNFSF13B",0.0104999479695084,0.254273643687033,0.0177821272264202,0.0524109243051091,0.456136363068958,0.0575207989477106,0.525175516565319,-0.133982991428979,0.2490245893244,0.311794442634744,0.00401575313478457,0.0400050209694212,0.158161065425681,0.817786107279613,0.0163223818952825,FALSE,FALSE
"SFRP2",0.0107557565843732,1.25428188298105,0.0673411880301326,-0.104662767483198,2.6132265334453,0.922505904292542,0.144950587282214,-0.366702188577984,2.21171399716307,2.17678778727359,0.00315541496054979,0.0408503364492095,0.309565914748091,0.409496628157958,0.0138428661129889,FALSE,FALSE
"CD44",0.0107665818257917,0.163708910088469,0.526824996959041,-0.383541535031412,0.71095935520835,-0.815115559435969,0.00507077665294752,-1.33428291657191,-0.295948202300028,-0.651406649347499,0.0181388436923899,0.0408503364492095,0.806590284773699,0.0514120410646069,0.054002267110296,FALSE,FALSE
"JAK3",0.0109621508118215,0.235114481014224,0.00815819818222893,0.0732146773972635,0.397014284631185,-0.00630373073493673,0.930220782554025,-0.159895370384006,0.147287908914132,0.228810750279288,0.00701013885324188,0.0414225386841508,0.108676727609984,0.976541495889616,0.0248900844497401,FALSE,FALSE
"COL27A1",0.0109723982251242,-0.000605516669080334,0.997987983956738,-0.51301447547206,0.5118034421339,-0.695231355707369,0.00891920759684879,-1.18134517669521,-0.209117534719528,-0.69583687237645,0.00887435465880976,0.0414225386841508,0.999082869292949,0.0717072857455905,0.0301595851998656,FALSE,FALSE
"PUM1",0.0109854842318515,-0.0756373931850334,0.297371369019172,-0.226913029220396,0.0756382428503289,-0.158215686817789,0.0333945244362614,-0.301728356126506,-0.0147030175090723,-0.233853080002823,0.00399397762999438,0.0414225386841508,0.639225852131907,0.16109088558831,0.0162701097650441,FALSE,FALSE
"CXXC5",0.0110403439475996,-0.0978204744432271,0.441734023459992,-0.365718803742938,0.170077854856484,-0.305712326060111,0.0223499801046088,-0.559862996642384,-0.0515616554778389,-0.403532800503338,0.00472191114162965,0.0415435622770502,0.752963662534324,0.128671021106975,0.0184087067055494,FALSE,FALSE
"PPP2R3A",0.01130248390092,-0.170484003580415,0.0929504278776468,-0.373999306920881,0.0330312997600513,-0.152895256231407,0.110084726510863,-0.345966825408191,0.0401763129453777,-0.323379259811821,0.0033306118618158,0.0424424549777344,0.362466946317747,0.348731770837,0.0144037124355778,FALSE,FALSE
"LGALS9",0.0115041571818647,0.447482596178169,0.0664179164254245,-0.0354538227847159,0.930419015141053,0.317714862404435,0.15668152853904,-0.140438852285979,0.77586857709485,0.765197458582604,0.00339426201143205,0.0431110613078091,0.307132308386342,0.430638237324922,0.014473196660896,FALSE,FALSE
"GMIP",0.0115721714378434,0.159530865789287,0.251937921698539,-0.129251057066953,0.448312788645526,0.287037567499636,0.0414680657720133,0.0130749805070099,0.561000154492263,0.446568433288923,0.00398534600001114,0.0432770755616068,0.593817368435258,0.185944029567382,0.0162701097650441,FALSE,FALSE
"ICAM3",0.0116052854144712,-0.227542024778587,0.0328911107409371,-0.433225551420673,-0.0218584981365001,-0.0934048153888507,0.317522526160512,-0.288533341798326,0.101723711020625,-0.320946840167437,0.00375662087252577,0.0433121592666868,0.214862129119851,0.646739520360419,0.0156169318732563,FALSE,FALSE
"PGM2",0.011746476424652,0.101526240882678,0.0505103909550186,-0.000265067820508127,0.203317549585864,0.0587033288807783,0.210010066474954,-0.0378643855726382,0.155271043334195,0.160229569763456,0.00354573271605394,0.0437261681765563,0.263036079391726,0.509665387389349,0.0149444854660472,FALSE,FALSE
"HLA-C",0.0117707071007607,0.449004835091359,0.0103198447465844,0.126941944029124,0.771067726153593,0.0118449002161851,0.934077608163079,-0.293690785456419,0.317380585888789,0.460849735307544,0.00650282869514125,0.0437261681765563,0.116979606599482,0.979145109073876,0.0235937621642799,FALSE,FALSE
"ADH1B",0.0117880957495154,-0.181655957969273,0.442701375287304,-0.68023504596318,0.316923130024633,-0.562060956456354,0.0236973769373434,-1.03505460999343,-0.0890673029192768,-0.743716914425627,0.00502371945419603,0.0437261681765563,0.752963662534324,0.133893848020593,0.019261109251907,FALSE,FALSE
"CASP9",0.0118329790505854,-0.167379783016586,0.106643800830889,-0.376456831580773,0.0416972655476007,-0.162125191132039,0.100233580921335,-0.36047309511058,0.036222712846501,-0.329504974148626,0.00351748407792716,0.0438036242744796,0.390142281503228,0.326071809592577,0.0148597417643914,FALSE,FALSE
"CD46",0.0122138512967022,-0.259072966512528,0.0606543229075197,-0.531723185016303,0.0135772519912473,-0.168375927691069,0.181543060876912,-0.427034636195424,0.0902827808132854,-0.427448894203597,0.00364177795051748,0.0451220214908531,0.290535798703999,0.468622469731775,0.0152589014735634,FALSE,FALSE
"FLT3",0.0122402814755782,-0.112373843716844,0.428858418022078,-0.411396393151426,0.186648705717739,-0.332282007242016,0.0253664755405956,-0.615959705631089,-0.048604308852943,-0.44465585095886,0.00512360039218863,0.0451283104907682,0.74539677418123,0.138604245094572,0.0195618634220591,FALSE,FALSE
"SNAI2",0.0125250567362671,0.64916119117707,0.0289990324743382,0.0786609230501518,1.21966145930399,0.224061262896313,0.384800911949922,-0.317162813009035,0.76528533880166,0.873222454073383,0.00425979362860766,0.0460851381929183,0.198959527314539,0.723981097225369,0.0171614202477019,FALSE,FALSE
"CCL15",0.0125665868618873,-0.422764310537109,0.0111163991780506,-0.730052737611738,-0.115475883462481,-0.0132206563141248,0.922919726822362,-0.304740054764038,0.278298742135789,-0.435984966851234,0.00684705907985512,0.0460965763744017,0.125231040123101,0.975227830542632,0.0244916410164819,FALSE,FALSE
"LAMP2",0.0125786822106587,0.0516054038114172,0.4883928170319,-0.105690385266225,0.20890119288906,-0.230532159675726,0.00561164986674006,-0.379756047627361,-0.0813082717240899,-0.178926755864308,0.0226965966329882,0.0460965763744017,0.786687459031966,0.0553581676043276,0.0646197954059336,FALSE,FALSE
"ICAM2",0.012704293331178,-0.335030629071739,0.0216702038169436,-0.611787356463191,-0.0582739016802862,-0.0809238092950347,0.514592101007936,-0.343478294194425,0.181630675604355,-0.415954438366773,0.00478900751944411,0.046459582979693,0.172687498475168,0.816635290729985,0.0185956143042245,FALSE,FALSE
"CD9",0.0127286528711488,0.0697195123194065,0.659616952740677,-0.266659600579235,0.406098625218048,0.407497005807788,0.01658149914042,0.088379759587798,0.726614252027777,0.477216518127194,0.00685076156077889,0.046459582979693,0.868305937196517,0.106930162301295,0.0244916410164819,FALSE,FALSE
"C7",0.0129187849096369,-0.138313001698852,0.811013744102548,-1.37112487707158,1.09449887367387,-1.55736883888883,0.0132940603579616,-2.72691687469327,-0.387820803084399,-1.69568184058769,0.00823650675728488,0.0470469028565748,0.94094093006176,0.0930999388192556,0.0283081446931166,FALSE,FALSE
"TNKS",0.0129411206761647,-0.148948745450021,0.128404053779729,-0.34767627979062,0.0497787888905784,-0.159211979393497,0.0906228002402472,-0.347741472085183,0.0293175132981898,-0.308160724843518,0.00391392621788317,0.0470469028565748,0.437495668669107,0.301800384011772,0.0160514951632287,FALSE,FALSE
"DTX4",0.0129846059690213,0.246246699135615,0.0269996948446174,0.0331851922558684,0.459308206015362,0.0764935228951634,0.425712395705585,-0.125634370139127,0.278621415929454,0.322740222030779,0.00455526994575792,0.0471111449174231,0.190986213532662,0.757236961172215,0.0180188594935363,FALSE,FALSE
"ANGPTL4",0.0131793464679031,-0.908013301240802,0.0497870129635206,-1.81503423217488,-0.000992370306727386,-0.491301153455455,0.237242617484315,-1.35177676161484,0.369174454703931,-1.39931445469626,0.00404687565823279,0.0477228319522285,0.261095685800072,0.550849588942589,0.0164123290583885,FALSE,FALSE
"IRF8",0.0134189143932324,0.248102563155063,0.193234897926611,-0.144067749115301,0.640272875425426,0.350999854351935,0.062257019455204,-0.021045570890214,0.723045279594083,0.599102417506997,0.0043135782645602,0.0484940965696022,0.529254788142633,0.236214263005712,0.0172259963519089,FALSE,FALSE
"PTGS2",0.0138063774732838,0.0867679339798921,0.74866647436019,-0.489852056320711,0.663387924280495,0.707733549756383,0.0154916917097176,0.160703795636151,1.25476330387661,0.794501483736275,0.00815260386713335,0.0497957290291361,0.911464703382403,0.102436004964618,0.0280726453915441,FALSE,FALSE
