"Gene","Pass_filterByExpr"
"A1BG",FALSE
"A1BG-AS1",TRUE
"A1CF",TRUE
"A2M",TRUE
"A2M-AS1",TRUE
"A2ML1",FALSE
"A3GALT2",FALSE
"A4GALT",TRUE
"A4GNT",TRUE
"AA06",FALSE
"AAAS",TRUE
"AACS",TRUE
"AADAC",TRUE
"AADACL2",FALSE
"AADACL3",FALSE
"AADACL4",FALSE
"AADAT",TRUE
"AAGAB",TRUE
"AAK1",TRUE
"AAMDC",TRUE
"AAMP",TRUE
"AANAT",FALSE
"AAR2",TRUE
"AARD",FALSE
"AARS1",TRUE
"AARS1P1",FALSE
"AARS2",TRUE
"AARSD1",TRUE
"AARSD1P1",FALSE
"AASDH",TRUE
"AASDHPPT",TRUE
"AASS",TRUE
"AATBC",TRUE
"AATF",TRUE
"AATK",TRUE
"ABAT",TRUE
"ABCA1",TRUE
"ABCA10",TRUE
"ABCA12",FALSE
"ABCA13",TRUE
"ABCA2",TRUE
"ABCA3",TRUE
"ABCA4",FALSE
"ABCA5",TRUE
"ABCA6",TRUE
"ABCA7",TRUE
"ABCA8",TRUE
"ABCA9",TRUE
"ABCA9-AS1",FALSE
"ABCB1",TRUE
"ABCB10",TRUE
"ABCB10P3",FALSE
"ABCB10P4",FALSE
"ABCB11",FALSE
"ABCB4",TRUE
"ABCB5",TRUE
"ABCB6",TRUE
"ABCB7",TRUE
"ABCB8",TRUE
"ABCB9",TRUE
"ABCC1",TRUE
"ABCC10",TRUE
"ABCC11",TRUE
"ABCC12",FALSE
"ABCC2",TRUE
"ABCC3",TRUE
"ABCC4",TRUE
"ABCC5",TRUE
"ABCC5-AS1",FALSE
"ABCC6",TRUE
"ABCC8",TRUE
"ABCC9",TRUE
"ABCD1",TRUE
"ABCD1P2",FALSE
"ABCD2",FALSE
"ABCD3",TRUE
"ABCD4",TRUE
"ABCE1",TRUE
"ABCE1P1",FALSE
"ABCF1",TRUE
"ABCF2",TRUE
"ABCF2P1",FALSE
"ABCF2P2",FALSE
"ABCF3",TRUE
"ABCG1",TRUE
"ABCG2",TRUE
"ABCG4",FALSE
"ABCG5",FALSE
"ABCG8",FALSE
"ABHD1",TRUE
"ABHD10",TRUE
"ABHD11",TRUE
"ABHD12",TRUE
"ABHD12B",FALSE
"ABHD13",TRUE
"ABHD14A",TRUE
"ABHD14A-ACY1",FALSE
"ABHD14B",TRUE
"ABHD15",TRUE
"ABHD16A",TRUE
"ABHD16B",FALSE
"ABHD17A",TRUE
"ABHD17B",TRUE
"ABHD17C",TRUE
"ABHD18",TRUE
"ABHD2",TRUE
"ABHD3",TRUE
"ABHD4",TRUE
"ABHD5",TRUE
"ABHD6",TRUE
"ABHD8",TRUE
"ABI1",TRUE
"ABI2",TRUE
"ABI3",TRUE
"ABI3BP",TRUE
"ABITRAM",TRUE
"ABL1",TRUE
"ABL2",TRUE
"ABLIM1",TRUE
"ABLIM2",TRUE
"ABLIM3",TRUE
"ABO",TRUE
"ABR",TRUE
"ABRA",FALSE
"ABRACL",TRUE
"ABRAXAS1",TRUE
"ABRAXAS1P1",FALSE
"ABRAXAS2",TRUE
"ABT1",TRUE
"ABTB1",TRUE
"ABTB2",TRUE
"ABTB3",TRUE
"ACAA1",TRUE
"ACAA2",TRUE
"ACAA2P1",TRUE
"ACACA",TRUE
"ACACB",TRUE
"ACAD10",TRUE
"ACAD11",FALSE
"ACAD8",TRUE
"ACAD9",TRUE
"ACADL",TRUE
"ACADM",TRUE
"ACADS",TRUE
"ACADSB",TRUE
"ACADVL",TRUE
"ACAN",FALSE
"ACAP1",TRUE
"ACAP2",TRUE
"ACAP3",TRUE
"ACAT1",TRUE
"ACAT2",TRUE
"ACBD3",TRUE
"ACBD4",TRUE
"ACBD5",TRUE
"ACBD7",TRUE
"ACCS",TRUE
"ACCSL",FALSE
"ACD",TRUE
"ACE",TRUE
"ACE2",TRUE
"ACE2-DT",FALSE
"ACE3P",FALSE
"ACER1",FALSE
"ACER2",TRUE
"ACER3",TRUE
"ACHE",TRUE
"ACIN1",TRUE
"ACKR1",TRUE
"ACKR2",TRUE
"ACKR3",TRUE
"ACKR4",TRUE
"ACKR5",FALSE
"ACLY",TRUE
"ACMSD",TRUE
"ACNATP",FALSE
"ACO1",TRUE
"ACO2",TRUE
"ACO2P1",FALSE
"ACOD1",FALSE
"ACOT1",TRUE
"ACOT11",TRUE
"ACOT12",FALSE
"ACOT13",TRUE
"ACOT2",TRUE
"ACOT4",TRUE
"ACOT6",FALSE
"ACOT7",TRUE
"ACOT8",TRUE
"ACOT9",TRUE
"ACOX1",TRUE
"ACOX2",TRUE
"ACOX3",TRUE
"ACOXL",TRUE
"ACOXL-AS1",FALSE
"ACP1",TRUE
"ACP2",TRUE
"ACP3",TRUE
"ACP4",FALSE
"ACP5",TRUE
"ACP6",TRUE
"ACP7",FALSE
"ACR",FALSE
"ACRBP",TRUE
"ACRP1",FALSE
"ACRV1",FALSE
"ACSBG1",FALSE
"ACSBG2",FALSE
"ACSF2",TRUE
"ACSF3",TRUE
"ACSL1",TRUE
"ACSL3",TRUE
"ACSL4",TRUE
"ACSL5",TRUE
"ACSL6",TRUE
"ACSL6-AS1",FALSE
"ACSM1",TRUE
"ACSM2A",FALSE
"ACSM2B",TRUE
"ACSM3",TRUE
"ACSM4",FALSE
"ACSM5",TRUE
"ACSM6",TRUE
"ACSS1",TRUE
"ACSS2",TRUE
"ACSS3",TRUE
"ACTA1",FALSE
"ACTA2",TRUE
"ACTA2-AS1",FALSE
"ACTB",TRUE
"ACTBL2",TRUE
"ACTBP1",FALSE
"ACTBP12",FALSE
"ACTBP14",FALSE
"ACTC1",FALSE
"ACTG1",TRUE
"ACTG1P12",FALSE
"ACTG1P14",TRUE
"ACTG1P15",FALSE
"ACTG1P16",FALSE
"ACTG1P19",FALSE
"ACTG1P21",FALSE
"ACTG1P22",FALSE
"ACTG1P23",FALSE
"ACTG1P24",FALSE
"ACTG2",FALSE
"ACTL11P",FALSE
"ACTL6A",TRUE
"ACTL6B",FALSE
"ACTL7A",FALSE
"ACTL7B",FALSE
"ACTL8",FALSE
"ACTL9",FALSE
"ACTMAP",TRUE
"ACTN1",TRUE
"ACTN1-DT",FALSE
"ACTN2",TRUE
"ACTN3",FALSE
"ACTN4",TRUE
"ACTN4P1",FALSE
"ACTP1",FALSE
"ACTR10",TRUE
"ACTR1A",TRUE
"ACTR1AP1",FALSE
"ACTR1B",TRUE
"ACTR2",TRUE
"ACTR3",TRUE
"ACTR3-AS1",FALSE
"ACTR3B",TRUE
"ACTR3BP2",FALSE
"ACTR3C",TRUE
"ACTR3P2",FALSE
"ACTR5",TRUE
"ACTR6",TRUE
"ACTR6P1",FALSE
"ACTR8",TRUE
"ACTRT1",FALSE
"ACTRT2",FALSE
"ACTRT3",TRUE
"ACVR1",TRUE
"ACVR1B",TRUE
"ACVR1C",TRUE
"ACVR2A",TRUE
"ACVR2B",TRUE
"ACVR2B-AS1",TRUE
"ACVRL1",TRUE
"ACY1",TRUE
"ACY3",TRUE
"ACYP1",TRUE
"ACYP2",TRUE
"ADA",TRUE
"ADA2",TRUE
"ADAD1",FALSE
"ADAD1P2",FALSE
"ADAD2",FALSE
"ADAD2-AS1",FALSE
"ADAM10",TRUE
"ADAM11",TRUE
"ADAM12",TRUE
"ADAM15",TRUE
"ADAM17",TRUE
"ADAM18",FALSE
"ADAM19",TRUE
"ADAM1B",FALSE
"ADAM2",FALSE
"ADAM20",FALSE
"ADAM20P3",FALSE
"ADAM21",FALSE
"ADAM22",TRUE
"ADAM23",TRUE
"ADAM24P",FALSE
"ADAM28",TRUE
"ADAM29",FALSE
"ADAM30",FALSE
"ADAM32",TRUE
"ADAM33",TRUE
"ADAM3B",FALSE
"ADAM5",FALSE
"ADAM7",FALSE
"ADAM7-AS2",FALSE
"ADAM8",TRUE
"ADAM9",TRUE
"ADAMDEC1",TRUE
"ADAMTS1",TRUE
"ADAMTS10",TRUE
"ADAMTS12",TRUE
"ADAMTS13",TRUE
"ADAMTS14",TRUE
"ADAMTS15",TRUE
"ADAMTS16",TRUE
"ADAMTS16-AS1",FALSE
"ADAMTS16-DT",TRUE
"ADAMTS17",TRUE
"ADAMTS18",FALSE
"ADAMTS19",FALSE
"ADAMTS2",TRUE
"ADAMTS20",FALSE
"ADAMTS3",TRUE
"ADAMTS4",TRUE
"ADAMTS5",TRUE
"ADAMTS6",TRUE
"ADAMTS7",TRUE
"ADAMTS7P1",FALSE
"ADAMTS7P3",FALSE
"ADAMTS7P4",FALSE
"ADAMTS8",TRUE
"ADAMTS9",TRUE
"ADAMTS9-AS1",TRUE
"ADAMTS9-AS2",TRUE
"ADAMTSL1",TRUE
"ADAMTSL2",TRUE
"ADAMTSL3",TRUE
"ADAMTSL4",TRUE
"ADAMTSL4-AS2",TRUE
"ADAMTSL5",TRUE
"ADAP1",TRUE
"ADAP2",TRUE
"ADAR",TRUE
"ADARB1",TRUE
"ADARB2",TRUE
"ADARB2-AS1",FALSE
"ADAT1",TRUE
"ADAT2",TRUE
"ADAT3",TRUE
"ADCK1",TRUE
"ADCK2",TRUE
"ADCK5",TRUE
"ADCY1",TRUE
"ADCY10",TRUE
"ADCY2",TRUE
"ADCY3",TRUE
"ADCY4",TRUE
"ADCY5",TRUE
"ADCY6",TRUE
"ADCY6-DT",TRUE
"ADCY7",TRUE
"ADCY8",FALSE
"ADCY9",TRUE
"ADCYAP1",TRUE
"ADCYAP1R1",TRUE
"ADD1",TRUE
"ADD2",TRUE
"ADD3",TRUE
"ADD3-AS1",TRUE
"ADGB",FALSE
"ADGB-DT",FALSE
"ADGRA1",FALSE
"ADGRA2",TRUE
"ADGRA3",TRUE
"ADGRA3P1",TRUE
"ADGRB1",TRUE
"ADGRB2",TRUE
"ADGRB3",FALSE
"ADGRD1",TRUE
"ADGRD2",FALSE
"ADGRE1",FALSE
"ADGRE2",TRUE
"ADGRE3",FALSE
"ADGRE5",TRUE
"ADGRF1",TRUE
"ADGRF3",TRUE
"ADGRF4",TRUE
"ADGRF5",TRUE
"ADGRF5P1",FALSE
"ADGRG1",TRUE
"ADGRG2",TRUE
"ADGRG3",FALSE
"ADGRG4",FALSE
"ADGRG5",TRUE
"ADGRG6",TRUE
"ADGRG7",FALSE
"ADGRL1",TRUE
"ADGRL1-AS1",TRUE
"ADGRL2",TRUE
"ADGRL3",FALSE
"ADGRL4",TRUE
"ADGRV1",TRUE
"ADH1A",TRUE
"ADH1B",TRUE
"ADH1C",TRUE
"ADH4",FALSE
"ADH5",TRUE
"ADH5P2",FALSE
"ADH5P3",FALSE
"ADH5P5",FALSE
"ADH6",TRUE
"ADH7",FALSE
"ADHFE1",TRUE
"ADI1",TRUE
"ADI1P3",FALSE
"ADIG",FALSE
"ADIPOQ",FALSE
"ADIPOQ-AS1",FALSE
"ADIPOR1",TRUE
"ADIPOR2",TRUE
"ADIRF",FALSE
"ADISSP",TRUE
"ADK",TRUE
"ADM",TRUE
"ADM2",TRUE
"ADM5",TRUE
"ADNP",TRUE
"ADNP-AS1",TRUE
"ADNP2",TRUE
"ADO",TRUE
"ADORA1",TRUE
"ADORA2A",FALSE
"ADORA2A-AS1",FALSE
"ADORA2B",TRUE
"ADORA3",FALSE
"ADPGK",TRUE
"ADPGK-AS1",FALSE
"ADPRH",TRUE
"ADPRHL1",TRUE
"ADPRM",TRUE
"ADPRS",TRUE
"ADRA1A",FALSE
"ADRA1B",FALSE
"ADRA1D",TRUE
"ADRA2A",TRUE
"ADRA2B",TRUE
"ADRA2C",TRUE
"ADRB1",TRUE
"ADRB2",TRUE
"ADRB3",FALSE
"ADRM1",TRUE
"ADSL",TRUE
"ADSS1",TRUE
"ADSS2",TRUE
"ADTRP",TRUE
"AEBP1",TRUE
"AEBP2",TRUE
"AEN",TRUE
"AFAP1",TRUE
"AFAP1-AS1",TRUE
"AFAP1L1",TRUE
"AFAP1L2",TRUE
"AFDN",TRUE
"AFF1",TRUE
"AFF2",TRUE
"AFF3",TRUE
"AFF4",TRUE
"AFF4-DT",FALSE
"AFG1L",TRUE
"AFG2A",TRUE
"AFG2B",TRUE
"AFG3L2",TRUE
"AFM",TRUE
"AFMID",TRUE
"AFP",FALSE
"AFTPH",TRUE
"AGA",TRUE
"AGA-DT",TRUE
"AGAP1",TRUE
"AGAP1-IT1",TRUE
"AGAP11",FALSE
"AGAP2",TRUE
"AGAP2-AS1",TRUE
"AGAP3",TRUE
"AGAP4",TRUE
"AGAP5",TRUE
"AGAP6",TRUE
"AGAP7P",TRUE
"AGAP9",TRUE
"AGBL1",FALSE
"AGBL1-AS1",FALSE
"AGBL2",TRUE
"AGBL3",TRUE
"AGBL4",TRUE
"AGBL4-AS1",FALSE
"AGBL4-IT1",FALSE
"AGBL5",TRUE
"AGBL5-AS1",FALSE
"AGER",TRUE
"AGFG1",TRUE
"AGFG2",TRUE
"AGGF1",TRUE
"AGGF1P4",FALSE
"AGGF1P6",FALSE
"AGGF1P7",FALSE
"AGGF1P8",FALSE
"AGGF1P9",FALSE
"AGK",TRUE
"AGK-DT",FALSE
"AGKP1",FALSE
"AGKP2",FALSE
"AGL",TRUE
"AGMAT",TRUE
"AGMO",FALSE
"AGO1",TRUE
"AGO2",TRUE
"AGO3",TRUE
"AGO4",TRUE
"AGPAT1",TRUE
"AGPAT2",TRUE
"AGPAT3",TRUE
"AGPAT4",TRUE
"AGPAT5",TRUE
"AGPAT5P1",FALSE
"AGPS",TRUE
"AGR2",TRUE
"AGR3",TRUE
"AGRN",TRUE
"AGRP",FALSE
"AGT",TRUE
"AGTPBP1",TRUE
"AGTR1",TRUE
"AGTR2",FALSE
"AGTRAP",TRUE
"AGXT",FALSE
"AGXT2",FALSE
"AHCTF1",TRUE
"AHCY",TRUE
"AHCYL1",TRUE
"AHCYL2",TRUE
"AHCYP2",FALSE
"AHCYP3",FALSE
"AHCYP4",FALSE
"AHCYP5",FALSE
"AHCYP7",FALSE
"AHDC1",TRUE
"AHI1",TRUE
"AHI1-DT",TRUE
"AHNAK",TRUE
"AHNAK2",TRUE
"AHR",TRUE
"AHRR",TRUE
"AHSA1",TRUE
"AHSG",FALSE
"AHSP",FALSE
"AICDA",FALSE
"AIDA",TRUE
"AIDAP2",TRUE
"AIF1",TRUE
"AIF1L",TRUE
"AIFM1",TRUE
"AIFM1P1",FALSE
"AIFM2",TRUE
"AIFM3",TRUE
"AIG1",TRUE
"AIG1P1",FALSE
"AIM2",FALSE
"AIMP1",TRUE
"AIMP1P1",FALSE
"AIMP2",TRUE
"AIP",TRUE
"AIPL1",FALSE
"AIRE",FALSE
"AIRIM",TRUE
"AIRN",FALSE
"AJAP1",TRUE
"AJM1",TRUE
"AJUBA",TRUE
"AK1",TRUE
"AK2",TRUE
"AK2P1",TRUE
"AK3",TRUE
"AK3P3",FALSE
"AK3P4",FALSE
"AK3P7",FALSE
"AK4",TRUE
"AK4P5",FALSE
"AK5",TRUE
"AK6",TRUE
"AK6P1",FALSE
"AK6P2",FALSE
"AK7",TRUE
"AK8",TRUE
"AK9",TRUE
"AKAIN1",FALSE
"AKAP1",TRUE
"AKAP1-DT",TRUE
"AKAP10",TRUE
"AKAP11",TRUE
"AKAP12",TRUE
"AKAP13",TRUE
"AKAP14",FALSE
"AKAP17A",TRUE
"AKAP19",TRUE
"AKAP3",TRUE
"AKAP4",FALSE
"AKAP5",TRUE
"AKAP6",TRUE
"AKAP7",TRUE
"AKAP8",TRUE
"AKAP8L",TRUE
"AKAP8P1",FALSE
"AKAP9",TRUE
"AKIP1",TRUE
"AKIRIN1",TRUE
"AKIRIN1P1",FALSE
"AKIRIN2",TRUE
"AKNA",TRUE
"AKNAD1",FALSE
"AKR1A1",TRUE
"AKR1B1",TRUE
"AKR1B10",TRUE
"AKR1B10P2",FALSE
"AKR1B15",TRUE
"AKR1B1P1",FALSE
"AKR1C1",TRUE
"AKR1C2",TRUE
"AKR1C3",TRUE
"AKR1C4",FALSE
"AKR1C7P",FALSE
"AKR1C8",FALSE
"AKR1D1",FALSE
"AKR1E2",TRUE
"AKR7A2",TRUE
"AKR7A3",TRUE
"AKR7L",TRUE
"AKT1",TRUE
"AKT1S1",TRUE
"AKT2",TRUE
"AKT3",TRUE
"AKT3-IT1",FALSE
"AKTIP",TRUE
"ALAD",TRUE
"ALAS1",TRUE
"ALAS2",FALSE
"ALB",TRUE
"ALCAM",TRUE
"ALDH16A1",TRUE
"ALDH18A1",TRUE
"ALDH1A1",TRUE
"ALDH1A2",TRUE
"ALDH1A3",TRUE
"ALDH1A3-AS1",TRUE
"ALDH1B1",TRUE
"ALDH1L1",TRUE
"ALDH1L1-AS1",FALSE
"ALDH1L1-AS2",TRUE
"ALDH1L2",TRUE
"ALDH2",TRUE
"ALDH3A1",TRUE
"ALDH3A2",TRUE
"ALDH3B1",TRUE
"ALDH3B2",TRUE
"ALDH4A1",TRUE
"ALDH5A1",TRUE
"ALDH6A1",TRUE
"ALDH7A1",TRUE
"ALDH7A1P1",FALSE
"ALDH7A1P2",FALSE
"ALDH8A1",TRUE
"ALDH9A1",TRUE
"ALDOA",TRUE
"ALDOB",TRUE
"ALDOC",TRUE
"ALG1",TRUE
"ALG10",TRUE
"ALG10B",TRUE
"ALG11",TRUE
"ALG12",TRUE
"ALG13",TRUE
"ALG14",TRUE
"ALG1L10P",TRUE
"ALG1L11P",FALSE
"ALG1L2",TRUE
"ALG1L3P",FALSE
"ALG1L5P",FALSE
"ALG1L8P",FALSE
"ALG2",TRUE
"ALG3",TRUE
"ALG3P1",FALSE
"ALG5",TRUE
"ALG6",TRUE
"ALG8",TRUE
"ALG9",TRUE
"ALK",FALSE
"ALKAL1",TRUE
"ALKAL2",TRUE
"ALKBH1",TRUE
"ALKBH2",TRUE
"ALKBH3",TRUE
"ALKBH3-AS1",TRUE
"ALKBH4",TRUE
"ALKBH5",TRUE
"ALKBH6",TRUE
"ALKBH7",TRUE
"ALKBH8",TRUE
"ALLC",FALSE
"ALMS1",TRUE
"ALMS1-IT1",TRUE
"ALOX12",TRUE
"ALOX12B",FALSE
"ALOX15",FALSE
"ALOX15B",TRUE
"ALOX15P2",FALSE
"ALOX5",TRUE
"ALOX5AP",TRUE
"ALOXE3",TRUE
"ALPG",FALSE
"ALPI",FALSE
"ALPK1",TRUE
"ALPK2",TRUE
"ALPK2-AS1",FALSE
"ALPK3",TRUE
"ALPL",TRUE
"ALPP",FALSE
"ALS2",TRUE
"ALS2CL",TRUE
"ALX1",FALSE
"ALX3",FALSE
"ALX4",FALSE
"ALYREF",TRUE
"AMACR",TRUE
"AMANZI",FALSE
"AMBN",FALSE
"AMBP",TRUE
"AMBRA1",TRUE
"AMD1",TRUE
"AMD1P1",FALSE
"AMDHD1",TRUE
"AMDHD2",TRUE
"AMELX",FALSE
"AMELY",FALSE
"AMER1",TRUE
"AMER2",FALSE
"AMER3",TRUE
"AMFR",TRUE
"AMH",TRUE
"AMHR2",TRUE
"AMIGO1",TRUE
"AMIGO2",TRUE
"AMIGO3",FALSE
"AMMECR1",TRUE
"AMMECR1L",TRUE
"AMMECR1LP1",FALSE
"AMN",TRUE
"AMN1",TRUE
"AMN1-AS1",TRUE
"AMOT",TRUE
"AMOTL1",TRUE
"AMOTL2",TRUE
"AMPD1",FALSE
"AMPD2",TRUE
"AMPD3",TRUE
"AMPH",TRUE
"AMT",TRUE
"AMTN",FALSE
"AMY2A",TRUE
"AMY2B",TRUE
"AMYP1",TRUE
"AMZ1",TRUE
"AMZ2",TRUE
"AMZ2P2",FALSE
"ANAPC1",TRUE
"ANAPC10",TRUE
"ANAPC11",TRUE
"ANAPC13",TRUE
"ANAPC15",TRUE
"ANAPC15P2",FALSE
"ANAPC16",TRUE
"ANAPC1P3",FALSE
"ANAPC1P4",TRUE
"ANAPC1P5",FALSE
"ANAPC2",TRUE
"ANAPC4",TRUE
"ANAPC5",TRUE
"ANAPC7",TRUE
"ANG",TRUE
"ANGEL1",TRUE
"ANGEL2",TRUE
"ANGPT1",TRUE
"ANGPT2",TRUE
"ANGPT4",FALSE
"ANGPTL1",TRUE
"ANGPTL2",TRUE
"ANGPTL3",TRUE
"ANGPTL4",TRUE
"ANGPTL5",FALSE
"ANGPTL6",TRUE
"ANGPTL7",FALSE
"ANGPTL8",FALSE
"ANHX",FALSE
"ANK1",TRUE
"ANK2",TRUE
"ANK2-AS1",FALSE
"ANK3",TRUE
"ANKAR",TRUE
"ANKDD1A",TRUE
"ANKDD1B",TRUE
"ANKEF1",TRUE
"ANKFN1",FALSE
"ANKFY1",TRUE
"ANKH",TRUE
"ANKHD1",TRUE
"ANKHD1-DT",TRUE
"ANKHD1-EIF4EBP3",TRUE
"ANKIB1",TRUE
"ANKK1",FALSE
"ANKLE1",TRUE
"ANKLE2",TRUE
"ANKMY1",TRUE
"ANKMY2",TRUE
"ANKRA2",TRUE
"ANKRD1",TRUE
"ANKRD10",TRUE
"ANKRD11",TRUE
"ANKRD11P1",FALSE
"ANKRD12",TRUE
"ANKRD13A",TRUE
"ANKRD13B",TRUE
"ANKRD13C",TRUE
"ANKRD13C-DT",TRUE
"ANKRD13D",TRUE
"ANKRD16",TRUE
"ANKRD17",TRUE
"ANKRD17-DT",TRUE
"ANKRD18B",FALSE
"ANKRD18DP",FALSE
"ANKRD18EP",TRUE
"ANKRD18FP",FALSE
"ANKRD2",TRUE
"ANKRD20A17P",FALSE
"ANKRD20A18P",FALSE
"ANKRD20A8P",FALSE
"ANKRD22",TRUE
"ANKRD23",TRUE
"ANKRD24",TRUE
"ANKRD26",TRUE
"ANKRD26P4",FALSE
"ANKRD27",TRUE
"ANKRD28",TRUE
"ANKRD29",TRUE
"ANKRD30A",FALSE
"ANKRD30B",TRUE
"ANKRD30BL",FALSE
"ANKRD30BP1",FALSE
"ANKRD31",TRUE
"ANKRD33",FALSE
"ANKRD33B",TRUE
"ANKRD33BP1",TRUE
"ANKRD33BP8",FALSE
"ANKRD33BP9",FALSE
"ANKRD34A",TRUE
"ANKRD34B",FALSE
"ANKRD34C",FALSE
"ANKRD34C-AS1",FALSE
"ANKRD35",TRUE
"ANKRD35-DT",FALSE
"ANKRD36",TRUE
"ANKRD36B",TRUE
"ANKRD36C",TRUE
"ANKRD37",TRUE
"ANKRD39",TRUE
"ANKRD40",TRUE
"ANKRD40CL",FALSE
"ANKRD42",TRUE
"ANKRD42-DT",TRUE
"ANKRD44",TRUE
"ANKRD44-AS1",FALSE
"ANKRD44-IT1",FALSE
"ANKRD45",TRUE
"ANKRD46",TRUE
"ANKRD49",TRUE
"ANKRD49P2",FALSE
"ANKRD50",TRUE
"ANKRD52",TRUE
"ANKRD53",TRUE
"ANKRD54",TRUE
"ANKRD55",FALSE
"ANKRD55-AS1",FALSE
"ANKRD6",TRUE
"ANKRD60",FALSE
"ANKRD61",TRUE
"ANKRD62",TRUE
"ANKRD62P1",FALSE
"ANKRD63",FALSE
"ANKRD65",TRUE
"ANKRD66",FALSE
"ANKRD7",TRUE
"ANKRD9",TRUE
"ANKS1A",TRUE
"ANKS1B",TRUE
"ANKS3",TRUE
"ANKS4B",TRUE
"ANKS6",TRUE
"ANKUB1",FALSE
"ANKZF1",TRUE
"ANLN",TRUE
"ANO1",TRUE
"ANO10",TRUE
"ANO2",FALSE
"ANO3",TRUE
"ANO4",TRUE
"ANO6",TRUE
"ANO7",TRUE
"ANO8",TRUE
"ANO9",TRUE
"ANOS1",TRUE
"ANP32A",TRUE
"ANP32AP1",TRUE
"ANP32B",TRUE
"ANP32D",FALSE
"ANP32E",TRUE
"ANPEP",TRUE
"ANTKMT",TRUE
"ANTXR1",TRUE
"ANTXR2",TRUE
"ANTXRL",FALSE
"ANXA1",TRUE
"ANXA10",TRUE
"ANXA11",TRUE
"ANXA13",TRUE
"ANXA2",TRUE
"ANXA2R",TRUE
"ANXA2R-AS1",TRUE
"ANXA3",TRUE
"ANXA4",TRUE
"ANXA5",TRUE
"ANXA6",TRUE
"ANXA7",TRUE
"ANXA8",TRUE
"ANXA8L1",TRUE
"ANXA9",TRUE
"AOAH",TRUE
"AOAH-IT1",FALSE
"AOC1",TRUE
"AOC2",TRUE
"AOC3",TRUE
"AOPEP",TRUE
"AOX1",TRUE
"AOX2P",FALSE
"AP1AR",TRUE
"AP1B1",TRUE
"AP1B1P2",FALSE
"AP1G1",TRUE
"AP1G2",TRUE
"AP1G2-AS1",TRUE
"AP1M1",TRUE
"AP1M2",TRUE
"AP1M2P1",FALSE
"AP1S1",TRUE
"AP1S2",TRUE
"AP1S3",TRUE
"AP2A1",TRUE
"AP2A2",TRUE
"AP2B1",TRUE
"AP2B1P1",FALSE
"AP2M1",TRUE
"AP2S1",TRUE
"AP3B1",TRUE
"AP3B2",TRUE
"AP3D1",TRUE
"AP3M1",TRUE
"AP3M2",TRUE
"AP3S1",TRUE
"AP3S1P1",FALSE
"AP3S2",TRUE
"AP4B1",TRUE
"AP4B1-AS1",TRUE
"AP4E1",TRUE
"AP4M1",TRUE
"AP4S1",TRUE
"AP5B1",TRUE
"AP5M1",TRUE
"AP5S1",TRUE
"AP5Z1",TRUE
"APAF1",TRUE
"APBA1",TRUE
"APBA2",TRUE
"APBA3",TRUE
"APBB1",TRUE
"APBB1IP",TRUE
"APBB2",TRUE
"APBB3",TRUE
"APC",TRUE
"APC2",TRUE
"APCDD1",TRUE
"APCDD1L",TRUE
"APCDD1L-DT",TRUE
"APCS",TRUE
"APEH",TRUE
"APELA",FALSE
"APEX1",TRUE
"APEX2",TRUE
"APH1A",TRUE
"APH1B",TRUE
"API5",TRUE
"APIP",TRUE
"APLF",TRUE
"APLN",TRUE
"APLNR",TRUE
"APLP1",TRUE
"APLP2",TRUE
"APMAP",TRUE
"APOA1",FALSE
"APOA2",FALSE
"APOA4",FALSE
"APOA5",FALSE
"APOB",TRUE
"APOBEC1",FALSE
"APOBEC2",TRUE
"APOBEC3AP1",FALSE
"APOBEC3B",TRUE
"APOBEC3B-AS1",FALSE
"APOBEC3C",TRUE
"APOBEC3D",TRUE
"APOBEC3F",TRUE
"APOBEC3G",TRUE
"APOBEC3H",FALSE
"APOBEC4",FALSE
"APOBR",TRUE
"APOC1",TRUE
"APOC2",FALSE
"APOC3",FALSE
"APOC4",FALSE
"APOD",TRUE
"APOE",TRUE
"APOF",FALSE
"APOH",TRUE
"APOL1",TRUE
"APOL2",TRUE
"APOL3",TRUE
"APOL4",TRUE
"APOL5",FALSE
"APOL6",TRUE
"APOLD1",TRUE
"APOLTP",TRUE
"APOM",TRUE
"APOO",TRUE
"APOOL",TRUE
"APOOP2",FALSE
"APP",TRUE
"APP-DT",TRUE
"APPBP2",TRUE
"APPL1",TRUE
"APPL2",TRUE
"APRG1",TRUE
"APRT",TRUE
"APTR",TRUE
"APTX",TRUE
"AQP1",TRUE
"AQP10",FALSE
"AQP11",TRUE
"AQP12A",TRUE
"AQP2",TRUE
"AQP3",TRUE
"AQP4",TRUE
"AQP4-AS1",TRUE
"AQP5",TRUE
"AQP5-AS1",TRUE
"AQP6",FALSE
"AQP7",TRUE
"AQP7B",FALSE
"AQP7P2",FALSE
"AQP7P5",FALSE
"AQP8",TRUE
"AQP9",TRUE
"AQR",TRUE
"AR",TRUE
"ARAF",TRUE
"ARAP1",TRUE
"ARAP1-AS2",FALSE
"ARAP2",TRUE
"ARAP2-AS1",FALSE
"ARAP3",TRUE
"ARB2A",TRUE
"ARC",TRUE
"ARCN1",TRUE
"AREG",TRUE
"AREL1",TRUE
"ARF1",TRUE
"ARF3",TRUE
"ARF4",TRUE
"ARF5",TRUE
"ARF6",TRUE
"ARFGAP1",TRUE
"ARFGAP2",TRUE
"ARFGAP3",TRUE
"ARFGEF1",TRUE
"ARFGEF1-DT",TRUE
"ARFGEF2",TRUE
"ARFGEF3",TRUE
"ARFIP1",TRUE
"ARFIP2",TRUE
"ARFRP1",TRUE
"ARG1",FALSE
"ARG2",TRUE
"ARGFX",FALSE
"ARGLU1",TRUE
"ARHGAP1",TRUE
"ARHGAP10",TRUE
"ARHGAP11A",TRUE
"ARHGAP11B-DT",FALSE
"ARHGAP12",TRUE
"ARHGAP15",TRUE
"ARHGAP17",TRUE
"ARHGAP18",TRUE
"ARHGAP19",TRUE
"ARHGAP19-SLIT1",FALSE
"ARHGAP20",TRUE
"ARHGAP21",TRUE
"ARHGAP22",TRUE
"ARHGAP23",TRUE
"ARHGAP23P1",FALSE
"ARHGAP24",TRUE
"ARHGAP25",TRUE
"ARHGAP26",TRUE
"ARHGAP26-AS1",FALSE
"ARHGAP27",TRUE
"ARHGAP27P1-BPTFP1-KPNA2P3",TRUE
"ARHGAP28",TRUE
"ARHGAP29-AS1",FALSE
"ARHGAP30",TRUE
"ARHGAP31",TRUE
"ARHGAP31-AS1",TRUE
"ARHGAP32",TRUE
"ARHGAP33",TRUE
"ARHGAP35",TRUE
"ARHGAP36",FALSE
"ARHGAP39",TRUE
"ARHGAP4",TRUE
"ARHGAP40",TRUE
"ARHGAP42",TRUE
"ARHGAP42-AS1",TRUE
"ARHGAP44",TRUE
"ARHGAP44-AS1",FALSE
"ARHGAP45",TRUE
"ARHGAP5",TRUE
"ARHGAP6",TRUE
"ARHGAP8",TRUE
"ARHGAP9",TRUE
"ARHGDIA",TRUE
"ARHGDIB",TRUE
"ARHGDIG",TRUE
"ARHGEF1",TRUE
"ARHGEF10",TRUE
"ARHGEF10L",TRUE
"ARHGEF11",TRUE
"ARHGEF12",TRUE
"ARHGEF15",TRUE
"ARHGEF16",TRUE
"ARHGEF17",TRUE
"ARHGEF17-AS1",TRUE
"ARHGEF18",TRUE
"ARHGEF19",TRUE
"ARHGEF2",TRUE
"ARHGEF2-AS1",FALSE
"ARHGEF2-AS2",FALSE
"ARHGEF25",TRUE
"ARHGEF26",TRUE
"ARHGEF26-AS1",FALSE
"ARHGEF28",TRUE
"ARHGEF28P1",FALSE
"ARHGEF3",TRUE
"ARHGEF3-AS1",FALSE
"ARHGEF33",TRUE
"ARHGEF35",TRUE
"ARHGEF37",TRUE
"ARHGEF38",TRUE
"ARHGEF38-IT1",FALSE
"ARHGEF39",TRUE
"ARHGEF4",TRUE
"ARHGEF4-AS1",TRUE
"ARHGEF40",TRUE
"ARHGEF5",TRUE
"ARHGEF6",TRUE
"ARHGEF7",TRUE
"ARHGEF7-AS2",FALSE
"ARHGEF9",TRUE
"ARHGEF9-IT1",FALSE
"ARID1A",TRUE
"ARID1B",TRUE
"ARID2",TRUE
"ARID3A",TRUE
"ARID3B",TRUE
"ARID3C",FALSE
"ARID4A",TRUE
"ARID4B",TRUE
"ARID5A",TRUE
"ARID5B",TRUE
"ARIH1",TRUE
"ARIH2",TRUE
"ARIH2OS",TRUE
"ARK2C",TRUE
"ARK2N",TRUE
"ARL1",TRUE
"ARL10",TRUE
"ARL11",TRUE
"ARL13A",FALSE
"ARL13B",TRUE
"ARL14",TRUE
"ARL14EP",TRUE
"ARL14EP-DT",FALSE
"ARL14EPL",FALSE
"ARL14EPP1",FALSE
"ARL15",TRUE
"ARL16",TRUE
"ARL2",TRUE
"ARL2-SNX15",FALSE
"ARL2BP",TRUE
"ARL2BPP10",FALSE
"ARL2BPP5",FALSE
"ARL2BPP6",FALSE
"ARL3",TRUE
"ARL4A",TRUE
"ARL4C",TRUE
"ARL4D",TRUE
"ARL5A",TRUE
"ARL5AP3",FALSE
"ARL5B",TRUE
"ARL5C",FALSE
"ARL6",TRUE
"ARL6IP1",TRUE
"ARL6IP4",TRUE
"ARL6IP5",TRUE
"ARL6IP6",TRUE
"ARL8A",TRUE
"ARL8B",TRUE
"ARL8BP1",FALSE
"ARL9",FALSE
"ARLN",TRUE
"ARLNC1",FALSE
"ARMC1",TRUE
"ARMC10",TRUE
"ARMC12",FALSE
"ARMC2",TRUE
"ARMC3",TRUE
"ARMC5",TRUE
"ARMC6",TRUE
"ARMC7",TRUE
"ARMC8",TRUE
"ARMC8P1",FALSE
"ARMC9",TRUE
"ARMCX1",TRUE
"ARMCX2",TRUE
"ARMCX3",TRUE
"ARMCX4",TRUE
"ARMCX5",TRUE
"ARMCX6",TRUE
"ARMH1",TRUE
"ARMH2",FALSE
"ARMH3",TRUE
"ARMH4",TRUE
"ARMS2",FALSE
"ARNT",TRUE
"ARNT2",TRUE
"ARNT2-AS3",FALSE
"ARNT2-DT",TRUE
"ARPC1A",TRUE
"ARPC1AP1",FALSE
"ARPC1B",TRUE
"ARPC1BP1",FALSE
"ARPC2",TRUE
"ARPC3",TRUE
"ARPC4",TRUE
"ARPC4-TTLL3",FALSE
"ARPC5",TRUE
"ARPC5L",TRUE
"ARPIN",TRUE
"ARPIN-AP3S2",FALSE
"ARPP19",TRUE
"ARPP21",FALSE
"ARPP21-AS1",FALSE
"ARR3",TRUE
"ARRB1",TRUE
"ARRB2",TRUE
"ARRDC1",TRUE
"ARRDC1-AS1",TRUE
"ARRDC2",TRUE
"ARRDC3",TRUE
"ARRDC3-AS1",TRUE
"ARRDC4",TRUE
"ARRDC5",FALSE
"ARSA",TRUE
"ARSB",TRUE
"ARSD",TRUE
"ARSD-AS1",FALSE
"ARSF",FALSE
"ARSFP1",FALSE
"ARSG",TRUE
"ARSH",TRUE
"ARSI",TRUE
"ARSJ",TRUE
"ARSK",TRUE
"ARSL",TRUE
"ART1",FALSE
"ART2BP",FALSE
"ART3",TRUE
"ART4",TRUE
"ART5",TRUE
"ARTN",TRUE
"ARV1",TRUE
"ARVCF",TRUE
"ARX",FALSE
"AS3MT",FALSE
"ASAH1",TRUE
"ASAH2",TRUE
"ASAH2B",TRUE
"ASAP1",TRUE
"ASAP1-IT2",FALSE
"ASAP2",TRUE
"ASAP3",TRUE
"ASB1",TRUE
"ASB10",FALSE
"ASB11",FALSE
"ASB12",FALSE
"ASB13",TRUE
"ASB14",TRUE
"ASB15",FALSE
"ASB15-AS1",FALSE
"ASB16",TRUE
"ASB16-AS1",TRUE
"ASB17",FALSE
"ASB18",FALSE
"ASB2",TRUE
"ASB4",TRUE
"ASB5",FALSE
"ASB6",TRUE
"ASB7",TRUE
"ASB8",TRUE
"ASB9",TRUE
"ASCC1",TRUE
"ASCC2",TRUE
"ASCC3",TRUE
"ASCL1",TRUE
"ASCL2",TRUE
"ASCL3",FALSE
"ASCL4",FALSE
"ASCL5",TRUE
"ASF1A",TRUE
"ASF1B",TRUE
"ASGR1",TRUE
"ASGR2",FALSE
"ASH1L",TRUE
"ASH1L-AS1",TRUE
"ASH2L",TRUE
"ASH2LP3",FALSE
"ASIC1",TRUE
"ASIC2",FALSE
"ASIC3",TRUE
"ASIC4",FALSE
"ASIC5",FALSE
"ASIP",FALSE
"ASL",TRUE
"ASMER1",FALSE
"ASMT",FALSE
"ASMTL",TRUE
"ASNS",TRUE
"ASNSD1",TRUE
"ASNSP3",FALSE
"ASNSP4",FALSE
"ASPA",TRUE
"ASPDH",TRUE
"ASPG",TRUE
"ASPH",TRUE
"ASPHD1",TRUE
"ASPHD2",TRUE
"ASPM",TRUE
"ASPN",TRUE
"ASPRV1",TRUE
"ASPSCR1",TRUE
"ASRGL1",TRUE
"ASS1",TRUE
"ASS1P1",FALSE
"ASS1P10",FALSE
"ASS1P11",FALSE
"ASS1P12",TRUE
"ASS1P13",FALSE
"ASS1P14",FALSE
"ASS1P2",FALSE
"ASS1P3",FALSE
"ASS1P4",FALSE
"ASS1P5",FALSE
"ASS1P6",FALSE
"ASS1P7",FALSE
"ASS1P9",FALSE
"ASTE1",TRUE
"ASTILCS",FALSE
"ASTL",FALSE
"ASTN1",TRUE
"ASTN2",TRUE
"ASTN2-AS1",FALSE
"ASXL1",TRUE
"ASXL2",TRUE
"ASXL3",TRUE
"ASZ1",FALSE
"ATAD1",TRUE
"ATAD2",TRUE
"ATAD2B",TRUE
"ATAD3A",TRUE
"ATAD3B",TRUE
"ATAD3C",TRUE
"ATAD5",TRUE
"ATAT1",TRUE
"ATCAY",FALSE
"ATE1",TRUE
"ATF1",TRUE
"ATF2",TRUE
"ATF3",TRUE
"ATF4",TRUE
"ATF5",TRUE
"ATF6",TRUE
"ATF6-DT",FALSE
"ATF6B",TRUE
"ATF7",TRUE
"ATF7-AS1",FALSE
"ATF7-NPFF",TRUE
"ATF7IP",TRUE
"ATF7IP2",TRUE
"ATG10",TRUE
"ATG101",TRUE
"ATG12",TRUE
"ATG13",TRUE
"ATG14",TRUE
"ATG16L1",TRUE
"ATG16L2",TRUE
"ATG2A",TRUE
"ATG2B",TRUE
"ATG3",TRUE
"ATG4A",TRUE
"ATG4B",TRUE
"ATG4C",TRUE
"ATG4D",TRUE
"ATG5",TRUE
"ATG7",TRUE
"ATG9A",TRUE
"ATG9B",TRUE
"ATIC",TRUE
"ATL1",TRUE
"ATL2",TRUE
"ATL3",TRUE
"ATM",TRUE
"ATMIN",TRUE
"ATMINP1",FALSE
"ATN1",TRUE
"ATOH1",FALSE
"ATOH7",FALSE
"ATOH8",TRUE
"ATOSA",TRUE
"ATOSB",TRUE
"ATOSBP1",FALSE
"ATOX1",TRUE
"ATP10A",TRUE
"ATP10A-DT",FALSE
"ATP10B",TRUE
"ATP10D",TRUE
"ATP11A",TRUE
"ATP11A-AS1",FALSE
"ATP11AUN",FALSE
"ATP11B",TRUE
"ATP11C",TRUE
"ATP12A",FALSE
"ATP13A1",TRUE
"ATP13A2",TRUE
"ATP13A3",TRUE
"ATP13A4",TRUE
"ATP13A5",FALSE
"ATP1A1",TRUE
"ATP1A1-AS1",TRUE
"ATP1A2",FALSE
"ATP1A3",FALSE
"ATP1A4",FALSE
"ATP1B1",TRUE
"ATP1B2",TRUE
"ATP1B3",TRUE
"ATP1B4",FALSE
"ATP23",TRUE
"ATP2A1",TRUE
"ATP2A1-AS1",FALSE
"ATP2A2",TRUE
"ATP2A3",TRUE
"ATP2B1",TRUE
"ATP2B1-AS1",TRUE
"ATP2B2",TRUE
"ATP2B2-IT1",FALSE
"ATP2B3",FALSE
"ATP2B4",TRUE
"ATP2C1",TRUE
"ATP2C2",TRUE
"ATP2C2-AS1",FALSE
"ATP4A",TRUE
"ATP4B",FALSE
"ATP5F1A",TRUE
"ATP5F1AP1",FALSE
"ATP5F1AP3",FALSE
"ATP5F1AP4",FALSE
"ATP5F1AP7",FALSE
"ATP5F1AP8",FALSE
"ATP5F1B",TRUE
"ATP5F1BP1",FALSE
"ATP5F1C",TRUE
"ATP5F1CP1",FALSE
"ATP5F1D",TRUE
"ATP5F1E",TRUE
"ATP5IF1",TRUE
"ATP5MC1",TRUE
"ATP5MC2",TRUE
"ATP5MC3",TRUE
"ATP5ME",TRUE
"ATP5MF",TRUE
"ATP5MF-PTCD1",FALSE
"ATP5MFP1",FALSE
"ATP5MFP7",FALSE
"ATP5MG",TRUE
"ATP5MGL",FALSE
"ATP5MGP3",FALSE
"ATP5MGP7",FALSE
"ATP5MJ",TRUE
"ATP5MK",TRUE
"ATP5PB",TRUE
"ATP5PBP1",FALSE
"ATP5PBP2",FALSE
"ATP5PBP4",FALSE
"ATP5PBP8",FALSE
"ATP5PD",TRUE
"ATP5PDP1",FALSE
"ATP5PDP2",FALSE
"ATP5PDP3",FALSE
"ATP5PF",TRUE
"ATP5PFP2",FALSE
"ATP5PFP4",FALSE
"ATP5PO",TRUE
"ATP5POP1",FALSE
"ATP6AP1",TRUE
"ATP6AP1-DT",TRUE
"ATP6AP2",TRUE
"ATP6V0A1",TRUE
"ATP6V0A2",TRUE
"ATP6V0A4",FALSE
"ATP6V0B",TRUE
"ATP6V0C",TRUE
"ATP6V0D1",TRUE
"ATP6V0D1-DT",TRUE
"ATP6V0D2",TRUE
"ATP6V0E1",TRUE
"ATP6V0E1P1",FALSE
"ATP6V0E1P4",FALSE
"ATP6V0E2",TRUE
"ATP6V0E2-AS1",TRUE
"ATP6V1A",TRUE
"ATP6V1B1",TRUE
"ATP6V1B1-AS1",FALSE
"ATP6V1B2",TRUE
"ATP6V1C1",TRUE
"ATP6V1C2",TRUE
"ATP6V1D",TRUE
"ATP6V1E1",TRUE
"ATP6V1E2",TRUE
"ATP6V1F",TRUE
"ATP6V1FP1",FALSE
"ATP6V1G1",TRUE
"ATP6V1G1P2",FALSE
"ATP6V1G1P4",FALSE
"ATP6V1G1P5",FALSE
"ATP6V1G2",TRUE
"ATP6V1G2-DDX39B",FALSE
"ATP6V1G3",FALSE
"ATP6V1H",TRUE
"ATP7A",TRUE
"ATP7B",TRUE
"ATP7BP1",FALSE
"ATP8A1",TRUE
"ATP8A2",TRUE
"ATP8A2P2",FALSE
"ATP8B1",TRUE
"ATP8B1-AS1",TRUE
"ATP8B2",TRUE
"ATP8B3",TRUE
"ATP8B4",TRUE
"ATP9A",TRUE
"ATP9B",TRUE
"ATPAF1",TRUE
"ATPAF2",TRUE
"ATPSCKMT",TRUE
"ATR",TRUE
"ATRAID",TRUE
"ATRN",TRUE
"ATRNL1",TRUE
"ATRX",TRUE
"ATXN1",TRUE
"ATXN10",TRUE
"ATXN1L",TRUE
"ATXN2",TRUE
"ATXN2-AS",FALSE
"ATXN2L",TRUE
"ATXN3",TRUE
"ATXN3L",FALSE
"ATXN7",TRUE
"ATXN7L1",TRUE
"ATXN7L2",TRUE
"ATXN7L3",TRUE
"ATXN7L3-AS1",TRUE
"ATXN7L3B",TRUE
"ATXN7L3P1",FALSE
"ATXN8OS",FALSE
"AUH",TRUE
"AUNIP",TRUE
"AUP1",TRUE
"AURKA",TRUE
"AURKAIP1",TRUE
"AURKB",TRUE
"AURKBP1",FALSE
"AURKC",TRUE
"AUTS2",TRUE
"AVEN",TRUE
"AVIL",TRUE
"AVL9",TRUE
"AVP",FALSE
"AVPI1",TRUE
"AVPR1A",TRUE
"AVPR1B",FALSE
"AVPR1B-DT",FALSE
"AVPR2",FALSE
"AWAT1",FALSE
"AWAT2",FALSE
"AXDND1",FALSE
"AXIN1",TRUE
"AXIN2",TRUE
"AXL",TRUE
"AZGP1",TRUE
"AZGP1P2",FALSE
"AZI2",TRUE
"AZIN1",TRUE
"AZIN2",TRUE
"AZU1",FALSE
"AZU1P1",FALSE
"B2M",TRUE
"B3GALNT1",TRUE
"B3GALNT2",TRUE
"B3GALT1",TRUE
"B3GALT1-AS1",FALSE
"B3GALT2",TRUE
"B3GALT4",TRUE
"B3GALT5",TRUE
"B3GALT5-AS1",TRUE
"B3GALT6",TRUE
"B3GALT9",TRUE
"B3GAT1",TRUE
"B3GAT1-DT",FALSE
"B3GAT2",TRUE
"B3GAT3",TRUE
"B3GLCT",TRUE
"B3GNT2",TRUE
"B3GNT3",TRUE
"B3GNT4",TRUE
"B3GNT5",TRUE
"B3GNT6",FALSE
"B3GNT7",TRUE
"B3GNT8",TRUE
"B3GNT9",TRUE
"B3GNTL1P1",FALSE
"B3GNTL1P2",FALSE
"B4GALNT1",TRUE
"B4GALNT2",TRUE
"B4GALNT2P1",FALSE
"B4GALNT3",TRUE
"B4GALNT4",TRUE
"B4GALT1",TRUE
"B4GALT1-AS1",TRUE
"B4GALT2",TRUE
"B4GALT3",TRUE
"B4GALT4",TRUE
"B4GALT4-AS1",FALSE
"B4GALT5",TRUE
"B4GALT6",TRUE
"B4GALT7",TRUE
"B4GAT1",TRUE
"B4GAT1-DT",TRUE
"B9D1",TRUE
"B9D2",TRUE
"BAALC",TRUE
"BAAT",TRUE
"BABAM1",TRUE
"BABAM2",TRUE
"BABAM2-AS2",FALSE
"BACC1",TRUE
"BACE1",TRUE
"BACE1-AS",TRUE
"BACE2",TRUE
"BACH1-IT3",FALSE
"BACH2",TRUE
"BAD",TRUE
"BAG1",TRUE
"BAG2",TRUE
"BAG3",TRUE
"BAG4",TRUE
"BAG5",TRUE
"BAG6",TRUE
"BAHCC1",TRUE
"BAHD1",TRUE
"BAIAP2",TRUE
"BAIAP2-DT",TRUE
"BAIAP2L1",TRUE
"BAIAP2L2",TRUE
"BAIAP3",TRUE
"BAK1",TRUE
"BAMBI",TRUE
"BANCR",FALSE
"BANF1",TRUE
"BANF2",TRUE
"BANK1",TRUE
"BANP",TRUE
"BAP1",TRUE
"BARD1",TRUE
"BARHL1",FALSE
"BARHL2",FALSE
"BARX1",TRUE
"BARX1-DT",FALSE
"BARX2",TRUE
"BASP1",TRUE
"BASP1-AS1",FALSE
"BATF",TRUE
"BATF2",TRUE
"BATF3",TRUE
"BAX",TRUE
"BAZ1A",TRUE
"BAZ1A-AS1",TRUE
"BAZ1B",TRUE
"BAZ2A",TRUE
"BAZ2B",TRUE
"BAZ2B-AS1",TRUE
"BBC3",TRUE
"BBIP1",TRUE
"BBIP1P1",TRUE
"BBLN",TRUE
"BBLNP1",FALSE
"BBOF1",TRUE
"BBOX1",TRUE
"BBOX1-AS1",FALSE
"BBS1",TRUE
"BBS10",TRUE
"BBS12",TRUE
"BBS2",TRUE
"BBS4",TRUE
"BBS5",TRUE
"BBS7",TRUE
"BBS7-DT",FALSE
"BBS9",TRUE
"BBX",TRUE
"BCAM",TRUE
"BCAN",TRUE
"BCAN-AS2",TRUE
"BCAP29",TRUE
"BCAP31",TRUE
"BCAP31P1",FALSE
"BCAP31P2",FALSE
"BCAR1",TRUE
"BCAR1P1",FALSE
"BCAR1P2",FALSE
"BCAR3",TRUE
"BCAR4",FALSE
"BCAS1",TRUE
"BCAS2",TRUE
"BCAS3",TRUE
"BCAS3-AS1",FALSE
"BCAS4",TRUE
"BCAT1",TRUE
"BCAT2",TRUE
"BCCIP",TRUE
"BCDIN3D",TRUE
"BCDIN3D-AS1",TRUE
"BCHE",TRUE
"BCKDHA",FALSE
"BCKDHB",TRUE
"BCKDK",TRUE
"BCL10",TRUE
"BCL11A",TRUE
"BCL11B",FALSE
"BCL2",TRUE
"BCL2A1",TRUE
"BCL2L1",TRUE
"BCL2L1-AS1",FALSE
"BCL2L10",TRUE
"BCL2L11",TRUE
"BCL2L12",TRUE
"BCL2L12P1",FALSE
"BCL2L13",TRUE
"BCL2L14",TRUE
"BCL2L15",TRUE
"BCL2L2",TRUE
"BCL2L2-PABPN1",FALSE
"BCL3",TRUE
"BCL6",TRUE
"BCL6B",TRUE
"BCL7A",TRUE
"BCL7B",TRUE
"BCL7C",TRUE
"BCL9",TRUE
"BCL9L",TRUE
"BCLAF1",TRUE
"BCLAF1P2",TRUE
"BCLAF3",TRUE
"BCO1",TRUE
"BCO2",TRUE
"BCOR",TRUE
"BCORL1",TRUE
"BCR",TRUE
"BCRP3",TRUE
"BCRP4",FALSE
"BCRP7",FALSE
"BCRP8",FALSE
"BCRP9",FALSE
"BCS1L",TRUE
"BCYRN1",TRUE
"BDH1",TRUE
"BDH2",TRUE
"BDKRB1",TRUE
"BDKRB2",TRUE
"BDNF",FALSE
"BDNF-AS",TRUE
"BDP1",TRUE
"BEAN1",TRUE
"BEAN1-AS1",FALSE
"BECN1",TRUE
"BECN2",FALSE
"BEGAIN",TRUE
"BEND2",FALSE
"BEND3",TRUE
"BEND3P2",FALSE
"BEND4",FALSE
"BEND5",TRUE
"BEND6",TRUE
"BEND7",TRUE
"BEST1",TRUE
"BEST2",FALSE
"BEST3",TRUE
"BEST4",TRUE
"BET1",TRUE
"BET1L",TRUE
"BEX1",TRUE
"BEX2",TRUE
"BEX3",TRUE
"BEX4",TRUE
"BEX5",TRUE
"BFAR",TRUE
"BFSP1",TRUE
"BFSP2",FALSE
"BFSP2-AS1",FALSE
"BGLAP",FALSE
"BGLT3",FALSE
"BGN",TRUE
"BHLHA15",TRUE
"BHLHA9",FALSE
"BHLHE22",TRUE
"BHLHE22-AS1",FALSE
"BHLHE23",FALSE
"BHLHE40",TRUE
"BHLHE40-AS1",TRUE
"BHLHE41",TRUE
"BHMT",FALSE
"BHMT2",TRUE
"BICC1",TRUE
"BICD1",TRUE
"BICD1-AS1",FALSE
"BICD1P1",FALSE
"BICD2",TRUE
"BICDL1",TRUE
"BICDL2",TRUE
"BICRA",TRUE
"BICRA-AS2",FALSE
"BICRAL",TRUE
"BID",TRUE
"BIK",TRUE
"BIN1",TRUE
"BIN2",TRUE
"BIN2P2",FALSE
"BIN3",TRUE
"BIRC2",TRUE
"BIRC3",TRUE
"BIRC5",TRUE
"BIRC6",TRUE
"BIRC7",FALSE
"BISPR",TRUE
"BIVM",TRUE
"BIVM-ERCC5",FALSE
"BKGD",TRUE
"BLACAT1",TRUE
"BLACE",FALSE
"BLCAP",TRUE
"BLID",FALSE
"BLK",FALSE
"BLM",TRUE
"BLMH",TRUE
"BLNK",TRUE
"BLOC1S1",TRUE
"BLOC1S2",TRUE
"BLOC1S3",TRUE
"BLOC1S4",TRUE
"BLOC1S5",TRUE
"BLOC1S5-TXNDC5",FALSE
"BLOC1S6",TRUE
"BLTP1",TRUE
"BLTP2",TRUE
"BLTP3A",TRUE
"BLTP3B",TRUE
"BLTP3B-DT",FALSE
"BLVRA",TRUE
"BLVRB",TRUE
"BLVRBP1",TRUE
"BLZF1",TRUE
"BMAL1",TRUE
"BMAL2",TRUE
"BMAL2-AS1",FALSE
"BMF",TRUE
"BMI1",TRUE
"BMI1P1",FALSE
"BMP1",TRUE
"BMP10",FALSE
"BMP15",FALSE
"BMP2",TRUE
"BMP2K",TRUE
"BMP2K-DT",FALSE
"BMP2KL",FALSE
"BMP3",FALSE
"BMP4",TRUE
"BMP5",TRUE
"BMP6",TRUE
"BMP7",FALSE
"BMP8A",TRUE
"BMP8B",TRUE
"BMPER",TRUE
"BMPR1A",TRUE
"BMPR1AP1",FALSE
"BMPR1B",TRUE
"BMPR2",TRUE
"BMS1",TRUE
"BMS1P10",TRUE
"BMS1P11",FALSE
"BMS1P13",FALSE
"BMS1P15",FALSE
"BMS1P16",FALSE
"BMS1P3",FALSE
"BMS1P4",TRUE
"BMS1P4-AGAP5",FALSE
"BMS1P7",FALSE
"BMS1P9",FALSE
"BMX",TRUE
"BNC1",FALSE
"BNC2",TRUE
"BNC2-AS1",FALSE
"BNIP1",TRUE
"BNIP2",TRUE
"BNIP3",TRUE
"BNIP3L",TRUE
"BNIP3P10",FALSE
"BNIP3P11",TRUE
"BNIP3P14",FALSE
"BNIP3P15",FALSE
"BNIP3P16",FALSE
"BNIP3P17",FALSE
"BNIP3P18",FALSE
"BNIP3P19",FALSE
"BNIP3P2",FALSE
"BNIP3P20",FALSE
"BNIP3P22",FALSE
"BNIP3P23",FALSE
"BNIP3P24",FALSE
"BNIP3P25",FALSE
"BNIP3P26",FALSE
"BNIP3P28",FALSE
"BNIP3P29",FALSE
"BNIP3P3",FALSE
"BNIP3P30",TRUE
"BNIP3P31",FALSE
"BNIP3P32",FALSE
"BNIP3P33",FALSE
"BNIP3P34",FALSE
"BNIP3P35",FALSE
"BNIP3P36",FALSE
"BNIP3P37",FALSE
"BNIP3P38",FALSE
"BNIP3P39",FALSE
"BNIP3P4",FALSE
"BNIP3P40",FALSE
"BNIP3P42",FALSE
"BNIP3P43",FALSE
"BNIP3P44",FALSE
"BNIP3P45",FALSE
"BNIP3P46",FALSE
"BNIP3P47",FALSE
"BNIP3P6",FALSE
"BNIP3P7",FALSE
"BNIP3P8",FALSE
"BNIP3P9",FALSE
"BNIP5",TRUE
"BNIPL",TRUE
"BOC",TRUE
"BOD1",TRUE
"BOD1L1",TRUE
"BOD1L2",FALSE
"BOK",TRUE
"BOLA1",TRUE
"BOLA2-SMG1P6",FALSE
"BOLA2P3",FALSE
"BOLA3",TRUE
"BOLA3-DT",TRUE
"BOLA3P4",FALSE
"BOLL",FALSE
"BOP1",TRUE
"BORA",TRUE
"BORCS5",TRUE
"BORCS6",TRUE
"BORCS7",TRUE
"BORCS8",TRUE
"BPESC1",FALSE
"BPGM",TRUE
"BPHL",TRUE
"BPI",FALSE
"BPIFA1",FALSE
"BPIFA2",FALSE
"BPIFA3",FALSE
"BPIFB1",FALSE
"BPIFB2",FALSE
"BPIFB3",FALSE
"BPIFB4",FALSE
"BPIFB5P",FALSE
"BPIFB6",FALSE
"BPIFB9P",FALSE
"BPIFC",FALSE
"BPNT1",TRUE
"BPNT2",TRUE
"BPNT2P1",FALSE
"BPTF",TRUE
"BPTFP1",FALSE
"BPY2",FALSE
"BPY2B",FALSE
"BPY2C",FALSE
"BRAF",TRUE
"BRAFP1",FALSE
"BRAP",TRUE
"BRAT1",TRUE
"BRCA1",TRUE
"BRCA2",TRUE
"BRCC3",TRUE
"BRCC3P1",FALSE
"BRD1",TRUE
"BRD10",TRUE
"BRD2",TRUE
"BRD3",TRUE
"BRD3OS",TRUE
"BRD4",TRUE
"BRD7",TRUE
"BRD7P1",FALSE
"BRD7P2",TRUE
"BRD7P5",FALSE
"BRD7P7",FALSE
"BRD8",TRUE
"BRD9",TRUE
"BRD9P1",FALSE
"BRD9P2",TRUE
"BRDT",FALSE
"BRDTP1",FALSE
"BRF1",TRUE
"BRF2",TRUE
"BRI3",TRUE
"BRI3BP",TRUE
"BRI3BPP1",FALSE
"BRI3P2",FALSE
"BRICD5",TRUE
"BRINP1",FALSE
"BRINP2",TRUE
"BRINP3",FALSE
"BRINP3-DT",FALSE
"BRIP1",TRUE
"BRIX1",TRUE
"BRIX1P1",FALSE
"BRK1",TRUE
"BRK1P2",FALSE
"BRME1",TRUE
"BRMS1",TRUE
"BRMS1L",TRUE
"BROX",TRUE
"BRPF1",TRUE
"BRPF3",TRUE
"BRS3",FALSE
"BRSK1",TRUE
"BRSK2",TRUE
"BRWD1",TRUE
"BRWD1P3",FALSE
"BRWD3",TRUE
"BSCL2",TRUE
"BSDC1",TRUE
"BSG",TRUE
"BSN",TRUE
"BSN-DT",FALSE
"BSND",FALSE
"BSNDP1",FALSE
"BSNDP3",FALSE
"BSNDP4",FALSE
"BSPH1",FALSE
"BSPRY",TRUE
"BST1",TRUE
"BST2",TRUE
"BSX",FALSE
"BTAF1",TRUE
"BTBD1",TRUE
"BTBD10",TRUE
"BTBD10P1",FALSE
"BTBD16",TRUE
"BTBD17",FALSE
"BTBD18",FALSE
"BTBD19",TRUE
"BTBD2",TRUE
"BTBD3",TRUE
"BTBD3-AS1",TRUE
"BTBD6",TRUE
"BTBD7",TRUE
"BTBD7P2",FALSE
"BTBD8",TRUE
"BTBD9",TRUE
"BTBD9-AS1",FALSE
"BTC",TRUE
"BTD",TRUE
"BTF3",TRUE
"BTF3L4",TRUE
"BTF3P14",FALSE
"BTF3P6",FALSE
"BTG1",TRUE
"BTG2",TRUE
"BTG2-DT",TRUE
"BTG3",TRUE
"BTG3-AS1",TRUE
"BTG3P1",FALSE
"BTG4",FALSE
"BTK",TRUE
"BTLA",FALSE
"BTN1A1",FALSE
"BTN2A1",TRUE
"BTN2A2",TRUE
"BTN3A1",TRUE
"BTN3A2",TRUE
"BTN3A3",TRUE
"BTNL2",FALSE
"BTNL3",FALSE
"BTNL8",TRUE
"BTNL9",TRUE
"BTRC",TRUE
"BUB1",TRUE
"BUB1B",TRUE
"BUB3",TRUE
"BUD13",TRUE
"BUD13-DT",FALSE
"BUD23",TRUE
"BUD31",TRUE
"BUD31P1",FALSE
"BYSL",TRUE
"BZW1",TRUE
"BZW1-AS1",FALSE
"BZW2",TRUE
"C10orf105",FALSE
"C10orf120",FALSE
"C10orf143",TRUE
"C10orf53",FALSE
"C10orf55",FALSE
"C10orf62",FALSE
"C10orf67",TRUE
"C10orf67-AS1",FALSE
"C10orf71",TRUE
"C10orf88",TRUE
"C10orf90",TRUE
"C10orf95",FALSE
"C10orf95-AS1",TRUE
"C11orf16",FALSE
"C11orf21",FALSE
"C11orf24",TRUE
"C11orf40",FALSE
"C11orf42",FALSE
"C11orf52",TRUE
"C11orf58",TRUE
"C11orf65",TRUE
"C11orf68",TRUE
"C11orf71",TRUE
"C11orf86",FALSE
"C11orf87",FALSE
"C11orf91",TRUE
"C11orf96",TRUE
"C11orf97",FALSE
"C11orf98",FALSE
"C11orf98P1",FALSE
"C11orf98P3",FALSE
"C12orf42",FALSE
"C12orf42-AS1",FALSE
"C12orf43",TRUE
"C12orf50",FALSE
"C12orf54",FALSE
"C12orf56",FALSE
"C12orf57",TRUE
"C12orf60",TRUE
"C12orf71",FALSE
"C12orf75",TRUE
"C12orf75-AS1",TRUE
"C12orf76",TRUE
"C13orf42",FALSE
"C14orf119",TRUE
"C14orf132",TRUE
"C14orf180",FALSE
"C14orf39",FALSE
"C14orf93",TRUE
"C15orf32",FALSE
"C15orf39",TRUE
"C15orf40",TRUE
"C15orf61",TRUE
"C15orf62",TRUE
"C16orf46",TRUE
"C16orf46-AS1",FALSE
"C16orf54",FALSE
"C16orf78",FALSE
"C16orf82",FALSE
"C16orf86",TRUE
"C16orf87",TRUE
"C16orf89",TRUE
"C16orf90",FALSE
"C16orf95",TRUE
"C16orf95-DT",FALSE
"C16orf96",TRUE
"C17orf100",TRUE
"C17orf107",TRUE
"C17orf113",TRUE
"C17orf114",FALSE
"C17orf50",FALSE
"C17orf58",TRUE
"C17orf67",TRUE
"C17orf75",TRUE
"C17orf78",FALSE
"C17orf99",FALSE
"C18orf15",FALSE
"C18orf32",TRUE
"C18orf54",TRUE
"C18orf63",FALSE
"C19orf12",TRUE
"C19orf18",TRUE
"C19orf25",TRUE
"C19orf33",FALSE
"C19orf38",TRUE
"C19orf44",TRUE
"C19orf47",TRUE
"C19orf53",TRUE
"C19orf67",FALSE
"C19orf73",TRUE
"C19orf81",TRUE
"C19orf84",FALSE
"C1D",TRUE
"C1DP5",FALSE
"C1GALT1",TRUE
"C1GALT1C1",TRUE
"C1GALT1C1L",TRUE
"C1GALT1P3",FALSE
"C1QA",TRUE
"C1QB",TRUE
"C1QBP",TRUE
"C1QC",TRUE
"C1QL1",TRUE
"C1QL1P1",FALSE
"C1QL2",FALSE
"C1QL3",TRUE
"C1QL4",TRUE
"C1QTNF1",TRUE
"C1QTNF1-AS1",FALSE
"C1QTNF12",FALSE
"C1QTNF2",FALSE
"C1QTNF3",TRUE
"C1QTNF3-AMACR",FALSE
"C1QTNF4",FALSE
"C1QTNF5",FALSE
"C1QTNF6",TRUE
"C1QTNF7",TRUE
"C1QTNF7-AS1",FALSE
"C1QTNF8",FALSE
"C1QTNF9",FALSE
"C1QTNF9B",FALSE
"C1R",TRUE
"C1RL",TRUE
"C1RL-AS1",TRUE
"C1S",TRUE
"C1orf105",FALSE
"C1orf115",TRUE
"C1orf116",TRUE
"C1orf122",TRUE
"C1orf141",FALSE
"C1orf146",FALSE
"C1orf159",TRUE
"C1orf162",TRUE
"C1orf167",FALSE
"C1orf167-AS1",FALSE
"C1orf174",TRUE
"C1orf185",FALSE
"C1orf198",TRUE
"C1orf21",TRUE
"C1orf21-DT",FALSE
"C1orf210",TRUE
"C1orf216",TRUE
"C1orf220",TRUE
"C1orf226",TRUE
"C1orf232",FALSE
"C1orf35",TRUE
"C1orf50",TRUE
"C1orf52",TRUE
"C1orf53",TRUE
"C1orf54",TRUE
"C1orf56",TRUE
"C1orf74",TRUE
"C1orf87",FALSE
"C1orf94",FALSE
"C2",TRUE
"C2-AS1",FALSE
"C20orf141",FALSE
"C20orf144",FALSE
"C20orf173",FALSE
"C20orf202",FALSE
"C20orf203",FALSE
"C20orf204",TRUE
"C20orf96",TRUE
"C21orf58",TRUE
"C21orf91",TRUE
"C21orf91-OT1",FALSE
"C22orf15",FALSE
"C22orf23",TRUE
"C22orf31",FALSE
"C22orf39",TRUE
"C22orf42",FALSE
"C2CD2",TRUE
"C2CD2L",TRUE
"C2CD3",TRUE
"C2CD4A",TRUE
"C2CD4B",TRUE
"C2CD4C",TRUE
"C2CD4D",TRUE
"C2CD5",TRUE
"C2orf15",TRUE
"C2orf42",TRUE
"C2orf49",TRUE
"C2orf66",FALSE
"C2orf68",TRUE
"C2orf69",TRUE
"C2orf69P1",FALSE
"C2orf69P4",FALSE
"C2orf72",TRUE
"C2orf74",TRUE
"C2orf76",TRUE
"C2orf78",FALSE
"C2orf80",FALSE
"C2orf92",TRUE
"C3",TRUE
"C3AR1",TRUE
"C3orf18",TRUE
"C3orf20",TRUE
"C3orf22",FALSE
"C3orf38",TRUE
"C3orf49",TRUE
"C3orf52",TRUE
"C3orf62",TRUE
"C3orf70",TRUE
"C3orf80",TRUE
"C3orf85",FALSE
"C4B",TRUE
"C4BPA",TRUE
"C4BPAP1",FALSE
"C4BPAP2",FALSE
"C4BPB",TRUE
"C4orf17",FALSE
"C4orf33",TRUE
"C4orf36",TRUE
"C4orf46",TRUE
"C4orf50",FALSE
"C4orf51",FALSE
"C4orf54",TRUE
"C5",TRUE
"C5AR1",TRUE
"C5AR2",FALSE
"C5orf15",TRUE
"C5orf22",TRUE
"C5orf24",TRUE
"C5orf34",TRUE
"C5orf46",TRUE
"C5orf47",FALSE
"C5orf52",FALSE
"C5orf58",FALSE
"C5orf63",TRUE
"C6",TRUE
"C6orf118",FALSE
"C6orf120",TRUE
"C6orf132",TRUE
"C6orf136",TRUE
"C6orf141",TRUE
"C6orf15",FALSE
"C6orf163",TRUE
"C6orf47",TRUE
"C6orf52",TRUE
"C6orf58",FALSE
"C6orf62",TRUE
"C6orf89",TRUE
"C7",TRUE
"C7orf25",TRUE
"C7orf33",FALSE
"C7orf57",FALSE
"C7orf78",FALSE
"C8A",TRUE
"C8B",TRUE
"C8G",TRUE
"C8orf17",FALSE
"C8orf33",TRUE
"C8orf34",TRUE
"C8orf34-AS1",TRUE
"C8orf48",TRUE
"C8orf58",TRUE
"C8orf74",FALSE
"C8orf76",TRUE
"C8orf82",TRUE
"C8orf88",TRUE
"C8orf89",FALSE
"C8orf90",FALSE
"C9",FALSE
"C9orf152",TRUE
"C9orf153",FALSE
"C9orf163",TRUE
"C9orf40",TRUE
"C9orf43",TRUE
"C9orf50",FALSE
"C9orf57",FALSE
"C9orf72",TRUE
"C9orf78",TRUE
"C9orf78P2",FALSE
"C9orf85",TRUE
"CA1",FALSE
"CA10",FALSE
"CA11",TRUE
"CA12",TRUE
"CA13",TRUE
"CA14",TRUE
"CA15P1",FALSE
"CA2",TRUE
"CA3",TRUE
"CA4",TRUE
"CA5A",FALSE
"CA5AP1",FALSE
"CA5B",TRUE
"CA6",FALSE
"CA7",FALSE
"CA8",TRUE
"CA9",TRUE
"CAAP1",TRUE
"CAB39",TRUE
"CAB39L",TRUE
"CAB39P1",FALSE
"CABCOCO1",TRUE
"CABIN1",TRUE
"CABLES1",TRUE
"CABLES2",TRUE
"CABP1",TRUE
"CABP1-DT",FALSE
"CABP2",FALSE
"CABP4",TRUE
"CABP5",FALSE
"CABP7",TRUE
"CABP7-DT",FALSE
"CABS1",FALSE
"CABYR",TRUE
"CABYRP1",FALSE
"CACFD1",TRUE
"CACHD1",TRUE
"CACNA1A",TRUE
"CACNA1B",TRUE
"CACNA1B-AS2",FALSE
"CACNA1C-AS4",FALSE
"CACNA1D",TRUE
"CACNA1E",TRUE
"CACNA1F",TRUE
"CACNA1G",TRUE
"CACNA1G-AS1",FALSE
"CACNA1H",TRUE
"CACNA1I",FALSE
"CACNA1S",FALSE
"CACNA2D1",TRUE
"CACNA2D1-AS1",FALSE
"CACNA2D2",TRUE
"CACNA2D3",TRUE
"CACNA2D3-AS1",FALSE
"CACNA2D4",TRUE
"CACNB1",TRUE
"CACNB2",TRUE
"CACNB3",TRUE
"CACNB4",TRUE
"CACNG1",FALSE
"CACNG2",FALSE
"CACNG3",FALSE
"CACNG4",TRUE
"CACNG5",FALSE
"CACNG6",FALSE
"CACNG7",FALSE
"CACNG8",TRUE
"CACTIN",TRUE
"CACTIN-AS1",FALSE
"CACUL1",TRUE
"CACYBP",TRUE
"CACYBPP3",FALSE
"CAD",TRUE
"CADM1",TRUE
"CADM1-AS1",FALSE
"CADM2",TRUE
"CADM2-AS2",FALSE
"CADM3",FALSE
"CADM4",TRUE
"CADPS",TRUE
"CADPS2",TRUE
"CAGE1",FALSE
"CALB1",TRUE
"CALB2",TRUE
"CALCA",FALSE
"CALCB",TRUE
"CALCOCO1",TRUE
"CALCOCO2",TRUE
"CALCP",FALSE
"CALCR",FALSE
"CALCRL",TRUE
"CALD1",TRUE
"CALHM1",FALSE
"CALHM2",TRUE
"CALHM3",TRUE
"CALHM4",FALSE
"CALHM5",TRUE
"CALHM6",FALSE
"CALM1",TRUE
"CALM1P1",FALSE
"CALM2",TRUE
"CALM2P4",FALSE
"CALM3",TRUE
"CALML3",FALSE
"CALML4",TRUE
"CALML5",FALSE
"CALML6",TRUE
"CALN1",TRUE
"CALR",TRUE
"CALR3",FALSE
"CALU",TRUE
"CALY",FALSE
"CAMK1",TRUE
"CAMK1D",TRUE
"CAMK1G",TRUE
"CAMK2A",TRUE
"CAMK2B",TRUE
"CAMK2D",TRUE
"CAMK2G",TRUE
"CAMK2N1",TRUE
"CAMK2N2",TRUE
"CAMK4",TRUE
"CAMKK1",TRUE
"CAMKK2",TRUE
"CAMKMT",TRUE
"CAMKV",FALSE
"CAMLG",TRUE
"CAMP",FALSE
"CAMSAP1",TRUE
"CAMSAP2",TRUE
"CAMSAP3",TRUE
"CAMTA1",TRUE
"CAMTA1-AS3",FALSE
"CAMTA2",TRUE
"CAND1",TRUE
"CAND2",TRUE
"CANT1",TRUE
"CANX",TRUE
"CAP1",TRUE
"CAP1P1",TRUE
"CAP1P2",TRUE
"CAP2",TRUE
"CAP2P1",FALSE
"CAPG",TRUE
"CAPN1",TRUE
"CAPN1-AS1",TRUE
"CAPN10",TRUE
"CAPN10-DT",TRUE
"CAPN11",FALSE
"CAPN12",TRUE
"CAPN13",TRUE
"CAPN14",FALSE
"CAPN15",TRUE
"CAPN2",TRUE
"CAPN3",TRUE
"CAPN5",TRUE
"CAPN6",TRUE
"CAPN7",TRUE
"CAPN8",TRUE
"CAPN9",TRUE
"CAPN9-AS1",FALSE
"CAPNS1",TRUE
"CAPNS1P1",FALSE
"CAPNS2",FALSE
"CAPRIN1",TRUE
"CAPRIN2",TRUE
"CAPS",TRUE
"CAPS2",TRUE
"CAPSL",FALSE
"CAPSL-DT",FALSE
"CAPZA1",TRUE
"CAPZA1P3",FALSE
"CAPZA2",TRUE
"CAPZA3",FALSE
"CAPZB",TRUE
"CARD10",TRUE
"CARD11",TRUE
"CARD11-AS1",FALSE
"CARD14",TRUE
"CARD16",TRUE
"CARD18",FALSE
"CARD19",TRUE
"CARD6",TRUE
"CARD8",TRUE
"CARD8-AS1",TRUE
"CARD9",TRUE
"CARF",TRUE
"CARHSP1",TRUE
"CARHSP1-DT",FALSE
"CARM1",TRUE
"CARMIL1",TRUE
"CARMIL2",TRUE
"CARMIL2P1",FALSE
"CARMIL3",TRUE
"CARNMT1",TRUE
"CARNS1",TRUE
"CARS1",TRUE
"CARS1-AS1",FALSE
"CARS1P2",FALSE
"CARS2",TRUE
"CARTPT",FALSE
"CASC11",FALSE
"CASC16",FALSE
"CASC17",FALSE
"CASC18",FALSE
"CASC2",TRUE
"CASC20",FALSE
"CASC23",FALSE
"CASC3",TRUE
"CASC8",TRUE
"CASC9",FALSE
"CASD1",TRUE
"CASK",TRUE
"CASKIN1",TRUE
"CASKIN2",TRUE
"CASKP1",FALSE
"CASP1",TRUE
"CASP10",TRUE
"CASP12",FALSE
"CASP14",FALSE
"CASP2",TRUE
"CASP3",TRUE
"CASP3P1",FALSE
"CASP4",TRUE
"CASP5",FALSE
"CASP6",TRUE
"CASP7",TRUE
"CASP8",TRUE
"CASP8AP2",TRUE
"CASP9",TRUE
"CASQ1",FALSE
"CASQ2",FALSE
"CASR",TRUE
"CASS4",FALSE
"CASTOR1",TRUE
"CASTOR2",TRUE
"CASZ1",TRUE
"CAT",TRUE
"CATIP",TRUE
"CATIP-AS1",FALSE
"CATIP-AS2",FALSE
"CATSPER1",FALSE
"CATSPER2",TRUE
"CATSPER2P2",FALSE
"CATSPER3",TRUE
"CATSPER4",FALSE
"CATSPERB",TRUE
"CATSPERD",FALSE
"CATSPERE",TRUE
"CATSPERG",TRUE
"CATSPERH",TRUE
"CATSPERQ",FALSE
"CATSPERT",FALSE
"CATSPERZ",FALSE
"CAV1",TRUE
"CAV2",TRUE
"CAV2-DT",FALSE
"CAV3",FALSE
"CAVIN1",TRUE
"CAVIN2",TRUE
"CAVIN3",TRUE
"CAVIN4",TRUE
"CBARP",TRUE
"CBFA2T2",TRUE
"CBFA2T3",TRUE
"CBFB",TRUE
"CBL",TRUE
"CBLB",TRUE
"CBLC",TRUE
"CBLIF",FALSE
"CBLL1",TRUE
"CBLL1-AS1",TRUE
"CBLL2",FALSE
"CBLN1",TRUE
"CBLN2",FALSE
"CBLN3",TRUE
"CBLN4",FALSE
"CBR1",TRUE
"CBR3",TRUE
"CBR3-AS1",TRUE
"CBR4",TRUE
"CBX1",TRUE
"CBX2",TRUE
"CBX3",TRUE
"CBX3P10",FALSE
"CBX4",TRUE
"CBX5",TRUE
"CBX6",TRUE
"CBX7",TRUE
"CBX8",TRUE
"CBY1",TRUE
"CBY1P1",FALSE
"CBY2",FALSE
"CBY3",FALSE
"CC2D1A",TRUE
"CC2D1B",TRUE
"CC2D2A",TRUE
"CC2D2B",FALSE
"CCAR1",TRUE
"CCAR2",TRUE
"CCAT2",FALSE
"CCBE1",TRUE
"CCDC102A",TRUE
"CCDC102B",TRUE
"CCDC106",TRUE
"CCDC107",TRUE
"CCDC110",TRUE
"CCDC112",TRUE
"CCDC116",FALSE
"CCDC117",TRUE
"CCDC12",TRUE
"CCDC120",TRUE
"CCDC121",TRUE
"CCDC122",TRUE
"CCDC124",TRUE
"CCDC125",TRUE
"CCDC126",TRUE
"CCDC127",TRUE
"CCDC13",TRUE
"CCDC13-AS1",FALSE
"CCDC13-AS2",FALSE
"CCDC134",TRUE
"CCDC136",TRUE
"CCDC137",TRUE
"CCDC137P1",FALSE
"CCDC137P2",FALSE
"CCDC138",TRUE
"CCDC14",TRUE
"CCDC140",FALSE
"CCDC141",TRUE
"CCDC142",TRUE
"CCDC144A",TRUE
"CCDC144CP",TRUE
"CCDC146",TRUE
"CCDC148",TRUE
"CCDC148-AS1",FALSE
"CCDC149",TRUE
"CCDC15",TRUE
"CCDC150",TRUE
"CCDC152",TRUE
"CCDC154",TRUE
"CCDC157",TRUE
"CCDC158",TRUE
"CCDC159",TRUE
"CCDC160",TRUE
"CCDC162P",TRUE
"CCDC163",TRUE
"CCDC166",FALSE
"CCDC167",TRUE
"CCDC169",TRUE
"CCDC169-SOHLH2",FALSE
"CCDC17",TRUE
"CCDC170",TRUE
"CCDC171",TRUE
"CCDC172",FALSE
"CCDC174",TRUE
"CCDC175",FALSE
"CCDC177",FALSE
"CCDC178",FALSE
"CCDC179",FALSE
"CCDC18",TRUE
"CCDC180",TRUE
"CCDC181",TRUE
"CCDC182",FALSE
"CCDC183",TRUE
"CCDC183-AS1",TRUE
"CCDC184",TRUE
"CCDC185",FALSE
"CCDC186",TRUE
"CCDC187",FALSE
"CCDC188",FALSE
"CCDC190",FALSE
"CCDC191",TRUE
"CCDC192",FALSE
"CCDC194",FALSE
"CCDC196",TRUE
"CCDC197",FALSE
"CCDC198",TRUE
"CCDC200",TRUE
"CCDC22",TRUE
"CCDC24",TRUE
"CCDC25",TRUE
"CCDC27",FALSE
"CCDC28A",TRUE
"CCDC28A-AS1",FALSE
"CCDC28B",TRUE
"CCDC3",TRUE
"CCDC30",TRUE
"CCDC32",TRUE
"CCDC33",FALSE
"CCDC33-AS1",FALSE
"CCDC34",TRUE
"CCDC34P1",FALSE
"CCDC38",FALSE
"CCDC39-AS1",FALSE
"CCDC40",TRUE
"CCDC42",FALSE
"CCDC43",TRUE
"CCDC47",TRUE
"CCDC50",TRUE
"CCDC51",TRUE
"CCDC54",FALSE
"CCDC57",TRUE
"CCDC59",TRUE
"CCDC6",TRUE
"CCDC60",FALSE
"CCDC61",TRUE
"CCDC62",TRUE
"CCDC63",FALSE
"CCDC66",TRUE
"CCDC68",TRUE
"CCDC69",TRUE
"CCDC7",TRUE
"CCDC70",FALSE
"CCDC71",TRUE
"CCDC71L",TRUE
"CCDC73",FALSE
"CCDC74B",TRUE
"CCDC77",TRUE
"CCDC78",TRUE
"CCDC8",TRUE
"CCDC80",TRUE
"CCDC81",TRUE
"CCDC82",TRUE
"CCDC83",FALSE
"CCDC85A",TRUE
"CCDC85B",TRUE
"CCDC85C",TRUE
"CCDC86",TRUE
"CCDC86-AS1",FALSE
"CCDC86P1",FALSE
"CCDC86P2",FALSE
"CCDC87",TRUE
"CCDC88A",TRUE
"CCDC88B",TRUE
"CCDC88C",TRUE
"CCDC88C-DT",FALSE
"CCDC89",FALSE
"CCDC9",TRUE
"CCDC90B",TRUE
"CCDC91",TRUE
"CCDC92",TRUE
"CCDC92B",FALSE
"CCDC93",TRUE
"CCDC97",TRUE
"CCDC9B",TRUE
"CCDST",FALSE
"CCER1",FALSE
"CCER2",FALSE
"CCHCR1",TRUE
"CCIN",FALSE
"CCK",FALSE
"CCKAR",FALSE
"CCKBR",TRUE
"CCL1",FALSE
"CCL11",TRUE
"CCL13",FALSE
"CCL14",FALSE
"CCL15",FALSE
"CCL16",FALSE
"CCL17",FALSE
"CCL18",FALSE
"CCL19",FALSE
"CCL2",TRUE
"CCL20",TRUE
"CCL21",TRUE
"CCL22",TRUE
"CCL23",FALSE
"CCL24",FALSE
"CCL25",FALSE
"CCL26",FALSE
"CCL27",FALSE
"CCL28",TRUE
"CCL3",TRUE
"CCL3-AS1",FALSE
"CCL4",TRUE
"CCL5",TRUE
"CCL5-AS1",FALSE
"CCL7",TRUE
"CCL8",TRUE
"CCM2",TRUE
"CCM2L",FALSE
"CCN1",TRUE
"CCN2",TRUE
"CCN3",TRUE
"CCN4",TRUE
"CCN5",TRUE
"CCN6",FALSE
"CCNA1",TRUE
"CCNA2",TRUE
"CCNB1",TRUE
"CCNB1IP1",TRUE
"CCNB2",TRUE
"CCNB2P1",FALSE
"CCNB3",TRUE
"CCNB3P1",FALSE
"CCNC",TRUE
"CCND1",TRUE
"CCND2",TRUE
"CCND2-AS1",FALSE
"CCND3",TRUE
"CCND3P1",FALSE
"CCND3P2",FALSE
"CCNDBP1",TRUE
"CCNE1",TRUE
"CCNE2",TRUE
"CCNF",TRUE
"CCNG1",TRUE
"CCNG1P1",FALSE
"CCNG2",TRUE
"CCNG2P1",FALSE
"CCNH",TRUE
"CCNI",TRUE
"CCNI2",TRUE
"CCNJ",TRUE
"CCNJL",TRUE
"CCNK",TRUE
"CCNL1",TRUE
"CCNL2",TRUE
"CCNO",TRUE
"CCNO-DT",TRUE
"CCNP",FALSE
"CCNQ",TRUE
"CCNT1",TRUE
"CCNT2",TRUE
"CCNY",TRUE
"CCNYL1",TRUE
"CCNYL7",FALSE
"CCP110",TRUE
"CCPG1",TRUE
"CCR1",TRUE
"CCR10",FALSE
"CCR12P",FALSE
"CCR2",FALSE
"CCR3",FALSE
"CCR4",FALSE
"CCR5",TRUE
"CCR5AS",FALSE
"CCR6",FALSE
"CCR7",TRUE
"CCR8",FALSE
"CCR9",FALSE
"CCRL2",TRUE
"CCS",TRUE
"CCSAP",TRUE
"CCSER1",TRUE
"CCSER2",TRUE
"CCT2",TRUE
"CCT3",TRUE
"CCT3P1",FALSE
"CCT4",TRUE
"CCT4P2",FALSE
"CCT5",TRUE
"CCT5P1",FALSE
"CCT5P2",FALSE
"CCT6A",TRUE
"CCT6B",TRUE
"CCT6P2",FALSE
"CCT7",TRUE
"CCT7P1",FALSE
"CCT7P2",FALSE
"CCT8",TRUE
"CCT8L1P",FALSE
"CCT8L2",FALSE
"CCT8P1",TRUE
"CCZ1",TRUE
"CCZ1B",TRUE
"CCZ1P1",TRUE
"CD101",TRUE
"CD101-AS1",TRUE
"CD109",TRUE
"CD109-AS1",FALSE
"CD14",TRUE
"CD151",TRUE
"CD160",TRUE
"CD163",TRUE
"CD163L1",TRUE
"CD164",TRUE
"CD164L2",TRUE
"CD177",TRUE
"CD180",TRUE
"CD19",FALSE
"CD1A",FALSE
"CD1B",FALSE
"CD1C",FALSE
"CD1D",TRUE
"CD1E",FALSE
"CD2",FALSE
"CD200",TRUE
"CD200R1",FALSE
"CD200R1L",FALSE
"CD207",FALSE
"CD209",TRUE
"CD22",TRUE
"CD226",TRUE
"CD24",TRUE
"CD244",FALSE
"CD247",FALSE
"CD248",TRUE
"CD24P5",FALSE
"CD27",FALSE
"CD27-AS1",TRUE
"CD274",TRUE
"CD276",TRUE
"CD28",FALSE
"CD2AP",TRUE
"CD2BP2",TRUE
"CD300A",TRUE
"CD300C",TRUE
"CD300E",TRUE
"CD300LB",FALSE
"CD300LD",FALSE
"CD300LD-AS1",FALSE
"CD300LF",TRUE
"CD300LG",FALSE
"CD302",TRUE
"CD320",TRUE
"CD33",TRUE
"CD34",TRUE
"CD36",TRUE
"CD37",TRUE
"CD38",FALSE
"CD3D",FALSE
"CD3E",FALSE
"CD3G",FALSE
"CD4",TRUE
"CD40",TRUE
"CD40LG",FALSE
"CD44",TRUE
"CD44-DT",TRUE
"CD46",TRUE
"CD46P1",FALSE
"CD47",TRUE
"CD48",TRUE
"CD5",TRUE
"CD52",TRUE
"CD53",TRUE
"CD55",TRUE
"CD58",TRUE
"CD59",TRUE
"CD5L",FALSE
"CD6",TRUE
"CD63",TRUE
"CD63-AS1",TRUE
"CD68",FALSE
"CD69",FALSE
"CD7",FALSE
"CD70",FALSE
"CD72",TRUE
"CD74",TRUE
"CD79A",FALSE
"CD79B",FALSE
"CD80",TRUE
"CD81",TRUE
"CD81-AS1",TRUE
"CD82",TRUE
"CD82-AS1",FALSE
"CD83",TRUE
"CD83P1",FALSE
"CD84",TRUE
"CD86",TRUE
"CD8A",TRUE
"CD8B",TRUE
"CD8B2",FALSE
"CD9",TRUE
"CD93",TRUE
"CD96",FALSE
"CD99",TRUE
"CD99L2",TRUE
"CDA",TRUE
"CDADC1",TRUE
"CDAN1",TRUE
"CDC123",TRUE
"CDC14A",TRUE
"CDC14B",TRUE
"CDC14C",TRUE
"CDC16",TRUE
"CDC20",TRUE
"CDC20-DT",TRUE
"CDC20B",FALSE
"CDC20P1",TRUE
"CDC23",TRUE
"CDC25A",TRUE
"CDC25B",TRUE
"CDC25C",TRUE
"CDC26",TRUE
"CDC27",TRUE
"CDC27P2",FALSE
"CDC34",TRUE
"CDC37",TRUE
"CDC37L1",TRUE
"CDC37L1-DT",TRUE
"CDC40",TRUE
"CDC42",TRUE
"CDC42BPA",TRUE
"CDC42BPB",TRUE
"CDC42BPG",TRUE
"CDC42EP1",TRUE
"CDC42EP2",TRUE
"CDC42EP3",TRUE
"CDC42EP4",TRUE
"CDC42EP5",TRUE
"CDC42P1",FALSE
"CDC42SE1",TRUE
"CDC42SE2",TRUE
"CDC45",TRUE
"CDC50A",TRUE
"CDC50B",TRUE
"CDC5L",TRUE
"CDC6",TRUE
"CDC7",TRUE
"CDC73",TRUE
"CDCA2",TRUE
"CDCA3",TRUE
"CDCA3P1",FALSE
"CDCA4",TRUE
"CDCA4P1",FALSE
"CDCA4P3",FALSE
"CDCA5",TRUE
"CDCA7",TRUE
"CDCA7L",TRUE
"CDCA7P1",FALSE
"CDCA7P2",FALSE
"CDCA8",TRUE
"CDCP1",TRUE
"CDCP2",FALSE
"CDH1",TRUE
"CDH10",FALSE
"CDH11",TRUE
"CDH12",FALSE
"CDH12P1",FALSE
"CDH12P2",FALSE
"CDH12P3",FALSE
"CDH12P4",FALSE
"CDH13",TRUE
"CDH13-AS2",FALSE
"CDH15",FALSE
"CDH16",FALSE
"CDH17",TRUE
"CDH18",TRUE
"CDH18-AS1",FALSE
"CDH19",TRUE
"CDH2",TRUE
"CDH2-AS1",FALSE
"CDH20",FALSE
"CDH22",TRUE
"CDH23",TRUE
"CDH23-AS1",FALSE
"CDH24",TRUE
"CDH26",TRUE
"CDH3",TRUE
"CDH3-AS1",FALSE
"CDH4",TRUE
"CDH4-AS1",FALSE
"CDH4-AS2",FALSE
"CDH5",TRUE
"CDH6",TRUE
"CDH7",FALSE
"CDH8",FALSE
"CDH8-AS1",FALSE
"CDH9",FALSE
"CDHR1",TRUE
"CDHR2",TRUE
"CDHR3",TRUE
"CDHR4",FALSE
"CDHR5",TRUE
"CDIN1",TRUE
"CDIP1",TRUE
"CDIPT",TRUE
"CDK1",TRUE
"CDK10",TRUE
"CDK11A",TRUE
"CDK11B",TRUE
"CDK12",TRUE
"CDK13",TRUE
"CDK14",TRUE
"CDK15",FALSE
"CDK16",TRUE
"CDK17",TRUE
"CDK18",TRUE
"CDK19",TRUE
"CDK2",TRUE
"CDK20",TRUE
"CDK2AP1",TRUE
"CDK2AP2",TRUE
"CDK3",TRUE
"CDK4",TRUE
"CDK4P1",FALSE
"CDK5",TRUE
"CDK5P1",FALSE
"CDK5R1",TRUE
"CDK5R2",FALSE
"CDK5RAP1",TRUE
"CDK5RAP2",TRUE
"CDK5RAP3",TRUE
"CDK5RAP3P1",FALSE
"CDK6",TRUE
"CDK6-AS1",FALSE
"CDK7",TRUE
"CDK8",TRUE
"CDK8P1",FALSE
"CDK9",TRUE
"CDKAL1",TRUE
"CDKL1",TRUE
"CDKL2",TRUE
"CDKL3",TRUE
"CDKL4",FALSE
"CDKL5",TRUE
"CDKN1A",TRUE
"CDKN1B",TRUE
"CDKN1C",TRUE
"CDKN2A",TRUE
"CDKN2AIP",TRUE
"CDKN2B",TRUE
"CDKN2B-AS1",FALSE
"CDKN2C",TRUE
"CDKN2D",TRUE
"CDKN3",TRUE
"CDNF",TRUE
"CDO1",TRUE
"CDON",TRUE
"CDONP1",FALSE
"CDPF1",TRUE
"CDR2",TRUE
"CDR2-DT",FALSE
"CDR2L",TRUE
"CDRT15",FALSE
"CDRT15L2",FALSE
"CDRT15P3",FALSE
"CDRT4",TRUE
"CDRT7",FALSE
"CDRT8",FALSE
"CDS1",TRUE
"CDS2",TRUE
"CDSN",FALSE
"CDT1",TRUE
"CDV3",TRUE
"CDX1",FALSE
"CDX2",TRUE
"CDX4",FALSE
"CDY1",FALSE
"CDY12P",FALSE
"CDY13P",FALSE
"CDY14P",FALSE
"CDY1B",FALSE
"CDY20P",FALSE
"CDY23P",FALSE
"CDY2A",FALSE
"CDY2B",FALSE
"CDY7P",FALSE
"CDY8P",FALSE
"CDYL",TRUE
"CDYL-AS1",FALSE
"CDYL2",TRUE
"CEACAM1",TRUE
"CEACAM16",TRUE
"CEACAM16-AS1",TRUE
"CEACAM18",FALSE
"CEACAM19",TRUE
"CEACAM20",FALSE
"CEACAM21",FALSE
"CEACAM3",FALSE
"CEACAM4",TRUE
"CEACAM5",TRUE
"CEACAM6",TRUE
"CEACAM7",TRUE
"CEACAM8",FALSE
"CEACAMP1",FALSE
"CEACAMP10",FALSE
"CEACAMP7",FALSE
"CEACAMP9",FALSE
"CEBPA",TRUE
"CEBPA-DT",TRUE
"CEBPB",TRUE
"CEBPB-AS1",TRUE
"CEBPD",TRUE
"CEBPE",FALSE
"CEBPG",TRUE
"CEBPZ",TRUE
"CEBPZOS",TRUE
"CECR2",TRUE
"CECR3",FALSE
"CEDORA",FALSE
"CEL",TRUE
"CELA1",FALSE
"CELA2A",TRUE
"CELA2B",TRUE
"CELA3A",TRUE
"CELA3B",TRUE
"CELF1",TRUE
"CELF2",TRUE
"CELF2-AS1",FALSE
"CELF2-AS2",FALSE
"CELF3",TRUE
"CELF4",TRUE
"CELF5",TRUE
"CELF6",FALSE
"CELP",TRUE
"CELSR1",TRUE
"CELSR2",TRUE
"CELSR3",TRUE
"CEMIP",TRUE
"CEMIP2",TRUE
"CEMP1",FALSE
"CENATAC",TRUE
"CEND1",FALSE
"CENPA",FALSE
"CENPB",TRUE
"CENPC",TRUE
"CENPCP1",FALSE
"CENPE",TRUE
"CENPF",TRUE
"CENPH",TRUE
"CENPI",TRUE
"CENPK",TRUE
"CENPL",TRUE
"CENPM",TRUE
"CENPN",TRUE
"CENPNP1",FALSE
"CENPO",TRUE
"CENPP",TRUE
"CENPPP1",FALSE
"CENPQ",TRUE
"CENPS",TRUE
"CENPS-CORT",FALSE
"CENPT",TRUE
"CENPU",TRUE
"CENPUP2",FALSE
"CENPV",TRUE
"CENPVL1",FALSE
"CENPVL2",FALSE
"CENPVL3",FALSE
"CENPW",TRUE
"CENPX",TRUE
"CEP104",TRUE
"CEP112",TRUE
"CEP120",TRUE
"CEP126",TRUE
"CEP128",TRUE
"CEP131",TRUE
"CEP135",TRUE
"CEP15",TRUE
"CEP152",TRUE
"CEP162",TRUE
"CEP164",TRUE
"CEP164P1",FALSE
"CEP170",TRUE
"CEP170B",TRUE
"CEP19",TRUE
"CEP192",TRUE
"CEP192P1",TRUE
"CEP20",TRUE
"CEP250",TRUE
"CEP290",TRUE
"CEP295",TRUE
"CEP295NL",TRUE
"CEP350",TRUE
"CEP41",TRUE
"CEP43",TRUE
"CEP44",TRUE
"CEP55",TRUE
"CEP57",TRUE
"CEP57L1",TRUE
"CEP63",TRUE
"CEP68",TRUE
"CEP70",TRUE
"CEP72",TRUE
"CEP76",TRUE
"CEP78",TRUE
"CEP83",TRUE
"CEP83-DT",FALSE
"CEP85",TRUE
"CEP85L",TRUE
"CEP89",TRUE
"CEP95",TRUE
"CEP97",TRUE
"CEPT1",TRUE
"CER1",FALSE
"CERCAM",TRUE
"CERK",TRUE
"CERKL",TRUE
"CEROX1",TRUE
"CERS1",FALSE
"CERS2",TRUE
"CERS3",FALSE
"CERS4",TRUE
"CERS5",TRUE
"CERS6",TRUE
"CERS6-AS1",FALSE
"CERT1",TRUE
"CES1",TRUE
"CES2",TRUE
"CES3",TRUE
"CES4A",TRUE
"CES5A",FALSE
"CETN1",FALSE
"CETN2",TRUE
"CETN3",TRUE
"CETN3-AS1",FALSE
"CETP",TRUE
"CFAP100",FALSE
"CFAP100-DT",FALSE
"CFAP107",FALSE
"CFAP119",TRUE
"CFAP126",FALSE
"CFAP141",FALSE
"CFAP144",FALSE
"CFAP144P1",FALSE
"CFAP157",TRUE
"CFAP161",FALSE
"CFAP184",TRUE
"CFAP184-OT1",TRUE
"CFAP20",TRUE
"CFAP206",FALSE
"CFAP20DC",TRUE
"CFAP20DC-AS1",FALSE
"CFAP210",TRUE
"CFAP221",TRUE
"CFAP251",TRUE
"CFAP263",TRUE
"CFAP276",FALSE
"CFAP298",TRUE
"CFAP298-TCP10L",FALSE
"CFAP299",FALSE
"CFAP300",TRUE
"CFAP36",TRUE
"CFAP410",TRUE
"CFAP418",TRUE
"CFAP418-AS1",FALSE
"CFAP43",TRUE
"CFAP44",TRUE
"CFAP44-AS1",FALSE
"CFAP45",TRUE
"CFAP46",TRUE
"CFAP47",FALSE
"CFAP52",TRUE
"CFAP53",TRUE
"CFAP53P1",FALSE
"CFAP54",TRUE
"CFAP57",TRUE
"CFAP58",TRUE
"CFAP58-DT",FALSE
"CFAP61",TRUE
"CFAP65",TRUE
"CFAP65-AS1",FALSE
"CFAP68",TRUE
"CFAP69",TRUE
"CFAP69P1",FALSE
"CFAP70",TRUE
"CFAP73",TRUE
"CFAP74",FALSE
"CFAP77",FALSE
"CFAP90",TRUE
"CFAP91",TRUE
"CFAP92",TRUE
"CFAP95",TRUE
"CFAP95-DT",FALSE
"CFAP96",TRUE
"CFAP97",TRUE
"CFAP97D1",FALSE
"CFAP97P1",FALSE
"CFAP99",FALSE
"CFB",TRUE
"CFC1B",FALSE
"CFD",TRUE
"CFDP1",TRUE
"CFH",TRUE
"CFHR1",FALSE
"CFHR2",FALSE
"CFHR3",FALSE
"CFHR4",FALSE
"CFHR5",FALSE
"CFI",TRUE
"CFL1",TRUE
"CFL1P8",FALSE
"CFL2",TRUE
"CFLAR",TRUE
"CFLAR-AS1",TRUE
"CFP",TRUE
"CFTR",TRUE
"CFTR-AS1",TRUE
"CFTR-AS2",TRUE
"CFTRP2",FALSE
"CFTRP3",FALSE
"CGA",FALSE
"CGAS",TRUE
"CGB1",FALSE
"CGB2",FALSE
"CGB3",FALSE
"CGB5",FALSE
"CGB7",FALSE
"CGB8",FALSE
"CGGBP1",TRUE
"CGN",TRUE
"CGNL1",TRUE
"CGREF1",TRUE
"CGRRF1",TRUE
"CH25H",TRUE
"CHAC1",TRUE
"CHAC2",TRUE
"CHAD",TRUE
"CHADL",TRUE
"CHAF1A",TRUE
"CHAF1B",TRUE
"CHAMP1",TRUE
"CHAT",FALSE
"CHCHD1",TRUE
"CHCHD10",TRUE
"CHCHD2",TRUE
"CHCHD2P1",FALSE
"CHCHD2P11",FALSE
"CHCHD2P5",FALSE
"CHCHD3",TRUE
"CHCHD4",TRUE
"CHCHD4P1",FALSE
"CHCHD4P5",FALSE
"CHCHD5",TRUE
"CHCHD6",TRUE
"CHCHD7",TRUE
"CHCT1",FALSE
"CHD1",TRUE
"CHD1L",TRUE
"CHD2",TRUE
"CHD3",TRUE
"CHD4",TRUE
"CHD5",FALSE
"CHD6",TRUE
"CHD7",TRUE
"CHD8",TRUE
"CHD9",TRUE
"CHD9NB",TRUE
"CHDH",TRUE
"CHEK1",TRUE
"CHEK2",TRUE
"CHEK2P1",FALSE
"CHEK2P4",FALSE
"CHEK2P5",FALSE
"CHEK2P7",FALSE
"CHERP",TRUE
"CHFR",TRUE
"CHGA",TRUE
"CHGB",TRUE
"CHI3L1",TRUE
"CHI3L2",TRUE
"CHIA",FALSE
"CHIAP1",FALSE
"CHIC1",TRUE
"CHIC2",TRUE
"CHID1",TRUE
"CHIT1",TRUE
"CHKA",TRUE
"CHKB",TRUE
"CHKB-CPT1B",FALSE
"CHKB-DT",TRUE
"CHL1",TRUE
"CHL1-AS1",FALSE
"CHLSN",TRUE
"CHM",TRUE
"CHMP1A",TRUE
"CHMP1AP1",FALSE
"CHMP1B",TRUE
"CHMP2A",TRUE
"CHMP2B",TRUE
"CHMP3",TRUE
"CHMP3-AS1",TRUE
"CHMP4A",TRUE
"CHMP4B",TRUE
"CHMP4C",TRUE
"CHMP5",TRUE
"CHMP6",TRUE
"CHMP7",TRUE
"CHN1",TRUE
"CHN2",TRUE
"CHODL",FALSE
"CHORDC1",TRUE
"CHP1",TRUE
"CHP1P3",FALSE
"CHP2",FALSE
"CHPF",TRUE
"CHPF2",TRUE
"CHPT1",TRUE
"CHRAC1",TRUE
"CHRD",TRUE
"CHRDL1",TRUE
"CHRDL2",TRUE
"CHRFAM7A",TRUE
"CHRM1",TRUE
"CHRM1-AS1",FALSE
"CHRM2",FALSE
"CHRM3",TRUE
"CHRM3-AS1",FALSE
"CHRM3-AS2",FALSE
"CHRM4",FALSE
"CHRM5",TRUE
"CHRNA1",FALSE
"CHRNA10",TRUE
"CHRNA2",FALSE
"CHRNA3",TRUE
"CHRNA4",FALSE
"CHRNA5",TRUE
"CHRNA6",FALSE
"CHRNA7",TRUE
"CHRNA9",FALSE
"CHRNB1",TRUE
"CHRNB2",TRUE
"CHRNB3",TRUE
"CHRNB4",FALSE
"CHRND",FALSE
"CHRNE",TRUE
"CHRNG",FALSE
"CHROMR",TRUE
"CHST1",TRUE
"CHST10",TRUE
"CHST11",TRUE
"CHST12",TRUE
"CHST13",TRUE
"CHST14",TRUE
"CHST15",TRUE
"CHST2",TRUE
"CHST3",TRUE
"CHST4",TRUE
"CHST5",FALSE
"CHST6",TRUE
"CHST7",TRUE
"CHST8",TRUE
"CHST9",TRUE
"CHSY1",TRUE
"CHSY3",TRUE
"CHTF18",TRUE
"CHTF8",TRUE
"CHTOP",TRUE
"CHUK",TRUE
"CHURC1",TRUE
"CHURC1-FNTB",FALSE
"CIAO1",TRUE
"CIAO2A",TRUE
"CIAO2AP1",FALSE
"CIAO2B",TRUE
"CIAO3",TRUE
"CIAPIN1",TRUE
"CIART",TRUE
"CIB1",TRUE
"CIB2",TRUE
"CIB3",FALSE
"CIB4",FALSE
"CIBAR1",TRUE
"CIBAR1-DT",FALSE
"CIBAR2",FALSE
"CIC",TRUE
"CICP12",FALSE
"CICP21",FALSE
"CICP27",FALSE
"CICP28",FALSE
"CIDEA",FALSE
"CIDEB",FALSE
"CIDEC",FALSE
"CIDECP1",TRUE
"CIITA",TRUE
"CILK1",TRUE
"CILP",TRUE
"CILP2",TRUE
"CIMAP1A",FALSE
"CIMAP1B",TRUE
"CIMAP1C",FALSE
"CIMAP1D",FALSE
"CIMAP2",FALSE
"CIMAP3",TRUE
"CIMIP1",FALSE
"CIMIP2A",TRUE
"CIMIP2B",TRUE
"CIMIP2C",TRUE
"CIMIP4",FALSE
"CIMIP5",TRUE
"CIMIP6",FALSE
"CIMIP7",FALSE
"CINP",TRUE
"CIP2A",TRUE
"CIPC",TRUE
"CIR1P1",FALSE
"CIR1P2",FALSE
"CIR1P3",FALSE
"CIRBP",TRUE
"CIRBP-AS1",TRUE
"CIROZ",TRUE
"CIRSR",TRUE
"CISD1",TRUE
"CISD2",TRUE
"CISD3",TRUE
"CISH",TRUE
"CISTR",FALSE
"CIT",TRUE
"CITED1",TRUE
"CITED2",TRUE
"CITED4",TRUE
"CIZ1",TRUE
"CKAP2",TRUE
"CKAP2-DT",FALSE
"CKAP2L",TRUE
"CKAP2LP1",FALSE
"CKAP4",TRUE
"CKAP5",TRUE
"CKB",TRUE
"CKLF",TRUE
"CKLF-CMTM1",FALSE
"CKM",FALSE
"CKMT2",TRUE
"CKMT2-AS1",TRUE
"CKS1B",TRUE
"CKS2",TRUE
"CLASP1",TRUE
"CLASP2",TRUE
"CLASRP",TRUE
"CLBA1",TRUE
"CLC",FALSE
"CLCA1",FALSE
"CLCA2",FALSE
"CLCA4",FALSE
"CLCA4-AS1",FALSE
"CLCC1",TRUE
"CLCF1",TRUE
"CLCN1",FALSE
"CLCN2",TRUE
"CLCN3",TRUE
"CLCN3P1",FALSE
"CLCN4",TRUE
"CLCN5",TRUE
"CLCN6",TRUE
"CLCN7",TRUE
"CLCNKA",TRUE
"CLCNKB",TRUE
"CLDN1",TRUE
"CLDN10",TRUE
"CLDN10-AS1",TRUE
"CLDN11",TRUE
"CLDN12",TRUE
"CLDN14",TRUE
"CLDN14-AS1",TRUE
"CLDN15",TRUE
"CLDN16",TRUE
"CLDN17",FALSE
"CLDN18",TRUE
"CLDN19",FALSE
"CLDN2",TRUE
"CLDN20",TRUE
"CLDN22",FALSE
"CLDN23",TRUE
"CLDN24",FALSE
"CLDN25",FALSE
"CLDN3",TRUE
"CLDN34",FALSE
"CLDN4",TRUE
"CLDN5",TRUE
"CLDN6",TRUE
"CLDN7",TRUE
"CLDN8",TRUE
"CLDN9",TRUE
"CLDND1",TRUE
"CLDND1-AS1",FALSE
"CLDND2",TRUE
"CLEC10A",FALSE
"CLEC11A",TRUE
"CLEC12A",FALSE
"CLEC12A-AS1",FALSE
"CLEC12B",FALSE
"CLEC14A",TRUE
"CLEC16A",TRUE
"CLEC17A",FALSE
"CLEC18A",TRUE
"CLEC19A",FALSE
"CLEC1A",FALSE
"CLEC1B",FALSE
"CLEC20A",FALSE
"CLEC2A",FALSE
"CLEC2B",TRUE
"CLEC2D",TRUE
"CLEC2L",FALSE
"CLEC3A",FALSE
"CLEC3B",FALSE
"CLEC4A",TRUE
"CLEC4C",FALSE
"CLEC4D",FALSE
"CLEC4E",TRUE
"CLEC4F",FALSE
"CLEC4G",FALSE
"CLEC4M",FALSE
"CLEC4OP",FALSE
"CLEC5A",TRUE
"CLEC6A",FALSE
"CLEC7A",TRUE
"CLEC9A",FALSE
"CLGN",TRUE
"CLHC1",TRUE
"CLIC1",TRUE
"CLIC2",TRUE
"CLIC3",FALSE
"CLIC4",TRUE
"CLIC5",TRUE
"CLIC6",TRUE
"CLINT1",TRUE
"CLIP1",TRUE
"CLIP2",TRUE
"CLIP3",TRUE
"CLIP4",TRUE
"CLK1",TRUE
"CLK2",TRUE
"CLK3",TRUE
"CLK4",TRUE
"CLLU1",FALSE
"CLLU1-AS1",FALSE
"CLMAT3",FALSE
"CLMB",TRUE
"CLMN",TRUE
"CLMP",TRUE
"CLN3",TRUE
"CLN5",TRUE
"CLN6",TRUE
"CLN8",TRUE
"CLN8-AS1",TRUE
"CLNK",TRUE
"CLNS1A",TRUE
"CLNS1AP1",FALSE
"CLOCK",TRUE
"CLP1",TRUE
"CLPB",TRUE
"CLPP",TRUE
"CLPS",TRUE
"CLPSL1",TRUE
"CLPSL2",TRUE
"CLPTM1",TRUE
"CLPTM1L",TRUE
"CLPTM1LP1",FALSE
"CLPX",TRUE
"CLRN1",FALSE
"CLRN2",FALSE
"CLRN3",TRUE
"CLSPN",TRUE
"CLSPN-AS1",FALSE
"CLSTN1",TRUE
"CLSTN2",TRUE
"CLSTN2-AS1",FALSE
"CLSTN3",TRUE
"CLTA",TRUE
"CLTB",TRUE
"CLTC",TRUE
"CLTCL1",TRUE
"CLTRN",TRUE
"CLU",TRUE
"CLUAP1",TRUE
"CLUH",TRUE
"CLUHP10",FALSE
"CLUHP6",FALSE
"CLUL1",TRUE
"CLVS1",FALSE
"CLVS2",FALSE
"CLXN",TRUE
"CLYBL",TRUE
"CLYBL-AS1",FALSE
"CLYBL-AS2",FALSE
"CMA1",FALSE
"CMAS",TRUE
"CMBL",TRUE
"CMC1",TRUE
"CMC1P2",FALSE
"CMC2",TRUE
"CMC4",FALSE
"CMIP",TRUE
"CMKLR1",TRUE
"CMKLR2",FALSE
"CMPK1",TRUE
"CMPK1P2",FALSE
"CMPK2",TRUE
"CMTM1",TRUE
"CMTM2",FALSE
"CMTM3",TRUE
"CMTM4",TRUE
"CMTM5",FALSE
"CMTM6",TRUE
"CMTM7",TRUE
"CMTM8",TRUE
"CMTR1",TRUE
"CMTR2",TRUE
"CMYA5",TRUE
"CNBD1",FALSE
"CNBD2",TRUE
"CNBP",TRUE
"CNDP1",TRUE
"CNDP2",TRUE
"CNEP1R1",TRUE
"CNEP1R1P1",FALSE
"CNFN",TRUE
"CNGA1",TRUE
"CNGA2",FALSE
"CNGA3",TRUE
"CNGA4",TRUE
"CNGB1",TRUE
"CNGB3",FALSE
"CNIH1",TRUE
"CNIH2",TRUE
"CNIH3",TRUE
"CNIH3-AS2",TRUE
"CNIH4",TRUE
"CNKSR1",TRUE
"CNKSR2",TRUE
"CNKSR3",TRUE
"CNMD",FALSE
"CNN1",TRUE
"CNN2",TRUE
"CNN2P10",FALSE
"CNN2P12",FALSE
"CNN2P6",FALSE
"CNN3",TRUE
"CNNM1",TRUE
"CNNM2",TRUE
"CNNM3",TRUE
"CNNM4",TRUE
"CNOT1",TRUE
"CNOT10",TRUE
"CNOT10-AS1",FALSE
"CNOT11",TRUE
"CNOT2",TRUE
"CNOT3",TRUE
"CNOT4",TRUE
"CNOT4P1",FALSE
"CNOT6",TRUE
"CNOT6L",TRUE
"CNOT7",TRUE
"CNOT8",TRUE
"CNOT9",TRUE
"CNP",TRUE
"CNPPD1",TRUE
"CNPY1",FALSE
"CNPY2",TRUE
"CNPY3",TRUE
"CNPY4",TRUE
"CNR1",TRUE
"CNR2",FALSE
"CNRIP1",TRUE
"CNST",TRUE
"CNTD1",TRUE
"CNTF",TRUE
"CNTFR",FALSE
"CNTFR-AS1",FALSE
"CNTLN",TRUE
"CNTN1",TRUE
"CNTN2",FALSE
"CNTN3",TRUE
"CNTN4",TRUE
"CNTN4-AS2",FALSE
"CNTN5",FALSE
"CNTN6",FALSE
"CNTNAP1",TRUE
"CNTNAP2",TRUE
"CNTNAP2-AS1",FALSE
"CNTNAP3B",TRUE
"CNTNAP4",FALSE
"CNTNAP5",FALSE
"CNTNAP5-DT",FALSE
"CNTRL",TRUE
"CNTROB",TRUE
"COA1",TRUE
"COA3",TRUE
"COA4",TRUE
"COA5",TRUE
"COA6",TRUE
"COA6-AS1",TRUE
"COA7",TRUE
"COA8",TRUE
"COASY",TRUE
"COBL",TRUE
"COBLL1",TRUE
"COBLP1",FALSE
"COCH",TRUE
"COCH-AS1",TRUE
"COG1",TRUE
"COG2",TRUE
"COG3",TRUE
"COG4",TRUE
"COG5",TRUE
"COG6",TRUE
"COG7",TRUE
"COG8",TRUE
"COIL",TRUE
"COL10A1",TRUE
"COL11A1",TRUE
"COL11A2",TRUE
"COL11A2P1",FALSE
"COL12A1",TRUE
"COL13A1",TRUE
"COL14A1",TRUE
"COL15A1",TRUE
"COL16A1",TRUE
"COL17A1",TRUE
"COL18A1",TRUE
"COL18A1-AS1",TRUE
"COL18A1-AS2",FALSE
"COL19A1",TRUE
"COL1A1",TRUE
"COL1A2",TRUE
"COL20A1",FALSE
"COL21A1",TRUE
"COL22A1",TRUE
"COL23A1",FALSE
"COL24A1",TRUE
"COL25A1",FALSE
"COL25A1-DT",FALSE
"COL26A1",TRUE
"COL27A1",TRUE
"COL28A1",TRUE
"COL2A1",FALSE
"COL3A1",TRUE
"COL4A1",TRUE
"COL4A2",TRUE
"COL4A2-AS1",FALSE
"COL4A2-AS2",FALSE
"COL4A3",TRUE
"COL4A4",TRUE
"COL4A5",TRUE
"COL4A6",FALSE
"COL5A1",TRUE
"COL5A2",TRUE
"COL5A3",TRUE
"COL6A1",TRUE
"COL6A2",TRUE
"COL6A3",TRUE
"COL6A5",FALSE
"COL6A6",TRUE
"COL7A1",TRUE
"COL8A1",TRUE
"COL8A2",TRUE
"COL9A1",TRUE
"COL9A2",TRUE
"COL9A3",TRUE
"COLCA1",TRUE
"COLEC10",FALSE
"COLEC11",TRUE
"COLEC12",TRUE
"COLGALT1",TRUE
"COLGALT2",TRUE
"COLQ",TRUE
"COMMD1",TRUE
"COMMD10",TRUE
"COMMD2",TRUE
"COMMD3",TRUE
"COMMD3-BMI1",FALSE
"COMMD4",TRUE
"COMMD5",TRUE
"COMMD5P1",FALSE
"COMMD6",TRUE
"COMMD6P1",FALSE
"COMMD7",TRUE
"COMMD8",TRUE
"COMMD9",TRUE
"COMP",TRUE
"COMT",TRUE
"COMTD1",TRUE
"COP1",TRUE
"COP1P1",FALSE
"COPA",TRUE
"COPB1",TRUE
"COPB2",TRUE
"COPB2-DT",TRUE
"COPE",TRUE
"COPG1",TRUE
"COPG2",TRUE
"COPRS",TRUE
"COPS2",TRUE
"COPS3",TRUE
"COPS3P1",FALSE
"COPS4",TRUE
"COPS5",TRUE
"COPS5P2",FALSE
"COPS6",TRUE
"COPS7A",TRUE
"COPS7B",TRUE
"COPS8",TRUE
"COPS8-DT",TRUE
"COPS8P3",FALSE
"COPS9",TRUE
"COPZ1",TRUE
"COPZ2",TRUE
"COQ10A",TRUE
"COQ10B",TRUE
"COQ2",TRUE
"COQ3",TRUE
"COQ4",TRUE
"COQ5",TRUE
"COQ6",TRUE
"COQ7",TRUE
"COQ7-DT",FALSE
"COQ8A",TRUE
"COQ8B",TRUE
"COQ9",TRUE
"CORIN",TRUE
"CORIN-AS1",FALSE
"CORO1A",TRUE
"CORO1B",TRUE
"CORO1C",TRUE
"CORO1CP1",FALSE
"CORO2A",TRUE
"CORO2B",TRUE
"CORO6",TRUE
"CORO7",TRUE
"CORO7-PAM16",FALSE
"CORT",FALSE
"COSMOC",TRUE
"COTL1",TRUE
"COX10",TRUE
"COX10-DT",TRUE
"COX11",TRUE
"COX14",TRUE
"COX15",TRUE
"COX16",TRUE
"COX16P1",FALSE
"COX17",TRUE
"COX18",TRUE
"COX19",TRUE
"COX20",TRUE
"COX4I1",TRUE
"COX4I1P2",FALSE
"COX4I2",FALSE
"COX5A",TRUE
"COX5B",TRUE
"COX5BP2",FALSE
"COX5BP8",FALSE
"COX6A1",TRUE
"COX6A1P4",FALSE
"COX6A1P6",FALSE
"COX6A1P7",FALSE
"COX6A2",FALSE
"COX6B1",TRUE
"COX6B1P6",FALSE
"COX6B1P7",FALSE
"COX6B2",TRUE
"COX6C",TRUE
"COX6CP12",FALSE
"COX6CP13",FALSE
"COX6CP14",FALSE
"COX6CP15",FALSE
"COX6CP18",FALSE
"COX6CP5",FALSE
"COX6CP7",FALSE
"COX6CP8",FALSE
"COX7A1",TRUE
"COX7A2",TRUE
"COX7A2L",TRUE
"COX7B",TRUE
"COX7B2",FALSE
"COX7BP4",FALSE
"COX7C",TRUE
"COX7CP3",FALSE
"COX7CP4",FALSE
"COX8A",TRUE
"COX8C",FALSE
"COX8CP1",FALSE
"COXFA4",TRUE
"COXFA4L2",TRUE
"COXFA4L3",TRUE
"COXFA4P3",FALSE
"COXFA4P4",FALSE
"CP",TRUE
"CPA1",TRUE
"CPA2",TRUE
"CPA3",TRUE
"CPA4",TRUE
"CPA5",FALSE
"CPA6",FALSE
"CPAMD8",TRUE
"CPAMD8P1",FALSE
"CPAP",TRUE
"CPB1",TRUE
"CPB2",TRUE
"CPB2-AS1",FALSE
"CPD",TRUE
"CPDP1",FALSE
"CPE",TRUE
"CPEB1",TRUE
"CPEB1-AS1",FALSE
"CPEB2",TRUE
"CPEB2-DT",FALSE
"CPEB3",TRUE
"CPEB4",TRUE
"CPED1",TRUE
"CPLANE1",TRUE
"CPLANE2",TRUE
"CPLX1",TRUE
"CPLX2",TRUE
"CPLX3",FALSE
"CPLX4",FALSE
"CPM",TRUE
"CPN1",FALSE
"CPN2",FALSE
"CPNE1",TRUE
"CPNE2",TRUE
"CPNE3",TRUE
"CPNE4",FALSE
"CPNE5",FALSE
"CPNE6",FALSE
"CPNE7",TRUE
"CPNE8",TRUE
"CPNE9",FALSE
"CPO",TRUE
"CPOX",TRUE
"CPPED1",TRUE
"CPQ",TRUE
"CPS1",TRUE
"CPS1-IT1",FALSE
"CPSF1",TRUE
"CPSF1P1",FALSE
"CPSF1P2",FALSE
"CPSF2",TRUE
"CPSF3",TRUE
"CPSF4",TRUE
"CPSF4L",TRUE
"CPSF6",TRUE
"CPSF6P1",FALSE
"CPSF7",TRUE
"CPT1A",TRUE
"CPT1B",TRUE
"CPT1C",TRUE
"CPT2",TRUE
"CPTP",TRUE
"CPVL",TRUE
"CPVL-AS1",FALSE
"CPVL-AS2",FALSE
"CPXCR1",FALSE
"CPXM1",TRUE
"CPXM2",TRUE
"CPZ",FALSE
"CR1",TRUE
"CR1L",FALSE
"CR2",FALSE
"CRABP1",FALSE
"CRABP2",TRUE
"CRACD",TRUE
"CRACDL",TRUE
"CRACR2A",TRUE
"CRACR2B",TRUE
"CRADD",TRUE
"CRADD-AS1",FALSE
"CRAMP1",TRUE
"CRAT",TRUE
"CRAT37",TRUE
"CRB1",FALSE
"CRB2",FALSE
"CRB3",TRUE
"CRB3P1",FALSE
"CRBN",TRUE
"CRCP",TRUE
"CRCT1",TRUE
"CREB1",TRUE
"CREB3",TRUE
"CREB3L1",TRUE
"CREB3L2",TRUE
"CREB3L2-AS1",FALSE
"CREB3L3",TRUE
"CREB3L4",TRUE
"CREB5",TRUE
"CREBBP",TRUE
"CREBL2",TRUE
"CREBRF",TRUE
"CREBZF",TRUE
"CREG1",TRUE
"CREG2",TRUE
"CRELD1",TRUE
"CRELD2",TRUE
"CREM",TRUE
"CRH",FALSE
"CRHBP",FALSE
"CRHR2",TRUE
"CRIM1",TRUE
"CRIM1-DT",TRUE
"CRIP1",FALSE
"CRIP1P1",FALSE
"CRIP1P3",FALSE
"CRIP2",TRUE
"CRIP3",TRUE
"CRIPT",TRUE
"CRIPTO",FALSE
"CRIPTO3",FALSE
"CRISP1",FALSE
"CRISP2",FALSE
"CRISP3",TRUE
"CRISPLD1",TRUE
"CRISPLD2",TRUE
"CRK",TRUE
"CRKL",TRUE
"CRLF1",TRUE
"CRLF2",FALSE
"CRLF3",TRUE
"CRLS1",TRUE
"CRMP1",TRUE
"CRNKL1",TRUE
"CRNN",FALSE
"CROCC",TRUE
"CROCC2",FALSE
"CROCCP1",FALSE
"CROCCP3",TRUE
"CROCCP4",FALSE
"CROT",TRUE
"CRP",TRUE
"CRPP1",FALSE
"CRPPA",TRUE
"CRPPA-AS1",FALSE
"CRTAC1",TRUE
"CRTAM",FALSE
"CRTAP",TRUE
"CRTC1",TRUE
"CRTC1P1",FALSE
"CRTC2",TRUE
"CRTC3",TRUE
"CRTC3-AS1",TRUE
"CRX",FALSE
"CRY1",TRUE
"CRY2",TRUE
"CRYAB",TRUE
"CRYBA1",FALSE
"CRYBA2",TRUE
"CRYBA4",FALSE
"CRYBB1",FALSE
"CRYBB2",FALSE
"CRYBB3",TRUE
"CRYBG1",TRUE
"CRYBG2",TRUE
"CRYBG3",TRUE
"CRYGA",FALSE
"CRYGB",FALSE
"CRYGC",FALSE
"CRYGD",FALSE
"CRYGGP",FALSE
"CRYGN",FALSE
"CRYGS",TRUE
"CRYL1",TRUE
"CRYM",TRUE
"CRYZ",TRUE
"CRYZL1",TRUE
"CS",TRUE
"CSAD",TRUE
"CSAG1",FALSE
"CSDC2",TRUE
"CSDE1",TRUE
"CSE1L",TRUE
"CSE1L-DT",FALSE
"CSF1",TRUE
"CSF1R",TRUE
"CSF2",TRUE
"CSF2RA",TRUE
"CSF2RB",TRUE
"CSF2RBP1",FALSE
"CSF3",TRUE
"CSF3R",TRUE
"CSGALNACT1",TRUE
"CSGALNACT1-AS1",FALSE
"CSGALNACT2",TRUE
"CSGALNACT2-DT",TRUE
"CSGALNACT2P1",FALSE
"CSH2",FALSE
"CSHL1",FALSE
"CSK",TRUE
"CSKMT",TRUE
"CSMD1",FALSE
"CSMD2",TRUE
"CSMD2-AS1",FALSE
"CSMD3",TRUE
"CSN1S1",FALSE
"CSN2",FALSE
"CSN3",FALSE
"CSNK1A1",TRUE
"CSNK1A1L",FALSE
"CSNK1D",TRUE
"CSNK1E",TRUE
"CSNK1G1",TRUE
"CSNK1G2",TRUE
"CSNK1G2-AS1",FALSE
"CSNK1G3",TRUE
"CSNK2A1",TRUE
"CSNK2A2",TRUE
"CSNK2A3",TRUE
"CSNK2B",TRUE
"CSP2",FALSE
"CSPG4",TRUE
"CSPG4BP",TRUE
"CSPG4P10",TRUE
"CSPG4P12",TRUE
"CSPG4P13",FALSE
"CSPG4P1Y",FALSE
"CSPG4P2Y",FALSE
"CSPG5",TRUE
"CSPP1",TRUE
"CSRNP1",TRUE
"CSRNP2",TRUE
"CSRNP3",TRUE
"CSRP1",TRUE
"CSRP1-AS1",TRUE
"CSRP2",TRUE
"CSRP3",FALSE
"CST1",FALSE
"CST11",FALSE
"CST12P",FALSE
"CST2",FALSE
"CST3",TRUE
"CST4",FALSE
"CST5",TRUE
"CST6",TRUE
"CST7",FALSE
"CST8",FALSE
"CST9",FALSE
"CST9L",FALSE
"CST9LP2",FALSE
"CSTA",TRUE
"CSTB",TRUE
"CSTBP1",FALSE
"CSTF1",TRUE
"CSTF2",TRUE
"CSTF2T",TRUE
"CSTF3",TRUE
"CSTF3-DT",FALSE
"CSTL1",FALSE
"CSTP1",FALSE
"CSTP2",FALSE
"CSTPP1",TRUE
"CT45A1",FALSE
"CT45A11P",FALSE
"CT45A2",FALSE
"CT45A5",FALSE
"CT45A6",FALSE
"CT45A7",FALSE
"CT45A8",FALSE
"CT45A9",FALSE
"CT47A1",FALSE
"CT47A11",FALSE
"CT47A12",FALSE
"CT47A7",FALSE
"CT47B1",FALSE
"CT47C1",FALSE
"CT55",FALSE
"CT55P2",FALSE
"CT62",TRUE
"CT66",FALSE
"CT69",FALSE
"CT70",FALSE
"CT83",FALSE
"CTAG1A",FALSE
"CTAG1B",FALSE
"CTAG2",FALSE
"CTAGE1",FALSE
"CTAGE10P",FALSE
"CTAGE11P",FALSE
"CTAGE12P",FALSE
"CTAGE13P",FALSE
"CTAGE14P",FALSE
"CTAGE15",TRUE
"CTAGE16P",FALSE
"CTAGE3P",FALSE
"CTAGE6",FALSE
"CTAGE7P",TRUE
"CTAGE9",FALSE
"CTB-30L5.1",FALSE
"CTBP1",TRUE
"CTBP1-AS",TRUE
"CTBP1-DT",TRUE
"CTBP2",TRUE
"CTBP2P4",TRUE
"CTBP2P7",FALSE
"CTBS",TRUE
"CTC1",TRUE
"CTCF",TRUE
"CTCFL",FALSE
"CTDNEP1",TRUE
"CTDP1",TRUE
"CTDP1-DT",FALSE
"CTDSP1",TRUE
"CTDSP2",TRUE
"CTDSPL",TRUE
"CTDSPL2",TRUE
"CTF1",TRUE
"CTF2P",FALSE
"CTH",TRUE
"CTHRC1",TRUE
"CTHRC1P1",FALSE
"CTIF",TRUE
"CTLA4",FALSE
"CTNNA1",TRUE
"CTNNA1-AS1",FALSE
"CTNNA2",TRUE
"CTNNA3",FALSE
"CTNNAL1",TRUE
"CTNNB1",TRUE
"CTNNBIP1",TRUE
"CTNNBIP1-AS1",FALSE
"CTNNBL1",TRUE
"CTNNBL1P1",FALSE
"CTNND1",TRUE
"CTNND2",TRUE
"CTNS",TRUE
"CTPS1",TRUE
"CTPS2",TRUE
"CTR9",TRUE
"CTRB1",TRUE
"CTRB2",TRUE
"CTRC",TRUE
"CTRL",FALSE
"CTSA",TRUE
"CTSB",TRUE
"CTSC",TRUE
"CTSD",TRUE
"CTSE",TRUE
"CTSF",TRUE
"CTSG",FALSE
"CTSH",TRUE
"CTSK",TRUE
"CTSL",TRUE
"CTSLP3",TRUE
"CTSO",TRUE
"CTSS",TRUE
"CTSV",TRUE
"CTSW",FALSE
"CTSZ",TRUE
"CTTN",TRUE
"CTTNBP2",TRUE
"CTTNBP2NL",TRUE
"CTU1",TRUE
"CTU2",TRUE
"CTXN1",TRUE
"CTXN2",FALSE
"CTXN3",FALSE
"CTXND1",TRUE
"CUBN",TRUE
"CUBNP1",FALSE
"CUBNP2",FALSE
"CUBNP3",FALSE
"CUEDC1",TRUE
"CUEDC2",TRUE
"CUL1",TRUE
"CUL2",TRUE
"CUL3",TRUE
"CUL4A",TRUE
"CUL4B",TRUE
"CUL5",TRUE
"CUL7",TRUE
"CUL9",TRUE
"CUTA",TRUE
"CUTC",TRUE
"CUX1",TRUE
"CUX2",TRUE
"CUZD1",TRUE
"CWC15",TRUE
"CWC22",TRUE
"CWC25",TRUE
"CWC27",TRUE
"CWF19L1",TRUE
"CWF19L2",TRUE
"CWH43",FALSE
"CX3CL1",TRUE
"CX3CR1",FALSE
"CXADR",TRUE
"CXADRP1",FALSE
"CXCL1",TRUE
"CXCL10",TRUE
"CXCL11",TRUE
"CXCL12",TRUE
"CXCL13",FALSE
"CXCL14",TRUE
"CXCL16",TRUE
"CXCL17",TRUE
"CXCL2",TRUE
"CXCL3",TRUE
"CXCL5",TRUE
"CXCL6",TRUE
"CXCL8",TRUE
"CXCL9",FALSE
"CXCR1",FALSE
"CXCR2",FALSE
"CXCR3",FALSE
"CXCR4",TRUE
"CXCR5",FALSE
"CXCR6",TRUE
"CXXC1",TRUE
"CXXC4",TRUE
"CXXC4-AS1",FALSE
"CXXC5",TRUE
"CXXC5-AS1",FALSE
"CXorf38",TRUE
"CXorf49",FALSE
"CXorf49B",FALSE
"CXorf51A",FALSE
"CXorf51B",FALSE
"CXorf58",FALSE
"CXorf65",FALSE
"CXorf66",FALSE
"CYB561",TRUE
"CYB561A3",TRUE
"CYB561D1",TRUE
"CYB561D2",TRUE
"CYB5A",TRUE
"CYB5B",TRUE
"CYB5D1",TRUE
"CYB5D2",TRUE
"CYB5R1",TRUE
"CYB5R2",TRUE
"CYB5R3",TRUE
"CYB5RL",TRUE
"CYBA",TRUE
"CYBB",TRUE
"CYBC1",TRUE
"CYBRD1",TRUE
"CYC1",TRUE
"CYCS",TRUE
"CYCSP2",FALSE
"CYCSP23",FALSE
"CYCSP3",FALSE
"CYCSP42",FALSE
"CYCSP5",FALSE
"CYCSP52",FALSE
"CYCSP53",FALSE
"CYCTP",FALSE
"CYFIP1",TRUE
"CYFIP2",TRUE
"CYGB",TRUE
"CYKILR",TRUE
"CYLC1",FALSE
"CYLC2",FALSE
"CYLD",TRUE
"CYLD-AS1",TRUE
"CYLD-AS2",FALSE
"CYMP",FALSE
"CYMP-AS1",FALSE
"CYP11A1",FALSE
"CYP11B1",FALSE
"CYP11B2",FALSE
"CYP17A1",TRUE
"CYP19A1",FALSE
"CYP1A1",TRUE
"CYP1A2",FALSE
"CYP1B1",TRUE
"CYP1B1-AS1",TRUE
"CYP1D1P",FALSE
"CYP20A1",TRUE
"CYP21A2",TRUE
"CYP24A1",FALSE
"CYP26A1",FALSE
"CYP26B1",TRUE
"CYP26C1",FALSE
"CYP27A1",TRUE
"CYP27B1",TRUE
"CYP27C1",FALSE
"CYP2A13",FALSE
"CYP2A6",FALSE
"CYP2A7",FALSE
"CYP2A7P1",FALSE
"CYP2AB1P",FALSE
"CYP2AC1P",FALSE
"CYP2B6",FALSE
"CYP2C18",TRUE
"CYP2C19",FALSE
"CYP2C56P",FALSE
"CYP2C58P",FALSE
"CYP2C60P",FALSE
"CYP2C61P",FALSE
"CYP2C8",TRUE
"CYP2C9",TRUE
"CYP2D6",TRUE
"CYP2D8P",TRUE
"CYP2E1",TRUE
"CYP2F1",FALSE
"CYP2G2P",FALSE
"CYP2J2",TRUE
"CYP2R1",TRUE
"CYP2S1",TRUE
"CYP2T3P",FALSE
"CYP2U1",TRUE
"CYP2W1",TRUE
"CYP39A1",TRUE
"CYP3A137P",FALSE
"CYP3A4",TRUE
"CYP3A43",TRUE
"CYP3A5",TRUE
"CYP3A51P",FALSE
"CYP3A52P",FALSE
"CYP3A54P",FALSE
"CYP3A7",FALSE
"CYP3A7-CYP3A51P",FALSE
"CYP46A1",TRUE
"CYP4A11",FALSE
"CYP4A22",FALSE
"CYP4A27P",FALSE
"CYP4A43P",FALSE
"CYP4A44P",FALSE
"CYP4B1",TRUE
"CYP4F11",TRUE
"CYP4F12",TRUE
"CYP4F2",FALSE
"CYP4F22",FALSE
"CYP4F26P",FALSE
"CYP4F27P",FALSE
"CYP4F3",TRUE
"CYP4F30P",FALSE
"CYP4F32P",FALSE
"CYP4F33P",TRUE
"CYP4F36P",FALSE
"CYP4F44P",FALSE
"CYP4F60P",TRUE
"CYP4F8",FALSE
"CYP4V2",TRUE
"CYP4X1",TRUE
"CYP4Z1",FALSE
"CYP51A1",TRUE
"CYP51A1-AS1",FALSE
"CYP7A1",FALSE
"CYP7B1",TRUE
"CYP8B1",FALSE
"CYREN",TRUE
"CYRIA",TRUE
"CYRIB",TRUE
"CYS1",TRUE
"CYSLTR1",FALSE
"CYSLTR2",FALSE
"CYSRT1",TRUE
"CYSTM1",TRUE
"CYTH1",TRUE
"CYTH1P1",FALSE
"CYTH2",TRUE
"CYTH3",TRUE
"CYTH4",TRUE
"CYTIP",TRUE
"CYTL1",TRUE
"CYTOR",TRUE
"CYYR1",TRUE
"CYYR1-AS1",FALSE
"CZIB",TRUE
"CZIB-DT",FALSE
"D21S2088E",FALSE
"D2HGDH",TRUE
"DAAM1",TRUE
"DAAM2",TRUE
"DAAM2-AS1",TRUE
"DAB1",FALSE
"DAB1-AS1",FALSE
"DAB2",TRUE
"DAB2IP",TRUE
"DACH1",TRUE
"DACH2",FALSE
"DACT1",TRUE
"DACT2",TRUE
"DACT3",TRUE
"DACT3-AS1",FALSE
"DAD1",TRUE
"DAG1",TRUE
"DAGLA",TRUE
"DAGLB",TRUE
"DALRD3",TRUE
"DANCR",TRUE
"DAND5",FALSE
"DANT2",TRUE
"DAO",FALSE
"DAOA",FALSE
"DAOA-AS1",FALSE
"DAP",TRUE
"DAP-DT",FALSE
"DAP3",TRUE
"DAPK1",TRUE
"DAPK1-IT1",FALSE
"DAPK2",TRUE
"DAPK3",TRUE
"DAPL1",TRUE
"DAPP1",TRUE
"DARS1",TRUE
"DARS1-AS1",TRUE
"DARS2",TRUE
"DAW1",FALSE
"DAZ1",FALSE
"DAZ2",FALSE
"DAZ3",FALSE
"DAZ4",FALSE
"DAZAP1",TRUE
"DAZAP2",TRUE
"DAZL",FALSE
"DBET",FALSE
"DBF4",TRUE
"DBF4B",TRUE
"DBF4P2",FALSE
"DBF4P3",FALSE
"DBH",TRUE
"DBH-AS1",TRUE
"DBI",TRUE
"DBN1",TRUE
"DBNDD1",TRUE
"DBNDD2",TRUE
"DBNL",TRUE
"DBP",TRUE
"DBR1",TRUE
"DBT",TRUE
"DBX1",FALSE
"DBX2",FALSE
"DCAF1",TRUE
"DCAF10",TRUE
"DCAF11",TRUE
"DCAF12",TRUE
"DCAF12L1",FALSE
"DCAF12L2",FALSE
"DCAF13",TRUE
"DCAF13P1",FALSE
"DCAF15",TRUE
"DCAF16",TRUE
"DCAF17",TRUE
"DCAF4",TRUE
"DCAF4L1",TRUE
"DCAF4L2",FALSE
"DCAF5",TRUE
"DCAF6",TRUE
"DCAF7",TRUE
"DCAF8",TRUE
"DCAF8-DT",TRUE
"DCAF8L1",FALSE
"DCAF8L2",FALSE
"DCAKD",TRUE
"DCANP1",FALSE
"DCBLD1",TRUE
"DCBLD2",TRUE
"DCC",TRUE
"DCD",FALSE
"DCDC1",TRUE
"DCDC2",TRUE
"DCDC2B",TRUE
"DCDC2C",FALSE
"DCHS1",TRUE
"DCHS2",FALSE
"DCK",TRUE
"DCLK1",TRUE
"DCLK2",TRUE
"DCLK3",TRUE
"DCLRE1A",TRUE
"DCLRE1B",TRUE
"DCLRE1C",TRUE
"DCN",TRUE
"DCP1A",TRUE
"DCP1B",TRUE
"DCP2",TRUE
"DCPH1",TRUE
"DCPS",TRUE
"DCST1",TRUE
"DCST1-AS1",TRUE
"DCST2",TRUE
"DCSTAMP",TRUE
"DCT",TRUE
"DCTD",TRUE
"DCTN1",TRUE
"DCTN1-AS1",FALSE
"DCTN2",TRUE
"DCTN3",TRUE
"DCTN4",TRUE
"DCTN5",TRUE
"DCTN6",TRUE
"DCTN6-DT",TRUE
"DCTPP1",TRUE
"DCUN1D1",TRUE
"DCUN1D2",TRUE
"DCUN1D3",TRUE
"DCUN1D4",TRUE
"DCUN1D5",TRUE
"DCX",TRUE
"DCXR",TRUE
"DCXR-DT",FALSE
"DDA1",TRUE
"DDAH1",TRUE
"DDAH2",TRUE
"DDB1",TRUE
"DDB2",TRUE
"DDC",TRUE
"DDC-AS1",FALSE
"DDHD1",TRUE
"DDHD1-DT",FALSE
"DDHD2",TRUE
"DDI1",FALSE
"DDI2",TRUE
"DDIAS",TRUE
"DDIT3",TRUE
"DDIT4",TRUE
"DDIT4L",TRUE
"DDIT4L-AS1",FALSE
"DDN",FALSE
"DDN-AS1",TRUE
"DDO",TRUE
"DDOST",TRUE
"DDR1",TRUE
"DDR2",TRUE
"DDRGK1",TRUE
"DDTL",TRUE
"DDTP1",FALSE
"DDX1",TRUE
"DDX10",TRUE
"DDX10P1",FALSE
"DDX10P2",FALSE
"DDX11",TRUE
"DDX11-AS1",TRUE
"DDX17",TRUE
"DDX18",TRUE
"DDX18P1",TRUE
"DDX18P2",FALSE
"DDX18P3",FALSE
"DDX19A",TRUE
"DDX19A-DT",TRUE
"DDX19B",TRUE
"DDX20",TRUE
"DDX20P1",FALSE
"DDX21",TRUE
"DDX23",TRUE
"DDX24",TRUE
"DDX25",TRUE
"DDX27",TRUE
"DDX28",TRUE
"DDX31",TRUE
"DDX39A",TRUE
"DDX39B",TRUE
"DDX39B-AS1",FALSE
"DDX3P2",FALSE
"DDX3X",TRUE
"DDX3Y",TRUE
"DDX4",TRUE
"DDX41",TRUE
"DDX42",TRUE
"DDX43",TRUE
"DDX43P2",FALSE
"DDX43P3",FALSE
"DDX46",TRUE
"DDX47",TRUE
"DDX49",TRUE
"DDX5",TRUE
"DDX50",TRUE
"DDX51",TRUE
"DDX52",TRUE
"DDX53",FALSE
"DDX54",TRUE
"DDX55",TRUE
"DDX55P1",FALSE
"DDX56",TRUE
"DDX59",TRUE
"DDX59-AS1",FALSE
"DDX5P1",FALSE
"DDX6",TRUE
"DDX60",TRUE
"DDX60L",TRUE
"DEAF1",TRUE
"DECR1",TRUE
"DECR2",TRUE
"DEDD",TRUE
"DEDD2",TRUE
"DEF6",TRUE
"DEF8",TRUE
"DEFA1",FALSE
"DEFA10P",FALSE
"DEFA11P",FALSE
"DEFA3",FALSE
"DEFA4",FALSE
"DEFA5",FALSE
"DEFA6",FALSE
"DEFA7P",FALSE
"DEFA8P",FALSE
"DEFA9P",FALSE
"DEFB1",TRUE
"DEFB108B",FALSE
"DEFB108F",FALSE
"DEFB109B",FALSE
"DEFB109C",FALSE
"DEFB110",FALSE
"DEFB112",FALSE
"DEFB113",FALSE
"DEFB114",FALSE
"DEFB115",FALSE
"DEFB116",FALSE
"DEFB118",FALSE
"DEFB119",FALSE
"DEFB121",FALSE
"DEFB123",FALSE
"DEFB124",FALSE
"DEFB125",FALSE
"DEFB126",FALSE
"DEFB127",FALSE
"DEFB128",FALSE
"DEFB129",FALSE
"DEFB130A",FALSE
"DEFB130D",FALSE
"DEFB131A",FALSE
"DEFB131B",FALSE
"DEFB131C",FALSE
"DEFB131D",FALSE
"DEFB132",FALSE
"DEFB133",FALSE
"DEFB134",FALSE
"DEFB135",FALSE
"DEFB136",FALSE
"DEGS1",TRUE
"DEGS2",TRUE
"DEK",TRUE
"DELE1",TRUE
"DELEC1",FALSE
"DENND10",TRUE
"DENND11",TRUE
"DENND1A",TRUE
"DENND1B",TRUE
"DENND1C",TRUE
"DENND2A",TRUE
"DENND2B",TRUE
"DENND2C",TRUE
"DENND2D",TRUE
"DENND3",TRUE
"DENND3-AS1",TRUE
"DENND4A",TRUE
"DENND4B",TRUE
"DENND4C",TRUE
"DENND5A",TRUE
"DENND5B",TRUE
"DENND5B-AS1",FALSE
"DENND6A",TRUE
"DENND6A-DT",FALSE
"DENND6B",TRUE
"DENR",TRUE
"DENRP4",FALSE
"DEPDC1",TRUE
"DEPDC1-AS1",FALSE
"DEPDC1-AS2",FALSE
"DEPDC1B",TRUE
"DEPDC4",TRUE
"DEPDC5",TRUE
"DEPDC7",TRUE
"DEPP1",TRUE
"DEPTOR",TRUE
"DERA",TRUE
"DERL1",TRUE
"DERL2",TRUE
"DERL3",TRUE
"DES",FALSE
"DESI1",TRUE
"DESI2",TRUE
"DET1",TRUE
"DEUP1",TRUE
"DEXI",FALSE
"DFFA",TRUE
"DFFB",TRUE
"DFFBP1",FALSE
"DGAT1",TRUE
"DGAT2",TRUE
"DGAT2-DT",FALSE
"DGAT2L6",FALSE
"DGAT2L7P",FALSE
"DGCR11",TRUE
"DGCR2",TRUE
"DGCR5",TRUE
"DGCR6",TRUE
"DGCR6L",TRUE
"DGCR8",TRUE
"DGKA",TRUE
"DGKB",FALSE
"DGKD",TRUE
"DGKE",TRUE
"DGKG",TRUE
"DGKH",TRUE
"DGKI",TRUE
"DGKK",FALSE
"DGKQ",TRUE
"DGKZ",TRUE
"DGKZP1",TRUE
"DGLUCY",TRUE
"DGUOK",TRUE
"DGUOK-AS1",TRUE
"DHCR24",TRUE
"DHCR7",TRUE
"DHCR7-DT",TRUE
"DHDDS",TRUE
"DHDH",TRUE
"DHFR",TRUE
"DHFR2",TRUE
"DHH",FALSE
"DHH-AS1",FALSE
"DHODH",TRUE
"DHPS",TRUE
"DHRS1",TRUE
"DHRS11",TRUE
"DHRS12",TRUE
"DHRS13",TRUE
"DHRS2",TRUE
"DHRS3",TRUE
"DHRS4",TRUE
"DHRS4-AS1",TRUE
"DHRS4L2",TRUE
"DHRS7",TRUE
"DHRS7B",TRUE
"DHRS7C",FALSE
"DHRS9",FALSE
"DHRSX",TRUE
"DHTKD1",TRUE
"DHX15",TRUE
"DHX16",TRUE
"DHX29",TRUE
"DHX30",TRUE
"DHX32",TRUE
"DHX33",TRUE
"DHX34",TRUE
"DHX35",TRUE
"DHX36",TRUE
"DHX37",TRUE
"DHX38",TRUE
"DHX40",TRUE
"DHX40P1",FALSE
"DHX57",TRUE
"DHX58",TRUE
"DHX8",TRUE
"DHX9",TRUE
"DIABLO",TRUE
"DIAPH1",TRUE
"DIAPH1-AS1",FALSE
"DIAPH2",TRUE
"DIAPH2-AS1",FALSE
"DIAPH3",TRUE
"DIAPH3-AS1",FALSE
"DICER1",TRUE
"DICER1-AS1",TRUE
"DIDO1",TRUE
"DIMT1",TRUE
"DIMT1P1",FALSE
"DIO1",FALSE
"DIO2",TRUE
"DIO2-AS1",FALSE
"DIO3",TRUE
"DIO3OS",TRUE
"DIP2A",TRUE
"DIP2A-IT1",FALSE
"DIP2B",TRUE
"DIP2C",TRUE
"DIP2C-AS1",TRUE
"DIP2C-AS2",FALSE
"DIPK1A",TRUE
"DIPK1B",TRUE
"DIPK1C",FALSE
"DIPK2A",TRUE
"DIPK2B",TRUE
"DIRAS1",TRUE
"DIRAS2",TRUE
"DIRAS3",TRUE
"DIRC3",TRUE
"DIS3",TRUE
"DIS3L",TRUE
"DIS3L-AS1",FALSE
"DIS3L2",TRUE
"DIS3L2P1",FALSE
"DISC1",TRUE
"DISC1-IT1",FALSE
"DISP1",TRUE
"DISP2",TRUE
"DISP3",TRUE
"DIXDC1",TRUE
"DKC1",TRUE
"DKFZP434A062",FALSE
"DKK1",TRUE
"DKK2",FALSE
"DKK2-AS2",FALSE
"DKK3",TRUE
"DKK4",FALSE
"DKKL1",TRUE
"DLAT",TRUE
"DLC1",TRUE
"DLD",TRUE
"DLEC1",TRUE
"DLEC1P1",FALSE
"DLEU2",TRUE
"DLG1",TRUE
"DLG1-AS1",FALSE
"DLG2",TRUE
"DLG3",TRUE
"DLG3-AS1",TRUE
"DLG4",TRUE
"DLG5",TRUE
"DLGAP1",FALSE
"DLGAP1-AS3",FALSE
"DLGAP1-AS4",FALSE
"DLGAP1-AS5",FALSE
"DLGAP1-AS6",FALSE
"DLGAP2",FALSE
"DLGAP2-AS1",FALSE
"DLGAP3",TRUE
"DLGAP4",TRUE
"DLGAP4-AS1",TRUE
"DLGAP5",TRUE
"DLGAP5P1",FALSE
"DLK1",TRUE
"DLK2",TRUE
"DLL1",TRUE
"DLL3",FALSE
"DLL4",TRUE
"DLST",TRUE
"DLX1",FALSE
"DLX2",FALSE
"DLX2-DT",FALSE
"DLX3",TRUE
"DLX4",TRUE
"DLX5",FALSE
"DLX6",FALSE
"DMAC1",TRUE
"DMAC2",TRUE
"DMAC2L",TRUE
"DMAP1",TRUE
"DMBT1",TRUE
"DMBX1",FALSE
"DMC1",TRUE
"DMD",TRUE
"DMGDH",TRUE
"DMKN",TRUE
"DMP1",FALSE
"DMP1-AS1",FALSE
"DMPK",TRUE
"DMRT1",FALSE
"DMRT2",FALSE
"DMRT3",FALSE
"DMRTA1",TRUE
"DMRTA2",FALSE
"DMRTB1",FALSE
"DMRTC1",FALSE
"DMRTC1B",FALSE
"DMRTC2",FALSE
"DMTF1",TRUE
"DMTF1-AS1",TRUE
"DMTN",TRUE
"DMWD",TRUE
"DMXL1",TRUE
"DMXL2",TRUE
"DNA2",TRUE
"DNAAF1",TRUE
"DNAAF10",TRUE
"DNAAF11",TRUE
"DNAAF11P1",FALSE
"DNAAF19",FALSE
"DNAAF2",TRUE
"DNAAF3",TRUE
"DNAAF3-AS1",FALSE
"DNAAF4",TRUE
"DNAAF4-CCPG1",FALSE
"DNAAF5",TRUE
"DNAAF6",FALSE
"DNAAF8",TRUE
"DNAAF9",TRUE
"DNAH1",TRUE
"DNAH10",TRUE
"DNAH10OS",TRUE
"DNAH11",TRUE
"DNAH12",TRUE
"DNAH14",TRUE
"DNAH17",TRUE
"DNAH2",TRUE
"DNAH3",FALSE
"DNAH5",TRUE
"DNAH5-AS1",FALSE
"DNAH6",TRUE
"DNAH7",TRUE
"DNAH8",FALSE
"DNAH9",TRUE
"DNAI1",TRUE
"DNAI2",FALSE
"DNAI3",TRUE
"DNAI4",TRUE
"DNAI7",TRUE
"DNAJA1",TRUE
"DNAJA1P1",FALSE
"DNAJA1P2",FALSE
"DNAJA1P4",FALSE
"DNAJA2",TRUE
"DNAJA2-DT",FALSE
"DNAJA3",TRUE
"DNAJA4",TRUE
"DNAJA4-DT",FALSE
"DNAJB1",TRUE
"DNAJB11",TRUE
"DNAJB12",TRUE
"DNAJB13",FALSE
"DNAJB14",TRUE
"DNAJB1P2",FALSE
"DNAJB2",TRUE
"DNAJB4",TRUE
"DNAJB5",TRUE
"DNAJB5-DT",FALSE
"DNAJB6",TRUE
"DNAJB6P1",TRUE
"DNAJB6P4",FALSE
"DNAJB6P5",FALSE
"DNAJB6P6",FALSE
"DNAJB6P7",FALSE
"DNAJB6P8",FALSE
"DNAJB7",FALSE
"DNAJB8",FALSE
"DNAJB8-AS1",FALSE
"DNAJB9",TRUE
"DNAJC1",TRUE
"DNAJC10",TRUE
"DNAJC11",TRUE
"DNAJC12",TRUE
"DNAJC13",TRUE
"DNAJC14",TRUE
"DNAJC15",TRUE
"DNAJC16",TRUE
"DNAJC17",TRUE
"DNAJC18",TRUE
"DNAJC19",TRUE
"DNAJC19P4",FALSE
"DNAJC2",TRUE
"DNAJC21",TRUE
"DNAJC22",TRUE
"DNAJC24",TRUE
"DNAJC25",TRUE
"DNAJC25-GNG10",FALSE
"DNAJC27",TRUE
"DNAJC27-AS1",TRUE
"DNAJC28",TRUE
"DNAJC3",TRUE
"DNAJC3-DT",TRUE
"DNAJC30",TRUE
"DNAJC4",TRUE
"DNAJC5",TRUE
"DNAJC5B",TRUE
"DNAJC5G",FALSE
"DNAJC6",TRUE
"DNAJC7",TRUE
"DNAJC8",TRUE
"DNAJC9",TRUE
"DNAJC9-AS1",FALSE
"DNAL1",TRUE
"DNAL4",TRUE
"DNALI1",TRUE
"DNASE1",TRUE
"DNASE1L1",TRUE
"DNASE1L2",TRUE
"DNASE1L3",FALSE
"DNASE2",TRUE
"DNASE2B",FALSE
"DND1",FALSE
"DNER",TRUE
"DNHD1",TRUE
"DNLZ",FALSE
"DNM1",TRUE
"DNM1L",TRUE
"DNM1P29",FALSE
"DNM1P49",FALSE
"DNM2",TRUE
"DNM3",TRUE
"DNM3-IT1",FALSE
"DNMBP",TRUE
"DNMBP-AS1",TRUE
"DNMT1",TRUE
"DNMT3A",TRUE
"DNMT3B",TRUE
"DNMT3L",FALSE
"DNMT3L-AS1",FALSE
"DNPEP",TRUE
"DNPEP-AS1",FALSE
"DNPH1",TRUE
"DNTT",FALSE
"DNTTIP1",TRUE
"DNTTIP2",TRUE
"DOC2A",TRUE
"DOC2B",TRUE
"DOCK1",TRUE
"DOCK10",TRUE
"DOCK11",TRUE
"DOCK11P1",FALSE
"DOCK2",TRUE
"DOCK3",TRUE
"DOCK4",TRUE
"DOCK4-AS1",FALSE
"DOCK5",TRUE
"DOCK6",TRUE
"DOCK7",TRUE
"DOCK7-DT",TRUE
"DOCK8",TRUE
"DOCK8-AS1",TRUE
"DOCK9",TRUE
"DOHH",TRUE
"DOK1",TRUE
"DOK2",TRUE
"DOK3",TRUE
"DOK4",TRUE
"DOK5",TRUE
"DOK6",TRUE
"DOK7",TRUE
"DOLK",TRUE
"DOLPP1",TRUE
"DONSON",TRUE
"DONSONP1",FALSE
"DOP1A",TRUE
"DOP1B",TRUE
"DORIP1",TRUE
"DOT1L",TRUE
"DOT1L-AS1",FALSE
"DPAGT1",TRUE
"DPCD",TRUE
"DPEP1",TRUE
"DPEP2",FALSE
"DPEP2NB",FALSE
"DPEP3",FALSE
"DPF1",TRUE
"DPF2",TRUE
"DPF3",TRUE
"DPH1",TRUE
"DPH2",TRUE
"DPH3",TRUE
"DPH3P2",FALSE
"DPH5",TRUE
"DPH5-DT",TRUE
"DPH6",TRUE
"DPH6-DT",TRUE
"DPH7",TRUE
"DPM1",TRUE
"DPM2",TRUE
"DPM3",TRUE
"DPP10",TRUE
"DPP10-AS1",TRUE
"DPP10-AS3",FALSE
"DPP3",TRUE
"DPP3P2",FALSE
"DPP4",TRUE
"DPP6",TRUE
"DPP7",TRUE
"DPP8",TRUE
"DPP9",TRUE
"DPP9-AS1",TRUE
"DPPA2",FALSE
"DPPA2P1",FALSE
"DPPA3",FALSE
"DPPA3P10",FALSE
"DPPA3P11",FALSE
"DPPA3P12",FALSE
"DPPA3P3",FALSE
"DPPA3P6",FALSE
"DPPA3P7",FALSE
"DPPA3P8",FALSE
"DPPA3P9",FALSE
"DPPA4",FALSE
"DPPA4P2",FALSE
"DPPA5",FALSE
"DPPA5P2",FALSE
"DPRX",FALSE
"DPRXP2",FALSE
"DPRXP3",FALSE
"DPRXP4",FALSE
"DPRXP6",FALSE
"DPT",TRUE
"DPY19L1",TRUE
"DPY19L2",TRUE
"DPY19L2P5",FALSE
"DPY19L3",TRUE
"DPY19L3-DT",FALSE
"DPY19L4",TRUE
"DPY19L4P1",FALSE
"DPY19L4P2",FALSE
"DPY30",TRUE
"DPYD",TRUE
"DPYD-AS1",FALSE
"DPYD-AS2",FALSE
"DPYS",FALSE
"DPYSL2",TRUE
"DPYSL3",TRUE
"DPYSL4",TRUE
"DPYSL5",FALSE
"DQX1",FALSE
"DR1",TRUE
"DRAM1",TRUE
"DRAM1-AS1",FALSE
"DRAM2",TRUE
"DRAP1",TRUE
"DRAXIN",TRUE
"DRC1",FALSE
"DRC10",TRUE
"DRC11",TRUE
"DRC11L",FALSE
"DRC12",TRUE
"DRC2",TRUE
"DRC3",TRUE
"DRC4",TRUE
"DRC5",FALSE
"DRC7",TRUE
"DRC8",TRUE
"DRC9",TRUE
"DRD1",FALSE
"DRD2",FALSE
"DRD3",FALSE
"DRD4",TRUE
"DRD5",FALSE
"DRG1",TRUE
"DRG1P2",FALSE
"DRG2",TRUE
"DRGX",FALSE
"DRICH1",TRUE
"DROSHA",TRUE
"DRP2",FALSE
"DSC1",FALSE
"DSC2",TRUE
"DSC3",FALSE
"DSCAM",FALSE
"DSCAM-AS1",FALSE
"DSCAM-IT1",FALSE
"DSCAML1",TRUE
"DSCC1",TRUE
"DSCR10",FALSE
"DSCR4",FALSE
"DSCR8",FALSE
"DSCR9",FALSE
"DSE",TRUE
"DSEL",TRUE
"DSEL-AS1",FALSE
"DSG1",FALSE
"DSG1-AS1",FALSE
"DSG2",TRUE
"DSG2-AS1",TRUE
"DSG3",FALSE
"DSG4",FALSE
"DSN1",TRUE
"DSP",TRUE
"DSP-AS1",TRUE
"DSPP",FALSE
"DST",TRUE
"DSTN",TRUE
"DSTNP3",TRUE
"DSTYK",TRUE
"DTD1",TRUE
"DTD1-AS1",FALSE
"DTD2",TRUE
"DTHD1",FALSE
"DTL",TRUE
"DTNA",TRUE
"DTNA-AS1",FALSE
"DTNB",TRUE
"DTNBP1",TRUE
"DTWD1",TRUE
"DTWD1P1",FALSE
"DTWD2",TRUE
"DTX1",TRUE
"DTX2",TRUE
"DTX2P1-UPK3BP1-PMS2P11",TRUE
"DTX3",TRUE
"DTX3L",TRUE
"DTX4",TRUE
"DTYMK",TRUE
"DUBR",TRUE
"DUOX1",TRUE
"DUOX2",TRUE
"DUOXA1",TRUE
"DUOXA2",TRUE
"DUS1L",TRUE
"DUS2",TRUE
"DUS3L",TRUE
"DUS4L",TRUE
"DUSP1",TRUE
"DUSP10",TRUE
"DUSP11",TRUE
"DUSP12",TRUE
"DUSP12P1",FALSE
"DUSP13B",FALSE
"DUSP14",TRUE
"DUSP15",TRUE
"DUSP16",TRUE
"DUSP18",TRUE
"DUSP19",TRUE
"DUSP2",TRUE
"DUSP21",FALSE
"DUSP23",TRUE
"DUSP26",TRUE
"DUSP28",TRUE
"DUSP29",FALSE
"DUSP3",TRUE
"DUSP4",TRUE
"DUSP5",TRUE
"DUSP6",TRUE
"DUSP7",TRUE
"DUSP8",TRUE
"DUSP9",FALSE
"DUT",TRUE
"DUT-AS1",TRUE
"DUTP3",FALSE
"DUTP4",FALSE
"DUTP6",FALSE
"DUTP7",FALSE
"DUX4",FALSE
"DUX4L1",FALSE
"DUX4L10",FALSE
"DUX4L11",FALSE
"DUX4L12",FALSE
"DUX4L13",FALSE
"DUX4L14",FALSE
"DUX4L15",FALSE
"DUX4L16",FALSE
"DUX4L17",FALSE
"DUX4L18",FALSE
"DUX4L19",FALSE
"DUX4L2",FALSE
"DUX4L20",FALSE
"DUX4L21",FALSE
"DUX4L22",FALSE
"DUX4L23",FALSE
"DUX4L24",FALSE
"DUX4L25",FALSE
"DUX4L26",TRUE
"DUX4L27",TRUE
"DUX4L28",FALSE
"DUX4L29",FALSE
"DUX4L3",FALSE
"DUX4L31",FALSE
"DUX4L32",FALSE
"DUX4L33",FALSE
"DUX4L34",FALSE
"DUX4L37",FALSE
"DUX4L4",FALSE
"DUX4L45",FALSE
"DUX4L47",FALSE
"DUX4L5",FALSE
"DUX4L6",FALSE
"DUX4L7",FALSE
"DUX4L8",FALSE
"DUX4L9",FALSE
"DUXA",FALSE
"DUXAP1",FALSE
"DUXAP11",FALSE
"DUXAP8",TRUE
"DUXB",FALSE
"DVL1",TRUE
"DVL2",TRUE
"DVL3",TRUE
"DXO",TRUE
"DYDC1",FALSE
"DYDC2",FALSE
"DYM",TRUE
"DYM-AS1",TRUE
"DYNAP",FALSE
"DYNAPP2",FALSE
"DYNC1H1",TRUE
"DYNC1I1",TRUE
"DYNC1I2",TRUE
"DYNC1I2P1",TRUE
"DYNC1LI1",TRUE
"DYNC1LI2",TRUE
"DYNC1LI2-DT",TRUE
"DYNC2H1",TRUE
"DYNC2I1",TRUE
"DYNC2I2",TRUE
"DYNC2LI1",TRUE
"DYNLL1",TRUE
"DYNLL1P6",FALSE
"DYNLL2",TRUE
"DYNLL2-DT",FALSE
"DYNLRB1",TRUE
"DYNLRB2",TRUE
"DYNLT1",TRUE
"DYNLT2",TRUE
"DYNLT2B",TRUE
"DYNLT3",TRUE
"DYNLT4",TRUE
"DYNLT5",FALSE
"DYRK1A",TRUE
"DYRK1B",TRUE
"DYRK2",TRUE
"DYRK3",TRUE
"DYRK3-AS1",FALSE
"DYRK4",TRUE
"DYSF",TRUE
"DYTN",FALSE
"DZANK1",TRUE
"DZIP1",TRUE
"DZIP1L",TRUE
"DZIP3",TRUE
"E2F1",TRUE
"E2F2",TRUE
"E2F3",TRUE
"E2F3-IT1",FALSE
"E2F4",TRUE
"E2F5",TRUE
"E2F6",TRUE
"E2F7",TRUE
"E2F8",FALSE
"E4F1",TRUE
"EAF1",TRUE
"EAF2",TRUE
"EAPP",TRUE
"EARS2",TRUE
"EBAG9",TRUE
"EBAG9P1",FALSE
"EBF1",TRUE
"EBF2",TRUE
"EBF3",TRUE
"EBF4",TRUE
"EBI3",TRUE
"EBLN1",FALSE
"EBLN2",TRUE
"EBLN3P",TRUE
"EBNA1BP2",TRUE
"EBP",TRUE
"EBPL",TRUE
"ECD",TRUE
"ECE1",TRUE
"ECE1-AS1",TRUE
"ECE2",TRUE
"ECEL1",TRUE
"ECEL1P2",FALSE
"ECH1",TRUE
"ECHDC1",TRUE
"ECHDC2",TRUE
"ECHDC3",TRUE
"ECHS1",TRUE
"ECI1",TRUE
"ECI1-AS1",TRUE
"ECI2",TRUE
"ECI2-DT",TRUE
"ECM1",TRUE
"ECM1P1",FALSE
"ECM1P2",FALSE
"ECM2",TRUE
"ECPAS",TRUE
"ECRG4",TRUE
"ECSCR",FALSE
"ECSIT",TRUE
"ECT2",TRUE
"ECT2L",TRUE
"EDA",TRUE
"EDA2R",TRUE
"EDAR",TRUE
"EDARADD",TRUE
"EDC3",TRUE
"EDC4",TRUE
"EDDM3A",FALSE
"EDDM3B",FALSE
"EDEM1",TRUE
"EDEM3",TRUE
"EDF1",TRUE
"EDIL3",TRUE
"EDIL3-DT",FALSE
"EDN1",TRUE
"EDN2",TRUE
"EDN3",TRUE
"EDNRA",TRUE
"EDNRB",TRUE
"EDRF1",TRUE
"EDRF1-AS1",FALSE
"EDRF1-DT",TRUE
"EEA1",TRUE
"EED",TRUE
"EEDP1",FALSE
"EEF1A1",TRUE
"EEF1A1P10",FALSE
"EEF1A1P14",FALSE
"EEF1A1P16",TRUE
"EEF1A1P17",FALSE
"EEF1A1P19",TRUE
"EEF1A1P2",FALSE
"EEF1A1P20",FALSE
"EEF1A1P21",FALSE
"EEF1A1P22",FALSE
"EEF1A1P23",FALSE
"EEF1A1P24",FALSE
"EEF1A1P25",FALSE
"EEF1A1P26",FALSE
"EEF1A1P28",FALSE
"EEF1A1P3",TRUE
"EEF1A1P31",FALSE
"EEF1A1P34",FALSE
"EEF1A1P35",FALSE
"EEF1A1P36",FALSE
"EEF1A1P39",FALSE
"EEF1A1P4",FALSE
"EEF1A1P40",FALSE
"EEF1A1P42",FALSE
"EEF1A1P44",FALSE
"EEF1A1P45",TRUE
"EEF1A1P46",FALSE
"EEF1A1P47",FALSE
"EEF1A1P49",FALSE
"EEF1A1P8",FALSE
"EEF1A2",TRUE
"EEF1AKMT1",TRUE
"EEF1AKMT2",TRUE
"EEF1AKMT3",TRUE
"EEF1B2",TRUE
"EEF1B2P2",TRUE
"EEF1B2P3",TRUE
"EEF1B2P5",FALSE
"EEF1B2P6",TRUE
"EEF1B2P7",FALSE
"EEF1B2P8",FALSE
"EEF1D",TRUE
"EEF1DP1",TRUE
"EEF1DP2",FALSE
"EEF1DP4",FALSE
"EEF1DP5",FALSE
"EEF1DP6",FALSE
"EEF1DP7",FALSE
"EEF1DP8",FALSE
"EEF1E1",TRUE
"EEF1G",FALSE
"EEF1GP3",FALSE
"EEF1GP4",FALSE
"EEF1GP5",FALSE
"EEF1GP6",FALSE
"EEF1GP7",FALSE
"EEF1GP8",FALSE
"EEF2",TRUE
"EEF2K",TRUE
"EEF2KMT",TRUE
"EEFSEC",TRUE
"EEIG1",TRUE
"EEIG2",TRUE
"EEPD1",TRUE
"EFCAB10",TRUE
"EFCAB10-AS1",TRUE
"EFCAB11",TRUE
"EFCAB12",TRUE
"EFCAB13",TRUE
"EFCAB14",TRUE
"EFCAB14-AS1",FALSE
"EFCAB3",FALSE
"EFCAB5",TRUE
"EFCAB6",TRUE
"EFCAB6-DT",FALSE
"EFCAB7",TRUE
"EFCAB8",FALSE
"EFCAB9",FALSE
"EFCC1",TRUE
"EFEMP1",TRUE
"EFEMP2",TRUE
"EFHB",TRUE
"EFHC1",TRUE
"EFHC2",TRUE
"EFHD1",TRUE
"EFHD2",TRUE
"EFL1",TRUE
"EFL1P2",FALSE
"EFNA1",TRUE
"EFNA2",TRUE
"EFNA3",TRUE
"EFNA4",TRUE
"EFNA4-EFNA3",FALSE
"EFNA5",TRUE
"EFNB1",TRUE
"EFNB2",TRUE
"EFNB3",TRUE
"EFR3A",TRUE
"EFR3B",TRUE
"EFS",TRUE
"EFTUD2",TRUE
"EGF",TRUE
"EGFL6",FALSE
"EGFL7",TRUE
"EGFL8",TRUE
"EGFLAM",TRUE
"EGFLAM-AS1",FALSE
"EGFLAM-AS2",FALSE
"EGFLAM-AS4",FALSE
"EGFLAM-AS5",FALSE
"EGFR",TRUE
"EGFR-AS1",TRUE
"EGILA",FALSE
"EGLN1",TRUE
"EGLN2",TRUE
"EGLN3",TRUE
"EGOT",TRUE
"EGR1",TRUE
"EGR2",TRUE
"EGR3",TRUE
"EGR4",TRUE
"EHBP1",TRUE
"EHBP1-AS1",TRUE
"EHBP1L1",TRUE
"EHD1",TRUE
"EHD2",TRUE
"EHD3",TRUE
"EHD4",TRUE
"EHD4-AS1",TRUE
"EHF",TRUE
"EHHADH",TRUE
"EHHADH-AS1",FALSE
"EHMT1",TRUE
"EHMT2",TRUE
"EHMT2-AS1",FALSE
"EI24",TRUE
"EI24P1",FALSE
"EI24P6",FALSE
"EID1",TRUE
"EID2",TRUE
"EID2B",TRUE
"EID3",TRUE
"EIF1",TRUE
"EIF1AD",TRUE
"EIF1AX-AS1",FALSE
"EIF1AXP2",FALSE
"EIF1AY",TRUE
"EIF1B",TRUE
"EIF1P4",FALSE
"EIF1P5",FALSE
"EIF2A",TRUE
"EIF2AK1",TRUE
"EIF2AK1P1",FALSE
"EIF2AK2",TRUE
"EIF2AK3",TRUE
"EIF2AK3-AS1",FALSE
"EIF2AK3-DT",TRUE
"EIF2AK4",TRUE
"EIF2AP1",FALSE
"EIF2AP2",FALSE
"EIF2AP3",FALSE
"EIF2AP4",FALSE
"EIF2B1",TRUE
"EIF2B2",TRUE
"EIF2B3",TRUE
"EIF2B4",TRUE
"EIF2B5",TRUE
"EIF2D",TRUE
"EIF2S1",TRUE
"EIF2S2",TRUE
"EIF2S3",TRUE
"EIF2S3B",TRUE
"EIF2S3P1",FALSE
"EIF3A",TRUE
"EIF3B",TRUE
"EIF3CL",TRUE
"EIF3D",TRUE
"EIF3E",TRUE
"EIF3EP1",TRUE
"EIF3EP2",FALSE
"EIF3EP3",TRUE
"EIF3EP4",FALSE
"EIF3F",TRUE
"EIF3FP2",FALSE
"EIF3FP3",TRUE
"EIF3G",TRUE
"EIF3H",TRUE
"EIF3I",TRUE
"EIF3IP1",FALSE
"EIF3IP2",FALSE
"EIF3J",TRUE
"EIF3J-DT",TRUE
"EIF3K",TRUE
"EIF3KP1",FALSE
"EIF3KP2",FALSE
"EIF3KP3",FALSE
"EIF3L",TRUE
"EIF3LP1",FALSE
"EIF3LP2",TRUE
"EIF3LP3",TRUE
"EIF3M",TRUE
"EIF4A1",TRUE
"EIF4A1P1",FALSE
"EIF4A1P10",TRUE
"EIF4A1P12",FALSE
"EIF4A1P2",TRUE
"EIF4A1P4",TRUE
"EIF4A1P6",FALSE
"EIF4A1P7",FALSE
"EIF4A2",TRUE
"EIF4A2P3",FALSE
"EIF4A2P4",FALSE
"EIF4A2P5",FALSE
"EIF4A3",TRUE
"EIF4B",TRUE
"EIF4BP2",FALSE
"EIF4BP3",TRUE
"EIF4BP4",FALSE
"EIF4BP5",FALSE
"EIF4BP8",FALSE
"EIF4E",TRUE
"EIF4E1B",FALSE
"EIF4E2",TRUE
"EIF4E2P1",FALSE
"EIF4E3",TRUE
"EIF4EBP1",TRUE
"EIF4EBP2",TRUE
"EIF4EBP3",TRUE
"EIF4ENIF1",TRUE
"EIF4EP4",FALSE
"EIF4G1",TRUE
"EIF4G2",TRUE
"EIF4G3",TRUE
"EIF4H",TRUE
"EIF5",TRUE
"EIF5A",TRUE
"EIF5A2",TRUE
"EIF5AL1",TRUE
"EIF5AP2",FALSE
"EIF5B",TRUE
"EIF6",TRUE
"EIPR1",TRUE
"ELAC1",TRUE
"ELAC2",TRUE
"ELANE",FALSE
"ELAPOR1",TRUE
"ELAPOR2",TRUE
"ELAVL1",TRUE
"ELAVL2",FALSE
"ELAVL3",FALSE
"ELAVL4",TRUE
"ELAVL4-AS1",FALSE
"ELF1",TRUE
"ELF2",TRUE
"ELF3",TRUE
"ELF4",TRUE
"ELF5",FALSE
"ELFN1",TRUE
"ELFN1-AS1",FALSE
"ELFN2",FALSE
"ELK1",TRUE
"ELK1P1",FALSE
"ELK3",TRUE
"ELK4",TRUE
"ELL",TRUE
"ELL2",TRUE
"ELL2P2",FALSE
"ELL2P3",FALSE
"ELL3",TRUE
"ELMO1",TRUE
"ELMO1-AS1",FALSE
"ELMO2",TRUE
"ELMO2P1",FALSE
"ELMO3",TRUE
"ELMOD1",FALSE
"ELMOD2",TRUE
"ELMOD3",TRUE
"ELN",TRUE
"ELN-AS1",TRUE
"ELOA",TRUE
"ELOA-AS1",TRUE
"ELOA2",FALSE
"ELOAP1",FALSE
"ELOB",TRUE
"ELOBP1",FALSE
"ELOBP2",FALSE
"ELOBP3",FALSE
"ELOBP4",FALSE
"ELOC",TRUE
"ELOCP10",FALSE
"ELOCP11",FALSE
"ELOCP12",FALSE
"ELOCP13",FALSE
"ELOCP15",FALSE
"ELOCP16",FALSE
"ELOCP17",FALSE
"ELOCP18",FALSE
"ELOCP22",FALSE
"ELOCP23",FALSE
"ELOCP24",FALSE
"ELOCP31",FALSE
"ELOCP34",FALSE
"ELOCP35",FALSE
"ELOCP4",FALSE
"ELOCP6",FALSE
"ELOCP7",FALSE
"ELOCP8",FALSE
"ELOF1",TRUE
"ELOVL1",TRUE
"ELOVL2",TRUE
"ELOVL2-AS1",FALSE
"ELOVL3",FALSE
"ELOVL4",TRUE
"ELOVL5",TRUE
"ELOVL6",TRUE
"ELOVL7",TRUE
"ELP1",TRUE
"ELP2",TRUE
"ELP3",TRUE
"ELP4",TRUE
"ELP4-AS1",FALSE
"ELP5",TRUE
"ELP6",TRUE
"ELSPBP1",FALSE
"EMB",TRUE
"EMC1",TRUE
"EMC1-AS1",TRUE
"EMC10",TRUE
"EMC2",TRUE
"EMC3",TRUE
"EMC4",TRUE
"EMC6",TRUE
"EMC7",TRUE
"EMC8",TRUE
"EMC9",TRUE
"EMCN",TRUE
"EMD",TRUE
"EME1",TRUE
"EME2",TRUE
"EMG1",TRUE
"EMID1",TRUE
"EMILIN1",TRUE
"EMILIN2",TRUE
"EMILIN3",FALSE
"EML1",TRUE
"EML2",TRUE
"EML2-AS1",FALSE
"EML3",TRUE
"EML4",TRUE
"EML4-AS1",FALSE
"EML5",TRUE
"EML6",TRUE
"EMP1",TRUE
"EMP2",TRUE
"EMP3",TRUE
"EMSY",TRUE
"EMSY-DT",TRUE
"EMX1",FALSE
"EMX2",FALSE
"EMX2OS",FALSE
"EN1",FALSE
"EN2",TRUE
"EN2-DT",FALSE
"ENAH",TRUE
"ENAHP1",FALSE
"ENAM",TRUE
"ENC1",TRUE
"ENDOD1",TRUE
"ENDOG",TRUE
"ENDOU",FALSE
"ENDOV",TRUE
"ENG",TRUE
"ENGASE",TRUE
"ENHO",TRUE
"ENKD1",TRUE
"ENKUR",TRUE
"ENO1",TRUE
"ENO1-AS1",FALSE
"ENO1P1",FALSE
"ENO1P3",FALSE
"ENO2",TRUE
"ENO3",TRUE
"ENO4",TRUE
"ENOPH1",TRUE
"ENOSF1",TRUE
"ENOX1",TRUE
"ENOX2",TRUE
"ENPEP",TRUE
"ENPP1",TRUE
"ENPP2",TRUE
"ENPP3",FALSE
"ENPP4",TRUE
"ENPP5",TRUE
"ENPP6",TRUE
"ENPP7",FALSE
"ENPP7P1",FALSE
"ENPP7P10",FALSE
"ENPP7P11",FALSE
"ENPP7P14",FALSE
"ENPP7P2",FALSE
"ENPP7P3",FALSE
"ENPP7P4",FALSE
"ENPP7P6",FALSE
"ENPP7P7",FALSE
"ENPP7P8",FALSE
"ENPP7P9",FALSE
"ENSA",TRUE
"ENSAP1",FALSE
"ENTHD1",TRUE
"ENTPD1",TRUE
"ENTPD1-AS1",TRUE
"ENTPD2",TRUE
"ENTPD3",TRUE
"ENTPD4",TRUE
"ENTPD5",TRUE
"ENTPD6",TRUE
"ENTPD7",TRUE
"ENTPD8",TRUE
"ENTR1",TRUE
"ENTREP1",TRUE
"ENTREP2",TRUE
"ENTREP3",TRUE
"ENY2",TRUE
"EOGT",TRUE
"EOLA1",TRUE
"EOLA1-DT",TRUE
"EOLA2",TRUE
"EOLA2-DT",TRUE
"EOMES",TRUE
"EP300",TRUE
"EP300-AS1",TRUE
"EP400",TRUE
"EPAS1",TRUE
"EPB41",TRUE
"EPB41L1",TRUE
"EPB41L2",TRUE
"EPB41L3",TRUE
"EPB41L4A",TRUE
"EPB41L4A-AS3",FALSE
"EPB41L4A-DT",TRUE
"EPB41L4B",TRUE
"EPB41L5",TRUE
"EPB42",FALSE
"EPC1",TRUE
"EPC1-AS1",FALSE
"EPC2",TRUE
"EPCAM",TRUE
"EPCIP",TRUE
"EPCIP-AS1",TRUE
"EPDR1",TRUE
"EPG5",TRUE
"EPGN",FALSE
"EPHA1",TRUE
"EPHA1-AS1",FALSE
"EPHA10",TRUE
"EPHA2",TRUE
"EPHA3",TRUE
"EPHA4",TRUE
"EPHA5",FALSE
"EPHA5-AS1",FALSE
"EPHA6",TRUE
"EPHA7",TRUE
"EPHA8",TRUE
"EPHB1",TRUE
"EPHB2",TRUE
"EPHB3",TRUE
"EPHB4",TRUE
"EPHB6",TRUE
"EPHX1",TRUE
"EPHX2",TRUE
"EPHX3",TRUE
"EPHX4",FALSE
"EPIC1",FALSE
"EPIST",FALSE
"EPM2A",TRUE
"EPM2A-DT",TRUE
"EPM2AIP1",TRUE
"EPN1",TRUE
"EPN2",TRUE
"EPN2-AS1",TRUE
"EPN3",TRUE
"EPO",TRUE
"EPOP",TRUE
"EPOR",TRUE
"EPPIN",FALSE
"EPPIN-WFDC6",FALSE
"EPPK1",TRUE
"EPRS1",TRUE
"EPS15",TRUE
"EPS15-AS1",FALSE
"EPS15L1",TRUE
"EPS8",TRUE
"EPS8L1",TRUE
"EPS8L2",TRUE
"EPS8L3",TRUE
"EPSTI1",TRUE
"EPX",FALSE
"EPYC",FALSE
"EQTN",FALSE
"ERAL1",TRUE
"ERAP1",TRUE
"ERAP2",TRUE
"ERAS",FALSE
"ERBB2",TRUE
"ERBB3",TRUE
"ERBB4",TRUE
"ERBIN",TRUE
"ERC1",TRUE
"ERC2",TRUE
"ERC2-IT1",FALSE
"ERCC1",TRUE
"ERCC2",TRUE
"ERCC3",TRUE
"ERCC4",TRUE
"ERCC5",TRUE
"ERCC6",TRUE
"ERCC6L",TRUE
"ERCC6L2",TRUE
"ERCC6L2-AS1",TRUE
"ERCC8",TRUE
"EREG",TRUE
"ERF",TRUE
"ERFE",TRUE
"ERFL",FALSE
"ERG",TRUE
"ERG28",TRUE
"ERGIC1",TRUE
"ERGIC2",TRUE
"ERGIC3",TRUE
"ERH",TRUE
"ERI1",TRUE
"ERI2",TRUE
"ERI3",TRUE
"ERI3-IT1",FALSE
"ERICH1",TRUE
"ERICH2",TRUE
"ERICH3",FALSE
"ERICH3-AS1",FALSE
"ERICH4",FALSE
"ERICH5",TRUE
"ERICH6",FALSE
"ERICH6-AS1",TRUE
"ERICH6B",TRUE
"ERLEC1",TRUE
"ERLIN1",TRUE
"ERLIN2",TRUE
"ERLN",TRUE
"ERLNC1",FALSE
"ERMAP",TRUE
"ERMARD",TRUE
"ERMN",FALSE
"ERMP1",TRUE
"ERN1",TRUE
"ERN2",TRUE
"ERO1A",TRUE
"ERO1B",TRUE
"ERP27",TRUE
"ERP29",TRUE
"ERP44",TRUE
"ERRFI1",TRUE
"ERV3-1",TRUE
"ERVE-5",TRUE
"ERVFC1",FALSE
"ERVFRD-1",FALSE
"ERVH48-1",TRUE
"ERVK3-1",TRUE
"ERVMER34-1",TRUE
"ERVV-1",FALSE
"ERVV-2",FALSE
"ERVW-1",TRUE
"ESAM",TRUE
"ESAM-AS1",TRUE
"ESCO1",TRUE
"ESCO2",TRUE
"ESD",TRUE
"ESF1",TRUE
"ESM1",TRUE
"ESPL1",TRUE
"ESPN",TRUE
"ESPNL",TRUE
"ESR1",TRUE
"ESR2",TRUE
"ESRG",FALSE
"ESRP1",TRUE
"ESRP2",TRUE
"ESRRA",TRUE
"ESRRB",FALSE
"ESRRG",TRUE
"ESS2",TRUE
"ESX1",FALSE
"ESYT1",TRUE
"ESYT2",TRUE
"ESYT3",TRUE
"ETAA1",TRUE
"ETDA",FALSE
"ETDB",FALSE
"ETF1",TRUE
"ETFA",TRUE
"ETFB",TRUE
"ETFBKMT",TRUE
"ETFDH",TRUE
"ETFRF1",TRUE
"ETFRF1P1",FALSE
"ETHE1",TRUE
"ETNK1",TRUE
"ETNK1-DT",FALSE
"ETNK2",TRUE
"ETNPPL",FALSE
"ETS1",TRUE
"ETS1-AS1",FALSE
"ETS2",TRUE
"ETV1",TRUE
"ETV2",TRUE
"ETV3",TRUE
"ETV3L",FALSE
"ETV4",TRUE
"ETV5",TRUE
"ETV5-AS1",FALSE
"ETV6",TRUE
"ETV7",TRUE
"EVA1A",TRUE
"EVA1A-AS",FALSE
"EVA1B",TRUE
"EVA1C",TRUE
"EVA1CP1",FALSE
"EVA1CP5",FALSE
"EVA1CP6",FALSE
"EVC",TRUE
"EVC2",TRUE
"EVI2A",TRUE
"EVI2B",TRUE
"EVI5",TRUE
"EVI5L",TRUE
"EVL",TRUE
"EVPL",TRUE
"EVPLL",FALSE
"EVX1",FALSE
"EVX1-AS",FALSE
"EVX2",FALSE
"EWSAT1",FALSE
"EWSR1",TRUE
"EWSR1P1",TRUE
"EWSR1P2",FALSE
"EXD1",FALSE
"EXD2",TRUE
"EXD3",TRUE
"EXO1",TRUE
"EXO5",TRUE
"EXOC1",TRUE
"EXOC1L",FALSE
"EXOC2",TRUE
"EXOC3",TRUE
"EXOC3L1",TRUE
"EXOC3L4",TRUE
"EXOC4",TRUE
"EXOC5",TRUE
"EXOC5P1",FALSE
"EXOC6",TRUE
"EXOC6B",TRUE
"EXOC7",TRUE
"EXOC8",TRUE
"EXOG",TRUE
"EXOSC1",TRUE
"EXOSC10",TRUE
"EXOSC2",TRUE
"EXOSC3",TRUE
"EXOSC4",TRUE
"EXOSC5",TRUE
"EXOSC6",TRUE
"EXOSC7",TRUE
"EXOSC8",TRUE
"EXOSC8P1",FALSE
"EXOSC9",TRUE
"EXPH5",TRUE
"EXT1",TRUE
"EXT2",TRUE
"EXTL1",TRUE
"EXTL2",TRUE
"EXTL3",TRUE
"EXTL3-AS1",TRUE
"EYA1",FALSE
"EYA2",TRUE
"EYA2-AS1",FALSE
"EYA3",TRUE
"EYA4",TRUE
"EYS",TRUE
"EZH1",TRUE
"EZH2",TRUE
"EZHIP",FALSE
"EZR",TRUE
"EZR-AS1",FALSE
"F10",TRUE
"F10-AS1",FALSE
"F11",TRUE
"F11-AS1",TRUE
"F11R",TRUE
"F12",TRUE
"F13A1",TRUE
"F13B",FALSE
"F2",FALSE
"F2R",TRUE
"F2RL1",TRUE
"F2RL2",TRUE
"F2RL3",TRUE
"F3",TRUE
"F5",TRUE
"F7",FALSE
"F8",TRUE
"F8A3",TRUE
"F9",FALSE
"FA2H",TRUE
"FAAH",TRUE
"FAAH2",TRUE
"FAAP100",TRUE
"FAAP20",TRUE
"FAAP24",TRUE
"FABP1",FALSE
"FABP12",FALSE
"FABP12P1",FALSE
"FABP2",FALSE
"FABP3",TRUE
"FABP4",TRUE
"FABP5",TRUE
"FABP5P13",FALSE
"FABP5P5",FALSE
"FABP5P6",FALSE
"FABP6",FALSE
"FABP7",FALSE
"FABP9",FALSE
"FADD",TRUE
"FADS1",TRUE
"FADS2",TRUE
"FADS3",TRUE
"FADS6",FALSE
"FAF1",TRUE
"FAF1-AS1",FALSE
"FAF2",TRUE
"FAF2P1",FALSE
"FAH",TRUE
"FAHD1",TRUE
"FAHD2A",TRUE
"FAHD2B",TRUE
"FAIM",TRUE
"FAIM2",TRUE
"FALEC",FALSE
"FAM107A",TRUE
"FAM107B",TRUE
"FAM110A",TRUE
"FAM110B",TRUE
"FAM110C",TRUE
"FAM110D",TRUE
"FAM111A",TRUE
"FAM111A-DT",TRUE
"FAM111B",TRUE
"FAM114A1",TRUE
"FAM114A2",TRUE
"FAM117A",TRUE
"FAM117B",TRUE
"FAM120A",TRUE
"FAM120AOS",TRUE
"FAM120B",TRUE
"FAM120C",TRUE
"FAM124A",TRUE
"FAM124B",FALSE
"FAM131A",TRUE
"FAM131B",TRUE
"FAM131B-AS2",TRUE
"FAM131C",TRUE
"FAM131C2P",TRUE
"FAM133A",FALSE
"FAM133B",TRUE
"FAM133EP",FALSE
"FAM133FP",FALSE
"FAM133GP",FALSE
"FAM135A",TRUE
"FAM135A-AS1",FALSE
"FAM135B",TRUE
"FAM138A",FALSE
"FAM138C",FALSE
"FAM138D",FALSE
"FAM138E",FALSE
"FAM138F",FALSE
"FAM13A",TRUE
"FAM13B",TRUE
"FAM13C",TRUE
"FAM149A",TRUE
"FAM149B1",TRUE
"FAM149B1P1",FALSE
"FAM151A",TRUE
"FAM151AP1",FALSE
"FAM151B",TRUE
"FAM151B-DT",TRUE
"FAM153A",TRUE
"FAM153CP",TRUE
"FAM157D",TRUE
"FAM161A",TRUE
"FAM161B",TRUE
"FAM162A",TRUE
"FAM162B",TRUE
"FAM163A",FALSE
"FAM163B",FALSE
"FAM167A",TRUE
"FAM167A-AS1",TRUE
"FAM167B",TRUE
"FAM168A",TRUE
"FAM168B",TRUE
"FAM169A",TRUE
"FAM170A",FALSE
"FAM170B",FALSE
"FAM170B-AS1",FALSE
"FAM171A1",TRUE
"FAM171A2",TRUE
"FAM171B",TRUE
"FAM174A",TRUE
"FAM174A-DT",FALSE
"FAM174B",TRUE
"FAM177B",TRUE
"FAM178B",FALSE
"FAM180A",TRUE
"FAM180B",FALSE
"FAM181A",FALSE
"FAM181A-AS1",FALSE
"FAM181B",TRUE
"FAM182A",FALSE
"FAM184A",TRUE
"FAM184B",TRUE
"FAM185A",TRUE
"FAM186A",FALSE
"FAM186B",TRUE
"FAM187A",FALSE
"FAM187B",FALSE
"FAM187B2P",FALSE
"FAM193A",TRUE
"FAM193B",TRUE
"FAM193B-DT",TRUE
"FAM197Y6",FALSE
"FAM197Y7",FALSE
"FAM199X",TRUE
"FAM200A",TRUE
"FAM200B",TRUE
"FAM200C",TRUE
"FAM204A",TRUE
"FAM204CP",FALSE
"FAM209A",FALSE
"FAM209B",FALSE
"FAM20A",TRUE
"FAM20B",TRUE
"FAM20C",TRUE
"FAM215A",FALSE
"FAM216A",TRUE
"FAM216B",TRUE
"FAM217A",TRUE
"FAM217B",TRUE
"FAM218A",TRUE
"FAM219A",TRUE
"FAM219B",TRUE
"FAM220A",TRUE
"FAM221A",TRUE
"FAM221B",FALSE
"FAM222A",TRUE
"FAM222A-AS1",TRUE
"FAM222B",TRUE
"FAM223A",FALSE
"FAM223B",FALSE
"FAM225A",FALSE
"FAM225B",FALSE
"FAM227A",TRUE
"FAM227B",TRUE
"FAM228A",FALSE
"FAM228B",TRUE
"FAM229A",TRUE
"FAM229B",TRUE
"FAM230A",FALSE
"FAM230B",FALSE
"FAM230C",FALSE
"FAM230E",FALSE
"FAM230H",FALSE
"FAM230I",FALSE
"FAM230J",FALSE
"FAM234A",TRUE
"FAM234B",TRUE
"FAM236A",FALSE
"FAM236B",FALSE
"FAM236D",FALSE
"FAM237A",FALSE
"FAM240C",TRUE
"FAM241A",TRUE
"FAM241B",TRUE
"FAM242A",FALSE
"FAM242D",FALSE
"FAM242E",FALSE
"FAM247B",FALSE
"FAM24A",FALSE
"FAM24B",TRUE
"FAM25A",FALSE
"FAM25C",FALSE
"FAM25G",FALSE
"FAM27B",TRUE
"FAM27C",FALSE
"FAM30A",FALSE
"FAM32A",TRUE
"FAM3A",TRUE
"FAM3B",TRUE
"FAM3C",TRUE
"FAM3D",FALSE
"FAM3D-AS1",FALSE
"FAM41C",FALSE
"FAM43A",TRUE
"FAM43B",TRUE
"FAM47A",FALSE
"FAM47B",FALSE
"FAM47C",FALSE
"FAM47E",TRUE
"FAM47E-STBD1",FALSE
"FAM50A",TRUE
"FAM50B",TRUE
"FAM53A",TRUE
"FAM53B",TRUE
"FAM53B-AS1",FALSE
"FAM66C",TRUE
"FAM66D",TRUE
"FAM66E",FALSE
"FAM72A",FALSE
"FAM72B",TRUE
"FAM72D",FALSE
"FAM76A",TRUE
"FAM76AP1",FALSE
"FAM76B",TRUE
"FAM78A",TRUE
"FAM78B",TRUE
"FAM81A",TRUE
"FAM81B",TRUE
"FAM86B1",TRUE
"FAM86B2-DT",TRUE
"FAM86B3P",TRUE
"FAM86C1P",TRUE
"FAM86DP",TRUE
"FAM86GP",FALSE
"FAM86KP",FALSE
"FAM86LP",FALSE
"FAM86MP",FALSE
"FAM87A",TRUE
"FAM87B",FALSE
"FAM88B",TRUE
"FAM88C",FALSE
"FAM88E",TRUE
"FAM89A",TRUE
"FAM89B",TRUE
"FAM8A1",TRUE
"FAM90A1",TRUE
"FAM90A11",FALSE
"FAM90A13",FALSE
"FAM90A15",FALSE
"FAM90A20",FALSE
"FAM90A24",FALSE
"FAM90A26",FALSE
"FAM90A5",FALSE
"FAM91A1",TRUE
"FAM98B",TRUE
"FAM98C",TRUE
"FAM99A",FALSE
"FAM99B",FALSE
"FAM9A",FALSE
"FAM9B",FALSE
"FAM9C",FALSE
"FAM9CP1",FALSE
"FAN1",TRUE
"FANCA",TRUE
"FANCB",TRUE
"FANCD2",TRUE
"FANCD2OS",FALSE
"FANCD2P2",FALSE
"FANCE",TRUE
"FANCF",TRUE
"FANCG",TRUE
"FANCI",TRUE
"FANCL",TRUE
"FANCM",TRUE
"FANK1",TRUE
"FANK1-AS1",FALSE
"FAP",TRUE
"FAR1",TRUE
"FAR2",TRUE
"FAR2-AS1",TRUE
"FAR2P3",FALSE
"FAR2P4",FALSE
"FARP1",TRUE
"FARP1-AS1",FALSE
"FARP2",TRUE
"FARS2",TRUE
"FARS2-AS1",TRUE
"FARSA",TRUE
"FARSA-AS1",FALSE
"FARSB",TRUE
"FAS",TRUE
"FASLG",FALSE
"FASN",TRUE
"FASTK",TRUE
"FASTKD1",TRUE
"FASTKD2",TRUE
"FASTKD3",TRUE
"FASTKD5",TRUE
"FAT1",TRUE
"FAT1P1",FALSE
"FAT2",TRUE
"FAT3",TRUE
"FAT4",TRUE
"FATE1",FALSE
"FAU",TRUE
"FAUP3",FALSE
"FAXC",TRUE
"FAXDC2",TRUE
"FBF1",TRUE
"FBH1",TRUE
"FBL",TRUE
"FBLIM1",TRUE
"FBLL1",TRUE
"FBLN1",TRUE
"FBLN2",TRUE
"FBLN5",TRUE
"FBLN7",TRUE
"FBLP1",FALSE
"FBN1",TRUE
"FBN1-DT",FALSE
"FBN2",TRUE
"FBN3",FALSE
"FBP1",TRUE
"FBP2",TRUE
"FBRS",TRUE
"FBRSL1",TRUE
"FBXL12",TRUE
"FBXL13",TRUE
"FBXL14",TRUE
"FBXL15",TRUE
"FBXL16",TRUE
"FBXL17",TRUE
"FBXL18",TRUE
"FBXL19",TRUE
"FBXL19-AS1",TRUE
"FBXL2",TRUE
"FBXL20",TRUE
"FBXL22",TRUE
"FBXL3",TRUE
"FBXL4",TRUE
"FBXL5",TRUE
"FBXL6",TRUE
"FBXL7",TRUE
"FBXL8",TRUE
"FBXO10",TRUE
"FBXO11",TRUE
"FBXO15",TRUE
"FBXO16",TRUE
"FBXO17",TRUE
"FBXO2",TRUE
"FBXO21",TRUE
"FBXO22",TRUE
"FBXO24",TRUE
"FBXO25",TRUE
"FBXO27",TRUE
"FBXO28",TRUE
"FBXO3",TRUE
"FBXO30",TRUE
"FBXO31",TRUE
"FBXO32",TRUE
"FBXO33",TRUE
"FBXO34",TRUE
"FBXO34-AS1",FALSE
"FBXO36",TRUE
"FBXO38",TRUE
"FBXO39",FALSE
"FBXO4",TRUE
"FBXO40",FALSE
"FBXO41",TRUE
"FBXO42",TRUE
"FBXO43",FALSE
"FBXO44",TRUE
"FBXO45",TRUE
"FBXO46",TRUE
"FBXO47",FALSE
"FBXO48",TRUE
"FBXO5",TRUE
"FBXO6",TRUE
"FBXO7",TRUE
"FBXO8",TRUE
"FBXO9",TRUE
"FBXW10",TRUE
"FBXW10B",FALSE
"FBXW11",TRUE
"FBXW11P1",FALSE
"FBXW12",TRUE
"FBXW2",TRUE
"FBXW4",TRUE
"FBXW4P1",TRUE
"FBXW5",TRUE
"FBXW7",TRUE
"FBXW7-AS1",FALSE
"FBXW8",TRUE
"FBXW9",TRUE
"FCAMR",FALSE
"FCAR",FALSE
"FCER1A",FALSE
"FCER1G",TRUE
"FCER2",FALSE
"FCF1",TRUE
"FCF1P10",FALSE
"FCF1P3",FALSE
"FCF1P4",FALSE
"FCF1P5",FALSE
"FCF1P9",FALSE
"FCGBP",TRUE
"FCGR1A",TRUE
"FCGR1CP",FALSE
"FCGR2A",TRUE
"FCGR2B",FALSE
"FCGR3A",TRUE
"FCGRT",TRUE
"FCHO1",TRUE
"FCHO2",TRUE
"FCHSD1",TRUE
"FCHSD2",TRUE
"FCMR",TRUE
"FCN1",FALSE
"FCN2",FALSE
"FCN3",TRUE
"FCRL1",FALSE
"FCRL2",FALSE
"FCRL3",FALSE
"FCRL3-AS1",FALSE
"FCRL4",FALSE
"FCRL4P1",FALSE
"FCRL5",FALSE
"FCRL6",FALSE
"FCRLA",FALSE
"FCRLB",TRUE
"FCSK",TRUE
"FDCSP",FALSE
"FDFT1",TRUE
"FDPS",TRUE
"FDPSP1",FALSE
"FDPSP3",FALSE
"FDPSP4",FALSE
"FDPSP5",FALSE
"FDPSP6",FALSE
"FDPSP7",FALSE
"FDPSP8",FALSE
"FDPSP9",FALSE
"FDX1",TRUE
"FDX2",FALSE
"FDXACB1",TRUE
"FDXR",TRUE
"FECH",TRUE
"FEM1A",TRUE
"FEM1AP1",FALSE
"FEM1AP2",FALSE
"FEM1AP3",FALSE
"FEM1B",TRUE
"FEM1C",TRUE
"FEN1",TRUE
"FENDRR",FALSE
"FER",TRUE
"FER1L4",TRUE
"FER1L5",TRUE
"FER1L6",FALSE
"FER1L6-AS1",FALSE
"FER1L6-AS2",FALSE
"FERD3L",FALSE
"FERMT1",TRUE
"FERMT2",TRUE
"FERMT3",TRUE
"FERP1",FALSE
"FERRY3",TRUE
"FES",TRUE
"FETUB",FALSE
"FEV",FALSE
"FEZ2",TRUE
"FEZF1",FALSE
"FEZF1-AS1",FALSE
"FEZF2",FALSE
"FFAR1",TRUE
"FFAR2",FALSE
"FFAR3",FALSE
"FFAR4",TRUE
"FGA",TRUE
"FGB",TRUE
"FGD1",TRUE
"FGD2",TRUE
"FGD3",TRUE
"FGD4",TRUE
"FGD5",TRUE
"FGD5-AS1",TRUE
"FGD6",TRUE
"FGF1",TRUE
"FGF10",TRUE
"FGF10-AS1",TRUE
"FGF11",FALSE
"FGF12",TRUE
"FGF12-AS1",FALSE
"FGF12-AS2",TRUE
"FGF12-AS3",FALSE
"FGF13",TRUE
"FGF13-AS1",FALSE
"FGF14",TRUE
"FGF14-AS2",TRUE
"FGF14-IT1",FALSE
"FGF16",FALSE
"FGF17",TRUE
"FGF18",TRUE
"FGF19",FALSE
"FGF2",TRUE
"FGF20",FALSE
"FGF21",FALSE
"FGF22",FALSE
"FGF23",FALSE
"FGF3",FALSE
"FGF4",FALSE
"FGF5",FALSE
"FGF6",FALSE
"FGF7",TRUE
"FGF7P6",FALSE
"FGF8",FALSE
"FGF9",TRUE
"FGFBP1",TRUE
"FGFBP2",FALSE
"FGFBP3",TRUE
"FGFBP3-AS1",FALSE
"FGFR1",TRUE
"FGFR1OP2",TRUE
"FGFR2",TRUE
"FGFR3",TRUE
"FGFR3P2",FALSE
"FGFR3P3",FALSE
"FGFR3P4",FALSE
"FGFR3P6",FALSE
"FGFR4",TRUE
"FGFRL1",TRUE
"FGG",TRUE
"FGGY",TRUE
"FGL1",TRUE
"FGL2",TRUE
"FGR",TRUE
"FH",TRUE
"FHAD1",TRUE
"FHAD1-AS1",FALSE
"FHDC1",TRUE
"FHIP1A",TRUE
"FHIP1A-DT",TRUE
"FHIP1B",TRUE
"FHIP2A",TRUE
"FHIP2B",TRUE
"FHIT",TRUE
"FHL1",TRUE
"FHL1P1",FALSE
"FHL2",TRUE
"FHL3",TRUE
"FHL5",TRUE
"FHOD1",TRUE
"FHOD3",TRUE
"FHP1",FALSE
"FIBCD1",FALSE
"FIBIN",TRUE
"FIBP",TRUE
"FICD",TRUE
"FIG4",TRUE
"FIGLA",FALSE
"FIGN",TRUE
"FIGNL1",TRUE
"FIGNL2",FALSE
"FIGNL2-DT",FALSE
"FILIP1",TRUE
"FILIP1L",TRUE
"FILNC1",FALSE
"FIMP1",FALSE
"FIP1L1",TRUE
"FIRRE",TRUE
"FIRRM",TRUE
"FIS1",TRUE
"FITM1",TRUE
"FITM2",TRUE
"FIZ1",TRUE
"FJX1",TRUE
"FKBP10",TRUE
"FKBP11",TRUE
"FKBP14",TRUE
"FKBP15",TRUE
"FKBP1A",TRUE
"FKBP1B",TRUE
"FKBP1C",TRUE
"FKBP2",TRUE
"FKBP3",TRUE
"FKBP4",TRUE
"FKBP4P2",FALSE
"FKBP4P6",FALSE
"FKBP4P7",FALSE
"FKBP4P8",FALSE
"FKBP5",TRUE
"FKBP6",FALSE
"FKBP7",TRUE
"FKBP8",TRUE
"FKBP9",TRUE
"FKBPL",TRUE
"FKRP",TRUE
"FKTN",TRUE
"FKTN-AS1",FALSE
"FLACC1",TRUE
"FLAD1",TRUE
"FLCN",TRUE
"FLG",TRUE
"FLG2",FALSE
"FLI1",TRUE
"FLII",TRUE
"FLJ12825",FALSE
"FLJ13224",TRUE
"FLJ16779",FALSE
"FLJ20712",FALSE
"FLJ30679",FALSE
"FLJ33534",TRUE
"FLJ36000",FALSE
"FLJ38576",TRUE
"FLJ40194",FALSE
"FLJ40288",FALSE
"FLJ42393",FALSE
"FLJ46284",TRUE
"FLNA",TRUE
"FLNB",TRUE
"FLNB-AS1",TRUE
"FLNC",TRUE
"FLNC-AS1",FALSE
"FLOT1",TRUE
"FLOT2",TRUE
"FLRT1",TRUE
"FLRT2",TRUE
"FLRT2-AS1",TRUE
"FLRT3",TRUE
"FLT1",TRUE
"FLT1P1",FALSE
"FLT3",TRUE
"FLT3LG",FALSE
"FLT4",TRUE
"FLVCR1",TRUE
"FLVCR1-DT",TRUE
"FLVCR2",TRUE
"FLVCR2-AS1",FALSE
"FLYWCH1",TRUE
"FLYWCH1-AS1",FALSE
"FLYWCH1P1",FALSE
"FLYWCH2",TRUE
"FMC1",TRUE
"FMC1-LUC7L2",FALSE
"FMN1",TRUE
"FMN2",TRUE
"FMN2P1",FALSE
"FMNL1",TRUE
"FMNL1-AS1",FALSE
"FMNL2",TRUE
"FMNL3",TRUE
"FMO1",TRUE
"FMO11P",FALSE
"FMO2",TRUE
"FMO3",TRUE
"FMO4",TRUE
"FMO5",TRUE
"FMO7P",FALSE
"FMO8P",FALSE
"FMOD",TRUE
"FMR1",TRUE
"FMR1-AS1",FALSE
"FMR1NB",FALSE
"FN1",TRUE
"FN3K",TRUE
"FN3KRP",TRUE
"FNBP1",TRUE
"FNBP1L",TRUE
"FNBP4",TRUE
"FNDC1",TRUE
"FNDC1-AS1",FALSE
"FNDC1-IT1",FALSE
"FNDC10",TRUE
"FNDC11",FALSE
"FNDC3A",TRUE
"FNDC3B",TRUE
"FNDC4",TRUE
"FNDC5",TRUE
"FNDC7",FALSE
"FNDC8",FALSE
"FNDC9",FALSE
"FNIP1",TRUE
"FNIP2",TRUE
"FNTA",TRUE
"FOCAD",TRUE
"FOCAD-AS1",FALSE
"FOLH1",TRUE
"FOLR1",TRUE
"FOLR1-AS1",FALSE
"FOLR2",FALSE
"FOLR3",FALSE
"FOLR3P1",FALSE
"FOS",TRUE
"FOSB",TRUE
"FOSL1",TRUE
"FOSL2",TRUE
"FOSL2-AS1",TRUE
"FOXA1",TRUE
"FOXA2",TRUE
"FOXA3",TRUE
"FOXB1",FALSE
"FOXB2",FALSE
"FOXC1",TRUE
"FOXC2",FALSE
"FOXD1",FALSE
"FOXD2",TRUE
"FOXD2-AS1",TRUE
"FOXD3",FALSE
"FOXD3-AS1",FALSE
"FOXD4",TRUE
"FOXD4L1",TRUE
"FOXD4L3",FALSE
"FOXD4L4",FALSE
"FOXD4L5",FALSE
"FOXD4L6",FALSE
"FOXE1",FALSE
"FOXE3",FALSE
"FOXF1",TRUE
"FOXF2",TRUE
"FOXF2-DT",FALSE
"FOXG1",FALSE
"FOXH1",FALSE
"FOXI1",FALSE
"FOXI2",FALSE
"FOXI3",FALSE
"FOXJ1",TRUE
"FOXJ2",TRUE
"FOXJ3",TRUE
"FOXK1",TRUE
"FOXK2",TRUE
"FOXL1",FALSE
"FOXL2",TRUE
"FOXL2NB",FALSE
"FOXM1",TRUE
"FOXN1",FALSE
"FOXN2",TRUE
"FOXN3",TRUE
"FOXN3-AS1",TRUE
"FOXN3-AS2",FALSE
"FOXN3P1",FALSE
"FOXN4",FALSE
"FOXO1",TRUE
"FOXO1B",FALSE
"FOXO3",TRUE
"FOXO3B",TRUE
"FOXO4",TRUE
"FOXO6",TRUE
"FOXO6-AS1",FALSE
"FOXP1",TRUE
"FOXP1-AS1",FALSE
"FOXP2",TRUE
"FOXP3",FALSE
"FOXP4",TRUE
"FOXP4-AS1",TRUE
"FOXQ1",TRUE
"FOXR1",FALSE
"FOXR2",FALSE
"FOXRED1",TRUE
"FOXRED2",TRUE
"FOXS1",TRUE
"FPGS",TRUE
"FPGT",TRUE
"FPGT-TNNI3K",TRUE
"FPR1",TRUE
"FPR2",FALSE
"FPR3",TRUE
"FRA10AC1",TRUE
"FRAS1",TRUE
"FRAT1",TRUE
"FRAT2",TRUE
"FREM1",TRUE
"FREM2",TRUE
"FREM3",FALSE
"FREY1",FALSE
"FRG1",TRUE
"FRG1-DT",TRUE
"FRG1CP",TRUE
"FRG2",FALSE
"FRG2B",FALSE
"FRG2C",FALSE
"FRG2GP",FALSE
"FRG2IP",FALSE
"FRG2LP",FALSE
"FRG2MP",FALSE
"FRK",TRUE
"FRMD1",FALSE
"FRMD3",TRUE
"FRMD3-AS1",TRUE
"FRMD4A",TRUE
"FRMD4B",TRUE
"FRMD5",TRUE
"FRMD6",TRUE
"FRMD7",FALSE
"FRMD8",TRUE
"FRMD8P1",FALSE
"FRMPD1",TRUE
"FRMPD2",TRUE
"FRMPD3",FALSE
"FRMPD4",FALSE
"FRRS1",TRUE
"FRRS1L",FALSE
"FRS2",TRUE
"FRS3",TRUE
"FRY",TRUE
"FRYL",TRUE
"FRZB",TRUE
"FSAF1",TRUE
"FSBP",FALSE
"FSCB",FALSE
"FSCN1",TRUE
"FSCN2",TRUE
"FSCN3",FALSE
"FSD1",FALSE
"FSD1L",TRUE
"FSD2",TRUE
"FSHB",FALSE
"FSHR",FALSE
"FSIP1",TRUE
"FSIP2",TRUE
"FST",TRUE
"FSTL1",TRUE
"FSTL3",TRUE
"FSTL4",TRUE
"FSTL4-AS1",FALSE
"FSTL5",FALSE
"FSTL5-AS1",FALSE
"FTCD",TRUE
"FTCD-AS1",FALSE
"FTCDNL1",TRUE
"FTH1",TRUE
"FTH1P2",TRUE
"FTH1P22",FALSE
"FTH1P25",FALSE
"FTH1P29",FALSE
"FTH1P6",FALSE
"FTH1P9",FALSE
"FTHL17",FALSE
"FTL",TRUE
"FTLP12",FALSE
"FTLP13",FALSE
"FTLP16",FALSE
"FTLP18",FALSE
"FTLP19",FALSE
"FTLP20",FALSE
"FTLP8",FALSE
"FTLP9",FALSE
"FTMT",FALSE
"FTO",TRUE
"FTOP1",TRUE
"FTSJ1",TRUE
"FTSJ3",TRUE
"FTX",TRUE
"FUBP1",TRUE
"FUBP3",TRUE
"FUCA1",TRUE
"FUCA2",TRUE
"FUNDC1",TRUE
"FUNDC2",TRUE
"FUOM",TRUE
"FURIN",TRUE
"FUS",TRUE
"FUT1",TRUE
"FUT2",TRUE
"FUT3",TRUE
"FUT4",TRUE
"FUT5",FALSE
"FUT6",TRUE
"FUT7",FALSE
"FUT8",TRUE
"FUT9",TRUE
"FUZ",TRUE
"FXN",TRUE
"FXNP2",FALSE
"FXR1",TRUE
"FXR2",TRUE
"FXYD1",FALSE
"FXYD2",TRUE
"FXYD3",TRUE
"FXYD4",FALSE
"FXYD5",TRUE
"FXYD6",TRUE
"FXYD6-AS1",TRUE
"FXYD6-FXYD2",FALSE
"FXYD7",FALSE
"FYB1",TRUE
"FYB2",TRUE
"FYCO1",TRUE
"FYN",TRUE
"FYTTD1",TRUE
"FZD1",TRUE
"FZD10",TRUE
"FZD10-AS1",TRUE
"FZD2",TRUE
"FZD3",TRUE
"FZD4",TRUE
"FZD4-DT",TRUE
"FZD5",TRUE
"FZD6",TRUE
"FZD7",TRUE
"FZD8",TRUE
"FZD9",TRUE
"FZR1",TRUE
"G0S2",TRUE
"G2E3",TRUE
"G2E3-AS1",FALSE
"G2E3P1",FALSE
"G3BP1",TRUE
"G3BP1P1",FALSE
"G3BP2",TRUE
"G6PC1",TRUE
"G6PC2",TRUE
"G6PC3",TRUE
"G6PD",TRUE
"GAA",TRUE
"GAB1",TRUE
"GAB2",TRUE
"GAB3",TRUE
"GAB4",FALSE
"GABARAP",TRUE
"GABARAPL1",TRUE
"GABARAPL2",TRUE
"GABARAPL3",FALSE
"GABBR1",TRUE
"GABBR2",FALSE
"GABPA",TRUE
"GABPB1",TRUE
"GABPB2",TRUE
"GABRA1",FALSE
"GABRA2",FALSE
"GABRA3",FALSE
"GABRA4",FALSE
"GABRA5",TRUE
"GABRA6",FALSE
"GABRA6-AS1",FALSE
"GABRB1",FALSE
"GABRB2",FALSE
"GABRB3",TRUE
"GABRD",FALSE
"GABRE",TRUE
"GABRG1",FALSE
"GABRG2",FALSE
"GABRG3",FALSE
"GABRG3-AS1",FALSE
"GABRP",TRUE
"GABRQ",FALSE
"GABRR1",FALSE
"GABRR2",TRUE
"GABRR3",FALSE
"GACAT1",FALSE
"GACAT2",FALSE
"GACAT3",FALSE
"GAD1",TRUE
"GAD2",TRUE
"GADD45A",TRUE
"GADD45B",TRUE
"GADD45G",TRUE
"GADD45GIP1",TRUE
"GADL1",FALSE
"GAGE1",FALSE
"GAGE10",FALSE
"GAGE12B",FALSE
"GAGE12C",FALSE
"GAGE12D",FALSE
"GAGE12E",FALSE
"GAGE12H",FALSE
"GAGE12J",FALSE
"GAGE13",FALSE
"GAK",TRUE
"GAL",TRUE
"GAL3ST1",TRUE
"GAL3ST2",FALSE
"GAL3ST3",TRUE
"GAL3ST4",TRUE
"GALC",TRUE
"GALE",TRUE
"GALK1",TRUE
"GALK2",TRUE
"GALM",TRUE
"GALNS",TRUE
"GALNT1",TRUE
"GALNT10",TRUE
"GALNT11",TRUE
"GALNT12",TRUE
"GALNT13",TRUE
"GALNT13-AS1",FALSE
"GALNT14",TRUE
"GALNT15",TRUE
"GALNT16",TRUE
"GALNT17",TRUE
"GALNT18",TRUE
"GALNT18-AS1",FALSE
"GALNT2",TRUE
"GALNT3",TRUE
"GALNT4",TRUE
"GALNT5",TRUE
"GALNT6",TRUE
"GALNT7",TRUE
"GALNT7-DT",TRUE
"GALNT8",FALSE
"GALNT9",FALSE
"GALNTL5",FALSE
"GALNTL6",FALSE
"GALP",FALSE
"GALR1",FALSE
"GALR2",FALSE
"GALR3",FALSE
"GALT",TRUE
"GAMT",TRUE
"GAMTP2",FALSE
"GAN",TRUE
"GANAB",TRUE
"GANC",TRUE
"GAP43",FALSE
"GAPDH",TRUE
"GAPDHP15",FALSE
"GAPDHP16",FALSE
"GAPDHP22",FALSE
"GAPDHP26",FALSE
"GAPDHP34",FALSE
"GAPDHP36",FALSE
"GAPDHP41",FALSE
"GAPDHP46",FALSE
"GAPDHP47",FALSE
"GAPDHP49",FALSE
"GAPDHP50",FALSE
"GAPDHP51",FALSE
"GAPDHP52",FALSE
"GAPDHP53",FALSE
"GAPDHP54",FALSE
"GAPDHP55",FALSE
"GAPDHP56",FALSE
"GAPDHP57",FALSE
"GAPDHP58",FALSE
"GAPDHP62",FALSE
"GAPDHP74",FALSE
"GAPDHP77",FALSE
"GAPDHS",FALSE
"GAPLINC",FALSE
"GAPT",FALSE
"GAPVD1",TRUE
"GAR1",TRUE
"GAR1-DT",FALSE
"GAREM1",TRUE
"GAREM2",TRUE
"GARIN1A",TRUE
"GARIN1B",FALSE
"GARIN2",FALSE
"GARIN3",FALSE
"GARIN3P1",FALSE
"GARIN4",FALSE
"GARIN5A",TRUE
"GARIN5B",FALSE
"GARIN6",FALSE
"GARNL3",TRUE
"GARRE1",TRUE
"GARS1",TRUE
"GARS1P1",FALSE
"GART",TRUE
"GAS1",TRUE
"GAS1RR",TRUE
"GAS2",TRUE
"GAS2L1",TRUE
"GAS2L2",FALSE
"GAS2L3",TRUE
"GAS5",TRUE
"GAS6",TRUE
"GAS6-DT",TRUE
"GAS7",TRUE
"GAS8-AS1",TRUE
"GASK1A",TRUE
"GASK1B",TRUE
"GASK1B-AS1",TRUE
"GAST",FALSE
"GATA1",FALSE
"GATA2",TRUE
"GATA3",FALSE
"GATA3-AS1",FALSE
"GATA4",TRUE
"GATA5",FALSE
"GATA6",TRUE
"GATA6-AS1",TRUE
"GATAD1",TRUE
"GATAD2A",TRUE
"GATAD2B",TRUE
"GATB",TRUE
"GATC",TRUE
"GATD1",TRUE
"GATD1-DT",TRUE
"GATD3",TRUE
"GATM",TRUE
"GAU1",FALSE
"GBA1",TRUE
"GBA2",TRUE
"GBA3",TRUE
"GBE1",TRUE
"GBF1",TRUE
"GBGT1",TRUE
"GBP1",TRUE
"GBP2",TRUE
"GBP3",TRUE
"GBP4",TRUE
"GBP5",FALSE
"GBP6",FALSE
"GBP7",FALSE
"GBX1",FALSE
"GBX2",FALSE
"GBX2-AS1",FALSE
"GC",TRUE
"GCA",TRUE
"GCAT",TRUE
"GCATP1",TRUE
"GCAWKR",TRUE
"GCC1",TRUE
"GCC2",TRUE
"GCC2-AS1",TRUE
"GCDH",TRUE
"GCFC2",TRUE
"GCG",TRUE
"GCGR",FALSE
"GCH1",TRUE
"GCHFR",TRUE
"GCK",TRUE
"GCKR",TRUE
"GCLC",TRUE
"GCLC-AS1",TRUE
"GCLM",TRUE
"GCM1",FALSE
"GCM2",FALSE
"GCN1",TRUE
"GCNA",TRUE
"GCNAP1",FALSE
"GCNT1",TRUE
"GCNT1P3",FALSE
"GCNT2",TRUE
"GCNT2P1",FALSE
"GCNT3",TRUE
"GCNT4",TRUE
"GCNT7",TRUE
"GCOM1",TRUE
"GCSAM",TRUE
"GCSAML",FALSE
"GCSH",TRUE
"GCSHP2",FALSE
"GCSHP6",FALSE
"GCSIR",FALSE
"GDA",TRUE
"GDAP1",TRUE
"GDAP1L1",FALSE
"GDAP2",TRUE
"GDE1",TRUE
"GDF1",FALSE
"GDF10",TRUE
"GDF11",TRUE
"GDF15",TRUE
"GDF2",FALSE
"GDF3",FALSE
"GDF5",FALSE
"GDF6",TRUE
"GDF7",TRUE
"GDF9",TRUE
"GDI1",TRUE
"GDI2",TRUE
"GDI2P2",TRUE
"GDNF",TRUE
"GDPD1",TRUE
"GDPD2",FALSE
"GDPD3",TRUE
"GDPD4",FALSE
"GDPD5",TRUE
"GDPGP1",TRUE
"GEM",TRUE
"GEMIN2",TRUE
"GEMIN4",TRUE
"GEMIN5",TRUE
"GEMIN6",TRUE
"GEMIN7",TRUE
"GEMIN8",TRUE
"GEMIN8P3",FALSE
"GEN1",TRUE
"GET1",TRUE
"GET1P1",FALSE
"GET3",TRUE
"GET4",TRUE
"GFAP",TRUE
"GFER",TRUE
"GFI1",TRUE
"GFI1B",FALSE
"GFM1",TRUE
"GFM2",TRUE
"GFOD1",TRUE
"GFOD2",TRUE
"GFPT1",TRUE
"GFPT2",TRUE
"GFRA1",TRUE
"GFRA2",FALSE
"GFRA3",TRUE
"GFRA4",FALSE
"GFRAL",FALSE
"GFUS",TRUE
"GFY",FALSE
"GGA1",TRUE
"GGA2",TRUE
"GGA3",TRUE
"GGACT",TRUE
"GGCT",TRUE
"GGCX",TRUE
"GGH",TRUE
"GGN",TRUE
"GGNBP2",TRUE
"GGPS1",TRUE
"GGT1",TRUE
"GGT3P",FALSE
"GGT5",TRUE
"GGT6",TRUE
"GGT7",TRUE
"GGTA1",FALSE
"GGTA2P",FALSE
"GGTLC1",TRUE
"GGTLC2",FALSE
"GGTLC3",FALSE
"GGTLC4P",FALSE
"GGTLC5P",FALSE
"GH1",FALSE
"GH2",FALSE
"GHDC",TRUE
"GHET1",TRUE
"GHITM",TRUE
"GHR",TRUE
"GHRH",FALSE
"GHRHR",TRUE
"GHRL",TRUE
"GHRLOS",TRUE
"GHSR",FALSE
"GID4",TRUE
"GID8",TRUE
"GIGYF1",TRUE
"GIGYF2",TRUE
"GIHCG",TRUE
"GIMAP1",TRUE
"GIMAP1-GIMAP5",FALSE
"GIMAP2",TRUE
"GIMAP3P",FALSE
"GIMAP4",TRUE
"GIMAP5",FALSE
"GIMAP6",TRUE
"GIMAP7",TRUE
"GIMAP8",TRUE
"GIMD1",FALSE
"GIN1",TRUE
"GINM1",TRUE
"GINS1",TRUE
"GINS2",TRUE
"GINS3",TRUE
"GINS4",TRUE
"GIP",FALSE
"GIPC1",TRUE
"GIPC2",TRUE
"GIPC3",TRUE
"GIPR",TRUE
"GIRGL",TRUE
"GIT1",TRUE
"GIT2",TRUE
"GJA1",TRUE
"GJA10",FALSE
"GJA3",FALSE
"GJA4",TRUE
"GJA5",FALSE
"GJA8",FALSE
"GJA9",FALSE
"GJB1",TRUE
"GJB2",TRUE
"GJB3",TRUE
"GJB4",FALSE
"GJB5",FALSE
"GJB6",FALSE
"GJB7",FALSE
"GJC1",TRUE
"GJC2",TRUE
"GJC3",TRUE
"GJD2",TRUE
"GJD2-DT",FALSE
"GJD3",TRUE
"GJD4",FALSE
"GJD4-AS1",FALSE
"GJE1",FALSE
"GK",TRUE
"GK2",FALSE
"GK3",FALSE
"GK5",TRUE
"GKAP1",TRUE
"GKN1",FALSE
"GKN2",FALSE
"GLA",TRUE
"GLB1",TRUE
"GLB1L",TRUE
"GLB1L2",TRUE
"GLB1L3",FALSE
"GLCCI1",TRUE
"GLCE",TRUE
"GLDC",TRUE
"GLDN",TRUE
"GLE1",TRUE
"GLG1",TRUE
"GLI1",TRUE
"GLI2",TRUE
"GLI3",TRUE
"GLI4",TRUE
"GLIDR",TRUE
"GLIPR1",TRUE
"GLIPR1L1",TRUE
"GLIPR1L2",TRUE
"GLIPR2",TRUE
"GLIS1",FALSE
"GLIS2",TRUE
"GLIS2-AS1",TRUE
"GLIS3",TRUE
"GLIS3-AS1",FALSE
"GLMN",TRUE
"GLMP",TRUE
"GLO1",TRUE
"GLOD4",TRUE
"GLOD5",TRUE
"GLP1R",TRUE
"GLP2R",TRUE
"GLRA1",FALSE
"GLRA2",FALSE
"GLRA3",FALSE
"GLRB",TRUE
"GLRX",TRUE
"GLRX2",TRUE
"GLRX3",TRUE
"GLRX3P1",FALSE
"GLRX5",TRUE
"GLRX5P3",FALSE
"GLS",TRUE
"GLS2",TRUE
"GLT1D1",FALSE
"GLT6D1",FALSE
"GLT8D1",TRUE
"GLT8D2",TRUE
"GLTC1",FALSE
"GLTP",TRUE
"GLTPD2",TRUE
"GLUD1",TRUE
"GLUD2",TRUE
"GLUL",TRUE
"GLULP1",FALSE
"GLULP4",FALSE
"GLULP6",FALSE
"GLYAT",FALSE
"GLYATL1",TRUE
"GLYATL1-AS1",FALSE
"GLYATL1B",FALSE
"GLYATL1P1",FALSE
"GLYATL1P2",FALSE
"GLYATL2",FALSE
"GLYATL3",FALSE
"GLYCTK",TRUE
"GLYR1",TRUE
"GLYR1P1",FALSE
"GM2A",TRUE
"GM2AP2",FALSE
"GMCL1",TRUE
"GMCL1P2",FALSE
"GMCL2",FALSE
"GMDS",TRUE
"GMDS-DT",TRUE
"GMEB1",TRUE
"GMEB2",TRUE
"GMFB",TRUE
"GMFG",TRUE
"GMIP",TRUE
"GML",FALSE
"GMNC",TRUE
"GMNN",TRUE
"GMPPA",TRUE
"GMPPB",TRUE
"GMPR",TRUE
"GMPR2",TRUE
"GMPS",TRUE
"GMPSP1",TRUE
"GNA11",TRUE
"GNA12",TRUE
"GNA13",TRUE
"GNA14",TRUE
"GNA14-AS1",FALSE
"GNA15",TRUE
"GNA15-DT",FALSE
"GNAI1",TRUE
"GNAI2",TRUE
"GNAI2P2",FALSE
"GNAI3",TRUE
"GNAL",TRUE
"GNAO1",TRUE
"GNAO1-DT",FALSE
"GNAQ",TRUE
"GNAS",TRUE
"GNAS-AS1",FALSE
"GNAT1",FALSE
"GNAT2",FALSE
"GNAT3",FALSE
"GNAZ",TRUE
"GNB1",TRUE
"GNB1-DT",FALSE
"GNB1L",TRUE
"GNB2",TRUE
"GNB3",TRUE
"GNB4",TRUE
"GNB5",TRUE
"GNE",TRUE
"GNG10",TRUE
"GNG11",TRUE
"GNG12",TRUE
"GNG12-AS1",TRUE
"GNG13",FALSE
"GNG2",TRUE
"GNG3",FALSE
"GNG4",TRUE
"GNG5",TRUE
"GNG5B",FALSE
"GNG7",TRUE
"GNG8",FALSE
"GNGT1",FALSE
"GNGT2",FALSE
"GNL1",TRUE
"GNL2",TRUE
"GNL2P1",FALSE
"GNL3",TRUE
"GNL3L",TRUE
"GNL3LP1",FALSE
"GNLY",FALSE
"GNPAT",TRUE
"GNPDA1",TRUE
"GNPDA2",TRUE
"GNPNAT1",TRUE
"GNPTAB",TRUE
"GNPTG",TRUE
"GNRH1",TRUE
"GNRH2",FALSE
"GNRHR",FALSE
"GNRHR2P1",FALSE
"GNS",TRUE
"GOLGA1",TRUE
"GOLGA2",TRUE
"GOLGA2P1",FALSE
"GOLGA3",TRUE
"GOLGA4",TRUE
"GOLGA4-AS1",TRUE
"GOLGA5",TRUE
"GOLGA6B",FALSE
"GOLGA6D",FALSE
"GOLGA6L2",FALSE
"GOLGA6L24",FALSE
"GOLGA6L25",FALSE
"GOLGA6L26",FALSE
"GOLGA6L3P",TRUE
"GOLGA6L4",TRUE
"GOLGA6L6",FALSE
"GOLGA6L7",FALSE
"GOLGA6L9",TRUE
"GOLGA7",TRUE
"GOLGA7B",TRUE
"GOLGA7B-DT",FALSE
"GOLGA8A",TRUE
"GOLGA8CP",FALSE
"GOLGA8DP",FALSE
"GOLGA8EP",FALSE
"GOLGA8F",FALSE
"GOLGA8H",TRUE
"GOLGA8J",FALSE
"GOLGA8K",TRUE
"GOLGA8M",FALSE
"GOLGA8N",TRUE
"GOLGA8O",TRUE
"GOLGA8R",TRUE
"GOLGA8S",FALSE
"GOLGB1",TRUE
"GOLIM4",TRUE
"GOLM1",TRUE
"GOLM2",TRUE
"GOLPH3",TRUE
"GOLPH3L",TRUE
"GOLT1A",TRUE
"GOLT1B",TRUE
"GON4L",TRUE
"GON7",TRUE
"GOPC",TRUE
"GORAB",TRUE
"GORAB-AS1",TRUE
"GORASP1",TRUE
"GORASP2",TRUE
"GOSR1",TRUE
"GOSR2",TRUE
"GOT1",TRUE
"GOT1-DT",TRUE
"GOT1L1",FALSE
"GOT2",TRUE
"GOT2P1",FALSE
"GOT2P3",FALSE
"GOT2P5",FALSE
"GOT2P6",FALSE
"GOT2P7",FALSE
"GP1BA",TRUE
"GP1BB",FALSE
"GP2",TRUE
"GP5",FALSE
"GP6",TRUE
"GP9",FALSE
"GPA33",FALSE
"GPAA1",TRUE
"GPAA1P1",FALSE
"GPAA1P2",TRUE
"GPALPP1",TRUE
"GPAM",TRUE
"GPANK1",TRUE
"GPAT3",TRUE
"GPAT4",TRUE
"GPATCH1",TRUE
"GPATCH11",TRUE
"GPATCH2",TRUE
"GPATCH2L",TRUE
"GPATCH3",TRUE
"GPATCH4",TRUE
"GPATCH8",TRUE
"GPBAR1",TRUE
"GPBP1",TRUE
"GPBP1L1",TRUE
"GPC1",TRUE
"GPC1-AS1",TRUE
"GPC2",TRUE
"GPC3",TRUE
"GPC4",TRUE
"GPC5",FALSE
"GPC5-AS1",FALSE
"GPC6",TRUE
"GPC6-AS1",FALSE
"GPCPD1",TRUE
"GPD1",TRUE
"GPD1L",TRUE
"GPD2",TRUE
"GPER1",TRUE
"GPHA2",TRUE
"GPHB5",FALSE
"GPHN",TRUE
"GPI",TRUE
"GPIHBP1",FALSE
"GPKOW",TRUE
"GPLD1",TRUE
"GPM6A",FALSE
"GPM6A-AS1",FALSE
"GPM6B",TRUE
"GPN1",TRUE
"GPN2",TRUE
"GPN2-AS1",FALSE
"GPN3",TRUE
"GPNMB",TRUE
"GPR101",FALSE
"GPR107",TRUE
"GPR108",TRUE
"GPR119",FALSE
"GPR12",FALSE
"GPR132",TRUE
"GPR135",TRUE
"GPR137",TRUE
"GPR137B",TRUE
"GPR137C",TRUE
"GPR139",FALSE
"GPR141",FALSE
"GPR142",FALSE
"GPR143",TRUE
"GPR143YP",FALSE
"GPR146",TRUE
"GPR148",FALSE
"GPR149",FALSE
"GPR15",FALSE
"GPR150",TRUE
"GPR151",FALSE
"GPR152",FALSE
"GPR153",TRUE
"GPR155",TRUE
"GPR156",FALSE
"GPR157",TRUE
"GPR158",FALSE
"GPR158-AS1",FALSE
"GPR15LG",FALSE
"GPR160",TRUE
"GPR161",TRUE
"GPR162",TRUE
"GPR166P",FALSE
"GPR17",FALSE
"GPR171",FALSE
"GPR173",TRUE
"GPR174",FALSE
"GPR176",TRUE
"GPR176-DT",FALSE
"GPR179",FALSE
"GPR18",FALSE
"GPR180",TRUE
"GPR183",TRUE
"GPR19",FALSE
"GPR20",FALSE
"GPR21",FALSE
"GPR22",FALSE
"GPR25",FALSE
"GPR26",FALSE
"GPR27",TRUE
"GPR3",TRUE
"GPR31",FALSE
"GPR32",FALSE
"GPR33",FALSE
"GPR34",TRUE
"GPR35",TRUE
"GPR37",TRUE
"GPR37L1",TRUE
"GPR39",TRUE
"GPR4",TRUE
"GPR42",FALSE
"GPR45",FALSE
"GPR50",FALSE
"GPR50-AS1",FALSE
"GPR52",FALSE
"GPR55",FALSE
"GPR6",FALSE
"GPR61",FALSE
"GPR62",FALSE
"GPR63",TRUE
"GPR65",TRUE
"GPR68",TRUE
"GPR75",TRUE
"GPR78",FALSE
"GPR79P",FALSE
"GPR82",FALSE
"GPR83",FALSE
"GPR84",TRUE
"GPR85",TRUE
"GPR87",FALSE
"GPR88",FALSE
"GPRACR",FALSE
"GPRASP1",TRUE
"GPRASP3",TRUE
"GPRC5A",TRUE
"GPRC5B",TRUE
"GPRC5C",TRUE
"GPRC5D",TRUE
"GPRC5D-AS1",TRUE
"GPRC6A",FALSE
"GPRIN1",TRUE
"GPRIN2",TRUE
"GPRIN3",TRUE
"GPS1",TRUE
"GPS2",TRUE
"GPS2P1",TRUE
"GPS2P2",FALSE
"GPSM1",TRUE
"GPSM2",TRUE
"GPSM3",TRUE
"GPT",TRUE
"GPT2",TRUE
"GPX1",TRUE
"GPX2",TRUE
"GPX3",TRUE
"GPX4",TRUE
"GPX5",FALSE
"GPX6",FALSE
"GPX7",TRUE
"GPX8",TRUE
"GRAMD1A",TRUE
"GRAMD1B",TRUE
"GRAMD1C",TRUE
"GRAMD2A",TRUE
"GRAMD2B",TRUE
"GRAMD4",TRUE
"GRAMD4P1",FALSE
"GRAMD4P3",FALSE
"GRAMD4P4",FALSE
"GRAMD4P5",FALSE
"GRAMD4P7",FALSE
"GRAMD4P8",FALSE
"GRAP2",TRUE
"GRAPL",FALSE
"GRASLND",TRUE
"GRB10",TRUE
"GRB14",TRUE
"GRB2",TRUE
"GRB7",TRUE
"GREB1",TRUE
"GREB1L",TRUE
"GREB1L-AS1",FALSE
"GREB1L-DT",FALSE
"GREM1",TRUE
"GREM1-AS1",FALSE
"GREM2",FALSE
"GREP1",TRUE
"GRHL1",TRUE
"GRHL2",TRUE
"GRHL2-DT",FALSE
"GRHL3",TRUE
"GRHPR",TRUE
"GRIA1",FALSE
"GRIA2",TRUE
"GRIA3",TRUE
"GRIA4",TRUE
"GRID1",TRUE
"GRID1-AS1",FALSE
"GRID1-AS2",FALSE
"GRID2",FALSE
"GRID2IP",TRUE
"GRIFIN",FALSE
"GRIK1",TRUE
"GRIK1-AS3",FALSE
"GRIK2",TRUE
"GRIK3",FALSE
"GRIK4",FALSE
"GRIK5",TRUE
"GRIN1",TRUE
"GRIN2A",TRUE
"GRIN2B",FALSE
"GRIN2C",TRUE
"GRIN2D",TRUE
"GRIN3A",TRUE
"GRIN3B",FALSE
"GRINA",TRUE
"GRIP1",TRUE
"GRIP2",TRUE
"GRIPAP1",TRUE
"GRK1",FALSE
"GRK2",TRUE
"GRK3",TRUE
"GRK3-AS1",FALSE
"GRK4",TRUE
"GRK5",TRUE
"GRK6",TRUE
"GRK7",FALSE
"GRM1",FALSE
"GRM2",TRUE
"GRM3",FALSE
"GRM4",FALSE
"GRM5",FALSE
"GRM5-AS1",FALSE
"GRM6",TRUE
"GRM7",FALSE
"GRM7-AS1",FALSE
"GRM7-AS2",FALSE
"GRM7-AS3",FALSE
"GRM8",TRUE
"GRM8-AS1",FALSE
"GRN",TRUE
"GRP",FALSE
"GRPEL1",TRUE
"GRPEL2",TRUE
"GRPR",TRUE
"GRSF1",TRUE
"GRTP1",TRUE
"GRTP1-AS1",FALSE
"GRWD1",TRUE
"GRXCR1",FALSE
"GRXCR2",FALSE
"GS1-204I12.4",FALSE
"GS1-24F4.2",TRUE
"GS1-278J22.2",FALSE
"GS1-600G8.3",FALSE
"GSAP",TRUE
"GSC",TRUE
"GSC2",FALSE
"GSDMA",FALSE
"GSDMB",TRUE
"GSDMC",FALSE
"GSDMD",TRUE
"GSDME",TRUE
"GSE1",TRUE
"GSE1-AS1",FALSE
"GSEC",TRUE
"GSG1",TRUE
"GSG1L",FALSE
"GSG1L2",FALSE
"GSK3A",TRUE
"GSK3B",TRUE
"GSK3B-DT",TRUE
"GSKIP",TRUE
"GSN",TRUE
"GSN-AS1",TRUE
"GSPT1",TRUE
"GSPT2",TRUE
"GSR",TRUE
"GSS",TRUE
"GSTA1",TRUE
"GSTA12P",FALSE
"GSTA2",TRUE
"GSTA3",FALSE
"GSTA4",TRUE
"GSTA5",FALSE
"GSTA6P",FALSE
"GSTA9P",FALSE
"GSTCD",TRUE
"GSTCD-AS1",FALSE
"GSTK1",TRUE
"GSTM1",TRUE
"GSTM2",TRUE
"GSTM3",TRUE
"GSTM3P1",FALSE
"GSTM4",TRUE
"GSTM5",TRUE
"GSTO1",TRUE
"GSTO2",TRUE
"GSTO3P",FALSE
"GSTP1",TRUE
"GSTT2",TRUE
"GSTT2B",TRUE
"GSTT4",FALSE
"GSTZ1",TRUE
"GSX1",FALSE
"GSX2",FALSE
"GTF2A1",TRUE
"GTF2A1-AS1",TRUE
"GTF2A1L",FALSE
"GTF2A2",TRUE
"GTF2B",TRUE
"GTF2E1",TRUE
"GTF2E2",TRUE
"GTF2F1",TRUE
"GTF2F2",TRUE
"GTF2F2P2",FALSE
"GTF2H1",TRUE
"GTF2H2C",TRUE
"GTF2H3",TRUE
"GTF2H4",FALSE
"GTF2H5",TRUE
"GTF2I",TRUE
"GTF2I-AS1",TRUE
"GTF2IP11",FALSE
"GTF2IP14",TRUE
"GTF2IP15",FALSE
"GTF2IP22",FALSE
"GTF2IP3",FALSE
"GTF2IP5",FALSE
"GTF2IP9",FALSE
"GTF2IRD1",TRUE
"GTF2IRD2",TRUE
"GTF2IRD2B",TRUE
"GTF2IRD2P1",TRUE
"GTF3A",TRUE
"GTF3AP2",FALSE
"GTF3C1",TRUE
"GTF3C2",TRUE
"GTF3C2-AS1",FALSE
"GTF3C2-AS2",TRUE
"GTF3C3",TRUE
"GTF3C4",TRUE
"GTF3C5",TRUE
"GTF3C6",TRUE
"GTF3C6P1",FALSE
"GTF3C6P3",FALSE
"GTPBP1",TRUE
"GTPBP2",TRUE
"GTPBP3",TRUE
"GTPBP4",TRUE
"GTPBP6",TRUE
"GTPBP8",TRUE
"GTSCR1",FALSE
"GTSE1",TRUE
"GTSE1-DT",TRUE
"GTSF1",FALSE
"GTSF1L",FALSE
"GUCA1A",FALSE
"GUCA1B",TRUE
"GUCA1C",TRUE
"GUCA2A",TRUE
"GUCA2B",TRUE
"GUCD1",TRUE
"GUCY1A1",TRUE
"GUCY1A2",TRUE
"GUCY1B1",TRUE
"GUCY2C",TRUE
"GUCY2D",FALSE
"GUCY2F",FALSE
"GUCY2GP",FALSE
"GUF1",TRUE
"GUK1",TRUE
"GULP1",TRUE
"GUSB",TRUE
"GUSBP11",FALSE
"GUSBP12",FALSE
"GUSBP9",TRUE
"GVINP1",TRUE
"GVINP2",FALSE
"GVQW3",TRUE
"GXYLT1",TRUE
"GXYLT1P4",FALSE
"GXYLT1P5",FALSE
"GXYLT1P6",FALSE
"GXYLT1P7",FALSE
"GXYLT2",TRUE
"GYG1",TRUE
"GYG1P1",FALSE
"GYG2",TRUE
"GYG2P2",TRUE
"GYPA",FALSE
"GYPB",FALSE
"GYPC",TRUE
"GYPE",FALSE
"GYS1",TRUE
"GYS2",FALSE
"GZF1",TRUE
"GZMA",FALSE
"GZMAP1",FALSE
"GZMB",FALSE
"GZMH",FALSE
"GZMK",FALSE
"GZMM",FALSE
"H1-0",TRUE
"H1-1",FALSE
"H1-10",TRUE
"H1-2",TRUE
"H1-3",FALSE
"H1-4",TRUE
"H1-5",FALSE
"H1-6",FALSE
"H1-7",FALSE
"H1-8",FALSE
"H1-9P",FALSE
"H19",TRUE
"H2AB1",FALSE
"H2AB2",FALSE
"H2AB3",FALSE
"H2AC1",FALSE
"H2AC10P",FALSE
"H2AC11",FALSE
"H2AC12",FALSE
"H2AC13",FALSE
"H2AC14",FALSE
"H2AC15",FALSE
"H2AC16",FALSE
"H2AC17",FALSE
"H2AC20",TRUE
"H2AC21",FALSE
"H2AC25",TRUE
"H2AC4",FALSE
"H2AC6",TRUE
"H2AC7",FALSE
"H2AC8",FALSE
"H2AC9P",FALSE
"H2ACP1",FALSE
"H2AJ",TRUE
"H2AL3",FALSE
"H2AP",FALSE
"H2AX",TRUE
"H2AZ1",TRUE
"H2AZ2",TRUE
"H2AZ2-DT",FALSE
"H2AZP5",FALSE
"H2AZP7",FALSE
"H2BC1",FALSE
"H2BC10",FALSE
"H2BC11",TRUE
"H2BC12",TRUE
"H2BC13",FALSE
"H2BC14",FALSE
"H2BC15",TRUE
"H2BC16P",FALSE
"H2BC17",FALSE
"H2BC18",TRUE
"H2BC19P",FALSE
"H2BC20P",TRUE
"H2BC21",TRUE
"H2BC26",FALSE
"H2BC27P",FALSE
"H2BC2P",FALSE
"H2BC3",FALSE
"H2BC4",TRUE
"H2BC5",TRUE
"H2BC6",TRUE
"H2BC7",TRUE
"H2BC8",TRUE
"H2BC9",FALSE
"H2BL1P",FALSE
"H2BP3",FALSE
"H2BP5",FALSE
"H2BP6",FALSE
"H2BP7",FALSE
"H2BP8",FALSE
"H2BP9",FALSE
"H2BW1",FALSE
"H2BW2",FALSE
"H3-3A",TRUE
"H3-3B",TRUE
"H3-4",FALSE
"H3-5",TRUE
"H3-7",FALSE
"H3C1",FALSE
"H3C10",FALSE
"H3C11",FALSE
"H3C12",FALSE
"H3C13",FALSE
"H3C14",FALSE
"H3C15",FALSE
"H3C4",FALSE
"H3C5P",FALSE
"H3C6",TRUE
"H3C7",FALSE
"H3C8",FALSE
"H3C9P",FALSE
"H3P1",FALSE
"H3P11",FALSE
"H3P13",FALSE
"H3P15",FALSE
"H3P17",FALSE
"H3P18",FALSE
"H3P19",FALSE
"H3P20",FALSE
"H3P21",FALSE
"H3P25",FALSE
"H3P29",FALSE
"H3P3",FALSE
"H3P30",FALSE
"H3P31",FALSE
"H3P32",FALSE
"H3P33",FALSE
"H3P34",FALSE
"H3P36",TRUE
"H3P41",FALSE
"H3P42",FALSE
"H3P43",FALSE
"H3P45",FALSE
"H3P46",FALSE
"H3P7",FALSE
"H3P9",FALSE
"H3Y1",FALSE
"H3Y2",FALSE
"H4C1",FALSE
"H4C11",FALSE
"H4C12",FALSE
"H4C13",FALSE
"H4C14",FALSE
"H4C15",FALSE
"H4C16",TRUE
"H4C2",FALSE
"H4C3",TRUE
"H4C4",FALSE
"H4C5",TRUE
"H4C6",FALSE
"H4C7",FALSE
"H4C8",TRUE
"H4C9",TRUE
"H4P1",FALSE
"H6PD",TRUE
"HAAO",TRUE
"HABP2",TRUE
"HABP4",TRUE
"HACD1",TRUE
"HACD2",TRUE
"HACD3",TRUE
"HACD4",TRUE
"HACE1",TRUE
"HACL1",TRUE
"HACL2",TRUE
"HADH",TRUE
"HADHA",TRUE
"HADHAP1",TRUE
"HADHB",TRUE
"HADHBP1",FALSE
"HAFML",FALSE
"HAGH",TRUE
"HAGHL",TRUE
"HAGLR",TRUE
"HAL",TRUE
"HAMP",TRUE
"HAND1",TRUE
"HAND2",TRUE
"HAND2-AS1",TRUE
"HAO1",FALSE
"HAO2",FALSE
"HAO2-IT1",FALSE
"HAP1",TRUE
"HAPLN1",FALSE
"HAPLN2",FALSE
"HAPLN3",TRUE
"HAPLN4",FALSE
"HAPSTR1",TRUE
"HAPSTR2",FALSE
"HAR1B",FALSE
"HARBI1",TRUE
"HARS1",TRUE
"HARS2",TRUE
"HAS1",TRUE
"HAS2",TRUE
"HAS3",TRUE
"HASPIN",TRUE
"HAT1",TRUE
"HAUS1",TRUE
"HAUS2",TRUE
"HAUS3",TRUE
"HAUS4",TRUE
"HAUS5",TRUE
"HAUS5-DT",FALSE
"HAUS6",TRUE
"HAUS6P1",FALSE
"HAUS7",TRUE
"HAUS8",TRUE
"HAUS8P1",FALSE
"HAVCR1",TRUE
"HAVCR1P1",TRUE
"HAVCR1P2",FALSE
"HAVCR2",TRUE
"HAX1",TRUE
"HBA1",FALSE
"HBA2",FALSE
"HBAP1",FALSE
"HBB",FALSE
"HBD",FALSE
"HBE1",FALSE
"HBEGF",TRUE
"HBG1",FALSE
"HBG2",FALSE
"HBM",FALSE
"HBP1",TRUE
"HBQ1",FALSE
"HBS1L",TRUE
"HBZ",FALSE
"HBZP1",FALSE
"HCAR1",FALSE
"HCAR2",FALSE
"HCAR3",FALSE
"HCCAT5",FALSE
"HCCS",TRUE
"HCCS-DT",FALSE
"HCFC1",TRUE
"HCFC1-AS1",FALSE
"HCFC1R1",TRUE
"HCFC2",TRUE
"HCFC2P1",FALSE
"HCG14",FALSE
"HCG15",FALSE
"HCG20",TRUE
"HCG22",FALSE
"HCG25",FALSE
"HCG27",TRUE
"HCG9",TRUE
"HCK",TRUE
"HCLS1",TRUE
"HCN1",TRUE
"HCN2",TRUE
"HCN3",TRUE
"HCN4",TRUE
"HCP5",TRUE
"HCP5B",FALSE
"HCRT",FALSE
"HCRTR1",FALSE
"HCRTR2",FALSE
"HCST",FALSE
"HDAC1",TRUE
"HDAC10",TRUE
"HDAC11",TRUE
"HDAC11-AS1",FALSE
"HDAC1P2",FALSE
"HDAC2",TRUE
"HDAC3",TRUE
"HDAC4",TRUE
"HDAC4-AS1",TRUE
"HDAC5",TRUE
"HDAC6",TRUE
"HDAC7",TRUE
"HDAC8",TRUE
"HDAC9",TRUE
"HDC",FALSE
"HDDC2",TRUE
"HDDC3",TRUE
"HDGF",TRUE
"HDGFL1",FALSE
"HDGFL2",TRUE
"HDGFL3",TRUE
"HDHD2",TRUE
"HDHD3",TRUE
"HDHD5",TRUE
"HDHD5-AS1",FALSE
"HDLBP",TRUE
"HDX",TRUE
"HEATR1",TRUE
"HEATR3",TRUE
"HEATR4",TRUE
"HEATR5A",TRUE
"HEATR5A-DT",TRUE
"HEATR5B",TRUE
"HEATR6",TRUE
"HEATR9",FALSE
"HEBP1",TRUE
"HEBP2",TRUE
"HECA",TRUE
"HECTD1",TRUE
"HECTD2",TRUE
"HECTD3",TRUE
"HECTD4",TRUE
"HECW1",FALSE
"HECW1-IT1",FALSE
"HECW2",TRUE
"HECW2-AS1",FALSE
"HEG1",TRUE
"HELB",TRUE
"HELLS",TRUE
"HELQ",TRUE
"HELT",FALSE
"HELZ",TRUE
"HELZ2",TRUE
"HEMGN",FALSE
"HEMK1",TRUE
"HEMK2",TRUE
"HENMT1",TRUE
"HEPACAM",FALSE
"HEPACAM2",TRUE
"HEPH",TRUE
"HEPHL1",TRUE
"HEPN1",FALSE
"HERC1",TRUE
"HERC2",TRUE
"HERC2P5",FALSE
"HERC2P6",FALSE
"HERC2P8",FALSE
"HERC3",TRUE
"HERC4",TRUE
"HERC5",TRUE
"HERC6",TRUE
"HERPUD1",TRUE
"HERPUD2",TRUE
"HERPUD2-AS1",TRUE
"HES1",TRUE
"HES2",TRUE
"HES3",FALSE
"HES4",TRUE
"HES5",FALSE
"HES6",TRUE
"HES7",FALSE
"HESX1",TRUE
"HEXA",TRUE
"HEXA-AS1",TRUE
"HEXB",TRUE
"HEXD",TRUE
"HEXIM1",TRUE
"HEXIM2",TRUE
"HEXIM2-AS2",TRUE
"HEY1",TRUE
"HEY2",TRUE
"HEY2-AS1",FALSE
"HEYL",TRUE
"HFE",TRUE
"HFM1",TRUE
"HGD",TRUE
"HGF",TRUE
"HGFAC",TRUE
"HGH1",TRUE
"HGS",TRUE
"HGSNAT",TRUE
"HHAT",TRUE
"HHATL",FALSE
"HHATL-AS1",FALSE
"HHEX",TRUE
"HHIP",TRUE
"HHIP-AS1",TRUE
"HHIPL1",TRUE
"HHIPL2",FALSE
"HHLA1",FALSE
"HHLA2",TRUE
"HIBADH",TRUE
"HIBCH",TRUE
"HIC1",TRUE
"HIC2",TRUE
"HID1",TRUE
"HID1-AS1",FALSE
"HIF1A",TRUE
"HIF1A-AS3",TRUE
"HIF1AN",TRUE
"HIF1AP1",FALSE
"HIF3A",TRUE
"HIGD1A",TRUE
"HIGD1AP13",FALSE
"HIGD1AP6",FALSE
"HIGD1AP8",FALSE
"HIGD1B",FALSE
"HIGD1C",FALSE
"HIGD2A",TRUE
"HIGD2AP1",FALSE
"HIGD2B",FALSE
"HIKESHI",TRUE
"HIKESHIP2",FALSE
"HIKESHIP3",FALSE
"HILPDA",TRUE
"HINFP",TRUE
"HINT1",TRUE
"HINT2",TRUE
"HINT3",TRUE
"HIP1",TRUE
"HIP1R",TRUE
"HIPK1",TRUE
"HIPK1-AS1",TRUE
"HIPK2",TRUE
"HIPK3",TRUE
"HIPK4",FALSE
"HIRA",TRUE
"HIRAP1",FALSE
"HIRIP3",TRUE
"HISLA",FALSE
"HIVEP1",TRUE
"HIVEP2",TRUE
"HIVEP3",TRUE
"HJURP",TRUE
"HJV",FALSE
"HK1",TRUE
"HK2",TRUE
"HK2-DT",TRUE
"HK3",TRUE
"HKDC1",TRUE
"HLA-A",TRUE
"HLA-B",TRUE
"HLA-C",TRUE
"HLA-DMA",TRUE
"HLA-DMB",TRUE
"HLA-DOA",TRUE
"HLA-DOB",FALSE
"HLA-DPA1",TRUE
"HLA-DPB1",TRUE
"HLA-DPB2",FALSE
"HLA-DQA1",TRUE
"HLA-DQB1",TRUE
"HLA-DQB1-AS1",FALSE
"HLA-DQB2",TRUE
"HLA-DRA",TRUE
"HLA-DRB1",TRUE
"HLA-DRB5",TRUE
"HLA-E",TRUE
"HLA-F",TRUE
"HLA-F-AS1",TRUE
"HLA-G",TRUE
"HLA-H",TRUE
"HLA-K",TRUE
"HLA-Z",FALSE
"HLCS",TRUE
"HLCS-AS1",TRUE
"HLF",TRUE
"HLFP1",FALSE
"HLMR1",FALSE
"HLTF",TRUE
"HLTF-AS1",FALSE
"HLX",TRUE
"HLX-AS1",FALSE
"HM13",TRUE
"HM13-AS1",TRUE
"HMBOX1",TRUE
"HMBS",TRUE
"HMCES",TRUE
"HMCN1",TRUE
"HMCN2",TRUE
"HMG20A",TRUE
"HMG20B",TRUE
"HMGA1",TRUE
"HMGA2",TRUE
"HMGA2-AS1",TRUE
"HMGB1",TRUE
"HMGB1P11",FALSE
"HMGB1P12",FALSE
"HMGB1P13",FALSE
"HMGB1P17",FALSE
"HMGB1P19",FALSE
"HMGB1P23",FALSE
"HMGB1P30",FALSE
"HMGB1P31",TRUE
"HMGB1P32",FALSE
"HMGB1P33",FALSE
"HMGB1P34",FALSE
"HMGB1P35",FALSE
"HMGB1P36",FALSE
"HMGB1P39",FALSE
"HMGB1P43",FALSE
"HMGB1P44",FALSE
"HMGB1P46",FALSE
"HMGB1P49",FALSE
"HMGB1P50",FALSE
"HMGB1P7",FALSE
"HMGB2",TRUE
"HMGB3",TRUE
"HMGB3P10",FALSE
"HMGB3P14",FALSE
"HMGB3P15",FALSE
"HMGB3P16",FALSE
"HMGB3P18",FALSE
"HMGB3P21",FALSE
"HMGB3P22",TRUE
"HMGB3P25",FALSE
"HMGB3P26",FALSE
"HMGB3P27",FALSE
"HMGB3P28",FALSE
"HMGB3P29",FALSE
"HMGB3P3",FALSE
"HMGB3P30",FALSE
"HMGB3P31",FALSE
"HMGB3P4",FALSE
"HMGB3P6",FALSE
"HMGB4",FALSE
"HMGCL",TRUE
"HMGCLL1",TRUE
"HMGCR",TRUE
"HMGCS1",TRUE
"HMGCS2",TRUE
"HMGN1",TRUE
"HMGN1P10",FALSE
"HMGN1P12",FALSE
"HMGN1P13",FALSE
"HMGN1P14",FALSE
"HMGN1P15",FALSE
"HMGN1P16",FALSE
"HMGN1P17",FALSE
"HMGN1P19",FALSE
"HMGN1P23",FALSE
"HMGN1P31",FALSE
"HMGN1P32",FALSE
"HMGN1P33",FALSE
"HMGN1P5",FALSE
"HMGN1P6",FALSE
"HMGN1P8",FALSE
"HMGN1P9",FALSE
"HMGN2",TRUE
"HMGN2P26",FALSE
"HMGN3",TRUE
"HMGN3-AS1",TRUE
"HMGN4",TRUE
"HMGN5",TRUE
"HMGXB3",TRUE
"HMGXB4",TRUE
"HMHB1",FALSE
"HMMR",TRUE
"HMOX1",TRUE
"HMOX2",TRUE
"HMSD",TRUE
"HMX1",FALSE
"HMX2",FALSE
"HMX3",FALSE
"HNF1A",TRUE
"HNF1A-AS1",TRUE
"HNF1B",TRUE
"HNF4A",TRUE
"HNF4A-AS1",FALSE
"HNF4G",TRUE
"HNMT",TRUE
"HNRNPA0",TRUE
"HNRNPA1",TRUE
"HNRNPA1L2",TRUE
"HNRNPA1L3",TRUE
"HNRNPA1P17",FALSE
"HNRNPA1P19",FALSE
"HNRNPA1P21",FALSE
"HNRNPA1P23",FALSE
"HNRNPA1P27",FALSE
"HNRNPA1P29",FALSE
"HNRNPA1P33",FALSE
"HNRNPA1P34",FALSE
"HNRNPA1P42",FALSE
"HNRNPA1P45",FALSE
"HNRNPA1P49",TRUE
"HNRNPA1P57",FALSE
"HNRNPA1P64",FALSE
"HNRNPA1P70",FALSE
"HNRNPA2B1",TRUE
"HNRNPA3",TRUE
"HNRNPA3P10",TRUE
"HNRNPA3P11",FALSE
"HNRNPA3P12",FALSE
"HNRNPA3P14",FALSE
"HNRNPA3P15",FALSE
"HNRNPA3P16",FALSE
"HNRNPA3P17",FALSE
"HNRNPA3P2",FALSE
"HNRNPA3P3",FALSE
"HNRNPA3P5",TRUE
"HNRNPA3P7",FALSE
"HNRNPA3P8",FALSE
"HNRNPA3P9",FALSE
"HNRNPAB",TRUE
"HNRNPC",TRUE
"HNRNPCL1",FALSE
"HNRNPCL2",FALSE
"HNRNPCL3",FALSE
"HNRNPCL4",FALSE
"HNRNPCP10",FALSE
"HNRNPCP3",FALSE
"HNRNPCP6",FALSE
"HNRNPCP7",TRUE
"HNRNPCP8",FALSE
"HNRNPCP9",FALSE
"HNRNPD",TRUE
"HNRNPDL",TRUE
"HNRNPDLP1",FALSE
"HNRNPDLP3",FALSE
"HNRNPDP2",FALSE
"HNRNPF",TRUE
"HNRNPH1",TRUE
"HNRNPH1P1",TRUE
"HNRNPH1P2",FALSE
"HNRNPH2",TRUE
"HNRNPH3",TRUE
"HNRNPH3P1",FALSE
"HNRNPK",TRUE
"HNRNPKP1",FALSE
"HNRNPKP2",TRUE
"HNRNPKP4",TRUE
"HNRNPL",TRUE
"HNRNPLL",TRUE
"HNRNPLP1",FALSE
"HNRNPM",TRUE
"HNRNPMP1",FALSE
"HNRNPMP2",FALSE
"HNRNPR",TRUE
"HNRNPRP2",FALSE
"HNRNPU",TRUE
"HNRNPUL1",TRUE
"HNRNPUL2",TRUE
"HNRNPUL2-BSCL2",FALSE
"HOATZ",FALSE
"HOGA1",TRUE
"HOMER1",TRUE
"HOMER2",TRUE
"HOMER3",TRUE
"HOOK1",TRUE
"HOOK2",TRUE
"HOOK3",TRUE
"HOPX",TRUE
"HORMAD1",FALSE
"HORMAD1P1",FALSE
"HORMAD2",FALSE
"HORMAD2-AS1",FALSE
"HOTAIR",FALSE
"HOTAIRM1",FALSE
"HOXA-AS3",FALSE
"HOXA1",FALSE
"HOXA10",FALSE
"HOXA10-AS",FALSE
"HOXA10-HOXA9",FALSE
"HOXA11",FALSE
"HOXA11-AS",FALSE
"HOXA13",FALSE
"HOXA2",FALSE
"HOXA3",TRUE
"HOXA4",FALSE
"HOXA5",TRUE
"HOXA6",FALSE
"HOXA7",FALSE
"HOXA9",FALSE
"HOXB-AS1",FALSE
"HOXB-AS3",FALSE
"HOXB-AS4",FALSE
"HOXB1",FALSE
"HOXB13",FALSE
"HOXB2",TRUE
"HOXB3",TRUE
"HOXB4",TRUE
"HOXB5",TRUE
"HOXB6",TRUE
"HOXB7",TRUE
"HOXB8",FALSE
"HOXB9",FALSE
"HOXC-AS1",FALSE
"HOXC-AS2",FALSE
"HOXC10",FALSE
"HOXC11",FALSE
"HOXC12",FALSE
"HOXC13",FALSE
"HOXC13-AS",FALSE
"HOXC4",FALSE
"HOXC5",FALSE
"HOXC6",TRUE
"HOXC8",FALSE
"HOXC9",FALSE
"HOXD1",FALSE
"HOXD10",FALSE
"HOXD11",FALSE
"HOXD12",FALSE
"HOXD13",FALSE
"HOXD3",FALSE
"HOXD4",FALSE
"HOXD8",TRUE
"HOXD9",FALSE
"HP",TRUE
"HP1BP3",TRUE
"HPCA",TRUE
"HPCAL1",TRUE
"HPCAL4",TRUE
"HPD",TRUE
"HPDL",TRUE
"HPF1",TRUE
"HPGD",TRUE
"HPGDS",FALSE
"HPN",TRUE
"HPN-AS1",TRUE
"HPR",FALSE
"HPRT1",TRUE
"HPRT1P3",FALSE
"HPS1",TRUE
"HPS3",TRUE
"HPS4",TRUE
"HPS5",TRUE
"HPS6",TRUE
"HPSE",TRUE
"HPSE2",FALSE
"HPX",TRUE
"HPYR1",FALSE
"HR",TRUE
"HRAS",TRUE
"HRAT17",FALSE
"HRC",FALSE
"HRCT1",TRUE
"HRG",FALSE
"HRGP1",FALSE
"HRGP2",FALSE
"HRH1",TRUE
"HRH2",FALSE
"HRH3",FALSE
"HRH4",FALSE
"HRK",TRUE
"HRNR",TRUE
"HROB",TRUE
"HS1BP3",TRUE
"HS1BP3-IT1",FALSE
"HS2ST1",TRUE
"HS3ST1",TRUE
"HS3ST2",TRUE
"HS3ST3A1",TRUE
"HS3ST3B1",TRUE
"HS3ST4",FALSE
"HS3ST5",FALSE
"HS3ST6",FALSE
"HS6ST1",TRUE
"HS6ST2",TRUE
"HS6ST2-AS1",FALSE
"HS6ST3",TRUE
"HSBP1",TRUE
"HSBP1L1",TRUE
"HSCB",TRUE
"HSD11B1",TRUE
"HSD11B1-AS1",FALSE
"HSD11B1L",TRUE
"HSD11B2",TRUE
"HSD17B1",TRUE
"HSD17B1-AS1",FALSE
"HSD17B10",TRUE
"HSD17B11",TRUE
"HSD17B12",TRUE
"HSD17B13",TRUE
"HSD17B14",TRUE
"HSD17B2",TRUE
"HSD17B3",TRUE
"HSD17B3-AS1",FALSE
"HSD17B4",TRUE
"HSD17B6",FALSE
"HSD17B7",TRUE
"HSD17B8",TRUE
"HSD3B1",FALSE
"HSD3B2",FALSE
"HSD3B7",TRUE
"HSD3BP2",FALSE
"HSD52",FALSE
"HSDL1",TRUE
"HSDL2",TRUE
"HSF1",TRUE
"HSF2",TRUE
"HSF2BP",TRUE
"HSF4",TRUE
"HSF5",FALSE
"HSFX1",FALSE
"HSFX2",FALSE
"HSFY2",FALSE
"HSFY3P",FALSE
"HSFY5P",FALSE
"HSFY7P",FALSE
"HSFY8P",FALSE
"HSH2D",TRUE
"HSP90AA1",TRUE
"HSP90AA6P",FALSE
"HSP90AB1",TRUE
"HSP90AB2P",TRUE
"HSP90AB3P",TRUE
"HSP90AB5P",FALSE
"HSP90AB7P",FALSE
"HSP90B1",TRUE
"HSP90B2P",TRUE
"HSP90B3P",FALSE
"HSPA12A",TRUE
"HSPA12A-AS1",FALSE
"HSPA12B",TRUE
"HSPA13",TRUE
"HSPA14",TRUE
"HSPA1A",TRUE
"HSPA1B",TRUE
"HSPA1L",TRUE
"HSPA2",TRUE
"HSPA2-AS1",TRUE
"HSPA4",TRUE
"HSPA4L",TRUE
"HSPA5",TRUE
"HSPA5-DT",FALSE
"HSPA5P1",TRUE
"HSPA6",TRUE
"HSPA7",TRUE
"HSPA8",TRUE
"HSPA8P1",FALSE
"HSPA8P13",FALSE
"HSPA8P15",TRUE
"HSPA8P17",FALSE
"HSPA8P3",FALSE
"HSPA8P4",FALSE
"HSPA8P6",FALSE
"HSPA8P7",FALSE
"HSPA8P8",FALSE
"HSPA9",TRUE
"HSPB1",TRUE
"HSPB2",FALSE
"HSPB2-C11orf52",FALSE
"HSPB3",FALSE
"HSPB6",TRUE
"HSPB7",TRUE
"HSPB8",TRUE
"HSPB8-AS1",FALSE
"HSPB9",TRUE
"HSPBAP1",TRUE
"HSPBAP1P1",FALSE
"HSPBP1",TRUE
"HSPD1",TRUE
"HSPD1P10",FALSE
"HSPD1P12",FALSE
"HSPD1P14",FALSE
"HSPD1P5",FALSE
"HSPD1P7",FALSE
"HSPD1P8",FALSE
"HSPE1",TRUE
"HSPE1-MOB4",FALSE
"HSPE1P1",FALSE
"HSPE1P19",FALSE
"HSPE1P22",FALSE
"HSPE1P24",FALSE
"HSPE1P26",FALSE
"HSPE1P27",FALSE
"HSPE1P28",FALSE
"HSPG2",TRUE
"HSPH1",TRUE
"HTATIP2",TRUE
"HTATSF1",TRUE
"HTD2",FALSE
"HTN1",FALSE
"HTN3",FALSE
"HTR1A",FALSE
"HTR1B",FALSE
"HTR1D",TRUE
"HTR1E",FALSE
"HTR1F",FALSE
"HTR2A",FALSE
"HTR2A-AS1",FALSE
"HTR2B",TRUE
"HTR2C",FALSE
"HTR3A",TRUE
"HTR3B",FALSE
"HTR3C",FALSE
"HTR3D",FALSE
"HTR3E",FALSE
"HTR3E-AS1",FALSE
"HTR4",FALSE
"HTR5A",FALSE
"HTR5A-AS1",FALSE
"HTR5BP",TRUE
"HTR6",FALSE
"HTR7",TRUE
"HTRA1",TRUE
"HTRA2",TRUE
"HTRA3",TRUE
"HTRA4",TRUE
"HTT",TRUE
"HTT-AS",FALSE
"HUNK",TRUE
"HUPCOS",FALSE
"HUS1",TRUE
"HUS1B",FALSE
"HUWE1",TRUE
"HVCN1",TRUE
"HYAL1",TRUE
"HYAL2",TRUE
"HYAL3",TRUE
"HYAL4",FALSE
"HYCC1",TRUE
"HYCC2",TRUE
"HYDIN",TRUE
"HYDINP1",FALSE
"HYI",TRUE
"HYI-AS1",TRUE
"HYKK",TRUE
"HYLS1",TRUE
"HYMAI",FALSE
"HYOU1",TRUE
"HYOU1-AS1",FALSE
"HYPK",TRUE
"IAH1",TRUE
"IAPP",TRUE
"IARS1",TRUE
"IARS2",TRUE
"IARS2P1",FALSE
"IBA57",TRUE
"IBA57-DT",FALSE
"IBSP",FALSE
"IBTK",TRUE
"ICA1",TRUE
"ICA1L",TRUE
"ICAM1",TRUE
"ICAM2",TRUE
"ICAM3",FALSE
"ICAM4",FALSE
"ICAM4-AS1",FALSE
"ICAM5",TRUE
"ICE1",TRUE
"ICE2",TRUE
"ICE2P2",FALSE
"ICMT",TRUE
"ICMT-DT",FALSE
"ICOS",FALSE
"ID1",TRUE
"ID2",TRUE
"ID2-AS1",TRUE
"ID3",TRUE
"ID4",TRUE
"IDE",TRUE
"IDH1",TRUE
"IDH1-AS1",FALSE
"IDH2",TRUE
"IDH3A",TRUE
"IDH3B",TRUE
"IDH3G",TRUE
"IDI1",TRUE
"IDI2",FALSE
"IDI2-AS1",FALSE
"IDNK",TRUE
"IDO1",FALSE
"IDO2",FALSE
"IDS",TRUE
"IDUA",TRUE
"IER2",TRUE
"IER3",TRUE
"IER3IP1",TRUE
"IER5",TRUE
"IER5L",TRUE
"IFFO1",TRUE
"IFFO2",TRUE
"IFI16",TRUE
"IFI27",TRUE
"IFI27L1",TRUE
"IFI27L2",TRUE
"IFI30",TRUE
"IFI35",TRUE
"IFI44",TRUE
"IFI44L",TRUE
"IFI6",TRUE
"IFIH1",TRUE
"IFIT1",TRUE
"IFIT1B",FALSE
"IFIT2",TRUE
"IFIT3",TRUE
"IFIT5",TRUE
"IFITM1",TRUE
"IFITM10",TRUE
"IFITM2",TRUE
"IFITM3",TRUE
"IFITM4P",FALSE
"IFITM5",FALSE
"IFITM9P",FALSE
"IFNA1",FALSE
"IFNA10",FALSE
"IFNA11P",FALSE
"IFNA13",FALSE
"IFNA14",FALSE
"IFNA16",FALSE
"IFNA17",FALSE
"IFNA2",FALSE
"IFNA20P",TRUE
"IFNA21",FALSE
"IFNA4",FALSE
"IFNA5",FALSE
"IFNA6",FALSE
"IFNA7",FALSE
"IFNA8",FALSE
"IFNAR1",TRUE
"IFNAR2",TRUE
"IFNAR2-IL10RB",FALSE
"IFNB1",FALSE
"IFNE",FALSE
"IFNG",FALSE
"IFNG-AS1",FALSE
"IFNGR1",TRUE
"IFNGR2",TRUE
"IFNK",FALSE
"IFNL1",FALSE
"IFNL2",FALSE
"IFNL3",FALSE
"IFNL4",FALSE
"IFNL4P1",FALSE
"IFNLR1",TRUE
"IFNNP",FALSE
"IFNW1",FALSE
"IFNWP18",FALSE
"IFNWP19",FALSE
"IFNWP5",FALSE
"IFNWP9",FALSE
"IFRD1",TRUE
"IFRD2",TRUE
"IFT122",TRUE
"IFT140",TRUE
"IFT172",TRUE
"IFT20",TRUE
"IFT22",TRUE
"IFT25",TRUE
"IFT27",TRUE
"IFT43",TRUE
"IFT46",TRUE
"IFT52",TRUE
"IFT56",TRUE
"IFT57",TRUE
"IFT70A",TRUE
"IFT70B",TRUE
"IFT74",TRUE
"IFT74-AS1",FALSE
"IFT80",TRUE
"IFT81",TRUE
"IFT88",TRUE
"IFTAP",TRUE
"IGBP1",TRUE
"IGBP1C",FALSE
"IGBP1P3",FALSE
"IGBP1P5",FALSE
"IGDCC3",FALSE
"IGDCC4",TRUE
"IGF1",FALSE
"IGF1R",TRUE
"IGF2",TRUE
"IGF2-AS",FALSE
"IGF2BP1",FALSE
"IGF2BP2",TRUE
"IGF2BP2-AS1",TRUE
"IGF2BP3",TRUE
"IGF2R",TRUE
"IGFALS",TRUE
"IGFBP1",TRUE
"IGFBP2",TRUE
"IGFBP3",TRUE
"IGFBP4",TRUE
"IGFBP5",TRUE
"IGFBP6",TRUE
"IGFBP7",TRUE
"IGFBP7-AS1",FALSE
"IGFBPL1",TRUE
"IGFL1",FALSE
"IGFL1P2",FALSE
"IGFL2",FALSE
"IGFL2-AS1",FALSE
"IGFL3",FALSE
"IGFL4",FALSE
"IGFLR1",TRUE
"IGFN1",TRUE
"IGHA1",FALSE
"IGHA2",FALSE
"IGHD",FALSE
"IGHD1-1",FALSE
"IGHD1-14",FALSE
"IGHD1-20",FALSE
"IGHD1-26",FALSE
"IGHD1-7",FALSE
"IGHD2-15",FALSE
"IGHD2-2",FALSE
"IGHD2-21",FALSE
"IGHD2-8",FALSE
"IGHD3-10",FALSE
"IGHD3-16",FALSE
"IGHD3-22",FALSE
"IGHD3-3",FALSE
"IGHD3-9",FALSE
"IGHD4-11",FALSE
"IGHD4-17",FALSE
"IGHD4-23",FALSE
"IGHD4-4",FALSE
"IGHD5-12",FALSE
"IGHD5-18",FALSE
"IGHD5-24",FALSE
"IGHD5-5",FALSE
"IGHD6-13",FALSE
"IGHD6-19",FALSE
"IGHD6-25",FALSE
"IGHD6-6",FALSE
"IGHD7-27",FALSE
"IGHE",FALSE
"IGHEP1",FALSE
"IGHEP2",FALSE
"IGHG1",FALSE
"IGHG2",FALSE
"IGHG3",FALSE
"IGHG4",FALSE
"IGHJ1",FALSE
"IGHJ1P",FALSE
"IGHJ2",FALSE
"IGHJ2P",FALSE
"IGHJ3",FALSE
"IGHJ3P",FALSE
"IGHJ4",FALSE
"IGHJ5",FALSE
"IGHJ6",FALSE
"IGHM",FALSE
"IGHMBP2",TRUE
"IGHV1-12",FALSE
"IGHV1-14",FALSE
"IGHV1-17",FALSE
"IGHV1-18",FALSE
"IGHV1-2",FALSE
"IGHV1-24",FALSE
"IGHV1-3",FALSE
"IGHV1-45",FALSE
"IGHV1-46",FALSE
"IGHV1-58",FALSE
"IGHV1-67",FALSE
"IGHV1-68",FALSE
"IGHV1-69",FALSE
"IGHV1-69-2",FALSE
"IGHV1-69D",FALSE
"IGHV1OR15-9",FALSE
"IGHV1OR21-1",FALSE
"IGHV2-26",FALSE
"IGHV2-5",FALSE
"IGHV2-70",FALSE
"IGHV2-70D",FALSE
"IGHV2OR16-5",FALSE
"IGHV3-11",FALSE
"IGHV3-13",FALSE
"IGHV3-15",FALSE
"IGHV3-16",FALSE
"IGHV3-19",FALSE
"IGHV3-20",FALSE
"IGHV3-21",FALSE
"IGHV3-22",FALSE
"IGHV3-23",FALSE
"IGHV3-25",FALSE
"IGHV3-29",FALSE
"IGHV3-30",FALSE
"IGHV3-30-2",FALSE
"IGHV3-32",FALSE
"IGHV3-33",FALSE
"IGHV3-33-2",FALSE
"IGHV3-35",FALSE
"IGHV3-36",FALSE
"IGHV3-37",FALSE
"IGHV3-38",FALSE
"IGHV3-41",FALSE
"IGHV3-42",FALSE
"IGHV3-43",FALSE
"IGHV3-48",FALSE
"IGHV3-49",FALSE
"IGHV3-50",FALSE
"IGHV3-52",FALSE
"IGHV3-53",FALSE
"IGHV3-54",FALSE
"IGHV3-57",FALSE
"IGHV3-6",FALSE
"IGHV3-60",FALSE
"IGHV3-62",FALSE
"IGHV3-63",FALSE
"IGHV3-64",FALSE
"IGHV3-64D",FALSE
"IGHV3-65",FALSE
"IGHV3-66",FALSE
"IGHV3-69-1",FALSE
"IGHV3-7",FALSE
"IGHV3-71",FALSE
"IGHV3-72",FALSE
"IGHV3-73",FALSE
"IGHV3-74",FALSE
"IGHV3-75",FALSE
"IGHV3-76",FALSE
"IGHV3-79",FALSE
"IGHV3OR16-17",FALSE
"IGHV3OR16-8",FALSE
"IGHV3OR16-9",FALSE
"IGHV4-28",FALSE
"IGHV4-30-2",FALSE
"IGHV4-34",FALSE
"IGHV4-39",FALSE
"IGHV4-4",FALSE
"IGHV4-55",FALSE
"IGHV4-59",FALSE
"IGHV4-61",FALSE
"IGHV5-51",FALSE
"IGHV5-78",FALSE
"IGHV6-1",FALSE
"IGHV7-27",FALSE
"IGHV7-34-1",FALSE
"IGHV7-4-1",FALSE
"IGHV7-56",FALSE
"IGHV7-81",FALSE
"IGHV8-51-1",FALSE
"IGHVII-15-1",FALSE
"IGHVII-22-1",FALSE
"IGHVII-26-2",FALSE
"IGHVII-28-1",FALSE
"IGHVII-30-1",FALSE
"IGHVII-33-1",FALSE
"IGHVII-44-2",FALSE
"IGHVII-49-1",FALSE
"IGHVII-51-2",FALSE
"IGHVII-53-1",FALSE
"IGHVII-60-1",FALSE
"IGHVII-62-1",FALSE
"IGHVII-65-1",FALSE
"IGHVII-78-1",FALSE
"IGHVIII-13-1",FALSE
"IGHVIII-2-1",FALSE
"IGHVIII-25-1",FALSE
"IGHVIII-26-1",FALSE
"IGHVIII-38-1",FALSE
"IGHVIII-47-1",FALSE
"IGHVIII-5-1",FALSE
"IGHVIII-5-2",FALSE
"IGHVIII-67-2",FALSE
"IGHVIII-67-3",FALSE
"IGHVIII-67-4",FALSE
"IGHVIII-76-1",FALSE
"IGHVIII-82",FALSE
"IGIP",TRUE
"IGKC",FALSE
"IGKJ1",FALSE
"IGKJ2",FALSE
"IGKJ3",FALSE
"IGKJ4",FALSE
"IGKJ5",FALSE
"IGKV1-12",FALSE
"IGKV1-13",FALSE
"IGKV1-16",FALSE
"IGKV1-17",FALSE
"IGKV1-22",FALSE
"IGKV1-27",FALSE
"IGKV1-33",FALSE
"IGKV1-37",FALSE
"IGKV1-39",FALSE
"IGKV1-5",FALSE
"IGKV1-6",FALSE
"IGKV1-8",FALSE
"IGKV1-9",FALSE
"IGKV1D-12",FALSE
"IGKV1D-13",FALSE
"IGKV1D-16",FALSE
"IGKV1D-17",FALSE
"IGKV1D-22",FALSE
"IGKV1D-32",FALSE
"IGKV1D-33",FALSE
"IGKV1D-37",FALSE
"IGKV1D-39",FALSE
"IGKV1D-42",FALSE
"IGKV1D-43",FALSE
"IGKV1D-8",FALSE
"IGKV1OR-2",FALSE
"IGKV1OR2-1",FALSE
"IGKV1OR2-11",FALSE
"IGKV1ORY-1",FALSE
"IGKV2-10",FALSE
"IGKV2-18",FALSE
"IGKV2-19",FALSE
"IGKV2-24",FALSE
"IGKV2-26",FALSE
"IGKV2-28",FALSE
"IGKV2-29",FALSE
"IGKV2-30",FALSE
"IGKV2-36",FALSE
"IGKV2-38",FALSE
"IGKV2-4",FALSE
"IGKV2-40",FALSE
"IGKV2D-18",FALSE
"IGKV2D-19",FALSE
"IGKV2D-24",FALSE
"IGKV2D-26",FALSE
"IGKV2D-28",FALSE
"IGKV2D-29",FALSE
"IGKV2D-30",FALSE
"IGKV2D-36",FALSE
"IGKV2D-38",FALSE
"IGKV2D-40",FALSE
"IGKV3-11",FALSE
"IGKV3-15",FALSE
"IGKV3-20",FALSE
"IGKV3-34",FALSE
"IGKV3-7",FALSE
"IGKV3D-11",FALSE
"IGKV3D-15",FALSE
"IGKV3D-20",FALSE
"IGKV3D-7",FALSE
"IGKV3OR22-2",FALSE
"IGKV4-1",FALSE
"IGKV5-2",FALSE
"IGKV6-21",FALSE
"IGKV6D-21",FALSE
"IGKV6D-41",FALSE
"IGLC1",FALSE
"IGLC2",FALSE
"IGLC3",FALSE
"IGLC4",FALSE
"IGLC5",FALSE
"IGLC6",FALSE
"IGLC7",FALSE
"IGLCOR22-2",FALSE
"IGLJ4",FALSE
"IGLJ5",FALSE
"IGLJ7",FALSE
"IGLJCOR18",FALSE
"IGLL1",FALSE
"IGLL5",FALSE
"IGLON5",FALSE
"IGLV1-36",FALSE
"IGLV1-40",FALSE
"IGLV1-41",FALSE
"IGLV1-44",FALSE
"IGLV1-47",FALSE
"IGLV1-50",FALSE
"IGLV1-51",FALSE
"IGLV10-54",FALSE
"IGLV11-55",FALSE
"IGLV2-11",FALSE
"IGLV2-14",FALSE
"IGLV2-18",FALSE
"IGLV2-23",FALSE
"IGLV2-28",FALSE
"IGLV2-33",FALSE
"IGLV2-8",FALSE
"IGLV3-10",FALSE
"IGLV3-12",FALSE
"IGLV3-15",FALSE
"IGLV3-16",FALSE
"IGLV3-17",FALSE
"IGLV3-19",FALSE
"IGLV3-21",FALSE
"IGLV3-22",FALSE
"IGLV3-25",FALSE
"IGLV3-27",FALSE
"IGLV3-32",FALSE
"IGLV3-6",FALSE
"IGLV3-7",FALSE
"IGLV3-9",FALSE
"IGLV4-3",FALSE
"IGLV4-60",FALSE
"IGLV4-69",FALSE
"IGLV5-37",FALSE
"IGLV5-45",FALSE
"IGLV5-48",FALSE
"IGLV6-57",FALSE
"IGLV7-43",FALSE
"IGLV7-46",FALSE
"IGLV8-61",FALSE
"IGLV9-49",FALSE
"IGLVI-42",FALSE
"IGLVI-63",FALSE
"IGLVI-68",FALSE
"IGLVI-70",FALSE
"IGLVIV-53",FALSE
"IGLVIV-65",FALSE
"IGLVV-58",FALSE
"IGLVV-66",FALSE
"IGSF1",TRUE
"IGSF10",TRUE
"IGSF11",TRUE
"IGSF11-AS1",FALSE
"IGSF21",FALSE
"IGSF22",TRUE
"IGSF23",TRUE
"IGSF3",TRUE
"IGSF3P1",FALSE
"IGSF3P2",FALSE
"IGSF5",TRUE
"IGSF6",TRUE
"IGSF8",TRUE
"IGSF9",TRUE
"IGSF9B",TRUE
"IHH",TRUE
"IHO1",FALSE
"IK",TRUE
"IKBIP",TRUE
"IKBKB",TRUE
"IKBKB-DT",FALSE
"IKBKE",TRUE
"IKBKE-AS1",TRUE
"IKBKG",TRUE
"IKBKGP1",TRUE
"IKZF1",TRUE
"IKZF2",TRUE
"IKZF3",FALSE
"IKZF4",TRUE
"IKZF5",TRUE
"IL10",TRUE
"IL10RA",TRUE
"IL10RB",TRUE
"IL11",TRUE
"IL11RA",TRUE
"IL12A",TRUE
"IL12A-AS1",FALSE
"IL12B",FALSE
"IL12RB1",TRUE
"IL12RB2",TRUE
"IL13",FALSE
"IL13RA1",TRUE
"IL13RA2",TRUE
"IL15",TRUE
"IL15RA",TRUE
"IL16",TRUE
"IL17A",FALSE
"IL17B",FALSE
"IL17C",FALSE
"IL17D",TRUE
"IL17F",FALSE
"IL17RA",TRUE
"IL17RB",TRUE
"IL17RC",TRUE
"IL17RD",TRUE
"IL17RE",TRUE
"IL17REL",FALSE
"IL18",TRUE
"IL18BP",TRUE
"IL18R1",TRUE
"IL18RAP",FALSE
"IL19",FALSE
"IL1A",TRUE
"IL1B",TRUE
"IL1F10",FALSE
"IL1R1",TRUE
"IL1R1-AS1",FALSE
"IL1R2",TRUE
"IL1RAP",TRUE
"IL1RAPL1",FALSE
"IL1RAPL2",FALSE
"IL1RL1",TRUE
"IL1RL2",TRUE
"IL1RN",TRUE
"IL2",FALSE
"IL20",FALSE
"IL20RA",TRUE
"IL20RB",TRUE
"IL21",FALSE
"IL21-AS1",FALSE
"IL21R",FALSE
"IL21R-AS1",FALSE
"IL22",FALSE
"IL22RA1",TRUE
"IL22RA2",FALSE
"IL23A",TRUE
"IL23R",FALSE
"IL24",TRUE
"IL25",FALSE
"IL26",FALSE
"IL27",FALSE
"IL27RA",TRUE
"IL2RA",FALSE
"IL2RB",FALSE
"IL2RG",TRUE
"IL3",FALSE
"IL31",FALSE
"IL31RA",TRUE
"IL32",TRUE
"IL33",TRUE
"IL34",TRUE
"IL36A",FALSE
"IL36B",FALSE
"IL36G",FALSE
"IL36RN",FALSE
"IL37",FALSE
"IL3RA",TRUE
"IL4",FALSE
"IL4I1",TRUE
"IL4R",TRUE
"IL5",FALSE
"IL5RA",FALSE
"IL6",TRUE
"IL6-AS1",FALSE
"IL6R",TRUE
"IL6R-AS1",TRUE
"IL6RP1",FALSE
"IL6ST",TRUE
"IL6ST-DT",TRUE
"IL7",TRUE
"IL7R",TRUE
"IL9",FALSE
"IL9R",FALSE
"IL9RP2",FALSE
"IL9RP4",FALSE
"IL9RP5",FALSE
"IL9RP6",FALSE
"ILDR1",TRUE
"ILDR2",TRUE
"ILF2",TRUE
"ILF2P1",FALSE
"ILF3",TRUE
"ILF3-DT",TRUE
"ILK",TRUE
"ILKAP",TRUE
"ILRUN",TRUE
"ILRUN-AS1",TRUE
"IMMP1L",TRUE
"IMMP1LP3",FALSE
"IMMP2L",TRUE
"IMMT",TRUE
"IMMTP1",FALSE
"IMP3",TRUE
"IMP3P1",FALSE
"IMP3P2",FALSE
"IMP4",TRUE
"IMPA1",TRUE
"IMPA2",TRUE
"IMPACT",TRUE
"IMPDH1",TRUE
"IMPDH1P10",FALSE
"IMPDH2",TRUE
"IMPG1",TRUE
"IMPG2",TRUE
"INA",TRUE
"INAFM1",TRUE
"INAFM2",TRUE
"INAVA",TRUE
"INCA1",TRUE
"INCENP",TRUE
"INE1",TRUE
"INE2",FALSE
"INF2",TRUE
"ING1",TRUE
"ING2",TRUE
"ING2-DT",TRUE
"ING3",TRUE
"ING4",TRUE
"ING5",TRUE
"INHA",TRUE
"INHBA",TRUE
"INHBA-AS1",FALSE
"INHBB",TRUE
"INHBC",TRUE
"INHBE",TRUE
"INIP",TRUE
"INKA1",TRUE
"INKA2",TRUE
"INKA2-AS1",FALSE
"INMT",TRUE
"INMT-MINDY4",FALSE
"INO80",TRUE
"INO80B",TRUE
"INO80B-WBP1",FALSE
"INO80C",TRUE
"INO80D",TRUE
"INO80E",TRUE
"INPP1",TRUE
"INPP4A",TRUE
"INPP4B",TRUE
"INPP5A",TRUE
"INPP5B",TRUE
"INPP5D",TRUE
"INPP5E",TRUE
"INPP5F",TRUE
"INPP5J",TRUE
"INPP5K",TRUE
"INPPL1",TRUE
"INS",TRUE
"INS-IGF2",FALSE
"INSC",TRUE
"INSIG1",TRUE
"INSIG1-DT",TRUE
"INSIG2",TRUE
"INSL3",FALSE
"INSL4",FALSE
"INSL5",FALSE
"INSL6",FALSE
"INSM1",TRUE
"INSM2",FALSE
"INSR",TRUE
"INSRR",FALSE
"INSYN1",TRUE
"INSYN2A",TRUE
"INSYN2B",TRUE
"INTS1",TRUE
"INTS10",TRUE
"INTS11",TRUE
"INTS12",TRUE
"INTS13",TRUE
"INTS14",TRUE
"INTS15",TRUE
"INTS2",TRUE
"INTS3",TRUE
"INTS4",TRUE
"INTS4P2",FALSE
"INTS5",TRUE
"INTS6",TRUE
"INTS6-AS1",TRUE
"INTS6L",TRUE
"INTS6L-AS1",FALSE
"INTS6P1",TRUE
"INTS7",TRUE
"INTS8",TRUE
"INTS9",TRUE
"INTU",TRUE
"INVS",TRUE
"IP6K1",TRUE
"IP6K2",TRUE
"IP6K3",TRUE
"IPCEF1",TRUE
"IPMK",TRUE
"IPO13",TRUE
"IPO4",TRUE
"IPO5",TRUE
"IPO7",TRUE
"IPO8",TRUE
"IPO8P1",FALSE
"IPO9",TRUE
"IPO9-AS1",FALSE
"IPP",TRUE
"IPPK",TRUE
"IQANK1",TRUE
"IQCA1-AS1",FALSE
"IQCB1",TRUE
"IQCC",TRUE
"IQCE",TRUE
"IQCF1",FALSE
"IQCF2",FALSE
"IQCF3",FALSE
"IQCF5",FALSE
"IQCF5-AS1",FALSE
"IQCF6",FALSE
"IQCH",TRUE
"IQCH-AS1",TRUE
"IQCJ",FALSE
"IQCK",TRUE
"IQCK-AS1",FALSE
"IQCM",FALSE
"IQCN",TRUE
"IQGAP1",TRUE
"IQGAP2",TRUE
"IQGAP2-AS1",FALSE
"IQGAP3",TRUE
"IQSEC1",TRUE
"IQSEC2",TRUE
"IQSEC3",TRUE
"IQSEC3-AS3",FALSE
"IQSEC3P2",FALSE
"IQSEC3P3",FALSE
"IQUB",TRUE
"IRAG1",TRUE
"IRAG1-AS1",FALSE
"IRAG2",TRUE
"IRAK1",TRUE
"IRAK1BP1",TRUE
"IRAK2",TRUE
"IRAK3",TRUE
"IRAK4",TRUE
"IREB2",TRUE
"IRF1",TRUE
"IRF2",TRUE
"IRF2-DT",TRUE
"IRF2BP1",TRUE
"IRF2BP2",TRUE
"IRF2BPL",TRUE
"IRF3",TRUE
"IRF4",TRUE
"IRF5",TRUE
"IRF5P1",FALSE
"IRF6",TRUE
"IRF7",TRUE
"IRF8",TRUE
"IRF9",TRUE
"IRGC",FALSE
"IRGM",FALSE
"IRGQ",TRUE
"IRS1",TRUE
"IRS2",TRUE
"IRS4",FALSE
"IRX1",FALSE
"IRX2",TRUE
"IRX3",TRUE
"IRX4",FALSE
"IRX4-DT",FALSE
"IRX5",TRUE
"IRX6",FALSE
"ISCA1",TRUE
"ISCA2",TRUE
"ISCU",TRUE
"ISCUP1",FALSE
"ISG15",TRUE
"ISG20",TRUE
"ISG20L2",TRUE
"ISL1",TRUE
"ISL1-DT",FALSE
"ISL2",FALSE
"ISLR",TRUE
"ISLR2",FALSE
"ISM1",TRUE
"ISM2",FALSE
"ISOC1",TRUE
"ISOC2",TRUE
"IST1",TRUE
"ISX",FALSE
"ISY1",TRUE
"ISY1-RAB43",FALSE
"ISYNA1",TRUE
"ISYNA1P1",TRUE
"ITCH",TRUE
"ITFG1",TRUE
"ITFG2",TRUE
"ITGA1",TRUE
"ITGA10",TRUE
"ITGA11",TRUE
"ITGA2",TRUE
"ITGA2-AS1",FALSE
"ITGA2B",FALSE
"ITGA3",TRUE
"ITGA4",TRUE
"ITGA5",TRUE
"ITGA6",TRUE
"ITGA7",TRUE
"ITGA8",TRUE
"ITGA9",TRUE
"ITGA9-AS1",TRUE
"ITGAD",FALSE
"ITGAE",TRUE
"ITGAEP1",FALSE
"ITGAL",TRUE
"ITGAM",TRUE
"ITGAV",TRUE
"ITGAX",TRUE
"ITGB1",TRUE
"ITGB1-DT",TRUE
"ITGB1BP1",TRUE
"ITGB1BP2",TRUE
"ITGB2",TRUE
"ITGB2-AS1",FALSE
"ITGB3",TRUE
"ITGB3BP",TRUE
"ITGB4",TRUE
"ITGB5",TRUE
"ITGB6",TRUE
"ITGB7",TRUE
"ITGB8",TRUE
"ITGB8-AS1",TRUE
"ITGBL1",TRUE
"ITIH1",TRUE
"ITIH2",TRUE
"ITIH3",TRUE
"ITIH4",TRUE
"ITIH4-AS1",FALSE
"ITIH5",TRUE
"ITIH6",FALSE
"ITK",FALSE
"ITLN1",FALSE
"ITLN2",FALSE
"ITM2A",TRUE
"ITM2B",TRUE
"ITM2BP1",FALSE
"ITM2C",TRUE
"ITPA",TRUE
"ITPK1",TRUE
"ITPK1-AS1",FALSE
"ITPKA",TRUE
"ITPKB",TRUE
"ITPKB-IT1",FALSE
"ITPKC",TRUE
"ITPR1",TRUE
"ITPR1-DT",FALSE
"ITPR2",TRUE
"ITPR3",TRUE
"ITPRID1",FALSE
"ITPRID2",TRUE
"ITPRIP",TRUE
"ITPRIPL1",TRUE
"ITPRIPL2",TRUE
"ITSN1",TRUE
"ITSN2",TRUE
"IVD",TRUE
"IVL",FALSE
"IVNS1ABP",TRUE
"IWS1",TRUE
"IYD",TRUE
"IZUMO1",TRUE
"IZUMO1R",FALSE
"IZUMO2",FALSE
"IZUMO3",FALSE
"IZUMO4",TRUE
"JADE1",TRUE
"JADE2",TRUE
"JADE3",TRUE
"JAG1",TRUE
"JAG2",TRUE
"JAGN1",TRUE
"JAK1",TRUE
"JAK2",TRUE
"JAK3",TRUE
"JAKMIP1",FALSE
"JAKMIP2",TRUE
"JAKMIP2-AS1",FALSE
"JAKMIP3",TRUE
"JAM2",TRUE
"JAM3",TRUE
"JAML",TRUE
"JARID2",TRUE
"JARID2-AS1",FALSE
"JAZF1",TRUE
"JCAD",TRUE
"JCADP1",FALSE
"JCHAIN",FALSE
"JDP2",TRUE
"JHY",TRUE
"JKAMP",TRUE
"JKAMPP1",FALSE
"JMJD1C",TRUE
"JMJD1C-AS1",TRUE
"JMJD4",TRUE
"JMJD4P1",FALSE
"JMJD6",TRUE
"JMJD7",FALSE
"JMJD7-PLA2G4B",TRUE
"JMJD8",TRUE
"JMY",TRUE
"JOSD1",TRUE
"JOSD2",TRUE
"JPH1",TRUE
"JPH2",TRUE
"JPH3",FALSE
"JPH4",FALSE
"JPT1",TRUE
"JPT2",TRUE
"JPX",TRUE
"JRK",TRUE
"JRKL",TRUE
"JSRP1",TRUE
"JTB",TRUE
"JTB-DT",TRUE
"JTBP1",FALSE
"JUN",TRUE
"JUNB",TRUE
"JUND",TRUE
"JUP",TRUE
"KAAG1",TRUE
"KALRN",TRUE
"KANK1",TRUE
"KANK1-AS1",FALSE
"KANK2",TRUE
"KANK3",TRUE
"KANK4",TRUE
"KANSL1",TRUE
"KANSL1-AS1",TRUE
"KANSL1L",TRUE
"KANSL2",TRUE
"KANSL3",TRUE
"KANTR",TRUE
"KARS1",TRUE
"KARS1P1",FALSE
"KARS1P2",FALSE
"KASH5",TRUE
"KAT14",TRUE
"KAT2A",TRUE
"KAT2B",TRUE
"KAT5",TRUE
"KAT6A",TRUE
"KAT6B",TRUE
"KAT7",TRUE
"KAT7P1",FALSE
"KAT8",TRUE
"KATNA1",TRUE
"KATNAL1",TRUE
"KATNAL2",TRUE
"KATNB1",TRUE
"KATNBL1",TRUE
"KATNBL1P1",FALSE
"KATNBL1P5",FALSE
"KATNIP",TRUE
"KAZALD1",TRUE
"KAZALD1-DT",FALSE
"KAZN",TRUE
"KAZN-AS1",FALSE
"KBTBD11",TRUE
"KBTBD11-AS1",TRUE
"KBTBD11-OT1",FALSE
"KBTBD12",TRUE
"KBTBD13",FALSE
"KBTBD2",TRUE
"KBTBD3",TRUE
"KBTBD4",TRUE
"KBTBD6",TRUE
"KBTBD6-DT",TRUE
"KBTBD7",TRUE
"KBTBD8",TRUE
"KC6",FALSE
"KCMF1",TRUE
"KCNA1",FALSE
"KCNA10",FALSE
"KCNA2",TRUE
"KCNA3",FALSE
"KCNA4",FALSE
"KCNA5",FALSE
"KCNA6",FALSE
"KCNA6-AS1",FALSE
"KCNA7",FALSE
"KCNAB1",TRUE
"KCNAB1-AS1",FALSE
"KCNAB1-AS2",FALSE
"KCNAB2",TRUE
"KCNAB3",TRUE
"KCNB1",FALSE
"KCNB2",FALSE
"KCNC1",FALSE
"KCNC2",FALSE
"KCNC3",TRUE
"KCNC4",TRUE
"KCNC4-DT",FALSE
"KCND1",TRUE
"KCND2",TRUE
"KCND3",TRUE
"KCND3-AS1",FALSE
"KCND3-IT1",FALSE
"KCNE1",TRUE
"KCNE2",FALSE
"KCNE3",TRUE
"KCNE4",TRUE
"KCNE5",FALSE
"KCNF1",TRUE
"KCNG1",TRUE
"KCNG2",FALSE
"KCNG3",TRUE
"KCNG4",FALSE
"KCNH1",FALSE
"KCNH2",TRUE
"KCNH3",TRUE
"KCNH4",FALSE
"KCNH5",FALSE
"KCNH6",FALSE
"KCNH7",FALSE
"KCNH7-AS1",FALSE
"KCNH8",TRUE
"KCNIP1",FALSE
"KCNIP1-AS1",FALSE
"KCNIP1-OT1",FALSE
"KCNIP2",TRUE
"KCNIP2-AS1",FALSE
"KCNIP3",TRUE
"KCNIP4",TRUE
"KCNIP4-IT1",FALSE
"KCNJ1",TRUE
"KCNJ10",FALSE
"KCNJ11",TRUE
"KCNJ12",TRUE
"KCNJ13",TRUE
"KCNJ14",TRUE
"KCNJ15",TRUE
"KCNJ16",TRUE
"KCNJ18",FALSE
"KCNJ2",TRUE
"KCNJ2-AS1",TRUE
"KCNJ3",TRUE
"KCNJ4",FALSE
"KCNJ5",TRUE
"KCNJ5-AS1",TRUE
"KCNJ6",TRUE
"KCNJ8",TRUE
"KCNJ9",FALSE
"KCNK1",TRUE
"KCNK10",TRUE
"KCNK12",TRUE
"KCNK13",TRUE
"KCNK15",TRUE
"KCNK16",TRUE
"KCNK17",TRUE
"KCNK18",FALSE
"KCNK2",FALSE
"KCNK3",TRUE
"KCNK4",FALSE
"KCNK4-CATSPERZ",FALSE
"KCNK5",TRUE
"KCNK6",TRUE
"KCNK7",FALSE
"KCNK9",TRUE
"KCNMA1",TRUE
"KCNMA1-AS1",FALSE
"KCNMA1-AS2",FALSE
"KCNMB1",TRUE
"KCNMB2",FALSE
"KCNMB3",TRUE
"KCNMB4",TRUE
"KCNN1",FALSE
"KCNN2",TRUE
"KCNN3",TRUE
"KCNN4",TRUE
"KCNQ1",TRUE
"KCNQ1-AS1",FALSE
"KCNQ1DN",FALSE
"KCNQ1OT1",TRUE
"KCNQ2",TRUE
"KCNQ3",TRUE
"KCNQ4",TRUE
"KCNQ5",TRUE
"KCNQ5-AS1",FALSE
"KCNRG",FALSE
"KCNS1",TRUE
"KCNS2",FALSE
"KCNS3",TRUE
"KCNT1",FALSE
"KCNT2",TRUE
"KCNU1",FALSE
"KCNV1",TRUE
"KCNV2",FALSE
"KCP",TRUE
"KCTD1",TRUE
"KCTD10",TRUE
"KCTD10P1",FALSE
"KCTD11",TRUE
"KCTD12",TRUE
"KCTD13",TRUE
"KCTD14",TRUE
"KCTD15",TRUE
"KCTD16",TRUE
"KCTD17",TRUE
"KCTD18",TRUE
"KCTD19",FALSE
"KCTD2",TRUE
"KCTD20",TRUE
"KCTD21",TRUE
"KCTD21-AS1",TRUE
"KCTD3",TRUE
"KCTD4",TRUE
"KCTD5",TRUE
"KCTD6",TRUE
"KCTD7",TRUE
"KCTD8",FALSE
"KCTD9",TRUE
"KDELR1",TRUE
"KDELR2",TRUE
"KDELR3",TRUE
"KDF1",TRUE
"KDM1A",TRUE
"KDM1B",TRUE
"KDM2A",TRUE
"KDM2B",TRUE
"KDM3A",TRUE
"KDM3B",TRUE
"KDM4A",TRUE
"KDM4B",TRUE
"KDM4C",TRUE
"KDM4D",TRUE
"KDM4E",FALSE
"KDM4F",FALSE
"KDM5A",TRUE
"KDM5B",TRUE
"KDM5C",TRUE
"KDM5D",TRUE
"KDM6A",TRUE
"KDM6B",TRUE
"KDM7A",TRUE
"KDM7A-DT",TRUE
"KDM8",TRUE
"KDR",TRUE
"KDSR",TRUE
"KDSR-DT",TRUE
"KEAP1",TRUE
"KEL",TRUE
"KERA",FALSE
"KGD4",TRUE
"KHDC1",TRUE
"KHDC1-AS1",TRUE
"KHDC1L",FALSE
"KHDC3L",FALSE
"KHDC4",TRUE
"KHDRBS1",TRUE
"KHDRBS2",FALSE
"KHDRBS3",TRUE
"KHK",TRUE
"KHNYN",TRUE
"KHSRP",TRUE
"KHSRPP1",FALSE
"KIAA0040",TRUE
"KIAA0087",FALSE
"KIAA0232",TRUE
"KIAA0319",TRUE
"KIAA0319L",TRUE
"KIAA0408",FALSE
"KIAA0513",TRUE
"KIAA0586",TRUE
"KIAA0753",TRUE
"KIAA0825",TRUE
"KIAA0930",TRUE
"KIAA1143",TRUE
"KIAA1143P2",FALSE
"KIAA1191",TRUE
"KIAA1191P1",FALSE
"KIAA1191P2",FALSE
"KIAA1210",FALSE
"KIAA1217",TRUE
"KIAA1328",TRUE
"KIAA1328P1",FALSE
"KIAA1549",TRUE
"KIAA1549L",TRUE
"KIAA1586",TRUE
"KIAA1614",TRUE
"KIAA1614-AS1",FALSE
"KIAA1671",TRUE
"KIAA1671-AS1",TRUE
"KIAA1755",TRUE
"KIAA1958",TRUE
"KIAA2012",FALSE
"KIAA2012-AS1",FALSE
"KIAA2013",TRUE
"KIAA2013P1",TRUE
"KICS2",TRUE
"KIDINS220",TRUE
"KIF11",TRUE
"KIF12",TRUE
"KIF13A",TRUE
"KIF13B",TRUE
"KIF14",TRUE
"KIF15",TRUE
"KIF16B",TRUE
"KIF17",TRUE
"KIF18A",TRUE
"KIF18B",TRUE
"KIF19",FALSE
"KIF1A",TRUE
"KIF1B",TRUE
"KIF1C",TRUE
"KIF20A",TRUE
"KIF20B",TRUE
"KIF21A",TRUE
"KIF21B",TRUE
"KIF22",TRUE
"KIF23",TRUE
"KIF24",TRUE
"KIF25",FALSE
"KIF26A",TRUE
"KIF26B",TRUE
"KIF26B-AS1",FALSE
"KIF27",TRUE
"KIF27P1",FALSE
"KIF2A",TRUE
"KIF2B",FALSE
"KIF2C",TRUE
"KIF3A",TRUE
"KIF3AP1",FALSE
"KIF3B",TRUE
"KIF3C",TRUE
"KIF4A",TRUE
"KIF4B",FALSE
"KIF5A",TRUE
"KIF5B",TRUE
"KIF5C",TRUE
"KIF6",TRUE
"KIF7",TRUE
"KIF9",TRUE
"KIFAP3",TRUE
"KIFBP",TRUE
"KIFC1",TRUE
"KIFC2",TRUE
"KIFC3",TRUE
"KILH",TRUE
"KIN",TRUE
"KIR2DL1",FALSE
"KIR2DL3",FALSE
"KIR2DL4",FALSE
"KIR2DP1",FALSE
"KIR2DS4",FALSE
"KIR3DL1",FALSE
"KIR3DL2",FALSE
"KIR3DL3",FALSE
"KIRREL1",TRUE
"KIRREL2",TRUE
"KIRREL3",FALSE
"KIRREL3-AS2",FALSE
"KIRREL3-AS3",FALSE
"KISS1",TRUE
"KISS1R",TRUE
"KIT",TRUE
"KITLG",TRUE
"KIZ",TRUE
"KIZ-AS1",TRUE
"KL",TRUE
"KLB",TRUE
"KLC1",TRUE
"KLC2",TRUE
"KLC3",TRUE
"KLC4",TRUE
"KLF1",FALSE
"KLF10",TRUE
"KLF11",TRUE
"KLF12",TRUE
"KLF13",TRUE
"KLF14",TRUE
"KLF15",TRUE
"KLF16",TRUE
"KLF17",FALSE
"KLF17P2",FALSE
"KLF18",FALSE
"KLF2",TRUE
"KLF2-DT",FALSE
"KLF2P2",FALSE
"KLF3",TRUE
"KLF4",TRUE
"KLF4P1",FALSE
"KLF5",TRUE
"KLF6",TRUE
"KLF7",TRUE
"KLF8",TRUE
"KLF9",TRUE
"KLHDC1",TRUE
"KLHDC10",TRUE
"KLHDC2",TRUE
"KLHDC3",TRUE
"KLHDC4",TRUE
"KLHDC7A",TRUE
"KLHDC7B",TRUE
"KLHDC7B-DT",FALSE
"KLHDC8A",TRUE
"KLHDC8B",TRUE
"KLHDC9",TRUE
"KLHL1",FALSE
"KLHL10",FALSE
"KLHL11",TRUE
"KLHL12",TRUE
"KLHL13",TRUE
"KLHL14",FALSE
"KLHL15",TRUE
"KLHL17",TRUE
"KLHL18",TRUE
"KLHL2",TRUE
"KLHL20",TRUE
"KLHL21",TRUE
"KLHL22",TRUE
"KLHL24",TRUE
"KLHL25",TRUE
"KLHL25P1",FALSE
"KLHL26",TRUE
"KLHL28",TRUE
"KLHL29",TRUE
"KLHL2P1",FALSE
"KLHL3",TRUE
"KLHL30",FALSE
"KLHL31",TRUE
"KLHL32",TRUE
"KLHL33",FALSE
"KLHL34",FALSE
"KLHL35",TRUE
"KLHL36",TRUE
"KLHL38",FALSE
"KLHL4",TRUE
"KLHL40",FALSE
"KLHL41",TRUE
"KLHL42",TRUE
"KLHL5",TRUE
"KLHL6",TRUE
"KLHL6-AS1",FALSE
"KLHL7",TRUE
"KLHL8",TRUE
"KLHL9",TRUE
"KLK1",TRUE
"KLK10",TRUE
"KLK11",TRUE
"KLK12",FALSE
"KLK13",TRUE
"KLK14",TRUE
"KLK15",FALSE
"KLK2",FALSE
"KLK3",FALSE
"KLK4",FALSE
"KLK5",FALSE
"KLK6",FALSE
"KLK7",FALSE
"KLK8",FALSE
"KLK9",FALSE
"KLKB1",TRUE
"KLLN",TRUE
"KLRB1",FALSE
"KLRC1",FALSE
"KLRC2",FALSE
"KLRC3",FALSE
"KLRC4",FALSE
"KLRD1",FALSE
"KLRF1",TRUE
"KLRF2",FALSE
"KLRG1",TRUE
"KLRG2",FALSE
"KLRK1-AS1",TRUE
"KMO",TRUE
"KMT2A",TRUE
"KMT2B",TRUE
"KMT2C",TRUE
"KMT2CP3",FALSE
"KMT2D",TRUE
"KMT2E",TRUE
"KMT5A",TRUE
"KMT5AP2",TRUE
"KMT5AP3",FALSE
"KMT5B",TRUE
"KMT5C",TRUE
"KNCN",FALSE
"KNDC1",TRUE
"KNG1",FALSE
"KNL1",TRUE
"KNOP1",TRUE
"KNOP1P2",FALSE
"KNSTRN",TRUE
"KNTC1",TRUE
"KPLCE",FALSE
"KPNA1",TRUE
"KPNA2",TRUE
"KPNA2P1",FALSE
"KPNA3",TRUE
"KPNA4",TRUE
"KPNA4P1",FALSE
"KPNA5",TRUE
"KPNA6",TRUE
"KPNA7",TRUE
"KPNB1",TRUE
"KPNB1-DT",TRUE
"KPNB1P1",FALSE
"KPRP",FALSE
"KPTN",TRUE
"KRABD1",TRUE
"KRABD1-AS1",FALSE
"KRABD2",TRUE
"KRABD3",TRUE
"KRABD4",TRUE
"KRABD5",TRUE
"KRAS",TRUE
"KRCC1",TRUE
"KREMEN1",TRUE
"KREMEN2",TRUE
"KRI1",TRUE
"KRIT1",TRUE
"KRR1",TRUE
"KRT1",FALSE
"KRT10",TRUE
"KRT10-AS1",TRUE
"KRT12",FALSE
"KRT13",FALSE
"KRT14",FALSE
"KRT15",TRUE
"KRT16",FALSE
"KRT16P4",FALSE
"KRT16P5",FALSE
"KRT17",TRUE
"KRT17P3",FALSE
"KRT17P6",FALSE
"KRT18",TRUE
"KRT18P1",FALSE
"KRT18P10",FALSE
"KRT18P11",FALSE
"KRT18P12",FALSE
"KRT18P13",FALSE
"KRT18P14",FALSE
"KRT18P15",FALSE
"KRT18P16",FALSE
"KRT18P17",TRUE
"KRT18P18",FALSE
"KRT18P2",FALSE
"KRT18P20",FALSE
"KRT18P21",FALSE
"KRT18P22",FALSE
"KRT18P23",FALSE
"KRT18P24",FALSE
"KRT18P25",FALSE
"KRT18P26",FALSE
"KRT18P27",FALSE
"KRT18P28",FALSE
"KRT18P29",FALSE
"KRT18P3",FALSE
"KRT18P31",FALSE
"KRT18P32",FALSE
"KRT18P34",TRUE
"KRT18P35",FALSE
"KRT18P36",FALSE
"KRT18P37",FALSE
"KRT18P38",FALSE
"KRT18P39",FALSE
"KRT18P4",FALSE
"KRT18P41",FALSE
"KRT18P42",FALSE
"KRT18P43",FALSE
"KRT18P44",FALSE
"KRT18P45",FALSE
"KRT18P46",FALSE
"KRT18P48",FALSE
"KRT18P49",FALSE
"KRT18P5",FALSE
"KRT18P50",FALSE
"KRT18P51",FALSE
"KRT18P52",FALSE
"KRT18P53",FALSE
"KRT18P54",FALSE
"KRT18P56",FALSE
"KRT18P57",FALSE
"KRT18P58",FALSE
"KRT18P59",FALSE
"KRT18P6",FALSE
"KRT18P60",FALSE
"KRT18P61",FALSE
"KRT18P62",FALSE
"KRT18P63",TRUE
"KRT18P64",FALSE
"KRT18P65",FALSE
"KRT18P66",FALSE
"KRT18P67",FALSE
"KRT18P68",FALSE
"KRT18P7",FALSE
"KRT18P9",FALSE
"KRT19",TRUE
"KRT19P1",FALSE
"KRT19P3",FALSE
"KRT19P6",FALSE
"KRT2",FALSE
"KRT20",FALSE
"KRT222",TRUE
"KRT223P",FALSE
"KRT224P",TRUE
"KRT23",TRUE
"KRT24",TRUE
"KRT25",FALSE
"KRT26",FALSE
"KRT27",FALSE
"KRT28",FALSE
"KRT3",FALSE
"KRT31",FALSE
"KRT32",FALSE
"KRT33A",FALSE
"KRT33B",FALSE
"KRT34",FALSE
"KRT35",FALSE
"KRT36",FALSE
"KRT37",FALSE
"KRT38",FALSE
"KRT39",TRUE
"KRT4",FALSE
"KRT40",TRUE
"KRT41P",FALSE
"KRT5",TRUE
"KRT6A",FALSE
"KRT6B",TRUE
"KRT6C",FALSE
"KRT7",TRUE
"KRT7-AS",TRUE
"KRT71",FALSE
"KRT72",FALSE
"KRT73",FALSE
"KRT73-AS1",FALSE
"KRT74",FALSE
"KRT75",TRUE
"KRT76",FALSE
"KRT77",FALSE
"KRT78",FALSE
"KRT79",FALSE
"KRT8",TRUE
"KRT80",TRUE
"KRT81",TRUE
"KRT82",FALSE
"KRT83",FALSE
"KRT84",FALSE
"KRT85",FALSE
"KRT86",TRUE
"KRT87P",TRUE
"KRT8P10",TRUE
"KRT8P11",FALSE
"KRT8P12",TRUE
"KRT8P14",FALSE
"KRT8P15",FALSE
"KRT8P17",FALSE
"KRT8P18",FALSE
"KRT8P19",FALSE
"KRT8P20",FALSE
"KRT8P21",FALSE
"KRT8P22",FALSE
"KRT8P25",FALSE
"KRT8P28",FALSE
"KRT8P3",TRUE
"KRT8P31",FALSE
"KRT8P32",FALSE
"KRT8P33",TRUE
"KRT8P35",FALSE
"KRT8P36",FALSE
"KRT8P37",TRUE
"KRT8P38",FALSE
"KRT8P39",FALSE
"KRT8P41",FALSE
"KRT8P43",FALSE
"KRT8P44",FALSE
"KRT8P45",TRUE
"KRT8P46",TRUE
"KRT8P47",FALSE
"KRT8P49",FALSE
"KRT8P5",FALSE
"KRT8P50",FALSE
"KRT8P52",FALSE
"KRT8P6",FALSE
"KRT8P7",FALSE
"KRT8P8",FALSE
"KRT8P9",FALSE
"KRT9",FALSE
"KRTAP1-1",TRUE
"KRTAP1-3",FALSE
"KRTAP1-4",FALSE
"KRTAP1-5",FALSE
"KRTAP10-1",FALSE
"KRTAP10-10",FALSE
"KRTAP10-11",FALSE
"KRTAP10-12",FALSE
"KRTAP10-2",FALSE
"KRTAP10-3",FALSE
"KRTAP10-4",FALSE
"KRTAP10-5",FALSE
"KRTAP10-6",FALSE
"KRTAP10-7",FALSE
"KRTAP10-8",FALSE
"KRTAP10-9",FALSE
"KRTAP11-1",FALSE
"KRTAP12-1",FALSE
"KRTAP12-2",FALSE
"KRTAP12-3",FALSE
"KRTAP12-4",FALSE
"KRTAP12-5P",FALSE
"KRTAP13-1",FALSE
"KRTAP13-2",FALSE
"KRTAP13-3",FALSE
"KRTAP13-4",FALSE
"KRTAP13-5P",FALSE
"KRTAP15-1",FALSE
"KRTAP16-1",FALSE
"KRTAP17-1",FALSE
"KRTAP19-1",FALSE
"KRTAP19-2",FALSE
"KRTAP19-3",FALSE
"KRTAP19-4",FALSE
"KRTAP19-5",FALSE
"KRTAP19-6",FALSE
"KRTAP19-7",FALSE
"KRTAP19-8",FALSE
"KRTAP19-9P",FALSE
"KRTAP2-1",FALSE
"KRTAP2-2",FALSE
"KRTAP2-3",TRUE
"KRTAP2-4",FALSE
"KRTAP2-5P",FALSE
"KRTAP20-1",FALSE
"KRTAP20-2",FALSE
"KRTAP20-3",FALSE
"KRTAP20-4",FALSE
"KRTAP21-1",FALSE
"KRTAP21-2",FALSE
"KRTAP21-3",FALSE
"KRTAP21-4P",FALSE
"KRTAP22-1",FALSE
"KRTAP22-2",FALSE
"KRTAP23-1",FALSE
"KRTAP24-1",FALSE
"KRTAP25-1",FALSE
"KRTAP26-1",FALSE
"KRTAP27-1",FALSE
"KRTAP29-1",FALSE
"KRTAP3-1",FALSE
"KRTAP3-2",FALSE
"KRTAP3-3",FALSE
"KRTAP3-4P",FALSE
"KRTAP4-1",FALSE
"KRTAP4-11",FALSE
"KRTAP4-12",FALSE
"KRTAP4-16",FALSE
"KRTAP4-2",FALSE
"KRTAP4-3",FALSE
"KRTAP4-4",FALSE
"KRTAP4-5",FALSE
"KRTAP4-6",FALSE
"KRTAP4-7",FALSE
"KRTAP4-8",FALSE
"KRTAP4-9",FALSE
"KRTAP5-1",TRUE
"KRTAP5-10",FALSE
"KRTAP5-11",FALSE
"KRTAP5-2",FALSE
"KRTAP5-3",FALSE
"KRTAP5-4",FALSE
"KRTAP5-5",FALSE
"KRTAP5-6",FALSE
"KRTAP5-7",FALSE
"KRTAP5-8",FALSE
"KRTAP5-9",FALSE
"KRTAP5-AS1",TRUE
"KRTAP6-1",FALSE
"KRTAP6-2",FALSE
"KRTAP6-3",FALSE
"KRTAP7-1",FALSE
"KRTAP8-1",FALSE
"KRTAP9-1",FALSE
"KRTAP9-10P",FALSE
"KRTAP9-2",FALSE
"KRTAP9-3",FALSE
"KRTAP9-4",FALSE
"KRTAP9-6",FALSE
"KRTAP9-7",FALSE
"KRTAP9-8",FALSE
"KRTAP9-9",FALSE
"KRTCAP2",TRUE
"KRTCAP3",TRUE
"KRTDAP",FALSE
"KSR1",TRUE
"KSR2",TRUE
"KTI12",TRUE
"KTN1",TRUE
"KTN1-AS1",TRUE
"KU-MEL-3",FALSE
"KXD1",TRUE
"KY",TRUE
"KYAT1",TRUE
"KYAT3",TRUE
"KYNU",TRUE
"L1CAM",TRUE
"L1CAM-AS1",FALSE
"L1TD1",FALSE
"L2HGDH",TRUE
"L3HYPDH",TRUE
"L3MBTL1",TRUE
"L3MBTL2",TRUE
"L3MBTL3",TRUE
"L3MBTL4",TRUE
"L3MBTL4-AS1",TRUE
"LACC1",TRUE
"LACRT",FALSE
"LACTB",TRUE
"LACTB2",TRUE
"LACTB2-AS1",TRUE
"LACTBL1",FALSE
"LAD1",TRUE
"LAG3",FALSE
"LAGE3",TRUE
"LAIR1",TRUE
"LAIR2",FALSE
"LALBA",FALSE
"LAMA1",TRUE
"LAMA2",TRUE
"LAMA3",TRUE
"LAMA4",TRUE
"LAMA5",TRUE
"LAMA5-AS1",FALSE
"LAMB1",TRUE
"LAMB2",TRUE
"LAMB3",TRUE
"LAMB4",TRUE
"LAMC1",TRUE
"LAMC1-AS1",TRUE
"LAMC2",TRUE
"LAMC3",TRUE
"LAMP1",TRUE
"LAMP2",TRUE
"LAMP3",TRUE
"LAMP5",TRUE
"LAMP5-AS1",FALSE
"LAMTOR1",TRUE
"LAMTOR2",TRUE
"LAMTOR3",TRUE
"LAMTOR4",TRUE
"LAMTOR5",TRUE
"LAMTOR5-AS1",TRUE
"LANCL1",TRUE
"LANCL2",TRUE
"LANCL3",FALSE
"LAP3",TRUE
"LAP3P1",FALSE
"LAP3P2",FALSE
"LAPTM4A",TRUE
"LAPTM4B",TRUE
"LAPTM5",TRUE
"LARGE-AS1",FALSE
"LARGE1",TRUE
"LARGE1-AS1",FALSE
"LARGE2",TRUE
"LARP1",TRUE
"LARP1B",TRUE
"LARP1BP1",FALSE
"LARP1BP2",FALSE
"LARP4",TRUE
"LARP4B",TRUE
"LARP4B-DT",FALSE
"LARP6",TRUE
"LARP7",TRUE
"LARP7P1",FALSE
"LARP7P2",FALSE
"LARP7P4",FALSE
"LARS1",TRUE
"LARS2",TRUE
"LAS1L",TRUE
"LASP1",TRUE
"LASP1NB",TRUE
"LAT",TRUE
"LAT2",TRUE
"LATS1",TRUE
"LATS2",TRUE
"LAX1",TRUE
"LAYN",TRUE
"LBH",TRUE
"LBHD1",TRUE
"LBHD2",FALSE
"LBP",TRUE
"LBR",TRUE
"LBX1",FALSE
"LBX1-AS1",FALSE
"LBX2",TRUE
"LBX2-AS1",TRUE
"LCA5",TRUE
"LCA5L",TRUE
"LCAT",TRUE
"LCDR",TRUE
"LCE1A",FALSE
"LCE1B",FALSE
"LCE1C",FALSE
"LCE1D",FALSE
"LCE1E",FALSE
"LCE1F",FALSE
"LCE2A",FALSE
"LCE2B",FALSE
"LCE2C",FALSE
"LCE2D",FALSE
"LCE3A",FALSE
"LCE3B",FALSE
"LCE3C",FALSE
"LCE3D",FALSE
"LCE3E",FALSE
"LCE4A",FALSE
"LCE5A",FALSE
"LCE6A",FALSE
"LCEP1",FALSE
"LCEP2",FALSE
"LCEP4",FALSE
"LCIIAR",TRUE
"LCK",FALSE
"LCLAT1",TRUE
"LCMT1",TRUE
"LCMT1-AS1",TRUE
"LCMT1-AS2",TRUE
"LCMT2",TRUE
"LCN1",FALSE
"LCN10",FALSE
"LCN12",TRUE
"LCN15",FALSE
"LCN1P1",FALSE
"LCN2",TRUE
"LCN6",FALSE
"LCN8",FALSE
"LCN9",FALSE
"LCNL1",FALSE
"LCOR",TRUE
"LCORL",TRUE
"LCP1",TRUE
"LCP2",TRUE
"LCT",FALSE
"LCT-AS1",FALSE
"LCTL",FALSE
"LDAF1",TRUE
"LDAH",TRUE
"LDB1",TRUE
"LDB2",TRUE
"LDB3",TRUE
"LDHA",TRUE
"LDHAL6A",TRUE
"LDHAL6B",TRUE
"LDHB",TRUE
"LDHBP1",FALSE
"LDHBP3",FALSE
"LDHC",FALSE
"LDHD",TRUE
"LDLR",TRUE
"LDLRAD1",FALSE
"LDLRAD2",TRUE
"LDLRAD3",TRUE
"LDLRAD4",TRUE
"LDLRAD4-AS1",FALSE
"LDLRAD4-AS3",FALSE
"LDLRAP1",TRUE
"LDOC1",TRUE
"LEAP2",TRUE
"LECT2",FALSE
"LEF1",TRUE
"LEF1-AS1",FALSE
"LEFTY1",TRUE
"LEFTY2",TRUE
"LEFTY3P",FALSE
"LEKR1",TRUE
"LELP1",FALSE
"LEMD1",FALSE
"LEMD1-AS1",FALSE
"LEMD1-DT",FALSE
"LEMD2",TRUE
"LEMD3",TRUE
"LENEP",FALSE
"LENG1",TRUE
"LENG8",TRUE
"LENG8-AS1",TRUE
"LENG9",TRUE
"LEO1",TRUE
"LEP",FALSE
"LEPR",TRUE
"LEPROT",TRUE
"LEPROTL1",TRUE
"LERFS",FALSE
"LETM1",TRUE
"LETM1P1",FALSE
"LETM2",TRUE
"LETMD1",TRUE
"LETR1",FALSE
"LEUTX",FALSE
"LFNG",TRUE
"LGALS1",TRUE
"LGALS12",FALSE
"LGALS13",FALSE
"LGALS14",FALSE
"LGALS16",FALSE
"LGALS2",TRUE
"LGALS3",TRUE
"LGALS3BP",TRUE
"LGALS4",TRUE
"LGALS8",TRUE
"LGALS8-AS1",FALSE
"LGALS9B",FALSE
"LGALSL",TRUE
"LGI1",FALSE
"LGI2",TRUE
"LGI3",FALSE
"LGI4",TRUE
"LGMN",TRUE
"LGR4",TRUE
"LGR4-AS1",TRUE
"LGR5",TRUE
"LGR6",FALSE
"LGSN",TRUE
"LHB",FALSE
"LHCGR",FALSE
"LHFPL1",FALSE
"LHFPL2",TRUE
"LHFPL3",TRUE
"LHFPL3-AS1",FALSE
"LHFPL4",TRUE
"LHFPL5",TRUE
"LHFPL6",TRUE
"LHFPL7",FALSE
"LHPP",TRUE
"LHX1",FALSE
"LHX1-DT",FALSE
"LHX2",FALSE
"LHX2-AS1",FALSE
"LHX3",FALSE
"LHX4",TRUE
"LHX5",FALSE
"LHX6",FALSE
"LHX8",FALSE
"LHX9",FALSE
"LIAS",TRUE
"LIAT1",TRUE
"LIF",TRUE
"LIF-AS1",FALSE
"LIF-AS2",TRUE
"LIFR",TRUE
"LIFR-AS1",TRUE
"LIG1",TRUE
"LIG3",TRUE
"LIG4",TRUE
"LILRA1",FALSE
"LILRA2",TRUE
"LILRA4",FALSE
"LILRA5",FALSE
"LILRA6",TRUE
"LILRB1",TRUE
"LILRB2",TRUE
"LILRB4",TRUE
"LILRB5",TRUE
"LILRP2",FALSE
"LIM2",FALSE
"LIMA1",TRUE
"LIMCH1",TRUE
"LIMD1",TRUE
"LIMD2",TRUE
"LIME1",TRUE
"LIMK1",TRUE
"LIMK2",TRUE
"LIMK2P1",FALSE
"LIMS1",TRUE
"LIMS1-AS1",FALSE
"LIMS2",TRUE
"LIMS3",TRUE
"LIMS4",FALSE
"LIN28A",FALSE
"LIN28B",FALSE
"LIN28B-AS1",FALSE
"LIN37",TRUE
"LIN52",TRUE
"LIN54",TRUE
"LIN7A",TRUE
"LIN7B",TRUE
"LIN7C",TRUE
"LIN9",TRUE
"LINC-PINT",TRUE
"LINC-ROR",FALSE
"LINC00028",FALSE
"LINC00051",FALSE
"LINC00052",FALSE
"LINC00102",FALSE
"LINC00106",TRUE
"LINC00112",FALSE
"LINC00113",FALSE
"LINC00114",FALSE
"LINC00158",FALSE
"LINC00160",FALSE
"LINC00161",FALSE
"LINC00163",FALSE
"LINC00165",FALSE
"LINC00173",TRUE
"LINC00174",TRUE
"LINC00184",FALSE
"LINC00189",FALSE
"LINC00200",FALSE
"LINC00207",FALSE
"LINC00208",FALSE
"LINC00210",FALSE
"LINC00216",TRUE
"LINC00221",FALSE
"LINC00222",FALSE
"LINC00229",FALSE
"LINC00237",FALSE
"LINC00239",TRUE
"LINC00240",TRUE
"LINC00242",TRUE
"LINC00243",FALSE
"LINC00244",FALSE
"LINC00251",FALSE
"LINC00254",FALSE
"LINC00261",TRUE
"LINC00266-2P",FALSE
"LINC00269",FALSE
"LINC00272",FALSE
"LINC00273",FALSE
"LINC00276",FALSE
"LINC00278",FALSE
"LINC00290",FALSE
"LINC00293",FALSE
"LINC00294",TRUE
"LINC00297",FALSE
"LINC00303",FALSE
"LINC00304",FALSE
"LINC00305",FALSE
"LINC00307",FALSE
"LINC00308",FALSE
"LINC00309",FALSE
"LINC00310",FALSE
"LINC00311",FALSE
"LINC00316",TRUE
"LINC00317",FALSE
"LINC00320",FALSE
"LINC00323",TRUE
"LINC00324",TRUE
"LINC00326",FALSE
"LINC00327",TRUE
"LINC00328-2P",FALSE
"LINC00330",FALSE
"LINC00334",FALSE
"LINC00336",FALSE
"LINC00339",TRUE
"LINC00343",FALSE
"LINC00345",FALSE
"LINC00347",FALSE
"LINC00348",FALSE
"LINC00349",FALSE
"LINC00351",FALSE
"LINC00354",FALSE
"LINC00355",FALSE
"LINC00358",FALSE
"LINC00362",FALSE
"LINC00364",FALSE
"LINC00365",FALSE
"LINC00373",FALSE
"LINC00374",FALSE
"LINC00376",FALSE
"LINC00379",FALSE
"LINC00382",FALSE
"LINC00383",FALSE
"LINC00385",FALSE
"LINC00391",FALSE
"LINC00393",FALSE
"LINC00395",FALSE
"LINC00396",FALSE
"LINC00397",FALSE
"LINC00408",FALSE
"LINC00410",FALSE
"LINC00415",FALSE
"LINC00424",FALSE
"LINC00426",FALSE
"LINC00427",FALSE
"LINC00434",FALSE
"LINC00442",FALSE
"LINC00445",FALSE
"LINC00448",FALSE
"LINC00452",FALSE
"LINC00454",FALSE
"LINC00457",FALSE
"LINC00458",FALSE
"LINC00459",FALSE
"LINC00460",FALSE
"LINC00462",FALSE
"LINC00463",FALSE
"LINC00466",FALSE
"LINC00467",TRUE
"LINC00469",FALSE
"LINC00471",TRUE
"LINC00472",TRUE
"LINC00474",FALSE
"LINC00477",FALSE
"LINC00479",TRUE
"LINC00484",FALSE
"LINC00485",FALSE
"LINC00486",FALSE
"LINC00487",FALSE
"LINC00488",FALSE
"LINC00489",FALSE
"LINC00491",FALSE
"LINC00492",FALSE
"LINC00494",FALSE
"LINC00499",FALSE
"LINC00501",FALSE
"LINC00504",TRUE
"LINC00506",TRUE
"LINC00507",FALSE
"LINC00513",TRUE
"LINC00515",FALSE
"LINC00517",FALSE
"LINC00520",TRUE
"LINC00523",FALSE
"LINC00525",FALSE
"LINC00528",FALSE
"LINC00533",FALSE
"LINC00536",FALSE
"LINC00538",FALSE
"LINC00539",TRUE
"LINC00540",TRUE
"LINC00543",TRUE
"LINC00547",FALSE
"LINC00550",FALSE
"LINC00552",FALSE
"LINC00554",FALSE
"LINC00557",FALSE
"LINC00558",FALSE
"LINC00559",FALSE
"LINC00560",FALSE
"LINC00561",FALSE
"LINC00562",FALSE
"LINC00563",FALSE
"LINC00564",FALSE
"LINC00566",FALSE
"LINC00567",FALSE
"LINC00570",FALSE
"LINC00571",TRUE
"LINC00572",FALSE
"LINC00574",FALSE
"LINC00575",FALSE
"LINC00578",FALSE
"LINC00581",FALSE
"LINC00583",FALSE
"LINC00587",FALSE
"LINC00588",FALSE
"LINC00589",FALSE
"LINC00592",FALSE
"LINC00601",FALSE
"LINC00602",FALSE
"LINC00604",FALSE
"LINC00605",TRUE
"LINC00606",FALSE
"LINC00607",FALSE
"LINC00609",FALSE
"LINC00612",TRUE
"LINC00613",FALSE
"LINC00615",FALSE
"LINC00616",FALSE
"LINC00620",FALSE
"LINC00622",TRUE
"LINC00624",TRUE
"LINC00626",FALSE
"LINC00628",TRUE
"LINC00629",FALSE
"LINC00632",FALSE
"LINC00635",FALSE
"LINC00636",FALSE
"LINC00639",TRUE
"LINC00640",FALSE
"LINC00641",TRUE
"LINC00642",FALSE
"LINC00645",FALSE
"LINC00648",FALSE
"LINC00652",FALSE
"LINC00654",TRUE
"LINC00656",FALSE
"LINC00658",FALSE
"LINC00659",TRUE
"LINC00661",TRUE
"LINC00662",TRUE
"LINC00664",TRUE
"LINC00665",TRUE
"LINC00667",TRUE
"LINC00668",TRUE
"LINC00670",FALSE
"LINC00671",TRUE
"LINC00676",FALSE
"LINC00678",FALSE
"LINC00681",FALSE
"LINC00682",FALSE
"LINC00687",FALSE
"LINC00689",FALSE
"LINC00690",FALSE
"LINC00691",FALSE
"LINC00692",FALSE
"LINC00698",FALSE
"LINC00703",FALSE
"LINC00705",TRUE
"LINC00706",FALSE
"LINC00707",FALSE
"LINC00708",FALSE
"LINC00709",FALSE
"LINC00710",FALSE
"LINC00836",FALSE
"LINC00837",FALSE
"LINC00838",FALSE
"LINC00839",FALSE
"LINC00841",FALSE
"LINC00845",FALSE
"LINC00847",TRUE
"LINC00850",FALSE
"LINC00851",FALSE
"LINC00852",TRUE
"LINC00853",TRUE
"LINC00857",TRUE
"LINC00858",FALSE
"LINC00861",FALSE
"LINC00862",FALSE
"LINC00863",TRUE
"LINC00867",FALSE
"LINC00868",FALSE
"LINC00870",FALSE
"LINC00871",FALSE
"LINC00877",FALSE
"LINC00879",FALSE
"LINC00880",FALSE
"LINC00881",FALSE
"LINC00885",TRUE
"LINC00886",TRUE
"LINC00891",FALSE
"LINC00892",FALSE
"LINC00896",FALSE
"LINC00898",FALSE
"LINC00901",FALSE
"LINC00904",FALSE
"LINC00906",FALSE
"LINC00907",FALSE
"LINC00910",TRUE
"LINC00911",FALSE
"LINC00917",FALSE
"LINC00919",FALSE
"LINC00921",TRUE
"LINC00922",FALSE
"LINC00924",FALSE
"LINC00926",TRUE
"LINC00927",FALSE
"LINC00928",FALSE
"LINC00929",FALSE
"LINC00934",FALSE
"LINC00937",TRUE
"LINC00939",FALSE
"LINC00940",FALSE
"LINC00942",FALSE
"LINC00943",FALSE
"LINC00945",FALSE
"LINC00951",FALSE
"LINC00954",TRUE
"LINC00957",TRUE
"LINC00958",FALSE
"LINC00960",TRUE
"LINC00964",FALSE
"LINC00967",FALSE
"LINC00968",FALSE
"LINC00971",FALSE
"LINC00972",FALSE
"LINC00973",FALSE
"LINC00974",FALSE
"LINC00987",TRUE
"LINC00989",FALSE
"LINC00994",FALSE
"LINC00996",FALSE
"LINC01003",TRUE
"LINC01005",FALSE
"LINC01007",FALSE
"LINC01010",FALSE
"LINC01011",TRUE
"LINC01012",TRUE
"LINC01013",FALSE
"LINC01014",FALSE
"LINC01015",FALSE
"LINC01016",FALSE
"LINC01018",TRUE
"LINC01020",FALSE
"LINC01028",FALSE
"LINC01029",FALSE
"LINC01031",FALSE
"LINC01036",FALSE
"LINC01038",FALSE
"LINC01040",FALSE
"LINC01043",FALSE
"LINC01044",FALSE
"LINC01047",FALSE
"LINC01048",FALSE
"LINC01053",FALSE
"LINC01056",FALSE
"LINC01066",FALSE
"LINC01068",FALSE
"LINC01069",FALSE
"LINC01070",FALSE
"LINC01072",FALSE
"LINC01074",FALSE
"LINC01082",FALSE
"LINC01087",FALSE
"LINC01089",TRUE
"LINC01090",FALSE
"LINC01091",TRUE
"LINC01093",FALSE
"LINC01095",FALSE
"LINC01097",FALSE
"LINC01098",FALSE
"LINC01100",FALSE
"LINC01101",FALSE
"LINC01102",FALSE
"LINC01103",FALSE
"LINC01104",FALSE
"LINC01106",TRUE
"LINC01107",FALSE
"LINC01108",FALSE
"LINC01111",FALSE
"LINC01115",FALSE
"LINC01116",FALSE
"LINC01117",FALSE
"LINC01121",FALSE
"LINC01123",TRUE
"LINC01124",TRUE
"LINC01126",TRUE
"LINC01128",TRUE
"LINC01132",TRUE
"LINC01133",TRUE
"LINC01134",TRUE
"LINC01139",FALSE
"LINC01140",TRUE
"LINC01142",FALSE
"LINC01143",FALSE
"LINC01144",TRUE
"LINC01148",FALSE
"LINC01149",FALSE
"LINC01152",TRUE
"LINC01153",FALSE
"LINC01159",FALSE
"LINC01162",FALSE
"LINC01163",FALSE
"LINC01164",FALSE
"LINC01168",FALSE
"LINC01169",FALSE
"LINC01176",TRUE
"LINC01177",FALSE
"LINC01179",FALSE
"LINC01180",FALSE
"LINC01191",TRUE
"LINC01192",FALSE
"LINC01194",FALSE
"LINC01195",FALSE
"LINC01198",FALSE
"LINC01201",FALSE
"LINC01203",FALSE
"LINC01204",FALSE
"LINC01205",FALSE
"LINC01206",FALSE
"LINC01209",FALSE
"LINC01210",FALSE
"LINC01214",FALSE
"LINC01215",FALSE
"LINC01216",FALSE
"LINC01217",FALSE
"LINC01221",FALSE
"LINC01224",FALSE
"LINC01227",FALSE
"LINC01228",FALSE
"LINC01229",FALSE
"LINC01231",FALSE
"LINC01233",FALSE
"LINC01234",FALSE
"LINC01235",FALSE
"LINC01239",TRUE
"LINC01241",FALSE
"LINC01243",FALSE
"LINC01247",FALSE
"LINC01249",FALSE
"LINC01250",FALSE
"LINC01252",TRUE
"LINC01254",FALSE
"LINC01255",FALSE
"LINC01256",FALSE
"LINC01257",FALSE
"LINC01258",FALSE
"LINC01259",FALSE
"LINC01260",FALSE
"LINC01262",FALSE
"LINC01264",FALSE
"LINC01266",FALSE
"LINC01267",FALSE
"LINC01270",TRUE
"LINC01271",FALSE
"LINC01273",TRUE
"LINC01275",FALSE
"LINC01276",FALSE
"LINC01278",TRUE
"LINC01280",FALSE
"LINC01281",FALSE
"LINC01282",FALSE
"LINC01283",FALSE
"LINC01284",FALSE
"LINC01285",TRUE
"LINC01287",FALSE
"LINC01289",FALSE
"LINC01290",FALSE
"LINC01291",TRUE
"LINC01298",FALSE
"LINC01299",FALSE
"LINC01300",FALSE
"LINC01303",FALSE
"LINC01304",FALSE
"LINC01305",FALSE
"LINC01307",FALSE
"LINC01310",FALSE
"LINC01315",TRUE
"LINC01318",FALSE
"LINC01322",FALSE
"LINC01327",FALSE
"LINC01331",FALSE
"LINC01333",FALSE
"LINC01337",FALSE
"LINC01339",FALSE
"LINC01342",FALSE
"LINC01343",FALSE
"LINC01345",FALSE
"LINC01348",TRUE
"LINC01350",FALSE
"LINC01352",FALSE
"LINC01353",FALSE
"LINC01354",TRUE
"LINC01356",FALSE
"LINC01359",TRUE
"LINC01360",FALSE
"LINC01361",FALSE
"LINC01362",FALSE
"LINC01363",FALSE
"LINC01364",FALSE
"LINC01365",FALSE
"LINC01366",FALSE
"LINC01370",FALSE
"LINC01375",FALSE
"LINC01376",TRUE
"LINC01381",FALSE
"LINC01386",FALSE
"LINC01387",FALSE
"LINC01391",FALSE
"LINC01392",FALSE
"LINC01393",FALSE
"LINC01395",FALSE
"LINC01396",FALSE
"LINC01397",FALSE
"LINC01398",FALSE
"LINC01404",FALSE
"LINC01409",TRUE
"LINC01411",FALSE
"LINC01413",FALSE
"LINC01414",FALSE
"LINC01416",FALSE
"LINC01419",FALSE
"LINC01425",FALSE
"LINC01426",TRUE
"LINC01427",FALSE
"LINC01428",FALSE
"LINC01429",FALSE
"LINC01431",TRUE
"LINC01432",FALSE
"LINC01433",FALSE
"LINC01435",FALSE
"LINC01436",FALSE
"LINC01441",FALSE
"LINC01442",FALSE
"LINC01443",FALSE
"LINC01444",FALSE
"LINC01445",FALSE
"LINC01446",FALSE
"LINC01447",FALSE
"LINC01448",FALSE
"LINC01449",FALSE
"LINC01450",FALSE
"LINC01451",FALSE
"LINC01455",FALSE
"LINC01456",FALSE
"LINC01460",FALSE
"LINC01465",TRUE
"LINC01467",FALSE
"LINC01470",FALSE
"LINC01471",FALSE
"LINC01474",TRUE
"LINC01477",FALSE
"LINC01479",FALSE
"LINC01480",FALSE
"LINC01482",FALSE
"LINC01483",FALSE
"LINC01484",TRUE
"LINC01485",FALSE
"LINC01486",FALSE
"LINC01487",FALSE
"LINC01490",FALSE
"LINC01492",FALSE
"LINC01494",FALSE
"LINC01495",FALSE
"LINC01497",FALSE
"LINC01498",FALSE
"LINC01499",FALSE
"LINC01500",FALSE
"LINC01501",FALSE
"LINC01502",FALSE
"LINC01503",TRUE
"LINC01504",FALSE
"LINC01506",FALSE
"LINC01508",FALSE
"LINC01511",FALSE
"LINC01514",FALSE
"LINC01516",FALSE
"LINC01518",FALSE
"LINC01519",FALSE
"LINC01520",FALSE
"LINC01523",FALSE
"LINC01524",FALSE
"LINC01525",FALSE
"LINC01526",FALSE
"LINC01527",FALSE
"LINC01531",FALSE
"LINC01535",TRUE
"LINC01537",FALSE
"LINC01538",FALSE
"LINC01541",FALSE
"LINC01547",TRUE
"LINC01549",FALSE
"LINC01550",TRUE
"LINC01551",FALSE
"LINC01553",FALSE
"LINC01554",FALSE
"LINC01555",FALSE
"LINC01558",TRUE
"LINC01559",TRUE
"LINC01561",FALSE
"LINC01562",FALSE
"LINC01563",FALSE
"LINC01564",TRUE
"LINC01565",FALSE
"LINC01566",FALSE
"LINC01567",FALSE
"LINC01569",TRUE
"LINC01572",FALSE
"LINC01574",FALSE
"LINC01581",FALSE
"LINC01582",FALSE
"LINC01583",FALSE
"LINC01584",FALSE
"LINC01585",FALSE
"LINC01586",FALSE
"LINC01587",TRUE
"LINC01589",FALSE
"LINC01591",FALSE
"LINC01592",FALSE
"LINC01593",FALSE
"LINC01596",FALSE
"LINC01600",FALSE
"LINC01602",FALSE
"LINC01603",FALSE
"LINC01605",FALSE
"LINC01606",FALSE
"LINC01607",TRUE
"LINC01608",FALSE
"LINC01609",FALSE
"LINC01611",FALSE
"LINC01612",FALSE
"LINC01613",FALSE
"LINC01614",FALSE
"LINC01616",FALSE
"LINC01619",TRUE
"LINC01623",FALSE
"LINC01625",TRUE
"LINC01628",FALSE
"LINC01629",FALSE
"LINC01630",FALSE
"LINC01634",FALSE
"LINC01635",FALSE
"LINC01637",FALSE
"LINC01638",TRUE
"LINC01639",FALSE
"LINC01640",FALSE
"LINC01641",FALSE
"LINC01643",FALSE
"LINC01644",FALSE
"LINC01646",FALSE
"LINC01647",FALSE
"LINC01648",FALSE
"LINC01649",FALSE
"LINC01651",FALSE
"LINC01653",FALSE
"LINC01654",FALSE
"LINC01656",FALSE
"LINC01657",FALSE
"LINC01659",TRUE
"LINC01664",FALSE
"LINC01665",FALSE
"LINC01668",FALSE
"LINC01670",FALSE
"LINC01671",TRUE
"LINC01673",FALSE
"LINC01676",FALSE
"LINC01679",FALSE
"LINC01680",FALSE
"LINC01681",FALSE
"LINC01682",FALSE
"LINC01684",FALSE
"LINC01686",FALSE
"LINC01687",FALSE
"LINC01689",FALSE
"LINC01690",FALSE
"LINC01692",FALSE
"LINC01694",TRUE
"LINC01695",TRUE
"LINC01696",FALSE
"LINC01697",TRUE
"LINC01699",FALSE
"LINC01700",FALSE
"LINC01703",TRUE
"LINC01704",FALSE
"LINC01707",FALSE
"LINC01708",FALSE
"LINC01709",FALSE
"LINC01711",FALSE
"LINC01716",FALSE
"LINC01717",FALSE
"LINC01718",FALSE
"LINC01720",FALSE
"LINC01721",FALSE
"LINC01722",FALSE
"LINC01724",FALSE
"LINC01726",FALSE
"LINC01728",FALSE
"LINC01730",FALSE
"LINC01732",FALSE
"LINC01733",FALSE
"LINC01734",FALSE
"LINC01736",FALSE
"LINC01737",FALSE
"LINC01738",FALSE
"LINC01739",FALSE
"LINC01741",FALSE
"LINC01742",FALSE
"LINC01743",FALSE
"LINC01744",FALSE
"LINC01745",FALSE
"LINC01746",FALSE
"LINC01748",FALSE
"LINC01750",TRUE
"LINC01751",FALSE
"LINC01753",FALSE
"LINC01755",FALSE
"LINC01756",FALSE
"LINC01757",FALSE
"LINC01758",FALSE
"LINC01761",FALSE
"LINC01762",FALSE
"LINC01766",FALSE
"LINC01767",TRUE
"LINC01770",TRUE
"LINC01772",TRUE
"LINC01774",FALSE
"LINC01775",FALSE
"LINC01776",FALSE
"LINC01777",FALSE
"LINC01778",FALSE
"LINC01779",TRUE
"LINC01780",FALSE
"LINC01781",FALSE
"LINC01782",FALSE
"LINC01783",TRUE
"LINC01784",FALSE
"LINC01785",FALSE
"LINC01787",FALSE
"LINC01788",FALSE
"LINC01790",FALSE
"LINC01791",FALSE
"LINC01794",FALSE
"LINC01797",FALSE
"LINC01800",FALSE
"LINC01802",FALSE
"LINC01805",FALSE
"LINC01806",TRUE
"LINC01807",FALSE
"LINC01808",FALSE
"LINC01809",FALSE
"LINC01810",FALSE
"LINC01811",FALSE
"LINC01812",TRUE
"LINC01815",FALSE
"LINC01816",TRUE
"LINC01817",FALSE
"LINC01818",FALSE
"LINC01819",FALSE
"LINC01820",FALSE
"LINC01821",FALSE
"LINC01822",FALSE
"LINC01823",FALSE
"LINC01824",FALSE
"LINC01825",FALSE
"LINC01826",FALSE
"LINC01827",FALSE
"LINC01829",TRUE
"LINC01831",FALSE
"LINC01833",FALSE
"LINC01837",FALSE
"LINC01840",FALSE
"LINC01843",TRUE
"LINC01844",TRUE
"LINC01845",FALSE
"LINC01846",FALSE
"LINC01847",FALSE
"LINC01849",FALSE
"LINC01851",FALSE
"LINC01852",TRUE
"LINC01853",FALSE
"LINC01854",FALSE
"LINC01856",FALSE
"LINC01857",FALSE
"LINC01858",FALSE
"LINC01859",FALSE
"LINC01861",FALSE
"LINC01863",FALSE
"LINC01864",FALSE
"LINC01867",FALSE
"LINC01871",FALSE
"LINC01872",FALSE
"LINC01873",FALSE
"LINC01874",FALSE
"LINC01875",FALSE
"LINC01876",TRUE
"LINC01877",FALSE
"LINC01878",FALSE
"LINC01880",FALSE
"LINC01884",FALSE
"LINC01885",FALSE
"LINC01886",FALSE
"LINC01888",FALSE
"LINC01890",FALSE
"LINC01891",FALSE
"LINC01892",FALSE
"LINC01893",FALSE
"LINC01895",FALSE
"LINC01898",FALSE
"LINC01901",FALSE
"LINC01903",FALSE
"LINC01904",FALSE
"LINC01905",FALSE
"LINC01906",FALSE
"LINC01907",FALSE
"LINC01909",TRUE
"LINC01910",FALSE
"LINC01911",FALSE
"LINC01913",FALSE
"LINC01914",FALSE
"LINC01915",FALSE
"LINC01916",FALSE
"LINC01918",FALSE
"LINC01919",FALSE
"LINC01920",FALSE
"LINC01922",FALSE
"LINC01923",FALSE
"LINC01924",FALSE
"LINC01925",FALSE
"LINC01926",FALSE
"LINC01928",FALSE
"LINC01929",FALSE
"LINC01931",FALSE
"LINC01932",FALSE
"LINC01933",FALSE
"LINC01935",FALSE
"LINC01940",FALSE
"LINC01941",FALSE
"LINC01943",TRUE
"LINC01944",FALSE
"LINC01945",FALSE
"LINC01946",FALSE
"LINC01947",FALSE
"LINC01950",FALSE
"LINC01951",FALSE
"LINC01953",FALSE
"LINC01954",FALSE
"LINC01955",FALSE
"LINC01956",FALSE
"LINC01957",FALSE
"LINC01960",FALSE
"LINC01961",FALSE
"LINC01962",FALSE
"LINC01963",TRUE
"LINC01964",FALSE
"LINC01968",FALSE
"LINC01970",FALSE
"LINC01972",FALSE
"LINC01973",FALSE
"LINC01978",FALSE
"LINC01979",TRUE
"LINC01980",FALSE
"LINC01981",FALSE
"LINC01982",FALSE
"LINC01985",FALSE
"LINC01986",FALSE
"LINC01987",FALSE
"LINC01988",FALSE
"LINC01989",FALSE
"LINC01990",FALSE
"LINC01992",FALSE
"LINC01993",FALSE
"LINC01998",FALSE
"LINC01999",FALSE
"LINC02002",FALSE
"LINC02003",FALSE
"LINC02008",FALSE
"LINC02010",FALSE
"LINC02011",FALSE
"LINC02013",FALSE
"LINC02014",FALSE
"LINC02015",TRUE
"LINC02016",FALSE
"LINC02017",FALSE
"LINC02018",TRUE
"LINC02022",FALSE
"LINC02023",FALSE
"LINC02024",FALSE
"LINC02025",FALSE
"LINC02026",FALSE
"LINC02028",FALSE
"LINC02029",FALSE
"LINC02032",FALSE
"LINC02033",FALSE
"LINC02035",TRUE
"LINC02037",FALSE
"LINC02039",FALSE
"LINC02040",FALSE
"LINC02042",FALSE
"LINC02043",FALSE
"LINC02044",FALSE
"LINC02047",FALSE
"LINC02048",FALSE
"LINC02050",FALSE
"LINC02052",FALSE
"LINC02053",FALSE
"LINC02054",FALSE
"LINC02055",FALSE
"LINC02057",FALSE
"LINC02059",FALSE
"LINC02064",FALSE
"LINC02066",FALSE
"LINC02067",FALSE
"LINC02068",TRUE
"LINC02069",FALSE
"LINC02070",FALSE
"LINC02071",FALSE
"LINC02074",FALSE
"LINC02075",FALSE
"LINC02076",FALSE
"LINC02078",FALSE
"LINC02080",FALSE
"LINC02082",FALSE
"LINC02090",FALSE
"LINC02093",FALSE
"LINC02096",FALSE
"LINC02097",TRUE
"LINC02098",FALSE
"LINC02099",FALSE
"LINC02101",FALSE
"LINC02102",FALSE
"LINC02103",FALSE
"LINC02104",FALSE
"LINC02105",FALSE
"LINC02106",FALSE
"LINC02108",FALSE
"LINC02111",FALSE
"LINC02112",FALSE
"LINC02114",FALSE
"LINC02115",FALSE
"LINC02118",FALSE
"LINC02120",FALSE
"LINC02122",FALSE
"LINC02123",FALSE
"LINC02124",FALSE
"LINC02125",FALSE
"LINC02126",FALSE
"LINC02128",FALSE
"LINC02130",FALSE
"LINC02131",FALSE
"LINC02132",FALSE
"LINC02133",FALSE
"LINC02135",FALSE
"LINC02138",FALSE
"LINC02139",FALSE
"LINC02140",FALSE
"LINC02141",FALSE
"LINC02142",FALSE
"LINC02145",TRUE
"LINC02148",FALSE
"LINC02150",FALSE
"LINC02153",FALSE
"LINC02154",FALSE
"LINC02159",TRUE
"LINC02160",FALSE
"LINC02165",FALSE
"LINC02166",TRUE
"LINC02167",FALSE
"LINC02168",FALSE
"LINC02169",FALSE
"LINC02171",FALSE
"LINC02172",FALSE
"LINC02173",FALSE
"LINC02174",FALSE
"LINC02175",TRUE
"LINC02179",FALSE
"LINC02180",FALSE
"LINC02181",FALSE
"LINC02184",FALSE
"LINC02186",FALSE
"LINC02188",FALSE
"LINC02189",FALSE
"LINC02191",FALSE
"LINC02192",FALSE
"LINC02193",TRUE
"LINC02194",FALSE
"LINC02195",FALSE
"LINC02199",FALSE
"LINC02200",FALSE
"LINC02201",FALSE
"LINC02202",FALSE
"LINC02203",FALSE
"LINC02204",FALSE
"LINC02205",FALSE
"LINC02209",FALSE
"LINC02210",TRUE
"LINC02212",TRUE
"LINC02213",FALSE
"LINC02215",FALSE
"LINC02217",FALSE
"LINC02218",FALSE
"LINC02219",FALSE
"LINC02221",FALSE
"LINC02223",FALSE
"LINC02225",FALSE
"LINC02226",FALSE
"LINC02227",FALSE
"LINC02230",FALSE
"LINC02231",FALSE
"LINC02232",FALSE
"LINC02235",FALSE
"LINC02236",FALSE
"LINC02239",FALSE
"LINC02240",FALSE
"LINC02241",FALSE
"LINC02242",FALSE
"LINC02243",FALSE
"LINC02244",FALSE
"LINC02245",FALSE
"LINC02247",FALSE
"LINC02248",FALSE
"LINC02249",FALSE
"LINC02250",FALSE
"LINC02251",FALSE
"LINC02253",FALSE
"LINC02256",TRUE
"LINC02257",TRUE
"LINC02259",FALSE
"LINC02260",FALSE
"LINC02261",FALSE
"LINC02262",FALSE
"LINC02263",FALSE
"LINC02264",FALSE
"LINC02265",FALSE
"LINC02266",FALSE
"LINC02268",FALSE
"LINC02269",FALSE
"LINC02270",FALSE
"LINC02271",FALSE
"LINC02272",FALSE
"LINC02273",FALSE
"LINC02274",FALSE
"LINC02275",FALSE
"LINC02276",FALSE
"LINC02280",FALSE
"LINC02281",FALSE
"LINC02282",FALSE
"LINC02284",FALSE
"LINC02285",FALSE
"LINC02286",FALSE
"LINC02287",FALSE
"LINC02288",FALSE
"LINC02289",FALSE
"LINC02290",FALSE
"LINC02291",FALSE
"LINC02292",FALSE
"LINC02293",FALSE
"LINC02294",FALSE
"LINC02297",FALSE
"LINC02299",FALSE
"LINC02303",FALSE
"LINC02304",FALSE
"LINC02305",FALSE
"LINC02307",FALSE
"LINC02309",FALSE
"LINC02312",FALSE
"LINC02314",FALSE
"LINC02316",FALSE
"LINC02317",FALSE
"LINC02318",FALSE
"LINC02321",FALSE
"LINC02323",FALSE
"LINC02324",FALSE
"LINC02325",FALSE
"LINC02328",FALSE
"LINC02330",FALSE
"LINC02331",TRUE
"LINC02338",FALSE
"LINC02339",FALSE
"LINC02343",FALSE
"LINC02345",FALSE
"LINC02346",FALSE
"LINC02347",TRUE
"LINC02349",FALSE
"LINC02351",FALSE
"LINC02352",TRUE
"LINC02353",FALSE
"LINC02355",FALSE
"LINC02356",FALSE
"LINC02358",FALSE
"LINC02360",FALSE
"LINC02361",TRUE
"LINC02363",TRUE
"LINC02366",FALSE
"LINC02367",FALSE
"LINC02368",FALSE
"LINC02369",FALSE
"LINC02371",FALSE
"LINC02372",FALSE
"LINC02375",FALSE
"LINC02377",FALSE
"LINC02379",FALSE
"LINC02380",FALSE
"LINC02381",TRUE
"LINC02383",FALSE
"LINC02386",FALSE
"LINC02387",FALSE
"LINC02388",FALSE
"LINC02389",FALSE
"LINC02391",FALSE
"LINC02392",FALSE
"LINC02393",FALSE
"LINC02395",FALSE
"LINC02396",FALSE
"LINC02400",FALSE
"LINC02401",FALSE
"LINC02402",FALSE
"LINC02403",FALSE
"LINC02404",FALSE
"LINC02406",FALSE
"LINC02408",FALSE
"LINC02410",FALSE
"LINC02411",FALSE
"LINC02412",FALSE
"LINC02418",FALSE
"LINC02420",FALSE
"LINC02421",FALSE
"LINC02423",FALSE
"LINC02424",FALSE
"LINC02425",FALSE
"LINC02426",FALSE
"LINC02429",FALSE
"LINC02430",FALSE
"LINC02431",FALSE
"LINC02432",TRUE
"LINC02433",FALSE
"LINC02434",FALSE
"LINC02436",FALSE
"LINC02439",FALSE
"LINC02440",FALSE
"LINC02443",FALSE
"LINC02444",FALSE
"LINC02445",FALSE
"LINC02446",FALSE
"LINC02449",TRUE
"LINC02453",TRUE
"LINC02454",FALSE
"LINC02458",FALSE
"LINC02461",FALSE
"LINC02464",FALSE
"LINC02465",FALSE
"LINC02466",FALSE
"LINC02470",FALSE
"LINC02471",FALSE
"LINC02472",FALSE
"LINC02473",FALSE
"LINC02475",FALSE
"LINC02476",FALSE
"LINC02480",FALSE
"LINC02481",FALSE
"LINC02482",TRUE
"LINC02483",FALSE
"LINC02487",TRUE
"LINC02492",FALSE
"LINC02493",FALSE
"LINC02496",FALSE
"LINC02498",FALSE
"LINC02499",FALSE
"LINC02501",FALSE
"LINC02502",FALSE
"LINC02503",FALSE
"LINC02504",FALSE
"LINC02506",FALSE
"LINC02507",FALSE
"LINC02509",FALSE
"LINC02511",FALSE
"LINC02514",FALSE
"LINC02516",FALSE
"LINC02517",FALSE
"LINC02518",FALSE
"LINC02519",FALSE
"LINC02521",FALSE
"LINC02522",FALSE
"LINC02523",FALSE
"LINC02524",FALSE
"LINC02525",FALSE
"LINC02526",FALSE
"LINC02527",FALSE
"LINC02529",FALSE
"LINC02530",FALSE
"LINC02532",TRUE
"LINC02534",FALSE
"LINC02535",TRUE
"LINC02538",TRUE
"LINC02539",FALSE
"LINC02540",FALSE
"LINC02541",TRUE
"LINC02542",TRUE
"LINC02545",FALSE
"LINC02546",FALSE
"LINC02547",FALSE
"LINC02548",FALSE
"LINC02549",FALSE
"LINC02550",FALSE
"LINC02552",FALSE
"LINC02554",FALSE
"LINC02556",FALSE
"LINC02559",FALSE
"LINC02560",FALSE
"LINC02561",FALSE
"LINC02563",FALSE
"LINC02565",FALSE
"LINC02569",FALSE
"LINC02570",FALSE
"LINC02571",FALSE
"LINC02572",FALSE
"LINC02576",FALSE
"LINC02577",FALSE
"LINC02579",FALSE
"LINC02582",FALSE
"LINC02583",FALSE
"LINC02587",FALSE
"LINC02593",TRUE
"LINC02594",FALSE
"LINC02596",FALSE
"LINC02603",FALSE
"LINC02607",FALSE
"LINC02608",FALSE
"LINC02609",TRUE
"LINC02610",TRUE
"LINC02611",FALSE
"LINC02612",FALSE
"LINC02613",FALSE
"LINC02614",TRUE
"LINC02615",TRUE
"LINC02617",FALSE
"LINC02619",FALSE
"LINC02620",FALSE
"LINC02621",FALSE
"LINC02622",FALSE
"LINC02623",FALSE
"LINC02624",FALSE
"LINC02626",FALSE
"LINC02631",FALSE
"LINC02632",FALSE
"LINC02633",FALSE
"LINC02639",FALSE
"LINC02642",FALSE
"LINC02643",FALSE
"LINC02644",FALSE
"LINC02648",FALSE
"LINC02649",TRUE
"LINC02650",FALSE
"LINC02652",FALSE
"LINC02653",FALSE
"LINC02654",FALSE
"LINC02658",FALSE
"LINC02659",FALSE
"LINC02661",FALSE
"LINC02662",FALSE
"LINC02665",FALSE
"LINC02667",FALSE
"LINC02669",FALSE
"LINC02670",FALSE
"LINC02671",FALSE
"LINC02673",FALSE
"LINC02674",FALSE
"LINC02676",FALSE
"LINC02679",FALSE
"LINC02681",FALSE
"LINC02682",FALSE
"LINC02683",FALSE
"LINC02684",FALSE
"LINC02685",FALSE
"LINC02688",TRUE
"LINC02691",TRUE
"LINC02693",TRUE
"LINC02702",FALSE
"LINC02703",FALSE
"LINC02704",FALSE
"LINC02706",FALSE
"LINC02709",TRUE
"LINC02710",FALSE
"LINC02711",FALSE
"LINC02712",FALSE
"LINC02714",TRUE
"LINC02715",FALSE
"LINC02716",TRUE
"LINC02719",FALSE
"LINC02720",FALSE
"LINC02721",FALSE
"LINC02722",FALSE
"LINC02723",FALSE
"LINC02724",TRUE
"LINC02725",FALSE
"LINC02727",FALSE
"LINC02728",TRUE
"LINC02729",FALSE
"LINC02730",FALSE
"LINC02731",TRUE
"LINC02733",FALSE
"LINC02734",FALSE
"LINC02735",FALSE
"LINC02737",FALSE
"LINC02739",FALSE
"LINC02741",FALSE
"LINC02742",FALSE
"LINC02743",FALSE
"LINC02744",FALSE
"LINC02746",FALSE
"LINC02747",FALSE
"LINC02749",FALSE
"LINC02751",FALSE
"LINC02752",FALSE
"LINC02753",FALSE
"LINC02754",FALSE
"LINC02755",FALSE
"LINC02756",FALSE
"LINC02757",FALSE
"LINC02759",FALSE
"LINC02760",FALSE
"LINC02761",TRUE
"LINC02762",TRUE
"LINC02763",FALSE
"LINC02764",FALSE
"LINC02766",FALSE
"LINC02772",FALSE
"LINC02774",FALSE
"LINC02777",TRUE
"LINC02783",FALSE
"LINC02784",FALSE
"LINC02789",FALSE
"LINC02790",FALSE
"LINC02791",FALSE
"LINC02798",FALSE
"LINC02800",FALSE
"LINC02803",FALSE
"LINC02809",FALSE
"LINC02810",FALSE
"LINC02815",FALSE
"LINC02817",FALSE
"LINC02823",FALSE
"LINC02824",FALSE
"LINC02826",FALSE
"LINC02828",FALSE
"LINC02829",FALSE
"LINC02831",TRUE
"LINC02833",FALSE
"LINC02837",FALSE
"LINC02839",FALSE
"LINC02840",FALSE
"LINC02841",FALSE
"LINC02843",FALSE
"LINC02844",FALSE
"LINC02845",FALSE
"LINC02846",TRUE
"LINC02848",FALSE
"LINC02850",FALSE
"LINC02851",FALSE
"LINC02853",FALSE
"LINC02854",FALSE
"LINC02855",FALSE
"LINC02857",FALSE
"LINC02860",FALSE
"LINC02862",FALSE
"LINC02863",FALSE
"LINC02864",FALSE
"LINC02868",FALSE
"LINC02869",FALSE
"LINC02870",FALSE
"LINC02872",FALSE
"LINC02873",FALSE
"LINC02875",FALSE
"LINC02877",FALSE
"LINC02880",FALSE
"LINC02882",FALSE
"LINC02884",FALSE
"LINC02889",TRUE
"LINC02891",FALSE
"LINC02893",FALSE
"LINC02897",TRUE
"LINC02898",FALSE
"LINC02899",TRUE
"LINC02900",FALSE
"LINC02901",TRUE
"LINC02902",FALSE
"LINC02903",FALSE
"LINC02906",FALSE
"LINC02907",FALSE
"LINC02908",FALSE
"LINC02909",FALSE
"LINC02912",FALSE
"LINC02914",FALSE
"LINC02915",FALSE
"LINC02920",FALSE
"LINC02925",TRUE
"LINC02927",FALSE
"LINC02930",FALSE
"LINC02931",FALSE
"LINC02932",FALSE
"LINC02936",TRUE
"LINC02941",FALSE
"LINC02944",FALSE
"LINC02945",FALSE
"LINC02947",FALSE
"LINC02949",FALSE
"LINC02950",FALSE
"LINC02951",FALSE
"LINC02953",FALSE
"LINC02954",FALSE
"LINC02955",FALSE
"LINC02957",FALSE
"LINC02958",FALSE
"LINC02961",FALSE
"LINC02963",TRUE
"LINC02965",FALSE
"LINC02971",FALSE
"LINC02980",TRUE
"LINC02981",TRUE
"LINC02982",TRUE
"LINC02983",TRUE
"LINC02984",TRUE
"LINC02985",TRUE
"LINC02987",TRUE
"LINC02991",FALSE
"LINC02995",TRUE
"LINC02997",FALSE
"LINC03002",FALSE
"LINC03007",FALSE
"LINC03008",FALSE
"LINC03011",TRUE
"LINC03012",FALSE
"LINC03013",FALSE
"LINC03014",TRUE
"LINC03015",TRUE
"LINC03016",FALSE
"LINC03017",FALSE
"LINC03018",FALSE
"LINC03019",FALSE
"LINC03020",FALSE
"LINC03021",FALSE
"LINC03022",TRUE
"LINC03023",FALSE
"LINC03025",FALSE
"LINC03033",TRUE
"LINC03034",FALSE
"LINC03036",FALSE
"LINC03040",TRUE
"LINC03041",FALSE
"LINC03042",FALSE
"LINC03043",FALSE
"LINC03046",FALSE
"LINC03048",FALSE
"LINC03050",FALSE
"LINC03051",FALSE
"LINC03052",TRUE
"LINC03053",FALSE
"LINC03057",FALSE
"LINC03062",TRUE
"LINC03063",FALSE
"LINC03064",FALSE
"LINC03065",FALSE
"LINC03066",FALSE
"LINC03070",FALSE
"LINC03078",FALSE
"LINC03082",FALSE
"LINC03084",FALSE
"LINC03093",FALSE
"LINC03095",FALSE
"LINC03098",FALSE
"LINC03099",FALSE
"LINC03102",FALSE
"LINC03103",FALSE
"LINC03106",FALSE
"LINC03110",FALSE
"LINC03111",FALSE
"LINC03121",FALSE
"LINC03122",FALSE
"LINC03123",FALSE
"LINC03125",FALSE
"LINC03126",TRUE
"LINC03129",FALSE
"LINC03133",FALSE
"LINC03135",FALSE
"LINC03139",FALSE
"LINC03140",FALSE
"LINC03143",TRUE
"LINC03146",FALSE
"LINC03152",FALSE
"LINC03189",FALSE
"LINC03199",FALSE
"LINC03209",FALSE
"LINC03210",FALSE
"LINC03218",FALSE
"LINC03223",FALSE
"LINC03224",FALSE
"LINGO1",TRUE
"LINGO1-AS1",FALSE
"LINGO1-AS2",FALSE
"LINGO2",FALSE
"LINGO3",FALSE
"LINGO4",TRUE
"LINS1",TRUE
"LIPA",TRUE
"LIPC",TRUE
"LIPC-AS1",FALSE
"LIPE",TRUE
"LIPF",FALSE
"LIPG",TRUE
"LIPH",TRUE
"LIPI",FALSE
"LIPJ",FALSE
"LIPK",FALSE
"LIPM",TRUE
"LIPN",FALSE
"LIPT1",TRUE
"LIPT2",TRUE
"LIPT2-AS1",TRUE
"LITAF",TRUE
"LITATS1",TRUE
"LIX1",FALSE
"LIX1L",TRUE
"LIX1L-AS1",TRUE
"LKAAEAR1",FALSE
"LL0XNC01-250H12.3",FALSE
"LL22NC01-81G9.3",FALSE
"LL22NC03-13G6.2",FALSE
"LLGL1",TRUE
"LLGL2",TRUE
"LLPH",TRUE
"LLPH-DT",TRUE
"LLPHP1",FALSE
"LMAN1",TRUE
"LMAN1L",FALSE
"LMAN2",TRUE
"LMAN2L",TRUE
"LMBR1",TRUE
"LMBR1L",TRUE
"LMBRD1",TRUE
"LMBRD2",TRUE
"LMCD1",TRUE
"LMF1",TRUE
"LMF1-AS1",FALSE
"LMF2",TRUE
"LMLN",TRUE
"LMNA",TRUE
"LMNB1",TRUE
"LMNB1-DT",FALSE
"LMNB2",TRUE
"LMNTD1",FALSE
"LMNTD2",TRUE
"LMNTD2-AS1",TRUE
"LMO1",TRUE
"LMO2",TRUE
"LMO3",TRUE
"LMO4",TRUE
"LMO7",TRUE
"LMO7-AS1",TRUE
"LMOD1",TRUE
"LMOD2",FALSE
"LMOD3",FALSE
"LMTK2",TRUE
"LMTK3",TRUE
"LMX1A",FALSE
"LMX1B",TRUE
"LMX1B-DT",FALSE
"LNC-LBCS",TRUE
"LNC-RHL1",FALSE
"LNCARSR",FALSE
"LNCATV",FALSE
"LNCBRM",FALSE
"LNCEGFL7OS",FALSE
"LNCHR1",FALSE
"LNCMB1",TRUE
"LNCMB2",TRUE
"LNCOC1",TRUE
"LNCOG",FALSE
"LNCPOIR",FALSE
"LNCPRESS1",FALSE
"LNCROPM",FALSE
"LNCSRLR",TRUE
"LNCTAM34A",TRUE
"LNP1",TRUE
"LNPEP",TRUE
"LNPK",TRUE
"LNX1",TRUE
"LNX1-AS1",FALSE
"LNX1-AS2",FALSE
"LNX2",TRUE
"LOC100127917",FALSE
"LOC100128052",FALSE
"LOC100128059",FALSE
"LOC100128079",FALSE
"LOC100128093",TRUE
"LOC100128210",FALSE
"LOC100128293",FALSE
"LOC100128334",FALSE
"LOC100128362",FALSE
"LOC100128373",FALSE
"LOC100128548",FALSE
"LOC100128601",FALSE
"LOC100128610",FALSE
"LOC100128655",FALSE
"LOC100128674",FALSE
"LOC100128770",TRUE
"LOC100128833",FALSE
"LOC100128906",FALSE
"LOC100128939",FALSE
"LOC100128993",FALSE
"LOC100129078",FALSE
"LOC100129135",FALSE
"LOC100129144",FALSE
"LOC100129215",TRUE
"LOC100129276",FALSE
"LOC100129344",FALSE
"LOC100129367",FALSE
"LOC100129404",FALSE
"LOC100129422",FALSE
"LOC100129434",TRUE
"LOC100129456",FALSE
"LOC100129527",FALSE
"LOC100129540",FALSE
"LOC100129554",FALSE
"LOC100129573",FALSE
"LOC100129589",FALSE
"LOC100129607",FALSE
"LOC100129616",FALSE
"LOC100129734",FALSE
"LOC100129774",FALSE
"LOC100129844",FALSE
"LOC100129847",FALSE
"LOC100129923",FALSE
"LOC100129947",FALSE
"LOC100129949",FALSE
"LOC100130018",FALSE
"LOC100130121",FALSE
"LOC100130137",FALSE
"LOC100130177",FALSE
"LOC100130268",FALSE
"LOC100130331",FALSE
"LOC100130357",TRUE
"LOC100130548",TRUE
"LOC100130587",FALSE
"LOC100130602",FALSE
"LOC100130612",FALSE
"LOC100130620",FALSE
"LOC100130691",TRUE
"LOC100130714",FALSE
"LOC100130731",FALSE
"LOC100130748",FALSE
"LOC100130801",FALSE
"LOC100130861",FALSE
"LOC100130881",FALSE
"LOC100131011",FALSE
"LOC100131038",FALSE
"LOC100131041",FALSE
"LOC100131080",FALSE
"LOC100131348",FALSE
"LOC100131425",FALSE
"LOC100131441",FALSE
"LOC100131465",TRUE
"LOC100131496",FALSE
"LOC100131553",FALSE
"LOC100131557",FALSE
"LOC100131736",FALSE
"LOC100131785",FALSE
"LOC100131939",FALSE
"LOC100132078",FALSE
"LOC100132172",FALSE
"LOC100132280",FALSE
"LOC100132524",FALSE
"LOC100132599",FALSE
"LOC100132647",FALSE
"LOC100132659",FALSE
"LOC100132669",FALSE
"LOC100132686",FALSE
"LOC100132834",FALSE
"LOC100132857",FALSE
"LOC100132977",FALSE
"LOC100133029",FALSE
"LOC100133102",FALSE
"LOC100133127",FALSE
"LOC100133137",FALSE
"LOC100133225",FALSE
"LOC100133252",FALSE
"LOC100133316",FALSE
"LOC100271832",FALSE
"LOC100286946",FALSE
"LOC100286962",FALSE
"LOC100286997",FALSE
"LOC100287014",FALSE
"LOC100287036",FALSE
"LOC100287148",FALSE
"LOC100287243",FALSE
"LOC100287290",TRUE
"LOC100287355",FALSE
"LOC100287357",FALSE
"LOC100287430",FALSE
"LOC100287498",FALSE
"LOC100287539",FALSE
"LOC100287704",FALSE
"LOC100287792",FALSE
"LOC100287808",TRUE
"LOC100287834",FALSE
"LOC100287840",FALSE
"LOC100287856",FALSE
"LOC100288001",FALSE
"LOC100288073",TRUE
"LOC100288097",FALSE
"LOC100288123",TRUE
"LOC100288146",FALSE
"LOC100288172",FALSE
"LOC100288208",FALSE
"LOC100288233",FALSE
"LOC100288241",FALSE
"LOC100288416",FALSE
"LOC100288484",FALSE
"LOC100288510",FALSE
"LOC100288590",FALSE
"LOC100288637",TRUE
"LOC100288683",FALSE
"LOC100288763",FALSE
"LOC100288803",FALSE
"LOC100288853",FALSE
"LOC100288966",FALSE
"LOC100289037",FALSE
"LOC100289091",FALSE
"LOC100289230",TRUE
"LOC100289416",FALSE
"LOC100289470",FALSE
"LOC100289479",FALSE
"LOC100289518",TRUE
"LOC100289568",FALSE
"LOC100294713",FALSE
"LOC100310782",FALSE
"LOC100418723",TRUE
"LOC100418768",FALSE
"LOC100418874",FALSE
"LOC100418885",FALSE
"LOC100418888",FALSE
"LOC100418959",FALSE
"LOC100418961",FALSE
"LOC100418965",FALSE
"LOC100419016",FALSE
"LOC100419045",FALSE
"LOC100419046",FALSE
"LOC100419058",FALSE
"LOC100419073",FALSE
"LOC100419092",FALSE
"LOC100419154",FALSE
"LOC100419293",FALSE
"LOC100419318",FALSE
"LOC100419319",FALSE
"LOC100419356",FALSE
"LOC100419366",FALSE
"LOC100419436",TRUE
"LOC100419447",FALSE
"LOC100419458",FALSE
"LOC100419503",FALSE
"LOC100419506",FALSE
"LOC100419512",FALSE
"LOC100419513",FALSE
"LOC100419515",TRUE
"LOC100419553",FALSE
"LOC100419562",FALSE
"LOC100419572",FALSE
"LOC100419574",FALSE
"LOC100419615",FALSE
"LOC100419616",FALSE
"LOC100419624",FALSE
"LOC100419639",FALSE
"LOC100419641",FALSE
"LOC100419642",FALSE
"LOC100419644",FALSE
"LOC100419654",FALSE
"LOC100419668",FALSE
"LOC100419679",FALSE
"LOC100419684",FALSE
"LOC100419685",FALSE
"LOC100419691",FALSE
"LOC100419692",FALSE
"LOC100419693",FALSE
"LOC100419700",FALSE
"LOC100419701",FALSE
"LOC100419704",FALSE
"LOC100419712",FALSE
"LOC100419713",FALSE
"LOC100419716",FALSE
"LOC100419739",FALSE
"LOC100419741",FALSE
"LOC100419755",FALSE
"LOC100419761",FALSE
"LOC100419762",FALSE
"LOC100419774",FALSE
"LOC100419775",FALSE
"LOC100419783",FALSE
"LOC100419784",FALSE
"LOC100419786",FALSE
"LOC100419791",FALSE
"LOC100419806",FALSE
"LOC100419812",FALSE
"LOC100419830",FALSE
"LOC100419839",FALSE
"LOC100419847",FALSE
"LOC100419851",FALSE
"LOC100419859",FALSE
"LOC100419861",FALSE
"LOC100419891",FALSE
"LOC100419894",FALSE
"LOC100419912",FALSE
"LOC100419913",FALSE
"LOC100419928",FALSE
"LOC100419932",FALSE
"LOC100419960",FALSE
"LOC100419977",FALSE
"LOC100420008",FALSE
"LOC100420011",FALSE
"LOC100420019",FALSE
"LOC100420020",FALSE
"LOC100420027",FALSE
"LOC100420052",FALSE
"LOC100420053",FALSE
"LOC100420057",FALSE
"LOC100420066",FALSE
"LOC100420083",FALSE
"LOC100420084",FALSE
"LOC100420089",FALSE
"LOC100420096",FALSE
"LOC100420114",FALSE
"LOC100420116",FALSE
"LOC100420119",FALSE
"LOC100420122",FALSE
"LOC100420127",FALSE
"LOC100420186",FALSE
"LOC100420187",FALSE
"LOC100420205",FALSE
"LOC100420211",FALSE
"LOC100420214",FALSE
"LOC100420226",FALSE
"LOC100420228",FALSE
"LOC100420247",FALSE
"LOC100420250",FALSE
"LOC100420254",FALSE
"LOC100420298",FALSE
"LOC100420320",FALSE
"LOC100420321",FALSE
"LOC100420323",FALSE
"LOC100420324",FALSE
"LOC100420325",FALSE
"LOC100420336",FALSE
"LOC100420347",FALSE
"LOC100420385",FALSE
"LOC100420386",FALSE
"LOC100420403",FALSE
"LOC100420423",FALSE
"LOC100420424",FALSE
"LOC100420430",FALSE
"LOC100420466",FALSE
"LOC100420514",FALSE
"LOC100420531",FALSE
"LOC100420532",FALSE
"LOC100420534",FALSE
"LOC100420540",FALSE
"LOC100420541",FALSE
"LOC100420545",FALSE
"LOC100420569",FALSE
"LOC100420572",FALSE
"LOC100420576",FALSE
"LOC100420580",FALSE
"LOC100420583",FALSE
"LOC100420642",FALSE
"LOC100420647",FALSE
"LOC100420658",FALSE
"LOC100420680",FALSE
"LOC100420683",FALSE
"LOC100420707",FALSE
"LOC100420742",FALSE
"LOC100420746",FALSE
"LOC100420765",FALSE
"LOC100420775",FALSE
"LOC100420790",FALSE
"LOC100420800",FALSE
"LOC100420801",FALSE
"LOC100420802",FALSE
"LOC100420803",FALSE
"LOC100420839",FALSE
"LOC100420845",FALSE
"LOC100420864",FALSE
"LOC100420872",FALSE
"LOC100420879",FALSE
"LOC100420880",FALSE
"LOC100420899",FALSE
"LOC100420930",FALSE
"LOC100420944",FALSE
"LOC100420966",TRUE
"LOC100420981",TRUE
"LOC100420983",FALSE
"LOC100420990",FALSE
"LOC100421009",FALSE
"LOC100421023",FALSE
"LOC100421028",FALSE
"LOC100421074",FALSE
"LOC100421087",FALSE
"LOC100421093",FALSE
"LOC100421094",FALSE
"LOC100421100",FALSE
"LOC100421116",FALSE
"LOC100421122",FALSE
"LOC100421126",FALSE
"LOC100421141",FALSE
"LOC100421142",FALSE
"LOC100421158",FALSE
"LOC100421160",FALSE
"LOC100421165",FALSE
"LOC100421173",FALSE
"LOC100421201",FALSE
"LOC100421202",FALSE
"LOC100421246",FALSE
"LOC100421257",FALSE
"LOC100421259",FALSE
"LOC100421273",FALSE
"LOC100421294",FALSE
"LOC100421308",FALSE
"LOC100421330",FALSE
"LOC100421336",FALSE
"LOC100421343",FALSE
"LOC100421347",FALSE
"LOC100421364",FALSE
"LOC100421385",FALSE
"LOC100421386",FALSE
"LOC100421387",FALSE
"LOC100421400",FALSE
"LOC100421402",TRUE
"LOC100421465",FALSE
"LOC100421468",FALSE
"LOC100421513",FALSE
"LOC100421527",FALSE
"LOC100421548",FALSE
"LOC100421558",FALSE
"LOC100421603",FALSE
"LOC100421611",FALSE
"LOC100421620",FALSE
"LOC100421622",FALSE
"LOC100421646",FALSE
"LOC100421651",FALSE
"LOC100421658",FALSE
"LOC100421667",FALSE
"LOC100421673",FALSE
"LOC100421674",FALSE
"LOC100421684",FALSE
"LOC100421692",FALSE
"LOC100421751",FALSE
"LOC100421775",TRUE
"LOC100421782",FALSE
"LOC100421787",FALSE
"LOC100421808",FALSE
"LOC100421842",FALSE
"LOC100421868",TRUE
"LOC100421870",FALSE
"LOC100421901",FALSE
"LOC100421910",FALSE
"LOC100421985",FALSE
"LOC100422013",FALSE
"LOC100422020",FALSE
"LOC100422022",FALSE
"LOC100422024",FALSE
"LOC100422053",FALSE
"LOC100422106",FALSE
"LOC100422188",FALSE
"LOC100422189",FALSE
"LOC100422190",FALSE
"LOC100422204",TRUE
"LOC100422225",FALSE
"LOC100422263",FALSE
"LOC100422267",FALSE
"LOC100422274",FALSE
"LOC100422287",FALSE
"LOC100422300",FALSE
"LOC100422317",FALSE
"LOC100422319",FALSE
"LOC100422325",FALSE
"LOC100422334",FALSE
"LOC100422376",FALSE
"LOC100422382",FALSE
"LOC100422398",FALSE
"LOC100422399",FALSE
"LOC100422418",FALSE
"LOC100422441",FALSE
"LOC100422453",FALSE
"LOC100422491",FALSE
"LOC100422492",FALSE
"LOC100422493",FALSE
"LOC100422497",FALSE
"LOC100422513",FALSE
"LOC100422519",FALSE
"LOC100422526",TRUE
"LOC100422528",FALSE
"LOC100422529",FALSE
"LOC100422548",FALSE
"LOC100422549",FALSE
"LOC100422564",FALSE
"LOC100422587",FALSE
"LOC100422614",FALSE
"LOC100422622",FALSE
"LOC100422627",FALSE
"LOC100422633",FALSE
"LOC100422637",FALSE
"LOC100422638",FALSE
"LOC100422639",FALSE
"LOC100422640",FALSE
"LOC100422641",FALSE
"LOC100422671",FALSE
"LOC100422685",FALSE
"LOC100422687",FALSE
"LOC100499471",FALSE
"LOC100500719",FALSE
"LOC100505782",FALSE
"LOC100505915",FALSE
"LOC100505942",FALSE
"LOC100505985",FALSE
"LOC100506076",TRUE
"LOC100506103",FALSE
"LOC100506224",FALSE
"LOC100506235",TRUE
"LOC100506271",FALSE
"LOC100506274",FALSE
"LOC100506405",FALSE
"LOC100506444",FALSE
"LOC100506474",FALSE
"LOC100506551",TRUE
"LOC100506869",FALSE
"LOC100506911",FALSE
"LOC100506929",FALSE
"LOC100506937",FALSE
"LOC100507053",TRUE
"LOC100507250",FALSE
"LOC100507336",FALSE
"LOC100507384",FALSE
"LOC100507562",FALSE
"LOC100508046",FALSE
"LOC100533622",FALSE
"LOC100533628",FALSE
"LOC100533629",FALSE
"LOC100533631",FALSE
"LOC100533634",FALSE
"LOC100533643",FALSE
"LOC100533653",FALSE
"LOC100533667",FALSE
"LOC100533669",FALSE
"LOC100533670",FALSE
"LOC100533677",FALSE
"LOC100533679",FALSE
"LOC100533706",FALSE
"LOC100533708",FALSE
"LOC100533723",FALSE
"LOC100533727",FALSE
"LOC100533728",FALSE
"LOC100533729",FALSE
"LOC100533736",FALSE
"LOC100533787",FALSE
"LOC100533848",FALSE
"LOC100533852",TRUE
"LOC100533997",FALSE
"LOC100631242",FALSE
"LOC100631243",FALSE
"LOC100631258",FALSE
"LOC100652758",TRUE
"LOC100652833",FALSE
"LOC100652871",FALSE
"LOC100652960",FALSE
"LOC100652967",FALSE
"LOC100859919",FALSE
"LOC100887072",FALSE
"LOC100967223",FALSE
"LOC100996361",FALSE
"LOC100996384",FALSE
"LOC100996437",TRUE
"LOC100996660",TRUE
"LOC100996696",FALSE
"LOC101059974",FALSE
"LOC101060000",FALSE
"LOC101060021",FALSE
"LOC101060035",FALSE
"LOC101060042",FALSE
"LOC101060067",FALSE
"LOC101060119",FALSE
"LOC101060164",FALSE
"LOC101060199",FALSE
"LOC101926907",TRUE
"LOC101926908",FALSE
"LOC101926948",FALSE
"LOC101926956",FALSE
"LOC101926964",FALSE
"LOC101927018",FALSE
"LOC101927020",FALSE
"LOC101927040",FALSE
"LOC101927082",TRUE
"LOC101927089",FALSE
"LOC101927093",FALSE
"LOC101927098",FALSE
"LOC101927131",FALSE
"LOC101927141",FALSE
"LOC101927143",FALSE
"LOC101927159",FALSE
"LOC101927164",FALSE
"LOC101927188",FALSE
"LOC101927237",FALSE
"LOC101927253",FALSE
"LOC101927259",FALSE
"LOC101927269",FALSE
"LOC101927293",FALSE
"LOC101927344",TRUE
"LOC101927358",FALSE
"LOC101927375",FALSE
"LOC101927377",TRUE
"LOC101927410",FALSE
"LOC101927413",FALSE
"LOC101927414",FALSE
"LOC101927434",FALSE
"LOC101927450",FALSE
"LOC101927468",FALSE
"LOC101927495",FALSE
"LOC101927511",FALSE
"LOC101927513",FALSE
"LOC101927551",FALSE
"LOC101927557",FALSE
"LOC101927572",FALSE
"LOC101927575",FALSE
"LOC101927588",FALSE
"LOC101927605",FALSE
"LOC101927608",FALSE
"LOC101927609",FALSE
"LOC101927657",FALSE
"LOC101927661",TRUE
"LOC101927687",FALSE
"LOC101927690",FALSE
"LOC101927692",FALSE
"LOC101927702",FALSE
"LOC101927708",TRUE
"LOC101927727",FALSE
"LOC101927769",FALSE
"LOC101927788",FALSE
"LOC101927793",FALSE
"LOC101927798",FALSE
"LOC101927822",FALSE
"LOC101927825",FALSE
"LOC101927827",FALSE
"LOC101927839",FALSE
"LOC101927845",FALSE
"LOC101927847",FALSE
"LOC101927863",TRUE
"LOC101927888",FALSE
"LOC101927896",FALSE
"LOC101927908",FALSE
"LOC101927914",FALSE
"LOC101927948",FALSE
"LOC101927950",FALSE
"LOC101927993",FALSE
"LOC101928002",TRUE
"LOC101928008",FALSE
"LOC101928009",FALSE
"LOC101928014",FALSE
"LOC101928016",FALSE
"LOC101928053",TRUE
"LOC101928087",FALSE
"LOC101928093",FALSE
"LOC101928107",FALSE
"LOC101928188",FALSE
"LOC101928196",FALSE
"LOC101928201",FALSE
"LOC101928230",FALSE
"LOC101928253",FALSE
"LOC101928254",FALSE
"LOC101928266",FALSE
"LOC101928295",TRUE
"LOC101928335",FALSE
"LOC101928372",FALSE
"LOC101928380",FALSE
"LOC101928389",FALSE
"LOC101928392",FALSE
"LOC101928401",FALSE
"LOC101928416",FALSE
"LOC101928417",FALSE
"LOC101928446",FALSE
"LOC101928450",TRUE
"LOC101928475",FALSE
"LOC101928495",FALSE
"LOC101928499",TRUE
"LOC101928516",FALSE
"LOC101928525",TRUE
"LOC101928532",FALSE
"LOC101928557",FALSE
"LOC101928565",FALSE
"LOC101928596",FALSE
"LOC101928618",FALSE
"LOC101928622",FALSE
"LOC101928627",FALSE
"LOC101928628",FALSE
"LOC101928682",FALSE
"LOC101928708",FALSE
"LOC101928733",FALSE
"LOC101928748",FALSE
"LOC101928782",FALSE
"LOC101928796",FALSE
"LOC101928797",FALSE
"LOC101928819",FALSE
"LOC101928844",FALSE
"LOC101928850",FALSE
"LOC101928855",FALSE
"LOC101928881",TRUE
"LOC101928893",TRUE
"LOC101928894",FALSE
"LOC101928924",FALSE
"LOC101928937",FALSE
"LOC101928940",FALSE
"LOC101928952",FALSE
"LOC101928965",TRUE
"LOC101928988",FALSE
"LOC101928994",TRUE
"LOC101929021",FALSE
"LOC101929050",FALSE
"LOC101929053",FALSE
"LOC101929073",FALSE
"LOC101929104",FALSE
"LOC101929106",FALSE
"LOC101929124",TRUE
"LOC101929141",FALSE
"LOC101929178",FALSE
"LOC101929227",FALSE
"LOC101929268",FALSE
"LOC101929269",FALSE
"LOC101929270",TRUE
"LOC101929297",FALSE
"LOC101929305",FALSE
"LOC101929308",FALSE
"LOC101929372",FALSE
"LOC101929408",FALSE
"LOC101929413",FALSE
"LOC101929439",FALSE
"LOC101929457",FALSE
"LOC101929460",FALSE
"LOC101929470",FALSE
"LOC101929473",FALSE
"LOC101929488",FALSE
"LOC101929494",FALSE
"LOC101929532",FALSE
"LOC101929536",FALSE
"LOC101929538",FALSE
"LOC101929566",FALSE
"LOC101929572",FALSE
"LOC101929577",FALSE
"LOC101929609",TRUE
"LOC101929657",FALSE
"LOC101929662",FALSE
"LOC101929692",FALSE
"LOC101929698",FALSE
"LOC101929718",FALSE
"LOC101929756",FALSE
"LOC101929998",FALSE
"LOC101930028",FALSE
"LOC101930041",FALSE
"LOC102467226",FALSE
"LOC102546299",FALSE
"LOC102606466",FALSE
"LOC102723305",FALSE
"LOC102723323",FALSE
"LOC102723324",FALSE
"LOC102723335",FALSE
"LOC102723341",FALSE
"LOC102723360",FALSE
"LOC102723364",FALSE
"LOC102723380",FALSE
"LOC102723407",FALSE
"LOC102723413",FALSE
"LOC102723451",FALSE
"LOC102723475",FALSE
"LOC102723502",FALSE
"LOC102723532",FALSE
"LOC102723536",FALSE
"LOC102723544",FALSE
"LOC102723553",FALSE
"LOC102723566",TRUE
"LOC102723604",FALSE
"LOC102723655",FALSE
"LOC102723670",FALSE
"LOC102723690",FALSE
"LOC102723692",FALSE
"LOC102723701",TRUE
"LOC102723708",FALSE
"LOC102723713",FALSE
"LOC102723786",FALSE
"LOC102723831",FALSE
"LOC102723834",TRUE
"LOC102723838",FALSE
"LOC102723878",FALSE
"LOC102723896",FALSE
"LOC102723944",FALSE
"LOC102723971",FALSE
"LOC102723996",TRUE
"LOC102724019",FALSE
"LOC102724023",TRUE
"LOC102724030",FALSE
"LOC102724087",FALSE
"LOC102724135",FALSE
"LOC102724159",TRUE
"LOC102724178",FALSE
"LOC102724200",TRUE
"LOC102724220",FALSE
"LOC102724323",FALSE
"LOC102724334",FALSE
"LOC102724354",FALSE
"LOC102724357",FALSE
"LOC102724428",TRUE
"LOC102724434",FALSE
"LOC102724446",FALSE
"LOC102724452",FALSE
"LOC102724479",FALSE
"LOC102724511",FALSE
"LOC102724551",FALSE
"LOC102724560",TRUE
"LOC102724587",FALSE
"LOC102724594",TRUE
"LOC102724624",FALSE
"LOC102724637",FALSE
"LOC102724642",TRUE
"LOC102724652",FALSE
"LOC102724684",FALSE
"LOC102724700",FALSE
"LOC102724710",FALSE
"LOC102724719",FALSE
"LOC102724737",FALSE
"LOC102724768",FALSE
"LOC102724849",FALSE
"LOC102724877",FALSE
"LOC102724929",FALSE
"LOC102725532",FALSE
"LOC103344931",TRUE
"LOC104613533",FALSE
"LOC105274304",FALSE
"LOC105369147",TRUE
"LOC105369165",TRUE
"LOC105369167",FALSE
"LOC105369187",FALSE
"LOC105369306",TRUE
"LOC105369308",FALSE
"LOC105369329",FALSE
"LOC105369515",FALSE
"LOC105369558",FALSE
"LOC105369595",FALSE
"LOC105369728",FALSE
"LOC105369736",FALSE
"LOC105369784",FALSE
"LOC105369885",FALSE
"LOC105369908",FALSE
"LOC105369911",FALSE
"LOC105369995",FALSE
"LOC105370024",FALSE
"LOC105370047",FALSE
"LOC105370061",FALSE
"LOC105370103",FALSE
"LOC105370109",FALSE
"LOC105370169",FALSE
"LOC105370185",FALSE
"LOC105370349",FALSE
"LOC105370409",FALSE
"LOC105370455",FALSE
"LOC105370460",FALSE
"LOC105370473",FALSE
"LOC105370489",FALSE
"LOC105370532",TRUE
"LOC105370586",FALSE
"LOC105370600",FALSE
"LOC105370635",FALSE
"LOC105370645",FALSE
"LOC105370654",FALSE
"LOC105370670",FALSE
"LOC105370764",FALSE
"LOC105370769",FALSE
"LOC105370777",TRUE
"LOC105370781",FALSE
"LOC105370787",FALSE
"LOC105370791",FALSE
"LOC105370792",TRUE
"LOC105370802",FALSE
"LOC105370804",FALSE
"LOC105370829",FALSE
"LOC105370887",TRUE
"LOC105370906",FALSE
"LOC105370921",FALSE
"LOC105370941",FALSE
"LOC105370947",FALSE
"LOC105370954",FALSE
"LOC105370969",FALSE
"LOC105370993",FALSE
"LOC105370997",FALSE
"LOC105371006",FALSE
"LOC105371009",FALSE
"LOC105371022",FALSE
"LOC105371046",TRUE
"LOC105371062",FALSE
"LOC105371079",FALSE
"LOC105371083",FALSE
"LOC105371090",FALSE
"LOC105371129",FALSE
"LOC105371143",FALSE
"LOC105371200",FALSE
"LOC105371240",FALSE
"LOC105371254",FALSE
"LOC105371279",TRUE
"LOC105371296",FALSE
"LOC105371335",FALSE
"LOC105371401",FALSE
"LOC105371430",FALSE
"LOC105371508",FALSE
"LOC105371574",FALSE
"LOC105371580",FALSE
"LOC105371597",FALSE
"LOC105371712",TRUE
"LOC105371734",FALSE
"LOC105371735",FALSE
"LOC105371757",FALSE
"LOC105371762",FALSE
"LOC105371773",FALSE
"LOC105371789",FALSE
"LOC105371824",FALSE
"LOC105371856",FALSE
"LOC105371887",TRUE
"LOC105371899",FALSE
"LOC105371956",FALSE
"LOC105371993",FALSE
"LOC105372035",FALSE
"LOC105372040",FALSE
"LOC105372041",FALSE
"LOC105372058",FALSE
"LOC105372061",FALSE
"LOC105372066",FALSE
"LOC105372068",FALSE
"LOC105372069",FALSE
"LOC105372107",FALSE
"LOC105372126",FALSE
"LOC105372132",FALSE
"LOC105372143",FALSE
"LOC105372146",FALSE
"LOC105372155",FALSE
"LOC105372173",FALSE
"LOC105372187",FALSE
"LOC105372209",FALSE
"LOC105372244",FALSE
"LOC105372253",FALSE
"LOC105372266",FALSE
"LOC105372295",TRUE
"LOC105372316",TRUE
"LOC105372321",TRUE
"LOC105372348",FALSE
"LOC105372424",FALSE
"LOC105372430",FALSE
"LOC105372435",FALSE
"LOC105372441",FALSE
"LOC105372480",TRUE
"LOC105372524",FALSE
"LOC105372558",FALSE
"LOC105372703",FALSE
"LOC105372705",TRUE
"LOC105372710",FALSE
"LOC105372725",FALSE
"LOC105372738",TRUE
"LOC105372747",FALSE
"LOC105372753",FALSE
"LOC105372791",FALSE
"LOC105372832",FALSE
"LOC105372969",FALSE
"LOC105372971",FALSE
"LOC105372988",FALSE
"LOC105372990",FALSE
"LOC105373100",FALSE
"LOC105373175",FALSE
"LOC105373220",FALSE
"LOC105373223",FALSE
"LOC105373277",FALSE
"LOC105373314",FALSE
"LOC105373343",FALSE
"LOC105373346",FALSE
"LOC105373352",FALSE
"LOC105373373",FALSE
"LOC105373390",FALSE
"LOC105373411",FALSE
"LOC105373418",FALSE
"LOC105373440",FALSE
"LOC105373496",FALSE
"LOC105373525",FALSE
"LOC105373559",FALSE
"LOC105373643",FALSE
"LOC105373696",FALSE
"LOC105373757",FALSE
"LOC105373845",FALSE
"LOC105373876",FALSE
"LOC105373888",FALSE
"LOC105373953",FALSE
"LOC105373974",FALSE
"LOC105374041",FALSE
"LOC105374042",FALSE
"LOC105374088",FALSE
"LOC105374114",FALSE
"LOC105374171",FALSE
"LOC105374235",FALSE
"LOC105374308",FALSE
"LOC105374328",FALSE
"LOC105374409",FALSE
"LOC105374428",FALSE
"LOC105374461",FALSE
"LOC105374516",FALSE
"LOC105374524",FALSE
"LOC105374593",FALSE
"LOC105374629",FALSE
"LOC105374642",FALSE
"LOC105374645",FALSE
"LOC105374647",FALSE
"LOC105374655",FALSE
"LOC105374768",FALSE
"LOC105374769",FALSE
"LOC105374780",FALSE
"LOC105374796",FALSE
"LOC105374901",FALSE
"LOC105374910",FALSE
"LOC105374943",FALSE
"LOC105374971",TRUE
"LOC105374974",FALSE
"LOC105374989",FALSE
"LOC105375050",TRUE
"LOC105375115",FALSE
"LOC105375148",FALSE
"LOC105375166",FALSE
"LOC105375168",FALSE
"LOC105375224",FALSE
"LOC105375233",FALSE
"LOC105375268",FALSE
"LOC105375297",FALSE
"LOC105375303",FALSE
"LOC105375341",FALSE
"LOC105375342",FALSE
"LOC105375344",FALSE
"LOC105375358",FALSE
"LOC105375366",FALSE
"LOC105375387",FALSE
"LOC105375448",FALSE
"LOC105375483",FALSE
"LOC105375484",FALSE
"LOC105375523",FALSE
"LOC105375553",FALSE
"LOC105375556",FALSE
"LOC105375589",FALSE
"LOC105375610",FALSE
"LOC105375614",FALSE
"LOC105375623",FALSE
"LOC105375635",FALSE
"LOC105375638",FALSE
"LOC105375671",FALSE
"LOC105375743",FALSE
"LOC105375747",FALSE
"LOC105375750",FALSE
"LOC105375753",FALSE
"LOC105375759",FALSE
"LOC105375781",FALSE
"LOC105375814",FALSE
"LOC105375826",FALSE
"LOC105375844",FALSE
"LOC105375851",FALSE
"LOC105375861",FALSE
"LOC105375875",FALSE
"LOC105375878",FALSE
"LOC105375888",FALSE
"LOC105375903",FALSE
"LOC105375924",FALSE
"LOC105375971",FALSE
"LOC105375972",FALSE
"LOC105375976",FALSE
"LOC105375977",FALSE
"LOC105375992",FALSE
"LOC105376034",FALSE
"LOC105376070",FALSE
"LOC105376174",FALSE
"LOC105376219",FALSE
"LOC105376292",TRUE
"LOC105376314",FALSE
"LOC105376350",FALSE
"LOC105376412",FALSE
"LOC105376429",FALSE
"LOC105376440",FALSE
"LOC105376567",FALSE
"LOC105376588",FALSE
"LOC105376654",FALSE
"LOC105376713",FALSE
"LOC105376805",TRUE
"LOC105376892",FALSE
"LOC105376944",FALSE
"LOC105377043",FALSE
"LOC105377134",FALSE
"LOC105377155",FALSE
"LOC105377198",FALSE
"LOC105377203",TRUE
"LOC105377205",FALSE
"LOC105377253",FALSE
"LOC105377259",FALSE
"LOC105377261",FALSE
"LOC105377329",FALSE
"LOC105377366",FALSE
"LOC105377438",FALSE
"LOC105377480",FALSE
"LOC105377489",FALSE
"LOC105377543",FALSE
"LOC105377603",FALSE
"LOC105377672",FALSE
"LOC105377730",FALSE
"LOC105377797",FALSE
"LOC105377853",FALSE
"LOC105377858",FALSE
"LOC105377862",TRUE
"LOC105377924",FALSE
"LOC105378044",FALSE
"LOC105378066",FALSE
"LOC105378073",FALSE
"LOC105378209",FALSE
"LOC105378242",FALSE
"LOC105378289",FALSE
"LOC105378305",FALSE
"LOC105378311",FALSE
"LOC105378333",FALSE
"LOC105378464",FALSE
"LOC105378482",FALSE
"LOC105378798",FALSE
"LOC105378933",FALSE
"LOC105379030",FALSE
"LOC105379051",FALSE
"LOC105379100",FALSE
"LOC105379109",FALSE
"LOC105379178",FALSE
"LOC105379196",FALSE
"LOC105379224",FALSE
"LOC105379230",FALSE
"LOC105379292",FALSE
"LOC105379301",FALSE
"LOC105379311",FALSE
"LOC105379327",FALSE
"LOC105379340",FALSE
"LOC105379342",FALSE
"LOC105379350",FALSE
"LOC105379388",FALSE
"LOC105379507",TRUE
"LOC105379699",FALSE
"LOC105379829",FALSE
"LOC107983981",FALSE
"LOC107983987",FALSE
"LOC107984010",FALSE
"LOC107984098",FALSE
"LOC107984195",FALSE
"LOC107984322",FALSE
"LOC107984365",FALSE
"LOC107984367",FALSE
"LOC107984377",FALSE
"LOC107984399",FALSE
"LOC107984574",TRUE
"LOC107984588",FALSE
"LOC107984643",FALSE
"LOC107984761",FALSE
"LOC107984784",FALSE
"LOC107984807",FALSE
"LOC107984827",FALSE
"LOC107984918",FALSE
"LOC107984948",TRUE
"LOC107984970",FALSE
"LOC107985020",FALSE
"LOC107985028",FALSE
"LOC107985049",FALSE
"LOC107985101",FALSE
"LOC107985122",FALSE
"LOC107985126",FALSE
"LOC107985213",FALSE
"LOC107985222",FALSE
"LOC107985380",FALSE
"LOC107985432",FALSE
"LOC107985433",TRUE
"LOC107985453",FALSE
"LOC107985532",FALSE
"LOC107985535",FALSE
"LOC107985579",FALSE
"LOC107985640",FALSE
"LOC107985643",FALSE
"LOC107985645",FALSE
"LOC107985659",FALSE
"LOC107985688",FALSE
"LOC107985789",FALSE
"LOC107985792",FALSE
"LOC107985876",FALSE
"LOC107986163",FALSE
"LOC107986178",FALSE
"LOC107986208",FALSE
"LOC107986237",FALSE
"LOC107986277",FALSE
"LOC107986281",FALSE
"LOC107986337",FALSE
"LOC107986375",FALSE
"LOC107986400",FALSE
"LOC107986448",FALSE
"LOC107986453",FALSE
"LOC107986494",FALSE
"LOC107986571",FALSE
"LOC107986749",FALSE
"LOC107986768",FALSE
"LOC107986777",FALSE
"LOC107986822",FALSE
"LOC107986837",FALSE
"LOC107986951",FALSE
"LOC107987014",FALSE
"LOC107987142",FALSE
"LOC107987217",FALSE
"LOC107987232",FALSE
"LOC107987282",FALSE
"LOC107987327",FALSE
"LOC107987328",FALSE
"LOC107987329",FALSE
"LOC107987423",TRUE
"LOC110467520",FALSE
"LOC110467523",FALSE
"LOC112267859",FALSE
"LOC112267897",FALSE
"LOC112267969",FALSE
"LOC112267977",FALSE
"LOC112267992",TRUE
"LOC112268018",FALSE
"LOC112268032",FALSE
"LOC112268136",FALSE
"LOC112268162",FALSE
"LOC112268173",FALSE
"LOC112268176",FALSE
"LOC112268198",TRUE
"LOC112268252",FALSE
"LOC112268270",FALSE
"LOC112268276",FALSE
"LOC112268404",FALSE
"LOC112268408",FALSE
"LOC112268410",FALSE
"LOC112268411",FALSE
"LOC112268431",FALSE
"LOC112268475",FALSE
"LOC115308161",TRUE
"LOC117779438",FALSE
"LOC119746555",TRUE
"LOC121296",FALSE
"LOC121627959",FALSE
"LOC121725015",FALSE
"LOC122526780",TRUE
"LOC122539214",TRUE
"LOC124900174",FALSE
"LOC124900175",FALSE
"LOC124900177",FALSE
"LOC124900178",FALSE
"LOC124900179",FALSE
"LOC124900180",FALSE
"LOC124900181",FALSE
"LOC124900182",FALSE
"LOC124900183",FALSE
"LOC124900184",FALSE
"LOC124900185",FALSE
"LOC124900186",FALSE
"LOC124900187",FALSE
"LOC124900188",FALSE
"LOC124900192",TRUE
"LOC124900193",TRUE
"LOC124900196",FALSE
"LOC124900197",FALSE
"LOC124900198",FALSE
"LOC124900199",FALSE
"LOC124900200",FALSE
"LOC124900201",FALSE
"LOC124900202",FALSE
"LOC124900203",FALSE
"LOC124900204",FALSE
"LOC124900205",FALSE
"LOC124900206",FALSE
"LOC124900207",FALSE
"LOC124900208",FALSE
"LOC124900209",FALSE
"LOC124900210",FALSE
"LOC124900211",FALSE
"LOC124900212",FALSE
"LOC124900217",TRUE
"LOC124900219",FALSE
"LOC124900220",FALSE
"LOC124900221",FALSE
"LOC124900222",FALSE
"LOC124900223",FALSE
"LOC124900224",FALSE
"LOC124900225",FALSE
"LOC124900226",FALSE
"LOC124900227",FALSE
"LOC124900228",FALSE
"LOC124900229",FALSE
"LOC124900230",FALSE
"LOC124900235",FALSE
"LOC124900236",FALSE
"LOC124900237",FALSE
"LOC124900238",FALSE
"LOC124900239",FALSE
"LOC124900240",FALSE
"LOC124900241",FALSE
"LOC124900242",FALSE
"LOC124900243",FALSE
"LOC124900245",FALSE
"LOC124900246",FALSE
"LOC124900247",FALSE
"LOC124900256",FALSE
"LOC124900257",FALSE
"LOC124900259",FALSE
"LOC124900260",FALSE
"LOC124900261",FALSE
"LOC124900262",FALSE
"LOC124900263",FALSE
"LOC124900264",FALSE
"LOC124900265",FALSE
"LOC124900266",FALSE
"LOC124900267",FALSE
"LOC124900268",FALSE
"LOC124900269",FALSE
"LOC124900270",FALSE
"LOC124900271",FALSE
"LOC124900275",TRUE
"LOC124900277",FALSE
"LOC124900278",FALSE
"LOC124900279",FALSE
"LOC124900280",FALSE
"LOC124900281",FALSE
"LOC124900282",FALSE
"LOC124900283",FALSE
"LOC124900284",FALSE
"LOC124900285",FALSE
"LOC124900291",FALSE
"LOC124900293",FALSE
"LOC124900294",FALSE
"LOC124900295",FALSE
"LOC124900296",FALSE
"LOC124900297",FALSE
"LOC124900298",FALSE
"LOC124900299",FALSE
"LOC124900300",FALSE
"LOC124900304",FALSE
"LOC124900305",FALSE
"LOC124900306",FALSE
"LOC124900307",FALSE
"LOC124900309",FALSE
"LOC124900310",FALSE
"LOC124900311",FALSE
"LOC124900312",FALSE
"LOC124900313",FALSE
"LOC124900314",FALSE
"LOC124900315",FALSE
"LOC124900316",FALSE
"LOC124900318",FALSE
"LOC124900319",FALSE
"LOC124900320",FALSE
"LOC124900321",FALSE
"LOC124900322",FALSE
"LOC124900323",FALSE
"LOC124900324",FALSE
"LOC124900325",FALSE
"LOC124900326",FALSE
"LOC124900327",FALSE
"LOC124900328",FALSE
"LOC124900329",FALSE
"LOC124900330",FALSE
"LOC124900332",FALSE
"LOC124900333",FALSE
"LOC124900334",FALSE
"LOC124900339",FALSE
"LOC124900341",FALSE
"LOC124900342",FALSE
"LOC124900343",FALSE
"LOC124900344",FALSE
"LOC124900345",FALSE
"LOC124900346",FALSE
"LOC124900347",FALSE
"LOC124900348",FALSE
"LOC124900349",FALSE
"LOC124900350",FALSE
"LOC124900351",FALSE
"LOC124900352",FALSE
"LOC124900353",FALSE
"LOC124900354",FALSE
"LOC124900360",FALSE
"LOC124900361",FALSE
"LOC124900362",FALSE
"LOC124900363",FALSE
"LOC124900364",FALSE
"LOC124900366",FALSE
"LOC124900367",FALSE
"LOC124900369",FALSE
"LOC124900370",FALSE
"LOC124900371",FALSE
"LOC124900372",TRUE
"LOC124900375",FALSE
"LOC124900376",FALSE
"LOC124900377",FALSE
"LOC124900378",FALSE
"LOC124900379",FALSE
"LOC124900380",FALSE
"LOC124900381",FALSE
"LOC124900382",FALSE
"LOC124900383",FALSE
"LOC124900393",FALSE
"LOC124900394",FALSE
"LOC124900395",FALSE
"LOC124900396",FALSE
"LOC124900397",FALSE
"LOC124900398",FALSE
"LOC124900399",FALSE
"LOC124900400",FALSE
"LOC124900402",FALSE
"LOC124900406",FALSE
"LOC124900407",FALSE
"LOC124900408",FALSE
"LOC124900409",FALSE
"LOC124900410",FALSE
"LOC124900411",FALSE
"LOC124900414",FALSE
"LOC124900419",FALSE
"LOC124900421",FALSE
"LOC124900422",FALSE
"LOC124900423",FALSE
"LOC124900424",FALSE
"LOC124900425",FALSE
"LOC124900426",FALSE
"LOC124900427",FALSE
"LOC124900428",FALSE
"LOC124900429",FALSE
"LOC124900430",FALSE
"LOC124900431",FALSE
"LOC124900432",FALSE
"LOC124900433",FALSE
"LOC124900434",FALSE
"LOC124900435",FALSE
"LOC124900436",FALSE
"LOC124900437",FALSE
"LOC124900438",FALSE
"LOC124900439",FALSE
"LOC124900440",FALSE
"LOC124900441",FALSE
"LOC124900442",FALSE
"LOC124900443",FALSE
"LOC124900444",FALSE
"LOC124900446",FALSE
"LOC124900447",FALSE
"LOC124900448",FALSE
"LOC124900449",FALSE
"LOC124900450",FALSE
"LOC124900452",FALSE
"LOC124900453",FALSE
"LOC124900454",FALSE
"LOC124900455",FALSE
"LOC124900456",FALSE
"LOC124900457",FALSE
"LOC124900460",FALSE
"LOC124900461",FALSE
"LOC124900462",FALSE
"LOC124900463",FALSE
"LOC124900464",FALSE
"LOC124900469",FALSE
"LOC124900470",FALSE
"LOC124900471",FALSE
"LOC124900472",FALSE
"LOC124900473",FALSE
"LOC124900476",TRUE
"LOC124900481",FALSE
"LOC124900488",FALSE
"LOC124900490",FALSE
"LOC124900492",FALSE
"LOC124900493",FALSE
"LOC124900494",FALSE
"LOC124900495",FALSE
"LOC124900496",FALSE
"LOC124900497",FALSE
"LOC124900498",FALSE
"LOC124900500",FALSE
"LOC124900501",FALSE
"LOC124900502",FALSE
"LOC124900503",FALSE
"LOC124900504",FALSE
"LOC124900505",FALSE
"LOC124900508",FALSE
"LOC124900516",FALSE
"LOC124900517",FALSE
"LOC124900518",FALSE
"LOC124900519",FALSE
"LOC124900520",FALSE
"LOC124900521",FALSE
"LOC124900522",FALSE
"LOC124900524",FALSE
"LOC124900525",FALSE
"LOC124900526",FALSE
"LOC124900527",FALSE
"LOC124900528",FALSE
"LOC124900529",FALSE
"LOC124900530",FALSE
"LOC124900531",FALSE
"LOC124900532",FALSE
"LOC124900533",FALSE
"LOC124900534",FALSE
"LOC124900535",FALSE
"LOC124900536",FALSE
"LOC124900537",FALSE
"LOC124900538",FALSE
"LOC124900539",FALSE
"LOC124900540",FALSE
"LOC124900541",FALSE
"LOC124900542",FALSE
"LOC124900551",FALSE
"LOC124900552",FALSE
"LOC124900553",FALSE
"LOC124900554",FALSE
"LOC124900555",FALSE
"LOC124900556",FALSE
"LOC124900557",FALSE
"LOC124900558",FALSE
"LOC124900559",FALSE
"LOC124900560",FALSE
"LOC124900561",FALSE
"LOC124900562",FALSE
"LOC124900563",FALSE
"LOC124900564",FALSE
"LOC124900577",FALSE
"LOC124900589",FALSE
"LOC124900609",FALSE
"LOC124900637",FALSE
"LOC124900638",FALSE
"LOC124900775",FALSE
"LOC124900838",FALSE
"LOC124900890",FALSE
"LOC124900891",FALSE
"LOC124900892",FALSE
"LOC124900893",FALSE
"LOC124900916",FALSE
"LOC124900922",FALSE
"LOC124901020",FALSE
"LOC124901037",FALSE
"LOC124901048",FALSE
"LOC124901051",FALSE
"LOC124901075",FALSE
"LOC124901121",FALSE
"LOC124901122",FALSE
"LOC124901151",TRUE
"LOC124901165",FALSE
"LOC124901168",FALSE
"LOC124901186",FALSE
"LOC124901189",FALSE
"LOC124901194",FALSE
"LOC124901196",FALSE
"LOC124901197",FALSE
"LOC124901220",FALSE
"LOC124901221",FALSE
"LOC124901333",TRUE
"LOC124901355",TRUE
"LOC124901405",FALSE
"LOC124901409",FALSE
"LOC124901449",FALSE
"LOC124901499",FALSE
"LOC124901505",FALSE
"LOC124901506",FALSE
"LOC124901507",FALSE
"LOC124901508",FALSE
"LOC124901509",FALSE
"LOC124901521",FALSE
"LOC124901524",FALSE
"LOC124901525",FALSE
"LOC124901526",FALSE
"LOC124901527",FALSE
"LOC124901528",FALSE
"LOC124901582",FALSE
"LOC124901604",FALSE
"LOC124901612",FALSE
"LOC124901619",FALSE
"LOC124901635",FALSE
"LOC124901641",FALSE
"LOC124901826",FALSE
"LOC124901827",FALSE
"LOC124901856",FALSE
"LOC124901858",FALSE
"LOC124901859",FALSE
"LOC124901860",FALSE
"LOC124901861",FALSE
"LOC124901990",FALSE
"LOC124901995",FALSE
"LOC124902013",FALSE
"LOC124902045",FALSE
"LOC124902062",FALSE
"LOC124902076",FALSE
"LOC124902078",FALSE
"LOC124902079",FALSE
"LOC124902081",FALSE
"LOC124902100",FALSE
"LOC124902101",FALSE
"LOC124902105",FALSE
"LOC124902108",TRUE
"LOC124902165",FALSE
"LOC124902178",FALSE
"LOC124902280",TRUE
"LOC124902324",FALSE
"LOC124902333",FALSE
"LOC124902337",FALSE
"LOC124902338",FALSE
"LOC124902453",TRUE
"LOC124902477",FALSE
"LOC124902479",FALSE
"LOC124902534",FALSE
"LOC124902537",FALSE
"LOC124902542",FALSE
"LOC124902568",FALSE
"LOC124902571",FALSE
"LOC124902572",FALSE
"LOC124902573",FALSE
"LOC124902595",FALSE
"LOC124902596",FALSE
"LOC124902609",FALSE
"LOC124902623",FALSE
"LOC124902629",FALSE
"LOC124902665",FALSE
"LOC124902694",TRUE
"LOC124902709",FALSE
"LOC124902723",FALSE
"LOC124902727",FALSE
"LOC124902752",FALSE
"LOC124902769",FALSE
"LOC124902803",FALSE
"LOC124902815",FALSE
"LOC124902824",FALSE
"LOC124902826",FALSE
"LOC124902827",FALSE
"LOC124902828",FALSE
"LOC124902847",FALSE
"LOC124902860",FALSE
"LOC124902888",FALSE
"LOC124902897",FALSE
"LOC124902904",FALSE
"LOC124902923",FALSE
"LOC124902940",FALSE
"LOC124902964",FALSE
"LOC124902995",FALSE
"LOC124903026",FALSE
"LOC124903031",FALSE
"LOC124903037",FALSE
"LOC124903074",FALSE
"LOC124903094",FALSE
"LOC124903098",FALSE
"LOC124903099",FALSE
"LOC124903100",FALSE
"LOC124903101",FALSE
"LOC124903233",FALSE
"LOC124903254",FALSE
"LOC124903255",FALSE
"LOC124903256",FALSE
"LOC124903257",FALSE
"LOC124903275",FALSE
"LOC124903372",TRUE
"LOC124903387",FALSE
"LOC124903398",TRUE
"LOC124903416",FALSE
"LOC124903417",FALSE
"LOC124903418",FALSE
"LOC124903419",FALSE
"LOC124903420",FALSE
"LOC124903421",FALSE
"LOC124903422",FALSE
"LOC124903423",FALSE
"LOC124903435",FALSE
"LOC124903436",FALSE
"LOC124903437",TRUE
"LOC124903523",FALSE
"LOC124903567",FALSE
"LOC124903574",FALSE
"LOC124903590",FALSE
"LOC124903592",FALSE
"LOC124903594",FALSE
"LOC124903595",FALSE
"LOC124903615",FALSE
"LOC124903619",FALSE
"LOC124903629",FALSE
"LOC124903639",FALSE
"LOC124903667",TRUE
"LOC124903670",FALSE
"LOC124903750",FALSE
"LOC124903770",FALSE
"LOC124903780",FALSE
"LOC124903784",FALSE
"LOC124903808",FALSE
"LOC124903809",FALSE
"LOC124903852",TRUE
"LOC124903859",FALSE
"LOC124903883",FALSE
"LOC124903889",FALSE
"LOC124903916",FALSE
"LOC124903931",FALSE
"LOC124903956",FALSE
"LOC124904039",TRUE
"LOC124904048",FALSE
"LOC124904072",FALSE
"LOC124904114",FALSE
"LOC124904115",FALSE
"LOC124904116",FALSE
"LOC124904117",FALSE
"LOC124904145",FALSE
"LOC124904146",FALSE
"LOC124904151",FALSE
"LOC124904152",FALSE
"LOC124904153",FALSE
"LOC124904154",FALSE
"LOC124904242",FALSE
"LOC124904332",FALSE
"LOC124904362",FALSE
"LOC124904363",FALSE
"LOC124904380",FALSE
"LOC124904381",FALSE
"LOC124904382",FALSE
"LOC124904403",FALSE
"LOC124904411",TRUE
"LOC124904441",FALSE
"LOC124904478",FALSE
"LOC124904498",FALSE
"LOC124904522",FALSE
"LOC124904535",FALSE
"LOC124904542",TRUE
"LOC124904544",FALSE
"LOC124904546",FALSE
"LOC124904553",TRUE
"LOC124904576",FALSE
"LOC124904580",FALSE
"LOC124904582",FALSE
"LOC124904585",FALSE
"LOC124904631",FALSE
"LOC124904634",FALSE
"LOC124904640",FALSE
"LOC124904641",FALSE
"LOC124904642",FALSE
"LOC124904666",FALSE
"LOC124904668",FALSE
"LOC124904669",FALSE
"LOC124904671",FALSE
"LOC124904695",FALSE
"LOC124904701",TRUE
"LOC124904710",FALSE
"LOC124904732",FALSE
"LOC124904756",FALSE
"LOC124904767",FALSE
"LOC124904769",FALSE
"LOC124904778",FALSE
"LOC124904795",FALSE
"LOC124904802",FALSE
"LOC124904806",FALSE
"LOC124904808",FALSE
"LOC124904809",FALSE
"LOC124904812",FALSE
"LOC124904813",FALSE
"LOC124904863",FALSE
"LOC124904880",FALSE
"LOC124904882",FALSE
"LOC124904890",FALSE
"LOC124904917",FALSE
"LOC124904963",FALSE
"LOC124904965",FALSE
"LOC124904974",FALSE
"LOC124904975",FALSE
"LOC124904983",FALSE
"LOC124904984",FALSE
"LOC124904986",FALSE
"LOC124905012",FALSE
"LOC124905013",FALSE
"LOC124905040",FALSE
"LOC124905061",FALSE
"LOC124905065",FALSE
"LOC124905068",FALSE
"LOC124905069",FALSE
"LOC124905092",FALSE
"LOC124905119",FALSE
"LOC124905134",TRUE
"LOC124905150",FALSE
"LOC124905166",FALSE
"LOC124905168",FALSE
"LOC124905169",FALSE
"LOC124905170",FALSE
"LOC124905171",FALSE
"LOC124905174",FALSE
"LOC124905176",FALSE
"LOC124905265",FALSE
"LOC124905266",FALSE
"LOC124905267",FALSE
"LOC124905268",FALSE
"LOC124905269",FALSE
"LOC124905270",FALSE
"LOC124905271",FALSE
"LOC124905290",FALSE
"LOC124905291",FALSE
"LOC124905292",FALSE
"LOC124905293",FALSE
"LOC124905313",FALSE
"LOC124905326",FALSE
"LOC124905334",FALSE
"LOC124905349",FALSE
"LOC124905527",FALSE
"LOC124905564",TRUE
"LOC124905594",FALSE
"LOC124905716",FALSE
"LOC124905951",FALSE
"LOC124906002",FALSE
"LOC124906013",FALSE
"LOC124906135",FALSE
"LOC124906140",FALSE
"LOC124906141",FALSE
"LOC124906142",FALSE
"LOC124906143",FALSE
"LOC124906144",FALSE
"LOC124906145",FALSE
"LOC124906146",FALSE
"LOC124906147",FALSE
"LOC124906148",FALSE
"LOC124906189",FALSE
"LOC124906194",FALSE
"LOC124906195",FALSE
"LOC124906196",FALSE
"LOC124906209",FALSE
"LOC124906280",FALSE
"LOC124906343",FALSE
"LOC124906345",FALSE
"LOC124906346",FALSE
"LOC124906347",FALSE
"LOC124906348",FALSE
"LOC124906350",FALSE
"LOC124906377",FALSE
"LOC124906378",FALSE
"LOC124906379",FALSE
"LOC124906380",FALSE
"LOC124906381",FALSE
"LOC124906382",FALSE
"LOC124906551",FALSE
"LOC124906598",FALSE
"LOC124906685",FALSE
"LOC124906712",FALSE
"LOC124906839",FALSE
"LOC124906892",FALSE
"LOC124907725",TRUE
"LOC124907748",FALSE
"LOC124907760",FALSE
"LOC124907878",FALSE
"LOC124907880",FALSE
"LOC124907890",FALSE
"LOC124907913",FALSE
"LOC124907978",FALSE
"LOC124907998",FALSE
"LOC124908058",FALSE
"LOC124908064",FALSE
"LOC124909376",TRUE
"LOC124909383",FALSE
"LOC124909401",FALSE
"LOC124909425",FALSE
"LOC124909446",FALSE
"LOC124909496",FALSE
"LOC127814295",TRUE
"LOC128071543",FALSE
"LOC128136",FALSE
"LOC128966594",FALSE
"LOC128966597",FALSE
"LOC128966744",FALSE
"LOC133332",FALSE
"LOC141374963",FALSE
"LOC152845",FALSE
"LOC153910",FALSE
"LOC154449",FALSE
"LOC158434",TRUE
"LOC196469",FALSE
"LOC283038",FALSE
"LOC283299",FALSE
"LOC283387",FALSE
"LOC283683",FALSE
"LOC283731",FALSE
"LOC283804",FALSE
"LOC284191",FALSE
"LOC284788",FALSE
"LOC284798",TRUE
"LOC284933",FALSE
"LOC285097",TRUE
"LOC285453",FALSE
"LOC285638",TRUE
"LOC285804",TRUE
"LOC286083",FALSE
"LOC286177",FALSE
"LOC317727",FALSE
"LOC338694",FALSE
"LOC339298",FALSE
"LOC339666",FALSE
"LOC339685",FALSE
"LOC339966",FALSE
"LOC340512",FALSE
"LOC342443",FALSE
"LOC345471",FALSE
"LOC345576",FALSE
"LOC347097",FALSE
"LOC359819",FALSE
"LOC375196",FALSE
"LOC388248",FALSE
"LOC388282",TRUE
"LOC389199",FALSE
"LOC389602",FALSE
"LOC390251",FALSE
"LOC390282",FALSE
"LOC390332",FALSE
"LOC390846",FALSE
"LOC391092",FALSE
"LOC391674",FALSE
"LOC391711",FALSE
"LOC391713",FALSE
"LOC391741",FALSE
"LOC391768",FALSE
"LOC391798",FALSE
"LOC392145",FALSE
"LOC392180",FALSE
"LOC392187",FALSE
"LOC392196",FALSE
"LOC392266",FALSE
"LOC392436",FALSE
"LOC392440",FALSE
"LOC392555",FALSE
"LOC392787",FALSE
"LOC400026",FALSE
"LOC400036",FALSE
"LOC400347",FALSE
"LOC400622",FALSE
"LOC400627",FALSE
"LOC400748",FALSE
"LOC401442",FALSE
"LOC401589",FALSE
"LOC401703",FALSE
"LOC401913",FALSE
"LOC401957",TRUE
"LOC402192",FALSE
"LOC402229",FALSE
"LOC402279",FALSE
"LOC402329",FALSE
"LOC403312",FALSE
"LOC440180",FALSE
"LOC441179",TRUE
"LOC441239",FALSE
"LOC441711",TRUE
"LOC441887",FALSE
"LOC442041",TRUE
"LOC442225",FALSE
"LOC442427",FALSE
"LOC442497",FALSE
"LOC613206",FALSE
"LOC642361",TRUE
"LOC642474",FALSE
"LOC643014",FALSE
"LOC643307",FALSE
"LOC643348",TRUE
"LOC643381",FALSE
"LOC644169",TRUE
"LOC644269",FALSE
"LOC644335",FALSE
"LOC644456",TRUE
"LOC644746",FALSE
"LOC644909",FALSE
"LOC645188",FALSE
"LOC645266",FALSE
"LOC645405",FALSE
"LOC645482",FALSE
"LOC645967",FALSE
"LOC646012",FALSE
"LOC646071",FALSE
"LOC646112",FALSE
"LOC646506",FALSE
"LOC646548",FALSE
"LOC646665",TRUE
"LOC646804",FALSE
"LOC646828",FALSE
"LOC646870",FALSE
"LOC647132",FALSE
"LOC647208",FALSE
"LOC651644",FALSE
"LOC652549",FALSE
"LOC728307",FALSE
"LOC728488",TRUE
"LOC728506",FALSE
"LOC728587",FALSE
"LOC728660",FALSE
"LOC728877",FALSE
"LOC729141",FALSE
"LOC729254",FALSE
"LOC729532",FALSE
"LOC729654",TRUE
"LOC729707",FALSE
"LOC729998",TRUE
"LOC730098",FALSE
"LOC730183",TRUE
"LOC730338",FALSE
"LOC730668",FALSE
"LOC732229",FALSE
"LOC780529",FALSE
"LOC791091",FALSE
"LOC93429",FALSE
"LOC93463",FALSE
"LOH12CR2",TRUE
"LOHAN2",FALSE
"LOLI1",FALSE
"LONP1",TRUE
"LONP2",TRUE
"LONRF1",TRUE
"LONRF2",TRUE
"LONRF2P1",FALSE
"LONRF2P5",FALSE
"LONRF3",TRUE
"LORICRIN",FALSE
"LOX",TRUE
"LOXHD1",FALSE
"LOXL1",TRUE
"LOXL1-AS1",TRUE
"LOXL2",TRUE
"LOXL2-AS1",TRUE
"LOXL3",TRUE
"LOXL4",TRUE
"LPA",TRUE
"LPAR1",TRUE
"LPAR2",TRUE
"LPAR3",TRUE
"LPAR4",FALSE
"LPAR5",FALSE
"LPAR6",TRUE
"LPCAT1",TRUE
"LPCAT2",TRUE
"LPCAT2BP",FALSE
"LPCAT3",TRUE
"LPCAT4",TRUE
"LPGAT1",TRUE
"LPGAT1-AS1",FALSE
"LPGAT1P1",FALSE
"LPIN1",TRUE
"LPIN2",TRUE
"LPIN3",TRUE
"LPL",TRUE
"LPO",FALSE
"LPP",TRUE
"LPP-AS2",TRUE
"LPXN",TRUE
"LRAT",TRUE
"LRATD1",TRUE
"LRATD2",TRUE
"LRBA",TRUE
"LRBA-AS1",FALSE
"LRCH1",TRUE
"LRCH2",TRUE
"LRCH3",TRUE
"LRCH4",TRUE
"LRCOL1",FALSE
"LRFN1",TRUE
"LRFN2",FALSE
"LRFN3",TRUE
"LRFN4",TRUE
"LRFN5",TRUE
"LRG1",TRUE
"LRGUK",TRUE
"LRIF1",TRUE
"LRIG1",TRUE
"LRIG2",TRUE
"LRIG2-DT",FALSE
"LRIG3",TRUE
"LRIG3-DT",FALSE
"LRIT1",FALSE
"LRIT2",FALSE
"LRIT3",TRUE
"LRMDA",TRUE
"LRP1",TRUE
"LRP1-AS",FALSE
"LRP10",TRUE
"LRP11",TRUE
"LRP11-AS1",FALSE
"LRP12",TRUE
"LRP1B",TRUE
"LRP2",FALSE
"LRP2BP",TRUE
"LRP3",TRUE
"LRP4",TRUE
"LRP4-AS1",FALSE
"LRP5",TRUE
"LRP6",TRUE
"LRP8",TRUE
"LRPAP1",TRUE
"LRPPRC",TRUE
"LRR1",TRUE
"LRRC1",TRUE
"LRRC10",FALSE
"LRRC10B",FALSE
"LRRC14",TRUE
"LRRC14B",FALSE
"LRRC15",TRUE
"LRRC17",TRUE
"LRRC18",FALSE
"LRRC19",TRUE
"LRRC2",TRUE
"LRRC2-AS1",FALSE
"LRRC20",TRUE
"LRRC23",TRUE
"LRRC24",FALSE
"LRRC25",TRUE
"LRRC26",FALSE
"LRRC27",TRUE
"LRRC28",TRUE
"LRRC3",TRUE
"LRRC3-DT",FALSE
"LRRC30",FALSE
"LRRC31",FALSE
"LRRC32",TRUE
"LRRC32-AS1",FALSE
"LRRC34",TRUE
"LRRC34P2",FALSE
"LRRC36",TRUE
"LRRC37A",TRUE
"LRRC37A13P",FALSE
"LRRC37A14P",FALSE
"LRRC37A15P",TRUE
"LRRC37A17P",TRUE
"LRRC37A2",TRUE
"LRRC37A3",TRUE
"LRRC37A6P",TRUE
"LRRC37A7P",FALSE
"LRRC37B",TRUE
"LRRC38",FALSE
"LRRC39",TRUE
"LRRC3B",FALSE
"LRRC3C",FALSE
"LRRC4",TRUE
"LRRC40",TRUE
"LRRC41",TRUE
"LRRC42",TRUE
"LRRC43",TRUE
"LRRC45",TRUE
"LRRC46",TRUE
"LRRC47",TRUE
"LRRC49",TRUE
"LRRC4B",TRUE
"LRRC4C",FALSE
"LRRC51",TRUE
"LRRC52",FALSE
"LRRC52-AS1",FALSE
"LRRC53",FALSE
"LRRC55",TRUE
"LRRC56",TRUE
"LRRC57",TRUE
"LRRC58",TRUE
"LRRC59",TRUE
"LRRC61",TRUE
"LRRC63",FALSE
"LRRC66",TRUE
"LRRC69",TRUE
"LRRC7",TRUE
"LRRC70",FALSE
"LRRC71",FALSE
"LRRC72",FALSE
"LRRC73",TRUE
"LRRC74A",TRUE
"LRRC74B",FALSE
"LRRC75A",TRUE
"LRRC75B",TRUE
"LRRC8A",TRUE
"LRRC8B",TRUE
"LRRC8C",TRUE
"LRRC8C-DT",TRUE
"LRRC8D",TRUE
"LRRC8E",TRUE
"LRRC9",FALSE
"LRRCC1",TRUE
"LRRD1",FALSE
"LRRFIP1",TRUE
"LRRFIP2",TRUE
"LRRFIP2P1",FALSE
"LRRIQ1",TRUE
"LRRIQ3",TRUE
"LRRIQ4",FALSE
"LRRK1",TRUE
"LRRK2",TRUE
"LRRN1",TRUE
"LRRN2",TRUE
"LRRN3",TRUE
"LRRN4",TRUE
"LRRN4CL",TRUE
"LRRTM1",FALSE
"LRRTM2",TRUE
"LRRTM3",FALSE
"LRRTM4",FALSE
"LRRTM4-AS1",FALSE
"LRSAM1",TRUE
"LRTM1",FALSE
"LRTM2",FALSE
"LRTM3",FALSE
"LRWD1",TRUE
"LSAMP",TRUE
"LSAMP-AS1",FALSE
"LSG1",TRUE
"LSINCT5",FALSE
"LSM1",TRUE
"LSM10",TRUE
"LSM11",TRUE
"LSM12",TRUE
"LSM14A",TRUE
"LSM14B",TRUE
"LSM1P2",FALSE
"LSM2",TRUE
"LSM2P1",FALSE
"LSM3",TRUE
"LSM4",TRUE
"LSM5",TRUE
"LSM6",TRUE
"LSM7",TRUE
"LSM8",TRUE
"LSMEM1",TRUE
"LSMEM2",TRUE
"LSP1",TRUE
"LSP1P1",FALSE
"LSP1P2",FALSE
"LSR",TRUE
"LSS",TRUE
"LST1",TRUE
"LTA",FALSE
"LTA4H",TRUE
"LTAP1",TRUE
"LTB",TRUE
"LTB4R",TRUE
"LTB4R2",TRUE
"LTBP1",TRUE
"LTBP2",TRUE
"LTBP3",TRUE
"LTBP4",TRUE
"LTBR",TRUE
"LTC4S",FALSE
"LTF",TRUE
"LTK",TRUE
"LTN1",TRUE
"LTO1",TRUE
"LTO1P1",TRUE
"LTV1",TRUE
"LTV1P1",FALSE
"LUADT1",FALSE
"LUARIS",FALSE
"LUC7L",TRUE
"LUC7L2",TRUE
"LUC7L3",TRUE
"LUCAT1",TRUE
"LUM",TRUE
"LUNAR1",FALSE
"LURAP1",FALSE
"LURAP1L",TRUE
"LURAP1L-AS1",TRUE
"LUZP1",TRUE
"LUZP2",FALSE
"LUZP4",FALSE
"LUZP4P1",FALSE
"LVRN",TRUE
"LXN",TRUE
"LY6D",FALSE
"LY6E",TRUE
"LY6G5B",TRUE
"LY6G5C",TRUE
"LY6G6C",FALSE
"LY6G6F",FALSE
"LY6G6F-LY6G6D",FALSE
"LY6H",FALSE
"LY6K",TRUE
"LY6L",FALSE
"LY6S-AS1",TRUE
"LY75",TRUE
"LY75-CD302",FALSE
"LY86",TRUE
"LY86-AS1",FALSE
"LY9",FALSE
"LY96",TRUE
"LYAR",TRUE
"LYG1",TRUE
"LYG2",FALSE
"LYL1",TRUE
"LYN",TRUE
"LYNX1",TRUE
"LYPD1",TRUE
"LYPD2",FALSE
"LYPD3",TRUE
"LYPD4",FALSE
"LYPD5",TRUE
"LYPD6",TRUE
"LYPD6B",TRUE
"LYPD8",FALSE
"LYPLA1",TRUE
"LYPLA2",TRUE
"LYPLAL1",TRUE
"LYPLAL1-DT",TRUE
"LYRM1",TRUE
"LYRM2",TRUE
"LYRM4",TRUE
"LYRM4-AS1",TRUE
"LYRM7",TRUE
"LYRM9",TRUE
"LYSET",TRUE
"LYSMD1",TRUE
"LYSMD2",TRUE
"LYSMD3",TRUE
"LYSMD4",TRUE
"LYST",TRUE
"LYVE1",TRUE
"LYZ",TRUE
"LYZL1",FALSE
"LYZL2",FALSE
"LYZL4",FALSE
"LYZL6",FALSE
"LZIC",TRUE
"LZTFL1",TRUE
"LZTR1",TRUE
"LZTS1",TRUE
"LZTS1-AS1",FALSE
"LZTS2",TRUE
"LZTS3",TRUE
"M1AP",TRUE
"M6PR",TRUE
"MAB21L1",FALSE
"MAB21L2",FALSE
"MAB21L3",FALSE
"MAB21L4",TRUE
"MACC1",TRUE
"MACC1-AS1",FALSE
"MACC1-OT1",TRUE
"MACF1",TRUE
"MACIR",TRUE
"MACO1",TRUE
"MACROD1",TRUE
"MACROD2",TRUE
"MACROD2-AS1",FALSE
"MACROD2-IT1",FALSE
"MACROH2A1",TRUE
"MACROH2A2",TRUE
"MAD1L1",TRUE
"MAD2L1",TRUE
"MAD2L1BP",TRUE
"MAD2L2",TRUE
"MADCAM1",TRUE
"MADD",TRUE
"MADD-AS1",FALSE
"MAEA",TRUE
"MAEL",FALSE
"MAF",TRUE
"MAF1",TRUE
"MAFA",TRUE
"MAFA-AS1",FALSE
"MAFB",TRUE
"MAFF",TRUE
"MAFG",TRUE
"MAFG-AS1",TRUE
"MAFIP",FALSE
"MAFK",TRUE
"MAFTRR",FALSE
"MAG",FALSE
"MAGEA1",FALSE
"MAGEA10",FALSE
"MAGEA11",FALSE
"MAGEA12",FALSE
"MAGEA2",FALSE
"MAGEA4",FALSE
"MAGEA4-AS1",FALSE
"MAGEA8",FALSE
"MAGEB1",FALSE
"MAGEB10",FALSE
"MAGEB16",FALSE
"MAGEB17",TRUE
"MAGEB18",FALSE
"MAGEB2",FALSE
"MAGEB3",FALSE
"MAGEB4",FALSE
"MAGEB5",FALSE
"MAGEB6",FALSE
"MAGEB6B",FALSE
"MAGEC1",FALSE
"MAGEC2",FALSE
"MAGEC3",FALSE
"MAGED1",TRUE
"MAGED2",TRUE
"MAGED4",TRUE
"MAGED4B",TRUE
"MAGEE1",TRUE
"MAGEE2",FALSE
"MAGEF1",TRUE
"MAGEH1",TRUE
"MAGEL2",TRUE
"MAGI1",TRUE
"MAGI1-AS1",FALSE
"MAGI1-IT1",TRUE
"MAGI2",TRUE
"MAGI2-AS2",FALSE
"MAGI2-AS3",TRUE
"MAGI3",TRUE
"MAGIX",TRUE
"MAGOH",TRUE
"MAGOH-DT",TRUE
"MAGOHB",TRUE
"MAGT1",TRUE
"MAIP1",TRUE
"MAJIN",FALSE
"MAK",TRUE
"MAK16",TRUE
"MAL",FALSE
"MAL2",TRUE
"MAL2-AS1",TRUE
"MALAT1",TRUE
"MALRD1",FALSE
"MALRD1-AS1",FALSE
"MALSU1",TRUE
"MALT1",TRUE
"MALT1-AS1",FALSE
"MAMDC2",TRUE
"MAMDC2-AS1",TRUE
"MAMDC4",TRUE
"MAML1",TRUE
"MAML2",TRUE
"MAML3",TRUE
"MAMLD1",TRUE
"MAMSTR",TRUE
"MAN1A1",TRUE
"MAN1A2",TRUE
"MAN1B1",TRUE
"MAN1B1-DT",TRUE
"MAN1C1",TRUE
"MAN2A1",TRUE
"MAN2A2",TRUE
"MAN2B1",TRUE
"MAN2B2",TRUE
"MAN2C1",TRUE
"MANBA",TRUE
"MANBAL",TRUE
"MANCR",TRUE
"MANEA",TRUE
"MANEA-DT",TRUE
"MANEAL",TRUE
"MANEALP1",FALSE
"MANF",TRUE
"MANSC1",TRUE
"MANSC4",FALSE
"MAOA",TRUE
"MAOB",TRUE
"MAP10",TRUE
"MAP1A",TRUE
"MAP1B",TRUE
"MAP1LC3A",TRUE
"MAP1LC3B",TRUE
"MAP1LC3B2",TRUE
"MAP1LC3BP1",FALSE
"MAP1LC3C",FALSE
"MAP1S",TRUE
"MAP2",TRUE
"MAP2K1",TRUE
"MAP2K2",TRUE
"MAP2K3",TRUE
"MAP2K4",TRUE
"MAP2K5",TRUE
"MAP2K5-DT",TRUE
"MAP2K6",TRUE
"MAP2K7",TRUE
"MAP3K1",TRUE
"MAP3K10",TRUE
"MAP3K11",TRUE
"MAP3K12",TRUE
"MAP3K13",TRUE
"MAP3K14",TRUE
"MAP3K15",TRUE
"MAP3K19",FALSE
"MAP3K2",TRUE
"MAP3K2-DT",TRUE
"MAP3K20",TRUE
"MAP3K20-AS1",TRUE
"MAP3K21",TRUE
"MAP3K3",TRUE
"MAP3K4",TRUE
"MAP3K4-AS1",TRUE
"MAP3K5",TRUE
"MAP3K5-AS1",FALSE
"MAP3K6",TRUE
"MAP3K7",TRUE
"MAP3K7CL",TRUE
"MAP3K8",TRUE
"MAP3K9",TRUE
"MAP3K9-DT",TRUE
"MAP4",TRUE
"MAP4K1",TRUE
"MAP4K1-AS1",FALSE
"MAP4K2",TRUE
"MAP4K3",TRUE
"MAP4K3-DT",TRUE
"MAP4K4",TRUE
"MAP4K5",TRUE
"MAP6",TRUE
"MAP6D1",TRUE
"MAP7",TRUE
"MAP7-AS1",TRUE
"MAP7D1",TRUE
"MAP7D2",TRUE
"MAP7D3",TRUE
"MAP9",TRUE
"MAPDA",TRUE
"MAPK1",TRUE
"MAPK10",TRUE
"MAPK10-AS1",FALSE
"MAPK11",TRUE
"MAPK12",TRUE
"MAPK13",TRUE
"MAPK14",TRUE
"MAPK15",TRUE
"MAPK1IP1L",TRUE
"MAPK3",TRUE
"MAPK4",TRUE
"MAPK6",TRUE
"MAPK6-DT",FALSE
"MAPK7",TRUE
"MAPK8",TRUE
"MAPK8IP1",TRUE
"MAPK8IP1P1",FALSE
"MAPK8IP2",TRUE
"MAPK8IP3",TRUE
"MAPK8IP3-AS1",FALSE
"MAPK9",TRUE
"MAPKAP1",TRUE
"MAPKAPK2",TRUE
"MAPKAPK3",TRUE
"MAPKAPK5",TRUE
"MAPKAPK5-AS1",TRUE
"MAPKAPK5P1",FALSE
"MAPKBP1",TRUE
"MAPRE1",TRUE
"MAPRE1P3",FALSE
"MAPRE2",TRUE
"MAPRE3",TRUE
"MAPRE3-AS1",FALSE
"MAPT",TRUE
"MAPT-IT1",FALSE
"MARCHF1",TRUE
"MARCHF10",FALSE
"MARCHF10-AS1",FALSE
"MARCHF10-DT",FALSE
"MARCHF11",FALSE
"MARCHF11-AS1",FALSE
"MARCHF2",TRUE
"MARCHF3",TRUE
"MARCHF4",FALSE
"MARCHF5",TRUE
"MARCHF6",TRUE
"MARCHF6-DT",TRUE
"MARCHF7",TRUE
"MARCHF8",TRUE
"MARCHF9",TRUE
"MARCKS",TRUE
"MARCKSL1",TRUE
"MARCO",TRUE
"MARCOL",FALSE
"MARF1",TRUE
"MARK1",TRUE
"MARK2",TRUE
"MARK2P10",FALSE
"MARK2P11",FALSE
"MARK2P12",FALSE
"MARK2P13",FALSE
"MARK2P14",FALSE
"MARK2P18",FALSE
"MARK2P19",FALSE
"MARK2P4",FALSE
"MARK2P5",FALSE
"MARK2P7",FALSE
"MARK3",TRUE
"MARK3P1",FALSE
"MARK4",TRUE
"MARS1",TRUE
"MARS2",TRUE
"MARVELD1",TRUE
"MARVELD2",TRUE
"MARVELD3",TRUE
"MAS1",FALSE
"MAS1L",FALSE
"MAS1LP1",FALSE
"MASCRNA",FALSE
"MASP1",TRUE
"MASP2",TRUE
"MAST1",TRUE
"MAST2",TRUE
"MAST3",TRUE
"MAST4",TRUE
"MASTL",TRUE
"MAT1A",TRUE
"MAT2A",TRUE
"MAT2B",TRUE
"MATCAP1",TRUE
"MATCAP2",TRUE
"MATK",TRUE
"MATN1",FALSE
"MATN1-AS1",TRUE
"MATN2",TRUE
"MATN3",TRUE
"MATN4",TRUE
"MATR3",TRUE
"MAU2",TRUE
"MAVS",TRUE
"MAX",TRUE
"MAX-AS1",TRUE
"MAZ",TRUE
"MB",TRUE
"MB21D2",TRUE
"MBD1",TRUE
"MBD2",TRUE
"MBD3",TRUE
"MBD3L1",FALSE
"MBD3L2",FALSE
"MBD3L2B",FALSE
"MBD3L3",FALSE
"MBD3L4",FALSE
"MBD3L5",FALSE
"MBD4",TRUE
"MBD5",TRUE
"MBD6",TRUE
"MBIP",TRUE
"MBL2",FALSE
"MBL3P",FALSE
"MBLAC1",TRUE
"MBLAC2",TRUE
"MBNL1",TRUE
"MBNL1-AS1",TRUE
"MBNL2",TRUE
"MBNL3",TRUE
"MBOAT1",TRUE
"MBOAT2",TRUE
"MBOAT4",TRUE
"MBOAT7",TRUE
"MBP",TRUE
"MBTD1",TRUE
"MBTPS1",TRUE
"MBTPS2",TRUE
"MC1R",TRUE
"MC2R",FALSE
"MC3R",FALSE
"MC4R",FALSE
"MC5R",FALSE
"MCAM",TRUE
"MCAT",TRUE
"MCC",TRUE
"MCCC1",TRUE
"MCCC2",TRUE
"MCCD1",FALSE
"MCCD1P1",FALSE
"MCEE",TRUE
"MCEMP1",FALSE
"MCF2",TRUE
"MCF2L",TRUE
"MCF2L2",TRUE
"MCF2L2P1",FALSE
"MCFD2",TRUE
"MCFD2-AS1",TRUE
"MCHR1",FALSE
"MCHR2",FALSE
"MCHR2-AS1",FALSE
"MCIDAS",TRUE
"MCM10",TRUE
"MCM2",TRUE
"MCM3",TRUE
"MCM3AP",TRUE
"MCM3AP-AS1",TRUE
"MCM4",TRUE
"MCM5",TRUE
"MCM6",TRUE
"MCM7",TRUE
"MCM8",TRUE
"MCM8-AS1",FALSE
"MCM9",TRUE
"MCMBP",TRUE
"MCMDC2",TRUE
"MCOLN1",TRUE
"MCOLN2",TRUE
"MCOLN3",TRUE
"MCPH1",TRUE
"MCPH1-DT",TRUE
"MCRIP1",TRUE
"MCRIP2",TRUE
"MCRIP2P2",FALSE
"MCRS1",TRUE
"MCTP1",TRUE
"MCTP2",TRUE
"MCTS1",TRUE
"MCTS2",TRUE
"MCU",TRUE
"MCUB",TRUE
"MCUR1",TRUE
"MDC1",TRUE
"MDC1-AS1",FALSE
"MDFI",TRUE
"MDFIC",TRUE
"MDFIC2",FALSE
"MDGA1",TRUE
"MDGA2",FALSE
"MDH1",TRUE
"MDH1B",TRUE
"MDH2",TRUE
"MDK",TRUE
"MDM2",TRUE
"MDM4",TRUE
"MDN1",TRUE
"MDP1",FALSE
"MDS2",FALSE
"ME1",TRUE
"ME2",TRUE
"ME3",TRUE
"MEA1",TRUE
"MEAF6",TRUE
"MEAK7",TRUE
"MECOM",TRUE
"MECOM-AS1",FALSE
"MECP2",TRUE
"MECR",TRUE
"MED1",TRUE
"MED10",TRUE
"MED11",TRUE
"MED12",TRUE
"MED12L",TRUE
"MED13",TRUE
"MED13L",TRUE
"MED13P1",FALSE
"MED14",TRUE
"MED14P1",FALSE
"MED15",TRUE
"MED15P3",FALSE
"MED15P5",FALSE
"MED16",TRUE
"MED17",TRUE
"MED18",TRUE
"MED19",TRUE
"MED20",TRUE
"MED21",TRUE
"MED22",TRUE
"MED23",TRUE
"MED24",TRUE
"MED25",TRUE
"MED26",TRUE
"MED27",TRUE
"MED28",TRUE
"MED28-DT",FALSE
"MED28P2",FALSE
"MED28P3",FALSE
"MED28P5",FALSE
"MED28P6",FALSE
"MED29",TRUE
"MED30",TRUE
"MED31",TRUE
"MED4",TRUE
"MED4-AS1",FALSE
"MED6",TRUE
"MED7",TRUE
"MED8",TRUE
"MED9",TRUE
"MEDAG",TRUE
"MEF2A",TRUE
"MEF2C",TRUE
"MEF2C-AS1",FALSE
"MEF2C-AS2",FALSE
"MEF2D",TRUE
"MEFV",FALSE
"MEG3",TRUE
"MEGF10",TRUE
"MEGF11",TRUE
"MEGF6",TRUE
"MEGF8",TRUE
"MEGF9",TRUE
"MEI1",TRUE
"MEI4",TRUE
"MEIG1",FALSE
"MEIKIN",FALSE
"MEIOB",FALSE
"MEIOC",TRUE
"MEIOSIN",FALSE
"MEIS1",TRUE
"MEIS1-AS2",FALSE
"MEIS2",TRUE
"MEIS3",TRUE
"MEIS3P2",TRUE
"MELK",TRUE
"MELTF",TRUE
"MELTF-AS1",TRUE
"MEMO1",TRUE
"MEMO1P4",FALSE
"MEMO1P5",FALSE
"MEN1",TRUE
"MEOX1",FALSE
"MEOX2",TRUE
"MEP1A",TRUE
"MEP1B",FALSE
"MEPCE",TRUE
"MEPE",FALSE
"MERTK",TRUE
"MESD",TRUE
"MESDP1",FALSE
"MESP1",TRUE
"MESP2",FALSE
"MEST",TRUE
"MESTIT1",FALSE
"MESTP3",FALSE
"MET",TRUE
"METAP1",TRUE
"METAP1D",TRUE
"METAP2",TRUE
"METRN",TRUE
"METRNL",TRUE
"METTL1",TRUE
"METTL13",TRUE
"METTL14",TRUE
"METTL14-DT",FALSE
"METTL15",TRUE
"METTL15P3",FALSE
"METTL16",TRUE
"METTL17",TRUE
"METTL18",TRUE
"METTL21A",TRUE
"METTL21AP1",FALSE
"METTL21C",FALSE
"METTL21EP",FALSE
"METTL22",TRUE
"METTL23",TRUE
"METTL24",TRUE
"METTL25",TRUE
"METTL25B",TRUE
"METTL26",TRUE
"METTL27",TRUE
"METTL2A",TRUE
"METTL2B",TRUE
"METTL3",TRUE
"METTL4",TRUE
"METTL5",TRUE
"METTL5P1",FALSE
"METTL5P2",FALSE
"METTL5P3",FALSE
"METTL5P4",FALSE
"METTL6",TRUE
"METTL8",TRUE
"METTL9",TRUE
"MEX3A",TRUE
"MEX3B",TRUE
"MEX3C",TRUE
"MEX3D",TRUE
"MFAP1",TRUE
"MFAP2",TRUE
"MFAP3",TRUE
"MFAP4",TRUE
"MFAP5",TRUE
"MFF",TRUE
"MFF-DT",TRUE
"MFGE8",TRUE
"MFHAS1",TRUE
"MFN1",TRUE
"MFN1P1",FALSE
"MFN2",TRUE
"MFNG",TRUE
"MFRP",FALSE
"MFSD1",TRUE
"MFSD11",TRUE
"MFSD12",TRUE
"MFSD2A",TRUE
"MFSD2B",TRUE
"MFSD6",TRUE
"MFSD6L",TRUE
"MFSD8",TRUE
"MGA",TRUE
"MGAM",TRUE
"MGAM2",TRUE
"MGARP",FALSE
"MGAT1",TRUE
"MGAT2",TRUE
"MGAT3",TRUE
"MGAT3-AS1",FALSE
"MGAT4A",TRUE
"MGAT4B",TRUE
"MGAT4C",FALSE
"MGAT4D",FALSE
"MGAT5",TRUE
"MGAT5B",FALSE
"MGC12916",TRUE
"MGC15885",FALSE
"MGC16275",TRUE
"MGC27382",TRUE
"MGLL",TRUE
"MGME1",TRUE
"MGMT",TRUE
"MGP",TRUE
"MGRN1",TRUE
"MGST1",TRUE
"MGST2",TRUE
"MGST3",TRUE
"MHENCR",TRUE
"MIA",FALSE
"MIA2",TRUE
"MIA2-AS1",TRUE
"MIA3",TRUE
"MIAT",TRUE
"MIATNB",TRUE
"MIB1",TRUE
"MIB2",TRUE
"MICA",TRUE
"MICA-AS1",TRUE
"MICAL1",TRUE
"MICAL2",TRUE
"MICAL3",TRUE
"MICALL1",TRUE
"MICALL2",TRUE
"MICALL2-DT",FALSE
"MICB",TRUE
"MICOS10",TRUE
"MICOS10-DT",FALSE
"MICOS13",TRUE
"MICU1",TRUE
"MICU2",TRUE
"MICU3",TRUE
"MID1",TRUE
"MID1IP1",TRUE
"MID2",TRUE
"MIDEAS",TRUE
"MIDEAS-AS1",TRUE
"MIDN",TRUE
"MIEF1",TRUE
"MIEF2",TRUE
"MIEN1",TRUE
"MIER1",TRUE
"MIER2",TRUE
"MIER3",TRUE
"MIF",TRUE
"MIF4GD",TRUE
"MIF4GD-DT",TRUE
"MIGA1",TRUE
"MIGA2",TRUE
"MIIP",TRUE
"MILIP",TRUE
"MILR1",TRUE
"MIMS1",TRUE
"MIMS2",TRUE
"MIMT1",FALSE
"MINAR1",TRUE
"MINAR2",FALSE
"MINCR",TRUE
"MINDY1",TRUE
"MINDY2",TRUE
"MINDY2-DT",TRUE
"MINDY3",TRUE
"MINDY4",TRUE
"MINDY4B",FALSE
"MINK1",TRUE
"MINPP1",TRUE
"MIOS",TRUE
"MIOX",FALSE
"MIOXP1",FALSE
"MIP",TRUE
"MIPEP",TRUE
"MIPOL1",TRUE
"MIR1-1",FALSE
"MIR1-1HG",FALSE
"MIR100",FALSE
"MIR100HG",TRUE
"MIR101-1",FALSE
"MIR101-2",FALSE
"MIR103A1",FALSE
"MIR103A2",FALSE
"MIR105-1",FALSE
"MIR105-2",FALSE
"MIR106B",FALSE
"MIR107",FALSE
"MIR10B",FALSE
"MIR1179",FALSE
"MIR1180",FALSE
"MIR1183",FALSE
"MIR1184-1",FALSE
"MIR1184-2",FALSE
"MIR1184-3",FALSE
"MIR1185-1",FALSE
"MIR1185-2",FALSE
"MIR1193",FALSE
"MIR1197",FALSE
"MIR1200",FALSE
"MIR1202",FALSE
"MIR1203",FALSE
"MIR1205",FALSE
"MIR1207",FALSE
"MIR1208",FALSE
"MIR12136",TRUE
"MIR1224",FALSE
"MIR1225",FALSE
"MIR1226",FALSE
"MIR1227",FALSE
"MIR1228",FALSE
"MIR1229",FALSE
"MIR122HG",FALSE
"MIR1231",FALSE
"MIR1233-1",FALSE
"MIR1233-2",FALSE
"MIR1237",FALSE
"MIR1238",FALSE
"MIR124-1HG",FALSE
"MIR124-2",FALSE
"MIR124-2HG",FALSE
"MIR124-3",FALSE
"MIR1245A",FALSE
"MIR1249",FALSE
"MIR1250",FALSE
"MIR1251",FALSE
"MIR1252",FALSE
"MIR1253",FALSE
"MIR1255A",FALSE
"MIR1255B2",FALSE
"MIR1256",FALSE
"MIR1258",FALSE
"MIR125A",FALSE
"MIR125B1",FALSE
"MIR125B2",FALSE
"MIR126",FALSE
"MIR1260A",FALSE
"MIR1260B",FALSE
"MIR1261",FALSE
"MIR1262",FALSE
"MIR1263",FALSE
"MIR1264",FALSE
"MIR1265",FALSE
"MIR1266",FALSE
"MIR1267",FALSE
"MIR1268A",FALSE
"MIR1268B",FALSE
"MIR1269A",FALSE
"MIR1269B",FALSE
"MIR127",FALSE
"MIR1270",FALSE
"MIR1271",FALSE
"MIR1272",FALSE
"MIR1273C",FALSE
"MIR1273H",FALSE
"MIR1275",FALSE
"MIR1276",FALSE
"MIR1277",FALSE
"MIR1278",FALSE
"MIR128-1",FALSE
"MIR128-2",FALSE
"MIR1282",FALSE
"MIR1283-1",FALSE
"MIR1283-2",FALSE
"MIR1284",FALSE
"MIR1285-1",FALSE
"MIR1285-2",FALSE
"MIR1286",FALSE
"MIR1288",FALSE
"MIR1289-1",FALSE
"MIR1289-2",FALSE
"MIR129-1",FALSE
"MIR129-2",FALSE
"MIR1290",FALSE
"MIR1291",FALSE
"MIR1293",FALSE
"MIR1294",FALSE
"MIR1295A",FALSE
"MIR1296",FALSE
"MIR1298",FALSE
"MIR1299",FALSE
"MIR1301",FALSE
"MIR1302-3",FALSE
"MIR1302-4",FALSE
"MIR1302-5",FALSE
"MIR1302-6",FALSE
"MIR1302-7",FALSE
"MIR1302-8",FALSE
"MIR1303",FALSE
"MIR1305",FALSE
"MIR130A",FALSE
"MIR130AHG",FALSE
"MIR132",FALSE
"MIR1323",FALSE
"MIR133A1HG",FALSE
"MIR133B",FALSE
"MIR134",FALSE
"MIR1343",FALSE
"MIR135A1",FALSE
"MIR135A2",FALSE
"MIR135B",FALSE
"MIR136",FALSE
"MIR138-1",FALSE
"MIR138-2",FALSE
"MIR139",FALSE
"MIR140",FALSE
"MIR141",FALSE
"MIR142HG",FALSE
"MIR145",FALSE
"MIR1468",FALSE
"MIR146B",FALSE
"MIR1470",FALSE
"MIR1471",FALSE
"MIR147A",FALSE
"MIR148A",FALSE
"MIR148B",FALSE
"MIR149",FALSE
"MIR150",FALSE
"MIR151A",FALSE
"MIR151B",FALSE
"MIR152",FALSE
"MIR153-1",FALSE
"MIR153-2",FALSE
"MIR1537",FALSE
"MIR1538",FALSE
"MIR154",FALSE
"MIR155HG",TRUE
"MIR1587",FALSE
"MIR15B",FALSE
"MIR16-1",FALSE
"MIR16-2",FALSE
"MIR17HG",TRUE
"MIR181A1",FALSE
"MIR181A2",FALSE
"MIR181A2HG",TRUE
"MIR181B1",FALSE
"MIR181B2",FALSE
"MIR181C",FALSE
"MIR181D",FALSE
"MIR182",FALSE
"MIR1827",FALSE
"MIR183",FALSE
"MIR184",FALSE
"MIR185",FALSE
"MIR186",TRUE
"MIR187",FALSE
"MIR188",FALSE
"MIR190A",FALSE
"MIR190B",FALSE
"MIR191",FALSE
"MIR1911",FALSE
"MIR1912",FALSE
"MIR1913",FALSE
"MIR1915",FALSE
"MIR1915HG",TRUE
"MIR193A",FALSE
"MIR193B",FALSE
"MIR193BHG",TRUE
"MIR194-1",FALSE
"MIR194-2HG",TRUE
"MIR196A1",FALSE
"MIR196A2",FALSE
"MIR1972-1",FALSE
"MIR1972-2",FALSE
"MIR1976",FALSE
"MIR199A1",FALSE
"MIR199A2",FALSE
"MIR199B",FALSE
"MIR200A",FALSE
"MIR200B",TRUE
"MIR200C",FALSE
"MIR200CHG",TRUE
"MIR202HG",FALSE
"MIR203A",FALSE
"MIR204",FALSE
"MIR2052HG",FALSE
"MIR2053",FALSE
"MIR205HG",FALSE
"MIR206",FALSE
"MIR208A",FALSE
"MIR208B",TRUE
"MIR210",FALSE
"MIR210HG",TRUE
"MIR211",FALSE
"MIR2113",FALSE
"MIR2113HG",FALSE
"MIR2114",FALSE
"MIR2115",FALSE
"MIR2116",FALSE
"MIR2117HG",FALSE
"MIR212",FALSE
"MIR215",FALSE
"MIR216A",FALSE
"MIR216B",FALSE
"MIR217",FALSE
"MIR218-1",FALSE
"MIR218-2",FALSE
"MIR219A1",FALSE
"MIR219A2HG",FALSE
"MIR221",TRUE
"MIR222",FALSE
"MIR223HG",FALSE
"MIR2276",FALSE
"MIR2278",FALSE
"MIR22HG",TRUE
"MIR2355",FALSE
"MIR2392",FALSE
"MIR23A",TRUE
"MIR23B",FALSE
"MIR23C",FALSE
"MIR2467",FALSE
"MIR25",TRUE
"MIR2681",FALSE
"MIR26A1",FALSE
"MIR26A2",FALSE
"MIR26B",FALSE
"MIR27A",TRUE
"MIR27B",TRUE
"MIR28",FALSE
"MIR2909",FALSE
"MIR297",FALSE
"MIR298",FALSE
"MIR299",FALSE
"MIR300",FALSE
"MIR301A",FALSE
"MIR301B",FALSE
"MIR302A",FALSE
"MIR302C",FALSE
"MIR302CHG",FALSE
"MIR302D",FALSE
"MIR302E",FALSE
"MIR3065",FALSE
"MIR3074",FALSE
"MIR30A",FALSE
"MIR30B",FALSE
"MIR30C1",FALSE
"MIR30C2",TRUE
"MIR30D",FALSE
"MIR30E",FALSE
"MIR31",FALSE
"MIR3115",FALSE
"MIR3116-1",FALSE
"MIR3117",FALSE
"MIR3118-1",FALSE
"MIR3118-2",FALSE
"MIR3118-3",FALSE
"MIR3118-4",FALSE
"MIR3119-2",FALSE
"MIR3121",FALSE
"MIR3122",FALSE
"MIR3123",FALSE
"MIR3124",FALSE
"MIR3125",FALSE
"MIR3126",FALSE
"MIR3127",FALSE
"MIR3128",FALSE
"MIR3129",FALSE
"MIR3130-2",FALSE
"MIR3131",FALSE
"MIR3132",FALSE
"MIR3133",FALSE
"MIR3134",FALSE
"MIR3135A",FALSE
"MIR3135B",FALSE
"MIR3136",FALSE
"MIR3137",FALSE
"MIR3138",FALSE
"MIR3139",FALSE
"MIR3140",FALSE
"MIR3141",FALSE
"MIR3142",FALSE
"MIR3142HG",TRUE
"MIR3143",FALSE
"MIR3144",FALSE
"MIR3145",FALSE
"MIR3146",FALSE
"MIR3147",FALSE
"MIR3147HG",FALSE
"MIR3148",FALSE
"MIR3149",FALSE
"MIR3150BHG",FALSE
"MIR3151",FALSE
"MIR3152",FALSE
"MIR3153",FALSE
"MIR3154",FALSE
"MIR3155A",FALSE
"MIR3156-1",FALSE
"MIR3156-2",FALSE
"MIR3156-3",FALSE
"MIR3157",FALSE
"MIR3158-1",FALSE
"MIR3159",FALSE
"MIR3160-1",FALSE
"MIR3161",FALSE
"MIR3162",FALSE
"MIR3163",FALSE
"MIR3164",FALSE
"MIR3165",FALSE
"MIR3166",FALSE
"MIR3167",FALSE
"MIR3168",FALSE
"MIR3169",FALSE
"MIR3170",FALSE
"MIR3171",FALSE
"MIR3173",FALSE
"MIR3174",FALSE
"MIR3176",FALSE
"MIR3177",FALSE
"MIR3178",FALSE
"MIR3179-2",FALSE
"MIR3179-3",FALSE
"MIR3179-4",FALSE
"MIR3180-1",FALSE
"MIR3180-2",FALSE
"MIR3180-3",FALSE
"MIR3180-4",FALSE
"MIR3180-5",FALSE
"MIR3181",FALSE
"MIR3182",FALSE
"MIR3183",FALSE
"MIR3185",FALSE
"MIR3186",FALSE
"MIR3187",FALSE
"MIR3188",FALSE
"MIR3189",TRUE
"MIR3190",FALSE
"MIR3192",FALSE
"MIR3193",FALSE
"MIR3194",FALSE
"MIR3195",FALSE
"MIR3196",FALSE
"MIR3197",FALSE
"MIR3198-1",FALSE
"MIR3199-1",FALSE
"MIR31HG",FALSE
"MIR32",FALSE
"MIR3200",FALSE
"MIR3201",FALSE
"MIR3202-1",FALSE
"MIR320A",FALSE
"MIR320B1",FALSE
"MIR320C1",FALSE
"MIR323A",FALSE
"MIR323B",FALSE
"MIR324",FALSE
"MIR325",FALSE
"MIR325HG",FALSE
"MIR326",FALSE
"MIR328",FALSE
"MIR329-1",FALSE
"MIR329-2",FALSE
"MIR331",FALSE
"MIR335",FALSE
"MIR337",FALSE
"MIR339",FALSE
"MIR33A",FALSE
"MIR33B",FALSE
"MIR340",FALSE
"MIR342",FALSE
"MIR345",FALSE
"MIR346",FALSE
"MIR34AHG",TRUE
"MIR34B",FALSE
"MIR34C",FALSE
"MIR3591",FALSE
"MIR3609",FALSE
"MIR361",FALSE
"MIR3611",FALSE
"MIR3612",FALSE
"MIR3613",FALSE
"MIR3616",FALSE
"MIR3617",FALSE
"MIR3619",FALSE
"MIR362",FALSE
"MIR3621",FALSE
"MIR3622B",FALSE
"MIR3646",FALSE
"MIR3648-1",FALSE
"MIR3648-2",FALSE
"MIR3649",FALSE
"MIR3650",FALSE
"MIR3651",FALSE
"MIR3657",FALSE
"MIR3659",FALSE
"MIR3659HG",FALSE
"MIR365A",FALSE
"MIR365BHG",FALSE
"MIR3660",FALSE
"MIR3661",FALSE
"MIR3663",FALSE
"MIR3663HG",FALSE
"MIR3664",FALSE
"MIR3665",FALSE
"MIR3666",FALSE
"MIR3667",FALSE
"MIR3667HG",TRUE
"MIR3668",FALSE
"MIR367",FALSE
"MIR3670-1",FALSE
"MIR3670-2",FALSE
"MIR3670-3",FALSE
"MIR3670-4",FALSE
"MIR3671",FALSE
"MIR3672",FALSE
"MIR3675",FALSE
"MIR3677",FALSE
"MIR3678",FALSE
"MIR3679",FALSE
"MIR3680-1",FALSE
"MIR3680-2",FALSE
"MIR3681",FALSE
"MIR3681HG",FALSE
"MIR3682",TRUE
"MIR3683",FALSE
"MIR3684",FALSE
"MIR3685",TRUE
"MIR3686",FALSE
"MIR3688-1",FALSE
"MIR3689A",FALSE
"MIR3689B",FALSE
"MIR3689C",FALSE
"MIR3689D1",FALSE
"MIR3689D2",FALSE
"MIR3689E",FALSE
"MIR3689F",FALSE
"MIR369",FALSE
"MIR3690",FALSE
"MIR3691",FALSE
"MIR3692",FALSE
"MIR370",FALSE
"MIR3713",FALSE
"MIR371A",FALSE
"MIR372",FALSE
"MIR373",FALSE
"MIR374A",FALSE
"MIR374B",FALSE
"MIR375",FALSE
"MIR377",FALSE
"MIR378A",FALSE
"MIR378B",FALSE
"MIR378C",FALSE
"MIR378D1",FALSE
"MIR378D2HG",FALSE
"MIR378E",FALSE
"MIR378F",FALSE
"MIR378G",FALSE
"MIR378H",FALSE
"MIR378J",FALSE
"MIR379",FALSE
"MIR380",FALSE
"MIR381",FALSE
"MIR383",FALSE
"MIR3907",FALSE
"MIR3908",FALSE
"MIR3909",FALSE
"MIR3910-1",FALSE
"MIR3912",FALSE
"MIR3913-1",FALSE
"MIR3914-1",FALSE
"MIR3915",FALSE
"MIR3918",FALSE
"MIR3919",FALSE
"MIR3920",FALSE
"MIR3921",FALSE
"MIR3922",FALSE
"MIR3923",FALSE
"MIR3924",FALSE
"MIR3925",FALSE
"MIR3926-1",FALSE
"MIR3927",FALSE
"MIR3928",FALSE
"MIR3929",FALSE
"MIR3934",FALSE
"MIR3935",FALSE
"MIR3936",TRUE
"MIR3936HG",TRUE
"MIR3937",FALSE
"MIR3938",FALSE
"MIR3939",FALSE
"MIR3941",FALSE
"MIR3942",FALSE
"MIR3943",FALSE
"MIR3944",FALSE
"MIR3945",FALSE
"MIR3945HG",FALSE
"MIR3972",FALSE
"MIR3973",FALSE
"MIR3976",FALSE
"MIR3976HG",FALSE
"MIR3978",FALSE
"MIR409",FALSE
"MIR410",FALSE
"MIR411",FALSE
"MIR412",FALSE
"MIR421",FALSE
"MIR422A",FALSE
"MIR425",FALSE
"MIR4252",FALSE
"MIR4253",FALSE
"MIR4254",FALSE
"MIR4255",FALSE
"MIR4257",FALSE
"MIR4258",FALSE
"MIR4259",FALSE
"MIR4261",FALSE
"MIR4262",FALSE
"MIR4263",FALSE
"MIR4264",FALSE
"MIR4265",FALSE
"MIR4266",FALSE
"MIR4267",FALSE
"MIR4268",FALSE
"MIR4269",FALSE
"MIR4270",FALSE
"MIR4271",FALSE
"MIR4273",FALSE
"MIR4274",FALSE
"MIR4276",FALSE
"MIR4277",FALSE
"MIR4279",FALSE
"MIR4280",FALSE
"MIR4280HG",FALSE
"MIR4281",FALSE
"MIR4282",FALSE
"MIR4283-1",FALSE
"MIR4283-2",FALSE
"MIR4284",FALSE
"MIR4285",FALSE
"MIR4286",FALSE
"MIR4287",FALSE
"MIR4288",FALSE
"MIR4289",FALSE
"MIR429",TRUE
"MIR4290",FALSE
"MIR4290HG",FALSE
"MIR4291",FALSE
"MIR4292",TRUE
"MIR4293",FALSE
"MIR4294",FALSE
"MIR4295",FALSE
"MIR4296",FALSE
"MIR4297",FALSE
"MIR4298",FALSE
"MIR4299",FALSE
"MIR4300",FALSE
"MIR4300HG",FALSE
"MIR4301",FALSE
"MIR4303",FALSE
"MIR4304",FALSE
"MIR4305",FALSE
"MIR4306",FALSE
"MIR4307",FALSE
"MIR4307HG",FALSE
"MIR4308",FALSE
"MIR4309",FALSE
"MIR431",FALSE
"MIR4310",FALSE
"MIR4311",FALSE
"MIR4312",FALSE
"MIR4314",FALSE
"MIR4316",FALSE
"MIR4318",FALSE
"MIR4319",FALSE
"MIR432",FALSE
"MIR4322",FALSE
"MIR4323",FALSE
"MIR4324",FALSE
"MIR4325",FALSE
"MIR4326",FALSE
"MIR4327",FALSE
"MIR433",FALSE
"MIR4330",FALSE
"MIR4418",FALSE
"MIR4420",FALSE
"MIR4421",FALSE
"MIR4422",FALSE
"MIR4422HG",FALSE
"MIR4423",FALSE
"MIR4424",FALSE
"MIR4425",FALSE
"MIR4427",FALSE
"MIR4428",FALSE
"MIR4429",FALSE
"MIR4431",FALSE
"MIR4432",FALSE
"MIR4433B",FALSE
"MIR4435-1",FALSE
"MIR4435-2",FALSE
"MIR4435-2HG",TRUE
"MIR4436A",FALSE
"MIR4436B1",FALSE
"MIR4436B2",FALSE
"MIR4437",FALSE
"MIR4438",FALSE
"MIR4439",FALSE
"MIR4440",FALSE
"MIR4441",FALSE
"MIR4443",FALSE
"MIR4444-2",FALSE
"MIR4445",FALSE
"MIR4446",FALSE
"MIR4447",FALSE
"MIR4448",FALSE
"MIR4449",FALSE
"MIR4450",FALSE
"MIR4451",FALSE
"MIR4452",FALSE
"MIR4453HG",TRUE
"MIR4455",FALSE
"MIR4456",FALSE
"MIR4457",FALSE
"MIR4458HG",TRUE
"MIR4460",FALSE
"MIR4462",FALSE
"MIR4463",FALSE
"MIR4464",FALSE
"MIR4465",FALSE
"MIR4466",FALSE
"MIR4470",FALSE
"MIR4471",FALSE
"MIR4472-1",FALSE
"MIR4472-2",FALSE
"MIR4473",FALSE
"MIR4474",FALSE
"MIR4475",FALSE
"MIR4476",FALSE
"MIR4477A",FALSE
"MIR4477B",FALSE
"MIR4478",FALSE
"MIR4479",FALSE
"MIR448",FALSE
"MIR4480",FALSE
"MIR4482",TRUE
"MIR4484",FALSE
"MIR4486",FALSE
"MIR4487",FALSE
"MIR4488",FALSE
"MIR4489",FALSE
"MIR4490",FALSE
"MIR4491",FALSE
"MIR4492",FALSE
"MIR4493",FALSE
"MIR4494",FALSE
"MIR4495",FALSE
"MIR4497",FALSE
"MIR4498",FALSE
"MIR4499",FALSE
"MIR449A",FALSE
"MIR449B",FALSE
"MIR449C",FALSE
"MIR4500",FALSE
"MIR4500HG",FALSE
"MIR4502",FALSE
"MIR4503",FALSE
"MIR4504",FALSE
"MIR4505",FALSE
"MIR4506",FALSE
"MIR4507",FALSE
"MIR4508",FALSE
"MIR4509-1",FALSE
"MIR4509-2",FALSE
"MIR4509-3",FALSE
"MIR450A1",FALSE
"MIR450A2",FALSE
"MIR450B",FALSE
"MIR4510",FALSE
"MIR4511",FALSE
"MIR4512",FALSE
"MIR4513",FALSE
"MIR4514",FALSE
"MIR4515",FALSE
"MIR4516",FALSE
"MIR4518",FALSE
"MIR4519",FALSE
"MIR4520-1",FALSE
"MIR4522",FALSE
"MIR4524B",FALSE
"MIR4525",FALSE
"MIR4526",FALSE
"MIR4527",FALSE
"MIR4527HG",FALSE
"MIR4528",FALSE
"MIR4529",FALSE
"MIR4530",FALSE
"MIR4533",FALSE
"MIR4535",FALSE
"MIR4536-2",FALSE
"MIR4537",FALSE
"MIR4538",FALSE
"MIR4539",FALSE
"MIR454",FALSE
"MIR4540",FALSE
"MIR455",FALSE
"MIR4632",FALSE
"MIR4633",FALSE
"MIR4634",FALSE
"MIR4635",FALSE
"MIR4636",FALSE
"MIR4637",FALSE
"MIR4638",FALSE
"MIR4639",FALSE
"MIR4641",FALSE
"MIR4642",FALSE
"MIR4643",FALSE
"MIR4644",FALSE
"MIR4645",FALSE
"MIR4646",FALSE
"MIR4648",FALSE
"MIR4650-1",FALSE
"MIR4650-2",FALSE
"MIR4652",FALSE
"MIR4653",FALSE
"MIR4654",FALSE
"MIR4655",FALSE
"MIR4656",FALSE
"MIR4659A",FALSE
"MIR466",FALSE
"MIR4660",FALSE
"MIR4661",FALSE
"MIR4662B",FALSE
"MIR4663",FALSE
"MIR4664",TRUE
"MIR4665",FALSE
"MIR4666A",FALSE
"MIR4666B",FALSE
"MIR4667",FALSE
"MIR4668",FALSE
"MIR4669",FALSE
"MIR4670",FALSE
"MIR4671",FALSE
"MIR4672",FALSE
"MIR4673",FALSE
"MIR4674",FALSE
"MIR4675",FALSE
"MIR4676",FALSE
"MIR4677",FALSE
"MIR4679-2",FALSE
"MIR4681",FALSE
"MIR4682",FALSE
"MIR4684",FALSE
"MIR4685",FALSE
"MIR4686",FALSE
"MIR4688",FALSE
"MIR4689",FALSE
"MIR4690",FALSE
"MIR4692",FALSE
"MIR4693",FALSE
"MIR4694",FALSE
"MIR4695",FALSE
"MIR4696",FALSE
"MIR4698",FALSE
"MIR4699",FALSE
"MIR4701",FALSE
"MIR4703",FALSE
"MIR4704",FALSE
"MIR4705",FALSE
"MIR4706",FALSE
"MIR4708",FALSE
"MIR4710",FALSE
"MIR4711",FALSE
"MIR4713",FALSE
"MIR4713HG",FALSE
"MIR4714",FALSE
"MIR4715",FALSE
"MIR4716",FALSE
"MIR4717",FALSE
"MIR4718",FALSE
"MIR4719",FALSE
"MIR4725",FALSE
"MIR4726",FALSE
"MIR4727",FALSE
"MIR4728",FALSE
"MIR4729",FALSE
"MIR4730",FALSE
"MIR4731",FALSE
"MIR4733",FALSE
"MIR4733HG",FALSE
"MIR4734",FALSE
"MIR4735",FALSE
"MIR4736",FALSE
"MIR4737",FALSE
"MIR4739",FALSE
"MIR4740",FALSE
"MIR4742",FALSE
"MIR4743",FALSE
"MIR4744",FALSE
"MIR4746",FALSE
"MIR4747",FALSE
"MIR4748",FALSE
"MIR4749",FALSE
"MIR4752",FALSE
"MIR4753",FALSE
"MIR4754",FALSE
"MIR4755",FALSE
"MIR4756",FALSE
"MIR4757",FALSE
"MIR4759",FALSE
"MIR4760",FALSE
"MIR4762",FALSE
"MIR4764",FALSE
"MIR4765",FALSE
"MIR4766",FALSE
"MIR4767",TRUE
"MIR4768",FALSE
"MIR4769",FALSE
"MIR4770",FALSE
"MIR4771-1",FALSE
"MIR4771-2",FALSE
"MIR4772",FALSE
"MIR4773-1",FALSE
"MIR4774",FALSE
"MIR4776-1",FALSE
"MIR4777",FALSE
"MIR4778",FALSE
"MIR4779",FALSE
"MIR4780",FALSE
"MIR4782",FALSE
"MIR4783",FALSE
"MIR4786",FALSE
"MIR4787",FALSE
"MIR4789",FALSE
"MIR4790",FALSE
"MIR4791",FALSE
"MIR4794",FALSE
"MIR4795",FALSE
"MIR4796",FALSE
"MIR4797",FALSE
"MIR4798",FALSE
"MIR4799",FALSE
"MIR4801",FALSE
"MIR4802",FALSE
"MIR4803",FALSE
"MIR4804",FALSE
"MIR483",FALSE
"MIR485",FALSE
"MIR486-1",FALSE
"MIR487A",FALSE
"MIR487B",FALSE
"MIR488",FALSE
"MIR489",FALSE
"MIR490",FALSE
"MIR491",FALSE
"MIR493",FALSE
"MIR494",FALSE
"MIR495",FALSE
"MIR496",FALSE
"MIR498",FALSE
"MIR4999",FALSE
"MIR499A",FALSE
"MIR5000",FALSE
"MIR5002",FALSE
"MIR5003",FALSE
"MIR5007",FALSE
"MIR5008",FALSE
"MIR5009",FALSE
"MIR500A",FALSE
"MIR500B",FALSE
"MIR501",FALSE
"MIR5011",FALSE
"MIR502",FALSE
"MIR503",FALSE
"MIR504",FALSE
"MIR505",FALSE
"MIR506",FALSE
"MIR507",FALSE
"MIR508",FALSE
"MIR5088",FALSE
"MIR5089",FALSE
"MIR509-1",FALSE
"MIR509-2",FALSE
"MIR509-3",FALSE
"MIR5091",FALSE
"MIR5092",FALSE
"MIR5093",FALSE
"MIR5094",FALSE
"MIR510",FALSE
"MIR5100",FALSE
"MIR511",FALSE
"MIR512-1",FALSE
"MIR512-2",FALSE
"MIR513A1",FALSE
"MIR513A2",FALSE
"MIR513B",FALSE
"MIR513C",FALSE
"MIR514A1",FALSE
"MIR514A2",FALSE
"MIR514A3",FALSE
"MIR514B",FALSE
"MIR515-1",FALSE
"MIR515-2",FALSE
"MIR516A1",FALSE
"MIR516A2",FALSE
"MIR516B1",FALSE
"MIR516B2",FALSE
"MIR517A",FALSE
"MIR517B",FALSE
"MIR517C",FALSE
"MIR5186",FALSE
"MIR5188",FALSE
"MIR5189",FALSE
"MIR518A1",FALSE
"MIR518A2",FALSE
"MIR518B",FALSE
"MIR518E",FALSE
"MIR518F",FALSE
"MIR5190",FALSE
"MIR5191",FALSE
"MIR5192",FALSE
"MIR5194",FALSE
"MIR5195",FALSE
"MIR5197",FALSE
"MIR519A1",FALSE
"MIR519B",FALSE
"MIR519C",FALSE
"MIR519D",FALSE
"MIR519E",FALSE
"MIR520A",FALSE
"MIR520B",FALSE
"MIR520C",FALSE
"MIR520D",FALSE
"MIR520E",FALSE
"MIR520G",FALSE
"MIR520H",FALSE
"MIR521-1",FALSE
"MIR521-2",FALSE
"MIR525",FALSE
"MIR526A1",FALSE
"MIR526A2",FALSE
"MIR526B",FALSE
"MIR527",FALSE
"MIR532",FALSE
"MIR539",FALSE
"MIR541",FALSE
"MIR542",FALSE
"MIR543",FALSE
"MIR544A",FALSE
"MIR544B",FALSE
"MIR545",FALSE
"MIR548A1",FALSE
"MIR548A2",FALSE
"MIR548A3",FALSE
"MIR548AA1",FALSE
"MIR548AA2",FALSE
"MIR548AB",FALSE
"MIR548AC",FALSE
"MIR548AD",FALSE
"MIR548AE1",FALSE
"MIR548AE2",FALSE
"MIR548AG1",FALSE
"MIR548AG2",FALSE
"MIR548AI",FALSE
"MIR548AJ1",FALSE
"MIR548AJ2",FALSE
"MIR548AK",FALSE
"MIR548AL",FALSE
"MIR548AM",FALSE
"MIR548AN",FALSE
"MIR548AO",FALSE
"MIR548AP",FALSE
"MIR548AQ",FALSE
"MIR548AR",FALSE
"MIR548AS",FALSE
"MIR548AT",FALSE
"MIR548AV",FALSE
"MIR548AW",FALSE
"MIR548AX",FALSE
"MIR548AY",FALSE
"MIR548AZ",FALSE
"MIR548B",FALSE
"MIR548BA",FALSE
"MIR548BB",FALSE
"MIR548C",FALSE
"MIR548D2",FALSE
"MIR548E",FALSE
"MIR548F1",FALSE
"MIR548F2",FALSE
"MIR548F3",FALSE
"MIR548F4",FALSE
"MIR548F5",FALSE
"MIR548G",FALSE
"MIR548H1",FALSE
"MIR548H2",FALSE
"MIR548H3",FALSE
"MIR548H4",FALSE
"MIR548H5",FALSE
"MIR548I1",FALSE
"MIR548I2",FALSE
"MIR548I3",FALSE
"MIR548I4",FALSE
"MIR548J",FALSE
"MIR548K",FALSE
"MIR548L",FALSE
"MIR548M",FALSE
"MIR548N",FALSE
"MIR548O",FALSE
"MIR548O2",FALSE
"MIR548P",FALSE
"MIR548Q",FALSE
"MIR548S",FALSE
"MIR548T",FALSE
"MIR548U",FALSE
"MIR548V",FALSE
"MIR548W",FALSE
"MIR548X",FALSE
"MIR548X2",FALSE
"MIR548XHG",FALSE
"MIR548Y",FALSE
"MIR548Z",FALSE
"MIR549A",FALSE
"MIR550A1",FALSE
"MIR550A2",FALSE
"MIR550A3",FALSE
"MIR551A",FALSE
"MIR551B",FALSE
"MIR552",FALSE
"MIR553",FALSE
"MIR554",FALSE
"MIR556",FALSE
"MIR557",FALSE
"MIR5571",FALSE
"MIR5579",FALSE
"MIR558",FALSE
"MIR5580",FALSE
"MIR5581",TRUE
"MIR5582",FALSE
"MIR5583-1",FALSE
"MIR5584",FALSE
"MIR5585",FALSE
"MIR5586",FALSE
"MIR5587",FALSE
"MIR5588",FALSE
"MIR5589",FALSE
"MIR559",TRUE
"MIR5590",FALSE
"MIR5591",FALSE
"MIR561",FALSE
"MIR562",FALSE
"MIR563",FALSE
"MIR567",FALSE
"MIR5680",FALSE
"MIR5681A",FALSE
"MIR5682",FALSE
"MIR5684",FALSE
"MIR5685",FALSE
"MIR5687",FALSE
"MIR5688",FALSE
"MIR5689",FALSE
"MIR5689HG",FALSE
"MIR569",FALSE
"MIR5690",FALSE
"MIR5691",FALSE
"MIR5692A1",FALSE
"MIR5692A2",FALSE
"MIR5692B",FALSE
"MIR5692C1",FALSE
"MIR5692C2",FALSE
"MIR5693",FALSE
"MIR5694",FALSE
"MIR5695",FALSE
"MIR5696",FALSE
"MIR5697",FALSE
"MIR5698",FALSE
"MIR5699",FALSE
"MIR570",TRUE
"MIR5700",FALSE
"MIR5701-1",FALSE
"MIR5701-2",FALSE
"MIR5701-3",FALSE
"MIR5702",FALSE
"MIR5704",FALSE
"MIR5705",FALSE
"MIR5706",FALSE
"MIR5707",FALSE
"MIR5708",FALSE
"MIR571",FALSE
"MIR572",FALSE
"MIR573",FALSE
"MIR5739",FALSE
"MIR574",FALSE
"MIR575",FALSE
"MIR576",FALSE
"MIR577",FALSE
"MIR578",FALSE
"MIR5787",FALSE
"MIR579",FALSE
"MIR580",FALSE
"MIR581",FALSE
"MIR582",FALSE
"MIR583",FALSE
"MIR584",FALSE
"MIR585",FALSE
"MIR586",FALSE
"MIR587",FALSE
"MIR588",FALSE
"MIR589",FALSE
"MIR590",TRUE
"MIR591",FALSE
"MIR592",FALSE
"MIR593",FALSE
"MIR595",FALSE
"MIR596",FALSE
"MIR597",FALSE
"MIR598",FALSE
"MIR599",FALSE
"MIR600HG",TRUE
"MIR601",FALSE
"MIR602",FALSE
"MIR603",FALSE
"MIR604",FALSE
"MIR605",FALSE
"MIR606",FALSE
"MIR6068",FALSE
"MIR6069",FALSE
"MIR607",FALSE
"MIR6070",FALSE
"MIR6071",FALSE
"MIR6072",FALSE
"MIR6074",FALSE
"MIR6075",FALSE
"MIR6076",FALSE
"MIR6077",FALSE
"MIR6078",FALSE
"MIR608",FALSE
"MIR6080",FALSE
"MIR6081",FALSE
"MIR6082",FALSE
"MIR6083",FALSE
"MIR6085",FALSE
"MIR6088",FALSE
"MIR6089",FALSE
"MIR609",FALSE
"MIR6090",FALSE
"MIR610",FALSE
"MIR6124",FALSE
"MIR6126",FALSE
"MIR6127",FALSE
"MIR6128",FALSE
"MIR6129",FALSE
"MIR613",FALSE
"MIR6130",FALSE
"MIR6131",FALSE
"MIR6133",FALSE
"MIR6134",FALSE
"MIR615",FALSE
"MIR616",TRUE
"MIR6165",FALSE
"MIR617",FALSE
"MIR618",FALSE
"MIR619",FALSE
"MIR620",FALSE
"MIR621",TRUE
"MIR623",FALSE
"MIR624",FALSE
"MIR625",FALSE
"MIR626",FALSE
"MIR627",FALSE
"MIR629",FALSE
"MIR633",FALSE
"MIR634",FALSE
"MIR635",TRUE
"MIR638",FALSE
"MIR640",FALSE
"MIR641",FALSE
"MIR642A",FALSE
"MIR643",FALSE
"MIR644A",FALSE
"MIR645",FALSE
"MIR646",FALSE
"MIR647",FALSE
"MIR648",FALSE
"MIR649",FALSE
"MIR6499",FALSE
"MIR6500",FALSE
"MIR6503",FALSE
"MIR6504",FALSE
"MIR6505",FALSE
"MIR6507",FALSE
"MIR6508",FALSE
"MIR6509",FALSE
"MIR651",FALSE
"MIR6511A1",FALSE
"MIR6511A2",FALSE
"MIR6511A3",FALSE
"MIR6511A4",FALSE
"MIR6512",FALSE
"MIR6514",FALSE
"MIR6515",FALSE
"MIR652",FALSE
"MIR653",FALSE
"MIR654",FALSE
"MIR655",FALSE
"MIR656",FALSE
"MIR657",FALSE
"MIR659",FALSE
"MIR660",FALSE
"MIR661",FALSE
"MIR662",FALSE
"MIR663B",FALSE
"MIR664A",FALSE
"MIR668",FALSE
"MIR670",FALSE
"MIR670HG",FALSE
"MIR6715A",FALSE
"MIR6718",FALSE
"MIR6719",FALSE
"MIR6720",FALSE
"MIR6722",FALSE
"MIR6724-1",FALSE
"MIR6724-2",FALSE
"MIR6724-3",FALSE
"MIR6724-4",FALSE
"MIR6726",FALSE
"MIR6728",FALSE
"MIR6729",FALSE
"MIR6730",FALSE
"MIR6731",FALSE
"MIR6735",FALSE
"MIR6736",FALSE
"MIR6737",FALSE
"MIR6738",FALSE
"MIR6739",FALSE
"MIR6740",FALSE
"MIR6744",FALSE
"MIR6745",FALSE
"MIR6746",FALSE
"MIR6747",FALSE
"MIR6749",FALSE
"MIR6750",FALSE
"MIR6752",FALSE
"MIR6753",FALSE
"MIR6754",FALSE
"MIR6757",FALSE
"MIR676",FALSE
"MIR6760",FALSE
"MIR6761",FALSE
"MIR6762",FALSE
"MIR6763",FALSE
"MIR6765",FALSE
"MIR6766",FALSE
"MIR6768",FALSE
"MIR6769A",FALSE
"MIR6769B",FALSE
"MIR6770-1",FALSE
"MIR6770-2",FALSE
"MIR6770-3",FALSE
"MIR6771",FALSE
"MIR6772",TRUE
"MIR6774",FALSE
"MIR6775",FALSE
"MIR6776",FALSE
"MIR6777",FALSE
"MIR6779",FALSE
"MIR6780A",FALSE
"MIR6780B",FALSE
"MIR6781",FALSE
"MIR6782",FALSE
"MIR6783",FALSE
"MIR6784",FALSE
"MIR6786",FALSE
"MIR6788",FALSE
"MIR6790",FALSE
"MIR6792",FALSE
"MIR6793",FALSE
"MIR6794",FALSE
"MIR6795",FALSE
"MIR6796",FALSE
"MIR6797",FALSE
"MIR6798",FALSE
"MIR6799",FALSE
"MIR6801",FALSE
"MIR6802",FALSE
"MIR6803",FALSE
"MIR6804",FALSE
"MIR6806",FALSE
"MIR6807",FALSE
"MIR6809",FALSE
"MIR6810",FALSE
"MIR6811",FALSE
"MIR6812",FALSE
"MIR6813",FALSE
"MIR6814",FALSE
"MIR6815",FALSE
"MIR6816",FALSE
"MIR6817",FALSE
"MIR6818",FALSE
"MIR6819",FALSE
"MIR6821",FALSE
"MIR6823",FALSE
"MIR6825",FALSE
"MIR6826",FALSE
"MIR6829",FALSE
"MIR6832",FALSE
"MIR6833",FALSE
"MIR6835",FALSE
"MIR6839",FALSE
"MIR6842",FALSE
"MIR6846",FALSE
"MIR6851",FALSE
"MIR6853",FALSE
"MIR6854",FALSE
"MIR6855",FALSE
"MIR6856",FALSE
"MIR6857",FALSE
"MIR6858",FALSE
"MIR6859-1",TRUE
"MIR6859-2",FALSE
"MIR6859-3",FALSE
"MIR6859-4",FALSE
"MIR6862-1",FALSE
"MIR6862-2",FALSE
"MIR6864",FALSE
"MIR6865",FALSE
"MIR6867",FALSE
"MIR6868",FALSE
"MIR6870",FALSE
"MIR6871",FALSE
"MIR6876",FALSE
"MIR6877",FALSE
"MIR6879",FALSE
"MIR6880",FALSE
"MIR6881",FALSE
"MIR6882",FALSE
"MIR6885",FALSE
"MIR6888",FALSE
"MIR6889",FALSE
"MIR6891",FALSE
"MIR6892",FALSE
"MIR6893",FALSE
"MIR6894",FALSE
"MIR6895",FALSE
"MIR7-2",FALSE
"MIR7-3",FALSE
"MIR7-3HG",TRUE
"MIR708",FALSE
"MIR7106",FALSE
"MIR7111",FALSE
"MIR7150",FALSE
"MIR7151",FALSE
"MIR7152",FALSE
"MIR7154",FALSE
"MIR7155",FALSE
"MIR7156",FALSE
"MIR7158",FALSE
"MIR7159",FALSE
"MIR7160",FALSE
"MIR7161",FALSE
"MIR744",FALSE
"MIR758",FALSE
"MIR759",FALSE
"MIR760",FALSE
"MIR762",FALSE
"MIR762HG",TRUE
"MIR764",FALSE
"MIR765",FALSE
"MIR766",FALSE
"MIR767",FALSE
"MIR769",FALSE
"MIR770",TRUE
"MIR7702",FALSE
"MIR7843",FALSE
"MIR7845",FALSE
"MIR7848",FALSE
"MIR7849",FALSE
"MIR7850",FALSE
"MIR7851",FALSE
"MIR7852",FALSE
"MIR7853",FALSE
"MIR7854",FALSE
"MIR7856",FALSE
"MIR7973-1",FALSE
"MIR7974",FALSE
"MIR7975",FALSE
"MIR7976",FALSE
"MIR802",FALSE
"MIR8052",FALSE
"MIR8053",FALSE
"MIR8054",FALSE
"MIR8055",FALSE
"MIR8056",FALSE
"MIR8057",FALSE
"MIR8058",FALSE
"MIR8059",FALSE
"MIR8060",FALSE
"MIR8061",FALSE
"MIR8062",FALSE
"MIR8063",FALSE
"MIR8064",FALSE
"MIR8065",FALSE
"MIR8066",FALSE
"MIR8067",FALSE
"MIR8068",FALSE
"MIR8069",FALSE
"MIR8070",FALSE
"MIR8071-1",FALSE
"MIR8071-2",FALSE
"MIR8073",FALSE
"MIR8074",FALSE
"MIR8075",FALSE
"MIR8076",FALSE
"MIR8077",FALSE
"MIR8078",FALSE
"MIR8079",FALSE
"MIR8080",FALSE
"MIR8081",FALSE
"MIR8082",FALSE
"MIR8083",FALSE
"MIR8084",FALSE
"MIR8086",FALSE
"MIR8087",FALSE
"MIR8088",FALSE
"MIR8089",FALSE
"MIR8485",FALSE
"MIR873",FALSE
"MIR874",FALSE
"MIR875",FALSE
"MIR876",FALSE
"MIR877",FALSE
"MIR885",FALSE
"MIR887",FALSE
"MIR888",FALSE
"MIR889",FALSE
"MIR890",FALSE
"MIR891A",FALSE
"MIR891B",FALSE
"MIR892A",FALSE
"MIR892B",FALSE
"MIR892C",FALSE
"MIR9-1",FALSE
"MIR9-1HG",TRUE
"MIR9-3HG",TRUE
"MIR920",FALSE
"MIR921",FALSE
"MIR924HG",TRUE
"MIR93",FALSE
"MIR933",FALSE
"MIR934",FALSE
"MIR938",FALSE
"MIR941-2",FALSE
"MIR941-4",FALSE
"MIR941-5",FALSE
"MIR942",FALSE
"MIR944",FALSE
"MIR95",FALSE
"MIR96",FALSE
"MIR98",FALSE
"MIR99A",FALSE
"MIR99AHG",TRUE
"MIR99B",FALSE
"MIRLET7A1",FALSE
"MIRLET7A1HG",TRUE
"MIRLET7A2",FALSE
"MIRLET7C",FALSE
"MIRLET7D",TRUE
"MIRLET7E",FALSE
"MIRLET7F1",FALSE
"MIRLET7F2",FALSE
"MIRLET7G",FALSE
"MIRLET7I",FALSE
"MIRLET7IHG",TRUE
"MIS12",TRUE
"MIS18A",TRUE
"MIS18A-AS1",FALSE
"MIS18BP1",TRUE
"MISFA",TRUE
"MISO1",TRUE
"MISP",TRUE
"MISP3",TRUE
"MITD1",TRUE
"MITF",TRUE
"MIX23",TRUE
"MIXL1",FALSE
"MKI67",TRUE
"MKKS",TRUE
"MKLN1",TRUE
"MKLN1-AS",TRUE
"MKNK1",TRUE
"MKNK1-AS1",TRUE
"MKNK2",TRUE
"MKNK2P1",FALSE
"MKRN1",TRUE
"MKRN2",TRUE
"MKRN2OS",TRUE
"MKRN3",FALSE
"MKRN7P",TRUE
"MKS1",TRUE
"MKX",FALSE
"MLANA",TRUE
"MLC1",FALSE
"MLEC",TRUE
"MLECP1",FALSE
"MLF1",TRUE
"MLF1-DT",FALSE
"MLF2",TRUE
"MLH1",TRUE
"MLH3",TRUE
"MLKL",TRUE
"MLLT1",TRUE
"MLLT10",TRUE
"MLLT10P2",FALSE
"MLLT11",TRUE
"MLLT3",TRUE
"MLLT6",TRUE
"MLN",FALSE
"MLNR",FALSE
"MLPH",TRUE
"MLST8",TRUE
"MLX",TRUE
"MLXIP",TRUE
"MLXIPL",TRUE
"MLYCD",TRUE
"MMAB",TRUE
"MMACHC",TRUE
"MMACHCP1",FALSE
"MMADHC",TRUE
"MMADHC-DT",FALSE
"MMD",TRUE
"MMD2",FALSE
"MME",TRUE
"MMEL1",TRUE
"MMEL1-AS1",FALSE
"MMGT1",TRUE
"MMP1",TRUE
"MMP10",TRUE
"MMP11",TRUE
"MMP12",TRUE
"MMP13",FALSE
"MMP14",TRUE
"MMP15",TRUE
"MMP16",TRUE
"MMP17",TRUE
"MMP19",TRUE
"MMP2",TRUE
"MMP20",FALSE
"MMP21",FALSE
"MMP23B",FALSE
"MMP24",TRUE
"MMP24OS",TRUE
"MMP25",TRUE
"MMP26",FALSE
"MMP27",FALSE
"MMP28",TRUE
"MMP3",TRUE
"MMP7",TRUE
"MMP8",TRUE
"MMP9",TRUE
"MMRN1",TRUE
"MMRN2",TRUE
"MMS19",TRUE
"MMS22L",TRUE
"MMUT",TRUE
"MN1",TRUE
"MNAT1",TRUE
"MND1",TRUE
"MNDA",TRUE
"MNS1",TRUE
"MNT",TRUE
"MNX1",TRUE
"MNX1-AS2",TRUE
"MOAP1",TRUE
"MOB1A",TRUE
"MOB1AP1",FALSE
"MOB1B",TRUE
"MOB2",TRUE
"MOB3A",TRUE
"MOB3B",TRUE
"MOB3C",TRUE
"MOB4",TRUE
"MOBP",FALSE
"MOCOS",TRUE
"MOCS1",TRUE
"MOCS2",TRUE
"MOCS2-DT",TRUE
"MOCS3",TRUE
"MOG",FALSE
"MOGAT1",FALSE
"MOGAT2",FALSE
"MOGAT3",FALSE
"MOGS",TRUE
"MOK",TRUE
"MON1A",TRUE
"MON1B",TRUE
"MON2",TRUE
"MON2-AS1",FALSE
"MORC1",FALSE
"MORC1-AS1",FALSE
"MORC2",TRUE
"MORC2-AS1",FALSE
"MORC3",TRUE
"MORC4",TRUE
"MORF4L1",TRUE
"MORF4L1P4",FALSE
"MORF4L1P5",FALSE
"MORF4L2",TRUE
"MORN1",TRUE
"MORN2",TRUE
"MORN3",TRUE
"MORN4",TRUE
"MORN5",FALSE
"MOS",FALSE
"MOSMO",TRUE
"MOSPD1",TRUE
"MOSPD2",TRUE
"MOSPD3",TRUE
"MOV10",TRUE
"MOV10L1",TRUE
"MOXD1",TRUE
"MOXD2P",FALSE
"MPC1",TRUE
"MPC1L",FALSE
"MPC2",TRUE
"MPDU1",TRUE
"MPDU1-AS1",TRUE
"MPDZ",TRUE
"MPEG1",TRUE
"MPG",TRUE
"MPHOSPH10",TRUE
"MPHOSPH6",TRUE
"MPHOSPH8",TRUE
"MPHOSPH9",TRUE
"MPI",TRUE
"MPIG6B",TRUE
"MPL",FALSE
"MPLKIP",TRUE
"MPND",TRUE
"MPO",FALSE
"MPP1",TRUE
"MPP2",TRUE
"MPP3",TRUE
"MPP4",TRUE
"MPP7",TRUE
"MPPE1",TRUE
"MPPE1P2",TRUE
"MPPED1",FALSE
"MPPED2",TRUE
"MPRIP",TRUE
"MPST",TRUE
"MPV17",TRUE
"MPV17L",TRUE
"MPV17L2",TRUE
"MPV17L2P1",FALSE
"MPZ",TRUE
"MPZL1",TRUE
"MPZL2",TRUE
"MPZL3",TRUE
"MR1",TRUE
"MRAP",FALSE
"MRAP-AS1",FALSE
"MRAP2",TRUE
"MRAS",TRUE
"MRC1",TRUE
"MRC2",TRUE
"MRE11",TRUE
"MREG",TRUE
"MREGP1",FALSE
"MRFAP1",TRUE
"MRFAP1L1",TRUE
"MRFAP1L2",TRUE
"MRGBP",TRUE
"MRGPRD",FALSE
"MRGPRE",FALSE
"MRGPRF",TRUE
"MRGPRF-AS1",FALSE
"MRGPRG",FALSE
"MRGPRG-AS1",FALSE
"MRGPRX10P",FALSE
"MRGPRX11P",FALSE
"MRGPRX12P",FALSE
"MRGPRX13P",FALSE
"MRGPRX2",FALSE
"MRGPRX3",FALSE
"MRGPRX4",FALSE
"MRGPRX5P",FALSE
"MRGPRX6P",FALSE
"MRGPRX7P",FALSE
"MRGPRX8P",FALSE
"MRGPRX9P",FALSE
"MRI1",TRUE
"MRLN",FALSE
"MRM1",TRUE
"MRM2",TRUE
"MRM3",TRUE
"MRM3P1",FALSE
"MRM3P2",FALSE
"MRNIP",TRUE
"MRNIP-DT",TRUE
"MRO",TRUE
"MROCKI",TRUE
"MROH1",TRUE
"MROH2A",FALSE
"MROH2B",FALSE
"MROH5",FALSE
"MROH6",TRUE
"MROH7",TRUE
"MROH7-TTC4",FALSE
"MROH8",TRUE
"MROH9",FALSE
"MRPL1",TRUE
"MRPL10",TRUE
"MRPL11",TRUE
"MRPL12",TRUE
"MRPL13",TRUE
"MRPL14",TRUE
"MRPL15",TRUE
"MRPL16",TRUE
"MRPL17",TRUE
"MRPL18",TRUE
"MRPL19",TRUE
"MRPL2",TRUE
"MRPL20",TRUE
"MRPL20-AS1",TRUE
"MRPL21",TRUE
"MRPL22",TRUE
"MRPL22P1",FALSE
"MRPL23",TRUE
"MRPL23-AS1",FALSE
"MRPL24",TRUE
"MRPL27",TRUE
"MRPL28",TRUE
"MRPL2P1",FALSE
"MRPL3",TRUE
"MRPL30",TRUE
"MRPL32",TRUE
"MRPL33",TRUE
"MRPL34",TRUE
"MRPL35",TRUE
"MRPL35P1",FALSE
"MRPL35P2",FALSE
"MRPL35P4",FALSE
"MRPL36",TRUE
"MRPL37",TRUE
"MRPL38",TRUE
"MRPL39",TRUE
"MRPL4",TRUE
"MRPL40",TRUE
"MRPL40P1",FALSE
"MRPL41",TRUE
"MRPL42",TRUE
"MRPL42P3",FALSE
"MRPL42P6",FALSE
"MRPL43",TRUE
"MRPL44",TRUE
"MRPL45",TRUE
"MRPL46",TRUE
"MRPL47",TRUE
"MRPL48",TRUE
"MRPL49",TRUE
"MRPL49P1",FALSE
"MRPL49P2",FALSE
"MRPL50",TRUE
"MRPL50P1",FALSE
"MRPL51",TRUE
"MRPL52",TRUE
"MRPL53",TRUE
"MRPL53P1",FALSE
"MRPL54",TRUE
"MRPL55",TRUE
"MRPL57",TRUE
"MRPL57P1",FALSE
"MRPL57P3",FALSE
"MRPL57P6",FALSE
"MRPL57P7",FALSE
"MRPL57P8",FALSE
"MRPL58",TRUE
"MRPL9",TRUE
"MRPS10",TRUE
"MRPS10P1",FALSE
"MRPS10P2",FALSE
"MRPS11",TRUE
"MRPS12",TRUE
"MRPS14",TRUE
"MRPS15",TRUE
"MRPS15P1",FALSE
"MRPS16",TRUE
"MRPS16P3",FALSE
"MRPS17",TRUE
"MRPS17P3",FALSE
"MRPS17P5",FALSE
"MRPS18A",TRUE
"MRPS18B",TRUE
"MRPS18C",TRUE
"MRPS18CP7",FALSE
"MRPS2",TRUE
"MRPS21",TRUE
"MRPS21P5",FALSE
"MRPS21P7",FALSE
"MRPS21P8",FALSE
"MRPS22",TRUE
"MRPS23",TRUE
"MRPS24",TRUE
"MRPS25",TRUE
"MRPS26",TRUE
"MRPS27",TRUE
"MRPS28",TRUE
"MRPS30",TRUE
"MRPS30-DT",TRUE
"MRPS31",TRUE
"MRPS31P1",FALSE
"MRPS33",TRUE
"MRPS34",TRUE
"MRPS35",TRUE
"MRPS35P2",FALSE
"MRPS36P3",FALSE
"MRPS36P5",FALSE
"MRPS5",TRUE
"MRPS5P4",FALSE
"MRPS6",TRUE
"MRPS6P1",FALSE
"MRPS7",TRUE
"MRPS7P1",FALSE
"MRPS9",TRUE
"MRPS9-AS1",FALSE
"MRPS9-AS2",FALSE
"MRRF",TRUE
"MRRFP1",FALSE
"MRS2",TRUE
"MRS2P1",FALSE
"MRTFA",TRUE
"MRTFA-AS1",TRUE
"MRTFB",TRUE
"MRTO4",TRUE
"MS4A1",FALSE
"MS4A10",FALSE
"MS4A12",FALSE
"MS4A13",FALSE
"MS4A14",TRUE
"MS4A15",FALSE
"MS4A18",FALSE
"MS4A2",FALSE
"MS4A3",FALSE
"MS4A4A",TRUE
"MS4A4E",FALSE
"MS4A5",FALSE
"MS4A6A",TRUE
"MS4A6E",FALSE
"MS4A7",TRUE
"MS4A8",TRUE
"MSANTD1",TRUE
"MSANTD2",TRUE
"MSANTD2-AS1",TRUE
"MSANTD2P1",FALSE
"MSANTD3",TRUE
"MSANTD3-TMEFF1",FALSE
"MSANTD4",TRUE
"MSC",TRUE
"MSC-AS1",TRUE
"MSGN1",FALSE
"MSH2",TRUE
"MSH2-OT1",FALSE
"MSH3",TRUE
"MSH4",FALSE
"MSH5",TRUE
"MSH5-SAPCD1",FALSE
"MSH6",TRUE
"MSI1",TRUE
"MSI2",TRUE
"MSI2-AS1",FALSE
"MSL1",TRUE
"MSL2",TRUE
"MSL3",TRUE
"MSLN",TRUE
"MSLNL",FALSE
"MSMB",FALSE
"MSMO1",TRUE
"MSMP",FALSE
"MSN",TRUE
"MSR1",TRUE
"MSRA",TRUE
"MSRB1",TRUE
"MSRB2",TRUE
"MSRB3",TRUE
"MSS51",TRUE
"MST1",TRUE
"MST1L",TRUE
"MST1R",TRUE
"MSTN",FALSE
"MSTO1",TRUE
"MSX1",TRUE
"MSX2",TRUE
"MT-ATP6",TRUE
"MT-ATP8",TRUE
"MT-CO1",TRUE
"MT-CO2",TRUE
"MT-CO3",TRUE
"MT-CYB",TRUE
"MT-ND1",TRUE
"MT-ND2",TRUE
"MT-ND3",TRUE
"MT-ND4",TRUE
"MT-ND4L",TRUE
"MT-ND5",TRUE
"MT-ND6",TRUE
"MT1A",TRUE
"MT1B",FALSE
"MT1E",TRUE
"MT1F",TRUE
"MT1G",TRUE
"MT1H",TRUE
"MT1HL1",FALSE
"MT1M",TRUE
"MT1P3",FALSE
"MT1X",TRUE
"MT2A",TRUE
"MT3",FALSE
"MT4",FALSE
"MTA1",TRUE
"MTA1-DT",TRUE
"MTA2",TRUE
"MTA3",TRUE
"MTA3P1",FALSE
"MTAP",TRUE
"MTAPP2",FALSE
"MTARC1",TRUE
"MTARC2",TRUE
"MTATP6P1",TRUE
"MTATP6P11",FALSE
"MTATP6P13",FALSE
"MTATP6P14",FALSE
"MTATP6P15",FALSE
"MTATP6P16",FALSE
"MTATP6P17",FALSE
"MTATP6P18",FALSE
"MTATP6P19",FALSE
"MTATP6P2",FALSE
"MTATP6P20",FALSE
"MTATP6P21",FALSE
"MTATP6P22",FALSE
"MTATP6P23",FALSE
"MTATP6P24",FALSE
"MTATP6P25",FALSE
"MTATP6P26",FALSE
"MTATP6P27",FALSE
"MTATP6P29",FALSE
"MTATP6P3",FALSE
"MTATP6P30",FALSE
"MTATP6P31",FALSE
"MTATP6P4",FALSE
"MTATP6P7",FALSE
"MTATP6P9",FALSE
"MTATP8P1",FALSE
"MTATP8P2",FALSE
"MTBP",TRUE
"MTCH1",TRUE
"MTCH2",TRUE
"MTCH2P1",FALSE
"MTCH2P2",FALSE
"MTCH2P3",FALSE
"MTCH2P4",FALSE
"MTCL1",TRUE
"MTCL2",TRUE
"MTCL3",FALSE
"MTCO1P11",FALSE
"MTCO1P12",TRUE
"MTCO1P14",FALSE
"MTCO1P15",FALSE
"MTCO1P17",FALSE
"MTCO1P18",FALSE
"MTCO1P19",FALSE
"MTCO1P20",FALSE
"MTCO1P21",FALSE
"MTCO1P22",FALSE
"MTCO1P23",FALSE
"MTCO1P24",FALSE
"MTCO1P25",FALSE
"MTCO1P27",FALSE
"MTCO1P28",FALSE
"MTCO1P29",FALSE
"MTCO1P3",FALSE
"MTCO1P30",FALSE
"MTCO1P31",FALSE
"MTCO1P35",FALSE
"MTCO1P39",FALSE
"MTCO1P4",FALSE
"MTCO1P40",FALSE
"MTCO1P42",FALSE
"MTCO1P43",FALSE
"MTCO1P44",FALSE
"MTCO1P45",FALSE
"MTCO1P46",FALSE
"MTCO1P47",FALSE
"MTCO1P48",FALSE
"MTCO1P49",FALSE
"MTCO1P5",FALSE
"MTCO1P51",FALSE
"MTCO1P52",FALSE
"MTCO1P53",FALSE
"MTCO1P54",FALSE
"MTCO1P55",FALSE
"MTCO1P56",FALSE
"MTCO1P57",FALSE
"MTCO1P58",FALSE
"MTCO1P6",FALSE
"MTCO1P7",FALSE
"MTCO1P8",FALSE
"MTCO1P9",FALSE
"MTCO2P1",FALSE
"MTCO2P11",FALSE
"MTCO2P12",TRUE
"MTCO2P15",FALSE
"MTCO2P16",FALSE
"MTCO2P17",FALSE
"MTCO2P18",FALSE
"MTCO2P19",FALSE
"MTCO2P2",FALSE
"MTCO2P20",FALSE
"MTCO2P21",FALSE
"MTCO2P22",FALSE
"MTCO2P23",FALSE
"MTCO2P24",FALSE
"MTCO2P25",FALSE
"MTCO2P27",FALSE
"MTCO2P29",FALSE
"MTCO2P3",FALSE
"MTCO2P30",FALSE
"MTCO2P31",FALSE
"MTCO2P32",FALSE
"MTCO2P33",FALSE
"MTCO2P34",FALSE
"MTCO2P4",FALSE
"MTCO2P5",FALSE
"MTCO2P6",FALSE
"MTCO2P7",FALSE
"MTCO2P8",FALSE
"MTCO2P9",FALSE
"MTCO3P10",FALSE
"MTCO3P11",FALSE
"MTCO3P12",TRUE
"MTCO3P13",FALSE
"MTCO3P15",FALSE
"MTCO3P16",FALSE
"MTCO3P17",FALSE
"MTCO3P18",FALSE
"MTCO3P2",FALSE
"MTCO3P20",FALSE
"MTCO3P21",FALSE
"MTCO3P22",FALSE
"MTCO3P23",FALSE
"MTCO3P24",FALSE
"MTCO3P27",FALSE
"MTCO3P28",FALSE
"MTCO3P29",FALSE
"MTCO3P30",FALSE
"MTCO3P31",FALSE
"MTCO3P35",FALSE
"MTCO3P38",FALSE
"MTCO3P39",FALSE
"MTCO3P4",FALSE
"MTCO3P40",FALSE
"MTCO3P41",FALSE
"MTCO3P42",FALSE
"MTCO3P43",FALSE
"MTCO3P44",FALSE
"MTCO3P45",FALSE
"MTCO3P46",FALSE
"MTCO3P47",FALSE
"MTCO3P5",FALSE
"MTCO3P7",FALSE
"MTCO3P8",FALSE
"MTCO3P9",FALSE
"MTCP1",TRUE
"MTCYBP1",FALSE
"MTCYBP10",FALSE
"MTCYBP11",FALSE
"MTCYBP12",FALSE
"MTCYBP13",FALSE
"MTCYBP14",FALSE
"MTCYBP15",FALSE
"MTCYBP16",FALSE
"MTCYBP17",FALSE
"MTCYBP18",FALSE
"MTCYBP19",FALSE
"MTCYBP2",FALSE
"MTCYBP20",FALSE
"MTCYBP21",FALSE
"MTCYBP22",FALSE
"MTCYBP23",FALSE
"MTCYBP24",FALSE
"MTCYBP27",FALSE
"MTCYBP28",FALSE
"MTCYBP29",FALSE
"MTCYBP3",FALSE
"MTCYBP31",FALSE
"MTCYBP32",FALSE
"MTCYBP33",FALSE
"MTCYBP34",FALSE
"MTCYBP35",FALSE
"MTCYBP36",FALSE
"MTCYBP37",FALSE
"MTCYBP38",FALSE
"MTCYBP39",FALSE
"MTCYBP4",FALSE
"MTCYBP40",FALSE
"MTCYBP41",FALSE
"MTCYBP42",FALSE
"MTCYBP43",FALSE
"MTCYBP44",FALSE
"MTCYBP45",FALSE
"MTCYBP5",FALSE
"MTCYBP6",FALSE
"MTCYBP7",FALSE
"MTCYBP8",FALSE
"MTCYBP9",FALSE
"MTDH",TRUE
"MTDHP1",FALSE
"MTDHP2",FALSE
"MTDHP3",TRUE
"MTDHP4",FALSE
"MTDHP5",FALSE
"MTERF1",TRUE
"MTERF2",TRUE
"MTERF3",TRUE
"MTERF4",TRUE
"MTF1",TRUE
"MTF2",TRUE
"MTFMT",TRUE
"MTFP1",TRUE
"MTFR1",TRUE
"MTFR1L",TRUE
"MTFR2",TRUE
"MTG1",TRUE
"MTG2",TRUE
"MTHFD1",TRUE
"MTHFD1L",TRUE
"MTHFD1LP1",FALSE
"MTHFD1P1",TRUE
"MTHFD2",TRUE
"MTHFD2L",TRUE
"MTHFD2P2",FALSE
"MTHFD2P3",FALSE
"MTHFD2P7",FALSE
"MTHFR",TRUE
"MTHFS",TRUE
"MTHFSD",TRUE
"MTIF2",TRUE
"MTIF2P1",FALSE
"MTIF3",TRUE
"MTLN",TRUE
"MTM1",TRUE
"MTMR1",TRUE
"MTMR10",TRUE
"MTMR11",TRUE
"MTMR12",TRUE
"MTMR14",TRUE
"MTMR2",TRUE
"MTMR3",TRUE
"MTMR4",TRUE
"MTMR6",TRUE
"MTMR7",TRUE
"MTMR8",TRUE
"MTMR9",TRUE
"MTMR9-AS1",TRUE
"MTMR9P1",FALSE
"MTNAP1",TRUE
"MTNAP1P1",FALSE
"MTND1P1",FALSE
"MTND1P11",FALSE
"MTND1P12",FALSE
"MTND1P14",FALSE
"MTND1P15",FALSE
"MTND1P16",FALSE
"MTND1P18",FALSE
"MTND1P19",FALSE
"MTND1P2",FALSE
"MTND1P20",FALSE
"MTND1P21",FALSE
"MTND1P22",FALSE
"MTND1P23",TRUE
"MTND1P24",FALSE
"MTND1P26",FALSE
"MTND1P27",FALSE
"MTND1P28",FALSE
"MTND1P3",FALSE
"MTND1P30",FALSE
"MTND1P31",FALSE
"MTND1P32",FALSE
"MTND1P33",FALSE
"MTND1P34",FALSE
"MTND1P35",FALSE
"MTND1P36",FALSE
"MTND1P5",FALSE
"MTND1P6",FALSE
"MTND1P7",FALSE
"MTND1P8",FALSE
"MTND1P9",FALSE
"MTND2P11",FALSE
"MTND2P12",FALSE
"MTND2P13",FALSE
"MTND2P14",FALSE
"MTND2P15",FALSE
"MTND2P16",FALSE
"MTND2P17",FALSE
"MTND2P18",FALSE
"MTND2P2",FALSE
"MTND2P20",FALSE
"MTND2P21",FALSE
"MTND2P22",FALSE
"MTND2P23",FALSE
"MTND2P25",FALSE
"MTND2P26",FALSE
"MTND2P28",TRUE
"MTND2P29",FALSE
"MTND2P3",FALSE
"MTND2P30",FALSE
"MTND2P31",FALSE
"MTND2P32",FALSE
"MTND2P33",FALSE
"MTND2P38",FALSE
"MTND2P39",FALSE
"MTND2P4",FALSE
"MTND2P40",FALSE
"MTND2P5",FALSE
"MTND2P6",FALSE
"MTND2P7",FALSE
"MTND2P8",FALSE
"MTND2P9",FALSE
"MTND3P1",FALSE
"MTND3P10",FALSE
"MTND3P12",FALSE
"MTND3P13",FALSE
"MTND3P16",FALSE
"MTND3P17",FALSE
"MTND3P19",FALSE
"MTND3P2",FALSE
"MTND3P20",FALSE
"MTND3P21",FALSE
"MTND3P22",FALSE
"MTND3P23",FALSE
"MTND3P24",FALSE
"MTND3P25",FALSE
"MTND3P4",FALSE
"MTND3P5",FALSE
"MTND3P6",FALSE
"MTND3P7",FALSE
"MTND3P8",FALSE
"MTND3P9",FALSE
"MTND4LP1",FALSE
"MTND4LP10",FALSE
"MTND4LP11",FALSE
"MTND4LP12",FALSE
"MTND4LP13",FALSE
"MTND4LP14",FALSE
"MTND4LP16",FALSE
"MTND4LP17",FALSE
"MTND4LP19",FALSE
"MTND4LP2",FALSE
"MTND4LP20",FALSE
"MTND4LP21",FALSE
"MTND4LP22",FALSE
"MTND4LP23",FALSE
"MTND4LP24",FALSE
"MTND4LP25",FALSE
"MTND4LP26",FALSE
"MTND4LP3",FALSE
"MTND4LP30",FALSE
"MTND4LP31",FALSE
"MTND4LP5",FALSE
"MTND4LP7",FALSE
"MTND4LP9",FALSE
"MTND4P1",FALSE
"MTND4P10",FALSE
"MTND4P12",TRUE
"MTND4P13",FALSE
"MTND4P14",FALSE
"MTND4P15",FALSE
"MTND4P16",FALSE
"MTND4P18",FALSE
"MTND4P2",FALSE
"MTND4P21",FALSE
"MTND4P22",FALSE
"MTND4P23",FALSE
"MTND4P24",FALSE
"MTND4P25",FALSE
"MTND4P26",FALSE
"MTND4P27",FALSE
"MTND4P28",FALSE
"MTND4P29",FALSE
"MTND4P3",FALSE
"MTND4P33",FALSE
"MTND4P35",FALSE
"MTND4P5",FALSE
"MTND4P6",FALSE
"MTND4P8",FALSE
"MTND4P9",FALSE
"MTND5P1",FALSE
"MTND5P10",FALSE
"MTND5P11",TRUE
"MTND5P12",FALSE
"MTND5P14",FALSE
"MTND5P16",FALSE
"MTND5P17",FALSE
"MTND5P18",FALSE
"MTND5P19",FALSE
"MTND5P2",FALSE
"MTND5P20",FALSE
"MTND5P22",FALSE
"MTND5P23",FALSE
"MTND5P24",FALSE
"MTND5P25",FALSE
"MTND5P27",FALSE
"MTND5P28",FALSE
"MTND5P29",FALSE
"MTND5P3",FALSE
"MTND5P30",FALSE
"MTND5P31",FALSE
"MTND5P32",FALSE
"MTND5P33",FALSE
"MTND5P34",FALSE
"MTND5P4",FALSE
"MTND5P41",FALSE
"MTND5P5",FALSE
"MTND5P6",FALSE
"MTND5P7",FALSE
"MTND5P8",FALSE
"MTND5P9",FALSE
"MTND6P1",FALSE
"MTND6P10",FALSE
"MTND6P11",FALSE
"MTND6P12",FALSE
"MTND6P13",FALSE
"MTND6P14",FALSE
"MTND6P15",FALSE
"MTND6P16",FALSE
"MTND6P17",FALSE
"MTND6P18",FALSE
"MTND6P19",FALSE
"MTND6P2",FALSE
"MTND6P20",FALSE
"MTND6P21",FALSE
"MTND6P22",FALSE
"MTND6P24",FALSE
"MTND6P25",FALSE
"MTND6P3",FALSE
"MTND6P32",FALSE
"MTND6P33",FALSE
"MTND6P4",FALSE
"MTND6P5",FALSE
"MTND6P6",FALSE
"MTND6P7",FALSE
"MTND6P8",FALSE
"MTND6P9",FALSE
"MTNR1A",TRUE
"MTNR1B",FALSE
"MTO1",TRUE
"MTOR",TRUE
"MTOR-AS1",FALSE
"MTPAP",TRUE
"MTPN",TRUE
"MTR",TRUE
"MTRES1",TRUE
"MTRES1P1",FALSE
"MTRES1P2",FALSE
"MTREX",TRUE
"MTRF1",TRUE
"MTRF1L",TRUE
"MTRF1LP1",FALSE
"MTRFR",TRUE
"MTRR",TRUE
"MTSS1",TRUE
"MTSS2",TRUE
"MTTP",FALSE
"MTURN",TRUE
"MTUS1",TRUE
"MTUS1-DT",TRUE
"MTUS2",TRUE
"MTUS2-AS2",FALSE
"MTX1",TRUE
"MTX1LP",TRUE
"MTX2",TRUE
"MTX3",TRUE
"MUC1",TRUE
"MUC12",TRUE
"MUC12-AS1",FALSE
"MUC13",TRUE
"MUC15",TRUE
"MUC16",TRUE
"MUC17",FALSE
"MUC19",FALSE
"MUC2",FALSE
"MUC20",TRUE
"MUC21",FALSE
"MUC22",FALSE
"MUC3A",TRUE
"MUC4",TRUE
"MUC5AC",FALSE
"MUC5B",TRUE
"MUC5B-AS1",FALSE
"MUC6",TRUE
"MUC7",FALSE
"MUCL1",FALSE
"MUCL3",FALSE
"MUL1",TRUE
"MUPP",FALSE
"MUS81",TRUE
"MUSK",FALSE
"MUSTN1",FALSE
"MUTYH",TRUE
"MVB12A",TRUE
"MVB12B",TRUE
"MVD",TRUE
"MVK",TRUE
"MVP",TRUE
"MX1",TRUE
"MX2",TRUE
"MXD1",TRUE
"MXD3",TRUE
"MXD4",TRUE
"MXI1",TRUE
"MXRA5",TRUE
"MXRA5Y",TRUE
"MXRA7",TRUE
"MXRA8",TRUE
"MYADM",TRUE
"MYADML2",FALSE
"MYB",TRUE
"MYBBP1A",TRUE
"MYBL1",TRUE
"MYBL2",TRUE
"MYBPC1",TRUE
"MYBPC2",TRUE
"MYBPC3",FALSE
"MYBPH",TRUE
"MYBPHL",FALSE
"MYC",TRUE
"MYCBP",TRUE
"MYCBP2",TRUE
"MYCBP2-AS1",FALSE
"MYCBP2-AS2",FALSE
"MYCBPAP",TRUE
"MYCL",TRUE
"MYCL-AS1",FALSE
"MYCN",FALSE
"MYCNOS",FALSE
"MYCNUT",FALSE
"MYCT1",TRUE
"MYD88",TRUE
"MYDGF",TRUE
"MYEF2",TRUE
"MYEOV",TRUE
"MYF5",FALSE
"MYF6",FALSE
"MYG1",TRUE
"MYH1",FALSE
"MYH10",TRUE
"MYH11",TRUE
"MYH13",FALSE
"MYH14",TRUE
"MYH15",TRUE
"MYH2",FALSE
"MYH3",TRUE
"MYH4",FALSE
"MYH6",TRUE
"MYH7",TRUE
"MYH7B",TRUE
"MYH8",FALSE
"MYH9",TRUE
"MYH9-DT",TRUE
"MYHAS",FALSE
"MYL1",FALSE
"MYL10",FALSE
"MYL11",FALSE
"MYL12-AS1",FALSE
"MYL12A",TRUE
"MYL12B",TRUE
"MYL2",FALSE
"MYL3",FALSE
"MYL4",FALSE
"MYL5",TRUE
"MYL6",TRUE
"MYL6B",TRUE
"MYL6B-AS1",FALSE
"MYL7",FALSE
"MYL9",TRUE
"MYLIP",TRUE
"MYLK",TRUE
"MYLK2",TRUE
"MYLK3",TRUE
"MYLK4",TRUE
"MYLKP1",TRUE
"MYMK",FALSE
"MYMX",TRUE
"MYNN",TRUE
"MYO10",TRUE
"MYO15A",TRUE
"MYO15B",TRUE
"MYO16",TRUE
"MYO16-AS1",FALSE
"MYO18A",TRUE
"MYO18B",TRUE
"MYO19",TRUE
"MYO1A",FALSE
"MYO1B",TRUE
"MYO1B-AS1",TRUE
"MYO1C",TRUE
"MYO1D",TRUE
"MYO1D-DT",FALSE
"MYO1E",TRUE
"MYO1F",TRUE
"MYO1G",TRUE
"MYO1H",FALSE
"MYO3A",TRUE
"MYO3B",TRUE
"MYO3B-AS1",FALSE
"MYO5A",TRUE
"MYO5B",TRUE
"MYO5BP2",FALSE
"MYO5BP3",FALSE
"MYO5C",TRUE
"MYO6",TRUE
"MYO7A",TRUE
"MYO7B",TRUE
"MYO9A",TRUE
"MYO9A-AS1",FALSE
"MYO9B",TRUE
"MYOC",FALSE
"MYOCD",FALSE
"MYOCD-AS1",FALSE
"MYOD1",FALSE
"MYOF",TRUE
"MYOG",FALSE
"MYOM1",TRUE
"MYOM2",TRUE
"MYOM3",TRUE
"MYORG",TRUE
"MYOT",TRUE
"MYOZ1",FALSE
"MYOZ2",FALSE
"MYOZ3",FALSE
"MYPN",TRUE
"MYPOP",TRUE
"MYRF",TRUE
"MYRF-AS1",TRUE
"MYRFL",TRUE
"MYRIP",TRUE
"MYSM1",TRUE
"MYT1",TRUE
"MYT1L",TRUE
"MYT1L-AS1",FALSE
"MYZAP",TRUE
"MZB1",FALSE
"MZF1",TRUE
"MZT1",TRUE
"MZT2A",TRUE
"MZT2B",TRUE
"N4BP1",TRUE
"N4BP2",TRUE
"N4BP2L1",TRUE
"N4BP2L2",TRUE
"N4BP2L2-IT2",TRUE
"N4BP3",TRUE
"NAA10",TRUE
"NAA11",FALSE
"NAA15",TRUE
"NAA16",TRUE
"NAA20",TRUE
"NAA25",TRUE
"NAA30",TRUE
"NAA35",TRUE
"NAA38",TRUE
"NAA40",TRUE
"NAA50",TRUE
"NAA50P2",FALSE
"NAA60",TRUE
"NAA80",TRUE
"NAAA",TRUE
"NAALAD2",TRUE
"NAALADL1",TRUE
"NAALADL2",TRUE
"NAALADL2-AS3",FALSE
"NAB1",TRUE
"NAB1P1",FALSE
"NAB2",TRUE
"NABP1",TRUE
"NABP2",TRUE
"NACA",TRUE
"NACA2",TRUE
"NACA3P",TRUE
"NACA4P",FALSE
"NACAD",TRUE
"NACAP10",FALSE
"NACAP2",FALSE
"NACAP5",FALSE
"NACAP6",FALSE
"NACAP8",FALSE
"NACC1",TRUE
"NACC2",TRUE
"NADK",TRUE
"NADK2",TRUE
"NADK2-AS1",TRUE
"NADSYN1",TRUE
"NAE1",TRUE
"NAF1",TRUE
"NAGA",TRUE
"NAGK",TRUE
"NAGLU",TRUE
"NAGPA",TRUE
"NAGS",TRUE
"NAIF1",TRUE
"NAIP",TRUE
"NAIPP1",FALSE
"NAIPP3",FALSE
"NALCN",TRUE
"NALCN-AS1",FALSE
"NALF1",TRUE
"NALF2",TRUE
"NALT1",TRUE
"NAMPT",TRUE
"NAMPT-AS1",FALSE
"NAMPTP1",TRUE
"NAMPTP2",FALSE
"NAMPTP3",FALSE
"NANOG",FALSE
"NANOGNB",FALSE
"NANOGNBP2",FALSE
"NANOGP3",FALSE
"NANOGP6",FALSE
"NANOGP8",FALSE
"NANOS1",TRUE
"NANOS2",FALSE
"NANOS3",TRUE
"NANP",TRUE
"NANS",TRUE
"NAP1L1",TRUE
"NAP1L1P1",FALSE
"NAP1L1P3",FALSE
"NAP1L2",TRUE
"NAP1L3",TRUE
"NAP1L4",TRUE
"NAP1L4P3",FALSE
"NAP1L5",TRUE
"NAP1L5P1",FALSE
"NAPA",TRUE
"NAPB",TRUE
"NAPEPLD",TRUE
"NAPG",TRUE
"NAPGP1",FALSE
"NAPRT",TRUE
"NAPSA",TRUE
"NARF",TRUE
"NARF-AS2",TRUE
"NARS1",TRUE
"NARS1P2",FALSE
"NARS2",TRUE
"NARS2-AS1",FALSE
"NASP",TRUE
"NAT1",TRUE
"NAT10",TRUE
"NAT14",TRUE
"NAT16",FALSE
"NAT2",FALSE
"NAT8",FALSE
"NAT8L",TRUE
"NAT9",TRUE
"NATD1",TRUE
"NAV1",TRUE
"NAV2",TRUE
"NAV2-AS3",FALSE
"NAV2-AS4",FALSE
"NAV2-AS5",FALSE
"NAV3",TRUE
"NAXD",TRUE
"NAXD-AS1",TRUE
"NAXE",TRUE
"NAXEP1",FALSE
"NAXEP2",FALSE
"NBAS",TRUE
"NBDY",TRUE
"NBEA",TRUE
"NBEAL1",TRUE
"NBEAL2",TRUE
"NBEAP2",TRUE
"NBEAP4",FALSE
"NBEAP5",FALSE
"NBN",TRUE
"NBPF1",TRUE
"NBPF10",TRUE
"NBPF11",TRUE
"NBPF12",TRUE
"NBPF14",TRUE
"NBPF15",TRUE
"NBPF17P",FALSE
"NBPF19",TRUE
"NBPF20",TRUE
"NBPF21P",FALSE
"NBPF26",TRUE
"NBPF3",TRUE
"NBPF4",FALSE
"NBPF6",FALSE
"NBPF8",TRUE
"NBPF9",TRUE
"NBR1",TRUE
"NBR2",TRUE
"NCALD",TRUE
"NCAM1",TRUE
"NCAM1-AS2",FALSE
"NCAM2",TRUE
"NCAN",FALSE
"NCAPD2",TRUE
"NCAPD2P1",FALSE
"NCAPD3",TRUE
"NCAPG",TRUE
"NCAPG2",TRUE
"NCAPGP2",FALSE
"NCAPH",TRUE
"NCAPH2",TRUE
"NCBP1",TRUE
"NCBP2",TRUE
"NCBP2-AS1",FALSE
"NCBP2AS2",TRUE
"NCBP2L",FALSE
"NCBP3",TRUE
"NCCRP1",TRUE
"NCDN",TRUE
"NCEH1",TRUE
"NCF1",TRUE
"NCF2",TRUE
"NCF4",TRUE
"NCF4-AS1",FALSE
"NCK1",TRUE
"NCK1-DT",TRUE
"NCK2",TRUE
"NCKAP1",TRUE
"NCKAP1L",TRUE
"NCKAP1P1",FALSE
"NCKAP5",TRUE
"NCKAP5-AS1",FALSE
"NCKAP5-AS2",FALSE
"NCKAP5L",TRUE
"NCKIPSD",TRUE
"NCL",TRUE
"NCLN",TRUE
"NCMAP",TRUE
"NCOA1",TRUE
"NCOA2",TRUE
"NCOA3",TRUE
"NCOA4",TRUE
"NCOA5",TRUE
"NCOA6",TRUE
"NCOA7",TRUE
"NCOA7-AS1",FALSE
"NCOR1",TRUE
"NCOR1P2",FALSE
"NCOR1P3",FALSE
"NCOR2",TRUE
"NCR1",FALSE
"NCR2",FALSE
"NCR3",FALSE
"NCR3LG1",TRUE
"NCS1",TRUE
"NCSTN",TRUE
"NCSTNP1",FALSE
"NDC1",TRUE
"NDC80",TRUE
"NDE1",TRUE
"NDE1P2",FALSE
"NDEL1",TRUE
"NDFIP1",TRUE
"NDFIP2",TRUE
"NDFIP2-AS1",FALSE
"NDN",TRUE
"NDNF",TRUE
"NDOR1",TRUE
"NDP",FALSE
"NDP-AS1",FALSE
"NDRG1",TRUE
"NDRG2",TRUE
"NDRG3",TRUE
"NDRG4",TRUE
"NDST1",TRUE
"NDST2",TRUE
"NDST3",FALSE
"NDST4",FALSE
"NDUFA1",TRUE
"NDUFA10",TRUE
"NDUFA11",TRUE
"NDUFA12",TRUE
"NDUFA12P1",FALSE
"NDUFA13",TRUE
"NDUFA2",TRUE
"NDUFA3",TRUE
"NDUFA3P2",FALSE
"NDUFA3P4",FALSE
"NDUFA3P6",FALSE
"NDUFA5",TRUE
"NDUFA5P3",FALSE
"NDUFA5P7",FALSE
"NDUFA6",TRUE
"NDUFA6-DT",TRUE
"NDUFA7",TRUE
"NDUFA8",TRUE
"NDUFA8P1",FALSE
"NDUFA9",TRUE
"NDUFA9P1",FALSE
"NDUFAB1",TRUE
"NDUFAB1P1",FALSE
"NDUFAF1",TRUE
"NDUFAF2",TRUE
"NDUFAF2P1",FALSE
"NDUFAF3",TRUE
"NDUFAF4",TRUE
"NDUFAF5",TRUE
"NDUFAF6",TRUE
"NDUFAF7",TRUE
"NDUFAF8",TRUE
"NDUFB1",TRUE
"NDUFB10",TRUE
"NDUFB10P2",FALSE
"NDUFB11",TRUE
"NDUFB11P1",FALSE
"NDUFB1P2",FALSE
"NDUFB2",TRUE
"NDUFB2-AS1",TRUE
"NDUFB2P1",FALSE
"NDUFB3",TRUE
"NDUFB4",TRUE
"NDUFB4P1",FALSE
"NDUFB4P10",FALSE
"NDUFB4P12",TRUE
"NDUFB4P2",FALSE
"NDUFB4P3",FALSE
"NDUFB4P5",FALSE
"NDUFB4P6",FALSE
"NDUFB4P7",FALSE
"NDUFB4P8",FALSE
"NDUFB4P9",FALSE
"NDUFB5",TRUE
"NDUFB5P1",FALSE
"NDUFB5P2",FALSE
"NDUFB6",TRUE
"NDUFB7",TRUE
"NDUFB8",TRUE
"NDUFB8P1",FALSE
"NDUFB8P2",FALSE
"NDUFB9",TRUE
"NDUFB9P1",FALSE
"NDUFB9P3",FALSE
"NDUFC1",TRUE
"NDUFC2",TRUE
"NDUFC2-KCTD14",FALSE
"NDUFS1",TRUE
"NDUFS2",TRUE
"NDUFS3",TRUE
"NDUFS4",TRUE
"NDUFS5",TRUE
"NDUFS5P1",FALSE
"NDUFS5P2",FALSE
"NDUFS5P6",FALSE
"NDUFS6",TRUE
"NDUFS6P1",FALSE
"NDUFS7",TRUE
"NDUFS8",TRUE
"NDUFV1",TRUE
"NDUFV1-DT",FALSE
"NDUFV2",TRUE
"NDUFV2-AS1",TRUE
"NDUFV2P1",TRUE
"NDUFV3",TRUE
"NEAT1",TRUE
"NEB",TRUE
"NEBL",TRUE
"NECAB1",TRUE
"NECAB2",TRUE
"NECAB3",TRUE
"NECAP1",TRUE
"NECAP1P2",FALSE
"NECAP2",TRUE
"NECTIN1",TRUE
"NECTIN1-AS1",FALSE
"NECTIN2",TRUE
"NECTIN2P1",FALSE
"NECTIN3",TRUE
"NECTIN4",TRUE
"NEDD1",TRUE
"NEDD4",TRUE
"NEDD4L",TRUE
"NEDD8",TRUE
"NEDD8-MDP1",FALSE
"NEDD9",TRUE
"NEFH",TRUE
"NEFHP1",FALSE
"NEFHP2",FALSE
"NEFL",FALSE
"NEFM",TRUE
"NEFMP1",FALSE
"NEGR1",TRUE
"NEGR1-IT1",FALSE
"NEIL1",TRUE
"NEIL2",TRUE
"NEIL3",FALSE
"NEK1",TRUE
"NEK10",TRUE
"NEK11",TRUE
"NEK2",TRUE
"NEK2-DT",FALSE
"NEK3",TRUE
"NEK4",TRUE
"NEK4P1",FALSE
"NEK4P2",FALSE
"NEK5",TRUE
"NEK6",TRUE
"NEK7",TRUE
"NEK8",TRUE
"NEK9",TRUE
"NELFA",TRUE
"NELFB",TRUE
"NELFCD",TRUE
"NELFE",TRUE
"NELL1",FALSE
"NELL1-AS1",FALSE
"NELL2",TRUE
"NEMF",TRUE
"NEMP1",TRUE
"NEMP2",TRUE
"NEMP2-DT",FALSE
"NENF",TRUE
"NENFP1",FALSE
"NENFP3",FALSE
"NEO1",TRUE
"NEPRO-AS1",TRUE
"NES",TRUE
"NET1",TRUE
"NETO1",TRUE
"NETO2",TRUE
"NEU1",TRUE
"NEU2",FALSE
"NEU3",TRUE
"NEU4",FALSE
"NEURL1",TRUE
"NEURL1-AS1",FALSE
"NEURL1B",TRUE
"NEURL2",TRUE
"NEURL3",TRUE
"NEURL4",TRUE
"NEUROD1",TRUE
"NEUROD2",FALSE
"NEUROD4",FALSE
"NEUROD6",FALSE
"NEUROG1",FALSE
"NEUROG2",FALSE
"NEUROG3",FALSE
"NEXMIF",TRUE
"NEXN",TRUE
"NEXN-AS1",TRUE
"NF1",TRUE
"NF1P1",FALSE
"NF1P10",FALSE
"NF1P11",FALSE
"NF1P12",FALSE
"NF1P3",FALSE
"NF1P4",FALSE
"NF1P5",FALSE
"NF1P6",FALSE
"NF1P7",FALSE
"NF1P8",FALSE
"NF2",TRUE
"NFAM1",TRUE
"NFASC",TRUE
"NFAT5",TRUE
"NFATC1",TRUE
"NFATC2",TRUE
"NFATC2IP",TRUE
"NFATC2IP-AS1",TRUE
"NFATC3",TRUE
"NFATC4",TRUE
"NFE2",FALSE
"NFE2L1",TRUE
"NFE2L1-DT",TRUE
"NFE2L2",TRUE
"NFE2L3",TRUE
"NFE4",FALSE
"NFIA",TRUE
"NFIA-AS1",FALSE
"NFIA-AS2",FALSE
"NFIB",TRUE
"NFIB-AS1",FALSE
"NFIC",TRUE
"NFIL3",TRUE
"NFILZ",FALSE
"NFIX",TRUE
"NFKB1",TRUE
"NFKB2",TRUE
"NFKBIA",TRUE
"NFKBIB",TRUE
"NFKBID",TRUE
"NFKBIE",TRUE
"NFKBIL1",TRUE
"NFKBIZ",TRUE
"NFRKB",TRUE
"NFS1",TRUE
"NFU1",TRUE
"NFX1",TRUE
"NFXL1",TRUE
"NFYA",TRUE
"NFYB",TRUE
"NFYC",TRUE
"NGB",FALSE
"NGDN",TRUE
"NGEF",TRUE
"NGF",TRUE
"NGF-AS1",FALSE
"NGFR",TRUE
"NGFR-AS1",FALSE
"NGLY1",TRUE
"NGRN",TRUE
"NGRNP4",FALSE
"NHEG1",FALSE
"NHEJ1",FALSE
"NHERF1",TRUE
"NHERF2",TRUE
"NHERF4",TRUE
"NHLH1",FALSE
"NHLH2",FALSE
"NHLRC1",TRUE
"NHLRC2",TRUE
"NHLRC3",TRUE
"NHLRC4",FALSE
"NHP2",TRUE
"NHS",TRUE
"NHS-AS1",FALSE
"NHSL1",TRUE
"NHSL2",TRUE
"NHSL3",TRUE
"NIBAN1",TRUE
"NIBAN2",TRUE
"NIBAN3",FALSE
"NICN1",TRUE
"NICOL1",TRUE
"NID1",TRUE
"NID2",TRUE
"NIF3L1",TRUE
"NIFK",TRUE
"NIFK-AS1",TRUE
"NIFKP1",FALSE
"NIFKP2",FALSE
"NIFKP3",FALSE
"NIFKP4",FALSE
"NIFKP5",FALSE
"NIFKP6",FALSE
"NIFKP7",FALSE
"NIFKP8",FALSE
"NIFKP9",FALSE
"NIM1K",TRUE
"NIN",TRUE
"NINJ1",TRUE
"NINJ2",TRUE
"NINJ2-AS1",TRUE
"NINL",TRUE
"NIP7",TRUE
"NIPA1",TRUE
"NIPA2",TRUE
"NIPA2P1",FALSE
"NIPAL1",TRUE
"NIPAL2",TRUE
"NIPAL3",TRUE
"NIPAL4",TRUE
"NIPBL",TRUE
"NIPSNAP1",TRUE
"NIPSNAP2",TRUE
"NIPSNAP3A",TRUE
"NIPSNAP3B",TRUE
"NISCH",TRUE
"NIT1",TRUE
"NIT2",TRUE
"NKAIN1",TRUE
"NKAIN2",FALSE
"NKAIN3",FALSE
"NKAIN4",FALSE
"NKAP",TRUE
"NKAPD1",TRUE
"NKAPL",TRUE
"NKD1",TRUE
"NKD2",TRUE
"NKG7",FALSE
"NKILA",TRUE
"NKIRAS1",TRUE
"NKIRAS2",TRUE
"NKPD1",FALSE
"NKRF",TRUE
"NKTR",TRUE
"NKX1-1",FALSE
"NKX1-2",FALSE
"NKX2-1",FALSE
"NKX2-2",TRUE
"NKX2-3",TRUE
"NKX2-4",FALSE
"NKX2-5",FALSE
"NKX2-6",FALSE
"NKX2-8",FALSE
"NKX3-1",TRUE
"NKX3-2",TRUE
"NKX6-1",TRUE
"NKX6-2",FALSE
"NKX6-3",FALSE
"NLE1",TRUE
"NLGN1",TRUE
"NLGN1-AS1",FALSE
"NLGN2",TRUE
"NLGN3",TRUE
"NLGN4X",TRUE
"NLGN4Y",TRUE
"NLGN4Y-AS1",FALSE
"NLK",TRUE
"NLN",TRUE
"NLRC3",TRUE
"NLRC4",TRUE
"NLRC5",TRUE
"NLRP1",TRUE
"NLRP10",FALSE
"NLRP11",FALSE
"NLRP12",FALSE
"NLRP13",FALSE
"NLRP14",FALSE
"NLRP2",TRUE
"NLRP2B",FALSE
"NLRP3",TRUE
"NLRP4",FALSE
"NLRP5",FALSE
"NLRP6",FALSE
"NLRP7",FALSE
"NLRP8",FALSE
"NLRP9",FALSE
"NLRX1",TRUE
"NMB",TRUE
"NMBR",FALSE
"NMD3",TRUE
"NME1",TRUE
"NME1-NME2",FALSE
"NME1P1",FALSE
"NME2",TRUE
"NME2P2",FALSE
"NME3",TRUE
"NME4",TRUE
"NME5",TRUE
"NME6",TRUE
"NME7",TRUE
"NME8",FALSE
"NME9",TRUE
"NMI",TRUE
"NMNAT1",TRUE
"NMNAT2",TRUE
"NMNAT3",TRUE
"NMRAL1",TRUE
"NMRK1",TRUE
"NMRK2",FALSE
"NMS",FALSE
"NMT1",TRUE
"NMT2",TRUE
"NMTRQ-TTG12-1",FALSE
"NMTRS-TGA3-1",FALSE
"NMU",FALSE
"NMUR1",TRUE
"NMUR2",FALSE
"NNAT",TRUE
"NNMT",TRUE
"NNT",TRUE
"NOA1",TRUE
"NOB1",TRUE
"NOBOX",FALSE
"NOC2L",TRUE
"NOC2LP1",TRUE
"NOC3L",TRUE
"NOC4L",TRUE
"NOCT",TRUE
"NOD1",TRUE
"NOD2",TRUE
"NODAL",FALSE
"NOG",FALSE
"NOL10",TRUE
"NOL11",TRUE
"NOL11P1",TRUE
"NOL12",TRUE
"NOL3",TRUE
"NOL4",FALSE
"NOL4L",TRUE
"NOL4L-AS1",FALSE
"NOL4L-DT",FALSE
"NOL6",TRUE
"NOL7",TRUE
"NOL8",TRUE
"NOL8P1",FALSE
"NOL9",TRUE
"NOLC1",TRUE
"NOLC1P1",FALSE
"NOM1",TRUE
"NOMO1",TRUE
"NOMO2",TRUE
"NOMO3",TRUE
"NONO",TRUE
"NOP10",TRUE
"NOP14",TRUE
"NOP16",TRUE
"NOP2",TRUE
"NOP35P1",FALSE
"NOP53",TRUE
"NOP53-AS1",TRUE
"NOP56",TRUE
"NOP56P2",FALSE
"NOP58",TRUE
"NOP9",TRUE
"NOPCHAP1",TRUE
"NORAD",TRUE
"NOS1",TRUE
"NOS1AP",TRUE
"NOS2",FALSE
"NOS2P4",FALSE
"NOS3",TRUE
"NOSIP",TRUE
"NOSTRIN",TRUE
"NOTCH1",TRUE
"NOTCH2",TRUE
"NOTCH2NLA",TRUE
"NOTCH2P1",FALSE
"NOTCH3",TRUE
"NOTCH4",TRUE
"NOTO",FALSE
"NOTUM",TRUE
"NOVA1",TRUE
"NOVA1-DT",FALSE
"NOVA2",TRUE
"NOX1",FALSE
"NOX3",FALSE
"NOX4",TRUE
"NOX4P1",FALSE
"NOX5",FALSE
"NOXA1",TRUE
"NOXO1",FALSE
"NOXRED1",TRUE
"NPAP1",FALSE
"NPAP1P4",FALSE
"NPAP1P6",FALSE
"NPAS1",TRUE
"NPAS2",TRUE
"NPAS3",TRUE
"NPAS4",FALSE
"NPAT",TRUE
"NPB",FALSE
"NPBWR2",FALSE
"NPC1",TRUE
"NPC1L1",TRUE
"NPC2",TRUE
"NPDC1",TRUE
"NPEPPS",TRUE
"NPEPPSP1",TRUE
"NPFF",FALSE
"NPFFR1",FALSE
"NPFFR2",FALSE
"NPHP1",TRUE
"NPHP3",TRUE
"NPHP3-ACAD11",FALSE
"NPHP3-AS1",FALSE
"NPHP4",TRUE
"NPHS1",TRUE
"NPHS2",FALSE
"NPIPA2",FALSE
"NPIPA5",TRUE
"NPIPA6",TRUE
"NPIPA7",TRUE
"NPIPA8",TRUE
"NPIPA9",TRUE
"NPIPB11",TRUE
"NPIPB12",TRUE
"NPIPB13",TRUE
"NPIPB14P",FALSE
"NPIPB2",TRUE
"NPIPB3",TRUE
"NPIPB4",TRUE
"NPIPB5",TRUE
"NPIPB6",FALSE
"NPIPB7",FALSE
"NPIPB8",FALSE
"NPIPB9",FALSE
"NPIPP1",TRUE
"NPL",TRUE
"NPLOC4",TRUE
"NPM1",TRUE
"NPM1P17",FALSE
"NPM1P23",FALSE
"NPM1P25",TRUE
"NPM1P30",FALSE
"NPM1P36",FALSE
"NPM1P38",FALSE
"NPM1P39",TRUE
"NPM1P40",FALSE
"NPM1P48",FALSE
"NPM1P49",FALSE
"NPM1P50",FALSE
"NPM1P52",FALSE
"NPM2",TRUE
"NPM3",TRUE
"NPNT",TRUE
"NPPA",FALSE
"NPPB",TRUE
"NPPC",FALSE
"NPR1",TRUE
"NPR2",TRUE
"NPR3",TRUE
"NPRL2",TRUE
"NPRL3",TRUE
"NPS",FALSE
"NPSR1",FALSE
"NPSR1-AS1",FALSE
"NPTN",TRUE
"NPTN-IT1",TRUE
"NPTX1",FALSE
"NPTX2",TRUE
"NPTXR",TRUE
"NPVF",FALSE
"NPW",TRUE
"NPY",FALSE
"NPY1R",TRUE
"NPY2R",FALSE
"NPY4R",FALSE
"NPY4R2",FALSE
"NPY5R",TRUE
"NQO1",TRUE
"NQO1-AS1",FALSE
"NQO1-DT",FALSE
"NQO2",TRUE
"NQO2-AS1",FALSE
"NR0B1",TRUE
"NR0B2",TRUE
"NR1D1",TRUE
"NR1D2",TRUE
"NR1H2",TRUE
"NR1H3",TRUE
"NR1H4",TRUE
"NR1H5P",FALSE
"NR1I2",TRUE
"NR1I3",TRUE
"NR2C1",TRUE
"NR2C2",TRUE
"NR2C2AP",TRUE
"NR2E1",FALSE
"NR2E3",TRUE
"NR2F1",TRUE
"NR2F1-AS1",TRUE
"NR2F2",TRUE
"NR2F2-AS1",TRUE
"NR2F6",TRUE
"NR3C1",TRUE
"NR3C1P1",FALSE
"NR3C2",TRUE
"NR4A1",TRUE
"NR4A1AS",FALSE
"NR4A2",TRUE
"NR4A3",TRUE
"NR5A1",FALSE
"NR5A2",TRUE
"NR6A1",TRUE
"NRAD1",FALSE
"NRAL",FALSE
"NRAP",TRUE
"NRARP",TRUE
"NRAS",TRUE
"NRAV",TRUE
"NRBF2",TRUE
"NRBP1",TRUE
"NRBP2",TRUE
"NRCAM",TRUE
"NRDC",TRUE
"NRDE2",TRUE
"NREP",TRUE
"NREP-AS1",FALSE
"NREPP2",FALSE
"NRF1",TRUE
"NRG1",TRUE
"NRG1-IT1",FALSE
"NRG1-IT3",FALSE
"NRG2",TRUE
"NRG3",TRUE
"NRG3-AS1",FALSE
"NRG4",TRUE
"NRGN",TRUE
"NRIP1",TRUE
"NRIP2",TRUE
"NRIP3",TRUE
"NRIP3-DT",FALSE
"NRK",TRUE
"NRL",TRUE
"NRM",TRUE
"NRN1",TRUE
"NRN1L",FALSE
"NRP1",TRUE
"NRP2",TRUE
"NRROS",TRUE
"NRSN1",TRUE
"NRSN2",TRUE
"NRSN2-AS1",TRUE
"NRTN",TRUE
"NRXN1",TRUE
"NRXN1-DT",FALSE
"NRXN2",TRUE
"NRXN3",TRUE
"NRXN3-AS2",FALSE
"NSA2",TRUE
"NSD1",TRUE
"NSD2",TRUE
"NSD3",TRUE
"NSDHL",TRUE
"NSF",TRUE
"NSFL1C",TRUE
"NSG1",TRUE
"NSG2",FALSE
"NSL1",TRUE
"NSMAF",TRUE
"NSMCE1",TRUE
"NSMCE1-DT",FALSE
"NSMCE2",TRUE
"NSMCE3",TRUE
"NSMCE4A",TRUE
"NSMF",TRUE
"NSRP1",TRUE
"NSRP1P1",FALSE
"NSUN2",TRUE
"NSUN3",TRUE
"NSUN4",TRUE
"NSUN5",TRUE
"NSUN5P1",TRUE
"NSUN6",TRUE
"NSUN7",TRUE
"NT5C",TRUE
"NT5C1A",TRUE
"NT5C1B",TRUE
"NT5C1B-RDH14",FALSE
"NT5C2",TRUE
"NT5C3A",TRUE
"NT5C3B",TRUE
"NT5DC1",TRUE
"NT5DC1P1",FALSE
"NT5DC1P2",FALSE
"NT5DC2",TRUE
"NT5DC3",TRUE
"NT5DC4",FALSE
"NT5E",TRUE
"NT5M",TRUE
"NTAN1",TRUE
"NTAN1P1",FALSE
"NTAN1P2",TRUE
"NTAN1P3",FALSE
"NTAQ1",TRUE
"NTF3",FALSE
"NTF4",FALSE
"NTHL1",TRUE
"NTM",TRUE
"NTM-AS2",FALSE
"NTM-AS3",FALSE
"NTMT1",TRUE
"NTMT2",FALSE
"NTN1",TRUE
"NTN3",FALSE
"NTN4",TRUE
"NTN5",FALSE
"NTNG1",TRUE
"NTNG2",TRUE
"NTPCR",TRUE
"NTRAS",FALSE
"NTRK1",TRUE
"NTRK2",TRUE
"NTRK3",FALSE
"NTRK3-AS1",FALSE
"NTS",FALSE
"NTSR1",TRUE
"NTSR2",FALSE
"NUAK1",TRUE
"NUAK2",TRUE
"NUB1",TRUE
"NUBP1",TRUE
"NUBP2",TRUE
"NUBPL",TRUE
"NUCB1",TRUE
"NUCB1-AS1",FALSE
"NUCB2",TRUE
"NUCKS1",TRUE
"NUCKS1P1",FALSE
"NUDC",TRUE
"NUDCD1",TRUE
"NUDCD2",TRUE
"NUDCD3",TRUE
"NUDT1",TRUE
"NUDT10",TRUE
"NUDT11",TRUE
"NUDT12",TRUE
"NUDT13",TRUE
"NUDT14",TRUE
"NUDT15",TRUE
"NUDT16",TRUE
"NUDT16-DT",TRUE
"NUDT16L1",TRUE
"NUDT17",TRUE
"NUDT18",TRUE
"NUDT19",TRUE
"NUDT19P4",FALSE
"NUDT19P5",FALSE
"NUDT19P6",FALSE
"NUDT2",TRUE
"NUDT21",TRUE
"NUDT22",TRUE
"NUDT3",TRUE
"NUDT4",TRUE
"NUDT4B",TRUE
"NUDT5",TRUE
"NUDT6",TRUE
"NUDT7",TRUE
"NUDT8",TRUE
"NUDT9",TRUE
"NUF2",TRUE
"NUFIP1",TRUE
"NUFIP2",TRUE
"NUGGC",FALSE
"NUMA1",TRUE
"NUMA1-AS1",TRUE
"NUMBL",TRUE
"NUP107",TRUE
"NUP133",TRUE
"NUP153",TRUE
"NUP155",TRUE
"NUP160",TRUE
"NUP188",TRUE
"NUP205",TRUE
"NUP210",TRUE
"NUP210L",TRUE
"NUP214",TRUE
"NUP35",TRUE
"NUP37",TRUE
"NUP42",TRUE
"NUP43",TRUE
"NUP50",TRUE
"NUP50-DT",TRUE
"NUP50P4",FALSE
"NUP54",TRUE
"NUP58",TRUE
"NUP62",TRUE
"NUP62CL",TRUE
"NUP85",TRUE
"NUP88",TRUE
"NUP93",TRUE
"NUP93-DT",FALSE
"NUP98",TRUE
"NUPR1",TRUE
"NUPR2",TRUE
"NUS1",TRUE
"NUSAP1",TRUE
"NUTF2",TRUE
"NUTF2P4",FALSE
"NUTF2P5",FALSE
"NUTF2P6",FALSE
"NUTM1",FALSE
"NUTM2A",TRUE
"NUTM2A-AS1",TRUE
"NUTM2B",TRUE
"NUTM2B-AS1",TRUE
"NUTM2D",TRUE
"NUTM2E",FALSE
"NUTM2F",FALSE
"NUTM2G",TRUE
"NVL",TRUE
"NWD1",TRUE
"NWD2",TRUE
"NXF1",TRUE
"NXF2",FALSE
"NXF2B",FALSE
"NXF3",FALSE
"NXN",TRUE
"NXNL1",FALSE
"NXNL2",TRUE
"NXPE1",FALSE
"NXPE2",FALSE
"NXPE2P1",FALSE
"NXPE3",TRUE
"NXPE4",FALSE
"NXPH1",FALSE
"NXPH2",FALSE
"NXPH3",FALSE
"NXPH4",TRUE
"NXT1",TRUE
"NXT2",TRUE
"NYAP1",TRUE
"NYAP2",TRUE
"NYNRIN",TRUE
"NYX",FALSE
"OAF",TRUE
"OARD1",TRUE
"OAS1",TRUE
"OAS2",TRUE
"OAS3",TRUE
"OASL",TRUE
"OAT",TRUE
"OAZ1",TRUE
"OAZ2",TRUE
"OAZ3",TRUE
"OBI1",TRUE
"OBI1-AS1",FALSE
"OBP2A",FALSE
"OBP2B",FALSE
"OBSCN",TRUE
"OBSCN-AS1",TRUE
"OBSL1",TRUE
"OC90",FALSE
"OCA2",FALSE
"OCEL1",TRUE
"OCIAD1",TRUE
"OCIAD1-AS1",FALSE
"OCIAD2",TRUE
"OCLN",TRUE
"OCM",FALSE
"OCM2",FALSE
"OCRL",TRUE
"OCSTAMP",FALSE
"ODAD1",TRUE
"ODAD2",FALSE
"ODAD3",TRUE
"ODAD4",TRUE
"ODAM",TRUE
"ODAPH",FALSE
"ODC1",TRUE
"ODF1",FALSE
"ODF2",TRUE
"ODF2-AS1",FALSE
"ODF2L",TRUE
"ODF4",FALSE
"ODR4",TRUE
"OFD1",TRUE
"OFD1P11Y",FALSE
"OFD1P13Y",FALSE
"OFD1P17",FALSE
"OFD1P1Y",FALSE
"OFD1P2Y",FALSE
"OFD1P4Y",FALSE
"OFD1P5Y",FALSE
"OFD1P6Y",FALSE
"OFD1P7Y",FALSE
"OFD1P8Y",FALSE
"OFD1P9Y",FALSE
"OGA",TRUE
"OGDH",TRUE
"OGDHL",TRUE
"OGFOD1",TRUE
"OGFOD2",TRUE
"OGFOD3",TRUE
"OGFR",TRUE
"OGFR-AS1",FALSE
"OGFRL1",TRUE
"OGG1",TRUE
"OGN",TRUE
"OGT",TRUE
"OIP5",TRUE
"OIP5-AS1",TRUE
"OIT3",FALSE
"OLA1",TRUE
"OLA1P2",FALSE
"OLAH",FALSE
"OLFM1",TRUE
"OLFM2",TRUE
"OLFM3",FALSE
"OLFM4",TRUE
"OLFML1",TRUE
"OLFML2A",TRUE
"OLFML2B",TRUE
"OLFML3",TRUE
"OLIG1",FALSE
"OLIG2",FALSE
"OLIG3",FALSE
"OLMALINC",TRUE
"OLR1",TRUE
"OMA1",TRUE
"OMD",FALSE
"OMP",FALSE
"ONECUT1",TRUE
"ONECUT2",TRUE
"ONECUT3",FALSE
"OOEP",TRUE
"OOEP-AS1",FALSE
"OOEPP2",FALSE
"OOSP1P1",FALSE
"OOSP2",FALSE
"OOSP4B",FALSE
"OPA1",TRUE
"OPA1-AS1",FALSE
"OPA3",TRUE
"OPALIN",FALSE
"OPCML",FALSE
"OPCML-IT1",FALSE
"OPHN1",TRUE
"OPLAH",TRUE
"OPN1LW",FALSE
"OPN1MW",FALSE
"OPN1MW2",FALSE
"OPN1MW3",FALSE
"OPN1SW",TRUE
"OPN3",TRUE
"OPN4",FALSE
"OPN5",FALSE
"OPRD1",TRUE
"OPRK1",FALSE
"OPRL1",TRUE
"OPRM1",FALSE
"OPRPN",FALSE
"OPTC",FALSE
"OPTN",TRUE
"OR10A2",FALSE
"OR10A3",FALSE
"OR10A4",FALSE
"OR10A5",FALSE
"OR10A6",FALSE
"OR10A7",FALSE
"OR10AA1P",FALSE
"OR10AB1P",FALSE
"OR10AD1",FALSE
"OR10AE3P",FALSE
"OR10AF1P",FALSE
"OR10AG1",FALSE
"OR10AH1P",FALSE
"OR10AK1P",FALSE
"OR10B1P",FALSE
"OR10C1",FALSE
"OR10D1P",FALSE
"OR10D3",FALSE
"OR10D5P",FALSE
"OR10G2",FALSE
"OR10G3",FALSE
"OR10G4",FALSE
"OR10G6",FALSE
"OR10G7",FALSE
"OR10G8",FALSE
"OR10G9",FALSE
"OR10H1",FALSE
"OR10H2",FALSE
"OR10H3",FALSE
"OR10H4",FALSE
"OR10H5",FALSE
"OR10J1",FALSE
"OR10J2P",FALSE
"OR10J4",FALSE
"OR10J5",FALSE
"OR10J6P",FALSE
"OR10J7P",FALSE
"OR10J8P",FALSE
"OR10J9P",FALSE
"OR10K1",FALSE
"OR10K2",FALSE
"OR10N1P",FALSE
"OR10P1",FALSE
"OR10Q1",FALSE
"OR10Q2P",FALSE
"OR10R1P",FALSE
"OR10R2",FALSE
"OR10R3P",FALSE
"OR10S1",FALSE
"OR10T1P",FALSE
"OR10T2",FALSE
"OR10U1P",FALSE
"OR10V1",FALSE
"OR10V2P",FALSE
"OR10V3P",FALSE
"OR10W1",FALSE
"OR10X1",FALSE
"OR10Y1P",FALSE
"OR10Z1",FALSE
"OR11A1",FALSE
"OR11G1P",FALSE
"OR11G2",FALSE
"OR11H1",FALSE
"OR11H12",FALSE
"OR11H13P",FALSE
"OR11H2",FALSE
"OR11H3P",FALSE
"OR11H4",FALSE
"OR11H5P",FALSE
"OR11H6",FALSE
"OR11H7",FALSE
"OR11J2P",FALSE
"OR11J5P",FALSE
"OR11K1BP",FALSE
"OR11K2P",FALSE
"OR11L1",FALSE
"OR11M1P",FALSE
"OR11N1P",FALSE
"OR11Q1P",FALSE
"OR12D1",FALSE
"OR12D2",FALSE
"OR12D3",FALSE
"OR13A1",FALSE
"OR13C1P",FALSE
"OR13C2",FALSE
"OR13C3",FALSE
"OR13C4",FALSE
"OR13C5",FALSE
"OR13C6P",FALSE
"OR13C7",FALSE
"OR13C8",FALSE
"OR13C9",FALSE
"OR13D1",FALSE
"OR13D2P",FALSE
"OR13D3P",FALSE
"OR13E1P",FALSE
"OR13F1",FALSE
"OR13G1",FALSE
"OR13H1",FALSE
"OR13I1P",FALSE
"OR13J1",FALSE
"OR13K1P",FALSE
"OR13Z1P",FALSE
"OR13Z3P",FALSE
"OR14A16",FALSE
"OR14A2",FALSE
"OR14C36",FALSE
"OR14I1",FALSE
"OR14J1",FALSE
"OR14K1",FALSE
"OR14L1",FALSE
"OR1A1",FALSE
"OR1A2",FALSE
"OR1AA1P",FALSE
"OR1AB1P",FALSE
"OR1B1",FALSE
"OR1C1",FALSE
"OR1D2",FALSE
"OR1D4",FALSE
"OR1E1",FALSE
"OR1E2",FALSE
"OR1E3",FALSE
"OR1F1",FALSE
"OR1F12P",FALSE
"OR1F2P",FALSE
"OR1G1",FALSE
"OR1H1P",FALSE
"OR1I1",FALSE
"OR1J1",FALSE
"OR1J2",FALSE
"OR1J4",FALSE
"OR1K1",FALSE
"OR1L1",FALSE
"OR1L3",FALSE
"OR1L4",FALSE
"OR1L6",FALSE
"OR1L8",FALSE
"OR1M1",FALSE
"OR1N1",FALSE
"OR1N2",FALSE
"OR1P1",FALSE
"OR1Q1",FALSE
"OR1R1",FALSE
"OR1S1",FALSE
"OR1S2",FALSE
"OR1X1P",FALSE
"OR1X5P",FALSE
"OR2A1",FALSE
"OR2A12",FALSE
"OR2A14",FALSE
"OR2A15P",FALSE
"OR2A2",FALSE
"OR2A20P",FALSE
"OR2A25",FALSE
"OR2A4",FALSE
"OR2A42",FALSE
"OR2A5",FALSE
"OR2A7",TRUE
"OR2AD1P",FALSE
"OR2AE1",FALSE
"OR2AF1P",FALSE
"OR2AG1",FALSE
"OR2AG2",FALSE
"OR2AH1P",FALSE
"OR2AI1P",FALSE
"OR2AJ1",FALSE
"OR2AK2",FALSE
"OR2AM1P",FALSE
"OR2AP1",FALSE
"OR2AQ1P",FALSE
"OR2AS2P",FALSE
"OR2AT1P",FALSE
"OR2AT2P",FALSE
"OR2AT4",FALSE
"OR2B11",FALSE
"OR2B2",FALSE
"OR2B3",FALSE
"OR2B4P",FALSE
"OR2B6",FALSE
"OR2B7P",FALSE
"OR2B8",FALSE
"OR2BH1P",FALSE
"OR2C1",FALSE
"OR2D2",FALSE
"OR2D3",FALSE
"OR2F1",FALSE
"OR2F2",FALSE
"OR2G1P",FALSE
"OR2G2",FALSE
"OR2G3",FALSE
"OR2G6",FALSE
"OR2H1",FALSE
"OR2H2",FALSE
"OR2H4P",FALSE
"OR2I1",TRUE
"OR2J1",FALSE
"OR2J2",FALSE
"OR2J3",FALSE
"OR2J4P",FALSE
"OR2K2",FALSE
"OR2L13",FALSE
"OR2L1P",FALSE
"OR2L2",FALSE
"OR2L3",FALSE
"OR2L5",FALSE
"OR2L6P",FALSE
"OR2L8",FALSE
"OR2L9P",FALSE
"OR2M1P",FALSE
"OR2M2",FALSE
"OR2M3",FALSE
"OR2M4",FALSE
"OR2M5",FALSE
"OR2M7",FALSE
"OR2N1P",FALSE
"OR2P1P",FALSE
"OR2Q1P",FALSE
"OR2R1P",FALSE
"OR2S1P",FALSE
"OR2S2",FALSE
"OR2T1",FALSE
"OR2T10",FALSE
"OR2T11",FALSE
"OR2T12",FALSE
"OR2T2",FALSE
"OR2T27",FALSE
"OR2T3",FALSE
"OR2T32P",FALSE
"OR2T33",FALSE
"OR2T34",FALSE
"OR2T35",FALSE
"OR2T4",FALSE
"OR2T6",FALSE
"OR2T7",FALSE
"OR2T8",FALSE
"OR2U1P",FALSE
"OR2U2P",FALSE
"OR2V1",FALSE
"OR2V2",FALSE
"OR2W1",FALSE
"OR2W1-AS1",FALSE
"OR2W2P",FALSE
"OR2W3",FALSE
"OR2W4P",FALSE
"OR2W6P",FALSE
"OR2Y1",FALSE
"OR2Z1",FALSE
"OR3A1",FALSE
"OR3A2",FALSE
"OR3A3",FALSE
"OR3B1P",FALSE
"OR3D1P",FALSE
"OR4A11P",FALSE
"OR4A12P",FALSE
"OR4A13P",FALSE
"OR4A15",FALSE
"OR4A16",FALSE
"OR4A17P",FALSE
"OR4A18P",FALSE
"OR4A19P",FALSE
"OR4A1P",FALSE
"OR4A21P",FALSE
"OR4A2P",FALSE
"OR4A3P",FALSE
"OR4A40P",FALSE
"OR4A41P",FALSE
"OR4A42P",FALSE
"OR4A43P",FALSE
"OR4A44P",FALSE
"OR4A45P",FALSE
"OR4A46P",FALSE
"OR4A47",FALSE
"OR4A49P",FALSE
"OR4A4P",FALSE
"OR4A5",FALSE
"OR4A6P",FALSE
"OR4A7P",FALSE
"OR4A8",FALSE
"OR4A9P",FALSE
"OR4B1",FALSE
"OR4B2P",FALSE
"OR4C10P",FALSE
"OR4C11",FALSE
"OR4C12",FALSE
"OR4C13",FALSE
"OR4C14P",FALSE
"OR4C15",FALSE
"OR4C16",FALSE
"OR4C1P",FALSE
"OR4C3",FALSE
"OR4C45",FALSE
"OR4C46",FALSE
"OR4C49P",FALSE
"OR4C4P",FALSE
"OR4C5",FALSE
"OR4C50P",FALSE
"OR4C6",FALSE
"OR4C7P",FALSE
"OR4C9P",FALSE
"OR4D1",FALSE
"OR4D10",FALSE
"OR4D11",FALSE
"OR4D2",FALSE
"OR4D5",FALSE
"OR4D6",FALSE
"OR4D7P",FALSE
"OR4D8P",FALSE
"OR4D9",FALSE
"OR4E1",FALSE
"OR4E2",FALSE
"OR4F14P",FALSE
"OR4F15",FALSE
"OR4F17",FALSE
"OR4F1P",FALSE
"OR4F21",FALSE
"OR4F28P",FALSE
"OR4F2P",FALSE
"OR4F3",FALSE
"OR4F4",FALSE
"OR4F6",FALSE
"OR4F7P",FALSE
"OR4F8P",FALSE
"OR4G11P",FALSE
"OR4G1P",FALSE
"OR4G3P",FALSE
"OR4G4P",FALSE
"OR4G6P",FALSE
"OR4H12P",FALSE
"OR4K1",FALSE
"OR4K11P",FALSE
"OR4K12P",FALSE
"OR4K13",FALSE
"OR4K14",FALSE
"OR4K15",FALSE
"OR4K16P",FALSE
"OR4K17",FALSE
"OR4K2",FALSE
"OR4K3",FALSE
"OR4K5",FALSE
"OR4K6P",FALSE
"OR4K7P",FALSE
"OR4K8P",FALSE
"OR4L1",FALSE
"OR4M1",FALSE
"OR4M2",FALSE
"OR4M2B",FALSE
"OR4N1P",FALSE
"OR4N2",FALSE
"OR4N3BP",FALSE
"OR4N3P",FALSE
"OR4N4",FALSE
"OR4N4C",FALSE
"OR4N5",FALSE
"OR4P1P",FALSE
"OR4P4",FALSE
"OR4Q3",FALSE
"OR4R3P",FALSE
"OR4S1",FALSE
"OR4S2",FALSE
"OR4T1P",FALSE
"OR4U1P",FALSE
"OR4V1P",FALSE
"OR4W1P",FALSE
"OR4X1",FALSE
"OR4X2",FALSE
"OR4X7P",FALSE
"OR51A10P",FALSE
"OR51A2",FALSE
"OR51A3P",FALSE
"OR51A4",FALSE
"OR51A5P",FALSE
"OR51A6P",FALSE
"OR51A7",FALSE
"OR51A8P",FALSE
"OR51A9P",FALSE
"OR51B2",FALSE
"OR51B3P",FALSE
"OR51B4",FALSE
"OR51B5",FALSE
"OR51B6",FALSE
"OR51B8P",FALSE
"OR51C1",FALSE
"OR51C4P",FALSE
"OR51D1",FALSE
"OR51E1",FALSE
"OR51E2",FALSE
"OR51F1",FALSE
"OR51F2",FALSE
"OR51F3P",FALSE
"OR51F4P",FALSE
"OR51F5P",FALSE
"OR51G1",FALSE
"OR51G2",FALSE
"OR51H2P",FALSE
"OR51I1",FALSE
"OR51I2",FALSE
"OR51J1",FALSE
"OR51K1P",FALSE
"OR51L1",FALSE
"OR51M1",FALSE
"OR51N1P",FALSE
"OR51P1P",FALSE
"OR51Q1",FALSE
"OR51R1P",FALSE
"OR51S1",FALSE
"OR51T1",FALSE
"OR51V1",FALSE
"OR52A1",FALSE
"OR52A4P",FALSE
"OR52A5",FALSE
"OR52B1P",FALSE
"OR52B2",FALSE
"OR52B3P",FALSE
"OR52B4",FALSE
"OR52B5P",FALSE
"OR52B6",FALSE
"OR52D1",FALSE
"OR52E1",FALSE
"OR52E2",FALSE
"OR52E3P",FALSE
"OR52E4",FALSE
"OR52E5",FALSE
"OR52E6",FALSE
"OR52E7P",FALSE
"OR52E8",FALSE
"OR52H1",FALSE
"OR52H2P",FALSE
"OR52I1",FALSE
"OR52I2",FALSE
"OR52J1P",FALSE
"OR52J2P",FALSE
"OR52J3",FALSE
"OR52K1",FALSE
"OR52K2",FALSE
"OR52K3P",FALSE
"OR52L1",FALSE
"OR52L2P",FALSE
"OR52M1",FALSE
"OR52M2P",FALSE
"OR52N1",FALSE
"OR52N2",FALSE
"OR52N3P",FALSE
"OR52N4",FALSE
"OR52N5",FALSE
"OR52P1",FALSE
"OR52P2P",FALSE
"OR52Q1P",FALSE
"OR52R1",FALSE
"OR52S1P",FALSE
"OR52T1P",FALSE
"OR52U1P",FALSE
"OR52V1P",FALSE
"OR52W1",FALSE
"OR52Z1",FALSE
"OR55B1P",FALSE
"OR56A1",FALSE
"OR56A3",FALSE
"OR56A4",FALSE
"OR56A5",FALSE
"OR56A7P",FALSE
"OR56B1",FALSE
"OR56B2",FALSE
"OR56B3P",FALSE
"OR56B4",FALSE
"OR5A1",FALSE
"OR5A2",FALSE
"OR5AC1",FALSE
"OR5AC2",FALSE
"OR5AC4P",FALSE
"OR5AK1P",FALSE
"OR5AK2",FALSE
"OR5AK3P",FALSE
"OR5AL1",FALSE
"OR5AL2P",FALSE
"OR5AM1P",FALSE
"OR5AN1",FALSE
"OR5AN2P",FALSE
"OR5AO1P",FALSE
"OR5AP1P",FALSE
"OR5AP2",FALSE
"OR5AQ1P",FALSE
"OR5AR1",FALSE
"OR5AS1",FALSE
"OR5AU1",FALSE
"OR5AW1P",FALSE
"OR5AZ1P",FALSE
"OR5B10P",FALSE
"OR5B12",FALSE
"OR5B15P",FALSE
"OR5B17",FALSE
"OR5B19P",FALSE
"OR5B2",FALSE
"OR5B21",FALSE
"OR5B3",FALSE
"OR5BA1P",TRUE
"OR5BB1P",FALSE
"OR5BC1P",FALSE
"OR5BE1P",FALSE
"OR5BH1P",FALSE
"OR5BJ1P",FALSE
"OR5BL1P",FALSE
"OR5BN1P",FALSE
"OR5BN2P",FALSE
"OR5BQ1P",FALSE
"OR5BR1P",FALSE
"OR5BS1",FALSE
"OR5BT1P",FALSE
"OR5C1",FALSE
"OR5D13",FALSE
"OR5D14",FALSE
"OR5D15P",FALSE
"OR5D16",FALSE
"OR5D17P",FALSE
"OR5D18",FALSE
"OR5D3",FALSE
"OR5F1",FALSE
"OR5F2P",FALSE
"OR5G1P",FALSE
"OR5G3",FALSE
"OR5G5P",FALSE
"OR5H1",FALSE
"OR5H14",FALSE
"OR5H15",FALSE
"OR5H2",FALSE
"OR5H3P",FALSE
"OR5H4P",FALSE
"OR5H5P",FALSE
"OR5H6",FALSE
"OR5H7P",FALSE
"OR5I1",FALSE
"OR5J1P",FALSE
"OR5J2",FALSE
"OR5J7P",FALSE
"OR5K1",FALSE
"OR5K2",FALSE
"OR5K3",FALSE
"OR5K4",FALSE
"OR5L1",FALSE
"OR5L2",FALSE
"OR5M1",FALSE
"OR5M10",FALSE
"OR5M11",FALSE
"OR5M12P",FALSE
"OR5M2P",FALSE
"OR5M3",FALSE
"OR5M4P",FALSE
"OR5M5P",FALSE
"OR5M6P",FALSE
"OR5M7P",FALSE
"OR5M8",FALSE
"OR5M9",FALSE
"OR5P1P",FALSE
"OR5P2",FALSE
"OR5P3",FALSE
"OR5P4P",FALSE
"OR5S1P",FALSE
"OR5T1",FALSE
"OR5T2",FALSE
"OR5T3",FALSE
"OR5V1",FALSE
"OR5W1P",FALSE
"OR5W2",FALSE
"OR6A2",FALSE
"OR6B1",FALSE
"OR6B2",FALSE
"OR6B3",FALSE
"OR6C1",FALSE
"OR6C2",FALSE
"OR6C3",FALSE
"OR6C4",FALSE
"OR6C5P",FALSE
"OR6C6",FALSE
"OR6C64P",FALSE
"OR6C65",FALSE
"OR6C66P",FALSE
"OR6C68",FALSE
"OR6C69P",FALSE
"OR6C70",FALSE
"OR6C71P",FALSE
"OR6C72P",FALSE
"OR6C74",FALSE
"OR6C75",FALSE
"OR6C76",FALSE
"OR6C7P",FALSE
"OR6D1P",FALSE
"OR6E1P",FALSE
"OR6F1",FALSE
"OR6J1",FALSE
"OR6K1P",FALSE
"OR6K2",FALSE
"OR6K3",FALSE
"OR6K4P",FALSE
"OR6K6",FALSE
"OR6L1P",FALSE
"OR6L2P",FALSE
"OR6M1",FALSE
"OR6M2P",FALSE
"OR6M3P",FALSE
"OR6N1",FALSE
"OR6N2",FALSE
"OR6P1",FALSE
"OR6Q1",FALSE
"OR6R1P",FALSE
"OR6S1",FALSE
"OR6T1",TRUE
"OR6U2P",FALSE
"OR6V1",FALSE
"OR6X1",FALSE
"OR6Y1",FALSE
"OR7A10",FALSE
"OR7A11P",FALSE
"OR7A17",FALSE
"OR7A19P",FALSE
"OR7A1P",FALSE
"OR7A5",FALSE
"OR7C1",FALSE
"OR7C2",FALSE
"OR7D2",FALSE
"OR7D4",FALSE
"OR7E100P",FALSE
"OR7E101P",FALSE
"OR7E102P",FALSE
"OR7E103P",FALSE
"OR7E105P",FALSE
"OR7E106P",FALSE
"OR7E108P",FALSE
"OR7E109P",FALSE
"OR7E10P",FALSE
"OR7E110P",FALSE
"OR7E111FP",FALSE
"OR7E111P",FALSE
"OR7E116P",FALSE
"OR7E117P",FALSE
"OR7E121P",FALSE
"OR7E122P",FALSE
"OR7E125P",FALSE
"OR7E128P",TRUE
"OR7E129P",FALSE
"OR7E12P",TRUE
"OR7E130P",FALSE
"OR7E136P",FALSE
"OR7E140P",FALSE
"OR7E145P",FALSE
"OR7E148P",FALSE
"OR7E149P",FALSE
"OR7E14P",TRUE
"OR7E154P",FALSE
"OR7E155P",FALSE
"OR7E157P",FALSE
"OR7E158P",FALSE
"OR7E159P",FALSE
"OR7E161P",FALSE
"OR7E162P",FALSE
"OR7E163P",FALSE
"OR7E18P",FALSE
"OR7E19P",FALSE
"OR7E1P",FALSE
"OR7E21P",FALSE
"OR7E22P",FALSE
"OR7E23P",FALSE
"OR7E24",FALSE
"OR7E25P",FALSE
"OR7E28P",FALSE
"OR7E29P",FALSE
"OR7E2P",FALSE
"OR7E35P",FALSE
"OR7E36P",FALSE
"OR7E38P",TRUE
"OR7E46P",FALSE
"OR7E4P",FALSE
"OR7E55P",FALSE
"OR7E59P",FALSE
"OR7E7P",TRUE
"OR7E83P",FALSE
"OR7E85BP",FALSE
"OR7E85P",FALSE
"OR7E86P",FALSE
"OR7E8P",FALSE
"OR7E90P",FALSE
"OR7E94P",FALSE
"OR7E96P",FALSE
"OR7E97P",FALSE
"OR7E99P",FALSE
"OR7G1",FALSE
"OR7G2",FALSE
"OR7G3",FALSE
"OR7H1P",FALSE
"OR7K1P",FALSE
"OR7M1P",FALSE
"OR8A1",FALSE
"OR8A2P",FALSE
"OR8B10P",FALSE
"OR8B12",FALSE
"OR8B4",FALSE
"OR8B5P",FALSE
"OR8B6P",FALSE
"OR8B8",FALSE
"OR8D1",FALSE
"OR8D2",FALSE
"OR8D4",FALSE
"OR8F1P",FALSE
"OR8G1",FALSE
"OR8G2P",FALSE
"OR8G3",FALSE
"OR8G5",FALSE
"OR8G7P",FALSE
"OR8H1",FALSE
"OR8H2",FALSE
"OR8H3",FALSE
"OR8I1P",FALSE
"OR8I2",FALSE
"OR8I4P",FALSE
"OR8J1",FALSE
"OR8J2",FALSE
"OR8J3",FALSE
"OR8K1",FALSE
"OR8K2P",FALSE
"OR8K3",FALSE
"OR8K4P",FALSE
"OR8K5",FALSE
"OR8L1P",FALSE
"OR8Q1P",FALSE
"OR8S21P",FALSE
"OR8T1P",FALSE
"OR8U1",FALSE
"OR8U3",FALSE
"OR8V1P",FALSE
"OR8X1P",FALSE
"OR9A1P",FALSE
"OR9A2",FALSE
"OR9A3P",FALSE
"OR9A4",FALSE
"OR9G1",FALSE
"OR9G2P",FALSE
"OR9G3P",FALSE
"OR9G4",FALSE
"OR9H1",FALSE
"OR9I1",FALSE
"OR9I3P",FALSE
"OR9K1P",FALSE
"OR9K2",FALSE
"OR9L1P",FALSE
"OR9M1P",FALSE
"OR9Q1",FALSE
"OR9Q2",FALSE
"OR9R1P",FALSE
"OR9S24P",FALSE
"ORAI1",TRUE
"ORAI2",TRUE
"ORAI3",TRUE
"ORC1",TRUE
"ORC2",TRUE
"ORC3",TRUE
"ORC4",TRUE
"ORC5",TRUE
"ORC6",TRUE
"ORM1",TRUE
"ORM2",TRUE
"ORMDL1",TRUE
"ORMDL1P1",FALSE
"ORMDL2",TRUE
"ORMDL3",TRUE
"OS9",TRUE
"OSBP",TRUE
"OSBP2",TRUE
"OSBPL10",TRUE
"OSBPL10-AS1",FALSE
"OSBPL11",TRUE
"OSBPL1A",TRUE
"OSBPL3",TRUE
"OSBPL5",TRUE
"OSBPL6",TRUE
"OSBPL7",TRUE
"OSBPL8",TRUE
"OSBPL9",TRUE
"OSBPL9P1",FALSE
"OSBPL9P3",FALSE
"OSBPL9P5",FALSE
"OSCAR",TRUE
"OSCP1",TRUE
"OSER1",TRUE
"OSER1-DT",TRUE
"OSGEP",TRUE
"OSGEPL1",TRUE
"OSGEPL1-AS1",TRUE
"OSGIN1",TRUE
"OSGIN2",TRUE
"OSM",TRUE
"OSMR",TRUE
"OSR1",TRUE
"OSR2",TRUE
"OST4",TRUE
"OSTC",TRUE
"OSTCP2",FALSE
"OSTCP3",FALSE
"OSTF1",TRUE
"OSTM1",TRUE
"OSTM1-AS1",FALSE
"OSTN",FALSE
"OSTN-AS1",FALSE
"OTC",TRUE
"OTOA",FALSE
"OTOF",TRUE
"OTOG",FALSE
"OTOGL",FALSE
"OTOL1",FALSE
"OTOP1",FALSE
"OTOP1P1",FALSE
"OTOP2",FALSE
"OTOP3",TRUE
"OTOR",FALSE
"OTOS",FALSE
"OTP",FALSE
"OTUB1",TRUE
"OTUB2",TRUE
"OTUD1",TRUE
"OTUD3",TRUE
"OTUD4",TRUE
"OTUD5",TRUE
"OTUD6A",FALSE
"OTUD6B",TRUE
"OTUD6B-AS1",TRUE
"OTUD7A",TRUE
"OTUD7B",TRUE
"OTULIN",TRUE
"OTULIN-DT",TRUE
"OTULINL",TRUE
"OTX1",TRUE
"OTX2",FALSE
"OTX2-AS1",FALSE
"OTX2P2",FALSE
"OVAAL",FALSE
"OVCA2",FALSE
"OVCH1",FALSE
"OVCH2",FALSE
"OVGP1",TRUE
"OVOL1",TRUE
"OVOL1-AS1",FALSE
"OVOL2",TRUE
"OVOL3",FALSE
"OVOS2P",FALSE
"OXA1L",TRUE
"OXA1L-DT",TRUE
"OXCT1",TRUE
"OXCT2",TRUE
"OXCT2P1",FALSE
"OXER1",TRUE
"OXGR1",FALSE
"OXLD1",TRUE
"OXNAD1",TRUE
"OXR1",TRUE
"OXSM",TRUE
"OXSR1",TRUE
"OXT",FALSE
"OXTR",TRUE
"P2RX1",TRUE
"P2RX2",FALSE
"P2RX3",FALSE
"P2RX4",TRUE
"P2RX5",FALSE
"P2RX5-TAX1BP3",TRUE
"P2RX6",FALSE
"P2RX7",TRUE
"P2RY1",TRUE
"P2RY10",FALSE
"P2RY10BP",FALSE
"P2RY11",TRUE
"P2RY12",FALSE
"P2RY13",FALSE
"P2RY14",FALSE
"P2RY2",TRUE
"P2RY4",FALSE
"P2RY6",TRUE
"P2RY8",TRUE
"P3H1",TRUE
"P3H2",TRUE
"P3H2-AS1",FALSE
"P3H3",TRUE
"P3H4",TRUE
"P3R3URF",FALSE
"P3R3URF-PIK3R3",FALSE
"P4HA1",TRUE
"P4HA2",TRUE
"P4HA2-AS1",FALSE
"P4HA3",TRUE
"P4HA3-AS1",FALSE
"P4HB",TRUE
"P4HTM",TRUE
"PA2G4",TRUE
"PAAF1",TRUE
"PABIR1",TRUE
"PABIR2",TRUE
"PABIR3",TRUE
"PABPC1",TRUE
"PABPC1L",TRUE
"PABPC1L2A",FALSE
"PABPC1L2B",FALSE
"PABPC3",TRUE
"PABPC4",TRUE
"PABPC4-AS1",TRUE
"PABPC4L",TRUE
"PABPC5",TRUE
"PABPC5-AS1",FALSE
"PABPN1",TRUE
"PABPN1L",FALSE
"PACC1",TRUE
"PACRG",TRUE
"PACRG-AS1",FALSE
"PACRG-AS2",FALSE
"PACRG-AS3",FALSE
"PACRGL",TRUE
"PACS1",TRUE
"PACS2",TRUE
"PACSIN1",TRUE
"PACSIN2",TRUE
"PACSIN3",TRUE
"PADI1",TRUE
"PADI2",TRUE
"PADI3",TRUE
"PADI4",FALSE
"PADI6",FALSE
"PAEP",FALSE
"PAEPP1",FALSE
"PAF1",TRUE
"PAFAH1B1",TRUE
"PAFAH1B2",TRUE
"PAFAH1B3",TRUE
"PAFAH2",TRUE
"PAG1",TRUE
"PAGE1",FALSE
"PAGE2",FALSE
"PAGE2B",FALSE
"PAGE3",FALSE
"PAGE4",FALSE
"PAGE4P1",FALSE
"PAGE5",FALSE
"PAGR1",TRUE
"PAH",TRUE
"PAICS",TRUE
"PAICSP2",FALSE
"PAICSP7",FALSE
"PAIP1",TRUE
"PAIP1P1",TRUE
"PAIP2",TRUE
"PAIP2B",TRUE
"PAK1",TRUE
"PAK1IP1",TRUE
"PAK2",TRUE
"PAK3",TRUE
"PAK4",TRUE
"PAK5",TRUE
"PAK6-AS1",TRUE
"PALB2",TRUE
"PALD1",TRUE
"PALLD",TRUE
"PALM",TRUE
"PALM2AKAP2",FALSE
"PALM2AKAP2-AS1",FALSE
"PALM3",TRUE
"PALMD",TRUE
"PALS1",TRUE
"PALS2",TRUE
"PAM",TRUE
"PAM16",TRUE
"PAMR1",TRUE
"PAN2",TRUE
"PAN3",TRUE
"PANDAR",FALSE
"PANK1",TRUE
"PANK1-AS1",FALSE
"PANK2",TRUE
"PANK3",TRUE
"PANK3P1",FALSE
"PANK4",TRUE
"PANX1",TRUE
"PANX2",TRUE
"PANX3",FALSE
"PAOX",TRUE
"PAPLN",TRUE
"PAPOLA",TRUE
"PAPOLB",FALSE
"PAPOLG",TRUE
"PAPPA",TRUE
"PAPPA-AS1",FALSE
"PAPPA2",TRUE
"PAPSS1",TRUE
"PAPSS2",TRUE
"PAQR3",TRUE
"PAQR4",TRUE
"PAQR5",TRUE
"PAQR5-DT",TRUE
"PAQR6",TRUE
"PAQR7",TRUE
"PAQR8",TRUE
"PAQR9",FALSE
"PAQR9-AS1",FALSE
"PARAIL",TRUE
"PARD3",TRUE
"PARD3B",TRUE
"PARD6A",TRUE
"PARD6B",TRUE
"PARD6G",TRUE
"PARD6G-AS1",TRUE
"PARG",TRUE
"PARK7",TRUE
"PARK7P1",FALSE
"PARL",TRUE
"PARLP1",FALSE
"PARLP2",TRUE
"PARM1",TRUE
"PARM1-AS1",FALSE
"PARN",TRUE
"PARP1",TRUE
"PARP10",TRUE
"PARP11",TRUE
"PARP11-AS1",FALSE
"PARP12",TRUE
"PARP14",TRUE
"PARP15",TRUE
"PARP16",TRUE
"PARP1P1",FALSE
"PARP2",TRUE
"PARP3",TRUE
"PARP4",TRUE
"PARP4P1",FALSE
"PARP4P2",FALSE
"PARP4P3",FALSE
"PARP6",TRUE
"PARP8",TRUE
"PARP9",TRUE
"PARPBP",TRUE
"PARS2",TRUE
"PART1",FALSE
"PARVA",TRUE
"PARVB",TRUE
"PARVG",TRUE
"PASD1",FALSE
"PASK",TRUE
"PATE1",FALSE
"PATE2",FALSE
"PATE3",FALSE
"PATE4",FALSE
"PATJ",TRUE
"PATL1",TRUE
"PATL1-DT",FALSE
"PATL2",TRUE
"PATZ1",TRUE
"PAWR",TRUE
"PAWRP1",FALSE
"PAWRP2",FALSE
"PAX1",FALSE
"PAX2",TRUE
"PAX3",FALSE
"PAX4",FALSE
"PAX5",FALSE
"PAX6",TRUE
"PAX7",FALSE
"PAX8",TRUE
"PAX8-AS1",TRUE
"PAX9",FALSE
"PAXBP1",TRUE
"PAXBP1-AS1",TRUE
"PAXBP1P1",FALSE
"PAXIP1",TRUE
"PAXIP1-DT",TRUE
"PBDC1",TRUE
"PBK",TRUE
"PBLD",TRUE
"PBOV1",FALSE
"PBRM1",TRUE
"PBX1",TRUE
"PBX1-AS1",FALSE
"PBX2",TRUE
"PBX3",TRUE
"PBX4",TRUE
"PBXIP1",TRUE
"PC",TRUE
"PCA3",FALSE
"PCARE",FALSE
"PCAT18",FALSE
"PCAT19",TRUE
"PCAT2",FALSE
"PCAT4",FALSE
"PCAT5",FALSE
"PCAT7",TRUE
"PCBD1",TRUE
"PCBD2",TRUE
"PCBP1",TRUE
"PCBP2",TRUE
"PCBP2-OT1",FALSE
"PCBP2P3",FALSE
"PCBP2P4",FALSE
"PCBP3",TRUE
"PCBP4",TRUE
"PCCA",TRUE
"PCCB",TRUE
"PCDH1",TRUE
"PCDH10",TRUE
"PCDH10-DT",FALSE
"PCDH11X",FALSE
"PCDH12",TRUE
"PCDH15",FALSE
"PCDH17",TRUE
"PCDH18",TRUE
"PCDH19",TRUE
"PCDH20",FALSE
"PCDH7",TRUE
"PCDH8",FALSE
"PCDH9",TRUE
"PCDH9-AS1",FALSE
"PCDH9-AS2",FALSE
"PCDHA1",FALSE
"PCDHA10",TRUE
"PCDHA11",TRUE
"PCDHA12",TRUE
"PCDHA13",TRUE
"PCDHA14",FALSE
"PCDHA2",FALSE
"PCDHA3",TRUE
"PCDHA4",TRUE
"PCDHA5",TRUE
"PCDHA6",TRUE
"PCDHA7",TRUE
"PCDHA8",FALSE
"PCDHA9",FALSE
"PCDHAC1",TRUE
"PCDHAC2",TRUE
"PCDHB1",TRUE
"PCDHB1-AS1",FALSE
"PCDHB10",TRUE
"PCDHB11",TRUE
"PCDHB12",TRUE
"PCDHB13",TRUE
"PCDHB14",TRUE
"PCDHB15",TRUE
"PCDHB16",TRUE
"PCDHB2",TRUE
"PCDHB3",TRUE
"PCDHB4",TRUE
"PCDHB5",TRUE
"PCDHB6",TRUE
"PCDHB7",TRUE
"PCDHB8",TRUE
"PCDHB9",TRUE
"PCDHGA1",TRUE
"PCDHGA10",TRUE
"PCDHGA11",TRUE
"PCDHGA12",TRUE
"PCDHGA2",TRUE
"PCDHGA3",TRUE
"PCDHGA4",TRUE
"PCDHGA5",TRUE
"PCDHGA6",TRUE
"PCDHGA7",TRUE
"PCDHGA8",FALSE
"PCDHGA9",TRUE
"PCDHGB1",TRUE
"PCDHGB2",TRUE
"PCDHGB3",TRUE
"PCDHGB4",TRUE
"PCDHGB5",TRUE
"PCDHGB6",TRUE
"PCDHGB7",TRUE
"PCDHGB9P",FALSE
"PCDHGC3",TRUE
"PCDHGC4",FALSE
"PCDHGC5",TRUE
"PCED1A",TRUE
"PCED1B",TRUE
"PCED1B-AS1",TRUE
"PCED1CP",FALSE
"PCF11",TRUE
"PCGEM1",FALSE
"PCGF1",TRUE
"PCGF2",TRUE
"PCGF3",TRUE
"PCGF3-AS1",TRUE
"PCGF3-AS2",FALSE
"PCGF5",TRUE
"PCGF6",TRUE
"PCHILR",TRUE
"PCID2",TRUE
"PCIF1",TRUE
"PCK1",TRUE
"PCK2",TRUE
"PCLAF",TRUE
"PCLO",TRUE
"PCM1",TRUE
"PCMT1",TRUE
"PCMTD1",TRUE
"PCMTD2",TRUE
"PCNA",TRUE
"PCNAP4",FALSE
"PCNP",TRUE
"PCNPP2",FALSE
"PCNT",TRUE
"PCNX1",TRUE
"PCNX2",TRUE
"PCNX3",TRUE
"PCNX4",TRUE
"PCNX4-DT",FALSE
"PCOLCE",TRUE
"PCOLCE-AS1",FALSE
"PCOLCE2",TRUE
"PCOTH",FALSE
"PCP2",TRUE
"PCP4",TRUE
"PCP4L1",TRUE
"PCSK1",TRUE
"PCSK1N",TRUE
"PCSK2",TRUE
"PCSK4",TRUE
"PCSK5",TRUE
"PCSK6",TRUE
"PCSK6-AS1",FALSE
"PCSK7",TRUE
"PCSK9",TRUE
"PCTP",TRUE
"PCYOX1",TRUE
"PCYOX1L",TRUE
"PCYT1A",TRUE
"PCYT1B",TRUE
"PCYT1B-AS1",FALSE
"PCYT2",TRUE
"PDAP1",TRUE
"PDC",FALSE
"PDC-AS1",FALSE
"PDCD1",FALSE
"PDCD10",TRUE
"PDCD11",TRUE
"PDCD1LG2",TRUE
"PDCD2",TRUE
"PDCD2L",TRUE
"PDCD2P1",FALSE
"PDCD4",TRUE
"PDCD5",TRUE
"PDCD6",TRUE
"PDCD6IP",TRUE
"PDCD6IP-DT",TRUE
"PDCD6IPP1",FALSE
"PDCD7",TRUE
"PDCL",TRUE
"PDCL2",FALSE
"PDCL2P1",FALSE
"PDCL2P2",FALSE
"PDCL3",TRUE
"PDCL3P6",FALSE
"PDCL3P7",FALSE
"PDE11A",TRUE
"PDE11A-AS1",FALSE
"PDE1A",TRUE
"PDE1B",TRUE
"PDE1C",TRUE
"PDE2A",TRUE
"PDE2A-AS2",FALSE
"PDE3A",TRUE
"PDE3B",TRUE
"PDE4A",TRUE
"PDE4B",TRUE
"PDE4B-AS1",FALSE
"PDE4C",TRUE
"PDE4D",TRUE
"PDE4D-AS1",FALSE
"PDE5A",TRUE
"PDE6A",FALSE
"PDE6B",TRUE
"PDE6C",TRUE
"PDE6D",TRUE
"PDE6G",FALSE
"PDE6H",FALSE
"PDE7A",TRUE
"PDE7B",TRUE
"PDE7B-AS1",FALSE
"PDE8A",TRUE
"PDE8B",TRUE
"PDE9A",TRUE
"PDE9A-AS1",FALSE
"PDF",TRUE
"PDGFA",TRUE
"PDGFA-DT",TRUE
"PDGFB",TRUE
"PDGFC",TRUE
"PDGFD",TRUE
"PDGFRA",TRUE
"PDGFRB",TRUE
"PDGFRL",TRUE
"PDHA1",TRUE
"PDHA1P1",FALSE
"PDHA2",FALSE
"PDHB",TRUE
"PDHX",TRUE
"PDIA2",TRUE
"PDIA3",TRUE
"PDIA4",TRUE
"PDIA5",TRUE
"PDIA6",TRUE
"PDIK1L",TRUE
"PDILT",FALSE
"PDK1",TRUE
"PDK1P1",FALSE
"PDK1P2",FALSE
"PDK2",TRUE
"PDK3",TRUE
"PDK4",TRUE
"PDLIM1",TRUE
"PDLIM1P2",FALSE
"PDLIM1P3",FALSE
"PDLIM1P4",FALSE
"PDLIM2",TRUE
"PDLIM3",TRUE
"PDLIM4",TRUE
"PDLIM5",TRUE
"PDLIM7",TRUE
"PDP1",TRUE
"PDP2",TRUE
"PDPK1",TRUE
"PDPK2P",TRUE
"PDPN",TRUE
"PDRG1",TRUE
"PDS5A",TRUE
"PDS5B",TRUE
"PDSS1",TRUE
"PDSS2",TRUE
"PDX1",TRUE
"PDXDC1",TRUE
"PDXDC2P",FALSE
"PDXDC2P-NPIPB14P",TRUE
"PDXK",TRUE
"PDXP",TRUE
"PDXP-DT",FALSE
"PDYN",FALSE
"PDYN-AS1",FALSE
"PDZD11",TRUE
"PDZD2",TRUE
"PDZD4",TRUE
"PDZD7",TRUE
"PDZD8",TRUE
"PDZD9",FALSE
"PDZK1",TRUE
"PDZK1IP1",TRUE
"PDZPH1P",FALSE
"PDZRN3",TRUE
"PDZRN3-AS1",FALSE
"PDZRN4",FALSE
"PEA15",TRUE
"PEA15-AS1",TRUE
"PEAK1",TRUE
"PEAK3",TRUE
"PEAR1",TRUE
"PEBP1",TRUE
"PEBP4",TRUE
"PEBP4-AS1",FALSE
"PECAM1",TRUE
"PECR",TRUE
"PEDS1",TRUE
"PEDS1-UBE2V1",FALSE
"PEF1",TRUE
"PEG10",TRUE
"PEG13",TRUE
"PEG3",TRUE
"PELATON",TRUE
"PELI1",TRUE
"PELI2",TRUE
"PELI3",TRUE
"PELO",TRUE
"PELO-AS1",FALSE
"PELP1",TRUE
"PELP1-DT",FALSE
"PEMT",TRUE
"PENK",FALSE
"PENK-AS1",FALSE
"PEPD",TRUE
"PER1",TRUE
"PER2",TRUE
"PER3",TRUE
"PERM1",TRUE
"PERP",TRUE
"PES1",TRUE
"PES1P1",FALSE
"PES1P2",FALSE
"PET100",TRUE
"PET117",TRUE
"PEX1",TRUE
"PEX10",TRUE
"PEX11A",TRUE
"PEX11B",TRUE
"PEX11G",TRUE
"PEX12",TRUE
"PEX13",TRUE
"PEX14",TRUE
"PEX16",TRUE
"PEX19",TRUE
"PEX2",TRUE
"PEX26",TRUE
"PEX3",TRUE
"PEX39",TRUE
"PEX5",TRUE
"PEX5L",TRUE
"PEX5L-AS2",FALSE
"PEX6",TRUE
"PEX7",TRUE
"PF4",TRUE
"PF4V1",FALSE
"PFAS",TRUE
"PFDN1",TRUE
"PFDN1P2",FALSE
"PFDN2",TRUE
"PFDN4",TRUE
"PFDN4P1",FALSE
"PFDN4P3",FALSE
"PFDN5",TRUE
"PFDN6",TRUE
"PFKFB1",TRUE
"PFKFB2",TRUE
"PFKFB3",TRUE
"PFKFB3-AS1",FALSE
"PFKFB4",TRUE
"PFKL",TRUE
"PFKM",TRUE
"PFKP",TRUE
"PFKP-DT",TRUE
"PFN1",TRUE
"PFN2",TRUE
"PFN3",FALSE
"PFN4",TRUE
"PFPLP",TRUE
"PGA3",FALSE
"PGA5",FALSE
"PGAM1",TRUE
"PGAM1P1",FALSE
"PGAM1P11",FALSE
"PGAM1P13",FALSE
"PGAM1P3",FALSE
"PGAM1P6",FALSE
"PGAM2",FALSE
"PGAM3P",FALSE
"PGAM4",TRUE
"PGAM4P2",FALSE
"PGAM5",TRUE
"PGAP1",TRUE
"PGAP2",TRUE
"PGAP3",TRUE
"PGAP4",TRUE
"PGAP6",TRUE
"PGBD1",TRUE
"PGBD2",TRUE
"PGBD3P1",FALSE
"PGBD3P2",FALSE
"PGBD3P4",FALSE
"PGBD4",TRUE
"PGBD4P4",FALSE
"PGBD5",TRUE
"PGC",TRUE
"PGCKA1",TRUE
"PGD",TRUE
"PGDP1",FALSE
"PGF",TRUE
"PGGHG",TRUE
"PGGT1B",TRUE
"PGK1",TRUE
"PGK1P2",FALSE
"PGK2",FALSE
"PGLS",TRUE
"PGLS-DT",TRUE
"PGLYRP1",FALSE
"PGLYRP2",FALSE
"PGLYRP3",FALSE
"PGLYRP4",TRUE
"PGM1",TRUE
"PGM2",TRUE
"PGM2L1",TRUE
"PGM3",TRUE
"PGM5",TRUE
"PGM5P3-AS1",FALSE
"PGP",TRUE
"PGPEP1",TRUE
"PGPEP1L",FALSE
"PGR",TRUE
"PGRMC1",TRUE
"PGRMC2",TRUE
"PGS1",TRUE
"PHACTR1",TRUE
"PHACTR2",TRUE
"PHACTR2-AS1",FALSE
"PHACTR2P1",FALSE
"PHACTR3",FALSE
"PHACTR3-AS1",FALSE
"PHACTR4",TRUE
"PHAF1",TRUE
"PHAX",TRUE
"PHB1",TRUE
"PHB1P14",FALSE
"PHB1P15",FALSE
"PHB1P17",FALSE
"PHB1P4",FALSE
"PHB1P5",FALSE
"PHB1P6",FALSE
"PHB1P9",TRUE
"PHB2",TRUE
"PHC1",TRUE
"PHC2",TRUE
"PHC3",TRUE
"PHETA1",TRUE
"PHETA2",TRUE
"PHEX",TRUE
"PHEX-AS1",FALSE
"PHF1",TRUE
"PHF10",TRUE
"PHF11",TRUE
"PHF12",TRUE
"PHF13",TRUE
"PHF14",TRUE
"PHF19",TRUE
"PHF2",TRUE
"PHF20",TRUE
"PHF20L1",TRUE
"PHF21A",TRUE
"PHF21B",FALSE
"PHF23",TRUE
"PHF24",FALSE
"PHF3",TRUE
"PHF5A",TRUE
"PHF6",TRUE
"PHF7",TRUE
"PHF8",TRUE
"PHGDH",TRUE
"PHGR1",FALSE
"PHIP",TRUE
"PHKA1",TRUE
"PHKA1-AS1",FALSE
"PHKA2",TRUE
"PHKB",TRUE
"PHKBP1",FALSE
"PHKG1",TRUE
"PHKG1P1",FALSE
"PHKG1P3",FALSE
"PHKG2",TRUE
"PHLDA1",TRUE
"PHLDA1-AS1",FALSE
"PHLDA2",TRUE
"PHLDA3",TRUE
"PHLDB1",TRUE
"PHLDB2",TRUE
"PHLDB3",TRUE
"PHLPP1",TRUE
"PHLPP2",TRUE
"PHOSPHO1",FALSE
"PHOSPHO2",TRUE
"PHOX2A",FALSE
"PHOX2B",FALSE
"PHOX2B-AS1",FALSE
"PHPT1",TRUE
"PHRF1",TRUE
"PHTF1",TRUE
"PHTF2",TRUE
"PHYH",TRUE
"PHYHD1",TRUE
"PHYHIP",TRUE
"PHYHIPL",TRUE
"PHYKPL",TRUE
"PI15",TRUE
"PI16",TRUE
"PI3",TRUE
"PI4K2A",TRUE
"PI4K2B",TRUE
"PI4KA",TRUE
"PI4KB",TRUE
"PIANP",FALSE
"PIAS1",TRUE
"PIAS2",TRUE
"PIAS3",TRUE
"PIAS4",TRUE
"PIBF1",TRUE
"PICALM",TRUE
"PICART1",TRUE
"PICK1",TRUE
"PICSAR",FALSE
"PID1",TRUE
"PIDD1",TRUE
"PIERCE1",TRUE
"PIERCE2",TRUE
"PIEZO1",TRUE
"PIEZO1-AS1",FALSE
"PIEZO1P1",FALSE
"PIEZO2",TRUE
"PIF1",TRUE
"PIGA",TRUE
"PIGB",TRUE
"PIGBOS1",TRUE
"PIGC",TRUE
"PIGF",TRUE
"PIGFP3",FALSE
"PIGG",TRUE
"PIGH",TRUE
"PIGK",TRUE
"PIGL",TRUE
"PIGM",TRUE
"PIGN",TRUE
"PIGO",TRUE
"PIGO-AS1",FALSE
"PIGP",TRUE
"PIGPP4",FALSE
"PIGQ",TRUE
"PIGQP1",FALSE
"PIGR",TRUE
"PIGS",TRUE
"PIGT",TRUE
"PIGU",TRUE
"PIGUP1",FALSE
"PIGV",TRUE
"PIGW",TRUE
"PIGX",TRUE
"PIGY",FALSE
"PIGZ",TRUE
"PIH1D1",TRUE
"PIH1D2",TRUE
"PIK3AP1",TRUE
"PIK3C2A",TRUE
"PIK3C2B",TRUE
"PIK3C2G",TRUE
"PIK3C3",TRUE
"PIK3CA",TRUE
"PIK3CA-DT",FALSE
"PIK3CB",TRUE
"PIK3CD",TRUE
"PIK3CD-AS1",FALSE
"PIK3CD-AS2",TRUE
"PIK3CDP1",FALSE
"PIK3CG",TRUE
"PIK3IP1",TRUE
"PIK3R1",TRUE
"PIK3R2",FALSE
"PIK3R3",TRUE
"PIK3R4",TRUE
"PIK3R5",TRUE
"PIK3R5-DT",FALSE
"PIK3R6",FALSE
"PIKFYVE",TRUE
"PILRA",TRUE
"PILRB",TRUE
"PIM1",TRUE
"PIM2",TRUE
"PIM3",TRUE
"PIMREG",FALSE
"PIN1",TRUE
"PIN1-DT",FALSE
"PIN4",TRUE
"PINCR",FALSE
"PINK1",TRUE
"PINK1-AS",TRUE
"PINLYP",TRUE
"PINX1",TRUE
"PIP",FALSE
"PIP4K2A",TRUE
"PIP4K2B",TRUE
"PIP4K2C",TRUE
"PIP4P1",TRUE
"PIP4P2",TRUE
"PIP5K1A",TRUE
"PIP5K1B",TRUE
"PIP5K1C",TRUE
"PIP5KL1",TRUE
"PIPOX",TRUE
"PIR",TRUE
"PIRAT1",FALSE
"PIRT",FALSE
"PISD",TRUE
"PISRT1",FALSE
"PITHD1",TRUE
"PITPNA",TRUE
"PITPNA-AS1",TRUE
"PITPNB",TRUE
"PITPNC1",TRUE
"PITPNM1",TRUE
"PITPNM2",TRUE
"PITPNM2-AS1",FALSE
"PITPNM3",TRUE
"PITRM1",TRUE
"PITRM1-AS1",TRUE
"PITX1",FALSE
"PITX1-AS1",TRUE
"PITX2",FALSE
"PITX3",FALSE
"PIWIL1",FALSE
"PIWIL2",TRUE
"PIWIL3",FALSE
"PIWIL4",TRUE
"PIWIL4-AS1",FALSE
"PJA1",TRUE
"PJA2",TRUE
"PJVK",TRUE
"PKD1",TRUE
"PKD1-AS1",FALSE
"PKD1L1",TRUE
"PKD1L1-AS1",FALSE
"PKD1L2",TRUE
"PKD1L3",TRUE
"PKD1P1",FALSE
"PKD1P2",TRUE
"PKD1P3",TRUE
"PKD1P4",TRUE
"PKD1P5",TRUE
"PKD1P6",TRUE
"PKD2",TRUE
"PKD2L1",FALSE
"PKD2L2",FALSE
"PKDCC",TRUE
"PKDREJ",TRUE
"PKHD1",TRUE
"PKHD1L1",TRUE
"PKIA",TRUE
"PKIA-AS1",FALSE
"PKIB",TRUE
"PKIG",TRUE
"PKLR",FALSE
"PKM",TRUE
"PKMP3",TRUE
"PKMYT1",TRUE
"PKN1",TRUE
"PKN2",TRUE
"PKN2-AS1",FALSE
"PKN3",TRUE
"PKNOX1",TRUE
"PKNOX2",TRUE
"PKNOX2-AS1",FALSE
"PKNOX2-DT",FALSE
"PKP1",TRUE
"PKP2",TRUE
"PKP3",TRUE
"PKP4",TRUE
"PKP4-AS1",TRUE
"PLA1A",TRUE
"PLA2G10EP",FALSE
"PLA2G10FP",FALSE
"PLA2G10GP",FALSE
"PLA2G10HP",FALSE
"PLA2G10IP",FALSE
"PLA2G10JP",FALSE
"PLA2G10KP",FALSE
"PLA2G12A",TRUE
"PLA2G12B",FALSE
"PLA2G15",TRUE
"PLA2G1B",TRUE
"PLA2G2A",TRUE
"PLA2G2C",FALSE
"PLA2G2D",FALSE
"PLA2G2E",FALSE
"PLA2G2F",FALSE
"PLA2G3",FALSE
"PLA2G4A",TRUE
"PLA2G4B",TRUE
"PLA2G4C",TRUE
"PLA2G4C-AS1",FALSE
"PLA2G4D",FALSE
"PLA2G4E",FALSE
"PLA2G4E-AS1",FALSE
"PLA2G4F",TRUE
"PLA2G5",FALSE
"PLA2G6",TRUE
"PLA2G7",TRUE
"PLA2R1",TRUE
"PLAA",TRUE
"PLAAT1",TRUE
"PLAAT2",FALSE
"PLAAT3",TRUE
"PLAAT4",TRUE
"PLAAT5",TRUE
"PLAC1",FALSE
"PLAC8",FALSE
"PLAC8L1",FALSE
"PLAC9",TRUE
"PLAG1",TRUE
"PLAGL1",TRUE
"PLAGL2",TRUE
"PLAT",TRUE
"PLAU",TRUE
"PLAUR",TRUE
"PLB1",TRUE
"PLBD1",TRUE
"PLBD1-AS1",TRUE
"PLBD1-AS2",FALSE
"PLBD2",TRUE
"PLCB1-IT1",FALSE
"PLCB2",TRUE
"PLCB3",TRUE
"PLCB4",TRUE
"PLCD1",TRUE
"PLCD3",TRUE
"PLCD4",TRUE
"PLCE1",TRUE
"PLCE1-AS1",FALSE
"PLCE1-AS2",FALSE
"PLCG1",TRUE
"PLCG1-AS1",FALSE
"PLCH1",TRUE
"PLCH1-AS1",FALSE
"PLCH2",TRUE
"PLCL1",TRUE
"PLCL2",TRUE
"PLCXD1",TRUE
"PLCXD2",TRUE
"PLCXD3",TRUE
"PLCZ1",FALSE
"PLD1",TRUE
"PLD2",TRUE
"PLD3",TRUE
"PLD4",FALSE
"PLD5",FALSE
"PLD6",TRUE
"PLEC",TRUE
"PLEK",TRUE
"PLEK2",TRUE
"PLEKHA1",TRUE
"PLEKHA2",TRUE
"PLEKHA3",TRUE
"PLEKHA4",TRUE
"PLEKHA5",TRUE
"PLEKHA6",TRUE
"PLEKHA7",TRUE
"PLEKHA8",TRUE
"PLEKHB1",TRUE
"PLEKHB2",TRUE
"PLEKHB2P1",FALSE
"PLEKHD1",TRUE
"PLEKHF1",TRUE
"PLEKHF2",TRUE
"PLEKHG1",TRUE
"PLEKHG2",TRUE
"PLEKHG3",TRUE
"PLEKHG4",TRUE
"PLEKHG4B",TRUE
"PLEKHG5",TRUE
"PLEKHG6",TRUE
"PLEKHG7",TRUE
"PLEKHH1",TRUE
"PLEKHH2",TRUE
"PLEKHH3",TRUE
"PLEKHJ1",TRUE
"PLEKHM1",TRUE
"PLEKHM2",TRUE
"PLEKHM3",TRUE
"PLEKHN1",TRUE
"PLEKHO1",TRUE
"PLEKHO2",TRUE
"PLEKHS1",TRUE
"PLET1",FALSE
"PLG",FALSE
"PLGLB1",TRUE
"PLGLB2",FALSE
"PLGRKT",TRUE
"PLIN1",TRUE
"PLIN2",TRUE
"PLIN3",TRUE
"PLIN4",TRUE
"PLIN5",TRUE
"PLK1",TRUE
"PLK2",TRUE
"PLK3",TRUE
"PLK4",TRUE
"PLK5",FALSE
"PLLP",TRUE
"PLN",FALSE
"PLOD1",TRUE
"PLOD2",TRUE
"PLOD3",TRUE
"PLP1",FALSE
"PLP2",TRUE
"PLPBP",TRUE
"PLPP1",TRUE
"PLPP2",TRUE
"PLPP3",TRUE
"PLPP4",TRUE
"PLPP5",TRUE
"PLPP6",TRUE
"PLPP7",TRUE
"PLPPR1",FALSE
"PLPPR2",TRUE
"PLPPR3",FALSE
"PLPPR4",TRUE
"PLPPR5",FALSE
"PLPPR5-AS1",FALSE
"PLRG1",TRUE
"PLS1",TRUE
"PLS1P1",FALSE
"PLS3",TRUE
"PLS3-AS1",TRUE
"PLSCR1",TRUE
"PLSCR2",TRUE
"PLSCR3",FALSE
"PLSCR4",TRUE
"PLSCR4P1",FALSE
"PLSCR5",FALSE
"PLSCR5-AS1",FALSE
"PLTP",TRUE
"PLVAP",TRUE
"PLXDC1",TRUE
"PLXDC2",TRUE
"PLXNA1",TRUE
"PLXNA2",TRUE
"PLXNA3",TRUE
"PLXNA4",TRUE
"PLXNA4-AS2",FALSE
"PLXNB1",TRUE
"PLXNB2",TRUE
"PLXNB3",TRUE
"PLXNC1",TRUE
"PLXNC1-AS1",FALSE
"PLXND1",TRUE
"PM20D1",TRUE
"PM20D2",TRUE
"PMAIP1",TRUE
"PMCH",FALSE
"PMCHL2",FALSE
"PMEL",TRUE
"PMEPA1",TRUE
"PMF1",TRUE
"PMF1-BGLAP",FALSE
"PMFBP1",TRUE
"PML",TRUE
"PMM1",TRUE
"PMP2",FALSE
"PMP22",TRUE
"PMPCA",TRUE
"PMPCB",TRUE
"PMS1",TRUE
"PMS2",TRUE
"PMS2CL",TRUE
"PMS2P12",FALSE
"PMS2P14",FALSE
"PMVK",TRUE
"PNCK",FALSE
"PNISR",TRUE
"PNKD",TRUE
"PNKP",TRUE
"PNLDC1",TRUE
"PNLIP",TRUE
"PNLIPRP1",TRUE
"PNLIPRP2",TRUE
"PNLIPRP3",TRUE
"PNMA1",TRUE
"PNMA2",TRUE
"PNMA3",FALSE
"PNMA5",FALSE
"PNMA6E",FALSE
"PNMA6F",FALSE
"PNMA8A",TRUE
"PNMA8B",TRUE
"PNMA8C",FALSE
"PNMT",FALSE
"PNN",TRUE
"PNN-AS1",FALSE
"PNO1",TRUE
"PNOC",FALSE
"PNP",TRUE
"PNPLA1",FALSE
"PNPLA2",TRUE
"PNPLA3",TRUE
"PNPLA4",TRUE
"PNPLA5",FALSE
"PNPLA6",TRUE
"PNPLA7",TRUE
"PNPLA8",TRUE
"PNPO",TRUE
"PNPT1",TRUE
"PNRC1",TRUE
"PNRC1-DT",FALSE
"PNRC2",TRUE
"POC1A",TRUE
"POC1B-GALNT4",FALSE
"POC5",TRUE
"PODN",TRUE
"PODNL1",TRUE
"PODXL",TRUE
"PODXL2",TRUE
"POF1B",TRUE
"POFUT1",TRUE
"POFUT2",TRUE
"POFUT3",TRUE
"POFUT4",TRUE
"POGK",TRUE
"POGLUT1",TRUE
"POGLUT2",TRUE
"POGLUT3",TRUE
"POGZ",TRUE
"POLA1",TRUE
"POLA2",TRUE
"POLB",TRUE
"POLD1",TRUE
"POLD2",TRUE
"POLD3",TRUE
"POLD4",TRUE
"POLDIP2",TRUE
"POLDIP3",TRUE
"POLE",TRUE
"POLE2",TRUE
"POLE3",TRUE
"POLE4",TRUE
"POLE4P1",FALSE
"POLG",TRUE
"POLG-DT",FALSE
"POLG2",TRUE
"POLH",TRUE
"POLI",TRUE
"POLK",TRUE
"POLL",TRUE
"POLM",TRUE
"POLN",TRUE
"POLQ",TRUE
"POLR1A",TRUE
"POLR1B",TRUE
"POLR1C",TRUE
"POLR1D",TRUE
"POLR1E",TRUE
"POLR1F",TRUE
"POLR1G",TRUE
"POLR1H",TRUE
"POLR1HASP",TRUE
"POLR2A",TRUE
"POLR2B",TRUE
"POLR2C",TRUE
"POLR2D",TRUE
"POLR2DP2",FALSE
"POLR2E",TRUE
"POLR2F",FALSE
"POLR2F-AS1",FALSE
"POLR2G",TRUE
"POLR2H",TRUE
"POLR2I",TRUE
"POLR2J",TRUE
"POLR2J2",TRUE
"POLR2J2-UPK3BL1",FALSE
"POLR2J3-UPK3BL2",TRUE
"POLR2K",TRUE
"POLR2L",TRUE
"POLR2LP1",FALSE
"POLR2M",TRUE
"POLR3A",TRUE
"POLR3B",TRUE
"POLR3C",TRUE
"POLR3D",TRUE
"POLR3DP1",FALSE
"POLR3E",TRUE
"POLR3F",TRUE
"POLR3G",TRUE
"POLR3GL",TRUE
"POLR3H",TRUE
"POLR3K",TRUE
"POLRMT",TRUE
"POLRMTP1",TRUE
"POM121",TRUE
"POM121C",TRUE
"POM121L12",FALSE
"POM121L13P",FALSE
"POM121L2",FALSE
"POM121L3P",FALSE
"POMC",TRUE
"POMGNT1",TRUE
"POMGNT2",TRUE
"POMK",TRUE
"POMP",TRUE
"POMPP1",FALSE
"POMT1",TRUE
"POMT2",TRUE
"POMZP3",TRUE
"PON1",TRUE
"PON2",TRUE
"PON3",TRUE
"POP1",TRUE
"POP4",TRUE
"POP5",TRUE
"POP7",TRUE
"POPDC1",TRUE
"POPDC1-AS1",FALSE
"POPDC2",TRUE
"POPDC3",TRUE
"POR",TRUE
"PORCN",TRUE
"PORCN-DT",FALSE
"POSTN",TRUE
"POT1",TRUE
"POTEA",FALSE
"POTEB2",FALSE
"POTEB3",FALSE
"POTEC",FALSE
"POTED",FALSE
"POTEE",FALSE
"POTEF",FALSE
"POTEG",FALSE
"POTEH",FALSE
"POTEI",FALSE
"POTEJ",FALSE
"POTEM",FALSE
"POU1F1",FALSE
"POU2AF1",TRUE
"POU2AF2",FALSE
"POU2AF3",TRUE
"POU2F1",TRUE
"POU2F2",TRUE
"POU2F3",TRUE
"POU2F3-AS1",FALSE
"POU3F1",TRUE
"POU3F2",FALSE
"POU3F3",FALSE
"POU3F4",FALSE
"POU4F1",FALSE
"POU4F2",FALSE
"POU4F3",FALSE
"POU5F1",TRUE
"POU5F1B",TRUE
"POU5F1P3",FALSE
"POU5F1P4",FALSE
"POU5F1P6",FALSE
"POU5F2",FALSE
"POU6F1",TRUE
"POU6F2",TRUE
"POU6F2-AS1",FALSE
"PP12613",FALSE
"PP2D1",TRUE
"PPA1",TRUE
"PPA2",TRUE
"PPAN",TRUE
"PPAN-P2RY11",FALSE
"PPARA",TRUE
"PPARD",TRUE
"PPARG",TRUE
"PPARGC1A",TRUE
"PPARGC1B",TRUE
"PPAT",TRUE
"PPATP1",FALSE
"PPATP2",FALSE
"PPBP",FALSE
"PPCDC",TRUE
"PPCS",TRUE
"PPDPF",TRUE
"PPDPFL",FALSE
"PPEF1",FALSE
"PPEF1-AS1",FALSE
"PPEF2",FALSE
"PPFIA1",TRUE
"PPFIA1P1",FALSE
"PPFIA2",FALSE
"PPFIA2-AS1",FALSE
"PPFIA2-AS2",FALSE
"PPFIA3",TRUE
"PPFIA4",TRUE
"PPFIBP1",TRUE
"PPFIBP2",TRUE
"PPHLN1",TRUE
"PPIA",TRUE
"PPIAL4A",FALSE
"PPIAL4E",FALSE
"PPIAL4F",FALSE
"PPIAL4G",FALSE
"PPIAL4H",FALSE
"PPIAP10",FALSE
"PPIAP17",FALSE
"PPIAP20",FALSE
"PPIAP26",FALSE
"PPIAP27",FALSE
"PPIAP28",FALSE
"PPIAP30",FALSE
"PPIAP36",FALSE
"PPIAP37",FALSE
"PPIAP38",FALSE
"PPIAP39",FALSE
"PPIAP41",TRUE
"PPIAP44",FALSE
"PPIAP45",FALSE
"PPIAP46",FALSE
"PPIAP48",FALSE
"PPIAP49",FALSE
"PPIAP50",FALSE
"PPIAP51",FALSE
"PPIAP52",FALSE
"PPIAP56",FALSE
"PPIAP57",FALSE
"PPIAP58",FALSE
"PPIAP63",FALSE
"PPIAP64",FALSE
"PPIAP65",FALSE
"PPIAP67",FALSE
"PPIAP68",FALSE
"PPIAP69",FALSE
"PPIAP75",FALSE
"PPIAP76",FALSE
"PPIAP81",FALSE
"PPIAP83",FALSE
"PPIAP84",FALSE
"PPIAP86",FALSE
"PPIAP88",FALSE
"PPIAP90",FALSE
"PPIAP91",FALSE
"PPIAP93",FALSE
"PPIB",TRUE
"PPIC",TRUE
"PPID",TRUE
"PPIE",TRUE
"PPIF",TRUE
"PPIG",TRUE
"PPIGP1",FALSE
"PPIH",TRUE
"PPIL1",TRUE
"PPIL2",TRUE
"PPIL3",TRUE
"PPIL4",TRUE
"PPIL6",TRUE
"PPIP5K1",TRUE
"PPIP5K2",TRUE
"PPL",TRUE
"PPM1A",TRUE
"PPM1AP1",FALSE
"PPM1B",TRUE
"PPM1D",TRUE
"PPM1E",TRUE
"PPM1F",TRUE
"PPM1G",TRUE
"PPM1H",TRUE
"PPM1J",TRUE
"PPM1K",TRUE
"PPM1K-DT",FALSE
"PPM1L",TRUE
"PPM1M",TRUE
"PPM1N",TRUE
"PPME1",TRUE
"PPOX",TRUE
"PPP1CA",TRUE
"PPP1CB",TRUE
"PPP1CC",TRUE
"PPP1R10",TRUE
"PPP1R10P1",FALSE
"PPP1R11",TRUE
"PPP1R11P2",FALSE
"PPP1R12A",TRUE
"PPP1R12A-AS1",TRUE
"PPP1R12B",TRUE
"PPP1R12BP1",FALSE
"PPP1R12BP2",FALSE
"PPP1R12C",TRUE
"PPP1R13B",TRUE
"PPP1R13B-DT",FALSE
"PPP1R13L",TRUE
"PPP1R14A",TRUE
"PPP1R14B",TRUE
"PPP1R14B-AS1",FALSE
"PPP1R14C",TRUE
"PPP1R14D",TRUE
"PPP1R15A",TRUE
"PPP1R15B",TRUE
"PPP1R16A",TRUE
"PPP1R16B",TRUE
"PPP1R17",FALSE
"PPP1R1A",TRUE
"PPP1R1AP1",FALSE
"PPP1R1B",TRUE
"PPP1R1C",TRUE
"PPP1R2",TRUE
"PPP1R21",TRUE
"PPP1R26",TRUE
"PPP1R26-AS1",TRUE
"PPP1R26P1",FALSE
"PPP1R26P2",FALSE
"PPP1R27",FALSE
"PPP1R2B",TRUE
"PPP1R2C",FALSE
"PPP1R35",TRUE
"PPP1R35-AS1",FALSE
"PPP1R36",TRUE
"PPP1R37",TRUE
"PPP1R3A",FALSE
"PPP1R3B",TRUE
"PPP1R3B-AS1",FALSE
"PPP1R3C",TRUE
"PPP1R3D",TRUE
"PPP1R3E",TRUE
"PPP1R3F",TRUE
"PPP1R3G",TRUE
"PPP1R42",FALSE
"PPP1R7",TRUE
"PPP1R8",TRUE
"PPP1R8P1",FALSE
"PPP1R9A",TRUE
"PPP1R9A-AS1",FALSE
"PPP1R9B",TRUE
"PPP2CA",TRUE
"PPP2CB",TRUE
"PPP2R1A",TRUE
"PPP2R1B",TRUE
"PPP2R2A",TRUE
"PPP2R2B",TRUE
"PPP2R2B-IT1",FALSE
"PPP2R2C",TRUE
"PPP2R2D",TRUE
"PPP2R3A",TRUE
"PPP2R3B",TRUE
"PPP2R3C",TRUE
"PPP2R5A",TRUE
"PPP2R5B",TRUE
"PPP2R5C",TRUE
"PPP2R5CP",TRUE
"PPP2R5D",TRUE
"PPP2R5E",TRUE
"PPP3CA",TRUE
"PPP3CA-DT",TRUE
"PPP3CB",TRUE
"PPP3CB-AS1",TRUE
"PPP3CC",TRUE
"PPP3R1",TRUE
"PPP3R2",FALSE
"PPP4C",TRUE
"PPP4R1",TRUE
"PPP4R2",TRUE
"PPP4R3A",TRUE
"PPP4R3B",TRUE
"PPP4R3B-DT",FALSE
"PPP4R3C",FALSE
"PPP4R4",TRUE
"PPP5C",TRUE
"PPP6C",TRUE
"PPP6R1",TRUE
"PPP6R2",TRUE
"PPP6R3",TRUE
"PPRC1",TRUE
"PPT1",TRUE
"PPT2",TRUE
"PPT2-EGFL8",FALSE
"PPTC7",TRUE
"PPWD1",TRUE
"PPY",TRUE
"PQBP1",TRUE
"PRAC1",FALSE
"PRAC2",FALSE
"PRADC1",TRUE
"PRADX",TRUE
"PRAF2",TRUE
"PRAG1",TRUE
"PRAM1",TRUE
"PRAME",FALSE
"PRAME-AS",FALSE
"PRAMEF1",FALSE
"PRAMEF10",FALSE
"PRAMEF11",FALSE
"PRAMEF12",FALSE
"PRAMEF13",FALSE
"PRAMEF14",FALSE
"PRAMEF15",FALSE
"PRAMEF17",FALSE
"PRAMEF18",FALSE
"PRAMEF19",FALSE
"PRAMEF2",FALSE
"PRAMEF20",FALSE
"PRAMEF26",FALSE
"PRAMEF27",FALSE
"PRAMEF28P",FALSE
"PRAMEF31P",FALSE
"PRAMEF33",FALSE
"PRAMEF35P",FALSE
"PRAMEF4",FALSE
"PRAMEF5",FALSE
"PRAMEF6",FALSE
"PRAMEF7",FALSE
"PRAMEF8",FALSE
"PRAMEF9",FALSE
"PRANCR",TRUE
"PRAP1",FALSE
"PRB2",FALSE
"PRB3",FALSE
"PRB4",FALSE
"PRC1",TRUE
"PRC1-AS1",FALSE
"PRCC",TRUE
"PRCD",TRUE
"PRCP",TRUE
"PRCPP1",FALSE
"PRDM1",TRUE
"PRDM10",TRUE
"PRDM10-DT",FALSE
"PRDM11",TRUE
"PRDM12",FALSE
"PRDM13",FALSE
"PRDM14",FALSE
"PRDM15",TRUE
"PRDM16",TRUE
"PRDM2",TRUE
"PRDM4",TRUE
"PRDM4-AS1",TRUE
"PRDM5",TRUE
"PRDM6",TRUE
"PRDM6-AS1",FALSE
"PRDM7",FALSE
"PRDM8",TRUE
"PRDM8-AS1",FALSE
"PRDM9",FALSE
"PRDX1",TRUE
"PRDX2",TRUE
"PRDX3",TRUE
"PRDX3P3",FALSE
"PRDX4",TRUE
"PRDX5",TRUE
"PRDX5P1",FALSE
"PRDX6",TRUE
"PRDX6-AS1",TRUE
"PREB",TRUE
"PRECSIT",TRUE
"PRELID1",TRUE
"PRELID1P7",FALSE
"PRELID2",TRUE
"PRELID3A",TRUE
"PRELID3B",TRUE
"PRELID3BP11",FALSE
"PRELID3BP2",FALSE
"PRELID3BP4",FALSE
"PRELID3BP5",FALSE
"PRELID3BP8",FALSE
"PRELP",TRUE
"PREP",TRUE
"PREP-AS1",TRUE
"PREPL",TRUE
"PREX1",TRUE
"PREX2",TRUE
"PRF1",FALSE
"PRG2",FALSE
"PRG3",FALSE
"PRG4",TRUE
"PRH1",FALSE
"PRH1-PRR4",FALSE
"PRH2",FALSE
"PRICKLE1",TRUE
"PRICKLE2",TRUE
"PRICKLE2-AS1",FALSE
"PRICKLE2-AS3",FALSE
"PRICKLE2-DT",FALSE
"PRICKLE3",TRUE
"PRICKLE4",FALSE
"PRIM1",TRUE
"PRIM2",TRUE
"PRIMA1",FALSE
"PRIMPOL",TRUE
"PRKAA1",TRUE
"PRKAA2",TRUE
"PRKAB1",TRUE
"PRKAB1-AS1",FALSE
"PRKAB2",TRUE
"PRKACA",TRUE
"PRKACB",TRUE
"PRKACG",FALSE
"PRKAG1",TRUE
"PRKAG2",TRUE
"PRKAG2-AS2",FALSE
"PRKAG3",FALSE
"PRKAR1A",TRUE
"PRKAR1AP1",FALSE
"PRKAR1B",TRUE
"PRKAR1B-AS1",FALSE
"PRKAR1B-AS2",TRUE
"PRKAR2A",TRUE
"PRKAR2A-AS1",TRUE
"PRKAR2B",TRUE
"PRKCA",TRUE
"PRKCB",TRUE
"PRKCD",TRUE
"PRKCE",TRUE
"PRKCG",TRUE
"PRKCH",TRUE
"PRKCH-AS1",TRUE
"PRKCH-AS2",FALSE
"PRKCI",TRUE
"PRKCQ",TRUE
"PRKCQ-AS1",TRUE
"PRKCSH",TRUE
"PRKCZ",TRUE
"PRKCZ-AS1",TRUE
"PRKCZ-DT",FALSE
"PRKD1",TRUE
"PRKD2",TRUE
"PRKD3",TRUE
"PRKD3-DT",FALSE
"PRKDC",TRUE
"PRKG1",TRUE
"PRKG1-AS1",FALSE
"PRKG2",TRUE
"PRKG2-AS1",FALSE
"PRKN",TRUE
"PRKRA",TRUE
"PRKRIP1",TRUE
"PRKX",TRUE
"PRKX-AS1",FALSE
"PRL",FALSE
"PRLH",FALSE
"PRLHR",FALSE
"PRLR",TRUE
"PRM1",FALSE
"PRM2",FALSE
"PRM3",FALSE
"PRMT1",TRUE
"PRMT2",TRUE
"PRMT3",TRUE
"PRMT5",TRUE
"PRMT5-DT",TRUE
"PRMT6",TRUE
"PRMT7",TRUE
"PRMT8",FALSE
"PRMT9",TRUE
"PRNCR1",FALSE
"PRND",FALSE
"PRNP",TRUE
"PRNT",FALSE
"PRO1804",FALSE
"PROB1",TRUE
"PROC",TRUE
"PROCA1",TRUE
"PROCR",TRUE
"PRODH",FALSE
"PRODH2",TRUE
"PRODHLP",FALSE
"PROK1",FALSE
"PROK2",FALSE
"PROKR1",FALSE
"PROKR2",FALSE
"PROM1",TRUE
"PROM2",TRUE
"PROP1",FALSE
"PRORP",TRUE
"PROS1",TRUE
"PROSER1",TRUE
"PROSER2",TRUE
"PROSER2-AS1",TRUE
"PROSER3",TRUE
"PROX1",TRUE
"PROX1-AS1",TRUE
"PROX2",TRUE
"PROZ",FALSE
"PRP4K",TRUE
"PRPF18",TRUE
"PRPF19",TRUE
"PRPF19P1",FALSE
"PRPF3",TRUE
"PRPF31",TRUE
"PRPF38A",TRUE
"PRPF38AP2",FALSE
"PRPF38B",TRUE
"PRPF39",TRUE
"PRPF39-DT",FALSE
"PRPF4",TRUE
"PRPF40A",TRUE
"PRPF40B",TRUE
"PRPF6",TRUE
"PRPF8",TRUE
"PRPH",FALSE
"PRPH2",TRUE
"PRPS1",TRUE
"PRPS1L1",FALSE
"PRPS1P1",FALSE
"PRPS2",TRUE
"PRPSAP1",TRUE
"PRPSAP2",TRUE
"PRR11",TRUE
"PRR11P1",FALSE
"PRR12",TRUE
"PRR13",TRUE
"PRR14",TRUE
"PRR14L",TRUE
"PRR15",TRUE
"PRR15L",TRUE
"PRR16",TRUE
"PRR18",TRUE
"PRR19",TRUE
"PRR20A",FALSE
"PRR20B",FALSE
"PRR20C",FALSE
"PRR20D",FALSE
"PRR20E",FALSE
"PRR20FP",FALSE
"PRR20G",FALSE
"PRR22",TRUE
"PRR23A",FALSE
"PRR23B",FALSE
"PRR23C",FALSE
"PRR23E",FALSE
"PRR27",FALSE
"PRR29",TRUE
"PRR29-AS1",FALSE
"PRR3",TRUE
"PRR30",FALSE
"PRR32",FALSE
"PRR35",TRUE
"PRR36",TRUE
"PRR5",TRUE
"PRR5-ARHGAP8",TRUE
"PRR5L",TRUE
"PRR7",TRUE
"PRR9",FALSE
"PRRC1",TRUE
"PRRC2A",TRUE
"PRRC2C",TRUE
"PRRG1",TRUE
"PRRG2",TRUE
"PRRG3",FALSE
"PRRG4",TRUE
"PRRT2",TRUE
"PRRT3",TRUE
"PRRT3-AS1",TRUE
"PRRT4",FALSE
"PRRX1",TRUE
"PRRX2",TRUE
"PRRX2-AS1",FALSE
"PRSS1",TRUE
"PRSS12",TRUE
"PRSS16",TRUE
"PRSS2",TRUE
"PRSS21",TRUE
"PRSS22",TRUE
"PRSS23",TRUE
"PRSS27",TRUE
"PRSS3",TRUE
"PRSS33",FALSE
"PRSS35",TRUE
"PRSS36",TRUE
"PRSS37",FALSE
"PRSS38",FALSE
"PRSS3P1",TRUE
"PRSS3P4",FALSE
"PRSS41",FALSE
"PRSS47P",FALSE
"PRSS48",FALSE
"PRSS51",FALSE
"PRSS53",TRUE
"PRSS54",FALSE
"PRSS55",FALSE
"PRSS56",FALSE
"PRSS57",FALSE
"PRSS58",FALSE
"PRSS59P",FALSE
"PRSS8",TRUE
"PRTFDC1",TRUE
"PRTG",TRUE
"PRTN3",FALSE
"PRUNE1",TRUE
"PRUNE2",TRUE
"PRX",TRUE
"PRXL2A",TRUE
"PRXL2AP1",FALSE
"PRXL2B",TRUE
"PRXL2C",TRUE
"PSAP",TRUE
"PSAPL1",FALSE
"PSAT1",TRUE
"PSAT1P3",FALSE
"PSCA",FALSE
"PSD",TRUE
"PSD2",TRUE
"PSD2-AS1",FALSE
"PSD3",TRUE
"PSD3-AS1",FALSE
"PSD4",TRUE
"PSEN1",TRUE
"PSEN2",TRUE
"PSENEN",TRUE
"PSG11",FALSE
"PSG2",FALSE
"PSG3",TRUE
"PSG4",TRUE
"PSG5",TRUE
"PSG6",FALSE
"PSG7",FALSE
"PSG8",TRUE
"PSG8-AS1",FALSE
"PSG9",TRUE
"PSIP1",TRUE
"PSKH1",TRUE
"PSKH2",FALSE
"PSMA1",TRUE
"PSMA2",TRUE
"PSMA2P3",FALSE
"PSMA3",TRUE
"PSMA3-AS1",TRUE
"PSMA4",TRUE
"PSMA5",TRUE
"PSMA5P1",FALSE
"PSMA6",TRUE
"PSMA6P3",FALSE
"PSMA7",TRUE
"PSMA8",FALSE
"PSMB1",TRUE
"PSMB10",TRUE
"PSMB11",FALSE
"PSMB2",TRUE
"PSMB3",TRUE
"PSMB3P1",FALSE
"PSMB3P2",FALSE
"PSMB4",TRUE
"PSMB5",TRUE
"PSMB6",TRUE
"PSMB7",TRUE
"PSMB8",TRUE
"PSMB8-AS1",TRUE
"PSMB9",TRUE
"PSMC1",TRUE
"PSMC1P1",TRUE
"PSMC1P10",FALSE
"PSMC1P11",FALSE
"PSMC1P12",FALSE
"PSMC1P2",FALSE
"PSMC1P3",FALSE
"PSMC1P4",FALSE
"PSMC1P5",FALSE
"PSMC1P6",FALSE
"PSMC1P7",FALSE
"PSMC1P8",FALSE
"PSMC1P9",FALSE
"PSMC2",TRUE
"PSMC2P1",TRUE
"PSMC2P2",FALSE
"PSMC3",TRUE
"PSMC3IP",TRUE
"PSMC3P1",FALSE
"PSMC4",TRUE
"PSMC5",TRUE
"PSMC6",TRUE
"PSMC6P2",FALSE
"PSMD1",TRUE
"PSMD10",TRUE
"PSMD10P3",FALSE
"PSMD11",TRUE
"PSMD12",TRUE
"PSMD12P1",FALSE
"PSMD13",TRUE
"PSMD14",TRUE
"PSMD14-DT",TRUE
"PSMD2",TRUE
"PSMD2P1",FALSE
"PSMD3",TRUE
"PSMD4",TRUE
"PSMD5",TRUE
"PSMD6",TRUE
"PSMD6-AS1",FALSE
"PSMD6-AS2",TRUE
"PSMD7",TRUE
"PSMD7-DT",FALSE
"PSMD8",TRUE
"PSMD8P1",FALSE
"PSMD9",TRUE
"PSME1",TRUE
"PSME2",TRUE
"PSME2P1",TRUE
"PSME2P2",TRUE
"PSME2P3",FALSE
"PSME2P4",FALSE
"PSME2P5",FALSE
"PSME2P6",FALSE
"PSME3",TRUE
"PSME3IP1",TRUE
"PSME4",TRUE
"PSMF1",TRUE
"PSMG1",TRUE
"PSMG2",TRUE
"PSMG3",TRUE
"PSMG3-AS1",TRUE
"PSMG3P2",FALSE
"PSMG4",TRUE
"PSORS1C1",TRUE
"PSORS1C2",FALSE
"PSPC1",TRUE
"PSPC1P1",FALSE
"PSPC1P2",FALSE
"PSPH",TRUE
"PSPHP1",TRUE
"PSPN",TRUE
"PSRC1",TRUE
"PSTK",TRUE
"PSTPIP1",TRUE
"PSTPIP2",TRUE
"PTAFR",TRUE
"PTAR1",TRUE
"PTBP1",TRUE
"PTBP2",TRUE
"PTBP3",TRUE
"PTCD1",TRUE
"PTCD2",TRUE
"PTCD2P1",FALSE
"PTCD2P2",FALSE
"PTCD3",TRUE
"PTCH1",TRUE
"PTCH2",TRUE
"PTCHD1",TRUE
"PTCHD3",TRUE
"PTCHD4",TRUE
"PTCRA",FALSE
"PTCSC2",FALSE
"PTCSC3",FALSE
"PTDSS1",TRUE
"PTDSS2",TRUE
"PTEN",TRUE
"PTENP1-AS",FALSE
"PTER",TRUE
"PTF1A",TRUE
"PTGDR",FALSE
"PTGDR2",FALSE
"PTGDS",TRUE
"PTGER1",FALSE
"PTGER2",TRUE
"PTGER3",TRUE
"PTGER4",TRUE
"PTGES",TRUE
"PTGES2",TRUE
"PTGES2-DT",FALSE
"PTGES3",TRUE
"PTGES3L",TRUE
"PTGES3L-AARSD1",FALSE
"PTGES3P4",FALSE
"PTGES3P5",FALSE
"PTGFR",TRUE
"PTGFRN",TRUE
"PTGIR",TRUE
"PTGIS",TRUE
"PTGR1",TRUE
"PTGR2",TRUE
"PTGR3",TRUE
"PTGS1",TRUE
"PTGS2",TRUE
"PTH",FALSE
"PTH1R",TRUE
"PTH2",FALSE
"PTH2R",TRUE
"PTHLH",TRUE
"PTK2",TRUE
"PTK2B",TRUE
"PTK6",TRUE
"PTK7",TRUE
"PTMA",TRUE
"PTMS",TRUE
"PTN",TRUE
"PTOV1",TRUE
"PTOV1-AS1",TRUE
"PTOV1P1",FALSE
"PTP4A1",TRUE
"PTP4A1P3",FALSE
"PTP4A1P5",FALSE
"PTP4A2",TRUE
"PTP4A3",TRUE
"PTPA",TRUE
"PTPDC1",TRUE
"PTPMT1",TRUE
"PTPN1",TRUE
"PTPN11",TRUE
"PTPN12",TRUE
"PTPN13",TRUE
"PTPN14",TRUE
"PTPN18",TRUE
"PTPN2",TRUE
"PTPN20",TRUE
"PTPN21",TRUE
"PTPN22",TRUE
"PTPN23",TRUE
"PTPN23-DT",TRUE
"PTPN3",TRUE
"PTPN4",TRUE
"PTPN5",FALSE
"PTPN6",TRUE
"PTPN7",TRUE
"PTPN9",TRUE
"PTPRA",TRUE
"PTPRB",TRUE
"PTPRC",TRUE
"PTPRC-AS1",FALSE
"PTPRCAP",FALSE
"PTPRD",TRUE
"PTPRD-AS1",TRUE
"PTPRD-DT",FALSE
"PTPRE",TRUE
"PTPRF",TRUE
"PTPRG",TRUE
"PTPRG-AS1",TRUE
"PTPRH",TRUE
"PTPRJ",TRUE
"PTPRK",TRUE
"PTPRM",TRUE
"PTPRN",TRUE
"PTPRN2",TRUE
"PTPRO",TRUE
"PTPRQ",TRUE
"PTPRR",TRUE
"PTPRS",TRUE
"PTPRT",TRUE
"PTPRT-AS1",FALSE
"PTPRT-DT",FALSE
"PTPRU",TRUE
"PTPRZ1",TRUE
"PTRH1",FALSE
"PTRH2",TRUE
"PTRHD1",TRUE
"PTS",TRUE
"PTTG1",TRUE
"PTTG1IP",TRUE
"PTTG1IP2",FALSE
"PTTG1P2",FALSE
"PTTG2",FALSE
"PTTG3P",FALSE
"PTX3",TRUE
"PTX4",FALSE
"PUDP",TRUE
"PUDPP3",FALSE
"PUF60",TRUE
"PUM1",TRUE
"PUM2",TRUE
"PUM3",TRUE
"PURA",TRUE
"PURB",TRUE
"PURG",FALSE
"PURPL",FALSE
"PUS1",TRUE
"PUS10",TRUE
"PUS3",TRUE
"PUS7",TRUE
"PUS7L",TRUE
"PUSL1",TRUE
"PVALB",FALSE
"PVALEF",FALSE
"PVR",TRUE
"PVRIG",TRUE
"PVT1",TRUE
"PWAR1",FALSE
"PWAR5",TRUE
"PWP1",TRUE
"PWP2",TRUE
"PWRN2",FALSE
"PWWP2A",TRUE
"PWWP2B",TRUE
"PWWP3A",TRUE
"PWWP3B",TRUE
"PWWP4",FALSE
"PXDC1",TRUE
"PXDN",TRUE
"PXDNL",TRUE
"PXK",TRUE
"PXMP2",TRUE
"PXMP4",TRUE
"PXN",TRUE
"PXN-AS1",TRUE
"PXT1",FALSE
"PXYLP1",TRUE
"PYCARD",TRUE
"PYCARD-AS1",FALSE
"PYCR1",TRUE
"PYCR2",TRUE
"PYCR3",TRUE
"PYDC1",FALSE
"PYDC2",FALSE
"PYGB",TRUE
"PYGL",TRUE
"PYGM",TRUE
"PYGO1",TRUE
"PYGO2",TRUE
"PYHIN1",FALSE
"PYM1",TRUE
"PYROXD1",TRUE
"PYROXD2",TRUE
"PYURF",FALSE
"PYY",FALSE
"PZP",FALSE
"QARS1",TRUE
"QDPR",TRUE
"QKI",TRUE
"QNG1",TRUE
"QPCT",TRUE
"QPCTL",TRUE
"QPRT",TRUE
"QRFP",TRUE
"QRFPR",FALSE
"QRICH1",TRUE
"QRICH2",TRUE
"QRSL1",TRUE
"QRSL1P1",FALSE
"QRSL1P2",FALSE
"QRSL1P3",FALSE
"QSER1",TRUE
"QSOX1",TRUE
"QSOX2",TRUE
"QTMAN",TRUE
"QTMAN-AS1",FALSE
"QTRT1",TRUE
"QTRT1P1",FALSE
"QTRT2",TRUE
"R3HCC1",TRUE
"R3HCC1L",TRUE
"R3HDM1",TRUE
"R3HDM2",TRUE
"R3HDM2-DT",FALSE
"R3HDM2P1",FALSE
"R3HDM2P2",FALSE
"R3HDM4",TRUE
"R3HDML",FALSE
"R3HDML-AS1",FALSE
"RAB10",TRUE
"RAB11A",TRUE
"RAB11AP1",FALSE
"RAB11AP2",FALSE
"RAB11B",TRUE
"RAB11B-AS1",TRUE
"RAB11FIP1",TRUE
"RAB11FIP2",TRUE
"RAB11FIP3",TRUE
"RAB11FIP4",TRUE
"RAB11FIP5",TRUE
"RAB12",TRUE
"RAB13",TRUE
"RAB14",TRUE
"RAB15",TRUE
"RAB17",TRUE
"RAB17-DT",TRUE
"RAB18",TRUE
"RAB19",TRUE
"RAB1A",TRUE
"RAB1B",TRUE
"RAB20",TRUE
"RAB21",TRUE
"RAB22A",TRUE
"RAB23",TRUE
"RAB24",TRUE
"RAB25",TRUE
"RAB26",TRUE
"RAB27A",TRUE
"RAB27B",TRUE
"RAB28",TRUE
"RAB29",TRUE
"RAB2A",TRUE
"RAB2B",TRUE
"RAB30",TRUE
"RAB30-DT",TRUE
"RAB31",TRUE
"RAB32",TRUE
"RAB33A",FALSE
"RAB33B",TRUE
"RAB33B-AS1",TRUE
"RAB34",TRUE
"RAB35",TRUE
"RAB35-AS1",TRUE
"RAB36",TRUE
"RAB37",TRUE
"RAB38",TRUE
"RAB39A",FALSE
"RAB39B",TRUE
"RAB3A",TRUE
"RAB3B",TRUE
"RAB3C",TRUE
"RAB3D",TRUE
"RAB3GAP1",TRUE
"RAB3GAP2",TRUE
"RAB3IL1",TRUE
"RAB3IP",TRUE
"RAB40A",TRUE
"RAB40AL",FALSE
"RAB40B",TRUE
"RAB40C",TRUE
"RAB41",TRUE
"RAB42",TRUE
"RAB43",TRUE
"RAB44",FALSE
"RAB4A",TRUE
"RAB4A-AS1",TRUE
"RAB4B",TRUE
"RAB5A",TRUE
"RAB5B",TRUE
"RAB5C",TRUE
"RAB5IF",TRUE
"RAB6A",TRUE
"RAB6B",TRUE
"RAB6C",FALSE
"RAB6D",TRUE
"RAB7A",TRUE
"RAB7B",TRUE
"RAB8A",TRUE
"RAB8B",TRUE
"RAB9A",TRUE
"RAB9AP1",FALSE
"RAB9AP2",FALSE
"RAB9AP3",FALSE
"RAB9AP5",FALSE
"RAB9B",TRUE
"RAB9BP1",FALSE
"RABAC1",TRUE
"RABEP1",TRUE
"RABEP2",TRUE
"RABEPK",TRUE
"RABEPKP1",FALSE
"RABGAP1",TRUE
"RABGAP1L",TRUE
"RABGAP1L-AS1",FALSE
"RABGAP1L-DT",FALSE
"RABGEF1",TRUE
"RABGEF1P2",TRUE
"RABGGTA",TRUE
"RABGGTB",TRUE
"RABIF",TRUE
"RABL3",TRUE
"RABL6",TRUE
"RAC1",TRUE
"RAC1P7",FALSE
"RAC1P8",FALSE
"RAC1P9",FALSE
"RAC2",TRUE
"RAC3",TRUE
"RACGAP1",TRUE
"RACK1",TRUE
"RACK1P1",FALSE
"RACK1P2",FALSE
"RACK1P3",FALSE
"RAD1",TRUE
"RAD17",TRUE
"RAD17P1",FALSE
"RAD18",TRUE
"RAD21",TRUE
"RAD21-AS1",TRUE
"RAD21L1",FALSE
"RAD21P1",FALSE
"RAD23A",TRUE
"RAD23B",TRUE
"RAD23BP1",FALSE
"RAD23BP3",FALSE
"RAD50",TRUE
"RAD51",TRUE
"RAD51-AS1",TRUE
"RAD51AP1",TRUE
"RAD51AP2",FALSE
"RAD51B",TRUE
"RAD51C",TRUE
"RAD51D",TRUE
"RAD52",TRUE
"RAD54B",TRUE
"RAD54L",TRUE
"RAD54L2",TRUE
"RAD54L2P1",FALSE
"RAD9A",TRUE
"RAD9B",TRUE
"RADIL",TRUE
"RADX",TRUE
"RAE1",TRUE
"RAET1E",FALSE
"RAET1E-AS1",TRUE
"RAET1G",TRUE
"RAET1L",TRUE
"RAET1M",FALSE
"RAF1",TRUE
"RAF1P1",FALSE
"RAG1",TRUE
"RAG2",FALSE
"RAI1",TRUE
"RAI1-AS1",FALSE
"RAI14",TRUE
"RAI2",TRUE
"RALA",TRUE
"RALB",TRUE
"RALBP1",TRUE
"RALBP1P1",FALSE
"RALGAPA1",TRUE
"RALGAPA1P1",TRUE
"RALGAPA2",TRUE
"RALGAPB",TRUE
"RALGDS",TRUE
"RALGPS1",TRUE
"RALGPS2",TRUE
"RALY",TRUE
"RALYL",TRUE
"RAMAC",TRUE
"RAMACL",FALSE
"RAMP1",TRUE
"RAMP2",TRUE
"RAMP2-AS1",FALSE
"RAMP3",TRUE
"RAN",TRUE
"RANBP1",TRUE
"RANBP10",TRUE
"RANBP17",TRUE
"RANBP2",TRUE
"RANBP3",TRUE
"RANBP3-DT",FALSE
"RANBP3L",TRUE
"RANBP6",TRUE
"RANBP9",TRUE
"RANGAP1",TRUE
"RANGRF",TRUE
"RANP9",FALSE
"RAP1A",TRUE
"RAP1B",TRUE
"RAP1GAP",TRUE
"RAP1GAP2",TRUE
"RAP1GAP2-AS1",TRUE
"RAP1GDS1",TRUE
"RAP2A",TRUE
"RAP2B",TRUE
"RAP2C",TRUE
"RAP2C-AS1",TRUE
"RAPGEF1",TRUE
"RAPGEF2",TRUE
"RAPGEF3",TRUE
"RAPGEF4",TRUE
"RAPGEF4-AS1",FALSE
"RAPGEF5",TRUE
"RAPGEF6",TRUE
"RAPGEFL1",TRUE
"RAPH1",TRUE
"RAPSN",TRUE
"RARA",TRUE
"RARA-AS1",TRUE
"RARB",TRUE
"RARG",TRUE
"RARRES1",TRUE
"RARRES2",TRUE
"RARRES2P10",FALSE
"RARRES2P3",FALSE
"RARRES2P5",FALSE
"RARRES2P6",FALSE
"RARS1",TRUE
"RARS2",TRUE
"RASA1",TRUE
"RASA2",TRUE
"RASA2-IT1",FALSE
"RASA3",TRUE
"RASA4",TRUE
"RASA4B",FALSE
"RASAL1",TRUE
"RASAL2",TRUE
"RASAL2-AS1",TRUE
"RASAL3",TRUE
"RASD1",TRUE
"RASD2",TRUE
"RASEF",TRUE
"RASGEF1A",TRUE
"RASGEF1B",TRUE
"RASGEF1C",FALSE
"RASGRF1",TRUE
"RASGRF2",TRUE
"RASGRP1",TRUE
"RASGRP2",TRUE
"RASGRP3",TRUE
"RASGRP4",FALSE
"RASIP1",TRUE
"RASL10A",TRUE
"RASL10B",TRUE
"RASL11A",TRUE
"RASL11B",TRUE
"RASL12",TRUE
"RASSF1",TRUE
"RASSF1-AS1",FALSE
"RASSF10",FALSE
"RASSF2",TRUE
"RASSF3",TRUE
"RASSF3-DT",FALSE
"RASSF4",TRUE
"RASSF5",TRUE
"RASSF6",TRUE
"RASSF7",TRUE
"RASSF8",TRUE
"RASSF8-AS1",TRUE
"RASSF9",TRUE
"RAVER1",TRUE
"RAVER2",TRUE
"RAX",FALSE
"RAX2",FALSE
"RB1",TRUE
"RB1-DT",FALSE
"RB1CC1",TRUE
"RBAK",TRUE
"RBAK-RBAKDN",FALSE
"RBAKDN",FALSE
"RBBP4",TRUE
"RBBP4P2",TRUE
"RBBP4P3",FALSE
"RBBP4P4",FALSE
"RBBP5",TRUE
"RBBP6",TRUE
"RBBP7",TRUE
"RBBP8",TRUE
"RBBP8-AS1",FALSE
"RBBP8NL",TRUE
"RBBP8P1",FALSE
"RBBP8P2",FALSE
"RBBP9",TRUE
"RBCK1",TRUE
"RBFA",TRUE
"RBFADN",TRUE
"RBFOX1",FALSE
"RBFOX2",TRUE
"RBFOX3",FALSE
"RBIS",TRUE
"RBISP4",FALSE
"RBISP5",FALSE
"RBISP6",FALSE
"RBKS",TRUE
"RBL1",TRUE
"RBL2",TRUE
"RBM10",TRUE
"RBM11",TRUE
"RBM11P1",FALSE
"RBM12",TRUE
"RBM12B",TRUE
"RBM12B-AS1",TRUE
"RBM12B-DT",FALSE
"RBM14",TRUE
"RBM14-RBM4",TRUE
"RBM15",TRUE
"RBM15-AS1",TRUE
"RBM15B",TRUE
"RBM17",TRUE
"RBM17P1",FALSE
"RBM17P2",FALSE
"RBM17P3",FALSE
"RBM18",TRUE
"RBM19",TRUE
"RBM20",TRUE
"RBM22",TRUE
"RBM22P1",FALSE
"RBM22P12",FALSE
"RBM22P13",FALSE
"RBM22P3",FALSE
"RBM22P4",FALSE
"RBM22P6",FALSE
"RBM22P7",FALSE
"RBM23",TRUE
"RBM24",TRUE
"RBM25",TRUE
"RBM26",TRUE
"RBM26-AS1",TRUE
"RBM27",TRUE
"RBM27-POU4F3",FALSE
"RBM28",TRUE
"RBM3",TRUE
"RBM33",TRUE
"RBM33-DT",TRUE
"RBM34",TRUE
"RBM38",TRUE
"RBM39",TRUE
"RBM39P1",FALSE
"RBM4",TRUE
"RBM41",TRUE
"RBM42",TRUE
"RBM43",TRUE
"RBM44",TRUE
"RBM45",TRUE
"RBM46",FALSE
"RBM46-AS1",FALSE
"RBM47",TRUE
"RBM47-AS1",TRUE
"RBM48",TRUE
"RBM4B",TRUE
"RBM5",TRUE
"RBM5-AS1",TRUE
"RBM6",TRUE
"RBM7",TRUE
"RBM8A",TRUE
"RBMS1",TRUE
"RBMS2",TRUE
"RBMS3",TRUE
"RBMS3-AS1",FALSE
"RBMS3-AS2",FALSE
"RBMS3-AS3",FALSE
"RBMX",TRUE
"RBMX2",TRUE
"RBMX2P1",FALSE
"RBMXL1",TRUE
"RBMXL2",FALSE
"RBMXL3",FALSE
"RBMY1B",FALSE
"RBMY1D",FALSE
"RBMY1E",FALSE
"RBMY1HP",FALSE
"RBMY1J",FALSE
"RBMY1KP",FALSE
"RBMY2BP",FALSE
"RBMY2GP",FALSE
"RBMY2JP",FALSE
"RBMY2KP",FALSE
"RBMY2MP",FALSE
"RBMY2OP",FALSE
"RBMY2QP",FALSE
"RBMY2SP",FALSE
"RBMY2TP",FALSE
"RBMY2WP",FALSE
"RBMY2XP",FALSE
"RBMY2YP",FALSE
"RBP1",TRUE
"RBP2",TRUE
"RBP3",FALSE
"RBP4",TRUE
"RBP5",TRUE
"RBP7",TRUE
"RBPJ",TRUE
"RBPJL",TRUE
"RBPMS",TRUE
"RBPMS-AS1",TRUE
"RBPMS2",TRUE
"RBSN",TRUE
"RBX1",TRUE
"RC3H1",TRUE
"RC3H1-DT",FALSE
"RC3H2",TRUE
"RCAN1",TRUE
"RCAN2",TRUE
"RCAN2-DT",FALSE
"RCAN3",TRUE
"RCBTB1",TRUE
"RCBTB2",TRUE
"RCC1",TRUE
"RCC1L",TRUE
"RCC2",TRUE
"RCC2-AS1",FALSE
"RCC2P1",FALSE
"RCC2P2",FALSE
"RCC2P4",FALSE
"RCC2P5",FALSE
"RCC2P8",FALSE
"RCCD1",TRUE
"RCE1",TRUE
"RCHY1",TRUE
"RCL1",TRUE
"RCN1",TRUE
"RCN2",TRUE
"RCN3",TRUE
"RCOR1",TRUE
"RCOR2",TRUE
"RCOR3",TRUE
"RCSD1",TRUE
"RCVRN",FALSE
"RD3",FALSE
"RD3L",FALSE
"RDH10",TRUE
"RDH10-AS1",TRUE
"RDH11",TRUE
"RDH12",TRUE
"RDH13",TRUE
"RDH14",TRUE
"RDH16",TRUE
"RDH5",TRUE
"RDH8",TRUE
"RDM1",FALSE
"RDM1P1",FALSE
"RDM1P2",FALSE
"RDM1P4",FALSE
"RDUR",FALSE
"RDX",TRUE
"RDXP1",FALSE
"RDXP3",FALSE
"REC114",FALSE
"REC8",TRUE
"RECK",TRUE
"RECQL",TRUE
"RECQL4",TRUE
"RECQL5",TRUE
"REDIC1",FALSE
"REELD1",FALSE
"REEP1",TRUE
"REEP2",TRUE
"REEP3",TRUE
"REEP4",TRUE
"REEP5",TRUE
"REEP6",TRUE
"REG1A",TRUE
"REG1B",TRUE
"REG3A",TRUE
"REG3G",TRUE
"REG4",TRUE
"REL",TRUE
"REL-DT",FALSE
"RELA",TRUE
"RELB",TRUE
"RELCH",TRUE
"RELL1",TRUE
"RELL2",TRUE
"RELN",TRUE
"RELT",TRUE
"REM1",FALSE
"REM2",TRUE
"REN",FALSE
"RENBP",TRUE
"REP15",FALSE
"REPIN1",TRUE
"REPIN1-AS1",TRUE
"REPS1",TRUE
"REPS2",TRUE
"RER1",TRUE
"RERE",TRUE
"RERG",TRUE
"RERG-AS1",FALSE
"RERGL",FALSE
"RESF1",TRUE
"RESP18",FALSE
"REST",TRUE
"RET",TRUE
"RETN",FALSE
"RETNLB",FALSE
"RETREG1",TRUE
"RETREG1-AS1",FALSE
"RETREG2",TRUE
"RETREG3",TRUE
"RETSAT",TRUE
"REV1",TRUE
"REV3L",TRUE
"REX1BD",TRUE
"REXO1",TRUE
"REXO1L12P",FALSE
"REXO2",TRUE
"REXO4",TRUE
"REXO5",TRUE
"RFC1",TRUE
"RFC2",TRUE
"RFC3",TRUE
"RFC3P1",FALSE
"RFC4",TRUE
"RFC5",TRUE
"RFESD",TRUE
"RFFL",TRUE
"RFK",TRUE
"RFKP3",FALSE
"RFKP6",FALSE
"RFLNB",TRUE
"RFNG",TRUE
"RFPL1",FALSE
"RFPL2",FALSE
"RFPL3",FALSE
"RFPL3S",FALSE
"RFPL4A",TRUE
"RFPL4AL1",FALSE
"RFPL4AP1",FALSE
"RFPL4AP3",FALSE
"RFPL4AP4",FALSE
"RFPL4AP5",FALSE
"RFPL4B",FALSE
"RFT1",TRUE
"RFTN1",TRUE
"RFTN1P1",FALSE
"RFTN2",TRUE
"RFWD3",TRUE
"RFX1",TRUE
"RFX2",TRUE
"RFX2-AS1",FALSE
"RFX3",TRUE
"RFX4",TRUE
"RFX5",TRUE
"RFX5-AS1",FALSE
"RFX6",TRUE
"RFX7",TRUE
"RFX8",TRUE
"RFXANK",TRUE
"RFXAP",TRUE
"RGCC",TRUE
"RGL1",TRUE
"RGL2",TRUE
"RGL3",TRUE
"RGL4",TRUE
"RGMA",TRUE
"RGMB",TRUE
"RGMB-AS1",TRUE
"RGN",TRUE
"RGP1",TRUE
"RGPD1",TRUE
"RGPD2",TRUE
"RGPD3",TRUE
"RGPD4",TRUE
"RGPD4-DT",FALSE
"RGPD6",TRUE
"RGPD8",TRUE
"RGR",FALSE
"RGS1",TRUE
"RGS10",TRUE
"RGS11",TRUE
"RGS12",TRUE
"RGS13",FALSE
"RGS14",TRUE
"RGS16",TRUE
"RGS17",TRUE
"RGS18",FALSE
"RGS19",TRUE
"RGS2",TRUE
"RGS20",TRUE
"RGS21",FALSE
"RGS22",FALSE
"RGS3",TRUE
"RGS4",TRUE
"RGS5",TRUE
"RGS5-AS1",FALSE
"RGS6",FALSE
"RGS7",FALSE
"RGS7BP",FALSE
"RGS8",FALSE
"RGS9",TRUE
"RGS9BP",FALSE
"RGSL1",FALSE
"RHAG",FALSE
"RHBDD1",TRUE
"RHBDD2",TRUE
"RHBDD3",TRUE
"RHBDF1",TRUE
"RHBDF1P1",FALSE
"RHBDF2",TRUE
"RHBDL1",TRUE
"RHBDL2",TRUE
"RHBDL3",TRUE
"RHBG",TRUE
"RHCE",TRUE
"RHCG",TRUE
"RHD",TRUE
"RHEB",TRUE
"RHEBL1",TRUE
"RHEX",TRUE
"RHNO1",TRUE
"RHO",FALSE
"RHOA",TRUE
"RHOB",TRUE
"RHOBTB1",TRUE
"RHOBTB2",TRUE
"RHOBTB3",TRUE
"RHOC",TRUE
"RHOD",TRUE
"RHOF",TRUE
"RHOG",TRUE
"RHOG2P",FALSE
"RHOH",TRUE
"RHOJ",TRUE
"RHOQ",TRUE
"RHOQ-AS1",TRUE
"RHOT1",TRUE
"RHOT1P1",TRUE
"RHOT2",TRUE
"RHOU",TRUE
"RHOV",TRUE
"RHOXF1-AS1",TRUE
"RHOXF2",FALSE
"RHOXF2B",FALSE
"RHPN1",TRUE
"RHPN1-AS1",TRUE
"RHPN2",TRUE
"RIBC1",TRUE
"RIBC2",FALSE
"RIC1",TRUE
"RIC3",TRUE
"RIC3-DT",FALSE
"RIC8A",TRUE
"RIC8B",TRUE
"RICTOR",TRUE
"RIDA",TRUE
"RIDAP1",FALSE
"RIDAP2",FALSE
"RIF1",TRUE
"RIGI",TRUE
"RIIAD1",FALSE
"RILP",TRUE
"RILPL1",TRUE
"RILPL2",TRUE
"RIMBP2",TRUE
"RIMBP3",TRUE
"RIMBP3B",FALSE
"RIMBP3C",FALSE
"RIMKLA",TRUE
"RIMKLB",TRUE
"RIMOC1",TRUE
"RIMS1",TRUE
"RIMS2",TRUE
"RIMS3",TRUE
"RIMS4",FALSE
"RIN1",TRUE
"RIN2",TRUE
"RIN3",TRUE
"RING1",TRUE
"RINL",TRUE
"RINT1",TRUE
"RIOK1",TRUE
"RIOK2",TRUE
"RIOK3",TRUE
"RIOK3P1",FALSE
"RIOX1",TRUE
"RIOX2",TRUE
"RIPK1",TRUE
"RIPK2",TRUE
"RIPK3",TRUE
"RIPK4",TRUE
"RIPOR1",TRUE
"RIPOR2",TRUE
"RIPOR3",TRUE
"RIPOR3-AS1",FALSE
"RIPPLY1",FALSE
"RIPPLY2",FALSE
"RIPPLY3",FALSE
"RIT1",TRUE
"RIT2",FALSE
"RITA1",TRUE
"RLBP1",FALSE
"RLF",TRUE
"RLIG1",TRUE
"RLIG1P1",FALSE
"RLIM",TRUE
"RLIMP1",FALSE
"RLIMP2",FALSE
"RLIMP3",FALSE
"RLN1",FALSE
"RLN2",TRUE
"RLN3",FALSE
"RMC1",TRUE
"RMDN1",TRUE
"RMDN2",TRUE
"RMDN3",TRUE
"RMI1",TRUE
"RMI2",TRUE
"RMND1",TRUE
"RMND5A",TRUE
"RMND5B",TRUE
"RMP24",TRUE
"RMP24P1",FALSE
"RMP64",TRUE
"RMRP",FALSE
"RMRPP5",FALSE
"RMST",FALSE
"RN7SK",TRUE
"RN7SKP1",FALSE
"RN7SKP10",FALSE
"RN7SKP100",FALSE
"RN7SKP101",FALSE
"RN7SKP103",FALSE
"RN7SKP104",FALSE
"RN7SKP105",FALSE
"RN7SKP106",FALSE
"RN7SKP107",FALSE
"RN7SKP109",FALSE
"RN7SKP11",FALSE
"RN7SKP110",FALSE
"RN7SKP111",FALSE
"RN7SKP112",FALSE
"RN7SKP113",FALSE
"RN7SKP114",FALSE
"RN7SKP115",FALSE
"RN7SKP116",FALSE
"RN7SKP117",FALSE
"RN7SKP118",FALSE
"RN7SKP119",FALSE
"RN7SKP12",FALSE
"RN7SKP121",FALSE
"RN7SKP122",FALSE
"RN7SKP123",FALSE
"RN7SKP125",FALSE
"RN7SKP126",FALSE
"RN7SKP127",FALSE
"RN7SKP128",FALSE
"RN7SKP129",FALSE
"RN7SKP13",FALSE
"RN7SKP130",FALSE
"RN7SKP132",FALSE
"RN7SKP134",FALSE
"RN7SKP135",FALSE
"RN7SKP136",FALSE
"RN7SKP14",FALSE
"RN7SKP140",FALSE
"RN7SKP141",FALSE
"RN7SKP142",FALSE
"RN7SKP143",FALSE
"RN7SKP144",FALSE
"RN7SKP145",FALSE
"RN7SKP147",FALSE
"RN7SKP148",FALSE
"RN7SKP15",FALSE
"RN7SKP151",FALSE
"RN7SKP152",FALSE
"RN7SKP153",FALSE
"RN7SKP154",FALSE
"RN7SKP155",FALSE
"RN7SKP156",FALSE
"RN7SKP157",FALSE
"RN7SKP158",FALSE
"RN7SKP16",TRUE
"RN7SKP160",FALSE
"RN7SKP161",FALSE
"RN7SKP164",FALSE
"RN7SKP167",FALSE
"RN7SKP168",FALSE
"RN7SKP169",FALSE
"RN7SKP17",FALSE
"RN7SKP171",FALSE
"RN7SKP172",FALSE
"RN7SKP174",FALSE
"RN7SKP175",FALSE
"RN7SKP177",FALSE
"RN7SKP178",FALSE
"RN7SKP179",FALSE
"RN7SKP18",FALSE
"RN7SKP181",FALSE
"RN7SKP182",FALSE
"RN7SKP183",FALSE
"RN7SKP185",FALSE
"RN7SKP186",FALSE
"RN7SKP187",FALSE
"RN7SKP188",FALSE
"RN7SKP19",FALSE
"RN7SKP190",FALSE
"RN7SKP192",FALSE
"RN7SKP193",FALSE
"RN7SKP194",FALSE
"RN7SKP195",FALSE
"RN7SKP196",FALSE
"RN7SKP197",FALSE
"RN7SKP199",FALSE
"RN7SKP2",FALSE
"RN7SKP202",FALSE
"RN7SKP204",FALSE
"RN7SKP205",FALSE
"RN7SKP206",FALSE
"RN7SKP207",FALSE
"RN7SKP209",FALSE
"RN7SKP21",FALSE
"RN7SKP210",FALSE
"RN7SKP212",FALSE
"RN7SKP213",FALSE
"RN7SKP216",FALSE
"RN7SKP218",FALSE
"RN7SKP219",FALSE
"RN7SKP22",FALSE
"RN7SKP220",FALSE
"RN7SKP222",FALSE
"RN7SKP223",FALSE
"RN7SKP225",FALSE
"RN7SKP226",FALSE
"RN7SKP227",FALSE
"RN7SKP23",TRUE
"RN7SKP231",FALSE
"RN7SKP232",FALSE
"RN7SKP233",FALSE
"RN7SKP234",FALSE
"RN7SKP235",FALSE
"RN7SKP236",FALSE
"RN7SKP238",FALSE
"RN7SKP239",FALSE
"RN7SKP24",FALSE
"RN7SKP241",FALSE
"RN7SKP242",FALSE
"RN7SKP244",FALSE
"RN7SKP247",FALSE
"RN7SKP248",FALSE
"RN7SKP250",FALSE
"RN7SKP252",FALSE
"RN7SKP253",FALSE
"RN7SKP254",FALSE
"RN7SKP256",FALSE
"RN7SKP258",FALSE
"RN7SKP259",FALSE
"RN7SKP26",FALSE
"RN7SKP260",FALSE
"RN7SKP261",FALSE
"RN7SKP262",FALSE
"RN7SKP263",FALSE
"RN7SKP265",FALSE
"RN7SKP266",FALSE
"RN7SKP267",FALSE
"RN7SKP27",FALSE
"RN7SKP270",FALSE
"RN7SKP272",FALSE
"RN7SKP273",FALSE
"RN7SKP275",FALSE
"RN7SKP276",FALSE
"RN7SKP277",FALSE
"RN7SKP278",FALSE
"RN7SKP279",FALSE
"RN7SKP281",FALSE
"RN7SKP282",FALSE
"RN7SKP283",FALSE
"RN7SKP284",FALSE
"RN7SKP285",FALSE
"RN7SKP286",FALSE
"RN7SKP287",FALSE
"RN7SKP288",FALSE
"RN7SKP289",FALSE
"RN7SKP29",FALSE
"RN7SKP290",FALSE
"RN7SKP292",FALSE
"RN7SKP293",FALSE
"RN7SKP295",FALSE
"RN7SKP297",FALSE
"RN7SKP298",FALSE
"RN7SKP299",FALSE
"RN7SKP3",FALSE
"RN7SKP30",FALSE
"RN7SKP31",FALSE
"RN7SKP32",FALSE
"RN7SKP33",FALSE
"RN7SKP34",FALSE
"RN7SKP35",FALSE
"RN7SKP37",FALSE
"RN7SKP38",FALSE
"RN7SKP39",FALSE
"RN7SKP4",FALSE
"RN7SKP40",FALSE
"RN7SKP42",FALSE
"RN7SKP43",FALSE
"RN7SKP44",FALSE
"RN7SKP46",FALSE
"RN7SKP48",FALSE
"RN7SKP49",FALSE
"RN7SKP5",FALSE
"RN7SKP50",FALSE
"RN7SKP51",FALSE
"RN7SKP52",FALSE
"RN7SKP53",FALSE
"RN7SKP54",FALSE
"RN7SKP55",FALSE
"RN7SKP56",FALSE
"RN7SKP57",FALSE
"RN7SKP58",FALSE
"RN7SKP59",FALSE
"RN7SKP6",FALSE
"RN7SKP60",FALSE
"RN7SKP61",FALSE
"RN7SKP62",FALSE
"RN7SKP64",FALSE
"RN7SKP66",FALSE
"RN7SKP67",FALSE
"RN7SKP68",FALSE
"RN7SKP7",FALSE
"RN7SKP70",TRUE
"RN7SKP72",FALSE
"RN7SKP73",FALSE
"RN7SKP75",FALSE
"RN7SKP76",FALSE
"RN7SKP8",FALSE
"RN7SKP80",FALSE
"RN7SKP81",FALSE
"RN7SKP82",FALSE
"RN7SKP83",FALSE
"RN7SKP85",FALSE
"RN7SKP88",FALSE
"RN7SKP89",FALSE
"RN7SKP9",FALSE
"RN7SKP91",FALSE
"RN7SKP92",FALSE
"RN7SKP94",FALSE
"RN7SKP96",FALSE
"RN7SKP97",FALSE
"RN7SKP98",FALSE
"RN7SKP99",FALSE
"RN7SL1",FALSE
"RN7SL100P",FALSE
"RN7SL101P",FALSE
"RN7SL104P",FALSE
"RN7SL105P",FALSE
"RN7SL106P",FALSE
"RN7SL107P",FALSE
"RN7SL108P",FALSE
"RN7SL110P",FALSE
"RN7SL111P",FALSE
"RN7SL113P",FALSE
"RN7SL116P",FALSE
"RN7SL117P",FALSE
"RN7SL118P",FALSE
"RN7SL11P",FALSE
"RN7SL120P",FALSE
"RN7SL121P",FALSE
"RN7SL122P",FALSE
"RN7SL123P",FALSE
"RN7SL124P",FALSE
"RN7SL125P",FALSE
"RN7SL126P",FALSE
"RN7SL127P",FALSE
"RN7SL12P",FALSE
"RN7SL130P",TRUE
"RN7SL131P",FALSE
"RN7SL132P",FALSE
"RN7SL134P",FALSE
"RN7SL135P",FALSE
"RN7SL138P",FALSE
"RN7SL140P",FALSE
"RN7SL141P",FALSE
"RN7SL143P",FALSE
"RN7SL144P",FALSE
"RN7SL145P",FALSE
"RN7SL146P",FALSE
"RN7SL147P",FALSE
"RN7SL148P",FALSE
"RN7SL149P",FALSE
"RN7SL14P",FALSE
"RN7SL150P",FALSE
"RN7SL152P",FALSE
"RN7SL153P",FALSE
"RN7SL154P",FALSE
"RN7SL155P",FALSE
"RN7SL156P",FALSE
"RN7SL159P",FALSE
"RN7SL15P",FALSE
"RN7SL160P",FALSE
"RN7SL162P",FALSE
"RN7SL163P",FALSE
"RN7SL164P",FALSE
"RN7SL165P",FALSE
"RN7SL166P",FALSE
"RN7SL167P",FALSE
"RN7SL168P",FALSE
"RN7SL169P",FALSE
"RN7SL16P",FALSE
"RN7SL170P",FALSE
"RN7SL172P",FALSE
"RN7SL173P",FALSE
"RN7SL174P",FALSE
"RN7SL176P",FALSE
"RN7SL177P",FALSE
"RN7SL178P",FALSE
"RN7SL180P",FALSE
"RN7SL181P",FALSE
"RN7SL182P",FALSE
"RN7SL183P",FALSE
"RN7SL184P",FALSE
"RN7SL185P",FALSE
"RN7SL186P",TRUE
"RN7SL187P",FALSE
"RN7SL188P",FALSE
"RN7SL189P",FALSE
"RN7SL18P",FALSE
"RN7SL190P",FALSE
"RN7SL191P",FALSE
"RN7SL192P",TRUE
"RN7SL193P",FALSE
"RN7SL196P",FALSE
"RN7SL197P",FALSE
"RN7SL198P",FALSE
"RN7SL199P",FALSE
"RN7SL19P",FALSE
"RN7SL2",TRUE
"RN7SL200P",FALSE
"RN7SL201P",FALSE
"RN7SL202P",FALSE
"RN7SL203P",FALSE
"RN7SL204P",FALSE
"RN7SL205P",FALSE
"RN7SL208P",FALSE
"RN7SL209P",FALSE
"RN7SL20P",FALSE
"RN7SL210P",FALSE
"RN7SL211P",FALSE
"RN7SL213P",FALSE
"RN7SL214P",FALSE
"RN7SL215P",FALSE
"RN7SL216P",FALSE
"RN7SL217P",FALSE
"RN7SL218P",FALSE
"RN7SL219P",FALSE
"RN7SL220P",FALSE
"RN7SL221P",FALSE
"RN7SL222P",FALSE
"RN7SL223P",FALSE
"RN7SL225P",FALSE
"RN7SL228P",FALSE
"RN7SL229P",FALSE
"RN7SL22P",FALSE
"RN7SL230P",FALSE
"RN7SL231P",FALSE
"RN7SL233P",FALSE
"RN7SL234P",FALSE
"RN7SL236P",FALSE
"RN7SL237P",FALSE
"RN7SL238P",FALSE
"RN7SL239P",FALSE
"RN7SL23P",FALSE
"RN7SL240P",FALSE
"RN7SL241P",FALSE
"RN7SL242P",FALSE
"RN7SL244P",FALSE
"RN7SL246P",FALSE
"RN7SL248P",FALSE
"RN7SL250P",FALSE
"RN7SL251P",FALSE
"RN7SL252P",FALSE
"RN7SL253P",FALSE
"RN7SL254P",FALSE
"RN7SL255P",FALSE
"RN7SL258P",FALSE
"RN7SL259P",FALSE
"RN7SL25P",FALSE
"RN7SL260P",FALSE
"RN7SL261P",FALSE
"RN7SL262P",FALSE
"RN7SL263P",FALSE
"RN7SL265P",FALSE
"RN7SL266P",FALSE
"RN7SL267P",FALSE
"RN7SL268P",TRUE
"RN7SL269P",FALSE
"RN7SL26P",FALSE
"RN7SL271P",FALSE
"RN7SL272P",FALSE
"RN7SL273P",FALSE
"RN7SL274P",FALSE
"RN7SL275P",FALSE
"RN7SL278P",FALSE
"RN7SL279P",FALSE
"RN7SL280P",FALSE
"RN7SL282P",FALSE
"RN7SL283P",FALSE
"RN7SL284P",FALSE
"RN7SL285P",FALSE
"RN7SL286P",FALSE
"RN7SL288P",FALSE
"RN7SL28P",FALSE
"RN7SL290P",FALSE
"RN7SL291P",FALSE
"RN7SL292P",FALSE
"RN7SL293P",FALSE
"RN7SL294P",FALSE
"RN7SL296P",FALSE
"RN7SL297P",FALSE
"RN7SL299P",FALSE
"RN7SL3",FALSE
"RN7SL300P",FALSE
"RN7SL301P",FALSE
"RN7SL302P",FALSE
"RN7SL303P",FALSE
"RN7SL304P",FALSE
"RN7SL305P",FALSE
"RN7SL306P",FALSE
"RN7SL307P",FALSE
"RN7SL308P",FALSE
"RN7SL309P",FALSE
"RN7SL30P",FALSE
"RN7SL310P",FALSE
"RN7SL311P",FALSE
"RN7SL313P",FALSE
"RN7SL314P",FALSE
"RN7SL316P",FALSE
"RN7SL317P",FALSE
"RN7SL318P",FALSE
"RN7SL319P",FALSE
"RN7SL320P",FALSE
"RN7SL321P",FALSE
"RN7SL322P",FALSE
"RN7SL323P",FALSE
"RN7SL325P",FALSE
"RN7SL326P",FALSE
"RN7SL327P",FALSE
"RN7SL328P",FALSE
"RN7SL329P",FALSE
"RN7SL32P",FALSE
"RN7SL330P",FALSE
"RN7SL331P",FALSE
"RN7SL332P",FALSE
"RN7SL333P",FALSE
"RN7SL334P",FALSE
"RN7SL335P",FALSE
"RN7SL336P",FALSE
"RN7SL337P",FALSE
"RN7SL338P",FALSE
"RN7SL339P",FALSE
"RN7SL33P",FALSE
"RN7SL340P",FALSE
"RN7SL341P",FALSE
"RN7SL342P",FALSE
"RN7SL343P",FALSE
"RN7SL344P",FALSE
"RN7SL346P",FALSE
"RN7SL34P",FALSE
"RN7SL350P",FALSE
"RN7SL351P",FALSE
"RN7SL352P",FALSE
"RN7SL353P",FALSE
"RN7SL356P",FALSE
"RN7SL357P",FALSE
"RN7SL359P",FALSE
"RN7SL35P",FALSE
"RN7SL361P",FALSE
"RN7SL362P",FALSE
"RN7SL363P",FALSE
"RN7SL364P",FALSE
"RN7SL366P",FALSE
"RN7SL368P",TRUE
"RN7SL369P",FALSE
"RN7SL36P",FALSE
"RN7SL370P",FALSE
"RN7SL371P",FALSE
"RN7SL372P",FALSE
"RN7SL375P",FALSE
"RN7SL376P",FALSE
"RN7SL377P",FALSE
"RN7SL378P",FALSE
"RN7SL379P",FALSE
"RN7SL37P",FALSE
"RN7SL380P",FALSE
"RN7SL381P",TRUE
"RN7SL382P",FALSE
"RN7SL383P",FALSE
"RN7SL384P",FALSE
"RN7SL385P",FALSE
"RN7SL386P",TRUE
"RN7SL387P",FALSE
"RN7SL388P",FALSE
"RN7SL38P",FALSE
"RN7SL390P",FALSE
"RN7SL391P",FALSE
"RN7SL392P",FALSE
"RN7SL393P",FALSE
"RN7SL394P",FALSE
"RN7SL395P",FALSE
"RN7SL397P",FALSE
"RN7SL398P",FALSE
"RN7SL399P",FALSE
"RN7SL39P",FALSE
"RN7SL400P",FALSE
"RN7SL401P",FALSE
"RN7SL402P",FALSE
"RN7SL403P",FALSE
"RN7SL404P",FALSE
"RN7SL405P",FALSE
"RN7SL408P",FALSE
"RN7SL40P",FALSE
"RN7SL411P",FALSE
"RN7SL413P",FALSE
"RN7SL414P",FALSE
"RN7SL415P",FALSE
"RN7SL416P",FALSE
"RN7SL417P",FALSE
"RN7SL418P",FALSE
"RN7SL419P",FALSE
"RN7SL41P",FALSE
"RN7SL420P",FALSE
"RN7SL422P",FALSE
"RN7SL423P",FALSE
"RN7SL424P",FALSE
"RN7SL426P",FALSE
"RN7SL428P",FALSE
"RN7SL429P",FALSE
"RN7SL42P",FALSE
"RN7SL430P",FALSE
"RN7SL431P",FALSE
"RN7SL432P",FALSE
"RN7SL434P",FALSE
"RN7SL435P",FALSE
"RN7SL43P",FALSE
"RN7SL440P",FALSE
"RN7SL441P",FALSE
"RN7SL442P",FALSE
"RN7SL443P",FALSE
"RN7SL444P",FALSE
"RN7SL445P",FALSE
"RN7SL446P",FALSE
"RN7SL447P",FALSE
"RN7SL448P",FALSE
"RN7SL449P",FALSE
"RN7SL44P",FALSE
"RN7SL451P",FALSE
"RN7SL452P",FALSE
"RN7SL453P",FALSE
"RN7SL454P",FALSE
"RN7SL455P",FALSE
"RN7SL456P",FALSE
"RN7SL457P",FALSE
"RN7SL459P",FALSE
"RN7SL45P",FALSE
"RN7SL460P",FALSE
"RN7SL461P",FALSE
"RN7SL462P",FALSE
"RN7SL464P",FALSE
"RN7SL465P",FALSE
"RN7SL466P",FALSE
"RN7SL468P",FALSE
"RN7SL469P",FALSE
"RN7SL470P",FALSE
"RN7SL471P",FALSE
"RN7SL472P",TRUE
"RN7SL473P",TRUE
"RN7SL474P",FALSE
"RN7SL475P",FALSE
"RN7SL477P",FALSE
"RN7SL478P",FALSE
"RN7SL479P",FALSE
"RN7SL47P",FALSE
"RN7SL480P",FALSE
"RN7SL481P",FALSE
"RN7SL482P",FALSE
"RN7SL483P",FALSE
"RN7SL484P",FALSE
"RN7SL487P",FALSE
"RN7SL488P",FALSE
"RN7SL489P",FALSE
"RN7SL48P",FALSE
"RN7SL491P",FALSE
"RN7SL492P",FALSE
"RN7SL493P",FALSE
"RN7SL494P",FALSE
"RN7SL495P",FALSE
"RN7SL496P",FALSE
"RN7SL497P",FALSE
"RN7SL498P",FALSE
"RN7SL499P",FALSE
"RN7SL49P",FALSE
"RN7SL4P",FALSE
"RN7SL502P",FALSE
"RN7SL503P",FALSE
"RN7SL504P",FALSE
"RN7SL505P",FALSE
"RN7SL507P",FALSE
"RN7SL508P",FALSE
"RN7SL509P",FALSE
"RN7SL50P",FALSE
"RN7SL510P",FALSE
"RN7SL513P",FALSE
"RN7SL515P",FALSE
"RN7SL516P",FALSE
"RN7SL517P",FALSE
"RN7SL518P",FALSE
"RN7SL519P",FALSE
"RN7SL51P",FALSE
"RN7SL520P",FALSE
"RN7SL521P",FALSE
"RN7SL523P",FALSE
"RN7SL524P",FALSE
"RN7SL525P",FALSE
"RN7SL526P",FALSE
"RN7SL52P",FALSE
"RN7SL530P",FALSE
"RN7SL531P",FALSE
"RN7SL535P",FALSE
"RN7SL536P",FALSE
"RN7SL538P",FALSE
"RN7SL539P",FALSE
"RN7SL541P",FALSE
"RN7SL542P",FALSE
"RN7SL543P",FALSE
"RN7SL544P",FALSE
"RN7SL545P",FALSE
"RN7SL546P",FALSE
"RN7SL547P",FALSE
"RN7SL549P",FALSE
"RN7SL551P",FALSE
"RN7SL552P",FALSE
"RN7SL553P",FALSE
"RN7SL554P",FALSE
"RN7SL555P",FALSE
"RN7SL556P",FALSE
"RN7SL557P",FALSE
"RN7SL558P",FALSE
"RN7SL559P",FALSE
"RN7SL55P",FALSE
"RN7SL560P",FALSE
"RN7SL561P",FALSE
"RN7SL563P",FALSE
"RN7SL564P",FALSE
"RN7SL565P",FALSE
"RN7SL566P",FALSE
"RN7SL567P",FALSE
"RN7SL568P",FALSE
"RN7SL569P",FALSE
"RN7SL570P",FALSE
"RN7SL571P",FALSE
"RN7SL574P",FALSE
"RN7SL575P",FALSE
"RN7SL577P",FALSE
"RN7SL578P",FALSE
"RN7SL57P",FALSE
"RN7SL580P",FALSE
"RN7SL581P",FALSE
"RN7SL582P",FALSE
"RN7SL583P",FALSE
"RN7SL584P",FALSE
"RN7SL585P",FALSE
"RN7SL586P",FALSE
"RN7SL587P",FALSE
"RN7SL589P",FALSE
"RN7SL58P",FALSE
"RN7SL591P",FALSE
"RN7SL592P",FALSE
"RN7SL594P",FALSE
"RN7SL596P",FALSE
"RN7SL597P",FALSE
"RN7SL598P",FALSE
"RN7SL600P",TRUE
"RN7SL601P",FALSE
"RN7SL602P",FALSE
"RN7SL604P",FALSE
"RN7SL605P",FALSE
"RN7SL606P",FALSE
"RN7SL607P",FALSE
"RN7SL608P",TRUE
"RN7SL60P",FALSE
"RN7SL610P",FALSE
"RN7SL612P",FALSE
"RN7SL614P",FALSE
"RN7SL615P",FALSE
"RN7SL616P",FALSE
"RN7SL618P",FALSE
"RN7SL619P",FALSE
"RN7SL620P",FALSE
"RN7SL621P",FALSE
"RN7SL622P",FALSE
"RN7SL623P",FALSE
"RN7SL624P",FALSE
"RN7SL625P",FALSE
"RN7SL627P",FALSE
"RN7SL628P",FALSE
"RN7SL629P",FALSE
"RN7SL62P",FALSE
"RN7SL630P",FALSE
"RN7SL632P",FALSE
"RN7SL633P",FALSE
"RN7SL634P",FALSE
"RN7SL635P",FALSE
"RN7SL636P",FALSE
"RN7SL638P",FALSE
"RN7SL63P",FALSE
"RN7SL640P",FALSE
"RN7SL643P",FALSE
"RN7SL644P",FALSE
"RN7SL645P",FALSE
"RN7SL646P",FALSE
"RN7SL647P",FALSE
"RN7SL648P",FALSE
"RN7SL649P",FALSE
"RN7SL650P",FALSE
"RN7SL652P",FALSE
"RN7SL653P",FALSE
"RN7SL654P",FALSE
"RN7SL655P",FALSE
"RN7SL656P",FALSE
"RN7SL657P",FALSE
"RN7SL658P",FALSE
"RN7SL659P",FALSE
"RN7SL65P",FALSE
"RN7SL660P",FALSE
"RN7SL663P",FALSE
"RN7SL664P",FALSE
"RN7SL665P",FALSE
"RN7SL666P",FALSE
"RN7SL668P",FALSE
"RN7SL66P",FALSE
"RN7SL670P",FALSE
"RN7SL672P",FALSE
"RN7SL673P",FALSE
"RN7SL675P",FALSE
"RN7SL677P",FALSE
"RN7SL678P",FALSE
"RN7SL679P",FALSE
"RN7SL67P",FALSE
"RN7SL680P",FALSE
"RN7SL681P",FALSE
"RN7SL683P",FALSE
"RN7SL684P",FALSE
"RN7SL685P",FALSE
"RN7SL687P",FALSE
"RN7SL688P",FALSE
"RN7SL689P",TRUE
"RN7SL68P",FALSE
"RN7SL690P",FALSE
"RN7SL691P",FALSE
"RN7SL692P",FALSE
"RN7SL693P",FALSE
"RN7SL697P",FALSE
"RN7SL698P",FALSE
"RN7SL69P",FALSE
"RN7SL700P",FALSE
"RN7SL702P",FALSE
"RN7SL703P",FALSE
"RN7SL704P",FALSE
"RN7SL705P",FALSE
"RN7SL706P",FALSE
"RN7SL708P",FALSE
"RN7SL709P",FALSE
"RN7SL70P",FALSE
"RN7SL711P",FALSE
"RN7SL712P",FALSE
"RN7SL713P",FALSE
"RN7SL714P",FALSE
"RN7SL715P",FALSE
"RN7SL716P",FALSE
"RN7SL717P",FALSE
"RN7SL718P",FALSE
"RN7SL719P",FALSE
"RN7SL720P",FALSE
"RN7SL722P",FALSE
"RN7SL724P",FALSE
"RN7SL725P",FALSE
"RN7SL726P",FALSE
"RN7SL727P",FALSE
"RN7SL728P",FALSE
"RN7SL72P",FALSE
"RN7SL731P",FALSE
"RN7SL732P",FALSE
"RN7SL733P",FALSE
"RN7SL734P",FALSE
"RN7SL735P",FALSE
"RN7SL736P",FALSE
"RN7SL737P",FALSE
"RN7SL738P",FALSE
"RN7SL73P",FALSE
"RN7SL740P",FALSE
"RN7SL741P",FALSE
"RN7SL743P",FALSE
"RN7SL744P",FALSE
"RN7SL745P",FALSE
"RN7SL748P",FALSE
"RN7SL749P",FALSE
"RN7SL74P",FALSE
"RN7SL750P",FALSE
"RN7SL751P",FALSE
"RN7SL752P",FALSE
"RN7SL753P",FALSE
"RN7SL754P",FALSE
"RN7SL756P",FALSE
"RN7SL757P",FALSE
"RN7SL759P",FALSE
"RN7SL75P",FALSE
"RN7SL760P",FALSE
"RN7SL761P",FALSE
"RN7SL762P",FALSE
"RN7SL763P",FALSE
"RN7SL764P",FALSE
"RN7SL766P",FALSE
"RN7SL769P",FALSE
"RN7SL76P",FALSE
"RN7SL771P",FALSE
"RN7SL774P",FALSE
"RN7SL775P",FALSE
"RN7SL776P",FALSE
"RN7SL778P",FALSE
"RN7SL77P",FALSE
"RN7SL782P",FALSE
"RN7SL783P",FALSE
"RN7SL784P",FALSE
"RN7SL785P",FALSE
"RN7SL786P",FALSE
"RN7SL787P",FALSE
"RN7SL788P",FALSE
"RN7SL789P",FALSE
"RN7SL78P",FALSE
"RN7SL790P",FALSE
"RN7SL791P",FALSE
"RN7SL792P",FALSE
"RN7SL793P",FALSE
"RN7SL794P",FALSE
"RN7SL795P",FALSE
"RN7SL796P",FALSE
"RN7SL797P",FALSE
"RN7SL798P",FALSE
"RN7SL799P",FALSE
"RN7SL79P",FALSE
"RN7SL800P",FALSE
"RN7SL801P",FALSE
"RN7SL802P",FALSE
"RN7SL803P",FALSE
"RN7SL804P",FALSE
"RN7SL806P",FALSE
"RN7SL807P",FALSE
"RN7SL808P",FALSE
"RN7SL809P",TRUE
"RN7SL810P",FALSE
"RN7SL811P",FALSE
"RN7SL812P",FALSE
"RN7SL813P",FALSE
"RN7SL814P",FALSE
"RN7SL815P",FALSE
"RN7SL817P",FALSE
"RN7SL818P",FALSE
"RN7SL819P",FALSE
"RN7SL81P",TRUE
"RN7SL820P",FALSE
"RN7SL822P",FALSE
"RN7SL823P",FALSE
"RN7SL824P",FALSE
"RN7SL825P",FALSE
"RN7SL826P",FALSE
"RN7SL827P",FALSE
"RN7SL828P",FALSE
"RN7SL82P",FALSE
"RN7SL831P",FALSE
"RN7SL832P",TRUE
"RN7SL833P",FALSE
"RN7SL834P",TRUE
"RN7SL835P",FALSE
"RN7SL836P",FALSE
"RN7SL837P",FALSE
"RN7SL838P",FALSE
"RN7SL83P",FALSE
"RN7SL840P",FALSE
"RN7SL841P",FALSE
"RN7SL842P",FALSE
"RN7SL843P",FALSE
"RN7SL845P",FALSE
"RN7SL846P",FALSE
"RN7SL847P",FALSE
"RN7SL849P",FALSE
"RN7SL850P",FALSE
"RN7SL851P",FALSE
"RN7SL853P",FALSE
"RN7SL854P",FALSE
"RN7SL856P",FALSE
"RN7SL860P",FALSE
"RN7SL861P",FALSE
"RN7SL862P",FALSE
"RN7SL863P",FALSE
"RN7SL864P",FALSE
"RN7SL865P",FALSE
"RN7SL868P",FALSE
"RN7SL869P",FALSE
"RN7SL870P",FALSE
"RN7SL87P",FALSE
"RN7SL88P",FALSE
"RN7SL89P",FALSE
"RN7SL91P",FALSE
"RN7SL93P",FALSE
"RN7SL96P",FALSE
"RN7SL97P",FALSE
"RN7SL98P",FALSE
"RNA5-8SP4",FALSE
"RNA5-8SP5",FALSE
"RNA5-8SP7",FALSE
"RNA5S9",FALSE
"RNA5SP100",FALSE
"RNA5SP101",FALSE
"RNA5SP102",FALSE
"RNA5SP103",FALSE
"RNA5SP104",FALSE
"RNA5SP105",FALSE
"RNA5SP106",FALSE
"RNA5SP107",FALSE
"RNA5SP108",FALSE
"RNA5SP109",FALSE
"RNA5SP110",FALSE
"RNA5SP111",FALSE
"RNA5SP112",FALSE
"RNA5SP113",FALSE
"RNA5SP114",FALSE
"RNA5SP115",FALSE
"RNA5SP116",FALSE
"RNA5SP117",FALSE
"RNA5SP118",FALSE
"RNA5SP119",FALSE
"RNA5SP120",FALSE
"RNA5SP121",FALSE
"RNA5SP122",FALSE
"RNA5SP123",FALSE
"RNA5SP124",FALSE
"RNA5SP125",FALSE
"RNA5SP126",FALSE
"RNA5SP127",FALSE
"RNA5SP128",FALSE
"RNA5SP129",FALSE
"RNA5SP130",FALSE
"RNA5SP131",FALSE
"RNA5SP132",FALSE
"RNA5SP133",FALSE
"RNA5SP134",FALSE
"RNA5SP135",FALSE
"RNA5SP136",FALSE
"RNA5SP137",FALSE
"RNA5SP138",FALSE
"RNA5SP139",FALSE
"RNA5SP140",FALSE
"RNA5SP141",FALSE
"RNA5SP142",FALSE
"RNA5SP143",FALSE
"RNA5SP144",FALSE
"RNA5SP145",FALSE
"RNA5SP146",FALSE
"RNA5SP147",FALSE
"RNA5SP148",FALSE
"RNA5SP149",FALSE
"RNA5SP150",FALSE
"RNA5SP151",FALSE
"RNA5SP152",FALSE
"RNA5SP153",FALSE
"RNA5SP154",FALSE
"RNA5SP155",FALSE
"RNA5SP156",FALSE
"RNA5SP157",FALSE
"RNA5SP158",FALSE
"RNA5SP159",FALSE
"RNA5SP160",FALSE
"RNA5SP163",FALSE
"RNA5SP164",FALSE
"RNA5SP165",FALSE
"RNA5SP166",FALSE
"RNA5SP167",FALSE
"RNA5SP168",FALSE
"RNA5SP169",FALSE
"RNA5SP170",FALSE
"RNA5SP171",FALSE
"RNA5SP173",FALSE
"RNA5SP174",FALSE
"RNA5SP175",FALSE
"RNA5SP176",FALSE
"RNA5SP177",FALSE
"RNA5SP178",FALSE
"RNA5SP179",FALSE
"RNA5SP18",FALSE
"RNA5SP180",FALSE
"RNA5SP181",FALSE
"RNA5SP182",FALSE
"RNA5SP183",FALSE
"RNA5SP184",FALSE
"RNA5SP185",FALSE
"RNA5SP186",FALSE
"RNA5SP187",FALSE
"RNA5SP189",FALSE
"RNA5SP19",FALSE
"RNA5SP190",FALSE
"RNA5SP191",FALSE
"RNA5SP192",FALSE
"RNA5SP193",FALSE
"RNA5SP194",FALSE
"RNA5SP195",FALSE
"RNA5SP196",FALSE
"RNA5SP197",FALSE
"RNA5SP198",FALSE
"RNA5SP199",FALSE
"RNA5SP20",FALSE
"RNA5SP200",FALSE
"RNA5SP201",FALSE
"RNA5SP202",FALSE
"RNA5SP203",FALSE
"RNA5SP204",FALSE
"RNA5SP205",FALSE
"RNA5SP206",FALSE
"RNA5SP207",FALSE
"RNA5SP208",FALSE
"RNA5SP209",FALSE
"RNA5SP21",FALSE
"RNA5SP210",FALSE
"RNA5SP211",FALSE
"RNA5SP212",FALSE
"RNA5SP213",FALSE
"RNA5SP214",FALSE
"RNA5SP215",FALSE
"RNA5SP216",FALSE
"RNA5SP217",FALSE
"RNA5SP218",FALSE
"RNA5SP219",FALSE
"RNA5SP22",FALSE
"RNA5SP220",FALSE
"RNA5SP221",FALSE
"RNA5SP222",FALSE
"RNA5SP223",FALSE
"RNA5SP224",FALSE
"RNA5SP225",FALSE
"RNA5SP227",FALSE
"RNA5SP228",FALSE
"RNA5SP229",FALSE
"RNA5SP23",FALSE
"RNA5SP230",FALSE
"RNA5SP231",FALSE
"RNA5SP232",FALSE
"RNA5SP233",FALSE
"RNA5SP234",FALSE
"RNA5SP235",FALSE
"RNA5SP236",FALSE
"RNA5SP237",FALSE
"RNA5SP238",FALSE
"RNA5SP239",FALSE
"RNA5SP24",FALSE
"RNA5SP240",FALSE
"RNA5SP241",FALSE
"RNA5SP242",FALSE
"RNA5SP243",FALSE
"RNA5SP244",FALSE
"RNA5SP245",FALSE
"RNA5SP246",FALSE
"RNA5SP247",FALSE
"RNA5SP248",FALSE
"RNA5SP249",FALSE
"RNA5SP25",FALSE
"RNA5SP251",FALSE
"RNA5SP252",FALSE
"RNA5SP253",FALSE
"RNA5SP254",FALSE
"RNA5SP255",FALSE
"RNA5SP256",FALSE
"RNA5SP257",FALSE
"RNA5SP258",FALSE
"RNA5SP259",FALSE
"RNA5SP26",FALSE
"RNA5SP260",FALSE
"RNA5SP261",FALSE
"RNA5SP262",FALSE
"RNA5SP263",FALSE
"RNA5SP264",FALSE
"RNA5SP265",FALSE
"RNA5SP266",FALSE
"RNA5SP267",FALSE
"RNA5SP268",FALSE
"RNA5SP269",FALSE
"RNA5SP27",FALSE
"RNA5SP270",FALSE
"RNA5SP271",FALSE
"RNA5SP272",FALSE
"RNA5SP273",FALSE
"RNA5SP274",FALSE
"RNA5SP275",FALSE
"RNA5SP276",FALSE
"RNA5SP277",FALSE
"RNA5SP278",FALSE
"RNA5SP279",FALSE
"RNA5SP28",FALSE
"RNA5SP280",FALSE
"RNA5SP281",FALSE
"RNA5SP282",FALSE
"RNA5SP283",FALSE
"RNA5SP284",FALSE
"RNA5SP285",FALSE
"RNA5SP286",FALSE
"RNA5SP287",FALSE
"RNA5SP288",FALSE
"RNA5SP289",FALSE
"RNA5SP29",FALSE
"RNA5SP290",FALSE
"RNA5SP291",FALSE
"RNA5SP292",FALSE
"RNA5SP293",FALSE
"RNA5SP294",FALSE
"RNA5SP295",FALSE
"RNA5SP296",FALSE
"RNA5SP297",FALSE
"RNA5SP298",FALSE
"RNA5SP299",FALSE
"RNA5SP30",FALSE
"RNA5SP300",FALSE
"RNA5SP301",FALSE
"RNA5SP302",FALSE
"RNA5SP303",FALSE
"RNA5SP304",FALSE
"RNA5SP305",FALSE
"RNA5SP306",FALSE
"RNA5SP307",FALSE
"RNA5SP308",FALSE
"RNA5SP309",FALSE
"RNA5SP31",FALSE
"RNA5SP310",FALSE
"RNA5SP311",TRUE
"RNA5SP312",FALSE
"RNA5SP315",FALSE
"RNA5SP317",TRUE
"RNA5SP318",FALSE
"RNA5SP319",FALSE
"RNA5SP320",FALSE
"RNA5SP321",FALSE
"RNA5SP322",FALSE
"RNA5SP323",FALSE
"RNA5SP324",FALSE
"RNA5SP325",FALSE
"RNA5SP326",FALSE
"RNA5SP327",FALSE
"RNA5SP328",FALSE
"RNA5SP329",FALSE
"RNA5SP33",FALSE
"RNA5SP330",FALSE
"RNA5SP331",FALSE
"RNA5SP332",FALSE
"RNA5SP333",FALSE
"RNA5SP334",FALSE
"RNA5SP335",FALSE
"RNA5SP336",FALSE
"RNA5SP337",FALSE
"RNA5SP338",FALSE
"RNA5SP339",FALSE
"RNA5SP34",FALSE
"RNA5SP340",FALSE
"RNA5SP341",FALSE
"RNA5SP342",FALSE
"RNA5SP344",FALSE
"RNA5SP345",FALSE
"RNA5SP346",FALSE
"RNA5SP347",FALSE
"RNA5SP349",FALSE
"RNA5SP35",FALSE
"RNA5SP350",FALSE
"RNA5SP351",FALSE
"RNA5SP352",FALSE
"RNA5SP353",FALSE
"RNA5SP354",FALSE
"RNA5SP356",FALSE
"RNA5SP357",FALSE
"RNA5SP358",FALSE
"RNA5SP359",FALSE
"RNA5SP36",FALSE
"RNA5SP360",FALSE
"RNA5SP361",FALSE
"RNA5SP362",FALSE
"RNA5SP363",FALSE
"RNA5SP364",FALSE
"RNA5SP365",FALSE
"RNA5SP366",FALSE
"RNA5SP367",FALSE
"RNA5SP368",FALSE
"RNA5SP369",FALSE
"RNA5SP37",TRUE
"RNA5SP371",FALSE
"RNA5SP372",FALSE
"RNA5SP373",FALSE
"RNA5SP374",FALSE
"RNA5SP375",FALSE
"RNA5SP376",FALSE
"RNA5SP377",FALSE
"RNA5SP378",FALSE
"RNA5SP379",FALSE
"RNA5SP38",FALSE
"RNA5SP380",FALSE
"RNA5SP382",FALSE
"RNA5SP383",FALSE
"RNA5SP384",FALSE
"RNA5SP385",FALSE
"RNA5SP386",FALSE
"RNA5SP387",FALSE
"RNA5SP388",FALSE
"RNA5SP39",FALSE
"RNA5SP390",FALSE
"RNA5SP391",FALSE
"RNA5SP392",FALSE
"RNA5SP393",FALSE
"RNA5SP394",FALSE
"RNA5SP395",FALSE
"RNA5SP396",FALSE
"RNA5SP397",FALSE
"RNA5SP399",FALSE
"RNA5SP40",FALSE
"RNA5SP400",FALSE
"RNA5SP401",FALSE
"RNA5SP402",FALSE
"RNA5SP403",FALSE
"RNA5SP404",FALSE
"RNA5SP405",FALSE
"RNA5SP406",FALSE
"RNA5SP407",FALSE
"RNA5SP408",FALSE
"RNA5SP409",FALSE
"RNA5SP41",FALSE
"RNA5SP410",FALSE
"RNA5SP411",FALSE
"RNA5SP412",FALSE
"RNA5SP413",FALSE
"RNA5SP414",FALSE
"RNA5SP415",FALSE
"RNA5SP416",FALSE
"RNA5SP417",FALSE
"RNA5SP418",FALSE
"RNA5SP419",FALSE
"RNA5SP42",FALSE
"RNA5SP420",FALSE
"RNA5SP421",FALSE
"RNA5SP422",FALSE
"RNA5SP423",FALSE
"RNA5SP425",FALSE
"RNA5SP426",FALSE
"RNA5SP427",FALSE
"RNA5SP428",FALSE
"RNA5SP429",FALSE
"RNA5SP43",FALSE
"RNA5SP430",FALSE
"RNA5SP431",FALSE
"RNA5SP432",FALSE
"RNA5SP433",FALSE
"RNA5SP434",FALSE
"RNA5SP435",FALSE
"RNA5SP436",FALSE
"RNA5SP437",FALSE
"RNA5SP438",FALSE
"RNA5SP439",FALSE
"RNA5SP44",FALSE
"RNA5SP440",FALSE
"RNA5SP441",FALSE
"RNA5SP442",FALSE
"RNA5SP443",FALSE
"RNA5SP444",FALSE
"RNA5SP445",FALSE
"RNA5SP446",FALSE
"RNA5SP447",FALSE
"RNA5SP448",FALSE
"RNA5SP449",FALSE
"RNA5SP45",FALSE
"RNA5SP450",FALSE
"RNA5SP451",FALSE
"RNA5SP452",FALSE
"RNA5SP453",FALSE
"RNA5SP454",FALSE
"RNA5SP455",FALSE
"RNA5SP456",FALSE
"RNA5SP457",FALSE
"RNA5SP458",FALSE
"RNA5SP459",FALSE
"RNA5SP46",FALSE
"RNA5SP460",FALSE
"RNA5SP461",FALSE
"RNA5SP462",FALSE
"RNA5SP464",FALSE
"RNA5SP465",FALSE
"RNA5SP466",FALSE
"RNA5SP467",FALSE
"RNA5SP468",FALSE
"RNA5SP469",FALSE
"RNA5SP47",FALSE
"RNA5SP470",FALSE
"RNA5SP471",FALSE
"RNA5SP472",FALSE
"RNA5SP474",FALSE
"RNA5SP475",FALSE
"RNA5SP476",FALSE
"RNA5SP477",FALSE
"RNA5SP478",FALSE
"RNA5SP479",FALSE
"RNA5SP48",FALSE
"RNA5SP480",FALSE
"RNA5SP481",FALSE
"RNA5SP482",FALSE
"RNA5SP483",FALSE
"RNA5SP484",FALSE
"RNA5SP485",FALSE
"RNA5SP486",FALSE
"RNA5SP487",FALSE
"RNA5SP488",FALSE
"RNA5SP489",FALSE
"RNA5SP49",FALSE
"RNA5SP490",FALSE
"RNA5SP491",FALSE
"RNA5SP492",FALSE
"RNA5SP493",FALSE
"RNA5SP494",FALSE
"RNA5SP495",FALSE
"RNA5SP496",FALSE
"RNA5SP497",FALSE
"RNA5SP498",FALSE
"RNA5SP499",FALSE
"RNA5SP50",FALSE
"RNA5SP500",FALSE
"RNA5SP501",FALSE
"RNA5SP502",FALSE
"RNA5SP503",FALSE
"RNA5SP504",FALSE
"RNA5SP505",FALSE
"RNA5SP507",FALSE
"RNA5SP508",FALSE
"RNA5SP509",FALSE
"RNA5SP51",FALSE
"RNA5SP510",FALSE
"RNA5SP511",FALSE
"RNA5SP512",FALSE
"RNA5SP513",FALSE
"RNA5SP514",FALSE
"RNA5SP515",FALSE
"RNA5SP516",FALSE
"RNA5SP517",FALSE
"RNA5SP518",FALSE
"RNA5SP519",FALSE
"RNA5SP52",FALSE
"RNA5SP520",FALSE
"RNA5SP521",FALSE
"RNA5SP524",FALSE
"RNA5SP525",FALSE
"RNA5SP526",FALSE
"RNA5SP527",FALSE
"RNA5SP528",FALSE
"RNA5SP529",FALSE
"RNA5SP53",FALSE
"RNA5SP530",FALSE
"RNA5SP531",FALSE
"RNA5SP533",FALSE
"RNA5SP535",FALSE
"RNA5SP536",FALSE
"RNA5SP54",FALSE
"RNA5SP55",FALSE
"RNA5SP56",FALSE
"RNA5SP57",FALSE
"RNA5SP59",FALSE
"RNA5SP60",FALSE
"RNA5SP61",FALSE
"RNA5SP62",FALSE
"RNA5SP63",FALSE
"RNA5SP64",FALSE
"RNA5SP65",FALSE
"RNA5SP66",FALSE
"RNA5SP67",FALSE
"RNA5SP68",FALSE
"RNA5SP69",FALSE
"RNA5SP70",FALSE
"RNA5SP72",FALSE
"RNA5SP73",FALSE
"RNA5SP74",FALSE
"RNA5SP75",FALSE
"RNA5SP76",FALSE
"RNA5SP77",FALSE
"RNA5SP78",FALSE
"RNA5SP79",FALSE
"RNA5SP80",FALSE
"RNA5SP82",FALSE
"RNA5SP84",FALSE
"RNA5SP86",FALSE
"RNA5SP87",FALSE
"RNA5SP88",FALSE
"RNA5SP89",FALSE
"RNA5SP90",FALSE
"RNA5SP91",FALSE
"RNA5SP92",FALSE
"RNA5SP93",FALSE
"RNA5SP94",FALSE
"RNA5SP95",FALSE
"RNA5SP96",FALSE
"RNA5SP97",FALSE
"RNA5SP98",FALSE
"RNASE1",TRUE
"RNASE10",FALSE
"RNASE11",FALSE
"RNASE11-AS1",FALSE
"RNASE12",FALSE
"RNASE13",FALSE
"RNASE2",FALSE
"RNASE3",FALSE
"RNASE4",TRUE
"RNASE6",TRUE
"RNASE7",TRUE
"RNASE8",FALSE
"RNASE9",FALSE
"RNASEH1",TRUE
"RNASEH1-DT",TRUE
"RNASEH1P1",FALSE
"RNASEH1P2",FALSE
"RNASEH2A",TRUE
"RNASEH2B",TRUE
"RNASEH2C",TRUE
"RNASEK",TRUE
"RNASEK-C17orf49",FALSE
"RNASEL",TRUE
"RNASET2",TRUE
"RND1",TRUE
"RND2",TRUE
"RND3",TRUE
"RNF10",TRUE
"RNF103",TRUE
"RNF103-CHMP3",TRUE
"RNF11",TRUE
"RNF111",TRUE
"RNF112",TRUE
"RNF113A",TRUE
"RNF113B",FALSE
"RNF114",TRUE
"RNF115",TRUE
"RNF121",TRUE
"RNF122",TRUE
"RNF123",TRUE
"RNF125",TRUE
"RNF126",TRUE
"RNF128",TRUE
"RNF13",TRUE
"RNF130",TRUE
"RNF133",FALSE
"RNF135",TRUE
"RNF138",TRUE
"RNF138P2",FALSE
"RNF139",TRUE
"RNF139-DT",TRUE
"RNF14",TRUE
"RNF141",TRUE
"RNF144A",TRUE
"RNF144B",TRUE
"RNF145",TRUE
"RNF146",TRUE
"RNF148",TRUE
"RNF149",TRUE
"RNF14P2",FALSE
"RNF14P3",FALSE
"RNF14P4",FALSE
"RNF150",TRUE
"RNF151",FALSE
"RNF152",TRUE
"RNF157",TRUE
"RNF157-AS1",TRUE
"RNF166",TRUE
"RNF167",TRUE
"RNF168",TRUE
"RNF169",TRUE
"RNF17",FALSE
"RNF170",TRUE
"RNF175",TRUE
"RNF180",TRUE
"RNF181",TRUE
"RNF182",TRUE
"RNF183",FALSE
"RNF185",TRUE
"RNF186",TRUE
"RNF186-AS1",FALSE
"RNF187",TRUE
"RNF19A",TRUE
"RNF19B",TRUE
"RNF2",TRUE
"RNF20",TRUE
"RNF207",TRUE
"RNF208",TRUE
"RNF212",TRUE
"RNF212-DT",TRUE
"RNF212B",TRUE
"RNF213",TRUE
"RNF213-AS1",TRUE
"RNF214",TRUE
"RNF215",TRUE
"RNF216",TRUE
"RNF216-IT1",FALSE
"RNF216P1",TRUE
"RNF217",TRUE
"RNF217-AS1",TRUE
"RNF220",TRUE
"RNF222",FALSE
"RNF223",TRUE
"RNF224",TRUE
"RNF225",FALSE
"RNF227",TRUE
"RNF24",TRUE
"RNF25",TRUE
"RNF26",TRUE
"RNF31",TRUE
"RNF32",TRUE
"RNF32-AS1",FALSE
"RNF32-DT",TRUE
"RNF34",TRUE
"RNF38",TRUE
"RNF39",TRUE
"RNF4",TRUE
"RNF40",TRUE
"RNF41",TRUE
"RNF43",TRUE
"RNF44",TRUE
"RNF5",TRUE
"RNF6",TRUE
"RNF7",TRUE
"RNF8",TRUE
"RNFT1",TRUE
"RNFT1-DT",FALSE
"RNFT2",TRUE
"RNGTT",TRUE
"RNGTTP1",FALSE
"RNH1",TRUE
"RNLS",TRUE
"RNMT",TRUE
"RNPC3",TRUE
"RNPC3-DT",FALSE
"RNPC3P1",FALSE
"RNPEP",TRUE
"RNPEPL1",TRUE
"RNPS1",TRUE
"RNU1-100P",FALSE
"RNU1-101P",FALSE
"RNU1-103P",FALSE
"RNU1-104P",FALSE
"RNU1-105P",FALSE
"RNU1-107P",FALSE
"RNU1-108P",FALSE
"RNU1-109P",FALSE
"RNU1-112P",FALSE
"RNU1-114P",FALSE
"RNU1-115P",FALSE
"RNU1-119P",FALSE
"RNU1-123P",FALSE
"RNU1-124P",FALSE
"RNU1-125P",FALSE
"RNU1-128P",FALSE
"RNU1-129P",FALSE
"RNU1-130P",FALSE
"RNU1-131P",FALSE
"RNU1-132P",FALSE
"RNU1-133P",FALSE
"RNU1-134P",FALSE
"RNU1-136P",FALSE
"RNU1-138P",FALSE
"RNU1-139P",FALSE
"RNU1-140P",FALSE
"RNU1-141P",FALSE
"RNU1-142P",FALSE
"RNU1-143P",FALSE
"RNU1-146P",FALSE
"RNU1-148P",FALSE
"RNU1-149P",FALSE
"RNU1-14P",FALSE
"RNU1-150P",FALSE
"RNU1-151P",FALSE
"RNU1-153P",FALSE
"RNU1-154P",FALSE
"RNU1-155P",FALSE
"RNU1-15P",FALSE
"RNU1-16P",FALSE
"RNU1-17P",FALSE
"RNU1-18P",FALSE
"RNU1-19P",FALSE
"RNU1-20P",FALSE
"RNU1-21P",FALSE
"RNU1-22P",FALSE
"RNU1-23P",FALSE
"RNU1-24P",FALSE
"RNU1-29P",FALSE
"RNU1-30P",FALSE
"RNU1-31P",FALSE
"RNU1-32P",FALSE
"RNU1-33P",FALSE
"RNU1-34P",FALSE
"RNU1-35P",FALSE
"RNU1-36P",FALSE
"RNU1-38P",FALSE
"RNU1-39P",FALSE
"RNU1-40P",FALSE
"RNU1-41P",FALSE
"RNU1-42P",FALSE
"RNU1-43P",FALSE
"RNU1-44P",FALSE
"RNU1-45P",FALSE
"RNU1-46P",FALSE
"RNU1-47P",FALSE
"RNU1-49P",FALSE
"RNU1-51P",FALSE
"RNU1-52P",FALSE
"RNU1-54P",FALSE
"RNU1-55P",FALSE
"RNU1-56P",FALSE
"RNU1-57P",FALSE
"RNU1-58P",FALSE
"RNU1-5P",FALSE
"RNU1-61P",FALSE
"RNU1-62P",FALSE
"RNU1-63P",FALSE
"RNU1-64P",FALSE
"RNU1-65P",FALSE
"RNU1-67P",FALSE
"RNU1-68P",FALSE
"RNU1-6P",FALSE
"RNU1-70P",FALSE
"RNU1-72P",FALSE
"RNU1-73P",FALSE
"RNU1-74P",FALSE
"RNU1-75P",FALSE
"RNU1-76P",FALSE
"RNU1-77P",FALSE
"RNU1-78P",FALSE
"RNU1-7P",FALSE
"RNU1-80P",FALSE
"RNU1-82P",FALSE
"RNU1-83P",FALSE
"RNU1-84P",FALSE
"RNU1-86P",FALSE
"RNU1-88P",FALSE
"RNU1-89P",FALSE
"RNU1-8P",FALSE
"RNU1-91P",FALSE
"RNU1-93P",FALSE
"RNU1-94P",FALSE
"RNU1-95P",FALSE
"RNU1-96P",FALSE
"RNU1-97P",FALSE
"RNU1-98P",FALSE
"RNU105B",FALSE
"RNU105C",FALSE
"RNU11",FALSE
"RNU11-2P",FALSE
"RNU11-3P",FALSE
"RNU11-4P",FALSE
"RNU11-5P",FALSE
"RNU11-6P",FALSE
"RNU12",FALSE
"RNU12-2P",FALSE
"RNU2-1",FALSE
"RNU2-10P",FALSE
"RNU2-11P",FALSE
"RNU2-12P",FALSE
"RNU2-13P",FALSE
"RNU2-14P",FALSE
"RNU2-15P",FALSE
"RNU2-16P",FALSE
"RNU2-17P",FALSE
"RNU2-18P",FALSE
"RNU2-19P",FALSE
"RNU2-2",FALSE
"RNU2-20P",FALSE
"RNU2-21P",FALSE
"RNU2-22P",FALSE
"RNU2-23P",FALSE
"RNU2-24P",FALSE
"RNU2-25P",FALSE
"RNU2-26P",FALSE
"RNU2-27P",TRUE
"RNU2-28P",FALSE
"RNU2-29P",FALSE
"RNU2-30P",FALSE
"RNU2-31P",FALSE
"RNU2-32P",FALSE
"RNU2-33P",FALSE
"RNU2-34P",FALSE
"RNU2-35P",FALSE
"RNU2-36P",FALSE
"RNU2-37P",FALSE
"RNU2-39P",FALSE
"RNU2-3P",FALSE
"RNU2-40P",FALSE
"RNU2-41P",FALSE
"RNU2-42P",FALSE
"RNU2-43P",FALSE
"RNU2-44P",FALSE
"RNU2-45P",FALSE
"RNU2-46P",FALSE
"RNU2-47P",FALSE
"RNU2-48P",FALSE
"RNU2-49P",FALSE
"RNU2-4P",FALSE
"RNU2-50P",FALSE
"RNU2-51P",FALSE
"RNU2-52P",FALSE
"RNU2-53P",FALSE
"RNU2-54P",FALSE
"RNU2-55P",FALSE
"RNU2-56P",FALSE
"RNU2-57P",FALSE
"RNU2-58P",FALSE
"RNU2-59P",FALSE
"RNU2-5P",FALSE
"RNU2-60P",FALSE
"RNU2-61P",FALSE
"RNU2-62P",FALSE
"RNU2-63P",FALSE
"RNU2-64P",FALSE
"RNU2-65P",FALSE
"RNU2-66P",FALSE
"RNU2-68P",FALSE
"RNU2-69P",FALSE
"RNU2-6P",FALSE
"RNU2-70P",FALSE
"RNU2-71P",FALSE
"RNU2-72P",FALSE
"RNU2-7P",FALSE
"RNU2-8P",FALSE
"RNU2-9P",FALSE
"RNU4-1",FALSE
"RNU4-10P",FALSE
"RNU4-11P",FALSE
"RNU4-12P",FALSE
"RNU4-13P",FALSE
"RNU4-14P",FALSE
"RNU4-15P",FALSE
"RNU4-16P",FALSE
"RNU4-17P",FALSE
"RNU4-18P",FALSE
"RNU4-2",FALSE
"RNU4-20P",FALSE
"RNU4-21P",FALSE
"RNU4-22P",FALSE
"RNU4-23P",FALSE
"RNU4-24P",FALSE
"RNU4-25P",FALSE
"RNU4-26P",FALSE
"RNU4-27P",FALSE
"RNU4-28P",FALSE
"RNU4-29P",FALSE
"RNU4-30P",FALSE
"RNU4-31P",FALSE
"RNU4-32P",FALSE
"RNU4-33P",FALSE
"RNU4-34P",FALSE
"RNU4-35P",FALSE
"RNU4-36P",FALSE
"RNU4-37P",FALSE
"RNU4-38P",FALSE
"RNU4-39P",FALSE
"RNU4-40P",FALSE
"RNU4-41P",FALSE
"RNU4-42P",FALSE
"RNU4-43P",FALSE
"RNU4-44P",FALSE
"RNU4-45P",FALSE
"RNU4-46P",FALSE
"RNU4-47P",FALSE
"RNU4-48P",FALSE
"RNU4-49P",FALSE
"RNU4-50P",FALSE
"RNU4-51P",FALSE
"RNU4-52P",FALSE
"RNU4-53P",FALSE
"RNU4-54P",FALSE
"RNU4-55P",FALSE
"RNU4-56P",FALSE
"RNU4-57P",FALSE
"RNU4-58P",FALSE
"RNU4-59P",FALSE
"RNU4-60P",FALSE
"RNU4-61P",FALSE
"RNU4-62P",FALSE
"RNU4-63P",FALSE
"RNU4-64P",FALSE
"RNU4-65P",FALSE
"RNU4-66P",FALSE
"RNU4-67P",FALSE
"RNU4-68P",FALSE
"RNU4-69P",FALSE
"RNU4-70P",FALSE
"RNU4-71P",FALSE
"RNU4-72P",FALSE
"RNU4-73P",FALSE
"RNU4-74P",FALSE
"RNU4-75P",FALSE
"RNU4-76P",FALSE
"RNU4-77P",FALSE
"RNU4-78P",FALSE
"RNU4-79P",FALSE
"RNU4-80P",FALSE
"RNU4-81P",FALSE
"RNU4-82P",FALSE
"RNU4-83P",FALSE
"RNU4-84P",FALSE
"RNU4-85P",FALSE
"RNU4-86P",FALSE
"RNU4-87P",FALSE
"RNU4-88P",FALSE
"RNU4-89P",FALSE
"RNU4-90P",FALSE
"RNU4-91P",FALSE
"RNU4-92P",FALSE
"RNU4-9P",FALSE
"RNU4ATAC",FALSE
"RNU4ATAC10P",FALSE
"RNU4ATAC11P",FALSE
"RNU4ATAC12P",FALSE
"RNU4ATAC13P",FALSE
"RNU4ATAC14P",FALSE
"RNU4ATAC15P",FALSE
"RNU4ATAC16P",FALSE
"RNU4ATAC17P",FALSE
"RNU4ATAC18P",FALSE
"RNU4ATAC2P",FALSE
"RNU4ATAC3P",FALSE
"RNU4ATAC4P",FALSE
"RNU4ATAC5P",FALSE
"RNU4ATAC6P",FALSE
"RNU4ATAC7P",FALSE
"RNU4ATAC8P",FALSE
"RNU4ATAC9P",FALSE
"RNU5A-1",FALSE
"RNU5A-2P",FALSE
"RNU5A-3P",FALSE
"RNU5A-4P",FALSE
"RNU5A-5P",FALSE
"RNU5A-6P",FALSE
"RNU5A-7P",FALSE
"RNU5A-8P",FALSE
"RNU5B-1",FALSE
"RNU5B-4P",FALSE
"RNU5D-1",FALSE
"RNU5D-2P",FALSE
"RNU5E-1",FALSE
"RNU5E-10P",FALSE
"RNU5E-3P",FALSE
"RNU5E-4P",FALSE
"RNU5E-6P",FALSE
"RNU5E-7P",FALSE
"RNU5E-8P",FALSE
"RNU5E-9P",FALSE
"RNU5F-1",FALSE
"RNU5F-2P",FALSE
"RNU5F-3P",FALSE
"RNU5F-4P",FALSE
"RNU5F-6P",FALSE
"RNU5F-7P",FALSE
"RNU5F-8P",FALSE
"RNU6-1",FALSE
"RNU6-1000P",FALSE
"RNU6-1001P",FALSE
"RNU6-1003P",FALSE
"RNU6-1004P",FALSE
"RNU6-1005P",FALSE
"RNU6-1006P",FALSE
"RNU6-1007P",FALSE
"RNU6-1008P",FALSE
"RNU6-1009P",FALSE
"RNU6-100P",FALSE
"RNU6-1010P",FALSE
"RNU6-1011P",FALSE
"RNU6-1012P",FALSE
"RNU6-1013P",FALSE
"RNU6-1014P",FALSE
"RNU6-1015P",FALSE
"RNU6-1016P",TRUE
"RNU6-1017P",FALSE
"RNU6-1018P",FALSE
"RNU6-1019P",FALSE
"RNU6-101P",FALSE
"RNU6-1020P",FALSE
"RNU6-1021P",FALSE
"RNU6-1022P",FALSE
"RNU6-1023P",FALSE
"RNU6-1024P",FALSE
"RNU6-1025P",FALSE
"RNU6-1026P",FALSE
"RNU6-1027P",FALSE
"RNU6-1028P",FALSE
"RNU6-1029P",FALSE
"RNU6-102P",FALSE
"RNU6-1031P",FALSE
"RNU6-1032P",FALSE
"RNU6-1034P",FALSE
"RNU6-1035P",FALSE
"RNU6-1036P",FALSE
"RNU6-1037P",FALSE
"RNU6-1038P",FALSE
"RNU6-1039P",FALSE
"RNU6-103P",FALSE
"RNU6-1040P",FALSE
"RNU6-1041P",FALSE
"RNU6-1042P",FALSE
"RNU6-1043P",FALSE
"RNU6-1044P",FALSE
"RNU6-1045P",FALSE
"RNU6-1046P",FALSE
"RNU6-1047P",FALSE
"RNU6-1048P",FALSE
"RNU6-1049P",FALSE
"RNU6-104P",FALSE
"RNU6-1050P",FALSE
"RNU6-1051P",FALSE
"RNU6-1052P",FALSE
"RNU6-1053P",FALSE
"RNU6-1054P",FALSE
"RNU6-1055P",FALSE
"RNU6-1056P",FALSE
"RNU6-1057P",FALSE
"RNU6-1059P",FALSE
"RNU6-105P",FALSE
"RNU6-1060P",FALSE
"RNU6-1061P",FALSE
"RNU6-1062P",FALSE
"RNU6-1064P",FALSE
"RNU6-1065P",FALSE
"RNU6-1066P",FALSE
"RNU6-1067P",FALSE
"RNU6-1068P",FALSE
"RNU6-1069P",FALSE
"RNU6-106P",FALSE
"RNU6-1071P",FALSE
"RNU6-1072P",FALSE
"RNU6-1073P",FALSE
"RNU6-1074P",FALSE
"RNU6-1075P",FALSE
"RNU6-1078P",FALSE
"RNU6-1079P",FALSE
"RNU6-107P",FALSE
"RNU6-1080P",FALSE
"RNU6-1081P",FALSE
"RNU6-1082P",FALSE
"RNU6-1083P",FALSE
"RNU6-1084P",FALSE
"RNU6-1085P",FALSE
"RNU6-1086P",FALSE
"RNU6-1087P",FALSE
"RNU6-1088P",FALSE
"RNU6-1089P",FALSE
"RNU6-108P",FALSE
"RNU6-1090P",FALSE
"RNU6-1091P",FALSE
"RNU6-1092P",FALSE
"RNU6-1093P",FALSE
"RNU6-1094P",FALSE
"RNU6-1095P",FALSE
"RNU6-1096P",FALSE
"RNU6-1097P",FALSE
"RNU6-1098P",FALSE
"RNU6-1099P",FALSE
"RNU6-109P",FALSE
"RNU6-10P",FALSE
"RNU6-1101P",FALSE
"RNU6-1102P",FALSE
"RNU6-1103P",FALSE
"RNU6-1104P",FALSE
"RNU6-1105P",FALSE
"RNU6-1106P",FALSE
"RNU6-1107P",FALSE
"RNU6-1108P",FALSE
"RNU6-1109P",FALSE
"RNU6-110P",FALSE
"RNU6-1110P",FALSE
"RNU6-1111P",FALSE
"RNU6-1112P",FALSE
"RNU6-1113P",FALSE
"RNU6-1114P",FALSE
"RNU6-1115P",FALSE
"RNU6-1116P",FALSE
"RNU6-1117P",FALSE
"RNU6-1119P",FALSE
"RNU6-111P",FALSE
"RNU6-1120P",FALSE
"RNU6-1121P",FALSE
"RNU6-1122P",FALSE
"RNU6-1123P",FALSE
"RNU6-1124P",FALSE
"RNU6-1125P",FALSE
"RNU6-1126P",FALSE
"RNU6-1127P",FALSE
"RNU6-1128P",FALSE
"RNU6-1129P",FALSE
"RNU6-112P",FALSE
"RNU6-1130P",FALSE
"RNU6-1131P",FALSE
"RNU6-1132P",FALSE
"RNU6-1134P",FALSE
"RNU6-1135P",FALSE
"RNU6-1136P",FALSE
"RNU6-1137P",FALSE
"RNU6-1138P",FALSE
"RNU6-113P",FALSE
"RNU6-1141P",FALSE
"RNU6-1143P",FALSE
"RNU6-1144P",FALSE
"RNU6-1145P",FALSE
"RNU6-1146P",FALSE
"RNU6-1147P",FALSE
"RNU6-1148P",FALSE
"RNU6-1149P",FALSE
"RNU6-114P",FALSE
"RNU6-1150P",FALSE
"RNU6-1151P",FALSE
"RNU6-1152P",FALSE
"RNU6-1154P",FALSE
"RNU6-1155P",FALSE
"RNU6-1156P",FALSE
"RNU6-1157P",FALSE
"RNU6-1158P",FALSE
"RNU6-1159P",FALSE
"RNU6-115P",FALSE
"RNU6-1160P",FALSE
"RNU6-1161P",FALSE
"RNU6-1162P",FALSE
"RNU6-1163P",FALSE
"RNU6-1164P",FALSE
"RNU6-1165P",FALSE
"RNU6-1167P",FALSE
"RNU6-1168P",FALSE
"RNU6-1169P",FALSE
"RNU6-116P",FALSE
"RNU6-1170P",FALSE
"RNU6-1171P",FALSE
"RNU6-1172P",FALSE
"RNU6-1174P",FALSE
"RNU6-1175P",FALSE
"RNU6-1176P",FALSE
"RNU6-1177P",FALSE
"RNU6-1178P",FALSE
"RNU6-1179P",FALSE
"RNU6-117P",FALSE
"RNU6-1180P",FALSE
"RNU6-1181P",FALSE
"RNU6-1183P",FALSE
"RNU6-1184P",FALSE
"RNU6-1186P",FALSE
"RNU6-1187P",FALSE
"RNU6-1188P",FALSE
"RNU6-1189P",FALSE
"RNU6-118P",FALSE
"RNU6-1190P",FALSE
"RNU6-1191P",FALSE
"RNU6-1192P",FALSE
"RNU6-1193P",FALSE
"RNU6-1194P",FALSE
"RNU6-1195P",FALSE
"RNU6-1196P",FALSE
"RNU6-1197P",FALSE
"RNU6-1198P",FALSE
"RNU6-1199P",FALSE
"RNU6-119P",FALSE
"RNU6-11P",FALSE
"RNU6-1200P",FALSE
"RNU6-1201P",FALSE
"RNU6-1203P",FALSE
"RNU6-1204P",FALSE
"RNU6-1205P",FALSE
"RNU6-1206P",FALSE
"RNU6-1207P",FALSE
"RNU6-1208P",FALSE
"RNU6-1209P",FALSE
"RNU6-120P",FALSE
"RNU6-1210P",FALSE
"RNU6-1211P",FALSE
"RNU6-1212P",FALSE
"RNU6-1213P",FALSE
"RNU6-1214P",FALSE
"RNU6-1215P",FALSE
"RNU6-1216P",FALSE
"RNU6-1218P",FALSE
"RNU6-1219P",FALSE
"RNU6-121P",FALSE
"RNU6-1220P",FALSE
"RNU6-1222P",FALSE
"RNU6-1223P",FALSE
"RNU6-1224P",FALSE
"RNU6-1225P",FALSE
"RNU6-1226P",FALSE
"RNU6-1227P",FALSE
"RNU6-1228P",FALSE
"RNU6-1229P",FALSE
"RNU6-122P",FALSE
"RNU6-1230P",FALSE
"RNU6-1231P",FALSE
"RNU6-1232P",FALSE
"RNU6-1233P",FALSE
"RNU6-1234P",FALSE
"RNU6-1235P",FALSE
"RNU6-1236P",FALSE
"RNU6-1237P",FALSE
"RNU6-1238P",FALSE
"RNU6-1239P",FALSE
"RNU6-123P",FALSE
"RNU6-1240P",FALSE
"RNU6-1241P",FALSE
"RNU6-1242P",FALSE
"RNU6-1243P",FALSE
"RNU6-1244P",FALSE
"RNU6-1245P",FALSE
"RNU6-1246P",FALSE
"RNU6-1247P",FALSE
"RNU6-1248P",FALSE
"RNU6-1249P",FALSE
"RNU6-1250P",FALSE
"RNU6-1251P",FALSE
"RNU6-1252P",FALSE
"RNU6-1254P",FALSE
"RNU6-1256P",FALSE
"RNU6-1257P",FALSE
"RNU6-1258P",FALSE
"RNU6-125P",FALSE
"RNU6-1260P",FALSE
"RNU6-1261P",FALSE
"RNU6-1262P",FALSE
"RNU6-1263P",FALSE
"RNU6-1264P",FALSE
"RNU6-1265P",FALSE
"RNU6-1266P",FALSE
"RNU6-1267P",FALSE
"RNU6-1268P",FALSE
"RNU6-1269P",FALSE
"RNU6-126P",FALSE
"RNU6-1270P",FALSE
"RNU6-1271P",FALSE
"RNU6-1272P",FALSE
"RNU6-1273P",FALSE
"RNU6-1274P",FALSE
"RNU6-1275P",FALSE
"RNU6-1276P",FALSE
"RNU6-1277P",FALSE
"RNU6-1278P",FALSE
"RNU6-1279P",FALSE
"RNU6-127P",FALSE
"RNU6-1280P",FALSE
"RNU6-1281P",FALSE
"RNU6-1282P",FALSE
"RNU6-1283P",FALSE
"RNU6-1284P",FALSE
"RNU6-1285P",FALSE
"RNU6-1286P",FALSE
"RNU6-1287P",FALSE
"RNU6-1288P",FALSE
"RNU6-1289P",FALSE
"RNU6-128P",FALSE
"RNU6-1290P",FALSE
"RNU6-1291P",FALSE
"RNU6-1292P",FALSE
"RNU6-1293P",FALSE
"RNU6-1294P",FALSE
"RNU6-1296P",FALSE
"RNU6-1297P",FALSE
"RNU6-1298P",FALSE
"RNU6-1299P",FALSE
"RNU6-129P",FALSE
"RNU6-12P",FALSE
"RNU6-1300P",FALSE
"RNU6-1301P",FALSE
"RNU6-1303P",FALSE
"RNU6-1304P",FALSE
"RNU6-1305P",FALSE
"RNU6-1306P",FALSE
"RNU6-1307P",FALSE
"RNU6-1308P",FALSE
"RNU6-1309P",FALSE
"RNU6-130P",FALSE
"RNU6-1310P",FALSE
"RNU6-1311P",FALSE
"RNU6-1312P",FALSE
"RNU6-1313P",FALSE
"RNU6-1314P",FALSE
"RNU6-1315P",FALSE
"RNU6-1316P",FALSE
"RNU6-1317P",FALSE
"RNU6-1318P",FALSE
"RNU6-1319P",FALSE
"RNU6-131P",FALSE
"RNU6-1320P",FALSE
"RNU6-1321P",FALSE
"RNU6-1322P",FALSE
"RNU6-1323P",FALSE
"RNU6-1324P",FALSE
"RNU6-1325P",FALSE
"RNU6-1326P",FALSE
"RNU6-1327P",FALSE
"RNU6-1328P",FALSE
"RNU6-1329P",FALSE
"RNU6-132P",FALSE
"RNU6-1330P",FALSE
"RNU6-1331P",FALSE
"RNU6-1332P",FALSE
"RNU6-1333P",FALSE
"RNU6-1334P",FALSE
"RNU6-1335P",FALSE
"RNU6-1336P",FALSE
"RNU6-1337P",FALSE
"RNU6-1338P",FALSE
"RNU6-1339P",FALSE
"RNU6-133P",FALSE
"RNU6-1340P",FALSE
"RNU6-135P",FALSE
"RNU6-136P",FALSE
"RNU6-137P",FALSE
"RNU6-138P",FALSE
"RNU6-139P",FALSE
"RNU6-13P",FALSE
"RNU6-140P",FALSE
"RNU6-141P",FALSE
"RNU6-142P",FALSE
"RNU6-143P",FALSE
"RNU6-144P",FALSE
"RNU6-145P",FALSE
"RNU6-146P",FALSE
"RNU6-147P",FALSE
"RNU6-148P",FALSE
"RNU6-14P",FALSE
"RNU6-150P",FALSE
"RNU6-151P",FALSE
"RNU6-152P",FALSE
"RNU6-153P",FALSE
"RNU6-154P",FALSE
"RNU6-155P",FALSE
"RNU6-156P",FALSE
"RNU6-157P",FALSE
"RNU6-158P",FALSE
"RNU6-159P",FALSE
"RNU6-15P",FALSE
"RNU6-160P",FALSE
"RNU6-161P",FALSE
"RNU6-162P",FALSE
"RNU6-163P",FALSE
"RNU6-165P",FALSE
"RNU6-166P",FALSE
"RNU6-167P",FALSE
"RNU6-168P",FALSE
"RNU6-169P",FALSE
"RNU6-16P",FALSE
"RNU6-170P",FALSE
"RNU6-171P",FALSE
"RNU6-172P",FALSE
"RNU6-173P",FALSE
"RNU6-174P",FALSE
"RNU6-175P",FALSE
"RNU6-176P",FALSE
"RNU6-177P",FALSE
"RNU6-178P",FALSE
"RNU6-179P",FALSE
"RNU6-17P",FALSE
"RNU6-180P",FALSE
"RNU6-181P",FALSE
"RNU6-182P",FALSE
"RNU6-183P",FALSE
"RNU6-184P",FALSE
"RNU6-185P",FALSE
"RNU6-187P",FALSE
"RNU6-188P",FALSE
"RNU6-189P",FALSE
"RNU6-18P",FALSE
"RNU6-190P",FALSE
"RNU6-191P",FALSE
"RNU6-193P",FALSE
"RNU6-194P",FALSE
"RNU6-195P",FALSE
"RNU6-196P",FALSE
"RNU6-197P",FALSE
"RNU6-198P",FALSE
"RNU6-199P",FALSE
"RNU6-19P",FALSE
"RNU6-2",FALSE
"RNU6-200P",FALSE
"RNU6-201P",FALSE
"RNU6-202P",FALSE
"RNU6-203P",FALSE
"RNU6-204P",FALSE
"RNU6-205P",FALSE
"RNU6-206P",FALSE
"RNU6-207P",FALSE
"RNU6-208P",FALSE
"RNU6-209P",FALSE
"RNU6-20P",FALSE
"RNU6-210P",FALSE
"RNU6-211P",FALSE
"RNU6-212P",FALSE
"RNU6-213P",FALSE
"RNU6-214P",FALSE
"RNU6-215P",FALSE
"RNU6-216P",TRUE
"RNU6-217P",FALSE
"RNU6-218P",FALSE
"RNU6-219P",FALSE
"RNU6-21P",FALSE
"RNU6-220P",FALSE
"RNU6-221P",FALSE
"RNU6-222P",FALSE
"RNU6-223P",FALSE
"RNU6-224P",FALSE
"RNU6-225P",FALSE
"RNU6-226P",FALSE
"RNU6-227P",FALSE
"RNU6-228P",FALSE
"RNU6-229P",FALSE
"RNU6-22P",FALSE
"RNU6-230P",FALSE
"RNU6-231P",FALSE
"RNU6-232P",FALSE
"RNU6-233P",FALSE
"RNU6-235P",FALSE
"RNU6-236P",FALSE
"RNU6-237P",FALSE
"RNU6-238P",FALSE
"RNU6-239P",FALSE
"RNU6-23P",FALSE
"RNU6-240P",FALSE
"RNU6-241P",FALSE
"RNU6-242P",FALSE
"RNU6-243P",FALSE
"RNU6-244P",FALSE
"RNU6-245P",FALSE
"RNU6-246P",FALSE
"RNU6-247P",FALSE
"RNU6-248P",FALSE
"RNU6-249P",FALSE
"RNU6-24P",FALSE
"RNU6-250P",FALSE
"RNU6-251P",FALSE
"RNU6-252P",FALSE
"RNU6-253P",FALSE
"RNU6-254P",FALSE
"RNU6-255P",FALSE
"RNU6-256P",FALSE
"RNU6-257P",FALSE
"RNU6-258P",FALSE
"RNU6-259P",FALSE
"RNU6-25P",FALSE
"RNU6-260P",FALSE
"RNU6-261P",FALSE
"RNU6-262P",FALSE
"RNU6-263P",FALSE
"RNU6-264P",FALSE
"RNU6-266P",FALSE
"RNU6-267P",FALSE
"RNU6-268P",FALSE
"RNU6-269P",FALSE
"RNU6-26P",FALSE
"RNU6-270P",FALSE
"RNU6-271P",FALSE
"RNU6-272P",FALSE
"RNU6-273P",FALSE
"RNU6-274P",FALSE
"RNU6-275P",FALSE
"RNU6-276P",FALSE
"RNU6-277P",FALSE
"RNU6-278P",FALSE
"RNU6-279P",FALSE
"RNU6-27P",FALSE
"RNU6-280P",FALSE
"RNU6-281P",FALSE
"RNU6-282P",FALSE
"RNU6-283P",FALSE
"RNU6-284P",FALSE
"RNU6-285P",FALSE
"RNU6-287P",FALSE
"RNU6-288P",FALSE
"RNU6-289P",FALSE
"RNU6-28P",FALSE
"RNU6-291P",FALSE
"RNU6-293P",FALSE
"RNU6-294P",FALSE
"RNU6-295P",FALSE
"RNU6-296P",FALSE
"RNU6-297P",FALSE
"RNU6-298P",FALSE
"RNU6-299P",FALSE
"RNU6-29P",FALSE
"RNU6-300P",FALSE
"RNU6-301P",FALSE
"RNU6-302P",FALSE
"RNU6-303P",FALSE
"RNU6-304P",FALSE
"RNU6-306P",FALSE
"RNU6-307P",FALSE
"RNU6-308P",FALSE
"RNU6-309P",FALSE
"RNU6-30P",FALSE
"RNU6-310P",FALSE
"RNU6-311P",FALSE
"RNU6-312P",FALSE
"RNU6-313P",FALSE
"RNU6-314P",FALSE
"RNU6-315P",FALSE
"RNU6-316P",FALSE
"RNU6-317P",FALSE
"RNU6-318P",FALSE
"RNU6-319P",FALSE
"RNU6-31P",FALSE
"RNU6-320P",FALSE
"RNU6-321P",FALSE
"RNU6-322P",FALSE
"RNU6-323P",FALSE
"RNU6-324P",FALSE
"RNU6-325P",FALSE
"RNU6-326P",FALSE
"RNU6-327P",FALSE
"RNU6-328P",FALSE
"RNU6-329P",FALSE
"RNU6-32P",FALSE
"RNU6-330P",FALSE
"RNU6-331P",FALSE
"RNU6-332P",FALSE
"RNU6-333P",FALSE
"RNU6-334P",FALSE
"RNU6-335P",FALSE
"RNU6-336P",FALSE
"RNU6-337P",FALSE
"RNU6-338P",FALSE
"RNU6-339P",FALSE
"RNU6-33P",FALSE
"RNU6-340P",FALSE
"RNU6-341P",FALSE
"RNU6-342P",FALSE
"RNU6-343P",FALSE
"RNU6-344P",FALSE
"RNU6-345P",FALSE
"RNU6-346P",FALSE
"RNU6-347P",FALSE
"RNU6-348P",FALSE
"RNU6-349P",FALSE
"RNU6-34P",FALSE
"RNU6-351P",FALSE
"RNU6-352P",FALSE
"RNU6-353P",FALSE
"RNU6-354P",FALSE
"RNU6-356P",FALSE
"RNU6-358P",FALSE
"RNU6-359P",FALSE
"RNU6-35P",FALSE
"RNU6-360P",FALSE
"RNU6-361P",FALSE
"RNU6-362P",FALSE
"RNU6-363P",FALSE
"RNU6-364P",FALSE
"RNU6-365P",FALSE
"RNU6-366P",FALSE
"RNU6-367P",FALSE
"RNU6-368P",FALSE
"RNU6-369P",FALSE
"RNU6-36P",FALSE
"RNU6-370P",FALSE
"RNU6-371P",FALSE
"RNU6-373P",FALSE
"RNU6-374P",FALSE
"RNU6-375P",FALSE
"RNU6-376P",FALSE
"RNU6-377P",FALSE
"RNU6-378P",FALSE
"RNU6-379P",FALSE
"RNU6-37P",FALSE
"RNU6-380P",FALSE
"RNU6-381P",FALSE
"RNU6-382P",FALSE
"RNU6-384P",FALSE
"RNU6-386P",FALSE
"RNU6-387P",FALSE
"RNU6-388P",FALSE
"RNU6-389P",FALSE
"RNU6-38P",FALSE
"RNU6-390P",FALSE
"RNU6-391P",FALSE
"RNU6-392P",FALSE
"RNU6-393P",FALSE
"RNU6-394P",FALSE
"RNU6-395P",FALSE
"RNU6-396P",FALSE
"RNU6-397P",FALSE
"RNU6-398P",FALSE
"RNU6-399P",FALSE
"RNU6-39P",FALSE
"RNU6-3P",FALSE
"RNU6-400P",FALSE
"RNU6-401P",FALSE
"RNU6-402P",FALSE
"RNU6-403P",FALSE
"RNU6-405P",FALSE
"RNU6-406P",FALSE
"RNU6-407P",FALSE
"RNU6-408P",FALSE
"RNU6-409P",FALSE
"RNU6-40P",FALSE
"RNU6-410P",FALSE
"RNU6-411P",FALSE
"RNU6-412P",FALSE
"RNU6-413P",FALSE
"RNU6-414P",FALSE
"RNU6-415P",TRUE
"RNU6-416P",FALSE
"RNU6-417P",FALSE
"RNU6-418P",FALSE
"RNU6-41P",FALSE
"RNU6-420P",FALSE
"RNU6-421P",FALSE
"RNU6-422P",FALSE
"RNU6-424P",FALSE
"RNU6-425P",FALSE
"RNU6-426P",FALSE
"RNU6-428P",FALSE
"RNU6-429P",FALSE
"RNU6-42P",FALSE
"RNU6-430P",FALSE
"RNU6-431P",FALSE
"RNU6-432P",FALSE
"RNU6-433P",FALSE
"RNU6-434P",FALSE
"RNU6-435P",FALSE
"RNU6-436P",FALSE
"RNU6-437P",FALSE
"RNU6-438P",FALSE
"RNU6-439P",FALSE
"RNU6-43P",FALSE
"RNU6-440P",FALSE
"RNU6-441P",FALSE
"RNU6-442P",FALSE
"RNU6-444P",FALSE
"RNU6-445P",FALSE
"RNU6-446P",FALSE
"RNU6-448P",FALSE
"RNU6-449P",FALSE
"RNU6-44P",FALSE
"RNU6-450P",FALSE
"RNU6-451P",FALSE
"RNU6-452P",FALSE
"RNU6-453P",FALSE
"RNU6-454P",FALSE
"RNU6-455P",FALSE
"RNU6-456P",FALSE
"RNU6-457P",FALSE
"RNU6-45P",FALSE
"RNU6-460P",FALSE
"RNU6-461P",FALSE
"RNU6-462P",FALSE
"RNU6-463P",FALSE
"RNU6-464P",FALSE
"RNU6-465P",FALSE
"RNU6-466P",FALSE
"RNU6-467P",FALSE
"RNU6-468P",FALSE
"RNU6-469P",FALSE
"RNU6-46P",FALSE
"RNU6-470P",FALSE
"RNU6-471P",FALSE
"RNU6-472P",FALSE
"RNU6-473P",FALSE
"RNU6-474P",FALSE
"RNU6-475P",FALSE
"RNU6-476P",FALSE
"RNU6-477P",FALSE
"RNU6-478P",FALSE
"RNU6-479P",FALSE
"RNU6-47P",FALSE
"RNU6-480P",FALSE
"RNU6-481P",FALSE
"RNU6-482P",FALSE
"RNU6-483P",FALSE
"RNU6-484P",FALSE
"RNU6-485P",FALSE
"RNU6-486P",FALSE
"RNU6-487P",FALSE
"RNU6-488P",FALSE
"RNU6-489P",FALSE
"RNU6-48P",FALSE
"RNU6-490P",FALSE
"RNU6-491P",FALSE
"RNU6-492P",FALSE
"RNU6-493P",FALSE
"RNU6-494P",FALSE
"RNU6-495P",FALSE
"RNU6-497P",FALSE
"RNU6-498P",FALSE
"RNU6-499P",FALSE
"RNU6-49P",FALSE
"RNU6-4P",FALSE
"RNU6-500P",FALSE
"RNU6-501P",FALSE
"RNU6-502P",FALSE
"RNU6-503P",FALSE
"RNU6-504P",FALSE
"RNU6-505P",FALSE
"RNU6-506P",FALSE
"RNU6-507P",FALSE
"RNU6-508P",FALSE
"RNU6-509P",FALSE
"RNU6-511P",FALSE
"RNU6-513P",FALSE
"RNU6-514P",FALSE
"RNU6-517P",FALSE
"RNU6-518P",FALSE
"RNU6-519P",FALSE
"RNU6-520P",FALSE
"RNU6-521P",FALSE
"RNU6-522P",FALSE
"RNU6-523P",FALSE
"RNU6-524P",FALSE
"RNU6-525P",FALSE
"RNU6-526P",FALSE
"RNU6-527P",FALSE
"RNU6-528P",FALSE
"RNU6-529P",FALSE
"RNU6-530P",FALSE
"RNU6-531P",FALSE
"RNU6-532P",FALSE
"RNU6-533P",FALSE
"RNU6-534P",FALSE
"RNU6-535P",FALSE
"RNU6-536P",FALSE
"RNU6-538P",FALSE
"RNU6-539P",FALSE
"RNU6-53P",FALSE
"RNU6-540P",FALSE
"RNU6-541P",FALSE
"RNU6-542P",FALSE
"RNU6-543P",FALSE
"RNU6-544P",FALSE
"RNU6-545P",FALSE
"RNU6-546P",FALSE
"RNU6-547P",FALSE
"RNU6-548P",FALSE
"RNU6-549P",FALSE
"RNU6-550P",FALSE
"RNU6-551P",FALSE
"RNU6-552P",FALSE
"RNU6-553P",FALSE
"RNU6-554P",FALSE
"RNU6-555P",FALSE
"RNU6-556P",FALSE
"RNU6-557P",FALSE
"RNU6-558P",FALSE
"RNU6-559P",FALSE
"RNU6-55P",FALSE
"RNU6-560P",FALSE
"RNU6-561P",FALSE
"RNU6-562P",FALSE
"RNU6-563P",FALSE
"RNU6-564P",FALSE
"RNU6-565P",FALSE
"RNU6-566P",FALSE
"RNU6-567P",FALSE
"RNU6-56P",FALSE
"RNU6-570P",FALSE
"RNU6-571P",FALSE
"RNU6-572P",FALSE
"RNU6-573P",FALSE
"RNU6-574P",FALSE
"RNU6-575P",FALSE
"RNU6-576P",FALSE
"RNU6-577P",FALSE
"RNU6-578P",FALSE
"RNU6-579P",FALSE
"RNU6-57P",FALSE
"RNU6-580P",FALSE
"RNU6-581P",FALSE
"RNU6-582P",FALSE
"RNU6-583P",FALSE
"RNU6-584P",FALSE
"RNU6-586P",FALSE
"RNU6-587P",FALSE
"RNU6-588P",FALSE
"RNU6-589P",FALSE
"RNU6-590P",FALSE
"RNU6-591P",FALSE
"RNU6-592P",FALSE
"RNU6-593P",FALSE
"RNU6-596P",FALSE
"RNU6-597P",FALSE
"RNU6-598P",FALSE
"RNU6-599P",FALSE
"RNU6-59P",FALSE
"RNU6-5P",FALSE
"RNU6-600P",FALSE
"RNU6-601P",FALSE
"RNU6-602P",FALSE
"RNU6-603P",FALSE
"RNU6-604P",FALSE
"RNU6-605P",FALSE
"RNU6-606P",FALSE
"RNU6-607P",FALSE
"RNU6-608P",FALSE
"RNU6-609P",FALSE
"RNU6-60P",FALSE
"RNU6-610P",FALSE
"RNU6-611P",FALSE
"RNU6-612P",FALSE
"RNU6-613P",FALSE
"RNU6-614P",FALSE
"RNU6-615P",FALSE
"RNU6-616P",FALSE
"RNU6-617P",FALSE
"RNU6-618P",FALSE
"RNU6-619P",FALSE
"RNU6-61P",FALSE
"RNU6-620P",FALSE
"RNU6-621P",FALSE
"RNU6-622P",FALSE
"RNU6-623P",FALSE
"RNU6-624P",FALSE
"RNU6-625P",FALSE
"RNU6-626P",FALSE
"RNU6-627P",FALSE
"RNU6-628P",FALSE
"RNU6-629P",FALSE
"RNU6-62P",FALSE
"RNU6-630P",FALSE
"RNU6-632P",FALSE
"RNU6-633P",FALSE
"RNU6-634P",FALSE
"RNU6-635P",FALSE
"RNU6-636P",FALSE
"RNU6-637P",FALSE
"RNU6-638P",FALSE
"RNU6-639P",FALSE
"RNU6-63P",FALSE
"RNU6-640P",FALSE
"RNU6-641P",FALSE
"RNU6-642P",FALSE
"RNU6-643P",FALSE
"RNU6-644P",FALSE
"RNU6-645P",FALSE
"RNU6-646P",FALSE
"RNU6-647P",FALSE
"RNU6-648P",FALSE
"RNU6-649P",FALSE
"RNU6-64P",FALSE
"RNU6-650P",FALSE
"RNU6-651P",FALSE
"RNU6-652P",FALSE
"RNU6-653P",FALSE
"RNU6-654P",FALSE
"RNU6-655P",FALSE
"RNU6-656P",FALSE
"RNU6-657P",FALSE
"RNU6-658P",FALSE
"RNU6-659P",FALSE
"RNU6-65P",FALSE
"RNU6-660P",FALSE
"RNU6-661P",FALSE
"RNU6-662P",FALSE
"RNU6-663P",FALSE
"RNU6-664P",FALSE
"RNU6-665P",FALSE
"RNU6-666P",FALSE
"RNU6-667P",FALSE
"RNU6-668P",FALSE
"RNU6-669P",FALSE
"RNU6-66P",FALSE
"RNU6-670P",FALSE
"RNU6-672P",FALSE
"RNU6-673P",FALSE
"RNU6-674P",FALSE
"RNU6-675P",FALSE
"RNU6-677P",FALSE
"RNU6-678P",FALSE
"RNU6-679P",FALSE
"RNU6-67P",FALSE
"RNU6-680P",FALSE
"RNU6-681P",FALSE
"RNU6-682P",FALSE
"RNU6-684P",FALSE
"RNU6-685P",FALSE
"RNU6-686P",FALSE
"RNU6-687P",FALSE
"RNU6-689P",FALSE
"RNU6-68P",FALSE
"RNU6-690P",FALSE
"RNU6-692P",FALSE
"RNU6-693P",FALSE
"RNU6-694P",FALSE
"RNU6-695P",FALSE
"RNU6-696P",FALSE
"RNU6-697P",FALSE
"RNU6-698P",FALSE
"RNU6-699P",FALSE
"RNU6-6P",FALSE
"RNU6-7",FALSE
"RNU6-700P",FALSE
"RNU6-701P",FALSE
"RNU6-702P",FALSE
"RNU6-703P",FALSE
"RNU6-704P",FALSE
"RNU6-705P",FALSE
"RNU6-706P",FALSE
"RNU6-707P",FALSE
"RNU6-708P",FALSE
"RNU6-709P",FALSE
"RNU6-70P",FALSE
"RNU6-710P",FALSE
"RNU6-711P",FALSE
"RNU6-712P",FALSE
"RNU6-713P",FALSE
"RNU6-714P",FALSE
"RNU6-715P",FALSE
"RNU6-716P",FALSE
"RNU6-717P",FALSE
"RNU6-718P",FALSE
"RNU6-719P",FALSE
"RNU6-71P",FALSE
"RNU6-720P",FALSE
"RNU6-721P",FALSE
"RNU6-722P",TRUE
"RNU6-723P",FALSE
"RNU6-724P",FALSE
"RNU6-725P",FALSE
"RNU6-726P",FALSE
"RNU6-727P",FALSE
"RNU6-728P",FALSE
"RNU6-729P",FALSE
"RNU6-730P",FALSE
"RNU6-731P",FALSE
"RNU6-732P",FALSE
"RNU6-733P",FALSE
"RNU6-735P",FALSE
"RNU6-737P",FALSE
"RNU6-738P",FALSE
"RNU6-739P",FALSE
"RNU6-73P",FALSE
"RNU6-740P",FALSE
"RNU6-741P",FALSE
"RNU6-742P",FALSE
"RNU6-743P",FALSE
"RNU6-744P",FALSE
"RNU6-745P",FALSE
"RNU6-746P",FALSE
"RNU6-747P",FALSE
"RNU6-748P",FALSE
"RNU6-74P",FALSE
"RNU6-750P",FALSE
"RNU6-751P",FALSE
"RNU6-752P",FALSE
"RNU6-753P",FALSE
"RNU6-754P",FALSE
"RNU6-755P",FALSE
"RNU6-756P",FALSE
"RNU6-757P",FALSE
"RNU6-758P",FALSE
"RNU6-759P",FALSE
"RNU6-75P",FALSE
"RNU6-760P",FALSE
"RNU6-761P",FALSE
"RNU6-762P",FALSE
"RNU6-763P",FALSE
"RNU6-764P",FALSE
"RNU6-765P",FALSE
"RNU6-766P",FALSE
"RNU6-767P",FALSE
"RNU6-768P",FALSE
"RNU6-769P",FALSE
"RNU6-76P",FALSE
"RNU6-770P",FALSE
"RNU6-771P",FALSE
"RNU6-772P",FALSE
"RNU6-774P",FALSE
"RNU6-775P",FALSE
"RNU6-776P",TRUE
"RNU6-777P",FALSE
"RNU6-778P",FALSE
"RNU6-77P",FALSE
"RNU6-780P",FALSE
"RNU6-781P",FALSE
"RNU6-782P",FALSE
"RNU6-783P",FALSE
"RNU6-784P",FALSE
"RNU6-786P",FALSE
"RNU6-787P",FALSE
"RNU6-788P",FALSE
"RNU6-789P",FALSE
"RNU6-78P",FALSE
"RNU6-790P",FALSE
"RNU6-792P",FALSE
"RNU6-793P",FALSE
"RNU6-794P",FALSE
"RNU6-795P",FALSE
"RNU6-796P",FALSE
"RNU6-797P",FALSE
"RNU6-798P",FALSE
"RNU6-799P",FALSE
"RNU6-79P",FALSE
"RNU6-8",FALSE
"RNU6-800P",FALSE
"RNU6-801P",FALSE
"RNU6-803P",FALSE
"RNU6-804P",FALSE
"RNU6-805P",FALSE
"RNU6-806P",FALSE
"RNU6-807P",FALSE
"RNU6-808P",FALSE
"RNU6-809P",FALSE
"RNU6-80P",FALSE
"RNU6-810P",FALSE
"RNU6-811P",FALSE
"RNU6-812P",FALSE
"RNU6-813P",FALSE
"RNU6-815P",FALSE
"RNU6-816P",FALSE
"RNU6-817P",FALSE
"RNU6-818P",FALSE
"RNU6-819P",FALSE
"RNU6-81P",FALSE
"RNU6-820P",FALSE
"RNU6-821P",FALSE
"RNU6-822P",FALSE
"RNU6-823P",FALSE
"RNU6-824P",FALSE
"RNU6-826P",FALSE
"RNU6-827P",FALSE
"RNU6-828P",FALSE
"RNU6-82P",FALSE
"RNU6-830P",FALSE
"RNU6-831P",FALSE
"RNU6-832P",FALSE
"RNU6-833P",FALSE
"RNU6-834P",FALSE
"RNU6-835P",FALSE
"RNU6-836P",FALSE
"RNU6-837P",FALSE
"RNU6-838P",FALSE
"RNU6-839P",FALSE
"RNU6-83P",FALSE
"RNU6-840P",FALSE
"RNU6-841P",FALSE
"RNU6-842P",FALSE
"RNU6-843P",FALSE
"RNU6-844P",FALSE
"RNU6-845P",FALSE
"RNU6-847P",FALSE
"RNU6-848P",FALSE
"RNU6-849P",FALSE
"RNU6-84P",FALSE
"RNU6-850P",FALSE
"RNU6-851P",FALSE
"RNU6-853P",FALSE
"RNU6-854P",FALSE
"RNU6-855P",FALSE
"RNU6-856P",FALSE
"RNU6-857P",FALSE
"RNU6-858P",FALSE
"RNU6-859P",FALSE
"RNU6-85P",FALSE
"RNU6-861P",FALSE
"RNU6-862P",FALSE
"RNU6-863P",FALSE
"RNU6-864P",FALSE
"RNU6-865P",FALSE
"RNU6-866P",FALSE
"RNU6-867P",FALSE
"RNU6-869P",FALSE
"RNU6-86P",FALSE
"RNU6-871P",FALSE
"RNU6-873P",FALSE
"RNU6-874P",FALSE
"RNU6-875P",FALSE
"RNU6-876P",FALSE
"RNU6-877P",FALSE
"RNU6-878P",FALSE
"RNU6-879P",FALSE
"RNU6-87P",FALSE
"RNU6-880P",FALSE
"RNU6-881P",FALSE
"RNU6-882P",FALSE
"RNU6-883P",FALSE
"RNU6-884P",FALSE
"RNU6-885P",FALSE
"RNU6-886P",FALSE
"RNU6-887P",FALSE
"RNU6-889P",FALSE
"RNU6-88P",FALSE
"RNU6-890P",FALSE
"RNU6-891P",FALSE
"RNU6-892P",FALSE
"RNU6-893P",FALSE
"RNU6-894P",FALSE
"RNU6-895P",FALSE
"RNU6-896P",FALSE
"RNU6-897P",FALSE
"RNU6-898P",FALSE
"RNU6-899P",FALSE
"RNU6-89P",FALSE
"RNU6-9",FALSE
"RNU6-900P",FALSE
"RNU6-901P",FALSE
"RNU6-902P",FALSE
"RNU6-904P",FALSE
"RNU6-905P",FALSE
"RNU6-907P",FALSE
"RNU6-908P",FALSE
"RNU6-909P",FALSE
"RNU6-90P",FALSE
"RNU6-910P",FALSE
"RNU6-911P",FALSE
"RNU6-912P",FALSE
"RNU6-913P",FALSE
"RNU6-914P",FALSE
"RNU6-915P",FALSE
"RNU6-916P",FALSE
"RNU6-917P",FALSE
"RNU6-918P",FALSE
"RNU6-919P",FALSE
"RNU6-91P",FALSE
"RNU6-920P",FALSE
"RNU6-921P",FALSE
"RNU6-922P",FALSE
"RNU6-923P",FALSE
"RNU6-924P",FALSE
"RNU6-925P",FALSE
"RNU6-926P",FALSE
"RNU6-927P",FALSE
"RNU6-928P",FALSE
"RNU6-929P",FALSE
"RNU6-92P",FALSE
"RNU6-930P",FALSE
"RNU6-931P",FALSE
"RNU6-932P",FALSE
"RNU6-933P",FALSE
"RNU6-934P",FALSE
"RNU6-935P",FALSE
"RNU6-936P",FALSE
"RNU6-937P",FALSE
"RNU6-938P",FALSE
"RNU6-939P",FALSE
"RNU6-940P",FALSE
"RNU6-941P",FALSE
"RNU6-942P",FALSE
"RNU6-943P",FALSE
"RNU6-944P",FALSE
"RNU6-945P",FALSE
"RNU6-946P",FALSE
"RNU6-947P",FALSE
"RNU6-948P",FALSE
"RNU6-949P",FALSE
"RNU6-94P",FALSE
"RNU6-950P",FALSE
"RNU6-951P",FALSE
"RNU6-952P",FALSE
"RNU6-953P",FALSE
"RNU6-954P",FALSE
"RNU6-955P",FALSE
"RNU6-956P",FALSE
"RNU6-957P",FALSE
"RNU6-959P",FALSE
"RNU6-95P",FALSE
"RNU6-960P",FALSE
"RNU6-961P",FALSE
"RNU6-964P",FALSE
"RNU6-965P",FALSE
"RNU6-966P",FALSE
"RNU6-967P",FALSE
"RNU6-968P",FALSE
"RNU6-969P",FALSE
"RNU6-970P",FALSE
"RNU6-971P",FALSE
"RNU6-972P",FALSE
"RNU6-973P",FALSE
"RNU6-974P",FALSE
"RNU6-975P",FALSE
"RNU6-976P",FALSE
"RNU6-977P",FALSE
"RNU6-978P",FALSE
"RNU6-979P",FALSE
"RNU6-97P",FALSE
"RNU6-980P",FALSE
"RNU6-982P",FALSE
"RNU6-983P",FALSE
"RNU6-984P",FALSE
"RNU6-985P",FALSE
"RNU6-986P",FALSE
"RNU6-987P",FALSE
"RNU6-988P",FALSE
"RNU6-989P",FALSE
"RNU6-98P",FALSE
"RNU6-990P",FALSE
"RNU6-991P",FALSE
"RNU6-992P",FALSE
"RNU6-993P",FALSE
"RNU6-995P",FALSE
"RNU6-996P",FALSE
"RNU6-997P",FALSE
"RNU6-998P",FALSE
"RNU6-999P",FALSE
"RNU6-99P",FALSE
"RNU6ATAC",FALSE
"RNU6ATAC11P",FALSE
"RNU6ATAC12P",FALSE
"RNU6ATAC13P",FALSE
"RNU6ATAC14P",FALSE
"RNU6ATAC15P",FALSE
"RNU6ATAC16P",FALSE
"RNU6ATAC17P",FALSE
"RNU6ATAC18P",FALSE
"RNU6ATAC19P",FALSE
"RNU6ATAC20P",FALSE
"RNU6ATAC21P",FALSE
"RNU6ATAC22P",FALSE
"RNU6ATAC23P",FALSE
"RNU6ATAC24P",FALSE
"RNU6ATAC26P",FALSE
"RNU6ATAC27P",FALSE
"RNU6ATAC28P",FALSE
"RNU6ATAC29P",FALSE
"RNU6ATAC2P",FALSE
"RNU6ATAC30P",FALSE
"RNU6ATAC31P",FALSE
"RNU6ATAC32P",FALSE
"RNU6ATAC33P",FALSE
"RNU6ATAC34P",FALSE
"RNU6ATAC36P",FALSE
"RNU6ATAC37P",FALSE
"RNU6ATAC38P",FALSE
"RNU6ATAC39P",FALSE
"RNU6ATAC3P",FALSE
"RNU6ATAC40P",FALSE
"RNU6ATAC41P",FALSE
"RNU6ATAC42P",FALSE
"RNU6ATAC4P",FALSE
"RNU6ATAC5P",FALSE
"RNU6ATAC6P",FALSE
"RNU6ATAC7P",FALSE
"RNU6ATAC8P",FALSE
"RNU6ATAC9P",FALSE
"RNU7-1",FALSE
"RNU7-102P",FALSE
"RNU7-103P",FALSE
"RNU7-104P",FALSE
"RNU7-105P",FALSE
"RNU7-107P",FALSE
"RNU7-10P",FALSE
"RNU7-110P",FALSE
"RNU7-111P",FALSE
"RNU7-113P",FALSE
"RNU7-115P",FALSE
"RNU7-116P",FALSE
"RNU7-119P",FALSE
"RNU7-11P",FALSE
"RNU7-120P",FALSE
"RNU7-121P",FALSE
"RNU7-123P",FALSE
"RNU7-124P",FALSE
"RNU7-125P",FALSE
"RNU7-126P",FALSE
"RNU7-127P",FALSE
"RNU7-128P",FALSE
"RNU7-129P",FALSE
"RNU7-12P",FALSE
"RNU7-130P",FALSE
"RNU7-133P",FALSE
"RNU7-134P",FALSE
"RNU7-136P",FALSE
"RNU7-137P",FALSE
"RNU7-138P",FALSE
"RNU7-13P",FALSE
"RNU7-140P",FALSE
"RNU7-141P",FALSE
"RNU7-143P",FALSE
"RNU7-144P",FALSE
"RNU7-147P",FALSE
"RNU7-148P",FALSE
"RNU7-149P",FALSE
"RNU7-14P",FALSE
"RNU7-151P",FALSE
"RNU7-152P",FALSE
"RNU7-153P",FALSE
"RNU7-154P",FALSE
"RNU7-155P",FALSE
"RNU7-156P",FALSE
"RNU7-157P",FALSE
"RNU7-159P",FALSE
"RNU7-160P",FALSE
"RNU7-161P",FALSE
"RNU7-164P",FALSE
"RNU7-165P",FALSE
"RNU7-167P",FALSE
"RNU7-169P",FALSE
"RNU7-170P",FALSE
"RNU7-171P",FALSE
"RNU7-172P",FALSE
"RNU7-173P",FALSE
"RNU7-174P",FALSE
"RNU7-175P",FALSE
"RNU7-176P",FALSE
"RNU7-179P",FALSE
"RNU7-180P",FALSE
"RNU7-181P",FALSE
"RNU7-182P",FALSE
"RNU7-183P",FALSE
"RNU7-185P",FALSE
"RNU7-186P",FALSE
"RNU7-187P",FALSE
"RNU7-188P",FALSE
"RNU7-18P",FALSE
"RNU7-190P",FALSE
"RNU7-192P",FALSE
"RNU7-193P",FALSE
"RNU7-194P",FALSE
"RNU7-195P",FALSE
"RNU7-196P",FALSE
"RNU7-197P",FALSE
"RNU7-19P",FALSE
"RNU7-200P",FALSE
"RNU7-20P",FALSE
"RNU7-21P",FALSE
"RNU7-22P",FALSE
"RNU7-23P",FALSE
"RNU7-24P",FALSE
"RNU7-25P",FALSE
"RNU7-26P",FALSE
"RNU7-27P",FALSE
"RNU7-28P",FALSE
"RNU7-2P",FALSE
"RNU7-30P",FALSE
"RNU7-34P",FALSE
"RNU7-35P",FALSE
"RNU7-38P",FALSE
"RNU7-3P",FALSE
"RNU7-40P",FALSE
"RNU7-41P",FALSE
"RNU7-42P",FALSE
"RNU7-43P",FALSE
"RNU7-45P",FALSE
"RNU7-46P",FALSE
"RNU7-47P",FALSE
"RNU7-48P",FALSE
"RNU7-49P",FALSE
"RNU7-4P",FALSE
"RNU7-50P",FALSE
"RNU7-51P",FALSE
"RNU7-52P",FALSE
"RNU7-53P",FALSE
"RNU7-54P",FALSE
"RNU7-55P",FALSE
"RNU7-56P",FALSE
"RNU7-57P",FALSE
"RNU7-59P",FALSE
"RNU7-60P",FALSE
"RNU7-61P",FALSE
"RNU7-63P",FALSE
"RNU7-65P",FALSE
"RNU7-66P",FALSE
"RNU7-67P",FALSE
"RNU7-68P",FALSE
"RNU7-69P",FALSE
"RNU7-6P",FALSE
"RNU7-70P",FALSE
"RNU7-71P",FALSE
"RNU7-73P",FALSE
"RNU7-74P",FALSE
"RNU7-75P",FALSE
"RNU7-79P",FALSE
"RNU7-7P",FALSE
"RNU7-80P",FALSE
"RNU7-81P",FALSE
"RNU7-82P",FALSE
"RNU7-84P",FALSE
"RNU7-87P",FALSE
"RNU7-88P",FALSE
"RNU7-8P",FALSE
"RNU7-90P",FALSE
"RNU7-92P",FALSE
"RNU7-93P",FALSE
"RNU7-94P",FALSE
"RNU7-95P",FALSE
"RNU7-96P",FALSE
"RNU7-97P",FALSE
"RNU7-99P",FALSE
"RNVU1-1",FALSE
"RNVU1-14",FALSE
"RNVU1-15",FALSE
"RNVU1-17",FALSE
"RNVU1-19",FALSE
"RNVU1-2",FALSE
"RNVU1-21",FALSE
"RNVU1-22",FALSE
"RNVU1-23",FALSE
"RNVU1-24",FALSE
"RNVU1-26",FALSE
"RNVU1-27",FALSE
"RNVU1-28",FALSE
"RNVU1-2A",FALSE
"RNVU1-3",FALSE
"RNVU1-31",FALSE
"RNVU1-32",FALSE
"RNVU1-33",FALSE
"RNVU1-34",FALSE
"RNVU1-6",FALSE
"RNVU1-7",FALSE
"RNY1",FALSE
"RNY1P1",FALSE
"RNY1P10",FALSE
"RNY1P11",FALSE
"RNY1P12",FALSE
"RNY1P13",FALSE
"RNY1P14",FALSE
"RNY1P15",FALSE
"RNY1P16",FALSE
"RNY1P2",FALSE
"RNY1P3",FALSE
"RNY1P4",FALSE
"RNY1P5",FALSE
"RNY1P6",FALSE
"RNY1P7",FALSE
"RNY1P8",FALSE
"RNY1P9",FALSE
"RNY3",FALSE
"RNY3P1",FALSE
"RNY3P10",FALSE
"RNY3P11",FALSE
"RNY3P12",FALSE
"RNY3P13",FALSE
"RNY3P14",FALSE
"RNY3P15",FALSE
"RNY3P16",FALSE
"RNY3P2",FALSE
"RNY3P3",FALSE
"RNY3P4",FALSE
"RNY3P7",FALSE
"RNY3P9",FALSE
"RNY4",FALSE
"RNY4P10",FALSE
"RNY4P13",FALSE
"RNY4P14",FALSE
"RNY4P16",FALSE
"RNY4P17",FALSE
"RNY4P18",FALSE
"RNY4P19",FALSE
"RNY4P20",FALSE
"RNY4P23",FALSE
"RNY4P24",FALSE
"RNY4P25",FALSE
"RNY4P27",FALSE
"RNY4P28",FALSE
"RNY4P29",FALSE
"RNY4P3",FALSE
"RNY4P30",FALSE
"RNY4P34",FALSE
"RNY4P36",FALSE
"RNY4P37",FALSE
"RNY4P6",FALSE
"RNY4P7",FALSE
"RNY4P9",FALSE
"RO60",TRUE
"ROBO1",TRUE
"ROBO2",TRUE
"ROBO2P1",FALSE
"ROBO3",TRUE
"ROBO4",TRUE
"ROCK1",TRUE
"ROCK2",TRUE
"ROGDI",TRUE
"ROM1",TRUE
"ROMO1",TRUE
"ROPN1",FALSE
"ROPN1B",FALSE
"ROPN1L",TRUE
"ROR1",TRUE
"ROR1-AS1",TRUE
"ROR2",TRUE
"RORA",TRUE
"RORA-AS1",TRUE
"RORA-AS2",FALSE
"RORB",TRUE
"RORC",TRUE
"ROS1",TRUE
"RP1",FALSE
"RP1L1",FALSE
"RP2",TRUE
"RP9",TRUE
"RPA1",TRUE
"RPA2",TRUE
"RPA3",TRUE
"RPA4",FALSE
"RPAIN",TRUE
"RPAP1",TRUE
"RPAP2",TRUE
"RPAP3",TRUE
"RPE",TRUE
"RPE65",FALSE
"RPEL1",FALSE
"RPEP1",FALSE
"RPEP2",FALSE
"RPEP5",FALSE
"RPEP6",FALSE
"RPF1",TRUE
"RPF2",TRUE
"RPF2P1",FALSE
"RPF2P2",FALSE
"RPGR",TRUE
"RPGRIP1",TRUE
"RPGRIP1L",TRUE
"RPH3A",FALSE
"RPH3AL",TRUE
"RPH3AL-AS1",TRUE
"RPIA",TRUE
"RPL10",TRUE
"RPL10A",TRUE
"RPL10AP1",FALSE
"RPL10AP11",FALSE
"RPL10AP12",FALSE
"RPL10AP13",FALSE
"RPL10AP2",FALSE
"RPL10AP3",FALSE
"RPL10AP4",FALSE
"RPL10AP5",FALSE
"RPL10AP6",TRUE
"RPL10AP7",FALSE
"RPL10AP9",FALSE
"RPL10L",FALSE
"RPL10P1",FALSE
"RPL10P11",FALSE
"RPL10P12",FALSE
"RPL10P13",FALSE
"RPL10P15",FALSE
"RPL10P16",TRUE
"RPL10P17",FALSE
"RPL10P18",FALSE
"RPL10P2",FALSE
"RPL10P3",FALSE
"RPL10P4",FALSE
"RPL10P5",FALSE
"RPL10P6",FALSE
"RPL10P7",FALSE
"RPL10P8",FALSE
"RPL10P9",TRUE
"RPL11",TRUE
"RPL11P1",FALSE
"RPL11P2",FALSE
"RPL11P3",TRUE
"RPL11P4",FALSE
"RPL11P5",FALSE
"RPL12",TRUE
"RPL12P10",FALSE
"RPL12P12",TRUE
"RPL12P20",FALSE
"RPL12P22",FALSE
"RPL12P23",FALSE
"RPL12P24",FALSE
"RPL12P26",FALSE
"RPL12P3",FALSE
"RPL12P34",FALSE
"RPL12P36",FALSE
"RPL12P37",FALSE
"RPL12P39",FALSE
"RPL12P40",FALSE
"RPL12P43",FALSE
"RPL12P45",FALSE
"RPL12P46",FALSE
"RPL12P49",FALSE
"RPL12P5",FALSE
"RPL12P6",FALSE
"RPL12P7",FALSE
"RPL12P8",TRUE
"RPL13",TRUE
"RPL13A",TRUE
"RPL13AP",FALSE
"RPL13AP11",FALSE
"RPL13AP12",FALSE
"RPL13AP13",FALSE
"RPL13AP14",FALSE
"RPL13AP16",FALSE
"RPL13AP18",FALSE
"RPL13AP19",FALSE
"RPL13AP2",FALSE
"RPL13AP20",TRUE
"RPL13AP21",FALSE
"RPL13AP22",TRUE
"RPL13AP25",TRUE
"RPL13AP26",TRUE
"RPL13AP27",FALSE
"RPL13AP5",TRUE
"RPL13AP6",FALSE
"RPL13P",FALSE
"RPL13P10",FALSE
"RPL13P11",FALSE
"RPL13P12",TRUE
"RPL13P14",FALSE
"RPL13P2",FALSE
"RPL13P4",FALSE
"RPL13P5",TRUE
"RPL13P6",FALSE
"RPL13P7",FALSE
"RPL13P8",FALSE
"RPL14",TRUE
"RPL14P1",TRUE
"RPL14P2",FALSE
"RPL14P3",TRUE
"RPL14P4",TRUE
"RPL14P6",FALSE
"RPL15",TRUE
"RPL15P1",FALSE
"RPL15P11",FALSE
"RPL15P13",FALSE
"RPL15P16",FALSE
"RPL15P17",FALSE
"RPL15P18",TRUE
"RPL15P20",FALSE
"RPL15P3",TRUE
"RPL15P4",FALSE
"RPL15P9",FALSE
"RPL17",TRUE
"RPL17-C18orf32",FALSE
"RPL17P1",FALSE
"RPL17P11",FALSE
"RPL17P12",FALSE
"RPL17P13",FALSE
"RPL17P14",FALSE
"RPL17P15",FALSE
"RPL17P16",FALSE
"RPL17P17",FALSE
"RPL17P18",TRUE
"RPL17P19",FALSE
"RPL17P2",FALSE
"RPL17P20",FALSE
"RPL17P21",FALSE
"RPL17P22",FALSE
"RPL17P23",FALSE
"RPL17P24",FALSE
"RPL17P25",FALSE
"RPL17P26",FALSE
"RPL17P27",FALSE
"RPL17P28",FALSE
"RPL17P29",FALSE
"RPL17P3",FALSE
"RPL17P30",FALSE
"RPL17P31",FALSE
"RPL17P32",FALSE
"RPL17P33",FALSE
"RPL17P34",TRUE
"RPL17P35",FALSE
"RPL17P36",TRUE
"RPL17P37",FALSE
"RPL17P38",FALSE
"RPL17P39",TRUE
"RPL17P4",FALSE
"RPL17P41",FALSE
"RPL17P43",FALSE
"RPL17P44",FALSE
"RPL17P45",FALSE
"RPL17P46",FALSE
"RPL17P47",TRUE
"RPL17P48",FALSE
"RPL17P5",FALSE
"RPL17P50",FALSE
"RPL17P52",FALSE
"RPL17P6",TRUE
"RPL17P7",TRUE
"RPL17P8",FALSE
"RPL17P9",FALSE
"RPL18",TRUE
"RPL18A",TRUE
"RPL18AP1",FALSE
"RPL18AP10",FALSE
"RPL18AP11",FALSE
"RPL18AP12",FALSE
"RPL18AP13",FALSE
"RPL18AP14",FALSE
"RPL18AP15",FALSE
"RPL18AP16",FALSE
"RPL18AP2",FALSE
"RPL18AP3",TRUE
"RPL18AP4",FALSE
"RPL18AP5",FALSE
"RPL18AP6",TRUE
"RPL18AP7",TRUE
"RPL18AP8",FALSE
"RPL18AP9",FALSE
"RPL18P1",FALSE
"RPL18P10",FALSE
"RPL18P11",FALSE
"RPL18P12",FALSE
"RPL18P13",FALSE
"RPL18P2",FALSE
"RPL18P3",FALSE
"RPL18P4",FALSE
"RPL18P5",FALSE
"RPL18P8",FALSE
"RPL19",TRUE
"RPL19P1",FALSE
"RPL19P11",FALSE
"RPL19P13",FALSE
"RPL19P14",FALSE
"RPL19P15",FALSE
"RPL19P17",FALSE
"RPL19P18",FALSE
"RPL19P19",FALSE
"RPL19P2",FALSE
"RPL19P20",FALSE
"RPL19P21",FALSE
"RPL19P3",FALSE
"RPL19P4",FALSE
"RPL19P5",FALSE
"RPL19P6",FALSE
"RPL19P7",FALSE
"RPL19P8",FALSE
"RPL19P9",TRUE
"RPL21",TRUE
"RPL21P1",FALSE
"RPL21P10",FALSE
"RPL21P100",FALSE
"RPL21P101",FALSE
"RPL21P102",FALSE
"RPL21P103",FALSE
"RPL21P104",FALSE
"RPL21P105",FALSE
"RPL21P106",FALSE
"RPL21P107",FALSE
"RPL21P109",FALSE
"RPL21P11",TRUE
"RPL21P110",FALSE
"RPL21P111",FALSE
"RPL21P112",FALSE
"RPL21P114",FALSE
"RPL21P116",FALSE
"RPL21P117",FALSE
"RPL21P119",TRUE
"RPL21P12",FALSE
"RPL21P120",TRUE
"RPL21P122",FALSE
"RPL21P123",FALSE
"RPL21P124",FALSE
"RPL21P125",TRUE
"RPL21P126",FALSE
"RPL21P127",FALSE
"RPL21P128",FALSE
"RPL21P129",FALSE
"RPL21P13",FALSE
"RPL21P130",FALSE
"RPL21P131",FALSE
"RPL21P133",FALSE
"RPL21P134",FALSE
"RPL21P135",FALSE
"RPL21P137",FALSE
"RPL21P14",FALSE
"RPL21P16",TRUE
"RPL21P17",FALSE
"RPL21P18",FALSE
"RPL21P19",TRUE
"RPL21P2",FALSE
"RPL21P20",FALSE
"RPL21P21",FALSE
"RPL21P23",FALSE
"RPL21P24",FALSE
"RPL21P25",FALSE
"RPL21P26",FALSE
"RPL21P27",FALSE
"RPL21P28",TRUE
"RPL21P29",FALSE
"RPL21P3",FALSE
"RPL21P31",FALSE
"RPL21P32",FALSE
"RPL21P33",FALSE
"RPL21P34",FALSE
"RPL21P35",FALSE
"RPL21P36",FALSE
"RPL21P37",TRUE
"RPL21P39",TRUE
"RPL21P4",FALSE
"RPL21P40",FALSE
"RPL21P42",FALSE
"RPL21P43",FALSE
"RPL21P45",FALSE
"RPL21P46",FALSE
"RPL21P47",FALSE
"RPL21P48",FALSE
"RPL21P49",FALSE
"RPL21P5",FALSE
"RPL21P50",FALSE
"RPL21P51",FALSE
"RPL21P52",FALSE
"RPL21P53",FALSE
"RPL21P54",FALSE
"RPL21P55",FALSE
"RPL21P56",FALSE
"RPL21P57",FALSE
"RPL21P58",FALSE
"RPL21P59",FALSE
"RPL21P6",FALSE
"RPL21P60",FALSE
"RPL21P61",FALSE
"RPL21P62",FALSE
"RPL21P63",FALSE
"RPL21P64",FALSE
"RPL21P65",FALSE
"RPL21P66",FALSE
"RPL21P67",FALSE
"RPL21P68",FALSE
"RPL21P69",FALSE
"RPL21P7",FALSE
"RPL21P71",FALSE
"RPL21P72",TRUE
"RPL21P74",FALSE
"RPL21P75",TRUE
"RPL21P76",FALSE
"RPL21P78",FALSE
"RPL21P8",FALSE
"RPL21P80",TRUE
"RPL21P81",FALSE
"RPL21P82",FALSE
"RPL21P83",FALSE
"RPL21P84",FALSE
"RPL21P85",FALSE
"RPL21P86",FALSE
"RPL21P87",FALSE
"RPL21P88",FALSE
"RPL21P89",FALSE
"RPL21P9",FALSE
"RPL21P90",FALSE
"RPL21P91",FALSE
"RPL21P92",FALSE
"RPL21P93",TRUE
"RPL21P94",FALSE
"RPL21P95",FALSE
"RPL21P96",FALSE
"RPL21P97",TRUE
"RPL21P98",TRUE
"RPL21P99",FALSE
"RPL22",TRUE
"RPL22L1",TRUE
"RPL22P13",FALSE
"RPL22P16",FALSE
"RPL22P18",FALSE
"RPL22P2",FALSE
"RPL22P20",FALSE
"RPL22P23",FALSE
"RPL22P3",FALSE
"RPL22P4",FALSE
"RPL22P5",FALSE
"RPL22P6",FALSE
"RPL22P7",FALSE
"RPL23",TRUE
"RPL23A",TRUE
"RPL23AP1",FALSE
"RPL23AP10",FALSE
"RPL23AP11",FALSE
"RPL23AP12",FALSE
"RPL23AP14",FALSE
"RPL23AP15",FALSE
"RPL23AP16",FALSE
"RPL23AP18",FALSE
"RPL23AP20",FALSE
"RPL23AP21",TRUE
"RPL23AP22",FALSE
"RPL23AP23",FALSE
"RPL23AP24",FALSE
"RPL23AP25",FALSE
"RPL23AP26",FALSE
"RPL23AP27",FALSE
"RPL23AP28",FALSE
"RPL23AP29",FALSE
"RPL23AP3",FALSE
"RPL23AP31",FALSE
"RPL23AP33",FALSE
"RPL23AP34",FALSE
"RPL23AP36",FALSE
"RPL23AP37",FALSE
"RPL23AP39",FALSE
"RPL23AP4",FALSE
"RPL23AP40",FALSE
"RPL23AP41",FALSE
"RPL23AP42",TRUE
"RPL23AP43",FALSE
"RPL23AP45",FALSE
"RPL23AP47",FALSE
"RPL23AP48",FALSE
"RPL23AP49",TRUE
"RPL23AP5",TRUE
"RPL23AP50",FALSE
"RPL23AP51",FALSE
"RPL23AP52",FALSE
"RPL23AP54",FALSE
"RPL23AP55",FALSE
"RPL23AP56",FALSE
"RPL23AP57",FALSE
"RPL23AP6",FALSE
"RPL23AP60",FALSE
"RPL23AP61",FALSE
"RPL23AP62",FALSE
"RPL23AP65",FALSE
"RPL23AP66",FALSE
"RPL23AP67",FALSE
"RPL23AP69",FALSE
"RPL23AP70",FALSE
"RPL23AP71",FALSE
"RPL23AP72",FALSE
"RPL23AP74",FALSE
"RPL23AP75",FALSE
"RPL23AP76",FALSE
"RPL23AP77",FALSE
"RPL23AP78",FALSE
"RPL23AP79",TRUE
"RPL23AP8",FALSE
"RPL23AP80",FALSE
"RPL23AP81",FALSE
"RPL23AP83",FALSE
"RPL23AP84",FALSE
"RPL23AP85",FALSE
"RPL23AP88",FALSE
"RPL23AP89",FALSE
"RPL23AP90",FALSE
"RPL23AP91",FALSE
"RPL23AP92",FALSE
"RPL23AP94",FALSE
"RPL23AP97",FALSE
"RPL23P10",FALSE
"RPL23P11",FALSE
"RPL23P2",FALSE
"RPL23P3",FALSE
"RPL23P4",FALSE
"RPL23P5",FALSE
"RPL23P6",TRUE
"RPL23P7",FALSE
"RPL23P8",TRUE
"RPL24",TRUE
"RPL24P2",TRUE
"RPL24P3",FALSE
"RPL24P4",TRUE
"RPL24P5",FALSE
"RPL24P6",FALSE
"RPL24P7",FALSE
"RPL24P8",TRUE
"RPL24P9",FALSE
"RPL26",TRUE
"RPL26L1",TRUE
"RPL26L1-AS1",TRUE
"RPL26P10",FALSE
"RPL26P11",FALSE
"RPL26P12",FALSE
"RPL26P13",FALSE
"RPL26P16",FALSE
"RPL26P18",FALSE
"RPL26P19",TRUE
"RPL26P2",FALSE
"RPL26P20",FALSE
"RPL26P22",FALSE
"RPL26P23",FALSE
"RPL26P24",FALSE
"RPL26P25",FALSE
"RPL26P26",FALSE
"RPL26P27",FALSE
"RPL26P28",FALSE
"RPL26P29",FALSE
"RPL26P3",FALSE
"RPL26P30",TRUE
"RPL26P31",FALSE
"RPL26P32",TRUE
"RPL26P33",FALSE
"RPL26P34",FALSE
"RPL26P35",FALSE
"RPL26P36",FALSE
"RPL26P37",FALSE
"RPL26P4",TRUE
"RPL26P5",FALSE
"RPL26P6",FALSE
"RPL26P8",TRUE
"RPL26P9",FALSE
"RPL27",TRUE
"RPL27A",TRUE
"RPL27AP2",FALSE
"RPL27AP3",FALSE
"RPL27AP4",FALSE
"RPL27AP5",FALSE
"RPL27AP6",TRUE
"RPL27AP7",FALSE
"RPL27AP8",FALSE
"RPL27P1",FALSE
"RPL27P10",FALSE
"RPL27P11",FALSE
"RPL27P12",FALSE
"RPL27P2",FALSE
"RPL27P3",FALSE
"RPL27P4",FALSE
"RPL27P5",FALSE
"RPL27P6",FALSE
"RPL27P7",FALSE
"RPL27P8",FALSE
"RPL27P9",FALSE
"RPL28",TRUE
"RPL28P2",FALSE
"RPL28P5",FALSE
"RPL29",TRUE
"RPL29P1",FALSE
"RPL29P21",FALSE
"RPL29P29",FALSE
"RPL29P34",FALSE
"RPL29P35",FALSE
"RPL3",TRUE
"RPL30",TRUE
"RPL30P1",FALSE
"RPL30P10",FALSE
"RPL30P12",FALSE
"RPL30P13",FALSE
"RPL30P16",FALSE
"RPL30P3",FALSE
"RPL30P5",FALSE
"RPL30P6",FALSE
"RPL30P9",FALSE
"RPL31",TRUE
"RPL31P1",FALSE
"RPL31P10",FALSE
"RPL31P12",FALSE
"RPL31P13",FALSE
"RPL31P14",FALSE
"RPL31P15",FALSE
"RPL31P16",FALSE
"RPL31P17",FALSE
"RPL31P18",FALSE
"RPL31P19",FALSE
"RPL31P2",FALSE
"RPL31P20",FALSE
"RPL31P21",FALSE
"RPL31P22",FALSE
"RPL31P23",FALSE
"RPL31P24",FALSE
"RPL31P25",FALSE
"RPL31P26",FALSE
"RPL31P27",FALSE
"RPL31P28",FALSE
"RPL31P29",FALSE
"RPL31P30",FALSE
"RPL31P31",FALSE
"RPL31P32",FALSE
"RPL31P33",FALSE
"RPL31P34",TRUE
"RPL31P35",FALSE
"RPL31P36",FALSE
"RPL31P37",FALSE
"RPL31P38",FALSE
"RPL31P39",FALSE
"RPL31P4",FALSE
"RPL31P41",FALSE
"RPL31P42",FALSE
"RPL31P43",FALSE
"RPL31P44",FALSE
"RPL31P46",TRUE
"RPL31P48",FALSE
"RPL31P49",FALSE
"RPL31P5",FALSE
"RPL31P50",FALSE
"RPL31P51",FALSE
"RPL31P52",FALSE
"RPL31P53",FALSE
"RPL31P54",FALSE
"RPL31P55",FALSE
"RPL31P56",FALSE
"RPL31P57",FALSE
"RPL31P58",FALSE
"RPL31P59",FALSE
"RPL31P6",FALSE
"RPL31P60",FALSE
"RPL31P61",FALSE
"RPL31P62",FALSE
"RPL31P63",FALSE
"RPL31P64",FALSE
"RPL31P7",FALSE
"RPL31P8",FALSE
"RPL31P9",FALSE
"RPL32",TRUE
"RPL32P1",FALSE
"RPL32P13",FALSE
"RPL32P14",FALSE
"RPL32P18",TRUE
"RPL32P19",FALSE
"RPL32P20",FALSE
"RPL32P22",FALSE
"RPL32P23",FALSE
"RPL32P24",FALSE
"RPL32P25",FALSE
"RPL32P26",FALSE
"RPL32P27",FALSE
"RPL32P29",FALSE
"RPL32P30",FALSE
"RPL32P32",FALSE
"RPL32P35",FALSE
"RPL32P37",FALSE
"RPL32P4",FALSE
"RPL32P6",FALSE
"RPL32P7",FALSE
"RPL34",TRUE
"RPL34-DT",TRUE
"RPL34P1",FALSE
"RPL34P10",FALSE
"RPL34P11",FALSE
"RPL34P12",FALSE
"RPL34P13",FALSE
"RPL34P16",FALSE
"RPL34P17",FALSE
"RPL34P18",TRUE
"RPL34P20",FALSE
"RPL34P21",FALSE
"RPL34P22",FALSE
"RPL34P23",FALSE
"RPL34P24",FALSE
"RPL34P26",FALSE
"RPL34P27",FALSE
"RPL34P28",FALSE
"RPL34P29",FALSE
"RPL34P3",FALSE
"RPL34P30",FALSE
"RPL34P31",FALSE
"RPL34P32",FALSE
"RPL34P35",FALSE
"RPL34P4",FALSE
"RPL34P5",FALSE
"RPL34P6",FALSE
"RPL34P7",FALSE
"RPL34P8",FALSE
"RPL34P9",FALSE
"RPL35",TRUE
"RPL35A",TRUE
"RPL35AP",FALSE
"RPL35AP10",FALSE
"RPL35AP12",FALSE
"RPL35AP14",FALSE
"RPL35AP15",FALSE
"RPL35AP17",FALSE
"RPL35AP18",FALSE
"RPL35AP22",FALSE
"RPL35AP26",FALSE
"RPL35AP29",FALSE
"RPL35AP3",FALSE
"RPL35AP30",FALSE
"RPL35AP37",FALSE
"RPL35AP4",FALSE
"RPL35AP6",FALSE
"RPL35P1",TRUE
"RPL35P10",FALSE
"RPL35P3",FALSE
"RPL35P5",TRUE
"RPL35P6",FALSE
"RPL35P9",FALSE
"RPL36",TRUE
"RPL36A",TRUE
"RPL36A-HNRNPH2",FALSE
"RPL36AL",TRUE
"RPL36AP1",FALSE
"RPL36AP11",FALSE
"RPL36AP14",FALSE
"RPL36AP17",FALSE
"RPL36AP18",FALSE
"RPL36AP20",FALSE
"RPL36AP21",TRUE
"RPL36AP23",FALSE
"RPL36AP26",FALSE
"RPL36AP27",FALSE
"RPL36AP29",FALSE
"RPL36AP32",FALSE
"RPL36AP34",FALSE
"RPL36AP35",FALSE
"RPL36AP37",TRUE
"RPL36AP38",FALSE
"RPL36AP41",FALSE
"RPL36AP45",FALSE
"RPL36AP46",FALSE
"RPL36AP47",FALSE
"RPL36AP48",FALSE
"RPL36AP49",FALSE
"RPL36AP51",FALSE
"RPL36AP52",FALSE
"RPL36AP54",FALSE
"RPL36P1",FALSE
"RPL36P10",FALSE
"RPL36P11",FALSE
"RPL36P12",FALSE
"RPL36P15",FALSE
"RPL36P17",FALSE
"RPL36P19",FALSE
"RPL36P20",FALSE
"RPL36P6",FALSE
"RPL36P7",FALSE
"RPL36P8",FALSE
"RPL37",TRUE
"RPL37A",TRUE
"RPL37A-DT",FALSE
"RPL37AP2",FALSE
"RPL37AP3",FALSE
"RPL37AP4",FALSE
"RPL37AP6",FALSE
"RPL37AP9",FALSE
"RPL37P1",FALSE
"RPL37P10",FALSE
"RPL37P11",FALSE
"RPL37P12",FALSE
"RPL37P13",FALSE
"RPL37P14",FALSE
"RPL37P15",FALSE
"RPL37P17",FALSE
"RPL37P18",FALSE
"RPL37P19",FALSE
"RPL37P20",FALSE
"RPL37P21",FALSE
"RPL37P24",FALSE
"RPL37P25",FALSE
"RPL37P5",FALSE
"RPL37P7",FALSE
"RPL37P9",FALSE
"RPL38",TRUE
"RPL39",TRUE
"RPL39L",TRUE
"RPL39P16",FALSE
"RPL39P28",FALSE
"RPL3L",TRUE
"RPL3P1",FALSE
"RPL3P11",FALSE
"RPL3P13",FALSE
"RPL3P2",TRUE
"RPL3P4",TRUE
"RPL3P6",FALSE
"RPL3P7",FALSE
"RPL3P8",FALSE
"RPL3P9",FALSE
"RPL4",TRUE
"RPL41",TRUE
"RPL41P2",TRUE
"RPL4P1",FALSE
"RPL4P2",FALSE
"RPL4P3",FALSE
"RPL4P4",TRUE
"RPL4P5",TRUE
"RPL4P6",TRUE
"RPL5",TRUE
"RPL5P1",FALSE
"RPL5P10",FALSE
"RPL5P11",FALSE
"RPL5P12",FALSE
"RPL5P13",FALSE
"RPL5P14",FALSE
"RPL5P16",FALSE
"RPL5P17",FALSE
"RPL5P18",FALSE
"RPL5P19",FALSE
"RPL5P2",FALSE
"RPL5P20",FALSE
"RPL5P21",FALSE
"RPL5P22",FALSE
"RPL5P23",TRUE
"RPL5P24",FALSE
"RPL5P25",FALSE
"RPL5P26",FALSE
"RPL5P28",FALSE
"RPL5P29",FALSE
"RPL5P3",FALSE
"RPL5P30",TRUE
"RPL5P31",FALSE
"RPL5P32",FALSE
"RPL5P33",FALSE
"RPL5P34",TRUE
"RPL5P4",TRUE
"RPL5P5",FALSE
"RPL5P6",FALSE
"RPL5P7",FALSE
"RPL5P8",FALSE
"RPL5P9",FALSE
"RPL6",TRUE
"RPL6P1",FALSE
"RPL6P10",TRUE
"RPL6P11",FALSE
"RPL6P12",FALSE
"RPL6P13",FALSE
"RPL6P14",FALSE
"RPL6P15",FALSE
"RPL6P16",FALSE
"RPL6P17",FALSE
"RPL6P18",FALSE
"RPL6P19",TRUE
"RPL6P2",FALSE
"RPL6P20",FALSE
"RPL6P21",FALSE
"RPL6P22",FALSE
"RPL6P23",FALSE
"RPL6P24",FALSE
"RPL6P25",FALSE
"RPL6P26",FALSE
"RPL6P27",TRUE
"RPL6P29",FALSE
"RPL6P3",FALSE
"RPL6P30",FALSE
"RPL6P31",FALSE
"RPL6P32",FALSE
"RPL6P4",FALSE
"RPL6P5",FALSE
"RPL6P6",FALSE
"RPL6P7",FALSE
"RPL7",TRUE
"RPL7A",TRUE
"RPL7AP10",TRUE
"RPL7AP11",TRUE
"RPL7AP12",FALSE
"RPL7AP14",FALSE
"RPL7AP15",FALSE
"RPL7AP16",TRUE
"RPL7AP17",FALSE
"RPL7AP19",FALSE
"RPL7AP20",FALSE
"RPL7AP21",FALSE
"RPL7AP22",FALSE
"RPL7AP24",FALSE
"RPL7AP25",FALSE
"RPL7AP26",FALSE
"RPL7AP27",FALSE
"RPL7AP28",TRUE
"RPL7AP29",FALSE
"RPL7AP3",FALSE
"RPL7AP30",TRUE
"RPL7AP31",TRUE
"RPL7AP32",FALSE
"RPL7AP33",FALSE
"RPL7AP34",FALSE
"RPL7AP35",FALSE
"RPL7AP36",FALSE
"RPL7AP37",FALSE
"RPL7AP38",FALSE
"RPL7AP39",TRUE
"RPL7AP4",FALSE
"RPL7AP40",FALSE
"RPL7AP41",FALSE
"RPL7AP42",FALSE
"RPL7AP43",TRUE
"RPL7AP44",FALSE
"RPL7AP45",TRUE
"RPL7AP46",FALSE
"RPL7AP47",FALSE
"RPL7AP48",FALSE
"RPL7AP49",FALSE
"RPL7AP5",FALSE
"RPL7AP50",TRUE
"RPL7AP51",FALSE
"RPL7AP52",FALSE
"RPL7AP53",FALSE
"RPL7AP54",FALSE
"RPL7AP55",FALSE
"RPL7AP56",FALSE
"RPL7AP57",FALSE
"RPL7AP58",FALSE
"RPL7AP6",TRUE
"RPL7AP60",FALSE
"RPL7AP61",FALSE
"RPL7AP62",TRUE
"RPL7AP63",FALSE
"RPL7AP64",FALSE
"RPL7AP65",FALSE
"RPL7AP66",TRUE
"RPL7AP67",FALSE
"RPL7AP69",FALSE
"RPL7AP7",FALSE
"RPL7AP70",TRUE
"RPL7AP71",FALSE
"RPL7AP72",FALSE
"RPL7AP73",FALSE
"RPL7AP74",FALSE
"RPL7AP75",TRUE
"RPL7AP76",FALSE
"RPL7AP77",FALSE
"RPL7AP78",FALSE
"RPL7AP79",FALSE
"RPL7AP8",FALSE
"RPL7AP80",FALSE
"RPL7AP81",FALSE
"RPL7AP82",FALSE
"RPL7AP83",FALSE
"RPL7AP9",FALSE
"RPL7L1",TRUE
"RPL7L1P1",FALSE
"RPL7L1P10",FALSE
"RPL7L1P12",FALSE
"RPL7L1P16",FALSE
"RPL7L1P2",FALSE
"RPL7L1P21",FALSE
"RPL7L1P22",FALSE
"RPL7L1P8",FALSE
"RPL7L1P9",FALSE
"RPL7P1",TRUE
"RPL7P10",FALSE
"RPL7P11",FALSE
"RPL7P12",FALSE
"RPL7P13",FALSE
"RPL7P16",FALSE
"RPL7P17",FALSE
"RPL7P18",FALSE
"RPL7P19",TRUE
"RPL7P20",FALSE
"RPL7P22",FALSE
"RPL7P23",TRUE
"RPL7P24",FALSE
"RPL7P25",FALSE
"RPL7P27",FALSE
"RPL7P28",FALSE
"RPL7P29",FALSE
"RPL7P3",FALSE
"RPL7P30",FALSE
"RPL7P32",TRUE
"RPL7P33",FALSE
"RPL7P35",FALSE
"RPL7P36",FALSE
"RPL7P37",FALSE
"RPL7P38",FALSE
"RPL7P39",FALSE
"RPL7P4",FALSE
"RPL7P40",FALSE
"RPL7P43",FALSE
"RPL7P44",FALSE
"RPL7P45",FALSE
"RPL7P47",FALSE
"RPL7P48",FALSE
"RPL7P49",FALSE
"RPL7P5",FALSE
"RPL7P50",FALSE
"RPL7P51",FALSE
"RPL7P52",FALSE
"RPL7P53",FALSE
"RPL7P54",FALSE
"RPL7P55",FALSE
"RPL7P56",FALSE
"RPL7P57",FALSE
"RPL7P6",FALSE
"RPL7P60",FALSE
"RPL7P61",FALSE
"RPL7P7",FALSE
"RPL7P9",TRUE
"RPL8",TRUE
"RPL8P2",FALSE
"RPL8P3",FALSE
"RPL8P4",FALSE
"RPL8P5",TRUE
"RPL9",TRUE
"RPL9P10",FALSE
"RPL9P11",TRUE
"RPL9P12",FALSE
"RPL9P13",FALSE
"RPL9P14",FALSE
"RPL9P15",FALSE
"RPL9P16",FALSE
"RPL9P17",FALSE
"RPL9P18",FALSE
"RPL9P19",FALSE
"RPL9P2",FALSE
"RPL9P20",FALSE
"RPL9P22",FALSE
"RPL9P24",FALSE
"RPL9P25",FALSE
"RPL9P26",FALSE
"RPL9P27",FALSE
"RPL9P28",FALSE
"RPL9P3",FALSE
"RPL9P30",FALSE
"RPL9P32",FALSE
"RPL9P33",FALSE
"RPL9P6",FALSE
"RPL9P7",TRUE
"RPLP0",TRUE
"RPLP0P10",FALSE
"RPLP0P11",FALSE
"RPLP0P12",FALSE
"RPLP0P3",FALSE
"RPLP0P4",FALSE
"RPLP0P5",FALSE
"RPLP0P6",TRUE
"RPLP0P7",FALSE
"RPLP0P8",FALSE
"RPLP1",TRUE
"RPLP1P10",FALSE
"RPLP1P13",FALSE
"RPLP1P3",FALSE
"RPLP1P9",FALSE
"RPLP2",TRUE
"RPLP2P1",FALSE
"RPLP2P4",FALSE
"RPN1",TRUE
"RPN2",TRUE
"RPP14",TRUE
"RPP25",TRUE
"RPP25L",TRUE
"RPP30",TRUE
"RPP38",TRUE
"RPP38-DT",TRUE
"RPP40",TRUE
"RPP40P1",FALSE
"RPPH1",FALSE
"RPPH1-2P",FALSE
"RPPH1-3P",FALSE
"RPRD1A",TRUE
"RPRD1B",TRUE
"RPRD2",TRUE
"RPRM",FALSE
"RPRML",FALSE
"RPS10",TRUE
"RPS10-NUDT3",FALSE
"RPS10P1",FALSE
"RPS10P10",FALSE
"RPS10P11",FALSE
"RPS10P12",FALSE
"RPS10P13",TRUE
"RPS10P14",FALSE
"RPS10P15",TRUE
"RPS10P2",FALSE
"RPS10P20",FALSE
"RPS10P21",FALSE
"RPS10P22",FALSE
"RPS10P23",FALSE
"RPS10P24",FALSE
"RPS10P26",TRUE
"RPS10P27",FALSE
"RPS10P3",TRUE
"RPS10P30",FALSE
"RPS10P31",FALSE
"RPS10P4",FALSE
"RPS10P5",FALSE
"RPS10P6",FALSE
"RPS10P8",FALSE
"RPS10P9",FALSE
"RPS11",TRUE
"RPS11P1",FALSE
"RPS11P2",FALSE
"RPS11P4",FALSE
"RPS11P5",TRUE
"RPS11P7",FALSE
"RPS12",TRUE
"RPS12P10",FALSE
"RPS12P12",FALSE
"RPS12P13",FALSE
"RPS12P15",FALSE
"RPS12P17",FALSE
"RPS12P18",FALSE
"RPS12P2",FALSE
"RPS12P20",FALSE
"RPS12P24",FALSE
"RPS12P25",FALSE
"RPS12P28",FALSE
"RPS12P29",FALSE
"RPS12P31",FALSE
"RPS12P5",FALSE
"RPS12P6",FALSE
"RPS12P7",FALSE
"RPS12P9",FALSE
"RPS13",TRUE
"RPS13P1",FALSE
"RPS13P2",TRUE
"RPS13P3",FALSE
"RPS13P4",FALSE
"RPS13P6",FALSE
"RPS13P7",FALSE
"RPS13P8",FALSE
"RPS14",TRUE
"RPS14P1",TRUE
"RPS14P10",FALSE
"RPS14P6",FALSE
"RPS14P7",FALSE
"RPS15",TRUE
"RPS15A",TRUE
"RPS15AP1",TRUE
"RPS15AP11",FALSE
"RPS15AP12",FALSE
"RPS15AP13",FALSE
"RPS15AP14",FALSE
"RPS15AP15",FALSE
"RPS15AP16",FALSE
"RPS15AP17",FALSE
"RPS15AP18",FALSE
"RPS15AP19",TRUE
"RPS15AP20",FALSE
"RPS15AP21",FALSE
"RPS15AP22",FALSE
"RPS15AP23",FALSE
"RPS15AP24",FALSE
"RPS15AP25",FALSE
"RPS15AP26",FALSE
"RPS15AP27",FALSE
"RPS15AP28",FALSE
"RPS15AP29",FALSE
"RPS15AP3",FALSE
"RPS15AP30",FALSE
"RPS15AP31",FALSE
"RPS15AP32",FALSE
"RPS15AP34",FALSE
"RPS15AP35",FALSE
"RPS15AP36",FALSE
"RPS15AP37",FALSE
"RPS15AP39",FALSE
"RPS15AP4",FALSE
"RPS15AP40",FALSE
"RPS15AP5",FALSE
"RPS15AP6",FALSE
"RPS15AP7",FALSE
"RPS15AP8",FALSE
"RPS15P1",FALSE
"RPS15P2",FALSE
"RPS15P4",TRUE
"RPS15P5",FALSE
"RPS15P6",FALSE
"RPS15P7",FALSE
"RPS15P8",FALSE
"RPS15P9",FALSE
"RPS16",TRUE
"RPS16P1",FALSE
"RPS16P2",FALSE
"RPS16P3",FALSE
"RPS16P4",FALSE
"RPS16P6",FALSE
"RPS16P7",FALSE
"RPS16P8",FALSE
"RPS17",TRUE
"RPS17P1",FALSE
"RPS17P10",FALSE
"RPS17P11",FALSE
"RPS17P12",FALSE
"RPS17P13",FALSE
"RPS17P15",FALSE
"RPS17P16",TRUE
"RPS17P17",FALSE
"RPS17P2",FALSE
"RPS17P3",FALSE
"RPS17P5",FALSE
"RPS17P6",FALSE
"RPS17P7",FALSE
"RPS18",TRUE
"RPS18P1",FALSE
"RPS18P10",FALSE
"RPS18P11",FALSE
"RPS18P12",TRUE
"RPS18P13",FALSE
"RPS18P14",FALSE
"RPS18P2",FALSE
"RPS18P3",FALSE
"RPS18P4",FALSE
"RPS18P5",TRUE
"RPS18P6",FALSE
"RPS18P7",FALSE
"RPS18P8",FALSE
"RPS19",TRUE
"RPS19BP1",TRUE
"RPS19P1",FALSE
"RPS19P2",FALSE
"RPS19P5",FALSE
"RPS19P6",FALSE
"RPS19P7",FALSE
"RPS2",TRUE
"RPS20",TRUE
"RPS20P15",FALSE
"RPS20P17",FALSE
"RPS20P20",FALSE
"RPS20P23",FALSE
"RPS20P25",FALSE
"RPS20P28",FALSE
"RPS20P29",FALSE
"RPS20P30",FALSE
"RPS20P31",FALSE
"RPS20P33",TRUE
"RPS20P6",FALSE
"RPS20P9",FALSE
"RPS21",TRUE
"RPS21-DT",TRUE
"RPS21P1",FALSE
"RPS21P5",FALSE
"RPS21P6",FALSE
"RPS21P7",FALSE
"RPS23",TRUE
"RPS23P1",FALSE
"RPS23P10",FALSE
"RPS23P2",FALSE
"RPS23P3",FALSE
"RPS23P5",FALSE
"RPS23P8",TRUE
"RPS23P9",FALSE
"RPS24",TRUE
"RPS24P10",FALSE
"RPS24P12",FALSE
"RPS24P17",FALSE
"RPS24P4",FALSE
"RPS24P5",FALSE
"RPS24P6",FALSE
"RPS25",TRUE
"RPS25P10",FALSE
"RPS25P3",FALSE
"RPS25P7",FALSE
"RPS26",TRUE
"RPS26P12",FALSE
"RPS26P19",FALSE
"RPS26P21",FALSE
"RPS26P22",FALSE
"RPS26P23",FALSE
"RPS26P24",FALSE
"RPS26P27",FALSE
"RPS26P30",FALSE
"RPS26P31",FALSE
"RPS26P4",FALSE
"RPS26P45",FALSE
"RPS26P46",FALSE
"RPS26P48",FALSE
"RPS26P49",FALSE
"RPS26P57",FALSE
"RPS26P59",FALSE
"RPS26P9",FALSE
"RPS27",TRUE
"RPS27A",TRUE
"RPS27AP1",FALSE
"RPS27AP11",FALSE
"RPS27AP12",FALSE
"RPS27AP14",FALSE
"RPS27AP15",FALSE
"RPS27AP16",TRUE
"RPS27AP18",FALSE
"RPS27AP19",FALSE
"RPS27AP2",FALSE
"RPS27AP20",FALSE
"RPS27AP3",FALSE
"RPS27AP4",FALSE
"RPS27AP5",TRUE
"RPS27AP6",FALSE
"RPS27AP8",FALSE
"RPS27AP9",FALSE
"RPS27L",TRUE
"RPS27P1",FALSE
"RPS27P16",FALSE
"RPS27P18",FALSE
"RPS27P22",FALSE
"RPS27P26",FALSE
"RPS27P27",FALSE
"RPS27P28",FALSE
"RPS27P30",FALSE
"RPS27P5",FALSE
"RPS28",TRUE
"RPS28P2",FALSE
"RPS28P5",FALSE
"RPS28P8",FALSE
"RPS29",TRUE
"RPS29P10",FALSE
"RPS29P14",FALSE
"RPS29P19",FALSE
"RPS29P20",FALSE
"RPS29P22",FALSE
"RPS29P23",FALSE
"RPS29P24",FALSE
"RPS29P25",FALSE
"RPS29P26",FALSE
"RPS29P27",FALSE
"RPS29P28",FALSE
"RPS29P31",FALSE
"RPS29P32",FALSE
"RPS29P33",FALSE
"RPS29P4",FALSE
"RPS29P6",FALSE
"RPS2P1",FALSE
"RPS2P10",FALSE
"RPS2P11",FALSE
"RPS2P13",FALSE
"RPS2P14",TRUE
"RPS2P15",FALSE
"RPS2P16",FALSE
"RPS2P17",FALSE
"RPS2P18",FALSE
"RPS2P19",FALSE
"RPS2P20",FALSE
"RPS2P21",FALSE
"RPS2P23",FALSE
"RPS2P24",FALSE
"RPS2P28",FALSE
"RPS2P29",TRUE
"RPS2P3",FALSE
"RPS2P30",FALSE
"RPS2P31",FALSE
"RPS2P32",TRUE
"RPS2P33",FALSE
"RPS2P34",FALSE
"RPS2P35",FALSE
"RPS2P36",TRUE
"RPS2P37",FALSE
"RPS2P38",FALSE
"RPS2P39",FALSE
"RPS2P4",FALSE
"RPS2P40",FALSE
"RPS2P42",FALSE
"RPS2P45",FALSE
"RPS2P46",TRUE
"RPS2P47",FALSE
"RPS2P48",FALSE
"RPS2P49",FALSE
"RPS2P5",TRUE
"RPS2P50",TRUE
"RPS2P51",FALSE
"RPS2P52",FALSE
"RPS2P53",TRUE
"RPS2P54",FALSE
"RPS2P55",TRUE
"RPS2P6",FALSE
"RPS2P7",TRUE
"RPS2P8",FALSE
"RPS3",TRUE
"RPS3A",TRUE
"RPS3AP1",FALSE
"RPS3AP10",FALSE
"RPS3AP11",FALSE
"RPS3AP12",FALSE
"RPS3AP14",FALSE
"RPS3AP15",FALSE
"RPS3AP16",FALSE
"RPS3AP18",FALSE
"RPS3AP19",FALSE
"RPS3AP20",TRUE
"RPS3AP21",TRUE
"RPS3AP22",FALSE
"RPS3AP23",FALSE
"RPS3AP24",FALSE
"RPS3AP25",TRUE
"RPS3AP26",TRUE
"RPS3AP28",FALSE
"RPS3AP29",FALSE
"RPS3AP3",FALSE
"RPS3AP30",FALSE
"RPS3AP31",FALSE
"RPS3AP32",FALSE
"RPS3AP34",FALSE
"RPS3AP35",FALSE
"RPS3AP36",FALSE
"RPS3AP37",FALSE
"RPS3AP38",TRUE
"RPS3AP39",FALSE
"RPS3AP4",FALSE
"RPS3AP40",FALSE
"RPS3AP41",FALSE
"RPS3AP42",FALSE
"RPS3AP43",FALSE
"RPS3AP44",FALSE
"RPS3AP46",FALSE
"RPS3AP47",TRUE
"RPS3AP48",FALSE
"RPS3AP49",FALSE
"RPS3AP5",TRUE
"RPS3AP52",FALSE
"RPS3AP53",FALSE
"RPS3AP54",FALSE
"RPS3AP55",FALSE
"RPS3AP6",TRUE
"RPS3AP7",FALSE
"RPS3AP8",FALSE
"RPS3AP9",FALSE
"RPS3P1",FALSE
"RPS3P2",FALSE
"RPS3P3",TRUE
"RPS3P4",TRUE
"RPS3P5",TRUE
"RPS3P6",FALSE
"RPS3P7",FALSE
"RPS4X",TRUE
"RPS4XP1",FALSE
"RPS4XP10",FALSE
"RPS4XP11",FALSE
"RPS4XP12",FALSE
"RPS4XP13",FALSE
"RPS4XP14",FALSE
"RPS4XP15",FALSE
"RPS4XP16",TRUE
"RPS4XP17",FALSE
"RPS4XP18",FALSE
"RPS4XP19",FALSE
"RPS4XP2",FALSE
"RPS4XP20",FALSE
"RPS4XP21",FALSE
"RPS4XP22",FALSE
"RPS4XP3",FALSE
"RPS4XP4",FALSE
"RPS4XP5",FALSE
"RPS4XP6",FALSE
"RPS4XP7",FALSE
"RPS4XP8",FALSE
"RPS4Y1",TRUE
"RPS4Y1P1",FALSE
"RPS4Y2",FALSE
"RPS5",TRUE
"RPS5P2",FALSE
"RPS5P3",FALSE
"RPS5P4",FALSE
"RPS5P5",FALSE
"RPS5P6",FALSE
"RPS5P7",FALSE
"RPS5P8",FALSE
"RPS6",TRUE
"RPS6KA1",TRUE
"RPS6KA2",TRUE
"RPS6KA2-IT1",TRUE
"RPS6KA3",TRUE
"RPS6KA4",TRUE
"RPS6KA5",TRUE
"RPS6KA6",TRUE
"RPS6KB1",TRUE
"RPS6KB2",TRUE
"RPS6KC1",TRUE
"RPS6KL1",TRUE
"RPS6P1",TRUE
"RPS6P10",FALSE
"RPS6P11",FALSE
"RPS6P12",FALSE
"RPS6P14",FALSE
"RPS6P15",FALSE
"RPS6P16",FALSE
"RPS6P17",FALSE
"RPS6P19",FALSE
"RPS6P21",FALSE
"RPS6P22",FALSE
"RPS6P23",FALSE
"RPS6P24",FALSE
"RPS6P25",FALSE
"RPS6P26",FALSE
"RPS6P3",FALSE
"RPS6P5",FALSE
"RPS6P8",FALSE
"RPS6P9",FALSE
"RPS7",TRUE
"RPS7P1",TRUE
"RPS7P10",TRUE
"RPS7P11",TRUE
"RPS7P12",FALSE
"RPS7P14",FALSE
"RPS7P3",TRUE
"RPS7P4",FALSE
"RPS7P6",FALSE
"RPS7P7",FALSE
"RPS7P8",FALSE
"RPS7P9",FALSE
"RPS8",TRUE
"RPS8P1",TRUE
"RPS8P10",FALSE
"RPS8P3",FALSE
"RPS8P4",FALSE
"RPS8P5",FALSE
"RPS8P6",FALSE
"RPS8P7",FALSE
"RPS8P8",TRUE
"RPS8P9",FALSE
"RPS9",TRUE
"RPS9P2",TRUE
"RPS9P3",FALSE
"RPS9P4",TRUE
"RPSA",TRUE
"RPSAP1",FALSE
"RPSAP10",FALSE
"RPSAP11",FALSE
"RPSAP12",TRUE
"RPSAP13",FALSE
"RPSAP14",FALSE
"RPSAP15",TRUE
"RPSAP16",FALSE
"RPSAP17",FALSE
"RPSAP18",TRUE
"RPSAP19",TRUE
"RPSAP2",FALSE
"RPSAP20",FALSE
"RPSAP21",FALSE
"RPSAP22",FALSE
"RPSAP23",FALSE
"RPSAP24",FALSE
"RPSAP25",FALSE
"RPSAP27",FALSE
"RPSAP28",FALSE
"RPSAP29",FALSE
"RPSAP3",FALSE
"RPSAP31",FALSE
"RPSAP32",FALSE
"RPSAP33",FALSE
"RPSAP34",FALSE
"RPSAP35",FALSE
"RPSAP36",TRUE
"RPSAP38",FALSE
"RPSAP39",FALSE
"RPSAP4",FALSE
"RPSAP40",FALSE
"RPSAP42",FALSE
"RPSAP43",FALSE
"RPSAP44",FALSE
"RPSAP45",FALSE
"RPSAP46",FALSE
"RPSAP47",TRUE
"RPSAP48",FALSE
"RPSAP49",FALSE
"RPSAP5",FALSE
"RPSAP51",FALSE
"RPSAP53",FALSE
"RPSAP54",TRUE
"RPSAP55",FALSE
"RPSAP57",FALSE
"RPSAP59",FALSE
"RPSAP6",FALSE
"RPSAP60",FALSE
"RPSAP61",FALSE
"RPSAP62",FALSE
"RPSAP63",FALSE
"RPSAP64",FALSE
"RPSAP65",FALSE
"RPSAP7",FALSE
"RPSAP70",TRUE
"RPSAP71",FALSE
"RPSAP72",FALSE
"RPSAP73",FALSE
"RPSAP74",FALSE
"RPSAP8",TRUE
"RPTN",FALSE
"RPTOR",TRUE
"RPUSD1",TRUE
"RPUSD2",TRUE
"RPUSD3",TRUE
"RPUSD4",TRUE
"RRAD",TRUE
"RRAGA",TRUE
"RRAGAP1",FALSE
"RRAGB",TRUE
"RRAGC",TRUE
"RRAGC-DT",TRUE
"RRAGD",TRUE
"RRAS",TRUE
"RRAS2",TRUE
"RRBP1",TRUE
"RRBP1P1",FALSE
"RREB1",TRUE
"RRH",FALSE
"RRM1",TRUE
"RRM2",TRUE
"RRM2B",TRUE
"RRM2P2",FALSE
"RRM2P4",FALSE
"RRN3",TRUE
"RRN3P4",FALSE
"RRP1",TRUE
"RRP12",TRUE
"RRP15",TRUE
"RRP1B",TRUE
"RRP36",TRUE
"RRP7A",TRUE
"RRP8",TRUE
"RRP9",TRUE
"RRS1",TRUE
"RRS1-DT",TRUE
"RS1",FALSE
"RSAD1",TRUE
"RSAD2",TRUE
"RSBN1",TRUE
"RSBN1L",TRUE
"RSC1A1",FALSE
"RSF1",TRUE
"RSKR",TRUE
"RSL1D1",TRUE
"RSL24D1",TRUE
"RSL24D1P3",FALSE
"RSPH1",TRUE
"RSPH1-DT",FALSE
"RSPH14",TRUE
"RSPH3",TRUE
"RSPH4A",TRUE
"RSPH6A",FALSE
"RSPH9",TRUE
"RSPO1",FALSE
"RSPO2",FALSE
"RSPO3",TRUE
"RSPO4",FALSE
"RSPRY1",TRUE
"RSRC1",TRUE
"RSRC2",TRUE
"RSRP1",TRUE
"RSU1",TRUE
"RSU1P3",FALSE
"RTBDN",FALSE
"RTBDN-AS1",FALSE
"RTCA",TRUE
"RTCB",TRUE
"RTEL1",TRUE
"RTEL1-TNFRSF6B",TRUE
"RTEL1P1",FALSE
"RTF1",TRUE
"RTF2",TRUE
"RTKN",TRUE
"RTKN2",TRUE
"RTL1",FALSE
"RTL10",TRUE
"RTL3",FALSE
"RTL4",FALSE
"RTL5",TRUE
"RTL6",TRUE
"RTL8A",TRUE
"RTL8B",TRUE
"RTL8C",TRUE
"RTL9",FALSE
"RTN1",TRUE
"RTN2",TRUE
"RTN3",TRUE
"RTN4",TRUE
"RTN4IP1",TRUE
"RTN4IP1P1",FALSE
"RTN4R",TRUE
"RTN4RL1",TRUE
"RTN4RL1-AS1",FALSE
"RTN4RL2",TRUE
"RTP1",FALSE
"RTP2",FALSE
"RTP3",FALSE
"RTP4",TRUE
"RTP5",FALSE
"RTRAF",TRUE
"RTTN",TRUE
"RUBCN",TRUE
"RUBCNL",TRUE
"RUFY1",TRUE
"RUFY1-AS1",TRUE
"RUFY2",TRUE
"RUFY3",TRUE
"RUFY4",FALSE
"RUNDC1",TRUE
"RUNDC3A",TRUE
"RUNDC3B",TRUE
"RUNX1T1",TRUE
"RUNX2",TRUE
"RUNX3",TRUE
"RUSC1",TRUE
"RUSC1-AS1",TRUE
"RUSC2",TRUE
"RUSF1",TRUE
"RUSF1-DT",FALSE
"RUVBL1",TRUE
"RUVBL1-AS1",FALSE
"RUVBL2",TRUE
"RUVBL2P1",FALSE
"RWDD1",TRUE
"RWDD2A",TRUE
"RWDD2B",TRUE
"RWDD3",TRUE
"RWDD3-DT",TRUE
"RWDD4",TRUE
"RXFP1",FALSE
"RXFP2",FALSE
"RXFP3",FALSE
"RXFP4",FALSE
"RXRA",TRUE
"RXRB",TRUE
"RXRG",FALSE
"RXYLT1",TRUE
"RXYLT1-AS1",FALSE
"RYBP",TRUE
"RYK",TRUE
"RYR1",TRUE
"RYR2",TRUE
"RYR3",TRUE
"RYR3-DT",FALSE
"S100A1",TRUE
"S100A10",TRUE
"S100A11",TRUE
"S100A11P5",FALSE
"S100A11P9",FALSE
"S100A12",FALSE
"S100A13",TRUE
"S100A14",TRUE
"S100A15A",FALSE
"S100A16",TRUE
"S100A2",TRUE
"S100A3",TRUE
"S100A4",TRUE
"S100A5",FALSE
"S100A6",TRUE
"S100A7",FALSE
"S100A7A",FALSE
"S100A7P1",FALSE
"S100A8",TRUE
"S100A9",TRUE
"S100B",TRUE
"S100G",FALSE
"S100P",FALSE
"S100PBP",TRUE
"S100Z",FALSE
"S1PR1",TRUE
"S1PR2",TRUE
"S1PR3",TRUE
"S1PR4",FALSE
"S1PR5",TRUE
"SAA1",TRUE
"SAA2",TRUE
"SAA2-SAA4",FALSE
"SAA4",FALSE
"SAAL1",TRUE
"SAC3D1",TRUE
"SACK1A",FALSE
"SACK1A-AS1",FALSE
"SACK1B",TRUE
"SACK1C",FALSE
"SACK1D",TRUE
"SACK1E",TRUE
"SACK1F",TRUE
"SACK1G",TRUE
"SACK1H",TRUE
"SACM1L",TRUE
"SACS",TRUE
"SACS-AS1",FALSE
"SAE1",TRUE
"SAFB",TRUE
"SAFB2",TRUE
"SAG",FALSE
"SAGE1",FALSE
"SALL1",TRUE
"SALL2",TRUE
"SALL3",FALSE
"SALL4",TRUE
"SALL4P1",FALSE
"SALL4P3",FALSE
"SALL4P4",FALSE
"SALL4P5",FALSE
"SALRNA2",FALSE
"SALRNA3",FALSE
"SAMD1",TRUE
"SAMD10",TRUE
"SAMD11",TRUE
"SAMD11P1",FALSE
"SAMD12",TRUE
"SAMD13",TRUE
"SAMD14",TRUE
"SAMD15",TRUE
"SAMD3",FALSE
"SAMD4A",TRUE
"SAMD4B",TRUE
"SAMD5",TRUE
"SAMD7",FALSE
"SAMD8",TRUE
"SAMD9",TRUE
"SAMD9L",TRUE
"SAMHD1",TRUE
"SAMM50",TRUE
"SAMM50P1",FALSE
"SAMMSON",FALSE
"SAMSN1",TRUE
"SAMSN1-AS1",FALSE
"SAMTOR",TRUE
"SANBR",TRUE
"SAP130",TRUE
"SAP18",TRUE
"SAP18P1",FALSE
"SAP18P3",FALSE
"SAP25",FALSE
"SAP30",TRUE
"SAP30-DT",TRUE
"SAP30BP",TRUE
"SAP30BP-AS1",FALSE
"SAP30L",TRUE
"SAP30L-AS1",TRUE
"SAPCD1",FALSE
"SAPCD2",TRUE
"SAPCD2P2",FALSE
"SAPCD2P4",FALSE
"SAR1A",TRUE
"SAR1B",TRUE
"SARAF",TRUE
"SARDH",TRUE
"SARM1",TRUE
"SARNP",TRUE
"SARS1",TRUE
"SARS2",TRUE
"SART1",TRUE
"SART3",TRUE
"SASH1",TRUE
"SASH3",TRUE
"SASS6",TRUE
"SAT1",TRUE
"SAT1-DT",FALSE
"SAT2",TRUE
"SATB1",TRUE
"SATB2",TRUE
"SATB2-AS1",FALSE
"SATL1",FALSE
"SAV1",TRUE
"SAXO1",FALSE
"SAXO2",TRUE
"SAXO3",FALSE
"SAXO4",TRUE
"SAXO5",TRUE
"SAXO6",TRUE
"SAYSD1",TRUE
"SBDS",TRUE
"SBF1",TRUE
"SBF1P1",FALSE
"SBF1P2",FALSE
"SBF2",TRUE
"SBF2-AS1",TRUE
"SBK1",TRUE
"SBK2",FALSE
"SBK3",FALSE
"SBNO1",TRUE
"SBNO1-AS1",TRUE
"SBNO2",TRUE
"SBSN",FALSE
"SBSPON",TRUE
"SC5D",TRUE
"SCAANT1",FALSE
"SCAF1",TRUE
"SCAF11",TRUE
"SCAF4",TRUE
"SCAF8",TRUE
"SCAI",TRUE
"SCAMP1",TRUE
"SCAMP1-AS1",TRUE
"SCAMP2",TRUE
"SCAMP3",TRUE
"SCAMP4",TRUE
"SCAMP5",TRUE
"SCAND1",TRUE
"SCAND3",TRUE
"SCAND3P1",FALSE
"SCAP",TRUE
"SCAPER",TRUE
"SCARA3",TRUE
"SCARA5",TRUE
"SCARB1",TRUE
"SCARB2",TRUE
"SCARF1",TRUE
"SCARF2",TRUE
"SCARNA1",FALSE
"SCARNA10",FALSE
"SCARNA11",FALSE
"SCARNA12",FALSE
"SCARNA13",FALSE
"SCARNA14",FALSE
"SCARNA15",FALSE
"SCARNA16",FALSE
"SCARNA18",FALSE
"SCARNA18B",FALSE
"SCARNA2",FALSE
"SCARNA20",FALSE
"SCARNA21",FALSE
"SCARNA21B",FALSE
"SCARNA22",FALSE
"SCARNA23",FALSE
"SCARNA3",FALSE
"SCARNA4",FALSE
"SCARNA5",FALSE
"SCARNA6",FALSE
"SCARNA7",FALSE
"SCARNA8",FALSE
"SCART1",TRUE
"SCAT1",FALSE
"SCAT2",FALSE
"SCAT8",TRUE
"SCCPDH",TRUE
"SCD",TRUE
"SCD5",TRUE
"SCDAL",TRUE
"SCEL",FALSE
"SCEL-AS1",FALSE
"SCFD1",TRUE
"SCFD2",TRUE
"SCG2",TRUE
"SCG3",TRUE
"SCG5",TRUE
"SCG5-AS1",FALSE
"SCGB1A1",FALSE
"SCGB1C1",FALSE
"SCGB1C2",FALSE
"SCGB1D1",FALSE
"SCGB1D2",FALSE
"SCGB1D4",FALSE
"SCGB1D5P",FALSE
"SCGB2A1",TRUE
"SCGB2A2",FALSE
"SCGB2B2",TRUE
"SCGB3A1",FALSE
"SCGB3A2",FALSE
"SCGN",TRUE
"SCHIP1",TRUE
"SCHLAP1",FALSE
"SCIMP",TRUE
"SCIN",TRUE
"SCIRT",TRUE
"SCLT1",TRUE
"SCLY",TRUE
"SCMH1",TRUE
"SCMH1-DT",FALSE
"SCML1",TRUE
"SCML2",TRUE
"SCML2P1",FALSE
"SCML4",TRUE
"SCN10A",FALSE
"SCN11A",TRUE
"SCN1A",FALSE
"SCN1B",TRUE
"SCN2A",TRUE
"SCN2B",FALSE
"SCN3A",TRUE
"SCN3B",TRUE
"SCN4A",FALSE
"SCN4B",TRUE
"SCN5A",TRUE
"SCN7A",TRUE
"SCN8A",TRUE
"SCN9A",TRUE
"SCNN1A",TRUE
"SCNN1B",TRUE
"SCNN1D",TRUE
"SCNN1G",TRUE
"SCO1",TRUE
"SCOC",TRUE
"SCP2",TRUE
"SCP2D1",FALSE
"SCPEP1",TRUE
"SCPPPQ1",FALSE
"SCRG1",TRUE
"SCRIB",TRUE
"SCRN1",TRUE
"SCRN2",TRUE
"SCRN3",TRUE
"SCRT1",FALSE
"SCRT2",FALSE
"SCT",FALSE
"SCTR",TRUE
"SCTR-AS1",TRUE
"SCUBE1",FALSE
"SCUBE1-AS1",FALSE
"SCUBE1-AS2",FALSE
"SCUBE2",TRUE
"SCUBE3",TRUE
"SCX",TRUE
"SCYL1",TRUE
"SCYL2",TRUE
"SCYL2P1",FALSE
"SCYL3",TRUE
"SDAD1",TRUE
"SDAD1-AS1",FALSE
"SDAD1P3",FALSE
"SDAD1P4",FALSE
"SDC1",TRUE
"SDC2",TRUE
"SDC3",TRUE
"SDC4",TRUE
"SDCBP",TRUE
"SDCBP2",TRUE
"SDCBP2-AS1",TRUE
"SDCBP2P1",FALSE
"SDCBPP1",FALSE
"SDCBPP3",FALSE
"SDCCAG8",TRUE
"SDE2",TRUE
"SDF2",TRUE
"SDF2L1",TRUE
"SDF4",TRUE
"SDHA",TRUE
"SDHAF1",TRUE
"SDHAF2",TRUE
"SDHAF3",TRUE
"SDHAF4",TRUE
"SDHAP2",TRUE
"SDHB",TRUE
"SDHBP1",FALSE
"SDHC",TRUE
"SDHD",TRUE
"SDK1",TRUE
"SDK1-AS1",FALSE
"SDK2",TRUE
"SDK2-AS1",FALSE
"SDR16C5",TRUE
"SDR39U1",TRUE
"SDR42E1",TRUE
"SDR42E1P2",FALSE
"SDR42E1P3",FALSE
"SDR42E1P4",FALSE
"SDR42E1P5",FALSE
"SDR42E2",FALSE
"SDR9C7",FALSE
"SDS",TRUE
"SDSL",TRUE
"SEBOX",FALSE
"SEC11A",TRUE
"SEC11C",TRUE
"SEC13",TRUE
"SEC14L1",TRUE
"SEC14L1P1",TRUE
"SEC14L2",TRUE
"SEC14L3",FALSE
"SEC14L4",TRUE
"SEC14L5",TRUE
"SEC14L6",TRUE
"SEC16A",TRUE
"SEC22A",TRUE
"SEC22B",TRUE
"SEC22C",TRUE
"SEC23A",TRUE
"SEC23A-AS1",FALSE
"SEC23B",TRUE
"SEC23IP",TRUE
"SEC24A",TRUE
"SEC24AP1",FALSE
"SEC24B",TRUE
"SEC24B-AS1",TRUE
"SEC24C",TRUE
"SEC24D",TRUE
"SEC31A",TRUE
"SEC31B",TRUE
"SEC61A1",TRUE
"SEC61A2",TRUE
"SEC61B",TRUE
"SEC61G",TRUE
"SEC61G-DT",FALSE
"SEC62",TRUE
"SEC63",TRUE
"SEC63P1",TRUE
"SEC63P2",FALSE
"SECISBP2",TRUE
"SECISBP2L",TRUE
"SECTM1",TRUE
"SEH1L",TRUE
"SEL1L",TRUE
"SEL1L2",FALSE
"SEL1L3",TRUE
"SELE",TRUE
"SELENBP1",TRUE
"SELENOF",TRUE
"SELENOH",TRUE
"SELENOI",TRUE
"SELENOK",TRUE
"SELENOM",TRUE
"SELENON",TRUE
"SELENOO",TRUE
"SELENOP",TRUE
"SELENOS",TRUE
"SELENOT",TRUE
"SELENOTP2",FALSE
"SELENOV",FALSE
"SELENOW",TRUE
"SELL",TRUE
"SELP",FALSE
"SELPLG",TRUE
"SEM1",TRUE
"SEMA3A",TRUE
"SEMA3B",TRUE
"SEMA3C",TRUE
"SEMA3D",TRUE
"SEMA3E",TRUE
"SEMA3F",TRUE
"SEMA3F-AS1",TRUE
"SEMA3G",TRUE
"SEMA4A",TRUE
"SEMA4B",TRUE
"SEMA4C",TRUE
"SEMA4D",TRUE
"SEMA4F",TRUE
"SEMA4G",TRUE
"SEMA5A",TRUE
"SEMA5A-AS1",FALSE
"SEMA5B",TRUE
"SEMA6A",TRUE
"SEMA6A-AS1",TRUE
"SEMA6A-AS2",FALSE
"SEMA6B",TRUE
"SEMA6C",TRUE
"SEMA6D",TRUE
"SEMA7A",TRUE
"SEMG1",FALSE
"SEMG2",FALSE
"SENCR",FALSE
"SENP1",TRUE
"SENP2",TRUE
"SENP3",TRUE
"SENP5",TRUE
"SENP6",TRUE
"SENP7",TRUE
"SENP8",TRUE
"SEPHS1",TRUE
"SEPHS1P2",FALSE
"SEPHS1P6",FALSE
"SEPHS2",TRUE
"SEPSECS",TRUE
"SEPTIN1",TRUE
"SEPTIN10",TRUE
"SEPTIN11",TRUE
"SEPTIN12",FALSE
"SEPTIN14",FALSE
"SEPTIN2",TRUE
"SEPTIN2P1",FALSE
"SEPTIN3",TRUE
"SEPTIN4",TRUE
"SEPTIN4-AS1",FALSE
"SEPTIN5",TRUE
"SEPTIN6",TRUE
"SEPTIN7",TRUE
"SEPTIN7-DT",TRUE
"SEPTIN7P1",FALSE
"SEPTIN7P10",FALSE
"SEPTIN7P12",FALSE
"SEPTIN7P15",FALSE
"SEPTIN7P3",FALSE
"SEPTIN7P4",FALSE
"SEPTIN7P5",FALSE
"SEPTIN7P6",TRUE
"SEPTIN7P7",FALSE
"SEPTIN7P8",FALSE
"SEPTIN8",TRUE
"SEPTIN9",TRUE
"SEPTIN9-DT",FALSE
"SERAC1",TRUE
"SERBP1",TRUE
"SERBP1P2",FALSE
"SERBP1P4",FALSE
"SERF1A",TRUE
"SERF1AP1",FALSE
"SERF2",TRUE
"SERGEF",TRUE
"SERHL2",TRUE
"SERINC1",TRUE
"SERINC2",TRUE
"SERINC3",TRUE
"SERINC4",FALSE
"SERINC5",TRUE
"SERP1",TRUE
"SERP2",TRUE
"SERPINA1",TRUE
"SERPINA10",TRUE
"SERPINA11",FALSE
"SERPINA12",FALSE
"SERPINA2",FALSE
"SERPINA3",TRUE
"SERPINA4",TRUE
"SERPINA5",TRUE
"SERPINA6",TRUE
"SERPINA7",TRUE
"SERPINA7P1",FALSE
"SERPINA9",FALSE
"SERPINB1",TRUE
"SERPINB10",FALSE
"SERPINB11",FALSE
"SERPINB12",FALSE
"SERPINB13",FALSE
"SERPINB2",TRUE
"SERPINB3",FALSE
"SERPINB4",FALSE
"SERPINB5",FALSE
"SERPINB6",TRUE
"SERPINB7",TRUE
"SERPINB8",TRUE
"SERPINB8P1",FALSE
"SERPINB9",TRUE
"SERPINC1",FALSE
"SERPIND1",TRUE
"SERPINE1",TRUE
"SERPINE2",TRUE
"SERPINE3",TRUE
"SERPINF1",TRUE
"SERPINF2",TRUE
"SERPING1",TRUE
"SERPINH1",TRUE
"SERPINI1",TRUE
"SERPINI2",TRUE
"SERTAD1",TRUE
"SERTAD2",TRUE
"SERTAD3",TRUE
"SERTAD4",TRUE
"SERTM1",FALSE
"SERTM2",FALSE
"SESN1",TRUE
"SESN2",TRUE
"SESN3",TRUE
"SESTD1",TRUE
"SET",TRUE
"SETBP1",TRUE
"SETBP1-DT",TRUE
"SETD1A",TRUE
"SETD1B",TRUE
"SETD2",TRUE
"SETD3",TRUE
"SETD4",TRUE
"SETD5",TRUE
"SETD6",TRUE
"SETD9",TRUE
"SETDB1",TRUE
"SETDB2",TRUE
"SETMAR",TRUE
"SETP11",FALSE
"SETP6",FALSE
"SETSIP",TRUE
"SETX",TRUE
"SEZ6",TRUE
"SEZ6L",TRUE
"SEZ6L2",TRUE
"SF1",TRUE
"SF3A1",TRUE
"SF3A2",TRUE
"SF3A2P1",FALSE
"SF3A3",TRUE
"SF3A3P1",TRUE
"SF3B1",TRUE
"SF3B2",TRUE
"SF3B3",TRUE
"SF3B4",TRUE
"SF3B4P1",FALSE
"SF3B5",TRUE
"SF3B6",TRUE
"SFI1",TRUE
"SFMBT1",TRUE
"SFMBT2",TRUE
"SFN",TRUE
"SFPQ",TRUE
"SFR1",TRUE
"SFRP1",TRUE
"SFRP2",TRUE
"SFRP4",TRUE
"SFRP5",TRUE
"SFSWAP",TRUE
"SFT2D1",TRUE
"SFT2D2",TRUE
"SFT2D3",FALSE
"SFTA1P",FALSE
"SFTA2",TRUE
"SFTA3",FALSE
"SFTPA1",FALSE
"SFTPA2",TRUE
"SFTPB",FALSE
"SFTPC",FALSE
"SFTPD",TRUE
"SFXN1",TRUE
"SFXN2",TRUE
"SFXN3",TRUE
"SFXN4",TRUE
"SFXN4P1",FALSE
"SFXN5",TRUE
"SGCA",TRUE
"SGCB",TRUE
"SGCD",TRUE
"SGCE",TRUE
"SGCG",FALSE
"SGCZ",TRUE
"SGF29",TRUE
"SGIP1",TRUE
"SGK1",TRUE
"SGK2",TRUE
"SGK3",TRUE
"SGMS1",TRUE
"SGMS2",TRUE
"SGO1",TRUE
"SGO1P1",FALSE
"SGO2",TRUE
"SGPL1",TRUE
"SGPP1",TRUE
"SGPP2",TRUE
"SGSH",TRUE
"SGSM1",TRUE
"SGSM2",TRUE
"SGSM3",TRUE
"SGTA",TRUE
"SGTB",TRUE
"SH2B1",TRUE
"SH2B2",TRUE
"SH2B3",TRUE
"SH2D1A",FALSE
"SH2D1B",FALSE
"SH2D2A",TRUE
"SH2D3A",TRUE
"SH2D3C",TRUE
"SH2D4A",TRUE
"SH2D4B",FALSE
"SH2D5",TRUE
"SH2D6",TRUE
"SH2D7",FALSE
"SH3BGR",TRUE
"SH3BGRL",TRUE
"SH3BGRL2",TRUE
"SH3BGRL3",TRUE
"SH3BP1",TRUE
"SH3BP2",TRUE
"SH3BP4",TRUE
"SH3BP5",TRUE
"SH3BP5-AS1",TRUE
"SH3BP5L",TRUE
"SH3D19",TRUE
"SH3D21",TRUE
"SH3GL1",TRUE
"SH3GL2",TRUE
"SH3GL3",TRUE
"SH3GLB1",TRUE
"SH3GLB2",TRUE
"SH3KBP1",TRUE
"SH3PXD2A",TRUE
"SH3PXD2A-AS1",FALSE
"SH3PXD2B",TRUE
"SH3RF1",TRUE
"SH3RF2",TRUE
"SH3RF3",TRUE
"SH3TC1",TRUE
"SH3TC2",TRUE
"SH3TC2-DT",FALSE
"SH3YL1",TRUE
"SHANK1",FALSE
"SHANK2",TRUE
"SHANK2-AS1",TRUE
"SHANK2-AS3",FALSE
"SHANK3",TRUE
"SHARPIN",TRUE
"SHB",TRUE
"SHBG",TRUE
"SHC1",TRUE
"SHC2",TRUE
"SHC3",TRUE
"SHC4",TRUE
"SHCBP1",TRUE
"SHCBP1L",FALSE
"SHD",FALSE
"SHE",TRUE
"SHF",TRUE
"SHFL",TRUE
"SHH",TRUE
"SHISA2",TRUE
"SHISA3",FALSE
"SHISA4",TRUE
"SHISA5",TRUE
"SHISA6",TRUE
"SHISA7",FALSE
"SHISA8",FALSE
"SHISA9",TRUE
"SHISAL1",TRUE
"SHISAL2A",FALSE
"SHISAL2B",TRUE
"SHKBP1",TRUE
"SHLD1",TRUE
"SHLD2",TRUE
"SHLD2P1",TRUE
"SHLD3",TRUE
"SHMT1",TRUE
"SHMT2",TRUE
"SHOC1",TRUE
"SHOC2",TRUE
"SHOX",FALSE
"SHOX2",TRUE
"SHPK",TRUE
"SHPRH",TRUE
"SHQ1",TRUE
"SHROOM1",TRUE
"SHROOM2",TRUE
"SHROOM3",TRUE
"SHROOM4",TRUE
"SHTN1",TRUE
"SI",FALSE
"SIAE",TRUE
"SIAH1",TRUE
"SIAH2",TRUE
"SIAH3",FALSE
"SIDT1",TRUE
"SIDT2",TRUE
"SIGIRR",TRUE
"SIGLEC1",FALSE
"SIGLEC10",TRUE
"SIGLEC11",TRUE
"SIGLEC12",FALSE
"SIGLEC14",FALSE
"SIGLEC15",TRUE
"SIGLEC16",TRUE
"SIGLEC5",FALSE
"SIGLEC6",FALSE
"SIGLEC7",TRUE
"SIGLEC8",FALSE
"SIGLEC9",TRUE
"SIGLECL1",FALSE
"SIGMAR1",TRUE
"SIK1",TRUE
"SIK2",TRUE
"SIK3",TRUE
"SIKE1",TRUE
"SIL1",TRUE
"SIM1",TRUE
"SIM2",TRUE
"SIMC1",TRUE
"SIN3A",TRUE
"SIN3B",TRUE
"SINHCAF",TRUE
"SINHCAFP3",FALSE
"SIPA1",TRUE
"SIPA1L1",TRUE
"SIPA1L1-AS1",TRUE
"SIPA1L2",TRUE
"SIPA1L3",TRUE
"SIRAL1",TRUE
"SIRAL2",TRUE
"SIRLNT",FALSE
"SIRPA",TRUE
"SIRPB1",TRUE
"SIRPB2",TRUE
"SIRPD",FALSE
"SIRPG",FALSE
"SIRPG-AS1",FALSE
"SIRT1",TRUE
"SIRT2",TRUE
"SIRT3",TRUE
"SIRT4",TRUE
"SIRT5",TRUE
"SIRT6",TRUE
"SIRT7",TRUE
"SIT1",FALSE
"SIVA1",TRUE
"SIX1",FALSE
"SIX2",TRUE
"SIX3",FALSE
"SIX3-AS1",FALSE
"SIX4",TRUE
"SIX5",TRUE
"SIX6",FALSE
"SKA1",TRUE
"SKA2",TRUE
"SKA3",TRUE
"SKAP1",TRUE
"SKAP1-AS2",FALSE
"SKAP2",TRUE
"SKI",TRUE
"SKIC2",TRUE
"SKIC3",TRUE
"SKIC8",TRUE
"SKIDA1",TRUE
"SKIL",TRUE
"SKOR1",TRUE
"SKOR1-AS1",FALSE
"SKOR2",FALSE
"SKP1",TRUE
"SKP1P4",FALSE
"SKP1P5",FALSE
"SKP2",TRUE
"SLA",TRUE
"SLA2",FALSE
"SLAIN1",TRUE
"SLAIN2",TRUE
"SLAMF1",FALSE
"SLAMF6",FALSE
"SLAMF7",TRUE
"SLAMF8",TRUE
"SLAMF9",FALSE
"SLBP",TRUE
"SLC10A1",TRUE
"SLC10A2",FALSE
"SLC10A3",TRUE
"SLC10A4",FALSE
"SLC10A5",TRUE
"SLC10A5P1",FALSE
"SLC10A6",FALSE
"SLC10A7",TRUE
"SLC11A1",TRUE
"SLC11A2",TRUE
"SLC12A1",FALSE
"SLC12A2",TRUE
"SLC12A2-DT",TRUE
"SLC12A3",FALSE
"SLC12A4",TRUE
"SLC12A5",FALSE
"SLC12A5-AS1",FALSE
"SLC12A6",TRUE
"SLC12A7",TRUE
"SLC12A8",TRUE
"SLC12A9",TRUE
"SLC12A9-AS1",FALSE
"SLC13A1",TRUE
"SLC13A2",FALSE
"SLC13A3",TRUE
"SLC13A4",TRUE
"SLC13A5",FALSE
"SLC14A1",FALSE
"SLC14A2",FALSE
"SLC15A1",TRUE
"SLC15A2",TRUE
"SLC15A3",TRUE
"SLC15A4",TRUE
"SLC15A5",FALSE
"SLC16A1",TRUE
"SLC16A10",TRUE
"SLC16A11",TRUE
"SLC16A12",TRUE
"SLC16A12-AS1",FALSE
"SLC16A13",TRUE
"SLC16A14",TRUE
"SLC16A14P1",FALSE
"SLC16A1P1",FALSE
"SLC16A2",TRUE
"SLC16A3",TRUE
"SLC16A4",TRUE
"SLC16A5",TRUE
"SLC16A6",TRUE
"SLC16A7",TRUE
"SLC16A8",TRUE
"SLC16A9",TRUE
"SLC17A1",TRUE
"SLC17A2",FALSE
"SLC17A3",FALSE
"SLC17A4",TRUE
"SLC17A5",TRUE
"SLC17A6",FALSE
"SLC17A6-DT",FALSE
"SLC17A7",TRUE
"SLC17A8",FALSE
"SLC17A9",TRUE
"SLC18A1",FALSE
"SLC18A2",TRUE
"SLC18A2-AS1",FALSE
"SLC18A3",FALSE
"SLC18B1",TRUE
"SLC19A1",TRUE
"SLC19A2",TRUE
"SLC19A3",TRUE
"SLC1A1",TRUE
"SLC1A2",TRUE
"SLC1A2-AS1",FALSE
"SLC1A2-AS2",FALSE
"SLC1A3",TRUE
"SLC1A3-AS1",FALSE
"SLC1A4",TRUE
"SLC1A5",TRUE
"SLC1A6",FALSE
"SLC1A7",FALSE
"SLC20A1",TRUE
"SLC20A2",TRUE
"SLC22A1",TRUE
"SLC22A10",FALSE
"SLC22A11",FALSE
"SLC22A12",FALSE
"SLC22A13",FALSE
"SLC22A14",FALSE
"SLC22A15",TRUE
"SLC22A16",FALSE
"SLC22A17",TRUE
"SLC22A2",FALSE
"SLC22A23",TRUE
"SLC22A24",FALSE
"SLC22A25",FALSE
"SLC22A3",TRUE
"SLC22A31",TRUE
"SLC22A4",TRUE
"SLC22A5",TRUE
"SLC22A6",FALSE
"SLC22A7",FALSE
"SLC22A8",FALSE
"SLC22A9",TRUE
"SLC23A1",TRUE
"SLC23A2",TRUE
"SLC23A3",TRUE
"SLC24A1",TRUE
"SLC24A2",FALSE
"SLC24A3",TRUE
"SLC24A3-AS1",FALSE
"SLC24A4",FALSE
"SLC24A5",FALSE
"SLC25A1",TRUE
"SLC25A10",TRUE
"SLC25A11",TRUE
"SLC25A12",TRUE
"SLC25A13",TRUE
"SLC25A14",TRUE
"SLC25A15",TRUE
"SLC25A16",TRUE
"SLC25A17",TRUE
"SLC25A18",TRUE
"SLC25A18P1",FALSE
"SLC25A19",TRUE
"SLC25A1P5",FALSE
"SLC25A2",FALSE
"SLC25A20",TRUE
"SLC25A21",TRUE
"SLC25A21-AS1",TRUE
"SLC25A22",TRUE
"SLC25A23",TRUE
"SLC25A24",TRUE
"SLC25A24P2",FALSE
"SLC25A25",TRUE
"SLC25A26",TRUE
"SLC25A27",TRUE
"SLC25A28",TRUE
"SLC25A29",TRUE
"SLC25A3",TRUE
"SLC25A30",TRUE
"SLC25A31",FALSE
"SLC25A32",TRUE
"SLC25A33",TRUE
"SLC25A34",TRUE
"SLC25A35",TRUE
"SLC25A36",TRUE
"SLC25A36P1",FALSE
"SLC25A37",TRUE
"SLC25A38",TRUE
"SLC25A39",TRUE
"SLC25A39P2",FALSE
"SLC25A4",TRUE
"SLC25A40",TRUE
"SLC25A41",TRUE
"SLC25A42",TRUE
"SLC25A43",TRUE
"SLC25A44",TRUE
"SLC25A45",TRUE
"SLC25A46",TRUE
"SLC25A47",FALSE
"SLC25A48",TRUE
"SLC25A48-AS1",FALSE
"SLC25A5",TRUE
"SLC25A5-AS1",TRUE
"SLC25A51",TRUE
"SLC25A51P2",FALSE
"SLC25A52",FALSE
"SLC25A53",TRUE
"SLC25A5P1",FALSE
"SLC25A5P5",FALSE
"SLC25A6",TRUE
"SLC25A6P1",FALSE
"SLC25A6P3",FALSE
"SLC25A6P4",FALSE
"SLC25A6P6",FALSE
"SLC26A1",TRUE
"SLC26A11",TRUE
"SLC26A2",TRUE
"SLC26A3",FALSE
"SLC26A4",TRUE
"SLC26A5",FALSE
"SLC26A5-AS1",FALSE
"SLC26A6",TRUE
"SLC26A7",TRUE
"SLC26A8",TRUE
"SLC26A9",TRUE
"SLC27A1",TRUE
"SLC27A2",TRUE
"SLC27A3",TRUE
"SLC27A4",TRUE
"SLC27A5",TRUE
"SLC27A6",FALSE
"SLC28A1",TRUE
"SLC28A2",FALSE
"SLC28A2-AS1",FALSE
"SLC28A3",TRUE
"SLC28A3-AS1",FALSE
"SLC29A1",TRUE
"SLC29A2",TRUE
"SLC29A3",TRUE
"SLC29A4",TRUE
"SLC29A4P1",FALSE
"SLC29A4P2",FALSE
"SLC2A1",TRUE
"SLC2A1-DT",TRUE
"SLC2A10",TRUE
"SLC2A11",TRUE
"SLC2A12",TRUE
"SLC2A13",TRUE
"SLC2A13P1",FALSE
"SLC2A14",TRUE
"SLC2A2",TRUE
"SLC2A3",TRUE
"SLC2A4",FALSE
"SLC2A4RG",TRUE
"SLC2A5",TRUE
"SLC2A6",TRUE
"SLC2A7",FALSE
"SLC2A8",TRUE
"SLC2A9",TRUE
"SLC2AXP1",FALSE
"SLC30A1",TRUE
"SLC30A10",TRUE
"SLC30A2",TRUE
"SLC30A3",FALSE
"SLC30A4",TRUE
"SLC30A5",TRUE
"SLC30A6",TRUE
"SLC30A6-DT",FALSE
"SLC30A6P1",FALSE
"SLC30A7",TRUE
"SLC30A8",TRUE
"SLC30A9",TRUE
"SLC31A1",TRUE
"SLC31A2",TRUE
"SLC32A1",FALSE
"SLC33A1",TRUE
"SLC33A2",TRUE
"SLC34A1",FALSE
"SLC34A2",TRUE
"SLC34A3",TRUE
"SLC35A1",TRUE
"SLC35A2",TRUE
"SLC35A3",TRUE
"SLC35A4",TRUE
"SLC35A5",TRUE
"SLC35B1",TRUE
"SLC35B2",TRUE
"SLC35B3",TRUE
"SLC35B4",TRUE
"SLC35C1",TRUE
"SLC35D1",TRUE
"SLC35D2",TRUE
"SLC35D3",FALSE
"SLC35D4",TRUE
"SLC35E1",TRUE
"SLC35E2B",TRUE
"SLC35E3",TRUE
"SLC35E4",TRUE
"SLC35F1",TRUE
"SLC35F2",TRUE
"SLC35F3",TRUE
"SLC35F4",FALSE
"SLC35F5",TRUE
"SLC35F6",TRUE
"SLC35G1",TRUE
"SLC35G2",TRUE
"SLC35G3",FALSE
"SLC35G4",FALSE
"SLC35G5",FALSE
"SLC35G6",TRUE
"SLC35H1",TRUE
"SLC36A1",TRUE
"SLC36A2",FALSE
"SLC36A3",FALSE
"SLC36A4",TRUE
"SLC37A1",TRUE
"SLC37A2",TRUE
"SLC37A3",TRUE
"SLC37A4",TRUE
"SLC38A1",TRUE
"SLC38A10",TRUE
"SLC38A11",TRUE
"SLC38A12",TRUE
"SLC38A2",TRUE
"SLC38A2-AS1",FALSE
"SLC38A3",TRUE
"SLC38A4",TRUE
"SLC38A4-AS1",TRUE
"SLC38A5",TRUE
"SLC38A6",TRUE
"SLC38A7",TRUE
"SLC38A8",FALSE
"SLC38A9",TRUE
"SLC39A1",TRUE
"SLC39A10",TRUE
"SLC39A11",TRUE
"SLC39A12",FALSE
"SLC39A12-AS1",FALSE
"SLC39A13",TRUE
"SLC39A13-AS1",FALSE
"SLC39A14",TRUE
"SLC39A2",FALSE
"SLC39A3",TRUE
"SLC39A4",TRUE
"SLC39A5",TRUE
"SLC39A6",TRUE
"SLC39A7",TRUE
"SLC39A8",TRUE
"SLC39A9",TRUE
"SLC3A1",TRUE
"SLC3A2",TRUE
"SLC40A1",TRUE
"SLC41A1",TRUE
"SLC41A2",TRUE
"SLC41A3",TRUE
"SLC43A1",TRUE
"SLC43A2",TRUE
"SLC43A3",TRUE
"SLC44A1",TRUE
"SLC44A2",TRUE
"SLC44A3",TRUE
"SLC44A4",TRUE
"SLC44A5",TRUE
"SLC45A1",TRUE
"SLC45A2",FALSE
"SLC45A3",TRUE
"SLC45A4",TRUE
"SLC45A4-AS1",FALSE
"SLC46A1",TRUE
"SLC46A2",FALSE
"SLC46A3",TRUE
"SLC47A1",TRUE
"SLC47A2",TRUE
"SLC48A1",TRUE
"SLC49A3",TRUE
"SLC49A4",TRUE
"SLC4A1",FALSE
"SLC4A10",TRUE
"SLC4A11",TRUE
"SLC4A1AP",TRUE
"SLC4A1APP2",FALSE
"SLC4A2",TRUE
"SLC4A3",TRUE
"SLC4A4",TRUE
"SLC4A5",TRUE
"SLC4A7",TRUE
"SLC4A8",TRUE
"SLC4A8-AS1",FALSE
"SLC4A9",FALSE
"SLC50A1",TRUE
"SLC51A",TRUE
"SLC51B",FALSE
"SLC52A1",FALSE
"SLC52A2",TRUE
"SLC52A3",TRUE
"SLC5A1",TRUE
"SLC5A10",TRUE
"SLC5A11",TRUE
"SLC5A12",FALSE
"SLC5A2",TRUE
"SLC5A3",TRUE
"SLC5A4",FALSE
"SLC5A4-AS1",FALSE
"SLC5A4P1",FALSE
"SLC5A5",FALSE
"SLC5A6",TRUE
"SLC5A7",FALSE
"SLC5A8",FALSE
"SLC5A9",TRUE
"SLC60A1",TRUE
"SLC60A2",TRUE
"SLC60A2-DT",FALSE
"SLC60A2P1",FALSE
"SLC61A1",TRUE
"SLC66A1",TRUE
"SLC66A2",TRUE
"SLC66A2P1",FALSE
"SLC66A2P2",FALSE
"SLC66A3",TRUE
"SLC67A1",TRUE
"SLC67A1-AS",TRUE
"SLC67A2",TRUE
"SLC68A1",TRUE
"SLC6A1",TRUE
"SLC6A1-AS1",FALSE
"SLC6A11",TRUE
"SLC6A12",TRUE
"SLC6A12-AS1",FALSE
"SLC6A13",FALSE
"SLC6A14",TRUE
"SLC6A14P1",FALSE
"SLC6A14P3",FALSE
"SLC6A15",FALSE
"SLC6A16",TRUE
"SLC6A17",TRUE
"SLC6A17-AS1",FALSE
"SLC6A18",FALSE
"SLC6A19",TRUE
"SLC6A2",FALSE
"SLC6A20",TRUE
"SLC6A3",FALSE
"SLC6A4",TRUE
"SLC6A5",FALSE
"SLC6A6",TRUE
"SLC6A7",FALSE
"SLC6A8",TRUE
"SLC6A9",TRUE
"SLC71A1",TRUE
"SLC71A2",TRUE
"SLC75A1",TRUE
"SLC7A1",TRUE
"SLC7A10",FALSE
"SLC7A11",TRUE
"SLC7A11-AS1",TRUE
"SLC7A13",FALSE
"SLC7A14",TRUE
"SLC7A15P",FALSE
"SLC7A2",TRUE
"SLC7A3",FALSE
"SLC7A4",FALSE
"SLC7A5",TRUE
"SLC7A5-AS1",FALSE
"SLC7A5P1",FALSE
"SLC7A6",TRUE
"SLC7A6OS",TRUE
"SLC7A7",TRUE
"SLC7A8",TRUE
"SLC7A9",FALSE
"SLC8A1",TRUE
"SLC8A2",TRUE
"SLC8A3",FALSE
"SLC8B1",TRUE
"SLC9A1",TRUE
"SLC9A2",TRUE
"SLC9A3",TRUE
"SLC9A3-OT1",TRUE
"SLC9A3P2",FALSE
"SLC9A3P3",FALSE
"SLC9A4",FALSE
"SLC9A5",TRUE
"SLC9A6",TRUE
"SLC9A7",TRUE
"SLC9A8",TRUE
"SLC9A9",TRUE
"SLC9A9-AS1",FALSE
"SLC9B1",TRUE
"SLC9B1P1",FALSE
"SLC9B1P2",FALSE
"SLC9B1P3",FALSE
"SLC9B1P5",FALSE
"SLC9B2",TRUE
"SLC9C1",TRUE
"SLC9C2",FALSE
"SLC9D1",TRUE
"SLCO1A2",FALSE
"SLCO1B1",FALSE
"SLCO1B3",FALSE
"SLCO1B3-SLCO1B7",FALSE
"SLCO1C1",TRUE
"SLCO2A1",TRUE
"SLCO2B1",TRUE
"SLCO3A1",TRUE
"SLCO4A1",TRUE
"SLCO4A1-AS1",TRUE
"SLCO4C1",TRUE
"SLCO5A1",TRUE
"SLCO5A1-AS1",FALSE
"SLCO6A1",FALSE
"SLEAR",TRUE
"SLF1",TRUE
"SLF2",TRUE
"SLFN11",TRUE
"SLFN12",TRUE
"SLFN12L",FALSE
"SLFN13",TRUE
"SLFN14",FALSE
"SLFN5",TRUE
"SLFNL1",TRUE
"SLFNL1-AS1",TRUE
"SLIRP",TRUE
"SLIRP-OT1",FALSE
"SLIRPP2",FALSE
"SLIT1",TRUE
"SLIT1-AS1",FALSE
"SLIT2",TRUE
"SLIT2-IT1",FALSE
"SLIT3",TRUE
"SLITRK1",TRUE
"SLITRK2",TRUE
"SLITRK3",FALSE
"SLITRK4",TRUE
"SLITRK5",TRUE
"SLITRK6",FALSE
"SLK",TRUE
"SLMAP",TRUE
"SLN",FALSE
"SLPI",TRUE
"SLTM",TRUE
"SLU7",TRUE
"SLURP1",FALSE
"SLURP2-AS1",FALSE
"SLX1A-SULT1A3",FALSE
"SLX1B-SULT1A4",FALSE
"SLX4",TRUE
"SLX4IP",TRUE
"SLX9",TRUE
"SMAD1",TRUE
"SMAD1-AS1",FALSE
"SMAD1-AS2",FALSE
"SMAD2",TRUE
"SMAD3",TRUE
"SMAD3-AS1",FALSE
"SMAD4",TRUE
"SMAD5",TRUE
"SMAD5-AS1",FALSE
"SMAD6",TRUE
"SMAD7",TRUE
"SMAD9",TRUE
"SMAGP",TRUE
"SMAP1",TRUE
"SMAP2",TRUE
"SMARCA1",TRUE
"SMARCA2",TRUE
"SMARCA4",TRUE
"SMARCA5",TRUE
"SMARCAD1",TRUE
"SMARCAD1-DT",FALSE
"SMARCAL1",TRUE
"SMARCB1",TRUE
"SMARCC1",TRUE
"SMARCC2",TRUE
"SMARCD1",TRUE
"SMARCD2",TRUE
"SMARCD3",TRUE
"SMARCE1",TRUE
"SMARCE1P1",FALSE
"SMARCE1P2",FALSE
"SMARCE1P3",FALSE
"SMARCE1P5",FALSE
"SMARCE1P7",FALSE
"SMASR",FALSE
"SMC1A",TRUE
"SMC1B",FALSE
"SMC2",TRUE
"SMC3",TRUE
"SMC4",TRUE
"SMC4P1",FALSE
"SMC5",TRUE
"SMC6",TRUE
"SMCHD1",TRUE
"SMCO1",FALSE
"SMCO2",TRUE
"SMCO3",FALSE
"SMCO4",TRUE
"SMCP",FALSE
"SMCR2",FALSE
"SMCR5",FALSE
"SMCR8",TRUE
"SMDT1",TRUE
"SMG1",TRUE
"SMG1P1",TRUE
"SMG1P3",TRUE
"SMG1P4",TRUE
"SMG1P6",TRUE
"SMG1P7",TRUE
"SMG5",TRUE
"SMG6",TRUE
"SMG7",TRUE
"SMG7-AS1",TRUE
"SMG8",TRUE
"SMG9",TRUE
"SMIM1",TRUE
"SMIM10",TRUE
"SMIM10L1",TRUE
"SMIM10L2A",TRUE
"SMIM10L2B",TRUE
"SMIM11P2",FALSE
"SMIM12",TRUE
"SMIM13",TRUE
"SMIM14",TRUE
"SMIM14-DT",TRUE
"SMIM15",TRUE
"SMIM15P2",FALSE
"SMIM17",FALSE
"SMIM18",FALSE
"SMIM19",TRUE
"SMIM2-AS1",TRUE
"SMIM20",TRUE
"SMIM21",FALSE
"SMIM22",TRUE
"SMIM23",FALSE
"SMIM24",TRUE
"SMIM26",TRUE
"SMIM28",FALSE
"SMIM29",TRUE
"SMIM29-AS1",TRUE
"SMIM3",TRUE
"SMIM30",TRUE
"SMIM31",TRUE
"SMIM32",FALSE
"SMIM35",FALSE
"SMIM36",FALSE
"SMIM43",FALSE
"SMIM45",FALSE
"SMIM47",FALSE
"SMIM5",TRUE
"SMIM7",TRUE
"SMIM9",FALSE
"SMKR1",TRUE
"SMLR1",TRUE
"SMNDC1",TRUE
"SMNP",FALSE
"SMO",TRUE
"SMOC1",TRUE
"SMOC2",TRUE
"SMOX",TRUE
"SMPD1",TRUE
"SMPD2",TRUE
"SMPD3",TRUE
"SMPD4",TRUE
"SMPD4P1",FALSE
"SMPD4P2",FALSE
"SMPDL3A",TRUE
"SMPDL3B",TRUE
"SMPX",FALSE
"SMR3A",FALSE
"SMR3B",FALSE
"SMS",TRUE
"SMTN",TRUE
"SMTNL1",FALSE
"SMTNL2",FALSE
"SMU1",TRUE
"SMUG1",TRUE
"SMUG1P1",FALSE
"SMURF1",TRUE
"SMURF2",TRUE
"SMYD1",FALSE
"SMYD2",TRUE
"SMYD3",TRUE
"SMYD3-AS1",FALSE
"SMYD4",TRUE
"SMYD5",TRUE
"SNAI1",TRUE
"SNAI2",TRUE
"SNAI3",TRUE
"SNAI3-AS1",TRUE
"SNAP23",TRUE
"SNAP23P1",FALSE
"SNAP25",TRUE
"SNAP25-AS1",FALSE
"SNAP29",TRUE
"SNAP47",TRUE
"SNAP91",TRUE
"SNAPC1",TRUE
"SNAPC2",TRUE
"SNAPC3",TRUE
"SNAPC4",TRUE
"SNAPC5",TRUE
"SNAPC5P1",FALSE
"SNAPIN",TRUE
"SNCA",TRUE
"SNCA-AS1",FALSE
"SNCAIP",TRUE
"SNCAIP-AS2",FALSE
"SNCAIP-AS3",FALSE
"SNCB",FALSE
"SNCG",TRUE
"SND1",TRUE
"SND1-IT1",TRUE
"SNED1",TRUE
"SNF8",TRUE
"SNHG1",TRUE
"SNHG10",TRUE
"SNHG11",TRUE
"SNHG12",TRUE
"SNHG15",TRUE
"SNHG16",TRUE
"SNHG17",TRUE
"SNHG18",TRUE
"SNHG19",TRUE
"SNHG20",TRUE
"SNHG21",TRUE
"SNHG25",FALSE
"SNHG26",TRUE
"SNHG27",FALSE
"SNHG28",TRUE
"SNHG29",TRUE
"SNHG3",TRUE
"SNHG31",TRUE
"SNHG32",TRUE
"SNHG4",TRUE
"SNHG5",TRUE
"SNHG8",TRUE
"SNIP1",TRUE
"SNN",TRUE
"SNORA1",FALSE
"SNORA10",FALSE
"SNORA10B",FALSE
"SNORA11",FALSE
"SNORA11B",FALSE
"SNORA11C",FALSE
"SNORA11D",FALSE
"SNORA11E",FALSE
"SNORA11F",FALSE
"SNORA11G",FALSE
"SNORA12",FALSE
"SNORA13",FALSE
"SNORA14A",FALSE
"SNORA14B",FALSE
"SNORA15",FALSE
"SNORA15B-1",FALSE
"SNORA15B-2",FALSE
"SNORA16A",FALSE
"SNORA16B",FALSE
"SNORA17A",FALSE
"SNORA17B",FALSE
"SNORA18",FALSE
"SNORA19",FALSE
"SNORA1B",FALSE
"SNORA20",FALSE
"SNORA20B",FALSE
"SNORA21",FALSE
"SNORA21B",FALSE
"SNORA22",FALSE
"SNORA22B",FALSE
"SNORA22C",FALSE
"SNORA23",FALSE
"SNORA24",FALSE
"SNORA24B",FALSE
"SNORA25",FALSE
"SNORA25B",FALSE
"SNORA26",TRUE
"SNORA27",FALSE
"SNORA28",FALSE
"SNORA29",FALSE
"SNORA2A",FALSE
"SNORA2B",FALSE
"SNORA2C",FALSE
"SNORA30",FALSE
"SNORA30B",FALSE
"SNORA31",FALSE
"SNORA31B",FALSE
"SNORA32",FALSE
"SNORA33",TRUE
"SNORA35",FALSE
"SNORA35B",FALSE
"SNORA36A",FALSE
"SNORA36B",FALSE
"SNORA36C",FALSE
"SNORA37",FALSE
"SNORA38",FALSE
"SNORA38B",FALSE
"SNORA3A",FALSE
"SNORA3B",FALSE
"SNORA3C",FALSE
"SNORA4",FALSE
"SNORA40",FALSE
"SNORA40B",FALSE
"SNORA40C",FALSE
"SNORA41",FALSE
"SNORA41B",FALSE
"SNORA44",FALSE
"SNORA46",FALSE
"SNORA47",FALSE
"SNORA48",FALSE
"SNORA48B",FALSE
"SNORA49",FALSE
"SNORA50A",FALSE
"SNORA50B",FALSE
"SNORA50C",FALSE
"SNORA50D",FALSE
"SNORA51",FALSE
"SNORA52",FALSE
"SNORA53",FALSE
"SNORA54",FALSE
"SNORA55",TRUE
"SNORA56",FALSE
"SNORA57",FALSE
"SNORA58B",FALSE
"SNORA5A",FALSE
"SNORA5B",FALSE
"SNORA5C",FALSE
"SNORA6",FALSE
"SNORA60",FALSE
"SNORA61",FALSE
"SNORA62",FALSE
"SNORA63",FALSE
"SNORA63B",FALSE
"SNORA63C",FALSE
"SNORA63D",FALSE
"SNORA63E",FALSE
"SNORA64",FALSE
"SNORA65",FALSE
"SNORA66",TRUE
"SNORA67",FALSE
"SNORA68",FALSE
"SNORA68B",FALSE
"SNORA69",FALSE
"SNORA70",FALSE
"SNORA70B",FALSE
"SNORA70C",FALSE
"SNORA70D",FALSE
"SNORA70E",FALSE
"SNORA70F",FALSE
"SNORA70G",FALSE
"SNORA70H",FALSE
"SNORA70I",FALSE
"SNORA70J",FALSE
"SNORA71A",FALSE
"SNORA71C",FALSE
"SNORA71D",FALSE
"SNORA71E",FALSE
"SNORA72",FALSE
"SNORA73A",FALSE
"SNORA73B",TRUE
"SNORA74A",FALSE
"SNORA74B",FALSE
"SNORA74C-1",FALSE
"SNORA74D",FALSE
"SNORA75",FALSE
"SNORA75B",FALSE
"SNORA77",FALSE
"SNORA77B",FALSE
"SNORA78",FALSE
"SNORA79",FALSE
"SNORA79B",FALSE
"SNORA7A",FALSE
"SNORA7B",FALSE
"SNORA8",FALSE
"SNORA80A",FALSE
"SNORA80B",FALSE
"SNORA80C",FALSE
"SNORA80D",FALSE
"SNORA80E",FALSE
"SNORA81",FALSE
"SNORA84",FALSE
"SNORA9",FALSE
"SNORA9B",FALSE
"SNORC",TRUE
"SNORD10",FALSE
"SNORD100",TRUE
"SNORD101",TRUE
"SNORD102",FALSE
"SNORD104",TRUE
"SNORD105",FALSE
"SNORD105B",FALSE
"SNORD107",FALSE
"SNORD108",FALSE
"SNORD109A",FALSE
"SNORD109B",FALSE
"SNORD11",FALSE
"SNORD110",FALSE
"SNORD111",FALSE
"SNORD112",FALSE
"SNORD113-1",FALSE
"SNORD113-2",FALSE
"SNORD113-3",FALSE
"SNORD113-4",FALSE
"SNORD113-5",FALSE
"SNORD113-6",FALSE
"SNORD113-7",FALSE
"SNORD113-8",FALSE
"SNORD113-9",FALSE
"SNORD114-1",FALSE
"SNORD114-10",FALSE
"SNORD114-11",FALSE
"SNORD114-12",FALSE
"SNORD114-13",FALSE
"SNORD114-14",FALSE
"SNORD114-15",FALSE
"SNORD114-16",FALSE
"SNORD114-17",FALSE
"SNORD114-18",FALSE
"SNORD114-19",FALSE
"SNORD114-2",FALSE
"SNORD114-20",FALSE
"SNORD114-21",FALSE
"SNORD114-22",FALSE
"SNORD114-23",FALSE
"SNORD114-24",FALSE
"SNORD114-25",FALSE
"SNORD114-26",FALSE
"SNORD114-27",FALSE
"SNORD114-28",FALSE
"SNORD114-29",FALSE
"SNORD114-3",FALSE
"SNORD114-30",FALSE
"SNORD114-31",FALSE
"SNORD114-5",FALSE
"SNORD114-6",FALSE
"SNORD114-7",FALSE
"SNORD114-9",FALSE
"SNORD115-1",FALSE
"SNORD115-10",FALSE
"SNORD115-11",FALSE
"SNORD115-12",FALSE
"SNORD115-13",FALSE
"SNORD115-14",FALSE
"SNORD115-15",FALSE
"SNORD115-16",FALSE
"SNORD115-17",FALSE
"SNORD115-18",FALSE
"SNORD115-19",FALSE
"SNORD115-2",FALSE
"SNORD115-20",FALSE
"SNORD115-21",FALSE
"SNORD115-22",FALSE
"SNORD115-23",FALSE
"SNORD115-24",FALSE
"SNORD115-25",FALSE
"SNORD115-26",FALSE
"SNORD115-27",FALSE
"SNORD115-28",FALSE
"SNORD115-29",FALSE
"SNORD115-3",FALSE
"SNORD115-30",FALSE
"SNORD115-31",FALSE
"SNORD115-32",FALSE
"SNORD115-33",FALSE
"SNORD115-34",FALSE
"SNORD115-35",FALSE
"SNORD115-36",FALSE
"SNORD115-37",FALSE
"SNORD115-38",FALSE
"SNORD115-39",FALSE
"SNORD115-4",FALSE
"SNORD115-40",FALSE
"SNORD115-41",FALSE
"SNORD115-42",FALSE
"SNORD115-43",FALSE
"SNORD115-44",FALSE
"SNORD115-46",FALSE
"SNORD115-48",FALSE
"SNORD115-5",FALSE
"SNORD115-6",FALSE
"SNORD115-7",FALSE
"SNORD115-8",FALSE
"SNORD115-9",FALSE
"SNORD116-1",FALSE
"SNORD116-10",FALSE
"SNORD116-11",FALSE
"SNORD116-12",FALSE
"SNORD116-13",FALSE
"SNORD116-14",FALSE
"SNORD116-15",FALSE
"SNORD116-16",FALSE
"SNORD116-17",FALSE
"SNORD116-18",FALSE
"SNORD116-19",FALSE
"SNORD116-2",FALSE
"SNORD116-20",FALSE
"SNORD116-21",FALSE
"SNORD116-22",FALSE
"SNORD116-23",FALSE
"SNORD116-24",FALSE
"SNORD116-25",FALSE
"SNORD116-26",FALSE
"SNORD116-27",FALSE
"SNORD116-28",FALSE
"SNORD116-29",FALSE
"SNORD116-3",FALSE
"SNORD116-30",FALSE
"SNORD116-4",FALSE
"SNORD116-5",FALSE
"SNORD116-6",FALSE
"SNORD116-7",FALSE
"SNORD116-8",FALSE
"SNORD116-9",FALSE
"SNORD117",FALSE
"SNORD118",FALSE
"SNORD11B",FALSE
"SNORD12",FALSE
"SNORD121A",FALSE
"SNORD121B",FALSE
"SNORD124",FALSE
"SNORD125",FALSE
"SNORD127",FALSE
"SNORD12B",FALSE
"SNORD12C",FALSE
"SNORD13",FALSE
"SNORD13D",FALSE
"SNORD13E",FALSE
"SNORD13P1",FALSE
"SNORD13P3",FALSE
"SNORD14A",TRUE
"SNORD14B",FALSE
"SNORD14C",FALSE
"SNORD14D",FALSE
"SNORD14E",FALSE
"SNORD15A",FALSE
"SNORD15B",FALSE
"SNORD16",FALSE
"SNORD17",FALSE
"SNORD18A",FALSE
"SNORD18B",FALSE
"SNORD18C",FALSE
"SNORD19",TRUE
"SNORD19B",FALSE
"SNORD19C",TRUE
"SNORD1A",FALSE
"SNORD1B",FALSE
"SNORD1C",FALSE
"SNORD2",FALSE
"SNORD20",FALSE
"SNORD21",FALSE
"SNORD22",FALSE
"SNORD23",FALSE
"SNORD24",FALSE
"SNORD25",FALSE
"SNORD26",FALSE
"SNORD27",FALSE
"SNORD28",FALSE
"SNORD28B",FALSE
"SNORD30",FALSE
"SNORD31B",FALSE
"SNORD32A",FALSE
"SNORD32B",FALSE
"SNORD33",FALSE
"SNORD34",FALSE
"SNORD35A",FALSE
"SNORD35B",FALSE
"SNORD36A",FALSE
"SNORD36B",FALSE
"SNORD36C",FALSE
"SNORD37",FALSE
"SNORD38A",FALSE
"SNORD38B",FALSE
"SNORD38C",FALSE
"SNORD38D",FALSE
"SNORD3D",FALSE
"SNORD3E",FALSE
"SNORD3G",FALSE
"SNORD3H",FALSE
"SNORD3J",FALSE
"SNORD3P1",FALSE
"SNORD41",FALSE
"SNORD42A",FALSE
"SNORD42B",FALSE
"SNORD43",FALSE
"SNORD45A",FALSE
"SNORD45B",FALSE
"SNORD45C",FALSE
"SNORD46",FALSE
"SNORD48",FALSE
"SNORD49A",FALSE
"SNORD4A",FALSE
"SNORD4B",FALSE
"SNORD5",FALSE
"SNORD50B",FALSE
"SNORD51",FALSE
"SNORD52",FALSE
"SNORD53",FALSE
"SNORD53B",FALSE
"SNORD54",FALSE
"SNORD55",FALSE
"SNORD56",FALSE
"SNORD56B",FALSE
"SNORD57",FALSE
"SNORD58A",FALSE
"SNORD58B",FALSE
"SNORD59A",FALSE
"SNORD6",TRUE
"SNORD60",FALSE
"SNORD61",FALSE
"SNORD62A",FALSE
"SNORD62B",TRUE
"SNORD63",FALSE
"SNORD63B",TRUE
"SNORD64",FALSE
"SNORD65",FALSE
"SNORD65B",FALSE
"SNORD65C",FALSE
"SNORD66",FALSE
"SNORD67",FALSE
"SNORD69",FALSE
"SNORD7",FALSE
"SNORD70",FALSE
"SNORD70B",FALSE
"SNORD71",FALSE
"SNORD72",FALSE
"SNORD73A",FALSE
"SNORD73B",FALSE
"SNORD74B",FALSE
"SNORD77B",FALSE
"SNORD8",FALSE
"SNORD82",FALSE
"SNORD83A",TRUE
"SNORD83B",FALSE
"SNORD84",FALSE
"SNORD86",FALSE
"SNORD87",FALSE
"SNORD88A",FALSE
"SNORD88B",FALSE
"SNORD88C",FALSE
"SNORD89",FALSE
"SNORD9",FALSE
"SNORD90",FALSE
"SNORD92",FALSE
"SNORD93",FALSE
"SNORD94",TRUE
"SNORD95",FALSE
"SNORD96A",FALSE
"SNORD96B",FALSE
"SNORD97",FALSE
"SNORD99",TRUE
"SNPH",TRUE
"SNRK",TRUE
"SNRNP200",TRUE
"SNRNP25",TRUE
"SNRNP27",TRUE
"SNRNP35",TRUE
"SNRNP40",TRUE
"SNRNP48",TRUE
"SNRNP70",TRUE
"SNRPA",TRUE
"SNRPA1",TRUE
"SNRPA1-DT",TRUE
"SNRPB",TRUE
"SNRPB2",TRUE
"SNRPB2P1",FALSE
"SNRPBP1",FALSE
"SNRPC",TRUE
"SNRPCP10",FALSE
"SNRPCP11",FALSE
"SNRPCP14",FALSE
"SNRPCP15",FALSE
"SNRPCP16",FALSE
"SNRPCP17",FALSE
"SNRPCP6",FALSE
"SNRPCP7",FALSE
"SNRPCP8",FALSE
"SNRPCP9",FALSE
"SNRPD1",TRUE
"SNRPD2",TRUE
"SNRPD3",TRUE
"SNRPE",TRUE
"SNRPEP8",FALSE
"SNRPEP9",FALSE
"SNRPF",TRUE
"SNRPF-DT",FALSE
"SNRPFP3",FALSE
"SNRPFP4",FALSE
"SNRPG",TRUE
"SNRPGP12",FALSE
"SNRPGP14",FALSE
"SNRPGP16",FALSE
"SNRPGP18",FALSE
"SNRPGP19",FALSE
"SNRPGP20",FALSE
"SNRPGP8",FALSE
"SNRPN",TRUE
"SNTA1",TRUE
"SNTB1",TRUE
"SNTB1-AS2",FALSE
"SNTB2",TRUE
"SNTG1",FALSE
"SNTG2",TRUE
"SNTG2-AS1",FALSE
"SNTN",FALSE
"SNU13",TRUE
"SNUPN",TRUE
"SNURF",TRUE
"SNW1",TRUE
"SNX1",TRUE
"SNX10",TRUE
"SNX10-AS1",TRUE
"SNX11",TRUE
"SNX12",TRUE
"SNX13",TRUE
"SNX14",TRUE
"SNX15",TRUE
"SNX16",TRUE
"SNX17",TRUE
"SNX18",TRUE
"SNX18P2",FALSE
"SNX18P27",FALSE
"SNX19",TRUE
"SNX19P4",FALSE
"SNX2",TRUE
"SNX20",TRUE
"SNX21",TRUE
"SNX22",TRUE
"SNX24",TRUE
"SNX25",TRUE
"SNX25P1",TRUE
"SNX27",TRUE
"SNX29",TRUE
"SNX29-AS2",FALSE
"SNX2P1",FALSE
"SNX2P2",FALSE
"SNX3",TRUE
"SNX30",TRUE
"SNX30-DT",FALSE
"SNX31",FALSE
"SNX32",TRUE
"SNX33",TRUE
"SNX3P1X",FALSE
"SNX3P1Y",FALSE
"SNX4",TRUE
"SNX5",TRUE
"SNX5P1",FALSE
"SNX6",TRUE
"SNX7",TRUE
"SNX8",TRUE
"SNX9",TRUE
"SNX9-AS1",FALSE
"SOAT1",TRUE
"SOAT2",FALSE
"SOBP",TRUE
"SOCS1",TRUE
"SOCS2",TRUE
"SOCS2-AS1",TRUE
"SOCS3",TRUE
"SOCS3-DT",FALSE
"SOCS4",TRUE
"SOCS5",TRUE
"SOCS5P1",FALSE
"SOCS5P2",FALSE
"SOCS5P3",FALSE
"SOCS5P4",TRUE
"SOCS5P5",FALSE
"SOCS6",TRUE
"SOCS7",TRUE
"SOD1",TRUE
"SOD1P1",FALSE
"SOD1P2",FALSE
"SOD1P3",FALSE
"SOD2P1",FALSE
"SOD3",TRUE
"SOFU1",FALSE
"SOHLH1",FALSE
"SOHLH2",FALSE
"SON",TRUE
"SORBS1",TRUE
"SORBS2",TRUE
"SORBS2-AS1",TRUE
"SORBS2-AS2",FALSE
"SORBS3",TRUE
"SORCS1",TRUE
"SORCS2",TRUE
"SORCS3",FALSE
"SORCS3-AS1",FALSE
"SORD",TRUE
"SORL1",TRUE
"SORL1-AS1",FALSE
"SORT1",TRUE
"SOS1",TRUE
"SOS2",TRUE
"SOST",FALSE
"SOSTDC1",FALSE
"SOWAHA",TRUE
"SOWAHB",TRUE
"SOWAHC",TRUE
"SOWAHCP5",FALSE
"SOWAHD",TRUE
"SOX1",FALSE
"SOX1-OT",FALSE
"SOX10",FALSE
"SOX11",TRUE
"SOX12",TRUE
"SOX13",TRUE
"SOX14",FALSE
"SOX15",TRUE
"SOX17",TRUE
"SOX18",TRUE
"SOX2",FALSE
"SOX2-OT",TRUE
"SOX21",FALSE
"SOX21-AS1",FALSE
"SOX3",FALSE
"SOX30",TRUE
"SOX4",TRUE
"SOX5",TRUE
"SOX5-AS1",FALSE
"SOX6",TRUE
"SOX7",TRUE
"SOX7-AS1",FALSE
"SOX8",TRUE
"SOX9",TRUE
"SOX9-AS1",TRUE
"SP1",TRUE
"SP100",TRUE
"SP110",TRUE
"SP140",TRUE
"SP140L",TRUE
"SP2",TRUE
"SP3",TRUE
"SP4",TRUE
"SP5",TRUE
"SP6",TRUE
"SP7",FALSE
"SP8",FALSE
"SP9",FALSE
"SPA17",TRUE
"SPAAR",FALSE
"SPACA1",FALSE
"SPACA3",TRUE
"SPACA4",FALSE
"SPACA5",FALSE
"SPACA5B",FALSE
"SPACA6",TRUE
"SPACA6-AS1",FALSE
"SPACA7",FALSE
"SPACA9",TRUE
"SPACDR",FALSE
"SPAG1",TRUE
"SPAG16",TRUE
"SPAG17",TRUE
"SPAG4",TRUE
"SPAG5",TRUE
"SPAG6",FALSE
"SPAG7",TRUE
"SPAG8",TRUE
"SPAG9",TRUE
"SPAM1",FALSE
"SPANXA1",FALSE
"SPANXA2",FALSE
"SPANXA2-OT1",FALSE
"SPANXB1",FALSE
"SPANXC",FALSE
"SPANXD",FALSE
"SPANXN1",FALSE
"SPANXN2",FALSE
"SPANXN3",FALSE
"SPANXN4",FALSE
"SPANXN5",FALSE
"SPARC",TRUE
"SPARCL1",TRUE
"SPART",TRUE
"SPART-AS1",FALSE
"SPAST",TRUE
"SPATA1",TRUE
"SPATA12",TRUE
"SPATA13",TRUE
"SPATA13-AS1",FALSE
"SPATA16",FALSE
"SPATA17",TRUE
"SPATA17-AS1",FALSE
"SPATA18",TRUE
"SPATA19",FALSE
"SPATA2",TRUE
"SPATA20",TRUE
"SPATA21",TRUE
"SPATA22",FALSE
"SPATA24",TRUE
"SPATA25",TRUE
"SPATA2L",TRUE
"SPATA2P1",FALSE
"SPATA3",FALSE
"SPATA3-AS1",FALSE
"SPATA31A1",FALSE
"SPATA31A3",FALSE
"SPATA31A5",FALSE
"SPATA31A6",FALSE
"SPATA31A7",FALSE
"SPATA31B1P",FALSE
"SPATA31C1",FALSE
"SPATA31C2",FALSE
"SPATA31D1",FALSE
"SPATA31D2P",FALSE
"SPATA31D3",FALSE
"SPATA31D4",FALSE
"SPATA31E1",FALSE
"SPATA31F1",FALSE
"SPATA31F3",FALSE
"SPATA31G1",TRUE
"SPATA31H1",TRUE
"SPATA31J1",FALSE
"SPATA32",TRUE
"SPATA33",TRUE
"SPATA4",FALSE
"SPATA41",TRUE
"SPATA42",FALSE
"SPATA45",FALSE
"SPATA46",FALSE
"SPATA6",TRUE
"SPATA6L",TRUE
"SPATA7",TRUE
"SPATA8",FALSE
"SPATA8-AS1",FALSE
"SPATA9",FALSE
"SPATC1",FALSE
"SPATC1L",TRUE
"SPATS1",FALSE
"SPATS2",TRUE
"SPATS2L",TRUE
"SPC24",TRUE
"SPC25",TRUE
"SPCS1",TRUE
"SPCS2",TRUE
"SPCS2P1",FALSE
"SPCS3",TRUE
"SPCS3-AS1",FALSE
"SPDEF",TRUE
"SPDL1",TRUE
"SPDYA",TRUE
"SPDYC",FALSE
"SPDYE1",TRUE
"SPDYE12",TRUE
"SPDYE16",FALSE
"SPDYE18",TRUE
"SPDYE2",TRUE
"SPDYE21",TRUE
"SPDYE2B",FALSE
"SPDYE3",TRUE
"SPDYE4",FALSE
"SPDYE5",TRUE
"SPDYE6",TRUE
"SPECC1",TRUE
"SPECC1-DT",FALSE
"SPECC1L",TRUE
"SPECC1L-ADORA2A",FALSE
"SPECC1P2",FALSE
"SPEF1",TRUE
"SPEF2",TRUE
"SPEG",TRUE
"SPEM1",FALSE
"SPEM2",FALSE
"SPEN",TRUE
"SPEN-AS1",TRUE
"SPESP1",TRUE
"SPG11",TRUE
"SPG21",TRUE
"SPHK1",TRUE
"SPHK2",TRUE
"SPHKAP",FALSE
"SPI1",TRUE
"SPIB",TRUE
"SPIC",FALSE
"SPICE1",TRUE
"SPICP3",TRUE
"SPICP4",FALSE
"SPICP5",FALSE
"SPIDR",TRUE
"SPIN1",TRUE
"SPIN2A",FALSE
"SPIN2B",TRUE
"SPIN2P1",FALSE
"SPIN3",TRUE
"SPIN4",TRUE
"SPINDOC",TRUE
"SPINK1",TRUE
"SPINK13",FALSE
"SPINK14",FALSE
"SPINK2",FALSE
"SPINK4",FALSE
"SPINK5",TRUE
"SPINK6",FALSE
"SPINK7",FALSE
"SPINK8",FALSE
"SPINK9",FALSE
"SPINT1",TRUE
"SPINT1-AS1",TRUE
"SPINT2",TRUE
"SPINT3",FALSE
"SPINT4",FALSE
"SPIRE1",TRUE
"SPIRE2",TRUE
"SPMAP1",FALSE
"SPMAP2",FALSE
"SPMAP2L",FALSE
"SPMIP1",TRUE
"SPMIP10",FALSE
"SPMIP11",FALSE
"SPMIP2",FALSE
"SPMIP3",FALSE
"SPMIP3P1",FALSE
"SPMIP4",TRUE
"SPMIP5",TRUE
"SPMIP6",TRUE
"SPMIP7",FALSE
"SPMIP8",FALSE
"SPMIP9",FALSE
"SPN",TRUE
"SPNS1",TRUE
"SPNS2",TRUE
"SPNS3",TRUE
"SPO11",FALSE
"SPOCD1",TRUE
"SPOCK1",TRUE
"SPOCK2",TRUE
"SPOCK3",FALSE
"SPON1",TRUE
"SPON2",TRUE
"SPOP",TRUE
"SPOPL",TRUE
"SPOUT1",TRUE
"SPP1",TRUE
"SPP2",FALSE
"SPPL2A",TRUE
"SPPL2B",TRUE
"SPPL2C",FALSE
"SPPL3",TRUE
"SPR",TRUE
"SPRED1",TRUE
"SPRED2",TRUE
"SPRED3",TRUE
"SPRING1",TRUE
"SPRING1P3",FALSE
"SPRN",TRUE
"SPRR1A",TRUE
"SPRR1B",FALSE
"SPRR2A",FALSE
"SPRR2B",FALSE
"SPRR2D",FALSE
"SPRR2E",FALSE
"SPRR2F",FALSE
"SPRR2G",FALSE
"SPRR3",FALSE
"SPRR4",FALSE
"SPRTN",TRUE
"SPRY1",TRUE
"SPRY2",TRUE
"SPRY3",TRUE
"SPRY4",TRUE
"SPRYD3",TRUE
"SPRYD4",TRUE
"SPRYD7",TRUE
"SPRYD7P1",FALSE
"SPSB1",TRUE
"SPSB3",TRUE
"SPSB4",TRUE
"SPTA1",FALSE
"SPTAN1",TRUE
"SPTB",TRUE
"SPTBN1",TRUE
"SPTBN2",TRUE
"SPTBN4",TRUE
"SPTBN5",TRUE
"SPTLC1",TRUE
"SPTLC1P1",TRUE
"SPTLC1P3",FALSE
"SPTLC1P4",FALSE
"SPTLC1P5",FALSE
"SPTLC2",TRUE
"SPTLC3",TRUE
"SPTSSA",TRUE
"SPTSSB",TRUE
"SPTY2D1",TRUE
"SPX",TRUE
"SPZ1",FALSE
"SQLE",TRUE
"SQLE-DT",FALSE
"SQOR",TRUE
"SQSTM1",TRUE
"SQSTM1P1",FALSE
"SRA1",TRUE
"SRARP",FALSE
"SRBD1",TRUE
"SRC",TRUE
"SRCAP",TRUE
"SRCIN1",TRUE
"SRD5A1",TRUE
"SRD5A2",FALSE
"SRD5A2P1",FALSE
"SRD5A3",TRUE
"SRD5A3-AS1",TRUE
"SREBF1",TRUE
"SREBF2",TRUE
"SREK1",TRUE
"SREK1IP1",TRUE
"SREK1IP1P2",FALSE
"SRF",TRUE
"SRFBP1",TRUE
"SRGAP1",TRUE
"SRGAP2",TRUE
"SRGAP2-AS1",FALSE
"SRGAP2B",TRUE
"SRGAP2C",TRUE
"SRGAP3",TRUE
"SRGAP3-AS2",TRUE
"SRGAP3-AS3",FALSE
"SRGAP3-AS4",FALSE
"SRGN",TRUE
"SRGNP1",FALSE
"SRI",TRUE
"SRI-AS1",FALSE
"SRIP3",FALSE
"SRL",TRUE
"SRM",TRUE
"SRMS",TRUE
"SRP14",TRUE
"SRP14-DT",TRUE
"SRP14P2",FALSE
"SRP14P3",FALSE
"SRP14P4",FALSE
"SRP14P5",FALSE
"SRP19",TRUE
"SRP54",TRUE
"SRP68",TRUE
"SRP68P1",FALSE
"SRP68P2",FALSE
"SRP68P3",FALSE
"SRP72",TRUE
"SRP72P1",FALSE
"SRP72P2",FALSE
"SRP9",TRUE
"SRPK1",TRUE
"SRPK2",TRUE
"SRPK2P1",FALSE
"SRPK3",TRUE
"SRPRA",TRUE
"SRPRB",TRUE
"SRPX",TRUE
"SRPX2",TRUE
"SRR",TRUE
"SRRD",TRUE
"SRRM1",TRUE
"SRRM1P1",FALSE
"SRRM2",TRUE
"SRRM2-AS1",TRUE
"SRRM3",TRUE
"SRRM4",FALSE
"SRRM4-AS1",FALSE
"SRRM5",TRUE
"SRRT",TRUE
"SRSF1",TRUE
"SRSF10",TRUE
"SRSF11",TRUE
"SRSF12",TRUE
"SRSF2",TRUE
"SRSF2P1",FALSE
"SRSF3",TRUE
"SRSF4",TRUE
"SRSF5",TRUE
"SRSF6",TRUE
"SRSF7",TRUE
"SRSF8",TRUE
"SRSF9",TRUE
"SRXN1",TRUE
"SRY",FALSE
"SS18",TRUE
"SS18L1",TRUE
"SS18L2",TRUE
"SSB",TRUE
"SSBL3P",FALSE
"SSBL5P",FALSE
"SSBL6P",FALSE
"SSBP1",TRUE
"SSBP2",TRUE
"SSBP3",TRUE
"SSBP3-AS1",TRUE
"SSBP3P3",FALSE
"SSBP3P4",FALSE
"SSBP3P5",FALSE
"SSBP3P6",FALSE
"SSBP4",TRUE
"SSC4D",TRUE
"SSC5D",TRUE
"SSH1",TRUE
"SSH2",TRUE
"SSH3",TRUE
"SSMEM1",FALSE
"SSNA1",TRUE
"SSPN",TRUE
"SSPN-AS1",FALSE
"SSPOP",TRUE
"SSR1",TRUE
"SSR1P1",FALSE
"SSR1P2",FALSE
"SSR2",TRUE
"SSR3",TRUE
"SSR4",TRUE
"SSRP1",TRUE
"SST",TRUE
"SSTR1",TRUE
"SSTR2",TRUE
"SSTR3",TRUE
"SSTR4",FALSE
"SSTR5",FALSE
"SSTR5-AS1",FALSE
"SSU72",TRUE
"SSU72-AS1",TRUE
"SSU72L6",FALSE
"SSU72P1",FALSE
"SSU72P6",FALSE
"SSUH2",FALSE
"SSX1",FALSE
"SSX13P",FALSE
"SSX18P",FALSE
"SSX2",FALSE
"SSX20P",FALSE
"SSX21P",FALSE
"SSX2B",FALSE
"SSX2IP",TRUE
"SSX3",FALSE
"SSX5",FALSE
"SSX7",FALSE
"ST13",TRUE
"ST13P12",FALSE
"ST13P15",TRUE
"ST13P17",FALSE
"ST13P19",FALSE
"ST13P20",FALSE
"ST13P9",FALSE
"ST14",TRUE
"ST18",TRUE
"ST18-AS3",FALSE
"ST20",TRUE
"ST20-MTHFS",FALSE
"ST3GAL1",TRUE
"ST3GAL2",TRUE
"ST3GAL3",TRUE
"ST3GAL3-AS1",FALSE
"ST3GAL4",TRUE
"ST3GAL5",TRUE
"ST3GAL6",TRUE
"ST6GAL1",TRUE
"ST6GAL2",TRUE
"ST6GALNAC1",TRUE
"ST6GALNAC2",TRUE
"ST6GALNAC2P1",FALSE
"ST6GALNAC3",TRUE
"ST6GALNAC4",TRUE
"ST6GALNAC4P1",FALSE
"ST6GALNAC5",FALSE
"ST6GALNAC6",TRUE
"ST7-AS1",TRUE
"ST7-AS2",FALSE
"ST7-OT4",FALSE
"ST7L",TRUE
"ST8SIA1",TRUE
"ST8SIA2",FALSE
"ST8SIA3",TRUE
"ST8SIA4",TRUE
"ST8SIA5",FALSE
"ST8SIA5-DT",FALSE
"ST8SIA6",FALSE
"ST8SIA6-AS1",FALSE
"STAB1",TRUE
"STAB2",TRUE
"STAC",TRUE
"STAC2",FALSE
"STAC3",TRUE
"STAG1",TRUE
"STAG1-DT",FALSE
"STAG2",TRUE
"STAG3",TRUE
"STAM",TRUE
"STAM-DT",TRUE
"STAM2",TRUE
"STAMBP",TRUE
"STAMBPL1",TRUE
"STAP1",FALSE
"STAP2",TRUE
"STAR",TRUE
"STARD10",TRUE
"STARD13",TRUE
"STARD13-AS",TRUE
"STARD3",TRUE
"STARD3NL",TRUE
"STARD4",TRUE
"STARD4-AS1",TRUE
"STARD5",TRUE
"STARD6",FALSE
"STARD7",TRUE
"STARD8",TRUE
"STARD9",TRUE
"STAT1",TRUE
"STAT2",TRUE
"STAT3",TRUE
"STAT4",TRUE
"STAT4-AS1",FALSE
"STAT5A",TRUE
"STAT5B",TRUE
"STAT6",TRUE
"STATH",FALSE
"STAU1",TRUE
"STAU2",TRUE
"STAU2-AS1",FALSE
"STBD1",TRUE
"STBD1P1",FALSE
"STC1",TRUE
"STC2",TRUE
"STEAP1",TRUE
"STEAP1B-AS1",TRUE
"STEAP2",TRUE
"STEAP2-AS1",FALSE
"STEAP3",TRUE
"STEAP3-AS1",FALSE
"STEAP4",TRUE
"STEEP1",TRUE
"STH",FALSE
"STIL",TRUE
"STIM1",TRUE
"STIM1-AS1",FALSE
"STIM2",TRUE
"STIM2-AS1",TRUE
"STIMATE",TRUE
"STIMATE-MUSTN1",TRUE
"STING1",TRUE
"STIP1",TRUE
"STK10",TRUE
"STK11",TRUE
"STK11IP",TRUE
"STK16",TRUE
"STK17A",TRUE
"STK17B",TRUE
"STK24",TRUE
"STK25",TRUE
"STK26",TRUE
"STK3",TRUE
"STK31",TRUE
"STK32A",TRUE
"STK32B",TRUE
"STK32C",TRUE
"STK33",TRUE
"STK33P1",FALSE
"STK35",TRUE
"STK36",TRUE
"STK38",TRUE
"STK38L",TRUE
"STK39",TRUE
"STK4",TRUE
"STK4-DT",FALSE
"STK40",TRUE
"STKLD1",TRUE
"STMN1",TRUE
"STMN2",TRUE
"STMN3",TRUE
"STMN4",FALSE
"STMND1",TRUE
"STMP1",TRUE
"STN1",TRUE
"STOM",TRUE
"STOML1",TRUE
"STOML2",TRUE
"STOML3",FALSE
"STON1",TRUE
"STON1-GTF2A1L",FALSE
"STON2",TRUE
"STOX1",TRUE
"STOX2",TRUE
"STPG1",TRUE
"STPG2",TRUE
"STPG2-AS1",FALSE
"STPG3",FALSE
"STPG3-AS1",FALSE
"STPG4",FALSE
"STRA6",TRUE
"STRA8",FALSE
"STRADA",TRUE
"STRADB",TRUE
"STRAP",TRUE
"STRBP",TRUE
"STRC",FALSE
"STRIP1",TRUE
"STRIP2",TRUE
"STRIT1",FALSE
"STRN",TRUE
"STRN3",TRUE
"STRN4",TRUE
"STS",TRUE
"STSP1",FALSE
"STT3A",TRUE
"STT3B",TRUE
"STUB1",TRUE
"STUB1-DT",FALSE
"STUM",TRUE
"STX10",TRUE
"STX11",TRUE
"STX12",TRUE
"STX16",TRUE
"STX16-NPEPL1",TRUE
"STX17",TRUE
"STX18",TRUE
"STX18-AS1",TRUE
"STX18-IT1",FALSE
"STX18P1",FALSE
"STX19",TRUE
"STX1A",TRUE
"STX1B",TRUE
"STX2",TRUE
"STX3",TRUE
"STX4",TRUE
"STX5",TRUE
"STX5-DT",FALSE
"STX6",TRUE
"STX7",TRUE
"STX8",TRUE
"STXBP1",TRUE
"STXBP2",TRUE
"STXBP3",TRUE
"STXBP4",TRUE
"STXBP5",TRUE
"STXBP5-AS1",TRUE
"STXBP5L",TRUE
"STXBP6",TRUE
"STYK1",TRUE
"STYX",TRUE
"STYXL1",TRUE
"STYXL2",FALSE
"SUB1",TRUE
"SUCLA2",TRUE
"SUCLA2-AS1",FALSE
"SUCLA2P2",FALSE
"SUCLG1",TRUE
"SUCLG2",TRUE
"SUCLG2-DT",TRUE
"SUCNR1",TRUE
"SUCO",TRUE
"SUDS3",TRUE
"SUFU",TRUE
"SUGCT",TRUE
"SUGCT-AS1",TRUE
"SUGP1",TRUE
"SUGP2",TRUE
"SUGT1",TRUE
"SUGT1-DT",TRUE
"SUGT1P1",FALSE
"SUGT1P2",FALSE
"SUGT1P4-STRA6LP",TRUE
"SUGT1P4-STRA6LP-CCDC180",FALSE
"SULF1",TRUE
"SULF2",TRUE
"SULT1A1",TRUE
"SULT1A2",TRUE
"SULT1A4",FALSE
"SULT1B1",TRUE
"SULT1C2",TRUE
"SULT1C2P2",FALSE
"SULT1C3",FALSE
"SULT1C4",TRUE
"SULT1D1P",FALSE
"SULT1D1P2",FALSE
"SULT1E1",TRUE
"SULT2A1",FALSE
"SULT2B1",TRUE
"SULT4A1",FALSE
"SULT6B1",FALSE
"SUMF2",TRUE
"SUMO1",TRUE
"SUMO2",TRUE
"SUMO2P12",FALSE
"SUMO2P13",FALSE
"SUMO2P14",FALSE
"SUMO2P15",FALSE
"SUMO2P16",FALSE
"SUMO2P19",FALSE
"SUMO2P5",FALSE
"SUMO3",TRUE
"SUMO4",TRUE
"SUN1",TRUE
"SUN2",TRUE
"SUN3",FALSE
"SUN5",FALSE
"SUOX",TRUE
"SUPT16H",TRUE
"SUPT16HP1",TRUE
"SUPT20H",TRUE
"SUPT20HL1",FALSE
"SUPT20HL2",FALSE
"SUPT3H",TRUE
"SUPT4H1",TRUE
"SUPT5H",TRUE
"SUPT6H",TRUE
"SUPT7L",TRUE
"SUPV3L1",TRUE
"SURF1",TRUE
"SURF2",TRUE
"SURF4",TRUE
"SURF6",TRUE
"SUSD1",TRUE
"SUSD2",TRUE
"SUSD2P1",FALSE
"SUSD2P2",FALSE
"SUSD3",TRUE
"SUSD4",TRUE
"SUSD5",TRUE
"SUSD6",TRUE
"SUV39H1",TRUE
"SUV39H2",TRUE
"SUZ12",TRUE
"SV2A",TRUE
"SV2B",TRUE
"SV2C",TRUE
"SVBP",TRUE
"SVEP1",TRUE
"SVIL",TRUE
"SVIP",TRUE
"SVOP",TRUE
"SVOPL",FALSE
"SWAP70",TRUE
"SWI5",TRUE
"SWSAP1",TRUE
"SWT1",TRUE
"SYAP1",TRUE
"SYBU",TRUE
"SYCE1",FALSE
"SYCE1L",TRUE
"SYCE2",TRUE
"SYCE3",FALSE
"SYCN",TRUE
"SYCP1",FALSE
"SYCP2",TRUE
"SYCP2L",TRUE
"SYCP3",TRUE
"SYDE1",TRUE
"SYDE2",TRUE
"SYF2",TRUE
"SYF2P1",FALSE
"SYF2P2",FALSE
"SYK",TRUE
"SYMPK",TRUE
"SYN1",TRUE
"SYN2",TRUE
"SYN3",FALSE
"SYNAGE",FALSE
"SYNC",TRUE
"SYNCRIP",TRUE
"SYNCRIPP1",TRUE
"SYNDIG1",TRUE
"SYNDIG1L",FALSE
"SYNE1",TRUE
"SYNE1-AS1",FALSE
"SYNE1-AS2",FALSE
"SYNE2",TRUE
"SYNE3",TRUE
"SYNE3-AS1",FALSE
"SYNE4",TRUE
"SYNGAP1",TRUE
"SYNGR1",TRUE
"SYNGR2",TRUE
"SYNGR3",TRUE
"SYNGR4",FALSE
"SYNJ1",TRUE
"SYNJ2",TRUE
"SYNJ2-IT1",FALSE
"SYNJ2BP",TRUE
"SYNJ2BP-COX16",FALSE
"SYNM",TRUE
"SYNPO",TRUE
"SYNPO2",TRUE
"SYNPO2L",FALSE
"SYNPO2L-AS1",FALSE
"SYNPR",TRUE
"SYNPR-AS1",FALSE
"SYNRG",TRUE
"SYP",TRUE
"SYP-AS1",FALSE
"SYPL1",TRUE
"SYPL1P1",FALSE
"SYPL1P2",FALSE
"SYPL2",TRUE
"SYS1",TRUE
"SYS1-DBNDD2",FALSE
"SYT1",FALSE
"SYT10",FALSE
"SYT11",TRUE
"SYT12",TRUE
"SYT13",TRUE
"SYT14",TRUE
"SYT15",TRUE
"SYT15B",TRUE
"SYT16",TRUE
"SYT17",TRUE
"SYT2",TRUE
"SYT3",TRUE
"SYT4",TRUE
"SYT5",TRUE
"SYT6",TRUE
"SYT7",TRUE
"SYT8",TRUE
"SYT9",TRUE
"SYT9-AS1",TRUE
"SYTL1",TRUE
"SYTL2",TRUE
"SYTL3",TRUE
"SYTL4",TRUE
"SYTL5",TRUE
"SYVN1",TRUE
"SZRD1",TRUE
"SZT2",TRUE
"SZT2-AS1",FALSE
"TAAR1",FALSE
"TAAR2",FALSE
"TAAR3P",FALSE
"TAAR4P",FALSE
"TAAR5",FALSE
"TAAR6",FALSE
"TAAR7P",FALSE
"TAAR8",FALSE
"TAAR9",FALSE
"TAB1",TRUE
"TAB2",TRUE
"TAB2-AS1",FALSE
"TAB3",TRUE
"TAB3P1",FALSE
"TAC1",TRUE
"TAC3",FALSE
"TAC4",FALSE
"TACC1",TRUE
"TACC2",TRUE
"TACC3",TRUE
"TACO1",TRUE
"TACR1",FALSE
"TACR1-AS1",TRUE
"TACR2",TRUE
"TACR3",FALSE
"TACR3-AS1",FALSE
"TACSTD2",TRUE
"TADA1",TRUE
"TADA2A",TRUE
"TADA2B",TRUE
"TADA3",TRUE
"TAF1",TRUE
"TAF10",TRUE
"TAF11",TRUE
"TAF11L12",FALSE
"TAF11L14",FALSE
"TAF12",TRUE
"TAF13",TRUE
"TAF13P2",FALSE
"TAF15",TRUE
"TAF1A",TRUE
"TAF1A-AS1",TRUE
"TAF1B",TRUE
"TAF1C",TRUE
"TAF1D",TRUE
"TAF1L",FALSE
"TAF2",TRUE
"TAF3",TRUE
"TAF4",TRUE
"TAF4B",TRUE
"TAF5",TRUE
"TAF5L",TRUE
"TAF5LP1",FALSE
"TAF6",TRUE
"TAF6L",TRUE
"TAF7",TRUE
"TAF7L",FALSE
"TAF8",TRUE
"TAF9",TRUE
"TAF9B",TRUE
"TAF9BP2",FALSE
"TAFA1",FALSE
"TAFA2",TRUE
"TAFA3",FALSE
"TAFA4",FALSE
"TAFA5",TRUE
"TAFAZZIN",TRUE
"TAGAP",TRUE
"TAGAP-AS1",TRUE
"TAGLN",TRUE
"TAGLN2",TRUE
"TAGLN2P2",FALSE
"TAGLN3",FALSE
"TAL1",FALSE
"TAL2",FALSE
"TALDO1",TRUE
"TAMALIN",TRUE
"TAMM41",TRUE
"TANAR",FALSE
"TANC1",TRUE
"TANC2",TRUE
"TANGO2",TRUE
"TANGO6",TRUE
"TANK",TRUE
"TAOK1",TRUE
"TAOK2",TRUE
"TAOK3",TRUE
"TAP1",TRUE
"TAP2",TRUE
"TAPBP",TRUE
"TAPBPL",TRUE
"TAPT1",TRUE
"TAPT1-AS1",TRUE
"TARBP1",TRUE
"TARBP2",TRUE
"TARDBP",TRUE
"TARDBPP2",FALSE
"TARID",FALSE
"TARM1",FALSE
"TARS1",TRUE
"TARS2",TRUE
"TARS2P1",FALSE
"TARS3",TRUE
"TAS1R1",FALSE
"TAS1R2",FALSE
"TAS1R3",TRUE
"TAS2R1",FALSE
"TAS2R10",FALSE
"TAS2R12P",FALSE
"TAS2R13",FALSE
"TAS2R15P",FALSE
"TAS2R16",FALSE
"TAS2R18P",FALSE
"TAS2R19",FALSE
"TAS2R2",FALSE
"TAS2R20",FALSE
"TAS2R3",FALSE
"TAS2R30",FALSE
"TAS2R31",FALSE
"TAS2R38",FALSE
"TAS2R39",FALSE
"TAS2R4",TRUE
"TAS2R40",FALSE
"TAS2R41",FALSE
"TAS2R42",FALSE
"TAS2R46",FALSE
"TAS2R5",TRUE
"TAS2R50",FALSE
"TAS2R60",FALSE
"TAS2R62P",FALSE
"TAS2R63P",FALSE
"TAS2R64P",FALSE
"TAS2R6P",FALSE
"TAS2R7",FALSE
"TAS2R8",FALSE
"TAS2R9",FALSE
"TASL",FALSE
"TASOR",TRUE
"TASOR2",TRUE
"TASP1",TRUE
"TAT",TRUE
"TAT-AS1",FALSE
"TATDN1",TRUE
"TATDN1P1",FALSE
"TATDN2",TRUE
"TATDN2P1",FALSE
"TATDN3",TRUE
"TAX1BP1",TRUE
"TAX1BP1-AS1",FALSE
"TAX1BP3",TRUE
"TBATA",FALSE
"TBC1D1",TRUE
"TBC1D10A",TRUE
"TBC1D10B",TRUE
"TBC1D10C",TRUE
"TBC1D12",TRUE
"TBC1D13",TRUE
"TBC1D14",TRUE
"TBC1D15",TRUE
"TBC1D16",TRUE
"TBC1D17",TRUE
"TBC1D19",TRUE
"TBC1D2",TRUE
"TBC1D20",TRUE
"TBC1D21",FALSE
"TBC1D22A",TRUE
"TBC1D22A-AS1",FALSE
"TBC1D22A-DT",TRUE
"TBC1D22B",TRUE
"TBC1D23",TRUE
"TBC1D24",TRUE
"TBC1D25",TRUE
"TBC1D26",FALSE
"TBC1D28",FALSE
"TBC1D2B",TRUE
"TBC1D30",TRUE
"TBC1D31",TRUE
"TBC1D32",TRUE
"TBC1D3C",FALSE
"TBC1D3D",FALSE
"TBC1D3E",FALSE
"TBC1D3F",FALSE
"TBC1D3G",FALSE
"TBC1D3H",FALSE
"TBC1D3I",FALSE
"TBC1D3JP",FALSE
"TBC1D3P1",FALSE
"TBC1D3P1-DHX40P1",FALSE
"TBC1D3P3",FALSE
"TBC1D3P7",FALSE
"TBC1D4",TRUE
"TBC1D5",TRUE
"TBC1D8",TRUE
"TBC1D8-AS1",TRUE
"TBC1D8B",TRUE
"TBC1D9",TRUE
"TBC1D9-AS1",FALSE
"TBC1D9B",TRUE
"TBCA",TRUE
"TBCB",TRUE
"TBCC",TRUE
"TBCCD1",TRUE
"TBCD",TRUE
"TBCEL",TRUE
"TBCK",TRUE
"TBILA",TRUE
"TBK1",TRUE
"TBKBP1",TRUE
"TBL1X",TRUE
"TBL1XR1",TRUE
"TBL1Y",TRUE
"TBL1YP1",FALSE
"TBL2",TRUE
"TBL3",TRUE
"TBP",TRUE
"TBPL1",TRUE
"TBPL2",FALSE
"TBR1",FALSE
"TBRG1",TRUE
"TBRG4",TRUE
"TBX1",FALSE
"TBX10",FALSE
"TBX15",FALSE
"TBX18",TRUE
"TBX18-AS1",FALSE
"TBX19",TRUE
"TBX2",TRUE
"TBX20",FALSE
"TBX21",FALSE
"TBX22",FALSE
"TBX3",TRUE
"TBX3-AS1",FALSE
"TBX4",FALSE
"TBX5",FALSE
"TBX5-AS1",FALSE
"TBX6",TRUE
"TBXA2R",TRUE
"TBXAS1",TRUE
"TBXT",FALSE
"TC2N",TRUE
"TCAF1",TRUE
"TCAF2",TRUE
"TCAIM",TRUE
"TCAP",TRUE
"TCEA2",TRUE
"TCEA3",TRUE
"TCEAL1",TRUE
"TCEAL2",TRUE
"TCEAL3",TRUE
"TCEAL4",TRUE
"TCEAL4P1",FALSE
"TCEAL5",FALSE
"TCEAL6",FALSE
"TCEAL7",TRUE
"TCEAL8",TRUE
"TCEAL8P1",FALSE
"TCEAL9",TRUE
"TCEAL9P1",FALSE
"TCEANC",TRUE
"TCEANC2",TRUE
"TCERG1",TRUE
"TCERG1L",FALSE
"TCERG1P1",FALSE
"TCERG1P2",FALSE
"TCF12",TRUE
"TCF15",FALSE
"TCF19",TRUE
"TCF20",TRUE
"TCF21",TRUE
"TCF23",FALSE
"TCF24",FALSE
"TCF25",TRUE
"TCF3",TRUE
"TCF4",TRUE
"TCF4-AS1",FALSE
"TCF7",TRUE
"TCF7L1",TRUE
"TCF7L1-IT1",FALSE
"TCF7L2",TRUE
"TCFL5",TRUE
"TCHH",TRUE
"TCHHL1",FALSE
"TCHP",TRUE
"TCIM",TRUE
"TCIRG1",TRUE
"TCL1A",FALSE
"TCL1B",FALSE
"TCN1",TRUE
"TCN2",TRUE
"TCOF1",TRUE
"TCP1",TRUE
"TCP10L",TRUE
"TCP11",FALSE
"TCP11L1",TRUE
"TCP11L2",TRUE
"TCP11X1",FALSE
"TCP11X2",FALSE
"TCP11X3P",FALSE
"TCP1P2",FALSE
"TCP1P3",FALSE
"TCTA",TRUE
"TCTN1",TRUE
"TCTN2",TRUE
"TCTN3",TRUE
"TDG",TRUE
"TDH",TRUE
"TDH-AS1",TRUE
"TDO2",TRUE
"TDP1",TRUE
"TDP2",TRUE
"TDRD1",TRUE
"TDRD10",FALSE
"TDRD12",FALSE
"TDRD15",FALSE
"TDRD3",TRUE
"TDRD5",TRUE
"TDRD6",TRUE
"TDRD6-AS1",FALSE
"TDRD7",TRUE
"TDRD9",TRUE
"TDRG1",FALSE
"TDRKH",TRUE
"TDRKH-AS1",TRUE
"TDRP",TRUE
"TEAD1",TRUE
"TEAD1-AS1",FALSE
"TEAD2",TRUE
"TEAD3",TRUE
"TEAD4",TRUE
"TEC",TRUE
"TECPR1",TRUE
"TECPR2",TRUE
"TECR",TRUE
"TECRL",FALSE
"TECRP2",FALSE
"TECTB",FALSE
"TEDC1",TRUE
"TEDC2",TRUE
"TEDC2-AS1",FALSE
"TEDDM1",FALSE
"TEF",TRUE
"TEFM",TRUE
"TEK",TRUE
"TEKT1",FALSE
"TEKT2",TRUE
"TEKT3",FALSE
"TEKT4",FALSE
"TEKT4P3",FALSE
"TEKT5",TRUE
"TEKTIP1",TRUE
"TEKTL1",FALSE
"TELO2",TRUE
"TEN1",FALSE
"TEN1-CDK3",TRUE
"TENM1",FALSE
"TENM2",TRUE
"TENM3",TRUE
"TENM4",TRUE
"TENM4-AS1",FALSE
"TENT2",TRUE
"TENT4A",TRUE
"TENT4B",TRUE
"TENT5A",TRUE
"TENT5B",TRUE
"TENT5C",TRUE
"TENT5C-DT",FALSE
"TENT5D",FALSE
"TEP1",TRUE
"TEPSIN",TRUE
"TERB1",FALSE
"TERB2",FALSE
"TERC",FALSE
"TERF1",TRUE
"TERF1P7",TRUE
"TERF2",TRUE
"TERLR1",TRUE
"TERT",FALSE
"TES",TRUE
"TESC",TRUE
"TESK1",TRUE
"TESK2",TRUE
"TESMIN",TRUE
"TESPA1",FALSE
"TET1",TRUE
"TET2",TRUE
"TET3",TRUE
"TEX10",TRUE
"TEX101",FALSE
"TEX11",TRUE
"TEX12",FALSE
"TEX13A",FALSE
"TEX13B",FALSE
"TEX13C",FALSE
"TEX13D",FALSE
"TEX14",TRUE
"TEX15",FALSE
"TEX19",FALSE
"TEX2",TRUE
"TEX22",TRUE
"TEX26",FALSE
"TEX26-AS1",FALSE
"TEX26-AS2",FALSE
"TEX261",TRUE
"TEX264",TRUE
"TEX28",FALSE
"TEX28P1",FALSE
"TEX28P2",FALSE
"TEX28P3",FALSE
"TEX29",FALSE
"TEX30",TRUE
"TEX35",FALSE
"TEX36",FALSE
"TEX36-AS1",FALSE
"TEX38",FALSE
"TEX41",FALSE
"TEX44",FALSE
"TEX46",FALSE
"TEX47",FALSE
"TEX48",FALSE
"TEX50",FALSE
"TEX51",FALSE
"TEX53",FALSE
"TEX55",FALSE
"TEX9",TRUE
"TF",TRUE
"TFAM",TRUE
"TFAP2A",TRUE
"TFAP2B",FALSE
"TFAP2C",TRUE
"TFAP2D",FALSE
"TFAP2E",TRUE
"TFAP2E-AS1",FALSE
"TFAP4",TRUE
"TFB1M",TRUE
"TFB2M",TRUE
"TFB2MP1",FALSE
"TFCP2",TRUE
"TFCP2L1",TRUE
"TFDP1",TRUE
"TFDP2",TRUE
"TFDP3",FALSE
"TFE3",TRUE
"TFEB",TRUE
"TFEC",TRUE
"TFF1",TRUE
"TFF2",FALSE
"TFF3",TRUE
"TFG",TRUE
"TFGP1",FALSE
"TFIP11",TRUE
"TFIP11-DT",TRUE
"TFPI",TRUE
"TFPI2",TRUE
"TFPT",TRUE
"TFR2",TRUE
"TFRC",TRUE
"TG",TRUE
"TGDS",TRUE
"TGFA",TRUE
"TGFA-IT1",FALSE
"TGFB1",TRUE
"TGFB1I1",TRUE
"TGFB2",TRUE
"TGFB2-OT1",FALSE
"TGFB3",TRUE
"TGFBI",TRUE
"TGFBR1",TRUE
"TGFBR2",TRUE
"TGFBR3",TRUE
"TGFBR3L",FALSE
"TGFBRAP1",TRUE
"TGIF1",TRUE
"TGIF2",TRUE
"TGIF2-RAB5IF",FALSE
"TGIF2LX",FALSE
"TGIF2LY",FALSE
"TGILR",TRUE
"TGM1",TRUE
"TGM2",TRUE
"TGM3",TRUE
"TGM4",FALSE
"TGM5",FALSE
"TGM6",FALSE
"TGM7",FALSE
"TGOLN2",TRUE
"TGS1",TRUE
"TH",FALSE
"TH2LCRR",FALSE
"THADA",TRUE
"THAP1",TRUE
"THAP10",TRUE
"THAP11",TRUE
"THAP12",TRUE
"THAP12P10",FALSE
"THAP12P3",FALSE
"THAP12P5",FALSE
"THAP12P8",FALSE
"THAP2",TRUE
"THAP3",TRUE
"THAP4",TRUE
"THAP5",TRUE
"THAP6",TRUE
"THAP7",TRUE
"THAP7-AS1",TRUE
"THAP8",TRUE
"THAP9",TRUE
"THAP9-AS1",TRUE
"THBD",TRUE
"THBS1",TRUE
"THBS2",TRUE
"THBS3",TRUE
"THBS3-AS1",TRUE
"THBS4",TRUE
"THBS4-AS1",TRUE
"THEM4",TRUE
"THEM5",TRUE
"THEM6",TRUE
"THEMIS",FALSE
"THEMIS2",TRUE
"THG1L",TRUE
"THNSL1",TRUE
"THNSL2",TRUE
"THOC1",TRUE
"THOC2",TRUE
"THOC3",TRUE
"THOC5",TRUE
"THOC6",TRUE
"THOC7",TRUE
"THOC7-AS1",FALSE
"THOP1",TRUE
"THPO",TRUE
"THRA",TRUE
"THRAP3",TRUE
"THRAP3P1",FALSE
"THRAP3P2",FALSE
"THRAP3P3",FALSE
"THRB",TRUE
"THRIL",FALSE
"THRSP",FALSE
"THSD1",TRUE
"THSD4",TRUE
"THSD4-AS1",FALSE
"THSD7A",TRUE
"THSD7B",FALSE
"THTPA",TRUE
"THUMPD1",TRUE
"THUMPD2",TRUE
"THUMPD3",TRUE
"THUMPD3-AS1",TRUE
"THY1",TRUE
"THYN1",TRUE
"TIA1",TRUE
"TIAL1",TRUE
"TIAL1P1",FALSE
"TIALD",FALSE
"TIAM1",TRUE
"TIAM1-AS1",FALSE
"TIAM2",TRUE
"TICAM1",TRUE
"TICAM2",FALSE
"TICRR",TRUE
"TIE1",TRUE
"TIFA",TRUE
"TIFAB",FALSE
"TIFAB-AS1",FALSE
"TIGAR",TRUE
"TIGD1",TRUE
"TIGD2",TRUE
"TIGD3",TRUE
"TIGD4",TRUE
"TIGD5",TRUE
"TIGD6",TRUE
"TIGD7",TRUE
"TIGIT",FALSE
"TILRLS",FALSE
"TIMCC",TRUE
"TIMD4",FALSE
"TIMELESS",TRUE
"TIMM10",TRUE
"TIMM10B",TRUE
"TIMM13",TRUE
"TIMM17A",TRUE
"TIMM17B",TRUE
"TIMM21",TRUE
"TIMM22",TRUE
"TIMM23",TRUE
"TIMM23B",TRUE
"TIMM23B-AGAP6",TRUE
"TIMM29",TRUE
"TIMM44",TRUE
"TIMM50",TRUE
"TIMM8A",TRUE
"TIMM8B",TRUE
"TIMM9",TRUE
"TIMMDC1",TRUE
"TIMP1",TRUE
"TIMP2",TRUE
"TIMP3",TRUE
"TIMP4",TRUE
"TINAG",FALSE
"TINAGL1",TRUE
"TINCR",FALSE
"TINF2",TRUE
"TIPARP",TRUE
"TIPIN",TRUE
"TIPRL",TRUE
"TIRAP",TRUE
"TIRAP-AS1",TRUE
"TJAP1",TRUE
"TJP1",TRUE
"TJP2",TRUE
"TJP3",TRUE
"TK1",TRUE
"TK2",TRUE
"TKFC",TRUE
"TKT",TRUE
"TKTL1",FALSE
"TKTL2",FALSE
"TLCD1",TRUE
"TLCD2",TRUE
"TLCD3A",TRUE
"TLCD3B",FALSE
"TLCD4",TRUE
"TLCD4-RWDD3",TRUE
"TLCD5",TRUE
"TLDC2",TRUE
"TLE1",TRUE
"TLE1-DT",FALSE
"TLE2",TRUE
"TLE3",TRUE
"TLE4",TRUE
"TLE5",TRUE
"TLE6",TRUE
"TLE7",FALSE
"TLK1",TRUE
"TLK2",TRUE
"TLK2P1",TRUE
"TLK2P2",FALSE
"TLL1",TRUE
"TLL2",TRUE
"TLN1",TRUE
"TLN2",TRUE
"TLNRD1",TRUE
"TLR1",TRUE
"TLR10",FALSE
"TLR12P",FALSE
"TLR2",TRUE
"TLR3",TRUE
"TLR4",TRUE
"TLR5",TRUE
"TLR6",TRUE
"TLR7",TRUE
"TLR8",TRUE
"TLR8-AS1",FALSE
"TLR9",FALSE
"TLX1",FALSE
"TLX1NB",FALSE
"TLX2",FALSE
"TLX3",FALSE
"TM2D1",TRUE
"TM2D2",TRUE
"TM2D3",TRUE
"TM4SF1",TRUE
"TM4SF1-AS1",TRUE
"TM4SF18",TRUE
"TM4SF18-AS1",FALSE
"TM4SF19",FALSE
"TM4SF19-AS1",TRUE
"TM4SF20",FALSE
"TM4SF4",TRUE
"TM4SF5",TRUE
"TM6SF1",TRUE
"TM6SF2",FALSE
"TM7SF2",TRUE
"TM7SF3",TRUE
"TM9SF1",TRUE
"TM9SF2",TRUE
"TM9SF3",TRUE
"TM9SF4",TRUE
"TMA16",TRUE
"TMA7",TRUE
"TMA7B",FALSE
"TMBIM1",TRUE
"TMBIM4",TRUE
"TMBIM6",TRUE
"TMC1",TRUE
"TMC2",FALSE
"TMC3",FALSE
"TMC4",TRUE
"TMC5",TRUE
"TMC5-AS1",FALSE
"TMC6",TRUE
"TMC7",TRUE
"TMC8",TRUE
"TMCC1",TRUE
"TMCC1-DT",TRUE
"TMCC2",TRUE
"TMCC3",TRUE
"TMCO1",TRUE
"TMCO2",FALSE
"TMCO4",TRUE
"TMCO5A",FALSE
"TMCO6",TRUE
"TMED1",TRUE
"TMED10",TRUE
"TMED2",TRUE
"TMED3",TRUE
"TMED4",TRUE
"TMED5",TRUE
"TMED6",TRUE
"TMED7",TRUE
"TMED7-TICAM2",FALSE
"TMED8",TRUE
"TMED9",TRUE
"TMEFF1",FALSE
"TMEFF2",FALSE
"TMEM100",TRUE
"TMEM101",TRUE
"TMEM102",TRUE
"TMEM105",FALSE
"TMEM106A",TRUE
"TMEM106B",TRUE
"TMEM106C",TRUE
"TMEM107",TRUE
"TMEM108",TRUE
"TMEM109",TRUE
"TMEM109-DT",FALSE
"TMEM11",TRUE
"TMEM11-DT",TRUE
"TMEM114",FALSE
"TMEM115",TRUE
"TMEM116",TRUE
"TMEM117",TRUE
"TMEM119",TRUE
"TMEM120A",TRUE
"TMEM120B",TRUE
"TMEM121",TRUE
"TMEM121B",TRUE
"TMEM123",TRUE
"TMEM123-DT",FALSE
"TMEM125",TRUE
"TMEM126A",TRUE
"TMEM126B",TRUE
"TMEM127",TRUE
"TMEM128",TRUE
"TMEM129",TRUE
"TMEM130",FALSE
"TMEM131",TRUE
"TMEM131L",TRUE
"TMEM132A",TRUE
"TMEM132B",TRUE
"TMEM132C",TRUE
"TMEM132D",FALSE
"TMEM132D-AS1",FALSE
"TMEM132D-AS2",FALSE
"TMEM132E",FALSE
"TMEM132E-DT",FALSE
"TMEM134",TRUE
"TMEM135",TRUE
"TMEM138",TRUE
"TMEM139",TRUE
"TMEM140",TRUE
"TMEM141",TRUE
"TMEM143",TRUE
"TMEM144",TRUE
"TMEM145",TRUE
"TMEM147",TRUE
"TMEM147-AS1",TRUE
"TMEM14A",TRUE
"TMEM14B",TRUE
"TMEM14B-DT",FALSE
"TMEM14C",TRUE
"TMEM150A",TRUE
"TMEM150B",TRUE
"TMEM150C",TRUE
"TMEM151A",TRUE
"TMEM151B",FALSE
"TMEM154",TRUE
"TMEM156",TRUE
"TMEM158",TRUE
"TMEM160",TRUE
"TMEM161A",TRUE
"TMEM161B",TRUE
"TMEM161B-DT",TRUE
"TMEM163",TRUE
"TMEM164",TRUE
"TMEM165",TRUE
"TMEM167A",TRUE
"TMEM167B",TRUE
"TMEM168",TRUE
"TMEM169",TRUE
"TMEM17",TRUE
"TMEM170A",TRUE
"TMEM170B",TRUE
"TMEM171",TRUE
"TMEM174",FALSE
"TMEM175",TRUE
"TMEM176A",TRUE
"TMEM176B",TRUE
"TMEM177",TRUE
"TMEM178A",TRUE
"TMEM178B",TRUE
"TMEM179",TRUE
"TMEM179B",TRUE
"TMEM18",TRUE
"TMEM18-DT",FALSE
"TMEM181",TRUE
"TMEM182",TRUE
"TMEM183A",TRUE
"TMEM183AP1",FALSE
"TMEM183AP2",FALSE
"TMEM183AP4",FALSE
"TMEM183AP5",FALSE
"TMEM183AP6",FALSE
"TMEM183BP",TRUE
"TMEM184A",TRUE
"TMEM184B",TRUE
"TMEM184B-AS1",FALSE
"TMEM184C",TRUE
"TMEM185A",TRUE
"TMEM185B",TRUE
"TMEM186",TRUE
"TMEM187",TRUE
"TMEM19",TRUE
"TMEM190",FALSE
"TMEM191B",TRUE
"TMEM191C",TRUE
"TMEM192",TRUE
"TMEM196",FALSE
"TMEM198",TRUE
"TMEM200A",TRUE
"TMEM200B",TRUE
"TMEM200C",TRUE
"TMEM201",TRUE
"TMEM202",FALSE
"TMEM203",TRUE
"TMEM204",TRUE
"TMEM205",TRUE
"TMEM207",FALSE
"TMEM208",TRUE
"TMEM209",TRUE
"TMEM210",FALSE
"TMEM212",FALSE
"TMEM213",FALSE
"TMEM214",TRUE
"TMEM215",FALSE
"TMEM216",TRUE
"TMEM217",TRUE
"TMEM218",TRUE
"TMEM219",TRUE
"TMEM220",TRUE
"TMEM220-AS1",TRUE
"TMEM221",TRUE
"TMEM222",TRUE
"TMEM223",TRUE
"TMEM225",FALSE
"TMEM225B",FALSE
"TMEM229A",FALSE
"TMEM229B",TRUE
"TMEM230",TRUE
"TMEM231",TRUE
"TMEM232",TRUE
"TMEM233",FALSE
"TMEM234",TRUE
"TMEM235",FALSE
"TMEM236",TRUE
"TMEM237",TRUE
"TMEM238",TRUE
"TMEM238L",FALSE
"TMEM239",FALSE
"TMEM240",TRUE
"TMEM242",TRUE
"TMEM243",TRUE
"TMEM244",FALSE
"TMEM245",TRUE
"TMEM246-AS1",FALSE
"TMEM248",TRUE
"TMEM248P1",FALSE
"TMEM25",TRUE
"TMEM250",TRUE
"TMEM252",FALSE
"TMEM252-DT",FALSE
"TMEM253",TRUE
"TMEM254",TRUE
"TMEM255A",TRUE
"TMEM255B",TRUE
"TMEM256",TRUE
"TMEM256P2",FALSE
"TMEM258",TRUE
"TMEM259",TRUE
"TMEM26",FALSE
"TMEM26-AS1",FALSE
"TMEM260",TRUE
"TMEM263",TRUE
"TMEM263-DT",TRUE
"TMEM265",FALSE
"TMEM266",TRUE
"TMEM267",TRUE
"TMEM268",TRUE
"TMEM269",FALSE
"TMEM270",FALSE
"TMEM271",FALSE
"TMEM272",FALSE
"TMEM273",TRUE
"TMEM275",FALSE
"TMEM278",FALSE
"TMEM30A-DT",TRUE
"TMEM31",FALSE
"TMEM33",TRUE
"TMEM35A",TRUE
"TMEM35B",FALSE
"TMEM37",TRUE
"TMEM38A",TRUE
"TMEM38B",TRUE
"TMEM38BP1",FALSE
"TMEM39A",TRUE
"TMEM39B",TRUE
"TMEM40",FALSE
"TMEM41A",TRUE
"TMEM41B",TRUE
"TMEM42",TRUE
"TMEM43",TRUE
"TMEM44",TRUE
"TMEM45A",TRUE
"TMEM45B",TRUE
"TMEM47",TRUE
"TMEM50A",TRUE
"TMEM50B",TRUE
"TMEM51",TRUE
"TMEM51-AS1",TRUE
"TMEM51-AS2",TRUE
"TMEM52",TRUE
"TMEM52B",FALSE
"TMEM53",TRUE
"TMEM54",TRUE
"TMEM59",TRUE
"TMEM59L",TRUE
"TMEM60",TRUE
"TMEM61",TRUE
"TMEM62",TRUE
"TMEM63A",TRUE
"TMEM63B",TRUE
"TMEM63C",TRUE
"TMEM64",TRUE
"TMEM65",TRUE
"TMEM67",TRUE
"TMEM68",TRUE
"TMEM69",TRUE
"TMEM70",TRUE
"TMEM71",FALSE
"TMEM72",TRUE
"TMEM72-AS1",TRUE
"TMEM74",TRUE
"TMEM74B",TRUE
"TMEM78",FALSE
"TMEM79",TRUE
"TMEM80",TRUE
"TMEM81",TRUE
"TMEM82",FALSE
"TMEM86A",TRUE
"TMEM86B",TRUE
"TMEM87A",TRUE
"TMEM87B",TRUE
"TMEM88",TRUE
"TMEM89",FALSE
"TMEM8B",TRUE
"TMEM9",TRUE
"TMEM91",TRUE
"TMEM92",TRUE
"TMEM92-AS1",FALSE
"TMEM94",TRUE
"TMEM95",FALSE
"TMEM97",TRUE
"TMEM97P1",FALSE
"TMEM98",TRUE
"TMEM9B",TRUE
"TMF1",TRUE
"TMIE",TRUE
"TMIGD1",FALSE
"TMIGD2",FALSE
"TMIGD3",FALSE
"TMLHE",TRUE
"TMOD1",TRUE
"TMOD2",TRUE
"TMOD3",TRUE
"TMOD4",FALSE
"TMPO",TRUE
"TMPO-AS1",TRUE
"TMPOP2",FALSE
"TMPPE",TRUE
"TMPRSS11A",FALSE
"TMPRSS11B",FALSE
"TMPRSS11BNL",FALSE
"TMPRSS11CP",FALSE
"TMPRSS11D",FALSE
"TMPRSS11E",TRUE
"TMPRSS11F",FALSE
"TMPRSS12",FALSE
"TMPRSS13",TRUE
"TMPRSS15",FALSE
"TMPRSS3",TRUE
"TMPRSS4",TRUE
"TMPRSS5",TRUE
"TMPRSS6",TRUE
"TMPRSS7",TRUE
"TMPRSS9",TRUE
"TMSB10",TRUE
"TMSB15A",TRUE
"TMSB15B",FALSE
"TMSB4X",TRUE
"TMSB4XP3",FALSE
"TMSB4XP4",TRUE
"TMSB4Y",TRUE
"TMT1A",TRUE
"TMT1B",TRUE
"TMTC1",TRUE
"TMTC2",TRUE
"TMTC3",TRUE
"TMTC4",TRUE
"TMUB1",TRUE
"TMUB2",TRUE
"TMX1",TRUE
"TMX2",TRUE
"TMX3",TRUE
"TMX4",TRUE
"TNC",TRUE
"TNF",TRUE
"TNFAIP1",TRUE
"TNFAIP2",TRUE
"TNFAIP3",TRUE
"TNFAIP6",TRUE
"TNFAIP8",TRUE
"TNFAIP8L1",TRUE
"TNFAIP8L2",TRUE
"TNFAIP8L3",TRUE
"TNFRSF10A",TRUE
"TNFRSF10A-DT",TRUE
"TNFRSF10B",TRUE
"TNFRSF10B-AS1",TRUE
"TNFRSF10C",TRUE
"TNFRSF10D",TRUE
"TNFRSF11A",TRUE
"TNFRSF11B",TRUE
"TNFRSF12A",TRUE
"TNFRSF13B",FALSE
"TNFRSF13C",FALSE
"TNFRSF14",TRUE
"TNFRSF17",FALSE
"TNFRSF18",TRUE
"TNFRSF19",TRUE
"TNFRSF1A",TRUE
"TNFRSF1B",TRUE
"TNFRSF21",TRUE
"TNFRSF25",TRUE
"TNFRSF4",TRUE
"TNFRSF6B",FALSE
"TNFRSF8",FALSE
"TNFRSF9",TRUE
"TNFSF10",TRUE
"TNFSF11",TRUE
"TNFSF12",TRUE
"TNFSF12-TNFSF13",FALSE
"TNFSF13",TRUE
"TNFSF13B",TRUE
"TNFSF14",TRUE
"TNFSF15",TRUE
"TNFSF18",TRUE
"TNFSF4",TRUE
"TNFSF8",FALSE
"TNFSF9",TRUE
"TNIK",TRUE
"TNIP1",TRUE
"TNIP2",TRUE
"TNIP3",TRUE
"TNK1",TRUE
"TNK2",TRUE
"TNKS",TRUE
"TNKS1BP1",TRUE
"TNKS2",TRUE
"TNKS2-DT",FALSE
"TNMD",FALSE
"TNN",TRUE
"TNNC1",TRUE
"TNNC2",FALSE
"TNNI1",TRUE
"TNNI2",TRUE
"TNNI3",FALSE
"TNNI3K",FALSE
"TNNT1",FALSE
"TNNT2",TRUE
"TNNT3",FALSE
"TNP1",FALSE
"TNP2",FALSE
"TNPO1",TRUE
"TNPO1P1",FALSE
"TNPO1P2",FALSE
"TNPO1P3",TRUE
"TNPO2",TRUE
"TNPO3",TRUE
"TNPO3P1",FALSE
"TNR",TRUE
"TNRC18",TRUE
"TNRC18P2",FALSE
"TNRC6A",TRUE
"TNRC6B",TRUE
"TNRC6C",TRUE
"TNS1",TRUE
"TNS1-AS1",FALSE
"TNS2",TRUE
"TNS2-AS1",TRUE
"TNS3",TRUE
"TNS4",FALSE
"TNXB",TRUE
"TOB1",TRUE
"TOB1-AS1",TRUE
"TOB2",TRUE
"TOE1",TRUE
"TOGARAM1",TRUE
"TOGARAM2",TRUE
"TOLLIP",TRUE
"TOLLIP-DT",TRUE
"TOM1",TRUE
"TOM1L1",TRUE
"TOM1L2",TRUE
"TOMM20",TRUE
"TOMM20L",TRUE
"TOMM20P2",FALSE
"TOMM20P3",FALSE
"TOMM22",TRUE
"TOMM22P1",FALSE
"TOMM22P2",FALSE
"TOMM22P4",FALSE
"TOMM22P6",FALSE
"TOMM34",TRUE
"TOMM40",TRUE
"TOMM40L",TRUE
"TOMM40P4",TRUE
"TOMM5",TRUE
"TOMM6",FALSE
"TOMM6P1",FALSE
"TOMM70",TRUE
"TONSL",TRUE
"TOP1",TRUE
"TOP1MT",TRUE
"TOP2A",TRUE
"TOP2B",TRUE
"TOP3A",TRUE
"TOP3B",TRUE
"TOP6BL",TRUE
"TOPAZ1",FALSE
"TOPBP1",TRUE
"TOPORS",TRUE
"TOR1A",TRUE
"TOR1AIP1",TRUE
"TOR1AIP2",TRUE
"TOR1B",TRUE
"TOR2A",TRUE
"TOR3A",TRUE
"TOR4A",TRUE
"TOX",TRUE
"TOX-DT",TRUE
"TOX2",TRUE
"TOX3",TRUE
"TOX4",TRUE
"TOX4P1",FALSE
"TP53",TRUE
"TP53AIP1",FALSE
"TP53BP1",TRUE
"TP53BP2",TRUE
"TP53I11",TRUE
"TP53I13",TRUE
"TP53I3",TRUE
"TP53INP1",TRUE
"TP53INP2",TRUE
"TP53RK",TRUE
"TP53TG1",TRUE
"TP53TG3E",FALSE
"TP53TG3F",FALSE
"TP53TG3GP",FALSE
"TP53TG5",TRUE
"TP63",FALSE
"TP73",TRUE
"TP73-AS2",FALSE
"TPBG",TRUE
"TPBGL",TRUE
"TPCN1",TRUE
"TPCN2",TRUE
"TPD52L1",TRUE
"TPD52L2",TRUE
"TPD52L3",FALSE
"TPGS1",TRUE
"TPGS2",TRUE
"TPH1",TRUE
"TPH2",FALSE
"TPI1",TRUE
"TPK1",TRUE
"TPM1",TRUE
"TPM2",TRUE
"TPM3",TRUE
"TPM4",TRUE
"TPMT",TRUE
"TPMTP3",FALSE
"TPMTP4",FALSE
"TPO",FALSE
"TPP1",TRUE
"TPP2",TRUE
"TPPP",TRUE
"TPPP2",FALSE
"TPPP3",TRUE
"TPR",TRUE
"TPRA1",TRUE
"TPRG1",TRUE
"TPRG1-AS2",FALSE
"TPRG1L",TRUE
"TPRG1LP1",FALSE
"TPRKB",TRUE
"TPRKBP1",FALSE
"TPRKBP2",FALSE
"TPRN",TRUE
"TPRX1",FALSE
"TPRX2",FALSE
"TPSAB1",TRUE
"TPSB2",TRUE
"TPSD1",FALSE
"TPSG1",FALSE
"TPSP1",FALSE
"TPSP2",FALSE
"TPST1",TRUE
"TPST2",TRUE
"TPST2P1",FALSE
"TPT1",TRUE
"TPT1P3",FALSE
"TPT1P5",FALSE
"TPTE2",FALSE
"TPTE2-AS1",FALSE
"TPTE2P7",FALSE
"TPX2",TRUE
"TRA2A",TRUE
"TRA2B",TRUE
"TRABD",TRUE
"TRABD-AS1",TRUE
"TRABD2B",TRUE
"TRAC",FALSE
"TRADD",TRUE
"TRAF1",TRUE
"TRAF2",TRUE
"TRAF3",TRUE
"TRAF3IP1",TRUE
"TRAF3IP2",TRUE
"TRAF3IP2-AS1",TRUE
"TRAF3IP3",TRUE
"TRAF4",TRUE
"TRAF5",TRUE
"TRAF6",TRUE
"TRAF7",TRUE
"TRAFD1",TRUE
"TRAIP",TRUE
"TRAJ1",FALSE
"TRAJ10",FALSE
"TRAJ11",FALSE
"TRAJ12",FALSE
"TRAJ13",FALSE
"TRAJ14",FALSE
"TRAJ16",FALSE
"TRAJ17",FALSE
"TRAJ18",FALSE
"TRAJ19",FALSE
"TRAJ2",FALSE
"TRAJ20",FALSE
"TRAJ21",FALSE
"TRAJ22",FALSE
"TRAJ23",FALSE
"TRAJ24",FALSE
"TRAJ25",FALSE
"TRAJ26",FALSE
"TRAJ27",FALSE
"TRAJ28",FALSE
"TRAJ29",FALSE
"TRAJ3",FALSE
"TRAJ30",FALSE
"TRAJ31",FALSE
"TRAJ32",FALSE
"TRAJ33",FALSE
"TRAJ34",FALSE
"TRAJ35",FALSE
"TRAJ36",FALSE
"TRAJ37",FALSE
"TRAJ38",FALSE
"TRAJ39",FALSE
"TRAJ4",FALSE
"TRAJ40",FALSE
"TRAJ41",FALSE
"TRAJ42",FALSE
"TRAJ43",FALSE
"TRAJ44",FALSE
"TRAJ45",FALSE
"TRAJ46",FALSE
"TRAJ47",FALSE
"TRAJ48",FALSE
"TRAJ49",FALSE
"TRAJ5",FALSE
"TRAJ50",FALSE
"TRAJ51",FALSE
"TRAJ52",FALSE
"TRAJ53",FALSE
"TRAJ54",FALSE
"TRAJ55",FALSE
"TRAJ56",FALSE
"TRAJ57",FALSE
"TRAJ58",FALSE
"TRAJ59",FALSE
"TRAJ6",FALSE
"TRAJ60",FALSE
"TRAJ61",FALSE
"TRAJ7",FALSE
"TRAJ8",FALSE
"TRAJ9",FALSE
"TRAK1",TRUE
"TRAK2",TRUE
"TRAM1",TRUE
"TRAM1L1",TRUE
"TRAM2",TRUE
"TRAM2-AS1",TRUE
"TRANK1",TRUE
"TRAP1",TRUE
"TRAPPC1",TRUE
"TRAPPC10",TRUE
"TRAPPC11",TRUE
"TRAPPC12",TRUE
"TRAPPC13",TRUE
"TRAPPC13P1",FALSE
"TRAPPC14",TRUE
"TRAPPC2",TRUE
"TRAPPC2L",TRUE
"TRAPPC2LP1",FALSE
"TRAPPC3",TRUE
"TRAPPC3L",FALSE
"TRAPPC4",TRUE
"TRAPPC5",TRUE
"TRAPPC6A",TRUE
"TRAPPC6B",TRUE
"TRAPPC8",TRUE
"TRAPPC9",TRUE
"TRARG1",FALSE
"TRAT1",FALSE
"TRAV1-1",FALSE
"TRAV1-2",FALSE
"TRAV10",FALSE
"TRAV11",FALSE
"TRAV12-1",FALSE
"TRAV12-2",FALSE
"TRAV12-3",FALSE
"TRAV13-1",FALSE
"TRAV13-2",FALSE
"TRAV14DV4",FALSE
"TRAV16",FALSE
"TRAV17",FALSE
"TRAV18",FALSE
"TRAV19",FALSE
"TRAV2",FALSE
"TRAV20",FALSE
"TRAV21",FALSE
"TRAV22",FALSE
"TRAV23DV6",FALSE
"TRAV24",FALSE
"TRAV25",FALSE
"TRAV26-1",FALSE
"TRAV26-2",FALSE
"TRAV27",FALSE
"TRAV28",FALSE
"TRAV29DV5",FALSE
"TRAV3",FALSE
"TRAV30",FALSE
"TRAV31",FALSE
"TRAV32",FALSE
"TRAV33",FALSE
"TRAV34",FALSE
"TRAV35",FALSE
"TRAV36DV7",FALSE
"TRAV38-1",FALSE
"TRAV38-2DV8",FALSE
"TRAV39",FALSE
"TRAV4",FALSE
"TRAV40",FALSE
"TRAV41",FALSE
"TRAV5",FALSE
"TRAV6",FALSE
"TRAV7",FALSE
"TRAV8-1",FALSE
"TRAV8-2",FALSE
"TRAV8-3",FALSE
"TRAV8-4",FALSE
"TRAV8-6",FALSE
"TRAV9-1",FALSE
"TRAV9-2",FALSE
"TRBC1",FALSE
"TRBC2",TRUE
"TRBD1",FALSE
"TRBJ1-1",FALSE
"TRBJ1-2",FALSE
"TRBJ1-3",FALSE
"TRBJ1-4",FALSE
"TRBJ1-5",FALSE
"TRBJ1-6",FALSE
"TRBJ2-1",FALSE
"TRBJ2-2",FALSE
"TRBJ2-2P",FALSE
"TRBJ2-3",FALSE
"TRBJ2-4",FALSE
"TRBJ2-5",FALSE
"TRBJ2-6",FALSE
"TRBJ2-7",FALSE
"TRBV10-1",FALSE
"TRBV10-2",FALSE
"TRBV10-3",FALSE
"TRBV11-1",FALSE
"TRBV11-2",FALSE
"TRBV11-3",FALSE
"TRBV12-1",FALSE
"TRBV12-2",FALSE
"TRBV12-3",FALSE
"TRBV12-4",FALSE
"TRBV12-5",FALSE
"TRBV13",FALSE
"TRBV14",FALSE
"TRBV15",FALSE
"TRBV16",FALSE
"TRBV17",FALSE
"TRBV18",FALSE
"TRBV19",FALSE
"TRBV2",FALSE
"TRBV20-1",FALSE
"TRBV20OR9-2",FALSE
"TRBV21-1",FALSE
"TRBV21OR9-2",FALSE
"TRBV22-1",FALSE
"TRBV23-1",FALSE
"TRBV23OR9-2",FALSE
"TRBV24-1",FALSE
"TRBV24OR9-2",FALSE
"TRBV25-1",FALSE
"TRBV25OR9-2",FALSE
"TRBV26",FALSE
"TRBV26OR9-2",FALSE
"TRBV27",FALSE
"TRBV28",FALSE
"TRBV29-1",TRUE
"TRBV29OR9-2",TRUE
"TRBV3-1",FALSE
"TRBV30",FALSE
"TRBV4-1",FALSE
"TRBV4-2",FALSE
"TRBV5-1",FALSE
"TRBV5-3",FALSE
"TRBV5-4",TRUE
"TRBV5-5",FALSE
"TRBV5-6",FALSE
"TRBV5-7",FALSE
"TRBV6-1",FALSE
"TRBV6-3",FALSE
"TRBV6-4",FALSE
"TRBV6-5",FALSE
"TRBV6-6",FALSE
"TRBV6-7",FALSE
"TRBV6-8",FALSE
"TRBV7-1",FALSE
"TRBV7-2",FALSE
"TRBV7-3",FALSE
"TRBV7-4",FALSE
"TRBV7-5",FALSE
"TRBV7-6",FALSE
"TRBV7-7",FALSE
"TRBV7-9",FALSE
"TRBV8-1",FALSE
"TRBV9",FALSE
"TRBVA",FALSE
"TRBVB",FALSE
"TRD-AS1",FALSE
"TRDD1",FALSE
"TRDD2",FALSE
"TRDD3",FALSE
"TRDJ1",FALSE
"TRDJ2",FALSE
"TRDJ3",FALSE
"TRDJ4",FALSE
"TRDMT1",TRUE
"TRDN",FALSE
"TRDN-AS1",FALSE
"TRDV1",FALSE
"TRDV2",FALSE
"TRDV3",FALSE
"TREH",TRUE
"TREM1",TRUE
"TREM2",TRUE
"TREML1",FALSE
"TREML2",FALSE
"TREML4",FALSE
"TRERF1",TRUE
"TREX1",FALSE
"TREX2",TRUE
"TRG-AS1",TRUE
"TRGC2",FALSE
"TRGJ1",FALSE
"TRGJ2",FALSE
"TRGJP",FALSE
"TRGJP1",FALSE
"TRGJP2",FALSE
"TRGV1",FALSE
"TRGV10",FALSE
"TRGV11",FALSE
"TRGV2",FALSE
"TRGV3",FALSE
"TRGV4",FALSE
"TRGV5",FALSE
"TRGV5P",FALSE
"TRGV7",FALSE
"TRGV8",FALSE
"TRGV9",FALSE
"TRGVB",FALSE
"TRH",FALSE
"TRHDE",TRUE
"TRHR",FALSE
"TRIAP1",TRUE
"TRIB1",TRUE
"TRIB2",TRUE
"TRIB3",TRUE
"TRIDDENT",TRUE
"TRIL",TRUE
"TRIM10",FALSE
"TRIM11",TRUE
"TRIM11-AS1",FALSE
"TRIM13",TRUE
"TRIM14",TRUE
"TRIM15",TRUE
"TRIM16",TRUE
"TRIM17",TRUE
"TRIM2",TRUE
"TRIM21",TRUE
"TRIM22",TRUE
"TRIM23",TRUE
"TRIM24",TRUE
"TRIM25",TRUE
"TRIM26",TRUE
"TRIM26BP",FALSE
"TRIM27",TRUE
"TRIM28",TRUE
"TRIM29",TRUE
"TRIM3",TRUE
"TRIM31",TRUE
"TRIM31-AS1",FALSE
"TRIM32",TRUE
"TRIM33",TRUE
"TRIM34",FALSE
"TRIM35",TRUE
"TRIM36",TRUE
"TRIM37",TRUE
"TRIM38",TRUE
"TRIM39",TRUE
"TRIM39-RPP21",FALSE
"TRIM4",TRUE
"TRIM40",FALSE
"TRIM41",TRUE
"TRIM42",FALSE
"TRIM43B",FALSE
"TRIM44",TRUE
"TRIM45",TRUE
"TRIM46",TRUE
"TRIM47",TRUE
"TRIM48",FALSE
"TRIM49",FALSE
"TRIM49B",FALSE
"TRIM49C",FALSE
"TRIM49D1",FALSE
"TRIM49D2",FALSE
"TRIM5",TRUE
"TRIM50",TRUE
"TRIM51",FALSE
"TRIM51BP",FALSE
"TRIM51CP",FALSE
"TRIM51G",FALSE
"TRIM52",TRUE
"TRIM53AP",FALSE
"TRIM53CP",FALSE
"TRIM54",TRUE
"TRIM55",FALSE
"TRIM56",TRUE
"TRIM58",TRUE
"TRIM59",TRUE
"TRIM59-IFT80",FALSE
"TRIM6",TRUE
"TRIM6-TRIM34",FALSE
"TRIM60",FALSE
"TRIM60P10Y",FALSE
"TRIM60P11Y",FALSE
"TRIM60P12Y",FALSE
"TRIM60P14",FALSE
"TRIM60P16",FALSE
"TRIM60P19",FALSE
"TRIM60P1Y",FALSE
"TRIM60P2Y",FALSE
"TRIM60P3Y",FALSE
"TRIM60P4Y",FALSE
"TRIM60P5Y",FALSE
"TRIM60P6Y",FALSE
"TRIM60P7Y",FALSE
"TRIM60P8Y",FALSE
"TRIM60P9Y",FALSE
"TRIM61",TRUE
"TRIM62",TRUE
"TRIM63",TRUE
"TRIM64",FALSE
"TRIM64B",FALSE
"TRIM64C",FALSE
"TRIM64DP",FALSE
"TRIM64EP",FALSE
"TRIM64FP",FALSE
"TRIM65",TRUE
"TRIM66",TRUE
"TRIM67",TRUE
"TRIM67-AS1",FALSE
"TRIM68",TRUE
"TRIM69",TRUE
"TRIM7",TRUE
"TRIM71",FALSE
"TRIM72",FALSE
"TRIM74",TRUE
"TRIM75",FALSE
"TRIM77",FALSE
"TRIM77BP",FALSE
"TRIM8",TRUE
"TRIM80P",FALSE
"TRIM9",TRUE
"TRIML1",FALSE
"TRIML2",FALSE
"TRIO",TRUE
"TRIOBP",TRUE
"TRIP10",TRUE
"TRIP11",TRUE
"TRIP12",TRUE
"TRIP13",TRUE
"TRIP4",TRUE
"TRIP6",TRUE
"TRIQK",TRUE
"TRIR",TRUE
"TRIT1",TRUE
"TRMO",TRUE
"TRMT1",TRUE
"TRMT10A",TRUE
"TRMT10B",TRUE
"TRMT10C",TRUE
"TRMT11",TRUE
"TRMT112",TRUE
"TRMT112P2",FALSE
"TRMT112P5",FALSE
"TRMT112P8",FALSE
"TRMT13",TRUE
"TRMT1L",TRUE
"TRMT1P1",FALSE
"TRMT2A",TRUE
"TRMT2B",TRUE
"TRMT44",TRUE
"TRMT5",TRUE
"TRMT6",TRUE
"TRMT61A",TRUE
"TRMT61B",TRUE
"TRMT9B",TRUE
"TRMU",TRUE
"TRNAU1AP",TRUE
"TRNP1",TRUE
"TRNT1",TRUE
"TRO",TRUE
"TROAP",TRUE
"TROAP-AS1",FALSE
"TRPA1",TRUE
"TRPC1",TRUE
"TRPC3",FALSE
"TRPC4",TRUE
"TRPC4AP",TRUE
"TRPC5",FALSE
"TRPC5OS",FALSE
"TRPC6",TRUE
"TRPC6P1",FALSE
"TRPC6P10",FALSE
"TRPC6P3",FALSE
"TRPC6P5",FALSE
"TRPC6P7",FALSE
"TRPC6P8",FALSE
"TRPC6P9",FALSE
"TRPC7",FALSE
"TRPC7-AS1",FALSE
"TRPC7-AS2",FALSE
"TRPM1",FALSE
"TRPM2",TRUE
"TRPM3",TRUE
"TRPM4",TRUE
"TRPM5",TRUE
"TRPM6",TRUE
"TRPM7",TRUE
"TRPM8",TRUE
"TRPS1",TRUE
"TRPS1-AS1",FALSE
"TRPT1",TRUE
"TRPV1",TRUE
"TRPV2",TRUE
"TRPV3",TRUE
"TRPV4",TRUE
"TRPV5",TRUE
"TRPV6",TRUE
"TRRAP",TRUE
"TRUB1",TRUE
"TRUB2",TRUE
"TSACC",TRUE
"TSBP1",FALSE
"TSC1",TRUE
"TSC2",TRUE
"TSC22D1",TRUE
"TSC22D1-AS1",TRUE
"TSC22D2",TRUE
"TSC22D3",TRUE
"TSC22D4",TRUE
"TSEN15",TRUE
"TSEN2",TRUE
"TSEN34",TRUE
"TSEN54",TRUE
"TSFM",TRUE
"TSG101",TRUE
"TSGA10",TRUE
"TSGA10IP",FALSE
"TSGA13",FALSE
"TSHB",FALSE
"TSHR",FALSE
"TSHZ1",TRUE
"TSHZ2",TRUE
"TSHZ3",TRUE
"TSIX",TRUE
"TSKS",FALSE
"TSKU",TRUE
"TSKU-AS1",FALSE
"TSLP",TRUE
"TSN",TRUE
"TSNARE1",TRUE
"TSNAX",TRUE
"TSNAX-DISC1",FALSE
"TSNAX-DT",TRUE
"TSNAXIP1",TRUE
"TSPAN1",TRUE
"TSPAN10",TRUE
"TSPAN11",TRUE
"TSPAN12",TRUE
"TSPAN13",TRUE
"TSPAN14",TRUE
"TSPAN15",TRUE
"TSPAN16",FALSE
"TSPAN17",TRUE
"TSPAN18",TRUE
"TSPAN18-AS1",FALSE
"TSPAN19",FALSE
"TSPAN2",TRUE
"TSPAN3",TRUE
"TSPAN31",TRUE
"TSPAN32",TRUE
"TSPAN33",TRUE
"TSPAN4",TRUE
"TSPAN5",TRUE
"TSPAN6",TRUE
"TSPAN7",TRUE
"TSPAN8",TRUE
"TSPAN9",TRUE
"TSPAN9-IT1",FALSE
"TSPEAR",FALSE
"TSPEAR-AS1",TRUE
"TSPO",TRUE
"TSPO2",TRUE
"TSPOAP1",TRUE
"TSPOAP1-AS1",FALSE
"TSPY11P",FALSE
"TSPY12P",FALSE
"TSPY13P",FALSE
"TSPY14P",FALSE
"TSPY16P",FALSE
"TSPY17P",FALSE
"TSPY18P",FALSE
"TSPY19P",FALSE
"TSPY2",FALSE
"TSPY23P",FALSE
"TSPY24P",FALSE
"TSPY25P",FALSE
"TSPY6P",FALSE
"TSPY7P",FALSE
"TSPYL1",TRUE
"TSPYL2",TRUE
"TSPYL4",TRUE
"TSPYL5",TRUE
"TSPYL6",FALSE
"TSR1",TRUE
"TSR2",TRUE
"TSR3",TRUE
"TSSC4",TRUE
"TSSK1B",FALSE
"TSSK2",FALSE
"TSSK3",TRUE
"TSSK4",TRUE
"TSSK5P",TRUE
"TSSK6",TRUE
"TST",TRUE
"TSTD1",TRUE
"TSTD2",TRUE
"TSTD3",FALSE
"TTBK1",TRUE
"TTBK2",TRUE
"TTC1",TRUE
"TTC12",TRUE
"TTC12-DT",FALSE
"TTC13",TRUE
"TTC14",TRUE
"TTC14-DT",FALSE
"TTC16",FALSE
"TTC17",TRUE
"TTC19",TRUE
"TTC21A",TRUE
"TTC21B",TRUE
"TTC22",TRUE
"TTC23",TRUE
"TTC23-AS1",TRUE
"TTC23L",TRUE
"TTC23L-AS1",TRUE
"TTC24",FALSE
"TTC27",TRUE
"TTC28",TRUE
"TTC28-AS1",TRUE
"TTC29",FALSE
"TTC3",TRUE
"TTC3-AS1",FALSE
"TTC31",TRUE
"TTC32",TRUE
"TTC33",TRUE
"TTC34",TRUE
"TTC36",TRUE
"TTC36-AS1",FALSE
"TTC38",TRUE
"TTC39A",TRUE
"TTC39A-AS1",TRUE
"TTC39B",TRUE
"TTC39C",TRUE
"TTC39C-AS1",FALSE
"TTC39CP1",FALSE
"TTC39DP",FALSE
"TTC4",TRUE
"TTC41P",TRUE
"TTC4P1",FALSE
"TTC5",TRUE
"TTC6",FALSE
"TTC7A",TRUE
"TTC7B",TRUE
"TTC7B-AS1",FALSE
"TTC7B-AS2",FALSE
"TTC8",TRUE
"TTC9",TRUE
"TTC9-DT",FALSE
"TTC9B",FALSE
"TTC9C",TRUE
"TTF1",TRUE
"TTF2",TRUE
"TTI1",TRUE
"TTI2",TRUE
"TTK",TRUE
"TTL",TRUE
"TTLL1",TRUE
"TTLL1-AS1",FALSE
"TTLL10",TRUE
"TTLL10-AS1",FALSE
"TTLL11",TRUE
"TTLL12",TRUE
"TTLL13",FALSE
"TTLL2",FALSE
"TTLL3",TRUE
"TTLL4",TRUE
"TTLL5",TRUE
"TTLL6",TRUE
"TTLL7",TRUE
"TTLL7-IT1",TRUE
"TTLL8",FALSE
"TTLL9",TRUE
"TTN",TRUE
"TTPA",TRUE
"TTPAL",TRUE
"TTR",TRUE
"TTTY1",FALSE
"TTTY10",FALSE
"TTTY12",FALSE
"TTTY13",FALSE
"TTTY14",TRUE
"TTTY19",FALSE
"TTTY1B",FALSE
"TTTY2",FALSE
"TTTY20",FALSE
"TTTY22",FALSE
"TTTY2B",FALSE
"TTTY3",FALSE
"TTTY3B",FALSE
"TTTY4",FALSE
"TTTY4B",FALSE
"TTTY4C",FALSE
"TTTY5",FALSE
"TTTY7",FALSE
"TTTY7B",FALSE
"TTTY8",FALSE
"TTTY8B",FALSE
"TTTY9B",FALSE
"TTYH1",TRUE
"TTYH2",TRUE
"TTYH3",TRUE
"TUB",TRUE
"TUB-AS1",FALSE
"TUBA1A",TRUE
"TUBA1B",TRUE
"TUBA1C",TRUE
"TUBA3C",FALSE
"TUBA3D",TRUE
"TUBA3E",FALSE
"TUBA3GP",FALSE
"TUBA4A",TRUE
"TUBA4B",FALSE
"TUBA8",FALSE
"TUBAL3",FALSE
"TUBAP1",FALSE
"TUBAP10",FALSE
"TUBAP11",FALSE
"TUBAP12",FALSE
"TUBAP13",FALSE
"TUBAP14",FALSE
"TUBAP15",FALSE
"TUBAP2",TRUE
"TUBAP4",FALSE
"TUBAP6",FALSE
"TUBAP7",FALSE
"TUBAP8",FALSE
"TUBAP9",FALSE
"TUBB",TRUE
"TUBB1",TRUE
"TUBB2A",TRUE
"TUBB2B",TRUE
"TUBB2BP1",FALSE
"TUBB3",TRUE
"TUBB3P1",FALSE
"TUBB4A",TRUE
"TUBB4B",TRUE
"TUBB4BP1",FALSE
"TUBB4BP2",FALSE
"TUBB4BP4",FALSE
"TUBB4BP5",FALSE
"TUBB4BP6",FALSE
"TUBB4BP8",FALSE
"TUBB6",TRUE
"TUBB6P1",FALSE
"TUBB7P",FALSE
"TUBB8",FALSE
"TUBB8P1",TRUE
"TUBB8P10",FALSE
"TUBB8P11",FALSE
"TUBB8P2",FALSE
"TUBB8P3",FALSE
"TUBB8P4",FALSE
"TUBB8P5",FALSE
"TUBB8P6",FALSE
"TUBB8P7",FALSE
"TUBB8P8",FALSE
"TUBBP11",FALSE
"TUBBP6",FALSE
"TUBBP9",FALSE
"TUBD1",TRUE
"TUBE1",TRUE
"TUBG1",TRUE
"TUBG1P",FALSE
"TUBG2",TRUE
"TUBGCP2",TRUE
"TUBGCP3",TRUE
"TUBGCP4",TRUE
"TUBGCP5",TRUE
"TUBGCP6",TRUE
"TUFM",TRUE
"TUFMP1",FALSE
"TUFT1",TRUE
"TUG1",TRUE
"TULP1",FALSE
"TULP2",TRUE
"TULP3",TRUE
"TULP4",TRUE
"TUNAR",TRUE
"TUSC1",TRUE
"TUSC2",TRUE
"TUSC3",TRUE
"TUSC7",FALSE
"TUT1",TRUE
"TUT4",TRUE
"TUT7",TRUE
"TVP23A",TRUE
"TVP23B",TRUE
"TVP23BP3",FALSE
"TVP23C",TRUE
"TVP23C-CDRT4",FALSE
"TVP23CP1",FALSE
"TVP23CP3",FALSE
"TWF1",TRUE
"TWF2",TRUE
"TWF2-DT",FALSE
"TWIST1",TRUE
"TWIST2",TRUE
"TWNK",TRUE
"TWSG1",TRUE
"TWSG1-DT",TRUE
"TXK",TRUE
"TXLNA",TRUE
"TXLNB",FALSE
"TXLNG",TRUE
"TXN",TRUE
"TXN2",TRUE
"TXNDC11",TRUE
"TXNDC12",TRUE
"TXNDC12-AS1",FALSE
"TXNDC15",TRUE
"TXNDC16",TRUE
"TXNDC17",TRUE
"TXNDC2",FALSE
"TXNDC5",TRUE
"TXNDC8",FALSE
"TXNDC9",TRUE
"TXNIP",TRUE
"TXNL1",TRUE
"TXNL1P1",FALSE
"TXNL4A",TRUE
"TXNL4B",TRUE
"TXNRD1",TRUE
"TXNRD1-AS1",FALSE
"TXNRD2",TRUE
"TXNRD3",TRUE
"TYK2",TRUE
"TYMP",TRUE
"TYMS",TRUE
"TYMSP1",FALSE
"TYMSP2",FALSE
"TYR",FALSE
"TYRO3",TRUE
"TYROBP",TRUE
"TYRP1",TRUE
"TYSND1",TRUE
"TYW1",TRUE
"TYW1B",TRUE
"TYW2",TRUE
"TYW3",TRUE
"TYW5",TRUE
"TZMP1",TRUE
"U2AF1L4",TRUE
"U2AF2",TRUE
"U2SURP",TRUE
"U2SURP-AS1",FALSE
"U2SURPP1",FALSE
"UACA",TRUE
"UAP1",TRUE
"UAP1L1",TRUE
"UBA1",TRUE
"UBA2",TRUE
"UBA3",TRUE
"UBA5",TRUE
"UBA52",TRUE
"UBA52P9",FALSE
"UBA6",TRUE
"UBA6-DT",TRUE
"UBA7",TRUE
"UBAC1",TRUE
"UBAC2",TRUE
"UBAC2-AS1",TRUE
"UBALD1",TRUE
"UBALD2",TRUE
"UBAP1",TRUE
"UBAP1L",TRUE
"UBAP2",TRUE
"UBAP2L",TRUE
"UBASH3A",FALSE
"UBASH3B",TRUE
"UBB",TRUE
"UBC",TRUE
"UBD",TRUE
"UBE2A",TRUE
"UBE2B",TRUE
"UBE2C",TRUE
"UBE2CP2",FALSE
"UBE2D1",TRUE
"UBE2D2",TRUE
"UBE2D3",TRUE
"UBE2D3P3",FALSE
"UBE2D4",TRUE
"UBE2E1",TRUE
"UBE2E2",TRUE
"UBE2E2-DT",FALSE
"UBE2E3",TRUE
"UBE2F",TRUE
"UBE2F-SCLY",FALSE
"UBE2FP3",FALSE
"UBE2G1",TRUE
"UBE2G2",TRUE
"UBE2H",TRUE
"UBE2I",TRUE
"UBE2I-AS1",TRUE
"UBE2J1",TRUE
"UBE2J2",TRUE
"UBE2K",TRUE
"UBE2L3",TRUE
"UBE2L5",FALSE
"UBE2L6",TRUE
"UBE2M",TRUE
"UBE2N",TRUE
"UBE2NL",FALSE
"UBE2O",TRUE
"UBE2Q1",TRUE
"UBE2Q1-AS1",FALSE
"UBE2Q2",TRUE
"UBE2Q2P11",FALSE
"UBE2Q2P12",FALSE
"UBE2Q2P4Y",FALSE
"UBE2Q2P5Y",FALSE
"UBE2Q2P6",FALSE
"UBE2Q2P7",FALSE
"UBE2Q2P9",FALSE
"UBE2QL1",TRUE
"UBE2R2",TRUE
"UBE2R2-AS1",TRUE
"UBE2S",TRUE
"UBE2T",TRUE
"UBE2U",TRUE
"UBE2V1",TRUE
"UBE2V1P10",FALSE
"UBE2V1P12",FALSE
"UBE2V1P4",FALSE
"UBE2V1P5",FALSE
"UBE2V1P6",FALSE
"UBE2V1P7",FALSE
"UBE2V1P9",FALSE
"UBE2V2",TRUE
"UBE2V2P1",FALSE
"UBE2V2P4",FALSE
"UBE2W",TRUE
"UBE2WP1",FALSE
"UBE2Z",TRUE
"UBE3A",TRUE
"UBE3B",TRUE
"UBE3C",TRUE
"UBE3D",TRUE
"UBE4A",TRUE
"UBE4B",TRUE
"UBFD1",TRUE
"UBIAD1",TRUE
"UBL3",TRUE
"UBL4A",TRUE
"UBL4B",FALSE
"UBL5",TRUE
"UBL5P1",FALSE
"UBL5P4",FALSE
"UBL7",TRUE
"UBL7-DT",TRUE
"UBLCP1",TRUE
"UBN1",TRUE
"UBN2",TRUE
"UBOX5",TRUE
"UBOX5-AS1",TRUE
"UBP1",TRUE
"UBQLN1",TRUE
"UBQLN1-AS1",TRUE
"UBQLN2",TRUE
"UBQLN3",FALSE
"UBQLN4",TRUE
"UBQLNL",FALSE
"UBR1",TRUE
"UBR2",TRUE
"UBR3",TRUE
"UBR4",TRUE
"UBR5",TRUE
"UBR7",TRUE
"UBTD1",TRUE
"UBTD2",TRUE
"UBTF",TRUE
"UBTFL1",FALSE
"UBTFL10",FALSE
"UBTFL2",FALSE
"UBTFL3",FALSE
"UBTFL5",FALSE
"UBTFL6",FALSE
"UBTFL7",FALSE
"UBTFL9",FALSE
"UBXN1",TRUE
"UBXN10",TRUE
"UBXN11",TRUE
"UBXN2A",TRUE
"UBXN2B",TRUE
"UBXN4",TRUE
"UBXN6",TRUE
"UBXN7",TRUE
"UBXN7-AS1",FALSE
"UBXN8",TRUE
"UCHL1",TRUE
"UCHL1-DT",FALSE
"UCHL3",TRUE
"UCHL5",TRUE
"UCK1",TRUE
"UCK2",TRUE
"UCKL1",TRUE
"UCKL1-AS1",TRUE
"UCMA",FALSE
"UCN",TRUE
"UCN2",TRUE
"UCN3",TRUE
"UCP1",FALSE
"UCP2",TRUE
"UCP3",TRUE
"UEVLD",TRUE
"UFC1",TRUE
"UFD1",TRUE
"UFD1-AS1",TRUE
"UFL1",TRUE
"UFM1",TRUE
"UFSP1",TRUE
"UFSP2",TRUE
"UGCG",TRUE
"UGDH",TRUE
"UGDH-AS1",TRUE
"UGGT1",TRUE
"UGGT2",TRUE
"UGP2",TRUE
"UGT1A1",TRUE
"UGT1A10",FALSE
"UGT1A11P",FALSE
"UGT1A12P",FALSE
"UGT1A13P",FALSE
"UGT1A4",FALSE
"UGT1A6",TRUE
"UGT1A7",FALSE
"UGT1A8",FALSE
"UGT1A9",FALSE
"UGT2A1",FALSE
"UGT2A2",FALSE
"UGT2A3",TRUE
"UGT2A3P7",FALSE
"UGT2B10",FALSE
"UGT2B11",FALSE
"UGT2B11-AS1",TRUE
"UGT2B15",TRUE
"UGT2B17",TRUE
"UGT2B26P",FALSE
"UGT2B28",FALSE
"UGT2B4",FALSE
"UGT2B7",TRUE
"UGT3A1",FALSE
"UGT3A2",FALSE
"UGT8",TRUE
"UHMK1",TRUE
"UHRF1",TRUE
"UHRF2",TRUE
"UICLM",FALSE
"UIMC1",TRUE
"ULBP1",TRUE
"ULBP2",TRUE
"ULBP3",TRUE
"ULK1",TRUE
"ULK2",TRUE
"ULK3",TRUE
"ULK4",TRUE
"UMAD1",TRUE
"UMLILO",FALSE
"UMOD",TRUE
"UMODL1",FALSE
"UMODL1-AS1",FALSE
"UMPS",TRUE
"UNC119",TRUE
"UNC119B",TRUE
"UNC13A",TRUE
"UNC13B",TRUE
"UNC13C",FALSE
"UNC13D",TRUE
"UNC45A",TRUE
"UNC45B",FALSE
"UNC50",TRUE
"UNC5A",TRUE
"UNC5B",TRUE
"UNC5B-AS1",TRUE
"UNC5C",TRUE
"UNC5CL",TRUE
"UNC5D",FALSE
"UNC79",TRUE
"UNC80",TRUE
"UNC93A",FALSE
"UNC93B1",TRUE
"UNC93B8",FALSE
"UNCX",FALSE
"UNG",TRUE
"UNK",TRUE
"UNKL",TRUE
"UNKL-AS1",FALSE
"UPB1",FALSE
"UPF1",TRUE
"UPF2",TRUE
"UPF3A",TRUE
"UPF3B",TRUE
"UPK1A",FALSE
"UPK1B",TRUE
"UPK2",FALSE
"UPK3A",FALSE
"UPK3B",TRUE
"UPK3BL1",FALSE
"UPK3BP1",FALSE
"UPP1",TRUE
"UPP2",FALSE
"UPRT",TRUE
"UQCC1",TRUE
"UQCC2",TRUE
"UQCC3",TRUE
"UQCC4",TRUE
"UQCC5",TRUE
"UQCC6",TRUE
"UQCR10",TRUE
"UQCR11",TRUE
"UQCRB",TRUE
"UQCRB-AS1",FALSE
"UQCRBP2",FALSE
"UQCRBP3",FALSE
"UQCRC1",TRUE
"UQCRC2",TRUE
"UQCRC2P1",FALSE
"UQCRFS1",TRUE
"UQCRFS1-DT",FALSE
"UQCRH",TRUE
"UQCRHL",TRUE
"UQCRHP1",FALSE
"UQCRHP4",FALSE
"UQCRQ",TRUE
"URAD",FALSE
"URB1",TRUE
"URB2",TRUE
"URGCP",TRUE
"URGCP-MRPS24",FALSE
"URI1",TRUE
"URM1",TRUE
"UROC1",FALSE
"UROD",TRUE
"UROS",TRUE
"USB1",TRUE
"USE1",TRUE
"USF1",TRUE
"USF1P1",FALSE
"USF2",TRUE
"USF3",TRUE
"USH1C",TRUE
"USH1G",FALSE
"USH2A",TRUE
"USH2A-AS2",FALSE
"USHBP1",TRUE
"USO1",TRUE
"USP1",TRUE
"USP10",TRUE
"USP11",TRUE
"USP12",TRUE
"USP13",TRUE
"USP14",TRUE
"USP15",TRUE
"USP16",TRUE
"USP17L10",FALSE
"USP17L12",FALSE
"USP17L13",FALSE
"USP17L14P",FALSE
"USP17L15",FALSE
"USP17L17",FALSE
"USP17L18",FALSE
"USP17L19",FALSE
"USP17L2",FALSE
"USP17L21",FALSE
"USP17L5",FALSE
"USP17L6P",FALSE
"USP17L7",FALSE
"USP17L9P",FALSE
"USP18",TRUE
"USP19",TRUE
"USP2",TRUE
"USP2-AS1",TRUE
"USP20",TRUE
"USP21",TRUE
"USP21P2",FALSE
"USP22",TRUE
"USP24",TRUE
"USP24P1",FALSE
"USP25",TRUE
"USP26",FALSE
"USP27X",TRUE
"USP27X-DT",TRUE
"USP28",TRUE
"USP29",FALSE
"USP3",TRUE
"USP3-AS1",TRUE
"USP30",TRUE
"USP31",TRUE
"USP32",TRUE
"USP33",TRUE
"USP34",TRUE
"USP34-DT",TRUE
"USP35",TRUE
"USP36",TRUE
"USP37",TRUE
"USP38",TRUE
"USP38-DT",TRUE
"USP39",TRUE
"USP4",TRUE
"USP40",TRUE
"USP41P",FALSE
"USP42",TRUE
"USP43",TRUE
"USP44",TRUE
"USP45",TRUE
"USP46",TRUE
"USP46-DT",TRUE
"USP47",TRUE
"USP48",TRUE
"USP49",TRUE
"USP5",TRUE
"USP50",FALSE
"USP51",TRUE
"USP53",TRUE
"USP54",TRUE
"USP6",TRUE
"USP6NL",TRUE
"USP6NL-AS1",FALSE
"USP7",TRUE
"USP7-AS1",FALSE
"USP8",TRUE
"USP8P1",FALSE
"USP9X",TRUE
"USP9YP10",FALSE
"USP9YP14",FALSE
"USP9YP15",FALSE
"USP9YP16",FALSE
"USP9YP17",FALSE
"USP9YP18",FALSE
"USP9YP2",FALSE
"USP9YP20",FALSE
"USP9YP21",FALSE
"USP9YP23",FALSE
"USP9YP24",FALSE
"USP9YP25",FALSE
"USP9YP26",FALSE
"USP9YP27",FALSE
"USP9YP28",FALSE
"USP9YP29",FALSE
"USP9YP3",FALSE
"USP9YP31",FALSE
"USP9YP32",FALSE
"USP9YP33",FALSE
"USP9YP34",FALSE
"USP9YP35",FALSE
"USP9YP36",FALSE
"USP9YP5",FALSE
"USPL1",TRUE
"UST",TRUE
"UTF1",FALSE
"UTP11",TRUE
"UTP14A",TRUE
"UTP14C",TRUE
"UTP15",TRUE
"UTP18",TRUE
"UTP20",TRUE
"UTP23",TRUE
"UTP25",TRUE
"UTP3",TRUE
"UTP4",TRUE
"UTP6",TRUE
"UTRN",TRUE
"UTS2",FALSE
"UTS2B",TRUE
"UTS2R",FALSE
"UTY",TRUE
"UVRAG",TRUE
"UVSSA",TRUE
"UXS1",TRUE
"UXT",TRUE
"UXT-AS1",FALSE
"VAC14",TRUE
"VAC14-AS1",TRUE
"VAMP1",TRUE
"VAMP2",TRUE
"VAMP3",TRUE
"VAMP4",TRUE
"VAMP5",TRUE
"VAMP7",TRUE
"VAMP8",TRUE
"VANGL1",TRUE
"VANGL2",TRUE
"VAPA",TRUE
"VAPB",TRUE
"VARS1",TRUE
"VARS2",TRUE
"VASH1",TRUE
"VASH2",TRUE
"VASN",TRUE
"VASP",TRUE
"VAT1",TRUE
"VAT1L",TRUE
"VAV1",TRUE
"VAV2",TRUE
"VAV3",TRUE
"VAV3-AS1",FALSE
"VAX1",FALSE
"VAX2",TRUE
"VBP1",TRUE
"VCAM1",TRUE
"VCAN",TRUE
"VCAN-AS1",FALSE
"VCF1",TRUE
"VCF2",TRUE
"VCL",TRUE
"VCP",TRUE
"VCPIP1",TRUE
"VCPKMT",TRUE
"VCX",FALSE
"VCX2",FALSE
"VCX3A",FALSE
"VCX3B",FALSE
"VCY",FALSE
"VCY1B",FALSE
"VDAC1",TRUE
"VDAC1P13",FALSE
"VDAC1P9",FALSE
"VDAC2",TRUE
"VDAC2P4",FALSE
"VDAC3",TRUE
"VDR",TRUE
"VEGFA",TRUE
"VEGFB",TRUE
"VEGFC",TRUE
"VEGFD",FALSE
"VENTX",FALSE
"VENTXP2",FALSE
"VEPH1",TRUE
"VESTAR",TRUE
"VEZF1",TRUE
"VEZT",TRUE
"VEZTP1",FALSE
"VGF",TRUE
"VGLL1",TRUE
"VGLL2",FALSE
"VGLL3",TRUE
"VGLL4",TRUE
"VHL",TRUE
"VHLL",FALSE
"VHRT",FALSE
"VIL1",TRUE
"VILL",TRUE
"VIM",TRUE
"VIM-AS1",TRUE
"VIP",FALSE
"VIPAS39",TRUE
"VIPR1",TRUE
"VIPR2",TRUE
"VIRMA",TRUE
"VIRMA-DT",TRUE
"VIT",FALSE
"VKORC1",TRUE
"VKORC1L1",TRUE
"VLDLR",TRUE
"VLDLR-AS1",TRUE
"VMA12",TRUE
"VMA21",TRUE
"VMA22",TRUE
"VMAC",TRUE
"VMO1",TRUE
"VMP1",TRUE
"VN1R1",TRUE
"VN1R103P",FALSE
"VN1R104P",FALSE
"VN1R105P",FALSE
"VN1R106P",FALSE
"VN1R107P",FALSE
"VN1R108P",FALSE
"VN1R110P",FALSE
"VN1R11P",FALSE
"VN1R12P",FALSE
"VN1R13P",FALSE
"VN1R18P",FALSE
"VN1R2",FALSE
"VN1R20P",FALSE
"VN1R21P",FALSE
"VN1R25P",FALSE
"VN1R28P",FALSE
"VN1R30P",FALSE
"VN1R31P",FALSE
"VN1R32P",FALSE
"VN1R33P",FALSE
"VN1R34P",FALSE
"VN1R35P",FALSE
"VN1R37P",FALSE
"VN1R38P",FALSE
"VN1R4",FALSE
"VN1R40P",FALSE
"VN1R46P",FALSE
"VN1R48P",FALSE
"VN1R5",FALSE
"VN1R51P",FALSE
"VN1R53P",FALSE
"VN1R54P",FALSE
"VN1R57P",FALSE
"VN1R60P",FALSE
"VN1R64P",FALSE
"VN1R65P",FALSE
"VN1R66P",FALSE
"VN1R67P",FALSE
"VN1R68P",FALSE
"VN1R6P",FALSE
"VN1R70P",FALSE
"VN1R71P",FALSE
"VN1R76P",FALSE
"VN1R80P",FALSE
"VN1R83P",TRUE
"VN1R85P",FALSE
"VN1R87P",FALSE
"VN1R90P",FALSE
"VN1R92P",FALSE
"VN1R93P",FALSE
"VN1R96P",FALSE
"VN1R99P",FALSE
"VN2R10P",FALSE
"VN2R9P",FALSE
"VNN1",TRUE
"VNN2",TRUE
"VOPP1",TRUE
"VPREB1",FALSE
"VPREB3",FALSE
"VPS11",TRUE
"VPS13A",TRUE
"VPS13A-AS1",FALSE
"VPS13B",TRUE
"VPS13B-DT",TRUE
"VPS13C",TRUE
"VPS13D",TRUE
"VPS16",TRUE
"VPS18",TRUE
"VPS25",TRUE
"VPS26A",TRUE
"VPS26B",TRUE
"VPS26BP1",FALSE
"VPS26C",TRUE
"VPS26CP1",FALSE
"VPS28",TRUE
"VPS29",TRUE
"VPS33A",TRUE
"VPS33B",TRUE
"VPS33B-DT",TRUE
"VPS35",TRUE
"VPS35L",TRUE
"VPS35P1",FALSE
"VPS36",TRUE
"VPS37A",TRUE
"VPS37B",TRUE
"VPS37C",TRUE
"VPS37D",TRUE
"VPS39",TRUE
"VPS41",TRUE
"VPS45",TRUE
"VPS4A",TRUE
"VPS4B",TRUE
"VPS50",TRUE
"VPS51",TRUE
"VPS51P1",FALSE
"VPS51P10",FALSE
"VPS51P11",FALSE
"VPS51P13",FALSE
"VPS51P14",FALSE
"VPS51P15",FALSE
"VPS51P16",FALSE
"VPS51P18",FALSE
"VPS51P19",FALSE
"VPS51P3",FALSE
"VPS51P4",FALSE
"VPS51P5",FALSE
"VPS51P8",FALSE
"VPS51P9",FALSE
"VPS52",TRUE
"VPS53",TRUE
"VPS54",TRUE
"VPS72",TRUE
"VPS8",TRUE
"VPS9D1",TRUE
"VPS9D1-AS1",TRUE
"VRK1",TRUE
"VRK2",TRUE
"VRK3",TRUE
"VRTN",FALSE
"VSIG1",TRUE
"VSIG10",TRUE
"VSIG10L",TRUE
"VSIG2",TRUE
"VSIG4",TRUE
"VSIG8",FALSE
"VSIR",TRUE
"VSNL1",TRUE
"VSTM1",FALSE
"VSTM2A",FALSE
"VSTM2A-OT1",FALSE
"VSTM2B",FALSE
"VSTM2B-DT",FALSE
"VSTM2L",TRUE
"VSTM4",TRUE
"VSTM5",TRUE
"VSX1",FALSE
"VSX2",FALSE
"VTA1",TRUE
"VTA1P1",FALSE
"VTCN1",TRUE
"VTI1A",TRUE
"VTI1B",TRUE
"VTI1BP4",FALSE
"VTN",TRUE
"VTRNA1-1",FALSE
"VTRNA1-2",FALSE
"VTRNA1-3",FALSE
"VTRNA2-1",FALSE
"VTRNA2-2P",FALSE
"VTRNA3-1P",FALSE
"VWA1",TRUE
"VWA2",TRUE
"VWA3A",FALSE
"VWA3B",FALSE
"VWA5A",TRUE
"VWA5B1",TRUE
"VWA5B2",TRUE
"VWA7",TRUE
"VWA8",TRUE
"VWA8-AS1",FALSE
"VWA8P1",FALSE
"VWC2",FALSE
"VWC2L",FALSE
"VWC2L-IT1",FALSE
"VWCE",TRUE
"VWDE",TRUE
"VWF",TRUE
"VWFP1",FALSE
"VXN",TRUE
"WAC",TRUE
"WAPL",TRUE
"WAPL-DT",TRUE
"WARS1",TRUE
"WARS1P1",FALSE
"WARS2",TRUE
"WARS2-AS1",TRUE
"WARS2P1",FALSE
"WAS",TRUE
"WASF1",TRUE
"WASF1P1",FALSE
"WASF2",TRUE
"WASF3",TRUE
"WASF5P",FALSE
"WASH6P",TRUE
"WASH8P",TRUE
"WASHC2FP",TRUE
"WASHC3",TRUE
"WASHC4",TRUE
"WASHC5",TRUE
"WASHC5-AS1",FALSE
"WASIR1",FALSE
"WASIR2",FALSE
"WASL",TRUE
"WASL-DT",TRUE
"WBP1",TRUE
"WBP11",TRUE
"WBP1LP1",FALSE
"WBP1LP5",FALSE
"WBP2",TRUE
"WBP2NL",TRUE
"WBP2P1",FALSE
"WBP4",TRUE
"WDCP",TRUE
"WDFY1",TRUE
"WDFY2",TRUE
"WDFY3",TRUE
"WDFY3-AS1",FALSE
"WDFY3-AS2",TRUE
"WDFY4",TRUE
"WDHD1",TRUE
"WDPCP",TRUE
"WDR1",TRUE
"WDR11",TRUE
"WDR11-DT",FALSE
"WDR12",TRUE
"WDR13",TRUE
"WDR17",TRUE
"WDR18",TRUE
"WDR19",TRUE
"WDR20",TRUE
"WDR24",TRUE
"WDR25",TRUE
"WDR26",TRUE
"WDR27",TRUE
"WDR3",TRUE
"WDR31",TRUE
"WDR33",TRUE
"WDR35",TRUE
"WDR35-DT",FALSE
"WDR36",TRUE
"WDR37",TRUE
"WDR38",FALSE
"WDR4",TRUE
"WDR41",TRUE
"WDR43",TRUE
"WDR44",TRUE
"WDR45",TRUE
"WDR45B",TRUE
"WDR46",TRUE
"WDR47",TRUE
"WDR48",TRUE
"WDR49",FALSE
"WDR4P1",FALSE
"WDR5",TRUE
"WDR53",TRUE
"WDR53P1",FALSE
"WDR54",TRUE
"WDR55",TRUE
"WDR59",TRUE
"WDR5B",TRUE
"WDR5B-DT",TRUE
"WDR6",TRUE
"WDR62",TRUE
"WDR64",FALSE
"WDR7",TRUE
"WDR70",TRUE
"WDR72",TRUE
"WDR73",TRUE
"WDR74",TRUE
"WDR75",TRUE
"WDR76",TRUE
"WDR77",TRUE
"WDR81",TRUE
"WDR82",TRUE
"WDR83",TRUE
"WDR83OS",TRUE
"WDR86",TRUE
"WDR86-AS1",FALSE
"WDR87",FALSE
"WDR88",TRUE
"WDR89",TRUE
"WDR90",TRUE
"WDR91",TRUE
"WDR93",TRUE
"WDR97",TRUE
"WDSUB1",TRUE
"WDTC1",TRUE
"WEE1",TRUE
"WEE2",FALSE
"WEE2-AS1",TRUE
"WEE2P1",FALSE
"WFDC1",FALSE
"WFDC10A",FALSE
"WFDC10B",FALSE
"WFDC11",FALSE
"WFDC12",FALSE
"WFDC13",FALSE
"WFDC2",TRUE
"WFDC3",TRUE
"WFDC5",FALSE
"WFDC6",FALSE
"WFDC8",FALSE
"WFDC9",FALSE
"WFIKKN1",TRUE
"WFIKKN2",TRUE
"WFS1",TRUE
"WHAMM",TRUE
"WHR1",TRUE
"WHRN",TRUE
"WHSC1L2P",FALSE
"WIF1",FALSE
"WIPF1",TRUE
"WIPF1-AS1",FALSE
"WIPF2",TRUE
"WIPF3",TRUE
"WIPI1",TRUE
"WIPI2",TRUE
"WIZ",TRUE
"WLS",TRUE
"WNK1",TRUE
"WNK2",TRUE
"WNK3",TRUE
"WNK4",TRUE
"WNT1",FALSE
"WNT10A",TRUE
"WNT10B",FALSE
"WNT11",TRUE
"WNT16",FALSE
"WNT2",TRUE
"WNT2B",TRUE
"WNT3A",FALSE
"WNT4",TRUE
"WNT5A",TRUE
"WNT5A-AS1",TRUE
"WNT5B",TRUE
"WNT6",FALSE
"WNT7A",TRUE
"WNT7B",TRUE
"WNT8A",FALSE
"WNT8B",FALSE
"WNT9A",TRUE
"WNT9B",FALSE
"WRAP53",TRUE
"WRAP73",TRUE
"WRN",TRUE
"WRNIP1",TRUE
"WSB1",TRUE
"WSB2",TRUE
"WSCD1",TRUE
"WSCD2",TRUE
"WSPAR",FALSE
"WT1",FALSE
"WT1-AS",FALSE
"WTAP",TRUE
"WTIP",TRUE
"WWC1",TRUE
"WWC2",TRUE
"WWC2-AS1",FALSE
"WWC2-AS2",TRUE
"WWC3",TRUE
"WWOX",TRUE
"WWOX-AS1",FALSE
"WWP1",TRUE
"WWP1-AS1",TRUE
"WWP2",TRUE
"WWTR1",TRUE
"WWTR1-AS1",TRUE
"XAB2",TRUE
"XAF1",TRUE
"XAGE-4",FALSE
"XAGE2",FALSE
"XAGE3",FALSE
"XAGE5",FALSE
"XBP1",TRUE
"XCL1",FALSE
"XCL2",FALSE
"XCR1",FALSE
"XDH",TRUE
"XG",FALSE
"XIAP",TRUE
"XIAPP1",FALSE
"XIAPP3",FALSE
"XIRP1",TRUE
"XIRP2",FALSE
"XIST",TRUE
"XK",TRUE
"XKR3",FALSE
"XKR4",TRUE
"XKR4-AS1",FALSE
"XKR5",FALSE
"XKR6",TRUE
"XKR7",FALSE
"XKR8",TRUE
"XKR9",TRUE
"XKRX",FALSE
"XNDC1N",TRUE
"XPA",TRUE
"XPC",TRUE
"XPNPEP1",TRUE
"XPNPEP2",FALSE
"XPNPEP3",TRUE
"XPO1",TRUE
"XPO4",TRUE
"XPO5",TRUE
"XPO6",TRUE
"XPO7",TRUE
"XPOT",TRUE
"XPOTP1",TRUE
"XPR1",TRUE
"XRCC1",TRUE
"XRCC2",TRUE
"XRCC3",TRUE
"XRCC4",TRUE
"XRCC5",TRUE
"XRCC6",TRUE
"XRCC6P2",FALSE
"XRCC6P3",FALSE
"XRCC6P4",FALSE
"XRCC6P5",FALSE
"XRN1",TRUE
"XRN2",TRUE
"XRRA1",TRUE
"XTBD1",TRUE
"XTBD1P3",FALSE
"XXYLT1",TRUE
"XXYLT1-AS1",FALSE
"XXYLT1-AS2",FALSE
"XYLB",TRUE
"XYLT1",TRUE
"XYLT2",TRUE
"YAE1",TRUE
"YAE1-DT",FALSE
"YAF2",TRUE
"YAP1",TRUE
"YAP1-DT",TRUE
"YAP1P1",FALSE
"YAP1P3",FALSE
"YARS1",TRUE
"YARS2",TRUE
"YBEY",TRUE
"YBX1",TRUE
"YBX1P4",FALSE
"YBX1P9",FALSE
"YBX2",FALSE
"YBX3",TRUE
"YDJC",TRUE
"YEATS2",TRUE
"YEATS4",TRUE
"YES1",TRUE
"YIF1A",TRUE
"YIF1B",TRUE
"YIPF1",TRUE
"YIPF2",TRUE
"YIPF3",TRUE
"YIPF4",TRUE
"YIPF5",TRUE
"YIPF6",TRUE
"YIPF7",FALSE
"YJEFN3",TRUE
"YJU2",TRUE
"YJU2B",TRUE
"YKT6",TRUE
"YLPM1",TRUE
"YME1L1",TRUE
"YME1L1P1",FALSE
"YOD1",TRUE
"YPEL1",TRUE
"YPEL2",TRUE
"YPEL3",TRUE
"YPEL3-DT",TRUE
"YPEL4",TRUE
"YPEL5",TRUE
"YPEL5P2",FALSE
"YPEL5P4",FALSE
"YRDC",TRUE
"YRDCP1",FALSE
"YRDCP2",FALSE
"YRDCP3",FALSE
"YTHDC1",TRUE
"YTHDC2",TRUE
"YTHDF1",TRUE
"YTHDF1P1",FALSE
"YTHDF2",TRUE
"YTHDF3",TRUE
"YTHDF3P1",FALSE
"YWHAB",TRUE
"YWHAE",TRUE
"YWHAEP2",FALSE
"YWHAEP3",FALSE
"YWHAEP4",FALSE
"YWHAG",TRUE
"YWHAH",TRUE
"YWHAH-AS1",TRUE
"YWHAQ",TRUE
"YWHAQP10",FALSE
"YWHAQP5",FALSE
"YWHAQP7",FALSE
"YWHAZ",TRUE
"YY1",TRUE
"YY1AP1",TRUE
"YY2",TRUE
"ZACN",TRUE
"ZAN",FALSE
"ZAP70",FALSE
"ZAR1",FALSE
"ZAR1L",FALSE
"ZBBX",FALSE
"ZBED1",TRUE
"ZBED2",FALSE
"ZBED3",TRUE
"ZBED3-AS1",TRUE
"ZBED4",TRUE
"ZBED5",TRUE
"ZBED5-AS1",TRUE
"ZBED6",TRUE
"ZBED9-AS1",FALSE
"ZBP1",FALSE
"ZBTB1",TRUE
"ZBTB10",TRUE
"ZBTB11",TRUE
"ZBTB11-AS1",TRUE
"ZBTB12",TRUE
"ZBTB14",TRUE
"ZBTB16",TRUE
"ZBTB17",TRUE
"ZBTB18",TRUE
"ZBTB2",TRUE
"ZBTB20",TRUE
"ZBTB20-AS1",TRUE
"ZBTB20-AS3",FALSE
"ZBTB20-AS4",FALSE
"ZBTB20-AS5",FALSE
"ZBTB21",TRUE
"ZBTB22",TRUE
"ZBTB24",TRUE
"ZBTB24-DT",FALSE
"ZBTB25",TRUE
"ZBTB26",TRUE
"ZBTB3",TRUE
"ZBTB32",TRUE
"ZBTB33",TRUE
"ZBTB34",TRUE
"ZBTB37",TRUE
"ZBTB38",TRUE
"ZBTB39",TRUE
"ZBTB4",TRUE
"ZBTB40",TRUE
"ZBTB41",TRUE
"ZBTB42",TRUE
"ZBTB43",TRUE
"ZBTB44",TRUE
"ZBTB44-DT",TRUE
"ZBTB45",TRUE
"ZBTB46",TRUE
"ZBTB47",TRUE
"ZBTB48",TRUE
"ZBTB49",TRUE
"ZBTB5",TRUE
"ZBTB6",TRUE
"ZBTB7A",TRUE
"ZBTB7B",TRUE
"ZBTB7C",TRUE
"ZBTB7C-AS2",FALSE
"ZBTB8A",TRUE
"ZBTB8B",FALSE
"ZBTB8OS",TRUE
"ZBTB9",FALSE
"ZC2HC1A",TRUE
"ZC2HC1B",FALSE
"ZC2HC1C",TRUE
"ZC3H10",TRUE
"ZC3H11A",TRUE
"ZC3H11B",TRUE
"ZC3H11C",FALSE
"ZC3H12A",TRUE
"ZC3H12B",TRUE
"ZC3H12C",TRUE
"ZC3H12D",TRUE
"ZC3H13",TRUE
"ZC3H14",TRUE
"ZC3H15",TRUE
"ZC3H18",TRUE
"ZC3H3",TRUE
"ZC3H4",TRUE
"ZC3H6",TRUE
"ZC3H7A",TRUE
"ZC3H7B",TRUE
"ZC3H8",TRUE
"ZC3HAV1",TRUE
"ZC3HAV1L",TRUE
"ZC3HC1",TRUE
"ZC4H2",TRUE
"ZCCHC10",TRUE
"ZCCHC12",FALSE
"ZCCHC13",FALSE
"ZCCHC14",TRUE
"ZCCHC17",TRUE
"ZCCHC18",TRUE
"ZCCHC2",TRUE
"ZCCHC24",TRUE
"ZCCHC3",TRUE
"ZCCHC4",TRUE
"ZCCHC7",TRUE
"ZCCHC8",TRUE
"ZCCHC9",TRUE
"ZCRB1",TRUE
"ZCWPW1",TRUE
"ZCWPW2",TRUE
"ZDBF2",TRUE
"ZDHHC1",TRUE
"ZDHHC11",TRUE
"ZDHHC11B",TRUE
"ZDHHC12",TRUE
"ZDHHC13",TRUE
"ZDHHC14",TRUE
"ZDHHC15",TRUE
"ZDHHC16",TRUE
"ZDHHC17",TRUE
"ZDHHC18",TRUE
"ZDHHC19",FALSE
"ZDHHC1P1",FALSE
"ZDHHC2",TRUE
"ZDHHC20",TRUE
"ZDHHC20P1",FALSE
"ZDHHC20P2",FALSE
"ZDHHC20P3",FALSE
"ZDHHC21",TRUE
"ZDHHC22",FALSE
"ZDHHC23",TRUE
"ZDHHC24",TRUE
"ZDHHC3",TRUE
"ZDHHC4",TRUE
"ZDHHC4P1",FALSE
"ZDHHC5",TRUE
"ZDHHC6",TRUE
"ZDHHC7",TRUE
"ZDHHC8",TRUE
"ZDHHC9",TRUE
"ZEB1",TRUE
"ZEB1-AS1",TRUE
"ZEB2",TRUE
"ZEB2-AS1",FALSE
"ZEB2P1",FALSE
"ZER1",TRUE
"ZFAND1",TRUE
"ZFAND2A",TRUE
"ZFAND2A-DT",TRUE
"ZFAND2AP1",FALSE
"ZFAND2AP2",FALSE
"ZFAND2B",TRUE
"ZFAND3",TRUE
"ZFAND3-DT",FALSE
"ZFAND4",TRUE
"ZFAND5",TRUE
"ZFAND6",TRUE
"ZFAS1",TRUE
"ZFAT",TRUE
"ZFAT-AS1",FALSE
"ZFC3H1",TRUE
"ZFHX2",TRUE
"ZFHX3",TRUE
"ZFHX3-AS1",TRUE
"ZFHX4",TRUE
"ZFP1",TRUE
"ZFP14",TRUE
"ZFP2",TRUE
"ZFP28",TRUE
"ZFP28-DT",FALSE
"ZFP3",TRUE
"ZFP3-DT",FALSE
"ZFP30",TRUE
"ZFP36",TRUE
"ZFP36L1",TRUE
"ZFP36L2",TRUE
"ZFP37",TRUE
"ZFP41",TRUE
"ZFP42",FALSE
"ZFP57",TRUE
"ZFP62",TRUE
"ZFP64",TRUE
"ZFP69",TRUE
"ZFP69B",TRUE
"ZFP82",TRUE
"ZFP90",TRUE
"ZFP91",TRUE
"ZFP91P1",FALSE
"ZFP92",TRUE
"ZFPL1",TRUE
"ZFPM1",TRUE
"ZFPM1-AS1",TRUE
"ZFPM2",TRUE
"ZFR",TRUE
"ZFR2",FALSE
"ZFTA",TRUE
"ZFTRAF1",TRUE
"ZFX",TRUE
"ZFX-AS1",FALSE
"ZFY",TRUE
"ZFYVE1",TRUE
"ZFYVE16",TRUE
"ZFYVE19",TRUE
"ZFYVE21",TRUE
"ZFYVE26",TRUE
"ZFYVE27",TRUE
"ZFYVE28",TRUE
"ZFYVE9",TRUE
"ZFYVE9P1",FALSE
"ZG16",TRUE
"ZG16B",TRUE
"ZGLP1",TRUE
"ZGPAT",TRUE
"ZGRF1",TRUE
"ZHX1",TRUE
"ZHX1-C8orf76",FALSE
"ZHX2",TRUE
"ZHX3",TRUE
"ZIC1",FALSE
"ZIC2",FALSE
"ZIC3",FALSE
"ZIC4",FALSE
"ZIC5",FALSE
"ZIK1",TRUE
"ZIM2",FALSE
"ZIM3",FALSE
"ZKSCAN1",TRUE
"ZKSCAN2",TRUE
"ZKSCAN2-DT",TRUE
"ZKSCAN3",TRUE
"ZKSCAN4",TRUE
"ZKSCAN5",TRUE
"ZKSCAN7",TRUE
"ZKSCAN7-AS1",TRUE
"ZKSCAN7P1",FALSE
"ZKSCAN8",TRUE
"ZKSCAN8P1",TRUE
"ZKSCAN8P2",FALSE
"ZMAT1",TRUE
"ZMAT2",TRUE
"ZMAT3",TRUE
"ZMAT4",FALSE
"ZMAT5",TRUE
"ZMIZ1",TRUE
"ZMIZ1-AS1",TRUE
"ZMIZ2",TRUE
"ZMPSTE24",TRUE
"ZMYM1",TRUE
"ZMYM2",TRUE
"ZMYM3",TRUE
"ZMYM4",TRUE
"ZMYM4-AS1",FALSE
"ZMYM5",TRUE
"ZMYM6",TRUE
"ZMYND10",TRUE
"ZMYND11",TRUE
"ZMYND12",TRUE
"ZMYND15",TRUE
"ZMYND19",TRUE
"ZMYND8",TRUE
"ZNF10",TRUE
"ZNF100",TRUE
"ZNF101",TRUE
"ZNF101P2",FALSE
"ZNF106",TRUE
"ZNF107",TRUE
"ZNF112",TRUE
"ZNF114",TRUE
"ZNF114-AS1",FALSE
"ZNF12",TRUE
"ZNF121",TRUE
"ZNF123P",FALSE
"ZNF124",TRUE
"ZNF131",TRUE
"ZNF132",TRUE
"ZNF133",TRUE
"ZNF134",TRUE
"ZNF135",TRUE
"ZNF136",TRUE
"ZNF138",TRUE
"ZNF14",TRUE
"ZNF140",TRUE
"ZNF141",TRUE
"ZNF142",TRUE
"ZNF143",TRUE
"ZNF143-AS1",TRUE
"ZNF146",TRUE
"ZNF148",TRUE
"ZNF154",TRUE
"ZNF155",TRUE
"ZNF157",TRUE
"ZNF16",TRUE
"ZNF160",TRUE
"ZNF165",TRUE
"ZNF169",TRUE
"ZNF17",TRUE
"ZNF174",TRUE
"ZNF175",TRUE
"ZNF18",TRUE
"ZNF180",TRUE
"ZNF181",TRUE
"ZNF182",TRUE
"ZNF184",TRUE
"ZNF185",TRUE
"ZNF189",TRUE
"ZNF195",TRUE
"ZNF2",TRUE
"ZNF20",TRUE
"ZNF200",TRUE
"ZNF202",TRUE
"ZNF205",TRUE
"ZNF207",TRUE
"ZNF208",TRUE
"ZNF211",TRUE
"ZNF212",TRUE
"ZNF213",TRUE
"ZNF213-AS1",TRUE
"ZNF214",TRUE
"ZNF215",TRUE
"ZNF217",TRUE
"ZNF219",TRUE
"ZNF22",TRUE
"ZNF22-AS1",TRUE
"ZNF221",TRUE
"ZNF222",TRUE
"ZNF223",TRUE
"ZNF224",TRUE
"ZNF225",TRUE
"ZNF225-AS1",FALSE
"ZNF226",TRUE
"ZNF227",TRUE
"ZNF229",TRUE
"ZNF23",TRUE
"ZNF230",TRUE
"ZNF230-DT",FALSE
"ZNF232",TRUE
"ZNF232-AS1",TRUE
"ZNF233",TRUE
"ZNF234",TRUE
"ZNF235",TRUE
"ZNF236",TRUE
"ZNF236-DT",TRUE
"ZNF239",TRUE
"ZNF24",TRUE
"ZNF248",TRUE
"ZNF25",TRUE
"ZNF25-DT",FALSE
"ZNF250",TRUE
"ZNF251",TRUE
"ZNF252P-AS1",TRUE
"ZNF253",TRUE
"ZNF254",TRUE
"ZNF256",TRUE
"ZNF257",TRUE
"ZNF26",TRUE
"ZNF260",TRUE
"ZNF263",TRUE
"ZNF264",TRUE
"ZNF266",TRUE
"ZNF267",TRUE
"ZNF268",TRUE
"ZNF273",TRUE
"ZNF274",TRUE
"ZNF276",TRUE
"ZNF276-AS1",FALSE
"ZNF277",TRUE
"ZNF277-AS1",TRUE
"ZNF28",TRUE
"ZNF280A",FALSE
"ZNF280B",TRUE
"ZNF280C",TRUE
"ZNF280D",TRUE
"ZNF281",TRUE
"ZNF282",TRUE
"ZNF283",TRUE
"ZNF284",TRUE
"ZNF285",TRUE
"ZNF286A",TRUE
"ZNF287",TRUE
"ZNF292",TRUE
"ZNF295-AS1",TRUE
"ZNF296",TRUE
"ZNF29P",FALSE
"ZNF3",TRUE
"ZNF30",TRUE
"ZNF300",TRUE
"ZNF302",TRUE
"ZNF304",TRUE
"ZNF311",TRUE
"ZNF316",TRUE
"ZNF317",TRUE
"ZNF317P1",FALSE
"ZNF318",TRUE
"ZNF319",TRUE
"ZNF32",TRUE
"ZNF32-AS1",TRUE
"ZNF320",TRUE
"ZNF322",TRUE
"ZNF324",TRUE
"ZNF324B",TRUE
"ZNF326",TRUE
"ZNF329",TRUE
"ZNF330",TRUE
"ZNF331",TRUE
"ZNF333",TRUE
"ZNF334",TRUE
"ZNF335",TRUE
"ZNF337",TRUE
"ZNF337-AS1",TRUE
"ZNF33A",TRUE
"ZNF33B",TRUE
"ZNF33CP",FALSE
"ZNF34",TRUE
"ZNF341",TRUE
"ZNF341-AS1",TRUE
"ZNF343",TRUE
"ZNF345",TRUE
"ZNF346",TRUE
"ZNF347",TRUE
"ZNF35",TRUE
"ZNF350",TRUE
"ZNF350-AS1",TRUE
"ZNF354A",TRUE
"ZNF354B",TRUE
"ZNF354C",TRUE
"ZNF358",TRUE
"ZNF362",TRUE
"ZNF365",TRUE
"ZNF366",TRUE
"ZNF367",TRUE
"ZNF37A",TRUE
"ZNF37CP",FALSE
"ZNF382",TRUE
"ZNF383",TRUE
"ZNF384",TRUE
"ZNF385A",TRUE
"ZNF385B",TRUE
"ZNF385C",TRUE
"ZNF385D",TRUE
"ZNF385D-AS1",FALSE
"ZNF385D-AS2",FALSE
"ZNF391",TRUE
"ZNF394",TRUE
"ZNF395",TRUE
"ZNF396",TRUE
"ZNF397",TRUE
"ZNF398",TRUE
"ZNF402P",FALSE
"ZNF407",TRUE
"ZNF407-AS1",TRUE
"ZNF408",TRUE
"ZNF41",TRUE
"ZNF410",TRUE
"ZNF414",TRUE
"ZNF415",TRUE
"ZNF415P1",FALSE
"ZNF416",TRUE
"ZNF417",TRUE
"ZNF418",TRUE
"ZNF419",TRUE
"ZNF420",TRUE
"ZNF423",TRUE
"ZNF425",TRUE
"ZNF426",TRUE
"ZNF426-DT",TRUE
"ZNF428",TRUE
"ZNF429",TRUE
"ZNF43",TRUE
"ZNF430",TRUE
"ZNF431",TRUE
"ZNF432",TRUE
"ZNF433",TRUE
"ZNF433-AS1",TRUE
"ZNF436",TRUE
"ZNF436-AS1",TRUE
"ZNF438",TRUE
"ZNF439",TRUE
"ZNF44",TRUE
"ZNF440",TRUE
"ZNF441",TRUE
"ZNF442",TRUE
"ZNF443",TRUE
"ZNF444",TRUE
"ZNF445",TRUE
"ZNF446",TRUE
"ZNF449",TRUE
"ZNF45",TRUE
"ZNF451",TRUE
"ZNF454",TRUE
"ZNF460",TRUE
"ZNF460-AS1",TRUE
"ZNF461",TRUE
"ZNF462",TRUE
"ZNF467",TRUE
"ZNF468",TRUE
"ZNF469",TRUE
"ZNF470",TRUE
"ZNF470-DT",TRUE
"ZNF471",TRUE
"ZNF473",TRUE
"ZNF473CR",FALSE
"ZNF474",FALSE
"ZNF475",FALSE
"ZNF479",FALSE
"ZNF48",TRUE
"ZNF480",TRUE
"ZNF483",TRUE
"ZNF484",TRUE
"ZNF485",TRUE
"ZNF486",TRUE
"ZNF487",TRUE
"ZNF488",FALSE
"ZNF490",TRUE
"ZNF491",TRUE
"ZNF492",TRUE
"ZNF493",TRUE
"ZNF496",TRUE
"ZNF497",TRUE
"ZNF500",TRUE
"ZNF501",TRUE
"ZNF502",TRUE
"ZNF503",TRUE
"ZNF503-AS1",TRUE
"ZNF503-AS2",TRUE
"ZNF506",TRUE
"ZNF507",TRUE
"ZNF510",TRUE
"ZNF511",TRUE
"ZNF512",TRUE
"ZNF512B",TRUE
"ZNF513",TRUE
"ZNF514",TRUE
"ZNF516",TRUE
"ZNF516-AS1",TRUE
"ZNF516-DT",TRUE
"ZNF517",TRUE
"ZNF518A",TRUE
"ZNF518B",TRUE
"ZNF519",TRUE
"ZNF519P4",FALSE
"ZNF521",TRUE
"ZNF524",TRUE
"ZNF525",TRUE
"ZNF526",TRUE
"ZNF527",TRUE
"ZNF528",TRUE
"ZNF528-AS1",TRUE
"ZNF529",TRUE
"ZNF529-AS1",TRUE
"ZNF530",TRUE
"ZNF532",TRUE
"ZNF534",FALSE
"ZNF536",FALSE
"ZNF540",TRUE
"ZNF541",FALSE
"ZNF543",TRUE
"ZNF544",TRUE
"ZNF546",TRUE
"ZNF547",TRUE
"ZNF548",TRUE
"ZNF549",TRUE
"ZNF550",TRUE
"ZNF551",TRUE
"ZNF552",TRUE
"ZNF554",TRUE
"ZNF555",TRUE
"ZNF556",TRUE
"ZNF557",TRUE
"ZNF558",TRUE
"ZNF559",TRUE
"ZNF559-ZNF177",FALSE
"ZNF560",FALSE
"ZNF561",TRUE
"ZNF561-AS1",TRUE
"ZNF562",TRUE
"ZNF563",TRUE
"ZNF564",TRUE
"ZNF565",TRUE
"ZNF566",TRUE
"ZNF566-AS1",TRUE
"ZNF567",TRUE
"ZNF568",TRUE
"ZNF569",TRUE
"ZNF57",TRUE
"ZNF570",TRUE
"ZNF571",TRUE
"ZNF571-AS1",TRUE
"ZNF572",TRUE
"ZNF573",TRUE
"ZNF574",TRUE
"ZNF575",TRUE
"ZNF576",TRUE
"ZNF577",TRUE
"ZNF578",TRUE
"ZNF579",TRUE
"ZNF580",TRUE
"ZNF581",TRUE
"ZNF582",TRUE
"ZNF582-DT",TRUE
"ZNF583",TRUE
"ZNF584",TRUE
"ZNF585A",TRUE
"ZNF585B",TRUE
"ZNF586",TRUE
"ZNF587",TRUE
"ZNF587B",TRUE
"ZNF589",TRUE
"ZNF592",TRUE
"ZNF593",FALSE
"ZNF593OS",FALSE
"ZNF594",TRUE
"ZNF594-DT",TRUE
"ZNF595",TRUE
"ZNF596",TRUE
"ZNF597",TRUE
"ZNF598",TRUE
"ZNF599",TRUE
"ZNF600",TRUE
"ZNF603P",FALSE
"ZNF605",TRUE
"ZNF606",TRUE
"ZNF606-AS1",TRUE
"ZNF607",TRUE
"ZNF608",TRUE
"ZNF609",TRUE
"ZNF610",TRUE
"ZNF611",TRUE
"ZNF613",TRUE
"ZNF614",TRUE
"ZNF615",TRUE
"ZNF616",TRUE
"ZNF618",TRUE
"ZNF619",TRUE
"ZNF620",TRUE
"ZNF621",TRUE
"ZNF622",TRUE
"ZNF622P1",FALSE
"ZNF623",TRUE
"ZNF624",TRUE
"ZNF625",FALSE
"ZNF626",TRUE
"ZNF627",TRUE
"ZNF628",TRUE
"ZNF629",TRUE
"ZNF630",TRUE
"ZNF638",TRUE
"ZNF639",TRUE
"ZNF641",TRUE
"ZNF644",TRUE
"ZNF646",TRUE
"ZNF648",FALSE
"ZNF649",TRUE
"ZNF649-AS1",FALSE
"ZNF652",TRUE
"ZNF652-AS1",FALSE
"ZNF653",TRUE
"ZNF654",TRUE
"ZNF655",TRUE
"ZNF658",TRUE
"ZNF66",TRUE
"ZNF660",TRUE
"ZNF662",TRUE
"ZNF664",TRUE
"ZNF665",TRUE
"ZNF667",TRUE
"ZNF667-AS1",TRUE
"ZNF668",TRUE
"ZNF669",TRUE
"ZNF670",TRUE
"ZNF670-ZNF695",FALSE
"ZNF671",TRUE
"ZNF672",TRUE
"ZNF674",TRUE
"ZNF674-AS1",TRUE
"ZNF675",TRUE
"ZNF676",TRUE
"ZNF677",TRUE
"ZNF678",TRUE
"ZNF679",FALSE
"ZNF680",TRUE
"ZNF681",TRUE
"ZNF682",TRUE
"ZNF683",FALSE
"ZNF684",TRUE
"ZNF687",TRUE
"ZNF687-AS1",TRUE
"ZNF688",TRUE
"ZNF689",TRUE
"ZNF69",TRUE
"ZNF691",TRUE
"ZNF691-DT",TRUE
"ZNF692",TRUE
"ZNF692-DT",FALSE
"ZNF695",FALSE
"ZNF696",TRUE
"ZNF697",TRUE
"ZNF699",TRUE
"ZNF7",TRUE
"ZNF70",TRUE
"ZNF700",TRUE
"ZNF701",TRUE
"ZNF703",TRUE
"ZNF704",TRUE
"ZNF705A",FALSE
"ZNF705D",FALSE
"ZNF706",TRUE
"ZNF708",TRUE
"ZNF709",FALSE
"ZNF71",TRUE
"ZNF710",TRUE
"ZNF710-AS1",TRUE
"ZNF711",TRUE
"ZNF713",TRUE
"ZNF714",TRUE
"ZNF716",FALSE
"ZNF717",TRUE
"ZNF718",TRUE
"ZNF721",TRUE
"ZNF722",FALSE
"ZNF723",FALSE
"ZNF724",TRUE
"ZNF726",TRUE
"ZNF727",TRUE
"ZNF728",FALSE
"ZNF729",FALSE
"ZNF730",FALSE
"ZNF732",TRUE
"ZNF735",FALSE
"ZNF736",TRUE
"ZNF736P10Y",FALSE
"ZNF736P1Y",FALSE
"ZNF736P6Y",FALSE
"ZNF737",TRUE
"ZNF738",TRUE
"ZNF74",TRUE
"ZNF740",TRUE
"ZNF746",TRUE
"ZNF747",TRUE
"ZNF747-DT",TRUE
"ZNF749",TRUE
"ZNF750",FALSE
"ZNF75A",TRUE
"ZNF75D",TRUE
"ZNF76",TRUE
"ZNF763",TRUE
"ZNF764",TRUE
"ZNF765",TRUE
"ZNF766",TRUE
"ZNF768",TRUE
"ZNF77",TRUE
"ZNF770",TRUE
"ZNF771",TRUE
"ZNF772",TRUE
"ZNF773",TRUE
"ZNF774",TRUE
"ZNF775",TRUE
"ZNF775-AS1",FALSE
"ZNF776",TRUE
"ZNF777",TRUE
"ZNF778",TRUE
"ZNF778-DT",TRUE
"ZNF780A",TRUE
"ZNF780B",TRUE
"ZNF782",TRUE
"ZNF783",TRUE
"ZNF784",TRUE
"ZNF785",TRUE
"ZNF786",TRUE
"ZNF787",TRUE
"ZNF789",TRUE
"ZNF79",TRUE
"ZNF790",TRUE
"ZNF790-AS1",TRUE
"ZNF791",TRUE
"ZNF792",TRUE
"ZNF793",TRUE
"ZNF793-AS1",TRUE
"ZNF799",TRUE
"ZNF8",TRUE
"ZNF8-DT",TRUE
"ZNF8-ERVK3-1",TRUE
"ZNF80",FALSE
"ZNF800",TRUE
"ZNF804A",TRUE
"ZNF804B",TRUE
"ZNF805",TRUE
"ZNF808",TRUE
"ZNF81",TRUE
"ZNF813",TRUE
"ZNF814",TRUE
"ZNF816",TRUE
"ZNF816-ZNF321P",FALSE
"ZNF821",TRUE
"ZNF823",TRUE
"ZNF827",TRUE
"ZNF829",TRUE
"ZNF83",TRUE
"ZNF830",TRUE
"ZNF831",FALSE
"ZNF833P",FALSE
"ZNF835",TRUE
"ZNF836",TRUE
"ZNF837",TRUE
"ZNF839",TRUE
"ZNF839P1",FALSE
"ZNF84",TRUE
"ZNF84-DT",FALSE
"ZNF841",TRUE
"ZNF843",TRUE
"ZNF844",TRUE
"ZNF845",TRUE
"ZNF849P",FALSE
"ZNF85",TRUE
"ZNF850",TRUE
"ZNF850-DT",FALSE
"ZNF852",TRUE
"ZNF853",TRUE
"ZNF860",TRUE
"ZNF861P",FALSE
"ZNF862",TRUE
"ZNF865",TRUE
"ZNF875",TRUE
"ZNF878",TRUE
"ZNF879",TRUE
"ZNF880",TRUE
"ZNF883",TRUE
"ZNF888",TRUE
"ZNF891",TRUE
"ZNF892",TRUE
"ZNF90",TRUE
"ZNF91",TRUE
"ZNF92",TRUE
"ZNF92P1Y",FALSE
"ZNF93",TRUE
"ZNF962P",FALSE
"ZNF969P",FALSE
"ZNF98",TRUE
"ZNF99",FALSE
"ZNFX1",TRUE
"ZNG1A",TRUE
"ZNG1B",TRUE
"ZNG1DP",TRUE
"ZNG1E",TRUE
"ZNG1F",TRUE
"ZNHIT1",TRUE
"ZNHIT2",TRUE
"ZNHIT3",TRUE
"ZNHIT6",TRUE
"ZNNT1",TRUE
"ZNRD2",TRUE
"ZNRF1",TRUE
"ZNRF2",TRUE
"ZNRF3",TRUE
"ZNRF3-AS1",FALSE
"ZNRF4",FALSE
"ZP1",FALSE
"ZP2",FALSE
"ZP3",TRUE
"ZP3P1",FALSE
"ZP4",FALSE
"ZPBP",FALSE
"ZPBP2",FALSE
"ZPLD1",TRUE
"ZPR1",TRUE
"ZRANB1",TRUE
"ZRANB2",TRUE
"ZRANB2-DT",TRUE
"ZRANB3",TRUE
"ZRSR2",TRUE
"ZRSR2P1",FALSE
"ZSCAN1",TRUE
"ZSCAN10",FALSE
"ZSCAN12",TRUE
"ZSCAN16",TRUE
"ZSCAN16-AS1",TRUE
"ZSCAN18",TRUE
"ZSCAN2",TRUE
"ZSCAN20",TRUE
"ZSCAN21",TRUE
"ZSCAN22",TRUE
"ZSCAN23",TRUE
"ZSCAN25",TRUE
"ZSCAN26",TRUE
"ZSCAN29",TRUE
"ZSCAN30",TRUE
"ZSCAN31",TRUE
"ZSCAN32",TRUE
"ZSCAN4",FALSE
"ZSCAN5A",TRUE
"ZSCAN5A-AS1",FALSE
"ZSCAN5B",FALSE
"ZSCAN5C",FALSE
"ZSCAN5DP",FALSE
"ZSCAN9",TRUE
"ZSWIM1",TRUE
"ZSWIM2",FALSE
"ZSWIM3",TRUE
"ZSWIM4",TRUE
"ZSWIM5",TRUE
"ZSWIM5P1",FALSE
"ZSWIM6",TRUE
"ZSWIM7",TRUE
"ZSWIM8",TRUE
"ZSWIM8-AS1",FALSE
"ZSWIM9",TRUE
"ZUP1",TRUE
"ZW10",TRUE
"ZWILCH",TRUE
"ZWINT",TRUE
"ZXDA",TRUE
"ZXDB",TRUE
"ZXDC",TRUE
"ZYG11A",FALSE
"ZYG11B",TRUE
"ZYX",TRUE
"ZYXP1",FALSE
"ZZEF1",TRUE
"ZZZ3",TRUE
