"Gene","Probe"
"A1BG","229819_at"
"A1BG-AS1","232462_s_at"
"A1CF","220951_s_at"
"A2M","217757_at"
"A2M-AS1","1564139_at"
"A2ML1","1553505_at"
"A4GALT","219488_at"
"A4GNT","221131_at"
"AA06","241552_at"
"AAAS","218075_at"
"AACS","218434_s_at"
"AACSP1","1570020_at"
"AADAC","205969_at"
"AADACL2","240420_at"
"AADACP1","1569582_at"
"AADAT","223593_at"
"AAGAB","202852_s_at"
"AAK1","205434_s_at"
"AAMDC","221599_at"
"AAMP","201511_at"
"AANAT","207225_at"
"AAR2","218089_at"
"AARS1","201000_at"
"AARS2","231845_at"
"AASDH","228041_at"
"AASDHPPT","202169_s_at"
"AASS","214829_at"
"AATBC","1563088_a_at"
"AATF","209165_at"
"AATK","205986_at"
"ABAT","209459_s_at"
"ABCA1","203505_at"
"ABCA11P","220159_at"
"ABCA12","215465_at"
"ABCA13","1553605_a_at"
"ABCA17P","231164_at"
"ABCA2","212772_s_at"
"ABCA3","204343_at"
"ABCA4","210082_at"
"ABCA5","213353_at"
"ABCA6","217504_at"
"ABCA7","219577_s_at"
"ABCA8","204719_at"
"ABCA9","242541_at"
"ABCB1","209993_at"
"ABCB10","223320_s_at"
"ABCB11","211224_s_at"
"ABCB4","207819_s_at"
"ABCB5","1555371_at"
"ABCB6","203192_at"
"ABCB7","209620_s_at"
"ABCB8","229539_at"
"ABCB9","1555323_at"
"ABCC1","202804_at"
"ABCC10","213485_s_at"
"ABCC11","1554911_at"
"ABCC12","1553410_a_at"
"ABCC13","233371_at"
"ABCC2","206155_at"
"ABCC3","208161_s_at"
"ABCC4","203196_at"
"ABCC5","209380_s_at"
"ABCC6","215559_at"
"ABCC6P1","236205_at"
"ABCC8","210246_s_at"
"ABCC9","208562_s_at"
"ABCD1","205142_x_at"
"ABCD2","207583_at"
"ABCD3","202850_at"
"ABCD4","203981_s_at"
"ABCE1","201872_s_at"
"ABCF1","200045_at"
"ABCF2","209247_s_at"
"ABCF3","202394_s_at"
"ABCG1","204567_s_at"
"ABCG2","209735_at"
"ABCG4","207593_at"
"ABCG5","220383_at"
"ABCG8","231751_at"
"ABHD1","236461_at"
"ABHD10","218633_x_at"
"ABHD11","221927_s_at"
"ABHD12","228123_s_at"
"ABHD12B","1564357_at"
"ABHD13","235348_at"
"ABHD14A","210006_at"
"ABHD14B","224821_at"
"ABHD15","226796_at"
"ABHD16A","224756_s_at"
"ABHD16B","234002_at"
"ABHD17A","221267_s_at"
"ABHD17B","227551_at"
"ABHD17C","225436_at"
"ABHD18","236240_at"
"ABHD2","225337_at"
"ABHD3","213017_at"
"ABHD4","218581_at"
"ABHD5","218739_at"
"ABHD6","221552_at"
"ABHD8","219101_x_at"
"ABI1","209027_s_at"
"ABI2","225112_at"
"ABI3","223615_at"
"ABI3BP","223395_at"
"ABITRAM","218998_at"
"ABL1","202123_s_at"
"ABL2","226893_at"
"ABLIM1","200965_s_at"
"ABLIM2","236087_at"
"ABLIM3","205730_s_at"
"ABO","214504_at"
"ABR","212895_s_at"
"ABRA","1552731_at"
"ABRACL","223361_at"
"ABRAXAS1","226521_s_at"
"ABRAXAS2","212837_at"
"ABT1","218405_at"
"ABTB1","229164_s_at"
"ABTB2","213497_at"
"ABTB3","228570_at"
"ACAA1","214274_s_at"
"ACAA2","202003_s_at"
"ACACA","212186_at"
"ACACB","49452_at"
"ACAD10","219986_s_at"
"ACAD8","221669_s_at"
"ACAD9","224160_s_at"
"ACADL","206068_s_at"
"ACADM","202502_at"
"ACADS","202366_at"
"ACADSB","226030_at"
"ACADVL","200710_at"
"ACAN","205679_x_at"
"ACAP1","205213_at"
"ACAP2","212476_at"
"ACAP3","225529_at"
"ACAT1","205412_at"
"ACAT2","209608_s_at"
"ACBD3","202324_s_at"
"ACBD4","219413_at"
"ACBD5","225663_at"
"ACCS","228264_at"
"ACD","204617_s_at"
"ACE","227463_at"
"ACE2","222257_s_at"
"ACER1","1553929_at"
"ACER2","227306_at"
"ACER3","227776_at"
"ACHE","210332_at"
"ACIN1","201715_s_at"
"ACKR1","208335_s_at"
"ACKR2","206887_at"
"ACKR3","212977_at"
"ACKR4","220351_at"
"ACKR5","214506_at"
"ACLY","201128_s_at"
"ACMSD","230602_at"
"ACO1","207071_s_at"
"ACO2","200793_s_at"
"ACOD1","240287_at"
"ACOT11","214763_at"
"ACOT12","238160_at"
"ACOT13","204565_at"
"ACOT4","229534_at"
"ACOT6","241949_at"
"ACOT7","208002_s_at"
"ACOT8","204212_at"
"ACOT9","221641_s_at"
"ACOX1","209600_s_at"
"ACOX2","205364_at"
"ACOX3","204242_s_at"
"ACOXL","240189_at"
"ACP1","201630_s_at"
"ACP2","202767_at"
"ACP3","237030_at"
"ACP4","241715_x_at"
"ACP5","204638_at"
"ACP6","218795_at"
"ACR","207427_at"
"ACRBP","223717_s_at"
"ACRV1","207969_x_at"
"ACSBG1","206466_at"
"ACSBG2","221716_s_at"
"ACSF2","218844_at"
"ACSF3","227464_at"
"ACSL1","201963_at"
"ACSL3","201660_at"
"ACSL4","1557419_a_at"
"ACSL5","222592_s_at"
"ACSL6","216409_at"
"ACSM1","234197_at"
"ACSM2A","230554_at"
"ACSM2B","241915_at"
"ACSM3","210377_at"
"ACSM5","220061_at"
"ACSS1","224882_at"
"ACSS2","234312_s_at"
"ACSS3","219616_at"
"ACTA1","203872_at"
"ACTA2","200974_at"
"ACTA2-AS1","1564257_at"
"ACTB","200801_x_at"
"ACTC1","205132_at"
"ACTG1","221607_x_at"
"ACTG1P17","1569368_at"
"ACTG1P25","1558577_at"
"ACTG2","202274_at"
"ACTL10","232619_at"
"ACTL6A","202666_s_at"
"ACTL6B","206014_at"
"ACTL7A","220501_at"
"ACTL7B","220498_at"
"ACTL8","214957_at"
"ACTL9","243208_x_at"
"ACTMAP","222052_at"
"ACTN1","208636_at"
"ACTN2","203861_s_at"
"ACTN3","206891_at"
"ACTN4","200601_at"
"ACTR10","222230_s_at"
"ACTR1A","200720_s_at"
"ACTR1B","202135_s_at"
"ACTR2","200728_at"
"ACTR3","213101_s_at"
"ACTR3-AS1","237075_at"
"ACTR3B","1555487_a_at"
"ACTR3BP2","224425_x_at"
"ACTR3C","223874_at"
"ACTR5","219623_at"
"ACTR6","218395_at"
"ACTR8","222707_s_at"
"ACTRT2","237360_at"
"ACTRT3","223665_at"
"ACVR1","203935_at"
"ACVR1B","213198_at"
"ACVR1C","1552519_at"
"ACVR2A","205327_s_at"
"ACVR2B","236126_at"
"ACVR2B-AS1","215590_x_at"
"ACVRL1","226950_at"
"ACY1","238849_at"
"ACY3","230481_at"
"ACYP1","205260_s_at"
"ACYP2","206833_s_at"
"ADA","204639_at"
"ADA2","219505_at"
"ADAD1","231448_at"
"ADAD2","236463_at"
"ADAD2-AS1","1562428_at"
"ADAM10","202603_at"
"ADAM11","239837_at"
"ADAM12","202952_s_at"
"ADAM15","1555896_a_at"
"ADAM17","205745_x_at"
"ADAM18","207597_at"
"ADAM19","209765_at"
"ADAM2","207664_at"
"ADAM20","207422_at"
"ADAM21","1552579_a_at"
"ADAM22","213411_at"
"ADAM23","206046_at"
"ADAM28","205997_at"
"ADAM29","221337_s_at"
"ADAM30","221446_at"
"ADAM32","1552266_at"
"ADAM33","233868_x_at"
"ADAM3A","217090_at"
"ADAM3B","217237_at"
"ADAM5","216998_s_at"
"ADAM6","237909_at"
"ADAM7","211238_at"
"ADAM7-AS2","231620_at"
"ADAM8","205180_s_at"
"ADAM9","202381_at"
"ADAMDEC1","206134_at"
"ADAMTS1","222162_s_at"
"ADAMTS10","230341_x_at"
"ADAMTS12","226997_at"
"ADAMTS13","220208_at"
"ADAMTS14","230167_at"
"ADAMTS15","229004_at"
"ADAMTS16","238125_at"
"ADAMTS16-DT","1562701_at"
"ADAMTS17","1552727_s_at"
"ADAMTS18","230040_at"
"ADAMTS19","1553179_at"
"ADAMTS2","226311_at"
"ADAMTS20","1553409_at"
"ADAMTS3","214913_at"
"ADAMTS4","1555380_at"
"ADAMTS5","219935_at"
"ADAMTS6","237411_at"
"ADAMTS7","220705_s_at"
"ADAMTS8","235649_at"
"ADAMTS9","226814_at"
"ADAMTS9-AS1","241369_at"
"ADAMTS9-AS2","1556364_at"
"ADAMTSL1","229585_at"
"ADAMTSL2","206629_at"
"ADAMTSL3","213974_at"
"ADAMTSL4","220578_at"
"ADAMTSL4-AS2","1563071_at"
"ADAMTSL5","242200_at"
"ADAP1","90265_at"
"ADAP2","222876_s_at"
"ADAR","201786_s_at"
"ADARB1","203865_s_at"
"ADARB2","237437_s_at"
"ADARB2-AS1","1561127_at"
"ADAT1","219384_s_at"
"ADAT2","227213_at"
"ADAT3","1553968_a_at"
"ADCK1","227482_at"
"ADCK2","44120_at"
"ADCK5","228524_at"
"ADCY1","213245_at"
"ADCY10","217305_s_at"
"ADCY10P1","236832_at"
"ADCY2","213217_at"
"ADCY3","209321_s_at"
"ADCY4","230800_at"
"ADCY5","242891_at"
"ADCY6","209195_s_at"
"ADCY6-DT","231232_at"
"ADCY7","1554827_a_at"
"ADCY8","206811_at"
"ADCY9","204497_at"
"ADCYAP1","230237_at"
"ADCYAP1R1","226690_at"
"ADD1","214736_s_at"
"ADD2","206807_s_at"
"ADD3","201753_s_at"
"ADD3-AS1","222072_at"
"ADGB","220614_s_at"
"ADGB-DT","1561360_at"
"ADGRA1","239221_at"
"ADGRA2","221814_at"
"ADGRA3","210473_s_at"
"ADGRB1","206083_at"
"ADGRB2","204966_at"
"ADGRB3","205638_at"
"ADGRB3-DT","1558796_a_at"
"ADGRD1","232267_at"
"ADGRD2","216289_at"
"ADGRE1","207111_at"
"ADGRE2","207610_s_at"
"ADGRE3","210724_at"
"ADGRE5","202910_s_at"
"ADGRF1","220907_at"
"ADGRF2P","1553036_at"
"ADGRF3","1553016_at"
"ADGRF4","1553031_at"
"ADGRF5","212950_at"
"ADGRF5-AS1","1561104_at"
"ADGRG1","212070_at"
"ADGRG2","206002_at"
"ADGRG3","220404_at"
"ADGRG4","1553006_at"
"ADGRG5","1555447_at"
"ADGRG6","213094_at"
"ADGRG7","1553296_at"
"ADGRL1","203488_at"
"ADGRL2","206953_s_at"
"ADGRL3","209867_s_at"
"ADGRL4","219134_at"
"ADGRV1","223582_at"
"ADH1A","207820_at"
"ADH1B","209612_s_at"
"ADH1C","206262_at"
"ADH4","223781_x_at"
"ADH5","208847_s_at"
"ADH6","214261_s_at"
"ADH7","210505_at"
"ADHFE1","227113_at"
"ADI1","222400_s_at"
"ADIG","1554129_a_at"
"ADIPOQ","207175_at"
"ADIPOR1","217748_at"
"ADIPOR2","201346_at"
"ADIRF","203571_s_at"
"ADIRF-AS1","232300_at"
"ADISSP","218081_at"
"ADK","204119_s_at"
"ADM","202912_at"
"ADM2","220538_at"
"ADM5","232154_at"
"ADNP","201773_at"
"ADNP2","203322_at"
"ADO","212502_at"
"ADORA1","216220_s_at"
"ADORA2A-AS1","237447_at"
"ADORA2B","205891_at"
"ADORA3","206171_at"
"ADPGK","220980_s_at"
"ADPRH","238505_at"
"ADPRHL1","238054_at"
"ADPRM","223401_at"
"ADPRS","223097_at"
"ADRA1A","235642_at"
"ADRA1B","207589_at"
"ADRA1D","210960_at"
"ADRA2A","209869_at"
"ADRA2B","208544_at"
"ADRA2C","206128_at"
"ADRB1","229309_at"
"ADRB2","206170_at"
"ADRB3","206812_at"
"ADRM1","201281_at"
"ADSL","202144_s_at"
"ADSS1","226325_at"
"ADSS2","221761_at"
"ADTRP","229070_at"
"AEBP1","201792_at"
"AEBP2","225889_at"
"AEN","219361_s_at"
"AFAP1","203563_at"
"AFAP1-AS1","223779_at"
"AFAP1L1","1555542_at"
"AFAP1L2","226829_at"
"AFDN","224685_at"
"AFDN-DT","210409_at"
"AFF1","201924_at"
"AFF2","216364_s_at"
"AFF3","227198_at"
"AFF4","225229_at"
"AFG1L","1552490_at"
"AFG2A","242251_at"
"AFG2B","222163_s_at"
"AFG3L1P","1552287_s_at"
"AFG3L2","1557820_at"
"AFM","206840_at"
"AFMID","240318_at"
"AFP","204694_at"
"AFTPH","217939_s_at"
"AFTPH-DT","238559_at"
"AGA","204332_s_at"
"AGA-DT","1558451_at"
"AGAP1","228240_at"
"AGAP11","1557382_x_at"
"AGAP2","206152_at"
"AGAP2-AS1","1555907_at"
"AGAP3","225789_at"
"AGAP4","1565620_at"
"AGAP9","240230_s_at"
"AGBL1","1553447_at"
"AGBL2","220390_at"
"AGBL3","232395_x_at"
"AGBL4","1553412_at"
"AGBL5","231857_s_at"
"AGER","217046_s_at"
"AGFG1","218091_at"
"AGFG2","222126_at"
"AGGF1","222661_at"
"AGK","222132_s_at"
"AGL","203566_s_at"
"AGMAT","222930_s_at"
"AGO1","222576_s_at"
"AGO2","225827_at"
"AGO3","219426_at"
"AGO4","227930_at"
"AGPAT1","32836_at"
"AGPAT2","32837_at"
"AGPAT3","225440_at"
"AGPAT4","219693_at"
"AGPAT4-IT1","223740_at"
"AGPAT5","218096_at"
"AGPS","225108_at"
"AGR2","209173_at"
"AGR3","228241_at"
"AGRN","212285_s_at"
"AGRP","207193_at"
"AGT","202834_at"
"AGTPBP1","204500_s_at"
"AGTR1","205357_s_at"
"AGTR2","222321_at"
"AGTRAP","225059_at"
"AGXT","210326_at"
"AGXT2","229229_at"
"AHCTF1","226115_at"
"AHCY","200903_s_at"
"AHCYL1","200850_s_at"
"AHCYL2","212814_at"
"AHDC1","205002_at"
"AHI1","221569_at"
"AHI1-DT","1561106_at"
"AHNAK","211986_at"
"AHNAK2","212992_at"
"AHR","202820_at"
"AHSA1","201491_at"
"AHSA2P","226334_s_at"
"AHSG","210929_s_at"
"AHSP","219672_at"
"AICDA","224499_s_at"
"AIDA","226801_s_at"
"AIF1","213095_x_at"
"AIF1L","223075_s_at"
"AIFM1","205512_s_at"
"AIFM2","224461_s_at"
"AIFM3","244084_at"
"AIG1","223136_at"
"AIM2","206513_at"
"AIMP1","202542_s_at"
"AIMP2","202138_x_at"
"AIP","201782_s_at"
"AIPL1","235731_at"
"AIRE","208090_s_at"
"AIRIM","218712_at"
"AJAP1","215789_s_at"
"AJM1","236744_at"
"AJUBA","225806_at"
"AK1","202587_s_at"
"AK2","208967_s_at"
"AK3","224655_at"
"AK4","225342_at"
"AK5","222862_s_at"
"AK6","203893_at"
"AK7","1569700_s_at"
"AK8","230976_at"
"AK9","1564002_a_at"
"AKAIN1","243506_at"
"AKAP1","201675_at"
"AKAP10","236007_at"
"AKAP11","203156_at"
"AKAP12","210517_s_at"
"AKAP13","221718_s_at"
"AKAP14","242698_at"
"AKAP17A","203624_at"
"AKAP19","228195_at"
"AKAP3","207344_at"
"AKAP4","207019_s_at"
"AKAP5","230846_at"
"AKAP6","205359_at"
"AKAP7","205771_s_at"
"AKAP8","203848_at"
"AKAP8L","215741_x_at"
"AKAP9","210962_s_at"
"AKIP1","219953_s_at"
"AKIRIN1","217893_s_at"
"AKIRIN2","223145_s_at"
"AKNA","225701_at"
"AKNAD1","1563834_a_at"
"AKR1A1","201900_s_at"
"AKR1B1","201272_at"
"AKR1B10","206561_s_at"
"AKR1C1","204151_x_at"
"AKR1C2","211653_x_at"
"AKR1C3","209160_at"
"AKR1C4","210558_at"
"AKR1C6P","224070_at"
"AKR1D1","207102_at"
"AKR1E2","223856_at"
"AKR7A2","214259_s_at"
"AKR7A3","206469_x_at"
"AKT1","207163_s_at"
"AKT1S1","224982_at"
"AKT2","225471_s_at"
"AKT3","212607_at"
"AKTIP","218373_at"
"ALAD","218487_at"
"ALAS1","205633_s_at"
"ALAS2","211560_s_at"
"ALB","211298_s_at"
"ALCAM","201952_at"
"ALDH16A1","227592_at"
"ALDH18A1","217791_s_at"
"ALDH1A1","212224_at"
"ALDH1A2","207015_s_at"
"ALDH1A2-AS1","1557328_at"
"ALDH1A3","203180_at"
"ALDH1B1","209645_s_at"
"ALDH1L1","205208_at"
"ALDH1L1-AS2","1559766_at"
"ALDH1L2","231202_at"
"ALDH2","201425_at"
"ALDH3A1","205623_at"
"ALDH3A2","202053_s_at"
"ALDH3B1","211004_s_at"
"ALDH3B2","204942_s_at"
"ALDH4A1","211552_s_at"
"ALDH5A1","203608_at"
"ALDH6A1","221588_x_at"
"ALDH7A1","208950_s_at"
"ALDH8A1","220148_at"
"ALDH9A1","201612_at"
"ALDOA","214687_x_at"
"ALDOAP2","211617_at"
"ALDOB","204705_x_at"
"ALDOC","202022_at"
"ALG1","223355_at"
"ALG10","1552304_at"
"ALG10B","242900_at"
"ALG12","218444_at"
"ALG13","222808_at"
"ALG14","1553954_at"
"ALG14-AS1","1560533_at"
"ALG2","225621_at"
"ALG3","207396_s_at"
"ALG5","218203_at"
"ALG6","219649_at"
"ALG8","203545_at"
"ALG9","219374_s_at"
"ALK","208212_s_at"
"ALKAL2","238018_at"
"ALKBH1","205621_at"
"ALKBH2","225625_at"
"ALKBH3","226127_at"
"ALKBH3-AS1","1557565_a_at"
"ALKBH4","222228_s_at"
"ALKBH5","234302_s_at"
"ALKBH6","225969_at"
"ALKBH7","223318_s_at"
"ALKBH8","235713_at"
"ALLC","220365_at"
"ALMS1","214707_x_at"
"ALMS1-IT1","1556911_at"
"ALMS1P1","1552576_at"
"ALOX12","207206_s_at"
"ALOX12-AS1","229833_at"
"ALOX12B","207381_at"
"ALOX12P2","214340_at"
"ALOX15","207328_at"
"ALOX15B","206714_at"
"ALOX5","204446_s_at"
"ALOX5AP","204174_at"
"ALOXE3","207708_at"
"ALPG","210431_at"
"ALPI","207140_at"
"ALPK1","227438_at"
"ALPK2","228367_at"
"ALPK3","214846_s_at"
"ALPL","215783_s_at"
"ALPP","204664_at"
"ALS2","226291_at"
"ALS2CL","222333_at"
"ALX1","206837_at"
"ALX3","207690_at"
"ALX4","208330_at"
"ALYREF","226320_at"
"AMACR","217113_at"
"AMBN","221114_at"
"AMBP","205477_s_at"
"AMBRA1","219141_s_at"
"AMD1","201197_at"
"AMDHD1","229596_at"
"AMDHD2","227841_at"
"AMELX","208410_x_at"
"AMELY","208220_x_at"
"AMER1","1552882_a_at"
"AMER2","1553720_a_at"
"AMER3","244709_at"
"AMFR","202204_s_at"
"AMH","206516_at"
"AMHR2","206892_at"
"AMIGO1","226718_at"
"AMIGO2","222108_at"
"AMMECR1","204976_s_at"
"AMMECR1L","223297_at"
"AMN","220989_s_at"
"AMN1","226258_at"
"AMOT","209521_s_at"
"AMOTL1","225450_at"
"AMOTL2","203002_at"
"AMPD1","206121_at"
"AMPD2","212360_at"
"AMPD3","207992_s_at"
"AMPH","205257_s_at"
"AMT","204294_at"
"AMZ1","1561179_s_at"
"AMZ2","218167_at"
"AMZ2P1","223443_s_at"
"ANAPC1","231973_s_at"
"ANAPC10","207845_s_at"
"ANAPC11","226414_s_at"
"ANAPC13","209001_s_at"
"ANAPC15","204218_at"
"ANAPC16","224664_at"
"ANAPC2","218555_at"
"ANAPC4","226917_s_at"
"ANAPC5","211036_x_at"
"ANAPC7","225554_s_at"
"ANG","205141_at"
"ANGEL1","213099_at"
"ANGEL2","221825_at"
"ANGPT1","205609_at"
"ANGPT2","205572_at"
"ANGPT4","221134_at"
"ANGPTL1","231773_at"
"ANGPTL2","213001_at"
"ANGPTL3","231684_at"
"ANGPTL4","221009_s_at"
"ANGPTL6","223967_at"
"ANGPTL7","206423_at"
"ANGPTL8","220437_at"
"ANHX","1556959_at"
"ANK1","208352_x_at"
"ANK2","202920_at"
"ANK3","206385_s_at"
"ANKAR","1556653_at"
"ANKDD1A","229497_at"
"ANKEF1","220144_s_at"
"ANKFN1","244095_at"
"ANKFY1","224900_at"
"ANKH","223092_at"
"ANKHD1","219081_at"
"ANKIB1","224687_at"
"ANKLE1","1553138_a_at"
"ANKLE2","212201_at"
"ANKMY1","210486_at"
"ANKMY2","212798_s_at"
"ANKRA2","218769_s_at"
"ANKRD1","206029_at"
"ANKRD10","218093_s_at"
"ANKRD10-IT1","215504_x_at"
"ANKRD11","238538_at"
"ANKRD12","212286_at"
"ANKRD13A","224810_s_at"
"ANKRD13B","227720_at"
"ANKRD13C","223418_x_at"
"ANKRD13C-DT","234665_x_at"
"ANKRD13D","238642_at"
"ANKRD16","231423_s_at"
"ANKRD17","225852_at"
"ANKRD18A","1559313_at"
"ANKRD18B","233592_at"
"ANKRD19P","232926_x_at"
"ANKRD2","221232_s_at"
"ANKRD20A11P","241233_x_at"
"ANKRD20A12P","1566147_a_at"
"ANKRD20A5P","1559170_at"
"ANKRD22","238439_at"
"ANKRD23","230384_at"
"ANKRD24","1558400_x_at"
"ANKRD26","205706_s_at"
"ANKRD26P3","1569996_at"
"ANKRD27","221522_at"
"ANKRD28","226025_at"
"ANKRD29","238332_at"
"ANKRD30A","223864_at"
"ANKRD30B","1562292_at"
"ANKRD30BP2","1552895_a_at"
"ANKRD30BP3","1561225_at"
"ANKRD31","1564000_at"
"ANKRD33","242209_at"
"ANKRD33B","231963_at"
"ANKRD34A","232735_at"
"ANKRD34C","216073_at"
"ANKRD35","231118_at"
"ANKRD36","238464_at"
"ANKRD36B","220940_at"
"ANKRD36BP2","1556183_at"
"ANKRD36C","1555898_at"
"ANKRD37","227337_at"
"ANKRD40","227064_at"
"ANKRD40CL","207259_at"
"ANKRD42-DT","220572_at"
"ANKRD44","226641_at"
"ANKRD44-IT1","1557486_at"
"ANKRD45","236421_at"
"ANKRD46","212731_at"
"ANKRD49","219069_at"
"ANKRD50","225731_at"
"ANKRD52","228257_at"
"ANKRD53","244453_at"
"ANKRD54","231847_at"
"ANKRD55","220112_at"
"ANKRD6","204671_s_at"
"ANKRD60","234511_at"
"ANKRD65","1556181_at"
"ANKRD7","206112_at"
"ANKRD9","230972_at"
"ANKS1A","212747_at"
"ANKS1B","227439_at"
"ANKS3","227303_at"
"ANKS4B","239087_at"
"ANKS6","226586_at"
"ANKUB1","1561928_s_at"
"ANKZF1","218274_s_at"
"ANLN","222608_s_at"
"ANO1","1555269_a_at"
"ANO10","218910_at"
"ANO2","220111_s_at"
"ANO3","215241_at"
"ANO4","229749_at"
"ANO5","229313_at"
"ANO6","224906_at"
"ANO7","241918_at"
"ANO7L1","244379_at"
"ANO8","1563549_a_at"
"ANO9","227393_at"
"ANOS1","205206_at"
"ANOS2P","216376_x_at"
"ANP32A","201051_at"
"ANP32A-IT1","220710_at"
"ANP32B","201306_s_at"
"ANP32CP","208538_at"
"ANP32D","208571_at"
"ANP32E","221505_at"
"ANPEP","202888_s_at"
"ANTKMT","219709_x_at"
"ANTXR1","224694_at"
"ANTXR2","225524_at"
"ANXA1","201012_at"
"ANXA10","210143_at"
"ANXA11","206200_s_at"
"ANXA13","208323_s_at"
"ANXA2","201590_x_at"
"ANXA2P1","210876_at"
"ANXA2P2","208816_x_at"
"ANXA2P3","211241_at"
"ANXA2R","227877_at"
"ANXA2R-AS1","232645_at"
"ANXA2R-OT1","227901_at"
"ANXA3","209369_at"
"ANXA4","201301_s_at"
"ANXA5","200782_at"
"ANXA6","200982_s_at"
"ANXA7","201366_at"
"ANXA8","1557094_at"
"ANXA9","210085_s_at"
"AOAH","205639_at"
"AOC1","203559_s_at"
"AOC2","207064_s_at"
"AOC3","204894_s_at"
"AOC4P","216601_at"
"AOPEP","212848_s_at"
"AOX1","205083_at"
"AOX3P-AOX2P","1562871_at"
"AP1AR","219023_at"
"AP1B1","205423_at"
"AP1G1","225771_at"
"AP1G2","201613_s_at"
"AP1G2-AS1","1557263_s_at"
"AP1M1","223024_at"
"AP1M2","218261_at"
"AP1S1","209635_at"
"AP1S2","230264_s_at"
"AP1S3","1555733_s_at"
"AP2A1","223237_x_at"
"AP2A2","212159_x_at"
"AP2B1","200612_s_at"
"AP2M1","200613_at"
"AP2S1","211047_x_at"
"AP3B1","203142_s_at"
"AP3B2","205678_at"
"AP3D1","206592_s_at"
"AP3M1","222516_at"
"AP3M2","203410_at"
"AP3S1","202442_at"
"AP4B1","231714_s_at"
"AP4E1","228164_at"
"AP4M1","209837_at"
"AP4S1","235647_at"
"AP5B1","231858_x_at"
"AP5M1","218139_s_at"
"AP5S1","219706_at"
"AP5Z1","209913_x_at"
"APAF1","204859_s_at"
"APBA1","206679_at"
"APBA2","209870_s_at"
"APBA3","215148_s_at"
"APBB1","202652_at"
"APBB1IP","230925_at"
"APBB2","212985_at"
"APBB3","204650_s_at"
"APC","203525_s_at"
"APC2","205320_at"
"APCDD1","225016_at"
"APCDD1L","235548_at"
"APCDD1L-DT","1556900_at"
"APCS","206350_at"
"APEH","201284_s_at"
"APELA","1559280_a_at"
"APEX1","210027_s_at"
"APEX2","204408_at"
"APH1A","218389_s_at"
"APH1B","221036_s_at"
"API5","201687_s_at"
"APIP","218698_at"
"APLF","1555100_at"
"APLN","222856_at"
"APLNR","213592_at"
"APLP1","209462_at"
"APLP2","208248_x_at"
"APMAP","206656_s_at"
"APOA1","217073_x_at"
"APOA1-AS","231694_at"
"APOA2","219466_s_at"
"APOA4","206894_at"
"APOA5","224243_at"
"APOB","205108_s_at"
"APOBEC1","207158_at"
"APOBEC2","206160_at"
"APOBEC3B","206632_s_at"
"APOBEC3C","209584_x_at"
"APOBEC3D","1553831_at"
"APOBEC3F","243912_x_at"
"APOBEC3G","204205_at"
"APOBEC4","1554545_at"
"APOBR","220023_at"
"APOC1","213553_x_at"
"APOC2","231561_s_at"
"APOC3","205820_s_at"
"APOD","201525_at"
"APOE","203381_s_at"
"APOF","207262_at"
"APOH","205216_s_at"
"APOL1","209546_s_at"
"APOL2","221653_x_at"
"APOL3","221087_s_at"
"APOL4","1555600_s_at"
"APOL5","220478_at"
"APOL6","1557116_at"
"APOLD1","221031_s_at"
"APOLTP","244889_at"
"APOM","205682_x_at"
"APOO","221620_s_at"
"APOOL","213282_at"
"APP","214953_s_at"
"APPBP2","202629_at"
"APPL1","218158_s_at"
"APPL2","218218_at"
"APRG1","237368_at"
"APRT","213892_s_at"
"APTR","227431_at"
"APTX","218527_at"
"AQP1","209047_at"
"AQP10","1555338_s_at"
"AQP11","229526_at"
"AQP2","206672_at"
"AQP3","39248_at"
"AQP4","210068_s_at"
"AQP4-AS1","1560751_at"
"AQP5","213611_at"
"AQP6","216219_at"
"AQP7","206955_at"
"AQP8","206784_at"
"AQP9","205568_at"
"AQR","212584_at"
"AR","226197_at"
"ARAF","201895_at"
"ARAP1","34206_at"
"ARAP2","213618_at"
"ARAP2-AS1","1552987_a_at"
"ARAP3","218950_at"
"ARB2A","212936_at"
"ARC","210090_at"
"ARCN1","201176_s_at"
"AREG","205239_at"
"AREL1","202128_at"
"ARF1","200065_s_at"
"ARF3","200011_s_at"
"ARF4","201097_s_at"
"ARF5","201526_at"
"ARF6","224788_at"
"ARFGAP1","217888_s_at"
"ARFGAP2","211975_at"
"ARFGAP3","202211_at"
"ARFGEF1","202956_at"
"ARFGEF1-DT","1569405_at"
"ARFGEF2","218098_at"
"ARFGEF3","228051_at"
"ARFIP1","218230_at"
"ARFIP2","202109_at"
"ARFRP1","203174_s_at"
"ARG1","231663_s_at"
"ARG2","203945_at"
"ARGLU1","218067_s_at"
"ARGLU1-DT","244119_at"
"ARHGAP1","202117_at"
"ARHGAP10","219431_at"
"ARHGAP11A","204492_at"
"ARHGAP12","207606_s_at"
"ARHGAP15","218870_at"
"ARHGAP17","218076_s_at"
"ARHGAP18","225171_at"
"ARHGAP19","212738_at"
"ARHGAP19-SLIT1","1557615_a_at"
"ARHGAP20","1555020_a_at"
"ARHGAP21","224764_at"
"ARHGAP22","1560765_a_at"
"ARHGAP22-IT1","1556460_a_at"
"ARHGAP23","226638_at"
"ARHGAP24","223422_s_at"
"ARHGAP25","38149_at"
"ARHGAP26","205068_s_at"
"ARHGAP26-AS1","1560856_at"
"ARHGAP27","225618_at"
"ARHGAP27P1","228779_at"
"ARHGAP28","227911_at"
"ARHGAP29","203910_at"
"ARHGAP30","226219_at"
"ARHGAP31","226056_at"
"ARHGAP32","203431_s_at"
"ARHGAP33","213827_at"
"ARHGAP35","229394_s_at"
"ARHGAP36","238047_at"
"ARHGAP39","227876_at"
"ARHGAP4","204425_at"
"ARHGAP42","223595_at"
"ARHGAP44","205414_s_at"
"ARHGAP45","212873_at"
"ARHGAP5","233849_s_at"
"ARHGAP5-AS1","228889_at"
"ARHGAP6","206167_s_at"
"ARHGAP8","232567_at"
"ARHGAP9","224451_x_at"
"ARHGDIA","211716_x_at"
"ARHGDIB","201288_at"
"ARHGDIG","206888_s_at"
"ARHGEF1","203055_s_at"
"ARHGEF10","216620_s_at"
"ARHGEF10L","221656_s_at"
"ARHGEF11","202913_at"
"ARHGEF12","201334_s_at"
"ARHGEF15","205507_at"
"ARHGEF16","208009_s_at"
"ARHGEF17","203756_at"
"ARHGEF18","213039_at"
"ARHGEF19","226857_at"
"ARHGEF2","209435_s_at"
"ARHGEF25","227427_at"
"ARHGEF26","227197_at"
"ARHGEF26-AS1","236575_at"
"ARHGEF28","1554003_at"
"ARHGEF3","218501_at"
"ARHGEF33","1556881_at"
"ARHGEF37","227717_at"
"ARHGEF38","221119_at"
"ARHGEF39","231892_at"
"ARHGEF4","205109_s_at"
"ARHGEF40","58780_s_at"
"ARHGEF5","204765_at"
"ARHGEF6","209539_at"
"ARHGEF7","202548_s_at"
"ARHGEF7-AS2","1557439_at"
"ARHGEF7-IT1","1560510_at"
"ARHGEF9","203264_s_at"
"ARID1A","212152_x_at"
"ARID1B","1566990_x_at"
"ARID2","225490_at"
"ARID3A","228008_at"
"ARID3B","218964_at"
"ARID4A","205062_x_at"
"ARID4B","221230_s_at"
"ARID5A","213138_at"
"ARID5B","212614_at"
"ARIH1","201880_at"
"ARIH2","201230_s_at"
"ARIH2OS","1559532_at"
"ARK2C","230143_at"
"ARK2N","226406_at"
"ARL1","201659_s_at"
"ARL10","228843_at"
"ARL11","1552691_at"
"ARL13B","228201_at"
"ARL14","220468_at"
"ARL14EP","226383_at"
"ARL15","228151_at"
"ARL16","234972_at"
"ARL2","202564_x_at"
"ARL2BP","202092_s_at"
"ARL3","202641_at"
"ARL4A","205020_s_at"
"ARL4C","202207_at"
"ARL4D","203586_s_at"
"ARL5A","218150_at"
"ARL5B","226345_at"
"ARL5C","1560136_at"
"ARL6","235320_at"
"ARL6IP1","211935_at"
"ARL6IP4","218216_x_at"
"ARL6IP5","200761_s_at"
"ARL6IP6","225707_at"
"ARL8A","225347_at"
"ARL8B","217852_s_at"
"ARL9","229062_at"
"ARLN","224604_at"
"ARLNC1","244667_at"
"ARMC1","222550_at"
"ARMC10","223328_at"
"ARMC12","231263_at"
"ARMC2","223866_at"
"ARMC3","240275_at"
"ARMC5","227738_s_at"
"ARMC6","221758_at"
"ARMC7","219096_at"
"ARMC8","203486_s_at"
"ARMC9","1568691_at"
"ARMCX1","218694_at"
"ARMCX2","203404_at"
"ARMCX3","222444_at"
"ARMCX4","227444_at"
"ARMCX5","219335_at"
"ARMCX6","214749_s_at"
"ARMH1","239844_x_at"
"ARMH3","218891_at"
"ARMH4","1557176_a_at"
"ARNT","218221_at"
"ARNT2","202986_at"
"ARNT2-AS3","1562455_at"
"ARPC1A","200950_at"
"ARPC1B","201954_at"
"ARPC2","208679_s_at"
"ARPC3","208736_at"
"ARPC4","217817_at"
"ARPC5","211963_s_at"
"ARPC5L","220966_x_at"
"ARPIN","228791_at"
"ARPP19","221483_s_at"
"ARPP21","231935_at"
"ARR3","207136_at"
"ARRB1","43511_s_at"
"ARRB2","203388_at"
"ARRDC1","226405_s_at"
"ARRDC1-AS1","223390_at"
"ARRDC2","226055_at"
"ARRDC3","224797_at"
"ARRDC3-AS1","239395_at"
"ARRDC4","225283_at"
"ARSA","204443_at"
"ARSB","206129_s_at"
"ARSD","225286_at"
"ARSF","214490_at"
"ARSG","1552632_a_at"
"ARSI","230275_at"
"ARSJ","219973_at"
"ARSK","1569132_s_at"
"ARSL","205894_at"
"ART1","207919_at"
"ART3","210147_at"
"ART4","207220_at"
"ART5","1552524_at"
"ARTN","210237_at"
"ARV1","223223_at"
"ARVCF","205784_x_at"
"ARX","231020_at"
"AS3MT","223652_at"
"ASAH1","213702_x_at"
"ASAH2B","229793_at"
"ASAP1","224796_at"
"ASAP1-IT1","220694_at"
"ASAP1-IT2","1557685_at"
"ASAP2","206414_s_at"
"ASAP3","222236_s_at"
"ASB1","212818_s_at"
"ASB10","1553039_a_at"
"ASB11","1553074_at"
"ASB12","236033_at"
"ASB13","218862_at"
"ASB14","1553453_at"
"ASB15","1564679_at"
"ASB16","1553253_at"
"ASB16-AS1","1555981_at"
"ASB17","231622_at"
"ASB2","227915_at"
"ASB3","1560219_at"
"ASB4","235619_at"
"ASB5","235503_at"
"ASB6","221657_s_at"
"ASB7","226513_at"
"ASB8","226861_at"
"ASB9","205673_s_at"
"ASCC1","1554627_a_at"
"ASCC2","215684_s_at"
"ASCC3","212815_at"
"ASCL1","213768_s_at"
"ASCL2","229215_at"
"ASCL3","221161_at"
"ASCL5","231712_at"
"ASF1A","203427_at"
"ASF1B","218115_at"
"ASGR1","206743_s_at"
"ASGR2","206130_s_at"
"ASH1L","222667_s_at"
"ASH1L-AS1","1554057_at"
"ASH2L","209517_s_at"
"ASIC1","205156_s_at"
"ASIC2","206690_at"
"ASIC2-AS1","1564203_at"
"ASIC4","221226_s_at"
"ASIC5","1564504_at"
"ASIP","214498_at"
"ASL","204608_at"
"ASMT","206779_s_at"
"ASMTL","36553_at"
"ASMTL-AS1","241354_at"
"ASNS","205047_s_at"
"ASNSD1","217987_at"
"ASPA","206030_at"
"ASPDH","230912_at"
"ASPG","1557226_a_at"
"ASPH","210896_s_at"
"ASPHD1","1553997_a_at"
"ASPHD2","227014_at"
"ASPM","219918_s_at"
"ASPN","219087_at"
"ASPRV1","235514_at"
"ASPSCR1","218908_at"
"ASRGL1","218857_s_at"
"ASS1","207076_s_at"
"ASTE1","221135_s_at"
"ASTN1","213197_at"
"ASTN2","209693_at"
"ASXL1","212237_at"
"ASXL2","218659_at"
"ASXL3","233686_at"
"ASZ1","1569729_a_at"
"ATAD1","224850_at"
"ATAD2","218782_s_at"
"ATAD2B","213387_at"
"ATAD3A","227700_x_at"
"ATAD3B","223617_x_at"
"ATAD3C","240210_at"
"ATAD5","220223_at"
"ATAT1","218874_s_at"
"ATCAY","227365_at"
"ATE1","225497_at"
"ATF1","222103_at"
"ATF2","212984_at"
"ATF3","202672_s_at"
"ATF4","200779_at"
"ATF5","230938_x_at"
"ATF6","226941_at"
"ATF6B","203168_at"
"ATF7","244587_at"
"ATF7-AS1","232732_at"
"ATF7IP","231825_x_at"
"ATF7IP2","228381_at"
"ATG10","1559820_at"
"ATG101","218214_at"
"ATG12","213026_at"
"ATG13","203364_s_at"
"ATG14","204568_at"
"ATG16L1","232612_s_at"
"ATG16L2","229389_at"
"ATG2A","213300_at"
"ATG2B","226684_at"
"ATG3","221492_s_at"
"ATG4A","213115_at"
"ATG4B","204903_x_at"
"ATG4C","228190_at"
"ATG4D","226871_s_at"
"ATG5","202511_s_at"
"ATG7","224025_s_at"
"ATG9A","202492_at"
"ATG9B","229252_at"
"ATIC","208758_at"
"ATL1","223340_at"
"ATL2","222700_at"
"ATL3","224893_at"
"ATM","212672_at"
"ATMIN","201855_s_at"
"ATN1","40489_at"
"ATOH1","221336_at"
"ATOH7","1552879_a_at"
"ATOH8","1558705_at"
"ATOSA","225327_at"
"ATOSB","211433_x_at"
"ATOX1","203454_s_at"
"ATP10A","214255_at"
"ATP10B","214070_s_at"
"ATP10D","213238_at"
"ATP11A","230875_s_at"
"ATP11A-AS1","1556855_a_at"
"ATP11B","212536_at"
"ATP11C","226785_at"
"ATP12A","207367_at"
"ATP13A1","218052_s_at"
"ATP13A2","218608_at"
"ATP13A3","212297_at"
"ATP13A3-DT","1566761_a_at"
"ATP13A4","240242_at"
"ATP13A4-AS1","231512_at"
"ATP13A5","1561332_at"
"ATP1A1","220948_s_at"
"ATP1A1-AS1","236623_at"
"ATP1A2","203296_s_at"
"ATP1A3","214432_at"
"ATP1A4","1558612_a_at"
"ATP1B1","201242_s_at"
"ATP1B2","204311_at"
"ATP1B3","208836_at"
"ATP1B4","243737_at"
"ATP23","227678_at"
"ATP2A1","205444_at"
"ATP2A1-AS1","230696_at"
"ATP2A2","209186_at"
"ATP2A3","213036_x_at"
"ATP2B1","209281_s_at"
"ATP2B1-AS1","238893_at"
"ATP2B2","234714_x_at"
"ATP2B3","207026_s_at"
"ATP2B4","212135_s_at"
"ATP2C1","212255_s_at"
"ATP2C2","214798_at"
"ATP2C2-AS1","232394_at"
"ATP4A","207139_at"
"ATP4B","1563405_at"
"ATP5F1A","213738_s_at"
"ATP5F1B","201322_at"
"ATP5F1C","213366_x_at"
"ATP5F1D","213041_s_at"
"ATP5F1E","217801_at"
"ATP5IF1","218671_s_at"
"ATP5MC1","208972_s_at"
"ATP5MC2","208764_s_at"
"ATP5MC3","207507_s_at"
"ATP5ME","209492_x_at"
"ATP5MF","202961_s_at"
"ATP5MG","208746_x_at"
"ATP5MJ","210532_s_at"
"ATP5MK","225413_at"
"ATP5PB","211755_s_at"
"ATP5PD","210149_s_at"
"ATP5PF","202325_s_at"
"ATP5PO","200818_at"
"ATP6AP1","207809_s_at"
"ATP6AP1-DT","1558685_a_at"
"ATP6AP1L","228816_at"
"ATP6AP2","201443_s_at"
"ATP6V0A1","212383_at"
"ATP6V0A2","205704_s_at"
"ATP6V0A4","220197_at"
"ATP6V0B","200078_s_at"
"ATP6V0C","36994_at"
"ATP6V0D1","212041_at"
"ATP6V0D1-DT","240087_at"
"ATP6V0D2","1553153_at"
"ATP6V0E1","200096_s_at"
"ATP6V0E2","213587_s_at"
"ATP6V0E2-AS1","229094_at"
"ATP6V1A","201972_at"
"ATP6V1B1","205473_at"
"ATP6V1B2","201089_at"
"ATP6V1C1","202874_s_at"
"ATP6V1C2","1553989_a_at"
"ATP6V1D","208899_x_at"
"ATP6V1E1","208678_at"
"ATP6V1E2","1552286_at"
"ATP6V1F","201527_at"
"ATP6V1G1","208737_at"
"ATP6V1G2","214762_at"
"ATP6V1G3","230565_at"
"ATP6V1H","221504_s_at"
"ATP7A","205197_s_at"
"ATP7B","204624_at"
"ATP8A1","213106_at"
"ATP8A2","231395_at"
"ATP8B1","214594_x_at"
"ATP8B1-AS1","238055_at"
"ATP8B2","226771_at"
"ATP8B3","239457_at"
"ATP8B4","220416_at"
"ATP8B5P","1568687_s_at"
"ATP9A","212062_at"
"ATP9B","214934_at"
"ATPAF1","224729_s_at"
"ATPAF2","213057_at"
"ATPSCKMT","225670_at"
"ATR","209903_s_at"
"ATRAID","219329_s_at"
"ATRIP","1552937_s_at"
"ATRN","212517_at"
"ATRNL1","1569796_s_at"
"ATRX","208861_s_at"
"ATXN1","203232_s_at"
"ATXN1-AS1","244570_at"
"ATXN10","208833_s_at"
"ATXN1L","227373_at"
"ATXN2","202622_s_at"
"ATXN2L","201806_s_at"
"ATXN3","235240_at"
"ATXN3L","216539_at"
"ATXN7","204516_at"
"ATXN7L1","227732_at"
"ATXN7L2","230038_at"
"ATXN7L3","224969_at"
"ATXN7L3-AS1","236668_at"
"ATXN7L3B","212114_at"
"ATXN8OS","216404_at"
"AUH","205052_at"
"AUNIP","220011_at"
"AUP1","220525_s_at"
"AURKA","204092_s_at"
"AURKAIP1","218580_x_at"
"AURKB","209464_at"
"AURKC","211107_s_at"
"AUTS2","212599_at"
"AVEN","219366_at"
"AVIL","233333_x_at"
"AVL9","212474_at"
"AVP","207848_at"
"AVPI1","218631_at"
"AVPR1A","242680_at"
"AVPR1B","208260_at"
"AVPR2","208111_at"
"AWAT1","1560507_at"
"AXDND1","1552870_s_at"
"AXIN1","212849_at"
"AXIN2","222696_at"
"AXL","202686_s_at"
"AZGP1","209309_at"
"AZGP1P1","217013_at"
"AZI2","222498_at"
"AZIN1","212461_at"
"AZIN2","228000_at"
"AZU1","214575_s_at"
"B2M","201891_s_at"
"B3GALNT1","223374_s_at"
"B3GALNT2","226233_at"
"B3GALT1","222969_at"
"B3GALT2","210121_at"
"B3GALT4","210205_at"
"B3GALT5","230269_at"
"B3GALT5-AS1","1555231_a_at"
"B3GALT6","1553959_a_at"
"B3GAT1","219521_at"
"B3GAT1-DT","238112_at"
"B3GAT2","239144_at"
"B3GAT3","203452_at"
"B3GLCT","227100_at"
"B3GNT2","222870_s_at"
"B3GNT3","204856_at"
"B3GNT4","221240_s_at"
"B3GNT5","225612_s_at"
"B3GNT6","1552834_at"
"B3GNT7","1555962_at"
"B3GNT8","237338_at"
"B3GNT9","226058_at"
"B4GALNT1","206435_at"
"B4GALNT2","1552903_at"
"B4GALNT3","229909_at"
"B4GALNT4","238080_at"
"B4GALT1","201883_s_at"
"B4GALT2","209413_at"
"B4GALT3","210243_s_at"
"B4GALT4","210540_s_at"
"B4GALT5","221485_at"
"B4GALT6","235333_at"
"B4GALT7","53076_at"
"B4GAT1","203188_at"
"B4GAT1-DT","228203_at"
"B9D1","210534_s_at"
"B9D2","219766_at"
"BAALC","222780_s_at"
"BAALC-AS2","1554228_a_at"
"BAAT","206913_at"
"BABAM1","221711_s_at"
"BABAM2","205550_s_at"
"BABAM2-AS1","1568768_s_at"
"BABAM2-AS2","1561370_at"
"BACE1","222462_s_at"
"BACE2","222446_s_at"
"BACH1","204194_at"
"BACH2","227173_s_at"
"BAD","209364_at"
"BAG1","211475_s_at"
"BAG2","209406_at"
"BAG3","217911_s_at"
"BAG4","228189_at"
"BAG5","202985_s_at"
"BAG6","210208_x_at"
"BAGE","1555603_at"
"BAHCC1","1559048_at"
"BAHD1","203051_at"
"BAIAP2","205294_at"
"BAIAP2-DT","1558147_a_at"
"BAIAP2L1","227372_s_at"
"BAIAP2L2","228876_at"
"BAIAP3","216356_x_at"
"BAK1","203728_at"
"BALR6","1557534_at"
"BAMBI","203304_at"
"BANCR","239239_at"
"BANF1","210125_s_at"
"BANF2","232766_at"
"BANK1","1558662_s_at"
"BANP","228928_x_at"
"BAP1","201419_at"
"BARD1","205345_at"
"BARHL1","224092_at"
"BARX1","219845_at"
"BARX1-DT","1561506_at"
"BARX2","210419_at"
"BASP1","202391_at"
"BASP1-AS1","1553335_x_at"
"BATF","205965_at"
"BATF2","228439_at"
"BATF3","220358_at"
"BAX","208478_s_at"
"BAZ1A","217985_s_at"
"BAZ1B","208445_s_at"
"BAZ2A","201353_s_at"
"BAZ2B","203080_s_at"
"BAZ2B-AS1","228412_at"
"BBC3","211692_s_at"
"BBIP1","213224_s_at"
"BBLN","41047_at"
"BBOF1","220173_at"
"BBOX1","205363_at"
"BBOX1-AS1","243018_at"
"BBS1","218471_s_at"
"BBS10","219487_at"
"BBS12","229603_at"
"BBS2","223227_at"
"BBS4","212744_at"
"BBS5","230697_at"
"BBS7","235007_at"
"BBS9","209958_s_at"
"BBX","232008_s_at"
"BCAM","40093_at"
"BCAN","91920_at"
"BCAN-AS1","242843_at"
"BCAP29","225677_at"
"BCAP31","200837_at"
"BCAR1","223116_at"
"BCAR3","204032_at"
"BCAR4","230854_at"
"BCAS1","204378_at"
"BCAS2","203053_at"
"BCAS3","220488_s_at"
"BCAS4","228787_s_at"
"BCAT1","225285_at"
"BCAT2","203576_at"
"BCCIP","227322_s_at"
"BCDIN3D","234979_at"
"BCDIN3D-AS1","244543_s_at"
"BCHE","205433_at"
"BCKDHA","202331_at"
"BCKDHB","213321_at"
"BCKDK","202030_at"
"BCL10","205263_at"
"BCL10-AS1","244619_at"
"BCL11A","210347_s_at"
"BCL11B","222895_s_at"
"BCL2","203685_at"
"BCL2A1","205681_at"
"BCL2L1","212312_at"
"BCL2L10","221320_at"
"BCL2L11","225606_at"
"BCL2L12","233110_s_at"
"BCL2L13","217955_at"
"BCL2L14","221241_s_at"
"BCL2L15","236979_at"
"BCL2L2","209311_at"
"BCL3","204908_s_at"
"BCL6","203140_at"
"BCL6B","228311_at"
"BCL7A","203796_s_at"
"BCL7B","202518_at"
"BCL7C","219072_at"
"BCL9","204129_at"
"BCL9L","227616_at"
"BCLAF1","201084_s_at"
"BCLAF3","232087_at"
"BCO1","220087_at"
"BCO2","232449_at"
"BCOR","223915_at"
"BCORL1","219444_at"
"BCORP1","1562313_at"
"BCR","202315_s_at"
"BCRP3","1553592_x_at"
"BCS1L","207618_s_at"
"BDH1","211715_s_at"
"BDH2","218285_s_at"
"BDKRB1","207510_at"
"BDKRB2","205870_at"
"BDNF","239367_at"
"BDNF-AS","1567361_at"
"BDP1","226290_at"
"BEAN1","214068_at"
"BECN1","208946_s_at"
"BEGAIN","220795_s_at"
"BEND2","1553842_at"
"BEND3","227920_at"
"BEND4","238101_at"
"BEND5","219670_at"
"BEND6","231175_at"
"BEND7","227341_at"
"BEST1","1554442_at"
"BEST2","207432_at"
"BEST3","237003_at"
"BEST4","1552296_at"
"BET1","202710_at"
"BET1L","223023_at"
"BEX1","218332_at"
"BEX2","224367_at"
"BEX3","217963_s_at"
"BEX4","215440_s_at"
"BEX5","229963_at"
"BFAR","218056_at"
"BFSP1","206746_at"
"BFSP2","207399_at"
"BFSP2-AS1","1553936_a_at"
"BGLT3","237739_at"
"BGN","213905_x_at"
"BHLHA15","235965_at"
"BHLHE22","228636_at"
"BHLHE22-AS1","243820_at"
"BHLHE23","234045_x_at"
"BHLHE40","201170_s_at"
"BHLHE41","221530_s_at"
"BHMT","206119_at"
"BHMT2","219902_at"
"BICC1","213429_at"
"BICD1","204741_at"
"BICD2","213154_s_at"
"BICDL1","228320_x_at"
"BICDL2","235095_at"
"BICRA","219445_at"
"BICRAL","213208_at"
"BID","227143_s_at"
"BIK","205780_at"
"BIN1","214439_x_at"
"BIN2","219191_s_at"
"BIN3","222199_s_at"
"BIN3-IT1","207287_at"
"BIRC2","202076_at"
"BIRC3","210538_s_at"
"BIRC5","202095_s_at"
"BIRC6","233093_s_at"
"BIRC7","220451_s_at"
"BISPR","1556643_at"
"BIVM","222761_at"
"BKGD","223268_at"
"BLACAT1","232105_at"
"BLCAP","201032_at"
"BLID","1555675_at"
"BLK","210934_at"
"BLM","205733_at"
"BLMH","202179_at"
"BLNK","207655_s_at"
"BLOC1S1","202592_at"
"BLOC1S2","225049_at"
"BLOC1S3","230576_at"
"BLOC1S4","223431_at"
"BLOC1S6","224892_at"
"BLTP1","212779_at"
"BLTP2","201729_s_at"
"BLTP3A","226135_at"
"BLTP3B","213118_at"
"BLVRA","211729_x_at"
"BLVRB","202201_at"
"BLZF1","203840_at"
"BMAL1","209824_s_at"
"BMAL2","224204_x_at"
"BMAL2-AS1","1563101_at"
"BMERB1","212736_at"
"BMF","226530_at"
"BMI1","202265_at"
"BMP1","202701_at"
"BMP10","208292_at"
"BMP15","221332_at"
"BMP2","205289_at"
"BMP2K","226853_at"
"BMP3","208244_at"
"BMP4","211518_s_at"
"BMP5","205431_s_at"
"BMP6","206176_at"
"BMP7","211260_at"
"BMP8A","220203_at"
"BMP8B","235275_at"
"BMPER","241986_at"
"BMPR1A","213578_at"
"BMPR1B","229975_at"
"BMPR2","225144_at"
"BMS1","203082_at"
"BMS1P1","239151_at"
"BMS1P2","231106_at"
"BMS1P20","233132_at"
"BMX","206464_at"
"BNC1","206581_at"
"BNC2","230722_at"
"BNIP1","207829_s_at"
"BNIP2","209308_s_at"
"BNIP3","201849_at"
"BNIP3L","221478_at"
"BNIPL","1553072_at"
"BOC","225990_at"
"BOD1","225030_at"
"BOD1L1","225821_s_at"
"BOD1L2","231368_at"
"BOK","223349_s_at"
"BOLA1","219345_at"
"BOLA2","241644_at"
"BOLA3","227291_s_at"
"BOLA3-DT","228430_at"
"BOLL","236954_at"
"BOP1","216397_s_at"
"BORA","219544_at"
"BORCS5","227723_at"
"BORCS6","219417_s_at"
"BORCS7","225334_at"
"BORCS8","1553978_at"
"BPESC1","220772_at"
"BPGM","203502_at"
"BPHL","205750_at"
"BPI","205557_at"
"BPIFA1","220542_s_at"
"BPIFA2","237099_at"
"BPIFA3","240359_at"
"BPIFA4P","1555554_at"
"BPIFB1","226067_at"
"BPIFB2","232698_at"
"BPIFB4","233523_at"
"BPIFB6","1555535_at"
"BPIFC","1555773_at"
"BPNT1","1554575_a_at"
"BPNT2","224743_at"
"BPTF","207186_s_at"
"BPY2","208331_at"
"BRAF","226391_at"
"BRAP","209923_s_at"
"BRAT1","225437_s_at"
"BRCA1","211851_x_at"
"BRCA2","208368_s_at"
"BRCC3","229436_x_at"
"BRD1","204520_x_at"
"BRD10","228446_at"
"BRD2","214911_s_at"
"BRD3","203825_at"
"BRD3OS","203245_s_at"
"BRD4","226052_at"
"BRD7","222737_s_at"
"BRD7P3","221093_at"
"BRD8","202227_s_at"
"BRD9","220155_s_at"
"BRDT","206787_at"
"BRF1","203754_s_at"
"BRF2","218955_at"
"BRI3","223376_s_at"
"BRI3BP","225716_at"
"BRICD5","1553990_at"
"BRINP1","205818_at"
"BRINP2","214822_at"
"BRINP3","217562_at"
"BRINP3-DT","237675_at"
"BRIP1","235609_at"
"BRIX1","219177_at"
"BRK1","224575_at"
"BRME1","206901_at"
"BRMS1","215631_s_at"
"BRMS1L","226580_at"
"BROX","226128_at"
"BRPF1","204481_at"
"BRPF3","225217_s_at"
"BRPF3-AS1","244274_at"
"BRS3","207369_at"
"BRSK1","1552504_a_at"
"BRSK2","223715_at"
"BRWD1","225446_at"
"BRWD1-AS2","239602_at"
"BRWD3","1553252_a_at"
"BSDC1","222200_s_at"
"BSG","208677_s_at"
"BSN","204586_at"
"BSN-DT","1564131_a_at"
"BSND","237736_at"
"BSPRY","218792_s_at"
"BST1","205715_at"
"BST2","201641_at"
"BTAF1","209430_at"
"BTBD1","217945_at"
"BTBD10","223174_at"
"BTBD16","1552566_at"
"BTBD17","230445_at"
"BTBD18","215349_at"
"BTBD19","238102_s_at"
"BTBD2","207722_s_at"
"BTBD3","202946_s_at"
"BTBD6","225389_at"
"BTBD7","224945_at"
"BTBD8","214098_at"
"BTBD9","235248_at"
"BTC","241412_at"
"BTD","214117_s_at"
"BTF3","211939_x_at"
"BTF3L4","226963_at"
"BTF3P11","208529_at"
"BTG1","200920_s_at"
"BTG1-DT","244429_at"
"BTG2","201236_s_at"
"BTG2-DT","215756_at"
"BTG3","213134_x_at"
"BTG4","220766_at"
"BTK","205504_at"
"BTLA","236226_at"
"BTN1A1","207395_at"
"BTN2A1","203944_x_at"
"BTN2A2","205298_s_at"
"BTN2A3P","208585_at"
"BTN3A1","209770_at"
"BTN3A2","209846_s_at"
"BTN3A3","204821_at"
"BTNL2","221457_s_at"
"BTNL3","217207_s_at"
"BTNL8","220421_at"
"BTNL9","228434_at"
"BTRC","224471_s_at"
"BUB1","216275_at"
"BUB1B","203755_at"
"BUB3","209974_s_at"
"BUD13","224504_s_at"
"BUD23","207628_s_at"
"BUD31","205690_s_at"
"BYSL","203612_at"
"BZW1","200777_s_at"
"BZW2","217809_at"
"C10orf126","1553915_at"
"C10orf143","229323_at"
"C10orf53","239998_at"
"C10orf55","1557531_a_at"
"C10orf62","240235_at"
"C10orf67","1553845_x_at"
"C10orf71","232456_at"
"C10orf71-AS1","237244_at"
"C10orf88","222852_at"
"C10orf90","1562657_a_at"
"C10orf95","220152_at"
"C10orf95-AS1","214857_at"
"C11orf16","220344_at"
"C11orf21","220560_at"
"C11orf24","218299_at"
"C11orf40","1553086_at"
"C11orf42","1553895_at"
"C11orf58","200084_at"
"C11orf65","1552988_at"
"C11orf68","221534_at"
"C11orf71","222743_s_at"
"C11orf86","233938_at"
"C11orf87","1557181_s_at"
"C11orf96","227099_s_at"
"C11orf97","243803_at"
"C12orf42","239977_at"
"C12orf43","219022_at"
"C12orf50","238219_at"
"C12orf54","237701_at"
"C12orf56","236840_at"
"C12orf57","224719_s_at"
"C12orf60","229888_at"
"C12orf75","225105_at"
"C12orf76","226583_at"
"C14orf119","223060_at"
"C14orf132","218820_at"
"C14orf180","1558420_at"
"C14orf39","1561985_at"
"C14orf93","219009_at"
"C15orf32","1553482_at"
"C15orf39","204494_s_at"
"C15orf40","1552310_at"
"C15orf61","229742_at"
"C15orf62","1569065_s_at"
"C16orf46","1553303_at"
"C16orf54","1559584_a_at"
"C16orf78","240209_at"
"C16orf82","231076_at"
"C16orf86","231153_at"
"C16orf87","226608_at"
"C16orf89","229177_at"
"C16orf95","223745_at"
"C17orf100","229071_at"
"C17orf50","237929_at"
"C17orf58","226901_at"
"C17orf67","236863_at"
"C17orf75","203830_at"
"C17orf78","1553486_a_at"
"C17orf99","236981_at"
"C18orf15","1553435_at"
"C18orf54","229442_at"
"C19orf12","223983_s_at"
"C19orf18","236847_at"
"C19orf25","226379_s_at"
"C19orf33","223631_s_at"
"C19orf44","232730_at"
"C19orf47","234999_at"
"C19orf48P","224468_s_at"
"C19orf53","217926_at"
"C19orf73","220151_at"
"C19orf81","230814_at"
"C19orf84","1560830_a_at"
"C1D","200056_s_at"
"C1GALT1","226107_at"
"C1GALT1C1","219283_at"
"C1GALT1C1L","241710_at"
"C1QA","218232_at"
"C1QB","202953_at"
"C1QBP","208910_s_at"
"C1QC","225353_s_at"
"C1QL1","205575_at"
"C1QTNF1","220975_s_at"
"C1QTNF1-AS1","237313_at"
"C1QTNF12","243292_at"
"C1QTNF2","223749_at"
"C1QTNF3","220988_s_at"
"C1QTNF4","223708_at"
"C1QTNF6","223571_at"
"C1QTNF7","223877_at"
"C1QTNF9","1554233_at"
"C1R","212067_s_at"
"C1RL","218983_at"
"C1RL-AS1","1560320_a_at"
"C1S","208747_s_at"
"C1orf105","214357_at"
"C1orf115","218546_at"
"C1orf116","219476_at"
"C1orf122","225480_at"
"C1orf159","219337_at"
"C1orf162","228532_at"
"C1orf167","1561976_at"
"C1orf174","222000_at"
"C1orf198","223063_at"
"C1orf21","223125_s_at"
"C1orf210","1554246_at"
"C1orf216","212791_at"
"C1orf220","1563876_at"
"C1orf226","227019_at"
"C1orf35","219063_at"
"C1orf50","62212_at"
"C1orf52","228135_at"
"C1orf53","1558508_a_at"
"C1orf54","219506_at"
"C1orf56","223459_s_at"
"C1orf74","231932_at"
"C1orf87","236710_at"
"C1orf94","231514_at"
"C2","203052_at"
"C20orf141","231360_at"
"C20orf144","231522_at"
"C20orf173","233143_at"
"C20orf181","1567035_at"
"C20orf202","1556266_a_at"
"C20orf203","1556722_a_at"
"C20orf204","233355_at"
"C20orf96","231905_at"
"C21orf58","238541_at"
"C21orf91","226109_at"
"C21orf91-OT1","1560633_a_at"
"C22orf15","1558334_a_at"
"C22orf23","223706_at"
"C22orf31","206839_at"
"C22orf39","1553974_at"
"C22orf42","1555990_at"
"C22orf46P","219309_at"
"C2CD2","212875_s_at"
"C2CD2L","204757_s_at"
"C2CD3","36552_at"
"C2CD4A","241031_at"
"C2CD4B","229727_x_at"
"C2CD4C","230819_at"
"C2CD5","212943_at"
"C2orf15","1552740_at"
"C2orf42","219128_at"
"C2orf49","226951_at"
"C2orf49-DT","236958_at"
"C2orf68","221878_at"
"C2orf69","238974_at"
"C2orf72","1556464_a_at"
"C2orf74","1568658_at"
"C2orf74-DT","227941_at"
"C2orf76","227840_at"
"C2orf80","241998_at"
"C2orf81","236070_at"
"C2orf92","230941_at"
"C3","217767_at"
"C3AR1","209906_at"
"C3P1","231691_at"
"C3orf18","219114_at"
"C3orf20","224273_at"
"C3orf22","237894_at"
"C3orf36","221175_at"
"C3orf38","226524_at"
"C3orf49","1553805_at"
"C3orf52","219474_at"
"C3orf62","241817_at"
"C3orf70","242447_at"
"C3orf80","236738_at"
"C3orf85","233604_at"
"C4BPA","205654_at"
"C4BPB","208209_s_at"
"C4orf17","223990_at"
"C4orf33","1552370_at"
"C4orf36","1552919_at"
"C4orf46","238015_at"
"C4orf54","236523_at"
"C5","205500_at"
"C5AR1","220088_at"
"C5AR2","221149_at"
"C5orf15","203024_s_at"
"C5orf22","203738_at"
"C5orf24","224876_at"
"C5orf34","229886_at"
"C5orf46","1554195_a_at"
"C5orf47","1557056_at"
"C5orf58","1554115_at"
"C5orf63","244761_at"
"C6","210168_at"
"C6orf118","232777_s_at"
"C6orf120","221787_at"
"C6orf132","238028_at"
"C6orf136","227456_s_at"
"C6orf141","1552575_a_at"
"C6orf15","221100_at"
"C6orf163","233787_at"
"C6orf47","204968_at"
"C6orf52","236504_x_at"
"C6orf58","238383_at"
"C6orf62","208809_s_at"
"C6orf89","224977_at"
"C7","202992_at"
"C7orf25","221573_at"
"C7orf33","1553927_at"
"C7orf57","1557636_a_at"
"C8A","206305_s_at"
"C8B","206979_at"
"C8G","210324_at"
"C8orf17","208266_at"
"C8orf33","218187_s_at"
"C8orf34","231380_at"
"C8orf34-AS1","1556421_at"
"C8orf44","220216_at"
"C8orf48","236634_at"
"C8orf58","236296_x_at"
"C8orf74","1569246_a_at"
"C8orf76","225702_at"
"C8orf82","226710_at"
"C8orf88","228107_at"
"C9","206727_at"
"C9orf152","229964_at"
"C9orf163","1553642_at"
"C9orf40","222781_s_at"
"C9orf43","1554280_a_at"
"C9orf50","230335_at"
"C9orf57","240316_at"
"C9orf72","225919_s_at"
"C9orf78","218116_at"
"C9orf85","238912_x_at"
"CA1","205950_s_at"
"CA10","223550_s_at"
"CA11","209726_at"
"CA12","203963_at"
"CA13","231270_at"
"CA14","219464_at"
"CA2","209301_at"
"CA3","204865_at"
"CA4","206208_at"
"CA5A","207421_at"
"CA5B","214082_at"
"CA5BP1","213363_at"
"CA6","206873_at"
"CA7","207504_at"
"CA8","220234_at"
"CA9","205199_at"
"CAAP1","219276_x_at"
"CAB39","217873_at"
"CAB39L","225915_at"
"CABCOCO1","1553630_at"
"CABIN1","37652_at"
"CABLES1","225532_at"
"CABLES2","226004_at"
"CABP1","208321_s_at"
"CABP2","207745_at"
"CABP4","1554201_at"
"CABP5","221160_s_at"
"CABP7","243173_at"
"CABS1","231612_at"
"CABYR","224279_s_at"
"CACFD1","61874_at"
"CACHD1","225627_s_at"
"CACNA1A","214933_at"
"CACNA1B","207162_s_at"
"CACNA1C","242973_at"
"CACNA1D","1555993_at"
"CACNA1E","240650_at"
"CACNA1F","208377_s_at"
"CACNA1G","211802_x_at"
"CACNA1G-AS1","1559061_at"
"CACNA1H","222960_at"
"CACNA1I","211830_s_at"
"CACNA1S","217515_s_at"
"CACNA2D1","227623_at"
"CACNA2D2","204811_s_at"
"CACNA2D3","219714_s_at"
"CACNA2D4","228083_at"
"CACNB1","210185_at"
"CACNB2","207776_s_at"
"CACNB3","209530_at"
"CACNB4","207693_at"
"CACNG1","206612_at"
"CACNG2","214495_at"
"CACNG3","206384_at"
"CACNG4","62987_r_at"
"CACNG5","1552602_at"
"CACNG6","1552863_a_at"
"CACNG7","224137_at"
"CACNG8","231355_at"
"CACTIN","214892_x_at"
"CACUL1","225192_at"
"CACYBP","201381_x_at"
"CAD","202715_at"
"CADM1","209030_s_at"
"CADM1-AS1","240628_at"
"CADM2","1552752_a_at"
"CADM2-AS1","1568871_at"
"CADM3","211677_x_at"
"CADM3-AS1","217442_at"
"CADM4","215258_at"
"CADPS","1568604_a_at"
"CADPS2","219572_at"
"CAGE1","1563787_a_at"
"CAHM","235829_at"
"CALB1","205625_s_at"
"CALB2","205428_s_at"
"CALCA","217495_x_at"
"CALCB","214636_at"
"CALCOCO1","209002_s_at"
"CALCOCO2","210817_s_at"
"CALCR","207887_s_at"
"CALCRL","206331_at"
"CALD1","212077_at"
"CALHM1","1554367_at"
"CALHM2","221565_s_at"
"CALHM3","1554711_at"
"CALHM4","1553388_at"
"CALHM5","230254_at"
"CALHM6","229390_at"
"CALM1","213710_s_at"
"CALM2","207243_s_at"
"CALML3","210020_x_at"
"CALML4","221879_at"
"CALML5","220414_at"
"CALML6","1552402_at"
"CALN1","1555168_a_at"
"CALR","212953_x_at"
"CALR3","1552421_a_at"
"CALU","200755_s_at"
"CALY","219896_at"
"CAMK1","204392_at"
"CAMK1D","226959_at"
"CAMK1G","215161_at"
"CAMK2A","213108_at"
"CAMK2B","34846_at"
"CAMK2D","225019_at"
"CAMK2G","212757_s_at"
"CAMK2N1","218309_at"
"CAMK2N2","230706_s_at"
"CAMK4","229029_at"
"CAMKK1","223460_at"
"CAMKK2","213812_s_at"
"CAMKMT","219617_at"
"CAMKV","219365_s_at"
"CAMLG","203538_at"
"CAMP","210244_at"
"CAMSAP1","212710_at"
"CAMSAP2","212765_at"
"CAMSAP3","226494_at"
"CAMTA1","225693_s_at"
"CAMTA2","212948_at"
"CAND1","207483_s_at"
"CAND1.11","237915_at"
"CAND2","213547_at"
"CANT1","221732_at"
"CANX","200068_s_at"
"CAP1","200625_s_at"
"CAP2","212551_at"
"CAPG","201850_at"
"CAPN1","200752_s_at"
"CAPN10","219333_s_at"
"CAPN10-DT","232571_at"
"CAPN11","207962_at"
"CAPN12","228705_at"
"CAPN13","229499_at"
"CAPN14","1557321_a_at"
"CAPN15","204275_at"
"CAPN2","208683_at"
"CAPN3","210944_s_at"
"CAPN5","226292_at"
"CAPN6","202965_s_at"
"CAPN7","203356_at"
"CAPN8","229030_at"
"CAPN9","208063_s_at"
"CAPNS1","200001_at"
"CAPNS2","223832_s_at"
"CAPRIN1","200723_s_at"
"CAPRIN2","218456_at"
"CAPS","226424_at"
"CAPS2","224370_s_at"
"CAPSL","236085_at"
"CAPSL-DT","231284_at"
"CAPZA1","208374_s_at"
"CAPZA2","201238_s_at"
"CAPZA3","236888_at"
"CAPZB","37012_at"
"CARD10","210026_s_at"
"CARD11","223514_at"
"CARD11-AS1","1568730_at"
"CARD14","224113_at"
"CARD16","1552701_a_at"
"CARD18","231733_at"
"CARD19","223398_at"
"CARD6","224414_s_at"
"CARD8","1554479_a_at"
"CARD8-AS1","242521_at"
"CARD9","220162_s_at"
"CARF","219834_at"
"CARHSP1","218384_at"
"CARINH","1560128_x_at"
"CARM1","212512_s_at"
"CARMIL1","230793_at"
"CARMIL2","227218_at"
"CARMIL3","229561_at"
"CARMN","227183_at"
"CARNMT1","228324_at"
"CARNMT1-AS1","1557885_at"
"CARNS1","228984_at"
"CARS1","212971_at"
"CARS1-AS1","1562436_at"
"CARS2","218153_at"
"CARTPT","206339_at"
"CASC11","1561232_at"
"CASC15","229280_s_at"
"CASC16","238211_at"
"CASC17","1557875_at"
"CASC18","233190_at"
"CASC2","1562336_at"
"CASC22","1556954_at"
"CASC23","1557330_at"
"CASC3","207842_s_at"
"CASC6","1561476_at"
"CASD1","219342_at"
"CASK","211208_s_at"
"CASKIN1","1552689_at"
"CASKIN2","221846_s_at"
"CASP1","209970_x_at"
"CASP10","205467_at"
"CASP12","1564736_a_at"
"CASP14","231722_at"
"CASP16P","234231_at"
"CASP2","226032_at"
"CASP3","202763_at"
"CASP4","209310_s_at"
"CASP4LP","240890_at"
"CASP5","207500_at"
"CASP6","209790_s_at"
"CASP7","207181_s_at"
"CASP8","213373_s_at"
"CASP8AP2","222201_s_at"
"CASP9","203984_s_at"
"CASQ1","219645_at"
"CASQ2","207317_s_at"
"CASR","210577_at"
"CASS4","220888_s_at"
"CAST","212586_at"
"CASTOR1","233528_s_at"
"CASTOR2","225906_at"
"CASTOR3P","1553971_a_at"
"CASZ1","220015_at"
"CAT","201432_at"
"CATED","238944_at"
"CATIP-AS1","1560625_s_at"
"CATSPER1","1552335_at"
"CATSPER2","1561405_s_at"
"CATSPER3","230981_at"
"CATSPERB","220293_at"
"CATSPERD","237020_at"
"CATSPERE","240771_at"
"CATSPERG","234353_at"
"CATSPERH","213740_s_at"
"CATSPERT","1563673_a_at"
"CAV1","212097_at"
"CAV2","203324_s_at"
"CAV3","208204_s_at"
"CAVIN1","208789_at"
"CAVIN2","222717_at"
"CAVIN3","213010_at"
"CAVIN4","241749_at"
"CBARP","231019_x_at"
"CBFA2T2","238549_at"
"CBFA2T3","208056_s_at"
"CBFB","202370_s_at"
"CBL","225234_at"
"CBLB","209682_at"
"CBLC","220638_s_at"
"CBLIF","207033_at"
"CBLL1","227187_at"
"CBLL1-AS1","228753_at"
"CBLL2","1552967_at"
"CBLN1","205747_at"
"CBLN2","242301_at"
"CBLN3","235221_at"
"CBLN4","234024_at"
"CBR1","209213_at"
"CBR3","205379_at"
"CBR3-AS1","1559917_a_at"
"CBR4","1553693_s_at"
"CBX1","201518_at"
"CBX2","240084_at"
"CBX3","200037_s_at"
"CBX3P2","1557488_at"
"CBX4","227558_at"
"CBX5","226085_at"
"CBX6","202048_s_at"
"CBX7","212914_at"
"CBX8","219755_at"
"CBY1","203450_at"
"CBY2","1553846_at"
"CBY3","241712_at"
"CC2D1A","221888_at"
"CC2D1B","225323_at"
"CC2D2A","234936_s_at"
"CC2D2B","243534_at"
"CCAR1","224736_at"
"CCAR2","225187_at"
"CCBE1","229641_at"
"CCDC102A","232051_at"
"CCDC102B","220301_at"
"CCDC106","207006_s_at"
"CCDC107","229063_s_at"
"CCDC110","230900_at"
"CCDC112","235208_at"
"CCDC116","1555792_a_at"
"CCDC117","225644_at"
"CCDC12","226011_at"
"CCDC120","232996_at"
"CCDC121","220321_s_at"
"CCDC122","243782_at"
"CCDC124","225454_at"
"CCDC125","229082_at"
"CCDC126","228087_at"
"CCDC127","226515_at"
"CCDC13","1553397_at"
"CCDC13-AS1","1557652_a_at"
"CCDC13-AS2","1563053_at"
"CCDC134","235434_at"
"CCDC136","226971_at"
"CCDC137","225933_at"
"CCDC138","230339_at"
"CCDC14","225017_at"
"CCDC140","1553485_at"
"CCDC141","1553645_at"
"CCDC142","239922_at"
"CCDC144A","216045_at"
"CCDC144BP","1561477_at"
"CCDC144CP","1561271_at"
"CCDC146","227091_at"
"CCDC148","1564757_a_at"
"CCDC148-AS1","1555224_at"
"CCDC149","226141_at"
"CCDC15","220466_at"
"CCDC150","243565_at"
"CCDC152","237475_x_at"
"CCDC154","244409_at"
"CCDC157","1568796_at"
"CCDC158","243875_at"
"CCDC159","227043_at"
"CCDC160","1563022_at"
"CCDC162P","1553446_at"
"CCDC163","236900_x_at"
"CCDC167","225723_at"
"CCDC169","233503_at"
"CCDC17","236320_at"
"CCDC170","220581_at"
"CCDC171","1559672_a_at"
"CCDC172","1555443_at"
"CCDC174","225559_at"
"CCDC177","220887_at"
"CCDC178","1558820_a_at"
"CCDC18","228022_at"
"CCDC18-AS1","227074_at"
"CCDC181","1555112_a_at"
"CCDC182","236942_at"
"CCDC183","236518_at"
"CCDC184","229626_at"
"CCDC185","1552391_at"
"CCDC186","227701_at"
"CCDC187","1554681_a_at"
"CCDC190","1554960_at"
"CCDC191","228476_at"
"CCDC196","237205_at"
"CCDC197","234816_at"
"CCDC198","237328_at"
"CCDC22","206016_at"
"CCDC24","228994_at"
"CCDC25","222525_s_at"
"CCDC26","1553849_at"
"CCDC27","1552948_at"
"CCDC28A","209479_at"
"CCDC28A-AS1","1558651_at"
"CCDC28B","221912_s_at"
"CCDC3","223316_at"
"CCDC30","221171_at"
"CCDC32","225397_at"
"CCDC33","1563090_at"
"CCDC34","226287_at"
"CCDC38","1557620_a_at"
"CCDC40","229918_at"
"CCDC42","230881_at"
"CCDC43","225607_at"
"CCDC47","222432_s_at"
"CCDC50","225331_at"
"CCDC51","218722_s_at"
"CCDC54","244735_at"
"CCDC57","227783_at"
"CCDC59","222792_s_at"
"CCDC6","225010_at"
"CCDC60","1554117_at"
"CCDC61","228475_at"
"CCDC62","231567_s_at"
"CCDC63","244833_at"
"CCDC66","228122_at"
"CCDC68","220180_at"
"CCDC69","212886_at"
"CCDC7","1553215_s_at"
"CCDC70","221167_s_at"
"CCDC71","219893_at"
"CCDC71L","226756_at"
"CCDC74B","231657_s_at"
"CCDC77","224521_s_at"
"CCDC78","236745_at"
"CCDC8","223495_at"
"CCDC80","225242_s_at"
"CCDC81","220389_at"
"CCDC82","223300_s_at"
"CCDC83","237160_at"
"CCDC85A","243382_at"
"CCDC85B","204610_s_at"
"CCDC85C","219018_s_at"
"CCDC86","203119_at"
"CCDC87","219887_at"
"CCDC88A","225045_at"
"CCDC88B","223663_at"
"CCDC88C","227228_s_at"
"CCDC89","1553228_at"
"CCDC9","206257_at"
"CCDC90B","218288_s_at"
"CCDC91","218545_at"
"CCDC92","218175_at"
"CCDC93","209688_s_at"
"CCDC97","225254_at"
"CCDC9B","227272_at"
"CCDST","241014_at"
"CCEPR","228679_at"
"CCER1","236968_at"
"CCHCR1","209698_at"
"CCIN","210642_at"
"CCK","205827_at"
"CCKAR","211173_at"
"CCKBR","210381_s_at"
"CCL1","207533_at"
"CCL11","210133_at"
"CCL13","206407_s_at"
"CCL16","207354_at"
"CCL17","207900_at"
"CCL18","32128_at"
"CCL19","210072_at"
"CCL2","216598_s_at"
"CCL20","205476_at"
"CCL21","204606_at"
"CCL22","207861_at"
"CCL23","210549_s_at"
"CCL24","221463_at"
"CCL25","206988_at"
"CCL26","223710_at"
"CCL27","207955_at"
"CCL28","238750_at"
"CCL4","204103_at"
"CCL5","1555759_a_at"
"CCL7","208075_s_at"
"CCL8","214038_at"
"CCM2","223164_at"
"CCM2L","1570070_at"
"CCN1","201289_at"
"CCN2","209101_at"
"CCN3","214321_at"
"CCN4","229802_at"
"CCN5","205792_at"
"CCN6","210861_s_at"
"CCNA1","205899_at"
"CCNA2","213226_at"
"CCNB1","214710_s_at"
"CCNB1IP1","217988_at"
"CCNB2","202705_at"
"CCNB3","231481_at"
"CCNC","201955_at"
"CCND1","208712_at"
"CCND2","200953_s_at"
"CCND3","201700_at"
"CCNDBP1","223084_s_at"
"CCNE1","213523_at"
"CCNE2","205034_at"
"CCNF","204826_at"
"CCNG1","208796_s_at"
"CCNG2","202769_at"
"CCNH","204093_at"
"CCNI","208656_s_at"
"CCNJ","229091_s_at"
"CCNJL","219227_at"
"CCNK","225824_at"
"CCNL1","1555411_a_at"
"CCNL2","222999_s_at"
"CCNO","210021_s_at"
"CCNP","220323_at"
"CCNQ","226466_s_at"
"CCNT1","225493_at"
"CCNT2","213743_at"
"CCNT2-AS1","236387_at"
"CCNY","224647_at"
"CCNYL1","227280_s_at"
"CCNYL2","1569878_at"
"CCP110","204662_at"
"CCPG1","221156_x_at"
"CCR1","205098_at"
"CCR10","220565_at"
"CCR2","206978_at"
"CCR3","208304_at"
"CCR4","208376_at"
"CCR5","206991_s_at"
"CCR6","206983_at"
"CCR7","206337_at"
"CCR8","208059_at"
"CCR9","207445_s_at"
"CCRL2","211434_s_at"
"CCS","203522_at"
"CCSAP","225904_at"
"CCSER1","236543_at"
"CCSER2","209379_s_at"
"CCT2","201947_s_at"
"CCT3","200910_at"
"CCT4","200877_at"
"CCT5","208696_at"
"CCT6A","201327_s_at"
"CCT6B","206587_at"
"CCT7","200812_at"
"CCT8","200873_s_at"
"CCT8L2","220508_at"
"CCZ1","201974_s_at"
"CCZ1B","215024_at"
"CD101","207167_at"
"CD109","226545_at"
"CD14","201743_at"
"CD151","204306_s_at"
"CD160","207840_at"
"CD163","215049_x_at"
"CD163L1","223655_at"
"CD164","208405_s_at"
"CD177","219669_at"
"CD180","206206_at"
"CD19","206398_s_at"
"CD1A","210325_at"
"CD1B","206749_at"
"CD1C","205987_at"
"CD1D","205789_at"
"CD1E","208592_s_at"
"CD2","205831_at"
"CD200","209583_s_at"
"CD200R1","1553395_a_at"
"CD207","220428_at"
"CD209","207277_at"
"CD22","204581_at"
"CD226","207315_at"
"CD24","209771_x_at"
"CD244","220307_at"
"CD247","210031_at"
"CD248","219025_at"
"CD27","206150_at"
"CD274","227458_at"
"CD276","224859_at"
"CD28","206545_at"
"CD2AP","203593_at"
"CD2BP2","202257_s_at"
"CD2BP2-DT","238031_at"
"CD300A","209933_s_at"
"CD300C","207270_x_at"
"CD300LB","1554175_at"
"CD300LD-AS1","1553298_at"
"CD300LF","1553043_a_at"
"CD300LG","1555656_at"
"CD320","218529_at"
"CD33","206120_at"
"CD34","209543_s_at"
"CD36","228766_at"
"CD37","204192_at"
"CD38","205692_s_at"
"CD3D","213539_at"
"CD3E","205456_at"
"CD3G","206804_at"
"CD4","203547_at"
"CD40","35150_at"
"CD40LG","207892_at"
"CD44","212063_at"
"CD46","208783_s_at"
"CD47","211075_s_at"
"CD48","204118_at"
"CD5","206485_at"
"CD52","204661_at"
"CD53","203416_at"
"CD55","1555950_a_at"
"CD58","205173_x_at"
"CD59","200983_x_at"
"CD5L","206680_at"
"CD6","213958_at"
"CD63","200663_at"
"CD63-AS1","235487_at"
"CD68","203507_at"
"CD69","209795_at"
"CD7","214049_x_at"
"CD70","206508_at"
"CD72","215925_s_at"
"CD74","209619_at"
"CD79A","205049_s_at"
"CD79B","205297_s_at"
"CD80","1554519_at"
"CD81","200675_at"
"CD81-AS1","1561726_s_at"
"CD82","203904_x_at"
"CD83","204440_at"
"CD84","230391_at"
"CD86","210895_s_at"
"CD8A","205758_at"
"CD8B","207979_s_at"
"CD9","201005_at"
"CD93","202878_s_at"
"CD96","206761_at"
"CD99","201029_s_at"
"CD99L2","223041_at"
"CD99P1","232172_at"
"CDA","205627_at"
"CDADC1","233647_s_at"
"CDAN1","228516_at"
"CDC123","201725_at"
"CDC14A","210440_s_at"
"CDC14B","221556_at"
"CDC14C","1553320_s_at"
"CDC16","209659_s_at"
"CDC20","202870_s_at"
"CDC20B","1564674_a_at"
"CDC23","202892_at"
"CDC25A","204695_at"
"CDC25B","201853_s_at"
"CDC25C","216914_at"
"CDC26","225422_at"
"CDC27","217879_at"
"CDC34","212540_at"
"CDC37","209953_s_at"
"CDC37L1","219343_at"
"CDC37P1","217314_at"
"CDC40","203376_at"
"CDC42","226400_at"
"CDC42-IT1","1556931_at"
"CDC42BPA","203794_at"
"CDC42BPB","217849_s_at"
"CDC42BPG","1564823_at"
"CDC42EP1","204693_at"
"CDC42EP2","209850_s_at"
"CDC42EP3","209288_s_at"
"CDC42EP4","218062_x_at"
"CDC42EP5","227850_x_at"
"CDC42SE1","218157_x_at"
"CDC42SE2","224709_s_at"
"CDC45","204126_s_at"
"CDC50A","232591_s_at"
"CDC50B","213285_at"
"CDC5L","209056_s_at"
"CDC6","203968_s_at"
"CDC7","204510_at"
"CDC73","218578_at"
"CDCA2","236957_at"
"CDCA3","223307_at"
"CDCA4","218399_s_at"
"CDCA5","224753_at"
"CDCA7","224428_s_at"
"CDCA7L","225081_s_at"
"CDCA8","221520_s_at"
"CDCP1","218451_at"
"CDH1","201131_s_at"
"CDH10","220115_s_at"
"CDH11","207173_x_at"
"CDH12","207149_at"
"CDH13","204726_at"
"CDH15","206327_s_at"
"CDH16","206517_at"
"CDH17","209847_at"
"CDH18","206280_at"
"CDH19","206898_at"
"CDH2","203440_at"
"CDH20","210913_at"
"CDH22","1569679_at"
"CDH23","232845_at"
"CDH24","230157_at"
"CDH26","233391_at"
"CDH3","203256_at"
"CDH4","239485_at"
"CDH5","204677_at"
"CDH6","214803_at"
"CDH7","220679_s_at"
"CDH8","210518_at"
"CDH9","207729_at"
"CDHR1","213369_at"
"CDHR2","220186_s_at"
"CDHR3","235650_at"
"CDHR5","219796_s_at"
"CDIN1","224486_s_at"
"CDIP1","223960_s_at"
"CDIPT","201253_s_at"
"CDIPTOSP","240537_s_at"
"CDK1","203214_x_at"
"CDK10","203469_s_at"
"CDK11B","207428_x_at"
"CDK12","225697_at"
"CDK13","232266_x_at"
"CDK14","204604_at"
"CDK15","239201_at"
"CDK16","208823_s_at"
"CDK17","221918_at"
"CDK18","214797_s_at"
"CDK19","212897_at"
"CDK2","204252_at"
"CDK20","205271_s_at"
"CDK2AP1","201938_at"
"CDK2AP2","203252_at"
"CDK4","202246_s_at"
"CDK5","204247_s_at"
"CDK5R1","204996_s_at"
"CDK5R2","205852_at"
"CDK5RAP1","218315_s_at"
"CDK5RAP2","220935_s_at"
"CDK5RAP3","218740_s_at"
"CDK6","224847_at"
"CDK7","211297_s_at"
"CDK8","204831_at"
"CDK9","203198_at"
"CDKAL1","214877_at"
"CDKL1","235512_at"
"CDKL2","207073_at"
"CDKL3","219831_at"
"CDKL5","227004_at"
"CDKN1A","202284_s_at"
"CDKN1B","209112_at"
"CDKN1C","213348_at"
"CDKN2A","209644_x_at"
"CDKN2A-AS1","220505_at"
"CDKN2AIP","218929_at"
"CDKN2B","236313_at"
"CDKN2B-AS1","1559884_at"
"CDKN2C","204159_at"
"CDKN2D","210240_s_at"
"CDKN3","1555758_a_at"
"CDNF","1568696_at"
"CDO1","204154_at"
"CDON","227526_at"
"CDPF1","227590_at"
"CDR1","207276_at"
"CDR2","209501_at"
"CDR2-DT","1569823_at"
"CDR2L","213230_at"
"CDRT15","240760_at"
"CDRT15L2","240889_at"
"CDS1","226185_at"
"CDS2","228456_s_at"
"CDSN","206192_at"
"CDT1","228868_x_at"
"CDV3","212010_s_at"
"CDX1","206430_at"
"CDX2","206387_at"
"CDX4","221340_at"
"CDY1","207647_at"
"CDYL","203098_at"
"CDYL2","227290_at"
"CEACAM1","209498_at"
"CEACAM19","230504_at"
"CEACAM21","214907_at"
"CEACAM3","208052_x_at"
"CEACAM4","207205_at"
"CEACAM5","201884_at"
"CEACAM6","211657_at"
"CEACAM7","206199_at"
"CEACAM8","206676_at"
"CEBPA","204039_at"
"CEBPA-DT","220465_at"
"CEBPB","212501_at"
"CEBPD","203973_s_at"
"CEBPE","214523_at"
"CEBPG","225527_at"
"CEBPZ","203341_at"
"CEBPZOS","229746_x_at"
"CECR2","223729_at"
"CECR3","1564352_at"
"CECR7","243048_at"
"CECR9","1567686_at"
"CEL","1553970_s_at"
"CELA1","224198_at"
"CELA2B","207077_at"
"CELA3A","211738_x_at"
"CELA3B","206151_x_at"
"CELF1","221743_at"
"CELF2","202157_s_at"
"CELF2-AS1","1560255_at"
"CELF3","206817_x_at"
"CELF4","223654_s_at"
"CELF5","231744_at"
"CELF6","227775_at"
"CELP","207412_x_at"
"CELSR1","41660_at"
"CELSR2","204029_at"
"CELSR3","40020_at"
"CEMIP","212942_s_at"
"CEMIP2","218113_at"
"CEMP1","222009_at"
"CENATAC","227208_at"
"CEND1","219591_at"
"CENPA","204962_s_at"
"CENPB","212437_at"
"CENPBD1P","223728_at"
"CENPBD2P","218624_s_at"
"CENPC","204739_at"
"CENPE","205046_at"
"CENPF","207828_s_at"
"CENPH","231772_x_at"
"CENPI","207590_s_at"
"CENPK","222848_at"
"CENPL","232065_x_at"
"CENPM","218741_at"
"CENPN","219555_s_at"
"CENPO","219472_at"
"CENPQ","219294_at"
"CENPS","213454_at"
"CENPT","218148_at"
"CENPU","218883_s_at"
"CENPV","226611_s_at"
"CENPW","226936_at"
"CENPX","209478_at"
"CEP104","204074_s_at"
"CEP112","213644_at"
"CEP120","226449_at"
"CEP126","235956_at"
"CEP128","232635_at"
"CEP131","214742_at"
"CEP135","206003_at"
"CEP15","219288_at"
"CEP152","239413_at"
"CEP162","206006_s_at"
"CEP164","1558953_s_at"
"CEP170","207719_x_at"
"CEP170B","213242_x_at"
"CEP19","1553158_at"
"CEP192","218827_s_at"
"CEP192P1","235416_at"
"CEP20","225087_at"
"CEP250","236424_at"
"CEP290","205250_s_at"
"CEP295","229878_at"
"CEP350","204373_s_at"
"CEP41","225484_at"
"CEP43","214124_x_at"
"CEP44","228334_x_at"
"CEP55","218542_at"
"CEP57","203494_s_at"
"CEP57L1","1554019_s_at"
"CEP63","219242_at"
"CEP68","212677_s_at"
"CEP70","219036_at"
"CEP72","1559461_at"
"CEP72-DT","220837_at"
"CEP76","219311_at"
"CEP78","228774_at"
"CEP83","219644_at"
"CEP83-DT","237021_at"
"CEP85","219611_s_at"
"CEP85L","228007_at"
"CEP89","1553732_s_at"
"CEP95","225705_at"
"CEP97","235918_x_at"
"CEPT1","219375_at"
"CER1","221378_at"
"CERCAM","224794_s_at"
"CERK","218421_at"
"CERNA1","215229_at"
"CERS2","222212_s_at"
"CERS3","1554253_a_at"
"CERS4","218922_s_at"
"CERS5","224951_at"
"CERS6","212442_s_at"
"CERT1","223466_x_at"
"CES1P1","206824_at"
"CES2","213509_x_at"
"CES3","220335_x_at"
"CES4A","228903_at"
"CES5A","1553465_a_at"
"CETN1","207209_at"
"CETN2","209194_at"
"CETN3","209662_at"
"CETN3-AS1","233200_at"
"CETP","206210_s_at"
"CFAP100","242615_at"
"CFAP100-DT","237735_at"
"CFAP107","231549_at"
"CFAP119","231300_at"
"CFAP126","231077_at"
"CFAP157","1557867_s_at"
"CFAP161","1552950_at"
"CFAP184","238682_at"
"CFAP20","217957_at"
"CFAP206","230273_at"
"CFAP20DC","239697_x_at"
"CFAP210","236909_at"
"CFAP221","237151_s_at"
"CFAP251","1555007_s_at"
"CFAP263","222890_at"
"CFAP276","231044_at"
"CFAP298","218123_at"
"CFAP299","231565_at"
"CFAP300","241198_s_at"
"CFAP36","224968_at"
"CFAP410","203996_s_at"
"CFAP418","244569_at"
"CFAP43","231084_at"
"CFAP44","230152_at"
"CFAP45","220308_at"
"CFAP46","1552964_at"
"CFAP47","1553466_at"
"CFAP52","239916_at"
"CFAP53","1552326_a_at"
"CFAP54","1560426_at"
"CFAP57","1553425_at"
"CFAP58","233131_at"
"CFAP61","1554657_a_at"
"CFAP65","239508_x_at"
"CFAP65-AS1","1557879_at"
"CFAP68","222785_x_at"
"CFAP69","219455_at"
"CFAP70","215849_x_at"
"CFAP73","226540_at"
"CFAP74","215788_at"
"CFAP90","239722_at"
"CFAP91","236222_at"
"CFAP92","1557601_s_at"
"CFAP95","243610_at"
"CFAP95-DT","236071_at"
"CFAP96","236915_at"
"CFAP97","226254_s_at"
"CFAP97D1","231453_at"
"CFAP99","1569172_a_at"
"CFB","202357_s_at"
"CFC1","236724_at"
"CFC1B","228878_s_at"
"CFD","205382_s_at"
"CFDP1","203166_at"
"CFH","213800_at"
"CFHR2","206910_x_at"
"CFHR3","1554459_s_at"
"CFHR4","207874_s_at"
"CFHR5","208088_s_at"
"CFI","203854_at"
"CFL1","200021_at"
"CFL2","224663_s_at"
"CFLAR","211316_x_at"
"CFLAR-AS1","1556924_at"
"CFP","206380_s_at"
"CFTR","205043_at"
"CGA","204637_at"
"CGAS","1559051_s_at"
"CGGBP1","224599_at"
"CGN","223233_s_at"
"CGNL1","225817_at"
"CGREF1","205937_at"
"CGRRF1","204605_at"
"CH25H","206932_at"
"CHAC1","219270_at"
"CHAC2","235117_at"
"CHAD","206869_at"
"CHADL","1557123_a_at"
"CHAF1A","214426_x_at"
"CHAF1B","204775_at"
"CHAMP1","226194_at"
"CHASERR","225951_s_at"
"CHAT","221197_s_at"
"CHCHD1","226896_at"
"CHCHD10","224932_at"
"CHCHD2","217720_at"
"CHCHD3","217972_at"
"CHCHD4","229595_at"
"CHCHD5","223479_s_at"
"CHCHD6","224462_s_at"
"CHCHD7","218642_s_at"
"CHCT1","1555985_at"
"CHD1","204258_at"
"CHD1L","212539_at"
"CHD2","225077_at"
"CHD3","208807_s_at"
"CHD4","201184_s_at"
"CHD5","213965_s_at"
"CHD6","225031_at"
"CHD7","226123_at"
"CHD8","212571_at"
"CHD9","212616_at"
"CHD9NB","222271_at"
"CHDH","228560_at"
"CHEK1","229423_at"
"CHEK2","210416_s_at"
"CHERP","202230_s_at"
"CHFR","218803_at"
"CHGA","204697_s_at"
"CHGB","204260_at"
"CHI3L1","209395_at"
"CHI3L2","213060_s_at"
"CHIA","220630_s_at"
"CHIAP2","1570015_at"
"CHIC1","228345_at"
"CHIC2","219492_at"
"CHID1","223061_at"
"CHIT1","208168_s_at"
"CHKA","204266_s_at"
"CHKB","204193_at"
"CHKB-DT","238557_at"
"CHL1","204591_at"
"CHL1-AS1","1562121_at"
"CHLSN","224478_s_at"
"CHM","227871_at"
"CHML","226350_at"
"CHMP1A","201933_at"
"CHMP1B","218178_s_at"
"CHMP2A","202121_s_at"
"CHMP2B","202538_s_at"
"CHMP4A","218571_s_at"
"CHMP4B","225498_at"
"CHMP4C","226803_at"
"CHMP5","219356_s_at"
"CHMP6","218743_at"
"CHMP7","212313_at"
"CHN1","212624_s_at"
"CHN2","213385_at"
"CHODL","219867_at"
"CHORDC1","218566_s_at"
"CHP1","214665_s_at"
"CHP2","206149_at"
"CHPF","202175_at"
"CHPF2","221799_at"
"CHPT1","221675_s_at"
"CHRAC1","231764_at"
"CHRD","211248_s_at"
"CHRDL1","209763_at"
"CHRDL2","223987_at"
"CHRM1","231783_at"
"CHRM2","221330_at"
"CHRM3","1553705_a_at"
"CHRM3-AS2","1557733_a_at"
"CHRM4","221357_at"
"CHRM5","221347_at"
"CHRNA1","206633_at"
"CHRNA10","220210_at"
"CHRNA2","207868_at"
"CHRNA3","211587_x_at"
"CHRNA4","206735_at"
"CHRNA5","206533_at"
"CHRNA6","207568_at"
"CHRNA9","221107_at"
"CHRNB1","206703_at"
"CHRNB2","206635_at"
"CHRNB3","207859_s_at"
"CHRNB4","207516_at"
"CHRND","207024_at"
"CHRNE","207274_at"
"CHRNG","221355_at"
"CHROMR","228620_at"
"CHST1","205567_at"
"CHST10","204065_at"
"CHST11","226372_at"
"CHST12","218927_s_at"
"CHST13","242503_at"
"CHST14","226314_at"
"CHST15","203066_at"
"CHST2","203921_at"
"CHST3","209834_at"
"CHST4","220446_s_at"
"CHST5","221164_x_at"
"CHST6","223786_at"
"CHST7","206756_at"
"CHST8","221065_s_at"
"CHST9","223737_x_at"
"CHSY1","203044_at"
"CHSY3","242100_at"
"CHTF18","226569_s_at"
"CHTF8","224732_at"
"CHTOP","202559_x_at"
"CHUK","209666_s_at"
"CHURC1","233268_s_at"
"CIAO1","217501_at"
"CIAO2A","224779_s_at"
"CIAO2B","218074_at"
"CIAO3","218742_at"
"CIAPIN1","208968_s_at"
"CIART","227285_at"
"CIB1","201953_at"
"CIB2","205008_s_at"
"CIB3","1552751_a_at"
"CIB4","236378_at"
"CIBAR1","228011_at"
"CIBAR1-DT","1561423_at"
"CIC","212784_at"
"CIDEA","221295_at"
"CIDEB","221188_s_at"
"CIDEC","219398_at"
"CIDECP1","1554839_at"
"CIITA","205101_at"
"CILK1","204569_at"
"CILP","206227_at"
"CILP2","1552289_a_at"
"CIMAP1A","233795_at"
"CIMAP1B","238326_at"
"CIMAP1C","236245_at"
"CIMAP1D","237620_at"
"CIMAP2","1557016_a_at"
"CIMAP3","228100_at"
"CIMIP1","229542_at"
"CIMIP2A","1562778_at"
"CIMIP2B","229941_at"
"CIMIP2C","231126_at"
"CIMIP4","231617_at"
"CIMIP5","1563814_at"
"CIMIP6","231081_at"
"CINP","230223_at"
"CIP2A","243071_at"
"CIPC","225623_at"
"CIRBP","200810_s_at"
"CIRBP-AS1","1552868_at"
"CIROZ","1553444_a_at"
"CIRSR","209571_at"
"CISD1","218597_s_at"
"CISD2","226689_at"
"CISD3","226727_at"
"CISH","221223_x_at"
"CIT","212801_at"
"CITED1","207144_s_at"
"CITED2","209357_at"
"CITED4","228625_at"
"CIZ1","205516_x_at"
"CKAP2","218252_at"
"CKAP2L","229610_at"
"CKAP4","200999_s_at"
"CKAP5","1555278_a_at"
"CKB","200884_at"
"CKLF","221058_s_at"
"CKM","204810_s_at"
"CKMT2","205295_at"
"CKMT2-AS1","235443_at"
"CKS1B","201897_s_at"
"CKS2","204170_s_at"
"CLASP1","212752_at"
"CLASP2","212306_at"
"CLASRP","204978_at"
"CLBA1","213512_at"
"CLC","206207_at"
"CLCA1","210107_at"
"CLCA2","206164_at"
"CLCA3P","220810_at"
"CLCA4","220026_at"
"CLCA4-AS1","239982_at"
"CLCC1","213628_at"
"CLCF1","219500_at"
"CLCN1","208437_at"
"CLCN2","213499_at"
"CLCN3","201734_at"
"CLCN4","214769_at"
"CLCN5","226274_at"
"CLCN6","203950_s_at"
"CLCN7","38069_at"
"CLCNKB","1554748_at"
"CLDN1","222549_at"
"CLDN10","205328_at"
"CLDN10-AS1","1570291_at"
"CLDN11","228335_at"
"CLDN12","223249_at"
"CLDN14","210689_at"
"CLDN15","219640_at"
"CLDN16","220332_at"
"CLDN17","221328_at"
"CLDN18","214135_at"
"CLDN19","1554804_a_at"
"CLDN2","223509_at"
"CLDN20","1554812_at"
"CLDN23","228707_at"
"CLDN3","203954_x_at"
"CLDN4","1569421_at"
"CLDN5","204482_at"
"CLDN6","208474_at"
"CLDN7","202790_at"
"CLDN8","214598_at"
"CLDN9","214635_at"
"CLDND1","1554149_at"
"CLDND2","231162_at"
"CLEC10A","206682_at"
"CLEC11A","211709_s_at"
"CLEC12A","1552398_a_at"
"CLEC12B","231357_at"
"CLEC14A","226244_at"
"CLEC16A","212786_at"
"CLEC1A","219761_at"
"CLEC1B","220496_at"
"CLEC2B","209732_at"
"CLEC2D","233500_x_at"
"CLEC2L","232173_at"
"CLEC3A","231802_at"
"CLEC4A","221724_s_at"
"CLEC4C","1552552_s_at"
"CLEC4D","1552772_at"
"CLEC4E","222934_s_at"
"CLEC4F","1552410_at"
"CLEC4G","1559065_a_at"
"CLEC4GP1","1559194_a_at"
"CLEC4M","207995_s_at"
"CLEC5A","219890_at"
"CLEC7A","221698_s_at"
"CLECL1","244413_at"
"CLGN","205830_at"
"CLHC1","228316_at"
"CLIC1","208659_at"
"CLIC2","213415_at"
"CLIC3","219529_at"
"CLIC4","201560_at"
"CLIC5","219866_at"
"CLIC6","227742_at"
"CLINT1","201769_at"
"CLIP1","201975_at"
"CLIP1-AS1","236747_at"
"CLIP2","211031_s_at"
"CLIP3","212358_at"
"CLIP4","226425_at"
"CLK1","214683_s_at"
"CLK2","203229_s_at"
"CLK3","202140_s_at"
"CLK4","210346_s_at"
"CLMAT3","1561413_at"
"CLMB","227806_at"
"CLMN","213839_at"
"CLMP","226834_at"
"CLN3","209275_s_at"
"CLN5","204084_s_at"
"CLN6","1567080_s_at"
"CLN8","223912_s_at"
"CLN8-AS1","227092_at"
"CLNK","1570239_a_at"
"CLNS1A","209143_s_at"
"CLOCK","204980_at"
"CLP1","204370_at"
"CLPB","221845_s_at"
"CLPP","202799_at"
"CLPS","206131_at"
"CLPTM1","211136_s_at"
"CLPTM1L","223020_at"
"CLPX","223507_at"
"CLRN1","1555695_a_at"
"CLRN1-AS1","1560432_at"
"CLRN3","229777_at"
"CLSPN","243840_at"
"CLSTN1","201561_s_at"
"CLSTN2","229580_at"
"CLSTN2-AS1","234443_at"
"CLSTN3","204375_at"
"CLTA","200960_x_at"
"CLTB","211043_s_at"
"CLTC","200614_at"
"CLTCL1","205944_s_at"
"CLTRN","223784_at"
"CLU","208792_s_at"
"CLUAP1","204576_s_at"
"CLUH","212456_at"
"CLUHP3","219442_at"
"CLUL1","206556_at"
"CLVS1","230217_at"
"CLVS2","1562443_at"
"CLXN","220156_at"
"CLYBL","238440_at"
"CLYBL-AS1","1566176_at"
"CLYBL-AS2","1563245_at"
"CMA1","214533_at"
"CMAHP","205518_s_at"
"CMAS","218111_s_at"
"CMBL","234981_x_at"
"CMC1","228283_at"
"CMC2","218447_at"
"CMC4","216862_s_at"
"CMIP","224992_s_at"
"CMKLR1","229121_at"
"CMKLR2","214605_x_at"
"CMKLR2-AS","232799_at"
"CMPK1","217870_s_at"
"CMPK2","226702_at"
"CMSS1","224523_s_at"
"CMTM1","231219_at"
"CMTM2","229967_at"
"CMTM3","224733_at"
"CMTM4","225009_at"
"CMTM5","230942_at"
"CMTM6","217947_at"
"CMTM7","226017_at"
"CMTM8","235099_at"
"CMTR1","212380_at"
"CMTR2","222811_at"
"CMYA5","233520_s_at"
"CNBD1","1552588_a_at"
"CNBD2","235206_at"
"CNBP","206158_s_at"
"CNDP1","223699_at"
"CNDP2","217752_s_at"
"CNEP1R1","235812_at"
"CNFN","224329_s_at"
"CNGA1","206417_at"
"CNGA3","207261_at"
"CNGA4","1562273_at"
"CNGB1","210769_at"
"CNGB3","220304_s_at"
"CNIH1","201653_at"
"CNIH2","230070_at"
"CNIH3","214841_at"
"CNIH4","223993_s_at"
"CNKSR1","204740_at"
"CNKSR2","229116_at"
"CNKSR3","227481_at"
"CNMD","206309_at"
"CNN1","203951_at"
"CNN2","201605_x_at"
"CNN3","201445_at"
"CNN3-DT","230433_at"
"CNNM1","220166_at"
"CNNM2","209874_x_at"
"CNNM3","220739_s_at"
"CNNM4","218900_at"
"CNOT1","200860_s_at"
"CNOT10","223219_s_at"
"CNOT11","224695_at"
"CNOT2","222182_s_at"
"CNOT3","203239_s_at"
"CNOT4","203291_at"
"CNOT6","217970_s_at"
"CNOT6L","226153_s_at"
"CNOT7","225053_at"
"CNOT8","202164_s_at"
"CNOT9","213179_at"
"CNP","208912_s_at"
"CNPPD1","200070_at"
"CNPY1","1559283_a_at"
"CNPY2","202857_at"
"CNPY3","217931_at"
"CNPY4","227313_at"
"CNR1","207940_x_at"
"CNR2","206586_at"
"CNRIP1","226751_at"
"CNST","225550_at"
"CNTD1","231463_at"
"CNTFR","205723_at"
"CNTFR-AS1","1556771_a_at"
"CNTLN","220095_at"
"CNTN1","211203_s_at"
"CNTN2","206970_at"
"CNTN3","229831_at"
"CNTN4","229084_at"
"CNTN5","207452_s_at"
"CNTN6","207195_at"
"CNTNAP1","219400_at"
"CNTNAP2","219300_s_at"
"CNTNAP2-AS1","1569780_at"
"CNTNAP3","231464_at"
"CNTNAP3P2","220436_at"
"CNTNAP4","232388_at"
"CNTNAP5","1553418_a_at"
"CNTRL","205642_at"
"CNTROB","228633_s_at"
"COA1","209445_x_at"
"COA3","218026_at"
"COA4","220647_s_at"
"COA5","225409_at"
"COA6","225638_at"
"COA7","219420_s_at"
"COA8","232814_x_at"
"COASY","201913_s_at"
"COBL","213050_at"
"COBLL1","203642_s_at"
"COCH","1554241_at"
"COCH-AS1","1560038_at"
"COG1","227784_s_at"
"COG2","203073_at"
"COG3","223450_s_at"
"COG4","212189_s_at"
"COG5","203630_s_at"
"COG6","225769_at"
"COG7","213190_at"
"COG8","227770_at"
"COIL","203654_s_at"
"COL10A1","205941_s_at"
"COL11A1","37892_at"
"COL11A2","216993_s_at"
"COL12A1","225664_at"
"COL13A1","208535_x_at"
"COL14A1","212865_s_at"
"COL15A1","203477_at"
"COL16A1","204345_at"
"COL17A1","204636_at"
"COL18A1","209081_s_at"
"COL18A1-AS1","1564017_at"
"COL19A1","211011_at"
"COL1A1","1556499_s_at"
"COL1A2","202403_s_at"
"COL20A1","232733_s_at"
"COL21A1","208096_s_at"
"COL22A1","228873_at"
"COL23A1","229168_at"
"COL24A1","238732_at"
"COL25A1","224388_s_at"
"COL26A1","233894_x_at"
"COL27A1","225293_at"
"COL28A1","242345_at"
"COL2A1","217404_s_at"
"COL3A1","215076_s_at"
"COL4A1","211980_at"
"COL4A2","211964_at"
"COL4A3","222073_at"
"COL4A4","229779_at"
"COL4A5","213110_s_at"
"COL4A6","211473_s_at"
"COL5A1","212488_at"
"COL5A2","221729_at"
"COL5A3","218975_at"
"COL6A1","213428_s_at"
"COL6A2","209156_s_at"
"COL6A3","201438_at"
"COL6A5","1553835_a_at"
"COL6A6","240997_at"
"COL7A1","204136_at"
"COL8A1","226237_at"
"COL8A2","52651_at"
"COL9A1","222008_at"
"COL9A2","213622_at"
"COL9A3","204724_s_at"
"COLCA1","238701_x_at"
"COLEC10","207420_at"
"COLEC11","219873_at"
"COLEC12","221019_s_at"
"COLGALT1","218473_s_at"
"COLGALT2","209883_at"
"COLQ","206073_at"
"COMMD1","226024_at"
"COMMD10","218439_s_at"
"COMMD2","226910_at"
"COMMD3","218048_at"
"COMMD4","206441_s_at"
"COMMD5","223198_x_at"
"COMMD6","225312_at"
"COMMD7","224815_at"
"COMMD8","218351_at"
"COMMD9","218072_at"
"COMP","205713_s_at"
"COMT","208818_s_at"
"COMTD1","226870_at"
"COP1","234950_s_at"
"COPA","208684_at"
"COPB1","201358_s_at"
"COPB2","201098_at"
"COPB2-DT","230334_at"
"COPE","201264_at"
"COPG1","217749_at"
"COPG2","223457_at"
"COPG2IT1","213486_at"
"COPRS","225096_at"
"COPS2","202467_s_at"
"COPS3","202078_at"
"COPS4","218042_at"
"COPS5","201652_at"
"COPS6","201405_s_at"
"COPS7A","209029_at"
"COPS7B","219997_s_at"
"COPS8","202141_s_at"
"COPS9","226845_s_at"
"COPZ1","222386_s_at"
"COPZ2","219561_at"
"COQ10A","225747_at"
"COQ10B","219397_at"
"COQ2","213379_at"
"COQ3","221227_x_at"
"COQ4","218328_at"
"COQ5","223114_at"
"COQ6","218760_at"
"COQ7","209746_s_at"
"COQ8A","218168_s_at"
"COQ8B","227324_at"
"COQ9","212228_s_at"
"CORIN","239261_s_at"
"CORO1A","209083_at"
"CORO1B","64486_at"
"CORO1C","221676_s_at"
"CORO2A","227177_at"
"CORO2B","209789_at"
"CORO6","1552301_a_at"
"CORO7","219040_at"
"CORT","210182_at"
"COSMOC","1568633_a_at"
"COTL1","224583_at"
"COX10","203858_s_at"
"COX10-DT","1557192_at"
"COX11","211727_s_at"
"COX14","225772_s_at"
"COX15","219547_at"
"COX16","223191_at"
"COX17","203880_at"
"COX18","227442_at"
"COX19","231831_at"
"COX20","224820_at"
"COX4I1","202698_x_at"
"COX4I2","232761_at"
"COX5A","203663_s_at"
"COX5B","213735_s_at"
"COX6A1","200925_at"
"COX6A2","206353_at"
"COX6B1","201441_at"
"COX6B2","1553367_a_at"
"COX6C","201754_at"
"COX7A1","204570_at"
"COX7A2","201597_at"
"COX7A2L","201256_at"
"COX7A2P2","217249_x_at"
"COX7B","202110_at"
"COX7B2","231265_at"
"COX7C","201134_x_at"
"COX8A","201119_s_at"
"COX8C","231487_at"
"COXFA4","217773_s_at"
"COXFA4L2","218484_at"
"COXFA4L3","223484_at"
"CP","204846_at"
"CPA1","205615_at"
"CPA2","206212_at"
"CPA3","205624_at"
"CPA4","205832_at"
"CPA5","240744_at"
"CPA6","1552511_a_at"
"CPAMD8","227721_at"
"CPAP","223513_at"
"CPB1","205509_at"
"CPB2","206651_s_at"
"CPD","201941_at"
"CPE","201117_s_at"
"CPEB1","219578_s_at"
"CPEB1-AS1","1560030_at"
"CPEB2","226939_at"
"CPEB2-DT","1561471_at"
"CPEB3","243651_at"
"CPEB4","224831_at"
"CPED1","228728_at"
"CPLANE1","219381_at"
"CPLANE2","244834_at"
"CPLX1","223500_at"
"CPLX2","225815_at"
"CPLX3","219775_s_at"
"CPM","235019_at"
"CPN1","206256_at"
"CPN2","216223_at"
"CPNE1","206918_s_at"
"CPNE2","225129_at"
"CPNE3","202119_s_at"
"CPNE4","228796_at"
"CPNE5","244029_at"
"CPNE6","215700_x_at"
"CPNE7","219707_at"
"CPNE8","228365_at"
"CPNE9","239139_at"
"CPO","1553506_at"
"CPOX","204172_at"
"CPPED1","222686_s_at"
"CPQ","203501_at"
"CPS1","204920_at"
"CPS1-IT1","220479_at"
"CPSF1","33132_at"
"CPSF2","225986_x_at"
"CPSF3","225082_at"
"CPSF4","206688_s_at"
"CPSF6","202469_s_at"
"CPSF7","217866_at"
"CPT1A","203633_at"
"CPT1C","227468_at"
"CPT2","204263_s_at"
"CPTP","220734_s_at"
"CPVL","208146_s_at"
"CPVL-AS2","1560131_at"
"CPXCR1","1560493_a_at"
"CPXM1","227860_at"
"CPXM2","226824_at"
"CR1","208488_s_at"
"CR1L","239206_at"
"CR2","205544_s_at"
"CRABP1","205350_at"
"CRABP2","202575_at"
"CRACD","227230_s_at"
"CRACD-AS1","1557768_at"
"CRACDL","228067_at"
"CRACR2A","228752_at"
"CRACR2B","227429_at"
"CRADD","209833_at"
"CRADD-AS1","242638_at"
"CRAMP1","225172_at"
"CRAT","205843_x_at"
"CRAT37","1570391_at"
"CRB1","220522_at"
"CRB2","1552506_at"
"CRB3","232609_at"
"CRBN","222533_at"
"CRCP","203898_at"
"CRCT1","220620_at"
"CREB1","204313_s_at"
"CREB3","209432_s_at"
"CREB3L1","213059_at"
"CREB3L2","212345_s_at"
"CREB3L3","234361_at"
"CREB3L4","226455_at"
"CREB5","232555_at"
"CREBBP","202160_at"
"CREBL2","201989_s_at"
"CREBRF","225956_at"
"CREBZF","225594_at"
"CREG1","201200_at"
"CREG2","1552714_at"
"CRELD1","203368_at"
"CRELD2","218358_at"
"CREM","207630_s_at"
"CRH","205629_s_at"
"CRHBP","205984_at"
"CRHR2","207897_at"
"CRIM1","228496_s_at"
"CRIM1-DT","236656_s_at"
"CRIP1","205081_at"
"CRIP2","208978_at"
"CRIP3","235720_at"
"CRIPT","239050_s_at"
"CRISP1","207032_s_at"
"CRISP2","210262_at"
"CRISP3","207802_at"
"CRISPLD1","223475_at"
"CRISPLD2","221541_at"
"CRK","202224_at"
"CRKL","212180_at"
"CRLF1","206315_at"
"CRLF2","208303_s_at"
"CRLF3","205474_at"
"CRLS1","223978_s_at"
"CRMA","1553205_at"
"CRMP1","202517_at"
"CRNDE","238021_s_at"
"CRNKL1","219913_s_at"
"CRNN","220090_at"
"CROCC","206274_s_at"
"CROCCP2","211038_s_at"
"CROCCP3","215827_x_at"
"CROT","204573_at"
"CRP","205753_at"
"CRPPA-AS1","233594_at"
"CRTAC1","221204_s_at"
"CRTAM","206914_at"
"CRTAP","1555889_a_at"
"CRTC1","207159_x_at"
"CRTC2","226307_at"
"CRTC3","218648_at"
"CRX","217510_at"
"CRY1","209674_at"
"CRY2","212695_at"
"CRYAB","209283_at"
"CRYBA1","206982_at"
"CRYBA2","220136_s_at"
"CRYBA4","206843_at"
"CRYBB1","206185_at"
"CRYBB2","206778_at"
"CRYBB2P1","222048_at"
"CRYBB3","207685_at"
"CRYBG1","212543_at"
"CRYBG2","220290_at"
"CRYBG3","214030_at"
"CRYGA","207587_at"
"CRYGB","207715_at"
"CRYGC","207531_at"
"CRYGD","207532_at"
"CRYGN","1553082_at"
"CRYGS","223644_s_at"
"CRYL1","220753_s_at"
"CRYM","205489_at"
"CRYZ","202950_at"
"CRYZL1","1552347_at"
"CRYZL2P","241607_at"
"CS","208660_at"
"CSAD","221139_s_at"
"CSAG3","220445_s_at"
"CSDC2","209981_at"
"CSDE1","219939_s_at"
"CSE1L","201112_s_at"
"CSF1","209716_at"
"CSF1R","203104_at"
"CSF2","210228_at"
"CSF2RA","211286_x_at"
"CSF2RB","205159_at"
"CSF3","207442_at"
"CSF3R","1553297_a_at"
"CSGALNACT1","219049_at"
"CSGALNACT2","222235_s_at"
"CSH1","208357_x_at"
"CSH2","207770_x_at"
"CSHL1","208294_x_at"
"CSK","202329_at"
"CSKMT","239316_at"
"CSMD1","241960_at"
"CSMD2","1557143_at"
"CSMD2-AS1","1569696_at"
"CSMD3","240228_at"
"CSN1S1","208350_at"
"CSN1S2AP","1553080_at"
"CSN2","207951_at"
"CSN3","207803_s_at"
"CSNK1A1","213860_x_at"
"CSNK1A1P1","1559651_at"
"CSNK1D","208774_at"
"CSNK1G1","226888_at"
"CSNK1G2","202573_at"
"CSNK1G2-AS1","1553871_at"
"CSNK1G3","220768_s_at"
"CSNK2A1","212072_s_at"
"CSNK2A2","224922_at"
"CSNK2B","201390_s_at"
"CSPG4","204736_s_at"
"CSPG4P1Y","211461_at"
"CSPG4P5","1561960_at"
"CSPG5","205344_at"
"CSPP1","227105_at"
"CSRNP1","225557_at"
"CSRNP2","221260_s_at"
"CSRNP3","235017_s_at"
"CSRP1","200621_at"
"CSRP2","207030_s_at"
"CSRP3","205553_s_at"
"CST1","206224_at"
"CST11","233968_at"
"CST13P","1558493_at"
"CST2","208555_x_at"
"CST3","201360_at"
"CST4","206994_at"
"CST5","207925_at"
"CST6","206595_at"
"CST7","210140_at"
"CST8","220627_at"
"CST9","1554386_at"
"CST9L","230829_at"
"CSTA","204971_at"
"CSTB","201201_at"
"CSTF1","202190_at"
"CSTF2","204459_at"
"CSTF2T","212905_at"
"CSTF3","203947_at"
"CSTF3-DT","1560202_at"
"CSTL1","234803_at"
"CSTPP1","203257_s_at"
"CT55","221121_at"
"CT62","214418_at"
"CT66","239113_at"
"CT75","230844_at"
"CT83","1559258_a_at"
"CTAG2","215733_x_at"
"CTAGE1","220957_at"
"CTAGE11P","217332_at"
"CTAGE9","215549_x_at"
"CTBP1","212863_x_at"
"CTBP1-AS","1563571_at"
"CTBP1-DT","232066_x_at"
"CTBP2","201220_x_at"
"CTBS","218924_s_at"
"CTC-338M12.4","219880_at"
"CTC1","219435_at"
"CTCF","202521_at"
"CTCFL","1552368_at"
"CTDNEP1","200035_at"
"CTDP1","205035_at"
"CTDSP1","217844_at"
"CTDSP2","203445_s_at"
"CTDSPL","201904_s_at"
"CTDSPL2","223271_s_at"
"CTF1","206813_at"
"CTH","217127_at"
"CTHRC1","225681_at"
"CTIF","204302_s_at"
"CTLA4","234895_at"
"CTNNA1","210844_x_at"
"CTNNA2","205373_at"
"CTNNA3","220815_at"
"CTNNAL1","202468_s_at"
"CTNNB1","201533_at"
"CTNNBIP1","203081_at"
"CTNNBL1","221021_s_at"
"CTNND2","209617_s_at"
"CTNS","204925_at"
"CTPS1","202613_at"
"CTPS2","222819_at"
"CTR9","202060_at"
"CTRB2","214411_x_at"
"CTRC","206297_at"
"CTRL","214377_s_at"
"CTSA","200661_at"
"CTSB","200839_s_at"
"CTSC","201487_at"
"CTSD","200766_at"
"CTSE","205927_s_at"
"CTSF","203657_s_at"
"CTSG","205653_at"
"CTSH","202295_s_at"
"CTSK","202450_s_at"
"CTSL","202087_s_at"
"CTSLP8","1563445_x_at"
"CTSO","203758_at"
"CTSS","202902_s_at"
"CTSV","210074_at"
"CTSW","214450_at"
"CTSZ","212562_s_at"
"CTTN","201059_at"
"CTTNBP2","232136_s_at"
"CTTNBP2NL","226000_at"
"CTU2","1561500_at"
"CTXN1","228126_x_at"
"CTXN3","236374_at"
"CTXND1","214896_at"
"CUBN","206775_at"
"CUEDC1","219468_s_at"
"CUEDC2","218097_s_at"
"CUL1","207614_s_at"
"CUL2","203079_s_at"
"CUL3","201371_s_at"
"CUL4A","201423_s_at"
"CUL4B","202214_s_at"
"CUL5","203531_at"
"CUL7","36084_at"
"CUL9","213204_at"
"CUTA","221488_s_at"
"CUTALP","231828_at"
"CUTC","218970_s_at"
"CUX1","214743_at"
"CUX2","1566528_at"
"CUZD1","220275_at"
"CWC15","223067_at"
"CWC22","226588_at"
"CWC25","218655_s_at"
"CWC27","1555495_a_at"
"CWF19L1","233568_x_at"
"CWF19L2","228916_at"
"CWH43","220723_s_at"
"CX3CL1","203687_at"
"CX3CR1","205898_at"
"CXADR","203917_at"
"CXCL1","204470_at"
"CXCL10","204533_at"
"CXCL11","211122_s_at"
"CXCL12","209687_at"
"CXCL13","205242_at"
"CXCL14","222484_s_at"
"CXCL16","223454_at"
"CXCL17","226960_at"
"CXCL2","209774_x_at"
"CXCL3","207850_at"
"CXCL5","214974_x_at"
"CXCL6","206336_at"
"CXCL8","202859_x_at"
"CXCL9","203915_at"
"CXCR1","207094_at"
"CXCR2","207008_at"
"CXCR3","207681_at"
"CXCR4","217028_at"
"CXCR5","216734_s_at"
"CXCR6","206974_at"
"CXXC1","48580_at"
"CXXC1P1","1564367_at"
"CXXC4","220277_at"
"CXXC5","233955_x_at"
"CXorf38","230532_at"
"CXorf58","1553391_at"
"CXorf65","231377_at"
"CYB561","217200_x_at"
"CYB561A3","224735_at"
"CYB561D1","227981_at"
"CYB561D2","209665_at"
"CYB5A","209366_x_at"
"CYB5B","201633_s_at"
"CYB5D1","1552711_a_at"
"CYB5D2","225804_at"
"CYB5R1","202263_at"
"CYB5R2","220230_s_at"
"CYB5R3","201885_s_at"
"CYB5R4","219079_at"
"CYB5RL","229605_at"
"CYBA","203028_s_at"
"CYBB","203923_s_at"
"CYBC1","218130_at"
"CYBRD1","222453_at"
"CYC1","201066_at"
"CYCS","208905_at"
"CYFIP1","208923_at"
"CYFIP2","215785_s_at"
"CYGB","226632_at"
"CYLC1","216779_at"
"CYLC2","207780_at"
"CYLD","213295_at"
"CYMP","242902_at"
"CYMP-AS1","1561335_at"
"CYP11A1","204309_at"
"CYP11B1","1552493_s_at"
"CYP11B2","214630_at"
"CYP17A1","205502_at"
"CYP19A1","1560295_at"
"CYP1A1","205749_at"
"CYP1A2","207608_x_at"
"CYP1B1","202436_s_at"
"CYP1B1-AS1","233410_at"
"CYP20A1","219565_at"
"CYP24A1","206504_at"
"CYP26A1","206424_at"
"CYP26B1","234721_s_at"
"CYP27A1","203979_at"
"CYP27B1","205676_at"
"CYP27C1","1568868_at"
"CYP2A13","208327_at"
"CYP2A6","207244_x_at"
"CYP2A7","207718_x_at"
"CYP2A7P1","216340_s_at"
"CYP2B6","206755_at"
"CYP2B7P","210272_at"
"CYP2C18","208126_s_at"
"CYP2C19","216058_s_at"
"CYP2C8","208147_s_at"
"CYP2C9","220017_x_at"
"CYP2D6","217468_at"
"CYP2D7","215809_at"
"CYP2E1","209975_at"
"CYP2F1","207913_at"
"CYP2J2","205073_at"
"CYP2R1","227109_at"
"CYP2S1","223385_at"
"CYP2T1P","236445_at"
"CYP2U1","226393_at"
"CYP2W1","220562_at"
"CYP39A1","1553977_a_at"
"CYP3A4","205998_x_at"
"CYP3A43","211441_x_at"
"CYP3A5","214235_at"
"CYP3A7","205939_at"
"CYP3A7-CYP3A51P","211843_x_at"
"CYP46A1","220331_at"
"CYP4A11","211231_x_at"
"CYP4B1","1555497_a_at"
"CYP4F11","206153_at"
"CYP4F12","206539_s_at"
"CYP4F2","210452_x_at"
"CYP4F22","244692_at"
"CYP4F29P","1558589_at"
"CYP4F3","206515_at"
"CYP4F30P","224278_at"
"CYP4F35P","1559028_at"
"CYP4F8","210576_at"
"CYP4V2","229959_at"
"CYP4X1","227702_at"
"CYP4Z1","237395_at"
"CYP4Z2P","1553434_at"
"CYP51A1-AS1","233942_at"
"CYP7A1","207406_at"
"CYP7B1","207386_at"
"CYP8B1","232494_at"
"CYREN","220949_s_at"
"CYRIA","208092_s_at"
"CYRIB","217916_s_at"
"CYS1","228739_at"
"CYSLTR1","231747_at"
"CYSLTR2","220813_at"
"CYSRT1","1569144_a_at"
"CYSTM1","224707_at"
"CYTH1","202880_s_at"
"CYTH2","209158_s_at"
"CYTH3","225147_at"
"CYTH4","219183_s_at"
"CYTIP","209606_at"
"CYTL1","219837_s_at"
"CYYR1","228665_at"
"CZIB","203197_s_at"
"D21S2088E","1559471_s_at"
"D2HGDH","228738_at"
"DAAM1","1555989_at"
"DAAM2","212793_at"
"DAAM2-AS1","1561979_at"
"DAB1","220611_at"
"DAB1-AS1","1569259_at"
"DAB2","201280_s_at"
"DAB2IP","225020_at"
"DACH1","205471_s_at"
"DACH2","239738_at"
"DACT1","219179_at"
"DACT2","1569648_at"
"DACT3","228228_at"
"DACT3-AS1","1561532_at"
"DAD1","200046_at"
"DAG1","205417_s_at"
"DAGLA","214128_at"
"DAGLB","226640_at"
"DALRD3","221934_s_at"
"DANCR","224870_at"
"DAND5","1562772_a_at"
"DANT2","233551_at"
"DAO","206878_at"
"DAOA","1555662_s_at"
"DAOA-AS1","1553024_at"
"DAP","201095_at"
"DAP3","208822_s_at"
"DAPK1","203139_at"
"DAPK2","206324_s_at"
"DAPK3","203891_s_at"
"DAPL1","229290_at"
"DAPP1","219290_x_at"
"DARS1","201623_s_at"
"DARS1-AS1","243355_at"
"DARS2","218365_s_at"
"DAW1","242162_at"
"DAXX","201763_s_at"
"DAZAP1","226620_x_at"
"DAZAP2","200794_x_at"
"DAZL","206588_at"
"DBF4","204244_s_at"
"DBF4B","1555378_at"
"DBH","206450_at"
"DBH-AS1","230488_s_at"
"DBI","202428_x_at"
"DBIL5P","223783_s_at"
"DBIL5P2","224258_at"
"DBN1","202806_at"
"DBNDD1","222234_s_at"
"DBNL","222429_at"
"DBP","209782_s_at"
"DBR1","234295_at"
"DBT","205370_x_at"
"DCAF1","226481_at"
"DCAF10","219001_s_at"
"DCAF11","201886_at"
"DCAF12","224789_at"
"DCAF12L1","238205_at"
"DCAF12L2","239330_at"
"DCAF13","225676_s_at"
"DCAF15","91952_at"
"DCAF16","228106_at"
"DCAF17","231921_at"
"DCAF4","226938_at"
"DCAF4L1","1562209_at"
"DCAF4L2","1553197_at"
"DCAF5","224703_at"
"DCAF6","217908_s_at"
"DCAF7","224748_at"
"DCAF8","243318_at"
"DCAF8L2","1553467_at"
"DCAKD","224522_s_at"
"DCBLD1","226609_at"
"DCBLD2","224911_s_at"
"DCC","206939_at"
"DCD","1553946_at"
"DCDC1","232603_at"
"DCDC2","222925_at"
"DCDC2B","233918_at"
"DCHS1","222101_s_at"
"DCHS2","220373_at"
"DCK","203302_at"
"DCLK1","205399_at"
"DCLK2","216725_at"
"DCLK3","232399_at"
"DCLRE1A","209804_at"
"DCLRE1B","222889_at"
"DCLRE1C","219678_x_at"
"DCN","201893_x_at"
"DCP1A","218508_at"
"DCP1B","226093_at"
"DCP2","212919_at"
"DCPH1","218195_at"
"DCPS","218774_at"
"DCST1","1553860_at"
"DCST1-AS1","235886_at"
"DCST2","242988_at"
"DCSTAMP","221266_s_at"
"DCT","216512_s_at"
"DCTD","210137_s_at"
"DCTN1","211780_x_at"
"DCTN1-AS1","1557617_at"
"DCTN2","200932_s_at"
"DCTN3","204246_s_at"
"DCTN4","222488_s_at"
"DCTN5","1556646_at"
"DCTN6","203261_at"
"DCTPP1","218069_at"
"DCUN1D1","218583_s_at"
"DCUN1D2","219116_s_at"
"DCUN1D3","227333_at"
"DCUN1D4","212855_at"
"DCUN1D5","223151_at"
"DCX","204850_s_at"
"DCXR","217973_at"
"DDA1","218260_at"
"DDAH1","209094_at"
"DDAH2","202262_x_at"
"DDB1","208619_at"
"DDB2","203409_at"
"DDC","205311_at"
"DDC-AS1","1564459_at"
"DDHD1","225971_at"
"DDHD1-DT","233444_at"
"DDHD2","212690_at"
"DDI1","239299_at"
"DDI2","225780_at"
"DDIAS","228281_at"
"DDIT3","209383_at"
"DDIT4","202887_s_at"
"DDIT4L","228057_at"
"DDN","214788_x_at"
"DDO","207418_s_at"
"DDOST","208675_s_at"
"DDR1","1007_s_at"
"DDR1-DT","216679_at"
"DDR2","227561_at"
"DDRGK1","218159_at"
"DDX1","201241_at"
"DDX10","204977_at"
"DDX11","208149_x_at"
"DDX11-AS1","1557139_at"
"DDX11L2","223777_at"
"DDX17","208718_at"
"DDX18","208895_s_at"
"DDX19A","202577_s_at"
"DDX19A-DT","1568787_at"
"DDX19B","230974_at"
"DDX20","223331_s_at"
"DDX21","224654_at"
"DDX23","201440_at"
"DDX24","200694_s_at"
"DDX25","219945_at"
"DDX27","219108_x_at"
"DDX28","40255_at"
"DDX31","219328_at"
"DDX39A","201584_s_at"
"DDX3X","201210_at"
"DDX3Y","205000_at"
"DDX4","221630_s_at"
"DDX41","217840_at"
"DDX42","201788_at"
"DDX43","220004_at"
"DDX46","202462_s_at"
"DDX49","31807_at"
"DDX5","200033_at"
"DDX50","221699_s_at"
"DDX51","214968_at"
"DDX52","213637_at"
"DDX53","1555357_at"
"DDX54","225428_s_at"
"DDX55","231843_at"
"DDX56","217754_at"
"DDX59","223662_x_at"
"DDX59-AS1","1561741_at"
"DDX6","225549_at"
"DDX60","218986_s_at"
"DDX60L","228152_s_at"
"DEAF1","209407_s_at"
"DECR1","202447_at"
"DECR2","219664_s_at"
"DEDD","215158_s_at"
"DEDD2","225434_at"
"DEF6","221293_s_at"
"DEF8","225637_at"
"DEFA4","207269_at"
"DEFA5","207529_at"
"DEFA6","207814_at"
"DEFB1","210397_at"
"DEFB108B","1561165_a_at"
"DEFB114","1567878_at"
"DEFB118","233221_at"
"DEFB119","231155_at"
"DEFB121","234007_at"
"DEFB122","1562167_a_at"
"DEFB123","229772_at"
"DEFB124","1568377_x_at"
"DEFB125","1552998_at"
"DEFB126","221414_s_at"
"DEFB127","233343_at"
"DEFB129","233160_at"
"DEFB132","243311_at"
"DEGS1","209250_at"
"DEGS2","236496_at"
"DEK","200934_at"
"DELE1","201978_s_at"
"DELEC1","220781_at"
"DENND10","1563920_at"
"DENND11","223162_s_at"
"DENND1A","226849_at"
"DENND1B","219696_at"
"DENND1C","221080_s_at"
"DENND2A","221885_at"
"DENND2B","202440_s_at"
"DENND2C","230769_at"
"DENND2D","221081_s_at"
"DENND3","212975_at"
"DENND4A","1554352_s_at"
"DENND4B","202860_at"
"DENND4C","226867_at"
"DENND5A","212561_at"
"DENND5B","228551_at"
"DENND6A","226965_at"
"DENND6B","228678_at"
"DENR","231896_s_at"
"DEPDC1","222958_s_at"
"DEPDC1-AS1","1569958_at"
"DEPDC1B","226980_at"
"DEPDC4","1553365_at"
"DEPDC5","205223_at"
"DEPDC7","228293_at"
"DEPP1","209183_s_at"
"DEPTOR","218858_at"
"DERA","218102_at"
"DERL1","222543_at"
"DERL2","218333_at"
"DERL3","229721_x_at"
"DES","202222_s_at"
"DESI1","212528_at"
"DESI2","212371_at"
"DET1","219641_at"
"DEUP1","1558894_a_at"
"DEXI","203733_at"
"DFFA","226116_at"
"DFFB","206752_s_at"
"DGAT1","203669_s_at"
"DGAT2","224327_s_at"
"DGAT2-DT","1561491_at"
"DGCR11","215725_at"
"DGCR2","214198_s_at"
"DGCR5","228804_at"
"DGCR6L","214024_s_at"
"DGCR8","64474_g_at"
"DGKA","203385_at"
"DGKB","216307_at"
"DGKD","208072_s_at"
"DGKE","238694_at"
"DGKG","206395_at"
"DGKH","227415_at"
"DGKI","206806_at"
"DGKK","238194_at"
"DGKQ","226605_at"
"DGKZ","207556_s_at"
"DGLUCY","218298_s_at"
"DGUOK","209549_s_at"
"DHCR24","200862_at"
"DHCR7","201791_s_at"
"DHDDS","218547_at"
"DHDDS-AS1","242510_at"
"DHDH","231416_at"
"DHFR","202534_x_at"
"DHFR2","241727_x_at"
"DHFRP3","216659_at"
"DHH","1552730_at"
"DHODH","213632_at"
"DHPS","207831_x_at"
"DHRS1","213279_at"
"DHRS11","218756_s_at"
"DHRS12","204800_s_at"
"DHRS13","226121_at"
"DHRS2","206463_s_at"
"DHRS3","202481_at"
"DHRS4-AS1","227446_s_at"
"DHRS7","210788_s_at"
"DHRS7B","220690_s_at"
"DHRS7C","230915_at"
"DHRS9","219799_s_at"
"DHRSX","225503_at"
"DHTKD1","227094_at"
"DHX15","201385_at"
"DHX16","203694_s_at"
"DHX29","212648_at"
"DHX30","212674_s_at"
"DHX32","218198_at"
"DHX33","222875_at"
"DHX34","214017_s_at"
"DHX35","218579_s_at"
"DHX36","223139_s_at"
"DHX37","223365_at"
"DHX38","209178_at"
"DHX40","218277_s_at"
"DHX57","213420_at"
"DHX58","219364_at"
"DHX8","203334_at"
"DHX9","202420_s_at"
"DHX9-AS1","215467_x_at"
"DIABLO","219350_s_at"
"DIAPH1","209190_s_at"
"DIAPH1-AS1","1557865_at"
"DIAPH2","205726_at"
"DIAPH2-AS1","217050_at"
"DIAPH3","229097_at"
"DIAPH3-AS1","1555994_at"
"DICER1","213229_at"
"DICER1-AS1","229227_at"
"DIDO1","218325_s_at"
"DIMT1","204405_x_at"
"DIO1","206457_s_at"
"DIO2","231240_at"
"DIO2-AS1","1562827_at"
"DIO3","207154_at"
"DIO3OS","223757_at"
"DIP2A","215529_x_at"
"DIP2B","224872_at"
"DIP2C","212504_at"
"DIP2C-AS1","1559000_at"
"DIP2C-AS2","240305_at"
"DIPK1A","213689_x_at"
"DIPK1B","229002_at"
"DIPK1C","229645_at"
"DIPK2A","226464_at"
"DIPK2B","222911_s_at"
"DIRAS1","226573_at"
"DIRAS2","240122_at"
"DIRAS3","215506_s_at"
"DIRC1","1552674_at"
"DIRC3","232434_at"
"DIS3","222607_s_at"
"DIS3L","235005_at"
"DIS3L2","238602_at"
"DISC1","1563744_a_at"
"DISP1","235466_s_at"
"DISP2","229579_s_at"
"DISP3","230019_s_at"
"DIXDC1","214724_at"
"DKC1","201479_at"
"DKFZP434A062","217219_at"
"DKFZP586I1420","213546_at"
"DKFZp434L192","1553898_a_at"
"DKFZp451B082","1563511_at"
"DKK1","204602_at"
"DKK2","219908_at"
"DKK3","214247_s_at"
"DKK4","206619_at"
"DKKL1","220284_at"
"DLAT","212568_s_at"
"DLC1","210762_s_at"
"DLD","209095_at"
"DLEC1","215085_x_at"
"DLEU1","205677_s_at"
"DLEU2","1556821_x_at"
"DLEU7","1566081_at"
"DLEU7-AS1","1569987_at"
"DLG1","202515_at"
"DLG1-AS1","1556518_at"
"DLG2","228973_at"
"DLG3","212727_at"
"DLG3-AS1","241839_at"
"DLG4","210684_s_at"
"DLG5","201681_s_at"
"DLG5-AS1","239565_at"
"DLGAP1","210750_s_at"
"DLGAP1-AS1","238432_at"
"DLGAP1-AS2","223974_at"
"DLGAP1-AS3","1560522_at"
"DLGAP1-AS6","1556769_a_at"
"DLGAP2","1557679_at"
"DLGAP2-AS1","1564421_at"
"DLGAP3","231151_at"
"DLGAP4","233056_x_at"
"DLGAP4-AS1","1558630_at"
"DLGAP5","203764_at"
"DLK1","209560_s_at"
"DLK2","220262_s_at"
"DLL1","224215_s_at"
"DLL3","230568_x_at"
"DLL4","223525_at"
"DLX1","1560100_at"
"DLX2","215685_s_at"
"DLX3","231778_at"
"DLX4","208216_at"
"DLX5","213707_s_at"
"DLX6","221289_at"
"DLX6-AS1","230882_at"
"DMAC1","224879_at"
"DMAC2","45828_at"
"DMAC2L","206992_s_at"
"DMAP1","224163_s_at"
"DMBT1","208250_s_at"
"DMBX1","234776_at"
"DMC1","208382_s_at"
"DMD","203881_s_at"
"DMGDH","231591_at"
"DMKN","226926_at"
"DMP1","217067_s_at"
"DMPK","217066_s_at"
"DMRT1","220493_at"
"DMRT2","223986_x_at"
"DMRT3","233930_at"
"DMRTA1","244725_at"
"DMRTA2","1558856_at"
"DMRTB1","240313_at"
"DMRTC2","236811_at"
"DMTF1","203301_s_at"
"DMTN","204505_s_at"
"DMWD","33768_at"
"DMXL1","203791_at"
"DMXL1-DT","1570050_at"
"DMXL2","212820_at"
"DNA2","213647_at"
"DNAAF1","222068_s_at"
"DNAAF10","235071_at"
"DNAAF11","206483_at"
"DNAAF2","219166_at"
"DNAAF3","230033_at"
"DNAAF4","235273_at"
"DNAAF5","218460_at"
"DNAAF6","231389_at"
"DNAAF8","222089_s_at"
"DNAAF9","226607_at"
"DNAH1","1566775_at"
"DNAH10","1562462_at"
"DNAH11","1553159_at"
"DNAH12","243802_at"
"DNAH14","242283_at"
"DNAH17","214229_at"
"DNAH17-AS1","1569925_at"
"DNAH2","239499_at"
"DNAH3","220725_x_at"
"DNAH5","232381_s_at"
"DNAH6","1561616_a_at"
"DNAH7","214222_at"
"DNAH8","233052_at"
"DNAH9","210345_s_at"
"DNAI1","220125_at"
"DNAI2","221668_s_at"
"DNAI3","243087_at"
"DNAI4","1559576_at"
"DNAI7","220168_at"
"DNAJA1","200881_s_at"
"DNAJA2","226994_at"
"DNAJA3","1554078_s_at"
"DNAJA4","225061_at"
"DNAJB1","200664_s_at"
"DNAJB11","223054_at"
"DNAJB12","202866_at"
"DNAJB13","230936_at"
"DNAJB14","219237_s_at"
"DNAJB2","202500_at"
"DNAJB4","203810_at"
"DNAJB5","212817_at"
"DNAJB6","209015_s_at"
"DNAJB7","1552675_at"
"DNAJB8","237284_at"
"DNAJB8-AS1","1562740_at"
"DNAJB9","202842_s_at"
"DNAJC1","222620_s_at"
"DNAJC10","225174_at"
"DNAJC11","215792_s_at"
"DNAJC12","218976_at"
"DNAJC13","212467_at"
"DNAJC14","223420_at"
"DNAJC15","218435_at"
"DNAJC16","212908_at"
"DNAJC17","219861_at"
"DNAJC18","227166_at"
"DNAJC19","225359_at"
"DNAJC2","213097_s_at"
"DNAJC21","238337_s_at"
"DNAJC22","244193_at"
"DNAJC24","213853_at"
"DNAJC25","226859_at"
"DNAJC27","227859_at"
"DNAJC27-AS1","239325_at"
"DNAJC28","220372_at"
"DNAJC3","1558080_s_at"
"DNAJC3-DT","240574_at"
"DNAJC30","223367_at"
"DNAJC4","228622_s_at"
"DNAJC5","224612_s_at"
"DNAJC5B","232798_at"
"DNAJC5G","1552450_a_at"
"DNAJC6","204720_s_at"
"DNAJC7","202416_at"
"DNAJC8","205545_x_at"
"DNAJC9","213088_s_at"
"DNAJC9-AS1","1557827_at"
"DNAL1","226309_at"
"DNAL4","204008_at"
"DNALI1","227081_at"
"DNASE1","1558546_at"
"DNASE1L1","203912_s_at"
"DNASE1L2","207192_at"
"DNASE1L3","205554_s_at"
"DNASE2","209831_x_at"
"DNASE2B","220380_at"
"DND1","57739_at"
"DNER","226281_at"
"DNHD1","232240_at"
"DNLZ","228272_at"
"DNM1","215116_s_at"
"DNM1L","226154_at"
"DNM1P35","1561249_a_at"
"DNM1P41","232143_at"
"DNM1P46","231318_at"
"DNM2","202253_s_at"
"DNM3","209839_at"
"DNM3OS","232090_at"
"DNMBP","212838_at"
"DNMT1","201697_s_at"
"DNMT3A","222640_at"
"DNMT3B","220668_s_at"
"DNMT3L","220139_at"
"DNPEP","38703_at"
"DNPH1","39817_s_at"
"DNTT","1566363_at"
"DNTTIP1","224825_at"
"DNTTIP2","202776_at"
"DOC2A","205744_at"
"DOC2B","207311_at"
"DOCK1","203187_at"
"DOCK10","219279_at"
"DOCK11","226875_at"
"DOCK2","213160_at"
"DOCK3","213482_at"
"DOCK4","205003_at"
"DOCK4-AS1","1562011_at"
"DOCK5","230206_at"
"DOCK6","55583_at"
"DOCK7","225384_at"
"DOCK8","225502_at"
"DOCK8-AS1","1552755_at"
"DOCK9","212538_at"
"DOCK9-DT","231062_at"
"DOHH","208141_s_at"
"DOK1","216835_s_at"
"DOK2","214054_at"
"DOK3","223553_s_at"
"DOK4","207747_s_at"
"DOK5","214844_s_at"
"DOK6","236290_at"
"DOK7","240633_at"
"DOLK","204488_at"
"DOLPP1","221817_at"
"DONSON","221677_s_at"
"DOP1A","213271_s_at"
"DOP1B","205248_at"
"DORIP1","235369_at"
"DOT1L","226201_at"
"DPAGT1","209509_s_at"
"DPCD","226009_at"
"DPEP1","205983_at"
"DPEP2","219452_at"
"DPEP2NB","236593_at"
"DPEP3","220179_at"
"DPF1","231599_x_at"
"DPF2","202116_at"
"DPF3","219746_at"
"DPH2","204514_at"
"DPH3","225200_at"
"DPH3P1","233000_x_at"
"DPH5","224196_x_at"
"DPH5-DT","228661_s_at"
"DPH6","238662_at"
"DPH6-DT","240523_at"
"DPH7","225586_at"
"DPM1","202673_at"
"DPM2","209391_at"
"DPM3","219373_at"
"DPP10","228598_at"
"DPP10-AS1","236351_at"
"DPP10-AS3","1561618_at"
"DPP3","232510_s_at"
"DPP3-DT","236997_at"
"DPP4","203716_s_at"
"DPP6","207789_s_at"
"DPP7","224814_at"
"DPP8","220939_s_at"
"DPP9","226916_x_at"
"DPPA2","240301_at"
"DPPA3","231385_at"
"DPPA4","241199_x_at"
"DPPA5","241550_at"
"DPT","213071_at"
"DPY19L1","212792_at"
"DPY19L1P1","215102_at"
"DPY19L2","230158_at"
"DPY19L2P2","215143_at"
"DPY19L2P3","1557314_at"
"DPY19L2P4","1557290_at"
"DPY19L3","225633_at"
"DPY19L3-DT","232965_at"
"DPY19L4","213391_at"
"DPY30","224129_s_at"
"DPYD","204646_at"
"DPYS","206065_s_at"
"DPYSL2","200762_at"
"DPYSL3","201431_s_at"
"DPYSL4","214301_s_at"
"DPYSL5","224100_s_at"
"DQX1","236055_at"
"DR1","209187_at"
"DRAIC","239594_at"
"DRAM1","218627_at"
"DRAM2","225230_at"
"DRAP1","203258_at"
"DRAXIN","1558368_s_at"
"DRC1","231133_at"
"DRC10","1552540_s_at"
"DRC11","220274_at"
"DRC12","240293_at"
"DRC2","1552321_a_at"
"DRC3","208140_s_at"
"DRC4","204921_at"
"DRC5","237280_at"
"DRC7","223905_at"
"DRC8","233375_at"
"DRC9","221185_s_at"
"DRD1","214652_at"
"DRD2","211624_s_at"
"DRD3","211625_s_at"
"DRD4","208215_x_at"
"DRD5","208486_at"
"DRG1","202810_at"
"DRG2","203267_s_at"
"DRICH1","221108_at"
"DROSHA","218269_at"
"DRP2","207648_at"
"DSC1","207324_s_at"
"DSC2","226817_at"
"DSC3","206033_s_at"
"DSCAM","211484_s_at"
"DSCAM-AS1","1562821_a_at"
"DSCAML1","234908_s_at"
"DSCC1","216646_at"
"DSCR10","1552467_at"
"DSCR4","207258_at"
"DSCR8","241224_x_at"
"DSCR9","230470_at"
"DSE","218854_at"
"DSEL","232235_at"
"DSG1","206642_at"
"DSG2","217901_at"
"DSG2-AS1","1556835_s_at"
"DSG3","205595_at"
"DSG4","1561330_at"
"DSN1","219512_at"
"DSP","200606_at"
"DSP-AS1","240382_at"
"DSPP","221681_s_at"
"DST","215016_x_at"
"DSTN","201022_s_at"
"DSTNP2","211325_x_at"
"DSTYK","229017_s_at"
"DTD1","234107_s_at"
"DTD1-AS1","1561459_at"
"DTD2","227158_at"
"DTHD1","1564160_at"
"DTL","218585_s_at"
"DTNA","227084_at"
"DTNB","214253_s_at"
"DTNB-AS1","215565_at"
"DTNBP1","223445_at"
"DTWD1","236649_at"
"DTWD2","231277_x_at"
"DTX1","227336_at"
"DTX2","215732_s_at"
"DTX2P1-UPK3BP1-PMS2P11","179_at"
"DTX3","235721_at"
"DTX3L","225415_at"
"DTX4","212611_at"
"DTYMK","1553984_s_at"
"DUBR","239466_at"
"DUOX1","219597_s_at"
"DUOX2","219727_at"
"DUOXA1","1555404_a_at"
"DUOXA2","230615_at"
"DUS1L","217912_at"
"DUS2","219486_at"
"DUS3L","224966_s_at"
"DUS4L","205761_s_at"
"DUSP1","201041_s_at"
"DUSP10","221563_at"
"DUSP11","202703_at"
"DUSP12","218576_s_at"
"DUSP13B","219963_at"
"DUSP14","203367_at"
"DUSP15","230402_at"
"DUSP16","224832_at"
"DUSP18","227098_at"
"DUSP19","1555598_a_at"
"DUSP2","204794_at"
"DUSP21","220515_at"
"DUSP22","218845_at"
"DUSP23","223402_at"
"DUSP26","219144_at"
"DUSP28","229211_at"
"DUSP3","201536_at"
"DUSP4","204014_at"
"DUSP5","209457_at"
"DUSP5P1","1553299_at"
"DUSP6","208891_at"
"DUSP7","213848_at"
"DUSP8","238594_x_at"
"DUSP9","205777_at"
"DUT","208956_x_at"
"DUX1","208176_at"
"DUXAP8","231882_at"
"DVL1","203230_at"
"DVL2","57532_at"
"DVL3","201908_at"
"DXO","215982_s_at"
"DYDC1","1552993_at"
"DYDC2","239733_at"
"DYM","223171_at"
"DYNC1H1","211928_at"
"DYNC1I1","205348_s_at"
"DYNC1I2","211684_s_at"
"DYNC1LI1","222479_s_at"
"DYNC1LI2","224616_at"
"DYNC1LI2-DT","217443_at"
"DYNC2H1","219469_at"
"DYNC2I1","219251_s_at"
"DYNC2I2","224715_at"
"DYNC2LI1","203762_s_at"
"DYNLL1","200703_at"
"DYNLL2","225494_at"
"DYNLRB1","217917_s_at"
"DYNLRB2","238116_at"
"DYNLT1","201999_s_at"
"DYNLT2","1554400_at"
"DYNLT2B","228606_at"
"DYNLT3","203303_at"
"DYNLT5","1553635_s_at"
"DYRK1A","209033_s_at"
"DYRK1B","204954_s_at"
"DYRK2","202969_at"
"DYRK3","210151_s_at"
"DYRK3-AS1","238308_at"
"DYRK4","212954_at"
"DYSF","218660_at"
"DZANK1","219951_s_at"
"DZIP1","204556_s_at"
"DZIP1L","239785_at"
"DZIP3","213186_at"
"E2F1","204947_at"
"E2F2","228361_at"
"E2F3","203693_s_at"
"E2F4","38707_r_at"
"E2F5","221586_s_at"
"E2F6","203957_at"
"E2F7","241725_at"
"E2F8","219990_at"
"E4F1","218524_at"
"EAF1","226952_at"
"EAF2","219551_at"
"EAPP","202623_at"
"EARS2","227374_at"
"EBAG9","204274_at"
"EBF1","227646_at"
"EBF2","220392_at"
"EBF3","227243_s_at"
"EBF4","233850_s_at"
"EBI3","219424_at"
"EBLN2","219906_at"
"EBLN3P","226635_at"
"EBNA1BP2","201323_at"
"EBP","202735_at"
"EBPL","223306_at"
"ECD","203013_at"
"ECE1","201749_at"
"ECE2","227103_s_at"
"ECEL1","219914_at"
"ECH1","200789_at"
"ECHDC1","223087_at"
"ECHDC2","218552_at"
"ECHDC3","219298_at"
"ECHS1","201135_at"
"ECI1","209759_s_at"
"ECI2","218025_s_at"
"ECI2-DT","1560412_at"
"ECM1","209365_s_at"
"ECM2","206101_at"
"ECPAS","214356_s_at"
"ECRG4","223623_at"
"ECSCR","228339_at"
"ECSIT","218225_at"
"ECT2","219787_s_at"
"EDA","206217_at"
"EDA2R","221399_at"
"EDAR","220048_at"
"EDARADD","1553430_a_at"
"EDC3","226042_at"
"EDC4","202496_at"
"EDDM13","237899_at"
"EDDM3A","208142_at"
"EDDM3B","220759_at"
"EDEM1","203279_at"
"EDEM2","218282_at"
"EDEM3","223243_s_at"
"EDF1","209058_at"
"EDIL3","225275_at"
"EDN1","222802_at"
"EDN2","206758_at"
"EDN3","208399_s_at"
"EDNRA","204464_s_at"
"EDNRB","204271_s_at"
"EDNRB-AS1","1568791_s_at"
"EDRF1","213410_at"
"EDRF1-DT","239483_at"
"EEA1","225885_at"
"EED","209572_s_at"
"EEF1A1","204892_x_at"
"EEF1A2","204540_at"
"EEF1AKMT1","227054_at"
"EEF1AKMT2","226631_at"
"EEF1AKMT3","213861_s_at"
"EEF1B2","200705_s_at"
"EEF1D","203113_s_at"
"EEF1E1","204905_s_at"
"EEF1G","211927_x_at"
"EEF2","204102_s_at"
"EEF2K","225545_at"
"EEF2KMT","222013_x_at"
"EEFSEC","227540_at"
"EEIG1","212400_at"
"EEIG2","226568_at"
"EEPD1","225630_at"
"EFCAB11","214264_s_at"
"EFCAB12","232639_at"
"EFCAB13","231651_at"
"EFCAB13-DT","236842_at"
"EFCAB14","201778_s_at"
"EFCAB2-AS1","235883_at"
"EFCAB3","1553392_at"
"EFCAB5","1558300_at"
"EFCAB6","220271_x_at"
"EFCAB7","226800_at"
"EFCC1","220006_at"
"EFEMP1","201842_s_at"
"EFEMP2","206580_s_at"
"EFHB","239477_at"
"EFHC1","225656_at"
"EFHC2","220591_s_at"
"EFHD1","209343_at"
"EFHD2","217992_s_at"
"EFL1","218973_at"
"EFNA1","202023_at"
"EFNA2","238956_at"
"EFNA3","210132_at"
"EFNA4","205107_s_at"
"EFNA5","233814_at"
"EFNB1","202711_at"
"EFNB2","202668_at"
"EFNB3","205031_at"
"EFR3A","212149_at"
"EFR3B","227283_at"
"EFS","204400_at"
"EFTUD2","222398_s_at"
"EGF","206254_at"
"EGFEM1P","1558411_at"
"EGFL6","219454_at"
"EGFL7","218825_at"
"EGFLAM","226911_at"
"EGFLAM-AS2","1556740_at"
"EGFLAM-AS4","1570163_at"
"EGFR","201983_s_at"
"EGLN1","223046_at"
"EGLN2","227147_s_at"
"EGLN3","222847_s_at"
"EGOT","222314_x_at"
"EGR1","227404_s_at"
"EGR2","205249_at"
"EGR3","206115_at"
"EGR4","231575_at"
"EHBP1","212653_s_at"
"EHBP1L1","1557228_at"
"EHD1","208112_x_at"
"EHD2","221870_at"
"EHD3","230740_at"
"EHD4","209536_s_at"
"EHF","225645_at"
"EHHADH","205222_at"
"EHMT1","225461_at"
"EHMT2","202326_at"
"EI24","208289_s_at"
"EID1","208669_s_at"
"EID2","225936_at"
"EID2B","242470_at"
"EID3","231292_at"
"EIF1","211956_s_at"
"EIF1AD","239377_at"
"EIF1AX","201019_s_at"
"EIF1AY","204409_s_at"
"EIF1B","201738_at"
"EIF1B-AS1","1556248_at"
"EIF2A","223015_at"
"EIF2AK1","217736_s_at"
"EIF2AK2","213294_at"
"EIF2AK3","218696_at"
"EIF2AK3-AS1","1568804_at"
"EIF2AK3-DT","236990_at"
"EIF2AK4","225164_s_at"
"EIF2B1","201632_at"
"EIF2B2","202461_at"
"EIF2B3","218488_at"
"EIF2B4","215482_s_at"
"EIF2B5","212351_at"
"EIF2D","218253_s_at"
"EIF2S1","201144_s_at"
"EIF2S2","208726_s_at"
"EIF2S3","224935_at"
"EIF3A","200595_s_at"
"EIF3B","208688_x_at"
"EIF3D","200005_at"
"EIF3E","208697_s_at"
"EIF3F","200023_s_at"
"EIF3G","208887_at"
"EIF3H","201592_at"
"EIF3I","208756_at"
"EIF3J","208985_s_at"
"EIF3J-DT","235124_at"
"EIF3K","212716_s_at"
"EIF3L","217719_at"
"EIF3M","202232_s_at"
"EIF4A1","214805_at"
"EIF4A2","200912_s_at"
"EIF4A3","201303_at"
"EIF4B","211938_at"
"EIF4E","201435_s_at"
"EIF4E2","213571_s_at"
"EIF4E3","225941_at"
"EIF4EBP1","221539_at"
"EIF4EBP2","224653_at"
"EIF4ENIF1","218626_at"
"EIF4G1","208625_s_at"
"EIF4G2","200004_at"
"EIF4G3","201936_s_at"
"EIF4H","206621_s_at"
"EIF5","208705_s_at"
"EIF5-DT","1556216_s_at"
"EIF5A","201122_x_at"
"EIF5A2","235296_at"
"EIF5B","201024_x_at"
"EIF6","210213_s_at"
"EIPR1","217968_at"
"ELAC1","222869_s_at"
"ELAC2","201767_s_at"
"ELANE","206871_at"
"ELAPOR1","226248_s_at"
"ELAPOR2","235301_at"
"ELAVL1","201726_at"
"ELAVL2","228260_at"
"ELAVL3","206338_at"
"ELAVL4","206051_at"
"ELF1","212418_at"
"ELF2","242735_x_at"
"ELF3","210827_s_at"
"ELF4","203490_at"
"ELF5","220624_s_at"
"ELFN1","229581_at"
"ELFN1-AS1","231443_at"
"ELFN2","1561369_at"
"ELK1","203617_x_at"
"ELK2AP","217039_x_at"
"ELK3","221773_at"
"ELK4","225159_s_at"
"ELL","204095_s_at"
"ELL2","226099_at"
"ELL3","219517_at"
"ELMO1","204513_s_at"
"ELMO2","55692_at"
"ELMO3","219411_at"
"ELMOD1","1564787_at"
"ELMOD2","226502_at"
"ELMOD3","226286_at"
"ELN","212670_at"
"ELOA","213604_at"
"ELOA-AS1","213685_at"
"ELOA2","220844_at"
"ELOB","200085_s_at"
"ELOC","202824_s_at"
"ELOF1","225156_at"
"ELOVL1","57163_at"
"ELOVL2","213712_at"
"ELOVL2-AS1","237365_at"
"ELOVL3","234513_at"
"ELOVL4","219532_at"
"ELOVL5","208788_at"
"ELOVL6","204256_at"
"ELOVL7","227180_at"
"ELP1","202491_s_at"
"ELP2","235623_at"
"ELP3","227075_at"
"ELP4","203829_at"
"ELP5","223286_at"
"ELP6","223277_at"
"ELSPBP1","220366_at"
"EMB","226789_at"
"EMC1","212396_s_at"
"EMC10","224727_at"
"EMC2","203584_at"
"EMC3","217882_at"
"EMC3-AS1","237005_at"
"EMC4","223857_x_at"
"EMC6","221255_s_at"
"EMC7","217898_at"
"EMC8","218057_x_at"
"EMC9","219203_at"
"EMCN","222885_at"
"EMD","209477_at"
"EME1","234464_s_at"
"EME2","1556024_at"
"EMG1","209233_at"
"EMID1","213779_at"
"EMILIN1","204163_at"
"EMILIN2","224374_s_at"
"EMILIN3","228307_at"
"EML1","204797_s_at"
"EML2","204398_s_at"
"EML2-AS1","234026_at"
"EML3","203442_x_at"
"EML4","223068_at"
"EML5","1568777_at"
"EML6","229656_s_at"
"EMP1","201324_at"
"EMP2","225079_at"
"EMP3","203729_at"
"EMSLR","1554887_at"
"EMSY","222807_at"
"EMX1","215264_at"
"EMX2","221950_at"
"EMX2OS","230963_at"
"EN1","220559_at"
"EN2","207060_at"
"ENAH","222433_at"
"ENAM","223893_at"
"ENC1","201341_at"
"ENDOD1","212573_at"
"ENDOG","204824_at"
"ENDOU","206605_at"
"ENDOV","238402_s_at"
"ENG","201809_s_at"
"ENGASE","65635_at"
"ENHO","228403_at"
"ENKD1","223407_at"
"ENKUR","237314_at"
"ENO1","201231_s_at"
"ENO1-AS1","237028_at"
"ENO2","201313_at"
"ENO3","204483_at"
"ENOPH1","217956_s_at"
"ENOSF1","204142_at"
"ENOX1","219501_at"
"ENOX2","204643_s_at"
"ENPEP","204844_at"
"ENPP1","205066_s_at"
"ENPP2","209392_at"
"ENPP3","222938_x_at"
"ENPP4","204160_s_at"
"ENPP5","227803_at"
"ENPP6","229916_at"
"ENPP7","238245_at"
"ENSA","202596_at"
"ENTHD1","1552394_a_at"
"ENTPD1","209473_at"
"ENTPD1-AS1","219731_at"
"ENTPD2","230430_at"
"ENTPD3","206191_at"
"ENTPD3-AS1","1556558_s_at"
"ENTPD4","204076_at"
"ENTPD5","226594_at"
"ENTPD6","201704_at"
"ENTPD7","235204_at"
"ENTR1","218427_at"
"ENTREP1","213900_at"
"ENTREP2","213997_at"
"ENTREP3","203550_s_at"
"ENY2","218482_at"
"EOGT","221935_s_at"
"EOLA1","213315_x_at"
"EOLA1-DT","1556026_at"
"EOLA2","212961_x_at"
"EOLA2-DT","215057_at"
"EOMES","231776_at"
"EP300","202221_s_at"
"EP300-AS1","1562921_at"
"EP400","212375_at"
"EP400P1","241437_s_at"
"EPAS1","200878_at"
"EPB41","225051_at"
"EPB41L1","212336_at"
"EPB41L2","201719_s_at"
"EPB41L3","206710_s_at"
"EPB41L4A","228256_s_at"
"EPB41L4A-AS1","225698_at"
"EPB41L4A-DT","220364_at"
"EPB41L4B","220161_s_at"
"EPB41L5","229292_at"
"EPB42","210746_s_at"
"EPC1","234969_s_at"
"EPC2","225838_at"
"EPCAM","201839_s_at"
"EPCAM-DT","237501_at"
"EPCIP","223923_at"
"EPCIP-AS1","1559755_at"
"EPDR1","223253_at"
"EPG5","227638_at"
"EPHA1","205977_s_at"
"EPHA1-AS1","238263_at"
"EPHA10","236073_at"
"EPHA2","203499_at"
"EPHA2-AS1","236601_at"
"EPHA3","206070_s_at"
"EPHA4","206114_at"
"EPHA5","216837_at"
"EPHA5-AS1","238241_at"
"EPHA6","233184_at"
"EPHA7","229288_at"
"EPHA8","1554069_at"
"EPHB1","210753_s_at"
"EPHB2","210651_s_at"
"EPHB3","204600_at"
"EPHB4","202894_at"
"EPHB6","204718_at"
"EPHX1","202017_at"
"EPHX2","209368_at"
"EPHX3","220013_at"
"EPHX4","239579_at"
"EPIC1","1563009_at"
"EPIST","236444_x_at"
"EPM2A","205231_s_at"
"EPM2A-DT","241745_at"
"EPM2AIP1","236314_at"
"EPN1","226667_x_at"
"EPN2","203464_s_at"
"EPN2-AS1","1561545_at"
"EPN3","223895_s_at"
"EPO","217254_s_at"
"EPOP","228066_at"
"EPOR","396_f_at"
"EPPIN","206319_s_at"
"EPPK1","232164_s_at"
"EPRS1","200843_s_at"
"EPS15","217887_s_at"
"EPS15L1","232438_at"
"EPS8","202609_at"
"EPS8L1","91826_at"
"EPS8L2","218180_s_at"
"EPS8L3","219404_at"
"EPSTI1","227609_at"
"EPX","214627_at"
"EPYC","206439_at"
"EQTN","232868_at"
"ERAL1","212087_s_at"
"ERAP1","209788_s_at"
"ERAP2","227462_at"
"ERBB2","216836_s_at"
"ERBB3","226213_at"
"ERBB4","233498_at"
"ERBIN","217941_s_at"
"ERC1","226049_at"
"ERC2","213938_at"
"ERC2-IT1","208247_at"
"ERCC1","203720_s_at"
"ERCC2","235399_at"
"ERCC3","202176_at"
"ERCC4","235215_at"
"ERCC5","202414_at"
"ERCC6","230108_at"
"ERCC6L","219650_at"
"ERCC6L2","229710_at"
"ERCC6L2-AS1","227893_at"
"ERCC8","205162_at"
"EREG","1569583_at"
"EREG-AS1","1558871_at"
"ERF","203643_at"
"ERG","213541_s_at"
"ERG28","202562_s_at"
"ERGIC1","224576_at"
"ERGIC2","226422_at"
"ERGIC3","216032_s_at"
"ERH","200043_at"
"ERI1","226416_at"
"ERI2","213365_at"
"ERI3","208973_at"
"ERICH1","1563315_s_at"
"ERICH2-DT","244174_at"
"ERICH3","243753_at"
"ERICH3-AS1","231687_at"
"ERICH4","231632_at"
"ERICH5","1552390_a_at"
"ERICH6","240729_at"
"ERLEC1","224628_at"
"ERLIN1","202441_at"
"ERLIN2","221543_s_at"
"ERLN","236098_at"
"ERLNC1","1563005_at"
"ERMAP","219905_at"
"ERMARD","227656_at"
"ERMN","231911_at"
"ERMP1","218342_s_at"
"ERN1","227755_at"
"ERN2","214372_x_at"
"ERO1A","225750_at"
"ERO1B","231944_at"
"ERP27","227450_at"
"ERP29","201216_at"
"ERP44","208959_s_at"
"ERRFI1","224657_at"
"ERV3-1","1562777_at"
"ERV3-2","222139_at"
"ERV9-1","215594_at"
"ERVFH21-1","1557914_s_at"
"ERVFRD-1","1555880_at"
"ERVH-1","1570266_x_at"
"ERVH-3","1557919_a_at"
"ERVH-4","208360_s_at"
"ERVH-6","1555743_s_at"
"ERVH48-1","232191_at"
"ERVK13-1","1563629_a_at"
"ERVK3-1","242139_s_at"
"ERVK3-2","221200_at"
"ERVMER34-1","219987_at"
"ERVMER61-1","1561331_at"
"ERVV-1","1553255_at"
"ERVW-1","1553352_x_at"
"ESAM","225369_at"
"ESAM-AS1","233527_at"
"ESCO1","226866_at"
"ESCO2","235588_at"
"ESD","209009_at"
"ESF1","218859_s_at"
"ESM1","208394_x_at"
"ESPL1","38158_at"
"ESPN","242327_x_at"
"ESPNL","1557000_at"
"ESR1","211234_x_at"
"ESR2","210780_at"
"ESRG","231381_at"
"ESRP1","225846_at"
"ESRP2","219395_at"
"ESRRA","1487_at"
"ESRRB","207726_at"
"ESRRG","207981_s_at"
"ESS2","241748_x_at"
"ESX1","1552445_a_at"
"ESYT1","208858_s_at"
"ESYT2","224698_at"
"ESYT3","239770_at"
"ETAA1","219216_at"
"ETF1","201574_at"
"ETFA","201931_at"
"ETFB","202942_at"
"ETFBKMT","1554582_a_at"
"ETFDH","33494_at"
"ETFRF1","225469_at"
"ETHE1","204034_at"
"ETNK1","242059_at"
"ETNK2","219268_at"
"ETNPPL","221008_s_at"
"ETS1","224833_at"
"ETS1-AS1","1562870_at"
"ETS2","201328_at"
"ETV1","221911_at"
"ETV2","215510_at"
"ETV3","227200_at"
"ETV4","211603_s_at"
"ETV5","203349_s_at"
"ETV6","225764_at"
"ETV7","221680_s_at"
"EVA1A","227828_s_at"
"EVA1A-AS","1570230_at"
"EVA1B","221710_x_at"
"EVA1C","227188_at"
"EVC","219432_at"
"EVC2","1555256_at"
"EVI2A","204774_at"
"EVI2B","211742_s_at"
"EVI5","209717_at"
"EVI5L","226411_at"
"EVL","217838_s_at"
"EVPL","204503_at"
"EVPLL","236933_at"
"EVX1","207914_x_at"
"EWSAT1","240912_x_at"
"EWSR1","209214_s_at"
"EXD1","1553907_a_at"
"EXD2","218363_at"
"EXD3","241363_at"
"EXO1","204603_at"
"EXO5","222902_s_at"
"EXOC1","222127_s_at"
"EXOC1-AS1","236928_at"
"EXOC2","226270_at"
"EXOC3","212630_at"
"EXOC3-AS1","235219_at"
"EXOC3L1","1554937_x_at"
"EXOC3L2","1552889_a_at"
"EXOC3L4","230677_at"
"EXOC4","224926_at"
"EXOC5","225084_at"
"EXOC6","226259_at"
"EXOC6B","225900_at"
"EXOC7","212034_s_at"
"EXOC8","227577_at"
"EXOG","205521_at"
"EXOSC1","222609_s_at"
"EXOSC10","207541_s_at"
"EXOSC2","214507_s_at"
"EXOSC3","227916_x_at"
"EXOSC4","58696_at"
"EXOSC5","218481_at"
"EXOSC6","227696_at"
"EXOSC7","212627_s_at"
"EXOSC8","215136_s_at"
"EXOSC9","205061_s_at"
"EXPH5","214734_at"
"EXT1","201995_at"
"EXT2","202012_s_at"
"EXTL1","206329_at"
"EXTL2","209537_at"
"EXTL3","209202_s_at"
"EXTL3-AS1","1556436_at"
"EYA1","214608_s_at"
"EYA2","209692_at"
"EYA3","226170_at"
"EYA4","238877_at"
"EYS","233996_x_at"
"EZH1","32259_at"
"EZH2","203358_s_at"
"EZHIP","1555396_s_at"
"EZR","208623_s_at"
"F10","205620_at"
"F11","206610_s_at"
"F11-AS1","1557233_at"
"F11R","223000_s_at"
"F12","205774_at"
"F13A1","203305_at"
"F13B","207810_at"
"F2","205754_at"
"F2R","203989_x_at"
"F2RL1","213506_at"
"F2RL2","230147_at"
"F2RL3","207221_at"
"F3","204363_at"
"F5","204714_s_at"
"F7","237414_at"
"F8","205756_s_at"
"F9","207218_at"
"FA2H","219429_at"
"FAAH","204231_s_at"
"FAAH2","230792_at"
"FAAP100","228136_s_at"
"FAAP20","229113_s_at"
"FAAP24","214816_x_at"
"FABP1","231693_at"
"FABP2","207475_at"
"FABP3","205738_s_at"
"FABP4","203980_at"
"FABP5","202345_s_at"
"FABP6","210445_at"
"FABP6-AS1","1566126_at"
"FABP7","205030_at"
"FADD","202535_at"
"FADS1","208964_s_at"
"FADS2","202218_s_at"
"FADS3","204257_at"
"FAF1","218080_x_at"
"FAF2","212108_at"
"FAH","202862_at"
"FAHD1","227960_s_at"
"FAHD2A","218504_at"
"FAHD2CP","228198_s_at"
"FAIM","220643_s_at"
"FAIM2","203618_at"
"FAM106A","220575_at"
"FAM107A","209074_s_at"
"FAM107B","223059_s_at"
"FAM110A","226584_s_at"
"FAM110B","228790_at"
"FAM110C","226863_at"
"FAM110D","220430_at"
"FAM111A","218248_at"
"FAM111A-DT","235152_at"
"FAM111B","1557128_at"
"FAM114A1","213455_at"
"FAM114A2","222682_s_at"
"FAM117A","221249_s_at"
"FAM117B","226431_at"
"FAM120A","200774_at"
"FAM120AOS","225395_s_at"
"FAM120B","226774_at"
"FAM120C","229512_at"
"FAM124A","1553239_at"
"FAM124B","220637_at"
"FAM131A","221904_at"
"FAM131B","205368_at"
"FAM131B-AS2","241353_s_at"
"FAM131C","235455_at"
"FAM133A","239481_at"
"FAM135A","223497_at"
"FAM135B","224001_at"
"FAM13A","202973_x_at"
"FAM13A-AS1","243020_at"
"FAM13B","218518_at"
"FAM13C","1554547_at"
"FAM149A","214890_s_at"
"FAM149B1","213463_s_at"
"FAM151A","1554668_a_at"
"FAM153A","211166_at"
"FAM153B","1555485_s_at"
"FAM161A","242584_at"
"FAM161B","242608_x_at"
"FAM162A","223193_x_at"
"FAM162B","228875_at"
"FAM163A","231267_at"
"FAM163B","230816_at"
"FAM167A","226614_s_at"
"FAM167A-AS1","1552448_a_at"
"FAM167B","223657_at"
"FAM168A","212357_at"
"FAM168B","212017_at"
"FAM169A","235048_at"
"FAM169A-AS1","1562920_at"
"FAM169BP","1562319_at"
"FAM170A","1562906_at"
"FAM170B","1559828_at"
"FAM170B-AS1","1557660_s_at"
"FAM171A1","212771_at"
"FAM171A2","235544_x_at"
"FAM171B","227370_at"
"FAM174A","226752_at"
"FAM174B","221880_s_at"
"FAM174C","221587_s_at"
"FAM177A1","227029_at"
"FAM178B","223812_at"
"FAM181A","231117_at"
"FAM181A-AS1","1557211_a_at"
"FAM181B","230994_at"
"FAM182A","230539_at"
"FAM182B","215487_x_at"
"FAM184A","220150_s_at"
"FAM184B","233823_at"
"FAM185A","1556373_a_at"
"FAM186A","216595_at"
"FAM186B","224039_at"
"FAM187B","242259_at"
"FAM193A","203600_s_at"
"FAM193B","218920_at"
"FAM193B-DT","236596_at"
"FAM199X","225216_at"
"FAM200A","238609_at"
"FAM200B","227466_at"
"FAM200C","220770_s_at"
"FAM201A","1557541_at"
"FAM201B","1569008_at"
"FAM204A","222617_s_at"
"FAM209A","233086_at"
"FAM209B","232513_x_at"
"FAM20A","226804_at"
"FAM20B","202915_s_at"
"FAM20C","226722_at"
"FAM215A","221129_at"
"FAM216A","204521_at"
"FAM216B","1556711_at"
"FAM217A","237619_at"
"FAM217B","225313_at"
"FAM218A","1553710_at"
"FAM219A","225146_at"
"FAM219B","224804_s_at"
"FAM220A","224452_s_at"
"FAM221A","228600_x_at"
"FAM221B","240871_at"
"FAM222A","226487_at"
"FAM222A-AS1","1553811_at"
"FAM222B","218464_s_at"
"FAM223B","244164_at"
"FAM224A","216786_at"
"FAM227B","1557429_s_at"
"FAM228A","231386_at"
"FAM228B","230435_at"
"FAM229A","1556560_a_at"
"FAM229B","225812_at"
"FAM230C","237047_at"
"FAM230I","1554940_a_at"
"FAM234A","224749_at"
"FAM234B","213234_at"
"FAM238B","237236_x_at"
"FAM238C","231196_x_at"
"FAM239A","59433_at"
"FAM240C","238196_at"
"FAM241A","227856_at"
"FAM241B","226313_at"
"FAM24A","243143_at"
"FAM24B","231146_at"
"FAM27E3","227563_at"
"FAM30A","220377_at"
"FAM32A","201863_at"
"FAM3A","38043_at"
"FAM3B","227194_at"
"FAM3C","201889_at"
"FAM3D","227676_at"
"FAM3D-AS1","236960_at"
"FAM43A","227410_at"
"FAM43B","1569256_a_at"
"FAM47A","243700_x_at"
"FAM47B","240426_at"
"FAM47C","239732_x_at"
"FAM47E","1570398_at"
"FAM50A","203262_s_at"
"FAM50B","205775_at"
"FAM53A","236206_at"
"FAM53B","203206_at"
"FAM53B-AS1","1559812_at"
"FAM53C","218023_s_at"
"FAM66C","1570397_x_at"
"FAM66D","222194_at"
"FAM76A","228604_at"
"FAM76B","226753_at"
"FAM78A","227002_at"
"FAM78B","241456_at"
"FAM81A","241481_at"
"FAM81B","240065_at"
"FAM86B2-DT","227917_at"
"FAM86B3P","237630_s_at"
"FAM86C1P","220353_at"
"FAM89A","226448_at"
"FAM89B","32209_at"
"FAM8A1","203420_at"
"FAM90A1","220535_at"
"FAM91A1","226294_x_at"
"FAM95A","234016_at"
"FAM95C","244297_at"
"FAM98A","212333_at"
"FAM98B","225086_at"
"FAM98C","227951_s_at"
"FAM99B","240441_at"
"FAM9A","1555133_at"
"FAM9B","1553461_at"
"FAM9C","244644_at"
"FAN1","239289_x_at"
"FANCA","215530_at"
"FANCB","243597_at"
"FANCC","205189_s_at"
"FANCD2","223545_at"
"FANCD2OS","231531_at"
"FANCE","220255_at"
"FANCF","218689_at"
"FANCG","203564_at"
"FANCI","213008_at"
"FANCL","218397_at"
"FANCM","231971_at"
"FANK1","232968_at"
"FAP","209955_s_at"
"FAR1","224866_at"
"FAR2","220615_s_at"
"FAR2-AS1","1557410_at"
"FAR2P1","241895_at"
"FAR2P2","226809_at"
"FARP1","201910_at"
"FARP2","225652_at"
"FARS2","204282_s_at"
"FARS2-AS1","240361_at"
"FARSA","202159_at"
"FARSB","223035_s_at"
"FAS","204780_s_at"
"FAS-AS1","237522_at"
"FASLG","210865_at"
"FASN","212218_s_at"
"FASTK","214114_x_at"
"FASTKD1","219002_at"
"FASTKD2","216996_s_at"
"FASTKD3","219200_at"
"FASTKD5","219016_at"
"FAT1","201579_at"
"FAT2","208153_s_at"
"FAT3","236029_at"
"FAT4","219427_at"
"FATE1","231573_at"
"FAU","200019_s_at"
"FAXC","232067_at"
"FAXDC2","48030_i_at"
"FBF1","1555288_s_at"
"FBH1","224683_at"
"FBL","211623_s_at"
"FBLIM1","225258_at"
"FBLL1","244071_at"
"FBLN1","202994_s_at"
"FBLN2","203886_s_at"
"FBLN5","203088_at"
"FBLN7","229247_at"
"FBN1","202766_s_at"
"FBN1-DT","237161_at"
"FBN2","203184_at"
"FBN3","240117_at"
"FBP1","209696_at"
"FBP2","206844_at"
"FBRS","218255_s_at"
"FBRSL1","225703_at"
"FBXL12","220127_s_at"
"FBXL13","1556770_a_at"
"FBXL14","213145_at"
"FBXL15","218938_at"
"FBXL16","227641_at"
"FBXL17","227203_at"
"FBXL18","1553359_at"
"FBXL19","228277_at"
"FBXL19-AS1","1553586_at"
"FBXL2","214436_at"
"FBXL20","226842_at"
"FBXL21P","1555413_s_at"
"FBXL22","241350_at"
"FBXL3","225132_at"
"FBXL4","209943_at"
"FBXL5","209004_s_at"
"FBXL6","239416_at"
"FBXL7","213249_at"
"FBXL7-AS1","240707_at"
"FBXL8","220080_at"
"FBXL9P","232545_at"
"FBXO10","227222_at"
"FBXO11","222119_s_at"
"FBXO15","231472_at"
"FBXO16","228427_at"
"FBXO17","220233_at"
"FBXO2","219305_x_at"
"FBXO21","212229_s_at"
"FBXO22","225736_at"
"FBXO24","223941_at"
"FBXO25","225591_at"
"FBXO27","235169_at"
"FBXO28","202271_at"
"FBXO3","218432_at"
"FBXO30","226541_at"
"FBXO31","224162_s_at"
"FBXO32","225328_at"
"FBXO33","227521_at"
"FBXO34","218539_at"
"FBXO36","236525_at"
"FBXO38","224369_s_at"
"FBXO38-DT","1557873_at"
"FBXO39","1552830_at"
"FBXO4","223493_at"
"FBXO40","220164_s_at"
"FBXO41","44040_at"
"FBXO42","221812_at"
"FBXO43","236852_at"
"FBXO44","223517_at"
"FBXO45","225099_at"
"FBXO46","205310_at"
"FBXO5","234863_x_at"
"FBXO6","231769_at"
"FBXO7","201178_at"
"FBXO8","1554806_a_at"
"FBXO9","212987_at"
"FBXW10","223870_at"
"FBXW10B","208279_s_at"
"FBXW11","209455_at"
"FBXW12","215600_x_at"
"FBXW2","209630_s_at"
"FBXW4","221519_at"
"FBXW4P1","214623_at"
"FBXW5","223050_s_at"
"FBXW7","218751_s_at"
"FBXW8","231883_at"
"FBXW9","223419_at"
"FCAMR","231496_at"
"FCAR","211816_x_at"
"FCER1A","211734_s_at"
"FCER1G","204232_at"
"FCER2","206759_at"
"FCF1","215567_at"
"FCGBP","203240_at"
"FCGR1A","216951_at"
"FCGR1BP","214511_x_at"
"FCGR2A","1565673_at"
"FCGR2B","210889_s_at"
"FCGR2C","211395_x_at"
"FCGR3B","204007_at"
"FCGRT","218831_s_at"
"FCHO1","213669_at"
"FCHO2","228220_at"
"FCHSD1","226698_at"
"FCHSD2","203620_s_at"
"FCMR","221602_s_at"
"FCN1","205237_at"
"FCN2","208439_s_at"
"FCN3","205866_at"
"FCRL1","235982_at"
"FCRL2","224193_s_at"
"FCRL3","231093_at"
"FCRL4","224401_s_at"
"FCRL5","224406_s_at"
"FCRLA","235372_at"
"FCRLB","238452_at"
"FCSK","226072_at"
"FDCSP","229152_at"
"FDFT1","208647_at"
"FDPS","201275_at"
"FDX1","203647_s_at"
"FDX2","226451_at"
"FDXACB1","229989_at"
"FDXR","207813_s_at"
"FECH","203116_s_at"
"FEM1A","223175_s_at"
"FEM1B","212367_at"
"FEM1C","213341_at"
"FEN1","204767_s_at"
"FENDRR","242332_at"
"FER","206412_at"
"FER1L4","222245_s_at"
"FER1L5","233353_at"
"FER1L6-AS1","1553443_at"
"FERD3L","1553517_at"
"FERMT1","218796_at"
"FERMT2","209210_s_at"
"FERMT3","223303_at"
"FERRY3","222613_at"
"FES","205418_at"
"FETUB","210521_s_at"
"FEV","207260_at"
"FEZ1","203562_at"
"FEZ2","215000_s_at"
"FEZF2","233972_s_at"
"FFAR1","231761_at"
"FFAR2","221345_at"
"FFAR4","240856_at"
"FGA","205650_s_at"
"FGB","204988_at"
"FGD1","204819_at"
"FGD2","1553906_s_at"
"FGD3","227811_at"
"FGD4","227948_at"
"FGD5","226985_at"
"FGD5-AS1","224644_at"
"FGD6","219901_at"
"FGF1","205117_at"
"FGF10","231762_at"
"FGF10-AS1","1562691_at"
"FGF11","227271_at"
"FGF12","238521_at"
"FGF13","205110_s_at"
"FGF13-AS1","1560537_at"
"FGF14","230288_at"
"FGF14-AS2","230351_at"
"FGF14-IT1","237392_at"
"FGF16","221374_at"
"FGF17","221376_at"
"FGF18","206986_at"
"FGF19","223761_at"
"FGF2","204421_s_at"
"FGF20","220394_at"
"FGF21","221433_at"
"FGF22","1566816_at"
"FGF23","221166_at"
"FGF3","214571_at"
"FGF4","206783_at"
"FGF5","210310_s_at"
"FGF6","208417_at"
"FGF7","205782_at"
"FGF7P3","231031_at"
"FGF8","208449_s_at"
"FGF9","206404_at"
"FGFBP1","205014_at"
"FGFBP2","223836_at"
"FGFBP3","238453_at"
"FGFR1","211535_s_at"
"FGFR1OP2","233898_s_at"
"FGFR2","203638_s_at"
"FGFR3","204379_s_at"
"FGFR4","1554962_a_at"
"FGFRL1","223321_s_at"
"FGG","219612_s_at"
"FGGY","219718_at"
"FGL1","205305_at"
"FGL2","227265_at"
"FGR","208438_s_at"
"FH","214170_x_at"
"FHAD1","1563639_a_at"
"FHAD1-AS1","240075_at"
"FHDC1","226599_at"
"FHDC1-AS1","1560068_a_at"
"FHIP1A","242687_at"
"FHIP1A-DT","239869_at"
"FHIP1B","223637_s_at"
"FHIP2A","226155_at"
"FHIP2B","218337_at"
"FHIT","206492_at"
"FHL1","201540_at"
"FHL1P1","237635_at"
"FHL2","202949_s_at"
"FHL3","218818_at"
"FHL5","220170_at"
"FHOD1","218530_at"
"FHOD3","218980_at"
"FIBCD1","238943_at"
"FIBIN","226769_at"
"FIBP","202041_s_at"
"FICD","219910_at"
"FIG4","203656_at"
"FIGLA","1570337_at"
"FIGN","242828_at"
"FIGNL1","222843_at"
"FILIP1","231945_at"
"FILIP1L","204135_at"
"FILNC1","1557161_at"
"FIMP1","1557162_at"
"FIP1L1","221007_s_at"
"FIRRE","1558791_at"
"FIRRM","220840_s_at"
"FIS1","218034_at"
"FITM1","229567_at"
"FITM2","226805_at"
"FIZ1","226967_at"
"FJX1","219522_at"
"FKBP10","219249_s_at"
"FKBP11","219117_s_at"
"FKBP14","230728_at"
"FKBP15","31826_at"
"FKBP1A","200709_at"
"FKBP1B","206857_s_at"
"FKBP2","203391_at"
"FKBP3","218003_s_at"
"FKBP4","200895_s_at"
"FKBP5","224840_at"
"FKBP6","206763_at"
"FKBP7","224002_s_at"
"FKBP8","40850_at"
"FKBP9","212169_at"
"FKBPL","219187_at"
"FKRP","227882_at"
"FKSG29","223896_at"
"FKSG49","211454_x_at"
"FKTN","205283_at"
"FLACC1","239458_at"
"FLAD1","212541_at"
"FLCN","215645_at"
"FLG","215704_at"
"FLG2","1569410_at"
"FLI1","204236_at"
"FLII","212024_x_at"
"FLJ12825","233008_at"
"FLJ13224","220211_at"
"FLJ16779","239509_at"
"FLJ20712","220678_at"
"FLJ30679","1553258_at"
"FLJ32255","235291_s_at"
"FLJ33534","1564233_at"
"FLJ37201","1560654_at"
"FLJ38576","1559441_s_at"
"FLJ40288","1553464_at"
"FLJ42627","220352_x_at"
"FLJ45513","239400_at"
"FLJ46875","230203_at"
"FLNA","200859_x_at"
"FLNB","208614_s_at"
"FLNB-AS1","1561967_at"
"FLNC","207876_s_at"
"FLOT1","208749_x_at"
"FLOT2","201350_at"
"FLRT1","210414_at"
"FLRT2","204359_at"
"FLRT2-AS1","1559970_at"
"FLRT3","222853_at"
"FLT1","232809_s_at"
"FLT3","206674_at"
"FLT3LG","206980_s_at"
"FLT4","234379_at"
"FLVCR1","228191_at"
"FLVCR1-DT","235126_at"
"FLVCR2","222866_s_at"
"FLYWCH1","223950_s_at"
"FLYWCH2","226079_at"
"FMC1","226780_s_at"
"FMN1","238621_at"
"FMN2","230946_at"
"FMNL1","204789_at"
"FMNL2","226184_at"
"FMNL3","230640_at"
"FMO1","205666_at"
"FMO2","228268_at"
"FMO3","206496_at"
"FMO4","206263_at"
"FMO5","205776_at"
"FMO6P","215174_at"
"FMO9P","1553924_at"
"FMOD","202709_at"
"FMR1","215245_x_at"
"FMR1NB","1552906_at"
"FN1","216442_x_at"
"FN3K","219744_at"
"FN3KRP","218210_at"
"FNBP1","212288_at"
"FNBP1L","215017_s_at"
"FNBP4","212232_at"
"FNDC1","226930_at"
"FNDC1-AS1","240460_at"
"FNDC10","227185_at"
"FNDC11","220426_at"
"FNDC3A","202304_at"
"FNDC3B","225032_at"
"FNDC4","218843_at"
"FNDC5","226097_at"
"FNDC7","240837_at"
"FNDC8","220499_at"
"FNDC9","1554801_at"
"FNIP1","228768_at"
"FNIP2","225922_at"
"FNTA","200090_at"
"FNTB","1568865_at"
"FOCAD","218503_at"
"FOLH1","217483_at"
"FOLH1B","211303_x_at"
"FOLR1","211074_at"
"FOLR2","204829_s_at"
"FOLR3","206371_at"
"FOS","209189_at"
"FOSB","202768_at"
"FOSL1","204420_at"
"FOSL2","228188_at"
"FOSL2-AS1","1560932_at"
"FOXA1","204667_at"
"FOXA2","40284_at"
"FOXA3","228463_at"
"FOXB1","208513_at"
"FOXC1","213260_at"
"FOXC2","239058_at"
"FOXCUT","241787_at"
"FOXD1","206307_s_at"
"FOXD2","207653_at"
"FOXD2-AS1","224457_at"
"FOXD3","241609_at"
"FOXD3-AS1","230423_at"
"FOXD4","1567341_at"
"FOXE1","208239_at"
"FOXE3","220621_at"
"FOXF1","205935_at"
"FOXF2","206377_at"
"FOXG1","207658_s_at"
"FOXH1","231407_s_at"
"FOXI1","208006_at"
"FOXJ1","205906_at"
"FOXJ2","203734_at"
"FOXJ3","206015_s_at"
"FOXK1","226715_at"
"FOXK2","226224_at"
"FOXL1","243409_at"
"FOXL2","220102_at"
"FOXM1","202580_x_at"
"FOXN1","207683_at"
"FOXN2","226711_at"
"FOXN3","205022_s_at"
"FOXN3-AS1","227885_at"
"FOXN3-AS2","220852_at"
"FOXN3-AS3","1556003_a_at"
"FOXN4","1564713_a_at"
"FOXO1","202724_s_at"
"FOXO3","224891_at"
"FOXO4","205451_at"
"FOXO6","239657_x_at"
"FOXP1","224838_at"
"FOXP1-AS1","1563157_at"
"FOXP1-IT1","232096_x_at"
"FOXP2","235201_at"
"FOXP3","221334_s_at"
"FOXP4","227120_at"
"FOXP4-AS1","238898_at"
"FOXQ1","227475_at"
"FOXR1","237613_at"
"FOXR2","1569669_at"
"FOXRED1","223128_at"
"FOXRED2","231846_at"
"FOXS1","229731_at"
"FPGS","202945_at"
"FPGT","205140_at"
"FPR1","205119_s_at"
"FPR2","210773_s_at"
"FPR3","230422_at"
"FRA10AC1","226398_s_at"
"FRAS1","226145_s_at"
"FRAT1","219889_at"
"FRAT2","209864_at"
"FREM1","228233_at"
"FREM2","230964_at"
"FREM3","243337_at"
"FREY1","240029_at"
"FRG1","204145_at"
"FRG1BP","234949_at"
"FRG1CP","215160_x_at"
"FRG1EP","242249_at"
"FRG1HP","232140_at"
"FRG1JP","240246_at"
"FRG2EP","234830_at"
"FRK","235924_at"
"FRMD1","220819_at"
"FRMD3","229893_at"
"FRMD4A","225163_at"
"FRMD4B","213056_at"
"FRMD5","1569470_a_at"
"FRMD6","225464_at"
"FRMD6-AS1","233106_at"
"FRMD7","233047_at"
"FRMD8","227964_at"
"FRMD8P1","224271_x_at"
"FRMPD1","206774_at"
"FRMPD3","236688_at"
"FRMPD4","239290_at"
"FRRS1","1570207_at"
"FRRS1L","239097_at"
"FRS2","226045_at"
"FRS3","219907_at"
"FRY","204072_s_at"
"FRY-AS1","1558793_at"
"FRYL","212548_s_at"
"FRZB","203697_at"
"FSAF1","226242_at"
"FSCB","224274_at"
"FSCN1","201564_s_at"
"FSCN2","207204_at"
"FSCN3","220379_at"
"FSD1","219170_at"
"FSD1L","242807_at"
"FSD2","237222_at"
"FSHB","214489_at"
"FSHR","211201_at"
"FSIP1","1553622_a_at"
"FSIP2","240028_at"
"FSIP2-AS2","1560288_at"
"FST","204948_s_at"
"FSTL1","208782_at"
"FSTL3","203592_s_at"
"FSTL4","1564511_a_at"
"FSTL4-AS2","1565909_at"
"FSTL5","232010_at"
"FSTL5-AS1","1569712_at"
"FTCD","220604_x_at"
"FTCDNL1","1556667_at"
"FTH1","200748_s_at"
"FTH1P5","211628_x_at"
"FTHL17","224379_at"
"FTL","212788_x_at"
"FTO","209702_at"
"FTSJ1","205324_s_at"
"FTSJ3","218103_at"
"FTX","1558515_at"
"FUBP1","214093_s_at"
"FUBP3","212824_at"
"FUCA1","202838_at"
"FUCA2","223120_at"
"FUNDC1","235346_at"
"FUNDC2","223042_s_at"
"FUOM","230259_at"
"FURIN","201945_at"
"FUS","200959_at"
"FUT1","206109_at"
"FUT2","210608_s_at"
"FUT3","214088_s_at"
"FUT4","209892_at"
"FUT5","211225_at"
"FUT6","211465_x_at"
"FUT7","217696_at"
"FUT8","203988_s_at"
"FUT8-AS1","242889_x_at"
"FUT9","214046_at"
"FUZ","221187_s_at"
"FXN","205565_s_at"
"FXR1","201637_s_at"
"FXR2","35265_at"
"FXYD1","205384_at"
"FXYD2","205674_x_at"
"FXYD3","202489_s_at"
"FXYD4","231058_at"
"FXYD5","218084_x_at"
"FXYD6","217897_at"
"FXYD7","220131_at"
"FYB1","211795_s_at"
"FYB2","231073_at"
"FYCO1","218204_s_at"
"FYN","210105_s_at"
"FYTTD1","224641_at"
"FZD1","204451_at"
"FZD10","219764_at"
"FZD10-AS1","239569_at"
"FZD2","238129_s_at"
"FZD3","239082_at"
"FZD4","218665_at"
"FZD4-DT","1561539_at"
"FZD5","221245_s_at"
"FZD6","203987_at"
"FZD7","203706_s_at"
"FZD8","227405_s_at"
"FZD9","207639_at"
"FZR1","209415_at"
"G0S2","213524_s_at"
"G2E3","223256_at"
"G2E3-AS1","243499_at"
"G3BP1","225007_at"
"G3BP2","208841_s_at"
"G6PC1","1555612_s_at"
"G6PC2","221453_at"
"G6PC3","44654_at"
"G6PD","202275_at"
"GAA","202812_at"
"GAB1","225998_at"
"GAB2","203853_s_at"
"GAB3","228410_at"
"GAB4","1563816_at"
"GABARAP","200645_at"
"GABARAPL1","208869_s_at"
"GABARAPL2","209046_s_at"
"GABARAPL3","211457_at"
"GABBR1","203146_s_at"
"GABBR2","211679_x_at"
"GABPA","227428_at"
"GABPB1-AS1","227406_at"
"GABPB2","228466_at"
"GABRA1","206678_at"
"GABRA2","207014_at"
"GABRA3","207210_at"
"GABRA4","233437_at"
"GABRA5","217280_x_at"
"GABRA6","207182_at"
"GABRB1","207010_at"
"GABRB2","207352_s_at"
"GABRB3","229724_at"
"GABRD","208457_at"
"GABRE","204537_s_at"
"GABRG1","241805_at"
"GABRG2","206849_at"
"GABRG3","216895_at"
"GABRG3-AS1","237621_at"
"GABRP","205044_at"
"GABRQ","238123_at"
"GABRR1","206525_at"
"GABRR2","208217_at"
"GABRR3","234410_at"
"GAD1","206669_at"
"GAD2","206780_at"
"GADD45A","203725_at"
"GADD45B","207574_s_at"
"GADD45G","204121_at"
"GADD45GIP1","212891_s_at"
"GADL1","1563533_at"
"GAGE1","208283_at"
"GAK","40225_at"
"GAL","214240_at"
"GAL3ST1","205670_at"
"GAL3ST2","1553046_s_at"
"GAL3ST3","1553257_at"
"GAL3ST4","219815_at"
"GALC","204417_at"
"GALE","202528_at"
"GALK1","204374_s_at"
"GALK2","230918_at"
"GALM","234974_at"
"GALNS","206335_at"
"GALNT1","201722_s_at"
"GALNT10","230906_at"
"GALNT11","219013_at"
"GALNT12","218885_s_at"
"GALNT13","236536_at"
"GALNT14","219271_at"
"GALNT15","236361_at"
"GALNT16","232548_at"
"GALNT17","227434_at"
"GALNT18","1554079_at"
"GALNT2","217788_s_at"
"GALNT3","203397_s_at"
"GALNT5","229555_at"
"GALNT6","219956_at"
"GALNT7","218313_s_at"
"GALNT7-DT","1557878_at"
"GALNT9","229451_at"
"GALNTL5","233150_at"
"GALNTL6","1555273_at"
"GALNTL6-AS1","1561622_at"
"GALP","224242_at"
"GALR1","220821_at"
"GALR2","211226_at"
"GALR3","33579_i_at"
"GALT","203179_at"
"GAMT","1552473_at"
"GAN","228567_at"
"GANAB","211934_x_at"
"GANC","236077_at"
"GAP43","216963_s_at"
"GAPDH","212581_x_at"
"GAPDHS","207116_s_at"
"GAPLINC","242465_at"
"GAPT","1552386_at"
"GAPVD1","212802_s_at"
"GAR1","219110_at"
"GAREM1","219377_at"
"GAREM2","228028_at"
"GARIN1A","237320_at"
"GARIN1B","236214_at"
"GARIN2","1552839_at"
"GARIN3","1553629_a_at"
"GARIN4","1552383_at"
"GARIN5A","229289_at"
"GARIN5B","1564319_at"
"GARIN6","1552526_at"
"GARNL3","223604_at"
"GARRE1","203288_at"
"GARS1","208693_s_at"
"GARS1-DT","1558459_s_at"
"GART","230097_at"
"GAS1","204457_s_at"
"GAS1RR","238463_at"
"GAS2","205848_at"
"GAS2L1","31874_at"
"GAS2L2","1552596_at"
"GAS2L3","235709_at"
"GAS5","224741_x_at"
"GAS5-AS1","235712_at"
"GAS6","1598_g_at"
"GAS6-AS1","238097_at"
"GAS7","202192_s_at"
"GAS8-AS1","207615_s_at"
"GASK1A","232124_at"
"GASK1B","223204_at"
"GAST","208138_at"
"GATA1","1555590_a_at"
"GATA2","209710_at"
"GATA2-AS1","232370_at"
"GATA3","209604_s_at"
"GATA3-AS1","240827_at"
"GATA4","205517_at"
"GATA5","238095_at"
"GATA6","210002_at"
"GATA6-AS1","236118_at"
"GATAD1","208503_s_at"
"GATAD2A","218131_s_at"
"GATAD2B","225393_at"
"GATB","204300_at"
"GATC","225430_at"
"GATD1","227968_at"
"GATD1-DT","1553943_at"
"GATM","216733_s_at"
"GAU1","1559538_at"
"GBA1LP","210589_s_at"
"GBA2","223921_s_at"
"GBA3","219954_s_at"
"GBE1","203282_at"
"GBF1","201439_at"
"GBGT1","231780_at"
"GBP1","231577_s_at"
"GBP1P1","1570541_s_at"
"GBP2","202748_at"
"GBP3","223434_at"
"GBP4","235175_at"
"GBP5","229625_at"
"GBP6","1559607_s_at"
"GBX1","217011_at"
"GBX2","210560_at"
"GC","204965_at"
"GCA","203765_at"
"GCAT","36475_at"
"GCC1","218912_at"
"GCC2","202832_at"
"GCC2-AS1","224141_at"
"GCDH","203500_at"
"GCFC2","216305_s_at"
"GCG","206422_at"
"GCGR","210565_at"
"GCH1","204224_s_at"
"GCHFR","204867_at"
"GCK","211167_s_at"
"GCKR","206867_at"
"GCLC","202923_s_at"
"GCLM","203925_at"
"GCM1","206269_at"
"GCM2","220799_at"
"GCN1","212139_at"
"GCNA","238825_at"
"GCNT1","239761_at"
"GCNT2","230788_at"
"GCNT3","219508_at"
"GCNT4","220831_at"
"GCNT7","242040_at"
"GCSAM","235310_at"
"GCSAML","1552908_at"
"GCSAML-AS1","232452_at"
"GCSH","213129_s_at"
"GCSIR","1562689_at"
"GDA","224209_s_at"
"GDAP1","226271_at"
"GDAP1L1","219668_at"
"GDAP2","1554154_at"
"GDE1","226214_at"
"GDF10","206159_at"
"GDF11","216854_at"
"GDF15","221577_x_at"
"GDF2","221136_at"
"GDF3","220053_at"
"GDF5","206614_at"
"GDF7","214238_at"
"GDF9","221314_at"
"GDI1","201864_at"
"GDI2","200009_at"
"GDNF","221359_at"
"GDPD1","238681_at"
"GDPD2","220291_at"
"GDPD3","219722_s_at"
"GDPD5","32502_at"
"GDPGP1","1565150_at"
"GEM","204472_at"
"GEMIN2","211115_x_at"
"GEMIN4","217099_s_at"
"GEMIN5","225712_at"
"GEMIN6","219539_at"
"GEMIN7","1555751_a_at"
"GEMIN8","222854_s_at"
"GEN1","228286_at"
"GET1","202749_at"
"GET3","202024_at"
"GET4","224816_at"
"GFAP","203539_s_at"
"GFER","204660_at"
"GFI1","206589_at"
"GFI1B","237403_at"
"GFM1","225153_at"
"GFM2","225392_at"
"GFOD1","219821_s_at"
"GFOD2","214076_at"
"GFOD3P","213340_s_at"
"GFPT1","202722_s_at"
"GFPT2","205100_at"
"GFRA1","227550_at"
"GFRA2","205721_at"
"GFRA3","229936_at"
"GFRA4","234868_s_at"
"GFUS","201644_at"
"GGA1","45572_s_at"
"GGA2","213772_s_at"
"GGA3","209411_s_at"
"GGACT","232422_at"
"GGCT","215380_s_at"
"GGCX","235413_at"
"GGH","203560_at"
"GGN","244305_at"
"GGNBP2","218079_s_at"
"GGPS1","202322_s_at"
"GGT1","233837_at"
"GGT5","205582_s_at"
"GGT6","236225_at"
"GGT7","226470_at"
"GGTA1","228376_at"
"GGTLC1","211416_x_at"
"GH1","206885_x_at"
"GH2","206195_x_at"
"GHDC","227159_at"
"GHET1","1570125_at"
"GHITM","209249_s_at"
"GHR","205498_at"
"GHRH","214524_at"
"GHRHR","207825_s_at"
"GHRL","223862_at"
"GHRLOS","244695_at"
"GHSR","224554_at"
"GID4","228452_at"
"GID8","225376_at"
"GIGYF1","226768_at"
"GIGYF2","212261_at"
"GIHCG","226546_at"
"GIMAP1","1552318_at"
"GIMAP2","232024_at"
"GIMAP4","219243_at"
"GIMAP5","215352_at"
"GIMAP6","219777_at"
"GIMAP7","228071_at"
"GIMAP8","235306_at"
"GIN1","219467_at"
"GINM1","225576_at"
"GINS1","206102_at"
"GINS2","1557595_at"
"GINS3","218719_s_at"
"GINS4","235029_at"
"GIP","207899_at"
"GIPC1","207525_s_at"
"GIPC2","219970_at"
"GIPC3","236730_at"
"GIPR","231291_at"
"GIRGL","227985_at"
"GIT1","218030_at"
"GIT2","225558_at"
"GJA1","201667_at"
"GJA10","1553044_at"
"GJA3","208590_x_at"
"GJA4","204904_at"
"GJA5","226701_at"
"GJA8","208489_at"
"GJB1","204973_at"
"GJB2","223278_at"
"GJB3","215243_s_at"
"GJB4","216579_at"
"GJB5","206156_at"
"GJB6","231771_at"
"GJC1","228776_at"
"GJC2","207025_at"
"GJD2","221407_at"
"GJD3","1553511_at"
"GJD4","234116_at"
"GK","214681_at"
"GK2","215430_at"
"GK3","215966_x_at"
"GK5","238121_at"
"GKAP1","229312_s_at"
"GKN1","220191_at"
"GKN2","238222_at"
"GLA","214430_at"
"GLB1","201576_s_at"
"GLB1L","206540_at"
"GLB1L2","213713_s_at"
"GLB1L3","1562888_at"
"GLCCI1","225706_at"
"GLCE","213552_at"
"GLDC","204836_at"
"GLDN","232649_at"
"GLE1","225371_at"
"GLG1","214730_s_at"
"GLI1","206646_at"
"GLI2","228537_at"
"GLI3","205201_at"
"GLI4","243076_x_at"
"GLIDR","228040_at"
"GLIPR1","214085_x_at"
"GLIPR1L1","238296_at"
"GLIPR2","225602_at"
"GLIS1","244128_x_at"
"GLIS2","223378_at"
"GLIS3","229435_at"
"GLIS3-AS1","1553756_at"
"GLMN","207153_s_at"
"GLMP","225401_at"
"GLO1","200681_at"
"GLOD4","209092_s_at"
"GLOD5","231052_at"
"GLP1R","208390_s_at"
"GLP2R","221312_at"
"GLRA1","207972_at"
"GLRA2","207462_at"
"GLRA3","216021_s_at"
"GLRB","205279_s_at"
"GLRX","206662_at"
"GLRX2","219933_at"
"GLRX3","209080_x_at"
"GLRX5","221932_s_at"
"GLS","203159_at"
"GLS2","205531_s_at"
"GLT1D1","229770_at"
"GLT8D1","218146_at"
"GLT8D2","221447_s_at"
"GLTP","226177_at"
"GLTPD2","230971_x_at"
"GLUD1","200947_s_at"
"GLUD2","215794_x_at"
"GLUL","215001_s_at"
"GLYAT","222083_at"
"GLYATL1","227695_at"
"GLYATL1-AS1","1563867_at"
"GLYATL2","1554712_a_at"
"GLYCTK","242341_x_at"
"GLYCTK-AS1","242692_at"
"GLYR1","218506_x_at"
"GM2A","212737_at"
"GMCL1","239355_at"
"GMDS","204875_s_at"
"GMDS-DT","233063_s_at"
"GMEB1","220938_s_at"
"GMEB2","44146_at"
"GMFB","202544_at"
"GMFG","204220_at"
"GMIP","218913_s_at"
"GML","208000_at"
"GMNC","1569616_at"
"GMNN","218350_s_at"
"GMPPA","218070_s_at"
"GMPPB","219920_s_at"
"GMPR","204187_at"
"GMPR2","217990_at"
"GMPS","214431_at"
"GNA11","213766_x_at"
"GNA12","224681_at"
"GNA13","224761_at"
"GNA14","220108_at"
"GNA14-AS1","1563171_at"
"GNA15","205349_at"
"GNAI1","227692_at"
"GNAI2","201040_at"
"GNAI3","201180_s_at"
"GNAL","213924_at"
"GNAO1","231951_at"
"GNAO1-AS1","234905_at"
"GNAO1-DT","1560707_at"
"GNAQ","202615_at"
"GNAS","200780_x_at"
"GNAS-AS1","232881_at"
"GNAT1","214286_at"
"GNAT2","210604_at"
"GNAT3","216590_at"
"GNAZ","204993_at"
"GNB1","200746_s_at"
"GNB1L","220762_s_at"
"GNB2","200852_x_at"
"GNB3","206047_at"
"GNB4","225710_at"
"GNB5","204000_at"
"GNE","205042_at"
"GNG11","204115_at"
"GNG12","212294_at"
"GNG13","220806_x_at"
"GNG2","224964_s_at"
"GNG3","222005_s_at"
"GNG4","205184_at"
"GNG5","207157_s_at"
"GNG7","206896_s_at"
"GNG8","234284_at"
"GNGT1","207166_at"
"GNGT2","235139_at"
"GNL1","203307_at"
"GNL2","201948_at"
"GNL3","217850_at"
"GNL3L","222109_at"
"GNLY","205495_s_at"
"GNMT","210328_at"
"GNPAT","201956_s_at"
"GNPDA1","202382_s_at"
"GNPDA2","227022_at"
"GNPNAT1","225853_at"
"GNPTAB","212959_s_at"
"GNPTG","224887_at"
"GNRH1","235540_at"
"GNRH2","208519_x_at"
"GNRHR","216341_s_at"
"GNRHR2","1553067_a_at"
"GNS","212334_at"
"GOLGA1","203383_s_at"
"GOLGA2","225672_at"
"GOLGA2P10","223327_x_at"
"GOLGA2P5","233198_at"
"GOLGA3","202106_at"
"GOLGA4","201567_s_at"
"GOLGA4-AS1","1553775_at"
"GOLGA5","218241_at"
"GOLGA6L2","1560790_at"
"GOLGA7","217819_at"
"GOLGA7B","228068_at"
"GOLGA8A","208798_x_at"
"GOLGA8IP","1556739_at"
"GOLGA8N","213737_x_at"
"GOLGB1","201057_s_at"
"GOLIM4","238002_at"
"GOLM1","217771_at"
"GOLM2","224619_at"
"GOLPH3","217803_at"
"GOLPH3L","218361_at"
"GOLT1A","229372_at"
"GOLT1B","222552_at"
"GON4L","223555_at"
"GON7","223273_at"
"GOPC","225023_at"
"GORAB","226337_at"
"GORASP1","215749_s_at"
"GORASP2","208842_s_at"
"GOSR1","204630_s_at"
"GOSR2","235041_at"
"GOT1","208813_at"
"GOT1L1","1553879_a_at"
"GOT2","200708_at"
"GP1BA","207389_at"
"GP2","206681_x_at"
"GP5","207926_at"
"GP6","220336_s_at"
"GP9","206883_x_at"
"GPA33","205929_at"
"GPA33-AS1","231344_at"
"GPAA1","215690_x_at"
"GPALPP1","226429_at"
"GPAM","225424_at"
"GPANK1","225472_at"
"GPAT2","235557_at"
"GPAT3","224480_s_at"
"GPAT4","224776_at"
"GPATCH1","219818_s_at"
"GPATCH11","228495_at"
"GPATCH2","219078_at"
"GPATCH2L","229520_s_at"
"GPATCH3","218895_at"
"GPATCH4","224634_at"
"GPATCH8","212485_at"
"GPBAR1","1552501_a_at"
"GPBP1","223705_s_at"
"GPBP1L1","217877_s_at"
"GPC1","202756_s_at"
"GPC1-AS1","214858_at"
"GPC2","239422_at"
"GPC3","209220_at"
"GPC4","204984_at"
"GPC5","207174_at"
"GPC6","227059_at"
"GPCPD1","224826_at"
"GPD1","204997_at"
"GPD1L","212510_at"
"GPD2","225447_at"
"GPER1","210640_s_at"
"GPHA2","237230_at"
"GPHB5","1553945_at"
"GPHN","223319_at"
"GPHRB","1562412_at"
"GPI","208308_s_at"
"GPIHBP1","238062_at"
"GPKOW","203776_at"
"GPLD1","206266_at"
"GPM6A","236024_at"
"GPM6A-AS1","1560282_at"
"GPM6B","209170_s_at"
"GPN1","209313_at"
"GPN2","218799_at"
"GPN3","218461_at"
"GPNMB","201141_at"
"GPR101","1553544_at"
"GPR107","211979_at"
"GPR108","225058_at"
"GPR12","214558_at"
"GPR132","221140_s_at"
"GPR135","211659_at"
"GPR137","43934_at"
"GPR137B","204137_at"
"GPR137C","242592_at"
"GPR141","1563720_at"
"GPR143","206696_at"
"GPR146","228770_at"
"GPR149","1562215_at"
"GPR15","208524_at"
"GPR150","231349_at"
"GPR153","64942_at"
"GPR155","231166_at"
"GPR156","239607_at"
"GPR157","227970_at"
"GPR158","232195_at"
"GPR15LG","227735_s_at"
"GPR160","223423_at"
"GPR161","214104_at"
"GPR162","205056_s_at"
"GPR17","215225_s_at"
"GPR171","207651_at"
"GPR173","244877_at"
"GPR174","224285_at"
"GPR176","227846_at"
"GPR176-DT","215981_at"
"GPR18","210279_at"
"GPR180","231871_at"
"GPR183","205419_at"
"GPR19","207183_at"
"GPR199P","236246_x_at"
"GPR20","232841_at"
"GPR22","221288_at"
"GPR25","221363_x_at"
"GPR26","1553865_a_at"
"GPR27","227769_at"
"GPR3","214613_at"
"GPR31","208556_at"
"GPR32","221469_at"
"GPR34","223620_at"
"GPR35","210264_at"
"GPR37","209631_s_at"
"GPR37L1","207055_at"
"GPR39","229104_s_at"
"GPR4","206236_at"
"GPR45","211175_at"
"GPR50","208311_at"
"GPR52","221313_at"
"GPR55","231745_at"
"GPR6","1553507_a_at"
"GPR61","224531_at"
"GPR62","1554559_at"
"GPR63","220993_s_at"
"GPR65","214467_at"
"GPR68","229055_at"
"GPR75","220481_at"
"GPR78","1553063_at"
"GPR82","1553316_at"
"GPR83","222953_at"
"GPR84","223767_at"
"GPR85","234303_s_at"
"GPR87","219936_s_at"
"GPR88","220313_at"
"GPRASP1","204793_at"
"GPRASP3","213709_at"
"GPRC5A","203108_at"
"GPRC5B","203632_s_at"
"GPRC5C","219327_s_at"
"GPRC5D","221297_at"
"GPRC5D-AS1","1559976_at"
"GPRC6A","1552775_at"
"GPRIN1","227975_at"
"GPRIN2","206747_at"
"GPRIN3","232687_at"
"GPS1","217782_s_at"
"GPS2","209350_s_at"
"GPSM1","226043_at"
"GPSM2","221922_at"
"GPSM3","204265_s_at"
"GPT","206709_x_at"
"GPT2","224839_s_at"
"GPX1","200736_s_at"
"GPX2","202831_at"
"GPX3","201348_at"
"GPX4","201106_at"
"GPX5","208028_s_at"
"GPX7","213170_at"
"GPX8","227628_at"
"GRAMD1A","224807_at"
"GRAMD1B","212906_at"
"GRAMD1C","219313_at"
"GRAMD2A","229616_s_at"
"GRAMD2B","218706_s_at"
"GRAMD4","212856_at"
"GRAP2","208406_s_at"
"GRAPL","239074_at"
"GRAPL-AS1","220849_at"
"GRASLND","1556797_at"
"GRB10","209409_at"
"GRB14","206204_at"
"GRB2","223049_at"
"GRB7","210761_s_at"
"GREB1","210855_at"
"GREB1L","220340_at"
"GREM1","218469_at"
"GREM2","235504_at"
"GREP1","1564122_at"
"GRHL1","222830_at"
"GRHL2","219388_at"
"GRHL3","232116_at"
"GRHPR","216308_x_at"
"GRIA1","209793_at"
"GRIA2","205358_at"
"GRIA3","208032_s_at"
"GRIA4","208464_at"
"GRID1","1555267_at"
"GRID1-AS1","1557874_at"
"GRID2","221364_at"
"GRIK1","214611_at"
"GRIK1-AS1","1554203_at"
"GRIK1-AS2","1560378_at"
"GRIK2","213845_at"
"GRIK3","230593_at"
"GRIK4","208552_at"
"GRIK5","217509_x_at"
"GRIN1","210782_x_at"
"GRIN2A","206534_at"
"GRIN2B","210411_s_at"
"GRIN2C","217573_at"
"GRIN2D","229883_at"
"GRIN3A","233220_at"
"GRIN3B","233892_at"
"GRINA","212090_at"
"GRIP1","235957_at"
"GRIP2","216481_at"
"GRIPAP1","225451_at"
"GRK1","208041_at"
"GRK2","38447_at"
"GRK3","228771_at"
"GRK3-AS1","239558_at"
"GRK4","208365_s_at"
"GRK5","204396_s_at"
"GRK6","210981_s_at"
"GRK7","1552929_at"
"GRM1","210940_s_at"
"GRM2","241802_x_at"
"GRM3","205814_at"
"GRM3-AS1","239480_at"
"GRM4","210234_at"
"GRM5","1565389_s_at"
"GRM6","208035_at"
"GRM7","217008_s_at"
"GRM8","216256_at"
"GRM8-AS1","1561427_at"
"GRN","200678_x_at"
"GRP","206326_at"
"GRPEL1","212432_at"
"GRPEL2","226881_at"
"GRPR","207929_at"
"GRSF1","201520_s_at"
"GRTP1","229377_at"
"GRTP1-AS1","1559654_s_at"
"GRWD1","221549_at"
"GS1-24F4.2","1559678_s_at"
"GS1-279B7.1","242226_at"
"GSAP","213142_x_at"
"GSC","1552338_at"
"GSC2","221441_at"
"GSDMB","219233_s_at"
"GSDMC","234305_s_at"
"GSDMD","218154_at"
"GSDME","203695_s_at"
"GSE1","212057_at"
"GSEC","227925_at"
"GSG1","221252_s_at"
"GSG1L","236701_at"
"GSK3A","202210_x_at"
"GSK3B","226191_at"
"GSKIP","223239_at"
"GSN","200696_s_at"
"GSN-AS1","221072_at"
"GSPT1","215438_x_at"
"GSPT2","205541_s_at"
"GSR","225609_at"
"GSS","211630_s_at"
"GSTA3","222102_at"
"GSTA4","202967_at"
"GSTCD","235387_at"
"GSTCD-AS1","241126_at"
"GSTK1","217751_at"
"GSTM1","215333_x_at"
"GSTM2","204418_x_at"
"GSTM3","202554_s_at"
"GSTM4","204149_s_at"
"GSTM5","205752_s_at"
"GSTO1","201470_at"
"GSTO2","227163_at"
"GSTP1","200824_at"
"GSTT1","203815_at"
"GSTZ1","209531_at"
"GSX1","234791_at"
"GSX2","230338_x_at"
"GTF2A1","225433_at"
"GTF2A1-AS1","1559009_at"
"GTF2A1L","1552585_s_at"
"GTF2A2","202678_at"
"GTF2B","208066_s_at"
"GTF2E1","205930_at"
"GTF2E2","202680_at"
"GTF2F1","202355_s_at"
"GTF2F2","209595_at"
"GTF2H1","202451_at"
"GTF2H2B","215470_at"
"GTF2H3","222104_x_at"
"GTF2H4","203577_at"
"GTF2H5","213357_at"
"GTF2I","210892_s_at"
"GTF2I-AS1","229896_at"
"GTF2IP20","227922_x_at"
"GTF2IP7","1570044_at"
"GTF2IRD1","218412_s_at"
"GTF2IRD2","228765_at"
"GTF3A","201338_x_at"
"GTF3C1","35671_at"
"GTF3C2","212429_s_at"
"GTF3C2-AS1","1556671_s_at"
"GTF3C3","218343_s_at"
"GTF3C4","225543_at"
"GTF3C5","233173_x_at"
"GTF3C6","225083_at"
"GTPBP1","205276_s_at"
"GTPBP10","236633_at"
"GTPBP2","221050_s_at"
"GTPBP3","213835_x_at"
"GTPBP4","218239_s_at"
"GTPBP6","203314_at"
"GTPBP8","221046_s_at"
"GTSE1","211040_x_at"
"GTSE1-DT","1556661_at"
"GTSF1","227711_at"
"GTSF1L","232820_s_at"
"GUCA1A","231700_at"
"GUCA1B","235528_at"
"GUCA1C","223928_s_at"
"GUCA2B","207502_at"
"GUCD1","223039_at"
"GUCY1A1","221942_s_at"
"GUCY1A2","228731_at"
"GUCY1B1","203817_at"
"GUCY1B2","220506_at"
"GUCY2C","206312_at"
"GUCY2D","207884_at"
"GUCY2F","208053_at"
"GUF1","222770_s_at"
"GUK1","200075_s_at"
"GULP1","204237_at"
"GUSB","202605_at"
"GUSBP1","1556742_at"
"GUSBP11","213502_x_at"
"GUSBP14","214850_at"
"GUSBP2","1555568_at"
"GUSBP4","232207_at"
"GUSBP5","240063_at"
"GVINP1","220577_at"
"GVQW3","1558844_at"
"GXYLT1","226868_at"
"GXYLT2","235371_at"
"GYG1","211275_s_at"
"GYG2","215695_s_at"
"GYPA","211821_x_at"
"GYPB","214407_x_at"
"GYPC","202947_s_at"
"GYPE","207854_at"
"GYS1","201673_s_at"
"GYS2","214621_at"
"GZF1","225884_s_at"
"GZMA","205488_at"
"GZMB","210164_at"
"GZMH","210321_at"
"GZMK","206666_at"
"GZMM","207460_at"
"H1-0","208886_at"
"H1-1","208484_at"
"H1-10","204805_s_at"
"H1-10-AS1","1558168_at"
"H1-2","209398_at"
"H1-3","214537_at"
"H1-4","208553_at"
"H1-5","214534_at"
"H1-6","207982_at"
"H1-7","238373_at"
"H1-8","1553064_at"
"H1-9P","231229_at"
"H19","224646_x_at"
"H2AC10P","216585_at"
"H2AC11","207156_at"
"H2AC13","214542_x_at"
"H2AC14","208583_x_at"
"H2AC15","214644_at"
"H2AC16","214554_at"
"H2AC18","218279_s_at"
"H2AC25","221582_at"
"H2AC4","208569_at"
"H2AC6","215071_s_at"
"H2AC8","214469_at"
"H2AJ","225245_x_at"
"H2AP","215142_at"
"H2AX","205436_s_at"
"H2AZ1","213911_s_at"
"H2AZ2","212205_at"
"H2BC1","241519_at"
"H2BC10","208523_x_at"
"H2BC11","214502_at"
"H2BC12","209806_at"
"H2BC13","207611_at"
"H2BC14","208515_at"
"H2BC15","207226_at"
"H2BC17","214540_at"
"H2BC21","202708_s_at"
"H2BC3","208547_at"
"H2BC4","236193_at"
"H2BC5","209911_x_at"
"H2BC6","208527_x_at"
"H2BC7","208490_x_at"
"H2BC8","215779_s_at"
"H2BC9","208546_x_at"
"H2BW2","234899_at"
"H3-3A","213826_s_at"
"H3-3B","211997_x_at"
"H3-4","208572_at"
"H3C1","208575_at"
"H3C10","206110_at"
"H3C11","214509_at"
"H3C12","214646_at"
"H3C2","208576_s_at"
"H3C3","208577_at"
"H3C6","214616_at"
"H3C7","208506_at"
"H3C8","208496_x_at"
"H4C1","208046_at"
"H4C13","214562_at"
"H4C2","214516_at"
"H4C3","205967_at"
"H4C4","208076_at"
"H4C5","206951_at"
"H4C6","208026_at"
"H4C7","208551_at"
"H4C8","232035_at"
"H4C9","214634_at"
"H6PD","226160_at"
"HAAO","205657_at"
"HABP2","206010_at"
"HABP4","209818_s_at"
"HACD1","219654_at"
"HACD2","212640_at"
"HACD3","222405_at"
"HACD4","244050_at"
"HACE1","227471_at"
"HACL1","223211_at"
"HACL2","210624_s_at"
"HADH","201036_s_at"
"HADHA","208631_s_at"
"HADHB","201007_at"
"HAGH","205012_s_at"
"HAGHL","223485_at"
"HAGLR","242042_s_at"
"HAGLROS","230935_at"
"HAL","217521_at"
"HAMP","220491_at"
"HAND1","220138_at"
"HAND2","220480_at"
"HAND2-AS1","219791_s_at"
"HAO1","220224_at"
"HAO2","220801_s_at"
"HAP1","211604_x_at"
"HAPLN1","205524_s_at"
"HAPLN2","220142_at"
"HAPLN3","227262_at"
"HAPLN4","235420_at"
"HAPSTR1","225183_at"
"HAPSTR2","240312_at"
"HAR1A","1557098_s_at"
"HARBI1","241498_at"
"HARS1","202042_at"
"HARS2","209252_at"
"HAS1","207316_at"
"HAS2","230372_at"
"HAS3","223541_at"
"HASPIN","223759_s_at"
"HAT1","203138_at"
"HAUS1","225297_at"
"HAUS2","220071_x_at"
"HAUS3","210054_at"
"HAUS4","218383_at"
"HAUS5","36888_at"
"HAUS6","222685_at"
"HAUS7","213334_x_at"
"HAUS8","226308_at"
"HAVCR1","207052_at"
"HAVCR1P1","239386_at"
"HAVCR2","235458_at"
"HAX1","201145_at"
"HBA2","217414_x_at"
"HBB","211696_x_at"
"HBBP1","216063_at"
"HBD","206834_at"
"HBE1","205919_at"
"HBEGF","38037_at"
"HBG2","213515_x_at"
"HBM","240336_at"
"HBP1","209102_s_at"
"HBQ1","220807_at"
"HBS1L","209316_s_at"
"HBZ","206647_at"
"HCAR1","224131_at"
"HCAR3","205220_at"
"HCCAT5","1570315_at"
"HCCS","203746_s_at"
"HCFC1","202474_s_at"
"HCFC1R1","218537_at"
"HCFC2","219484_at"
"HCG11","1557169_x_at"
"HCG18","225584_at"
"HCG22","1560767_at"
"HCG26","214186_s_at"
"HCG27","1559050_at"
"HCG4","206685_at"
"HCG4B","215973_at"
"HCG9","208287_at"
"HCK","208018_s_at"
"HCLS1","202957_at"
"HCN1","1562563_at"
"HCN2","214893_x_at"
"HCN3","228741_s_at"
"HCN4","230208_at"
"HCP5","206082_at"
"HCP5B","1560213_at"
"HCRT","207642_at"
"HCRTR1","207619_at"
"HCRTR2","207393_at"
"HCST","223640_at"
"HDAC1","201209_at"
"HDAC10","232870_at"
"HDAC11","227679_at"
"HDAC2","201833_at"
"HDAC2-AS2","1559620_at"
"HDAC3","216326_s_at"
"HDAC4","204225_at"
"HDAC4-AS1","237764_at"
"HDAC5","202455_at"
"HDAC6","206846_s_at"
"HDAC7","217937_s_at"
"HDAC8","223909_s_at"
"HDAC9","205659_at"
"HDC","207067_s_at"
"HDDC2","203259_s_at"
"HDDC3","227008_at"
"HDGF","200896_x_at"
"HDGFL1","232680_at"
"HDGFL2","223252_at"
"HDGFL3","216693_x_at"
"HDHD2","223155_at"
"HDHD3","221256_s_at"
"HDHD5","218592_s_at"
"HDHD5-AS1","1559920_a_at"
"HDLBP","221767_x_at"
"HDX","1553646_at"
"HEATR1","218595_s_at"
"HEATR3","219289_at"
"HEATR4","1560727_at"
"HEATR5A","226510_at"
"HEATR5A-DT","1570226_at"
"HEATR5B","233642_s_at"
"HEATR6","218991_at"
"HEATR9","1553378_a_at"
"HEBP1","218450_at"
"HEBP2","203430_at"
"HECA","218603_at"
"HECTD1","224481_s_at"
"HECTD2","227568_at"
"HECTD3","218632_at"
"HECTD4","211034_s_at"
"HECW1","215584_at"
"HECW1-IT1","1560950_at"
"HECW2","232080_at"
"HECW2-AS1","232397_at"
"HEG1","213069_at"
"HEIH","226146_at"
"HELB","1552788_a_at"
"HELLS","227350_at"
"HELQ","1554342_s_at"
"HELZ","203674_at"
"HELZ2","228230_at"
"HEMGN","223670_s_at"
"HEMK1","52159_at"
"HEMK2","220311_at"
"HENMT1","225841_at"
"HEPACAM","238003_at"
"HEPACAM2","242601_at"
"HEPH","203903_s_at"
"HERC1","218306_s_at"
"HERC2","217902_s_at"
"HERC2P3","215847_at"
"HERC2P7","235902_at"
"HERC2P8","216196_at"
"HERC4","225988_at"
"HERC5","219863_at"
"HERC5-AS1","239988_at"
"HERC6","219352_at"
"HERPUD1","217168_s_at"
"HERPUD2","222751_at"
"HERPUD2-AS1","236170_x_at"
"HES1","203394_s_at"
"HES2","231928_at"
"HES4","227347_x_at"
"HES5","239230_at"
"HES6","226446_at"
"HES7","224548_at"
"HESX1","211267_at"
"HEXA","201765_s_at"
"HEXA-AS1","220718_at"
"HEXB","201944_at"
"HEXD","1555866_a_at"
"HEXIM1","202814_s_at"
"HEXIM2","238547_at"
"HEY1","44783_s_at"
"HEY2","219743_at"
"HEYL","226828_s_at"
"HFE","211332_x_at"
"HFM1","1564285_at"
"HGC6.3","211111_at"
"HGD","214308_s_at"
"HGF","209961_s_at"
"HGFAC","207027_at"
"HGH1","219071_x_at"
"HGS","210428_s_at"
"HGSNAT","218017_s_at"
"HHAT","219687_at"
"HHATL","223572_at"
"HHEX","204689_at"
"HHIP","230135_at"
"HHIP-AS1","236632_at"
"HHIPL1","1559237_a_at"
"HHIPL2","220283_at"
"HHLA1","221162_at"
"HHLA2","220812_s_at"
"HIBADH","224812_at"
"HIBCH","213374_x_at"
"HIC1","230218_at"
"HIC2","1559600_at"
"HID1","225981_at"
"HIF1A","200989_at"
"HIF1AN","226648_at"
"HIF3A","233517_s_at"
"HIGD1A","217845_x_at"
"HIGD1B","219719_at"
"HIGD2A","209329_x_at"
"HIKESHI","230326_s_at"
"HILPDA","1554452_a_at"
"HINFP","206495_s_at"
"HINT1","1555961_a_at"
"HINT2","224415_s_at"
"HINT3","228697_at"
"HIP1","226364_at"
"HIP1R","38340_at"
"HIPK1","212293_at"
"HIPK1-AS1","1570082_x_at"
"HIPK2","225368_at"
"HIPK3","226297_at"
"HIPK4","1553238_a_at"
"HIRA","217427_s_at"
"HIRIP3","204504_s_at"
"HISLA","1559363_at"
"HIVEP1","204512_at"
"HIVEP2","212642_s_at"
"HIVEP3","232581_x_at"
"HJURP","218726_at"
"HJV","228621_at"
"HK1","200697_at"
"HK2","202934_at"
"HK3","205936_s_at"
"HKDC1","227614_at"
"HLA-A","215313_x_at"
"HLA-B","209140_x_at"
"HLA-C","208812_x_at"
"HLA-DMA","217478_s_at"
"HLA-DMB","203932_at"
"HLA-DOA","226878_at"
"HLA-DOB","205671_s_at"
"HLA-DPA1","211990_at"
"HLA-DPB1","201137_s_at"
"HLA-DPB2","239975_at"
"HLA-DQA1","213831_at"
"HLA-DQB1","211654_x_at"
"HLA-DQB2","215536_at"
"HLA-DRA","208894_at"
"HLA-DRB4","209728_at"
"HLA-DRB6","217362_x_at"
"HLA-E","200905_x_at"
"HLA-F","221875_x_at"
"HLA-F-AS1","222279_at"
"HLA-G","211528_x_at"
"HLA-J","217436_x_at"
"HLCS","209399_at"
"HLF","204754_at"
"HLMR1","1556387_at"
"HLTF","202983_at"
"HLX","214438_at"
"HM13","224615_x_at"
"HMBOX1","219269_at"
"HMBS","203040_s_at"
"HMCES","201678_s_at"
"HMCN1","235944_at"
"HMCN2","241650_x_at"
"HMG20A","218152_at"
"HMG20B","210719_s_at"
"HMGA1","206074_s_at"
"HMGA2","1559891_at"
"HMGB1","214938_x_at"
"HMGB2","208808_s_at"
"HMGB3","203744_at"
"HMGB3P1","216548_x_at"
"HMGB4","230473_s_at"
"HMGCL","202772_at"
"HMGCLL1","1554872_a_at"
"HMGCR","202539_s_at"
"HMGCS1","221750_at"
"HMGCS2","204607_at"
"HMGN1","200944_s_at"
"HMGN2","208668_x_at"
"HMGN2P46","242649_x_at"
"HMGN3","209377_s_at"
"HMGN3-AS1","1559403_at"
"HMGN4","202579_x_at"
"HMGN5","221606_s_at"
"HMGXB3","212431_at"
"HMGXB4","212596_s_at"
"HMHB1","208302_at"
"HMMR","209709_s_at"
"HMMR-AS1","1557029_at"
"HMOX1","203665_at"
"HMOX2","218120_s_at"
"HMX1","207353_s_at"
"HMX2","244565_at"
"HNF1A","210515_at"
"HNF1B","205313_at"
"HNF4A","230772_at"
"HNF4A-AS1","1563265_at"
"HNF4G","232271_at"
"HNMT","204112_s_at"
"HNRNPA0","201054_at"
"HNRNPA1","200016_x_at"
"HNRNPA2B1","205292_s_at"
"HNRNPA3","211929_at"
"HNRNPA3P1","206808_at"
"HNRNPAB","201277_s_at"
"HNRNPC","212626_x_at"
"HNRNPD","221481_x_at"
"HNRNPD-DT","235607_at"
"HNRNPDL","212454_x_at"
"HNRNPF","201376_s_at"
"HNRNPH1","201031_s_at"
"HNRNPH3","208990_s_at"
"HNRNPK","200775_s_at"
"HNRNPL","35201_at"
"HNRNPLL","225386_s_at"
"HNRNPM","1555844_s_at"
"HNRNPR","208766_s_at"
"HNRNPU","200594_x_at"
"HNRNPUL1","208713_at"
"HNRNPUL2","225405_at"
"HOATZ","1568606_at"
"HOGA1","239093_at"
"HOMER1","226651_at"
"HOMER2","217080_s_at"
"HOMER3","215489_x_at"
"HOMEZ","231868_at"
"HOOK1","225792_at"
"HOOK2","218780_at"
"HOOK3","226395_at"
"HOPX","211597_s_at"
"HORMAD1","223861_at"
"HORMAD2","244442_at"
"HOTAIR","239153_at"
"HOTAIRM1","1557051_s_at"
"HOTTIP","1564069_at"
"HOXA-AS2","230080_at"
"HOXA-AS3","239915_at"
"HOXA1","214639_s_at"
"HOXA10","213147_at"
"HOXA10-AS","231365_at"
"HOXA11","213823_at"
"HOXA11-AS","230666_at"
"HOXA13","238571_at"
"HOXA2","214457_at"
"HOXA3","235521_at"
"HOXA4","206289_at"
"HOXA5","213844_at"
"HOXA6","208557_at"
"HOXA7","206847_s_at"
"HOXB-AS1","244512_at"
"HOXB-AS3","230743_at"
"HOXB1","208224_at"
"HOXB13","209844_at"
"HOXB2","205453_at"
"HOXB3","228904_at"
"HOXB4","231767_at"
"HOXB5","205601_s_at"
"HOXB6","205366_s_at"
"HOXB7","216973_s_at"
"HOXB8","221278_at"
"HOXB9","226461_at"
"HOXC-AS3","1561273_at"
"HOXC10","218959_at"
"HOXC11","206745_at"
"HOXC12","1553512_at"
"HOXC13","219832_s_at"
"HOXC4","206194_at"
"HOXC5","206739_at"
"HOXC6","206858_s_at"
"HOXC8","221350_at"
"HOXC9","231936_at"
"HOXD-AS2","229493_at"
"HOXD1","205975_s_at"
"HOXD10","229400_at"
"HOXD11","214604_at"
"HOXD12","221411_at"
"HOXD13","236681_at"
"HOXD4","205522_at"
"HOXD8","231906_at"
"HOXD9","205604_at"
"HP","206697_s_at"
"HP1BP3","224592_x_at"
"HPCA","205454_at"
"HPCAL1","212552_at"
"HPCAL4","222091_at"
"HPD","206024_at"
"HPDL","229332_at"
"HPF1","218646_at"
"HPGD","203914_x_at"
"HPGDS","206726_at"
"HPN","204934_s_at"
"HPR","208471_at"
"HPRT1","202854_at"
"HPS1","203308_x_at"
"HPS1-AS1","238979_at"
"HPS3","227139_s_at"
"HPS4","218402_s_at"
"HPS5","204544_at"
"HPS6","219052_at"
"HPSE","219403_s_at"
"HPSE2","220927_s_at"
"HPX","39763_at"
"HPYR1","1566917_at"
"HR","210086_at"
"HRAS","212983_at"
"HRC","207066_at"
"HRCT1","235496_at"
"HRG","31835_at"
"HRG-AS1","214417_s_at"
"HRH1","205580_s_at"
"HRH2","220805_at"
"HRH3","221663_x_at"
"HRH4","221169_s_at"
"HRK","206863_x_at"
"HROB","219879_s_at"
"HS1BP3","219020_at"
"HS2ST1","203284_s_at"
"HS3ST1","205466_s_at"
"HS3ST2","219697_at"
"HS3ST3A1","219985_at"
"HS3ST3B1","1561908_a_at"
"HS3ST4","228206_at"
"HS3ST5","240479_at"
"HS3ST6","239547_at"
"HS6ST1","225263_at"
"HS6ST2","1552767_a_at"
"HS6ST3","232276_at"
"HSBP1","200942_s_at"
"HSBP1L1","232594_at"
"HSCB","223647_x_at"
"HSD11B1","205404_at"
"HSD11B1-AS1","237154_at"
"HSD11B1L","228757_at"
"HSD11B2","204130_at"
"HSD17B1","228595_at"
"HSD17B10","202282_at"
"HSD17B11","217989_at"
"HSD17B12","217869_at"
"HSD17B14","228713_s_at"
"HSD17B2","204818_at"
"HSD17B3","206985_at"
"HSD17B4","201413_at"
"HSD17B6","205700_at"
"HSD17B7","220081_x_at"
"HSD17B7P2","224058_s_at"
"HSD17B8","213540_at"
"HSD3B1","204515_at"
"HSD3B2","206294_at"
"HSD3B7","222817_at"
"HSDL1","223248_at"
"HSDL2","209513_s_at"
"HSF1","202344_at"
"HSF2","209657_s_at"
"HSF2BP","207020_at"
"HSF4","210977_s_at"
"HSF5","230718_at"
"HSH2D","1552623_at"
"HSP90AA1","211969_at"
"HSP90AB1","200064_at"
"HSP90B1","200599_s_at"
"HSPA12A","214434_at"
"HSPA12B","229172_at"
"HSPA13","202557_at"
"HSPA14","219212_at"
"HSPA1B","1559152_at"
"HSPA1L","233694_at"
"HSPA2","211538_s_at"
"HSPA2-AS1","244270_at"
"HSPA4","208815_x_at"
"HSPA4L","205543_at"
"HSPA5","211936_at"
"HSPA6","213418_at"
"HSPA8","224187_x_at"
"HSPA9","200691_s_at"
"HSPB1","201841_s_at"
"HSPB2","205824_at"
"HSPB3","206375_s_at"
"HSPB6","214767_s_at"
"HSPB7","218934_s_at"
"HSPB8","221667_s_at"
"HSPB9","230510_at"
"HSPBAP1","219284_at"
"HSPBP1","202415_s_at"
"HSPD1","200807_s_at"
"HSPE1","205133_s_at"
"HSPG2","201655_s_at"
"HSPH1","206976_s_at"
"HTATIP2","209448_at"
"HTATSF1","202602_s_at"
"HTATSF1P2","1558882_at"
"HTN1","206639_x_at"
"HTN3","206786_at"
"HTR1A","221351_at"
"HTR1B","210799_at"
"HTR1D","207368_at"
"HTR1E","207404_s_at"
"HTR1F","221458_at"
"HTR2A","207135_at"
"HTR2B","206638_at"
"HTR2C","211479_s_at"
"HTR3A","216615_s_at"
"HTR3B","221084_at"
"HTR3C","1553041_at"
"HTR4","207578_s_at"
"HTR5A","221362_at"
"HTR6","206944_at"
"HTR7","207927_at"
"HTR7P1","236115_at"
"HTRA1","201185_at"
"HTRA2","211152_s_at"
"HTRA3","226944_at"
"HTRA4","1553706_at"
"HTT","202389_s_at"
"HUNK","1555935_s_at"
"HUS1","204883_s_at"
"HUS1B","1553660_at"
"HUWE1","207783_x_at"
"HVCN1","226879_at"
"HYAL1","210619_s_at"
"HYAL2","206855_s_at"
"HYAL3","211728_s_at"
"HYAL4","220249_at"
"HYAL6P","1564777_at"
"HYCC1","227239_at"
"HYCC2","229460_at"
"HYDIN","220098_at"
"HYDIN2","1563529_at"
"HYI","223769_x_at"
"HYKK","236150_at"
"HYLS1","227687_at"
"HYMAI","215513_at"
"HYOU1","200825_s_at"
"HYPK","233809_at"
"IAH1","230621_at"
"IAPP","207062_at"
"IARS1","204744_s_at"
"IARS2","217900_at"
"IBA57","215490_at"
"IBA57-DT","238188_at"
"IBSP","207370_at"
"IBTK","210970_s_at"
"ICA1","210547_x_at"
"ICA1-AS1","230641_at"
"ICA1L","230454_at"
"ICAM1","202637_s_at"
"ICAM2","213620_s_at"
"ICAM3","204949_at"
"ICAM4","207194_s_at"
"ICAM5","206906_at"
"ICE1","209654_at"
"ICE2","218713_at"
"ICMT","201609_x_at"
"ICMT-DT","1553741_at"
"ICOS","210439_at"
"ICOSLG","213450_s_at"
"ID1","208937_s_at"
"ID2","201565_s_at"
"ID2-AS1","236719_at"
"ID2B","210911_at"
"ID3","207826_s_at"
"ID4","209291_at"
"IDE","203327_at"
"IDH1","201193_at"
"IDH1-AS1","236400_at"
"IDH2","210046_s_at"
"IDH3A","202069_s_at"
"IDH3B","210014_x_at"
"IDH3G","202471_s_at"
"IDI1","208881_x_at"
"IDI2","1552491_at"
"IDI2-AS1","220703_at"
"IDNK","227865_at"
"IDO1","210029_at"
"IDO2","1568638_a_at"
"IDS","212221_x_at"
"IDUA","205059_s_at"
"IER2","202081_at"
"IER3","201631_s_at"
"IER3IP1","223071_at"
"IER5","218611_at"
"IER5L","226552_at"
"IFFO1","209721_s_at"
"IFFO2","225615_at"
"IFI16","206332_s_at"
"IFI27","202411_at"
"IFI27L1","230172_at"
"IFI27L2","223626_x_at"
"IFI30","201422_at"
"IFI35","209417_s_at"
"IFI44","214453_s_at"
"IFI44L","204439_at"
"IFI6","204415_at"
"IFIH1","219209_at"
"IFIT1","203153_at"
"IFIT2","226757_at"
"IFIT3","229450_at"
"IFIT5","203595_s_at"
"IFITM1","214022_s_at"
"IFITM10","227886_at"
"IFITM2","201315_x_at"
"IFITM3","212203_x_at"
"IFNA1","208375_at"
"IFNA10","208261_x_at"
"IFNA13","208344_x_at"
"IFNA14","208182_x_at"
"IFNA16","208448_x_at"
"IFNA17","211405_x_at"
"IFNA2","211338_at"
"IFNA21","211145_x_at"
"IFNA4","207964_x_at"
"IFNA5","214569_at"
"IFNA6","208548_at"
"IFNA7","208259_x_at"
"IFNA8","207932_at"
"IFNAR1","225669_at"
"IFNAR2","204785_x_at"
"IFNB1","208173_at"
"IFNE","1553574_at"
"IFNG","210354_at"
"IFNGR1","202727_s_at"
"IFNGR2","201642_at"
"IFNK","224093_at"
"IFNL1","1552917_at"
"IFNL2","1552915_at"
"IFNLR1","244261_at"
"IFNW1","207817_at"
"IFRD1","202146_at"
"IFRD2","209100_at"
"IFT122","220744_s_at"
"IFT140","204792_s_at"
"IFT172","226324_s_at"
"IFT20","210312_s_at"
"IFT22","222742_s_at"
"IFT25","215691_x_at"
"IFT27","205037_at"
"IFT43","226196_s_at"
"IFT46","218483_s_at"
"IFT52","218709_s_at"
"IFT56","219758_at"
"IFT57","218100_s_at"
"IFT70A","213679_at"
"IFT70B","1554588_a_at"
"IFT74","219174_at"
"IFT80","1558956_s_at"
"IFT81","219372_at"
"IFT88","204703_at"
"IFTAP","228249_at"
"IGBP1","202105_at"
"IGDCC3","232037_at"
"IGDCC4","227870_at"
"IGF1","209541_at"
"IGF1R","203628_at"
"IGF2-AS","220561_at"
"IGF2BP1","223689_at"
"IGF2BP2","218847_at"
"IGF2BP2-AS1","1562832_at"
"IGF2BP3","203820_s_at"
"IGF2R","201393_s_at"
"IGFALS","215712_s_at"
"IGFBP-AS1","217439_at"
"IGFBP1","205302_at"
"IGFBP2","202718_at"
"IGFBP3","210095_s_at"
"IGFBP4","201508_at"
"IGFBP5","211959_at"
"IGFBP6","203851_at"
"IGFBP7","201162_at"
"IGFBP7-AS1","1557395_at"
"IGFBPL1","227760_at"
"IGFL1","239430_at"
"IGFL2","231148_at"
"IGFLR1","219690_at"
"IGFN1","229275_at"
"IGH","211693_at"
"IGHD","214973_x_at"
"IGHE","1558438_a_at"
"IGHG1","211633_x_at"
"IGHM","209374_s_at"
"IGHMBP2","31861_at"
"IGHV1-69","211635_x_at"
"IGHV3-47","217239_x_at"
"IGHV3-72","217320_at"
"IGHV3-73","211642_at"
"IGHV7-81","1555179_at"
"IGIP","226977_at"
"IGK","211650_x_at"
"IGKC","214669_x_at"
"IGKV1-17","211645_x_at"
"IGKV1-5","211835_at"
"IGKV1D-13","216207_x_at"
"IGKV1D-8","216517_at"
"IGKV1OR2-108","217378_x_at"
"IGKV4-1","214777_at"
"IGLC1","217138_x_at"
"IGLJ3","216984_x_at"
"IGLL1","206660_at"
"IGLL3P","215946_x_at"
"IGLON5","244694_at"
"IGLV1-44","234707_x_at"
"IGLV2-14","217148_x_at"
"IGLV3-10","216560_x_at"
"IGLV3-25","215214_at"
"IGLV4-3","234381_at"
"IGLV4-60","215777_at"
"IGLV9-49","233969_at"
"IGLV@","217235_x_at"
"IGLVI-70","234416_at"
"IGSF1","223807_at"
"IGSF10","230670_at"
"IGSF11","228375_at"
"IGSF11-AS1","237253_at"
"IGSF21","227154_at"
"IGSF22","1553857_at"
"IGSF3","202421_at"
"IGSF5","243027_at"
"IGSF6","206420_at"
"IGSF8","225025_at"
"IGSF9","229276_at"
"IGSF9B","215255_at"
"IHH","229358_at"
"IHO1","1564600_a_at"
"IK","200066_at"
"IKBIP","227295_at"
"IKBKB","209341_s_at"
"IKBKB-DT","231378_at"
"IKBKE","204549_at"
"IKBKG","209929_s_at"
"IKZF1","205039_s_at"
"IKZF2","231929_at"
"IKZF3","227030_at"
"IKZF4","226761_at"
"IKZF5","220086_at"
"IL10","207433_at"
"IL10RA","204912_at"
"IL10RB","209575_at"
"IL10RB-DT","230632_at"
"IL11","206926_s_at"
"IL11RA","204773_at"
"IL12A","207160_at"
"IL12A-AS1","1560725_at"
"IL12B","207901_at"
"IL12RB1","239522_at"
"IL12RB2","206999_at"
"IL13","207844_at"
"IL13RA1","201887_at"
"IL13RA2","206172_at"
"IL15","205992_s_at"
"IL15RA","207375_s_at"
"IL16","209827_s_at"
"IL17A","208402_at"
"IL17B","220273_at"
"IL17C","224079_at"
"IL17D","227401_at"
"IL17F","234408_at"
"IL17RA","205707_at"
"IL17RB","219255_x_at"
"IL17RC","64440_at"
"IL17RD","227997_at"
"IL17RE","236186_x_at"
"IL18","206295_at"
"IL18BP","222868_s_at"
"IL18R1","206618_at"
"IL18RAP","207072_at"
"IL19","220745_at"
"IL1A","208200_at"
"IL1B","205067_at"
"IL1F10","224262_at"
"IL1R1","202948_at"
"IL1R2","205403_at"
"IL1RAP","205227_at"
"IL1RAPL1","222963_s_at"
"IL1RAPL2","221112_at"
"IL1RL1","242809_at"
"IL1RL2","208038_at"
"IL1RN","212657_s_at"
"IL2","207849_at"
"IL20","224071_at"
"IL20RA","219115_s_at"
"IL20RB","228575_at"
"IL21","221271_at"
"IL21R","221658_s_at"
"IL21R-AS1","1559443_s_at"
"IL22","221165_s_at"
"IL22RA1","220056_at"
"IL22RA2","237493_at"
"IL23A","220054_at"
"IL23R","1561853_a_at"
"IL24","206569_at"
"IL25","220971_at"
"IL26","221111_at"
"IL27","1552995_at"
"IL27RA","222062_at"
"IL2RA","211269_s_at"
"IL2RB","205291_at"
"IL2RG","204116_at"
"IL3","207906_at"
"IL31RA","1553032_at"
"IL32","203828_s_at"
"IL33","209821_at"
"IL34","237046_x_at"
"IL36A","221404_at"
"IL36B","231755_at"
"IL36G","220322_at"
"IL36RN","222223_s_at"
"IL37","224555_x_at"
"IL3RA","206148_at"
"IL4","207538_at"
"IL4I1","230966_at"
"IL4R","203233_at"
"IL5","207952_at"
"IL5RA","210744_s_at"
"IL6","205207_at"
"IL6-AS1","243977_at"
"IL6R","226333_at"
"IL6R-AS1","1562747_at"
"IL6ST","212195_at"
"IL6ST-DT","1557466_at"
"IL7","206693_at"
"IL7R","205798_at"
"IL9","208193_at"
"IL9R","208164_s_at"
"ILDR1","235583_at"
"ILDR2","229380_at"
"ILF2","200052_s_at"
"ILF3","211375_s_at"
"ILF3-DT","235014_at"
"ILK","201234_at"
"ILKAP","221548_s_at"
"ILRUN","217925_s_at"
"ILRUN-AS1","229444_at"
"IMMP1L","229025_s_at"
"IMMP2L","227153_at"
"IMMT","200955_at"
"IMP3","221688_s_at"
"IMP4","212411_at"
"IMPA1","203011_at"
"IMPA2","203126_at"
"IMPACT","218637_at"
"IMPDH1","204169_at"
"IMPDH2","201892_s_at"
"IMPG1","207054_at"
"IMPG2","220830_at"
"INA","204465_s_at"
"INAFM1","227325_at"
"INAFM2","231431_s_at"
"INAVA","219010_at"
"INCENP","219769_at"
"INE1","207252_at"
"INF2","218144_s_at"
"ING1","208415_x_at"
"ING2","205981_s_at"
"ING2-DT","1560841_at"
"ING3","205070_at"
"ING4","48825_at"
"ING5","223871_x_at"
"INGX","224245_at"
"INHA","210141_s_at"
"INHBA","227140_at"
"INHBA-AS1","1557850_at"
"INHBB","205258_at"
"INHBC","207688_s_at"
"INHBE","210587_at"
"INIP","223559_s_at"
"INKA1","229507_at"
"INKA2-AS1","236036_at"
"INMT","224061_at"
"INO80","229356_x_at"
"INO80B","222093_s_at"
"INO80C","229582_at"
"INO80D","227931_at"
"INO80E","227286_at"
"INPP1","202794_at"
"INPP4A","227087_at"
"INPP4B","205376_at"
"INPP5A","203006_at"
"INPP5B","213804_at"
"INPP5D","203332_s_at"
"INPP5E","204706_at"
"INPP5F","203607_at"
"INPP5J","213651_at"
"INPP5K","202781_s_at"
"INPPL1","201598_s_at"
"INS","206598_at"
"INSC","237056_at"
"INSIG1","201626_at"
"INSIG1-DT","229370_at"
"INSIG2","209566_at"
"INSL3","1553594_a_at"
"INSL4","206549_at"
"INSL5","221091_at"
"INSL6","221403_s_at"
"INSM1","206502_s_at"
"INSM2","240841_at"
"INSR","226450_at"
"INSRR","215776_at"
"INSYN1","230475_at"
"INSYN2A","244435_at"
"INSYN2B","235236_at"
"INTS1","212212_s_at"
"INTS10","229632_s_at"
"INTS11","233625_x_at"
"INTS12","218616_at"
"INTS13","221652_s_at"
"INTS14","221265_s_at"
"INTS15","47083_at"
"INTS2","224308_s_at"
"INTS3","202809_s_at"
"INTS4","225169_at"
"INTS4P1","1563887_at"
"INTS5","53968_at"
"INTS6","218819_at"
"INTS6-AS1","1557117_at"
"INTS6L","227485_at"
"INTS7","222250_s_at"
"INTS8","218905_at"
"INTS9","203941_at"
"INTU","228946_at"
"INVS","210114_at"
"IP6K1","212439_at"
"IP6K2","223165_s_at"
"IP6K3","231179_at"
"IPCEF1","214735_at"
"IPMK","238739_at"
"IPO11","1557770_at"
"IPO13","203546_at"
"IPO4","218305_at"
"IPO5","211955_at"
"IPO5P1","227234_at"
"IPO7","200992_at"
"IPO8","225528_at"
"IPO9","217885_at"
"IPP","219843_at"
"IPPK","219092_s_at"
"IPW","213447_at"
"IQCB1","205995_x_at"
"IQCC","206650_at"
"IQCE","204202_at"
"IQCF1","1552997_a_at"
"IQCF2","236767_at"
"IQCF3","1555235_s_at"
"IQCF4P","236870_at"
"IQCF5","231525_at"
"IQCF5-AS1","1564300_at"
"IQCF6","236661_at"
"IQCH","239812_s_at"
"IQCH-AS1","238485_at"
"IQCJ-SCHIP1-AS1","244152_at"
"IQCK","213392_at"
"IQCM","1569781_at"
"IQCN","232433_at"
"IQGAP1","200791_s_at"
"IQGAP2","203474_at"
"IQGAP2-AS1","243728_at"
"IQGAP3","241939_at"
"IQSEC1","203907_s_at"
"IQSEC2","214819_at"
"IQSEC3","213834_at"
"IQSEC3-AS3","1562251_a_at"
"IQUB","1568924_a_at"
"IRAG1","226047_at"
"IRAG1-AS1","231595_at"
"IRAG2","204674_at"
"IRAK1","201587_s_at"
"IRAK1BP1","238599_at"
"IRAK2","231779_at"
"IRAK3","213817_at"
"IRAK4","219618_at"
"IREB2","225892_at"
"IRF1","202531_at"
"IRF2","203275_at"
"IRF2BP1","213771_at"
"IRF2BP2","224569_s_at"
"IRF2BPL","223474_at"
"IRF3","202621_at"
"IRF4","204562_at"
"IRF5","205469_s_at"
"IRF6","202597_at"
"IRF7","208436_s_at"
"IRF8","204057_at"
"IRF9","203882_at"
"IRGC","214392_at"
"IRGM","1563335_at"
"IRGQ","221877_at"
"IRS1","204686_at"
"IRS2","209185_s_at"
"IRS4","207403_at"
"IRX1","230472_at"
"IRX2","228404_at"
"IRX3","229638_at"
"IRX4","220225_at"
"IRX4-DT","1562811_at"
"IRX5","210239_at"
"ISCA1","209274_s_at"
"ISCA2","226007_at"
"ISCU","209075_s_at"
"ISG15","205483_s_at"
"ISG20","33304_at"
"ISG20L2","212766_s_at"
"ISL1","206104_at"
"ISL2","232352_at"
"ISLR","207191_s_at"
"ISLR2","232208_at"
"ISM1","235182_at"
"ISM1-AS1","240719_at"
"ISM2","228212_at"
"ISOC1","218170_at"
"ISOC2","218893_at"
"IST1","200851_s_at"
"ISX","232707_at"
"ISY1","223831_x_at"
"ISYNA1","222240_s_at"
"ITCH","236235_at"
"ITFG1","221449_s_at"
"ITFG2","226295_at"
"ITGA1","226731_at"
"ITGA10","206766_at"
"ITGA11","222899_at"
"ITGA2","227314_at"
"ITGA2B","206493_at"
"ITGA3","201474_s_at"
"ITGA4","213416_at"
"ITGA5","201389_at"
"ITGA6","201656_at"
"ITGA6-AS1","229643_at"
"ITGA7","216331_at"
"ITGA8","235666_at"
"ITGA9","227297_at"
"ITGA9-AS1","1563635_at"
"ITGAD","1560686_at"
"ITGAE","205055_at"
"ITGAL","213475_s_at"
"ITGAM","205786_s_at"
"ITGAV","202351_at"
"ITGAX","210184_at"
"ITGB1","211945_s_at"
"ITGB1-DT","244864_at"
"ITGB1BP1","203336_s_at"
"ITGB1BP2","219829_at"
"ITGB2","202803_s_at"
"ITGB2-AS1","229041_s_at"
"ITGB3","204626_s_at"
"ITGB3BP","205176_s_at"
"ITGB4","204990_s_at"
"ITGB5","201125_s_at"
"ITGB7","205718_at"
"ITGB8","226189_at"
"ITGB8-AS1","230446_at"
"ITGBL1","214927_at"
"ITIH1","210888_s_at"
"ITIH2","204987_at"
"ITIH3","205755_at"
"ITIH4","206287_s_at"
"ITIH5","219064_at"
"ITIH6","234894_at"
"ITK","211339_s_at"
"ITLN1","223597_at"
"ITM2A","202747_s_at"
"ITM2B","217732_s_at"
"ITM2C","221004_s_at"
"ITPA","209171_at"
"ITPK1","210740_s_at"
"ITPK1-AS1","234594_at"
"ITPKA","205874_at"
"ITPKB","203723_at"
"ITPKB-IT1","240398_at"
"ITPKC","213076_at"
"ITPR1","203710_at"
"ITPR1-DT","239764_at"
"ITPR2","202660_at"
"ITPR3","201189_s_at"
"ITPR3-AS1","232827_at"
"ITPRID1","234027_at"
"ITPRID2","202506_at"
"ITPRIP","225582_at"
"ITPRIPL1","240037_at"
"ITPRIPL2","227792_at"
"ITSN1","209297_at"
"ITSN2","209898_x_at"
"IVD","225311_at"
"IVL","214599_at"
"IVNS1ABP","206245_s_at"
"IWS1","224768_at"
"IYD","231070_at"
"IZUMO1","1554196_at"
"IZUMO2","240559_at"
"IZUMO4","214296_x_at"
"JADE1","218517_at"
"JADE2","212660_at"
"JADE3","204866_at"
"JAG1","209099_x_at"
"JAG2","32137_at"
"JAGN1","223104_at"
"JAK1","201648_at"
"JAK2","205842_s_at"
"JAK3","227677_at"
"JAKMIP1","238600_at"
"JAKMIP2","205888_s_at"
"JAKMIP2-AS1","1561101_at"
"JAKMIP3","233076_at"
"JAM2","219213_at"
"JAM3","212813_at"
"JAML","228094_at"
"JARID2","203297_s_at"
"JARID2-AS1","240828_at"
"JAZF1","225798_at"
"JAZF1-AS1","1559650_at"
"JCAD","213316_at"
"JCHAIN","212592_at"
"JDP2","226267_at"
"JHY","220141_at"
"JKAMP","223215_s_at"
"JMJD1C","221763_at"
"JMJD1C-AS1","1552665_at"
"JMJD4","222671_s_at"
"JMJD6","212723_at"
"JMJD8","224886_at"
"JMY","226352_at"
"JOSD1","201751_at"
"JOSD2","227096_at"
"JPH1","229139_at"
"JPH2","229578_at"
"JPH3","243679_at"
"JPT1","217755_at"
"JPT2","212115_at"
"JPX","1554447_at"
"JRK","216309_x_at"
"JRKL","206734_at"
"JTB","210434_x_at"
"JUN","201464_x_at"
"JUNB","201473_at"
"JUND","203752_s_at"
"JUP","201015_s_at"
"KAAG1","224157_at"
"KALRN","227750_at"
"KANK1","213005_s_at"
"KANK2","218418_s_at"
"KANK3","213715_s_at"
"KANK4","229125_at"
"KANSL1","225117_at"
"KANSL1-AS1","230388_s_at"
"KANSL1L","231252_at"
"KANSL1L-AS1","1558595_at"
"KANSL2","221821_s_at"
"KANSL3","224318_s_at"
"KARS1","200840_at"
"KASH5","240950_s_at"
"KAT14","225432_s_at"
"KAT2A","202182_at"
"KAT2B","203845_at"
"KAT5","206689_x_at"
"KAT6A","202423_at"
"KAT6B","212462_at"
"KAT7","200049_at"
"KAT8","221820_s_at"
"KATNA1","205526_s_at"
"KATNAL1","227713_at"
"KATNAL2","1554234_at"
"KATNB1","203162_s_at"
"KATNBL1","222745_s_at"
"KATNIP","213185_at"
"KAZALD1","217511_at"
"KAZN","213478_at"
"KBTBD11","204301_at"
"KBTBD12","244771_at"
"KBTBD2","212447_at"
"KBTBD3","228777_at"
"KBTBD4","218570_at"
"KBTBD6","226479_at"
"KBTBD7","223412_at"
"KBTBD8","239835_at"
"KCMF1","217938_s_at"
"KCNA1","208479_at"
"KCNA10","208560_at"
"KCNA2","208564_at"
"KCNA3","207237_at"
"KCNA4","207248_at"
"KCNA5","206762_at"
"KCNA7","232936_at"
"KCNAB1","210078_s_at"
"KCNAB2","203402_at"
"KCNAB3","221413_at"
"KCNB1","217637_at"
"KCNB2","208172_s_at"
"KCNC1","208477_at"
"KCNC2","222289_at"
"KCNC3","230531_at"
"KCNC4","228436_at"
"KCND1","206842_at"
"KCND2","207103_at"
"KCND3","213832_at"
"KCNE2","221095_s_at"
"KCNE3","227647_at"
"KCNE4","222379_at"
"KCNE5","220010_at"
"KCNF1","210263_at"
"KCNG1","211053_at"
"KCNG2","208550_x_at"
"KCNG3","1552898_a_at"
"KCNG4","1552598_at"
"KCNH1","207635_s_at"
"KCNH2","210036_s_at"
"KCNH3","223726_at"
"KCNH4","220802_at"
"KCNH5","1555074_a_at"
"KCNH6","221023_s_at"
"KCNH7","224099_at"
"KCNH7-AS1","237608_at"
"KCNH8","1552742_at"
"KCNIP1","221307_at"
"KCNIP2","223727_at"
"KCNIP2-AS1","237266_at"
"KCNIP3","231774_at"
"KCNIP4","224530_s_at"
"KCNJ1","210403_s_at"
"KCNJ10","228581_at"
"KCNJ11","231740_at"
"KCNJ12","232289_at"
"KCNJ13","210179_at"
"KCNJ14","220776_at"
"KCNJ15","210119_at"
"KCNJ16","219564_at"
"KCNJ2","206765_at"
"KCNJ2-AS1","1558234_at"
"KCNJ3","233059_at"
"KCNJ4","208359_s_at"
"KCNJ5","238780_s_at"
"KCNJ5-AS1","1553787_at"
"KCNJ6","210454_s_at"
"KCNJ8","205304_s_at"
"KCNJ9","207527_at"
"KCNK1","204679_at"
"KCNK10","220727_at"
"KCNK10-AS1","1560325_at"
"KCNK12","220448_at"
"KCNK13","221325_at"
"KCNK15","1560620_at"
"KCNK16","234554_at"
"KCNK17","224049_at"
"KCNK2","210261_at"
"KCNK3","228127_at"
"KCNK4","224552_s_at"
"KCNK5","219615_s_at"
"KCNK6","223658_at"
"KCNK7","220412_x_at"
"KCNK9","238870_at"
"KCNMA1","221584_s_at"
"KCNMA1-AS1","1569763_at"
"KCNMB1","209948_at"
"KCNMB2","221097_s_at"
"KCNMB2-AS1","233205_at"
"KCNMB3","221125_s_at"
"KCNMB4","222857_s_at"
"KCNN1","206231_at"
"KCNN2","220116_at"
"KCNN3","205902_at"
"KCNN4","204401_at"
"KCNQ1","204487_s_at"
"KCNQ1-AS1","1562960_at"
"KCNQ1DN","220629_at"
"KCNQ1OT1","243435_at"
"KCNQ2","211486_s_at"
"KCNQ3","228579_at"
"KCNQ4","243209_at"
"KCNQ5","223891_at"
"KCNRG","239098_at"
"KCNS1","207366_at"
"KCNS2","1554212_s_at"
"KCNS3","205968_at"
"KCNT1","1563608_a_at"
"KCNT2","244455_at"
"KCNU1","237273_at"
"KCNV1","215736_at"
"KCNV2","217522_at"
"KCP","242855_at"
"KCTD1","226245_at"
"KCTD10","226518_at"
"KCTD11","235857_at"
"KCTD12","212188_at"
"KCTD13","221889_at"
"KCTD15","222668_at"
"KCTD16","233234_at"
"KCTD17","205561_at"
"KCTD18","226493_at"
"KCTD19","244538_at"
"KCTD2","34858_at"
"KCTD20","228299_at"
"KCTD21","229873_at"
"KCTD3","217894_at"
"KCTD4","239787_at"
"KCTD5","218474_s_at"
"KCTD6","238077_at"
"KCTD7","213474_at"
"KCTD9","218823_s_at"
"KDELR1","1555575_a_at"
"KDELR2","200700_s_at"
"KDELR3","204017_at"
"KDF1","236058_at"
"KDM1A","212348_s_at"
"KDM1B","227021_at"
"KDM2A","208988_at"
"KDM2B","226215_s_at"
"KDM3A","212689_s_at"
"KDM3B","201643_x_at"
"KDM4A","203205_at"
"KDM4B","212496_s_at"
"KDM4C","209984_at"
"KDM4D","242788_at"
"KDM5A","202040_s_at"
"KDM5B","211202_s_at"
"KDM5C","202383_at"
"KDM5D","206700_s_at"
"KDM6A","203992_s_at"
"KDM6B","41386_i_at"
"KDM7A","221778_at"
"KDM7A-DT","232579_at"
"KDM8","220070_at"
"KDR","203934_at"
"KDSR","202419_at"
"KEAP1","202417_at"
"KEL","206077_at"
"KERA","220504_at"
"KGD4","224302_s_at"
"KHDC1","230055_at"
"KHDC3L","231474_at"
"KHDC4","202220_at"
"KHDRBS1","200040_at"
"KHDRBS2","215527_at"
"KHDRBS3","209781_s_at"
"KHK","211028_s_at"
"KHNYN","212355_at"
"KHSRP","204372_s_at"
"KIAA0040","203143_s_at"
"KIAA0087","207161_at"
"KIAA0232","212441_at"
"KIAA0319","206017_at"
"KIAA0319L","222468_at"
"KIAA0408","205496_at"
"KIAA0513","204546_at"
"KIAA0586","205631_at"
"KIAA0753","204711_at"
"KIAA0825","233915_at"
"KIAA0930","217118_s_at"
"KIAA1143","226816_s_at"
"KIAA1191","224502_s_at"
"KIAA1191P2","1570040_at"
"KIAA1210","232332_at"
"KIAA1217","231807_at"
"KIAA1328","232358_at"
"KIAA1549","238885_at"
"KIAA1549L","235486_at"
"KIAA1586","231869_at"
"KIAA1614","215367_at"
"KIAA1671","225525_at"
"KIAA1755","1561394_s_at"
"KIAA1958","235112_at"
"KIAA2012","1564193_at"
"KIAA2012-AS1","1556536_at"
"KIAA2013","224706_at"
"KICS2","1554067_at"
"KIDINS220","212163_at"
"KIF11","204444_at"
"KIF12","229258_at"
"KIF13A","235072_s_at"
"KIF13B","202962_at"
"KIF14","206364_at"
"KIF15","219306_at"
"KIF16B","232083_at"
"KIF17","222144_at"
"KIF18A","221258_s_at"
"KIF18B","222039_at"
"KIF19","236426_at"
"KIF1A","225482_at"
"KIF1B","209234_at"
"KIF1C","209244_s_at"
"KIF1C-AS1","244577_at"
"KIF20A","218755_at"
"KIF20B","205235_s_at"
"KIF21A","226003_at"
"KIF21B","204411_at"
"KIF22","202183_s_at"
"KIF23","204709_s_at"
"KIF23-AS1","243622_at"
"KIF24","220652_at"
"KIF25","208128_x_at"
"KIF25-AS1","211350_s_at"
"KIF26A","234307_s_at"
"KIF26B","238617_at"
"KIF27","232514_at"
"KIF27P2","230815_at"
"KIF2A","203087_s_at"
"KIF2B","223926_at"
"KIF2C","209408_at"
"KIF3A","213623_at"
"KIF3B","225205_at"
"KIF3C","203390_s_at"
"KIF4A","218355_at"
"KIF5A","205318_at"
"KIF5B","201991_s_at"
"KIF5C","203130_s_at"
"KIF6","1556232_at"
"KIF7","229405_at"
"KIF9","231319_x_at"
"KIF9-AS1","1557613_at"
"KIFAP3","203333_at"
"KIFBP","212453_at"
"KIFC1","209680_s_at"
"KIFC2","226792_s_at"
"KIFC3","209661_at"
"KIN","205664_at"
"KIR2DL2","211397_x_at"
"KIR2DL3","208179_x_at"
"KIR2DL4","211245_x_at"
"KIR2DS1","208198_x_at"
"KIR2DS2","211532_x_at"
"KIR2DS4","216552_x_at"
"KIR2DS5","208203_x_at"
"KIR3DL1","211687_x_at"
"KIR3DL2","207313_x_at"
"KIR3DL3","216676_x_at"
"KIR3DS1","211389_x_at"
"KIR3DX1","216492_at"
"KIRREL1","225303_at"
"KIRREL2","223755_at"
"KIRREL3","240402_at"
"KIRREL3-AS2","1569646_a_at"
"KIRREL3-AS3","1553478_at"
"KISS1","205563_at"
"KISS1R","242517_at"
"KIT","205051_s_at"
"KITLG","226534_at"
"KIZ","228291_s_at"
"KIZ-AS1","1569698_s_at"
"KL","205978_at"
"KLB","244276_at"
"KLC1","213656_s_at"
"KLC2","218906_x_at"
"KLC3","1552749_a_at"
"KLC4","225596_at"
"KLF1","210504_at"
"KLF10","202393_s_at"
"KLF11","218486_at"
"KLF12","227261_at"
"KLF13","225390_s_at"
"KLF14","1552813_at"
"KLF15","231015_at"
"KLF16","224111_x_at"
"KLF17","1553891_at"
"KLF18","234615_at"
"KLF2","219371_s_at"
"KLF3","225133_at"
"KLF3-AS1","219871_at"
"KLF4","221841_s_at"
"KLF5","209212_s_at"
"KLF6","1555832_s_at"
"KLF7","204334_at"
"KLF8","241417_at"
"KLF9","203542_s_at"
"KLHDC1","1552733_at"
"KLHDC10","210111_s_at"
"KLHDC2","217906_at"
"KLHDC3","214383_x_at"
"KLHDC4","221219_s_at"
"KLHDC7A","1556012_at"
"KLHDC7B","1552639_at"
"KLHDC7B-DT","243754_at"
"KLHDC8A","222871_at"
"KLHDC8B","225755_at"
"KLHDC9","227582_at"
"KLHL1","223810_at"
"KLHL10","1552425_a_at"
"KLHL11","226883_at"
"KLHL12","225068_at"
"KLHL13","227875_at"
"KLHL14","1554942_a_at"
"KLHL15","226370_at"
"KLHL17","1555650_at"
"KLHL18","212882_at"
"KLHL2","219157_at"
"KLHL20","204177_s_at"
"KLHL21","203068_at"
"KLHL22","49329_at"
"KLHL23","241682_at"
"KLHL24","206551_x_at"
"KLHL25","210307_s_at"
"KLHL26","219354_at"
"KLHL28","235727_at"
"KLHL29","229310_at"
"KLHL3","221221_s_at"
"KLHL30-AS1","1554782_at"
"KLHL31","234782_at"
"KLHL32","1553765_a_at"
"KLHL34","238832_at"
"KLHL35","214208_at"
"KLHL36","227319_at"
"KLHL4","1553027_a_at"
"KLHL40","1555044_a_at"
"KLHL41","222827_s_at"
"KLHL42","225732_at"
"KLHL5","226001_at"
"KLHL6","228167_at"
"KLHL7","223250_at"
"KLHL8","226874_at"
"KLHL9","213233_s_at"
"KLK1","216699_s_at"
"KLK10","209792_s_at"
"KLK11","205470_s_at"
"KLK12","234316_x_at"
"KLK13","216670_at"
"KLK14","220573_at"
"KLK15","234495_at"
"KLK2","210339_s_at"
"KLK3","231629_x_at"
"KLK4","1555697_at"
"KLK5","222242_s_at"
"KLK6","204733_at"
"KLK7","239381_at"
"KLK8","206125_s_at"
"KLKB1","206541_at"
"KLLN","244431_at"
"KLRA1P","207229_at"
"KLRB1","214470_at"
"KLRC3","207723_s_at"
"KLRC4","210690_at"
"KLRD1","210606_x_at"
"KLRF1","220646_s_at"
"KLRG1","210288_at"
"KLRG2","231195_at"
"KLRK1-AS1","242873_at"
"KMO","211138_s_at"
"KMT2A","212080_at"
"KMT2B","203419_at"
"KMT2C","222415_at"
"KMT2D","227527_at"
"KMT2E","223190_s_at"
"KMT2E-AS1","238473_at"
"KMT5A","228443_s_at"
"KMT5B","218242_s_at"
"KMT5C","224431_s_at"
"KNCN","1564044_at"
"KNDC1","230359_at"
"KNG1","206054_at"
"KNL1","228323_at"
"KNOP1","229558_at"
"KNSTRN","225300_at"
"KNTC1","206316_s_at"
"KPLCE","216701_at"
"KPNA1","202055_at"
"KPNA2","201088_at"
"KPNA3","221502_at"
"KPNA4","225268_at"
"KPNA5","227934_at"
"KPNA6","212101_at"
"KPNB1","213507_s_at"
"KPTN","220160_s_at"
"KRABD1","228721_at"
"KRABD1-AS1","1556796_at"
"KRABD2","1558533_at"
"KRABD3","236275_at"
"KRABD4","206583_at"
"KRABD5","238510_at"
"KRAS","204009_s_at"
"KRCC1","218303_x_at"
"KREMEN1","235370_at"
"KREMEN2","219692_at"
"KRI1","218798_at"
"KRIT1","34031_i_at"
"KRR1","203202_at"
"KRT1","205900_at"
"KRT10","210633_x_at"
"KRT10-AS1","226565_at"
"KRT12","207811_at"
"KRT13","207935_s_at"
"KRT14","209351_at"
"KRT15","204734_at"
"KRT16","209800_at"
"KRT17","212236_x_at"
"KRT17P5","241828_x_at"
"KRT18","201596_x_at"
"KRT19","201650_at"
"KRT19P2","217350_at"
"KRT2","207908_at"
"KRT20","213953_at"
"KRT222","244111_at"
"KRT23","218963_s_at"
"KRT24","220267_at"
"KRT25","237905_at"
"KRT27","240388_at"
"KRT3","217325_at"
"KRT31","206677_at"
"KRT32","207146_at"
"KRT33A","208483_x_at"
"KRT33B","207787_at"
"KRT35","216921_s_at"
"KRT36","214576_at"
"KRT37","207649_at"
"KRT38","207716_at"
"KRT4","214399_s_at"
"KRT40","1562629_a_at"
"KRT5","201820_at"
"KRT6A","209125_at"
"KRT6B","209126_x_at"
"KRT7","209016_s_at"
"KRT71","231461_at"
"KRT72","1564435_a_at"
"KRT73","237507_at"
"KRT74","231583_at"
"KRT75","207065_at"
"KRT76","207878_at"
"KRT77","237120_at"
"KRT78","1553212_at"
"KRT79","1569909_at"
"KRT8","209008_x_at"
"KRT80","231849_at"
"KRT81","213711_at"
"KRT82","233158_at"
"KRT83","207669_at"
"KRT84","217031_at"
"KRT85","207670_at"
"KRT86","215189_at"
"KRT8P12","222060_at"
"KRT9","208188_at"
"KRTAP1-1","220976_s_at"
"KRTAP1-3","234880_x_at"
"KRTAP1-5","233533_at"
"KRTAP10-11","1560897_a_at"
"KRTAP10-12","237853_x_at"
"KRTAP11-1","1564803_at"
"KRTAP13-1","1564921_at"
"KRTAP17-1","234680_at"
"KRTAP19-1","1556410_a_at"
"KRTAP19-3","240967_at"
"KRTAP2-1","234691_at"
"KRTAP2-3","1555673_at"
"KRTAP3-1","233537_at"
"KRTAP3-2","233534_at"
"KRTAP3-3","233681_at"
"KRTAP4-1","234635_at"
"KRTAP4-11","234633_at"
"KRTAP4-12","224269_at"
"KRTAP4-2","234671_at"
"KRTAP4-3","234678_at"
"KRTAP4-4","234684_s_at"
"KRTAP4-5","234637_at"
"KRTAP4-6","234683_at"
"KRTAP4-8","234631_at"
"KRTAP4-9","234685_x_at"
"KRTAP5-8","208532_x_at"
"KRTAP5-9","214517_at"
"KRTAP5-AS1","1562681_at"
"KRTAP7-1","1564960_at"
"KRTAP8-1","1564974_at"
"KRTAP9-3","234679_at"
"KRTAP9-4","233640_x_at"
"KRTAP9-8","234639_x_at"
"KRTAP9-9","220972_s_at"
"KRTCAP2","224885_s_at"
"KRTCAP3","235148_at"
"KRTDAP","230835_at"
"KSR1","235252_at"
"KSR2","230551_at"
"KTN1","200915_x_at"
"KXD1","200076_s_at"
"KY","1564254_at"
"KYAT1","206037_at"
"KYAT3","209472_at"
"KYNU","204385_at"
"L1CAM","204585_s_at"
"L1TD1","219955_at"
"L2HGDH","220089_at"
"L3HYPDH","227699_at"
"L3MBTL1","216076_at"
"L3MBTL2","223205_s_at"
"L3MBTL3","229393_at"
"L3MBTL4","228557_at"
"L3MBTL4-AS1","240264_at"
"LACC1","228937_at"
"LACRT","224540_at"
"LACTB","226354_at"
"LACTB2","222714_s_at"
"LACTB2-AS1","1559264_at"
"LAD1","203287_at"
"LAG3","206486_at"
"LAGE3","219061_s_at"
"LAIR1","210644_s_at"
"LAIR2","207509_s_at"
"LALBA","207816_at"
"LAMA1","222346_at"
"LAMA2","213519_s_at"
"LAMA3","203726_s_at"
"LAMA4","202202_s_at"
"LAMA4-AS1","240917_at"
"LAMA5","210150_s_at"
"LAMA5-AS1","242987_x_at"
"LAMB1","201505_at"
"LAMB2","216264_s_at"
"LAMB2P1","230616_at"
"LAMB3","209270_at"
"LAMB4","234334_s_at"
"LAMC1","200771_at"
"LAMC2","202267_at"
"LAMC3","219407_s_at"
"LAMP1","201553_s_at"
"LAMP2","203041_s_at"
"LAMP3","205569_at"
"LAMP5","219463_at"
"LAMTOR1","223009_at"
"LAMTOR2","218291_at"
"LAMTOR3","217971_at"
"LAMTOR4","224890_s_at"
"LAMTOR5","202299_s_at"
"LAMTOR5-AS1","237065_s_at"
"LANCL1","202020_s_at"
"LANCL2","222561_at"
"LANCL3","243856_at"
"LAP3","217933_s_at"
"LAPTM4A","200673_at"
"LAPTM4B","214039_s_at"
"LAPTM5","201721_s_at"
"LARGE-AS1","1562449_s_at"
"LARGE1","215543_s_at"
"LARGE2","227829_at"
"LARP1","212137_at"
"LARP1B","226750_at"
"LARP4","212714_at"
"LARP4B","208953_at"
"LARP6","218651_s_at"
"LARP7","212785_s_at"
"LARS1","222427_s_at"
"LARS2","204016_at"
"LAS1L","208117_s_at"
"LASP1","200618_at"
"LASP1NB","238360_s_at"
"LAT","209881_s_at"
"LAT2","221581_s_at"
"LATS1","227772_at"
"LATS2","227013_at"
"LAX1","207734_at"
"LAYN","228080_at"
"LBH","221011_s_at"
"LBP","211652_s_at"
"LBR","201795_at"
"LBX1","208380_at"
"LBX1-AS1","244209_at"
"LBX2-AS1","238422_at"
"LCA5","244401_at"
"LCA5L","232196_at"
"LCAL1","1553413_at"
"LCAT","204428_s_at"
"LCDR","229722_at"
"LCE1B","1560531_at"
"LCE1E","1559226_x_at"
"LCE2B","207710_at"
"LCE3D","224328_s_at"
"LCIIAR","1557406_s_at"
"LCK","204891_s_at"
"LCLAT1","226996_at"
"LCMT1","221515_s_at"
"LCMT1-AS2","1558007_s_at"
"LCMT1P1","1554187_at"
"LCMT2","204012_s_at"
"LCN1","207930_at"
"LCN10","238071_at"
"LCN12","230717_at"
"LCN15","1569532_a_at"
"LCN2","212531_at"
"LCN6","1559864_at"
"LCN8","1569614_s_at"
"LCNL1","1560488_at"
"LCOR","228454_at"
"LCORL","240592_at"
"LCP1","208885_at"
"LCP2","205270_s_at"
"LCT","206945_at"
"LCT-AS1","1557386_at"
"LCTL","1563899_at"
"LDAF1","213272_s_at"
"LDAH","222192_s_at"
"LDB1","203451_at"
"LDB2","206481_s_at"
"LDB3","234130_at"
"LDC1P","1566646_at"
"LDHA","200650_s_at"
"LDHAL6A","1553888_at"
"LDHAL6B","210712_at"
"LDHB","213564_x_at"
"LDHC","207022_s_at"
"LDHD","229241_at"
"LDLR","202068_s_at"
"LDLRAD3","234985_at"
"LDLRAD4","207996_s_at"
"LDLRAD4-AS1","1560181_at"
"LDLRAP1","57082_at"
"LDOC1","204454_at"
"LEAP2","1552362_a_at"
"LECT2","207409_at"
"LEF1","221558_s_at"
"LEF1-AS1","243362_s_at"
"LEFTY1","206268_at"
"LEFTY2","206012_at"
"LEISA1","239141_at"
"LEKR1","1564653_s_at"
"LELP1","231363_at"
"LEMD1","229927_at"
"LEMD1-AS1","1561281_a_at"
"LEMD2","224980_at"
"LEMD3","218604_at"
"LENEP","221115_s_at"
"LENG1","232018_at"
"LENG8","224673_at"
"LENG9","1554589_at"
"LEO1","235096_at"
"LEP","207092_at"
"LEPR","209894_at"
"LEPROT","202378_s_at"
"LEPROTL1","202595_s_at"
"LERFS","1557584_at"
"LETM1","222006_at"
"LETM2","1557415_s_at"
"LETMD1","207170_s_at"
"LETR1","1562901_at"
"LFNG","228762_at"
"LGALS1","201105_at"
"LGALS12","223828_s_at"
"LGALS13","220440_at"
"LGALS14","220158_at"
"LGALS2","208450_at"
"LGALS3","208949_s_at"
"LGALS3BP","200923_at"
"LGALS4","204272_at"
"LGALS8","208933_s_at"
"LGALS8-AS1","234611_at"
"LGALS9","203236_s_at"
"LGALSL","226188_at"
"LGI1","206349_at"
"LGI2","219699_at"
"LGI3","238061_at"
"LGI4","227821_at"
"LGMN","201212_at"
"LGR4","218326_s_at"
"LGR5","210393_at"
"LGR6","227819_at"
"LGSN","220393_at"
"LHB","214471_x_at"
"LHCGR","207240_s_at"
"LHFPL1","236048_at"
"LHFPL2","212658_at"
"LHFPL3","236761_at"
"LHFPL3-AS1","1554302_s_at"
"LHFPL3-AS2","239656_at"
"LHFPL4","228422_at"
"LHFPL5","1555043_at"
"LHFPL6","218656_s_at"
"LHPP","218523_at"
"LHX1","206230_at"
"LHX2","211219_s_at"
"LHX3","221670_s_at"
"LHX4","1553156_at"
"LHX5","208333_at"
"LHX6","219884_at"
"LHX8","1569469_a_at"
"LHX9","1565406_a_at"
"LIAS","214045_at"
"LIAT1","229238_at"
"LIF","205266_at"
"LIF-AS2","1554305_at"
"LIFR","225575_at"
"LIFR-AS1","1559986_at"
"LIG1","202726_at"
"LIG3","1554599_x_at"
"LIG4","206235_at"
"LILRA1","207872_s_at"
"LILRA2","211100_x_at"
"LILRA3","206881_s_at"
"LILRA4","210313_at"
"LILRA5","215839_at"
"LILRB1","211336_x_at"
"LILRB2","207697_x_at"
"LILRB4","210152_at"
"LILRB5","206856_at"
"LILRP2","214561_at"
"LIM2","220519_s_at"
"LIMA1","217892_s_at"
"LIMCH1","212328_at"
"LIMD1","234687_x_at"
"LIMD1-AS1","233541_at"
"LIMD2","218600_at"
"LIME1","219541_at"
"LIMK1","204357_s_at"
"LIMK2","202193_at"
"LIMS1","212687_at"
"LIMS2","220765_s_at"
"LIN28A","219823_at"
"LIN28B","229349_at"
"LIN28B-AS1","244175_at"
"LIN37","232534_at"
"LIN52","231959_at"
"LIN54","235809_at"
"LIN7A","227929_at"
"LIN7B","219760_at"
"LIN7C","221568_s_at"
"LIN9","235039_x_at"
"LINC-PINT","228702_at"
"LINC00028","233812_at"
"LINC00029","231760_at"
"LINC00051","1554976_a_at"
"LINC00052","1553226_at"
"LINC00092","1562733_at"
"LINC00102","1562916_at"
"LINC00106","238104_at"
"LINC00112","1560881_a_at"
"LINC00113","231491_at"
"LINC00115","220399_at"
"LINC00158","231303_at"
"LINC00161","1554405_a_at"
"LINC00163","1562034_at"
"LINC00165","1568849_at"
"LINC00173","237591_at"
"LINC00174","235397_at"
"LINC00184","1559646_a_at"
"LINC00189","1553608_a_at"
"LINC00205","226995_at"
"LINC00208","1552955_at"
"LINC00210","1562802_at"
"LINC00221","1564601_at"
"LINC00226","238387_s_at"
"LINC00240","1568854_at"
"LINC00242","1561327_at"
"LINC00244","237088_at"
"LINC00260","210711_at"
"LINC00261","228004_at"
"LINC00265","1558423_at"
"LINC00269","1553457_at"
"LINC00276","1569755_at"
"LINC00280","243384_at"
"LINC00290","1556099_at"
"LINC00293","240682_at"
"LINC00298","1560413_at"
"LINC00299","1562717_at"
"LINC00301","1554765_a_at"
"LINC00302","216935_at"
"LINC00304","1564334_at"
"LINC00305","1553934_at"
"LINC00307","1563385_at"
"LINC00308","1552604_at"
"LINC00309","234847_at"
"LINC00310","237326_at"
"LINC00311","1552856_at"
"LINC00312","220244_at"
"LINC00313","240589_at"
"LINC00314","1553519_at"
"LINC00315","1553832_at"
"LINC00317","1554983_at"
"LINC00320","1564392_at"
"LINC00323","240068_at"
"LINC00324","230012_at"
"LINC00326","1561691_at"
"LINC00327","240219_at"
"LINC00328","220771_at"
"LINC00330","1564263_at"
"LINC00334","240009_at"
"LINC00339","219865_at"
"LINC00342","213703_at"
"LINC00343","1561540_at"
"LINC00347","237980_at"
"LINC00348","233170_at"
"LINC00354","1568636_a_at"
"LINC00358","1562949_at"
"LINC00382","1560548_at"
"LINC00391","239634_at"
"LINC00396","233529_at"
"LINC00408","1556206_at"
"LINC00410","1564287_at"
"LINC00421","1555196_at"
"LINC00423","1569728_at"
"LINC00424","1562081_a_at"
"LINC00437","1562596_at"
"LINC00445","231330_at"
"LINC00452","1570447_at"
"LINC00454","241522_at"
"LINC00458","237275_at"
"LINC00459","240431_at"
"LINC00460","1558930_at"
"LINC00462","241118_at"
"LINC00463","1569537_at"
"LINC00466","242284_at"
"LINC00467","224444_s_at"
"LINC00470","234712_at"
"LINC00471","1552979_at"
"LINC00472","235771_at"
"LINC00473","230251_at"
"LINC00474","220660_at"
"LINC00475","233525_s_at"
"LINC00477","1553484_at"
"LINC00479","1553918_at"
"LINC00482","243263_at"
"LINC00485","1561222_at"
"LINC00486","1556999_at"
"LINC00487","231455_at"
"LINC00488","1569332_at"
"LINC00491","1564281_at"
"LINC00494","236854_at"
"LINC00504","1553882_at"
"LINC00507","1557475_at"
"LINC00508","1555187_at"
"LINC00513","239814_at"
"LINC00515","1556414_at"
"LINC00518","244829_at"
"LINC00520","1555786_s_at"
"LINC00523","1560198_at"
"LINC00525","1553708_at"
"LINC00526","229829_at"
"LINC00528","1556072_at"
"LINC00529","1565424_at"
"LINC00536","1561288_at"
"LINC00537","1554517_x_at"
"LINC00540","1561367_a_at"
"LINC00543","232448_at"
"LINC00544","233804_at"
"LINC00545","239781_at"
"LINC00550","1557717_at"
"LINC00555","1562173_a_at"
"LINC00556","1560988_a_at"
"LINC00557","233661_at"
"LINC00558","1556884_a_at"
"LINC00559","1563568_at"
"LINC00560","1561478_at"
"LINC00561","1561287_at"
"LINC00563","215738_at"
"LINC00564","1562990_at"
"LINC00566","1569983_at"
"LINC00567","1559079_at"
"LINC00572","1563296_at"
"LINC00574","220904_at"
"LINC00582","236986_at"
"LINC00587","1563260_at"
"LINC00588","210464_at"
"LINC00589","232718_at"
"LINC00592","1558195_at"
"LINC00593","1554715_at"
"LINC00595","244701_at"
"LINC00597","208109_s_at"
"LINC00598","233432_at"
"LINC00605","1556505_at"
"LINC00606","1556448_a_at"
"LINC00607","1564200_at"
"LINC00608","239507_at"
"LINC00612","1555040_at"
"LINC00615","1553497_at"
"LINC00616","1561098_at"
"LINC00619","1560851_at"
"LINC00620","1563043_at"
"LINC00622","1558404_at"
"LINC00623","229429_x_at"
"LINC00624","1557597_at"
"LINC00626","224020_at"
"LINC00628","1565554_at"
"LINC00629","232822_x_at"
"LINC00630","1560222_at"
"LINC00632","1557133_at"
"LINC00635","238283_at"
"LINC00636","1560514_at"
"LINC00639","1557821_at"
"LINC00641","240902_at"
"LINC00642","1557656_at"
"LINC00644","237540_at"
"LINC00645","1559992_a_at"
"LINC00648","1557215_at"
"LINC00652","220747_at"
"LINC00654","229992_at"
"LINC00656","1554382_at"
"LINC00658","231458_at"
"LINC00659","1562478_at"
"LINC00661","237242_at"
"LINC00662","235191_at"
"LINC00663","216126_at"
"LINC00664","1562348_at"
"LINC00665","242462_at"
"LINC00667","226235_at"
"LINC00668","242683_at"
"LINC00671","1556737_at"
"LINC00673","230858_at"
"LINC00674","227567_at"
"LINC00680","243909_x_at"
"LINC00682","1569418_at"
"LINC00685","232463_at"
"LINC00687","232836_at"
"LINC00689","243261_at"
"LINC00690","244325_at"
"LINC00691","1561059_a_at"
"LINC00692","1556529_a_at"
"LINC00698","1557369_a_at"
"LINC00700","1564209_at"
"LINC00703","1558660_at"
"LINC00705","1560472_at"
"LINC00708","237529_at"
"LINC00710","231421_at"
"LINC00824","1569911_at"
"LINC00836","240578_at"
"LINC00837","215929_at"
"LINC00838","1561984_at"
"LINC00839","233562_at"
"LINC00841","1564178_at"
"LINC00844","230577_at"
"LINC00845","238298_at"
"LINC00847","1556180_at"
"LINC00851","231447_at"
"LINC00852","223725_at"
"LINC00853","237224_at"
"LINC00856","1556754_at"
"LINC00857","1569322_at"
"LINC00858","1563821_at"
"LINC00862","1562909_at"
"LINC00865","232239_at"
"LINC00867","237385_at"
"LINC00868","1556533_at"
"LINC00869","1564204_at"
"LINC00870","1557602_at"
"LINC00877","243954_at"
"LINC00879","1556406_at"
"LINC00880","1561402_at"
"LINC00881","243687_at"
"LINC00882","1569885_at"
"LINC00886","230780_at"
"LINC00887","1564485_at"
"LINC00892","1559648_at"
"LINC00895","1561707_at"
"LINC00896","1553658_at"
"LINC00899","1556304_s_at"
"LINC00900","239675_at"
"LINC00901","1556617_a_at"
"LINC00905","1562914_a_at"
"LINC00906","1557550_at"
"LINC00907","1561587_at"
"LINC00908","1558850_s_at"
"LINC00910","1570049_at"
"LINC00911","241312_at"
"LINC00917","234925_at"
"LINC00919","231627_at"
"LINC00920","229363_at"
"LINC00921","243547_at"
"LINC00922","231518_at"
"LINC00923","234017_at"
"LINC00924","1558881_at"
"LINC00926","230648_at"
"LINC00927","1566526_at"
"LINC00928","1556452_a_at"
"LINC00929","1562972_at"
"LINC00930","1556768_at"
"LINC00933","232131_at"
"LINC00934","1564060_at"
"LINC00937","240002_at"
"LINC00938","226413_at"
"LINC00939","216209_at"
"LINC00942","1569378_at"
"LINC00943","231440_at"
"LINC00944","1560818_at"
"LINC00951","1562219_at"
"LINC00954","232664_at"
"LINC00955","1553912_at"
"LINC00957","1564207_at"
"LINC00958","231924_at"
"LINC00960","1559827_at"
"LINC00963","217625_x_at"
"LINC00967","230978_at"
"LINC00968","243813_at"
"LINC00970","1561555_at"
"LINC00993","237339_at"
"LINC00996","1560762_at"
"LINC00997","232256_s_at"
"LINC01000","227129_x_at"
"LINC01003","235174_s_at"
"LINC01004","235217_at"
"LINC01007","233135_at"
"LINC01010","237731_at"
"LINC01012","1568826_at"
"LINC01013","244280_at"
"LINC01015","231571_at"
"LINC01016","1557276_at"
"LINC01018","1559033_at"
"LINC01019","1561251_at"
"LINC01020","1557877_s_at"
"LINC01023","231046_at"
"LINC01029","1560832_at"
"LINC01049","1563063_at"
"LINC01056","1557892_at"
"LINC01069","1561298_at"
"LINC01082","231580_at"
"LINC01085","240167_at"
"LINC01087","1557843_at"
"LINC01088","230781_at"
"LINC01089","1556042_s_at"
"LINC01091","1563462_at"
"LINC01093","1559573_at"
"LINC01094","229635_at"
"LINC01095","240685_at"
"LINC01096","236112_at"
"LINC01097","1562683_a_at"
"LINC01098","1561566_at"
"LINC01101","1553385_at"
"LINC01102","230495_at"
"LINC01103","1564595_at"
"LINC01104","1563679_at"
"LINC01106","235083_at"
"LINC01107","1562214_at"
"LINC01111","1570155_at"
"LINC01114","239879_at"
"LINC01115","1562844_at"
"LINC01116","228564_at"
"LINC01118","237840_at"
"LINC01119","230799_at"
"LINC01120","1560912_at"
"LINC01121","1562601_at"
"LINC01122","1562326_at"
"LINC01126","1555124_at"
"LINC01127","1560679_at"
"LINC01128","1557055_s_at"
"LINC01133","239370_at"
"LINC01134","1569895_at"
"LINC01138","1556033_at"
"LINC01139","235599_at"
"LINC01140","215039_at"
"LINC01141","1557373_at"
"LINC01142","1557682_a_at"
"LINC01144","1564697_a_at"
"LINC01148","1561442_at"
"LINC01149","1569779_at"
"LINC01153","1560690_at"
"LINC01159","244797_at"
"LINC01165","1564490_at"
"LINC01169","1563132_at"
"LINC01180","1561400_at"
"LINC01181","1562433_at"
"LINC01186","1559929_at"
"LINC01187","240807_at"
"LINC01191","230796_at"
"LINC01192","240371_at"
"LINC01193","231132_at"
"LINC01204","1561352_at"
"LINC01206","231482_at"
"LINC01208","237274_at"
"LINC01209","1561091_at"
"LINC01210","1556507_at"
"LINC01213","241247_at"
"LINC01214","239736_at"
"LINC01215","236198_at"
"LINC01220","1563373_at"
"LINC01222","1561411_at"
"LINC01224","233142_at"
"LINC01226","1563802_at"
"LINC01227","240938_at"
"LINC01231","1562861_at"
"LINC01233","236768_at"
"LINC01234","1554946_at"
"LINC01238","1564149_at"
"LINC01241","1560836_at"
"LINC01242","1561414_at"
"LINC01243","1563174_at"
"LINC01252","1557826_at"
"LINC01254","1561083_at"
"LINC01255","241308_at"
"LINC01257","234493_at"
"LINC01260","220449_at"
"LINC01267","234171_at"
"LINC01270","1556896_at"
"LINC01271","1562549_at"
"LINC01278","212957_s_at"
"LINC01281","1564460_at"
"LINC01282","1563073_at"
"LINC01289","1560337_at"
"LINC01300","1569297_at"
"LINC01304","237343_at"
"LINC01305","1557570_a_at"
"LINC01310","1557588_at"
"LINC01312","1552900_a_at"
"LINC01315","229930_at"
"LINC01333","1560565_at"
"LINC01339","241327_at"
"LINC01341","230541_at"
"LINC01342","1562788_at"
"LINC01343","1562510_at"
"LINC01346","1566737_at"
"LINC01347","234664_at"
"LINC01348","241533_at"
"LINC01350","231350_at"
"LINC01352","1568851_at"
"LINC01354","239822_at"
"LINC01355","228387_at"
"LINC01356","1564413_at"
"LINC01359","1562103_at"
"LINC01360","242262_x_at"
"LINC01361","215940_at"
"LINC01362","1562742_at"
"LINC01364","237760_at"
"LINC01365","1556494_at"
"LINC01366","1559489_a_at"
"LINC01393","1561795_at"
"LINC01395","1563070_at"
"LINC01398","1568938_at"
"LINC01410","243824_at"
"LINC01416","1561339_at"
"LINC01419","1559213_at"
"LINC01424","242798_at"
"LINC01425","1561029_at"
"LINC01426","232804_at"
"LINC01428","1563127_at"
"LINC01431","230366_at"
"LINC01432","1563246_at"
"LINC01442","1564561_at"
"LINC01448","1562982_at"
"LINC01449","1570224_at"
"LINC01465","1557312_at"
"LINC01467","1570234_at"
"LINC01477","1569741_at"
"LINC01482","217471_at"
"LINC01487","1557498_a_at"
"LINC01490","1559837_at"
"LINC01492","1568919_at"
"LINC01494","1562116_at"
"LINC01500","241283_at"
"LINC01503","229296_at"
"LINC01504","230279_at"
"LINC01505","1561398_at"
"LINC01511","240162_at"
"LINC01512","1564012_at"
"LINC01514","1561527_at"
"LINC01516","1561262_at"
"LINC01520","1560862_at"
"LINC01521","224073_at"
"LINC01523","231492_at"
"LINC01525","240273_at"
"LINC01526","1562157_at"
"LINC01527","1560760_s_at"
"LINC01530","1559093_at"
"LINC01532","1559303_at"
"LINC01533","1562728_at"
"LINC01535","1560238_at"
"LINC01537","1559725_at"
"LINC01538","1561090_at"
"LINC01539","237344_at"
"LINC01541","241291_at"
"LINC01545","1563327_a_at"
"LINC01547","1552528_at"
"LINC01549","240801_at"
"LINC01550","1560499_at"
"LINC01551","243061_at"
"LINC01553","1556648_a_at"
"LINC01554","239380_at"
"LINC01555","1563743_at"
"LINC01558","207698_at"
"LINC01560","239034_at"
"LINC01561","236855_at"
"LINC01563","244824_at"
"LINC01565","208440_at"
"LINC01566","1561518_at"
"LINC01569","229592_at"
"LINC01580","1554891_at"
"LINC01581","1561247_at"
"LINC01583","1559497_at"
"LINC01585","1569833_at"
"LINC01587","207241_at"
"LINC01588","1569274_at"
"LINC01592","1561881_at"
"LINC01599","1564785_at"
"LINC01600","1553363_at"
"LINC01607","238377_s_at"
"LINC01613","1561278_at"
"LINC01614","229479_at"
"LINC01616","237509_at"
"LINC01618","1564881_at"
"LINC01619","1564150_a_at"
"LINC01620","1570328_s_at"
"LINC01622","1557618_at"
"LINC01635","1559372_at"
"LINC01644","1560550_at"
"LINC01647","1561732_at"
"LINC01648","1562869_at"
"LINC01649","1561516_at"
"LINC01653","1569738_at"
"LINC01654","1561311_at"
"LINC01656","1563247_at"
"LINC01657","1555085_at"
"LINC01664","1569426_at"
"LINC01667","240814_at"
"LINC01676","1562719_at"
"LINC01679","238926_at"
"LINC01686","231427_at"
"LINC01687","1563107_at"
"LINC01689","1562634_at"
"LINC01692","1561290_at"
"LINC01694","1568817_at"
"LINC01697","237351_at"
"LINC01700","1561481_at"
"LINC01703","1561037_a_at"
"LINC01704","1568745_at"
"LINC01706","1561474_at"
"LINC01711","220698_at"
"LINC01718","240887_at"
"LINC01720","1562558_at"
"LINC01722","1561678_at"
"LINC01723","231333_at"
"LINC01730","1559252_a_at"
"LINC01731","244843_x_at"
"LINC01732","1561044_at"
"LINC01734","1562829_at"
"LINC01737","1563391_at"
"LINC01741","1569807_at"
"LINC01743","1563074_at"
"LINC01750","1568794_at"
"LINC01751","1562760_at"
"LINC01753","241521_at"
"LINC01756","1562589_at"
"LINC01770","238639_x_at"
"LINC01775","1563404_at"
"LINC01777","1561384_a_at"
"LINC01782","1570013_at"
"LINC01785","1556405_s_at"
"LINC01788","1562046_at"
"LINC01792","1568812_at"
"LINC01798","233249_at"
"LINC01799","244372_at"
"LINC01800","1559787_at"
"LINC01806","236598_at"
"LINC01808","234433_at"
"LINC01809","1563427_at"
"LINC01812","1569727_at"
"LINC01813","1562310_at"
"LINC01815","237668_at"
"LINC01816","230325_at"
"LINC01821","1563027_at"
"LINC01828","1563185_at"
"LINC01831","1563298_at"
"LINC01834","1569305_a_at"
"LINC01838","1556914_at"
"LINC01842","1560576_at"
"LINC01843","1568643_a_at"
"LINC01844","1564083_at"
"LINC01845","1561401_at"
"LINC01847","1563484_at"
"LINC01852","1559348_a_at"
"LINC01854","1560750_at"
"LINC01857","239287_at"
"LINC01858","1570127_at"
"LINC01859","234831_at"
"LINC01864","1562786_at"
"LINC01874","231256_at"
"LINC01875","1563250_at"
"LINC01876","1569681_at"
"LINC01877","1562523_at"
"LINC01883","237871_x_at"
"LINC01887","243721_at"
"LINC01896","230889_at"
"LINC01898","1556909_at"
"LINC01904","1563117_at"
"LINC01905","241064_at"
"LINC01913","237111_at"
"LINC01917","1560954_at"
"LINC01920","1562463_at"
"LINC01922","1562222_at"
"LINC01924","1561455_at"
"LINC01926","240276_at"
"LINC01927","244564_at"
"LINC01931","242295_at"
"LINC01933","233237_at"
"LINC01936","1559605_a_at"
"LINC01943","236787_at"
"LINC01949","217342_x_at"
"LINC01957","1563170_at"
"LINC01963","214717_at"
"LINC01968","1559715_at"
"LINC01970","1568899_at"
"LINC01974","240693_at"
"LINC01977","239639_at"
"LINC01981","1561877_at"
"LINC01986","1563188_at"
"LINC01988","241568_at"
"LINC01990","1557018_a_at"
"LINC01992","1568904_at"
"LINC01996","1560513_at"
"LINC01998","1561408_at"
"LINC02003","1564402_at"
"LINC02008","1569789_at"
"LINC02011","1563572_at"
"LINC02016","1570292_at"
"LINC02023","1564323_at"
"LINC02026","1564539_at"
"LINC02028","1557004_at"
"LINC02029","1561723_at"
"LINC02032","237684_at"
"LINC02035","229699_at"
"LINC02036","240100_at"
"LINC02042","1569786_at"
"LINC02043","1561571_at"
"LINC02044","1563913_at"
"LINC02047","1561519_at"
"LINC02052","1557871_at"
"LINC02053","1558497_a_at"
"LINC02059","1557424_at"
"LINC02060","1561473_at"
"LINC02064","241945_at"
"LINC02065","1561806_at"
"LINC02067","229420_at"
"LINC02070","1561525_at"
"LINC02071","1569805_at"
"LINC02076","1557895_at"
"LINC02078","1563119_at"
"LINC02086","239332_at"
"LINC02091","244366_at"
"LINC02092","1557731_at"
"LINC02097","1561389_at"
"LINC02099","1569099_at"
"LINC02109","244785_at"
"LINC02112","1561650_s_at"
"LINC02114","1557787_at"
"LINC02116","240817_at"
"LINC02119","1560716_at"
"LINC02123","1560298_at"
"LINC02126","1563121_at"
"LINC02135","1562623_at"
"LINC02139","1562659_at"
"LINC02140","240697_at"
"LINC02145","1563969_at"
"LINC02148","1557443_s_at"
"LINC02149","233680_at"
"LINC02150","1562597_at"
"LINC02152","234434_at"
"LINC02153","1562724_at"
"LINC02171","1560911_at"
"LINC02172","215298_at"
"LINC02175","1556709_a_at"
"LINC02179","1561224_at"
"LINC02180","240894_at"
"LINC02186","1568908_at"
"LINC02189","1557511_at"
"LINC02192","1561055_at"
"LINC02199","1561572_at"
"LINC02201","1562801_at"
"LINC02204","1561673_at"
"LINC02209","1569887_a_at"
"LINC02210","1553399_a_at"
"LINC02211","1562866_at"
"LINC02218","244269_at"
"LINC02221","237676_at"
"LINC02223","1559790_at"
"LINC02225","1561210_at"
"LINC02226","1561061_at"
"LINC02232","1557823_s_at"
"LINC02239","1557008_at"
"LINC02240","1562934_at"
"LINC02241","1559316_at"
"LINC02243","1563059_at"
"LINC02245","1570006_at"
"LINC02249","216596_at"
"LINC02250","1560717_at"
"LINC02254","1562720_at"
"LINC02256","234423_x_at"
"LINC02260","1562540_at"
"LINC02264","238251_at"
"LINC02269","238284_at"
"LINC02270","1563287_at"
"LINC02273","1559205_s_at"
"LINC02274","1557921_s_at"
"LINC02282","1560482_at"
"LINC02283","237696_at"
"LINC02287","1562885_at"
"LINC02297","1562223_at"
"LINC02303","243200_at"
"LINC02314","237601_at"
"LINC02318","1559665_at"
"LINC02325","1563007_at"
"LINC02339","1560566_at"
"LINC02345","1563271_at"
"LINC02347","1561294_a_at"
"LINC02349","231473_at"
"LINC02350","243485_at"
"LINC02352","241799_x_at"
"LINC02353","1563116_at"
"LINC02355","1561305_at"
"LINC02361","238141_s_at"
"LINC02363","1554732_at"
"LINC02366","231446_at"
"LINC02367","1561087_at"
"LINC02372","240268_at"
"LINC02375","1563135_at"
"LINC02380","1570262_at"
"LINC02381","226582_at"
"LINC02387","240944_at"
"LINC02388","239584_at"
"LINC02395","1569756_at"
"LINC02400","243035_at"
"LINC02401","1557848_at"
"LINC02402","1561544_at"
"LINC02405","1561528_at"
"LINC02415","1557235_at"
"LINC02419","243794_at"
"LINC02421","1561253_at"
"LINC02424","1568711_a_at"
"LINC02426","1562923_at"
"LINC02431","1561228_at"
"LINC02433","1560823_at"
"LINC02436","1557631_at"
"LINC02443","1563300_at"
"LINC02450","242159_at"
"LINC02458","1559595_at"
"LINC02465","1562737_at"
"LINC02466","1557753_at"
"LINC02475","1557219_at"
"LINC02481","1562697_at"
"LINC02482","229189_s_at"
"LINC02483","1562983_at"
"LINC02487","1561685_a_at"
"LINC02492","237312_at"
"LINC02493","1561454_at"
"LINC02499","240380_at"
"LINC02502","231347_at"
"LINC02504","234773_x_at"
"LINC02510","1569811_at"
"LINC02511","243844_at"
"LINC02517","243408_at"
"LINC02520","242095_at"
"LINC02523","1569647_at"
"LINC02525","1569372_at"
"LINC02530","1561565_at"
"LINC02532","235774_at"
"LINC02533","1564144_at"
"LINC02535","234219_at"
"LINC02537","1564125_at"
"LINC02544","1561141_at"
"LINC02546","237605_at"
"LINC02549","1561612_at"
"LINC02551","1552972_at"
"LINC02555","233591_at"
"LINC02562","238632_at"
"LINC02575","1556165_at"
"LINC02577","1561254_at"
"LINC02579","1562776_at"
"LINC02580","241504_at"
"LINC02582","237552_at"
"LINC02591","232346_at"
"LINC02593","1555980_a_at"
"LINC02595","1564295_at"
"LINC02603","1559129_a_at"
"LINC02604","235884_at"
"LINC02606","230431_at"
"LINC02610","231135_at"
"LINC02615","229006_at"
"LINC02616","1558574_at"
"LINC02619","237391_at"
"LINC02620","1561573_at"
"LINC02622","241143_at"
"LINC02624","244589_at"
"LINC02653","1570270_at"
"LINC02656","1559756_at"
"LINC02667","234053_at"
"LINC02670","1562152_at"
"LINC02673","234506_at"
"LINC02683","1560589_a_at"
"LINC02685","1560278_at"
"LINC02688","231278_at"
"LINC02693","238167_at"
"LINC02703","239807_at"
"LINC02708","242841_at"
"LINC02709","1562606_a_at"
"LINC02712","1554224_at"
"LINC02716","230115_at"
"LINC02724","1556639_at"
"LINC02727","230975_at"
"LINC02728","1561469_at"
"LINC02731","238872_at"
"LINC02743","1563013_at"
"LINC02749","231028_at"
"LINC02753","1561446_at"
"LINC02754","1559410_at"
"LINC02757","1563370_at"
"LINC02762","1563800_at"
"LINC02763","1561592_at"
"LINC02777","236176_at"
"LINC02790","241095_at"
"LINC02796","1562908_at"
"LINC02800","1562716_at"
"LINC02802","236679_x_at"
"LINC02805","231563_at"
"LINC02806","1562674_at"
"LINC02809","221109_at"
"LINC02825","1561536_at"
"LINC02833","1562671_s_at"
"LINC02837","1562557_at"
"LINC02838","1556976_s_at"
"LINC02842","234288_at"
"LINC02843","1564709_at"
"LINC02844","244643_at"
"LINC02846","1559667_at"
"LINC02850","1562860_at"
"LINC02853","231607_at"
"LINC02860","1559627_at"
"LINC02864","1569264_at"
"LINC02866","243248_at"
"LINC02870","1553880_at"
"LINC02871","233598_at"
"LINC02873","1553417_at"
"LINC02874","1560277_a_at"
"LINC02875","1555478_at"
"LINC02877","1555839_a_at"
"LINC02878","241475_at"
"LINC02880","1553448_at"
"LINC02882","224006_at"
"LINC02888","236161_at"
"LINC02891","1564109_at"
"LINC02893","229761_at"
"LINC02899","1552954_at"
"LINC02901","230487_at"
"LINC02905","1564315_at"
"LINC02907","1553919_at"
"LINC02909","239691_at"
"LINC02910","1563068_at"
"LINC02912","1559611_at"
"LINC02915","1562367_at"
"LINC02918","243331_at"
"LINC02937","236008_at"
"LINC02941","1555868_at"
"LINC02944","240746_s_at"
"LINC02946","240428_at"
"LINC02961","1555322_at"
"LINC02981","240194_at"
"LINC02984","231098_at"
"LINC02985","241386_at"
"LINC02987","235322_at"
"LINC02992","231637_at"
"LINC02994","1563165_at"
"LINC02995","1562739_at"
"LINC02996","1557832_at"
"LINC02997","1559321_at"
"LINC03002","239882_at"
"LINC03006","243009_at"
"LINC03007","236977_at"
"LINC03008","243171_at"
"LINC03011","239896_at"
"LINC03013","229781_at"
"LINC03014","233176_at"
"LINC03018","1556573_s_at"
"LINC03019","1562924_at"
"LINC03020","233162_at"
"LINC03021","1562073_at"
"LINC03024","231501_at"
"LINC03026","230991_at"
"LINC03027","228207_at"
"LINC03031","237267_at"
"LINC03032","1556477_a_at"
"LINC03040","239137_x_at"
"LINC03043","237271_at"
"LINC03048","234846_at"
"LINC03064","230642_at"
"LINC03066","1564253_at"
"LINC03068","1570185_at"
"LINC03074","237758_at"
"LINC03086","236674_at"
"LINC03093","1562078_at"
"LINC03095","240882_at"
"LINC03103","242084_at"
"LINC03112","228742_at"
"LINC03122","1553426_at"
"LINC03123","1559540_at"
"LINC03124","206611_at"
"LINC03125","231089_at"
"LINC03129","224123_at"
"LINC03133","1568844_at"
"LINC03152","1562630_at"
"LINC03161","1559017_at"
"LINC03163","1564049_at"
"LINC03189","1559670_at"
"LINC03219","214809_at"
"LINGO1","227933_at"
"LINGO1-AS1","1562748_at"
"LINGO1-AS2","1561619_at"
"LINGO2","232720_at"
"LINGO3","1560439_at"
"LINP1","235921_at"
"LINS1","228348_at"
"LIPA","201847_at"
"LIPC","206606_at"
"LIPC-AS1","1562038_at"
"LIPE","208186_s_at"
"LIPF","206334_at"
"LIPG","219181_at"
"LIPH","235871_at"
"LIPI","242178_at"
"LIPJ","1569874_s_at"
"LIPT1","205571_at"
"LIPT2-AS1","1554609_at"
"LIRIL2R","242747_at"
"LITAF","200704_at"
"LITAFD","230967_s_at"
"LITATS1","229678_at"
"LIX1","236163_at"
"LIX1L","225793_at"
"LKAAEAR1","1554977_at"
"LL0XNC01-250H12.3","239284_at"
"LLGL1","236594_at"
"LLGL2","203713_s_at"
"LLPH","224446_at"
"LMAN1","224629_at"
"LMAN1L","220420_at"
"LMAN2","200805_at"
"LMAN2L","221274_s_at"
"LMBR1","224410_s_at"
"LMBR1L","220036_s_at"
"LMBRD1","218191_s_at"
"LMBRD2","226779_at"
"LMCD1","218574_s_at"
"LMF1","219135_s_at"
"LMF2","31837_at"
"LMLN","244881_at"
"LMNA","212086_x_at"
"LMNB1","203276_at"
"LMNB2","216952_s_at"
"LMNTD1","1552865_a_at"
"LMNTD2","236050_at"
"LMNTD2-AS1","1561355_at"
"LMO1","206718_at"
"LMO2","204249_s_at"
"LMO3","204424_s_at"
"LMO4","209205_s_at"
"LMO7","242722_at"
"LMO7DN","239553_at"
"LMOD1","203766_s_at"
"LMOD2","239057_at"
"LMOD3","1555567_s_at"
"LMTK2","226375_at"
"LMTK3","1557103_a_at"
"LMX1A","1553541_at"
"LMX1A-AS1","240534_at"
"LMX1A-AS2","237595_at"
"LMX1B","208487_at"
"LNC-LBCS","1558858_at"
"LNCAROD","1557779_at"
"LNCARSR","237178_at"
"LNCATV","236398_s_at"
"LNCEGFL7OS","232227_at"
"LNCMB2","1557540_at"
"LNCOC1","230910_s_at"
"LNP1","227181_at"
"LNPEP","225176_at"
"LNPK","225718_at"
"LNROP","243961_at"
"LNX1","223611_s_at"
"LNX2","227569_at"
"LOC100127955","1563709_at"
"LOC100128079","243053_x_at"
"LOC100128288","1559045_at"
"LOC100128653","236053_at"
"LOC100128988","232849_at"
"LOC100128993","1560595_at"
"LOC100129034","225214_at"
"LOC100129098","1569361_a_at"
"LOC100129455","1560475_at"
"LOC100129603","1563324_at"
"LOC100129935","232616_at"
"LOC100130268","1558336_at"
"LOC100130331","215970_at"
"LOC100130357","1559507_at"
"LOC100130452","244518_at"
"LOC100130548","1557734_s_at"
"LOC100130691","231540_at"
"LOC100130744","236228_at"
"LOC100130872","1569496_s_at"
"LOC100130964","238237_at"
"LOC100130992","1558977_at"
"LOC100131496","1558477_at"
"LOC100131532","221186_at"
"LOC100132077","1559514_at"
"LOC100132078","1556844_at"
"LOC100132249","1569009_s_at"
"LOC100132356","1558310_s_at"
"LOC100132686","1555180_at"
"LOC100133920","1564280_x_at"
"LOC100134040","233342_at"
"LOC100134368","1569270_at"
"LOC100190986","235060_at"
"LOC100240728","1557491_at"
"LOC100240734","239612_at"
"LOC100272217","243785_at"
"LOC100286922","230953_at"
"LOC100287290","1565610_at"
"LOC100287387","217220_at"
"LOC100287704","240999_at"
"LOC100287808","240752_at"
"LOC100288123","230940_at"
"LOC100288570","215247_at"
"LOC100288590","1569790_at"
"LOC100288656","1566040_at"
"LOC100288966","1553474_at"
"LOC100289230","238456_at"
"LOC100289333","233775_x_at"
"LOC100289495","239215_at"
"LOC100289518","216794_at"
"LOC100310756","1556242_a_at"
"LOC100419741","1570064_at"
"LOC100420872","1570424_at"
"LOC100421171","1561665_at"
"LOC100421494","233074_at"
"LOC100422212","1568897_at"
"LOC100422526","243581_at"
"LOC100422781","1561304_a_at"
"LOC100505498","216877_at"
"LOC100505555","231414_at"
"LOC100505711","237779_at"
"LOC100505774","231036_at"
"LOC100505782","1557068_at"
"LOC100505874","234082_at"
"LOC100505912","239174_at"
"LOC100505915","81737_at"
"LOC100505918","1559522_at"
"LOC100505942","230548_at"
"LOC100505978","237260_at"
"LOC100505985","231483_at"
"LOC100506016","1556289_at"
"LOC100506207","242382_at"
"LOC100506236","240096_at"
"LOC100506271","1556247_a_at"
"LOC100506274","1556453_at"
"LOC100506405","234250_at"
"LOC100506446","243245_at"
"LOC100506472","233679_at"
"LOC100506563","236289_at"
"LOC100506639","232070_at"
"LOC100506730","1562013_a_at"
"LOC100506790","236914_at"
"LOC100506851","240974_at"
"LOC100506858","239440_at"
"LOC100506929","231433_at"
"LOC100507006","243699_at"
"LOC100507053","1559240_at"
"LOC100507250","1557021_s_at"
"LOC100507336","1568682_a_at"
"LOC100507384","237170_at"
"LOC100507395","240255_at"
"LOC100507443","240740_at"
"LOC100507513","237709_at"
"LOC100507560","231379_at"
"LOC100507562","237712_at"
"LOC100507634","1557567_a_at"
"LOC100630923","1564165_at"
"LOC100652768","232248_at"
"LOC100996385","1558587_at"
"LOC100996549","1558320_at"
"LOC100996583","244600_at"
"LOC100996671","237848_at"
"LOC100996681","1569515_a_at"
"LOC100996756","222315_at"
"LOC101060553","1561075_at"
"LOC101593348","243272_at"
"LOC101926907","230527_at"
"LOC101926915","1557841_at"
"LOC101926944","1557802_at"
"LOC101926948","1563089_at"
"LOC101926959","1560850_at"
"LOC101926984","1562409_s_at"
"LOC101927018","1563241_at"
"LOC101927020","240842_at"
"LOC101927040","1562621_at"
"LOC101927044","1562759_at"
"LOC101927066","1560182_at"
"LOC101927069","1560169_at"
"LOC101927089","240880_at"
"LOC101927093","237576_x_at"
"LOC101927098","237883_at"
"LOC101927131","1569767_at"
"LOC101927143","1560560_at"
"LOC101927157","1562792_at"
"LOC101927159","1562052_at"
"LOC101927164","1561530_at"
"LOC101927166","1561346_at"
"LOC101927237","1559621_at"
"LOC101927247","1563283_at"
"LOC101927253","1559948_at"
"LOC101927263","236396_at"
"LOC101927272","232384_s_at"
"LOC101927310","1561513_at"
"LOC101927330","235825_at"
"LOC101927342","241290_at"
"LOC101927358","1569858_at"
"LOC101927377","243814_at"
"LOC101927410","1565775_at"
"LOC101927432","1560132_a_at"
"LOC101927450","1561322_at"
"LOC101927467","1562797_at"
"LOC101927468","1556235_at"
"LOC101927495","1562029_at"
"LOC101927499","238249_at"
"LOC101927513","1562915_at"
"LOC101927531","1556362_at"
"LOC101927550","220687_at"
"LOC101927552","237845_at"
"LOC101927588","1564721_at"
"LOC101927603","239560_at"
"LOC101927604","1557702_at"
"LOC101927608","242386_x_at"
"LOC101927609","239775_at"
"LOC101927610","215060_at"
"LOC101927623","1562487_at"
"LOC101927636","1561731_at"
"LOC101927647","1561966_at"
"LOC101927657","1562893_at"
"LOC101927690","1561353_at"
"LOC101927709","234833_at"
"LOC101927723","1562902_at"
"LOC101927769","233784_at"
"LOC101927787","1557026_at"
"LOC101927790","1563154_at"
"LOC101927798","1569841_x_at"
"LOC101927814","1568754_at"
"LOC101927829","1561704_at"
"LOC101927839","231459_at"
"LOC101927914","1562272_at"
"LOC101927948","1561559_at"
"LOC101927950","234177_at"
"LOC101927967","1557778_at"
"LOC101928002","1557606_at"
"LOC101928009","1561345_at"
"LOC101928012","1561550_at"
"LOC101928014","240012_at"
"LOC101928045","231095_at"
"LOC101928047","1559131_a_at"
"LOC101928087","241767_at"
"LOC101928107","1569828_at"
"LOC101928135","1563015_at"
"LOC101928191","1560070_at"
"LOC101928196","1561719_at"
"LOC101928201","1562973_at"
"LOC101928211","1559930_at"
"LOC101928214","237113_at"
"LOC101928230","230386_at"
"LOC101928236","238276_at"
"LOC101928255","1569912_at"
"LOC101928263","237092_at"
"LOC101928273","1561535_at"
"LOC101928277","1562771_at"
"LOC101928283","1562850_at"
"LOC101928306","1569855_at"
"LOC101928326","1561605_at"
"LOC101928335","1556903_at"
"LOC101928343","1556748_x_at"
"LOC101928373","240581_at"
"LOC101928389","1562822_at"
"LOC101928401","1569486_at"
"LOC101928409","242934_at"
"LOC101928417","1562857_at"
"LOC101928419","240456_at"
"LOC101928446","1562274_at"
"LOC101928475","1561577_at"
"LOC101928487","231312_at"
"LOC101928491","1561567_at"
"LOC101928495","1564909_at"
"LOC101928505","1559336_at"
"LOC101928510","1569988_at"
"LOC101928516","1560958_s_at"
"LOC101928519","1564169_at"
"LOC101928525","1569963_at"
"LOC101928526","1569758_at"
"LOC101928535","1557758_at"
"LOC101928551","1561451_a_at"
"LOC101928553","1562710_at"
"LOC101928557","243425_at"
"LOC101928565","1561625_at"
"LOC101928618","1561450_at"
"LOC101928622","1562491_at"
"LOC101928626","1560957_at"
"LOC101928663","1557898_at"
"LOC101928682","237754_at"
"LOC101928708","1560812_at"
"LOC101928728","241668_s_at"
"LOC101928730","1570110_at"
"LOC101928748","1569816_at"
"LOC101928797","1570206_at"
"LOC101928833","1562107_at"
"LOC101928844","1569961_at"
"LOC101928850","1561062_a_at"
"LOC101928861","1561512_at"
"LOC101928881","233486_at"
"LOC101928893","1569955_at"
"LOC101928894","1563086_at"
"LOC101928902","1569978_x_at"
"LOC101928933","1568832_a_at"
"LOC101928937","1562984_at"
"LOC101928940","1569753_at"
"LOC101928957","1562396_at"
"LOC101928961","1561216_at"
"LOC101928985","1561107_at"
"LOC101928988","1560257_at"
"LOC101929004","241439_at"
"LOC101929007","1568894_at"
"LOC101929050","240427_at"
"LOC101929073","216499_at"
"LOC101929116","1569782_at"
"LOC101929148","216664_at"
"LOC101929154","244138_at"
"LOC101929174","1563376_at"
"LOC101929208","242215_at"
"LOC101929248","1560212_a_at"
"LOC101929255","242412_at"
"LOC101929268","1563993_at"
"LOC101929269","1563274_at"
"LOC101929279","1562643_at"
"LOC101929297","1562847_at"
"LOC101929305","237203_at"
"LOC101929319","1562690_at"
"LOC101929372","1569793_at"
"LOC101929398","1560826_at"
"LOC101929413","1562653_at"
"LOC101929460","1563078_at"
"LOC101929473","1562520_at"
"LOC101929488","1561102_at"
"LOC101929536","244182_at"
"LOC101929538","1564337_at"
"LOC101929550","217030_at"
"LOC101929552","1560563_at"
"LOC101929609","240352_at"
"LOC101929621","1560610_at"
"LOC101929622","1559542_a_at"
"LOC101929645","234821_at"
"LOC101929657","1561237_at"
"LOC101929662","1561688_at"
"LOC101929718","234573_at"
"LOC101929719","243251_at"
"LOC101929748","1557638_at"
"LOC101929752","1561060_at"
"LOC101929774","1559284_at"
"LOC101929902","1562989_at"
"LOC101929963","234826_at"
"LOC101930028","1569784_at"
"LOC101930081","233153_at"
"LOC101930112","238179_at"
"LOC101930149","1568921_at"
"LOC102546299","240610_at"
"LOC102723335","1561035_at"
"LOC102723364","241096_at"
"LOC102723409","1560135_at"
"LOC102723506","234806_at"
"LOC102723657","244278_at"
"LOC102723665","231047_at"
"LOC102723678","243674_at"
"LOC102723692","236190_at"
"LOC102723701","1561386_at"
"LOC102723704","1562878_at"
"LOC102723722","1557232_at"
"LOC102723786","237824_at"
"LOC102723831","1569849_at"
"LOC102723847","242822_at"
"LOC102724030","240346_at"
"LOC102724323","236788_at"
"LOC102724382","1568887_at"
"LOC102724434","1562664_at"
"LOC102724511","241046_at"
"LOC102724542","1562216_at"
"LOC102724551","240487_at"
"LOC102724587","240747_at"
"LOC102724593","244307_s_at"
"LOC102724612","1561245_at"
"LOC102724638","234877_x_at"
"LOC102724929","237345_at"
"LOC102724938","237490_at"
"LOC102724965","237315_at"
"LOC102725116","1568785_a_at"
"LOC102725228","236366_at"
"LOC105274304","240032_at"
"LOC105369167","1559939_at"
"LOC105369199","237173_at"
"LOC105369213","1563263_at"
"LOC105369228","230653_at"
"LOC105369308","243098_at"
"LOC105369341","237964_at"
"LOC105369477","1558512_at"
"LOC105369595","242267_x_at"
"LOC105369602","231147_at"
"LOC105369645","241537_at"
"LOC105369705","243783_at"
"LOC105369746","237415_at"
"LOC105369816","1561861_a_at"
"LOC105369889","236521_at"
"LOC105369890","241592_at"
"LOC105369957","236364_at"
"LOC105369974","1565740_at"
"LOC105370109","229640_x_at"
"LOC105370178","1556296_at"
"LOC105370291","243436_at"
"LOC105370461","236991_at"
"LOC105370475","1559813_at"
"LOC105370478","237582_at"
"LOC105370549","1560557_at"
"LOC105370569","243310_at"
"LOC105370638","237307_at"
"LOC105370697","1569122_at"
"LOC105370746","1561897_at"
"LOC105370792","1563079_at"
"LOC105370829","237494_at"
"LOC105370832","1561493_at"
"LOC105370834","239099_at"
"LOC105370890","244707_at"
"LOC105370941","1561292_at"
"LOC105370997","236822_at"
"LOC105371038","231516_at"
"LOC105371046","237004_at"
"LOC105371079","243095_at"
"LOC105371215","1558579_at"
"LOC105371401","1557027_at"
"LOC105371414","239211_at"
"LOC105371472","241421_at"
"LOC105371508","231593_at"
"LOC105371622","1569307_s_at"
"LOC105371672","1562891_at"
"LOC105371693","243191_at"
"LOC105371703","239195_at"
"LOC105371734","243732_at"
"LOC105371763","227571_at"
"LOC105371932","239063_at"
"LOC105372069","1563190_at"
"LOC105372179","242867_x_at"
"LOC105372394","1556513_at"
"LOC105372404","1562825_at"
"LOC105372480","227479_at"
"LOC105372485","243731_at"
"LOC105372547","1557739_at"
"LOC105372602","222066_at"
"LOC105372637","236412_at"
"LOC105372640","231611_at"
"LOC105372695","237913_at"
"LOC105372733","236453_at"
"LOC105372762","1562418_at"
"LOC105372766","244129_at"
"LOC105372793","1560107_at"
"LOC105372969","1561076_at"
"LOC105372991","241221_at"
"LOC105373150","1570120_at"
"LOC105373170","241753_at"
"LOC105373223","1561679_at"
"LOC105373225","236912_at"
"LOC105373334","244166_at"
"LOC105373383","237048_at"
"LOC105373418","1563142_at"
"LOC105373554","241514_at"
"LOC105373618","241697_at"
"LOC105373714","241513_at"
"LOC105373876","1560634_a_at"
"LOC105373942","233038_at"
"LOC105374042","1562997_a_at"
"LOC105374118","240350_at"
"LOC105374240","1569171_a_at"
"LOC105374325","1569063_at"
"LOC105374336","231254_at"
"LOC105374423","1566248_at"
"LOC105374428","243776_at"
"LOC105374584","241851_x_at"
"LOC105374621","237653_at"
"LOC105374629","236349_at"
"LOC105374690","1557897_at"
"LOC105374768","1563397_at"
"LOC105374809","1556173_a_at"
"LOC105374928","1568749_at"
"LOC105374937","239856_at"
"LOC105374947","237890_at"
"LOC105374953","230990_at"
"LOC105374989","1556500_a_at"
"LOC105375026","234272_at"
"LOC105375038","242421_at"
"LOC105375061","216740_at"
"LOC105375075","240749_at"
"LOC105375116","241476_at"
"LOC105375172","1569344_a_at"
"LOC105375206","237812_at"
"LOC105375218","237201_at"
"LOC105375253","1560523_at"
"LOC105375282","243235_at"
"LOC105375483","1561448_at"
"LOC105375509","1565856_at"
"LOC105375527","1561889_at"
"LOC105375547","237597_at"
"LOC105375571","244036_at"
"LOC105375582","215914_at"
"LOC105375602","244309_at"
"LOC105375707","244283_x_at"
"LOC105375769","243340_at"
"LOC105375771","243987_at"
"LOC105375785","239276_at"
"LOC105375875","1559804_at"
"LOC105376023","237604_at"
"LOC105376031","236443_at"
"LOC105376037","1560424_at"
"LOC105376081","1561368_at"
"LOC105376100","1561078_at"
"LOC105376139","239399_at"
"LOC105376166","1556468_at"
"LOC105376196","215876_at"
"LOC105376204","220533_at"
"LOC105376236","240755_at"
"LOC105376292","1569765_at"
"LOC105376301","239873_at"
"LOC105376360","1560185_at"
"LOC105376387","234247_at"
"LOC105376489","243223_at"
"LOC105376689","234677_at"
"LOC105376717","242681_at"
"LOC105376805","229874_x_at"
"LOC105376944","234704_at"
"LOC105376975","238201_at"
"LOC105377085","240691_at"
"LOC105377134","242766_at"
"LOC105377143","241101_at"
"LOC105377223","1566854_at"
"LOC105377320","239167_at"
"LOC105377436","238184_at"
"LOC105377458","1557762_at"
"LOC105377468","1562269_at"
"LOC105377485","234124_at"
"LOC105377730","243604_at"
"LOC105377776","234424_at"
"LOC105377782","1556842_at"
"LOC105377844","239985_at"
"LOC105377924","231677_at"
"LOC105377938","1561488_at"
"LOC105377993","237924_at"
"LOC105378011","1562398_at"
"LOC105378044","242914_at"
"LOC105378052","1560844_at"
"LOC105378067","243572_at"
"LOC105378130","1562945_at"
"LOC105378146","244120_at"
"LOC105378231","1568932_at"
"LOC105378311","1561340_at"
"LOC105378367","233336_at"
"LOC105378419","1561557_at"
"LOC105378515","244337_at"
"LOC105378577","1556486_at"
"LOC105378589","1556400_at"
"LOC105378604","240045_at"
"LOC105378635","241204_at"
"LOC105378726","1566902_at"
"LOC105378789","240802_at"
"LOC105378948","234359_at"
"LOC105378997","1560898_at"
"LOC105379173","229026_at"
"LOC105379178","1556161_a_at"
"LOC105379362","235696_at"
"LOC105379448","239025_at"
"LOC105379477","1560463_at"
"LOC105379524","1556195_a_at"
"LOC105379627","241449_at"
"LOC105379807","237085_x_at"
"LOC107984035","224519_at"
"LOC107984399","1564229_at"
"LOC107984784","1562501_at"
"LOC107984974","1560994_x_at"
"LOC107986876","1554194_at"
"LOC112268068","1569953_at"
"LOC112268140","1561113_at"
"LOC112268198","1560163_at"
"LOC114224","223797_at"
"LOC145474","230505_at"
"LOC145845","233382_at"
"LOC148696","232430_at"
"LOC151760","1564837_at"
"LOC153910","1561085_at"
"LOC154761","227868_at"
"LOC155060","213367_at"
"LOC157273","1563610_at"
"LOC158434","1563827_at"
"LOC162137","1553914_at"
"LOC220077","216385_at"
"LOC221946","1569739_at"
"LOC283038","1557591_at"
"LOC283045","1563853_at"
"LOC283387","1561233_at"
"LOC283683","217520_x_at"
"LOC283731","1560723_at"
"LOC283788","228247_at"
"LOC284240","233474_at"
"LOC284379","1569006_at"
"LOC284600","1559083_x_at"
"LOC284788","1557483_at"
"LOC284798","1561978_at"
"LOC284898","1562030_at"
"LOC284912","224117_at"
"LOC284933","240754_at"
"LOC284950","1563680_at"
"LOC285097","1556474_a_at"
"LOC285191","1562632_at"
"LOC285422","1563685_at"
"LOC285638","1563489_at"
"LOC285819","1562388_at"
"LOC285847","1557723_at"
"LOC285889","1562424_at"
"LOC286083","1561257_at"
"LOC286177","1562365_at"
"LOC286359","1563607_x_at"
"LOC286437","239762_at"
"LOC338694","1563042_at"
"LOC338963","1563878_a_at"
"LOC339298","1561277_at"
"LOC339352","1569835_at"
"LOC339539","1562496_at"
"LOC339666","1562841_at"
"LOC339685","1562264_at"
"LOC339975","1561323_at"
"LOC340090","1562492_at"
"LOC340184","1563589_at"
"LOC349160","233934_at"
"LOC374443","240572_s_at"
"LOC375196","1556244_s_at"
"LOC389199","1554809_at"
"LOC389831","227835_at"
"LOC389834","244631_at"
"LOC390705","237163_x_at"
"LOC399900","237478_at"
"LOC400541","1562568_at"
"LOC400622","1556435_at"
"LOC400627","1565903_at"
"LOC400748","1564401_at"
"LOC400940","1565684_at"
"LOC401261","1559964_at"
"LOC401312","1557605_a_at"
"LOC401324","1563586_at"
"LOC401442","1568827_at"
"LOC403312","1555002_at"
"LOC414300","1563221_at"
"LOC440570","242884_at"
"LOC441052","232443_at"
"LOC441179","239665_at"
"LOC441666","1562527_at"
"LOC442028","1561197_at"
"LOC497256","1560380_at"
"LOC613266","1559459_at"
"LOC642361","228839_s_at"
"LOC642696","1564327_at"
"LOC645188","1560895_at"
"LOC645261","1555400_at"
"LOC645485","1560251_at"
"LOC646214","244268_x_at"
"LOC646736","1570289_at"
"LOC646903","237116_at"
"LOC652276","1553130_at"
"LOC728743","225907_at"
"LOC729291","240518_at"
"LOC729296","237805_at"
"LOC729683","236614_at"
"LOC729732","1568780_at"
"LOC729815","217453_at"
"LOC730098","230327_at"
"LOC730101","213248_at"
"LOC780529","231354_at"
"LOC90246","233835_at"
"LOC91450","233418_at"
"LOC93429","232832_at"
"LOC93463","234861_at"
"LOH12CR2","236311_at"
"LOHAN2","1561303_at"
"LONP1","209017_s_at"
"LONP2","223099_s_at"
"LONRF1","226038_at"
"LONRF2","225996_at"
"LONRF3","220009_at"
"LORICRIN","207720_at"
"LOX","215446_s_at"
"LOXHD1","241117_at"
"LOXL1","203570_at"
"LOXL1-AS1","232752_at"
"LOXL2","202998_s_at"
"LOXL2-AS1","1562263_at"
"LOXL3","228253_at"
"LOXL4","227145_at"
"LPA","207584_at"
"LPAL2","210909_x_at"
"LPAR1","204036_at"
"LPAR2","206723_s_at"
"LPAR3","220816_at"
"LPAR4","206960_at"
"LPAR5","230252_at"
"LPAR6","218589_at"
"LPCAT1","201818_at"
"LPCAT2","227889_at"
"LPCAT3","202793_at"
"LPCAT4","40472_at"
"LPGAT1","202651_at"
"LPIN1","212274_at"
"LPIN2","202460_s_at"
"LPIN3","232966_at"
"LPL","203549_s_at"
"LPO","210682_at"
"LPP","202822_at"
"LPP-AS2","1556827_at"
"LPXN","216250_s_at"
"LRAT","220317_at"
"LRATD1","225667_s_at"
"LRATD2","225864_at"
"LRBA","212692_s_at"
"LRCH1","226795_at"
"LRCH2","227688_at"
"LRCH3","235347_at"
"LRCH4","90610_at"
"LRFN1","232486_at"
"LRFN2","237872_at"
"LRFN3","219346_at"
"LRFN4","238092_at"
"LRFN5","230644_at"
"LRFN5-DT","240368_at"
"LRG1","228648_at"
"LRGUK","244710_at"
"LRIF1","220235_s_at"
"LRIG1","211596_s_at"
"LRIG2","238653_at"
"LRIG2-DT","1568892_at"
"LRIG3","226908_at"
"LRIT1","211353_at"
"LRMDA","223703_at"
"LRP1","200784_s_at"
"LRP10","201412_at"
"LRP11","225060_at"
"LRP12","219631_at"
"LRP1B","219643_at"
"LRP2","230863_at"
"LRP2BP","207797_s_at"
"LRP3","204381_at"
"LRP4","212850_s_at"
"LRP5","209468_at"
"LRP5L","214873_at"
"LRP6","225745_at"
"LRP8","208433_s_at"
"LRP8-DT","1556261_a_at"
"LRPAP1","201186_at"
"LRPPRC","211971_s_at"
"LRR1","235113_at"
"LRRC1","218816_at"
"LRRC10B","236666_s_at"
"LRRC14","203495_at"
"LRRC15","213909_at"
"LRRC17","205381_at"
"LRRC18","1554331_a_at"
"LRRC19","220376_at"
"LRRC2","231781_s_at"
"LRRC2-AS1","236731_at"
"LRRC20","218550_s_at"
"LRRC23","206076_at"
"LRRC25","1559502_s_at"
"LRRC27","1558484_s_at"
"LRRC28","227423_at"
"LRRC3","232536_at"
"LRRC31","220622_at"
"LRRC32","203835_at"
"LRRC34","236918_s_at"
"LRRC36","220003_at"
"LRRC37A2","224686_x_at"
"LRRC37A3","244478_at"
"LRRC37A4P","220220_at"
"LRRC37A5P","1569839_s_at"
"LRRC37A7P","1569761_x_at"
"LRRC37A8P","1563750_at"
"LRRC37B","229231_at"
"LRRC37BP1","216149_at"
"LRRC38","1558375_at"
"LRRC39","227532_at"
"LRRC3B","229085_at"
"LRRC3C","1557301_a_at"
"LRRC4","223552_at"
"LRRC40","218577_at"
"LRRC41","201932_at"
"LRRC42","215084_s_at"
"LRRC43","1553728_at"
"LRRC45","226253_at"
"LRRC46","230600_at"
"LRRC47","212904_at"
"LRRC49","219338_s_at"
"LRRC4B","239320_at"
"LRRC4C","232226_at"
"LRRC52","1556484_at"
"LRRC52-AS1","1557761_s_at"
"LRRC55","232856_at"
"LRRC56","232554_at"
"LRRC57","229232_at"
"LRRC58","225479_at"
"LRRC59","222231_s_at"
"LRRC61","218907_s_at"
"LRRC63","1569124_at"
"LRRC66","1568634_a_at"
"LRRC69","238214_at"
"LRRC7","1566449_at"
"LRRC71","237251_at"
"LRRC72","244079_at"
"LRRC73","235935_at"
"LRRC74A","233941_at"
"LRRC74B","1569213_at"
"LRRC75A","229889_at"
"LRRC75B","228064_at"
"LRRC77P","1556920_s_at"
"LRRC8A","224624_at"
"LRRC8B","212978_at"
"LRRC8C","223533_at"
"LRRC8C-DT","231313_at"
"LRRC8D","218684_at"
"LRRC8E","239433_at"
"LRRCC1","231872_at"
"LRRD1","1569783_at"
"LRRFIP1","211452_x_at"
"LRRFIP2","218364_at"
"LRRIQ1","223817_at"
"LRRIQ3","235498_at"
"LRRK1","219441_s_at"
"LRRK2","229584_at"
"LRRN1","226884_at"
"LRRN2","216164_at"
"LRRN2-AS1","241876_at"
"LRRN3","209841_s_at"
"LRRN4","1553169_at"
"LRRN4CL","1556427_s_at"
"LRRTM1","238815_at"
"LRRTM2","206408_at"
"LRRTM4","220345_at"
"LRRTM4-AS1","1570273_at"
"LRSAM1","227675_at"
"LRTM1","221612_at"
"LRTM2","1558530_at"
"LRTM3","1566664_at"
"LRTOMT","226717_at"
"LRWD1","225680_at"
"LSAMP","228218_at"
"LSAMP-AS1","237027_at"
"LSG1","221536_s_at"
"LSM1","203534_at"
"LSM10","225593_at"
"LSM11","226826_at"
"LSM12","212532_s_at"
"LSM14A","212131_at"
"LSM14B","219653_at"
"LSM2","209449_at"
"LSM3","202209_at"
"LSM4","202737_s_at"
"LSM5","211747_s_at"
"LSM6","205036_at"
"LSM7","204559_s_at"
"LSM8","219119_at"
"LSMEM1","239203_at"
"LSMEM2","237024_at"
"LSP1","203523_at"
"LSP1P4","239718_at"
"LSP1P5","228158_at"
"LSR","208190_s_at"
"LSS","202245_at"
"LST1","214574_x_at"
"LTA","206975_at"
"LTA4H","208771_s_at"
"LTAP1","223034_s_at"
"LTB","207339_s_at"
"LTB4R","210128_s_at"
"LTB4R2","220130_x_at"
"LTBP1","202729_s_at"
"LTBP2","204682_at"
"LTBP3","219922_s_at"
"LTBP4","204442_x_at"
"LTBR","203005_at"
"LTC4S","206480_at"
"LTF","202018_s_at"
"LTK","217184_s_at"
"LTN1","215596_s_at"
"LTO1","228676_at"
"LTV1","225748_at"
"LUARIS","1569659_at"
"LUC7L","223295_s_at"
"LUC7L2","226758_at"
"LUC7L3","203804_s_at"
"LUM","201744_s_at"
"LUNAR1","215679_at"
"LURAP1","235214_at"
"LURAP1L","227443_at"
"LURAP1L-AS1","242893_at"
"LUZP1","225831_at"
"LUZP2","215323_at"
"LUZP4","220665_at"
"LVRN","235382_at"
"LXN","218729_at"
"LY6D","206276_at"
"LY6E","202145_at"
"LY6E-DT","1561850_at"
"LY6G5C","219860_at"
"LY6G6C","207114_at"
"LY6G6D","207457_s_at"
"LY6G6E","221338_at"
"LY6H","206773_at"
"LY6K","223687_s_at"
"LY6S-AS1","1552793_at"
"LY75","205668_at"
"LY86","205859_at"
"LY86-AS1","1556365_at"
"LY9","215967_s_at"
"LY96","206584_at"
"LYAR","223414_s_at"
"LYG1","236706_at"
"LYG2","1554398_at"
"LYL1","210044_s_at"
"LYN","210754_s_at"
"LYNX1","226305_at"
"LYPD1","212909_at"
"LYPD3","204952_at"
"LYPD4","231266_at"
"LYPD5","236039_at"
"LYPD6","227764_at"
"LYPD6B","228360_at"
"LYPD8","238143_at"
"LYPLA1","212449_s_at"
"LYPLA2","202292_x_at"
"LYPLAL1","226851_at"
"LYPLAL1-AS1","239360_at"
"LYRM1","203897_at"
"LYRM2","221311_x_at"
"LYRM4","218561_s_at"
"LYRM4-AS1","1556555_at"
"LYRM7","228841_at"
"LYRM9","213195_at"
"LYSET","213246_at"
"LYSMD1","232283_at"
"LYSMD2","226748_at"
"LYSMD3","226321_at"
"LYSMD4","228954_at"
"LYST","203518_at"
"LYVE1","219059_s_at"
"LYZ","213975_s_at"
"LYZL1","233973_at"
"LYZL4","231306_at"
"LYZL6","207343_at"
"LZIC","226087_at"
"LZTFL1","218437_s_at"
"LZTR1","203412_at"
"LZTS1","222107_x_at"
"LZTS1-AS1","1559880_at"
"LZTS2","224473_x_at"
"LZTS3","204447_at"
"M1AP","234498_at"
"M6PR","200901_s_at"
"MAB21L2","210302_s_at"
"MAB21L3","1553333_at"
"MAB21L4","220149_at"
"MACC1","1566766_a_at"
"MACC1-OT1","237193_s_at"
"MACF1","208634_s_at"
"MACIR","221823_at"
"MACO1","218562_s_at"
"MACROD1","219188_s_at"
"MACROD2","235278_at"
"MACROD2-AS1","1562943_at"
"MACROH2A1","207168_s_at"
"MACROH2A2","218445_at"
"MAD1L1","204857_at"
"MAD2L1","1554768_a_at"
"MAD2L1BP","203094_at"
"MAD2L2","223234_at"
"MADCAM1","208037_s_at"
"MADD","210252_s_at"
"MADD-AS1","240986_at"
"MAEA","207922_s_at"
"MAEL","229475_at"
"MAF","209348_s_at"
"MAF1","222998_at"
"MAFB","218559_s_at"
"MAFF","36711_at"
"MAFG","204970_s_at"
"MAFK","226206_at"
"MAG","217447_at"
"MAGEA1","207325_x_at"
"MAGEA10","210295_at"
"MAGEA11","210503_at"
"MAGEA12","210467_x_at"
"MAGEA3","209942_x_at"
"MAGEA4","214254_at"
"MAGEA6","214612_x_at"
"MAGEA8","210274_at"
"MAGEB1","207534_at"
"MAGEB18","1552913_at"
"MAGEB2","206218_at"
"MAGEB3","207579_at"
"MAGEB4","207581_s_at"
"MAGEB6","1552858_at"
"MAGEC1","206609_at"
"MAGEC2","220062_s_at"
"MAGEC3","216592_at"
"MAGED1","209014_at"
"MAGED2","208682_s_at"
"MAGEE1","229286_at"
"MAGEE2","1553254_at"
"MAGEF1","218176_at"
"MAGEH1","218573_at"
"MAGEL2","219894_at"
"MAGI1","222372_at"
"MAGI1-IT1","1561301_at"
"MAGI2","209737_at"
"MAGI2-AS2","241146_at"
"MAGI2-AS3","227554_at"
"MAGI3","226770_at"
"MAGIX","1563318_s_at"
"MAGOH","210093_s_at"
"MAGOH-DT","1556048_at"
"MAGOH2P","217693_x_at"
"MAGOHB","218894_s_at"
"MAGT1","224899_s_at"
"MAILR","230939_at"
"MAIP1","219176_at"
"MAJIN","231210_at"
"MAK","220302_at"
"MAK16","211686_s_at"
"MAL","204777_s_at"
"MAL2","224650_at"
"MALAT1","1558678_s_at"
"MALL","209373_at"
"MALRD1","242660_at"
"MALRD1-AS1","1569954_at"
"MALSU1","226385_s_at"
"MALT1","210018_x_at"
"MAMDC2","228885_at"
"MAMDC2-AS1","1559656_a_at"
"MAMDC4","229473_at"
"MAML1","202360_at"
"MAML2","235457_at"
"MAML3","242794_at"
"MAML3-AS1","1556171_a_at"
"MAMLD1","205088_at"
"MAMSTR","1557091_at"
"MAN1A1","221760_at"
"MAN1A2","217922_at"
"MAN1B1","218636_s_at"
"MAN1B1-DT","232420_x_at"
"MAN1C1","214180_at"
"MAN2A1","226538_at"
"MAN2A2","202032_s_at"
"MAN2B1","209166_s_at"
"MAN2B2","214703_s_at"
"MAN2C1","203668_at"
"MANBA","203778_at"
"MANBAL","224689_at"
"MANEA","222805_at"
"MANEAL","226132_s_at"
"MANF","202655_at"
"MANSC1","220945_x_at"
"MAOA","212741_at"
"MAOB","204041_at"
"MAP10","232039_at"
"MAP1A","203151_at"
"MAP1B","226084_at"
"MAP1LC3A","224378_x_at"
"MAP1LC3B","208786_s_at"
"MAP1LC3B2","234238_at"
"MAP1LC3C","221697_at"
"MAP1S","218522_s_at"
"MAP2","225540_at"
"MAP2K1","202670_at"
"MAP2K2","202424_at"
"MAP2K3","215499_at"
"MAP2K4","203266_s_at"
"MAP2K5","204756_at"
"MAP2K6","205698_s_at"
"MAP2K7","226053_at"
"MAP3K1","225927_at"
"MAP3K10","206362_x_at"
"MAP3K11","203652_at"
"MAP3K12","230921_s_at"
"MAP3K13","226190_at"
"MAP3K14","205192_at"
"MAP3K14-AS1","1557783_at"
"MAP3K15","242581_at"
"MAP3K19","221180_at"
"MAP3K2","226979_at"
"MAP3K2-DT","239302_s_at"
"MAP3K20","225665_at"
"MAP3K20-AS1","1558653_at"
"MAP3K21","228565_at"
"MAP3K3","227131_at"
"MAP3K4","216199_s_at"
"MAP3K5","203837_at"
"MAP3K5-AS1","236785_at"
"MAP3K5-AS2","242714_at"
"MAP3K6","219278_at"
"MAP3K7","206854_s_at"
"MAP3K7CL","221211_s_at"
"MAP3K8","235421_at"
"MAP3K9","214969_at"
"MAP3K9-DT","1565836_at"
"MAP4","212566_at"
"MAP4K1","214339_s_at"
"MAP4K2","204936_at"
"MAP4K3","218311_at"
"MAP4K3-DT","242835_s_at"
"MAP4K4","218181_s_at"
"MAP4K5","203552_at"
"MAP6","228943_at"
"MAP6D1","239473_x_at"
"MAP7","202890_at"
"MAP7D1","217943_s_at"
"MAP7D2","228262_at"
"MAP7D3","219626_at"
"MAP9","228423_at"
"MAPDA","238424_at"
"MAPK1","224621_at"
"MAPK10","204813_at"
"MAPK10-AS1","1559344_at"
"MAPK11","211500_at"
"MAPK12","1556341_s_at"
"MAPK13","210058_at"
"MAPK14","202530_at"
"MAPK15","241357_at"
"MAPK1IP1L","212643_at"
"MAPK3","212046_x_at"
"MAPK4","204707_s_at"
"MAPK6","207121_s_at"
"MAPK7","207292_s_at"
"MAPK8","226048_at"
"MAPK8IP1","213014_at"
"MAPK8IP2","1556001_at"
"MAPK8IP3","213178_s_at"
"MAPK8IP3-AS1","231334_at"
"MAPK9","203218_at"
"MAPKAP1","217808_s_at"
"MAPKAPK2","201460_at"
"MAPKAPK3","202788_at"
"MAPKAPK5","212871_at"
"MAPKAPK5-AS1","1553987_at"
"MAPKBP1","213394_at"
"MAPRE1","200713_s_at"
"MAPRE2","202501_at"
"MAPRE3","203842_s_at"
"MAPT","225379_at"
"MAPT-AS1","237536_at"
"MARCHF1","229383_at"
"MARCHF10","237724_at"
"MARCHF10-DT","1561436_at"
"MARCHF11","239359_at"
"MARCHF11-DT","1562645_at"
"MARCHF2","210075_at"
"MARCHF3","213256_at"
"MARCHF4","230112_at"
"MARCHF5","218582_at"
"MARCHF6","212498_at"
"MARCHF6-DT","229446_at"
"MARCHF7","202653_s_at"
"MARCHF8","221824_s_at"
"MARCHF9","226454_at"
"MARCKS","201669_s_at"
"MARCKSL1","200644_at"
"MARCO","205819_at"
"MARF1","202386_s_at"
"MARK1","221047_s_at"
"MARK2","203942_s_at"
"MARK2P21","1554286_at"
"MARK3","202568_s_at"
"MARK4","55065_at"
"MARS1","201475_x_at"
"MARS2","243529_at"
"MARVELD1","223095_at"
"MARVELD2","235141_at"
"MARVELD3","233634_at"
"MAS1","208210_at"
"MAS1L","234820_at"
"MASP1","213749_at"
"MASP2","216968_at"
"MAST1","217231_s_at"
"MAST2","215903_s_at"
"MAST3","213045_at"
"MAST4","40016_g_at"
"MASTL","228468_at"
"MAT1A","205813_s_at"
"MAT2A","200768_s_at"
"MAT2B","217993_s_at"
"MATCAP1","1558041_a_at"
"MATCAP2","213424_at"
"MATK","206267_s_at"
"MATN1","206904_at"
"MATN1-AS1","1557558_s_at"
"MATN2","202350_s_at"
"MATN3","206091_at"
"MATN4","207123_s_at"
"MATR3","214363_s_at"
"MAU2","227465_at"
"MAVS","226495_at"
"MAX","209332_s_at"
"MAZ","212064_x_at"
"MB","204179_at"
"MB21D2","227599_at"
"MBD1","203353_s_at"
"MBD2","202484_s_at"
"MBD3","41160_at"
"MBD3L1","1552459_a_at"
"MBD3L2","1552456_a_at"
"MBD4","209579_s_at"
"MBD5","220195_at"
"MBD6","227833_s_at"
"MBIP","218411_s_at"
"MBL2","207256_at"
"MBLAC1","1554170_a_at"
"MBLAC2","230298_at"
"MBNL1","201153_s_at"
"MBNL1-AS1","235173_at"
"MBNL2","203640_at"
"MBNL3","229498_at"
"MBOAT1","227379_at"
"MBOAT2","213288_at"
"MBOAT7","209179_s_at"
"MBP","210136_at"
"MBP-AS1","231356_at"
"MBTD1","226797_at"
"MBTPS1","201620_at"
"MBTPS2","226760_at"
"MC1R","205458_at"
"MC2R","208568_at"
"MC3R","221442_at"
"MC4R","221467_at"
"MC5R","208565_at"
"MCAM","211340_s_at"
"MCAT","213132_s_at"
"MCC","226225_at"
"MCCC1","218440_at"
"MCCC2","209623_at"
"MCEE","226238_at"
"MCEMP1","235568_at"
"MCF2","217004_s_at"
"MCF2L","212935_at"
"MCF2L-AS1","220354_at"
"MCF2L2","215112_x_at"
"MCFD2","212245_at"
"MCHR1","230498_at"
"MCHR2","224408_at"
"MCHR2-AS1","231129_at"
"MCL1","200797_s_at"
"MCM10","223570_at"
"MCM2","202107_s_at"
"MCM3","201555_at"
"MCM3AP","212269_s_at"
"MCM3AP-AS1","220459_at"
"MCM4","222036_s_at"
"MCM5","216237_s_at"
"MCM6","201930_at"
"MCM7","208795_s_at"
"MCM8","224320_s_at"
"MCM8-AS1","1557334_a_at"
"MCM9","219673_at"
"MCMBP","222464_s_at"
"MCMDC2","1552359_at"
"MCOLN1","219952_s_at"
"MCOLN2","230110_at"
"MCOLN3","229797_at"
"MCPH1","1557347_at"
"MCPH1-AS1","230562_at"
"MCPH1-DT","1556301_at"
"MCRIP1","225329_at"
"MCRS1","202556_s_at"
"MCTP1","220122_at"
"MCTP2","243109_at"
"MCTS1","218163_at"
"MCU","225320_at"
"MCUB","218802_at"
"MCUR1","220094_s_at"
"MDC1","203062_s_at"
"MDFI","205375_at"
"MDFIC","211675_s_at"
"MDGA1","232237_at"
"MDGA2","1570114_at"
"MDH1","200978_at"
"MDH1B","238721_at"
"MDH2","209036_s_at"
"MDK","209035_at"
"MDM2","225160_x_at"
"MDM4","236814_at"
"MDN1","212693_at"
"MDS2","1562731_s_at"
"ME1","204059_s_at"
"ME2","209397_at"
"ME3","204663_at"
"MEA1","218061_at"
"MEAF6","218165_at"
"MEAK7","221843_s_at"
"MECOM","221884_at"
"MECP2","202616_s_at"
"MECR","242837_at"
"MED1","203497_at"
"MED10","223247_at"
"MED11","226958_s_at"
"MED12","216071_x_at"
"MED12L","1555300_a_at"
"MED13","201987_at"
"MED13L","212209_at"
"MED14","202610_s_at"
"MED14OS","231226_at"
"MED15","222175_s_at"
"MED15P9","1561433_at"
"MED16","221545_x_at"
"MED17","221517_s_at"
"MED18","221650_s_at"
"MED19","226300_at"
"MED20","212872_s_at"
"MED21","209362_at"
"MED22","206593_s_at"
"MED23","218846_at"
"MED24","213043_s_at"
"MED25","1553993_s_at"
"MED26","227538_at"
"MED27","51176_at"
"MED28","228992_at"
"MED29","225708_at"
"MED30","227787_s_at"
"MED31","222867_s_at"
"MED4","217843_s_at"
"MED6","207079_s_at"
"MED7","204350_s_at"
"MED8","213696_s_at"
"MED9","218372_at"
"MEDAG","227058_at"
"MEF2A","212535_at"
"MEF2C","209199_s_at"
"MEF2C-AS1","233522_at"
"MEF2D","225641_at"
"MEFV","208262_x_at"
"MEG3","210794_s_at"
"MEG8","240083_at"
"MEG9","228632_at"
"MEGF10","1555343_at"
"MEGF11","1569879_a_at"
"MEGF6","226869_at"
"MEGF8","227327_at"
"MEGF9","212830_at"
"MEI1","1554208_at"
"MEIG1","238158_at"
"MEIKIN","223918_at"
"MEIOB","237265_at"
"MEIOC","1566480_x_at"
"MEIS1","204069_at"
"MEIS2","207480_s_at"
"MEIS3","228327_x_at"
"MEIS3P1","214077_x_at"
"MELK","204825_at"
"MELTF","235911_at"
"MELTF-AS1","243629_x_at"
"MEN1","202645_s_at"
"MEOX1","205619_s_at"
"MEOX2","206201_s_at"
"MEP1A","206000_at"
"MEP1B","207251_at"
"MEPCE","219798_s_at"
"MEPE","221150_at"
"MERTK","206028_s_at"
"MESD","224675_at"
"MESP1","229195_at"
"MESP2","1556014_at"
"MEST","202016_at"
"MET","203510_at"
"METAP1","212673_at"
"METAP1D","227805_at"
"METAP2","209861_s_at"
"METRN","232269_x_at"
"METRNL","225955_at"
"METTL1","204027_s_at"
"METTL13","212405_s_at"
"METTL14","227601_at"
"METTL14-DT","1560495_at"
"METTL15","238773_at"
"METTL16","226744_at"
"METTL17","223988_x_at"
"METTL18","213528_at"
"METTL21A","235931_at"
"METTL21C","230331_at"
"METTL21EP","1560646_at"
"METTL22","218945_at"
"METTL23","225808_at"
"METTL25","229018_at"
"METTL25B","218914_at"
"METTL26","227378_x_at"
"METTL27","1553778_at"
"METTL2B","222276_at"
"METTL3","209265_s_at"
"METTL4","219698_s_at"
"METTL5","221570_s_at"
"METTL6","1553689_s_at"
"METTL8","220007_at"
"METTL9","217868_s_at"
"MEX3A","236885_at"
"MEX3B","223627_at"
"MEX3C","218247_s_at"
"MEX3D","222042_x_at"
"MFAP1","203406_at"
"MFAP2","203417_at"
"MFAP3","213123_at"
"MFAP3L","1569300_at"
"MFAP4","212713_at"
"MFAP5","209758_s_at"
"MFF","222832_s_at"
"MFF-DT","1557862_at"
"MFGE8","210605_s_at"
"MFHAS1","225478_at"
"MFN1","207098_s_at"
"MFN2","201155_s_at"
"MFNG","204153_s_at"
"MFSD1","218109_s_at"
"MFSD11","223242_s_at"
"MFSD12","226516_at"
"MFSD2A","225316_at"
"MFSD6","225325_at"
"MFSD6L","1552432_at"
"MFSD8","228282_at"
"MGA","212945_s_at"
"MGAM","206522_at"
"MGAM2","216666_at"
"MGARP","223734_at"
"MGAT1","201126_s_at"
"MGAT2","203102_s_at"
"MGAT3","208058_s_at"
"MGAT4A","226039_at"
"MGAT4B","224598_at"
"MGAT4C","207447_s_at"
"MGAT4D","1569995_at"
"MGAT4EP","1570023_at"
"MGAT5","212098_at"
"MGAT5B","238445_x_at"
"MGC12916","224507_s_at"
"MGC15885","1569393_at"
"MGC16275","1558167_a_at"
"MGC27382","1570235_at"
"MGC2889","211718_at"
"MGC34796","240692_at"
"MGC4859","207775_at"
"MGC70870","242136_x_at"
"MGLL","211026_s_at"
"MGME1","225890_at"
"MGMT","204880_at"
"MGP","202291_s_at"
"MGRN1","212576_at"
"MGST1","224918_x_at"
"MGST2","204168_at"
"MGST3","201403_s_at"
"MIA","206560_s_at"
"MIA2","204055_s_at"
"MIA3","212305_s_at"
"MIAT","227168_at"
"MIATNB","232340_at"
"MIB1","224726_at"
"MIB2","226644_at"
"MICA","205904_at"
"MICA-AS1","230937_at"
"MICAL1","218376_s_at"
"MICAL2","212473_s_at"
"MICAL3","231553_s_at"
"MICALL1","221779_at"
"MICALL2","219332_at"
"MICB","206247_at"
"MICOS10","224867_at"
"MICOS10P1","215318_at"
"MICOS13","225823_at"
"MICU1","216903_s_at"
"MICU2","212410_at"
"MICU3","238458_at"
"MID1","203637_s_at"
"MID1IP1","218251_at"
"MID2","208384_s_at"
"MIDEAS","225980_at"
"MIDEAS-AS1","243680_at"
"MIDN","225954_s_at"
"MIEF1","221516_s_at"
"MIEF2","235896_s_at"
"MIEN1","224447_s_at"
"MIER1","225475_at"
"MIER2","221863_at"
"MIER3","228961_at"
"MIF","217871_s_at"
"MIF-AS1","1556316_s_at"
"MIF4GD","223411_at"
"MIGA1","235125_x_at"
"MIGA2","226356_at"
"MIIP","218551_at"
"MILIP","1559352_a_at"
"MILR1","217513_at"
"MIMS1","230739_at"
"MIMS2","224690_at"
"MINAR1","215081_at"
"MINCR","244411_at"
"MINDY1","226062_x_at"
"MINDY2","222111_at"
"MINDY2-DT","1560827_at"
"MINDY3","218297_at"
"MINK1","214246_x_at"
"MINPP1","209585_s_at"
"MIOS","206860_s_at"
"MIOS-DT","244116_at"
"MIOX","224179_s_at"
"MIP","220863_at"
"MIPEP","204305_at"
"MIPEPP3","243760_at"
"MIPOL1","244246_at"
"MIR1-1HG","232892_at"
"MIR100HG","225381_at"
"MIR124-1HG","1556046_a_at"
"MIR124-2HG","236693_at"
"MIR133A1HG","1558645_at"
"MIR155HG","229437_at"
"MIR17HG","233636_at"
"MIR181A2HG","232478_at"
"MIR1915HG","1555922_at"
"MIR194-2HG","1556718_s_at"
"MIR200CHG","240284_x_at"
"MIR2052HG","1561371_at"
"MIR205HG","1555942_a_at"
"MIR210HG","230710_at"
"MIR2113HG","1556832_at"
"MIR22HG","214696_at"
"MIR23AHG","1555847_a_at"
"MIR29B2CHG","228528_at"
"MIR30DHG","1558821_s_at"
"MIR3142HG","232504_at"
"MIR3147HG","233511_at"
"MIR3150BHG","1556755_s_at"
"MIR31HG","1554097_a_at"
"MIR34AHG","235571_at"
"MIR34BHG","1568906_at"
"MIR3663HG","1561328_at"
"MIR3667HG","235839_at"
"MIR3681HG","233590_at"
"MIR3682","229926_at"
"MIR3936HG","241899_at"
"MIR3945HG","1569095_at"
"MIR3976HG","233610_at"
"MIR4290HG","1561289_at"
"MIR4296","1561963_at"
"MIR4300HG","1557022_at"
"MIR4307HG","244608_at"
"MIR4435-2HG","232918_at"
"MIR4453HG","231954_at"
"MIR4458HG","229347_at"
"MIR4500HG","232848_at"
"MIR4527HG","1563178_at"
"MIR4755","224096_at"
"MIR497HG","230353_at"
"MIR503HG","229784_at"
"MIR5188","238213_at"
"MIR548XHG","1561609_at"
"MIR550A3HG","1568597_at"
"MIR570HG","1557293_at"
"MIR622","216808_at"
"MIR646HG","236846_at"
"MIR663AHG","237670_at"
"MIR670HG","244136_at"
"MIR7-3HG","223913_s_at"
"MIR9-1HG","205103_at"
"MIR9-2HG","238850_at"
"MIR9-3HG","235936_at"
"MIR924HG","240365_at"
"MIR99AHG","239999_at"
"MIRLET7BHG","232480_at"
"MIRLET7D","227793_at"
"MIS12","221559_s_at"
"MIS18A","219004_s_at"
"MIS18BP1","226630_at"
"MISFA","231404_at"
"MISO1","1554176_a_at"
"MISP","212925_at"
"MISP3","1558412_at"
"MITD1","226329_s_at"
"MITF","226066_at"
"MIX23","235244_at"
"MIXL1","231746_at"
"MKI67","212022_s_at"
"MKKS","222530_s_at"
"MKLN1","235067_at"
"MKNK1","209467_s_at"
"MKNK1-AS1","240810_at"
"MKNK2","218205_s_at"
"MKRN1","201285_at"
"MKRN2","218071_s_at"
"MKRN3","206585_at"
"MKRN7P","217115_at"
"MKS1","1555820_a_at"
"MKX","236014_at"
"MLANA","206427_s_at"
"MLC1","213395_at"
"MLEC","200617_at"
"MLF1","204784_s_at"
"MLF2","200948_at"
"MLH1","202520_s_at"
"MLH3","204838_s_at"
"MLIP","235377_at"
"MLKL","238025_at"
"MLLT1","224993_at"
"MLLT10","225992_at"
"MLLT10P1","216828_at"
"MLLT11","211071_s_at"
"MLLT3","204917_s_at"
"MLLT6","224784_at"
"MLN","207473_at"
"MLNR","221365_at"
"MLPH","218211_s_at"
"MLST8","220587_s_at"
"MLX","213708_s_at"
"MLXIP","202519_at"
"MLXIPL","221163_s_at"
"MLYCD","218869_at"
"MMAA","242750_at"
"MMAB","225826_at"
"MMACHC","211774_s_at"
"MMADHC","217883_at"
"MMD","203414_at"
"MMD2","230826_at"
"MME","203435_s_at"
"MMEL1","1552930_at"
"MMEL1-AS1","1565729_at"
"MMGT1","225125_at"
"MMP1","204475_at"
"MMP10","205680_at"
"MMP11","203878_s_at"
"MMP12","204580_at"
"MMP13","205959_at"
"MMP14","160020_at"
"MMP15","203365_s_at"
"MMP16","223614_at"
"MMP17","206234_s_at"
"MMP19","204575_s_at"
"MMP2","201069_at"
"MMP20","207599_at"
"MMP21","1552592_at"
"MMP24","228016_s_at"
"MMP24OS","78047_s_at"
"MMP25","207890_s_at"
"MMP25-AS1","240054_at"
"MMP26","220541_at"
"MMP27","220783_at"
"MMP28","224207_x_at"
"MMP3","205828_at"
"MMP7","204259_at"
"MMP8","207329_at"
"MMP9","203936_s_at"
"MMRN1","205612_at"
"MMRN2","219091_s_at"
"MMS19","202167_s_at"
"MMUT","202960_s_at"
"MN1","205330_at"
"MNAT1","203565_s_at"
"MND1","223700_at"
"MNDA","204959_at"
"MNS1","219703_at"
"MNT","204206_at"
"MNX1","214614_at"
"MNX1-AS1","236967_at"
"MOAP1","212508_at"
"MOB1A","214812_s_at"
"MOB1B","225997_at"
"MOB2","223353_at"
"MOB3A","225530_at"
"MOB3B","226844_at"
"MOB3C","227066_at"
"MOB4","202919_at"
"MOBP","242765_at"
"MOCOS","219959_at"
"MOCS1","213181_s_at"
"MOCS2","218212_s_at"
"MOCS2-DT","236076_at"
"MOCS3","206141_at"
"MOG","211836_s_at"
"MOGAT1","1553062_at"
"MOGAT2","232428_at"
"MOGAT3","234850_at"
"MOGS","210627_s_at"
"MOK","205130_at"
"MON1A","224500_s_at"
"MON1B","227116_at"
"MON2","212754_s_at"
"MORC1","220850_at"
"MORC2","203956_at"
"MORC2-AS1","230566_at"
"MORC3","213000_at"
"MORC4","219038_at"
"MORF4L1","217982_s_at"
"MORF4L2","201994_at"
"MORF4L2-AS1","1559002_at"
"MORN1","219852_s_at"
"MORN2","226790_at"
"MORN3","210679_x_at"
"MORN4","236813_at"
"MORN5","229976_at"
"MOS","221367_at"
"MOSMO","230296_at"
"MOSPD1","218853_s_at"
"MOSPD2","221895_at"
"MOSPD3","219070_s_at"
"MOV10","223849_s_at"
"MOV10L1","239257_at"
"MOXD1","1554474_a_at"
"MPC1","218024_at"
"MPC2","202427_s_at"
"MPDU1","209208_at"
"MPDZ","213306_at"
"MPEG1","226841_at"
"MPG","203686_at"
"MPHOSPH10","212885_at"
"MPHOSPH6","203740_at"
"MPHOSPH8","225041_at"
"MPHOSPH9","221965_at"
"MPI","202472_at"
"MPIG6B","221342_at"
"MPL","211903_s_at"
"MPLKIP","225419_at"
"MPND","233651_s_at"
"MPO","203949_at"
"MPP1","202974_at"
"MPP2","213270_at"
"MPP3","206186_at"
"MPP4","1555099_at"
"MPP7","238778_at"
"MPPE1","209858_x_at"
"MPPED1","206436_at"
"MPPED2","205413_at"
"MPRIP","212197_x_at"
"MPRIP-AS1","1570588_at"
"MPST","203524_s_at"
"MPV17","203466_at"
"MPV17L","1559167_x_at"
"MPV17L2","223473_at"
"MPZ","210280_at"
"MPZL1","201874_at"
"MPZL2","203780_at"
"MPZL3","227747_at"
"MR1","235352_at"
"MRAP","1554044_a_at"
"MRAP-AS1","1560617_at"
"MRAP2","227226_at"
"MRAS","225185_at"
"MRC1","204438_at"
"MRC2","37408_at"
"MRE11","205395_s_at"
"MREG","219648_at"
"MRFAP1","226091_s_at"
"MRFAP1L1","212199_at"
"MRFAP1L2","225391_at"
"MRGBP","218586_at"
"MRGPRF","227727_at"
"MRGPRF-AS1","1560496_at"
"MRGPRG-AS1","1564439_a_at"
"MRGPRX1","1553401_at"
"MRGPRX2","1553889_at"
"MRGPRX3","1553293_at"
"MRGPRX4","1553504_at"
"MRI1","228077_at"
"MRLN","231051_at"
"MRM1","219967_at"
"MRM2","218356_at"
"MRM3","218993_at"
"MRNIP","220341_s_at"
"MRNIP-DT","1559535_s_at"
"MRO","224324_at"
"MROCKI","1557359_at"
"MROH1","227778_at"
"MROH2A","1556168_s_at"
"MROH2B","1569730_at"
"MROH6","227672_at"
"MROH7","214147_at"
"MROH8","232185_at"
"MROH9","221182_at"
"MRPL1","223154_at"
"MRPL10","224671_at"
"MRPL11","219162_s_at"
"MRPL12","203931_s_at"
"MRPL13","218049_s_at"
"MRPL14","225201_s_at"
"MRPL15","218027_at"
"MRPL16","217980_s_at"
"MRPL17","222216_s_at"
"MRPL18","217907_at"
"MRPL19","203465_at"
"MRPL2","218887_at"
"MRPL20","220526_s_at"
"MRPL20-AS1","225920_at"
"MRPL21","225315_at"
"MRPL22","218339_at"
"MRPL23","213897_s_at"
"MRPL24","218270_at"
"MRPL27","224330_s_at"
"MRPL28","204599_s_at"
"MRPL3","208787_at"
"MRPL30","224971_at"
"MRPL32","225260_s_at"
"MRPL33","203781_at"
"MRPL34","221692_s_at"
"MRPL35","218890_x_at"
"MRPL36","224331_s_at"
"MRPL37","222993_at"
"MRPL38","225103_at"
"MRPL39","218558_s_at"
"MRPL4","218105_s_at"
"MRPL40","203152_at"
"MRPL41","227186_s_at"
"MRPL42","217919_s_at"
"MRPL43","224332_s_at"
"MRPL44","222555_s_at"
"MRPL45","224479_s_at"
"MRPL45P2","237182_at"
"MRPL46","219244_s_at"
"MRPL47","223480_s_at"
"MRPL48","218281_at"
"MRPL49","201717_at"
"MRPL50","225581_s_at"
"MRPL51","223086_x_at"
"MRPL52","226241_s_at"
"MRPL54","225797_at"
"MRPL55","225719_s_at"
"MRPL57","204386_s_at"
"MRPL58","204868_at"
"MRPL9","209609_s_at"
"MRPS10","218106_s_at"
"MRPS11","211595_s_at"
"MRPS12","204331_s_at"
"MRPS14","203800_s_at"
"MRPS15","226296_s_at"
"MRPS16","218046_s_at"
"MRPS17","218982_s_at"
"MRPS18A","218385_at"
"MRPS18B","217408_at"
"MRPS18C","228019_s_at"
"MRPS2","218001_at"
"MRPS21","222997_s_at"
"MRPS22","219220_x_at"
"MRPS23","223156_at"
"MRPS25","224869_s_at"
"MRPS26","225196_s_at"
"MRPS27","212145_at"
"MRPS28","219819_s_at"
"MRPS30","218398_at"
"MRPS31","212603_at"
"MRPS33","218654_s_at"
"MRPS34","218112_at"
"MRPS35","217942_at"
"MRPS5","224333_s_at"
"MRPS6","224919_at"
"MRPS7","217932_at"
"MRPS9","226749_at"
"MRRF","225126_at"
"MRS2","218536_at"
"MRTFA","212748_at"
"MRTFA-AS1","1564338_at"
"MRTFB","218259_at"
"MRTO4","220688_s_at"
"MS4A1","210356_x_at"
"MS4A12","220834_at"
"MS4A14","229510_at"
"MS4A15","1564194_a_at"
"MS4A2","207497_s_at"
"MS4A3","210254_at"
"MS4A4A","1555728_a_at"
"MS4A5","220790_s_at"
"MS4A6A","223280_x_at"
"MS4A6E","231335_at"
"MS4A7","223343_at"
"MS4A8","224355_s_at"
"MSANTD1","237434_x_at"
"MSANTD2","221208_s_at"
"MSANTD2-AS1","1563776_at"
"MSANTD3","1555841_at"
"MSANTD4","227418_at"
"MSC","209928_s_at"
"MSC-AS1","228438_at"
"MSH2","209421_at"
"MSH3","205887_x_at"
"MSH4","210533_at"
"MSH6","202911_at"
"MSI1","206333_at"
"MSI2","225240_s_at"
"MSI2-AS1","1570182_at"
"MSL1","224765_at"
"MSL2","218733_at"
"MSL3","207551_s_at"
"MSLN","204885_s_at"
"MSMB","210297_s_at"
"MSMO1","209146_at"
"MSN","200600_at"
"MSR1","214770_at"
"MSRA","219281_at"
"MSRB1","217977_at"
"MSRB2","218773_s_at"
"MSRB3","225782_at"
"MSS51","241793_at"
"MST1","205614_x_at"
"MST1L","215563_s_at"
"MST1R","205455_at"
"MSTN","207145_at"
"MSTO1","222584_at"
"MSX1","205932_s_at"
"MSX2","205555_s_at"
"MT-ATP6","1553567_s_at"
"MT-CO1","1553538_s_at"
"MT-CO2","1553570_x_at"
"MT-CO3","238199_x_at"
"MT-ND2","1553551_s_at"
"MT-ND4","224372_at"
"MT-ND6","1553575_at"
"MT1E","212859_x_at"
"MT1F","217165_x_at"
"MT1G","204745_x_at"
"MT1H","206461_x_at"
"MT1HL1","211456_x_at"
"MT1M","217546_at"
"MT1X","208581_x_at"
"MT2A","212185_x_at"
"MT3","205970_at"
"MT4","217395_at"
"MTA1","211783_s_at"
"MTA2","203444_s_at"
"MTA3","223311_s_at"
"MTAP","231984_at"
"MTARC1","218865_at"
"MTARC2","221636_s_at"
"MTBP","1552518_s_at"
"MTCH1","221619_s_at"
"MTCH2","217772_s_at"
"MTCL1","213358_at"
"MTCL2","225473_at"
"MTCL3","1569146_s_at"
"MTCP1","244790_at"
"MTDH","212251_at"
"MTERF1","204871_at"
"MTERF2","225346_at"
"MTERF3","219363_s_at"
"MTERF4","226486_at"
"MTF1","205322_s_at"
"MTF2","203345_s_at"
"MTFMT","235689_at"
"MTFP1","223172_s_at"
"MTFR1","203208_s_at"
"MTFR1L","224280_s_at"
"MTFR2","234944_s_at"
"MTG1","212767_at"
"MTG2","226598_s_at"
"MTHFD1","202309_at"
"MTHFD1L","225520_at"
"MTHFD2","201761_at"
"MTHFD2L","238762_at"
"MTHFR","226929_at"
"MTHFSD","218879_s_at"
"MTIF2","203095_at"
"MTIF3","223356_s_at"
"MTLN","228614_at"
"MTM1","204101_at"
"MTMR1","216095_x_at"
"MTMR10","225810_at"
"MTMR11","1556034_s_at"
"MTMR12","225232_at"
"MTMR14","222143_s_at"
"MTMR2","203211_s_at"
"MTMR3","202197_at"
"MTMR4","214268_s_at"
"MTMR6","214429_at"
"MTMR7","243804_at"
"MTMR8","220537_at"
"MTMR9","213278_at"
"MTMR9LP","228593_at"
"MTNAP1","223351_at"
"MTNR1A","221369_at"
"MTNR1B","208516_at"
"MTO1","233665_x_at"
"MTOR","202288_at"
"MTPAP","222794_x_at"
"MTPN","223925_s_at"
"MTR","203774_at"
"MTRES1","223576_at"
"MTREX","212896_at"
"MTRF1","219822_at"
"MTRF1L","225215_s_at"
"MTRFR","223477_s_at"
"MTRR","203200_s_at"
"MTSS1","203037_s_at"
"MTSS2","213978_at"
"MTTP","205675_at"
"MTURN","226018_at"
"MTUS1","212096_s_at"
"MTUS2","244676_s_at"
"MTUS2-AS1","1555188_at"
"MTX1","210386_s_at"
"MTX2","203517_at"
"MTX3","226528_at"
"MUC1","213693_s_at"
"MUC12","226654_at"
"MUC12-AS1","238180_at"
"MUC13","222712_s_at"
"MUC15","227238_at"
"MUC16","220196_at"
"MUC17","232321_at"
"MUC19","1553436_at"
"MUC2","204673_at"
"MUC20","226622_at"
"MUC3A","217054_at"
"MUC3B","214898_x_at"
"MUC4","217109_at"
"MUC5AC","214303_x_at"
"MUC5B","213432_at"
"MUC6","214133_at"
"MUC7","216359_at"
"MUC8","216671_x_at"
"MUCL1","1553602_at"
"MUCL3","231646_at"
"MUL1","218246_at"
"MUS81","218463_s_at"
"MUSK","241122_s_at"
"MUTYH","207727_s_at"
"MVB12A","227864_s_at"
"MVB12B","52975_at"
"MVD","203027_s_at"
"MVK","36907_at"
"MVP","202180_s_at"
"MX1","202086_at"
"MX2","204994_at"
"MXD1","226275_at"
"MXD3","221250_s_at"
"MXD4","212347_x_at"
"MXI1","202364_at"
"MXRA5","209596_at"
"MXRA7","212509_s_at"
"MXRA8","213422_s_at"
"MYADM","225673_at"
"MYADML2","242378_at"
"MYB","204798_at"
"MYBBP1A","219098_at"
"MYBL1","231268_at"
"MYBL2","201710_at"
"MYBPC1","214087_s_at"
"MYBPC2","206394_at"
"MYBPC3","208040_s_at"
"MYBPH","206304_at"
"MYC","202431_s_at"
"MYCBP2","201960_s_at"
"MYCBPAP","223731_at"
"MYCL","214058_at"
"MYCN","211377_x_at"
"MYCNOS","207028_at"
"MYCNUT","244438_at"
"MYCT1","231947_at"
"MYD88","209124_at"
"MYDGF","221739_at"
"MYEF2","232676_x_at"
"MYEOV","227342_s_at"
"MYF5","207424_at"
"MYF6","206372_at"
"MYG1","218220_at"
"MYH1","205951_at"
"MYH10","212372_at"
"MYH11","201497_x_at"
"MYH13","208208_at"
"MYH14","219946_x_at"
"MYH15","215331_at"
"MYH16","1564072_at"
"MYH2","204631_at"
"MYH3","205940_at"
"MYH4","208148_at"
"MYH6","214468_at"
"MYH7","216265_x_at"
"MYH7B","233949_s_at"
"MYH8","206717_at"
"MYH9","211926_s_at"
"MYL1","209888_s_at"
"MYL10","221660_at"
"MYL11","205163_at"
"MYL12A","201319_at"
"MYL12B","221474_at"
"MYL2","209742_s_at"
"MYL3","205589_at"
"MYL4","217274_x_at"
"MYL5","205145_s_at"
"MYL6","212082_s_at"
"MYL6B","204173_at"
"MYL7","219942_at"
"MYL9","201058_s_at"
"MYLIP","228098_s_at"
"MYLK","224823_at"
"MYLK-AS1","230460_at"
"MYLK2","231792_at"
"MYLK3","1562411_at"
"MYLK4","1556136_at"
"MYMX","222278_at"
"MYNN","224206_x_at"
"MYO10","201976_s_at"
"MYO15A","220288_at"
"MYO15B","59375_at"
"MYO16","1557720_s_at"
"MYO18A","202039_at"
"MYO18B","244595_at"
"MYO19","225947_at"
"MYO1A","211916_s_at"
"MYO1B","212364_at"
"MYO1C","214656_x_at"
"MYO1D","212338_at"
"MYO1E","203072_at"
"MYO1F","213733_at"
"MYO1G","244654_at"
"MYO1H","1553452_at"
"MYO3A","221400_at"
"MYO3B","1552578_a_at"
"MYO5A","227761_at"
"MYO5B","225301_s_at"
"MYO5C","218966_at"
"MYO6","203216_s_at"
"MYO7A","208189_s_at"
"MYO7B","235383_at"
"MYO9A","219027_s_at"
"MYO9B","214780_s_at"
"MYOC","210155_at"
"MYOCD","237206_at"
"MYOCD-AS1","1561554_at"
"MYOD1","206657_s_at"
"MYOF","201798_s_at"
"MYOG","207282_s_at"
"MYOM1","205610_at"
"MYOM2","205826_at"
"MYOM3","230284_at"
"MYORG","231185_at"
"MYOSLID-AS1","1563044_at"
"MYOT","219728_at"
"MYOZ1","219509_at"
"MYOZ2","207148_x_at"
"MYOZ3","1562002_at"
"MYPN","235367_at"
"MYPOP","227937_at"
"MYRF","204073_s_at"
"MYRF-AS1","234356_at"
"MYRFL","1556267_at"
"MYRIP","214156_at"
"MYSM1","225760_at"
"MYT1","215822_x_at"
"MYT1L","210016_at"
"MYZAP","228568_at"
"MZB1","221286_s_at"
"MZF1","40569_at"
"MZF1-AS1","1568864_at"
"MZT1","225578_at"
"MZT2A","213166_x_at"
"MZT2B","220720_x_at"
"N4BP1","48612_at"
"N4BP2","228242_at"
"N4BP2L1","213375_s_at"
"N4BP2L2","202258_s_at"
"N4BP2L2-IT2","215105_at"
"N4BP3","214775_at"
"NAA10","203025_at"
"NAA11","210603_at"
"NAA15","219158_s_at"
"NAA16","219378_at"
"NAA20","223040_at"
"NAA25","225888_at"
"NAA30","225679_at"
"NAA35","220925_at"
"NAA38","225441_x_at"
"NAA40","222369_at"
"NAA50","217745_s_at"
"NAA60","45526_g_at"
"NAA80","210874_s_at"
"NAAA","227135_at"
"NAALAD2","233815_at"
"NAALADL1","228424_at"
"NAALADL2","232656_at"
"NAALADL2-AS3","241587_at"
"NAB1","209272_at"
"NAB2","212803_at"
"NABP1","222872_x_at"
"NABP2","218903_s_at"
"NACA","208635_x_at"
"NACA2","222224_at"
"NACA4P","211445_x_at"
"NACAD","213630_at"
"NACC1","235047_x_at"
"NACC2","212993_at"
"NADK","208919_s_at"
"NADK2","228594_at"
"NADK2-AS1","1563219_at"
"NADSYN1","218840_s_at"
"NAE1","202268_s_at"
"NAF1","229757_at"
"NAGA","1555041_a_at"
"NAGK","218231_at"
"NAGLU","204360_s_at"
"NAGPA","205090_s_at"
"NAGS","229432_at"
"NAIF1","227825_at"
"NAIP","204860_s_at"
"NALCN","228608_at"
"NALCN-AS1","232828_at"
"NALF1","214825_at"
"NALF1-IT1","1562696_at"
"NALF2","206299_at"
"NALT1","1559765_a_at"
"NAMPT","243296_at"
"NANOG","231079_at"
"NANOS1","228523_at"
"NANOS2","1557767_at"
"NANOS3","240311_at"
"NANP","228073_at"
"NANS","218189_s_at"
"NAP1L1","213864_s_at"
"NAP1L2","219368_at"
"NAP1L3","204749_at"
"NAP1L4","201414_s_at"
"NAP1L5","228063_s_at"
"NAPA","206491_s_at"
"NAPA-AS1","235934_at"
"NAPB","225111_s_at"
"NAPEPLD","226041_at"
"NAPG","225448_at"
"NAPRT","226707_at"
"NAPSA","223806_s_at"
"NAPSB","228055_at"
"NARF","219862_s_at"
"NARS1","200027_at"
"NARS2","219217_at"
"NARS2-AS1","1556271_at"
"NASP","201970_s_at"
"NAT1","214440_at"
"NAT10","217884_at"
"NAT14","223284_at"
"NAT16","1564658_at"
"NAT2","206797_at"
"NAT8","210289_at"
"NAT8B","206964_at"
"NAT8L","228880_at"
"NAT9","204382_at"
"NATD1","226657_at"
"NAV1","224772_at"
"NAV2","218330_s_at"
"NAV2-AS2","237512_at"
"NAV2-AS4","233077_at"
"NAV2-AS5","1562320_at"
"NAV2-IT1","1561050_a_at"
"NAV3","204823_at"
"NAXD","217940_s_at"
"NAXE","225427_s_at"
"NBAS","202926_at"
"NBAT1","241670_x_at"
"NBDY","225029_at"
"NBEA","221207_s_at"
"NBEAL1","1554106_at"
"NBEAL2","212443_at"
"NBEAP1","1560684_x_at"
"NBL1","201621_at"
"NBN","202907_s_at"
"NBPF1","212854_x_at"
"NBPF3","1558825_s_at"
"NBPF4","1553910_at"
"NBPF5P","1558862_at"
"NBPF6","239337_at"
"NBR1","201384_s_at"
"NBR2","1553992_s_at"
"NCALD","211685_s_at"
"NCAM1","227394_at"
"NCAM1-AS2","1562699_at"
"NCAM2","205669_at"
"NCAN","205143_at"
"NCAPD2","201774_s_at"
"NCAPD3","212789_at"
"NCAPG","218662_s_at"
"NCAPG2","219588_s_at"
"NCAPH","212949_at"
"NCAPH2","209718_at"
"NCBP1","209520_s_at"
"NCBP2","201517_at"
"NCBP2AS2","225657_at"
"NCBP3","218896_s_at"
"NCDN","209557_s_at"
"NCEH1","225847_at"
"NCF1","214084_x_at"
"NCF2","209949_at"
"NCF4","205147_x_at"
"NCK1","211063_s_at"
"NCK1-DT","228799_at"
"NCK2","203315_at"
"NCKAP1","207738_s_at"
"NCKAP1L","209734_at"
"NCKAP5","239650_at"
"NCKAP5-AS1","1561460_at"
"NCKAP5-AS2","1560506_at"
"NCKAP5L","231865_at"
"NCKIPSD","218697_at"
"NCL","200610_s_at"
"NCLN","222206_s_at"
"NCOA1","209107_x_at"
"NCOA2","212867_at"
"NCOA3","209061_at"
"NCOA4","210774_s_at"
"NCOA5","234471_s_at"
"NCOA6","208979_at"
"NCOA7","225344_at"
"NCOR1","200854_at"
"NCOR2","207760_s_at"
"NCR1","217095_x_at"
"NCR2","217493_x_at"
"NCR3","210763_x_at"
"NCR3LG1","229715_at"
"NCS1","238753_at"
"NCSTN","208759_at"
"NDC1","234672_s_at"
"NDC80","204162_at"
"NDE1","218414_s_at"
"NDEL1","208093_s_at"
"NDFIP1","217800_s_at"
"NDFIP2","224802_at"
"NDN","209550_at"
"NDNF","219747_at"
"NDOR1","227739_at"
"NDP","206022_at"
"NDRG1","200632_s_at"
"NDRG2","206453_s_at"
"NDRG3","217286_s_at"
"NDRG4","209159_s_at"
"NDST1","202607_at"
"NDST2","203916_at"
"NDST3","220429_at"
"NDST4","208334_at"
"NDUFA1","202298_at"
"NDUFA10","217860_at"
"NDUFA11","228690_s_at"
"NDUFA12","223244_s_at"
"NDUFA13","220864_s_at"
"NDUFA2","209224_s_at"
"NDUFA3","218563_at"
"NDUFA5","201304_at"
"NDUFA6","202001_s_at"
"NDUFA7","202785_at"
"NDUFA8","218160_at"
"NDUFA9","208969_at"
"NDUFAB1","202077_at"
"NDUFAF1","204125_at"
"NDUFAF2","228355_s_at"
"NDUFAF3","209177_at"
"NDUFAF4","219006_at"
"NDUFAF5","227160_s_at"
"NDUFAF6","235509_at"
"NDUFAF7","223560_s_at"
"NDUFAF8","225967_s_at"
"NDUFB1","206790_s_at"
"NDUFB10","223112_s_at"
"NDUFB11","218320_s_at"
"NDUFB2","218200_s_at"
"NDUFB2-AS1","222090_at"
"NDUFB3","203371_s_at"
"NDUFB4","218226_s_at"
"NDUFB5","203621_at"
"NDUFB6","203613_s_at"
"NDUFB7","202839_s_at"
"NDUFB8","201227_s_at"
"NDUFB9","222992_s_at"
"NDUFC1","203478_at"
"NDUFC2","218101_s_at"
"NDUFS1","203039_s_at"
"NDUFS2","201966_at"
"NDUFS3","201740_at"
"NDUFS4","209303_at"
"NDUFS5","201757_at"
"NDUFS6","203606_at"
"NDUFS7","211752_s_at"
"NDUFS8","203190_at"
"NDUFV1","208714_at"
"NDUFV1-DT","1553438_at"
"NDUFV2","202941_at"
"NDUFV2-AS1","239450_at"
"NDUFV3","226616_s_at"
"NEAT1","234989_at"
"NEB","205054_at"
"NEBL","203962_s_at"
"NEBL-AS1","239894_at"
"NECAB1","233305_at"
"NECAB2","215005_at"
"NECAB3","223954_x_at"
"NECAP1","209300_s_at"
"NECAP2","220731_s_at"
"NECTIN1","225211_at"
"NECTIN2","225418_at"
"NECTIN3","213325_at"
"NECTIN3-AS1","236323_at"
"NECTIN4","223540_at"
"NEDD1","234984_at"
"NEDD4","213012_at"
"NEDD4L","212445_s_at"
"NEDD8","201840_at"
"NEDD9","202149_at"
"NEFH","204412_s_at"
"NEFL","221916_at"
"NEFM","223902_at"
"NEGR1","229461_x_at"
"NEGR1-IT1","1563316_at"
"NEIL1","241477_at"
"NEIL2","226585_at"
"NEIL3","219502_at"
"NEK1","213331_s_at"
"NEK10","237227_at"
"NEK11","219542_at"
"NEK2","204641_at"
"NEK2-DT","234341_x_at"
"NEK3","213116_at"
"NEK4","204634_at"
"NEK5","241310_at"
"NEK6","223158_s_at"
"NEK7","212530_at"
"NEK8","1557172_x_at"
"NEK9","212299_at"
"NELFA","34225_at"
"NELFB","202757_at"
"NELFCD","220607_x_at"
"NELFE","209219_at"
"NELL1","206089_at"
"NELL2","203413_at"
"NEMF","1569594_a_at"
"NEMP1","212621_at"
"NEMP2","238014_at"
"NENF","218407_x_at"
"NEO1","225270_at"
"NES","218678_at"
"NET1","201829_at"
"NETO1","1562713_a_at"
"NETO1-DT","243742_at"
"NETO2","218888_s_at"
"NEU1","208926_at"
"NEU2","221368_at"
"NEU3","235474_at"
"NEU4","222957_at"
"NEURL1","204889_s_at"
"NEURL1B","225355_at"
"NEURL2","230283_at"
"NEURL3","232593_at"
"NEURL4","226703_at"
"NEUROD1","1556057_s_at"
"NEUROD2","1552953_a_at"
"NEUROD4","221318_at"
"NEUROD6","220045_at"
"NEUROG1","208497_x_at"
"NEUROG2","215632_at"
"NEUROG3","207965_at"
"NEXMIF","244370_at"
"NEXN","1552309_a_at"
"NEXN-AS1","1560746_at"
"NF1","212676_at"
"NF2","218915_at"
"NFAM1","230322_at"
"NFASC","213438_at"
"NFAT5","224984_at"
"NFATC1","211105_s_at"
"NFATC2","226991_at"
"NFATC2IP","217527_s_at"
"NFATC3","225141_at"
"NFATC4","213345_at"
"NFE2","209930_s_at"
"NFE2L1","200758_s_at"
"NFE2L2","201146_at"
"NFE2L3","204702_s_at"
"NFE4","1560527_at"
"NFIA","224970_at"
"NFIA-AS2","1556510_at"
"NFIB","209289_at"
"NFIC","226895_at"
"NFIL3","203574_at"
"NFIX","227400_at"
"NFKB1","209239_at"
"NFKB2","207535_s_at"
"NFKBIA","201502_s_at"
"NFKBIB","214062_x_at"
"NFKBID","230052_s_at"
"NFKBIE","203927_at"
"NFKBIL1","209973_at"
"NFKBIZ","223218_s_at"
"NFRKB","213028_at"
"NFS1","218455_at"
"NFU1","218946_at"
"NFX1","1553103_at"
"NFXL1","227220_at"
"NFYA","204108_at"
"NFYB","218127_at"
"NFYC","202215_s_at"
"NFYC-AS1","1558782_a_at"
"NGB","236677_at"
"NGDN","213794_s_at"
"NGEF","227240_at"
"NGF","206814_at"
"NGFR","205858_at"
"NGLY1","220742_s_at"
"NGRN","217722_s_at"
"NHEG1","1568974_at"
"NHEJ1","219418_at"
"NHERF1","201349_at"
"NHERF2","209830_s_at"
"NHERF4","1555490_s_at"
"NHIP","236051_at"
"NHLH1","214628_at"
"NHLH2","214497_s_at"
"NHLRC2","219353_at"
"NHLRC3","227040_at"
"NHLRC4","1558431_at"
"NHP2","209104_s_at"
"NHS","228933_at"
"NHSL1","226490_at"
"NHSL2","227618_at"
"NHSL3","224746_at"
"NIBAN1","217967_s_at"
"NIBAN2","223019_at"
"NIBAN3","230983_at"
"NICN1","223442_at"
"NICOL1","229860_x_at"
"NID1","202007_at"
"NID2","204114_at"
"NIF3L1","218133_s_at"
"NIFK","224714_at"
"NIFK-AS1","235132_at"
"NIM1K","230864_at"
"NIN","225921_at"
"NINJ1","203045_at"
"NINJ2","219594_at"
"NINJ2-AS1","228647_at"
"NINL","207705_s_at"
"NIP7","219031_s_at"
"NIPA1","225752_at"
"NIPA2","212129_at"
"NIPAL1","232158_x_at"
"NIPAL2","227001_at"
"NIPAL3","214579_at"
"NIPAL4","230188_at"
"NIPAL4-DT","234143_at"
"NIPBL","212469_at"
"NIPSNAP1","201709_s_at"
"NIPSNAP2","201816_s_at"
"NIPSNAP3A","224436_s_at"
"NIPSNAP3B","229015_at"
"NISCH","201591_s_at"
"NIT1","202891_at"
"NIT2","218557_at"
"NKAIN1","219438_at"
"NKAIN2","1554601_at"
"NKAIN3","1553241_at"
"NKAIN4","230668_at"
"NKAP","223439_at"
"NKAPD1","222588_s_at"
"NKAPL","229340_at"
"NKAPP1","236493_at"
"NKD1","229613_at"
"NKD2","232201_at"
"NKG7","213915_at"
"NKILA","237166_at"
"NKIRAS1","225930_at"
"NKIRAS2","218240_at"
"NKPD1","1560430_at"
"NKRF","205004_at"
"NKTR","202379_s_at"
"NKX1-1","1565537_at"
"NKX1-2","230356_at"
"NKX2-1","210673_x_at"
"NKX2-1-AS1","236579_at"
"NKX2-2","206915_at"
"NKX2-3","1553808_a_at"
"NKX2-5","206578_at"
"NKX2-8","207451_at"
"NKX3-1","211498_s_at"
"NKX3-2","207031_at"
"NKX6-1","221366_at"
"NKX6-2","235832_at"
"NKX6-3","1552885_a_at"
"NLE1","203867_s_at"
"NLGN1","205893_at"
"NLGN2","226288_s_at"
"NLGN3","234751_s_at"
"NLGN4X","221933_at"
"NLGN4Y","207703_at"
"NLK","222589_at"
"NLN","234762_x_at"
"NLRC3","236295_s_at"
"NLRC4","1552553_a_at"
"NLRC5","226474_at"
"NLRP1","1562257_x_at"
"NLRP10","1553534_at"
"NLRP11","1552531_a_at"
"NLRP12","223944_at"
"NLRP13","1553525_at"
"NLRP14","1553523_at"
"NLRP2","221690_s_at"
"NLRP2B","234653_at"
"NLRP3","207075_at"
"NLRP4","242334_at"
"NLRP5","1552405_at"
"NLRP6","1552932_at"
"NLRP7","237461_at"
"NLRP8","1553526_at"
"NLRP9","1553527_at"
"NLRX1","219680_at"
"NMB","205204_at"
"NMBR","207333_at"
"NMD3","231870_s_at"
"NME1","201577_at"
"NME3","204862_s_at"
"NME4","212739_s_at"
"NME5","206197_at"
"NME6","205851_at"
"NME7","227556_at"
"NME8","220384_at"
"NME9","1562619_at"
"NMI","203964_at"
"NMNAT1","1569631_at"
"NMNAT2","209755_at"
"NMNAT3","243738_at"
"NMRAL1","231271_x_at"
"NMRAL2P","241418_at"
"NMRK1","219147_s_at"
"NMRK2","221051_s_at"
"NMT1","201157_s_at"
"NMT2","205005_s_at"
"NMU","206023_at"
"NMUR1","221383_at"
"NMUR2","224088_at"
"NNAT","204239_s_at"
"NNMT","202237_at"
"NNT","202783_at"
"NNT-AS1","1558801_at"
"NOA1","223157_at"
"NOB1","223018_at"
"NOBOX","234519_at"
"NOC2L","202115_s_at"
"NOC3L","218889_at"
"NOC4L","218860_at"
"NOCT","220671_at"
"NOD1","221073_s_at"
"NOD2","220066_at"
"NODAL","230916_at"
"NOG","231798_at"
"NOL10","222684_s_at"
"NOL11","221970_s_at"
"NOL12","219324_at"
"NOL3","59625_at"
"NOL4","206045_s_at"
"NOL4L","225224_at"
"NOL6","222554_s_at"
"NOL7","202882_x_at"
"NOL8","218244_at"
"NOL9","218754_at"
"NOLC1","211951_at"
"NOM1","229220_x_at"
"NOMO3","242922_at"
"NONO","200057_s_at"
"NOP10","217962_at"
"NOP14","214661_s_at"
"NOP14-AS1","215141_at"
"NOP16","214011_s_at"
"NOP2","214427_at"
"NOP53","217807_s_at"
"NOP56","200875_s_at"
"NOP58","223096_at"
"NOP9","225514_at"
"NOPCHAP1","226349_at"
"NORAD","224597_at"
"NOS1","207310_s_at"
"NOS1AP","215153_at"
"NOS2","210037_s_at"
"NOS3","205581_s_at"
"NOSIP","217950_at"
"NOSTRIN","226992_at"
"NOTCH1","218902_at"
"NOTCH2","202443_x_at"
"NOTCH2NLA","214722_at"
"NOTCH3","203238_s_at"
"NOTCH4","205247_at"
"NOTUM","228649_at"
"NOVA1","205794_s_at"
"NOVA2","238904_at"
"NOX1","210808_s_at"
"NOX3","221089_at"
"NOX4","219773_at"
"NOX5","220641_at"
"NOXA1","232373_at"
"NOXO1","235329_at"
"NOXRED1","231566_at"
"NPAP1","221300_at"
"NPAS1","216975_x_at"
"NPAS2","213462_at"
"NPAS3","1554635_a_at"
"NPAS4","240794_at"
"NPAT","209798_at"
"NPB","1553663_a_at"
"NPBWR1","231752_at"
"NPBWR2","221358_at"
"NPC1","202679_at"
"NPC1L1","220106_at"
"NPC2","200701_at"
"NPDC1","218086_at"
"NPEPL1","89476_r_at"
"NPEPPS","201455_s_at"
"NPEPPSP1","215090_x_at"
"NPFF","206402_s_at"
"NPFFR1","221387_at"
"NPFFR2","224169_at"
"NPHP1","238843_at"
"NPHP3","235410_at"
"NPHP3-AS1","1556887_at"
"NPHP4","213471_at"
"NPHS1","207673_at"
"NPHS2","220424_at"
"NPIPA1","204538_x_at"
"NPL","223405_at"
"NPLOC4","217796_s_at"
"NPM1","200063_s_at"
"NPM2","230977_at"
"NPM3","205129_at"
"NPNT","225911_at"
"NPPA","209957_s_at"
"NPPB","206801_at"
"NPPC","221348_at"
"NPR1","204648_at"
"NPR2","204310_s_at"
"NPR3","219054_at"
"NPRL2","203246_s_at"
"NPRL3","214273_x_at"
"NPSA","1555502_at"
"NPSR1-AS1","1561490_at"
"NPTN","202228_s_at"
"NPTN-IT1","228723_at"
"NPTX1","204684_at"
"NPTX2","213479_at"
"NPTXR","217041_at"
"NPVF","221322_at"
"NPW","243110_x_at"
"NPY","206001_at"
"NPY1R","205440_s_at"
"NPY2R","208379_x_at"
"NPY5R","207400_at"
"NPY6RP","210444_at"
"NQO1","201468_s_at"
"NQO2","203814_s_at"
"NQO2-AS1","244855_at"
"NR0B1","206645_s_at"
"NR0B2","206410_at"
"NR1D2","209750_at"
"NR1H2","218215_s_at"
"NR1H3","203920_at"
"NR1H4","206340_at"
"NR1I2","207203_s_at"
"NR1I3","207007_at"
"NR2C1","204791_at"
"NR2C2","225477_s_at"
"NR2C2AP","226839_at"
"NR2E1","207443_at"
"NR2E3","208385_at"
"NR2F1","209506_s_at"
"NR2F1-AS1","229014_at"
"NR2F2","209121_x_at"
"NR2F2-AS1","232878_at"
"NR2F6","209262_s_at"
"NR3C1","201865_x_at"
"NR3C2","205259_at"
"NR4A1","202340_x_at"
"NR4A2","204622_x_at"
"NR4A3","209959_at"
"NR5A1","210333_at"
"NR5A2","210174_at"
"NR6A1","227494_at"
"NRAD1","232318_s_at"
"NRAP","235313_at"
"NRARP","226499_at"
"NRAS","224985_at"
"NRAV","227437_at"
"NRBF2","221803_s_at"
"NRBP1","217765_at"
"NRBP2","225949_at"
"NRCAM","204105_s_at"
"NRDC","208709_s_at"
"NRDE2","227575_s_at"
"NREP","201310_s_at"
"NRF1","204651_at"
"NRG1","208232_x_at"
"NRG1-IT1","1563168_at"
"NRG2","242303_at"
"NRG3","229233_at"
"NRG4","242426_at"
"NRGN","204081_at"
"NRIP1","202600_s_at"
"NRIP2","215104_at"
"NRIP3","222900_at"
"NRK","227971_at"
"NRL","206596_s_at"
"NRM","225592_at"
"NRN1","218625_at"
"NRP1","212298_at"
"NRP2","225566_at"
"NRROS","235359_at"
"NRSN1","239293_at"
"NRSN2","218359_at"
"NRSN2-AS1","240549_at"
"NRTN","210683_at"
"NRXN1","209914_s_at"
"NRXN2","209982_s_at"
"NRXN3","229649_at"
"NSA2","201922_at"
"NSD1","219084_at"
"NSD2","209054_s_at"
"NSD3","222544_s_at"
"NSDHL","209279_s_at"
"NSF","202395_at"
"NSFL1C","232520_s_at"
"NSG1","209570_s_at"
"NSG2","218623_at"
"NSL1","209484_s_at"
"NSMAF","203269_at"
"NSMCE1","224666_at"
"NSMCE1-DT","234216_at"
"NSMCE2","226536_at"
"NSMCE3","226008_at"
"NSMCE4A","219067_s_at"
"NSMF","221214_s_at"
"NSRP1","223236_at"
"NSUN2","223076_s_at"
"NSUN3","219458_s_at"
"NSUN4","230023_at"
"NSUN5","213773_x_at"
"NSUN5P1","214100_x_at"
"NSUN6","242239_at"
"NSUN7","238983_at"
"NT5C","1557303_at"
"NT5C1A","224529_s_at"
"NT5C1B","243100_at"
"NT5C2","209155_s_at"
"NT5C3A","223298_s_at"
"NT5C3B","225044_at"
"NT5DC1","223177_at"
"NT5DC2","218051_s_at"
"NT5DC3","218786_at"
"NT5DC4","1562020_s_at"
"NT5E","203939_at"
"NT5M","219708_at"
"NTAN1","213061_s_at"
"NTAQ1","219060_at"
"NTF3","206706_at"
"NTF4","231785_at"
"NTHL1","209731_at"
"NTM","227566_at"
"NTMT1","223368_s_at"
"NTN1","227816_at"
"NTN3","207640_x_at"
"NTN4","223315_at"
"NTN5","1553890_s_at"
"NTNG1","233966_at"
"NTNG2","233072_at"
"NTPCR","223272_s_at"
"NTRK1","208605_s_at"
"NTRK2","221795_at"
"NTRK3","228849_at"
"NTRK3-AS1","231469_at"
"NTS","206291_at"
"NTSR1","207360_s_at"
"NTSR2","206899_at"
"NUAK1","204589_at"
"NUB1","222512_at"
"NUBP1","203978_at"
"NUBP2","218227_at"
"NUBPL","220176_at"
"NUCB1","200649_at"
"NUCB2","203675_at"
"NUCKS1","226880_at"
"NUDC","210574_s_at"
"NUDCD1","225439_at"
"NUDCD2","226642_s_at"
"NUDCD3","201270_x_at"
"NUDT1","204766_s_at"
"NUDT10","241596_at"
"NUDT11","219855_at"
"NUDT12","223535_at"
"NUDT13","214136_at"
"NUDT14","231914_at"
"NUDT15","219347_at"
"NUDT16","228341_at"
"NUDT16-DT","1561348_at"
"NUDT16L1","224477_s_at"
"NUDT16L2P","1568593_a_at"
"NUDT17","229044_at"
"NUDT18","219665_at"
"NUDT19","235384_at"
"NUDT2","218609_s_at"
"NUDT21","224830_at"
"NUDT22","224464_s_at"
"NUDT3","212608_s_at"
"NUDT4","212181_s_at"
"NUDT5","223100_s_at"
"NUDT6","230329_s_at"
"NUDT7","228855_at"
"NUDT9","218375_at"
"NUDT9P1","1552564_at"
"NUF2","223381_at"
"NUFIP1","205136_s_at"
"NUFIP2","224939_at"
"NUMA1","200747_s_at"
"NUMB","230462_at"
"NUMBL","242195_x_at"
"NUP107","218768_at"
"NUP133","202184_s_at"
"NUP153","202097_at"
"NUP155","206550_s_at"
"NUP160","212709_at"
"NUP188","212691_at"
"NUP205","212247_at"
"NUP210","213947_s_at"
"NUP210L","232598_at"
"NUP210P1","244681_at"
"NUP214","202155_s_at"
"NUP35","225470_at"
"NUP37","218622_at"
"NUP42","204003_s_at"
"NUP43","219007_at"
"NUP50","213682_at"
"NUP50-DT","240233_at"
"NUP54","218256_s_at"
"NUP58","241425_at"
"NUP62","202153_s_at"
"NUP62CL","220520_s_at"
"NUP85","218014_at"
"NUP88","202900_s_at"
"NUP93","202188_at"
"NUP98","203195_s_at"
"NUPR1","209230_s_at"
"NUS1","225071_at"
"NUS1P3","37079_at"
"NUSAP1","218039_at"
"NUTF2","202397_at"
"NUTM1","231338_at"
"NUTM2A-AS1","1558794_at"
"NUTM2B","234695_x_at"
"NUTM2B-AS1","235730_at"
"NUTM2F","234414_at"
"NVL","207877_s_at"
"NWD2","230765_at"
"NXF1","208922_s_at"
"NXF3","220110_s_at"
"NXF5","234648_s_at"
"NXNL1","1553755_at"
"NXNL2","1552816_at"
"NXPE1","1553828_at"
"NXPE3","243011_at"
"NXPE4","220645_at"
"NXPH1","232377_at"
"NXPH2","1559355_at"
"NXPH3","228210_at"
"NXPH4","221967_at"
"NXT1","218708_at"
"NXT2","209628_at"
"NYAP1","1553288_a_at"
"NYAP2","233916_at"
"NYNRIN","220911_s_at"
"NYX","221684_s_at"
"OAF","225510_at"
"OARD1","213322_at"
"OAS1","202869_at"
"OAS2","204972_at"
"OAS3","232666_at"
"OASL","210797_s_at"
"OAT","201599_at"
"OAZ1","200077_s_at"
"OAZ2","201365_at"
"OAZ3","222075_s_at"
"OBI1","219303_at"
"OBP2A","234841_x_at"
"OBP2B","234722_x_at"
"OBSCN","220427_at"
"OBSCN-AS1","1560554_a_at"
"OBSL1","212776_s_at"
"OCA2","206498_at"
"OCEL1","205441_at"
"OCIAD1","223011_s_at"
"OCIAD2","225314_at"
"OCLN","227492_at"
"OCM2","207944_at"
"OCRL","203446_s_at"
"ODAD1","233157_x_at"
"ODAD2","221077_at"
"ODAD3","230807_at"
"ODAD4","223924_at"
"ODAM","220133_at"
"ODAPH","236984_at"
"ODC1","200790_at"
"ODC1-DT","244728_at"
"ODF1","214485_at"
"ODF2","225617_at"
"ODF2L","230926_s_at"
"ODF4","1552409_a_at"
"ODR4","218721_s_at"
"OFCC1","1565027_at"
"OFD1","203569_s_at"
"OGA","223494_at"
"OGDH","201282_at"
"OGDHL","219277_s_at"
"OGFOD1","225110_at"
"OGFOD2","44617_at"
"OGFOD3","53071_s_at"
"OGFR","202841_x_at"
"OGFRL1","226810_at"
"OGFRP1","1561537_at"
"OGG1","205760_s_at"
"OGN","222722_at"
"OGT","209240_at"
"OIP5","213599_at"
"OIP5-AS1","225225_at"
"OIT3","230478_at"
"OLA1","219293_s_at"
"OLAH","222945_x_at"
"OLFM1","213131_at"
"OLFM2","223601_at"
"OLFM3","1554524_a_at"
"OLFM4","212768_s_at"
"OLFML1","217525_at"
"OLFML2A","213075_at"
"OLFML2B","213125_at"
"OLFML3","218162_at"
"OLIG1","228170_at"
"OLIG2","213825_at"
"OLIG3","1556371_at"
"OLMALINC","232230_at"
"OLR1","210004_at"
"OMA1","226019_at"
"OMD","205907_s_at"
"OMG","207093_s_at"
"OMP","221361_at"
"ONECUT1","210745_at"
"ONECUT2","230271_at"
"ONECUT3","234109_x_at"
"OOEP","238218_at"
"OOSP2","1557085_at"
"OPA1","212213_x_at"
"OPA3","229624_at"
"OPALIN","239575_at"
"OPCML","206215_at"
"OPHN1","206323_x_at"
"OPLAH","222025_s_at"
"OPN1SW","208036_at"
"OPN3","219032_x_at"
"OPN4","234226_at"
"OPN5","233657_at"
"OPRD1","207792_at"
"OPRK1","207553_at"
"OPRL1","206564_at"
"OPRM1","211359_s_at"
"OPRPN","208004_at"
"OPTC","223884_at"
"OPTN","202074_s_at"
"OR10A3","1567250_at"
"OR10A4","1555655_at"
"OR10A5","1555651_at"
"OR10C1","221339_at"
"OR10D1P","1567255_at"
"OR10D3","1567253_at"
"OR10H1","208558_at"
"OR10H2","208543_at"
"OR10H3","208520_at"
"OR10J1","221346_at"
"OR11A1","221343_at"
"OR12D2","221344_at"
"OR12D3","221431_s_at"
"OR13C4","1567298_at"
"OR14J1","234545_at"
"OR1A1","221388_at"
"OR1A2","221445_at"
"OR1C1","1567055_at"
"OR1D2","221464_at"
"OR1E1","214515_at"
"OR1E3","217224_at"
"OR1F1","221402_at"
"OR1F2P","217308_at"
"OR1G1","221375_at"
"OR1I1","234403_at"
"OR1J2","1567257_at"
"OR1J4","1567282_at"
"OR1Q1","1567065_at"
"OR2A4","233493_at"
"OR2B2","216408_at"
"OR2B3","234903_at"
"OR2B6","216522_at"
"OR2C1","221460_at"
"OR2C3","1555018_at"
"OR2F1","208526_at"
"OR2F2","217302_at"
"OR2H1","216817_s_at"
"OR2H2","208573_s_at"
"OR2I1","236003_x_at"
"OR2J2","208508_s_at"
"OR2J3","217334_at"
"OR2K2","1567272_at"
"OR2L13","1554706_at"
"OR2L1P","1567242_at"
"OR2L2","1567238_at"
"OR2M4","1566289_at"
"OR2S2","221409_at"
"OR2W1","221451_s_at"
"OR3A1","221353_at"
"OR3A2","221386_at"
"OR3A3","221426_s_at"
"OR4C1P","1567271_at"
"OR4D1","1567069_at"
"OR4D2","1555377_at"
"OR4M2-OT1","1564855_at"
"OR51A1P","234770_at"
"OR51B2","234486_at"
"OR51B4","234469_at"
"OR51B5","234775_at"
"OR51B6","234526_at"
"OR51E1","229768_at"
"OR51E2","221424_s_at"
"OR51I1","234626_at"
"OR51I2","234521_at"
"OR51J1","233736_at"
"OR51M1","234777_at"
"OR52A1","221329_at"
"OR52D1","234617_at"
"OR52K3P","232829_at"
"OR5AK4P","1567023_at"
"OR5E1P","1566277_at"
"OR5H1","1567247_at"
"OR5I1","208521_at"
"OR5J2","1567245_at"
"OR5K1","1567288_at"
"OR5L2","1567286_at"
"OR5P2","1552991_at"
"OR5P3","1553078_at"
"OR5V1","234840_s_at"
"OR6A2","221465_at"
"OR6B1","234363_at"
"OR6W1P","1553061_at"
"OR7A10","217316_at"
"OR7A17","208509_s_at"
"OR7A5","208285_at"
"OR7C1","216690_at"
"OR7C2","208507_at"
"OR7D2","1562337_at"
"OR7E104P","1566956_at"
"OR7E12P","216698_x_at"
"OR7E14P","217551_at"
"OR7E156P","222327_x_at"
"OR7E19P","216536_at"
"OR7E24","215463_at"
"OR7E2P","215770_at"
"OR7E37P","217499_x_at"
"OR7E47P","222304_x_at"
"OR8B8","1555212_at"
"OR8D1","1555661_at"
"OR8D2","234766_at"
"OR8G1","1567060_at"
"OR8G2P","1567058_at"
"OR9A1P","1567248_at"
"ORAI1","226531_at"
"ORAI2","1558426_x_at"
"ORAI3","221864_at"
"ORC1","205085_at"
"ORC2","235423_at"
"ORC3","210028_s_at"
"ORC4","203351_s_at"
"ORC5","204957_at"
"ORC6","219105_x_at"
"ORM1","205040_at"
"ORMDL1","223187_s_at"
"ORMDL2","218556_at"
"ORMDL3","223259_at"
"OS9","200714_x_at"
"OSBP","201800_s_at"
"OSBP2","223432_at"
"OSBPL10","219073_s_at"
"OSBPL11","218304_s_at"
"OSBPL1A","208158_s_at"
"OSBPL2","209222_s_at"
"OSBPL3","209627_s_at"
"OSBPL5","233734_s_at"
"OSBPL6","223805_at"
"OSBPL7","227946_at"
"OSBPL8","212582_at"
"OSBPL9","218047_at"
"OSCAR","1554503_a_at"
"OSCP1","227359_at"
"OSER1","209020_at"
"OSER1-DT","1569745_at"
"OSGEP","209450_at"
"OSGEPL1","220631_at"
"OSGIN1","219475_at"
"OSGIN2","1554414_a_at"
"OSM","230170_at"
"OSMR","226621_at"
"OSR1","228399_at"
"OSR2","213568_at"
"OST4","224637_at"
"OSTC","223001_at"
"OSTCP1","1553931_at"
"OSTF1","204479_at"
"OSTM1","218196_at"
"OSTM1-AS1","237357_at"
"OTC","207200_at"
"OTOF","1555251_a_at"
"OTOGL","1553746_a_at"
"OTOP2","234551_at"
"OTOR","221209_s_at"
"OTOS","242883_at"
"OTP","231488_at"
"OTUB1","38710_at"
"OTUB2","240550_at"
"OTUD1","226140_s_at"
"OTUD3","213216_at"
"OTUD4","203480_s_at"
"OTUD5","224745_x_at"
"OTUD6B","222825_at"
"OTUD6B-AS1","227765_at"
"OTUD7A","1553351_at"
"OTUD7B","227436_at"
"OTULIN","229268_at"
"OTULINL","219694_at"
"OTX1","238839_at"
"OTX2","231731_at"
"OTX2-AS1","1561319_at"
"OVAAL","1557060_at"
"OVCH1-AS1","240818_at"
"OVGP1","205432_at"
"OVOL1","229396_at"
"OVOL1-AS1","230617_at"
"OVOL2","206048_at"
"OVOL3","216311_at"
"OXA1L","208717_at"
"OXCT1","202780_at"
"OXCT2","233301_at"
"OXER1","1553222_at"
"OXGR1","1553319_at"
"OXLD1","50374_at"
"OXNAD1","227686_at"
"OXR1","222553_x_at"
"OXSM","219133_at"
"OXSR1","202696_at"
"OXT","207576_x_at"
"OXTR","206825_at"
"P2RX1","210401_at"
"P2RX2","224069_x_at"
"P2RX3","208338_at"
"P2RX4","204088_at"
"P2RX5","210448_s_at"
"P2RX6","206880_at"
"P2RX7","230741_at"
"P2RY1","231925_at"
"P2RY10","1553856_s_at"
"P2RY12","224102_at"
"P2RY13","220005_at"
"P2RY14","206637_at"
"P2RY2","206277_at"
"P2RY4","221466_at"
"P2RY6","208373_s_at"
"P2RY8","229686_at"
"P3H1","220750_s_at"
"P3H2","218717_s_at"
"P3H3","204854_at"
"P3H4","204078_at"
"P4HA1","207543_s_at"
"P4HA2","202733_at"
"P4HA3","228703_at"
"P4HA3-AS1","1562044_at"
"P4HB","200654_at"
"P4HTM","222125_s_at"
"PA2G4","208676_s_at"
"PAAF1","218957_s_at"
"PABIR1","235424_at"
"PABIR2","222673_x_at"
"PABIR3","1562641_at"
"PABPC1","215157_x_at"
"PABPC1L","226670_s_at"
"PABPC1L2B","1557203_at"
"PABPC3","208113_x_at"
"PABPC4","201064_s_at"
"PABPC4L","238865_at"
"PABPC5","233136_at"
"PABPN1","213046_at"
"PACC1","222752_s_at"
"PACRG","215472_at"
"PACRG-AS1","1561373_at"
"PACRG-AS2","1564685_a_at"
"PACRG-AS3","243122_at"
"PACRGL","235260_s_at"
"PACS1","224658_x_at"
"PACS2","1555823_at"
"PACSIN1","227053_at"
"PACSIN2","201651_s_at"
"PACSIN3","218744_s_at"
"PADI1","220962_s_at"
"PADI2","209791_at"
"PADI3","220779_at"
"PADI4","211413_s_at"
"PAEP","206859_s_at"
"PAF1","202093_s_at"
"PAFAH1B1","200816_s_at"
"PAFAH1B2","224777_s_at"
"PAFAH1B2P2","237957_at"
"PAFAH1B3","203228_at"
"PAFAH2","205232_s_at"
"PAG1","225626_at"
"PAGE1","206897_at"
"PAGE4","205564_at"
"PAGE5","236152_at"
"PAGR1","218300_at"
"PAH","205719_s_at"
"PAICS","201013_s_at"
"PAIP1","209063_x_at"
"PAIP2","222984_at"
"PAIP2B","221868_at"
"PAK1","226507_at"
"PAK1IP1","218886_at"
"PAK2","208877_at"
"PAK3","214607_at"
"PAK4","203154_s_at"
"PAK5","213990_s_at"
"PAK6","1555310_a_at"
"PAK6-AS1","239470_at"
"PALB2","219530_at"
"PALD1","231887_s_at"
"PALLD","200897_s_at"
"PALM","203859_s_at"
"PALM2AKAP2","226694_at"
"PALM3","231018_at"
"PALMD","218736_s_at"
"PALS1","226092_at"
"PALS2","205429_s_at"
"PAM","202336_s_at"
"PAM16","218969_at"
"PAMR1","213661_at"
"PAN2","203117_s_at"
"PAN3","225563_at"
"PAN3-AS1","243092_at"
"PANK1","226649_at"
"PANK2","218809_at"
"PANK3","221751_at"
"PANK4","218771_at"
"PANTR1","230184_at"
"PANX1","227107_at"
"PANX2","1552944_a_at"
"PANX3","240955_at"
"PAOX","221941_at"
"PAPLN","226435_at"
"PAPLN-AS1","1569339_s_at"
"PAPOLA","212718_at"
"PAPOLA-DT","1558128_at"
"PAPOLB","242158_at"
"PAPOLG","222839_s_at"
"PAPPA","224941_at"
"PAPPA2","211918_x_at"
"PAPSS1","209043_at"
"PAPSS2","203060_s_at"
"PAQR3","213372_at"
"PAQR4","212858_at"
"PAQR5","242871_at"
"PAQR6","219236_at"
"PAQR7","242123_at"
"PAQR8","226423_at"
"PAQR9","1560467_at"
"PARAIL","231412_at"
"PARD3","221526_x_at"
"PARD3-DT","230545_at"
"PARD3B","228411_at"
"PARD6A","205245_at"
"PARD6B","235165_at"
"PARD6G","227204_at"
"PARD6G-AS1","230477_at"
"PARG","205060_at"
"PARK7","200006_at"
"PARL","218271_s_at"
"PARM1","225809_at"
"PARM1-AS1","221183_at"
"PARN","203905_at"
"PARP1","208644_at"
"PARP10","229350_x_at"
"PARP11","229138_at"
"PARP11-AS1","244798_at"
"PARP12","218543_s_at"
"PARP14","224701_at"
"PARP15","1564310_a_at"
"PARP16","219034_at"
"PARP2","215773_x_at"
"PARP3","209940_at"
"PARP4","202239_at"
"PARP6","219639_x_at"
"PARP8","219033_at"
"PARP9","223220_s_at"
"PARPBP","220060_s_at"
"PARS2","227348_at"
"PART1","205833_s_at"
"PARTICL","238887_at"
"PARVA","217890_s_at"
"PARVB","37965_at"
"PARVG","223562_at"
"PASD1","240687_at"
"PASK","213534_s_at"
"PATE1","243468_at"
"PATE2","243268_at"
"PATJ","223681_s_at"
"PATL1","225466_at"
"PATL2","230753_at"
"PATZ1","209431_s_at"
"PAWR","204004_at"
"PAX1","214401_at"
"PAX2","206229_x_at"
"PAX3","207680_x_at"
"PAX4","211176_s_at"
"PAX5","221969_at"
"PAX6","205646_s_at"
"PAX7","208060_at"
"PAX8","121_at"
"PAX8-AS1","227474_at"
"PAX9","207059_at"
"PAXBP1","218515_at"
"PAXBP1-AS1","239407_at"
"PAXIP1","212825_at"
"PAXIP1-AS2","1569898_a_at"
"PAXIP1-DT","235587_at"
"PAXX","226070_at"
"PBDC1","223294_at"
"PBK","219148_at"
"PBLD","219543_at"
"PBOV1","224257_s_at"
"PBRM1","223238_s_at"
"PBX1","212151_at"
"PBX2","202876_s_at"
"PBX3","204082_at"
"PBX3-DT","220752_at"
"PBX4","230536_at"
"PBXIP1","214177_s_at"
"PC","204476_s_at"
"PCA3","232572_at"
"PCARE","1556312_at"
"PCAT18","1559276_at"
"PCAT19","230132_at"
"PCAT4","1554591_at"
"PCAT6","231233_at"
"PCAT7","1559861_at"
"PCBD1","203557_s_at"
"PCBD2","223712_at"
"PCBP1","208620_at"
"PCBP1-AS1","235482_at"
"PCBP2","204031_s_at"
"PCBP3","205663_at"
"PCBP4","209361_s_at"
"PCCA","203860_at"
"PCCA-DT","240616_at"
"PCCB","212694_s_at"
"PCDH1","203918_at"
"PCDH10","228635_at"
"PCDH10-DT","1562389_at"
"PCDH11X","208366_at"
"PCDH12","219656_at"
"PCDH15","1560330_at"
"PCDH17","205656_at"
"PCDH18","225975_at"
"PCDH19","227282_at"
"PCDH20","232054_at"
"PCDH7","228640_at"
"PCDH8","206935_at"
"PCDH9","219737_s_at"
"PCDHA10","211867_s_at"
"PCDHA2","211365_s_at"
"PCDHA3","211870_s_at"
"PCDHA5","211838_x_at"
"PCDHA6","211811_s_at"
"PCDHA9","208205_at"
"PCDHAC1","1553235_at"
"PCDHAC2","224539_s_at"
"PCDHB1","221303_at"
"PCDHB10","223854_at"
"PCDHB11","208504_x_at"
"PCDHB12","221408_x_at"
"PCDHB13","221450_x_at"
"PCDHB14","231726_at"
"PCDHB15","240445_at"
"PCDHB16","232099_at"
"PCDHB17P","216355_at"
"PCDHB18P","234724_x_at"
"PCDHB2","231725_at"
"PCDHB3","221410_x_at"
"PCDHB4","240317_at"
"PCDHB5","223629_at"
"PCDHB6","221317_x_at"
"PCDHB7","231738_at"
"PCDHB8","221319_at"
"PCDHB9","223927_at"
"PCDHGA1","211880_x_at"
"PCDHGA10","211875_x_at"
"PCDHGA11","211876_x_at"
"PCDHGA3","211879_x_at"
"PCDHGA4","1552735_at"
"PCDHGA8","210368_at"
"PCDHGA9","211873_s_at"
"PCDHGB5","211807_x_at"
"PCDHGB6","221682_s_at"
"PCDHGB7","1552662_a_at"
"PCDHGB8P","234029_at"
"PCDHGC3","214563_at"
"PCDHGC4","231753_s_at"
"PCDHGC5","224536_s_at"
"PCED1A","225505_s_at"
"PCED1B","228298_at"
"PCED1B-AS1","241947_at"
"PCF11","227622_at"
"PCF11-AS1","239926_at"
"PCGEM1","234515_at"
"PCGF1","210023_s_at"
"PCGF2","214239_x_at"
"PCGF3","212753_at"
"PCGF3-AS1","1559528_at"
"PCGF5","226326_at"
"PCGF6","224326_s_at"
"PCID2","219940_s_at"
"PCIF1","221762_s_at"
"PCK1","208383_s_at"
"PCK2","202847_at"
"PCLAF","202503_s_at"
"PCLO","213558_at"
"PCM1","202174_s_at"
"PCMT1","205202_at"
"PCMTD1","232382_s_at"
"PCMTD2","212406_s_at"
"PCNA","201202_at"
"PCNP","217816_s_at"
"PCNT","203660_s_at"
"PCNX1","229287_at"
"PCNX2","229202_at"
"PCNX3","227858_at"
"PCNX4","219972_s_at"
"PCOLCE","202465_at"
"PCOLCE-AS1","1560939_at"
"PCOLCE2","219295_s_at"
"PCOTH","222277_at"
"PCP2","244751_at"
"PCP4","205549_at"
"PCP4L1","241382_at"
"PCSK1","205825_at"
"PCSK1N","218952_at"
"PCSK2","204870_s_at"
"PCSK4","230901_x_at"
"PCSK5","213652_at"
"PCSK6","207414_s_at"
"PCSK7","203118_at"
"PCSK9","227759_at"
"PCTP","218676_s_at"
"PCYOX1","225274_at"
"PCYOX1L","218953_s_at"
"PCYT1A","225069_at"
"PCYT1B","210456_at"
"PCYT2","209577_at"
"PDAP1","202290_at"
"PDC","211496_s_at"
"PDCD1","207634_at"
"PDCD10","210907_s_at"
"PDCD11","212424_at"
"PDCD1LG2","224399_at"
"PDCD2","204025_s_at"
"PDCD2L","224467_s_at"
"PDCD4","212593_s_at"
"PDCD4-AS1","222307_at"
"PDCD5","219275_at"
"PDCD6","203415_at"
"PDCD6IP","217746_s_at"
"PDCD6P1","1569110_x_at"
"PDCD7","231809_x_at"
"PDCL","204449_at"
"PDCL2","237477_at"
"PDE10A","205501_at"
"PDE11A","221110_x_at"
"PDE11A-AS1","237375_at"
"PDE12","231839_at"
"PDE1A","208396_s_at"
"PDE1B","206444_at"
"PDE1C","236344_at"
"PDE2A","204134_at"
"PDE3A","228507_at"
"PDE3B","214582_at"
"PDE4A","204735_at"
"PDE4B","203708_at"
"PDE4D","204491_at"
"PDE4DIP","214129_at"
"PDE4DIPP2","232509_at"
"PDE4DIPP6","230837_at"
"PDE5A","227088_at"
"PDE6A","206623_at"
"PDE6B","1557777_at"
"PDE6B-AS1","238085_at"
"PDE6C","211093_at"
"PDE6D","216883_x_at"
"PDE6G","210060_at"
"PDE6H","206841_at"
"PDE7A","223358_s_at"
"PDE7B","230109_at"
"PDE7B-AS1","1559124_at"
"PDE8A","212522_at"
"PDE8B","213228_at"
"PDE9A","205593_s_at"
"PDE9A-AS1","1569802_at"
"PDGFA","205463_s_at"
"PDGFB","216061_x_at"
"PDGFC","218718_at"
"PDGFD","219304_s_at"
"PDGFRA","203131_at"
"PDGFRB","202273_at"
"PDGFRL","205226_at"
"PDHA1","200980_s_at"
"PDHA2","214518_at"
"PDHB","211023_at"
"PDHX","203067_at"
"PDIA2","206691_s_at"
"PDIA3","208612_at"
"PDIA4","208658_at"
"PDIA5","203857_s_at"
"PDIA6","208639_x_at"
"PDIK1L","227255_at"
"PDILT","1554970_at"
"PDK1","226452_at"
"PDK2","202590_s_at"
"PDK3","228959_at"
"PDK4","225207_at"
"PDLIM1","208690_s_at"
"PDLIM2","219165_at"
"PDLIM3","209621_s_at"
"PDLIM4","214175_x_at"
"PDLIM5","212412_at"
"PDLIM7","203370_s_at"
"PDP1","222572_at"
"PDP2","226855_at"
"PDPK1","224986_s_at"
"PDPN","221898_at"
"PDPR","224902_at"
"PDRG1","225075_at"
"PDS5A","212140_at"
"PDS5B","207956_x_at"
"PDSS1","220865_s_at"
"PDSS2","219307_at"
"PDX1","210938_at"
"PDXDC1","212053_at"
"PDXK","222492_at"
"PDXP-DT","215799_at"
"PDYN","206803_at"
"PDZD11","223037_at"
"PDZD2","209493_at"
"PDZD4","223543_at"
"PDZD7","220555_s_at"
"PDZD8","213549_at"
"PDZD9","241572_at"
"PDZK1","205380_at"
"PDZK1IP1","1553589_a_at"
"PDZRN3","212915_at"
"PDZRN3-AS1","238165_at"
"PDZRN4","220595_at"
"PEA15","200788_s_at"
"PEAK1","225913_at"
"PEAR1","228618_at"
"PEBP1","210825_s_at"
"PEBP4","227848_at"
"PECAM1","208982_at"
"PECR","223619_x_at"
"PEDS1","223186_at"
"PEF1","217923_at"
"PEG10","212094_at"
"PEG3","209242_at"
"PEG3-AS1","230068_s_at"
"PELATON","237255_at"
"PELI1","218319_at"
"PELI2","219132_at"
"PELI3","235431_s_at"
"PELO","218472_s_at"
"PELP1","215354_s_at"
"PELP1-DT","242754_at"
"PEMT","207621_s_at"
"PENK","213791_at"
"PEPD","202108_at"
"PER1","36829_at"
"PER2","205251_at"
"PER3","221045_s_at"
"PER3P1","1566844_at"
"PERM1","224501_at"
"PERP","222392_x_at"
"PES1","202212_at"
"PET100","226006_at"
"PET117","228543_at"
"PEX1","215023_s_at"
"PEX10","206352_s_at"
"PEX11A","205160_at"
"PEX11B","202658_at"
"PEX11G","244126_at"
"PEX12","205094_at"
"PEX13","235093_at"
"PEX14","33760_at"
"PEX16","49878_at"
"PEX19","201706_s_at"
"PEX2","210296_s_at"
"PEX26","219180_s_at"
"PEX3","203972_s_at"
"PEX39","228458_at"
"PEX5","203244_at"
"PEX5L","222910_s_at"
"PEX5L-AS2","240708_at"
"PEX6","204545_at"
"PEX7","211033_s_at"
"PF4","206390_x_at"
"PF4V1","207815_at"
"PFAS","213302_at"
"PFDN1","201507_at"
"PFDN2","218336_at"
"PFDN4","205361_s_at"
"PFDN5","210908_s_at"
"PFDN6","233588_x_at"
"PFKFB1","207537_at"
"PFKFB2","207931_s_at"
"PFKFB3","202464_s_at"
"PFKFB4","228499_at"
"PFKL","201102_s_at"
"PFKM","210976_s_at"
"PFKP","201037_at"
"PFN1","200634_at"
"PFN2","204992_s_at"
"PFN4","1557476_at"
"PGAM1","200886_s_at"
"PGAM2","205736_at"
"PGAM5","1553837_at"
"PGAP1","220576_at"
"PGAP2","215293_s_at"
"PGAP3","55616_at"
"PGAP4","224458_at"
"PGAP6","221882_s_at"
"PGBD1","235411_at"
"PGBD2","238004_at"
"PGBD3","232287_at"
"PGBD4","243815_at"
"PGBD5","219225_at"
"PGC","205261_at"
"PGCKA1","219450_at"
"PGD","201118_at"
"PGF","215179_x_at"
"PGGHG","219359_at"
"PGGT1B","242844_at"
"PGK1","200738_s_at"
"PGK2","217009_at"
"PGLS","218387_s_at"
"PGLYRP1","207384_at"
"PGLYRP2","242817_at"
"PGLYRP3","1553059_at"
"PGLYRP4","220944_at"
"PGM1","201968_s_at"
"PGM2","225367_at"
"PGM2L1","229553_at"
"PGM3","221788_at"
"PGM5","226303_at"
"PGM5-AS1","231024_at"
"PGM5P2","1560431_at"
"PGP","222622_at"
"PGPEP1","237202_at"
"PGR","228554_at"
"PGRMC1","201121_s_at"
"PGRMC2","213227_at"
"PGS1","219394_at"
"PHACTR1","226397_s_at"
"PHACTR2","204049_s_at"
"PHACTR2-AS1","1556859_a_at"
"PHACTR3","227949_at"
"PHACTR4","226823_at"
"PHAF1","223440_at"
"PHAX","231812_x_at"
"PHB1","200658_s_at"
"PHB1P19","238788_at"
"PHB2","201600_at"
"PHC1","218338_at"
"PHC2","200919_at"
"PHC2-AS1","238290_at"
"PHC3","226508_at"
"PHETA1","229690_at"
"PHETA2","226504_at"
"PHEX","210617_at"
"PHEX-AS1","1558666_at"
"PHF1","40446_at"
"PHF10","219126_at"
"PHF11","221816_s_at"
"PHF12","231815_at"
"PHF13","225005_at"
"PHF14","228095_at"
"PHF19","225533_at"
"PHF2","212726_at"
"PHF20","209422_at"
"PHF20L1","222133_s_at"
"PHF21A","203278_s_at"
"PHF21B","1560091_a_at"
"PHF23","223081_at"
"PHF24","213636_at"
"PHF2P1","1561961_at"
"PHF3","217954_s_at"
"PHF5A","225309_at"
"PHF6","225501_at"
"PHF7","221611_s_at"
"PHF8","212916_at"
"PHGDH","201397_at"
"PHIP","213074_at"
"PHKA1","205450_at"
"PHKA1-AS1","237219_at"
"PHKA2","209439_s_at"
"PHKB","202738_s_at"
"PHKG1","207312_at"
"PHKG2","203709_at"
"PHLDA1","225842_at"
"PHLDA2","209803_s_at"
"PHLDA3","218634_at"
"PHLDB1","212134_at"
"PHLDB2","225688_s_at"
"PHLDB3","1557948_at"
"PHLPP1","212719_at"
"PHLPP2","213407_at"
"PHOSPHO1","236218_at"
"PHOSPHO2","230434_at"
"PHOX2A","214609_at"
"PHOX2B","207009_at"
"PHPT1","223207_x_at"
"PHRF1","234952_s_at"
"PHTF1","205702_at"
"PHTF2","209780_at"
"PHYH","203335_at"
"PHYHD1","226846_at"
"PHYHIP","205325_at"
"PHYHIPL","226623_at"
"PHYKPL","226519_s_at"
"PI15","229947_at"
"PI16","228312_at"
"PI3","203691_at"
"PI4K2A","209345_s_at"
"PI4K2B","222631_at"
"PI4KA","207081_s_at"
"PI4KB","206138_s_at"
"PIANP","1553566_at"
"PIAS1","217864_s_at"
"PIAS2","214442_s_at"
"PIAS3","203035_s_at"
"PIAS4","212879_x_at"
"PIBF1","213239_at"
"PICALM","212506_at"
"PICART1","1557608_a_at"
"PICK1","204746_s_at"
"PICSAR","1559254_at"
"PID1","219093_at"
"PIDD1","219019_at"
"PIERCE1","221946_at"
"PIERCE2","243309_at"
"PIEZO1","202771_at"
"PIEZO2","219602_s_at"
"PIF1","228252_at"
"PIGA","205281_s_at"
"PIGB","205452_at"
"PIGC","202846_s_at"
"PIGF","205077_s_at"
"PIGG","218652_s_at"
"PIGH","209625_at"
"PIGK","209707_at"
"PIGL","205873_at"
"PIGM","223470_at"
"PIGN","219048_at"
"PIGO","209998_at"
"PIGP","221689_s_at"
"PIGQ","1555359_at"
"PIGR","226147_s_at"
"PIGS","223148_at"
"PIGT","217770_at"
"PIGU","225903_at"
"PIGV","219238_at"
"PIGW","1558292_s_at"
"PIGX","1563111_a_at"
"PIGZ","220041_at"
"PIH1D1","217872_at"
"PIH1D2","235062_at"
"PIK3AP1","226459_at"
"PIK3C2A","213070_at"
"PIK3C2B","204484_at"
"PIK3C2G","215129_at"
"PIK3C3","204297_at"
"PIK3CA","204369_at"
"PIK3CA-DT","1562190_at"
"PIK3CB","212688_at"
"PIK3CD","203879_at"
"PIK3CD-AS1","1559638_at"
"PIK3CD-AS2","1557341_x_at"
"PIK3CG","239294_at"
"PIK3IP1","221756_at"
"PIK3IP1-DT","242666_at"
"PIK3R1","212240_s_at"
"PIK3R2","1568629_s_at"
"PIK3R3","202743_at"
"PIK3R4","212740_at"
"PIK3R5","227645_at"
"PIK3R6","1558770_a_at"
"PIKFYVE","213111_at"
"PILRA","222218_s_at"
"PIM1","209193_at"
"PIM2","204269_at"
"PIM3","224739_at"
"PIMREG","221591_s_at"
"PIN1","202927_at"
"PIN1P1","207582_at"
"PIN4","204571_x_at"
"PINK1","209019_s_at"
"PINK1-AS","244486_at"
"PINLYP","213556_at"
"PINX1","223907_s_at"
"PINX1-DT","244135_at"
"PIP","206509_at"
"PIP4K2A","212829_at"
"PIP4K2B","201080_at"
"PIP4K2C","218942_at"
"PIP4P1","225287_s_at"
"PIP4P2","226338_at"
"PIP5K1A","207391_s_at"
"PIP5K1B","205632_s_at"
"PIP5K1C","212518_at"
"PIP5KL1","243116_at"
"PIPOX","221605_s_at"
"PIR","207469_s_at"
"PIRC66","235403_at"
"PIRT","232887_at"
"PISD","202392_s_at"
"PITHD1","223124_s_at"
"PITPNA","201190_s_at"
"PITPNA-AS1","228972_at"
"PITPNB","202522_at"
"PITPNC1","219155_at"
"PITPNM1","203826_s_at"
"PITPNM2","232950_s_at"
"PITPNM3","230076_at"
"PITRM1","205273_s_at"
"PITRM1-AS1","1557610_at"
"PITX1","209587_at"
"PITX1-AS1","220375_s_at"
"PITX2","207558_s_at"
"PITX3","208277_at"
"PIWIL1","214868_at"
"PIWIL2","239303_at"
"PIWIL4","230480_at"
"PJA1","218667_at"
"PJA2","201133_s_at"
"PJVK","235365_at"
"PKD1","202328_s_at"
"PKD1L1","1553004_at"
"PKD1L1-AS1","221172_at"
"PKD1L2","1559261_a_at"
"PKD1P6-NPIPP1","214682_at"
"PKD2","203688_at"
"PKD2L1","221061_at"
"PKD2L2","221118_at"
"PKDCC","225380_at"
"PKDREJ","220548_at"
"PKHD1","241694_at"
"PKHD1L1","230673_at"
"PKIA","204612_at"
"PKIA-AS1","1569218_at"
"PKIB","223551_at"
"PKIG","202732_at"
"PKLR","222078_at"
"PKM","201251_at"
"PKMYT1","204267_x_at"
"PKN1","202161_at"
"PKN2","212629_s_at"
"PKN3","226299_at"
"PKNOX1","221883_at"
"PKNOX2","219046_s_at"
"PKP1","221854_at"
"PKP2","207717_s_at"
"PKP3","209873_s_at"
"PKP4","201928_at"
"PKP4-AS1","1563120_at"
"PLA1A","219584_at"
"PLA2G10","207222_at"
"PLA2G12A","223373_s_at"
"PLA2G12B","224411_at"
"PLA2G15","204458_at"
"PLA2G1B","206311_s_at"
"PLA2G2A","203649_s_at"
"PLA2G2D","220423_at"
"PLA2G2E","221389_at"
"PLA2G2F","221416_at"
"PLA2G3","220780_at"
"PLA2G4A","210145_at"
"PLA2G4C","209785_s_at"
"PLA2G4D","1554914_at"
"PLA2G4E-AS1","1557864_x_at"
"PLA2G4F","235958_at"
"PLA2G5","206178_at"
"PLA2G6","210647_x_at"
"PLA2G7","206214_at"
"PLA2R1","235746_s_at"
"PLAA","209533_s_at"
"PLAAT1","219983_at"
"PLAAT2","216759_at"
"PLAAT3","209581_at"
"PLAAT4","204070_at"
"PLAAT5","231452_at"
"PLAC1","219702_at"
"PLAC4","214750_at"
"PLAC8","219014_at"
"PLAC8L1","237783_at"
"PLAC9","227419_x_at"
"PLAG1","205372_at"
"PLAGL1","207002_s_at"
"PLAGL2","202925_s_at"
"PLAT","201860_s_at"
"PLAU","205479_s_at"
"PLAUR","210845_s_at"
"PLB1","235703_at"
"PLBD1","218454_at"
"PLBD1-AS2","240893_at"
"PLBD2","227853_at"
"PLCB1","213222_at"
"PLCB2","204046_at"
"PLCB3","213384_x_at"
"PLCB4","203895_at"
"PLCD1","205125_at"
"PLCD3","234971_x_at"
"PLCD4","224505_s_at"
"PLCE1","205112_at"
"PLCE1-AS2","1562826_at"
"PLCG1","202789_at"
"PLCG1-AS1","1558354_s_at"
"PLCG2","204613_at"
"PLCH1","214745_at"
"PLCH1-AS1","1561531_at"
"PLCH2","206080_at"
"PLCL1","205934_at"
"PLCL2","213309_at"
"PLCXD1","218951_s_at"
"PLCXD2","1553281_at"
"PLCXD3","239270_at"
"PLCZ1","231425_at"
"PLD1","226636_at"
"PLD2","209643_s_at"
"PLD3","201050_at"
"PLD4","235802_at"
"PLD5","1563933_a_at"
"PLD6","227037_at"
"PLEC","201373_at"
"PLEK","203470_s_at"
"PLEK2","218644_at"
"PLEKHA1","226247_at"
"PLEKHA2","225136_at"
"PLEKHA3","223370_at"
"PLEKHA4","219011_at"
"PLEKHA5","220952_s_at"
"PLEKHA6","229245_at"
"PLEKHA7","242417_at"
"PLEKHA8","227247_at"
"PLEKHA8P1","220157_x_at"
"PLEKHB1","209504_s_at"
"PLEKHB2","201410_at"
"PLEKHF1","219566_at"
"PLEKHF2","218640_s_at"
"PLEKHG1","226122_at"
"PLEKHG2","1558407_at"
"PLEKHG3","212823_s_at"
"PLEKHG4","228171_s_at"
"PLEKHG4B","236255_at"
"PLEKHG5","237646_x_at"
"PLEKHG6","220073_s_at"
"PLEKHG7","1556514_at"
"PLEKHH1","225726_s_at"
"PLEKHH2","227148_at"
"PLEKHH3","227248_at"
"PLEKHJ1","218290_at"
"PLEKHM1","212717_at"
"PLEKHM2","212146_at"
"PLEKHM3","235360_at"
"PLEKHN1","224125_at"
"PLEKHO1","218223_s_at"
"PLEKHO2","204436_at"
"PLEKHS1","219857_at"
"PLG","240033_at"
"PLGLB2","1558603_at"
"PLGRKT","218992_at"
"PLIN1","205913_at"
"PLIN2","209122_at"
"PLIN3","202122_s_at"
"PLIN4","228409_at"
"PLIN5","241368_at"
"PLK1","202240_at"
"PLK2","201939_at"
"PLK3","215462_at"
"PLK4","204887_s_at"
"PLK5","1558897_at"
"PLLP","204519_s_at"
"PLN","204939_s_at"
"PLOD1","200827_at"
"PLOD2","202620_s_at"
"PLOD3","202185_at"
"PLP1","210198_s_at"
"PLP2","201136_at"
"PLPBP","209385_s_at"
"PLPP1","210946_at"
"PLPP2","209529_at"
"PLPP3","212226_s_at"
"PLPP4","236044_at"
"PLPP5","226150_at"
"PLPP6","227385_at"
"PLPP7","224506_s_at"
"PLPPR1","219732_at"
"PLPPR2","218509_at"
"PLPPR3","220798_x_at"
"PLPPR4","213496_at"
"PLPPR5","242825_at"
"PLPPR5-AS1","1563904_at"
"PLRG1","225194_at"
"PLS1","205190_at"
"PLS3","201215_at"
"PLSCR1","202446_s_at"
"PLSCR2","207374_at"
"PLSCR4","218901_at"
"PLTP","202075_s_at"
"PLVAP","221529_s_at"
"PLXDC1","219700_at"
"PLXDC2","226865_at"
"PLXNA1","221538_s_at"
"PLXNA2","213030_s_at"
"PLXNA3","203623_at"
"PLXNA4","228104_at"
"PLXNB1","215807_s_at"
"PLXNB2","208890_s_at"
"PLXNB3","205957_at"
"PLXNC1","213241_at"
"PLXND1","38671_at"
"PM20D1","239929_at"
"PM20D2","225421_at"
"PMAIP1","204285_s_at"
"PMCH","206942_s_at"
"PMCHL1","224418_x_at"
"PMCHL2","224422_x_at"
"PMEL","209848_s_at"
"PMEPA1","222450_at"
"PMF1","202337_at"
"PMFBP1","221022_s_at"
"PML","211012_s_at"
"PMM1","203467_at"
"PMM2","203201_at"
"PMP2","206826_at"
"PMP22","210139_s_at"
"PMPCA","212088_at"
"PMPCB","201682_at"
"PMS1","213677_s_at"
"PMS2P1","217485_x_at"
"PMS2P2","214757_at"
"PMS2P3","216525_x_at"
"PMS2P4","215192_at"
"PMS2P5","213893_x_at"
"PMVK","203515_s_at"
"PNCK","229411_at"
"PNISR","212179_at"
"PNISR-AS1","238069_at"
"PNKD","225298_at"
"PNKP","218961_s_at"
"PNLDC1","1564414_a_at"
"PNLIP","205912_at"
"PNLIPRP1","206694_at"
"PNLIPRP2","211766_s_at"
"PNLIPRP3","1558846_at"
"PNMA1","218224_at"
"PNMA2","209598_at"
"PNMA3","220923_s_at"
"PNMA6A","235758_at"
"PNMA8A","218824_at"
"PNMA8B","232003_at"
"PNMT","206793_at"
"PNN","210183_x_at"
"PNO1","211697_x_at"
"PNOC","205901_at"
"PNP","201695_s_at"
"PNPLA1","1553364_at"
"PNPLA2","39854_r_at"
"PNPLA3","233030_at"
"PNPLA4","209739_s_at"
"PNPLA5","233597_at"
"PNPLA6","203718_at"
"PNPLA7","228383_at"
"PNPLA8","223310_x_at"
"PNPO","218511_s_at"
"PNPT1","225291_at"
"PNRC1","209034_at"
"PNRC2","217779_s_at"
"POC1A","226355_at"
"POC1B","226283_at"
"POC5","227267_at"
"PODN","226522_at"
"PODNL1","220411_x_at"
"PODXL","201578_at"
"PODXL2","219152_at"
"POF1B","219756_s_at"
"POFUT1","212349_at"
"POFUT2","209578_s_at"
"POFUT3","235472_at"
"POFUT4","226348_at"
"POGK","218229_s_at"
"POGLUT1","218587_s_at"
"POGLUT2","219479_at"
"POGLUT3","225128_at"
"POGZ","212153_at"
"POLA1","204835_at"
"POLA2","236546_at"
"POLB","203616_at"
"POLD1","203422_at"
"POLD2","201115_at"
"POLD3","212836_at"
"POLD4","202996_at"
"POLDIP2","222425_s_at"
"POLDIP3","212100_s_at"
"POLE","216026_s_at"
"POLE2","205909_at"
"POLE3","208828_at"
"POLE4","225844_at"
"POLG","217635_s_at"
"POLG2","205811_at"
"POLH","219380_x_at"
"POLH-AS1","1569341_at"
"POLI","219317_at"
"POLK","223261_at"
"POLL","221049_s_at"
"POLM","222238_s_at"
"POLN","242804_at"
"POLQ","219510_at"
"POLR1A","228515_at"
"POLR1B","220113_x_at"
"POLR1C","207515_s_at"
"POLR1D","218258_at"
"POLR1E","218997_at"
"POLR1F","226784_at"
"POLR1G","205264_at"
"POLR1H","228009_x_at"
"POLR1HASP","215985_at"
"POLR2A","202725_at"
"POLR2B","201803_at"
"POLR2C","208996_s_at"
"POLR2D","228650_at"
"POLR2E","217854_s_at"
"POLR2F","209511_at"
"POLR2G","202306_at"
"POLR2H","209302_at"
"POLR2I","212955_s_at"
"POLR2J","212782_x_at"
"POLR2J2","228823_at"
"POLR2J3","214740_at"
"POLR2J4","224517_at"
"POLR2K","202635_s_at"
"POLR2L","211730_s_at"
"POLR3A","231763_at"
"POLR3B","219459_at"
"POLR3C","209382_at"
"POLR3D","208361_s_at"
"POLR3E","218016_s_at"
"POLR3F","205218_at"
"POLR3G","206653_at"
"POLR3GL","223269_at"
"POLR3H","225678_at"
"POLR3K","218866_s_at"
"POLRMT","203782_s_at"
"POM121","205096_at"
"POM121L10P","231190_at"
"POM121L12","1556291_at"
"POM121L2","216582_at"
"POM121L8P","1557633_at"
"POM121L9P","222253_s_at"
"POMC","205720_at"
"POMGNT1","217944_at"
"POMGNT2","225689_at"
"POMK","1553246_a_at"
"POMP","217769_s_at"
"POMT1","218476_at"
"POMT2","225560_at"
"POMZP3","210910_s_at"
"PON1","206345_s_at"
"PON2","201876_at"
"PON3","213695_at"
"POP1","213449_at"
"POP4","202868_s_at"
"POP5","204839_at"
"POP7","209482_at"
"POPDC1","228783_at"
"POPDC1-AS1","232492_at"
"POPDC2","219647_at"
"POPDC3","219926_at"
"POR","208928_at"
"PORCN","219483_s_at"
"POSTN","210809_s_at"
"POT1","204354_at"
"POT1-AS1","244705_at"
"POTEM","242912_at"
"POU1F1","207846_at"
"POU2AF1","205267_at"
"POU2AF2","1554188_at"
"POU2AF3","228338_at"
"POU2F1","206789_s_at"
"POU2F2","229750_at"
"POU2F3","207109_at"
"POU3F1","210475_at"
"POU3F2","207084_at"
"POU3F3","208563_x_at"
"POU3F4","207694_at"
"POU4F1","211341_at"
"POU4F2","207725_at"
"POU4F3","208554_at"
"POU5F1B","214532_x_at"
"POU5F1P3","210265_x_at"
"POU5F1P4","210905_x_at"
"POU5F2","1553325_at"
"POU6F1","205878_at"
"POU6F2","207450_s_at"
"POU6F2-AS2","233772_at"
"PP12613","1569670_at"
"PP2D1","1552747_a_at"
"PPA1","217848_s_at"
"PPA2","220741_s_at"
"PPAN","221649_s_at"
"PPARA","223437_at"
"PPARD","37152_at"
"PPARG","208510_s_at"
"PPARGC1A","219195_at"
"PPARGC1B","232181_at"
"PPAT","209433_s_at"
"PPBP","214146_s_at"
"PPBPP2","208346_at"
"PPCDC","219066_at"
"PPCS","218341_at"
"PPDPF","233571_x_at"
"PPDPFL","235981_at"
"PPEF1","206547_s_at"
"PPEF2","208411_x_at"
"PPFIA1","202066_at"
"PPFIA2","206973_at"
"PPFIA3","213368_x_at"
"PPFIA4","214978_s_at"
"PPFIBP1","203735_x_at"
"PPFIBP2","212841_s_at"
"PPHLN1","225073_at"
"PPIA","212661_x_at"
"PPIAL4A","217136_at"
"PPIB","200967_at"
"PPIC","204517_at"
"PPID","204185_x_at"
"PPIE","210502_s_at"
"PPIEL","237473_at"
"PPIF","201489_at"
"PPIG","208993_s_at"
"PPIH","204228_at"
"PPIL1","222500_at"
"PPIL2","206063_x_at"
"PPIL3","224364_s_at"
"PPIL4","226472_at"
"PPIL6","1560910_at"
"PPIP5K1","204578_at"
"PPIP5K2","203253_s_at"
"PPL","203407_at"
"PPM1A","203966_s_at"
"PPM1B","209296_at"
"PPM1B-DT","239532_at"
"PPM1D","204566_at"
"PPM1E","205938_at"
"PPM1F","37384_at"
"PPM1F-AS1","240115_at"
"PPM1G","200913_at"
"PPM1H","212686_at"
"PPM1J","229484_at"
"PPM1K","226773_at"
"PPM1K-DT","1562785_at"
"PPM1L","228457_at"
"PPM1M","226074_at"
"PPM1N","229559_at"
"PPME1","49077_at"
"PPOX","204788_s_at"
"PPP1CA","200846_s_at"
"PPP1CB","228222_at"
"PPP1CC","200726_at"
"PPP1R10","201703_s_at"
"PPP1R11","201500_s_at"
"PPP1R12A","201603_at"
"PPP1R12B","201957_at"
"PPP1R12C","223152_at"
"PPP1R13B","216347_s_at"
"PPP1R13L","218849_s_at"
"PPP1R14A","227006_at"
"PPP1R14B","212680_x_at"
"PPP1R14C","226907_at"
"PPP1R14D","220082_at"
"PPP1R15A","37028_at"
"PPP1R15B","224692_at"
"PPP1R16A","225203_at"
"PPP1R16B","212750_at"
"PPP1R17","231509_at"
"PPP1R18","224927_at"
"PPP1R1A","205478_at"
"PPP1R1B","225165_at"
"PPP1R1C","228646_at"
"PPP1R2","202166_s_at"
"PPP1R21","1553955_at"
"PPP1R26","203955_at"
"PPP1R26-AS1","1562447_a_at"
"PPP1R27","1557480_a_at"
"PPP1R2C","207377_at"
"PPP1R35","226434_at"
"PPP1R36","237654_at"
"PPP1R37","229262_at"
"PPP1R3A","206895_at"
"PPP1R3B","222662_at"
"PPP1R3B-DT","240069_at"
"PPP1R3C","204284_at"
"PPP1R3D","204554_at"
"PPP1R3E","229001_at"
"PPP1R3F","232211_at"
"PPP1R7","213465_s_at"
"PPP1R8","207830_s_at"
"PPP1R9A","228494_at"
"PPP1R9B","225124_at"
"PPP2CA","208652_at"
"PPP2CB","201375_s_at"
"PPP2R1A","200695_at"
"PPP2R1B","202883_s_at"
"PPP2R2A","202313_at"
"PPP2R2B","205643_s_at"
"PPP2R2C","228140_s_at"
"PPP2R2D","221772_s_at"
"PPP2R3A","209633_at"
"PPP2R3B","1566630_at"
"PPP2R3C","218852_at"
"PPP2R5A","202187_s_at"
"PPP2R5B","204611_s_at"
"PPP2R5C","201877_s_at"
"PPP2R5D","202513_s_at"
"PPP2R5E","203338_at"
"PPP3CA","202429_s_at"
"PPP3CA-DT","228832_at"
"PPP3CB","202432_at"
"PPP3CB-AS1","235772_at"
"PPP3CC","32541_at"
"PPP3R1","204506_at"
"PPP3R2","231304_at"
"PPP4C","208932_at"
"PPP4R1","201594_s_at"
"PPP4R1L","223733_s_at"
"PPP4R2","225519_at"
"PPP4R3A","223160_s_at"
"PPP4R3B","233759_s_at"
"PPP4R3C","1562054_at"
"PPP4R4","220673_s_at"
"PPP5C","201979_s_at"
"PPP5D1P","242253_at"
"PPP6C","203529_at"
"PPP6R1","209229_s_at"
"PPP6R2","202791_s_at"
"PPP6R3","222467_s_at"
"PPRC1","203737_s_at"
"PPT1","200975_at"
"PPT2","209490_s_at"
"PPTC7","225213_at"
"PPWD1","213483_at"
"PPY","210670_at"
"PPY2P","220654_at"
"PQBP1","214527_s_at"
"PRAC1","230784_at"
"PRAC2","230845_at"
"PRADC1","223312_at"
"PRAF2","203456_at"
"PRAG1","235085_at"
"PRAM1","241742_at"
"PRAME","204086_at"
"PRAME-AS","1561252_at"
"PRAMEF10","217273_at"
"PRAMEF11","217365_at"
"PRAMEF12","216001_at"
"PRAP1","243669_s_at"
"PRB1","211531_x_at"
"PRB3","206998_x_at"
"PRB4","216881_x_at"
"PRC1","218009_s_at"
"PRCC","208938_at"
"PRCD","1556727_at"
"PRCP","201494_at"
"PRDM1","228964_at"
"PRDM10","219515_at"
"PRDM10-DT","1562413_at"
"PRDM11","239763_at"
"PRDM12","220894_x_at"
"PRDM13","221168_at"
"PRDM14","220714_at"
"PRDM15","230777_s_at"
"PRDM16","232424_at"
"PRDM16-DT","237108_x_at"
"PRDM2","203057_s_at"
"PRDM4","218329_at"
"PRDM5","220792_at"
"PRDM5-DT","1569508_at"
"PRDM6","230311_s_at"
"PRDM7","224228_s_at"
"PRDM8","219835_at"
"PRDM9","221151_at"
"PRDX1","208680_at"
"PRDX2","39729_at"
"PRDX3","201619_at"
"PRDX4","201923_at"
"PRDX5","1560587_s_at"
"PRDX6","200844_s_at"
"PRDX6-AS1","229364_at"
"PREB","217861_s_at"
"PRELID1","223032_x_at"
"PRELID2","235828_at"
"PRELID3A","206273_at"
"PRELID3B","222441_x_at"
"PRELP","204223_at"
"PREP","204117_at"
"PREPL","212215_at"
"PREX1","224925_at"
"PREX2","228692_at"
"PRF1","214617_at"
"PRG2","211743_s_at"
"PRG3","220811_at"
"PRG4","206007_at"
"PRH1","236637_at"
"PRICKLE1","226065_at"
"PRICKLE2","225968_at"
"PRICKLE2-AS3","1561676_at"
"PRICKLE3","217349_s_at"
"PRIM1","205053_at"
"PRIM2","205628_at"
"PRIMA1","230087_at"
"PRIMPOL","227157_at"
"PRINS","216051_x_at"
"PRKAA1","225984_at"
"PRKAA2","227892_at"
"PRKAB1","201834_at"
"PRKAB1-AS1","237421_at"
"PRKAB2","225278_at"
"PRKACA","202801_at"
"PRKACB","202741_at"
"PRKACG","207228_at"
"PRKAG1","201805_at"
"PRKAG2","233748_x_at"
"PRKAG2-AS1","229157_at"
"PRKAG2-AS2","1562749_at"
"PRKAG3","223904_at"
"PRKAR1A","200603_at"
"PRKAR1B","212559_at"
"PRKAR1B-AS1","229972_at"
"PRKAR2A","225000_at"
"PRKAR2B","203680_at"
"PRKCA","213093_at"
"PRKCA-AS1","1555940_a_at"
"PRKCB","209685_s_at"
"PRKCD","202545_at"
"PRKCE","226101_at"
"PRKCG","206270_at"
"PRKCH","218764_at"
"PRKCI","209678_s_at"
"PRKCQ","210038_at"
"PRKCQ-AS1","232001_at"
"PRKCSH","214080_x_at"
"PRKCZ","202178_at"
"PRKCZ-AS1","220846_s_at"
"PRKD1","205880_at"
"PRKD2","38269_at"
"PRKD3","218236_s_at"
"PRKDC","208694_at"
"PRKG1","228396_at"
"PRKG1-AS1","1561558_at"
"PRKG2","207505_at"
"PRKN","207058_s_at"
"PRKRA","209139_s_at"
"PRKX","204061_at"
"PRKXP1","235987_at"
"PRKY","206279_at"
"PRL","205445_at"
"PRLH","221443_x_at"
"PRLHR","231805_at"
"PRLR","210476_s_at"
"PRM1","206358_at"
"PRM2","210122_at"
"PRM3","231758_at"
"PRMT1","206445_s_at"
"PRMT2","221564_at"
"PRMT3","213320_at"
"PRMT5","217786_at"
"PRMT5-AS1","1556899_at"
"PRMT6","223275_at"
"PRMT7","219408_at"
"PRMT8","230839_at"
"PRMT9","228536_at"
"PRND","223813_at"
"PRNP","201300_s_at"
"PRNT","233975_at"
"PRO1804","224110_at"
"PRO2268","220396_at"
"PROC","206259_at"
"PROCA1","236286_at"
"PROCR","203650_at"
"PRODH","214203_s_at"
"PRODH2","243614_s_at"
"PRODHLP","215682_at"
"PROK1","229124_at"
"PROK2","232629_at"
"PROKR2","234450_at"
"PROM1","204304_s_at"
"PROM2","1552797_s_at"
"PROP1","211223_at"
"PRORP","202713_s_at"
"PRORSD1P","237291_at"
"PRORY","221179_at"
"PROS1","207808_s_at"
"PROSER1","225887_at"
"PROSER2","229801_at"
"PROSER2-AS1","1557208_at"
"PROSER3","1553162_x_at"
"PROX1","242119_at"
"PROX1-AS1","1559483_at"
"PROX2","234804_at"
"PROZ","208034_s_at"
"PRP4K","202126_at"
"PRPF18","221547_at"
"PRPF19","203103_s_at"
"PRPF3","202251_at"
"PRPF31","202408_s_at"
"PRPF38A","1553709_a_at"
"PRPF38B","230270_at"
"PRPF39","220553_s_at"
"PRPF39-DT","241322_at"
"PRPF4","209161_at"
"PRPF40A","218053_at"
"PRPF40B","226966_at"
"PRPF6","208880_s_at"
"PRPF8","200000_s_at"
"PRPH","213847_at"
"PRPH2","206625_at"
"PRPS1","209440_at"
"PRPS1L1","215486_at"
"PRPS2","230352_at"
"PRPSAP1","202529_at"
"PRPSAP2","203537_at"
"PRR11","219392_x_at"
"PRR12","226716_at"
"PRR13","217794_at"
"PRR14","45687_at"
"PRR14L","1558097_at"
"PRR15","226961_at"
"PRR15L","219127_at"
"PRR16","1554867_a_at"
"PRR18","238008_at"
"PRR19","231176_at"
"PRR22","1552272_a_at"
"PRR23E","1562762_at"
"PRR29","232972_at"
"PRR3","204795_at"
"PRR30","237319_at"
"PRR32","240043_at"
"PRR34","220681_at"
"PRR34-AS1","238058_at"
"PRR35","1553826_a_at"
"PRR36","220584_at"
"PRR4","204919_at"
"PRR5","47069_at"
"PRR5-ARHGAP8","1555162_at"
"PRR5L","1555486_a_at"
"PRR7","219742_at"
"PRR7-AS1","1560448_at"
"PRR9","237732_at"
"PRRC1","224643_at"
"PRRC2A","208132_x_at"
"PRRC2B","212068_s_at"
"PRRC2C","211946_s_at"
"PRRG1","205618_at"
"PRRG2","205617_at"
"PRRG3","220433_at"
"PRRG4","238513_at"
"PRRT2","227192_at"
"PRRT3","1556308_at"
"PRRT3-AS1","242888_at"
"PRRX1","226695_at"
"PRRX2","219729_at"
"PRRX2-AS1","231602_at"
"PRSS1","205869_at"
"PRSS12","213802_at"
"PRSS16","208165_s_at"
"PRSS2","205402_x_at"
"PRSS21","220051_at"
"PRSS22","205847_at"
"PRSS23","202458_at"
"PRSS27","232074_at"
"PRSS3","213421_x_at"
"PRSS30P","231638_at"
"PRSS33","1552348_at"
"PRSS35","235874_at"
"PRSS36","1552555_at"
"PRSS37","231572_at"
"PRSS3P2","215395_x_at"
"PRSS50","220126_at"
"PRSS53","214226_at"
"PRSS54","231287_s_at"
"PRSS55","1570274_at"
"PRSS58","237513_at"
"PRSS59P","1568828_at"
"PRSS8","202525_at"
"PRTFDC1","222803_at"
"PRTG","229178_at"
"PRTN3","207341_at"
"PRUNE1","209586_s_at"
"PRUNE2","212805_at"
"PRX","220024_s_at"
"PRXL2A","228155_at"
"PRXL2B","231835_at"
"PRXL2C","227534_at"
"PSAP","200871_s_at"
"PSAPL1","1564333_a_at"
"PSAT1","223062_s_at"
"PSCA","205319_at"
"PSD","208102_s_at"
"PSD2","223536_at"
"PSD3","203355_s_at"
"PSD4","203317_at"
"PSEN1","203460_s_at"
"PSEN2","204262_s_at"
"PSENEN","218302_at"
"PSG1","208257_x_at"
"PSG11","206570_s_at"
"PSG2","208134_x_at"
"PSG3","215821_x_at"
"PSG4","208191_x_at"
"PSG5","204830_x_at"
"PSG6","208106_x_at"
"PSG7","205602_x_at"
"PSG9","210126_at"
"PSIP1","209337_at"
"PSKH1","213141_at"
"PSKH2","1553060_at"
"PSLNR","243762_at"
"PSMA1","211746_x_at"
"PSMA2","201317_s_at"
"PSMA3","201532_at"
"PSMA3-AS1","225724_at"
"PSMA4","203396_at"
"PSMA5","201274_at"
"PSMA7","201114_x_at"
"PSMA8","240091_at"
"PSMB1","214288_s_at"
"PSMB10","202659_at"
"PSMB2","200039_s_at"
"PSMB3","201400_at"
"PSMB4","202244_at"
"PSMB5","208799_at"
"PSMB6","208827_at"
"PSMB7","200786_at"
"PSMB8","209040_s_at"
"PSMB8-AS1","1555852_at"
"PSMB9","204279_at"
"PSMC1","204219_s_at"
"PSMC2","201068_s_at"
"PSMC3","201267_s_at"
"PSMC3IP","205956_x_at"
"PSMC4","201252_at"
"PSMC5","209503_s_at"
"PSMC6","201699_at"
"PSMD1","201199_s_at"
"PSMD10","219485_s_at"
"PSMD11","208777_s_at"
"PSMD12","202352_s_at"
"PSMD13","201232_s_at"
"PSMD14","212296_at"
"PSMD14-DT","237610_at"
"PSMD2","200830_at"
"PSMD3","201388_at"
"PSMD4","211609_x_at"
"PSMD5","203447_at"
"PSMD6","202753_at"
"PSMD6-AS2","232527_at"
"PSMD7","201705_at"
"PSMD7-DT","237381_at"
"PSMD8","200820_at"
"PSMD9","207805_s_at"
"PSME1","200814_at"
"PSME2","201762_s_at"
"PSME3","209852_x_at"
"PSME3IP1","222460_s_at"
"PSME4","212219_at"
"PSMF1","201052_s_at"
"PSMG1","203405_at"
"PSMG2","218467_at"
"PSMG3","223363_at"
"PSMG3-AS1","1561666_a_at"
"PSMG4","228217_s_at"
"PSORS1C1","220362_at"
"PSORS1C2","220635_at"
"PSORS1C3","238997_at"
"PSPC1","218371_s_at"
"PSPH","205194_at"
"PSPN","221373_x_at"
"PSRC1","201896_s_at"
"PSTK","230129_at"
"PSTPIP1","211178_s_at"
"PSTPIP2","219938_s_at"
"PTAFR","227184_at"
"PTAR1","226110_at"
"PTBP1","216306_x_at"
"PTBP2","218683_at"
"PTBP3","224617_at"
"PTCD2","219658_at"
"PTCD3","217895_at"
"PTCH1","209815_at"
"PTCH2","221292_at"
"PTCHD1","1552848_a_at"
"PTCHD4","234689_at"
"PTCRA","211252_x_at"
"PTCSC1","233111_at"
"PTDSS1","201433_s_at"
"PTDSS2","221005_s_at"
"PTEN","225363_at"
"PTENP1","217494_s_at"
"PTER","218967_s_at"
"PTGDR","234165_at"
"PTGDR2","206361_at"
"PTGDS","211748_x_at"
"PTGER1","214391_x_at"
"PTGER2","206631_at"
"PTGER3","213933_at"
"PTGER4","204897_at"
"PTGER4P2-CDK2AP2P2","217158_at"
"PTGES","207388_s_at"
"PTGES2","218083_at"
"PTGES3","200627_at"
"PTGES3L","238740_at"
"PTGFR","207177_at"
"PTGFRN","224937_at"
"PTGIR","1563431_x_at"
"PTGIS","208131_s_at"
"PTGR1","231897_at"
"PTGR2","230774_at"
"PTGR3","227049_at"
"PTGS1","205128_x_at"
"PTGS2","204748_at"
"PTH","206977_at"
"PTH1R","205911_at"
"PTH2","1555238_at"
"PTH2R","206772_at"
"PTHLH","211756_at"
"PTK2","208820_at"
"PTK2B","203110_at"
"PTK6","1553114_a_at"
"PTK7","207011_s_at"
"PTMA","200773_x_at"
"PTMAP11","239321_at"
"PTMS","218045_x_at"
"PTN","209465_x_at"
"PTOV1","212032_s_at"
"PTOV1-AS1","233745_at"
"PTOV1-AS2","213691_at"
"PTP4A1","200732_s_at"
"PTP4A2","208616_s_at"
"PTP4A3","209695_at"
"PTPA","208874_x_at"
"PTPDC1","229517_at"
"PTPMT1","225901_at"
"PTPN1","202716_at"
"PTPN11","212610_at"
"PTPN12","202006_at"
"PTPN13","204201_s_at"
"PTPN14","226282_at"
"PTPN18","213521_at"
"PTPN2","213136_at"
"PTPN20","215172_at"
"PTPN21","226380_at"
"PTPN22","206060_s_at"
"PTPN23","223150_s_at"
"PTPN3","203997_at"
"PTPN4","205171_at"
"PTPN5","236456_at"
"PTPN6","206687_s_at"
"PTPN7","204852_s_at"
"PTPN9","202958_at"
"PTPRA","213795_s_at"
"PTPRB","230250_at"
"PTPRC","212588_at"
"PTPRD","214043_at"
"PTPRD-AS1","1560425_s_at"
"PTPRE","221840_at"
"PTPRF","200636_s_at"
"PTPRG","227126_at"
"PTPRG-AS1","232242_at"
"PTPRH","208300_at"
"PTPRJ","227396_at"
"PTPRK","203038_at"
"PTPRK-AS1","1568898_at"
"PTPRM","1555579_s_at"
"PTPRN","204945_at"
"PTPRN2","203029_s_at"
"PTPRN2-AS1","1570375_at"
"PTPRO","211600_at"
"PTPRR","210675_s_at"
"PTPRS","226571_s_at"
"PTPRT","205948_at"
"PTPRT-AS1","1556921_at"
"PTPRU","211320_s_at"
"PTPRZ1","204469_at"
"PTRH1","228014_at"
"PTRH2","218732_at"
"PTRHD1","226243_at"
"PTS","209694_at"
"PTTG1","203554_x_at"
"PTTG1IP","200677_at"
"PTTG2","214557_at"
"PTTG3P","208511_at"
"PTX3","206157_at"
"PUDP","203974_at"
"PUF60","209899_s_at"
"PUM1","201166_s_at"
"PUM2","216221_s_at"
"PUM3","203712_at"
"PURA","204020_at"
"PURB","225120_at"
"PURG","235634_at"
"PURPL","1557765_at"
"PUS1","218670_at"
"PUS10","229362_at"
"PUS3","221277_s_at"
"PUS7","218984_at"
"PUS7L","221025_x_at"
"PUSL1","228733_at"
"PVALB","205336_at"
"PVR","214444_s_at"
"PVRIG","219812_at"
"PVT1","1558290_a_at"
"PWAR5","214834_at"
"PWAR6","226587_at"
"PWP1","201606_s_at"
"PWP2","1565603_at"
"PWRN1","1562873_at"
"PWRN2","1568663_a_at"
"PWWP2A","228336_at"
"PWWP2B","227999_at"
"PWWP3A","221290_s_at"
"PWWP3B","229160_at"
"PXDC1","212923_s_at"
"PXDN","212012_at"
"PXDNL","241942_at"
"PXK","225796_at"
"PXMP2","219076_s_at"
"PXMP4","219428_s_at"
"PXN","201087_at"
"PXN-AS1","227332_at"
"PXT1","1552599_at"
"PXYLP1","226925_at"
"PYCARD","221666_s_at"
"PYCARD-AS1","244497_at"
"PYCR1","202148_s_at"
"PYCR2","231715_s_at"
"PYCR3","218944_at"
"PYDC1","243722_at"
"PYGB","201481_s_at"
"PYGL","202990_at"
"PYGM","205577_at"
"PYGO1","215517_at"
"PYGO2","225370_at"
"PYGO2-AS1","239666_at"
"PYHIN1","240413_at"
"PYM1","242304_at"
"PYROXD1","213878_at"
"PYROXD2","228384_s_at"
"PYY","211253_x_at"
"PYY2","220209_at"
"PZP","207330_at"
"QARS1","217846_at"
"QDPR","209123_at"
"QKI","212265_at"
"QKILA","1560848_at"
"QNG1","223697_x_at"
"QPCT","205174_s_at"
"QPCTL","220438_at"
"QPRT","242414_at"
"QRFPR","1555533_at"
"QRICH1","209174_s_at"
"QRICH2","232532_at"
"QRSL1","218949_s_at"
"QSER1","226265_at"
"QSOX1","201482_at"
"QSOX2","227146_at"
"QTGAL","215055_at"
"QTMAN","219770_at"
"QTMAN-AS1","1560538_at"
"QTRT1","221270_s_at"
"QTRT2","219178_at"
"R3HCC1","35156_at"
"R3HCC1L","228374_at"
"R3HDM1","202754_at"
"R3HDM2","203831_at"
"R3HDM4","55705_at"
"R3HDML","234774_at"
"RAB10","222980_at"
"RAB11A","200863_s_at"
"RAB11B","217793_at"
"RAB11B-AS1","1556123_a_at"
"RAB11FIP1","225177_at"
"RAB11FIP2","203883_s_at"
"RAB11FIP3","228613_at"
"RAB11FIP4","225739_at"
"RAB11FIP5","210879_s_at"
"RAB12","239891_x_at"
"RAB13","202252_at"
"RAB14","211503_s_at"
"RAB15","59697_at"
"RAB17","218931_at"
"RAB17-DT","1557774_at"
"RAB18","224787_s_at"
"RAB1A","208724_s_at"
"RAB20","219622_at"
"RAB21","203885_at"
"RAB22A","213405_at"
"RAB23","223463_at"
"RAB24","225251_at"
"RAB25","218186_at"
"RAB26","50965_at"
"RAB27A","209515_s_at"
"RAB27B","228708_at"
"RAB28","227003_at"
"RAB29","218699_at"
"RAB2A","208731_at"
"RAB2B","225074_at"
"RAB30","228003_at"
"RAB30-DT","228612_at"
"RAB31","217763_s_at"
"RAB32","204214_s_at"
"RAB33A","206039_at"
"RAB33B","221014_s_at"
"RAB34","1555630_a_at"
"RAB35","221819_at"
"RAB36","211471_s_at"
"RAB37","228113_at"
"RAB38","219412_at"
"RAB39A","1554800_at"
"RAB39B","230075_at"
"RAB3A","204974_at"
"RAB3B","227123_at"
"RAB3C","229300_at"
"RAB3D","225001_at"
"RAB3GAP1","213531_s_at"
"RAB3GAP2","202373_s_at"
"RAB3IL1","219579_at"
"RAB3IP","238853_at"
"RAB40A","217589_at"
"RAB40AL","215782_at"
"RAB40B","204547_at"
"RAB40C","213466_at"
"RAB42","1552846_s_at"
"RAB43","229894_s_at"
"RAB4A","203581_at"
"RAB4B","237257_at"
"RAB5A","209089_at"
"RAB5B","201276_at"
"RAB5C","201140_s_at"
"RAB6A","201047_x_at"
"RAB6B","221792_at"
"RAB7A","211961_s_at"
"RAB7B","230266_at"
"RAB8A","208819_at"
"RAB8B","226633_at"
"RAB9A","221808_at"
"RAB9B","222918_at"
"RAB9BP1","208245_at"
"RABAC1","203136_at"
"RABEP1","225092_at"
"RABEP2","77508_r_at"
"RABEPK","203150_at"
"RABGAP1L","203020_at"
"RABGEF1","218310_at"
"RABGEF1P1","231992_x_at"
"RABGGTA","203573_s_at"
"RABGGTB","209181_s_at"
"RABIF","204478_s_at"
"RABL3","213970_at"
"RABL6","223166_x_at"
"RAC1","208640_at"
"RAC2","213603_s_at"
"RAC3","206103_at"
"RACGAP1","222077_s_at"
"RACGAP1P1","224272_at"
"RACK1","200651_at"
"RAD1","210216_x_at"
"RAD17","207405_s_at"
"RAD18","238670_at"
"RAD21","200608_s_at"
"RAD21-AS1","1560207_at"
"RAD21L1","234662_at"
"RAD23A","201046_s_at"
"RAD23B","201222_s_at"
"RAD50","208393_s_at"
"RAD51","205024_s_at"
"RAD51-AS1","1560081_at"
"RAD51AP1","204146_at"
"RAD51B","1561122_a_at"
"RAD51C","209849_s_at"
"RAD51D","209965_s_at"
"RAD52","236880_at"
"RAD54B","219494_at"
"RAD54L","204558_at"
"RAD54L2","213205_s_at"
"RAD9A","204828_at"
"RAD9B","1553285_s_at"
"RADIL","223693_s_at"
"RADX","219355_at"
"RAE1","211318_s_at"
"RAET1E","1552777_a_at"
"RAF1","201244_s_at"
"RAG1","206591_at"
"RAG2","215117_at"
"RAI1","226143_at"
"RAI14","202052_s_at"
"RAI2","219440_at"
"RALA","224880_at"
"RALB","202100_at"
"RALBP1","202845_s_at"
"RALGAPA1","213049_at"
"RALGAPA2","232500_at"
"RALGAPB","221736_at"
"RALGDS","209050_s_at"
"RALGPS1","204199_at"
"RALGPS2","227533_at"
"RALY","201271_s_at"
"RALY-AS1","230294_at"
"RALYL","213967_at"
"RAMAC","225210_s_at"
"RAMP1","204916_at"
"RAMP2","205779_at"
"RAMP2-AS1","232731_x_at"
"RAMP3","205326_at"
"RAN","200750_s_at"
"RANBP1","202483_s_at"
"RANBP10","53987_at"
"RANBP17","219661_at"
"RANBP2","201711_x_at"
"RANBP3","202639_s_at"
"RANBP3L","1553147_at"
"RANBP6","213019_at"
"RANBP9","202582_s_at"
"RANGAP1","212127_at"
"RANGRF","218526_s_at"
"RAP1A","202362_at"
"RAP1B","200833_s_at"
"RAP1GAP","203911_at"
"RAP1GAP2","213280_at"
"RAP1GDS1","229905_at"
"RAP2A","221830_at"
"RAP2B","213923_at"
"RAP2C","218669_at"
"RAP2C-AS1","240561_at"
"RAPGEF1","225738_at"
"RAPGEF2","203097_s_at"
"RAPGEF3","210051_at"
"RAPGEF4","205651_x_at"
"RAPGEF4-AS1","1563528_at"
"RAPGEF5","204681_s_at"
"RAPGEF6","230078_at"
"RAPGEFL1","218657_at"
"RAPH1","225188_at"
"RAPSN","211570_s_at"
"RARA","216300_x_at"
"RARA-AS1","228037_at"
"RARB","205080_at"
"RARB-AS1","231673_at"
"RARG","204189_at"
"RARRES1","221872_at"
"RARRES2","209496_at"
"RARS1","201330_at"
"RARS2","225264_at"
"RASA1","202677_at"
"RASA2","230669_at"
"RASA3","225562_at"
"RASA4","212706_at"
"RASAL1","219752_at"
"RASAL2","222810_s_at"
"RASAL3","228677_s_at"
"RASD1","223467_at"
"RASD2","223634_at"
"RASEF","1553185_at"
"RASGEF1A","230563_at"
"RASGEF1B","1554999_at"
"RASGEF1C","236748_at"
"RASGRF1","215688_at"
"RASGRF2","228109_at"
"RASGRP1","205590_at"
"RASGRP2","208206_s_at"
"RASGRP3","205801_s_at"
"RASGRP4","240862_at"
"RASIP1","220027_s_at"
"RASL10A","243343_at"
"RASL10B","244656_at"
"RASL11A","238353_at"
"RASL11B","219142_at"
"RASL12","219167_at"
"RASSF1","204346_s_at"
"RASSF1-AS1","240278_at"
"RASSF10","238755_at"
"RASSF2","203185_at"
"RASSF3","230466_s_at"
"RASSF4","226436_at"
"RASSF5","223322_at"
"RASSF6","229147_at"
"RASSF7","40359_at"
"RASSF8","225946_at"
"RASSF8-AS1","242358_at"
"RASSF9","210335_at"
"RAVER1","223425_at"
"RAVER2","231851_at"
"RAX","208242_at"
"RAX2","1552311_a_at"
"RB1","203132_at"
"RB1-DT","1559544_s_at"
"RB1CC1","202033_s_at"
"RBAK","228571_at"
"RBAKDN","230439_at"
"RBBP4","210371_s_at"
"RBBP5","205169_at"
"RBBP6","212781_at"
"RBBP7","201092_at"
"RBBP8","203344_s_at"
"RBBP8NL","236258_at"
"RBBP9","226696_at"
"RBCK1","221827_at"
"RBFA","219419_at"
"RBFADN","215683_at"
"RBFOX1","235070_at"
"RBFOX2","216215_s_at"
"RBFOX3","235468_at"
"RBIS","226165_at"
"RBKS","219222_at"
"RBL1","1555004_a_at"
"RBL2","212331_at"
"RBM10","215089_s_at"
"RBM11","232549_at"
"RBM12","212168_at"
"RBM12B","51228_at"
"RBM12B-AS1","220222_at"
"RBM14","204178_s_at"
"RBM15","219286_s_at"
"RBM15B","202689_at"
"RBM17","224781_s_at"
"RBM18","225236_at"
"RBM19","206019_at"
"RBM20","238763_at"
"RBM22","224068_x_at"
"RBM23","219816_s_at"
"RBM24","235004_at"
"RBM25","212033_at"
"RBM26","218422_s_at"
"RBM26-AS1","233021_at"
"RBM27","225326_at"
"RBM28","231844_at"
"RBM3","208319_s_at"
"RBM33","225839_at"
"RBM33-DT","243224_at"
"RBM34","214942_at"
"RBM38","212430_at"
"RBM39","207941_s_at"
"RBM4","227979_at"
"RBM41","219754_at"
"RBM42","205740_s_at"
"RBM43","228304_at"
"RBM45","228578_at"
"RBM46","244351_at"
"RBM47","218035_s_at"
"RBM48","221596_s_at"
"RBM4B","209497_s_at"
"RBM5","201395_at"
"RBM6","228030_at"
"RBM7","218379_at"
"RBM8A","214113_s_at"
"RBMS1","215127_s_at"
"RBMS2","225778_at"
"RBMS3","235570_at"
"RBMS3-AS3","237329_at"
"RBMX","213762_x_at"
"RBMX2","204098_at"
"RBMXL1","227748_at"
"RBMXL2","207208_at"
"RBMY2BP","207916_at"
"RBMY2FP","216544_at"
"RBMY3AP","1565320_at"
"RBP1","203423_at"
"RBP2","231734_at"
"RBP3","210318_at"
"RBP4","219140_s_at"
"RBP5","223820_at"
"RBP7","238066_at"
"RBPJ","211974_x_at"
"RBPJL","221377_s_at"
"RBPMS","209487_at"
"RBPMS-AS1","240929_at"
"RBPMS2","228802_at"
"RBSN","226581_at"
"RBX1","218117_at"
"RC3H1","225893_at"
"RC3H2","231716_at"
"RCAN1","208370_s_at"
"RCAN2","203498_at"
"RCAN3","226272_at"
"RCBTB1","218352_at"
"RCBTB2","204759_at"
"RCC1","206499_s_at"
"RCC1L","221247_s_at"
"RCC2","224578_at"
"RCCD1","226488_at"
"RCE1","205332_at"
"RCHY1","212749_s_at"
"RCL1","218544_s_at"
"RCN1","201063_at"
"RCN2","201486_at"
"RCN3","61734_at"
"RCOR1","212612_at"
"RCOR2","236030_at"
"RCOR3","222605_at"
"RCSD1","225763_at"
"RCVRN","206203_at"
"RD3","236563_at"
"RDH10","226021_at"
"RDH11","217776_at"
"RDH12","242998_at"
"RDH13","225467_s_at"
"RDH16","206753_at"
"RDH5","236291_at"
"RDH8","220683_at"
"RDM1","239169_at"
"RDM1P5","1564050_at"
"RDUR","1562048_at"
"RDX","212397_at"
"REC114","240689_at"
"REC8","218599_at"
"RECK","216153_x_at"
"RECQL","212918_at"
"RECQL4","1553015_a_at"
"RECQL5","221686_s_at"
"REDIC1","1553424_at"
"REEP1","204364_s_at"
"REEP2","205331_s_at"
"REEP3","225785_at"
"REEP4","218777_at"
"REEP5","208873_s_at"
"REEP6","226597_at"
"REG1A","209752_at"
"REG1B","205886_at"
"REG1CP","207778_at"
"REG3A","205815_at"
"REG3G","231661_at"
"REG4","223447_at"
"REL","235242_at"
"RELA","201783_s_at"
"RELB","205205_at"
"RELCH","225506_at"
"RELL1","226430_at"
"RELL2","1564031_a_at"
"RELN","205923_at"
"RELT","227060_at"
"REM1","210300_at"
"REM2","235699_at"
"REN","206367_at"
"RENBP","206617_s_at"
"REPIN1","219041_s_at"
"REPS1","224366_s_at"
"REPS2","227425_at"
"RER1","202296_s_at"
"RERE","200940_s_at"
"RERG","227758_at"
"RERGL","220276_at"
"RESF1","218614_at"
"REST","204535_s_at"
"RET","205879_x_at"
"RETN","220570_at"
"RETNLB","223969_s_at"
"RETREG1","218532_s_at"
"RETREG1-AS1","1560246_at"
"RETREG2","221984_s_at"
"RETREG3","212697_at"
"RETSAT","218124_at"
"REV1","218428_s_at"
"REV3L","208070_s_at"
"REX1BD","51200_at"
"REXO1","233939_at"
"REXO1L1P","1553009_s_at"
"REXO2","218194_at"
"REXO4","218767_at"
"REXO5","215215_s_at"
"REXO6P","1559293_x_at"
"RFC1","209085_x_at"
"RFC2","1053_at"
"RFC3","204127_at"
"RFC4","204023_at"
"RFC5","213734_at"
"RFESD","239142_at"
"RFFL","237919_at"
"RFK","203224_at"
"RFLNB","226905_at"
"RFNG","212968_at"
"RFPL1","207934_at"
"RFPL1S","214120_at"
"RFPL2","207227_x_at"
"RFPL3","207936_x_at"
"RFPL3S","214409_at"
"RFT1","226060_at"
"RFTN1","212646_at"
"RFTN2","238955_at"
"RFWD3","218564_at"
"RFX1","226786_at"
"RFX2","208031_s_at"
"RFX3","230403_at"
"RFX4","207672_at"
"RFX5","202963_at"
"RFX5-AS1","230787_at"
"RFX6","1552673_at"
"RFX7","222630_at"
"RFXANK","202758_s_at"
"RFXAP","229431_at"
"RGCC","218723_s_at"
"RGL1","209568_s_at"
"RGL2","209110_s_at"
"RGL3","1556355_x_at"
"RGL4","235816_s_at"
"RGMA","223468_s_at"
"RGMB","226989_at"
"RGMB-AS1","1558899_s_at"
"RGN","210751_s_at"
"RGP1","203169_at"
"RGPD4-DT","1558623_at"
"RGR","1555219_at"
"RGS1","216834_at"
"RGS10","204319_s_at"
"RGS11","211872_s_at"
"RGS12","205823_at"
"RGS13","210258_at"
"RGS14","38290_at"
"RGS16","209325_s_at"
"RGS17","220334_at"
"RGS18","223809_at"
"RGS19","204336_s_at"
"RGS2","202388_at"
"RGS20","1569303_s_at"
"RGS22","223691_at"
"RGS3","203823_at"
"RGS4","204337_at"
"RGS5","209071_s_at"
"RGS6","214538_x_at"
"RGS7","216970_at"
"RGS7BP","237719_x_at"
"RGS8","224390_s_at"
"RGS9","206518_s_at"
"RGS9BP","1556199_a_at"
"RGSL1","211446_at"
"RHAG","206146_s_at"
"RHBDD1","227414_at"
"RHBDD2","222995_s_at"
"RHBDD3","204402_at"
"RHBDF1","218686_s_at"
"RHBDF2","219202_at"
"RHBDL1","207383_s_at"
"RHBDL2","1554895_a_at"
"RHBDL3","233409_at"
"RHBG","220510_at"
"RHCE","216317_x_at"
"RHCG","219554_at"
"RHD","210430_x_at"
"RHEB","201453_x_at"
"RHEBL1","1553713_a_at"
"RHEX","230381_at"
"RHNO1","225837_at"
"RHO","206455_s_at"
"RHOA","200059_s_at"
"RHOB","212099_at"
"RHOBTB1","212651_at"
"RHOBTB2","209441_at"
"RHOBTB3","225202_at"
"RHOC","235742_at"
"RHOD","31846_at"
"RHOF","219045_at"
"RHOG","203175_at"
"RHOH","204951_at"
"RHOJ","235489_at"
"RHOQ","212119_at"
"RHOQ-AS1","1556662_at"
"RHOT1","218323_at"
"RHOT2","65770_at"
"RHOU","223168_at"
"RHOV","241990_at"
"RHOXF1","1552724_at"
"RHPN1","235998_at"
"RHPN1-AS1","207458_at"
"RHPN2","227196_at"
"RIBC1","235946_at"
"RIBC2","206526_at"
"RIC1","226221_at"
"RIC3","220282_at"
"RIC8A","221647_s_at"
"RIC8B","219446_at"
"RICTOR","228248_at"
"RIDA","203790_s_at"
"RIF1","214700_x_at"
"RIGI","242961_x_at"
"RIIAD1","237131_at"
"RILP","227366_at"
"RILPL1","226207_at"
"RILPL2","227983_at"
"RIMBP2","241771_at"
"RIMKLA","235948_at"
"RIMKLB","229344_x_at"
"RIMOC1","226159_at"
"RIMS1","216184_s_at"
"RIMS2","206137_at"
"RIMS3","204730_at"
"RIMS4","233299_at"
"RIN1","205211_s_at"
"RIN2","209684_at"
"RIN3","60471_at"
"RING1","35685_at"
"RINT1","218598_at"
"RIOK1","224450_s_at"
"RIOK2","218535_s_at"
"RIOK3","202130_at"
"RIOX1","219526_at"
"RIOX2","213188_s_at"
"RIPK1","226551_at"
"RIPK2","209545_s_at"
"RIPK3","228139_at"
"RIPK4","221215_s_at"
"RIPOR1","45749_at"
"RIPOR2","206707_x_at"
"RIPOR3","227654_at"
"RIPOR3-AS1","243710_at"
"RIPPLY1","1560291_at"
"RIPPLY2","236771_at"
"RIPPLY3","207267_s_at"
"RIT1","236224_at"
"RIT2","206984_s_at"
"RITA1","221777_at"
"RLBP1","206154_at"
"RLF","204243_at"
"RLIG1","213701_at"
"RLIM","225416_at"
"RLN1","211753_s_at"
"RLN2","214519_s_at"
"RLN3","1553403_at"
"RMC1","221190_s_at"
"RMDN1","218549_s_at"
"RMDN2","235349_at"
"RMDN3","218126_at"
"RMI1","218979_at"
"RMI2","226456_at"
"RMND1","220329_s_at"
"RMND5A","212482_at"
"RMND5B","218262_at"
"RMP24","223526_at"
"RMP64","225281_at"
"RMST","229782_at"
"RNA45SN5","225767_at"
"RNASE1","201785_at"
"RNASE11","231603_at"
"RNASE11-AS1","1562581_at"
"RNASE2","206111_at"
"RNASE2CP","216667_at"
"RNASE3","206851_at"
"RNASE4","213397_x_at"
"RNASE6","213566_at"
"RNASE7","233488_at"
"RNASEH1","218496_at"
"RNASEH1-DT","232790_at"
"RNASEH2A","203022_at"
"RNASEH2B","215040_at"
"RNASEH2C","226453_at"
"RNASEL","229285_at"
"RNASET2","217983_s_at"
"RND1","210056_at"
"RND2","213467_at"
"RND3","212724_at"
"RNF10","207801_s_at"
"RNF103","202636_at"
"RNF11","208924_at"
"RNF111","218761_at"
"RNF112","223603_at"
"RNF113A","209565_at"
"RNF114","211678_s_at"
"RNF115","212742_at"
"RNF121","219021_at"
"RNF122","219897_at"
"RNF123","224186_s_at"
"RNF125","235199_at"
"RNF126","205748_s_at"
"RNF126P1","222349_x_at"
"RNF128","219263_at"
"RNF13","201779_s_at"
"RNF130","217865_at"
"RNF133","231373_at"
"RNF135","223592_s_at"
"RNF138","218738_s_at"
"RNF139","209510_at"
"RNF139-DT","227745_at"
"RNF14","201823_s_at"
"RNF141","226106_at"
"RNF144A","204040_at"
"RNF144B","239012_at"
"RNF145","226077_at"
"RNF146","223886_s_at"
"RNF148","242925_at"
"RNF149","225414_at"
"RNF150","227657_at"
"RNF151","236689_at"
"RNF152","1553722_s_at"
"RNF157","226433_at"
"RNF157-AS1","230776_at"
"RNF166","227726_at"
"RNF167","212047_s_at"
"RNF168","226832_at"
"RNF169","226739_at"
"RNF17","1563114_at"
"RNF170","226104_at"
"RNF175","236465_at"
"RNF180","242985_x_at"
"RNF181","223064_at"
"RNF182","230720_at"
"RNF183","235153_at"
"RNF185","224750_at"
"RNF185-AS1","207280_at"
"RNF186","219739_at"
"RNF187","212155_at"
"RNF19A","223085_at"
"RNF19B","36564_at"
"RNF2","205215_at"
"RNF20","222683_at"
"RNF207","1555870_at"
"RNF208","221273_s_at"
"RNF212","236454_at"
"RNF212B","240320_at"
"RNF213","225929_s_at"
"RNF213-AS1","1569078_at"
"RNF214","227114_at"
"RNF215","234461_at"
"RNF216","227065_at"
"RNF217","226885_at"
"RNF217-AS1","1563496_at"
"RNF220","219988_s_at"
"RNF227","238096_at"
"RNF24","226542_at"
"RNF25","218861_at"
"RNF26","224947_at"
"RNF31","231635_x_at"
"RNF32","1554642_at"
"RNF32-DT","223630_at"
"RNF34","219035_s_at"
"RNF38","218528_s_at"
"RNF39","219916_s_at"
"RNF4","212696_s_at"
"RNF40","206845_s_at"
"RNF41","201961_s_at"
"RNF43","218704_at"
"RNF44","203286_at"
"RNF5","216018_at"
"RNF6","203403_s_at"
"RNF7","224439_x_at"
"RNF8","203160_s_at"
"RNFT1","227268_at"
"RNFT2","1553209_at"
"RNGTT","204207_s_at"
"RNH1","206050_s_at"
"RNLS","223824_at"
"RNMT","202683_s_at"
"RNPC3","226975_at"
"RNPEP","208270_s_at"
"RNPEPL1","218301_at"
"RNPS1","200060_s_at"
"RNU6-501P","1570093_at"
"RO60","212852_s_at"
"ROBO1","213194_at"
"ROBO2","226766_at"
"ROBO3","219550_at"
"ROBO4","226028_at"
"ROCK1","213044_at"
"ROCK2","202762_at"
"ROGDI","218394_at"
"ROM1","205806_at"
"ROMO1","224972_at"
"ROPN1","224191_x_at"
"ROPN1L","223609_at"
"ROR1","205805_s_at"
"ROR1-AS1","1562823_at"
"ROR2","205578_at"
"RORA","226682_at"
"RORA-AS1","240163_at"
"RORB","231040_at"
"RORC","228806_at"
"ROS1","244363_at"
"RP1","224021_at"
"RP1L1","1555245_s_at"
"RP2","205191_at"
"RP9","227852_at"
"RP9P","227035_x_at"
"RPA1","201528_at"
"RPA2","201756_at"
"RPA3","209507_at"
"RPA4","221143_at"
"RPAIN","228183_s_at"
"RPAP1","218441_s_at"
"RPAP2","222893_s_at"
"RPAP3","218842_at"
"RPAP3-DT","1563707_at"
"RPE","225040_s_at"
"RPE65","207107_at"
"RPF1","218462_at"
"RPF2","225866_at"
"RPGR","207624_s_at"
"RPGRIP1","206608_s_at"
"RPGRIP1L","213959_s_at"
"RPH3A","205230_at"
"RPH3AL","221614_s_at"
"RPH3AL-AS1","238091_at"
"RPIA","212973_at"
"RPL10","200725_x_at"
"RPL10A","229563_s_at"
"RPL10L","217559_at"
"RPL11","200010_at"
"RPL12","200809_x_at"
"RPL13","212734_x_at"
"RPL13A","210646_x_at"
"RPL13AP17","1555083_at"
"RPL13P5","210822_at"
"RPL14","213588_x_at"
"RPL15","221475_s_at"
"RPL18","200022_at"
"RPL18A","200869_at"
"RPL19","200029_at"
"RPL22","221775_x_at"
"RPL22L1","225541_at"
"RPL23","200888_s_at"
"RPL23A","208834_x_at"
"RPL23AP32","207283_at"
"RPL23AP53","222225_at"
"RPL24","214143_x_at"
"RPL26L1","218830_at"
"RPL26L1-AS1","233491_at"
"RPL27","200025_s_at"
"RPL27A","203034_s_at"
"RPL28","200003_s_at"
"RPL29","213969_x_at"
"RPL3","201217_x_at"
"RPL30","200062_s_at"
"RPL31","200963_x_at"
"RPL32","200674_s_at"
"RPL32P3","235314_at"
"RPL34","200026_at"
"RPL34-DT","1563581_at"
"RPL35","200002_at"
"RPL35A","225190_x_at"
"RPL36","219762_s_at"
"RPL36A","243201_at"
"RPL36AL","207585_s_at"
"RPL37","200092_s_at"
"RPL37A","201429_s_at"
"RPL38","202029_x_at"
"RPL39","208695_s_at"
"RPL39L","210115_at"
"RPL3L","206768_at"
"RPL4","211710_x_at"
"RPL41","201492_s_at"
"RPL5","213080_x_at"
"RPL7","200717_x_at"
"RPL7A","217740_x_at"
"RPL7L1","224738_x_at"
"RPL8","200936_at"
"RPL9","200032_s_at"
"RPLP0","208856_x_at"
"RPLP1","200763_s_at"
"RPLP2","200909_s_at"
"RPLP2P1","216490_x_at"
"RPN1","201011_at"
"RPN2","213399_x_at"
"RPP14","227005_at"
"RPP25","223415_at"
"RPP25L","225403_at"
"RPP30","203436_at"
"RPP38","205562_at"
"RPP40","213427_at"
"RPPH1","1556684_at"
"RPRD1A","225953_at"
"RPRD1B","225024_at"
"RPRD2","212553_at"
"RPRM","219370_at"
"RPRML","1554655_a_at"
"RPS10","211542_x_at"
"RPS10P7","1566720_at"
"RPS11","200031_s_at"
"RPS11P6","233149_at"
"RPS12","213377_x_at"
"RPS13","200018_at"
"RPS14","208645_s_at"
"RPS15","200819_s_at"
"RPS15A","200781_s_at"
"RPS16","226131_s_at"
"RPS16P5","1566079_at"
"RPS17","201665_x_at"
"RPS18","201049_s_at"
"RPS19","213414_s_at"
"RPS19BP1","225148_at"
"RPS2","203107_x_at"
"RPS20","214003_x_at"
"RPS21","200834_s_at"
"RPS23","200926_at"
"RPS24","200061_s_at"
"RPS25","200091_s_at"
"RPS26","217753_s_at"
"RPS27","200741_s_at"
"RPS27A","200017_at"
"RPS27L","218007_s_at"
"RPS28","208904_s_at"
"RPS29","201094_at"
"RPS2P45","207489_at"
"RPS3","208692_at"
"RPS3A","201257_x_at"
"RPS4X","200933_x_at"
"RPS4Y1","201909_at"
"RPS5","200024_at"
"RPS6","201254_x_at"
"RPS6KA1","203379_at"
"RPS6KA2","212912_at"
"RPS6KA2-AS1","236658_at"
"RPS6KA3","226335_at"
"RPS6KA4","204632_at"
"RPS6KA5","204633_s_at"
"RPS6KA6","228503_at"
"RPS6KB1","226660_at"
"RPS6KB2","203777_s_at"
"RPS6KC1","218909_at"
"RPS6KL1","223534_s_at"
"RPS7","213941_x_at"
"RPS8","200858_s_at"
"RPS9","217747_s_at"
"RPSA","213801_x_at"
"RPTN","1553454_at"
"RPTOR","225715_at"
"RPUSD1","226078_at"
"RPUSD2","221940_at"
"RPUSD3","1555916_at"
"RPUSD4","225398_at"
"RRAD","204803_s_at"
"RRAGA","201628_s_at"
"RRAGB","205540_s_at"
"RRAGC","218088_s_at"
"RRAGD","221524_s_at"
"RRAS","212647_at"
"RRAS2","212589_at"
"RRBP1","201204_s_at"
"RREB1","203704_s_at"
"RRH","208314_at"
"RRM1","201477_s_at"
"RRM2","209773_s_at"
"RRM2B","223342_at"
"RRN3","222204_s_at"
"RRN3P1","216908_x_at"
"RRN3P2","243124_at"
"RRN3P3","238412_at"
"RRP1","218758_s_at"
"RRP12","216913_s_at"
"RRP15","219037_at"
"RRP1B","212846_at"
"RRP36","225788_at"
"RRP7A","202937_x_at"
"RRP8","203171_s_at"
"RRP9","204133_at"
"RRS1","209567_at"
"RRS1-DT","237729_at"
"RS1","216937_s_at"
"RSAD1","218307_at"
"RSAD2","213797_at"
"RSBN1","222790_s_at"
"RSBN1L","232221_x_at"
"RSF1","235381_at"
"RSKR","244547_at"
"RSL1D1","212018_s_at"
"RSL24D1","222465_at"
"RSPH1","230093_at"
"RSPH14","229977_at"
"RSPH3","1568613_at"
"RSPH4A","233071_at"
"RSPH6A","220965_s_at"
"RSPH9","230695_s_at"
"RSPO1","241450_at"
"RSPO2","1554012_at"
"RSPO3","228186_s_at"
"RSPO4","237423_at"
"RSPRY1","225770_at"
"RSRC1","219507_at"
"RSRC2","202302_s_at"
"RSRP1","209007_s_at"
"RSU1","201980_s_at"
"RSU1P2","1557672_s_at"
"RTBDN","223719_s_at"
"RTCA","203594_at"
"RTCB","200042_at"
"RTEL1-TNFRSF6B","216325_x_at"
"RTF1","212301_at"
"RTF2","234926_s_at"
"RTKN","225150_s_at"
"RTKN2","230469_at"
"RTL10","226204_at"
"RTL3","1552935_at"
"RTL5","227823_at"
"RTL6","223228_at"
"RTL8A","217948_at"
"RTL8C","201828_x_at"
"RTL9","232785_at"
"RTN1","203485_at"
"RTN2","34408_at"
"RTN3","219549_s_at"
"RTN4","214629_x_at"
"RTN4IP1","224509_s_at"
"RTN4R","228550_at"
"RTN4RL1","230700_at"
"RTN4RL1-AS1","243975_at"
"RTN4RL2","229345_at"
"RTP1","1553823_a_at"
"RTP3","1552568_at"
"RTP4","219684_at"
"RTP5","1560035_at"
"RTRAF","217768_at"
"RTTN","227072_at"
"RUBCN","212733_at"
"RUBCNL","219471_at"
"RUFY1","218243_at"
"RUFY2","219957_at"
"RUFY3","213939_s_at"
"RUNDC1","226298_at"
"RUNDC3A","213439_x_at"
"RUNDC3A-AS1","1557644_at"
"RUNDC3B","215321_at"
"RUNX1-IT1","220918_at"
"RUNX1T1","228827_at"
"RUNX2","232231_at"
"RUNX3","234928_x_at"
"RUSC1","206949_s_at"
"RUSC1-AS1","230256_at"
"RUSC2","213066_at"
"RUSF1","217891_at"
"RUVBL1","201614_s_at"
"RUVBL2","1559946_s_at"
"RWDD1","219598_s_at"
"RWDD2A","213555_at"
"RWDD2B","218377_s_at"
"RWDD3","205087_at"
"RWDD4","225574_at"
"RXFP1","231804_at"
"RXFP2","1553326_at"
"RXFP3","221066_at"
"RXRA","202449_s_at"
"RXRB","209148_at"
"RXRG","205954_at"
"RXYLT1","204808_s_at"
"RYBP","201844_s_at"
"RYK","202853_s_at"
"RYR1","205485_at"
"RYR2","207557_s_at"
"RYR3","206306_at"
"RYR3-DT","231436_at"
"S100A1","205334_at"
"S100A10","200872_at"
"S100A11","200660_at"
"S100A12","205863_at"
"S100A13","202598_at"
"S100A14","218677_at"
"S100A16","227998_at"
"S100A2","204268_at"
"S100A3","206027_at"
"S100A4","203186_s_at"
"S100A5","207763_at"
"S100A6","217728_at"
"S100A7","205916_at"
"S100A7A","232170_at"
"S100A8","202917_s_at"
"S100A9","203535_at"
"S100B","209686_at"
"S100G","207885_at"
"S100P","204351_at"
"S100PBP","218370_s_at"
"S100Z","1554876_a_at"
"S1PR1","204642_at"
"S1PR1-DT","244422_at"
"S1PR2","227684_at"
"S1PR3","228176_at"
"S1PR4","206437_at"
"S1PR5","230464_at"
"SAA4","207096_at"
"SAAL1","225614_at"
"SAC3D1","205449_at"
"SACK1A","239586_at"
"SACK1B","232202_at"
"SACK1C","1563805_a_at"
"SACK1C-AS1","233962_at"
"SACK1D","225687_at"
"SACK1E","220312_at"
"SACK1F","235269_at"
"SACK1G","228587_at"
"SACK1H","226129_at"
"SACM1L","202797_at"
"SACS","213262_at"
"SACS-AS1","1560941_a_at"
"SAE1","1555618_s_at"
"SAFB","201748_s_at"
"SAFB2","32099_at"
"SAG","206671_at"
"SAGE1","220793_at"
"SALL1","206893_at"
"SALL2","213283_s_at"
"SALL3","230785_at"
"SALL4","229661_at"
"SAMD1","228276_at"
"SAMD10","227773_at"
"SAMD11","1560477_a_at"
"SAMD12","238673_at"
"SAMD13","229402_at"
"SAMD14","213866_at"
"SAMD15","1557680_at"
"SAMD3","236782_at"
"SAMD4A","212845_at"
"SAMD4B","229871_at"
"SAMD5","228653_at"
"SAMD8","225950_at"
"SAMD9","228531_at"
"SAMD9L","226603_at"
"SAMHD1","235529_x_at"
"SAMM50","201570_at"
"SAMMSON","1569544_at"
"SAMSN1","220330_s_at"
"SAMTOR","228149_at"
"SANBR","243539_at"
"SAP130","220367_s_at"
"SAP18","208742_s_at"
"SAP25","37796_at"
"SAP30","204900_x_at"
"SAP30BP","217965_s_at"
"SAP30L","225509_at"
"SAPCD1-AS1","230096_at"
"SAPCD2","225777_at"
"SAR1A","201542_at"
"SAR1B","226742_at"
"SARAF","200847_s_at"
"SARDH","210063_at"
"SARM1","213257_at"
"SARNP","224914_s_at"
"SARS1","200802_at"
"SARS2","218702_at"
"SART1","200051_at"
"SART3","200069_at"
"SASH1","226022_at"
"SASH3","204923_at"
"SASS6","231895_at"
"SAT1","210592_s_at"
"SAT2","225272_at"
"SATB1","203408_s_at"
"SATB2","213435_at"
"SATB2-AS1","1560010_a_at"
"SAV1","218276_s_at"
"SAXO1","231570_at"
"SAXO2","1556158_at"
"SAXO3","242954_at"
"SAXO4","235402_at"
"SAXO5","241862_x_at"
"SAXO6","213761_at"
"SAYSD1","222741_s_at"
"SBF1","39835_at"
"SBF2","226169_at"
"SBF2-AS1","242786_at"
"SBK1","226549_at"
"SBNO1","229528_at"
"SBNO2","204166_at"
"SBSN","235272_at"
"SBSPON","235210_s_at"
"SC5D","211423_s_at"
"SCAF1","225500_x_at"
"SCAF11","206989_s_at"
"SCAF4","222311_s_at"
"SCAF8","203250_at"
"SCAI","228174_at"
"SCAMP1","212416_at"
"SCAMP1-AS1","238039_at"
"SCAMP2","218143_s_at"
"SCAMP3","201771_at"
"SCAMP4","213244_at"
"SCAMP5","212699_at"
"SCAND1","218206_x_at"
"SCAND2P","215670_s_at"
"SCAND3","244758_at"
"SCAP","212329_at"
"SCAPER","209741_x_at"
"SCARA3","219416_at"
"SCARA5","235849_at"
"SCARB1","1552256_a_at"
"SCARB2","224983_at"
"SCARF1","1555021_a_at"
"SCARF2","227557_at"
"SCARNA2","237137_at"
"SCART1","1569212_at"
"SCAT1","241394_at"
"SCCPDH","201825_s_at"
"SCD","200831_s_at"
"SCD5","224901_at"
"SCEL","206884_s_at"
"SCFD1","215548_s_at"
"SCFD2","226923_at"
"SCFD2-AS1","1561314_at"
"SCG2","204035_at"
"SCG3","219196_at"
"SCG5","203889_at"
"SCGB1A1","205725_at"
"SCGB1D1","207910_at"
"SCGB1D2","206799_at"
"SCGB2A1","205979_at"
"SCGB2A2","206378_at"
"SCGB2B2","237748_at"
"SCGB3A1","230378_at"
"SCGB3A2","228782_at"
"SCGN","205697_at"
"SCIN","222272_x_at"
"SCIRT","234234_at"
"SCLT1","236487_at"
"SCLY","221575_at"
"SCMH1","221216_s_at"
"SCMH1-DT","231105_at"
"SCML1","218793_s_at"
"SCML2","206147_x_at"
"SCML4","1569225_a_at"
"SCN10A","208578_at"
"SCN11A","210853_at"
"SCN1A","1555246_a_at"
"SCN1A-AS1","1563031_at"
"SCN1B","205508_at"
"SCN2A","206381_at"
"SCN2B","210364_at"
"SCN3A","210432_s_at"
"SCN3B","204722_at"
"SCN4A","206981_at"
"SCN4B","236359_at"
"SCN5A","207413_s_at"
"SCN7A","228504_at"
"SCN8A","236329_at"
"SCN9A","206950_at"
"SCNN1A","203453_at"
"SCNN1B","205464_at"
"SCNN1D","208458_at"
"SCNN1G","207295_at"
"SCO1","223221_at"
"SCO2","205241_at"
"SCOC","224786_at"
"SCOC-AS1","235869_at"
"SCP2","211733_x_at"
"SCP2D1","231134_at"
"SCP2D1-AS1","237793_at"
"SCPEP1","218217_at"
"SCRG1","205475_at"
"SCRIB","212556_at"
"SCRN1","201462_at"
"SCRN2","228730_s_at"
"SCRN3","222849_s_at"
"SCRT1","228761_at"
"SCT","221198_at"
"SCTR","210382_at"
"SCTR-AS1","1562049_at"
"SCUBE1","233988_x_at"
"SCUBE1-AS1","1562655_at"
"SCUBE2","219197_s_at"
"SCUBE3","230290_at"
"SCYL1","223033_s_at"
"SCYL2","224960_at"
"SCYL3","205607_s_at"
"SDAD1","228408_s_at"
"SDAD1-AS1","1560791_at"
"SDC1","201287_s_at"
"SDC2","212158_at"
"SDC3","202898_at"
"SDC4","202071_at"
"SDCBP","200958_s_at"
"SDCBP2-AS1","236669_at"
"SDCBPP2","1569952_x_at"
"SDCCAG8","243772_at"
"SDE2","244103_at"
"SDF2","203090_at"
"SDF2L1","218681_s_at"
"SDF4","232032_x_at"
"SDHA","201093_x_at"
"SDHAF1","221855_at"
"SDHAF2","223048_at"
"SDHAF3","218981_at"
"SDHAF4","238504_at"
"SDHAP1","222021_x_at"
"SDHB","202675_at"
"SDHC","202004_x_at"
"SDHD","202026_at"
"SDK1","229912_at"
"SDK2","233585_at"
"SDK2-AS1","1560410_at"
"SDR16C5","238017_at"
"SDR39U1","213398_s_at"
"SDR42E1","229522_at"
"SDR9C7","1553077_at"
"SDS","205695_at"
"SDSL","228274_at"
"SEBOX","234256_at"
"SEC11A","201290_at"
"SEC11C","223299_at"
"SEC13","207707_s_at"
"SEC14L1","202084_s_at"
"SEC14L1P1","217667_at"
"SEC14L2","204541_at"
"SEC14L3","240699_at"
"SEC14L4","216402_at"
"SEC14L5","210169_at"
"SEC16A","215696_s_at"
"SEC16B","228150_at"
"SEC1P","237598_at"
"SEC22A","218703_at"
"SEC22B","214257_s_at"
"SEC22C","225460_at"
"SEC23A","212887_at"
"SEC23B","210293_s_at"
"SEC23IP","216392_s_at"
"SEC24A","212900_at"
"SEC24B","202798_at"
"SEC24B-AS1","1569713_at"
"SEC24C","202361_at"
"SEC24D","202375_at"
"SEC31A","200945_s_at"
"SEC31B","209889_at"
"SEC61A1","217716_s_at"
"SEC61A2","219499_at"
"SEC61B","203133_at"
"SEC61G","203484_at"
"SEC61G-DT","240609_at"
"SEC62","208942_s_at"
"SEC63","201916_s_at"
"SECISBP2","224250_s_at"
"SECISBP2L","212451_at"
"SECTM1","213716_s_at"
"SEH1L","221931_s_at"
"SEL1L","202061_s_at"
"SEL1L2","234018_s_at"
"SEL1L3","212314_at"
"SELE","206211_at"
"SELENBP1","214433_s_at"
"SELENOF","200902_at"
"SELENOH","228332_s_at"
"SELENOI","224888_at"
"SELENOK","223070_at"
"SELENOM","226051_at"
"SELENON","224659_at"
"SELENOO","233168_s_at"
"SELENOP","201427_s_at"
"SELENOS","223209_s_at"
"SELENOT","217811_at"
"SELENOW","1555851_s_at"
"SELL","204563_at"
"SELP","206049_at"
"SELPLG","209879_at"
"SEM1","202276_at"
"SEMA3A","206805_at"
"SEMA3B","203071_at"
"SEMA3C","203789_s_at"
"SEMA3D","215324_at"
"SEMA3E","206941_x_at"
"SEMA3F","35666_at"
"SEMA3G","219689_at"
"SEMA4A","219259_at"
"SEMA4B","234725_s_at"
"SEMA4C","46665_at"
"SEMA4D","203528_at"
"SEMA4F","210124_x_at"
"SEMA4G","219194_at"
"SEMA5A","205405_at"
"SEMA5B","223610_at"
"SEMA6A","223449_at"
"SEMA6B","224182_x_at"
"SEMA6C","208100_x_at"
"SEMA6D","226492_at"
"SEMA7A","230345_at"
"SEMG1","206442_at"
"SEMG2","216030_s_at"
"SENCR","239641_at"
"SENP1","226619_at"
"SENP2","222523_at"
"SENP3","203871_at"
"SENP5","213184_at"
"SENP6","202318_s_at"
"SENP7","223444_at"
"SENP8","228398_at"
"SEPHS1","208939_at"
"SEPHS2","200961_at"
"SEPSECS","227982_at"
"SEPSECS-DT","1559479_at"
"SEPT5-GP1BB","209769_s_at"
"SEPTIN1","227552_at"
"SEPTIN10","212698_s_at"
"SEPTIN11","201307_at"
"SEPTIN12","230947_at"
"SEPTIN2","200015_s_at"
"SEPTIN4","210657_s_at"
"SEPTIN6","212415_at"
"SEPTIN7","213151_s_at"
"SEPTIN7-DT","230450_at"
"SEPTIN7P11","214381_at"
"SEPTIN7P13","234759_at"
"SEPTIN7P14","242305_at"
"SEPTIN7P2","1569973_at"
"SEPTIN7P9","1556222_at"
"SEPTIN8","208999_at"
"SEPTIN9","41220_at"
"SERAC1","232183_at"
"SERBP1","217724_at"
"SERF2","224625_x_at"
"SERGEF","232983_s_at"
"SERHL2","217276_x_at"
"SERINC1","208671_at"
"SERINC2","224762_at"
"SERINC3","221471_at"
"SERINC5","212812_at"
"SERP1","200971_s_at"
"SERP2","228044_at"
"SERPINA1","211429_s_at"
"SERPINA10","220626_at"
"SERPINA12","1552544_at"
"SERPINA2","208531_at"
"SERPINA3","202376_at"
"SERPINA4","213874_at"
"SERPINA5","209443_at"
"SERPINA6","206325_at"
"SERPINA7","206386_at"
"SERPINA9","1553499_s_at"
"SERPINB1","213572_s_at"
"SERPINB10","214539_at"
"SERPINB11","1552463_at"
"SERPINB12","1553057_at"
"SERPINB13","216257_at"
"SERPINB2","204614_at"
"SERPINB3","209719_x_at"
"SERPINB4","211906_s_at"
"SERPINB5","204855_at"
"SERPINB6","211474_s_at"
"SERPINB7","206421_s_at"
"SERPINB8","206034_at"
"SERPINB9","242814_at"
"SERPINB9P1","239186_at"
"SERPINC1","210049_at"
"SERPIND1","205576_at"
"SERPINE1","202628_s_at"
"SERPINE2","212190_at"
"SERPINF1","202283_at"
"SERPINF2","205075_at"
"SERPING1","200986_at"
"SERPINH1","207714_s_at"
"SERPINI1","205352_at"
"SERPINI2","207636_at"
"SERTAD1","223394_at"
"SERTAD2","202656_s_at"
"SERTAD2-AS1","241053_at"
"SERTAD3","219382_at"
"SERTAD4","230660_at"
"SERTAD4-AS1","230121_at"
"SERTAD4BP","231186_at"
"SERTM1","241672_at"
"SESN1","218346_s_at"
"SESN2","223195_s_at"
"SESN3","225123_at"
"SESTD1","226763_at"
"SET","200631_s_at"
"SETBP1","205933_at"
"SETBP1-DT","1569785_at"
"SETD1A","213202_at"
"SETD1B","213153_at"
"SETD2","212493_s_at"
"SETD3","212465_at"
"SETD4","213989_x_at"
"SETD5","221806_s_at"
"SETD6","1554555_a_at"
"SETD7","224928_at"
"SETD9","238465_at"
"SETDB1","203155_at"
"SETDB2","235339_at"
"SETMAR","206554_x_at"
"SETX","201964_at"
"SEZ6","243430_at"
"SEZ6L","216047_x_at"
"SEZ6L2","238406_x_at"
"SF1","208313_s_at"
"SF3A1","201356_at"
"SF3A2","209381_x_at"
"SF3A3","203818_s_at"
"SF3B1","201071_x_at"
"SF3B2","200619_at"
"SF3B3","200687_s_at"
"SF3B4","209044_x_at"
"SF3B5","221263_s_at"
"SF3B6","223416_at"
"SFI1","213431_x_at"
"SFMBT1","213370_s_at"
"SFMBT2","227210_at"
"SFN","33322_i_at"
"SFPQ","214016_s_at"
"SFR1","236027_at"
"SFRP1","202037_s_at"
"SFRP2","223122_s_at"
"SFRP4","204051_s_at"
"SFRP5","207468_s_at"
"SFSWAP","202774_s_at"
"SFT2D1","225850_at"
"SFT2D2","225356_at"
"SFT2D3","226639_at"
"SFTA1P","243818_at"
"SFTA2","244056_at"
"SFTA3","228979_at"
"SFTPA2","218835_at"
"SFTPB","213936_x_at"
"SFTPC","38691_s_at"
"SFTPD","214199_at"
"SFXN1","218392_x_at"
"SFXN2","227560_at"
"SFXN3","217226_s_at"
"SFXN4","225143_at"
"SFXN5","226373_at"
"SGCA","210632_s_at"
"SGCB","226112_at"
"SGCD","213543_at"
"SGCE","204688_at"
"SGCG","207302_at"
"SGCZ","1552971_at"
"SGF29","48117_at"
"SGIP1","223672_at"
"SGK1","201739_at"
"SGK2","220357_s_at"
"SGMS1","212989_at"
"SGMS2","227038_at"
"SGO1","1553690_at"
"SGO2","235425_at"
"SGPL1","212322_at"
"SGPP1","223391_at"
"SGPP2","226560_at"
"SGSH","35626_at"
"SGSM1","242921_at"
"SGSM2","36129_at"
"SGSM3","214779_s_at"
"SGTA","201396_s_at"
"SGTB","228745_at"
"SH2B1","209322_s_at"
"SH2B2","205367_at"
"SH2B3","203320_at"
"SH2D1A","211210_x_at"
"SH2D1B","1553177_at"
"SH2D2A","207351_s_at"
"SH2D3A","222169_x_at"
"SH2D3C","226673_at"
"SH2D4A","219749_at"
"SH2D4B","1563849_at"
"SH2D5","230973_at"
"SH2D6","242543_at"
"SH3BGR","204979_s_at"
"SH3BGRL","201312_s_at"
"SH3BGRL2","225354_s_at"
"SH3BGRL3","221269_s_at"
"SH3BP1","213633_at"
"SH3BP2","209370_s_at"
"SH3BP4","222258_s_at"
"SH3BP5","201811_x_at"
"SH3BP5-AS1","227591_at"
"SH3BP5L","223265_at"
"SH3D19","225162_at"
"SH3D21","220193_at"
"SH3GL1","201851_at"
"SH3GL1P1","1566253_at"
"SH3GL1P2","1567030_at"
"SH3GL2","205751_at"
"SH3GL3","205636_at"
"SH3GLB1","210101_x_at"
"SH3GLB2","224432_at"
"SH3KBP1","223082_at"
"SH3PXD2A","224817_at"
"SH3PXD2A-AS1","1557389_at"
"SH3PXD2B","231823_s_at"
"SH3RF1","225589_at"
"SH3RF2","238827_at"
"SH3RF3","228461_at"
"SH3RF3-AS1","233512_at"
"SH3TC1","219256_s_at"
"SH3TC2","219710_at"
"SH3YL1","204019_s_at"
"SHANK1","220563_s_at"
"SHANK2","213308_at"
"SHANK2-AS3","224139_at"
"SHANK3","227923_at"
"SHARPIN","220973_s_at"
"SHB","1557458_s_at"
"SHBG","215689_s_at"
"SHC1","214853_s_at"
"SHC2","213464_at"
"SHC3","222302_at"
"SHC4","235238_at"
"SHCBP1","219493_at"
"SHCBP1L","220996_s_at"
"SHD","227845_s_at"
"SHE","229910_at"
"SHF","228922_at"
"SHFL","218429_s_at"
"SHH","236263_at"
"SHISA2","230493_at"
"SHISA3","229485_x_at"
"SHISA4","226674_at"
"SHISA5","222986_s_at"
"SHISA6","217481_x_at"
"SHISA7","238136_at"
"SHISA8","244467_at"
"SHISA9","243897_at"
"SHISAL1","221901_at"
"SHISAL2A","237033_at"
"SHKBP1","224846_at"
"SHLD1","235064_s_at"
"SHLD2","220547_s_at"
"SHMT1","224954_at"
"SHMT2","214096_s_at"
"SHOC1","233504_at"
"SHOC2","202777_at"
"SHOX","207570_at"
"SHOX2","210134_x_at"
"SHPK","219713_at"
"SHPRH","226366_at"
"SHQ1","219083_at"
"SHROOM1","239435_x_at"
"SHROOM2","204967_at"
"SHROOM3","225548_at"
"SHROOM4","244825_at"
"SHTN1","221802_s_at"
"SI","206664_at"
"SIAE","224391_s_at"
"SIAH1","202981_x_at"
"SIAH2","209339_at"
"SIAH3","1560676_at"
"SIDT1","219734_at"
"SIDT2","56256_at"
"SIGIRR","52940_at"
"SIGLEC1","44673_at"
"SIGLEC10","1552807_a_at"
"SIGLEC11","1552911_at"
"SIGLEC15","215856_at"
"SIGLEC16","1561880_a_at"
"SIGLEC17P","232686_at"
"SIGLEC5","220000_at"
"SIGLEC6","206520_x_at"
"SIGLEC7","216537_s_at"
"SIGLEC8","208253_at"
"SIGLEC9","210569_s_at"
"SIGLECL1","1553887_at"
"SIGMAR1","201692_at"
"SIK2","223430_at"
"SIK3","213034_at"
"SIKE1","228026_at"
"SIL1","218436_at"
"SILC1","1553796_at"
"SIM1","206876_at"
"SIM2","206558_at"
"SIMC1","228805_at"
"SIMC1P1","232309_at"
"SIN3A","225135_at"
"SIN3B","39705_at"
"SINHCAF","220147_s_at"
"SIPA1","204164_at"
"SIPA1L1","202255_s_at"
"SIPA1L2","225056_at"
"SIPA1L3","37831_at"
"SIRAL1","223386_at"
"SIRAL2","226475_at"
"SIRPA","202897_at"
"SIRPB1","217240_at"
"SIRPB2","1559034_at"
"SIRPD","232891_at"
"SIRPG","220485_s_at"
"SIRT1","218878_s_at"
"SIRT2","220605_s_at"
"SIRT3","49327_at"
"SIRT4","222248_s_at"
"SIRT5","219185_at"
"SIRT6","233179_x_at"
"SIRT7","218797_s_at"
"SIT1","205484_at"
"SIVA1","210792_x_at"
"SIX1","230911_at"
"SIX2","206510_at"
"SIX3","206634_at"
"SIX3-AS1","243440_at"
"SIX4","229796_at"
"SIX5","229009_at"
"SIX6","207250_at"
"SKA1","217640_x_at"
"SKA2","225684_at"
"SKA3","227165_at"
"SKAP1","205790_at"
"SKAP1-AS2","1560861_at"
"SKAP2","204362_at"
"SKI","229265_at"
"SKIC2","203727_at"
"SKIC3","203049_s_at"
"SKIC8","221532_s_at"
"SKIDA1","1559266_s_at"
"SKIL","225227_at"
"SKOR1-AS1","1570405_at"
"SKP1","200718_s_at"
"SKP2","203625_x_at"
"SLA","203761_at"
"SLA2","232234_at"
"SLAIN1","225619_at"
"SLAIN2","224845_s_at"
"SLAMF1","239427_at"
"SLAMF6","1552497_a_at"
"SLAMF7","222838_at"
"SLAMF8","219385_at"
"SLAMF9","1553770_a_at"
"SLBP","206052_s_at"
"SLC10A1","207185_at"
"SLC10A2","207095_at"
"SLC10A3","204928_s_at"
"SLC10A4","239913_at"
"SLC10A7","235143_at"
"SLC11A1","230382_at"
"SLC11A2","203124_s_at"
"SLC12A1","1554842_at"
"SLC12A2","225835_at"
"SLC12A2-DT","230685_at"
"SLC12A3","215274_at"
"SLC12A4","209402_s_at"
"SLC12A5","210040_at"
"SLC12A6","226741_at"
"SLC12A7","218066_at"
"SLC12A8","219874_at"
"SLC12A9","220371_s_at"
"SLC13A1","220503_at"
"SLC13A2","207567_at"
"SLC13A3","205244_s_at"
"SLC13A4","219824_at"
"SLC13A5","228844_at"
"SLC14A1","205856_at"
"SLC14A2","208409_at"
"SLC15A1","207254_at"
"SLC15A2","205316_at"
"SLC15A3","219593_at"
"SLC15A4","225043_at"
"SLC16A1","202236_s_at"
"SLC16A1-AS1","1568799_at"
"SLC16A10","222939_s_at"
"SLC16A11","1552761_at"
"SLC16A12-AS1","236639_at"
"SLC16A14","238029_s_at"
"SLC16A2","204462_s_at"
"SLC16A3","217691_x_at"
"SLC16A4","205234_at"
"SLC16A5","213590_at"
"SLC16A6","230748_at"
"SLC16A7","207057_at"
"SLC16A8","220455_at"
"SLC16A9","227506_at"
"SLC17A1","206872_at"
"SLC17A2","207097_s_at"
"SLC17A3","207298_at"
"SLC17A4","207051_at"
"SLC17A5","223441_at"
"SLC17A6","220551_at"
"SLC17A7","204230_s_at"
"SLC17A8","1553415_at"
"SLC17A9","219559_at"
"SLC18A1","207074_s_at"
"SLC18A2","205857_at"
"SLC18A3","207150_at"
"SLC18B1","226301_at"
"SLC19A1","211576_s_at"
"SLC19A2","209681_at"
"SLC19A3","239345_at"
"SLC19A4P","208265_at"
"SLC1A1","213664_at"
"SLC1A2","217055_x_at"
"SLC1A3","202800_at"
"SLC1A4","212811_x_at"
"SLC1A5","208916_at"
"SLC1A6","206882_at"
"SLC1A7","207355_at"
"SLC20A1","230494_at"
"SLC20A1-DT","230452_at"
"SLC20A2","202744_at"
"SLC22A1","207201_s_at"
"SLC22A11","220100_at"
"SLC22A12","237799_at"
"SLC22A13","207444_at"
"SLC22A14","207408_at"
"SLC22A15","228497_at"
"SLC22A16","232232_s_at"
"SLC22A17","218675_at"
"SLC22A2","207429_at"
"SLC22A23","223194_s_at"
"SLC22A24","1553923_at"
"SLC22A25","1561093_at"
"SLC22A3","242578_x_at"
"SLC22A31","232765_x_at"
"SLC22A4","205896_at"
"SLC22A5","205074_at"
"SLC22A6","210343_s_at"
"SLC22A7","1555553_a_at"
"SLC22A8","231352_at"
"SLC22A9","231625_at"
"SLC23A1","223732_at"
"SLC23A2","209236_at"
"SLC23A3","230949_at"
"SLC24A1","206081_at"
"SLC24A2","220867_s_at"
"SLC24A3","219090_at"
"SLC24A3-AS1","1564444_at"
"SLC24A4","1568922_at"
"SLC25A1","210010_s_at"
"SLC25A10","218275_at"
"SLC25A11","207088_s_at"
"SLC25A12","203340_s_at"
"SLC25A13","203775_at"
"SLC25A14","204587_at"
"SLC25A15","218653_at"
"SLC25A16","210686_x_at"
"SLC25A17","211754_s_at"
"SLC25A18","223605_at"
"SLC25A19","223222_at"
"SLC25A2","224166_at"
"SLC25A20","203658_at"
"SLC25A21","220474_at"
"SLC25A21-AS1","230307_at"
"SLC25A22","218725_at"
"SLC25A23","226010_at"
"SLC25A24","204342_at"
"SLC25A25","225212_at"
"SLC25A25-AS1","1560089_at"
"SLC25A26","225862_at"
"SLC25A27","230624_at"
"SLC25A28","223192_at"
"SLC25A29","225306_s_at"
"SLC25A3","200030_s_at"
"SLC25A30","226782_at"
"SLC25A31","221037_s_at"
"SLC25A32","221020_s_at"
"SLC25A33","223296_at"
"SLC25A34","1559977_a_at"
"SLC25A35","228836_at"
"SLC25A36","201919_at"
"SLC25A37","222529_at"
"SLC25A38","217961_at"
"SLC25A39","223649_s_at"
"SLC25A3P1","1560944_at"
"SLC25A4","202825_at"
"SLC25A40","227012_at"
"SLC25A41","1555509_a_at"
"SLC25A42","226737_at"
"SLC25A43","1557411_s_at"
"SLC25A44","32091_at"
"SLC25A45","236436_at"
"SLC25A46","212833_at"
"SLC25A47","237765_at"
"SLC25A48","1554542_at"
"SLC25A48-AS1","1562617_at"
"SLC25A5","200657_at"
"SLC25A5-AS1","239242_at"
"SLC25A51","238574_at"
"SLC25A53","1561660_at"
"SLC25A6","212085_at"
"SLC26A1","220733_at"
"SLC26A10P","214951_at"
"SLC26A11","226679_at"
"SLC26A2","224959_at"
"SLC26A3","206143_at"
"SLC26A4","206529_x_at"
"SLC26A4-AS1","1557107_at"
"SLC26A5-AS1","1557598_at"
"SLC26A6","232551_at"
"SLC26A7","1552827_s_at"
"SLC26A8","237340_at"
"SLC26A9","242271_at"
"SLC27A1","226728_at"
"SLC27A2","205768_s_at"
"SLC27A3","222217_s_at"
"SLC27A4","225779_at"
"SLC27A5","234948_at"
"SLC27A6","219932_at"
"SLC28A1","207560_at"
"SLC28A2","207249_s_at"
"SLC28A3","220475_at"
"SLC29A1","201801_s_at"
"SLC29A2","1553540_a_at"
"SLC29A3","219344_at"
"SLC29A4","227281_at"
"SLC2A1","201250_s_at"
"SLC2A1-DT","1558832_at"
"SLC2A10","221024_s_at"
"SLC2A11","232167_at"
"SLC2A12","244353_s_at"
"SLC2A13","227176_at"
"SLC2A2","206535_at"
"SLC2A3","202497_x_at"
"SLC2A4","206603_at"
"SLC2A4RG","218494_s_at"
"SLC2A5","204429_s_at"
"SLC2A6","220091_at"
"SLC2A8","218985_at"
"SLC2A9","240223_at"
"SLC30A1","212907_at"
"SLC30A10","220435_at"
"SLC30A2","230084_at"
"SLC30A3","207035_at"
"SLC30A4","227193_at"
"SLC30A5","218989_x_at"
"SLC30A6","226161_at"
"SLC30A7","226217_at"
"SLC30A8","239983_at"
"SLC30A9","202614_at"
"SLC31A1","235013_at"
"SLC31A2","204204_at"
"SLC32A1","240532_at"
"SLC33A1","203164_at"
"SLC33A2","227296_at"
"SLC34A1","208177_at"
"SLC34A2","204124_at"
"SLC34A3","1552510_at"
"SLC35A1","203306_s_at"
"SLC35A2","209326_at"
"SLC35A3","206770_s_at"
"SLC35A4","224626_at"
"SLC35A5","218519_at"
"SLC35B1","202433_at"
"SLC35B2","224716_at"
"SLC35B3","222691_at"
"SLC35B4","225881_at"
"SLC35C1","222647_at"
"SLC35D1","209711_at"
"SLC35D2","213083_at"
"SLC35D3","231341_at"
"SLC35D4","244495_x_at"
"SLC35E1","220796_x_at"
"SLC35E2A","215169_at"
"SLC35E3","218988_at"
"SLC35E4","1568623_a_at"
"SLC35F1","228060_at"
"SLC35F2","218826_at"
"SLC35F3","229065_at"
"SLC35F3-AS1","1568655_a_at"
"SLC35F4","240799_at"
"SLC35F5","225872_at"
"SLC35F6","225695_at"
"SLC35G1","231012_at"
"SLC35G2","219569_s_at"
"SLC35G3","1553471_at"
"SLC35H1","225037_at"
"SLC36A1","213119_at"
"SLC36A4","234978_at"
"SLC37A1","218928_s_at"
"SLC37A2","238638_at"
"SLC37A3","223304_at"
"SLC37A4","202830_s_at"
"SLC38A1","224579_at"
"SLC38A10","212890_at"
"SLC38A11","243231_at"
"SLC38A12","220097_s_at"
"SLC38A2","222982_x_at"
"SLC38A2-AS1","1559924_at"
"SLC38A3","205972_at"
"SLC38A4","220786_s_at"
"SLC38A4-AS1","1559817_at"
"SLC38A5","234973_at"
"SLC38A6","214830_at"
"SLC38A7","56821_at"
"SLC38A9","235241_at"
"SLC39A1","217778_at"
"SLC39A10","225295_at"
"SLC39A11","227046_at"
"SLC39A12","1553126_a_at"
"SLC39A13","225277_at"
"SLC39A14","212110_at"
"SLC39A2","220413_at"
"SLC39A3","223917_s_at"
"SLC39A4","219215_s_at"
"SLC39A5","1552281_at"
"SLC39A6","202088_at"
"SLC39A7","202667_s_at"
"SLC39A8","209267_s_at"
"SLC39A9","222445_at"
"SLC3A1","205799_s_at"
"SLC3A2","200924_s_at"
"SLC40A1","223044_at"
"SLC41A1","225570_at"
"SLC41A2","235299_at"
"SLC41A3","224931_at"
"SLC43A1","204394_at"
"SLC43A2","226629_at"
"SLC43A3","213113_s_at"
"SLC44A1","224596_at"
"SLC44A2","225175_s_at"
"SLC44A3","228221_at"
"SLC44A3-AS1","233281_at"
"SLC44A4","205597_at"
"SLC44A5","1569112_at"
"SLC45A1","230458_at"
"SLC45A2","220245_at"
"SLC45A3","228696_at"
"SLC45A4","225597_at"
"SLC46A1","1558703_at"
"SLC46A2","223816_at"
"SLC46A3","214719_at"
"SLC47A1","219525_at"
"SLC47A2","231068_at"
"SLC48A1","48106_at"
"SLC49A3","214269_at"
"SLC49A4","226026_at"
"SLC4A1","205592_at"
"SLC4A10","206830_at"
"SLC4A11","233550_s_at"
"SLC4A1AP","1558201_s_at"
"SLC4A2","202111_at"
"SLC4A3","205918_at"
"SLC4A4","203908_at"
"SLC4A5","221723_s_at"
"SLC4A7","207604_s_at"
"SLC4A8","228175_at"
"SLC4A9","224053_s_at"
"SLC50A1","219125_s_at"
"SLC51A","229230_at"
"SLC51B","230830_at"
"SLC52A1","220756_s_at"
"SLC52A2","218151_x_at"
"SLC52A3","233451_at"
"SLC5A1","206628_at"
"SLC5A10","239707_at"
"SLC5A11","237254_at"
"SLC5A12","1561951_at"
"SLC5A2","207771_at"
"SLC5A3","213164_at"
"SLC5A4","215960_at"
"SLC5A5","211123_at"
"SLC5A6","204087_s_at"
"SLC5A7","220722_s_at"
"SLC5A8","237503_at"
"SLC5A9","232378_at"
"SLC60A1","229254_at"
"SLC60A1-AS1","1557474_at"
"SLC60A2","242851_at"
"SLC61A1","212861_at"
"SLC66A1","220453_at"
"SLC66A1LP","238969_at"
"SLC66A2","218208_at"
"SLC66A3","225579_at"
"SLC67A1","204981_at"
"SLC67A1-AS","206097_at"
"SLC67A2","213393_at"
"SLC68A1","219745_at"
"SLC6A1","205152_at"
"SLC6A11","207048_at"
"SLC6A12","206058_at"
"SLC6A12-AS1","1561607_at"
"SLC6A13","207184_at"
"SLC6A14","219795_at"
"SLC6A15","240419_at"
"SLC6A16","1569940_at"
"SLC6A17","233287_at"
"SLC6A18","238215_at"
"SLC6A19","231021_at"
"SLC6A2","216611_s_at"
"SLC6A20","234291_s_at"
"SLC6A3","206836_at"
"SLC6A4","207519_at"
"SLC6A5","236508_at"
"SLC6A6","228754_at"
"SLC6A7","208494_at"
"SLC6A8","202219_at"
"SLC6A9","207043_s_at"
"SLC71A1","225222_at"
"SLC71A2","223073_at"
"SLC71A3P","224078_at"
"SLC75A1","209215_at"
"SLC7A1","212295_s_at"
"SLC7A10","220868_s_at"
"SLC7A11","209921_at"
"SLC7A11-AS1","1562253_at"
"SLC7A13","238287_at"
"SLC7A14","232904_at"
"SLC7A14-AS1","1562353_x_at"
"SLC7A2","225516_at"
"SLC7A3","230597_at"
"SLC7A4","214406_s_at"
"SLC7A5","201195_s_at"
"SLC7A6","203580_s_at"
"SLC7A6OS","232057_at"
"SLC7A7","204588_s_at"
"SLC7A8","202752_x_at"
"SLC7A9","220135_s_at"
"SLC8A1","235518_at"
"SLC8A1-AS1","244620_at"
"SLC8A2","215267_s_at"
"SLC8A3","1568859_a_at"
"SLC8B1","218749_s_at"
"SLC9A1","209453_at"
"SLC9A2","208039_at"
"SLC9A3","207212_at"
"SLC9A3-AS1","226125_at"
"SLC9A5","220650_s_at"
"SLC9A6","203909_at"
"SLC9A7","226550_at"
"SLC9A8","212947_at"
"SLC9A9","227791_at"
"SLC9B1","1553633_s_at"
"SLC9B2","229491_at"
"SLC9C2","1563495_at"
"SLC9D1","226050_at"
"SLCO1A2","211481_at"
"SLCO1B1","210366_at"
"SLCO1B3","206354_at"
"SLCO1C1","220460_at"
"SLCO2A1","204368_at"
"SLCO2B1","203473_at"
"SLCO3A1","227367_at"
"SLCO4A1","219911_s_at"
"SLCO4A1-AS1","1554332_a_at"
"SLCO4C1","222071_s_at"
"SLCO5A1","230650_at"
"SLCO6A1","1552745_at"
"SLF1","223542_at"
"SLF2","203481_at"
"SLFN11","226743_at"
"SLFN12","219885_at"
"SLFN13","1558217_at"
"SLFN5","238430_x_at"
"SLFNL1","1554074_s_at"
"SLFNL1-AS1","232671_at"
"SLIRP","221434_s_at"
"SLIRP-OT1","1564816_at"
"SLIT1","213601_at"
"SLIT1-AS1","231485_at"
"SLIT2","209897_s_at"
"SLIT2-IT1","241432_at"
"SLIT3","203813_s_at"
"SLIT3-AS1","239974_at"
"SLITRK1","236734_at"
"SLITRK2","233051_at"
"SLITRK3","206732_at"
"SLITRK4","232636_at"
"SLITRK5","214930_at"
"SLITRK6","232481_s_at"
"SLK","206875_s_at"
"SLMAP","225243_s_at"
"SLN","205374_at"
"SLPI","203021_at"
"SLTM","217828_at"
"SLU7","227990_at"
"SLURP1","214536_at"
"SLX4","232147_at"
"SLX4IP","229615_at"
"SLX9","243750_x_at"
"SMAD1","210993_s_at"
"SMAD1-AS2","244446_at"
"SMAD2","203076_s_at"
"SMAD3","218284_at"
"SMAD3-DT","237017_s_at"
"SMAD4","202527_s_at"
"SMAD5","225219_at"
"SMAD5-AS1","220263_at"
"SMAD6","207069_s_at"
"SMAD7","204790_at"
"SMAD9","227719_at"
"SMAGP","209679_s_at"
"SMAP1","218137_s_at"
"SMAP2","225282_at"
"SMARCA1","203874_s_at"
"SMARCA2","206542_s_at"
"SMARCA4","208794_s_at"
"SMARCA5","213251_at"
"SMARCAD1","223197_s_at"
"SMARCAD1-DT","1570268_at"
"SMARCAL1","218452_at"
"SMARCB1","212167_s_at"
"SMARCC1","201074_at"
"SMARCC2","201321_s_at"
"SMARCD1","209518_at"
"SMARCD2","201827_at"
"SMARCD3","204099_at"
"SMARCE1","211988_at"
"SMC1A","201589_at"
"SMC1B","1553249_at"
"SMC2","213253_at"
"SMC3","209259_s_at"
"SMC4","201664_at"
"SMC5","212927_at"
"SMC5-DT","1557693_at"
"SMC6","218781_at"
"SMCHD1","212569_at"
"SMCO1","1559429_a_at"
"SMCO3","237484_at"
"SMCO4","219806_s_at"
"SMCP","206406_at"
"SMCR5","1553020_at"
"SMCR8","227305_s_at"
"SMDT1","225794_s_at"
"SMG1","224842_at"
"SMG5","34868_at"
"SMG6","214940_s_at"
"SMG7","201794_s_at"
"SMG7-AS1","215953_at"
"SMG8","218514_at"
"SMG9","223188_at"
"SMIM1","230840_at"
"SMIM10","227976_at"
"SMIM10L1","221847_at"
"SMIM10L2A","238697_at"
"SMIM12","225404_at"
"SMIM13","227124_at"
"SMIM14","227052_at"
"SMIM14-DT","1561432_at"
"SMIM15","224740_at"
"SMIM17","1557430_at"
"SMIM19","225534_at"
"SMIM2","220931_at"
"SMIM2-AS1","238113_at"
"SMIM20","225014_at"
"SMIM21","1564400_at"
"SMIM22","229599_at"
"SMIM24","231982_at"
"SMIM26","226236_at"
"SMIM29","226306_at"
"SMIM3","223276_at"
"SMIM30","224723_x_at"
"SMIM31","238103_at"
"SMIM32","237450_at"
"SMIM43","230137_at"
"SMIM48","218380_at"
"SMIM5","229740_at"
"SMIM7","224717_s_at"
"SMKR1","235736_at"
"SMLR1","230716_at"
"SMNDC1","200071_at"
"SMO","218629_at"
"SMOC1","222784_at"
"SMOC2","223235_s_at"
"SMOX","210357_s_at"
"SMPD1","209420_s_at"
"SMPD2","205622_at"
"SMPD3","219695_at"
"SMPDL3A","213624_at"
"SMPDL3B","1554050_at"
"SMPX","219772_s_at"
"SMR3A","214566_at"
"SMR3B","207441_at"
"SMS","202043_s_at"
"SMTN","209427_at"
"SMTNL1","230367_at"
"SMTNL2","229730_at"
"SMU1","218393_s_at"
"SMUG1","223684_s_at"
"SMURF1","212666_at"
"SMURF2","205596_s_at"
"SMYD1","243045_at"
"SMYD2","212922_s_at"
"SMYD3","218788_s_at"
"SMYD4","229175_at"
"SMYD5","209516_at"
"SNAI1","219480_at"
"SNAI2","213139_at"
"SNAI3","1560228_at"
"SNAI3-AS1","1568683_at"
"SNAP23","209130_at"
"SNAP25","202508_s_at"
"SNAP29","218327_s_at"
"SNAP47","225244_at"
"SNAP91","204953_at"
"SNAPC1","205443_at"
"SNAPC2","204104_at"
"SNAPC3","210465_s_at"
"SNAPC4","215926_x_at"
"SNAPC5","213203_at"
"SNAPIN","223066_at"
"SNCA","207827_x_at"
"SNCAIP","219511_s_at"
"SNCAIP-AS3","233475_at"
"SNCB","207853_s_at"
"SNCG","209877_at"
"SND1","201622_at"
"SNED1","213488_at"
"SNF8","218391_at"
"SNHG1","224610_at"
"SNHG10","244786_at"
"SNHG11","226149_at"
"SNHG12","223773_s_at"
"SNHG15","225699_at"
"SNHG16","224603_at"
"SNHG17","225857_s_at"
"SNHG18","227655_at"
"SNHG19","228049_x_at"
"SNHG20","221621_at"
"SNHG21","228930_at"
"SNHG27","237771_s_at"
"SNHG28","1556633_at"
"SNHG29","225065_x_at"
"SNHG3","215011_at"
"SNHG30","235207_at"
"SNHG32","220755_s_at"
"SNHG33","236798_at"
"SNHG4","1564906_at"
"SNHG5","225155_at"
"SNHG6","225547_at"
"SNHG7","229050_s_at"
"SNHG8","225220_at"
"SNHG9","228645_at"
"SNIP1","235837_at"
"SNN","218032_at"
"SNORA17B","1558619_at"
"SNORA21","215224_at"
"SNORA37","236130_at"
"SNORA65","1558081_at"
"SNORA68","1566402_at"
"SNORA71A","1565859_at"
"SNORA71B","1568248_x_at"
"SNORA72","228047_at"
"SNORA74A","1567681_at"
"SNORA78","1558954_at"
"SNORC","232299_at"
"SNORD114-3","232355_at"
"SNORD116-20","232976_at"
"SNORD8","1566340_at"
"SNORD89","235536_at"
"SNPH","205104_at"
"SNRK","209481_at"
"SNRK-AS1","237942_at"
"SNRNP200","200058_s_at"
"SNRNP25","218493_at"
"SNRNP27","212440_at"
"SNRNP35","205300_s_at"
"SNRNP40","215905_s_at"
"SNRNP48","226263_at"
"SNRNP70","201221_s_at"
"SNRPA","201770_at"
"SNRPA1","206055_s_at"
"SNRPB","213175_s_at"
"SNRPB2","202505_at"
"SNRPC","201342_at"
"SNRPD1","202690_s_at"
"SNRPD2","200826_at"
"SNRPD3","202567_at"
"SNRPE","203316_s_at"
"SNRPF","203832_at"
"SNRPF-DT","240919_at"
"SNRPG","205644_s_at"
"SNRPN","1560741_at"
"SNTA1","203516_at"
"SNTB1","226438_at"
"SNTB1-AS2","1560449_at"
"SNTB2","226685_at"
"SNTG1","234919_s_at"
"SNTG2","220487_at"
"SNTG2-AS1","241535_at"
"SNTN","239150_at"
"SNU13","201077_s_at"
"SNUPN","207438_s_at"
"SNW1","201575_at"
"SNX1","201716_at"
"SNX10","218404_at"
"SNX11","53912_at"
"SNX12","224684_at"
"SNX13","227031_at"
"SNX14","225101_s_at"
"SNX15","205482_x_at"
"SNX16","229618_at"
"SNX17","200991_s_at"
"SNX18","226683_at"
"SNX19","202358_s_at"
"SNX2","202113_s_at"
"SNX20","1563641_a_at"
"SNX21","1553961_s_at"
"SNX22","230509_at"
"SNX24","222716_s_at"
"SNX25","227408_s_at"
"SNX27","221498_at"
"SNX29","225624_at"
"SNX29P2","214712_at"
"SNX3","210648_x_at"
"SNX30","226249_at"
"SNX31","241987_x_at"
"SNX32","231194_at"
"SNX33","229898_at"
"SNX4","212652_s_at"
"SNX5","229980_s_at"
"SNX6","222410_s_at"
"SNX7","205573_s_at"
"SNX8","228231_at"
"SNX9","223028_s_at"
"SOAT1","228479_at"
"SOAT2","210677_at"
"SOBP","218974_at"
"SOCS1","210001_s_at"
"SOCS2","203373_at"
"SOCS2-AS1","1559315_s_at"
"SOCS3","227697_at"
"SOCS4","226178_at"
"SOCS5","208127_s_at"
"SOCS6","227542_at"
"SOCS7","226572_at"
"SOD1","200642_at"
"SOD1-DT","1562718_at"
"SOD2","1566342_at"
"SOD3","205236_x_at"
"SOFU1","1555757_at"
"SOHLH1","1561403_at"
"SOHLH2","1555401_at"
"SON","214988_s_at"
"SORBS1","207436_x_at"
"SORBS2","204288_s_at"
"SORBS3","209253_at"
"SORCS1","228194_s_at"
"SORCS2","228720_at"
"SORCS3","215522_at"
"SORCS3-AS1","237425_at"
"SORD","201563_at"
"SORL1","203509_at"
"SORT1","224818_at"
"SOS1","227426_at"
"SOS2","212870_at"
"SOST","223869_at"
"SOSTDC1","213456_at"
"SOWAHA","230238_at"
"SOWAHC","227034_at"
"SOX1","230982_at"
"SOX1-OT","240713_s_at"
"SOX10","209843_s_at"
"SOX11","204914_s_at"
"SOX12","228358_at"
"SOX13","209736_at"
"SOX14","208574_at"
"SOX15","217040_x_at"
"SOX17","219993_at"
"SOX18","219568_x_at"
"SOX2","213722_at"
"SOX2-OT","231898_x_at"
"SOX21","208468_at"
"SOX21-AS1","237885_at"
"SOX3","1553802_a_at"
"SOX30","1559235_a_at"
"SOX4","201417_at"
"SOX5","238009_at"
"SOX6","228214_at"
"SOX7","228698_at"
"SOX8","226913_s_at"
"SOX9","202935_s_at"
"SP1","224754_at"
"SP100","202863_at"
"SP110","208012_x_at"
"SP140","207777_s_at"
"SP140L","214791_at"
"SP2","204367_at"
"SP2-AS1","238953_at"
"SP2-DT","235282_at"
"SP3","213168_at"
"SP3P","216403_at"
"SP4","236265_at"
"SP5","235845_at"
"SP6","228975_at"
"SP7","1552340_at"
"SP8","239743_at"
"SPA17","205406_s_at"
"SPAAR","1557371_a_at"
"SPACA1","220982_s_at"
"SPACA3","243621_at"
"SPACA4","231054_at"
"SPACA6","227992_s_at"
"SPACA7","231405_at"
"SPACA9","220050_at"
"SPACDR","229913_at"
"SPAG1","210117_at"
"SPAG11A","210884_s_at"
"SPAG16","219109_at"
"SPAG17","233516_s_at"
"SPAG4","219888_at"
"SPAG5","203145_at"
"SPAG5-AS1","231542_at"
"SPAG6","210032_s_at"
"SPAG7","200053_at"
"SPAG8","206816_s_at"
"SPAG9","225339_at"
"SPAM1","210536_s_at"
"SPANXA2-OT1","1564491_at"
"SPARC","200665_s_at"
"SPARCL1","200795_at"
"SPART","212526_at"
"SPART-AS1","232605_s_at"
"SPAST","209748_at"
"SPATA1","221057_at"
"SPATA12","237807_at"
"SPATA13","225564_at"
"SPATA16","223876_at"
"SPATA17","230763_at"
"SPATA18","230723_at"
"SPATA19","1559138_a_at"
"SPATA2","204434_at"
"SPATA20","218164_at"
"SPATA21","1570242_x_at"
"SPATA22","231114_at"
"SPATA24","1558641_at"
"SPATA25","1553752_at"
"SPATA2L","214965_at"
"SPATA3","240340_at"
"SPATA3-AS1","240590_at"
"SPATA31C2","215320_at"
"SPATA31E1","1563868_a_at"
"SPATA31F1","243270_at"
"SPATA31F2P","241690_at"
"SPATA31F3","237827_at"
"SPATA31G1","230985_at"
"SPATA31H1","224000_at"
"SPATA32","1553803_at"
"SPATA33","230811_at"
"SPATA4","231178_at"
"SPATA41","1559298_a_at"
"SPATA42","231586_at"
"SPATA45","1559390_a_at"
"SPATA46","231163_at"
"SPATA6","242086_at"
"SPATA6L","1554708_s_at"
"SPATA7","219583_s_at"
"SPATA8","231006_at"
"SPATA9","223840_s_at"
"SPATC1","241512_at"
"SPATC1L","223360_at"
"SPATS1","239870_at"
"SPATS2","222593_s_at"
"SPATS2L","222154_s_at"
"SPC24","235572_at"
"SPC25","209891_at"
"SPCS1","217927_at"
"SPCS2","201240_s_at"
"SPCS3","221844_x_at"
"SPDEF","214403_x_at"
"SPDL1","221685_s_at"
"SPDYA","238262_at"
"SPDYE1","232964_at"
"SPDYE2","217610_at"
"SPECC1","228900_at"
"SPECC1L","212480_at"
"SPEF1","216119_s_at"
"SPEF2","1552716_at"
"SPEM1","240878_at"
"SPEM2","240082_s_at"
"SPEN","201996_s_at"
"SPEN-AS1","227593_at"
"SPESP1","229352_at"
"SPG11","203513_at"
"SPG21","217827_s_at"
"SPG7","214494_s_at"
"SPHK1","219257_s_at"
"SPHK2","209857_s_at"
"SPHKAP","228509_at"
"SPI1","205312_at"
"SPIB","205861_at"
"SPIC","1553851_at"
"SPICE1","234995_at"
"SPIDR","228325_at"
"SPIN1","222431_at"
"SPIN2A","207841_at"
"SPIN3","1555883_s_at"
"SPIN4","228654_at"
"SPINDOC","227292_at"
"SPINK1","206239_s_at"
"SPINK13","233340_at"
"SPINK2","206310_at"
"SPINK4","207214_at"
"SPINK5","205185_at"
"SPINK6","1553973_a_at"
"SPINK7","223720_at"
"SPINT1","202826_at"
"SPINT1-AS1","242354_at"
"SPINT2","210715_s_at"
"SPINT3","215503_at"
"SPIRE1","224995_at"
"SPIRE2","227706_at"
"SPMAP1","244316_at"
"SPMAP2","220808_at"
"SPMIP1","236875_at"
"SPMIP10","237428_at"
"SPMIP11","1560619_at"
"SPMIP2","1553838_at"
"SPMIP3","237603_at"
"SPMIP4","229146_at"
"SPMIP5","231609_at"
"SPMIP6","229012_at"
"SPMIP8","240119_at"
"SPMIP9","241430_at"
"SPN","206056_x_at"
"SPNS1","223173_at"
"SPNS2","225671_at"
"SPNS3","235900_at"
"SPO11","222259_s_at"
"SPOCD1","235417_at"
"SPOCK1","202363_at"
"SPOCK2","202524_s_at"
"SPOCK3","206433_s_at"
"SPON1","209436_at"
"SPON2","218638_s_at"
"SPOP","204640_s_at"
"SPOPL","225658_at"
"SPOUT1","222674_at"
"SPP1","209875_s_at"
"SPP2","214478_at"
"SPPL2A","226353_at"
"SPPL2B","225248_at"
"SPPL2C","231253_at"
"SPPL3","224639_at"
"SPR","203458_at"
"SPRED1","235074_at"
"SPRED2","212458_at"
"SPRED3","230046_at"
"SPRING1","234983_at"
"SPRN","238331_at"
"SPRNP1","235715_at"
"SPRR1A","214549_x_at"
"SPRR1B","205064_at"
"SPRR2C","220664_at"
"SPRR2G","236119_s_at"
"SPRR3","218990_s_at"
"SPRR4","1552620_at"
"SPRTN","223511_at"
"SPRY1","212558_at"
"SPRY2","204011_at"
"SPRY3","232157_at"
"SPRY4","221489_s_at"
"SPRY4-IT1","1566968_at"
"SPRYD3","225134_at"
"SPRYD4","225616_at"
"SPRYD7","230151_at"
"SPSB1","226075_at"
"SPSB2","223580_at"
"SPSB3","46256_at"
"SPSB4","229929_at"
"SPTA1","206937_at"
"SPTAN1","208611_s_at"
"SPTB","214145_s_at"
"SPTBN1","212071_s_at"
"SPTBN2","205155_s_at"
"SPTBN4","220185_at"
"SPTBN5","220067_at"
"SPTLC1","202277_at"
"SPTLC2","203127_s_at"
"SPTLC3","227752_at"
"SPTSSA","212460_at"
"SPTSSB","238702_at"
"SPTY2D1","229594_at"
"SPX","221067_s_at"
"SPZ1","224167_at"
"SQLE","209218_at"
"SQOR","217995_at"
"SQSTM1","201471_s_at"
"SRA1","224864_at"
"SRARP","229381_at"
"SRBD1","219055_at"
"SRC","213324_at"
"SRCAP","212275_s_at"
"SRCIN1","236838_at"
"SRD5A1","211056_s_at"
"SRD5A2","206938_at"
"SRD5A3","222750_s_at"
"SRD5A3-AS1","1568615_a_at"
"SREBF1","202308_at"
"SREBF2","201247_at"
"SREK1","212721_at"
"SREK1IP1","1553581_s_at"
"SRF","202401_s_at"
"SRFBP1","241734_at"
"SRGAP1","233888_s_at"
"SRGAP2","1556203_a_at"
"SRGAP2B","228628_at"
"SRGAP3","209794_at"
"SRGAP3-AS2","1559333_at"
"SRGN","201858_s_at"
"SRI","208921_s_at"
"SRL","235718_at"
"SRM","201516_at"
"SRMS","234514_at"
"SRP14","200007_at"
"SRP19","205335_s_at"
"SRP54","203605_at"
"SRP68","224607_s_at"
"SRP72","208801_at"
"SRP9","201273_s_at"
"SRPK1","202200_s_at"
"SRPK2","203181_x_at"
"SRPK3","206216_at"
"SRPRA","200918_s_at"
"SRPRB","218140_x_at"
"SRPX","204955_at"
"SRPX2","205499_at"
"SRR","219205_at"
"SRRD","213608_s_at"
"SRRM1","201225_s_at"
"SRRM2","208610_s_at"
"SRRM2-AS1","1562930_at"
"SRRM3","1569074_at"
"SRRM4","230010_at"
"SRRM5","1565849_a_at"
"SRRT","222047_s_at"
"SRSF1","211784_s_at"
"SRSF10","206095_s_at"
"SRSF11","200686_s_at"
"SRSF12","239295_at"
"SRSF2","200754_x_at"
"SRSF3","208672_s_at"
"SRSF4","201696_at"
"SRSF5","212266_s_at"
"SRSF6","208804_s_at"
"SRSF7","214141_x_at"
"SRSF8","214789_x_at"
"SRSF9","200044_at"
"SRXN1","225252_at"
"SRY","207893_at"
"SS18","202817_s_at"
"SS18L1","213140_s_at"
"SS18L2","218283_at"
"SSB","201139_s_at"
"SSBP1","202591_s_at"
"SSBP2","203787_at"
"SSBP3","222482_at"
"SSBP3-AS1","232469_x_at"
"SSBP4","229269_x_at"
"SSC4D","236529_at"
"SSC5D","230228_at"
"SSH1","221753_at"
"SSH2","226080_at"
"SSH3","51192_at"
"SSMEM1","1553329_at"
"SSNA1","210378_s_at"
"SSPN","226932_at"
"SSPN-AS1","239887_at"
"SSPOP","234349_at"
"SSR1","200891_s_at"
"SSR2","200652_at"
"SSR3","222411_s_at"
"SSR4","201004_at"
"SSR4P1","223768_at"
"SSRP1","200957_s_at"
"SST","213921_at"
"SSTR1","235591_at"
"SSTR2","239031_at"
"SSTR3","214491_at"
"SSTR4","214556_at"
"SSTR5","214555_at"
"SSTR5-AS1","1557146_a_at"
"SSU72","223051_at"
"SSUH2","206741_at"
"SSX1","206626_x_at"
"SSX2B","215885_at"
"SSX2IP","203016_s_at"
"SSX3","211670_x_at"
"SSX5","208528_x_at"
"ST13","207040_s_at"
"ST14","202005_at"
"ST18","1570307_s_at"
"ST18-AS3","237738_at"
"ST20","210242_x_at"
"ST20-AS1","1556588_at"
"ST3GAL1","225033_at"
"ST3GAL2","217650_x_at"
"ST3GAL3","1555181_a_at"
"ST3GAL3-AS1","240490_at"
"ST3GAL4","203759_at"
"ST3GAL5","203217_s_at"
"ST3GAL6","230175_s_at"
"ST6GAL1","201998_at"
"ST6GAL2","228821_at"
"ST6GALNAC1","227725_at"
"ST6GALNAC2","204542_at"
"ST6GALNAC3","235334_at"
"ST6GALNAC4","220937_s_at"
"ST6GALNAC5","220979_s_at"
"ST6GALNAC6","222571_at"
"ST7-AS1","1555912_at"
"ST7-AS2","1564790_at"
"ST7-OT4","1559208_at"
"ST7L","1552739_s_at"
"ST8SIA1","210073_at"
"ST8SIA2","221285_at"
"ST8SIA3","230262_at"
"ST8SIA4","230836_at"
"ST8SIA5","236110_at"
"ST8SIA6-AS1","242350_s_at"
"STAB1","38487_at"
"STAB2","237567_at"
"STAC","205743_at"
"STAC2","228888_at"
"STAC3","230852_at"
"STAG1","202294_at"
"STAG2","209022_at"
"STAG3","219753_at"
"STAG3L4","222801_s_at"
"STAM","203544_s_at"
"STAM-DT","240101_at"
"STAM2","228254_at"
"STAMBP","202811_at"
"STAMBPL1","227607_at"
"STAP1","220059_at"
"STAP2","221610_s_at"
"STAR","204548_at"
"STARD10","232322_x_at"
"STARD13","213103_at"
"STARD13-AS","233159_at"
"STARD3","202991_at"
"STARD3NL","223065_s_at"
"STARD4","226390_at"
"STARD5","213820_s_at"
"STARD6","1553084_at"
"STARD7","200028_s_at"
"STARD7-AS1","235584_at"
"STARD8","206868_at"
"STARD9","227108_at"
"STAT1","200887_s_at"
"STAT2","225636_at"
"STAT3","208991_at"
"STAT4","206118_at"
"STAT5A","203010_at"
"STAT5B","212549_at"
"STAT6","201331_s_at"
"STATH","206835_at"
"STAU1","207320_x_at"
"STAU2","204226_at"
"STAU2-AS1","1561391_at"
"STBD1","1557575_at"
"STC1","204595_s_at"
"STC2","203438_at"
"STEAP1","205542_at"
"STEAP1B","217553_at"
"STEAP2","225871_at"
"STEAP3","218424_s_at"
"STEAP4","225987_at"
"STEEP1","219805_at"
"STEEP1P1","239444_at"
"STH","1555752_at"
"STIL","205339_at"
"STIM1","202764_at"
"STIM2","225246_at"
"STIMATE","213851_at"
"STING1","224929_at"
"STIP1","213330_s_at"
"STK10","203047_at"
"STK11","231017_at"
"STK11IP","225713_at"
"STK16","209622_at"
"STK17A","202693_s_at"
"STK17B","226525_at"
"STK24","208855_s_at"
"STK24-AS1","232839_at"
"STK25","201314_at"
"STK26","218499_at"
"STK3","204068_at"
"STK31","223883_s_at"
"STK32A","229866_at"
"STK32B","219686_at"
"STK32C","230934_at"
"STK33","228035_at"
"STK35","225649_s_at"
"STK36","231806_s_at"
"STK38","202951_at"
"STK38L","212572_at"
"STK39","202786_at"
"STK4","225364_at"
"STK4-DT","236695_at"
"STK40","223852_s_at"
"STKLD1","236805_at"
"STMN1","200783_s_at"
"STMN2","203000_at"
"STMN3","222557_at"
"STMN4","236812_at"
"STMP1","224752_at"
"STN1","219100_at"
"STOM","201061_s_at"
"STOML1","204701_s_at"
"STOML2","215416_s_at"
"STOML3","1553794_at"
"STON1","213413_at"
"STON2","227461_at"
"STOX1","229378_at"
"STOX2","226822_at"
"STPG1","227694_at"
"STPG2","1555096_at"
"STPG3","1566908_at"
"STPG4","1553460_at"
"STRA6","221701_s_at"
"STRADA","52169_at"
"STRADB","223266_at"
"STRAP","200870_at"
"STRBP","223245_at"
"STRC","1561306_s_at"
"STRIP1","225226_at"
"STRIP2","231880_at"
"STRIT1","235617_x_at"
"STRN","227422_at"
"STRN3","204496_at"
"STRN4","217903_at"
"STS","203769_s_at"
"STT3A","202223_at"
"STT3B","224700_at"
"STUB1","227625_s_at"
"STUB1-DT","223911_at"
"STUM","232104_at"
"STX10","212625_at"
"STX11","235670_at"
"STX12","212112_s_at"
"STX16","221500_s_at"
"STX17","222708_s_at"
"STX17-DT","1558688_at"
"STX18","218763_at"
"STX18-AS1","1569330_at"
"STX19","1555173_at"
"STX1A","204729_s_at"
"STX1B","230691_at"
"STX2","213434_at"
"STX3","209238_at"
"STX4","203530_s_at"
"STX5","203330_s_at"
"STX6","212799_at"
"STX7","212631_at"
"STX8","204690_at"
"STXBP1","202260_s_at"
"STXBP2","209367_at"
"STXBP3","203310_at"
"STXBP4","244404_at"
"STXBP5","243904_at"
"STXBP5-AS1","1557891_s_at"
"STXBP5L","215518_at"
"STXBP6","230560_at"
"STYK1","221696_s_at"
"STYX","228853_at"
"STYXL1","218321_x_at"
"STYXL2","232252_at"
"SUB1","212857_x_at"
"SUCLA2","202930_s_at"
"SUCLA2-AS1","1569859_at"
"SUCLG1","217874_at"
"SUCLG2","212459_x_at"
"SUCLG2-DT","1557338_x_at"
"SUCNR1","223939_at"
"SUCO","203429_s_at"
"SUDS3","224974_at"
"SUFU","222749_at"
"SUGCT","219655_at"
"SUGCT-AS1","1569403_at"
"SUGP1","209547_s_at"
"SUGP2","214092_x_at"
"SUGT1","223329_x_at"
"SUGT1P1","1555614_at"
"SUGT1P3","1554143_a_at"
"SULF1","212354_at"
"SULF2","224724_at"
"SULT1A1","215299_x_at"
"SULT1A2","211385_x_at"
"SULT1B1","207601_at"
"SULT1C2","205342_s_at"
"SULT1C4","1553321_a_at"
"SULT1E1","219934_s_at"
"SULT2A1","206292_s_at"
"SULT2B1","205759_s_at"
"SULT4A1","219425_at"
"SUMF1","226850_at"
"SUMF2","225002_s_at"
"SUMO1","211069_s_at"
"SUMO2","213881_x_at"
"SUMO3","200740_s_at"
"SUMO4","215452_x_at"
"SUN1","212074_at"
"SUN2","212144_at"
"SUN3","231618_s_at"
"SUN5","242668_x_at"
"SUOX","204067_at"
"SUPT16H","217815_at"
"SUPT20H","220408_x_at"
"SUPT3H","206506_s_at"
"SUPT4H1","201483_s_at"
"SUPT5H","201480_s_at"
"SUPT6H","208420_x_at"
"SUPT7L","201837_s_at"
"SUPV3L1","212894_at"
"SURF1","204295_at"
"SURF2","205224_at"
"SURF4","222978_at"
"SURF6","225038_s_at"
"SUSD1","226264_at"
"SUSD2","234310_s_at"
"SUSD3","227182_at"
"SUSD4","219389_at"
"SUSD5","214954_at"
"SUSD6","202181_at"
"SUV39H1","218619_s_at"
"SUV39H2","1554572_a_at"
"SUZ12","212287_at"
"SV2A","203069_at"
"SV2B","205551_at"
"SV2C","242530_at"
"SVBP","226723_at"
"SVEP1","213247_at"
"SVIL","202565_s_at"
"SVIL-AS1","228786_at"
"SVIP","230006_s_at"
"SVOP","229818_at"
"SVOPL","1554300_a_at"
"SWAP70","209306_s_at"
"SWI5","226027_at"
"SWINGN","1558847_at"
"SWSAP1","227352_at"
"SWT1","223548_at"
"SYAP1","225154_at"
"SYBU","218692_at"
"SYCE1","1554675_a_at"
"SYCE1L","1559960_x_at"
"SYCE2","237304_at"
"SYCE3","239854_at"
"SYCN","229995_at"
"SYCP1","206740_x_at"
"SYCP2","206546_at"
"SYCP2L","236337_at"
"SYCP3","241861_at"
"SYDE1","44702_at"
"SYDE2","1560101_at"
"SYF2","202553_s_at"
"SYK","207540_s_at"
"SYMPK","1554595_at"
"SYN1","1553264_a_at"
"SYN2","229039_at"
"SYN3","206322_at"
"SYNAGE","239344_at"
"SYNC","221276_s_at"
"SYNCRIP","217833_at"
"SYNDIG1","219310_at"
"SYNDIG1L","237053_at"
"SYNE1","209447_at"
"SYNE2","202761_s_at"
"SYNE3","219563_at"
"SYNE4","235515_at"
"SYNGAP1","230297_x_at"
"SYNGR1","210613_s_at"
"SYNGR2","201079_at"
"SYNGR3","205691_at"
"SYNGR4","206719_at"
"SYNJ1","212990_at"
"SYNJ2","212828_at"
"SYNJ2BP","227274_at"
"SYNM","212730_at"
"SYNPO","202796_at"
"SYNPO2","227662_at"
"SYNPO2L","243313_at"
"SYNPR","230303_at"
"SYNPR-AS1","240184_at"
"SYNRG","221937_at"
"SYP","213200_at"
"SYPL1","201259_s_at"
"SYPL2","230611_at"
"SYS1","224670_at"
"SYT1","203999_at"
"SYT11","209198_s_at"
"SYT12","215865_at"
"SYT13","226086_at"
"SYT14","1553654_at"
"SYT16","239671_at"
"SYT17","205613_at"
"SYT2","214903_at"
"SYT3","223901_at"
"SYT4","223529_at"
"SYT5","206162_x_at"
"SYT6","244227_at"
"SYT7","232025_at"
"SYT8","232802_at"
"SYT9","232445_at"
"SYT9-AS1","238216_at"
"SYTL1","227134_at"
"SYTL2","232914_s_at"
"SYTL3","238423_at"
"SYTL4","229991_s_at"
"SYTL5","242093_at"
"SYVN1","225090_at"
"SZRD1","212004_at"
"SZT2","215364_s_at"
"TAAR1","1553930_at"
"TAAR2","221394_at"
"TAAR3P","221393_at"
"TAAR5","221459_at"
"TAAR8","1553552_at"
"TAAR9","1553066_at"
"TAB1","203901_at"
"TAB2","212184_s_at"
"TAB3","227357_at"
"TAC1","206552_s_at"
"TAC3","219992_at"
"TAC4","1553094_at"
"TACC1","200911_s_at"
"TACC2","202289_s_at"
"TACC3","218308_at"
"TACO1","221069_s_at"
"TACR1","210637_at"
"TACR2","214348_at"
"TACR3","208183_at"
"TACSTD2","202286_s_at"
"TADA1","225455_at"
"TADA2A","209938_at"
"TADA2B","236248_x_at"
"TADA3","215273_s_at"
"TAF1","227205_at"
"TAF10","200055_at"
"TAF11","209358_at"
"TAF12","209463_s_at"
"TAF13","227278_at"
"TAF15","227891_s_at"
"TAF1A","206613_s_at"
"TAF1A-AS1","238491_at"
"TAF1B","216941_s_at"
"TAF1C","203938_s_at"
"TAF1D","221580_s_at"
"TAF2","209523_at"
"TAF3","235119_at"
"TAF4","213090_s_at"
"TAF4B","235020_at"
"TAF5","210053_at"
"TAF5L","213654_at"
"TAF6","203572_s_at"
"TAF6L","213210_at"
"TAF7","201023_at"
"TAF7L","220325_at"
"TAF8","229412_at"
"TAF9B","226037_s_at"
"TAFA1","230923_at"
"TAFA2","241399_at"
"TAFA4","242348_at"
"TAFA5","229655_at"
"TAFAZZIN","37278_at"
"TAGAP","229723_at"
"TAGLN","1555724_s_at"
"TAGLN2","200916_at"
"TAGLN3","204743_at"
"TAL1","1561651_s_at"
"TAL2","231759_at"
"TALAM1","223578_x_at"
"TALDO1","201463_s_at"
"TAMALIN","228263_at"
"TAMALIN-AS1","1570186_at"
"TAMM41","231958_at"
"TANC1","225308_s_at"
"TANC2","224952_at"
"TANGO2","235396_at"
"TANGO6","226467_at"
"TANK","207616_s_at"
"TAOK1","224769_at"
"TAOK2","204878_s_at"
"TAOK3","220761_s_at"
"TAP1","202307_s_at"
"TAP2","225973_at"
"TAPBP","208829_at"
"TAPBPL","218747_s_at"
"TAPT1","227407_at"
"TAPT1-AS1","1553145_at"
"TARBP1","202813_at"
"TARBP2","203677_s_at"
"TARDBP","200020_at"
"TARS1","201263_at"
"TARS2","221189_s_at"
"TARS3","227611_at"
"TAS1R1","1564883_a_at"
"TAS1R2","1553529_at"
"TAS2R1","221324_at"
"TAS2R10","221397_at"
"TAS2R13","221395_at"
"TAS2R14","221391_at"
"TAS2R16","221444_at"
"TAS2R19","1570384_at"
"TAS2R3","221456_at"
"TAS2R38","1553555_at"
"TAS2R39","1553553_at"
"TAS2R4","221392_at"
"TAS2R40","1553556_at"
"TAS2R41","1553558_at"
"TAS2R45","234108_at"
"TAS2R5","231757_at"
"TAS2R50","1553561_at"
"TAS2R7","221396_at"
"TAS2R8","221398_at"
"TAS2R9","221461_at"
"TASL","220252_x_at"
"TASOR","209284_s_at"
"TASOR2","218331_s_at"
"TASP1","219443_at"
"TAT","206916_x_at"
"TATDN1","223231_at"
"TATDN2","203648_at"
"TATDN3","228867_at"
"TAX1BP1","200977_s_at"
"TAX1BP3","1557052_at"
"TBATA","1552887_at"
"TBC1D1","212350_at"
"TBC1D10A","226133_s_at"
"TBC1D10B","220947_s_at"
"TBC1D10C","228258_at"
"TBC1D12","221858_at"
"TBC1D13","44696_at"
"TBC1D14","224622_at"
"TBC1D15","218268_at"
"TBC1D16","222116_s_at"
"TBC1D17","218466_at"
"TBC1D19","220260_at"
"TBC1D2","222173_s_at"
"TBC1D20","226409_at"
"TBC1D21","231475_at"
"TBC1D22A","33778_at"
"TBC1D22A-AS1","1561099_at"
"TBC1D22B","223375_at"
"TBC1D23","225121_at"
"TBC1D24","227908_at"
"TBC1D25","227820_at"
"TBC1D26","240576_at"
"TBC1D27P","233483_at"
"TBC1D29P","208008_at"
"TBC1D2B","212796_s_at"
"TBC1D30","213913_s_at"
"TBC1D31","214061_at"
"TBC1D32","232038_at"
"TBC1D4","203386_at"
"TBC1D5","201813_s_at"
"TBC1D7","223461_at"
"TBC1D8","204526_s_at"
"TBC1D8-AS1","237543_at"
"TBC1D8B","219771_at"
"TBC1D9","212956_at"
"TBC1D9B","212052_s_at"
"TBCA","203667_at"
"TBCB","201804_x_at"
"TBCC","202495_at"
"TBCCD1","206451_at"
"TBCD","211052_s_at"
"TBCE","203714_s_at"
"TBCEL","227395_at"
"TBCK","226126_at"
"TBK1","218520_at"
"TBKBP1","205424_at"
"TBL1X","213400_s_at"
"TBL1XR1","223013_at"
"TBL1Y","211462_s_at"
"TBL2","212685_s_at"
"TBL3","209820_s_at"
"TBP","203135_at"
"TBPL1","208398_s_at"
"TBR1","220025_at"
"TBRG1","226318_at"
"TBRG4","220789_s_at"
"TBX1","236926_at"
"TBX10","222377_at"
"TBX15","230438_at"
"TBX18","233889_at"
"TBX18-AS1","243494_at"
"TBX19","206838_at"
"TBX2","40560_at"
"TBX2-AS1","228978_at"
"TBX20","1564945_at"
"TBX21","220684_at"
"TBX22","224017_at"
"TBX3","225544_at"
"TBX4","220634_at"
"TBX5","211886_s_at"
"TBX5-AS1","233965_at"
"TBX6","207684_at"
"TBXA2R","207555_s_at"
"TBXAS1","208130_s_at"
"TBXT","206524_at"
"TC2N","234970_at"
"TCAF1","212981_s_at"
"TCAF2","239315_at"
"TCAIM","1555906_s_at"
"TCAM1P","233320_at"
"TCAP","205766_at"
"TCEA1","216241_s_at"
"TCEA2","203919_at"
"TCEA3","226388_at"
"TCEAL1","204045_at"
"TCEAL2","211276_at"
"TCEAL3","227279_at"
"TCEAL4","202371_at"
"TCEAL7","227705_at"
"TCEAL8","224819_at"
"TCEAL9","217975_at"
"TCEANC","1553815_a_at"
"TCEANC2","238737_at"
"TCERG1","202396_at"
"TCERG1L","231257_at"
"TCF12","208986_at"
"TCF15","207306_at"
"TCF19","223274_at"
"TCF20","212931_at"
"TCF21","204931_at"
"TCF24","242522_at"
"TCF25","221495_s_at"
"TCF3","210776_x_at"
"TCF4","212386_at"
"TCF4-AS1","237749_at"
"TCF7","205255_x_at"
"TCF7L1","221016_s_at"
"TCF7L2","212761_at"
"TCFL5","204849_at"
"TCHH","213780_at"
"TCHP","223455_at"
"TCIM","218541_s_at"
"TCIRG1","204158_s_at"
"TCL1A","209995_s_at"
"TCL1B","206413_s_at"
"TCL6","239964_at"
"TCN1","205513_at"
"TCN2","204043_at"
"TCOF1","202385_s_at"
"TCP1","208778_s_at"
"TCP10L","230394_at"
"TCP10L3","207503_at"
"TCP11","220378_at"
"TCP11L1","205797_s_at"
"TCP11L2","1569206_at"
"TCTA","203054_s_at"
"TCTN1","218584_at"
"TCTN2","206438_x_at"
"TCTN3","212121_at"
"TDG","203743_s_at"
"TDH","1555151_s_at"
"TDH-AS1","1559870_at"
"TDO2","205943_at"
"TDP1","219715_s_at"
"TDP2","202266_at"
"TDRD1","221018_s_at"
"TDRD10","231371_at"
"TDRD12","215356_at"
"TDRD3","214028_x_at"
"TDRD5","231104_at"
"TDRD6","232692_at"
"TDRD6-AS1","241256_at"
"TDRD7","213361_at"
"TDRD9","228285_at"
"TDRG1","230236_at"
"TDRKH","223530_at"
"TDRKH-AS1","1568853_at"
"TDRP","230903_s_at"
"TEAD1","224955_at"
"TEAD2","243766_s_at"
"TEAD3","209454_s_at"
"TEAD4","204281_at"
"TEC","206301_at"
"TECPR1","227580_s_at"
"TECPR2","204308_s_at"
"TECR","208336_s_at"
"TECRL","241961_at"
"TECTA","236904_x_at"
"TECTB","1553656_at"
"TEDC1","228558_at"
"TEDC2","219556_at"
"TEDC2-AS1","1563637_at"
"TEDDM1","1552940_at"
"TEF","225840_at"
"TEFM","219146_at"
"TEK","206702_at"
"TEKT1","239216_at"
"TEKT2","210323_at"
"TEKT3","223867_at"
"TEKT5","1553488_at"
"TEKTL1","1553893_at"
"TELO2","34260_at"
"TENM1","1553007_a_at"
"TENM2","231867_at"
"TENM3","219523_s_at"
"TENM3-AS1","243688_at"
"TENM4","213273_at"
"TENT2","238706_at"
"TENT4A","202466_at"
"TENT4B","229043_at"
"TENT5A","221766_s_at"
"TENT5B","229518_at"
"TENT5C","226811_at"
"TENT5C-DT","237787_at"
"TENT5D","1552461_at"
"TEP1","228670_at"
"TEPSIN","236737_at"
"TERB1","1553451_at"
"TERB2","240876_x_at"
"TERF1","203449_s_at"
"TERF2","203611_at"
"TERF2IP","201174_s_at"
"TERLR1","1558402_at"
"TERT","207199_at"
"TES","202720_at"
"TESC","218872_at"
"TESHL","1560656_at"
"TESK1","204106_at"
"TESK2","205486_at"
"TESMIN","219786_at"
"TESPA1","222920_s_at"
"TET1","214862_x_at"
"TET2","227624_at"
"TET3","235542_at"
"TEX10","218104_at"
"TEX101","223906_s_at"
"TEX11","233514_x_at"
"TEX12","221438_s_at"
"TEX13A","221429_x_at"
"TEX13B","221034_s_at"
"TEX14","221035_s_at"
"TEX15","221448_s_at"
"TEX19","241367_at"
"TEX2","218099_at"
"TEX22","1558581_at"
"TEX26","243884_at"
"TEX26-AS1","1565763_at"
"TEX261","212083_at"
"TEX264","218548_x_at"
"TEX28","207364_at"
"TEX29","236853_at"
"TEX30","213346_at"
"TEX35","223938_at"
"TEX36","244789_at"
"TEX36-AS1","1556133_s_at"
"TEX38","230969_at"
"TEX41","1562475_at"
"TEX44","238187_at"
"TEX46","231551_at"
"TEX47","231441_at"
"TEX48","231203_at"
"TEX51","237685_at"
"TEX53","242833_at"
"TEX55","1553146_at"
"TEX56P","231642_at"
"TEX9","243198_at"
"TF","214064_at"
"TFAM","203177_x_at"
"TFAP2A","204654_s_at"
"TFAP2A-AS1","1557070_at"
"TFAP2B","215686_x_at"
"TFAP2C","205286_at"
"TFAP2D","233987_at"
"TFAP2E","1555348_at"
"TFAP4","205688_at"
"TFB1M","228075_x_at"
"TFB2M","218605_at"
"TFCP2","209338_at"
"TFCP2L1","227642_at"
"TFDP1","212330_at"
"TFDP2","226157_at"
"TFDP3","207385_at"
"TFE3","212457_at"
"TFEB","221866_at"
"TFEC","206715_at"
"TFF1","205009_at"
"TFF2","214476_at"
"TFF3","204623_at"
"TFG","217839_at"
"TFIP11","202750_s_at"
"TFPI","213258_at"
"TFPI2","209278_s_at"
"TFPT","218996_at"
"TFR2","215863_at"
"TFRC","208691_at"
"TG","203673_at"
"TGDS","208249_s_at"
"TGFA","205016_at"
"TGFB1","203085_s_at"
"TGFB1I1","209651_at"
"TGFB2","220406_at"
"TGFB3","209747_at"
"TGFBI","201506_at"
"TGFBR1","224793_s_at"
"TGFBR2","208944_at"
"TGFBR3","226625_at"
"TGFBRAP1","221235_s_at"
"TGIF1","203313_s_at"
"TGIF2","216262_s_at"
"TGIF2LY","233178_at"
"TGM1","206008_at"
"TGM2","201042_at"
"TGM3","206004_at"
"TGM4","217567_at"
"TGM5","207911_s_at"
"TGM6","233983_at"
"TGM7","237288_at"
"TGOLN2","212043_at"
"TGS1","238346_s_at"
"TH","208291_s_at"
"TH2LCRR","237074_at"
"THADA","54632_at"
"THAP1","219292_at"
"THAP10","219596_at"
"THAP11","212910_at"
"THAP12","209323_at"
"THAP2","230380_at"
"THAP3","213192_at"
"THAP4","224057_s_at"
"THAP5","227636_at"
"THAP6","235218_x_at"
"THAP7","218492_s_at"
"THAP7-AS1","236403_at"
"THAP8","228500_at"
"THAP9","230185_at"
"THAP9-AS1","215009_s_at"
"THBD","203887_s_at"
"THBS1","201108_s_at"
"THBS2","203083_at"
"THBS3","209561_at"
"THBS3-AS1","244489_at"
"THBS4","204776_at"
"THEM4","1553118_at"
"THEM5","1562490_at"
"THEM6","218500_at"
"THEMIS","1558972_s_at"
"THEMIS2","210785_s_at"
"THG1L","219122_s_at"
"THNSL1","222931_s_at"
"THNSL2","219044_at"
"THOC1","204064_at"
"THOC2","222122_s_at"
"THOC5","209418_s_at"
"THOC6","218848_at"
"THOC7","218334_at"
"THOP1","203235_at"
"THORLNC","241234_at"
"THPO","211831_s_at"
"THRA","35846_at"
"THRAP3","222440_s_at"
"THRB","229657_at"
"THRSP","1553583_a_at"
"THSD4","226506_at"
"THSD4-AS1","1562524_at"
"THSD7A","214920_at"
"THSD7B","232327_at"
"THTPA","218540_at"
"THUMPD1","206555_s_at"
"THUMPD2","219248_at"
"THUMPD3","242377_x_at"
"THUMPD3-AS1","1555860_x_at"
"THY1","208851_s_at"
"THYN1","218491_s_at"
"TIA1","201448_at"
"TIAL1","202406_s_at"
"TIAM1","213135_at"
"TIAM1-AS1","1556344_at"
"TIAM2","222942_s_at"
"TICAM1","213191_at"
"TICRR","232475_at"
"TIE1","204468_s_at"
"TIFA","226117_at"
"TIFAB","236673_at"
"TIGAR","219099_at"
"TIGD1","1553099_at"
"TIGD2","229983_at"
"TIGD3","229789_at"
"TIGD4","1552523_a_at"
"TIGD5","229758_at"
"TIGD6","220986_s_at"
"TIGD7","224365_s_at"
"TIGIT","240070_at"
"TIMD4","1552280_at"
"TIMELESS","203046_s_at"
"TIMM10","1555764_s_at"
"TIMM10B","222481_at"
"TIMM13","218188_s_at"
"TIMM17A","215171_s_at"
"TIMM17B","203342_at"
"TIMM21","223180_s_at"
"TIMM22","219184_x_at"
"TIMM23","225535_s_at"
"TIMM29","231901_at"
"TIMM44","203092_at"
"TIMM50","224913_s_at"
"TIMM8A","205217_at"
"TIMM8B","218357_s_at"
"TIMM9","218316_at"
"TIMMDC1","223004_s_at"
"TIMP1","201666_at"
"TIMP2","231579_s_at"
"TIMP3","201150_s_at"
"TIMP4","206243_at"
"TINAG","231154_x_at"
"TINAGL1","219058_x_at"
"TINCR","244374_at"
"TINF2","224809_x_at"
"TIPARP","212665_at"
"TIPARP-AS1","1556829_at"
"TIPIN","219258_at"
"TIPRL","214773_x_at"
"TIRAP","1554091_a_at"
"TJAP1","47608_at"
"TJP1","202011_at"
"TJP2","202085_at"
"TJP3","35148_at"
"TK1","1554408_a_at"
"TK2","204276_at"
"TKFC","218688_at"
"TKT","208700_s_at"
"TKTL1","216370_s_at"
"TKTL2","223829_at"
"TLCD1","227804_at"
"TLCD2","241359_at"
"TLCD3A","218898_at"
"TLCD3B","227781_x_at"
"TLCD4","234980_at"
"TLCD5","230186_at"
"TLDC2","233829_at"
"TLE1","203221_at"
"TLE1-DT","1562895_at"
"TLE2","40837_at"
"TLE3","212770_at"
"TLE4","204872_at"
"TLE5","217729_s_at"
"TLE6","222219_s_at"
"TLK1","202606_s_at"
"TLK2","212997_s_at"
"TLL1","1555071_at"
"TLL2","215843_s_at"
"TLN1","203254_s_at"
"TLN2","212703_at"
"TLNRD1","223264_at"
"TLR1","210176_at"
"TLR10","223751_x_at"
"TLR2","204924_at"
"TLR3","206271_at"
"TLR4","221060_s_at"
"TLR5","210166_at"
"TLR6","239021_at"
"TLR7","222952_s_at"
"TLR8","229560_at"
"TLR8-AS1","1562805_at"
"TLR9","223903_at"
"TLX1","207179_at"
"TLX1NB","1560883_s_at"
"TLX2","211049_at"
"TLX3","208495_at"
"TM2D1","213883_s_at"
"TM2D2","224413_s_at"
"TM2D3","221702_s_at"
"TM4SF1","209386_at"
"TM4SF18","228489_at"
"TM4SF20","220639_at"
"TM4SF4","209937_at"
"TM4SF5","206242_at"
"TM6SF1","219892_at"
"TM6SF2","216736_at"
"TM7SF2","210130_s_at"
"TM7SF3","222477_s_at"
"TM9SF1","209149_s_at"
"TM9SF2","201078_at"
"TM9SF3","222399_s_at"
"TM9SF4","212198_s_at"
"TMA16","218513_at"
"TMA7","221791_s_at"
"TMBIM1","217730_at"
"TMBIM4","222845_x_at"
"TMBIM6","200803_s_at"
"TMC1","1564591_a_at"
"TMC2","1553019_at"
"TMC3-AS1","238247_at"
"TMC4","226403_at"
"TMC5","240304_s_at"
"TMC6","204328_at"
"TMC7","220021_at"
"TMC8","227353_at"
"TMCC1","227112_at"
"TMCC1-DT","1558481_s_at"
"TMCC2","213096_at"
"TMCC2-AS1","243873_at"
"TMCC3","235146_at"
"TMCO1","208716_s_at"
"TMCO1-AS1","240185_at"
"TMCO2","231264_at"
"TMCO4","227007_at"
"TMCO5A","1553637_s_at"
"TMCO5B","243406_at"
"TMCO6","221096_s_at"
"TMED1","203679_at"
"TMED10","212352_s_at"
"TMED2","200087_s_at"
"TMED3","208837_at"
"TMED4","224676_at"
"TMED5","202194_at"
"TMED6","236430_at"
"TMED7","209404_s_at"
"TMED8","225343_at"
"TMED9","208757_at"
"TMEFF2","224321_at"
"TMEM100","219230_at"
"TMEM101","225004_at"
"TMEM102","230633_at"
"TMEM105","1561243_at"
"TMEM106A","234580_at"
"TMEM106B","226529_at"
"TMEM106C","201764_at"
"TMEM107","238590_x_at"
"TMEM108","223524_s_at"
"TMEM108-AS1","1562509_at"
"TMEM109","201361_at"
"TMEM11","203437_at"
"TMEM114","231462_at"
"TMEM115","216267_s_at"
"TMEM116","227172_at"
"TMEM117","223594_at"
"TMEM119","227300_at"
"TMEM120A","223482_at"
"TMEM120B","236667_at"
"TMEM121","219663_s_at"
"TMEM121B","224393_s_at"
"TMEM123","211967_at"
"TMEM123-DT","239241_at"
"TMEM125","225822_at"
"TMEM126A","223334_at"
"TMEM126B","221622_s_at"
"TMEM127","219460_s_at"
"TMEM128","225462_at"
"TMEM129","225588_s_at"
"TMEM130","238426_at"
"TMEM131","212507_at"
"TMEM131L","209760_at"
"TMEM132A","218834_s_at"
"TMEM132B","1563488_at"
"TMEM132C","232313_at"
"TMEM132D","236377_at"
"TMEM132D-AS1","1569454_a_at"
"TMEM132D-AS2","1560810_at"
"TMEM132E","243708_at"
"TMEM134","218531_at"
"TMEM135","222209_s_at"
"TMEM138","223113_at"
"TMEM139","227753_at"
"TMEM140","218999_at"
"TMEM141","225568_at"
"TMEM143","222905_s_at"
"TMEM144","228624_at"
"TMEM145","1553479_at"
"TMEM147","202475_at"
"TMEM147-AS1","222280_at"
"TMEM14A","218477_at"
"TMEM14B","223133_at"
"TMEM14C","223106_at"
"TMEM150A","226239_at"
"TMEM150B","1570225_at"
"TMEM150C","229623_at"
"TMEM151A","235614_at"
"TMEM151B","1564067_x_at"
"TMEM154","238063_at"
"TMEM156","220169_at"
"TMEM158","213338_at"
"TMEM160","219219_at"
"TMEM161A","43977_at"
"TMEM161B","227861_at"
"TMEM161B-DT","235406_x_at"
"TMEM163","223503_at"
"TMEM164","220486_x_at"
"TMEM165","226825_s_at"
"TMEM167A","224702_at"
"TMEM167B","222495_at"
"TMEM168","218962_s_at"
"TMEM169","228981_at"
"TMEM17","1557137_at"
"TMEM170A","227586_at"
"TMEM170B","235798_at"
"TMEM171","1553559_at"
"TMEM174","240114_s_at"
"TMEM175","223462_at"
"TMEM176A","218345_at"
"TMEM176B","220532_s_at"
"TMEM177","237506_at"
"TMEM178A","229302_at"
"TMEM178B","238936_at"
"TMEM179","231216_at"
"TMEM179B","228089_x_at"
"TMEM18","225489_at"
"TMEM181","225127_at"
"TMEM182","238867_at"
"TMEM184A","235817_at"
"TMEM184B","202027_at"
"TMEM184C","219074_at"
"TMEM185A","227880_s_at"
"TMEM185B","219253_at"
"TMEM186","204676_at"
"TMEM187","204340_at"
"TMEM19","226860_at"
"TMEM190","1552594_at"
"TMEM191A","223628_at"
"TMEM192","226589_at"
"TMEM196","1552293_at"
"TMEM198","227890_at"
"TMEM198B","227106_at"
"TMEM200A","234994_at"
"TMEM200B","227386_s_at"
"TMEM200C","229523_at"
"TMEM201","227617_at"
"TMEM203","225052_at"
"TMEM204","219315_s_at"
"TMEM205","225003_at"
"TMEM207","237639_at"
"TMEM208","221597_s_at"
"TMEM209","235158_at"
"TMEM212","217016_x_at"
"TMEM213","240183_at"
"TMEM214","217899_at"
"TMEM216","223305_at"
"TMEM217","237016_at"
"TMEM218","226073_at"
"TMEM219","224981_at"
"TMEM220","229693_at"
"TMEM221","239128_at"
"TMEM222","52078_at"
"TMEM223","220934_s_at"
"TMEM225","244460_at"
"TMEM225B","230277_at"
"TMEM229B","227544_at"
"TMEM230","224584_at"
"TMEM231","64900_at"
"TMEM232","1568698_at"
"TMEM234","223656_s_at"
"TMEM235","1564040_a_at"
"TMEM237","1553956_at"
"TMEM238","229938_at"
"TMEM238L","236001_at"
"TMEM239","1554042_s_at"
"TMEM242","222638_s_at"
"TMEM243","204215_at"
"TMEM245","223006_s_at"
"TMEM248","224688_at"
"TMEM25","226647_at"
"TMEM250","224962_at"
"TMEM252","1553809_a_at"
"TMEM252-DT","1560794_at"
"TMEM254","222545_s_at"
"TMEM254-AS1","232294_at"
"TMEM255A","219895_at"
"TMEM255B","238226_at"
"TMEM256","227063_at"
"TMEM258","218213_s_at"
"TMEM259","225247_at"
"TMEM26","1555025_at"
"TMEM26-AS1","1560517_s_at"
"TMEM260","219757_s_at"
"TMEM263","224759_s_at"
"TMEM265","38766_at"
"TMEM266","1552400_a_at"
"TMEM267","219029_at"
"TMEM268","221865_at"
"TMEM270","238258_at"
"TMEM272","1557465_at"
"TMEM273","228372_at"
"TMEM275","240696_at"
"TMEM277P","1554222_at"
"TMEM31","231569_at"
"TMEM33","225492_at"
"TMEM35A","219685_at"
"TMEM35B","213698_at"
"TMEM37","227190_at"
"TMEM38A","222896_at"
"TMEM38B","222735_at"
"TMEM39A","222690_s_at"
"TMEM39B","218770_s_at"
"TMEM40","219503_s_at"
"TMEM41A","235037_at"
"TMEM41B","212623_at"
"TMEM42","226361_at"
"TMEM43","217795_s_at"
"TMEM44","228054_at"
"TMEM44-AS1","229754_at"
"TMEM45A","219410_at"
"TMEM45B","226226_at"
"TMEM47","209656_s_at"
"TMEM50A","222401_s_at"
"TMEM50B","225182_at"
"TMEM51","218815_s_at"
"TMEM51-AS1","238641_at"
"TMEM52","230467_at"
"TMEM52B","236646_at"
"TMEM53","1554077_a_at"
"TMEM54","225536_at"
"TMEM59","200620_at"
"TMEM59L","219005_at"
"TMEM60","223396_at"
"TMEM61","230822_at"
"TMEM62","218776_s_at"
"TMEM63A","228549_at"
"TMEM63B","225271_at"
"TMEM63C","227733_at"
"TMEM64","225974_at"
"TMEM65","241342_at"
"TMEM67","1563646_a_at"
"TMEM68","227936_at"
"TMEM69","223335_at"
"TMEM70","219449_s_at"
"TMEM71","238429_at"
"TMEM72","1558323_at"
"TMEM72-AS1","1563632_at"
"TMEM74","1555159_at"
"TMEM74B","219958_at"
"TMEM79","223544_at"
"TMEM80","221951_at"
"TMEM86A","227570_at"
"TMEM86B","229736_at"
"TMEM87A","212204_at"
"TMEM87B","225411_at"
"TMEM88","229452_at"
"TMEM8B","229729_at"
"TMEM9","222987_s_at"
"TMEM91","229957_at"
"TMEM92","235245_at"
"TMEM92-AS1","216789_at"
"TMEM94","202650_s_at"
"TMEM95","1560281_a_at"
"TMEM97","212282_at"
"TMEM98","223170_at"
"TMEM9B","218065_s_at"
"TMF1","214948_s_at"
"TMIE","1553600_at"
"TMIGD2","244716_x_at"
"TMLHE","222744_s_at"
"TMOD1","203662_s_at"
"TMOD2","226186_at"
"TMOD3","223077_at"
"TMPO","224944_at"
"TMPO-AS1","227578_at"
"TMPRSS11B","1560712_at"
"TMPRSS11D","207602_at"
"TMPRSS11E","220431_at"
"TMPRSS12","1569176_at"
"TMPRSS13","223956_at"
"TMPRSS15","217269_s_at"
"TMPRSS2","226553_at"
"TMPRSS3","223948_s_at"
"TMPRSS4","218960_at"
"TMPRSS5","221032_s_at"
"TMPRSS6","214955_at"
"TMSB10","217733_s_at"
"TMSB15A","205347_s_at"
"TMSB15B","214051_at"
"TMSB15B-AS1","1564691_at"
"TMSB4X","216438_s_at"
"TMSB4Y","206769_at"
"TMT1A","207761_s_at"
"TMT1B","227055_at"
"TMTC1","226322_at"
"TMTC2","235775_at"
"TMTC3","226600_at"
"TMTC4","225666_at"
"TMUB1","223153_x_at"
"TMUB2","218419_s_at"
"TMX1","209476_at"
"TMX2","201175_at"
"TMX3","225302_at"
"TMX4","201581_at"
"TMX4-AS1","1562693_at"
"TNC","201645_at"
"TNF","207113_s_at"
"TNFAIP1","201207_at"
"TNFAIP2","202510_s_at"
"TNFAIP3","202644_s_at"
"TNFAIP6","206026_s_at"
"TNFAIP8","210260_s_at"
"TNFAIP8L1","207730_x_at"
"TNFAIP8L2","223583_at"
"TNFAIP8L3","234279_at"
"TNFRSF10A","231775_at"
"TNFRSF10A-DT","244886_at"
"TNFRSF10B","209295_at"
"TNFRSF10B-AS1","234141_s_at"
"TNFRSF10C","234644_x_at"
"TNFRSF10D","227345_at"
"TNFRSF11A","238846_at"
"TNFRSF11B","204933_s_at"
"TNFRSF12A","218368_s_at"
"TNFRSF13B","207641_at"
"TNFRSF13C","243467_at"
"TNFRSF14","209354_at"
"TNFRSF14-AS1","232190_x_at"
"TNFRSF17","206641_at"
"TNFRSF18","223851_s_at"
"TNFRSF19","227812_at"
"TNFRSF1A","207643_s_at"
"TNFRSF1B","203508_at"
"TNFRSF21","218856_at"
"TNFRSF25","216042_at"
"TNFRSF4","214228_x_at"
"TNFRSF8","206729_at"
"TNFRSF9","207536_s_at"
"TNFSF10","202688_at"
"TNFSF11","210643_at"
"TNFSF12","205611_at"
"TNFSF13","210314_x_at"
"TNFSF13B","223502_s_at"
"TNFSF14","207907_at"
"TNFSF15","229242_at"
"TNFSF18","221371_at"
"TNFSF4","207426_s_at"
"TNFSF8","235735_at"
"TNFSF9","206907_at"
"TNIK","211828_s_at"
"TNIP1","207196_s_at"
"TNIP2","218335_x_at"
"TNIP3","220655_at"
"TNK1","205793_x_at"
"TNK2","203839_s_at"
"TNK2-AS1","1565784_at"
"TNKS","202561_at"
"TNKS1BP1","224792_at"
"TNKS2","218228_s_at"
"TNMD","220065_at"
"TNN","215271_at"
"TNNC1","209904_at"
"TNNC2","205388_at"
"TNNI1","205177_at"
"TNNI2","206393_at"
"TNNI3","205742_at"
"TNNI3K","241858_at"
"TNNT1","213201_s_at"
"TNNT2","1563655_at"
"TNNT3","1569986_x_at"
"TNP1","206568_at"
"TNP2","207736_s_at"
"TNPO1","221829_s_at"
"TNPO2","221506_s_at"
"TNPO3","212318_at"
"TNR","213841_at"
"TNRC18","226691_at"
"TNRC6A","224705_s_at"
"TNRC6B","1558142_at"
"TNRC6B-DT","1558765_a_at"
"TNRC6C","222820_at"
"TNS1","221748_s_at"
"TNS2","212494_at"
"TNS2-AS1","243285_at"
"TNS3","217853_at"
"TNS4","222265_at"
"TNXB","208609_s_at"
"TOB1","202704_at"
"TOB1-AS1","241405_at"
"TOB2","222243_s_at"
"TOE1","204080_at"
"TOGARAM1","213304_at"
"TOGARAM2","236717_at"
"TOLLIP","217930_s_at"
"TOLLIP-DT","1555865_at"
"TOM1","202807_s_at"
"TOM1L1","204485_s_at"
"TOM1L2","214840_at"
"TOMM20","200662_s_at"
"TOMM22","222474_s_at"
"TOMM34","201870_at"
"TOMM40","202264_s_at"
"TOMM40L","226059_at"
"TOMM5","225036_at"
"TOMM70","201519_at"
"TONSL","1558329_at"
"TONSL-AS1","240617_at"
"TOP1","208901_s_at"
"TOP1MT","225802_at"
"TOP1P2","1566832_at"
"TOP2A","201292_at"
"TOP2B","211987_at"
"TOP3A","204946_s_at"
"TOP3B","213660_s_at"
"TOP6BL","204922_at"
"TOPBP1","202633_at"
"TOPORS","204071_s_at"
"TOR1A","202348_s_at"
"TOR1AIP1","212408_at"
"TOR1AIP2","225880_at"
"TOR1B","209593_s_at"
"TOR2A","227972_at"
"TOR3A","218459_at"
"TOR4A","219620_x_at"
"TOX","204529_s_at"
"TOX-DT","235171_at"
"TOX2","228737_at"
"TOX3","214774_x_at"
"TOX4","201684_s_at"
"TP53","201746_at"
"TP53AIP1","223919_at"
"TP53BP1","203050_at"
"TP53BP2","203120_at"
"TP53I11","203421_at"
"TP53I13","225605_at"
"TP53I3","210609_s_at"
"TP53INP1","225912_at"
"TP53INP2","224836_at"
"TP53RK","235192_at"
"TP53TG1","210886_x_at"
"TP53TG3HP","237730_at"
"TP53TG5","207482_at"
"TP63","211195_s_at"
"TP73","1554379_a_at"
"TPBG","203476_at"
"TPBGL","237393_at"
"TPCN1","217914_at"
"TPCN2","235194_at"
"TPD52","201690_s_at"
"TPD52L1","203786_s_at"
"TPD52L2","201379_s_at"
"TPD52L3","231554_at"
"TPGS1","227903_x_at"
"TPGS2","212055_at"
"TPH1","231626_at"
"TPH2","1555332_at"
"TPI1","213011_s_at"
"TPK1","221218_s_at"
"TPM1","210986_s_at"
"TPM2","204083_s_at"
"TPM3","222976_s_at"
"TPM3P4","234620_at"
"TPM4","235094_at"
"TPMT","203672_x_at"
"TPO","210342_s_at"
"TPP1","200743_s_at"
"TPP2","203374_s_at"
"TPPP","206179_s_at"
"TPPP2","231140_at"
"TPPP3","218876_at"
"TPR","201730_s_at"
"TPRA1","218855_at"
"TPRG1","229764_at"
"TPRG1L","224871_at"
"TPRKB","219030_at"
"TPRN","225891_at"
"TPRXL","239061_at"
"TPSAB1","207741_x_at"
"TPSD1","214568_at"
"TPSG1","220339_s_at"
"TPST1","204140_at"
"TPST2","204079_at"
"TPT1","212869_x_at"
"TPT1-AS1","227710_s_at"
"TPT1P8","208588_at"
"TPTE","220205_at"
"TPTE2P1","1562583_s_at"
"TPTE2P2","1556876_s_at"
"TPTE2P5","236770_at"
"TPTE2P6","233675_s_at"
"TPTEP1","233469_at"
"TPX2","210052_s_at"
"TRA2A","213593_s_at"
"TRA2B","200893_at"
"TRABD","232706_s_at"
"TRABD2A","227867_at"
"TRABD2B","241707_at"
"TRAC","209671_x_at"
"TRADD","205641_s_at"
"TRAF1","205599_at"
"TRAF2","204413_at"
"TRAF3","221571_at"
"TRAF3IP1","238494_at"
"TRAF3IP2","215411_s_at"
"TRAF3IP2-AS1","243553_x_at"
"TRAF3IP3","205804_s_at"
"TRAF4","202871_at"
"TRAF5","204352_at"
"TRAF6","205558_at"
"TRAF7","223029_s_at"
"TRAFD1","35254_at"
"TRAIP","205598_at"
"TRAK1","214924_s_at"
"TRAK2","202124_s_at"
"TRAM1","201398_s_at"
"TRAM1L1","244334_at"
"TRAM2","202369_s_at"
"TRAM2-AS1","227298_at"
"TRANK1","213261_at"
"TRAP1","201391_at"
"TRAPPC1","225294_s_at"
"TRAPPC10","215269_at"
"TRAPPC11","233558_s_at"
"TRAPPC12","203122_at"
"TRAPPC13","218674_at"
"TRAPPC14","220659_s_at"
"TRAPPC2","219351_at"
"TRAPPC2L","218354_at"
"TRAPPC3","203511_s_at"
"TRAPPC3L","232368_at"
"TRAPPC4","217958_at"
"TRAPPC5","225870_s_at"
"TRAPPC6A","204985_s_at"
"TRAPPC6B","225537_at"
"TRAPPC8","207305_s_at"
"TRAPPC9","56829_at"
"TRARG1","239523_at"
"TRAT1","217147_s_at"
"TRAV10","217397_at"
"TRAV12-1","234013_at"
"TRAV12-2","234427_at"
"TRAV12-3","234849_at"
"TRAV13-1","217394_at"
"TRAV13-2","215796_at"
"TRAV16","215769_at"
"TRAV20","234860_at"
"TRAV21","216133_at"
"TRAV22","234852_at"
"TRAV23DV6","224533_s_at"
"TRAV24","234398_at"
"TRAV25","234396_at"
"TRAV26-2","234819_at"
"TRAV30","234388_at"
"TRAV34","234399_at"
"TRAV39","234867_at"
"TRAV40","234401_at"
"TRAV5","234402_at"
"TRAV8-1","234842_at"
"TRAV8-6","217170_at"
"TRAV9-2","217412_at"
"TRBV10-2","211608_at"
"TRBV16","217060_at"
"TRBV21-1","216857_at"
"TRBV24-1","234886_at"
"TRBV25-1","234865_at"
"TRBV27","241133_at"
"TRBV7-3","234883_x_at"
"TRBV7-8","234377_at"
"TRDC","217143_s_at"
"TRDMT1","206308_at"
"TRDN","222919_at"
"TRDN-AS1","1560164_at"
"TRDV3","216191_s_at"
"TREH","207378_at"
"TREM1","219434_at"
"TREM2","219725_at"
"TREML1","1555659_a_at"
"TREML2","219748_at"
"TREML3P","1557446_x_at"
"TREML4","1564052_at"
"TREML5P","1567624_at"
"TRERF1","238520_at"
"TREX1","34689_at"
"TREX2","211788_s_at"
"TRG-AS1","239237_at"
"TRGV5","217381_s_at"
"TRGV7","215345_x_at"
"TRH","206622_at"
"TRHDE","219937_at"
"TRHDE-AS1","1560697_at"
"TRHR","211438_at"
"TRIAP1","218403_at"
"TRIB1","202241_at"
"TRIB2","202478_at"
"TRIB3","218145_at"
"TRIDDENT","1569577_x_at"
"TRIL","205151_s_at"
"TRIM10","221627_at"
"TRIM11","226566_at"
"TRIM13","229943_at"
"TRIM14","203148_s_at"
"TRIM15","210177_at"
"TRIM16","204341_at"
"TRIM16L","1559682_at"
"TRIM17","220279_at"
"TRIM2","202341_s_at"
"TRIM21","204804_at"
"TRIM22","213293_s_at"
"TRIM23","204732_s_at"
"TRIM24","213301_x_at"
"TRIM25","224806_at"
"TRIM26","202702_at"
"TRIM27","212118_at"
"TRIM28","200990_at"
"TRIM29","202504_at"
"TRIM3","213885_at"
"TRIM31","215444_s_at"
"TRIM32","203846_at"
"TRIM33","210266_s_at"
"TRIM35","227102_at"
"TRIM36","1565812_at"
"TRIM37","213009_s_at"
"TRIM38","203568_s_at"
"TRIM4","223384_s_at"
"TRIM40","1553079_at"
"TRIM41","226445_s_at"
"TRIM42","1566851_at"
"TRIM44","217759_at"
"TRIM45","219923_at"
"TRIM46","238147_at"
"TRIM47","225868_at"
"TRIM48","220534_at"
"TRIM5","210705_s_at"
"TRIM50","1556554_at"
"TRIM51","223975_at"
"TRIM52","221897_at"
"TRIM52-AS1","228664_at"
"TRIM54","233669_s_at"
"TRIM55","232721_at"
"TRIM56","231876_at"
"TRIM58","241881_at"
"TRIM59","235476_at"
"TRIM6","223599_at"
"TRIM61","240342_at"
"TRIM62","58308_at"
"TRIM63","236972_at"
"TRIM64EP","1561997_at"
"TRIM65","235081_x_at"
"TRIM66","213748_at"
"TRIM67-AS1","1552942_at"
"TRIM68","219405_at"
"TRIM69","232792_at"
"TRIM7","223694_at"
"TRIM71","231310_at"
"TRIM72","1554803_s_at"
"TRIM73","1554250_s_at"
"TRIM8","221012_s_at"
"TRIM9","209859_at"
"TRIML1","1557677_a_at"
"TRIML2","1552580_at"
"TRIO","209011_at"
"TRIOBP","216210_x_at"
"TRIP10","202734_at"
"TRIP11","236160_at"
"TRIP12","201546_at"
"TRIP13","204033_at"
"TRIP4","203732_at"
"TRIP6","209129_at"
"TRIQK","225600_at"
"TRIR","223003_at"
"TRIT1","218617_at"
"TRMO","47530_at"
"TRMT1","203701_s_at"
"TRMT10A","230243_at"
"TRMT10B","240166_x_at"
"TRMT10C","223267_at"
"TRMT11","218877_s_at"
"TRMT112","217774_s_at"
"TRMT13","219130_at"
"TRMT1L","220992_s_at"
"TRMT2A","218475_at"
"TRMT2B","205238_at"
"TRMT44","1554192_s_at"
"TRMT5","221952_x_at"
"TRMT6","222768_s_at"
"TRMT61A","221907_at"
"TRMT61B","221229_s_at"
"TRMT9B","239297_at"
"TRMU","213634_s_at"
"TRNAU1AP","228997_at"
"TRNP1","227862_at"
"TRNT1","222754_at"
"TRO","211700_s_at"
"TROAP","204649_at"
"TRPA1","208349_at"
"TRPC1","205802_at"
"TRPC2","215288_at"
"TRPC3","206425_s_at"
"TRPC4","224220_x_at"
"TRPC4AP","212059_s_at"
"TRPC5","220552_at"
"TRPC5OS","231138_at"
"TRPC6","217287_s_at"
"TRPC7","208589_at"
"TRPM1","237069_s_at"
"TRPM1-AS1","243741_at"
"TRPM2","205708_s_at"
"TRPM2-AS","1564242_at"
"TRPM3","233022_at"
"TRPM4","219360_s_at"
"TRPM5","223935_at"
"TRPM6","234864_s_at"
"TRPM7","223324_s_at"
"TRPM8","220226_at"
"TRPS1","222651_s_at"
"TRPT1","223436_s_at"
"TRPV1","219632_s_at"
"TRPV2","219282_s_at"
"TRPV3","1552586_at"
"TRPV4","219516_at"
"TRPV5","208267_at"
"TRPV6","206827_s_at"
"TRRAP","202642_s_at"
"TRUB1","226339_at"
"TRUB2","223109_at"
"TSACC","230608_at"
"TSBP1","207523_at"
"TSC1","209390_at"
"TSC2","215735_s_at"
"TSC22D1","215111_s_at"
"TSC22D1-AS1","229990_at"
"TSC22D2","204094_s_at"
"TSC22D3","208763_s_at"
"TSC22D4","208104_s_at"
"TSEN15","225399_at"
"TSEN2","219581_at"
"TSEN34","218132_s_at"
"TSEN54","225879_at"
"TSFM","212656_at"
"TSG101","201758_at"
"TSGA10","220623_s_at"
"TSGA10IP","1553483_at"
"TSGA13","1553641_a_at"
"TSHB","214529_at"
"TSHR","210055_at"
"TSHR-AS1","237349_at"
"TSHZ1","223283_s_at"
"TSHZ2","235616_at"
"TSHZ3","223393_s_at"
"TSIX","231592_at"
"TSKS","220544_at"
"TSKU","218245_at"
"TSKU-AS1","1557147_a_at"
"TSLP","235737_at"
"TSN","201515_s_at"
"TSNARE1","231317_at"
"TSNAX","203983_at"
"TSNAXIP1","222220_s_at"
"TSPAN1","209114_at"
"TSPAN10","223795_at"
"TSPAN11","227610_at"
"TSPAN12","219274_at"
"TSPAN13","217979_at"
"TSPAN14","221002_s_at"
"TSPAN15","218693_at"
"TSPAN16","233236_at"
"TSPAN16-AS1","233217_at"
"TSPAN17","225235_at"
"TSPAN18","227307_at"
"TSPAN2","227236_at"
"TSPAN3","200972_at"
"TSPAN31","203227_s_at"
"TSPAN32","220558_x_at"
"TSPAN33","225775_at"
"TSPAN4","209263_x_at"
"TSPAN5","209890_at"
"TSPAN6","209109_s_at"
"TSPAN7","202242_at"
"TSPAN8","203824_at"
"TSPAN9","220968_s_at"
"TSPEAR","1555049_at"
"TSPEAR-AS2","1554953_a_at"
"TSPO","202096_s_at"
"TSPO2","215449_at"
"TSPOAP1","205839_s_at"
"TSPOAP1-AS1","228828_at"
"TSPY1","217162_at"
"TSPY26P","233617_at"
"TSPYL1","221493_at"
"TSPYL2","218012_at"
"TSPYL4","212928_at"
"TSPYL5","213122_at"
"TSPYL6","231339_at"
"TSR1","218155_x_at"
"TSR2","213079_at"
"TSR3","213105_s_at"
"TSSC4","218612_s_at"
"TSSK1B","211694_at"
"TSSK2","214371_at"
"TSSK3","1552395_at"
"TSSK4","242595_at"
"TSSK6","239524_at"
"TST","209605_at"
"TSTD1","226482_s_at"
"TSTD2","1555430_at"
"TTBK1","230191_at"
"TTBK2","1557073_s_at"
"TTC1","201434_at"
"TTC12","219587_at"
"TTC13","219481_at"
"TTC14","225180_at"
"TTC16","236833_at"
"TTC17","224849_at"
"TTC19","217964_at"
"TTC21A","230997_at"
"TTC21B","220064_at"
"TTC22","235651_at"
"TTC23","219838_at"
"TTC23L","1557003_at"
"TTC27","218710_at"
"TTC28","215146_s_at"
"TTC28-AS1","1555871_at"
"TTC29","223962_at"
"TTC3","208662_s_at"
"TTC31","218838_s_at"
"TTC32","226838_at"
"TTC33","219421_at"
"TTC34","1565728_at"
"TTC36","237350_at"
"TTC38","218272_at"
"TTC39A","210652_s_at"
"TTC39B","232000_at"
"TTC39C","238480_at"
"TTC4","218442_at"
"TTC41P","1570212_a_at"
"TTC5","226557_at"
"TTC6","1556665_at"
"TTC7A","224923_at"
"TTC7B","226152_at"
"TTC7B-AS1","1568722_at"
"TTC7B-AS2","1556374_s_at"
"TTC8","226120_at"
"TTC9","213174_at"
"TTC9B","235375_x_at"
"TTC9C","226175_at"
"TTF1","204771_s_at"
"TTF2","204407_at"
"TTI1","212898_at"
"TTI2","219124_at"
"TTK","204822_at"
"TTL","224896_s_at"
"TTLL1","205652_s_at"
"TTLL1-AS1","1570085_at"
"TTLL10","1552419_s_at"
"TTLL11","228172_at"
"TTLL12","1552257_a_at"
"TTLL13","1568843_at"
"TTLL2","223998_at"
"TTLL3","1555475_x_at"
"TTLL4","203702_s_at"
"TTLL5","214672_at"
"TTLL6","230924_at"
"TTLL7","219882_at"
"TTLL7-IT1","1561682_at"
"TTLL9","232357_at"
"TTN","208195_at"
"TTPA","210614_at"
"TTPAL","228031_at"
"TTR","209660_at"
"TTTY10","224293_at"
"TTTY11","224174_at"
"TTTY12","224195_at"
"TTTY13","224292_at"
"TTTY14","224003_at"
"TTTY15","214983_at"
"TTTY5","224040_at"
"TTTY7","1561185_at"
"TTYH1","219415_at"
"TTYH2","223741_s_at"
"TTYH3","224674_at"
"TUB","210737_at"
"TUBA1A","209118_s_at"
"TUBA1B","201090_x_at"
"TUBA1C","211750_x_at"
"TUBA3C","210527_x_at"
"TUBA3C-DT","234473_at"
"TUBA3D","216323_x_at"
"TUBA3FP","1552698_at"
"TUBA4A","212242_at"
"TUBA4B","207490_at"
"TUBA8","220069_at"
"TUBAL3","220310_at"
"TUBB","211714_x_at"
"TUBB1","208601_s_at"
"TUBB2A","204141_at"
"TUBB2B","214023_x_at"
"TUBB3","213476_x_at"
"TUBB4A","212664_at"
"TUBB4B","213726_x_at"
"TUBB6","209191_at"
"TUBB7P","211915_s_at"
"TUBBP5","222361_at"
"TUBD1","210389_x_at"
"TUBE1","226181_at"
"TUBG1","201714_at"
"TUBG2","203894_at"
"TUBGCP2","202477_s_at"
"TUBGCP3","203690_at"
"TUBGCP4","227907_at"
"TUBGCP5","227967_at"
"TUBGCP6","225758_s_at"
"TUFM","201113_at"
"TUFT1","205807_s_at"
"TUG1","222244_s_at"
"TULP1","206705_at"
"TULP2","206733_at"
"TULP3","205854_at"
"TULP4","239742_at"
"TUNAR","232111_at"
"TUSC1","227388_at"
"TUSC2","203272_s_at"
"TUSC3","213423_x_at"
"TUSC7","1558602_a_at"
"TUSC8","1569436_at"
"TUT1","218965_s_at"
"TUT4","212704_at"
"TUT7","220933_s_at"
"TVP23A","1563638_at"
"TVP23B","218446_s_at"
"TVP23C","1552377_s_at"
"TWF1","201745_at"
"TWF2","202009_at"
"TWF2-DT","1559220_at"
"TWIST1","213943_at"
"TWIST2","229404_at"
"TWNK","218590_at"
"TWSG1","225406_at"
"TXK","206828_at"
"TXLNA","212300_at"
"TXLNB","227834_at"
"TXLNG","227520_at"
"TXLNGY","214131_at"
"TXN","208864_s_at"
"TXN2","209077_at"
"TXNDC11","223325_at"
"TXNDC12","223017_at"
"TXNDC15","220495_s_at"
"TXNDC16","226747_at"
"TXNDC17","224511_s_at"
"TXNDC2","1552657_a_at"
"TXNDC8","1564386_at"
"TXNDC9","211758_x_at"
"TXNIP","201010_s_at"
"TXNL1","201588_at"
"TXNL4A","202836_s_at"
"TXNL4B","218794_s_at"
"TXNRD1","201266_at"
"TXNRD2","211177_s_at"
"TXNRD3","59631_at"
"TYK2","205546_s_at"
"TYMP","204858_s_at"
"TYMS","202589_at"
"TYMSOS","228989_at"
"TYR","206630_at"
"TYRO3","211432_s_at"
"TYRO3P","1566934_at"
"TYROBP","204122_at"
"TYRP1","205694_at"
"TYSND1","231422_x_at"
"TYW1","218347_at"
"TYW2","219299_at"
"TYW3","227141_at"
"TYW5","235181_at"
"TZMP1","78383_at"
"U2AF1L4","226700_at"
"U2AF2","218381_s_at"
"U2SURP","212058_at"
"U2SURP-AS1","229338_at"
"UACA","236715_x_at"
"UAP1","209340_at"
"UAP1L1","214755_at"
"UBA1","200964_at"
"UBA2","201177_s_at"
"UBA3","209115_at"
"UBA5","218289_s_at"
"UBA52","221700_s_at"
"UBA6","222600_s_at"
"UBA7","203281_s_at"
"UBAC1","202151_s_at"
"UBAC2","224298_s_at"
"UBAC2-AS1","1557038_s_at"
"UBALD1","225874_at"
"UBALD2","224783_at"
"UBAP1","221490_at"
"UBAP1L","232663_s_at"
"UBAP2","219192_at"
"UBAP2L","201378_s_at"
"UBASH3A","220418_at"
"UBASH3B","240387_at"
"UBB","200633_at"
"UBC","211296_x_at"
"UBE2A","201899_s_at"
"UBE2B","202333_s_at"
"UBE2C","202954_at"
"UBE2D1","211764_s_at"
"UBE2D2","201345_s_at"
"UBE2D3","200668_s_at"
"UBE2D3-AS1","230171_at"
"UBE2D4","51774_s_at"
"UBE2DNL","1554763_at"
"UBE2E1","212519_at"
"UBE2E2","225651_at"
"UBE2E2-DT","239880_at"
"UBE2E3","210024_s_at"
"UBE2F","225787_at"
"UBE2G1","209142_s_at"
"UBE2G2","209042_s_at"
"UBE2H","222420_s_at"
"UBE2I","213535_s_at"
"UBE2J1","217823_s_at"
"UBE2J2","225209_s_at"
"UBE2K","225179_at"
"UBE2L3","200682_s_at"
"UBE2L6","201649_at"
"UBE2M","203109_at"
"UBE2N","201524_x_at"
"UBE2NL","217393_x_at"
"UBE2O","218141_at"
"UBE2Q1","217978_s_at"
"UBE2Q2","224747_at"
"UBE2Q2P13","243957_at"
"UBE2QL1","226612_at"
"UBE2R2","223014_at"
"UBE2S","202779_s_at"
"UBE2T","223229_at"
"UBE2U","244432_at"
"UBE2V2","209096_at"
"UBE2W","222657_s_at"
"UBE2Z","222395_s_at"
"UBE3A","211285_s_at"
"UBE3B","212403_at"
"UBE3C","201817_at"
"UBE3D","227790_at"
"UBE4A","202038_at"
"UBE4B","202317_s_at"
"UBFD1","224878_at"
"UBIAD1","229348_at"
"UBL3","201535_at"
"UBL4A","221746_at"
"UBL4B","1558584_at"
"UBL5","218011_at"
"UBL7","225063_at"
"UBL7-DT","238511_at"
"UBLCP1","243916_x_at"
"UBN1","209088_s_at"
"UBN2","225445_at"
"UBOX5","204598_at"
"UBP1","218082_s_at"
"UBQLN1","222990_at"
"UBQLN2","215884_s_at"
"UBQLN3","220422_at"
"UBQLN4","222252_x_at"
"UBR1","226921_at"
"UBR2","212760_at"
"UBR3","230029_x_at"
"UBR4","211950_at"
"UBR5","208884_s_at"
"UBR5-DT","1555888_at"
"UBR7","218108_at"
"UBTD1","219172_at"
"UBTD2","224834_at"
"UBTF","225982_at"
"UBXN1","201871_s_at"
"UBXN10","230092_at"
"UBXN11","227716_at"
"UBXN2A","235327_x_at"
"UBXN2B","212934_at"
"UBXN4","212007_at"
"UBXN6","223012_at"
"UBXN7","212840_at"
"UBXN7-AS1","242507_at"
"UBXN8","215983_s_at"
"UCA1","227919_at"
"UCHL1","201387_s_at"
"UCHL3","204616_at"
"UCHL5","219960_s_at"
"UCK1","223141_at"
"UCK2","209825_s_at"
"UCKL1","218533_s_at"
"UCMA","236800_at"
"UCN","206072_at"
"UCN3","1552676_at"
"UCP1","221384_at"
"UCP2","208998_at"
"UCP3","219827_at"
"UEVLD","230176_at"
"UFC1","217797_at"
"UFD1","209103_s_at"
"UFL1","212633_at"
"UFM1","218050_at"
"UFSP1","240280_at"
"UFSP2","218449_at"
"UGCG","224967_at"
"UGDH","203343_at"
"UGGT1","231968_at"
"UGGT2","218801_at"
"UGP2","205480_s_at"
"UGT1A1","232655_at"
"UGT1A6","232654_s_at"
"UGT1A8","221304_at"
"UGT2A3","219948_x_at"
"UGT2B15","207392_x_at"
"UGT2B28","211682_x_at"
"UGT2B4","206505_at"
"UGT3A1","235904_at"
"UGT8","228956_at"
"UHMK1","224691_at"
"UHRF1","225655_at"
"UHRF2","225610_at"
"UICLM","241525_at"
"UIMC1","220746_s_at"
"ULBP1","221323_at"
"ULBP2","221291_at"
"ULBP3","231748_at"
"ULK1","209333_at"
"ULK2","204062_s_at"
"ULK3","225067_at"
"ULK4","232206_at"
"UMAD1","226596_x_at"
"UMOD","206716_at"
"UMODL1","1553183_at"
"UMODL1-AS1","1553282_at"
"UMPS","215165_x_at"
"UNC119","203271_s_at"
"UNC119B","202365_at"
"UNC13A","214817_at"
"UNC13B","202893_at"
"UNC13C","1562074_a_at"
"UNC13D","226678_at"
"UNC45A","221708_s_at"
"UNC45B","235261_at"
"UNC50","203583_at"
"UNC5A","243833_at"
"UNC5B","41856_at"
"UNC5B-AS1","239136_at"
"UNC5C","227838_at"
"UNC5C-AS1","241873_at"
"UNC5CL","231008_at"
"UNC5D","231325_at"
"UNC79","229550_at"
"UNC80","230220_at"
"UNC93A","214382_at"
"UNC93B1","220998_s_at"
"UNG","202330_s_at"
"UNK","226376_at"
"UNKL","229908_s_at"
"UPB1","228219_s_at"
"UPF1","211168_s_at"
"UPF2","203519_s_at"
"UPF3A","214323_s_at"
"UPF3B","218757_s_at"
"UPK1A","214624_at"
"UPK1B","210064_s_at"
"UPK2","207862_at"
"UPK3A","206771_at"
"UPK3B","206658_at"
"UPP1","203234_at"
"UPP2","233155_at"
"UPRT","226199_at"
"UQCC1","217935_s_at"
"UQCC2","224448_s_at"
"UQCC3","229099_at"
"UQCC4","225749_at"
"UQCC5","229826_at"
"UQCC6","226927_at"
"UQCR10","218190_s_at"
"UQCR11","202090_s_at"
"UQCRB","205849_s_at"
"UQCRC1","201903_at"
"UQCRC2","212600_s_at"
"UQCRFS1","208909_at"
"UQCRH","202233_s_at"
"UQCRQ","201568_at"
"URB1","212996_s_at"
"URB1-DT","227424_x_at"
"URB2","205284_at"
"URGCP","218601_at"
"URI1","214173_x_at"
"URM1","208101_s_at"
"UROC1","1553341_at"
"UROD","208970_s_at"
"UROS","203031_s_at"
"USB1","218060_s_at"
"USE1","221706_s_at"
"USF1","231768_at"
"USF2","214879_x_at"
"USF3","227433_at"
"USH1C","205137_x_at"
"USH1G","1553263_at"
"USH2A","207706_at"
"USHBP1","235510_at"
"USO1","201832_s_at"
"USP1","202413_s_at"
"USP10","209137_s_at"
"USP11","208723_at"
"USP12","213327_s_at"
"USP13","205356_at"
"USP14","201672_s_at"
"USP15","210681_s_at"
"USP16","218386_x_at"
"USP18","219211_at"
"USP19","226357_at"
"USP2","229337_at"
"USP2-AS1","1564449_at"
"USP20","203965_at"
"USP21","232219_x_at"
"USP22","200083_at"
"USP24","212388_at"
"USP25","220419_s_at"
"USP26","224532_at"
"USP27X","230620_at"
"USP27X-DT","243017_at"
"USP28","230623_x_at"
"USP29","220895_at"
"USP3","221654_s_at"
"USP3-AS1","1562738_a_at"
"USP30","227572_at"
"USP30-AS1","228675_at"
"USP31","226035_at"
"USP32","226505_x_at"
"USP32P2","213510_x_at"
"USP33","212513_s_at"
"USP34","207365_x_at"
"USP35","229198_at"
"USP36","227093_at"
"USP37","226729_at"
"USP38","223288_at"
"USP39","217829_s_at"
"USP4","211800_s_at"
"USP40","225089_at"
"USP42","226669_at"
"USP43","237439_at"
"USP44","224048_at"
"USP45","238057_at"
"USP46","203870_at"
"USP46-DT","235667_at"
"USP47","221518_s_at"
"USP48","220079_s_at"
"USP49","229351_at"
"USP5","206031_s_at"
"USP51","229278_at"
"USP53","230083_at"
"USP53-DT","1564212_at"
"USP54","227334_at"
"USP6","206405_x_at"
"USP6NL","204761_at"
"USP6NL-AS1","1555209_at"
"USP7","201499_s_at"
"USP7-AS1","236260_at"
"USP8","202745_at"
"USP9X","201100_s_at"
"USP9Y","228492_at"
"USPL1","204190_at"
"UST","205139_s_at"
"UST-AS1","1557742_a_at"
"UTF1","208275_x_at"
"UTP11","218235_s_at"
"UTP14A","221514_at"
"UTP14C","203614_at"
"UTP15","228050_at"
"UTP18","203721_s_at"
"UTP20","209725_at"
"UTP23","227836_at"
"UTP25","204699_s_at"
"UTP3","209486_at"
"UTP4","224903_at"
"UTP6","218715_at"
"UTRN","225093_at"
"UTS2","220785_at"
"UTS2B","243175_at"
"UTS2R","1553262_a_at"
"UTY","208067_x_at"
"UVRAG","203241_at"
"UVRAG-DT","237090_at"
"UVSSA","233893_s_at"
"UXS1","219675_s_at"
"UXT","218495_at"
"VAC14","218169_at"
"VAC14-AS1","1564158_a_at"
"VAMP1","213326_at"
"VAMP2","201557_at"
"VAMP3","201336_at"
"VAMP4","213480_at"
"VAMP5","204929_s_at"
"VAMP7","202829_s_at"
"VAMP8","202546_at"
"VANGL1","229997_at"
"VANGL2","226029_at"
"VAPA","208780_x_at"
"VAPB","202550_s_at"
"VARS1","201796_s_at"
"VARS2","226200_at"
"VASH1","203940_s_at"
"VASH1-AS1","213569_at"
"VASH2","1555092_at"
"VASN","225867_at"
"VASP","202205_at"
"VAT1","208626_s_at"
"VAT1L","226415_at"
"VAV1","206219_s_at"
"VAV2","226063_at"
"VAV3","218807_at"
"VAX2","220443_s_at"
"VBP1","201472_at"
"VCAM1","203868_s_at"
"VCAN","221731_x_at"
"VCF1","225319_s_at"
"VCF2","227869_at"
"VCL","200931_s_at"
"VCP","208649_s_at"
"VCPIP1","1556228_a_at"
"VCPKMT","218940_at"
"VCX2","207281_x_at"
"VDAC1","212038_s_at"
"VDAC2","211662_s_at"
"VDAC3","208845_at"
"VDR","204254_s_at"
"VEGFA","210512_s_at"
"VEGFB","203683_s_at"
"VEGFC","209946_at"
"VENTX","207376_at"
"VENTXP1","216726_at"
"VEPH1","232122_s_at"
"VESTAR","1553780_at"
"VEZF1","202172_at"
"VEZT","223090_x_at"
"VGF","205586_x_at"
"VGLL1","205487_s_at"
"VGLL2","236352_at"
"VGLL3","227399_at"
"VGLL4","214004_s_at"
"VHL","1559227_s_at"
"VHRT","230195_at"
"VIL1","228912_at"
"VILL","209950_s_at"
"VIM","201426_s_at"
"VIP","206577_at"
"VIPAS39","218431_at"
"VIPR1","205019_s_at"
"VIPR2","205946_at"
"VIRMA","223110_at"
"VIT","227899_at"
"VKORC1","217949_s_at"
"VKORC1L1","224881_at"
"VLDLR","209822_s_at"
"VLDLR-AS1","1558212_at"
"VMA12","225374_at"
"VMA21","225556_at"
"VMA22","224946_s_at"
"VMO1","241894_at"
"VN1R1","221412_at"
"VN1R108P","233295_at"
"VN1R10P","224289_s_at"
"VN1R2","1553549_at"
"VN1R3","224290_at"
"VN1R4","1553560_at"
"VN1R5","1553550_at"
"VNN1","205844_at"
"VNN2","205922_at"
"VNN3P","220528_at"
"VOPP1","208091_s_at"
"VPREB1","221349_at"
"VPREB3","220068_at"
"VPS11","203292_s_at"
"VPS13A","227988_s_at"
"VPS13A-AS1","240767_x_at"
"VPS13B","213243_at"
"VPS13B-DT","230449_x_at"
"VPS13C","218396_at"
"VPS13C-DT","1561424_at"
"VPS13D","212323_s_at"
"VPS16","203459_s_at"
"VPS18","223346_at"
"VPS25","224608_s_at"
"VPS26A","201807_at"
"VPS26B","225483_at"
"VPS26C","203635_at"
"VPS28","218679_s_at"
"VPS29","223026_s_at"
"VPS33A","227815_at"
"VPS33B","44111_at"
"VPS35","217727_x_at"
"VPS35L","203173_s_at"
"VPS36","222478_at"
"VPS37A","225378_at"
"VPS37B","221704_s_at"
"VPS37C","1560060_s_at"
"VPS37D","235569_at"
"VPS39","212156_at"
"VPS41","210849_s_at"
"VPS45","209268_at"
"VPS4A","217913_at"
"VPS4B","218171_at"
"VPS50","226031_at"
"VPS51","217969_at"
"VPS52","214585_s_at"
"VPS53","227229_at"
"VPS54","218423_x_at"
"VPS72","202261_at"
"VPS8","209553_at"
"VPS9D1","205781_at"
"VPS9D1-AS1","1558728_at"
"VRK1","203856_at"
"VRK2","205126_at"
"VRK3","218022_at"
"VRTN","220536_at"
"VSIG1","243764_at"
"VSIG10","226485_at"
"VSIG10L","238654_at"
"VSIG10L2","1564786_at"
"VSIG2","228232_s_at"
"VSIG4","204787_at"
"VSIR","225373_at"
"VSNL1","203797_at"
"VSTM1","235818_at"
"VSTM2A","1554530_at"
"VSTM2A-OT1","1560692_at"
"VSTM2B-DT","1563872_at"
"VSTM2L","226973_at"
"VSTM4","244057_s_at"
"VSX1","221124_s_at"
"VTA1","223022_s_at"
"VTCN1","219768_at"
"VTI1A","235034_at"
"VTI1B","209452_s_at"
"VTN","204534_at"
"VWA1","218731_s_at"
"VWA3A","1553657_at"
"VWA3B","1558470_at"
"VWA5A","205011_at"
"VWA5B1","1552853_at"
"VWA5B2","232642_at"
"VWA7","221301_at"
"VWA8","212946_at"
"VWA8-AS1","1557647_a_at"
"VWC2","243734_x_at"
"VWCE","242957_at"
"VWDE","1562226_at"
"VWF","202112_at"
"VXN","228701_at"
"WAC","222390_at"
"WAC-AS1","233013_x_at"
"WAKMAR2","243871_at"
"WAPL","212267_at"
"WARS1","200629_at"
"WARS2","222734_at"
"WARS2-AS1","1562474_at"
"WAS","38964_r_at"
"WASF1","204165_at"
"WASF2","224562_at"
"WASF3","204042_at"
"WASHC1","236841_at"
"WASHC2C","211068_x_at"
"WASHC2EP","239051_at"
"WASHC3","218628_at"
"WASHC4","212795_at"
"WASHC5","201985_at"
"WASIR2","1568838_at"
"WASL","224813_at"
"WBP11","217822_at"
"WBP1L","202808_at"
"WBP2","209117_at"
"WBP2NL","1552514_at"
"WBP4","203599_s_at"
"WDCP","219120_at"
"WDFY1","224800_at"
"WDFY2","228159_at"
"WDFY3","212602_at"
"WDFY3-AS2","1562953_s_at"
"WDFY4","229597_s_at"
"WDHD1","204728_s_at"
"WDPCP","231770_x_at"
"WDR1","200609_s_at"
"WDR11","229694_at"
"WDR11-DT","1563916_at"
"WDR12","218512_at"
"WDR13","222138_s_at"
"WDR17","1557132_at"
"WDR18","209461_x_at"
"WDR19","220917_s_at"
"WDR20","227693_at"
"WDR24","223293_at"
"WDR25","219609_at"
"WDR26","218107_at"
"WDR27","228326_at"
"WDR3","218882_s_at"
"WDR31","241919_x_at"
"WDR33","222763_s_at"
"WDR35","226889_at"
"WDR35-DT","230390_at"
"WDR36","226180_at"
"WDR37","211383_s_at"
"WDR38","243900_at"
"WDR4","241937_s_at"
"WDR41","222503_s_at"
"WDR43","214662_at"
"WDR44","219297_at"
"WDR45","209216_at"
"WDR45B","209076_s_at"
"WDR46","209196_at"
"WDR47","203855_at"
"WDR48","221735_at"
"WDR49","1564238_a_at"
"WDR5","225170_at"
"WDR53","227814_at"
"WDR54","225898_at"
"WDR55","219809_at"
"WDR59","218505_at"
"WDR5B","219538_at"
"WDR6","217734_s_at"
"WDR62","215218_s_at"
"WDR64","1553373_at"
"WDR7","212880_at"
"WDR70","219193_at"
"WDR72","227174_at"
"WDR73","213031_s_at"
"WDR74","218278_at"
"WDR75","224721_at"
"WDR76","205519_at"
"WDR77","201421_s_at"
"WDR81","226738_at"
"WDR82","201934_at"
"WDR83","224434_s_at"
"WDR83OS","217780_at"
"WDR86","243526_at"
"WDR86-AS1","1560147_at"
"WDR87","224135_at"
"WDR87BP","1568689_at"
"WDR88","1552453_a_at"
"WDR89","238650_x_at"
"WDR90","227894_at"
"WDR91","218971_s_at"
"WDR93","232620_at"
"WDR97","233344_x_at"
"WDSUB1","226668_at"
"WDTC1","40829_at"
"WEE1","212533_at"
"WEE2-AS1","1553634_a_at"
"WFDC1","219478_at"
"WFDC10A","233913_at"
"WFDC10B","1552999_a_at"
"WFDC11","1552608_at"
"WFDC12","1553081_at"
"WFDC13","1553052_at"
"WFDC2","203892_at"
"WFDC21P","229566_at"
"WFDC3","232602_at"
"WFDC5","242204_at"
"WFDC6","1552396_at"
"WFDC8","215276_at"
"WFDC9","1552414_at"
"WFIKKN1","1552811_at"
"WFIKKN2","1554773_at"
"WFS1","202908_at"
"WHAMM","228953_at"
"WHAMMP2","1557450_s_at"
"WHR1","204090_at"
"WHRN","221887_s_at"
"WIF1","204712_at"
"WIPF1","202664_at"
"WIPF2","212051_at"
"WIPF3","241600_at"
"WIPI1","213836_s_at"
"WIPI2","204710_s_at"
"WIZ","52005_at"
"WLS","221958_s_at"
"WNK1","211992_at"
"WNK2","1562026_at"
"WNK3","236236_at"
"WNK4","229158_at"
"WNT1","208570_at"
"WNT10A","223709_s_at"
"WNT10B","206213_at"
"WNT11","206737_at"
"WNT16","221113_s_at"
"WNT2","205648_at"
"WNT2B","238512_at"
"WNT4","230751_at"
"WNT5A","205990_s_at"
"WNT5B","221029_s_at"
"WNT6","71933_at"
"WNT7A","210248_at"
"WNT7B","238105_x_at"
"WNT8A","224259_at"
"WNT8B","207612_at"
"WNT9A","230643_at"
"WNT9B","1552973_at"
"WRAP53","44563_at"
"WRAP73","219322_s_at"
"WRN","205667_at"
"WRNIP1","222489_s_at"
"WSB1","201296_s_at"
"WSB2","201760_s_at"
"WSCD2","229032_at"
"WT1","206067_s_at"
"WT1-AS","206954_at"
"WTAP","227621_at"
"WTIP","227411_at"
"WWC1","213085_s_at"
"WWC2","218775_s_at"
"WWC2-AS2","230572_at"
"WWC3","225273_at"
"WWOX","219077_s_at"
"WWP1","212638_s_at"
"WWP1-AS1","1555893_at"
"WWP2","204022_at"
"WWTR1","202133_at"
"WWTR1-AS1","228629_s_at"
"XAB2","218110_at"
"XAF1","228617_at"
"XAGE-4","1565454_at"
"XAGE2","229469_at"
"XAGE3","236040_at"
"XBP1","200670_at"
"XCL1","206366_x_at"
"XCR1","1561226_at"
"XDH","210301_at"
"XG","241931_at"
"XIAP","228363_at"
"XIRP1","235042_at"
"XIRP2","228794_at"
"XIST","224588_at"
"XK","206698_at"
"XKR4","237802_at"
"XKR6","1557436_at"
"XKR7","243101_x_at"
"XKR8","218753_at"
"XKRX","230349_at"
"XNDC1N","232586_x_at"
"XPA","205672_at"
"XPC","209375_at"
"XPNPEP1","209045_at"
"XPNPEP2","216910_at"
"XPNPEP3","226501_at"
"XPO1","208775_at"
"XPO4","222649_at"
"XPO5","223056_s_at"
"XPO6","211982_x_at"
"XPO7","212166_at"
"XPOT","212160_at"
"XPR1","222581_at"
"XRCC1","203655_at"
"XRCC2","207598_x_at"
"XRCC3","216299_s_at"
"XRCC4","205071_x_at"
"XRCC5","208642_s_at"
"XRCC6","200792_at"
"XRN1","225814_at"
"XRN2","223002_s_at"
"XRRA1","230557_at"
"XTBD1","235006_at"
"XXYLT1","226891_at"
"XYLB","208318_s_at"
"XYLT1","213725_x_at"
"XYLT2","219401_at"
"YAE1","223433_at"
"YAE1-DT","1569528_at"
"YAF2","206238_s_at"
"YAP1","224895_at"
"YARS1","212048_s_at"
"YARS2","218470_at"
"YBEY","227421_at"
"YBX1","208628_s_at"
"YBX2","219704_at"
"YBX3","201160_s_at"
"YDJC","227042_at"
"YEATS2","1557047_at"
"YEATS4","218911_at"
"YES1","202933_s_at"
"YIF1A","202418_at"
"YIF1B","1554553_s_at"
"YIPF1","214733_s_at"
"YIPF2","221939_at"
"YIPF3","216338_s_at"
"YIPF4","209551_at"
"YIPF5","224934_at"
"YIPF6","212341_at"
"YJEFN3","229961_x_at"
"YJU2","204335_at"
"YJU2B","208094_s_at"
"YKT6","217784_at"
"YLPM1","212787_at"
"YME1L1","201352_at"
"YOD1","227309_at"
"YPEL1","213996_at"
"YPEL2","227020_at"
"YPEL3","223179_at"
"YPEL3-DT","1558525_at"
"YPEL4","235916_at"
"YPEL5","217783_s_at"
"YRDC","218647_s_at"
"YTHDC1","212455_at"
"YTHDC2","213077_at"
"YTHDF1","221741_s_at"
"YTHDF2","222430_s_at"
"YTHDF3","221749_at"
"YTHDF3-DT","231071_at"
"YWHAB","217718_s_at"
"YWHAE","210996_s_at"
"YWHAEP7","1563945_at"
"YWHAG","222985_at"
"YWHAH","201020_at"
"YWHAH-AS1","207701_at"
"YWHAQ","213699_s_at"
"YWHAZ","200639_s_at"
"YY1","200047_s_at"
"YY1AP1","217836_s_at"
"ZACN","1555550_at"
"ZAN","224264_x_at"
"ZAP70","214032_at"
"ZAR1","1555775_a_at"
"ZBBX","220269_at"
"ZBED1","203043_at"
"ZBED10P","227598_at"
"ZBED2","219836_at"
"ZBED3","228402_at"
"ZBED3-AS1","241423_at"
"ZBED4","204799_at"
"ZBED5","218263_s_at"
"ZBED5-AS1","235010_at"
"ZBED6","243648_at"
"ZBP1","242020_s_at"
"ZBTB1","213376_at"
"ZBTB10","228562_at"
"ZBTB11","204847_at"
"ZBTB11-AS1","232259_s_at"
"ZBTB12","233843_at"
"ZBTB14","209724_s_at"
"ZBTB16","205883_at"
"ZBTB17","203602_s_at"
"ZBTB18","212774_at"
"ZBTB2","226284_at"
"ZBTB20","235308_at"
"ZBTB20-AS1","231497_at"
"ZBTB21","233952_s_at"
"ZBTB22","213081_at"
"ZBTB24","205340_at"
"ZBTB25","214482_at"
"ZBTB26","227162_at"
"ZBTB3","1553858_at"
"ZBTB32","220118_at"
"ZBTB33","226255_at"
"ZBTB34","227111_at"
"ZBTB37","228216_at"
"ZBTB38","219221_at"
"ZBTB39","205256_at"
"ZBTB4","225629_s_at"
"ZBTB40","203959_s_at"
"ZBTB41","226962_at"
"ZBTB42","229691_at"
"ZBTB43","227991_x_at"
"ZBTB44","226148_at"
"ZBTB44-DT","1562217_at"
"ZBTB45","229862_x_at"
"ZBTB46","227329_at"
"ZBTB46-AS1","224119_at"
"ZBTB47","226500_at"
"ZBTB47-AS1","241743_at"
"ZBTB48","205025_at"
"ZBTB49","229089_at"
"ZBTB5","203026_at"
"ZBTB6","206098_at"
"ZBTB7A","226554_at"
"ZBTB7B","235145_at"
"ZBTB7C","227782_at"
"ZBTB7C-AS2","1553087_at"
"ZBTB8A","235142_at"
"ZBTB8B","1563770_at"
"ZBTB8OS","228970_at"
"ZC2HC1A","205308_at"
"ZC2HC1B","237592_at"
"ZC2HC1C","220107_s_at"
"ZC3H10","227430_at"
"ZC3H12A","218810_at"
"ZC3H12B","234878_at"
"ZC3H12C","231899_at"
"ZC3H12D","1559263_s_at"
"ZC3H13","227536_at"
"ZC3H14","204216_s_at"
"ZC3H15","201593_s_at"
"ZC3H18","226108_at"
"ZC3H3","213445_at"
"ZC3H4","213390_at"
"ZC3H6","227809_at"
"ZC3H7A","218348_s_at"
"ZC3H7B","206169_x_at"
"ZC3H8","223506_at"
"ZC3HAV1","225634_at"
"ZC3HAV1L","228280_at"
"ZC3HC1","223163_s_at"
"ZC4H2","220040_x_at"
"ZCCHC10","221193_s_at"
"ZCCHC12","228715_at"
"ZCCHC13","1554210_at"
"ZCCHC14","212655_at"
"ZCCHC17","223108_s_at"
"ZCCHC18","230224_at"
"ZCCHC2","222816_s_at"
"ZCCHC24","212423_at"
"ZCCHC3","225091_at"
"ZCCHC4","219917_at"
"ZCCHC7","230332_at"
"ZCCHC8","218478_s_at"
"ZCCHC9","225538_at"
"ZCRB1","227416_s_at"
"ZCWPW1","223992_x_at"
"ZCWPW2","243863_at"
"ZDBF2","228749_at"
"ZDHHC1","237228_at"
"ZDHHC11","232417_x_at"
"ZDHHC12","226088_at"
"ZDHHC12-DT","228773_at"
"ZDHHC13","219296_at"
"ZDHHC14","219247_s_at"
"ZDHHC15","1552557_a_at"
"ZDHHC16","223212_at"
"ZDHHC17","212982_at"
"ZDHHC18","212860_at"
"ZDHHC19","1553952_at"
"ZDHHC2","222731_at"
"ZDHHC20","225365_at"
"ZDHHC21","229240_at"
"ZDHHC22","229805_at"
"ZDHHC23","226912_at"
"ZDHHC24","227549_x_at"
"ZDHHC3","218078_s_at"
"ZDHHC4","220261_s_at"
"ZDHHC5","224858_at"
"ZDHHC6","218249_at"
"ZDHHC7","218606_at"
"ZDHHC8","225744_at"
"ZDHHC8BP","222274_at"
"ZDHHC9","222451_s_at"
"ZEB1","212764_at"
"ZEB1-AS1","229090_at"
"ZEB2","228333_at"
"ZER1","202452_at"
"ZFAND1","218919_at"
"ZFAND2A","226650_at"
"ZFAND2A-DT","241847_at"
"ZFAND2B","226168_at"
"ZFAND3","218020_s_at"
"ZFAND4","223624_at"
"ZFAND5","210275_s_at"
"ZFAND6","221613_s_at"
"ZFAS1","224915_x_at"
"ZFAT","226564_at"
"ZFC3H1","213065_at"
"ZFHX2","207699_at"
"ZFHX3","226137_at"
"ZFHX4","219779_at"
"ZFHX4-AS1","1559966_a_at"
"ZFP1","226807_at"
"ZFP14","232911_at"
"ZFP2","207757_at"
"ZFP28","234937_x_at"
"ZFP28-DT","243104_at"
"ZFP3","235728_at"
"ZFP30","207090_x_at"
"ZFP36","201531_at"
"ZFP36L1","211962_s_at"
"ZFP36L2","201368_at"
"ZFP37","207068_at"
"ZFP41","227902_at"
"ZFP42","1554776_at"
"ZFP57","231236_at"
"ZFP62","227796_at"
"ZFP64","218968_s_at"
"ZFP69","1569107_s_at"
"ZFP69B","207219_at"
"ZFP82","235176_at"
"ZFP90","235698_at"
"ZFP91","224636_at"
"ZFP92","233116_at"
"ZFPL1","209428_s_at"
"ZFPM1","242282_at"
"ZFPM2","219778_at"
"ZFR","201857_at"
"ZFR2","215419_at"
"ZFTA","218641_at"
"ZFTRAF1","223421_at"
"ZFX","229022_at"
"ZFY","230760_at"
"ZFY-AS1","237225_at"
"ZFYVE1","223387_at"
"ZFYVE16","203651_at"
"ZFYVE19","225843_at"
"ZFYVE21","224445_s_at"
"ZFYVE26","213073_at"
"ZFYVE27","225218_at"
"ZFYVE28","232408_at"
"ZFYVE9","204893_s_at"
"ZG16","214142_at"
"ZG16B","228058_at"
"ZGLP1","239720_at"
"ZGPAT","221848_at"
"ZGRF1","1565935_at"
"ZHX1","223213_s_at"
"ZHX1-C8orf76","1554063_at"
"ZHX2","203556_at"
"ZHX3","217367_s_at"
"ZIC1","234716_at"
"ZIC2","223642_at"
"ZIC3","207197_at"
"ZIC4","211463_at"
"ZIC5","1552938_at"
"ZIK1","232774_x_at"
"ZIM2","220653_at"
"ZIM3","1553022_at"
"ZKSCAN1","225221_at"
"ZKSCAN2","232019_at"
"ZKSCAN3","211773_s_at"
"ZKSCAN4","213625_at"
"ZKSCAN5","203731_s_at"
"ZKSCAN7","206314_at"
"ZKSCAN8","226102_at"
"ZMAT1","226344_at"
"ZMAT2","224782_at"
"ZMAT3","225725_at"
"ZMAT4","219877_at"
"ZMAT5","218752_at"
"ZMIZ1","212124_at"
"ZMIZ1-AS1","1563745_a_at"
"ZMIZ2","54970_at"
"ZMPSTE24","202939_at"
"ZMYM1","220206_at"
"ZMYM2","202778_s_at"
"ZMYM3","207559_s_at"
"ZMYM4","202051_s_at"
"ZMYM5","215948_x_at"
"ZMYM6","219924_s_at"
"ZMYND10","205714_s_at"
"ZMYND11","202136_at"
"ZMYND12","223636_at"
"ZMYND15","223683_at"
"ZMYND19","227477_at"
"ZMYND8","209049_s_at"
"ZNF10","229848_at"
"ZNF100","238791_at"
"ZNF101","239231_at"
"ZNF106","217781_s_at"
"ZNF107","243312_at"
"ZNF112","222237_s_at"
"ZNF114","1552947_x_at"
"ZNF117","235408_x_at"
"ZNF12","226015_at"
"ZNF121","1553979_at"
"ZNF124","206928_at"
"ZNF131","1557384_at"
"ZNF132","207402_at"
"ZNF133","216960_s_at"
"ZNF133-AS1","1561307_at"
"ZNF134","206182_at"
"ZNF135","1567410_at"
"ZNF136","206240_s_at"
"ZNF137P","207394_at"
"ZNF138","244743_x_at"
"ZNF14","219854_at"
"ZNF140","204523_at"
"ZNF141","235580_at"
"ZNF142","204474_at"
"ZNF143","221873_at"
"ZNF143-AS1","229870_at"
"ZNF146","200050_at"
"ZNF148","203318_s_at"
"ZNF154","216677_at"
"ZNF155","221201_s_at"
"ZNF157","208019_at"
"ZNF16","219548_at"
"ZNF160","214715_x_at"
"ZNF165","206683_at"
"ZNF169","1560921_at"
"ZNF17","1558184_s_at"
"ZNF174","210291_s_at"
"ZNF175","205497_at"
"ZNF18","226787_at"
"ZNF180","219495_s_at"
"ZNF181","229314_at"
"ZNF182","244024_at"
"ZNF184","213452_at"
"ZNF185","203585_at"
"ZNF189","207513_s_at"
"ZNF19","228958_at"
"ZNF195","204234_s_at"
"ZNF197","205855_at"
"ZNF2","223792_at"
"ZNF200","207338_s_at"
"ZNF202","204327_s_at"
"ZNF204P","214823_at"
"ZNF205","206416_at"
"ZNF205-AS1","208136_s_at"
"ZNF207","200828_s_at"
"ZNF208","208542_x_at"
"ZNF211","205437_at"
"ZNF212","203985_at"
"ZNF213","227207_x_at"
"ZNF213-AS1","222170_at"
"ZNF214","243457_s_at"
"ZNF215","220214_at"
"ZNF217","203739_at"
"ZNF217-AS1","215861_at"
"ZNF219","219314_s_at"
"ZNF22","218005_at"
"ZNF22-AS1","1552422_at"
"ZNF221","233848_x_at"
"ZNF222","206175_x_at"
"ZNF223","207128_s_at"
"ZNF224","216983_s_at"
"ZNF225","235702_at"
"ZNF226","233461_x_at"
"ZNF227","227689_at"
"ZNF229","235717_at"
"ZNF23","213934_s_at"
"ZNF230","205791_x_at"
"ZNF232","219123_at"
"ZNF232-AS1","236611_at"
"ZNF233","232986_at"
"ZNF234","242953_at"
"ZNF235","220350_at"
"ZNF236","47571_at"
"ZNF236-DT","1569832_at"
"ZNF239","206261_at"
"ZNF24","203247_s_at"
"ZNF248","213269_at"
"ZNF25","228185_at"
"ZNF250","213858_at"
"ZNF251","226754_at"
"ZNF252P","233399_x_at"
"ZNF252P-AS1","1558790_s_at"
"ZNF253","242919_at"
"ZNF254","242602_x_at"
"ZNF256","223714_at"
"ZNF257","210697_at"
"ZNF26","219595_at"
"ZNF260","228920_at"
"ZNF263","203707_at"
"ZNF264","205917_at"
"ZNF266","214686_at"
"ZNF267","219540_at"
"ZNF268","209989_at"
"ZNF271P","211009_s_at"
"ZNF273","215239_x_at"
"ZNF274","204937_s_at"
"ZNF275","225383_at"
"ZNF276","213778_x_at"
"ZNF276-AS1","1568647_at"
"ZNF277","218645_at"
"ZNF28","1567853_at"
"ZNF280A","216034_at"
"ZNF280B","215048_at"
"ZNF280C","235520_at"
"ZNF281","228785_at"
"ZNF282","212892_at"
"ZNF283","243188_at"
"ZNF284","239462_at"
"ZNF285","236328_at"
"ZNF286A","1557684_at"
"ZNF287","216710_x_at"
"ZNF292","212368_at"
"ZNF295-AS1","240809_at"
"ZNF296","238607_at"
"ZNF29P","1567856_x_at"
"ZNF3","212684_at"
"ZNF30","232014_at"
"ZNF300","228144_at"
"ZNF300P1","244289_at"
"ZNF302","228392_at"
"ZNF304","207753_at"
"ZNF311","236551_at"
"ZNF316","227170_at"
"ZNF317","225296_at"
"ZNF318","203521_s_at"
"ZNF319","228460_at"
"ZNF32","209538_at"
"ZNF32-AS3","1562812_at"
"ZNF320","241704_x_at"
"ZNF322","227980_at"
"ZNF324","205182_s_at"
"ZNF324B","222318_at"
"ZNF326","227680_at"
"ZNF329","219765_at"
"ZNF330","209814_at"
"ZNF331","219228_at"
"ZNF333","231369_at"
"ZNF334","220022_at"
"ZNF335","221890_at"
"ZNF337","214760_at"
"ZNF33A","231864_at"
"ZNF33B","215022_x_at"
"ZNF34","219801_at"
"ZNF341","1553532_a_at"
"ZNF343","227986_at"
"ZNF345","240199_x_at"
"ZNF346","222884_at"
"ZNF347","238819_at"
"ZNF35","206096_at"
"ZNF350","219266_at"
"ZNF354A","205427_at"
"ZNF354B","1553612_at"
"ZNF354C","228208_x_at"
"ZNF355P","216469_at"
"ZNF358","219379_x_at"
"ZNF362","226820_at"
"ZNF365","206448_at"
"ZNF366","1556314_a_at"
"ZNF367","229551_x_at"
"ZNF37A","228711_at"
"ZNF37BP","215358_x_at"
"ZNF382","1557260_a_at"
"ZNF383","235414_at"
"ZNF384","212369_at"
"ZNF385A","226111_s_at"
"ZNF385B","229019_at"
"ZNF385C","236441_at"
"ZNF385D","230773_at"
"ZNF391","1562446_at"
"ZNF394","214714_at"
"ZNF395","218149_s_at"
"ZNF396","1554231_a_at"
"ZNF397","228927_at"
"ZNF398","228145_s_at"
"ZNF404","239043_at"
"ZNF407","227768_at"
"ZNF407-AS1","226924_at"
"ZNF408","219224_x_at"
"ZNF41","1553216_at"
"ZNF410","209944_at"
"ZNF414","227071_at"
"ZNF415","205514_at"
"ZNF416","223589_at"
"ZNF417","1552783_at"
"ZNF418","243439_at"
"ZNF419","58367_s_at"
"ZNF420","242761_s_at"
"ZNF423","214761_at"
"ZNF425","242684_at"
"ZNF426","233354_at"
"ZNF428","215429_s_at"
"ZNF43","206695_x_at"
"ZNF430","206829_x_at"
"ZNF431","232338_at"
"ZNF432","219848_s_at"
"ZNF433-AS1","236485_at"
"ZNF436","226113_at"
"ZNF436-AS1","229086_at"
"ZNF438","229743_at"
"ZNF439","236562_at"
"ZNF44","215359_x_at"
"ZNF440","241731_x_at"
"ZNF441","1553192_at"
"ZNF442","208081_s_at"
"ZNF443","205928_at"
"ZNF444","50376_at"
"ZNF445","233992_x_at"
"ZNF446","219900_s_at"
"ZNF449","228968_at"
"ZNF45","222028_at"
"ZNF451","1556060_a_at"
"ZNF451-AS1","1561033_at"
"ZNF460","216273_at"
"ZNF461","232391_at"
"ZNF462","226575_at"
"ZNF467","214746_s_at"
"ZNF468","214751_at"
"ZNF469","230440_at"
"ZNF470","234921_at"
"ZNF471","230578_at"
"ZNF473","213130_at"
"ZNF473CR","237298_at"
"ZNF474","1556907_at"
"ZNF475","231434_at"
"ZNF479","1555368_x_at"
"ZNF48","227470_at"
"ZNF480","222283_at"
"ZNF483","243770_at"
"ZNF484","214922_at"
"ZNF485","1552427_at"
"ZNF486","1553901_x_at"
"ZNF487","1558345_a_at"
"ZNF488","229901_at"
"ZNF490","231988_x_at"
"ZNF491","1562211_a_at"
"ZNF492","215532_x_at"
"ZNF493","1558486_at"
"ZNF496","225335_at"
"ZNF497","230857_s_at"
"ZNF497-AS1","1556822_s_at"
"ZNF500","213639_s_at"
"ZNF501","1562386_s_at"
"ZNF502","232247_at"
"ZNF503","227195_at"
"ZNF503-AS1","232684_at"
"ZNF503-AS2","237044_s_at"
"ZNF506","221626_at"
"ZNF507","226327_at"
"ZNF510","228917_at"
"ZNF511","225307_at"
"ZNF512","225050_at"
"ZNF513","225753_at"
"ZNF514","235729_at"
"ZNF516","203604_at"
"ZNF517","241112_at"
"ZNF518A","244132_x_at"
"ZNF518B","226909_at"
"ZNF519","1568873_at"
"ZNF521","226677_at"
"ZNF524","238683_at"
"ZNF526","228229_at"
"ZNF527","244861_at"
"ZNF528","215019_x_at"
"ZNF529","231940_at"
"ZNF529-AS1","237364_at"
"ZNF530","232228_at"
"ZNF532","220617_s_at"
"ZNF536","206403_at"
"ZNF540","242697_at"
"ZNF541","232604_at"
"ZNF542P","239250_at"
"ZNF543","240191_at"
"ZNF544","218735_s_at"
"ZNF546","240429_at"
"ZNF547","1558995_at"
"ZNF548","1553718_at"
"ZNF549","215315_at"
"ZNF550","228099_at"
"ZNF551","242992_at"
"ZNF552","219741_x_at"
"ZNF554","232214_x_at"
"ZNF555","1553286_at"
"ZNF556","220709_at"
"ZNF557","220444_at"
"ZNF558","227810_at"
"ZNF559","224518_s_at"
"ZNF560","1553276_at"
"ZNF561","235200_at"
"ZNF561-AS1","1557114_a_at"
"ZNF562","219163_at"
"ZNF563","1552770_s_at"
"ZNF564","1553957_at"
"ZNF565","228305_at"
"ZNF566","240239_at"
"ZNF567","235648_at"
"ZNF568","1562282_at"
"ZNF569","1569366_a_at"
"ZNF57","1554628_at"
"ZNF570","231215_at"
"ZNF571","206648_at"
"ZNF571-AS1","229328_at"
"ZNF572","1553229_at"
"ZNF573","217627_at"
"ZNF574","218762_at"
"ZNF575","1557119_a_at"
"ZNF576","219089_s_at"
"ZNF577","223581_at"
"ZNF578","1562244_at"
"ZNF579","229140_at"
"ZNF580","220748_s_at"
"ZNF581","223389_s_at"
"ZNF582","241602_at"
"ZNF582-DT","238708_at"
"ZNF583","1553221_at"
"ZNF584","228148_at"
"ZNF585A","227674_at"
"ZNF585B","1557302_at"
"ZNF586","219711_at"
"ZNF587","219981_x_at"
"ZNF587B","221963_x_at"
"ZNF589","219968_at"
"ZNF592","227507_at"
"ZNF593","204175_at"
"ZNF594","243980_at"
"ZNF594-DT","233840_at"
"ZNF595","227952_at"
"ZNF596","232641_at"
"ZNF597","236117_at"
"ZNF598","225104_at"
"ZNF599","228093_at"
"ZNF600","242463_x_at"
"ZNF605","227822_at"
"ZNF606","219635_at"
"ZNF606-AS1","1556724_at"
"ZNF607","223680_at"
"ZNF608","229817_at"
"ZNF609","212620_at"
"ZNF610","235953_at"
"ZNF611","208137_x_at"
"ZNF613","219851_at"
"ZNF614","227045_at"
"ZNF615","241827_at"
"ZNF616","232137_at"
"ZNF618","226590_at"
"ZNF619","1552836_at"
"ZNF620","1558743_at"
"ZNF621","1558620_at"
"ZNF622","225152_at"
"ZNF623","206188_at"
"ZNF624","232272_at"
"ZNF625","1552769_at"
"ZNF626","235687_at"
"ZNF627","224492_s_at"
"ZNF628","236269_at"
"ZNF629","213196_at"
"ZNF630","233082_at"
"ZNF638","213775_x_at"
"ZNF639","222623_s_at"
"ZNF641","226509_at"
"ZNF644","222580_at"
"ZNF646","204876_at"
"ZNF649","223616_at"
"ZNF649-AS1","237055_at"
"ZNF652","243495_s_at"
"ZNF653","244085_at"
"ZNF654","241348_at"
"ZNF655","225945_at"
"ZNF658","231950_at"
"ZNF660","1561361_at"
"ZNF662","228538_at"
"ZNF663P","1553911_at"
"ZNF664","1558816_at"
"ZNF665","220760_x_at"
"ZNF667","236635_at"
"ZNF667-AS1","244741_s_at"
"ZNF668","219047_s_at"
"ZNF669","220215_at"
"ZNF670","223898_at"
"ZNF671","219849_at"
"ZNF672","218068_s_at"
"ZNF674","215309_at"
"ZNF674-AS1","241972_at"
"ZNF675","217547_x_at"
"ZNF677","1560562_a_at"
"ZNF678","232028_at"
"ZNF680","229533_x_at"
"ZNF681","236672_at"
"ZNF682","242915_at"
"ZNF683","230756_at"
"ZNF684","232563_at"
"ZNF687","234924_s_at"
"ZNF687-AS1","236080_at"
"ZNF688","213527_s_at"
"ZNF689","227294_at"
"ZNF691","232780_s_at"
"ZNF692","220661_s_at"
"ZNF696","232162_at"
"ZNF697","227080_at"
"ZNF7","205089_at"
"ZNF70","1554578_at"
"ZNF700","223590_at"
"ZNF701","236589_at"
"ZNF702P","206557_at"
"ZNF703","222760_at"
"ZNF704","223366_at"
"ZNF705G","237711_at"
"ZNF706","218059_at"
"ZNF708","239482_x_at"
"ZNF709","242028_at"
"ZNF71","226514_at"
"ZNF710","213542_at"
"ZNF710-AS1","37590_g_at"
"ZNF711","228988_at"
"ZNF713","1560201_at"
"ZNF717","229986_at"
"ZNF718","1559746_a_at"
"ZNF721","215978_x_at"
"ZNF727","242206_at"
"ZNF732","1559275_x_at"
"ZNF736","235027_at"
"ZNF738","229700_at"
"ZNF74","235997_at"
"ZNF740","227331_at"
"ZNF746","225848_at"
"ZNF747","206180_x_at"
"ZNF749","215289_at"
"ZNF750","219995_s_at"
"ZNF75A","242633_x_at"
"ZNF75D","214813_at"
"ZNF76","207494_s_at"
"ZNF763","1558755_x_at"
"ZNF764","57516_at"
"ZNF765","1558942_at"
"ZNF766","227284_at"
"ZNF767P","219627_at"
"ZNF768","218916_at"
"ZNF77","229000_at"
"ZNF770","225517_at"
"ZNF771","219781_s_at"
"ZNF775","228226_s_at"
"ZNF776","228652_at"
"ZNF777","1553172_at"
"ZNF778","1556129_at"
"ZNF780A","238907_at"
"ZNF780B","242969_at"
"ZNF781","1559789_a_at"
"ZNF782","228156_at"
"ZNF783","78495_at"
"ZNF784","228364_at"
"ZNF785","242272_at"
"ZNF786","239083_at"
"ZNF787","213402_at"
"ZNF788P","244552_at"
"ZNF789","235231_at"
"ZNF79","216486_x_at"
"ZNF790-AS1","235779_at"
"ZNF791","1553703_at"
"ZNF792","235052_at"
"ZNF793","244180_at"
"ZNF793-AS1","229205_at"
"ZNF8","214901_at"
"ZNF8-DT","236093_at"
"ZNF80","1556467_at"
"ZNF800","227101_at"
"ZNF804A","215767_at"
"ZNF804B","1564022_at"
"ZNF805","238436_s_at"
"ZNF808","1554476_x_at"
"ZNF81","234111_at"
"ZNF813","217665_at"
"ZNF814","60794_f_at"
"ZNF816","217541_x_at"
"ZNF818P","238148_s_at"
"ZNF821","41397_at"
"ZNF823","229732_at"
"ZNF826P","1560853_x_at"
"ZNF827","228046_at"
"ZNF829","238952_x_at"
"ZNF83","221645_s_at"
"ZNF830","226323_at"
"ZNF831","1558827_a_at"
"ZNF835","215826_x_at"
"ZNF836","1569077_x_at"
"ZNF837","241277_x_at"
"ZNF839","221709_s_at"
"ZNF84","204453_at"
"ZNF84-DT","1569838_at"
"ZNF843","1564362_x_at"
"ZNF844","228346_at"
"ZNF846","1569157_s_at"
"ZNF85","206572_x_at"
"ZNF850","244640_at"
"ZNF850-DT","235358_at"
"ZNF852","1564662_at"
"ZNF853","232884_s_at"
"ZNF861P","234397_at"
"ZNF862","226808_at"
"ZNF865","238665_at"
"ZNF875","231836_at"
"ZNF876P","1569468_at"
"ZNF879","230421_at"
"ZNF880","232315_at"
"ZNF883","230876_at"
"ZNF891","1569283_at"
"ZNF90","1562133_x_at"
"ZNF91","206059_at"
"ZNF92","235170_at"
"ZNF93","215758_x_at"
"ZNF99","1553885_x_at"
"ZNFX1","225076_s_at"
"ZNG1B","229804_x_at"
"ZNHIT1","201541_s_at"
"ZNHIT2","219050_s_at"
"ZNHIT3","212544_at"
"ZNHIT6","218932_at"
"ZNRD2","203114_at"
"ZNRD2-DT","1557131_at"
"ZNRF1","223382_s_at"
"ZNRF2","226261_at"
"ZNRF2P1","1556404_a_at"
"ZNRF3","226360_at"
"ZNRF4","215461_at"
"ZP1","237335_at"
"ZP2","207933_at"
"ZP4","231756_at"
"ZPBP","207021_at"
"ZPBP2","231442_at"
"ZPLD1","1561969_at"
"ZPLD2P","1557776_at"
"ZPR1","200054_at"
"ZPR1P1","217186_at"
"ZRANB1","225131_at"
"ZRANB2","223716_s_at"
"ZRANB2-AS1","231030_at"
"ZRANB3","239538_at"
"ZRSR2","213876_x_at"
"ZSCAN1","1562651_at"
"ZSCAN10","1553875_s_at"
"ZSCAN12","206507_at"
"ZSCAN12P1","239157_at"
"ZSCAN16","219676_at"
"ZSCAN16-AS1","244730_x_at"
"ZSCAN18","218312_s_at"
"ZSCAN2","231188_at"
"ZSCAN20","1554790_at"
"ZSCAN21","223424_s_at"
"ZSCAN22","228769_at"
"ZSCAN23","1564039_at"
"ZSCAN25","228138_at"
"ZSCAN26","213218_at"
"ZSCAN29","226562_at"
"ZSCAN30","228130_at"
"ZSCAN31","222016_s_at"
"ZSCAN32","218937_at"
"ZSCAN4","1552851_at"
"ZSCAN5A","219904_at"
"ZSCAN9","205181_at"
"ZSWIM1","223607_x_at"
"ZSWIM2","1554932_at"
"ZSWIM3","228223_at"
"ZSWIM4","231915_at"
"ZSWIM5","232336_at"
"ZSWIM6","226208_at"
"ZSWIM7","229119_s_at"
"ZSWIM8","212359_s_at"
"ZSWIM9","238866_at"
"ZUP1","228330_at"
"ZW10","204812_at"
"ZWILCH","222606_at"
"ZWINT","204026_s_at"
"ZXDA","243521_at"
"ZXDB","228005_at"
"ZXDC","218639_s_at"
"ZYG11A","231517_at"
"ZYG11B","225350_s_at"
"ZYX","215706_x_at"
"ZZEF1","212601_at"
"ZZZ3","212893_at"
