"Title","GSM","Sample_status","Sample_submission_date","Sample_last_update_date","Sample_type","Sample_channel_count","Sample_source_name_ch1","Sample_organism_ch1","Sample_characteristics_ch1","Sample_characteristics_ch1.1","Sample_treatment_protocol_ch1","Sample_molecule_ch1","Sample_extract_protocol_ch1","Sample_label_ch1","Sample_label_protocol_ch1","Sample_taxid_ch1","Sample_hyb_protocol","Sample_scan_protocol","Sample_description","Sample_data_processing","Sample_platform_id","Sample_contact_name","Sample_contact_email","Sample_contact_laboratory","Sample_contact_department","Sample_contact_institute","Sample_contact_address","Sample_contact_city","Sample_contact_zip/postal_code","Sample_contact_country","Sample_supplementary_file","Sample_data_row_count","Sample_relation","Sample_relation.1","Donor","State","Included","Exclusion"
"N30162","GSM388076","Public on Jun 13 2009","Mar 31 2009","Aug 28 2018","RNA","1","pancreas","Homo sapiens","patient: 30162","sample: normal","Pairs of normal and tumor tissue samples were obtained at the time of surgery from resected pancreas of 36 pancreatic cancer patients. The tissue samples were snap-frozen in liquid nitrogen immediately upon surgical removal and maintained at −85°C. For histological evaluation, sections were stained with haematoxylin and eosin. The resected cancer specimens were not microdissected.","total RNA","Total RNA was extracted from the frozen tissue samples in two steps: RNA isolation using the TriReagent (Sigma) protocol, followed by RNA clean-up performed as described in the RNeasy (Qiagen) protocol. Briefly, tissues were homogenized in TriReagent (1 mL of TriReagent per 50-100mg of tissue). Then, RNA was precipitated from the aqueous phase with addition of isopropanol at half the volume of the original TriReagent volume and centrifugated at 12000 × g for 10 min. RNA was cleaned using an RNeasy column according to the manufacturer’s instructions (RNeasy Mini Kit, Qiagen) and eluted in 100 µL of RNase-free water. RNA sample quantitation was performed by means of spectrophotometry (Genequant, Pharmacia), while RNA quality (integrity) control was done with microfluidics technology (2100 Bioanalyser, Agilent Technologies).","biotin","Biotinylated cRNA were prepared according to the standard Affymetrix protocol from 3 ug total RNA (Expression Analysis Technical Manual, Affymetrix).","9606","The fragmented cRNA was hybridized to the oligonucleotide microarray, which was washed and stained with streptavidin-phycoerythrin.","Scanning was performed with an Affymetrix Microarray Scanner.","Gene expression data from surgical samples","Affymetrix GeneChip Operating Software (GCOS) Version 1.4 was used for low-level scanning data processing. The data was subsequently normalized using the RMA algorithm using the Bioconductor 1.9 package (http://www.bioconductor.org/) running under R version 1.9.1.","GPL570","Liviu,,Badea","badea.liviu@gmail.com","AI and Bioinformatics","Research","ICI","8-10 Averescu Blvd.","Bucharest","011455","Romania","ftp://ftp.ncbi.nlm.nih.gov/geo/samples/GSM388nnn/GSM388076/suppl/GSM388076.CEL.gz","54675","Reanalyzed by: GSE119087","","30162","Normal",TRUE,""
"N30162_rep","GSM388077","Public on Jun 13 2009","Mar 31 2009","Aug 28 2018","RNA","1","pancreas","Homo sapiens","patient: 30162","sample: normal","Pairs of normal and tumor tissue samples were obtained at the time of surgery from resected pancreas of 36 pancreatic cancer patients. The tissue samples were snap-frozen in liquid nitrogen immediately upon surgical removal and maintained at −85°C. For histological evaluation, sections were stained with haematoxylin and eosin. The resected cancer specimens were not microdissected.","total RNA","Total RNA was extracted from the frozen tissue samples in two steps: RNA isolation using the TriReagent (Sigma) protocol, followed by RNA clean-up performed as described in the RNeasy (Qiagen) protocol. Briefly, tissues were homogenized in TriReagent (1 mL of TriReagent per 50-100mg of tissue). Then, RNA was precipitated from the aqueous phase with addition of isopropanol at half the volume of the original TriReagent volume and centrifugated at 12000 × g for 10 min. RNA was cleaned using an RNeasy column according to the manufacturer’s instructions (RNeasy Mini Kit, Qiagen) and eluted in 100 µL of RNase-free water. RNA sample quantitation was performed by means of spectrophotometry (Genequant, Pharmacia), while RNA quality (integrity) control was done with microfluidics technology (2100 Bioanalyser, Agilent Technologies).","biotin","Biotinylated cRNA were prepared according to the standard Affymetrix protocol from 3 ug total RNA (Expression Analysis Technical Manual, Affymetrix).","9606","The fragmented cRNA was hybridized to the oligonucleotide microarray, which was washed and stained with streptavidin-phycoerythrin.","Scanning was performed with an Affymetrix Microarray Scanner.","Gene expression data from surgical samples","Affymetrix GeneChip Operating Software (GCOS) Version 1.4 was used for low-level scanning data processing. The data was subsequently normalized using the RMA algorithm using the Bioconductor 1.9 package (http://www.bioconductor.org/) running under R version 1.9.1.","GPL570","Liviu,,Badea","badea.liviu@gmail.com","AI and Bioinformatics","Research","ICI","8-10 Averescu Blvd.","Bucharest","011455","Romania","ftp://ftp.ncbi.nlm.nih.gov/geo/samples/GSM388nnn/GSM388077/suppl/GSM388077.CEL.gz","54675","Reanalyzed by: GSE119087","","30162","Normal",TRUE,""
"N40728","GSM388078","Public on Jun 13 2009","Mar 31 2009","Aug 28 2018","RNA","1","pancreas","Homo sapiens","patient: 40728","sample: normal","Pairs of normal and tumor tissue samples were obtained at the time of surgery from resected pancreas of 36 pancreatic cancer patients. The tissue samples were snap-frozen in liquid nitrogen immediately upon surgical removal and maintained at −85°C. For histological evaluation, sections were stained with haematoxylin and eosin. The resected cancer specimens were not microdissected.","total RNA","Total RNA was extracted from the frozen tissue samples in two steps: RNA isolation using the TriReagent (Sigma) protocol, followed by RNA clean-up performed as described in the RNeasy (Qiagen) protocol. Briefly, tissues were homogenized in TriReagent (1 mL of TriReagent per 50-100mg of tissue). Then, RNA was precipitated from the aqueous phase with addition of isopropanol at half the volume of the original TriReagent volume and centrifugated at 12000 × g for 10 min. RNA was cleaned using an RNeasy column according to the manufacturer’s instructions (RNeasy Mini Kit, Qiagen) and eluted in 100 µL of RNase-free water. RNA sample quantitation was performed by means of spectrophotometry (Genequant, Pharmacia), while RNA quality (integrity) control was done with microfluidics technology (2100 Bioanalyser, Agilent Technologies).","biotin","Biotinylated cRNA were prepared according to the standard Affymetrix protocol from 3 ug total RNA (Expression Analysis Technical Manual, Affymetrix).","9606","The fragmented cRNA was hybridized to the oligonucleotide microarray, which was washed and stained with streptavidin-phycoerythrin.","Scanning was performed with an Affymetrix Microarray Scanner.","Gene expression data from surgical samples","Affymetrix GeneChip Operating Software (GCOS) Version 1.4 was used for low-level scanning data processing. The data was subsequently normalized using the RMA algorithm using the Bioconductor 1.9 package (http://www.bioconductor.org/) running under R version 1.9.1.","GPL570","Liviu,,Badea","badea.liviu@gmail.com","AI and Bioinformatics","Research","ICI","8-10 Averescu Blvd.","Bucharest","011455","Romania","ftp://ftp.ncbi.nlm.nih.gov/geo/samples/GSM388nnn/GSM388078/suppl/GSM388078.CEL.gz","54675","Reanalyzed by: GSE119087","","40728","Normal",TRUE,""
"N40728_rep","GSM388079","Public on Jun 13 2009","Mar 31 2009","Aug 28 2018","RNA","1","pancreas","Homo sapiens","patient: 40728","sample: normal","Pairs of normal and tumor tissue samples were obtained at the time of surgery from resected pancreas of 36 pancreatic cancer patients. The tissue samples were snap-frozen in liquid nitrogen immediately upon surgical removal and maintained at −85°C. For histological evaluation, sections were stained with haematoxylin and eosin. The resected cancer specimens were not microdissected.","total RNA","Total RNA was extracted from the frozen tissue samples in two steps: RNA isolation using the TriReagent (Sigma) protocol, followed by RNA clean-up performed as described in the RNeasy (Qiagen) protocol. Briefly, tissues were homogenized in TriReagent (1 mL of TriReagent per 50-100mg of tissue). Then, RNA was precipitated from the aqueous phase with addition of isopropanol at half the volume of the original TriReagent volume and centrifugated at 12000 × g for 10 min. RNA was cleaned using an RNeasy column according to the manufacturer’s instructions (RNeasy Mini Kit, Qiagen) and eluted in 100 µL of RNase-free water. RNA sample quantitation was performed by means of spectrophotometry (Genequant, Pharmacia), while RNA quality (integrity) control was done with microfluidics technology (2100 Bioanalyser, Agilent Technologies).","biotin","Biotinylated cRNA were prepared according to the standard Affymetrix protocol from 3 ug total RNA (Expression Analysis Technical Manual, Affymetrix).","9606","The fragmented cRNA was hybridized to the oligonucleotide microarray, which was washed and stained with streptavidin-phycoerythrin.","Scanning was performed with an Affymetrix Microarray Scanner.","Gene expression data from surgical samples","Affymetrix GeneChip Operating Software (GCOS) Version 1.4 was used for low-level scanning data processing. The data was subsequently normalized using the RMA algorithm using the Bioconductor 1.9 package (http://www.bioconductor.org/) running under R version 1.9.1.","GPL570","Liviu,,Badea","badea.liviu@gmail.com","AI and Bioinformatics","Research","ICI","8-10 Averescu Blvd.","Bucharest","011455","Romania","ftp://ftp.ncbi.nlm.nih.gov/geo/samples/GSM388nnn/GSM388079/suppl/GSM388079.CEL.gz","54675","Reanalyzed by: GSE119087","","40728","Normal",TRUE,""
"N41027","GSM388080","Public on Jun 13 2009","Mar 31 2009","Aug 28 2018","RNA","1","pancreas","Homo sapiens","patient: 41027","sample: normal","Pairs of normal and tumor tissue samples were obtained at the time of surgery from resected pancreas of 36 pancreatic cancer patients. The tissue samples were snap-frozen in liquid nitrogen immediately upon surgical removal and maintained at −85°C. For histological evaluation, sections were stained with haematoxylin and eosin. The resected cancer specimens were not microdissected.","total RNA","Total RNA was extracted from the frozen tissue samples in two steps: RNA isolation using the TriReagent (Sigma) protocol, followed by RNA clean-up performed as described in the RNeasy (Qiagen) protocol. Briefly, tissues were homogenized in TriReagent (1 mL of TriReagent per 50-100mg of tissue). Then, RNA was precipitated from the aqueous phase with addition of isopropanol at half the volume of the original TriReagent volume and centrifugated at 12000 × g for 10 min. RNA was cleaned using an RNeasy column according to the manufacturer’s instructions (RNeasy Mini Kit, Qiagen) and eluted in 100 µL of RNase-free water. RNA sample quantitation was performed by means of spectrophotometry (Genequant, Pharmacia), while RNA quality (integrity) control was done with microfluidics technology (2100 Bioanalyser, Agilent Technologies).","biotin","Biotinylated cRNA were prepared according to the standard Affymetrix protocol from 3 ug total RNA (Expression Analysis Technical Manual, Affymetrix).","9606","The fragmented cRNA was hybridized to the oligonucleotide microarray, which was washed and stained with streptavidin-phycoerythrin.","Scanning was performed with an Affymetrix Microarray Scanner.","Gene expression data from surgical samples","Affymetrix GeneChip Operating Software (GCOS) Version 1.4 was used for low-level scanning data processing. The data was subsequently normalized using the RMA algorithm using the Bioconductor 1.9 package (http://www.bioconductor.org/) running under R version 1.9.1.","GPL570","Liviu,,Badea","badea.liviu@gmail.com","AI and Bioinformatics","Research","ICI","8-10 Averescu Blvd.","Bucharest","011455","Romania","ftp://ftp.ncbi.nlm.nih.gov/geo/samples/GSM388nnn/GSM388080/suppl/GSM388080.CEL.gz","54675","Reanalyzed by: GSE119087","","41027","Normal",TRUE,""
"N41027_rep","GSM388081","Public on Jun 13 2009","Mar 31 2009","Aug 28 2018","RNA","1","pancreas","Homo sapiens","patient: 41027","sample: normal","Pairs of normal and tumor tissue samples were obtained at the time of surgery from resected pancreas of 36 pancreatic cancer patients. The tissue samples were snap-frozen in liquid nitrogen immediately upon surgical removal and maintained at −85°C. For histological evaluation, sections were stained with haematoxylin and eosin. The resected cancer specimens were not microdissected.","total RNA","Total RNA was extracted from the frozen tissue samples in two steps: RNA isolation using the TriReagent (Sigma) protocol, followed by RNA clean-up performed as described in the RNeasy (Qiagen) protocol. Briefly, tissues were homogenized in TriReagent (1 mL of TriReagent per 50-100mg of tissue). Then, RNA was precipitated from the aqueous phase with addition of isopropanol at half the volume of the original TriReagent volume and centrifugated at 12000 × g for 10 min. RNA was cleaned using an RNeasy column according to the manufacturer’s instructions (RNeasy Mini Kit, Qiagen) and eluted in 100 µL of RNase-free water. RNA sample quantitation was performed by means of spectrophotometry (Genequant, Pharmacia), while RNA quality (integrity) control was done with microfluidics technology (2100 Bioanalyser, Agilent Technologies).","biotin","Biotinylated cRNA were prepared according to the standard Affymetrix protocol from 3 ug total RNA (Expression Analysis Technical Manual, Affymetrix).","9606","The fragmented cRNA was hybridized to the oligonucleotide microarray, which was washed and stained with streptavidin-phycoerythrin.","Scanning was performed with an Affymetrix Microarray Scanner.","Gene expression data from surgical samples","Affymetrix GeneChip Operating Software (GCOS) Version 1.4 was used for low-level scanning data processing. The data was subsequently normalized using the RMA algorithm using the Bioconductor 1.9 package (http://www.bioconductor.org/) running under R version 1.9.1.","GPL570","Liviu,,Badea","badea.liviu@gmail.com","AI and Bioinformatics","Research","ICI","8-10 Averescu Blvd.","Bucharest","011455","Romania","ftp://ftp.ncbi.nlm.nih.gov/geo/samples/GSM388nnn/GSM388081/suppl/GSM388081.CEL.gz","54675","Reanalyzed by: GSE119087","","41027","Normal",TRUE,""
"N30057","GSM388082","Public on Jun 13 2009","Mar 31 2009","Aug 28 2018","RNA","1","pancreas","Homo sapiens","patient: 30057","sample: normal","Pairs of normal and tumor tissue samples were obtained at the time of surgery from resected pancreas of 36 pancreatic cancer patients. The tissue samples were snap-frozen in liquid nitrogen immediately upon surgical removal and maintained at −85°C. For histological evaluation, sections were stained with haematoxylin and eosin. The resected cancer specimens were not microdissected.","total RNA","Total RNA was extracted from the frozen tissue samples in two steps: RNA isolation using the TriReagent (Sigma) protocol, followed by RNA clean-up performed as described in the RNeasy (Qiagen) protocol. Briefly, tissues were homogenized in TriReagent (1 mL of TriReagent per 50-100mg of tissue). Then, RNA was precipitated from the aqueous phase with addition of isopropanol at half the volume of the original TriReagent volume and centrifugated at 12000 × g for 10 min. RNA was cleaned using an RNeasy column according to the manufacturer’s instructions (RNeasy Mini Kit, Qiagen) and eluted in 100 µL of RNase-free water. RNA sample quantitation was performed by means of spectrophotometry (Genequant, Pharmacia), while RNA quality (integrity) control was done with microfluidics technology (2100 Bioanalyser, Agilent Technologies).","biotin","Biotinylated cRNA were prepared according to the standard Affymetrix protocol from 3 ug total RNA (Expression Analysis Technical Manual, Affymetrix).","9606","The fragmented cRNA was hybridized to the oligonucleotide microarray, which was washed and stained with streptavidin-phycoerythrin.","Scanning was performed with an Affymetrix Microarray Scanner.","Gene expression data from surgical samples","Affymetrix GeneChip Operating Software (GCOS) Version 1.4 was used for low-level scanning data processing. The data was subsequently normalized using the RMA algorithm using the Bioconductor 1.9 package (http://www.bioconductor.org/) running under R version 1.9.1.","GPL570","Liviu,,Badea","badea.liviu@gmail.com","AI and Bioinformatics","Research","ICI","8-10 Averescu Blvd.","Bucharest","011455","Romania","ftp://ftp.ncbi.nlm.nih.gov/geo/samples/GSM388nnn/GSM388082/suppl/GSM388082.CEL.gz","54675","Reanalyzed by: GSE119087","","30057","Normal",TRUE,""
"N30068","GSM388083","Public on Jun 13 2009","Mar 31 2009","Aug 28 2018","RNA","1","pancreas","Homo sapiens","patient: 30068","sample: normal","Pairs of normal and tumor tissue samples were obtained at the time of surgery from resected pancreas of 36 pancreatic cancer patients. The tissue samples were snap-frozen in liquid nitrogen immediately upon surgical removal and maintained at −85°C. For histological evaluation, sections were stained with haematoxylin and eosin. The resected cancer specimens were not microdissected.","total RNA","Total RNA was extracted from the frozen tissue samples in two steps: RNA isolation using the TriReagent (Sigma) protocol, followed by RNA clean-up performed as described in the RNeasy (Qiagen) protocol. Briefly, tissues were homogenized in TriReagent (1 mL of TriReagent per 50-100mg of tissue). Then, RNA was precipitated from the aqueous phase with addition of isopropanol at half the volume of the original TriReagent volume and centrifugated at 12000 × g for 10 min. RNA was cleaned using an RNeasy column according to the manufacturer’s instructions (RNeasy Mini Kit, Qiagen) and eluted in 100 µL of RNase-free water. RNA sample quantitation was performed by means of spectrophotometry (Genequant, Pharmacia), while RNA quality (integrity) control was done with microfluidics technology (2100 Bioanalyser, Agilent Technologies).","biotin","Biotinylated cRNA were prepared according to the standard Affymetrix protocol from 3 ug total RNA (Expression Analysis Technical Manual, Affymetrix).","9606","The fragmented cRNA was hybridized to the oligonucleotide microarray, which was washed and stained with streptavidin-phycoerythrin.","Scanning was performed with an Affymetrix Microarray Scanner.","Gene expression data from surgical samples","Affymetrix GeneChip Operating Software (GCOS) Version 1.4 was used for low-level scanning data processing. The data was subsequently normalized using the RMA algorithm using the Bioconductor 1.9 package (http://www.bioconductor.org/) running under R version 1.9.1.","GPL570","Liviu,,Badea","badea.liviu@gmail.com","AI and Bioinformatics","Research","ICI","8-10 Averescu Blvd.","Bucharest","011455","Romania","ftp://ftp.ncbi.nlm.nih.gov/geo/samples/GSM388nnn/GSM388083/suppl/GSM388083.CEL.gz","54675","Reanalyzed by: GSE119087","","30068","Normal",TRUE,""
"N30277","GSM388084","Public on Jun 13 2009","Mar 31 2009","Aug 28 2018","RNA","1","pancreas","Homo sapiens","patient: 30277","sample: normal","Pairs of normal and tumor tissue samples were obtained at the time of surgery from resected pancreas of 36 pancreatic cancer patients. The tissue samples were snap-frozen in liquid nitrogen immediately upon surgical removal and maintained at −85°C. For histological evaluation, sections were stained with haematoxylin and eosin. The resected cancer specimens were not microdissected.","total RNA","Total RNA was extracted from the frozen tissue samples in two steps: RNA isolation using the TriReagent (Sigma) protocol, followed by RNA clean-up performed as described in the RNeasy (Qiagen) protocol. Briefly, tissues were homogenized in TriReagent (1 mL of TriReagent per 50-100mg of tissue). Then, RNA was precipitated from the aqueous phase with addition of isopropanol at half the volume of the original TriReagent volume and centrifugated at 12000 × g for 10 min. RNA was cleaned using an RNeasy column according to the manufacturer’s instructions (RNeasy Mini Kit, Qiagen) and eluted in 100 µL of RNase-free water. RNA sample quantitation was performed by means of spectrophotometry (Genequant, Pharmacia), while RNA quality (integrity) control was done with microfluidics technology (2100 Bioanalyser, Agilent Technologies).","biotin","Biotinylated cRNA were prepared according to the standard Affymetrix protocol from 3 ug total RNA (Expression Analysis Technical Manual, Affymetrix).","9606","The fragmented cRNA was hybridized to the oligonucleotide microarray, which was washed and stained with streptavidin-phycoerythrin.","Scanning was performed with an Affymetrix Microarray Scanner.","Gene expression data from surgical samples","Affymetrix GeneChip Operating Software (GCOS) Version 1.4 was used for low-level scanning data processing. The data was subsequently normalized using the RMA algorithm using the Bioconductor 1.9 package (http://www.bioconductor.org/) running under R version 1.9.1.","GPL570","Liviu,,Badea","badea.liviu@gmail.com","AI and Bioinformatics","Research","ICI","8-10 Averescu Blvd.","Bucharest","011455","Romania","ftp://ftp.ncbi.nlm.nih.gov/geo/samples/GSM388nnn/GSM388084/suppl/GSM388084.CEL.gz","54675","Reanalyzed by: GSE119087","","30277","Normal",TRUE,""
"N30308","GSM388085","Public on Jun 13 2009","Mar 31 2009","Aug 28 2018","RNA","1","pancreas","Homo sapiens","patient: 30308","sample: normal","Pairs of normal and tumor tissue samples were obtained at the time of surgery from resected pancreas of 36 pancreatic cancer patients. The tissue samples were snap-frozen in liquid nitrogen immediately upon surgical removal and maintained at −85°C. For histological evaluation, sections were stained with haematoxylin and eosin. The resected cancer specimens were not microdissected.","total RNA","Total RNA was extracted from the frozen tissue samples in two steps: RNA isolation using the TriReagent (Sigma) protocol, followed by RNA clean-up performed as described in the RNeasy (Qiagen) protocol. Briefly, tissues were homogenized in TriReagent (1 mL of TriReagent per 50-100mg of tissue). Then, RNA was precipitated from the aqueous phase with addition of isopropanol at half the volume of the original TriReagent volume and centrifugated at 12000 × g for 10 min. RNA was cleaned using an RNeasy column according to the manufacturer’s instructions (RNeasy Mini Kit, Qiagen) and eluted in 100 µL of RNase-free water. RNA sample quantitation was performed by means of spectrophotometry (Genequant, Pharmacia), while RNA quality (integrity) control was done with microfluidics technology (2100 Bioanalyser, Agilent Technologies).","biotin","Biotinylated cRNA were prepared according to the standard Affymetrix protocol from 3 ug total RNA (Expression Analysis Technical Manual, Affymetrix).","9606","The fragmented cRNA was hybridized to the oligonucleotide microarray, which was washed and stained with streptavidin-phycoerythrin.","Scanning was performed with an Affymetrix Microarray Scanner.","Gene expression data from surgical samples","Affymetrix GeneChip Operating Software (GCOS) Version 1.4 was used for low-level scanning data processing. The data was subsequently normalized using the RMA algorithm using the Bioconductor 1.9 package (http://www.bioconductor.org/) running under R version 1.9.1.","GPL570","Liviu,,Badea","badea.liviu@gmail.com","AI and Bioinformatics","Research","ICI","8-10 Averescu Blvd.","Bucharest","011455","Romania","ftp://ftp.ncbi.nlm.nih.gov/geo/samples/GSM388nnn/GSM388085/suppl/GSM388085.CEL.gz","54675","Reanalyzed by: GSE119087","","30308","Normal",TRUE,""
"N30364","GSM388086","Public on Jun 13 2009","Mar 31 2009","Aug 28 2018","RNA","1","pancreas","Homo sapiens","patient: 30364","sample: normal","Pairs of normal and tumor tissue samples were obtained at the time of surgery from resected pancreas of 36 pancreatic cancer patients. The tissue samples were snap-frozen in liquid nitrogen immediately upon surgical removal and maintained at −85°C. For histological evaluation, sections were stained with haematoxylin and eosin. The resected cancer specimens were not microdissected.","total RNA","Total RNA was extracted from the frozen tissue samples in two steps: RNA isolation using the TriReagent (Sigma) protocol, followed by RNA clean-up performed as described in the RNeasy (Qiagen) protocol. Briefly, tissues were homogenized in TriReagent (1 mL of TriReagent per 50-100mg of tissue). Then, RNA was precipitated from the aqueous phase with addition of isopropanol at half the volume of the original TriReagent volume and centrifugated at 12000 × g for 10 min. RNA was cleaned using an RNeasy column according to the manufacturer’s instructions (RNeasy Mini Kit, Qiagen) and eluted in 100 µL of RNase-free water. RNA sample quantitation was performed by means of spectrophotometry (Genequant, Pharmacia), while RNA quality (integrity) control was done with microfluidics technology (2100 Bioanalyser, Agilent Technologies).","biotin","Biotinylated cRNA were prepared according to the standard Affymetrix protocol from 3 ug total RNA (Expression Analysis Technical Manual, Affymetrix).","9606","The fragmented cRNA was hybridized to the oligonucleotide microarray, which was washed and stained with streptavidin-phycoerythrin.","Scanning was performed with an Affymetrix Microarray Scanner.","Gene expression data from surgical samples","Affymetrix GeneChip Operating Software (GCOS) Version 1.4 was used for low-level scanning data processing. The data was subsequently normalized using the RMA algorithm using the Bioconductor 1.9 package (http://www.bioconductor.org/) running under R version 1.9.1.","GPL570","Liviu,,Badea","badea.liviu@gmail.com","AI and Bioinformatics","Research","ICI","8-10 Averescu Blvd.","Bucharest","011455","Romania","ftp://ftp.ncbi.nlm.nih.gov/geo/samples/GSM388nnn/GSM388086/suppl/GSM388086.CEL.gz","54675","Reanalyzed by: GSE119087","","30364","Normal",TRUE,""
"N30582","GSM388087","Public on Jun 13 2009","Mar 31 2009","Aug 28 2018","RNA","1","pancreas","Homo sapiens","patient: 30582","sample: normal","Pairs of normal and tumor tissue samples were obtained at the time of surgery from resected pancreas of 36 pancreatic cancer patients. The tissue samples were snap-frozen in liquid nitrogen immediately upon surgical removal and maintained at −85°C. For histological evaluation, sections were stained with haematoxylin and eosin. The resected cancer specimens were not microdissected.","total RNA","Total RNA was extracted from the frozen tissue samples in two steps: RNA isolation using the TriReagent (Sigma) protocol, followed by RNA clean-up performed as described in the RNeasy (Qiagen) protocol. Briefly, tissues were homogenized in TriReagent (1 mL of TriReagent per 50-100mg of tissue). Then, RNA was precipitated from the aqueous phase with addition of isopropanol at half the volume of the original TriReagent volume and centrifugated at 12000 × g for 10 min. RNA was cleaned using an RNeasy column according to the manufacturer’s instructions (RNeasy Mini Kit, Qiagen) and eluted in 100 µL of RNase-free water. RNA sample quantitation was performed by means of spectrophotometry (Genequant, Pharmacia), while RNA quality (integrity) control was done with microfluidics technology (2100 Bioanalyser, Agilent Technologies).","biotin","Biotinylated cRNA were prepared according to the standard Affymetrix protocol from 3 ug total RNA (Expression Analysis Technical Manual, Affymetrix).","9606","The fragmented cRNA was hybridized to the oligonucleotide microarray, which was washed and stained with streptavidin-phycoerythrin.","Scanning was performed with an Affymetrix Microarray Scanner.","Gene expression data from surgical samples","Affymetrix GeneChip Operating Software (GCOS) Version 1.4 was used for low-level scanning data processing. The data was subsequently normalized using the RMA algorithm using the Bioconductor 1.9 package (http://www.bioconductor.org/) running under R version 1.9.1.","GPL570","Liviu,,Badea","badea.liviu@gmail.com","AI and Bioinformatics","Research","ICI","8-10 Averescu Blvd.","Bucharest","011455","Romania","ftp://ftp.ncbi.nlm.nih.gov/geo/samples/GSM388nnn/GSM388087/suppl/GSM388087.CEL.gz","54675","Reanalyzed by: GSE119087","","30582","Normal",TRUE,""
"N30617","GSM388088","Public on Jun 13 2009","Mar 31 2009","Aug 28 2018","RNA","1","pancreas","Homo sapiens","patient: 30617","sample: normal","Pairs of normal and tumor tissue samples were obtained at the time of surgery from resected pancreas of 36 pancreatic cancer patients. The tissue samples were snap-frozen in liquid nitrogen immediately upon surgical removal and maintained at −85°C. For histological evaluation, sections were stained with haematoxylin and eosin. The resected cancer specimens were not microdissected.","total RNA","Total RNA was extracted from the frozen tissue samples in two steps: RNA isolation using the TriReagent (Sigma) protocol, followed by RNA clean-up performed as described in the RNeasy (Qiagen) protocol. Briefly, tissues were homogenized in TriReagent (1 mL of TriReagent per 50-100mg of tissue). Then, RNA was precipitated from the aqueous phase with addition of isopropanol at half the volume of the original TriReagent volume and centrifugated at 12000 × g for 10 min. RNA was cleaned using an RNeasy column according to the manufacturer’s instructions (RNeasy Mini Kit, Qiagen) and eluted in 100 µL of RNase-free water. RNA sample quantitation was performed by means of spectrophotometry (Genequant, Pharmacia), while RNA quality (integrity) control was done with microfluidics technology (2100 Bioanalyser, Agilent Technologies).","biotin","Biotinylated cRNA were prepared according to the standard Affymetrix protocol from 3 ug total RNA (Expression Analysis Technical Manual, Affymetrix).","9606","The fragmented cRNA was hybridized to the oligonucleotide microarray, which was washed and stained with streptavidin-phycoerythrin.","Scanning was performed with an Affymetrix Microarray Scanner.","Gene expression data from surgical samples","Affymetrix GeneChip Operating Software (GCOS) Version 1.4 was used for low-level scanning data processing. The data was subsequently normalized using the RMA algorithm using the Bioconductor 1.9 package (http://www.bioconductor.org/) running under R version 1.9.1.","GPL570","Liviu,,Badea","badea.liviu@gmail.com","AI and Bioinformatics","Research","ICI","8-10 Averescu Blvd.","Bucharest","011455","Romania","ftp://ftp.ncbi.nlm.nih.gov/geo/samples/GSM388nnn/GSM388088/suppl/GSM388088.CEL.gz","54675","Reanalyzed by: GSE119087","","30617","Normal",TRUE,""
"N40645","GSM388089","Public on Jun 13 2009","Mar 31 2009","Aug 28 2018","RNA","1","pancreas","Homo sapiens","patient: 40645","sample: normal","Pairs of normal and tumor tissue samples were obtained at the time of surgery from resected pancreas of 36 pancreatic cancer patients. The tissue samples were snap-frozen in liquid nitrogen immediately upon surgical removal and maintained at −85°C. For histological evaluation, sections were stained with haematoxylin and eosin. The resected cancer specimens were not microdissected.","total RNA","Total RNA was extracted from the frozen tissue samples in two steps: RNA isolation using the TriReagent (Sigma) protocol, followed by RNA clean-up performed as described in the RNeasy (Qiagen) protocol. Briefly, tissues were homogenized in TriReagent (1 mL of TriReagent per 50-100mg of tissue). Then, RNA was precipitated from the aqueous phase with addition of isopropanol at half the volume of the original TriReagent volume and centrifugated at 12000 × g for 10 min. RNA was cleaned using an RNeasy column according to the manufacturer’s instructions (RNeasy Mini Kit, Qiagen) and eluted in 100 µL of RNase-free water. RNA sample quantitation was performed by means of spectrophotometry (Genequant, Pharmacia), while RNA quality (integrity) control was done with microfluidics technology (2100 Bioanalyser, Agilent Technologies).","biotin","Biotinylated cRNA were prepared according to the standard Affymetrix protocol from 3 ug total RNA (Expression Analysis Technical Manual, Affymetrix).","9606","The fragmented cRNA was hybridized to the oligonucleotide microarray, which was washed and stained with streptavidin-phycoerythrin.","Scanning was performed with an Affymetrix Microarray Scanner.","Gene expression data from surgical samples","Affymetrix GeneChip Operating Software (GCOS) Version 1.4 was used for low-level scanning data processing. The data was subsequently normalized using the RMA algorithm using the Bioconductor 1.9 package (http://www.bioconductor.org/) running under R version 1.9.1.","GPL570","Liviu,,Badea","badea.liviu@gmail.com","AI and Bioinformatics","Research","ICI","8-10 Averescu Blvd.","Bucharest","011455","Romania","ftp://ftp.ncbi.nlm.nih.gov/geo/samples/GSM388nnn/GSM388089/suppl/GSM388089.CEL.gz","54675","Reanalyzed by: GSE119087","","40645","Normal",TRUE,""
"N40656","GSM388090","Public on Jun 13 2009","Mar 31 2009","Aug 28 2018","RNA","1","pancreas","Homo sapiens","patient: 40656","sample: normal","Pairs of normal and tumor tissue samples were obtained at the time of surgery from resected pancreas of 36 pancreatic cancer patients. The tissue samples were snap-frozen in liquid nitrogen immediately upon surgical removal and maintained at −85°C. For histological evaluation, sections were stained with haematoxylin and eosin. The resected cancer specimens were not microdissected.","total RNA","Total RNA was extracted from the frozen tissue samples in two steps: RNA isolation using the TriReagent (Sigma) protocol, followed by RNA clean-up performed as described in the RNeasy (Qiagen) protocol. Briefly, tissues were homogenized in TriReagent (1 mL of TriReagent per 50-100mg of tissue). Then, RNA was precipitated from the aqueous phase with addition of isopropanol at half the volume of the original TriReagent volume and centrifugated at 12000 × g for 10 min. RNA was cleaned using an RNeasy column according to the manufacturer’s instructions (RNeasy Mini Kit, Qiagen) and eluted in 100 µL of RNase-free water. RNA sample quantitation was performed by means of spectrophotometry (Genequant, Pharmacia), while RNA quality (integrity) control was done with microfluidics technology (2100 Bioanalyser, Agilent Technologies).","biotin","Biotinylated cRNA were prepared according to the standard Affymetrix protocol from 3 ug total RNA (Expression Analysis Technical Manual, Affymetrix).","9606","The fragmented cRNA was hybridized to the oligonucleotide microarray, which was washed and stained with streptavidin-phycoerythrin.","Scanning was performed with an Affymetrix Microarray Scanner.","Gene expression data from surgical samples","Affymetrix GeneChip Operating Software (GCOS) Version 1.4 was used for low-level scanning data processing. The data was subsequently normalized using the RMA algorithm using the Bioconductor 1.9 package (http://www.bioconductor.org/) running under R version 1.9.1.","GPL570","Liviu,,Badea","badea.liviu@gmail.com","AI and Bioinformatics","Research","ICI","8-10 Averescu Blvd.","Bucharest","011455","Romania","ftp://ftp.ncbi.nlm.nih.gov/geo/samples/GSM388nnn/GSM388090/suppl/GSM388090.CEL.gz","54675","Reanalyzed by: GSE119087","","40656","Normal",TRUE,""
"N40726","GSM388091","Public on Jun 13 2009","Mar 31 2009","Aug 28 2018","RNA","1","pancreas","Homo sapiens","patient: 40726","sample: normal","Pairs of normal and tumor tissue samples were obtained at the time of surgery from resected pancreas of 36 pancreatic cancer patients. The tissue samples were snap-frozen in liquid nitrogen immediately upon surgical removal and maintained at −85°C. For histological evaluation, sections were stained with haematoxylin and eosin. The resected cancer specimens were not microdissected.","total RNA","Total RNA was extracted from the frozen tissue samples in two steps: RNA isolation using the TriReagent (Sigma) protocol, followed by RNA clean-up performed as described in the RNeasy (Qiagen) protocol. Briefly, tissues were homogenized in TriReagent (1 mL of TriReagent per 50-100mg of tissue). Then, RNA was precipitated from the aqueous phase with addition of isopropanol at half the volume of the original TriReagent volume and centrifugated at 12000 × g for 10 min. RNA was cleaned using an RNeasy column according to the manufacturer’s instructions (RNeasy Mini Kit, Qiagen) and eluted in 100 µL of RNase-free water. RNA sample quantitation was performed by means of spectrophotometry (Genequant, Pharmacia), while RNA quality (integrity) control was done with microfluidics technology (2100 Bioanalyser, Agilent Technologies).","biotin","Biotinylated cRNA were prepared according to the standard Affymetrix protocol from 3 ug total RNA (Expression Analysis Technical Manual, Affymetrix).","9606","The fragmented cRNA was hybridized to the oligonucleotide microarray, which was washed and stained with streptavidin-phycoerythrin.","Scanning was performed with an Affymetrix Microarray Scanner.","Gene expression data from surgical samples","Affymetrix GeneChip Operating Software (GCOS) Version 1.4 was used for low-level scanning data processing. The data was subsequently normalized using the RMA algorithm using the Bioconductor 1.9 package (http://www.bioconductor.org/) running under R version 1.9.1.","GPL570","Liviu,,Badea","badea.liviu@gmail.com","AI and Bioinformatics","Research","ICI","8-10 Averescu Blvd.","Bucharest","011455","Romania","ftp://ftp.ncbi.nlm.nih.gov/geo/samples/GSM388nnn/GSM388091/suppl/GSM388091.CEL.gz","54675","Reanalyzed by: GSE119087","","40726","Normal",TRUE,""
"N40730","GSM388092","Public on Jun 13 2009","Mar 31 2009","Aug 28 2018","RNA","1","pancreas","Homo sapiens","patient: 40730","sample: normal","Pairs of normal and tumor tissue samples were obtained at the time of surgery from resected pancreas of 36 pancreatic cancer patients. The tissue samples were snap-frozen in liquid nitrogen immediately upon surgical removal and maintained at −85°C. For histological evaluation, sections were stained with haematoxylin and eosin. The resected cancer specimens were not microdissected.","total RNA","Total RNA was extracted from the frozen tissue samples in two steps: RNA isolation using the TriReagent (Sigma) protocol, followed by RNA clean-up performed as described in the RNeasy (Qiagen) protocol. Briefly, tissues were homogenized in TriReagent (1 mL of TriReagent per 50-100mg of tissue). Then, RNA was precipitated from the aqueous phase with addition of isopropanol at half the volume of the original TriReagent volume and centrifugated at 12000 × g for 10 min. RNA was cleaned using an RNeasy column according to the manufacturer’s instructions (RNeasy Mini Kit, Qiagen) and eluted in 100 µL of RNase-free water. RNA sample quantitation was performed by means of spectrophotometry (Genequant, Pharmacia), while RNA quality (integrity) control was done with microfluidics technology (2100 Bioanalyser, Agilent Technologies).","biotin","Biotinylated cRNA were prepared according to the standard Affymetrix protocol from 3 ug total RNA (Expression Analysis Technical Manual, Affymetrix).","9606","The fragmented cRNA was hybridized to the oligonucleotide microarray, which was washed and stained with streptavidin-phycoerythrin.","Scanning was performed with an Affymetrix Microarray Scanner.","Gene expression data from surgical samples","Affymetrix GeneChip Operating Software (GCOS) Version 1.4 was used for low-level scanning data processing. The data was subsequently normalized using the RMA algorithm using the Bioconductor 1.9 package (http://www.bioconductor.org/) running under R version 1.9.1.","GPL570","Liviu,,Badea","badea.liviu@gmail.com","AI and Bioinformatics","Research","ICI","8-10 Averescu Blvd.","Bucharest","011455","Romania","ftp://ftp.ncbi.nlm.nih.gov/geo/samples/GSM388nnn/GSM388092/suppl/GSM388092.CEL.gz","54675","Reanalyzed by: GSE119087","","40730","Normal",TRUE,""
"N40741","GSM388093","Public on Jun 13 2009","Mar 31 2009","Aug 28 2018","RNA","1","pancreas","Homo sapiens","patient: 40741","sample: normal","Pairs of normal and tumor tissue samples were obtained at the time of surgery from resected pancreas of 36 pancreatic cancer patients. The tissue samples were snap-frozen in liquid nitrogen immediately upon surgical removal and maintained at −85°C. For histological evaluation, sections were stained with haematoxylin and eosin. The resected cancer specimens were not microdissected.","total RNA","Total RNA was extracted from the frozen tissue samples in two steps: RNA isolation using the TriReagent (Sigma) protocol, followed by RNA clean-up performed as described in the RNeasy (Qiagen) protocol. Briefly, tissues were homogenized in TriReagent (1 mL of TriReagent per 50-100mg of tissue). Then, RNA was precipitated from the aqueous phase with addition of isopropanol at half the volume of the original TriReagent volume and centrifugated at 12000 × g for 10 min. RNA was cleaned using an RNeasy column according to the manufacturer’s instructions (RNeasy Mini Kit, Qiagen) and eluted in 100 µL of RNase-free water. RNA sample quantitation was performed by means of spectrophotometry (Genequant, Pharmacia), while RNA quality (integrity) control was done with microfluidics technology (2100 Bioanalyser, Agilent Technologies).","biotin","Biotinylated cRNA were prepared according to the standard Affymetrix protocol from 3 ug total RNA (Expression Analysis Technical Manual, Affymetrix).","9606","The fragmented cRNA was hybridized to the oligonucleotide microarray, which was washed and stained with streptavidin-phycoerythrin.","Scanning was performed with an Affymetrix Microarray Scanner.","Gene expression data from surgical samples","Affymetrix GeneChip Operating Software (GCOS) Version 1.4 was used for low-level scanning data processing. The data was subsequently normalized using the RMA algorithm using the Bioconductor 1.9 package (http://www.bioconductor.org/) running under R version 1.9.1.","GPL570","Liviu,,Badea","badea.liviu@gmail.com","AI and Bioinformatics","Research","ICI","8-10 Averescu Blvd.","Bucharest","011455","Romania","ftp://ftp.ncbi.nlm.nih.gov/geo/samples/GSM388nnn/GSM388093/suppl/GSM388093.CEL.gz","54675","Reanalyzed by: GSE119087","","40741","Normal",TRUE,""
"N40836","GSM388094","Public on Jun 13 2009","Mar 31 2009","Aug 28 2018","RNA","1","pancreas","Homo sapiens","patient: 40836","sample: normal","Pairs of normal and tumor tissue samples were obtained at the time of surgery from resected pancreas of 36 pancreatic cancer patients. The tissue samples were snap-frozen in liquid nitrogen immediately upon surgical removal and maintained at −85°C. For histological evaluation, sections were stained with haematoxylin and eosin. The resected cancer specimens were not microdissected.","total RNA","Total RNA was extracted from the frozen tissue samples in two steps: RNA isolation using the TriReagent (Sigma) protocol, followed by RNA clean-up performed as described in the RNeasy (Qiagen) protocol. Briefly, tissues were homogenized in TriReagent (1 mL of TriReagent per 50-100mg of tissue). Then, RNA was precipitated from the aqueous phase with addition of isopropanol at half the volume of the original TriReagent volume and centrifugated at 12000 × g for 10 min. RNA was cleaned using an RNeasy column according to the manufacturer’s instructions (RNeasy Mini Kit, Qiagen) and eluted in 100 µL of RNase-free water. RNA sample quantitation was performed by means of spectrophotometry (Genequant, Pharmacia), while RNA quality (integrity) control was done with microfluidics technology (2100 Bioanalyser, Agilent Technologies).","biotin","Biotinylated cRNA were prepared according to the standard Affymetrix protocol from 3 ug total RNA (Expression Analysis Technical Manual, Affymetrix).","9606","The fragmented cRNA was hybridized to the oligonucleotide microarray, which was washed and stained with streptavidin-phycoerythrin.","Scanning was performed with an Affymetrix Microarray Scanner.","Gene expression data from surgical samples","Affymetrix GeneChip Operating Software (GCOS) Version 1.4 was used for low-level scanning data processing. The data was subsequently normalized using the RMA algorithm using the Bioconductor 1.9 package (http://www.bioconductor.org/) running under R version 1.9.1.","GPL570","Liviu,,Badea","badea.liviu@gmail.com","AI and Bioinformatics","Research","ICI","8-10 Averescu Blvd.","Bucharest","011455","Romania","ftp://ftp.ncbi.nlm.nih.gov/geo/samples/GSM388nnn/GSM388094/suppl/GSM388094.CEL.gz","54675","Reanalyzed by: GSE119087","","40836","Normal",TRUE,""
"N40843","GSM388095","Public on Jun 13 2009","Mar 31 2009","Aug 28 2018","RNA","1","pancreas","Homo sapiens","patient: 40843","sample: normal","Pairs of normal and tumor tissue samples were obtained at the time of surgery from resected pancreas of 36 pancreatic cancer patients. The tissue samples were snap-frozen in liquid nitrogen immediately upon surgical removal and maintained at −85°C. For histological evaluation, sections were stained with haematoxylin and eosin. The resected cancer specimens were not microdissected.","total RNA","Total RNA was extracted from the frozen tissue samples in two steps: RNA isolation using the TriReagent (Sigma) protocol, followed by RNA clean-up performed as described in the RNeasy (Qiagen) protocol. Briefly, tissues were homogenized in TriReagent (1 mL of TriReagent per 50-100mg of tissue). Then, RNA was precipitated from the aqueous phase with addition of isopropanol at half the volume of the original TriReagent volume and centrifugated at 12000 × g for 10 min. RNA was cleaned using an RNeasy column according to the manufacturer’s instructions (RNeasy Mini Kit, Qiagen) and eluted in 100 µL of RNase-free water. RNA sample quantitation was performed by means of spectrophotometry (Genequant, Pharmacia), while RNA quality (integrity) control was done with microfluidics technology (2100 Bioanalyser, Agilent Technologies).","biotin","Biotinylated cRNA were prepared according to the standard Affymetrix protocol from 3 ug total RNA (Expression Analysis Technical Manual, Affymetrix).","9606","The fragmented cRNA was hybridized to the oligonucleotide microarray, which was washed and stained with streptavidin-phycoerythrin.","Scanning was performed with an Affymetrix Microarray Scanner.","Gene expression data from surgical samples","Affymetrix GeneChip Operating Software (GCOS) Version 1.4 was used for low-level scanning data processing. The data was subsequently normalized using the RMA algorithm using the Bioconductor 1.9 package (http://www.bioconductor.org/) running under R version 1.9.1.","GPL570","Liviu,,Badea","badea.liviu@gmail.com","AI and Bioinformatics","Research","ICI","8-10 Averescu Blvd.","Bucharest","011455","Romania","ftp://ftp.ncbi.nlm.nih.gov/geo/samples/GSM388nnn/GSM388095/suppl/GSM388095.CEL.gz","54675","Reanalyzed by: GSE119087","","40843","Normal",TRUE,""
"N40875","GSM388096","Public on Jun 13 2009","Mar 31 2009","Aug 28 2018","RNA","1","pancreas","Homo sapiens","patient: 40875","sample: normal","Pairs of normal and tumor tissue samples were obtained at the time of surgery from resected pancreas of 36 pancreatic cancer patients. The tissue samples were snap-frozen in liquid nitrogen immediately upon surgical removal and maintained at −85°C. For histological evaluation, sections were stained with haematoxylin and eosin. The resected cancer specimens were not microdissected.","total RNA","Total RNA was extracted from the frozen tissue samples in two steps: RNA isolation using the TriReagent (Sigma) protocol, followed by RNA clean-up performed as described in the RNeasy (Qiagen) protocol. Briefly, tissues were homogenized in TriReagent (1 mL of TriReagent per 50-100mg of tissue). Then, RNA was precipitated from the aqueous phase with addition of isopropanol at half the volume of the original TriReagent volume and centrifugated at 12000 × g for 10 min. RNA was cleaned using an RNeasy column according to the manufacturer’s instructions (RNeasy Mini Kit, Qiagen) and eluted in 100 µL of RNase-free water. RNA sample quantitation was performed by means of spectrophotometry (Genequant, Pharmacia), while RNA quality (integrity) control was done with microfluidics technology (2100 Bioanalyser, Agilent Technologies).","biotin","Biotinylated cRNA were prepared according to the standard Affymetrix protocol from 3 ug total RNA (Expression Analysis Technical Manual, Affymetrix).","9606","The fragmented cRNA was hybridized to the oligonucleotide microarray, which was washed and stained with streptavidin-phycoerythrin.","Scanning was performed with an Affymetrix Microarray Scanner.","Gene expression data from surgical samples","Affymetrix GeneChip Operating Software (GCOS) Version 1.4 was used for low-level scanning data processing. The data was subsequently normalized using the RMA algorithm using the Bioconductor 1.9 package (http://www.bioconductor.org/) running under R version 1.9.1.","GPL570","Liviu,,Badea","badea.liviu@gmail.com","AI and Bioinformatics","Research","ICI","8-10 Averescu Blvd.","Bucharest","011455","Romania","ftp://ftp.ncbi.nlm.nih.gov/geo/samples/GSM388nnn/GSM388096/suppl/GSM388096.CEL.gz","54675","Reanalyzed by: GSE119087","","40875","Normal",TRUE,""
"N40892","GSM388097","Public on Jun 13 2009","Mar 31 2009","Aug 28 2018","RNA","1","pancreas","Homo sapiens","patient: 40892","sample: normal","Pairs of normal and tumor tissue samples were obtained at the time of surgery from resected pancreas of 36 pancreatic cancer patients. The tissue samples were snap-frozen in liquid nitrogen immediately upon surgical removal and maintained at −85°C. For histological evaluation, sections were stained with haematoxylin and eosin. The resected cancer specimens were not microdissected.","total RNA","Total RNA was extracted from the frozen tissue samples in two steps: RNA isolation using the TriReagent (Sigma) protocol, followed by RNA clean-up performed as described in the RNeasy (Qiagen) protocol. Briefly, tissues were homogenized in TriReagent (1 mL of TriReagent per 50-100mg of tissue). Then, RNA was precipitated from the aqueous phase with addition of isopropanol at half the volume of the original TriReagent volume and centrifugated at 12000 × g for 10 min. RNA was cleaned using an RNeasy column according to the manufacturer’s instructions (RNeasy Mini Kit, Qiagen) and eluted in 100 µL of RNase-free water. RNA sample quantitation was performed by means of spectrophotometry (Genequant, Pharmacia), while RNA quality (integrity) control was done with microfluidics technology (2100 Bioanalyser, Agilent Technologies).","biotin","Biotinylated cRNA were prepared according to the standard Affymetrix protocol from 3 ug total RNA (Expression Analysis Technical Manual, Affymetrix).","9606","The fragmented cRNA was hybridized to the oligonucleotide microarray, which was washed and stained with streptavidin-phycoerythrin.","Scanning was performed with an Affymetrix Microarray Scanner.","Gene expression data from surgical samples","Affymetrix GeneChip Operating Software (GCOS) Version 1.4 was used for low-level scanning data processing. The data was subsequently normalized using the RMA algorithm using the Bioconductor 1.9 package (http://www.bioconductor.org/) running under R version 1.9.1.","GPL570","Liviu,,Badea","badea.liviu@gmail.com","AI and Bioinformatics","Research","ICI","8-10 Averescu Blvd.","Bucharest","011455","Romania","ftp://ftp.ncbi.nlm.nih.gov/geo/samples/GSM388nnn/GSM388097/suppl/GSM388097.CEL.gz","54675","Reanalyzed by: GSE119087","","40892","Normal",TRUE,""
"N40899","GSM388098","Public on Jun 13 2009","Mar 31 2009","Aug 28 2018","RNA","1","pancreas","Homo sapiens","patient: 40899","sample: normal","Pairs of normal and tumor tissue samples were obtained at the time of surgery from resected pancreas of 36 pancreatic cancer patients. The tissue samples were snap-frozen in liquid nitrogen immediately upon surgical removal and maintained at −85°C. For histological evaluation, sections were stained with haematoxylin and eosin. The resected cancer specimens were not microdissected.","total RNA","Total RNA was extracted from the frozen tissue samples in two steps: RNA isolation using the TriReagent (Sigma) protocol, followed by RNA clean-up performed as described in the RNeasy (Qiagen) protocol. Briefly, tissues were homogenized in TriReagent (1 mL of TriReagent per 50-100mg of tissue). Then, RNA was precipitated from the aqueous phase with addition of isopropanol at half the volume of the original TriReagent volume and centrifugated at 12000 × g for 10 min. RNA was cleaned using an RNeasy column according to the manufacturer’s instructions (RNeasy Mini Kit, Qiagen) and eluted in 100 µL of RNase-free water. RNA sample quantitation was performed by means of spectrophotometry (Genequant, Pharmacia), while RNA quality (integrity) control was done with microfluidics technology (2100 Bioanalyser, Agilent Technologies).","biotin","Biotinylated cRNA were prepared according to the standard Affymetrix protocol from 3 ug total RNA (Expression Analysis Technical Manual, Affymetrix).","9606","The fragmented cRNA was hybridized to the oligonucleotide microarray, which was washed and stained with streptavidin-phycoerythrin.","Scanning was performed with an Affymetrix Microarray Scanner.","Gene expression data from surgical samples","Affymetrix GeneChip Operating Software (GCOS) Version 1.4 was used for low-level scanning data processing. The data was subsequently normalized using the RMA algorithm using the Bioconductor 1.9 package (http://www.bioconductor.org/) running under R version 1.9.1.","GPL570","Liviu,,Badea","badea.liviu@gmail.com","AI and Bioinformatics","Research","ICI","8-10 Averescu Blvd.","Bucharest","011455","Romania","ftp://ftp.ncbi.nlm.nih.gov/geo/samples/GSM388nnn/GSM388098/suppl/GSM388098.CEL.gz","54675","Reanalyzed by: GSE119087","","40899","Normal",TRUE,""
"N40975","GSM388099","Public on Jun 13 2009","Mar 31 2009","Aug 28 2018","RNA","1","pancreas","Homo sapiens","patient: 40975","sample: normal","Pairs of normal and tumor tissue samples were obtained at the time of surgery from resected pancreas of 36 pancreatic cancer patients. The tissue samples were snap-frozen in liquid nitrogen immediately upon surgical removal and maintained at −85°C. For histological evaluation, sections were stained with haematoxylin and eosin. The resected cancer specimens were not microdissected.","total RNA","Total RNA was extracted from the frozen tissue samples in two steps: RNA isolation using the TriReagent (Sigma) protocol, followed by RNA clean-up performed as described in the RNeasy (Qiagen) protocol. Briefly, tissues were homogenized in TriReagent (1 mL of TriReagent per 50-100mg of tissue). Then, RNA was precipitated from the aqueous phase with addition of isopropanol at half the volume of the original TriReagent volume and centrifugated at 12000 × g for 10 min. RNA was cleaned using an RNeasy column according to the manufacturer’s instructions (RNeasy Mini Kit, Qiagen) and eluted in 100 µL of RNase-free water. RNA sample quantitation was performed by means of spectrophotometry (Genequant, Pharmacia), while RNA quality (integrity) control was done with microfluidics technology (2100 Bioanalyser, Agilent Technologies).","biotin","Biotinylated cRNA were prepared according to the standard Affymetrix protocol from 3 ug total RNA (Expression Analysis Technical Manual, Affymetrix).","9606","The fragmented cRNA was hybridized to the oligonucleotide microarray, which was washed and stained with streptavidin-phycoerythrin.","Scanning was performed with an Affymetrix Microarray Scanner.","Gene expression data from surgical samples","Affymetrix GeneChip Operating Software (GCOS) Version 1.4 was used for low-level scanning data processing. The data was subsequently normalized using the RMA algorithm using the Bioconductor 1.9 package (http://www.bioconductor.org/) running under R version 1.9.1.","GPL570","Liviu,,Badea","badea.liviu@gmail.com","AI and Bioinformatics","Research","ICI","8-10 Averescu Blvd.","Bucharest","011455","Romania","ftp://ftp.ncbi.nlm.nih.gov/geo/samples/GSM388nnn/GSM388099/suppl/GSM388099.CEL.gz","54675","Reanalyzed by: GSE119087","","40975","Normal",TRUE,""
"N40977","GSM388100","Public on Jun 13 2009","Mar 31 2009","Aug 28 2018","RNA","1","pancreas","Homo sapiens","patient: 40977","sample: normal","Pairs of normal and tumor tissue samples were obtained at the time of surgery from resected pancreas of 36 pancreatic cancer patients. The tissue samples were snap-frozen in liquid nitrogen immediately upon surgical removal and maintained at −85°C. For histological evaluation, sections were stained with haematoxylin and eosin. The resected cancer specimens were not microdissected.","total RNA","Total RNA was extracted from the frozen tissue samples in two steps: RNA isolation using the TriReagent (Sigma) protocol, followed by RNA clean-up performed as described in the RNeasy (Qiagen) protocol. Briefly, tissues were homogenized in TriReagent (1 mL of TriReagent per 50-100mg of tissue). Then, RNA was precipitated from the aqueous phase with addition of isopropanol at half the volume of the original TriReagent volume and centrifugated at 12000 × g for 10 min. RNA was cleaned using an RNeasy column according to the manufacturer’s instructions (RNeasy Mini Kit, Qiagen) and eluted in 100 µL of RNase-free water. RNA sample quantitation was performed by means of spectrophotometry (Genequant, Pharmacia), while RNA quality (integrity) control was done with microfluidics technology (2100 Bioanalyser, Agilent Technologies).","biotin","Biotinylated cRNA were prepared according to the standard Affymetrix protocol from 3 ug total RNA (Expression Analysis Technical Manual, Affymetrix).","9606","The fragmented cRNA was hybridized to the oligonucleotide microarray, which was washed and stained with streptavidin-phycoerythrin.","Scanning was performed with an Affymetrix Microarray Scanner.","Gene expression data from surgical samples","Affymetrix GeneChip Operating Software (GCOS) Version 1.4 was used for low-level scanning data processing. The data was subsequently normalized using the RMA algorithm using the Bioconductor 1.9 package (http://www.bioconductor.org/) running under R version 1.9.1.","GPL570","Liviu,,Badea","badea.liviu@gmail.com","AI and Bioinformatics","Research","ICI","8-10 Averescu Blvd.","Bucharest","011455","Romania","ftp://ftp.ncbi.nlm.nih.gov/geo/samples/GSM388nnn/GSM388100/suppl/GSM388100.CEL.gz","54675","Reanalyzed by: GSE119087","","40977","Normal",TRUE,""
"N51084","GSM388101","Public on Jun 13 2009","Mar 31 2009","Aug 28 2018","RNA","1","pancreas","Homo sapiens","patient: 51084","sample: normal","Pairs of normal and tumor tissue samples were obtained at the time of surgery from resected pancreas of 36 pancreatic cancer patients. The tissue samples were snap-frozen in liquid nitrogen immediately upon surgical removal and maintained at −85°C. For histological evaluation, sections were stained with haematoxylin and eosin. The resected cancer specimens were not microdissected.","total RNA","Total RNA was extracted from the frozen tissue samples in two steps: RNA isolation using the TriReagent (Sigma) protocol, followed by RNA clean-up performed as described in the RNeasy (Qiagen) protocol. Briefly, tissues were homogenized in TriReagent (1 mL of TriReagent per 50-100mg of tissue). Then, RNA was precipitated from the aqueous phase with addition of isopropanol at half the volume of the original TriReagent volume and centrifugated at 12000 × g for 10 min. RNA was cleaned using an RNeasy column according to the manufacturer’s instructions (RNeasy Mini Kit, Qiagen) and eluted in 100 µL of RNase-free water. RNA sample quantitation was performed by means of spectrophotometry (Genequant, Pharmacia), while RNA quality (integrity) control was done with microfluidics technology (2100 Bioanalyser, Agilent Technologies).","biotin","Biotinylated cRNA were prepared according to the standard Affymetrix protocol from 3 ug total RNA (Expression Analysis Technical Manual, Affymetrix).","9606","The fragmented cRNA was hybridized to the oligonucleotide microarray, which was washed and stained with streptavidin-phycoerythrin.","Scanning was performed with an Affymetrix Microarray Scanner.","Gene expression data from surgical samples","Affymetrix GeneChip Operating Software (GCOS) Version 1.4 was used for low-level scanning data processing. The data was subsequently normalized using the RMA algorithm using the Bioconductor 1.9 package (http://www.bioconductor.org/) running under R version 1.9.1.","GPL570","Liviu,,Badea","badea.liviu@gmail.com","AI and Bioinformatics","Research","ICI","8-10 Averescu Blvd.","Bucharest","011455","Romania","ftp://ftp.ncbi.nlm.nih.gov/geo/samples/GSM388nnn/GSM388101/suppl/GSM388101.CEL.gz","54675","Reanalyzed by: GSE119087","","51084","Normal",TRUE,""
"N51091","GSM388102","Public on Jun 13 2009","Mar 31 2009","Aug 28 2018","RNA","1","pancreas","Homo sapiens","patient: 51091","sample: normal","Pairs of normal and tumor tissue samples were obtained at the time of surgery from resected pancreas of 36 pancreatic cancer patients. The tissue samples were snap-frozen in liquid nitrogen immediately upon surgical removal and maintained at −85°C. For histological evaluation, sections were stained with haematoxylin and eosin. The resected cancer specimens were not microdissected.","total RNA","Total RNA was extracted from the frozen tissue samples in two steps: RNA isolation using the TriReagent (Sigma) protocol, followed by RNA clean-up performed as described in the RNeasy (Qiagen) protocol. Briefly, tissues were homogenized in TriReagent (1 mL of TriReagent per 50-100mg of tissue). Then, RNA was precipitated from the aqueous phase with addition of isopropanol at half the volume of the original TriReagent volume and centrifugated at 12000 × g for 10 min. RNA was cleaned using an RNeasy column according to the manufacturer’s instructions (RNeasy Mini Kit, Qiagen) and eluted in 100 µL of RNase-free water. RNA sample quantitation was performed by means of spectrophotometry (Genequant, Pharmacia), while RNA quality (integrity) control was done with microfluidics technology (2100 Bioanalyser, Agilent Technologies).","biotin","Biotinylated cRNA were prepared according to the standard Affymetrix protocol from 3 ug total RNA (Expression Analysis Technical Manual, Affymetrix).","9606","The fragmented cRNA was hybridized to the oligonucleotide microarray, which was washed and stained with streptavidin-phycoerythrin.","Scanning was performed with an Affymetrix Microarray Scanner.","Gene expression data from surgical samples","Affymetrix GeneChip Operating Software (GCOS) Version 1.4 was used for low-level scanning data processing. The data was subsequently normalized using the RMA algorithm using the Bioconductor 1.9 package (http://www.bioconductor.org/) running under R version 1.9.1.","GPL570","Liviu,,Badea","badea.liviu@gmail.com","AI and Bioinformatics","Research","ICI","8-10 Averescu Blvd.","Bucharest","011455","Romania","ftp://ftp.ncbi.nlm.nih.gov/geo/samples/GSM388nnn/GSM388102/suppl/GSM388102.CEL.gz","54675","Reanalyzed by: GSE119087","","51091","Normal",TRUE,""
"N51176","GSM388103","Public on Jun 13 2009","Mar 31 2009","Aug 28 2018","RNA","1","pancreas","Homo sapiens","patient: 51176","sample: normal","Pairs of normal and tumor tissue samples were obtained at the time of surgery from resected pancreas of 36 pancreatic cancer patients. The tissue samples were snap-frozen in liquid nitrogen immediately upon surgical removal and maintained at −85°C. For histological evaluation, sections were stained with haematoxylin and eosin. The resected cancer specimens were not microdissected.","total RNA","Total RNA was extracted from the frozen tissue samples in two steps: RNA isolation using the TriReagent (Sigma) protocol, followed by RNA clean-up performed as described in the RNeasy (Qiagen) protocol. Briefly, tissues were homogenized in TriReagent (1 mL of TriReagent per 50-100mg of tissue). Then, RNA was precipitated from the aqueous phase with addition of isopropanol at half the volume of the original TriReagent volume and centrifugated at 12000 × g for 10 min. RNA was cleaned using an RNeasy column according to the manufacturer’s instructions (RNeasy Mini Kit, Qiagen) and eluted in 100 µL of RNase-free water. RNA sample quantitation was performed by means of spectrophotometry (Genequant, Pharmacia), while RNA quality (integrity) control was done with microfluidics technology (2100 Bioanalyser, Agilent Technologies).","biotin","Biotinylated cRNA were prepared according to the standard Affymetrix protocol from 3 ug total RNA (Expression Analysis Technical Manual, Affymetrix).","9606","The fragmented cRNA was hybridized to the oligonucleotide microarray, which was washed and stained with streptavidin-phycoerythrin.","Scanning was performed with an Affymetrix Microarray Scanner.","Gene expression data from surgical samples","Affymetrix GeneChip Operating Software (GCOS) Version 1.4 was used for low-level scanning data processing. The data was subsequently normalized using the RMA algorithm using the Bioconductor 1.9 package (http://www.bioconductor.org/) running under R version 1.9.1.","GPL570","Liviu,,Badea","badea.liviu@gmail.com","AI and Bioinformatics","Research","ICI","8-10 Averescu Blvd.","Bucharest","011455","Romania","ftp://ftp.ncbi.nlm.nih.gov/geo/samples/GSM388nnn/GSM388103/suppl/GSM388103.CEL.gz","54675","Reanalyzed by: GSE119087","","51176","Normal",TRUE,""
"N51292","GSM388104","Public on Jun 13 2009","Mar 31 2009","Aug 28 2018","RNA","1","pancreas","Homo sapiens","patient: 51292","sample: normal","Pairs of normal and tumor tissue samples were obtained at the time of surgery from resected pancreas of 36 pancreatic cancer patients. The tissue samples were snap-frozen in liquid nitrogen immediately upon surgical removal and maintained at −85°C. For histological evaluation, sections were stained with haematoxylin and eosin. The resected cancer specimens were not microdissected.","total RNA","Total RNA was extracted from the frozen tissue samples in two steps: RNA isolation using the TriReagent (Sigma) protocol, followed by RNA clean-up performed as described in the RNeasy (Qiagen) protocol. Briefly, tissues were homogenized in TriReagent (1 mL of TriReagent per 50-100mg of tissue). Then, RNA was precipitated from the aqueous phase with addition of isopropanol at half the volume of the original TriReagent volume and centrifugated at 12000 × g for 10 min. RNA was cleaned using an RNeasy column according to the manufacturer’s instructions (RNeasy Mini Kit, Qiagen) and eluted in 100 µL of RNase-free water. RNA sample quantitation was performed by means of spectrophotometry (Genequant, Pharmacia), while RNA quality (integrity) control was done with microfluidics technology (2100 Bioanalyser, Agilent Technologies).","biotin","Biotinylated cRNA were prepared according to the standard Affymetrix protocol from 3 ug total RNA (Expression Analysis Technical Manual, Affymetrix).","9606","The fragmented cRNA was hybridized to the oligonucleotide microarray, which was washed and stained with streptavidin-phycoerythrin.","Scanning was performed with an Affymetrix Microarray Scanner.","Gene expression data from surgical samples","Affymetrix GeneChip Operating Software (GCOS) Version 1.4 was used for low-level scanning data processing. The data was subsequently normalized using the RMA algorithm using the Bioconductor 1.9 package (http://www.bioconductor.org/) running under R version 1.9.1.","GPL570","Liviu,,Badea","badea.liviu@gmail.com","AI and Bioinformatics","Research","ICI","8-10 Averescu Blvd.","Bucharest","011455","Romania","ftp://ftp.ncbi.nlm.nih.gov/geo/samples/GSM388nnn/GSM388104/suppl/GSM388104.CEL.gz","54675","Reanalyzed by: GSE119087","","51292","Normal",TRUE,""
"N51294","GSM388105","Public on Jun 13 2009","Mar 31 2009","Aug 28 2018","RNA","1","pancreas","Homo sapiens","patient: 51294","sample: normal","Pairs of normal and tumor tissue samples were obtained at the time of surgery from resected pancreas of 36 pancreatic cancer patients. The tissue samples were snap-frozen in liquid nitrogen immediately upon surgical removal and maintained at −85°C. For histological evaluation, sections were stained with haematoxylin and eosin. The resected cancer specimens were not microdissected.","total RNA","Total RNA was extracted from the frozen tissue samples in two steps: RNA isolation using the TriReagent (Sigma) protocol, followed by RNA clean-up performed as described in the RNeasy (Qiagen) protocol. Briefly, tissues were homogenized in TriReagent (1 mL of TriReagent per 50-100mg of tissue). Then, RNA was precipitated from the aqueous phase with addition of isopropanol at half the volume of the original TriReagent volume and centrifugated at 12000 × g for 10 min. RNA was cleaned using an RNeasy column according to the manufacturer’s instructions (RNeasy Mini Kit, Qiagen) and eluted in 100 µL of RNase-free water. RNA sample quantitation was performed by means of spectrophotometry (Genequant, Pharmacia), while RNA quality (integrity) control was done with microfluidics technology (2100 Bioanalyser, Agilent Technologies).","biotin","Biotinylated cRNA were prepared according to the standard Affymetrix protocol from 3 ug total RNA (Expression Analysis Technical Manual, Affymetrix).","9606","The fragmented cRNA was hybridized to the oligonucleotide microarray, which was washed and stained with streptavidin-phycoerythrin.","Scanning was performed with an Affymetrix Microarray Scanner.","Gene expression data from surgical samples","Affymetrix GeneChip Operating Software (GCOS) Version 1.4 was used for low-level scanning data processing. The data was subsequently normalized using the RMA algorithm using the Bioconductor 1.9 package (http://www.bioconductor.org/) running under R version 1.9.1.","GPL570","Liviu,,Badea","badea.liviu@gmail.com","AI and Bioinformatics","Research","ICI","8-10 Averescu Blvd.","Bucharest","011455","Romania","ftp://ftp.ncbi.nlm.nih.gov/geo/samples/GSM388nnn/GSM388105/suppl/GSM388105.CEL.gz","54675","Reanalyzed by: GSE119087","","51294","Normal",TRUE,""
"N51308","GSM388106","Public on Jun 13 2009","Mar 31 2009","Aug 28 2018","RNA","1","pancreas","Homo sapiens","patient: 51308","sample: normal","Pairs of normal and tumor tissue samples were obtained at the time of surgery from resected pancreas of 36 pancreatic cancer patients. The tissue samples were snap-frozen in liquid nitrogen immediately upon surgical removal and maintained at −85°C. For histological evaluation, sections were stained with haematoxylin and eosin. The resected cancer specimens were not microdissected.","total RNA","Total RNA was extracted from the frozen tissue samples in two steps: RNA isolation using the TriReagent (Sigma) protocol, followed by RNA clean-up performed as described in the RNeasy (Qiagen) protocol. Briefly, tissues were homogenized in TriReagent (1 mL of TriReagent per 50-100mg of tissue). Then, RNA was precipitated from the aqueous phase with addition of isopropanol at half the volume of the original TriReagent volume and centrifugated at 12000 × g for 10 min. RNA was cleaned using an RNeasy column according to the manufacturer’s instructions (RNeasy Mini Kit, Qiagen) and eluted in 100 µL of RNase-free water. RNA sample quantitation was performed by means of spectrophotometry (Genequant, Pharmacia), while RNA quality (integrity) control was done with microfluidics technology (2100 Bioanalyser, Agilent Technologies).","biotin","Biotinylated cRNA were prepared according to the standard Affymetrix protocol from 3 ug total RNA (Expression Analysis Technical Manual, Affymetrix).","9606","The fragmented cRNA was hybridized to the oligonucleotide microarray, which was washed and stained with streptavidin-phycoerythrin.","Scanning was performed with an Affymetrix Microarray Scanner.","Gene expression data from surgical samples","Affymetrix GeneChip Operating Software (GCOS) Version 1.4 was used for low-level scanning data processing. The data was subsequently normalized using the RMA algorithm using the Bioconductor 1.9 package (http://www.bioconductor.org/) running under R version 1.9.1.","GPL570","Liviu,,Badea","badea.liviu@gmail.com","AI and Bioinformatics","Research","ICI","8-10 Averescu Blvd.","Bucharest","011455","Romania","ftp://ftp.ncbi.nlm.nih.gov/geo/samples/GSM388nnn/GSM388106/suppl/GSM388106.CEL.gz","54675","Reanalyzed by: GSE119087","","51308","Normal",TRUE,""
"N51315","GSM388107","Public on Jun 13 2009","Mar 31 2009","Aug 28 2018","RNA","1","pancreas","Homo sapiens","patient: 51315","sample: normal","Pairs of normal and tumor tissue samples were obtained at the time of surgery from resected pancreas of 36 pancreatic cancer patients. The tissue samples were snap-frozen in liquid nitrogen immediately upon surgical removal and maintained at −85°C. For histological evaluation, sections were stained with haematoxylin and eosin. The resected cancer specimens were not microdissected.","total RNA","Total RNA was extracted from the frozen tissue samples in two steps: RNA isolation using the TriReagent (Sigma) protocol, followed by RNA clean-up performed as described in the RNeasy (Qiagen) protocol. Briefly, tissues were homogenized in TriReagent (1 mL of TriReagent per 50-100mg of tissue). Then, RNA was precipitated from the aqueous phase with addition of isopropanol at half the volume of the original TriReagent volume and centrifugated at 12000 × g for 10 min. RNA was cleaned using an RNeasy column according to the manufacturer’s instructions (RNeasy Mini Kit, Qiagen) and eluted in 100 µL of RNase-free water. RNA sample quantitation was performed by means of spectrophotometry (Genequant, Pharmacia), while RNA quality (integrity) control was done with microfluidics technology (2100 Bioanalyser, Agilent Technologies).","biotin","Biotinylated cRNA were prepared according to the standard Affymetrix protocol from 3 ug total RNA (Expression Analysis Technical Manual, Affymetrix).","9606","The fragmented cRNA was hybridized to the oligonucleotide microarray, which was washed and stained with streptavidin-phycoerythrin.","Scanning was performed with an Affymetrix Microarray Scanner.","Gene expression data from surgical samples","Affymetrix GeneChip Operating Software (GCOS) Version 1.4 was used for low-level scanning data processing. The data was subsequently normalized using the RMA algorithm using the Bioconductor 1.9 package (http://www.bioconductor.org/) running under R version 1.9.1.","GPL570","Liviu,,Badea","badea.liviu@gmail.com","AI and Bioinformatics","Research","ICI","8-10 Averescu Blvd.","Bucharest","011455","Romania","ftp://ftp.ncbi.nlm.nih.gov/geo/samples/GSM388nnn/GSM388107/suppl/GSM388107.CEL.gz","54675","Reanalyzed by: GSE119087","","51315","Normal",TRUE,""
"N51572","GSM388108","Public on Jun 13 2009","Mar 31 2009","Aug 28 2018","RNA","1","pancreas","Homo sapiens","patient: 51572","sample: normal","Pairs of normal and tumor tissue samples were obtained at the time of surgery from resected pancreas of 36 pancreatic cancer patients. The tissue samples were snap-frozen in liquid nitrogen immediately upon surgical removal and maintained at −85°C. For histological evaluation, sections were stained with haematoxylin and eosin. The resected cancer specimens were not microdissected.","total RNA","Total RNA was extracted from the frozen tissue samples in two steps: RNA isolation using the TriReagent (Sigma) protocol, followed by RNA clean-up performed as described in the RNeasy (Qiagen) protocol. Briefly, tissues were homogenized in TriReagent (1 mL of TriReagent per 50-100mg of tissue). Then, RNA was precipitated from the aqueous phase with addition of isopropanol at half the volume of the original TriReagent volume and centrifugated at 12000 × g for 10 min. RNA was cleaned using an RNeasy column according to the manufacturer’s instructions (RNeasy Mini Kit, Qiagen) and eluted in 100 µL of RNase-free water. RNA sample quantitation was performed by means of spectrophotometry (Genequant, Pharmacia), while RNA quality (integrity) control was done with microfluidics technology (2100 Bioanalyser, Agilent Technologies).","biotin","Biotinylated cRNA were prepared according to the standard Affymetrix protocol from 3 ug total RNA (Expression Analysis Technical Manual, Affymetrix).","9606","The fragmented cRNA was hybridized to the oligonucleotide microarray, which was washed and stained with streptavidin-phycoerythrin.","Scanning was performed with an Affymetrix Microarray Scanner.","Gene expression data from surgical samples","Affymetrix GeneChip Operating Software (GCOS) Version 1.4 was used for low-level scanning data processing. The data was subsequently normalized using the RMA algorithm using the Bioconductor 1.9 package (http://www.bioconductor.org/) running under R version 1.9.1.","GPL570","Liviu,,Badea","badea.liviu@gmail.com","AI and Bioinformatics","Research","ICI","8-10 Averescu Blvd.","Bucharest","011455","Romania","ftp://ftp.ncbi.nlm.nih.gov/geo/samples/GSM388nnn/GSM388108/suppl/GSM388108.CEL.gz","54675","Reanalyzed by: GSE119087","","51572","Normal",TRUE,""
"N51628","GSM388109","Public on Jun 13 2009","Mar 31 2009","Aug 28 2018","RNA","1","pancreas","Homo sapiens","patient: 51628","sample: normal","Pairs of normal and tumor tissue samples were obtained at the time of surgery from resected pancreas of 36 pancreatic cancer patients. The tissue samples were snap-frozen in liquid nitrogen immediately upon surgical removal and maintained at −85°C. For histological evaluation, sections were stained with haematoxylin and eosin. The resected cancer specimens were not microdissected.","total RNA","Total RNA was extracted from the frozen tissue samples in two steps: RNA isolation using the TriReagent (Sigma) protocol, followed by RNA clean-up performed as described in the RNeasy (Qiagen) protocol. Briefly, tissues were homogenized in TriReagent (1 mL of TriReagent per 50-100mg of tissue). Then, RNA was precipitated from the aqueous phase with addition of isopropanol at half the volume of the original TriReagent volume and centrifugated at 12000 × g for 10 min. RNA was cleaned using an RNeasy column according to the manufacturer’s instructions (RNeasy Mini Kit, Qiagen) and eluted in 100 µL of RNase-free water. RNA sample quantitation was performed by means of spectrophotometry (Genequant, Pharmacia), while RNA quality (integrity) control was done with microfluidics technology (2100 Bioanalyser, Agilent Technologies).","biotin","Biotinylated cRNA were prepared according to the standard Affymetrix protocol from 3 ug total RNA (Expression Analysis Technical Manual, Affymetrix).","9606","The fragmented cRNA was hybridized to the oligonucleotide microarray, which was washed and stained with streptavidin-phycoerythrin.","Scanning was performed with an Affymetrix Microarray Scanner.","Gene expression data from surgical samples","Affymetrix GeneChip Operating Software (GCOS) Version 1.4 was used for low-level scanning data processing. The data was subsequently normalized using the RMA algorithm using the Bioconductor 1.9 package (http://www.bioconductor.org/) running under R version 1.9.1.","GPL570","Liviu,,Badea","badea.liviu@gmail.com","AI and Bioinformatics","Research","ICI","8-10 Averescu Blvd.","Bucharest","011455","Romania","ftp://ftp.ncbi.nlm.nih.gov/geo/samples/GSM388nnn/GSM388109/suppl/GSM388109.CEL.gz","54675","Reanalyzed by: GSE119087","","51628","Normal",TRUE,""
"N51677","GSM388110","Public on Jun 13 2009","Mar 31 2009","Aug 28 2018","RNA","1","pancreas","Homo sapiens","patient: 51677","sample: normal","Pairs of normal and tumor tissue samples were obtained at the time of surgery from resected pancreas of 36 pancreatic cancer patients. The tissue samples were snap-frozen in liquid nitrogen immediately upon surgical removal and maintained at −85°C. For histological evaluation, sections were stained with haematoxylin and eosin. The resected cancer specimens were not microdissected.","total RNA","Total RNA was extracted from the frozen tissue samples in two steps: RNA isolation using the TriReagent (Sigma) protocol, followed by RNA clean-up performed as described in the RNeasy (Qiagen) protocol. Briefly, tissues were homogenized in TriReagent (1 mL of TriReagent per 50-100mg of tissue). Then, RNA was precipitated from the aqueous phase with addition of isopropanol at half the volume of the original TriReagent volume and centrifugated at 12000 × g for 10 min. RNA was cleaned using an RNeasy column according to the manufacturer’s instructions (RNeasy Mini Kit, Qiagen) and eluted in 100 µL of RNase-free water. RNA sample quantitation was performed by means of spectrophotometry (Genequant, Pharmacia), while RNA quality (integrity) control was done with microfluidics technology (2100 Bioanalyser, Agilent Technologies).","biotin","Biotinylated cRNA were prepared according to the standard Affymetrix protocol from 3 ug total RNA (Expression Analysis Technical Manual, Affymetrix).","9606","The fragmented cRNA was hybridized to the oligonucleotide microarray, which was washed and stained with streptavidin-phycoerythrin.","Scanning was performed with an Affymetrix Microarray Scanner.","Gene expression data from surgical samples","Affymetrix GeneChip Operating Software (GCOS) Version 1.4 was used for low-level scanning data processing. The data was subsequently normalized using the RMA algorithm using the Bioconductor 1.9 package (http://www.bioconductor.org/) running under R version 1.9.1.","GPL570","Liviu,,Badea","badea.liviu@gmail.com","AI and Bioinformatics","Research","ICI","8-10 Averescu Blvd.","Bucharest","011455","Romania","ftp://ftp.ncbi.nlm.nih.gov/geo/samples/GSM388nnn/GSM388110/suppl/GSM388110.CEL.gz","54675","Reanalyzed by: GSE119087","","51677","Normal",TRUE,""
"N51681","GSM388111","Public on Jun 13 2009","Mar 31 2009","Aug 28 2018","RNA","1","pancreas","Homo sapiens","patient: 51681","sample: normal","Pairs of normal and tumor tissue samples were obtained at the time of surgery from resected pancreas of 36 pancreatic cancer patients. The tissue samples were snap-frozen in liquid nitrogen immediately upon surgical removal and maintained at −85°C. For histological evaluation, sections were stained with haematoxylin and eosin. The resected cancer specimens were not microdissected.","total RNA","Total RNA was extracted from the frozen tissue samples in two steps: RNA isolation using the TriReagent (Sigma) protocol, followed by RNA clean-up performed as described in the RNeasy (Qiagen) protocol. Briefly, tissues were homogenized in TriReagent (1 mL of TriReagent per 50-100mg of tissue). Then, RNA was precipitated from the aqueous phase with addition of isopropanol at half the volume of the original TriReagent volume and centrifugated at 12000 × g for 10 min. RNA was cleaned using an RNeasy column according to the manufacturer’s instructions (RNeasy Mini Kit, Qiagen) and eluted in 100 µL of RNase-free water. RNA sample quantitation was performed by means of spectrophotometry (Genequant, Pharmacia), while RNA quality (integrity) control was done with microfluidics technology (2100 Bioanalyser, Agilent Technologies).","biotin","Biotinylated cRNA were prepared according to the standard Affymetrix protocol from 3 ug total RNA (Expression Analysis Technical Manual, Affymetrix).","9606","The fragmented cRNA was hybridized to the oligonucleotide microarray, which was washed and stained with streptavidin-phycoerythrin.","Scanning was performed with an Affymetrix Microarray Scanner.","Gene expression data from surgical samples","Affymetrix GeneChip Operating Software (GCOS) Version 1.4 was used for low-level scanning data processing. The data was subsequently normalized using the RMA algorithm using the Bioconductor 1.9 package (http://www.bioconductor.org/) running under R version 1.9.1.","GPL570","Liviu,,Badea","badea.liviu@gmail.com","AI and Bioinformatics","Research","ICI","8-10 Averescu Blvd.","Bucharest","011455","Romania","ftp://ftp.ncbi.nlm.nih.gov/geo/samples/GSM388nnn/GSM388111/suppl/GSM388111.CEL.gz","54675","Reanalyzed by: GSE119087","","51681","Normal",TRUE,""
"N51721","GSM388112","Public on Jun 13 2009","Mar 31 2009","Aug 28 2018","RNA","1","pancreas","Homo sapiens","patient: 51721","sample: normal","Pairs of normal and tumor tissue samples were obtained at the time of surgery from resected pancreas of 36 pancreatic cancer patients. The tissue samples were snap-frozen in liquid nitrogen immediately upon surgical removal and maintained at −85°C. For histological evaluation, sections were stained with haematoxylin and eosin. The resected cancer specimens were not microdissected.","total RNA","Total RNA was extracted from the frozen tissue samples in two steps: RNA isolation using the TriReagent (Sigma) protocol, followed by RNA clean-up performed as described in the RNeasy (Qiagen) protocol. Briefly, tissues were homogenized in TriReagent (1 mL of TriReagent per 50-100mg of tissue). Then, RNA was precipitated from the aqueous phase with addition of isopropanol at half the volume of the original TriReagent volume and centrifugated at 12000 × g for 10 min. RNA was cleaned using an RNeasy column according to the manufacturer’s instructions (RNeasy Mini Kit, Qiagen) and eluted in 100 µL of RNase-free water. RNA sample quantitation was performed by means of spectrophotometry (Genequant, Pharmacia), while RNA quality (integrity) control was done with microfluidics technology (2100 Bioanalyser, Agilent Technologies).","biotin","Biotinylated cRNA were prepared according to the standard Affymetrix protocol from 3 ug total RNA (Expression Analysis Technical Manual, Affymetrix).","9606","The fragmented cRNA was hybridized to the oligonucleotide microarray, which was washed and stained with streptavidin-phycoerythrin.","Scanning was performed with an Affymetrix Microarray Scanner.","Gene expression data from surgical samples","Affymetrix GeneChip Operating Software (GCOS) Version 1.4 was used for low-level scanning data processing. The data was subsequently normalized using the RMA algorithm using the Bioconductor 1.9 package (http://www.bioconductor.org/) running under R version 1.9.1.","GPL570","Liviu,,Badea","badea.liviu@gmail.com","AI and Bioinformatics","Research","ICI","8-10 Averescu Blvd.","Bucharest","011455","Romania","ftp://ftp.ncbi.nlm.nih.gov/geo/samples/GSM388nnn/GSM388112/suppl/GSM388112.CEL.gz","54675","Reanalyzed by: GSE119087","","51721","Normal",FALSE,"Published failed-QC donor pair"
"N51722","GSM388113","Public on Jun 13 2009","Mar 31 2009","Aug 28 2018","RNA","1","pancreas","Homo sapiens","patient: 51722","sample: normal","Pairs of normal and tumor tissue samples were obtained at the time of surgery from resected pancreas of 36 pancreatic cancer patients. The tissue samples were snap-frozen in liquid nitrogen immediately upon surgical removal and maintained at −85°C. For histological evaluation, sections were stained with haematoxylin and eosin. The resected cancer specimens were not microdissected.","total RNA","Total RNA was extracted from the frozen tissue samples in two steps: RNA isolation using the TriReagent (Sigma) protocol, followed by RNA clean-up performed as described in the RNeasy (Qiagen) protocol. Briefly, tissues were homogenized in TriReagent (1 mL of TriReagent per 50-100mg of tissue). Then, RNA was precipitated from the aqueous phase with addition of isopropanol at half the volume of the original TriReagent volume and centrifugated at 12000 × g for 10 min. RNA was cleaned using an RNeasy column according to the manufacturer’s instructions (RNeasy Mini Kit, Qiagen) and eluted in 100 µL of RNase-free water. RNA sample quantitation was performed by means of spectrophotometry (Genequant, Pharmacia), while RNA quality (integrity) control was done with microfluidics technology (2100 Bioanalyser, Agilent Technologies).","biotin","Biotinylated cRNA were prepared according to the standard Affymetrix protocol from 3 ug total RNA (Expression Analysis Technical Manual, Affymetrix).","9606","The fragmented cRNA was hybridized to the oligonucleotide microarray, which was washed and stained with streptavidin-phycoerythrin.","Scanning was performed with an Affymetrix Microarray Scanner.","Gene expression data from surgical samples","Affymetrix GeneChip Operating Software (GCOS) Version 1.4 was used for low-level scanning data processing. The data was subsequently normalized using the RMA algorithm using the Bioconductor 1.9 package (http://www.bioconductor.org/) running under R version 1.9.1.","GPL570","Liviu,,Badea","badea.liviu@gmail.com","AI and Bioinformatics","Research","ICI","8-10 Averescu Blvd.","Bucharest","011455","Romania","ftp://ftp.ncbi.nlm.nih.gov/geo/samples/GSM388nnn/GSM388113/suppl/GSM388113.CEL.gz","54675","Reanalyzed by: GSE119087","","51722","Normal",TRUE,""
"N51783","GSM388114","Public on Jun 13 2009","Mar 31 2009","Aug 28 2018","RNA","1","pancreas","Homo sapiens","patient: 51783","sample: normal","Pairs of normal and tumor tissue samples were obtained at the time of surgery from resected pancreas of 36 pancreatic cancer patients. The tissue samples were snap-frozen in liquid nitrogen immediately upon surgical removal and maintained at −85°C. For histological evaluation, sections were stained with haematoxylin and eosin. The resected cancer specimens were not microdissected.","total RNA","Total RNA was extracted from the frozen tissue samples in two steps: RNA isolation using the TriReagent (Sigma) protocol, followed by RNA clean-up performed as described in the RNeasy (Qiagen) protocol. Briefly, tissues were homogenized in TriReagent (1 mL of TriReagent per 50-100mg of tissue). Then, RNA was precipitated from the aqueous phase with addition of isopropanol at half the volume of the original TriReagent volume and centrifugated at 12000 × g for 10 min. RNA was cleaned using an RNeasy column according to the manufacturer’s instructions (RNeasy Mini Kit, Qiagen) and eluted in 100 µL of RNase-free water. RNA sample quantitation was performed by means of spectrophotometry (Genequant, Pharmacia), while RNA quality (integrity) control was done with microfluidics technology (2100 Bioanalyser, Agilent Technologies).","biotin","Biotinylated cRNA were prepared according to the standard Affymetrix protocol from 3 ug total RNA (Expression Analysis Technical Manual, Affymetrix).","9606","The fragmented cRNA was hybridized to the oligonucleotide microarray, which was washed and stained with streptavidin-phycoerythrin.","Scanning was performed with an Affymetrix Microarray Scanner.","Gene expression data from surgical samples","Affymetrix GeneChip Operating Software (GCOS) Version 1.4 was used for low-level scanning data processing. The data was subsequently normalized using the RMA algorithm using the Bioconductor 1.9 package (http://www.bioconductor.org/) running under R version 1.9.1.","GPL570","Liviu,,Badea","badea.liviu@gmail.com","AI and Bioinformatics","Research","ICI","8-10 Averescu Blvd.","Bucharest","011455","Romania","ftp://ftp.ncbi.nlm.nih.gov/geo/samples/GSM388nnn/GSM388114/suppl/GSM388114.CEL.gz","54675","Reanalyzed by: GSE119087","","51783","Normal",TRUE,""
"T30162","GSM388115","Public on Jun 13 2009","Mar 31 2009","Aug 28 2018","RNA","1","pancreas","Homo sapiens","patient: 30162","sample: tumor","Pairs of normal and tumor tissue samples were obtained at the time of surgery from resected pancreas of 36 pancreatic cancer patients. The tissue samples were snap-frozen in liquid nitrogen immediately upon surgical removal and maintained at −85°C. For histological evaluation, sections were stained with haematoxylin and eosin. The resected cancer specimens were not microdissected.","total RNA","Total RNA was extracted from the frozen tissue samples in two steps: RNA isolation using the TriReagent (Sigma) protocol, followed by RNA clean-up performed as described in the RNeasy (Qiagen) protocol. Briefly, tissues were homogenized in TriReagent (1 mL of TriReagent per 50-100mg of tissue). Then, RNA was precipitated from the aqueous phase with addition of isopropanol at half the volume of the original TriReagent volume and centrifugated at 12000 × g for 10 min. RNA was cleaned using an RNeasy column according to the manufacturer’s instructions (RNeasy Mini Kit, Qiagen) and eluted in 100 µL of RNase-free water. RNA sample quantitation was performed by means of spectrophotometry (Genequant, Pharmacia), while RNA quality (integrity) control was done with microfluidics technology (2100 Bioanalyser, Agilent Technologies).","biotin","Biotinylated cRNA were prepared according to the standard Affymetrix protocol from 3 ug total RNA (Expression Analysis Technical Manual, Affymetrix).","9606","The fragmented cRNA was hybridized to the oligonucleotide microarray, which was washed and stained with streptavidin-phycoerythrin.","Scanning was performed with an Affymetrix Microarray Scanner.","Gene expression data from surgical samples","Affymetrix GeneChip Operating Software (GCOS) Version 1.4 was used for low-level scanning data processing. The data was subsequently normalized using the RMA algorithm using the Bioconductor 1.9 package (http://www.bioconductor.org/) running under R version 1.9.1.","GPL570","Liviu,,Badea","badea.liviu@gmail.com","AI and Bioinformatics","Research","ICI","8-10 Averescu Blvd.","Bucharest","011455","Romania","ftp://ftp.ncbi.nlm.nih.gov/geo/samples/GSM388nnn/GSM388115/suppl/GSM388115.CEL.gz","54675","Reanalyzed by: GSE51798","Reanalyzed by: GSE119087","30162","PDAC",TRUE,""
"T30162_rep","GSM388116","Public on Jun 13 2009","Mar 31 2009","Aug 28 2018","RNA","1","pancreas","Homo sapiens","patient: 30162","sample: tumor","Pairs of normal and tumor tissue samples were obtained at the time of surgery from resected pancreas of 36 pancreatic cancer patients. The tissue samples were snap-frozen in liquid nitrogen immediately upon surgical removal and maintained at −85°C. For histological evaluation, sections were stained with haematoxylin and eosin. The resected cancer specimens were not microdissected.","total RNA","Total RNA was extracted from the frozen tissue samples in two steps: RNA isolation using the TriReagent (Sigma) protocol, followed by RNA clean-up performed as described in the RNeasy (Qiagen) protocol. Briefly, tissues were homogenized in TriReagent (1 mL of TriReagent per 50-100mg of tissue). Then, RNA was precipitated from the aqueous phase with addition of isopropanol at half the volume of the original TriReagent volume and centrifugated at 12000 × g for 10 min. RNA was cleaned using an RNeasy column according to the manufacturer’s instructions (RNeasy Mini Kit, Qiagen) and eluted in 100 µL of RNase-free water. RNA sample quantitation was performed by means of spectrophotometry (Genequant, Pharmacia), while RNA quality (integrity) control was done with microfluidics technology (2100 Bioanalyser, Agilent Technologies).","biotin","Biotinylated cRNA were prepared according to the standard Affymetrix protocol from 3 ug total RNA (Expression Analysis Technical Manual, Affymetrix).","9606","The fragmented cRNA was hybridized to the oligonucleotide microarray, which was washed and stained with streptavidin-phycoerythrin.","Scanning was performed with an Affymetrix Microarray Scanner.","Gene expression data from surgical samples","Affymetrix GeneChip Operating Software (GCOS) Version 1.4 was used for low-level scanning data processing. The data was subsequently normalized using the RMA algorithm using the Bioconductor 1.9 package (http://www.bioconductor.org/) running under R version 1.9.1.","GPL570","Liviu,,Badea","badea.liviu@gmail.com","AI and Bioinformatics","Research","ICI","8-10 Averescu Blvd.","Bucharest","011455","Romania","ftp://ftp.ncbi.nlm.nih.gov/geo/samples/GSM388nnn/GSM388116/suppl/GSM388116.CEL.gz","54675","Reanalyzed by: GSE119087","","30162","PDAC",TRUE,""
"T40728","GSM388117","Public on Jun 13 2009","Mar 31 2009","Aug 28 2018","RNA","1","pancreas","Homo sapiens","patient: 40728","sample: tumor","Pairs of normal and tumor tissue samples were obtained at the time of surgery from resected pancreas of 36 pancreatic cancer patients. The tissue samples were snap-frozen in liquid nitrogen immediately upon surgical removal and maintained at −85°C. For histological evaluation, sections were stained with haematoxylin and eosin. The resected cancer specimens were not microdissected.","total RNA","Total RNA was extracted from the frozen tissue samples in two steps: RNA isolation using the TriReagent (Sigma) protocol, followed by RNA clean-up performed as described in the RNeasy (Qiagen) protocol. Briefly, tissues were homogenized in TriReagent (1 mL of TriReagent per 50-100mg of tissue). Then, RNA was precipitated from the aqueous phase with addition of isopropanol at half the volume of the original TriReagent volume and centrifugated at 12000 × g for 10 min. RNA was cleaned using an RNeasy column according to the manufacturer’s instructions (RNeasy Mini Kit, Qiagen) and eluted in 100 µL of RNase-free water. RNA sample quantitation was performed by means of spectrophotometry (Genequant, Pharmacia), while RNA quality (integrity) control was done with microfluidics technology (2100 Bioanalyser, Agilent Technologies).","biotin","Biotinylated cRNA were prepared according to the standard Affymetrix protocol from 3 ug total RNA (Expression Analysis Technical Manual, Affymetrix).","9606","The fragmented cRNA was hybridized to the oligonucleotide microarray, which was washed and stained with streptavidin-phycoerythrin.","Scanning was performed with an Affymetrix Microarray Scanner.","Gene expression data from surgical samples","Affymetrix GeneChip Operating Software (GCOS) Version 1.4 was used for low-level scanning data processing. The data was subsequently normalized using the RMA algorithm using the Bioconductor 1.9 package (http://www.bioconductor.org/) running under R version 1.9.1.","GPL570","Liviu,,Badea","badea.liviu@gmail.com","AI and Bioinformatics","Research","ICI","8-10 Averescu Blvd.","Bucharest","011455","Romania","ftp://ftp.ncbi.nlm.nih.gov/geo/samples/GSM388nnn/GSM388117/suppl/GSM388117.CEL.gz","54675","Reanalyzed by: GSE51798","Reanalyzed by: GSE119087","40728","PDAC",TRUE,""
"T40728_rep","GSM388118","Public on Jun 13 2009","Mar 31 2009","Aug 28 2018","RNA","1","pancreas","Homo sapiens","patient: 40728","sample: tumor","Pairs of normal and tumor tissue samples were obtained at the time of surgery from resected pancreas of 36 pancreatic cancer patients. The tissue samples were snap-frozen in liquid nitrogen immediately upon surgical removal and maintained at −85°C. For histological evaluation, sections were stained with haematoxylin and eosin. The resected cancer specimens were not microdissected.","total RNA","Total RNA was extracted from the frozen tissue samples in two steps: RNA isolation using the TriReagent (Sigma) protocol, followed by RNA clean-up performed as described in the RNeasy (Qiagen) protocol. Briefly, tissues were homogenized in TriReagent (1 mL of TriReagent per 50-100mg of tissue). Then, RNA was precipitated from the aqueous phase with addition of isopropanol at half the volume of the original TriReagent volume and centrifugated at 12000 × g for 10 min. RNA was cleaned using an RNeasy column according to the manufacturer’s instructions (RNeasy Mini Kit, Qiagen) and eluted in 100 µL of RNase-free water. RNA sample quantitation was performed by means of spectrophotometry (Genequant, Pharmacia), while RNA quality (integrity) control was done with microfluidics technology (2100 Bioanalyser, Agilent Technologies).","biotin","Biotinylated cRNA were prepared according to the standard Affymetrix protocol from 3 ug total RNA (Expression Analysis Technical Manual, Affymetrix).","9606","The fragmented cRNA was hybridized to the oligonucleotide microarray, which was washed and stained with streptavidin-phycoerythrin.","Scanning was performed with an Affymetrix Microarray Scanner.","Gene expression data from surgical samples","Affymetrix GeneChip Operating Software (GCOS) Version 1.4 was used for low-level scanning data processing. The data was subsequently normalized using the RMA algorithm using the Bioconductor 1.9 package (http://www.bioconductor.org/) running under R version 1.9.1.","GPL570","Liviu,,Badea","badea.liviu@gmail.com","AI and Bioinformatics","Research","ICI","8-10 Averescu Blvd.","Bucharest","011455","Romania","ftp://ftp.ncbi.nlm.nih.gov/geo/samples/GSM388nnn/GSM388118/suppl/GSM388118.CEL.gz","54675","Reanalyzed by: GSE119087","","40728","PDAC",TRUE,""
"T41027","GSM388119","Public on Jun 13 2009","Mar 31 2009","Aug 28 2018","RNA","1","pancreas","Homo sapiens","patient: 41027","sample: tumor","Pairs of normal and tumor tissue samples were obtained at the time of surgery from resected pancreas of 36 pancreatic cancer patients. The tissue samples were snap-frozen in liquid nitrogen immediately upon surgical removal and maintained at −85°C. For histological evaluation, sections were stained with haematoxylin and eosin. The resected cancer specimens were not microdissected.","total RNA","Total RNA was extracted from the frozen tissue samples in two steps: RNA isolation using the TriReagent (Sigma) protocol, followed by RNA clean-up performed as described in the RNeasy (Qiagen) protocol. Briefly, tissues were homogenized in TriReagent (1 mL of TriReagent per 50-100mg of tissue). Then, RNA was precipitated from the aqueous phase with addition of isopropanol at half the volume of the original TriReagent volume and centrifugated at 12000 × g for 10 min. RNA was cleaned using an RNeasy column according to the manufacturer’s instructions (RNeasy Mini Kit, Qiagen) and eluted in 100 µL of RNase-free water. RNA sample quantitation was performed by means of spectrophotometry (Genequant, Pharmacia), while RNA quality (integrity) control was done with microfluidics technology (2100 Bioanalyser, Agilent Technologies).","biotin","Biotinylated cRNA were prepared according to the standard Affymetrix protocol from 3 ug total RNA (Expression Analysis Technical Manual, Affymetrix).","9606","The fragmented cRNA was hybridized to the oligonucleotide microarray, which was washed and stained with streptavidin-phycoerythrin.","Scanning was performed with an Affymetrix Microarray Scanner.","Gene expression data from surgical samples","Affymetrix GeneChip Operating Software (GCOS) Version 1.4 was used for low-level scanning data processing. The data was subsequently normalized using the RMA algorithm using the Bioconductor 1.9 package (http://www.bioconductor.org/) running under R version 1.9.1.","GPL570","Liviu,,Badea","badea.liviu@gmail.com","AI and Bioinformatics","Research","ICI","8-10 Averescu Blvd.","Bucharest","011455","Romania","ftp://ftp.ncbi.nlm.nih.gov/geo/samples/GSM388nnn/GSM388119/suppl/GSM388119.CEL.gz","54675","Reanalyzed by: GSE51798","Reanalyzed by: GSE119087","41027","PDAC",TRUE,""
"T41027_rep","GSM388120","Public on Jun 13 2009","Mar 31 2009","Aug 28 2018","RNA","1","pancreas","Homo sapiens","patient: 41027","sample: tumor","Pairs of normal and tumor tissue samples were obtained at the time of surgery from resected pancreas of 36 pancreatic cancer patients. The tissue samples were snap-frozen in liquid nitrogen immediately upon surgical removal and maintained at −85°C. For histological evaluation, sections were stained with haematoxylin and eosin. The resected cancer specimens were not microdissected.","total RNA","Total RNA was extracted from the frozen tissue samples in two steps: RNA isolation using the TriReagent (Sigma) protocol, followed by RNA clean-up performed as described in the RNeasy (Qiagen) protocol. Briefly, tissues were homogenized in TriReagent (1 mL of TriReagent per 50-100mg of tissue). Then, RNA was precipitated from the aqueous phase with addition of isopropanol at half the volume of the original TriReagent volume and centrifugated at 12000 × g for 10 min. RNA was cleaned using an RNeasy column according to the manufacturer’s instructions (RNeasy Mini Kit, Qiagen) and eluted in 100 µL of RNase-free water. RNA sample quantitation was performed by means of spectrophotometry (Genequant, Pharmacia), while RNA quality (integrity) control was done with microfluidics technology (2100 Bioanalyser, Agilent Technologies).","biotin","Biotinylated cRNA were prepared according to the standard Affymetrix protocol from 3 ug total RNA (Expression Analysis Technical Manual, Affymetrix).","9606","The fragmented cRNA was hybridized to the oligonucleotide microarray, which was washed and stained with streptavidin-phycoerythrin.","Scanning was performed with an Affymetrix Microarray Scanner.","Gene expression data from surgical samples","Affymetrix GeneChip Operating Software (GCOS) Version 1.4 was used for low-level scanning data processing. The data was subsequently normalized using the RMA algorithm using the Bioconductor 1.9 package (http://www.bioconductor.org/) running under R version 1.9.1.","GPL570","Liviu,,Badea","badea.liviu@gmail.com","AI and Bioinformatics","Research","ICI","8-10 Averescu Blvd.","Bucharest","011455","Romania","ftp://ftp.ncbi.nlm.nih.gov/geo/samples/GSM388nnn/GSM388120/suppl/GSM388120.CEL.gz","54675","Reanalyzed by: GSE119087","","41027","PDAC",TRUE,""
"T30057","GSM388121","Public on Jun 13 2009","Mar 31 2009","Aug 28 2018","RNA","1","pancreas","Homo sapiens","patient: 30057","sample: tumor","Pairs of normal and tumor tissue samples were obtained at the time of surgery from resected pancreas of 36 pancreatic cancer patients. The tissue samples were snap-frozen in liquid nitrogen immediately upon surgical removal and maintained at −85°C. For histological evaluation, sections were stained with haematoxylin and eosin. The resected cancer specimens were not microdissected.","total RNA","Total RNA was extracted from the frozen tissue samples in two steps: RNA isolation using the TriReagent (Sigma) protocol, followed by RNA clean-up performed as described in the RNeasy (Qiagen) protocol. Briefly, tissues were homogenized in TriReagent (1 mL of TriReagent per 50-100mg of tissue). Then, RNA was precipitated from the aqueous phase with addition of isopropanol at half the volume of the original TriReagent volume and centrifugated at 12000 × g for 10 min. RNA was cleaned using an RNeasy column according to the manufacturer’s instructions (RNeasy Mini Kit, Qiagen) and eluted in 100 µL of RNase-free water. RNA sample quantitation was performed by means of spectrophotometry (Genequant, Pharmacia), while RNA quality (integrity) control was done with microfluidics technology (2100 Bioanalyser, Agilent Technologies).","biotin","Biotinylated cRNA were prepared according to the standard Affymetrix protocol from 3 ug total RNA (Expression Analysis Technical Manual, Affymetrix).","9606","The fragmented cRNA was hybridized to the oligonucleotide microarray, which was washed and stained with streptavidin-phycoerythrin.","Scanning was performed with an Affymetrix Microarray Scanner.","Gene expression data from surgical samples","Affymetrix GeneChip Operating Software (GCOS) Version 1.4 was used for low-level scanning data processing. The data was subsequently normalized using the RMA algorithm using the Bioconductor 1.9 package (http://www.bioconductor.org/) running under R version 1.9.1.","GPL570","Liviu,,Badea","badea.liviu@gmail.com","AI and Bioinformatics","Research","ICI","8-10 Averescu Blvd.","Bucharest","011455","Romania","ftp://ftp.ncbi.nlm.nih.gov/geo/samples/GSM388nnn/GSM388121/suppl/GSM388121.CEL.gz","54675","Reanalyzed by: GSE51798","Reanalyzed by: GSE119087","30057","PDAC",TRUE,""
"T30068","GSM388122","Public on Jun 13 2009","Mar 31 2009","Aug 28 2018","RNA","1","pancreas","Homo sapiens","patient: 30068","sample: tumor","Pairs of normal and tumor tissue samples were obtained at the time of surgery from resected pancreas of 36 pancreatic cancer patients. The tissue samples were snap-frozen in liquid nitrogen immediately upon surgical removal and maintained at −85°C. For histological evaluation, sections were stained with haematoxylin and eosin. The resected cancer specimens were not microdissected.","total RNA","Total RNA was extracted from the frozen tissue samples in two steps: RNA isolation using the TriReagent (Sigma) protocol, followed by RNA clean-up performed as described in the RNeasy (Qiagen) protocol. Briefly, tissues were homogenized in TriReagent (1 mL of TriReagent per 50-100mg of tissue). Then, RNA was precipitated from the aqueous phase with addition of isopropanol at half the volume of the original TriReagent volume and centrifugated at 12000 × g for 10 min. RNA was cleaned using an RNeasy column according to the manufacturer’s instructions (RNeasy Mini Kit, Qiagen) and eluted in 100 µL of RNase-free water. RNA sample quantitation was performed by means of spectrophotometry (Genequant, Pharmacia), while RNA quality (integrity) control was done with microfluidics technology (2100 Bioanalyser, Agilent Technologies).","biotin","Biotinylated cRNA were prepared according to the standard Affymetrix protocol from 3 ug total RNA (Expression Analysis Technical Manual, Affymetrix).","9606","The fragmented cRNA was hybridized to the oligonucleotide microarray, which was washed and stained with streptavidin-phycoerythrin.","Scanning was performed with an Affymetrix Microarray Scanner.","Gene expression data from surgical samples","Affymetrix GeneChip Operating Software (GCOS) Version 1.4 was used for low-level scanning data processing. The data was subsequently normalized using the RMA algorithm using the Bioconductor 1.9 package (http://www.bioconductor.org/) running under R version 1.9.1.","GPL570","Liviu,,Badea","badea.liviu@gmail.com","AI and Bioinformatics","Research","ICI","8-10 Averescu Blvd.","Bucharest","011455","Romania","ftp://ftp.ncbi.nlm.nih.gov/geo/samples/GSM388nnn/GSM388122/suppl/GSM388122.CEL.gz","54675","Reanalyzed by: GSE51798","Reanalyzed by: GSE119087","30068","PDAC",TRUE,""
"T30277","GSM388123","Public on Jun 13 2009","Mar 31 2009","Aug 28 2018","RNA","1","pancreas","Homo sapiens","patient: 30277","sample: tumor","Pairs of normal and tumor tissue samples were obtained at the time of surgery from resected pancreas of 36 pancreatic cancer patients. The tissue samples were snap-frozen in liquid nitrogen immediately upon surgical removal and maintained at −85°C. For histological evaluation, sections were stained with haematoxylin and eosin. The resected cancer specimens were not microdissected.","total RNA","Total RNA was extracted from the frozen tissue samples in two steps: RNA isolation using the TriReagent (Sigma) protocol, followed by RNA clean-up performed as described in the RNeasy (Qiagen) protocol. Briefly, tissues were homogenized in TriReagent (1 mL of TriReagent per 50-100mg of tissue). Then, RNA was precipitated from the aqueous phase with addition of isopropanol at half the volume of the original TriReagent volume and centrifugated at 12000 × g for 10 min. RNA was cleaned using an RNeasy column according to the manufacturer’s instructions (RNeasy Mini Kit, Qiagen) and eluted in 100 µL of RNase-free water. RNA sample quantitation was performed by means of spectrophotometry (Genequant, Pharmacia), while RNA quality (integrity) control was done with microfluidics technology (2100 Bioanalyser, Agilent Technologies).","biotin","Biotinylated cRNA were prepared according to the standard Affymetrix protocol from 3 ug total RNA (Expression Analysis Technical Manual, Affymetrix).","9606","The fragmented cRNA was hybridized to the oligonucleotide microarray, which was washed and stained with streptavidin-phycoerythrin.","Scanning was performed with an Affymetrix Microarray Scanner.","Gene expression data from surgical samples","Affymetrix GeneChip Operating Software (GCOS) Version 1.4 was used for low-level scanning data processing. The data was subsequently normalized using the RMA algorithm using the Bioconductor 1.9 package (http://www.bioconductor.org/) running under R version 1.9.1.","GPL570","Liviu,,Badea","badea.liviu@gmail.com","AI and Bioinformatics","Research","ICI","8-10 Averescu Blvd.","Bucharest","011455","Romania","ftp://ftp.ncbi.nlm.nih.gov/geo/samples/GSM388nnn/GSM388123/suppl/GSM388123.CEL.gz","54675","Reanalyzed by: GSE51798","Reanalyzed by: GSE119087","30277","PDAC",TRUE,""
"T30308","GSM388124","Public on Jun 13 2009","Mar 31 2009","Aug 28 2018","RNA","1","pancreas","Homo sapiens","patient: 30308","sample: tumor","Pairs of normal and tumor tissue samples were obtained at the time of surgery from resected pancreas of 36 pancreatic cancer patients. The tissue samples were snap-frozen in liquid nitrogen immediately upon surgical removal and maintained at −85°C. For histological evaluation, sections were stained with haematoxylin and eosin. The resected cancer specimens were not microdissected.","total RNA","Total RNA was extracted from the frozen tissue samples in two steps: RNA isolation using the TriReagent (Sigma) protocol, followed by RNA clean-up performed as described in the RNeasy (Qiagen) protocol. Briefly, tissues were homogenized in TriReagent (1 mL of TriReagent per 50-100mg of tissue). Then, RNA was precipitated from the aqueous phase with addition of isopropanol at half the volume of the original TriReagent volume and centrifugated at 12000 × g for 10 min. RNA was cleaned using an RNeasy column according to the manufacturer’s instructions (RNeasy Mini Kit, Qiagen) and eluted in 100 µL of RNase-free water. RNA sample quantitation was performed by means of spectrophotometry (Genequant, Pharmacia), while RNA quality (integrity) control was done with microfluidics technology (2100 Bioanalyser, Agilent Technologies).","biotin","Biotinylated cRNA were prepared according to the standard Affymetrix protocol from 3 ug total RNA (Expression Analysis Technical Manual, Affymetrix).","9606","The fragmented cRNA was hybridized to the oligonucleotide microarray, which was washed and stained with streptavidin-phycoerythrin.","Scanning was performed with an Affymetrix Microarray Scanner.","Gene expression data from surgical samples","Affymetrix GeneChip Operating Software (GCOS) Version 1.4 was used for low-level scanning data processing. The data was subsequently normalized using the RMA algorithm using the Bioconductor 1.9 package (http://www.bioconductor.org/) running under R version 1.9.1.","GPL570","Liviu,,Badea","badea.liviu@gmail.com","AI and Bioinformatics","Research","ICI","8-10 Averescu Blvd.","Bucharest","011455","Romania","ftp://ftp.ncbi.nlm.nih.gov/geo/samples/GSM388nnn/GSM388124/suppl/GSM388124.CEL.gz","54675","Reanalyzed by: GSE51798","Reanalyzed by: GSE119087","30308","PDAC",TRUE,""
"T30364","GSM388125","Public on Jun 13 2009","Mar 31 2009","Aug 28 2018","RNA","1","pancreas","Homo sapiens","patient: 30364","sample: tumor","Pairs of normal and tumor tissue samples were obtained at the time of surgery from resected pancreas of 36 pancreatic cancer patients. The tissue samples were snap-frozen in liquid nitrogen immediately upon surgical removal and maintained at −85°C. For histological evaluation, sections were stained with haematoxylin and eosin. The resected cancer specimens were not microdissected.","total RNA","Total RNA was extracted from the frozen tissue samples in two steps: RNA isolation using the TriReagent (Sigma) protocol, followed by RNA clean-up performed as described in the RNeasy (Qiagen) protocol. Briefly, tissues were homogenized in TriReagent (1 mL of TriReagent per 50-100mg of tissue). Then, RNA was precipitated from the aqueous phase with addition of isopropanol at half the volume of the original TriReagent volume and centrifugated at 12000 × g for 10 min. RNA was cleaned using an RNeasy column according to the manufacturer’s instructions (RNeasy Mini Kit, Qiagen) and eluted in 100 µL of RNase-free water. RNA sample quantitation was performed by means of spectrophotometry (Genequant, Pharmacia), while RNA quality (integrity) control was done with microfluidics technology (2100 Bioanalyser, Agilent Technologies).","biotin","Biotinylated cRNA were prepared according to the standard Affymetrix protocol from 3 ug total RNA (Expression Analysis Technical Manual, Affymetrix).","9606","The fragmented cRNA was hybridized to the oligonucleotide microarray, which was washed and stained with streptavidin-phycoerythrin.","Scanning was performed with an Affymetrix Microarray Scanner.","Gene expression data from surgical samples","Affymetrix GeneChip Operating Software (GCOS) Version 1.4 was used for low-level scanning data processing. The data was subsequently normalized using the RMA algorithm using the Bioconductor 1.9 package (http://www.bioconductor.org/) running under R version 1.9.1.","GPL570","Liviu,,Badea","badea.liviu@gmail.com","AI and Bioinformatics","Research","ICI","8-10 Averescu Blvd.","Bucharest","011455","Romania","ftp://ftp.ncbi.nlm.nih.gov/geo/samples/GSM388nnn/GSM388125/suppl/GSM388125.CEL.gz","54675","Reanalyzed by: GSE51798","Reanalyzed by: GSE119087","30364","PDAC",TRUE,""
"T30582","GSM388126","Public on Jun 13 2009","Mar 31 2009","Aug 28 2018","RNA","1","pancreas","Homo sapiens","patient: 30582","sample: tumor","Pairs of normal and tumor tissue samples were obtained at the time of surgery from resected pancreas of 36 pancreatic cancer patients. The tissue samples were snap-frozen in liquid nitrogen immediately upon surgical removal and maintained at −85°C. For histological evaluation, sections were stained with haematoxylin and eosin. The resected cancer specimens were not microdissected.","total RNA","Total RNA was extracted from the frozen tissue samples in two steps: RNA isolation using the TriReagent (Sigma) protocol, followed by RNA clean-up performed as described in the RNeasy (Qiagen) protocol. Briefly, tissues were homogenized in TriReagent (1 mL of TriReagent per 50-100mg of tissue). Then, RNA was precipitated from the aqueous phase with addition of isopropanol at half the volume of the original TriReagent volume and centrifugated at 12000 × g for 10 min. RNA was cleaned using an RNeasy column according to the manufacturer’s instructions (RNeasy Mini Kit, Qiagen) and eluted in 100 µL of RNase-free water. RNA sample quantitation was performed by means of spectrophotometry (Genequant, Pharmacia), while RNA quality (integrity) control was done with microfluidics technology (2100 Bioanalyser, Agilent Technologies).","biotin","Biotinylated cRNA were prepared according to the standard Affymetrix protocol from 3 ug total RNA (Expression Analysis Technical Manual, Affymetrix).","9606","The fragmented cRNA was hybridized to the oligonucleotide microarray, which was washed and stained with streptavidin-phycoerythrin.","Scanning was performed with an Affymetrix Microarray Scanner.","Gene expression data from surgical samples","Affymetrix GeneChip Operating Software (GCOS) Version 1.4 was used for low-level scanning data processing. The data was subsequently normalized using the RMA algorithm using the Bioconductor 1.9 package (http://www.bioconductor.org/) running under R version 1.9.1.","GPL570","Liviu,,Badea","badea.liviu@gmail.com","AI and Bioinformatics","Research","ICI","8-10 Averescu Blvd.","Bucharest","011455","Romania","ftp://ftp.ncbi.nlm.nih.gov/geo/samples/GSM388nnn/GSM388126/suppl/GSM388126.CEL.gz","54675","Reanalyzed by: GSE51798","Reanalyzed by: GSE119087","30582","PDAC",TRUE,""
"T30617","GSM388127","Public on Jun 13 2009","Mar 31 2009","Aug 28 2018","RNA","1","pancreas","Homo sapiens","patient: 30617","sample: tumor","Pairs of normal and tumor tissue samples were obtained at the time of surgery from resected pancreas of 36 pancreatic cancer patients. The tissue samples were snap-frozen in liquid nitrogen immediately upon surgical removal and maintained at −85°C. For histological evaluation, sections were stained with haematoxylin and eosin. The resected cancer specimens were not microdissected.","total RNA","Total RNA was extracted from the frozen tissue samples in two steps: RNA isolation using the TriReagent (Sigma) protocol, followed by RNA clean-up performed as described in the RNeasy (Qiagen) protocol. Briefly, tissues were homogenized in TriReagent (1 mL of TriReagent per 50-100mg of tissue). Then, RNA was precipitated from the aqueous phase with addition of isopropanol at half the volume of the original TriReagent volume and centrifugated at 12000 × g for 10 min. RNA was cleaned using an RNeasy column according to the manufacturer’s instructions (RNeasy Mini Kit, Qiagen) and eluted in 100 µL of RNase-free water. RNA sample quantitation was performed by means of spectrophotometry (Genequant, Pharmacia), while RNA quality (integrity) control was done with microfluidics technology (2100 Bioanalyser, Agilent Technologies).","biotin","Biotinylated cRNA were prepared according to the standard Affymetrix protocol from 3 ug total RNA (Expression Analysis Technical Manual, Affymetrix).","9606","The fragmented cRNA was hybridized to the oligonucleotide microarray, which was washed and stained with streptavidin-phycoerythrin.","Scanning was performed with an Affymetrix Microarray Scanner.","Gene expression data from surgical samples","Affymetrix GeneChip Operating Software (GCOS) Version 1.4 was used for low-level scanning data processing. The data was subsequently normalized using the RMA algorithm using the Bioconductor 1.9 package (http://www.bioconductor.org/) running under R version 1.9.1.","GPL570","Liviu,,Badea","badea.liviu@gmail.com","AI and Bioinformatics","Research","ICI","8-10 Averescu Blvd.","Bucharest","011455","Romania","ftp://ftp.ncbi.nlm.nih.gov/geo/samples/GSM388nnn/GSM388127/suppl/GSM388127.CEL.gz","54675","Reanalyzed by: GSE51798","Reanalyzed by: GSE119087","30617","PDAC",TRUE,""
"T40645","GSM388128","Public on Jun 13 2009","Mar 31 2009","Aug 28 2018","RNA","1","pancreas","Homo sapiens","patient: 40645","sample: tumor","Pairs of normal and tumor tissue samples were obtained at the time of surgery from resected pancreas of 36 pancreatic cancer patients. The tissue samples were snap-frozen in liquid nitrogen immediately upon surgical removal and maintained at −85°C. For histological evaluation, sections were stained with haematoxylin and eosin. The resected cancer specimens were not microdissected.","total RNA","Total RNA was extracted from the frozen tissue samples in two steps: RNA isolation using the TriReagent (Sigma) protocol, followed by RNA clean-up performed as described in the RNeasy (Qiagen) protocol. Briefly, tissues were homogenized in TriReagent (1 mL of TriReagent per 50-100mg of tissue). Then, RNA was precipitated from the aqueous phase with addition of isopropanol at half the volume of the original TriReagent volume and centrifugated at 12000 × g for 10 min. RNA was cleaned using an RNeasy column according to the manufacturer’s instructions (RNeasy Mini Kit, Qiagen) and eluted in 100 µL of RNase-free water. RNA sample quantitation was performed by means of spectrophotometry (Genequant, Pharmacia), while RNA quality (integrity) control was done with microfluidics technology (2100 Bioanalyser, Agilent Technologies).","biotin","Biotinylated cRNA were prepared according to the standard Affymetrix protocol from 3 ug total RNA (Expression Analysis Technical Manual, Affymetrix).","9606","The fragmented cRNA was hybridized to the oligonucleotide microarray, which was washed and stained with streptavidin-phycoerythrin.","Scanning was performed with an Affymetrix Microarray Scanner.","Gene expression data from surgical samples","Affymetrix GeneChip Operating Software (GCOS) Version 1.4 was used for low-level scanning data processing. The data was subsequently normalized using the RMA algorithm using the Bioconductor 1.9 package (http://www.bioconductor.org/) running under R version 1.9.1.","GPL570","Liviu,,Badea","badea.liviu@gmail.com","AI and Bioinformatics","Research","ICI","8-10 Averescu Blvd.","Bucharest","011455","Romania","ftp://ftp.ncbi.nlm.nih.gov/geo/samples/GSM388nnn/GSM388128/suppl/GSM388128.CEL.gz","54675","Reanalyzed by: GSE51798","Reanalyzed by: GSE119087","40645","PDAC",TRUE,""
"T40656","GSM388129","Public on Jun 13 2009","Mar 31 2009","Aug 28 2018","RNA","1","pancreas","Homo sapiens","patient: 40656","sample: tumor","Pairs of normal and tumor tissue samples were obtained at the time of surgery from resected pancreas of 36 pancreatic cancer patients. The tissue samples were snap-frozen in liquid nitrogen immediately upon surgical removal and maintained at −85°C. For histological evaluation, sections were stained with haematoxylin and eosin. The resected cancer specimens were not microdissected.","total RNA","Total RNA was extracted from the frozen tissue samples in two steps: RNA isolation using the TriReagent (Sigma) protocol, followed by RNA clean-up performed as described in the RNeasy (Qiagen) protocol. Briefly, tissues were homogenized in TriReagent (1 mL of TriReagent per 50-100mg of tissue). Then, RNA was precipitated from the aqueous phase with addition of isopropanol at half the volume of the original TriReagent volume and centrifugated at 12000 × g for 10 min. RNA was cleaned using an RNeasy column according to the manufacturer’s instructions (RNeasy Mini Kit, Qiagen) and eluted in 100 µL of RNase-free water. RNA sample quantitation was performed by means of spectrophotometry (Genequant, Pharmacia), while RNA quality (integrity) control was done with microfluidics technology (2100 Bioanalyser, Agilent Technologies).","biotin","Biotinylated cRNA were prepared according to the standard Affymetrix protocol from 3 ug total RNA (Expression Analysis Technical Manual, Affymetrix).","9606","The fragmented cRNA was hybridized to the oligonucleotide microarray, which was washed and stained with streptavidin-phycoerythrin.","Scanning was performed with an Affymetrix Microarray Scanner.","Gene expression data from surgical samples","Affymetrix GeneChip Operating Software (GCOS) Version 1.4 was used for low-level scanning data processing. The data was subsequently normalized using the RMA algorithm using the Bioconductor 1.9 package (http://www.bioconductor.org/) running under R version 1.9.1.","GPL570","Liviu,,Badea","badea.liviu@gmail.com","AI and Bioinformatics","Research","ICI","8-10 Averescu Blvd.","Bucharest","011455","Romania","ftp://ftp.ncbi.nlm.nih.gov/geo/samples/GSM388nnn/GSM388129/suppl/GSM388129.CEL.gz","54675","Reanalyzed by: GSE51798","Reanalyzed by: GSE119087","40656","PDAC",TRUE,""
"T40726","GSM388130","Public on Jun 13 2009","Mar 31 2009","Aug 28 2018","RNA","1","pancreas","Homo sapiens","patient: 40726","sample: tumor","Pairs of normal and tumor tissue samples were obtained at the time of surgery from resected pancreas of 36 pancreatic cancer patients. The tissue samples were snap-frozen in liquid nitrogen immediately upon surgical removal and maintained at −85°C. For histological evaluation, sections were stained with haematoxylin and eosin. The resected cancer specimens were not microdissected.","total RNA","Total RNA was extracted from the frozen tissue samples in two steps: RNA isolation using the TriReagent (Sigma) protocol, followed by RNA clean-up performed as described in the RNeasy (Qiagen) protocol. Briefly, tissues were homogenized in TriReagent (1 mL of TriReagent per 50-100mg of tissue). Then, RNA was precipitated from the aqueous phase with addition of isopropanol at half the volume of the original TriReagent volume and centrifugated at 12000 × g for 10 min. RNA was cleaned using an RNeasy column according to the manufacturer’s instructions (RNeasy Mini Kit, Qiagen) and eluted in 100 µL of RNase-free water. RNA sample quantitation was performed by means of spectrophotometry (Genequant, Pharmacia), while RNA quality (integrity) control was done with microfluidics technology (2100 Bioanalyser, Agilent Technologies).","biotin","Biotinylated cRNA were prepared according to the standard Affymetrix protocol from 3 ug total RNA (Expression Analysis Technical Manual, Affymetrix).","9606","The fragmented cRNA was hybridized to the oligonucleotide microarray, which was washed and stained with streptavidin-phycoerythrin.","Scanning was performed with an Affymetrix Microarray Scanner.","Gene expression data from surgical samples","Affymetrix GeneChip Operating Software (GCOS) Version 1.4 was used for low-level scanning data processing. The data was subsequently normalized using the RMA algorithm using the Bioconductor 1.9 package (http://www.bioconductor.org/) running under R version 1.9.1.","GPL570","Liviu,,Badea","badea.liviu@gmail.com","AI and Bioinformatics","Research","ICI","8-10 Averescu Blvd.","Bucharest","011455","Romania","ftp://ftp.ncbi.nlm.nih.gov/geo/samples/GSM388nnn/GSM388130/suppl/GSM388130.CEL.gz","54675","Reanalyzed by: GSE51798","Reanalyzed by: GSE119087","40726","PDAC",TRUE,""
"T40730","GSM388131","Public on Jun 13 2009","Mar 31 2009","Aug 28 2018","RNA","1","pancreas","Homo sapiens","patient: 40730","sample: tumor","Pairs of normal and tumor tissue samples were obtained at the time of surgery from resected pancreas of 36 pancreatic cancer patients. The tissue samples were snap-frozen in liquid nitrogen immediately upon surgical removal and maintained at −85°C. For histological evaluation, sections were stained with haematoxylin and eosin. The resected cancer specimens were not microdissected.","total RNA","Total RNA was extracted from the frozen tissue samples in two steps: RNA isolation using the TriReagent (Sigma) protocol, followed by RNA clean-up performed as described in the RNeasy (Qiagen) protocol. Briefly, tissues were homogenized in TriReagent (1 mL of TriReagent per 50-100mg of tissue). Then, RNA was precipitated from the aqueous phase with addition of isopropanol at half the volume of the original TriReagent volume and centrifugated at 12000 × g for 10 min. RNA was cleaned using an RNeasy column according to the manufacturer’s instructions (RNeasy Mini Kit, Qiagen) and eluted in 100 µL of RNase-free water. RNA sample quantitation was performed by means of spectrophotometry (Genequant, Pharmacia), while RNA quality (integrity) control was done with microfluidics technology (2100 Bioanalyser, Agilent Technologies).","biotin","Biotinylated cRNA were prepared according to the standard Affymetrix protocol from 3 ug total RNA (Expression Analysis Technical Manual, Affymetrix).","9606","The fragmented cRNA was hybridized to the oligonucleotide microarray, which was washed and stained with streptavidin-phycoerythrin.","Scanning was performed with an Affymetrix Microarray Scanner.","Gene expression data from surgical samples","Affymetrix GeneChip Operating Software (GCOS) Version 1.4 was used for low-level scanning data processing. The data was subsequently normalized using the RMA algorithm using the Bioconductor 1.9 package (http://www.bioconductor.org/) running under R version 1.9.1.","GPL570","Liviu,,Badea","badea.liviu@gmail.com","AI and Bioinformatics","Research","ICI","8-10 Averescu Blvd.","Bucharest","011455","Romania","ftp://ftp.ncbi.nlm.nih.gov/geo/samples/GSM388nnn/GSM388131/suppl/GSM388131.CEL.gz","54675","Reanalyzed by: GSE51798","Reanalyzed by: GSE119087","40730","PDAC",TRUE,""
"T40741","GSM388132","Public on Jun 13 2009","Mar 31 2009","Aug 28 2018","RNA","1","pancreas","Homo sapiens","patient: 40741","sample: tumor","Pairs of normal and tumor tissue samples were obtained at the time of surgery from resected pancreas of 36 pancreatic cancer patients. The tissue samples were snap-frozen in liquid nitrogen immediately upon surgical removal and maintained at −85°C. For histological evaluation, sections were stained with haematoxylin and eosin. The resected cancer specimens were not microdissected.","total RNA","Total RNA was extracted from the frozen tissue samples in two steps: RNA isolation using the TriReagent (Sigma) protocol, followed by RNA clean-up performed as described in the RNeasy (Qiagen) protocol. Briefly, tissues were homogenized in TriReagent (1 mL of TriReagent per 50-100mg of tissue). Then, RNA was precipitated from the aqueous phase with addition of isopropanol at half the volume of the original TriReagent volume and centrifugated at 12000 × g for 10 min. RNA was cleaned using an RNeasy column according to the manufacturer’s instructions (RNeasy Mini Kit, Qiagen) and eluted in 100 µL of RNase-free water. RNA sample quantitation was performed by means of spectrophotometry (Genequant, Pharmacia), while RNA quality (integrity) control was done with microfluidics technology (2100 Bioanalyser, Agilent Technologies).","biotin","Biotinylated cRNA were prepared according to the standard Affymetrix protocol from 3 ug total RNA (Expression Analysis Technical Manual, Affymetrix).","9606","The fragmented cRNA was hybridized to the oligonucleotide microarray, which was washed and stained with streptavidin-phycoerythrin.","Scanning was performed with an Affymetrix Microarray Scanner.","Gene expression data from surgical samples","Affymetrix GeneChip Operating Software (GCOS) Version 1.4 was used for low-level scanning data processing. The data was subsequently normalized using the RMA algorithm using the Bioconductor 1.9 package (http://www.bioconductor.org/) running under R version 1.9.1.","GPL570","Liviu,,Badea","badea.liviu@gmail.com","AI and Bioinformatics","Research","ICI","8-10 Averescu Blvd.","Bucharest","011455","Romania","ftp://ftp.ncbi.nlm.nih.gov/geo/samples/GSM388nnn/GSM388132/suppl/GSM388132.CEL.gz","54675","Reanalyzed by: GSE51798","Reanalyzed by: GSE119087","40741","PDAC",TRUE,""
"T40836","GSM388133","Public on Jun 13 2009","Mar 31 2009","Aug 28 2018","RNA","1","pancreas","Homo sapiens","patient: 40836","sample: tumor","Pairs of normal and tumor tissue samples were obtained at the time of surgery from resected pancreas of 36 pancreatic cancer patients. The tissue samples were snap-frozen in liquid nitrogen immediately upon surgical removal and maintained at −85°C. For histological evaluation, sections were stained with haematoxylin and eosin. The resected cancer specimens were not microdissected.","total RNA","Total RNA was extracted from the frozen tissue samples in two steps: RNA isolation using the TriReagent (Sigma) protocol, followed by RNA clean-up performed as described in the RNeasy (Qiagen) protocol. Briefly, tissues were homogenized in TriReagent (1 mL of TriReagent per 50-100mg of tissue). Then, RNA was precipitated from the aqueous phase with addition of isopropanol at half the volume of the original TriReagent volume and centrifugated at 12000 × g for 10 min. RNA was cleaned using an RNeasy column according to the manufacturer’s instructions (RNeasy Mini Kit, Qiagen) and eluted in 100 µL of RNase-free water. RNA sample quantitation was performed by means of spectrophotometry (Genequant, Pharmacia), while RNA quality (integrity) control was done with microfluidics technology (2100 Bioanalyser, Agilent Technologies).","biotin","Biotinylated cRNA were prepared according to the standard Affymetrix protocol from 3 ug total RNA (Expression Analysis Technical Manual, Affymetrix).","9606","The fragmented cRNA was hybridized to the oligonucleotide microarray, which was washed and stained with streptavidin-phycoerythrin.","Scanning was performed with an Affymetrix Microarray Scanner.","Gene expression data from surgical samples","Affymetrix GeneChip Operating Software (GCOS) Version 1.4 was used for low-level scanning data processing. The data was subsequently normalized using the RMA algorithm using the Bioconductor 1.9 package (http://www.bioconductor.org/) running under R version 1.9.1.","GPL570","Liviu,,Badea","badea.liviu@gmail.com","AI and Bioinformatics","Research","ICI","8-10 Averescu Blvd.","Bucharest","011455","Romania","ftp://ftp.ncbi.nlm.nih.gov/geo/samples/GSM388nnn/GSM388133/suppl/GSM388133.CEL.gz","54675","Reanalyzed by: GSE51798","Reanalyzed by: GSE119087","40836","PDAC",TRUE,""
"T40843","GSM388134","Public on Jun 13 2009","Mar 31 2009","Aug 28 2018","RNA","1","pancreas","Homo sapiens","patient: 40843","sample: tumor","Pairs of normal and tumor tissue samples were obtained at the time of surgery from resected pancreas of 36 pancreatic cancer patients. The tissue samples were snap-frozen in liquid nitrogen immediately upon surgical removal and maintained at −85°C. For histological evaluation, sections were stained with haematoxylin and eosin. The resected cancer specimens were not microdissected.","total RNA","Total RNA was extracted from the frozen tissue samples in two steps: RNA isolation using the TriReagent (Sigma) protocol, followed by RNA clean-up performed as described in the RNeasy (Qiagen) protocol. Briefly, tissues were homogenized in TriReagent (1 mL of TriReagent per 50-100mg of tissue). Then, RNA was precipitated from the aqueous phase with addition of isopropanol at half the volume of the original TriReagent volume and centrifugated at 12000 × g for 10 min. RNA was cleaned using an RNeasy column according to the manufacturer’s instructions (RNeasy Mini Kit, Qiagen) and eluted in 100 µL of RNase-free water. RNA sample quantitation was performed by means of spectrophotometry (Genequant, Pharmacia), while RNA quality (integrity) control was done with microfluidics technology (2100 Bioanalyser, Agilent Technologies).","biotin","Biotinylated cRNA were prepared according to the standard Affymetrix protocol from 3 ug total RNA (Expression Analysis Technical Manual, Affymetrix).","9606","The fragmented cRNA was hybridized to the oligonucleotide microarray, which was washed and stained with streptavidin-phycoerythrin.","Scanning was performed with an Affymetrix Microarray Scanner.","Gene expression data from surgical samples","Affymetrix GeneChip Operating Software (GCOS) Version 1.4 was used for low-level scanning data processing. The data was subsequently normalized using the RMA algorithm using the Bioconductor 1.9 package (http://www.bioconductor.org/) running under R version 1.9.1.","GPL570","Liviu,,Badea","badea.liviu@gmail.com","AI and Bioinformatics","Research","ICI","8-10 Averescu Blvd.","Bucharest","011455","Romania","ftp://ftp.ncbi.nlm.nih.gov/geo/samples/GSM388nnn/GSM388134/suppl/GSM388134.CEL.gz","54675","Reanalyzed by: GSE51798","Reanalyzed by: GSE119087","40843","PDAC",TRUE,""
"T40875","GSM388135","Public on Jun 13 2009","Mar 31 2009","Aug 28 2018","RNA","1","pancreas","Homo sapiens","patient: 40875","sample: tumor","Pairs of normal and tumor tissue samples were obtained at the time of surgery from resected pancreas of 36 pancreatic cancer patients. The tissue samples were snap-frozen in liquid nitrogen immediately upon surgical removal and maintained at −85°C. For histological evaluation, sections were stained with haematoxylin and eosin. The resected cancer specimens were not microdissected.","total RNA","Total RNA was extracted from the frozen tissue samples in two steps: RNA isolation using the TriReagent (Sigma) protocol, followed by RNA clean-up performed as described in the RNeasy (Qiagen) protocol. Briefly, tissues were homogenized in TriReagent (1 mL of TriReagent per 50-100mg of tissue). Then, RNA was precipitated from the aqueous phase with addition of isopropanol at half the volume of the original TriReagent volume and centrifugated at 12000 × g for 10 min. RNA was cleaned using an RNeasy column according to the manufacturer’s instructions (RNeasy Mini Kit, Qiagen) and eluted in 100 µL of RNase-free water. RNA sample quantitation was performed by means of spectrophotometry (Genequant, Pharmacia), while RNA quality (integrity) control was done with microfluidics technology (2100 Bioanalyser, Agilent Technologies).","biotin","Biotinylated cRNA were prepared according to the standard Affymetrix protocol from 3 ug total RNA (Expression Analysis Technical Manual, Affymetrix).","9606","The fragmented cRNA was hybridized to the oligonucleotide microarray, which was washed and stained with streptavidin-phycoerythrin.","Scanning was performed with an Affymetrix Microarray Scanner.","Gene expression data from surgical samples","Affymetrix GeneChip Operating Software (GCOS) Version 1.4 was used for low-level scanning data processing. The data was subsequently normalized using the RMA algorithm using the Bioconductor 1.9 package (http://www.bioconductor.org/) running under R version 1.9.1.","GPL570","Liviu,,Badea","badea.liviu@gmail.com","AI and Bioinformatics","Research","ICI","8-10 Averescu Blvd.","Bucharest","011455","Romania","ftp://ftp.ncbi.nlm.nih.gov/geo/samples/GSM388nnn/GSM388135/suppl/GSM388135.CEL.gz","54675","Reanalyzed by: GSE51798","Reanalyzed by: GSE119087","40875","PDAC",TRUE,""
"T40892","GSM388136","Public on Jun 13 2009","Mar 31 2009","Aug 28 2018","RNA","1","pancreas","Homo sapiens","patient: 40892","sample: tumor","Pairs of normal and tumor tissue samples were obtained at the time of surgery from resected pancreas of 36 pancreatic cancer patients. The tissue samples were snap-frozen in liquid nitrogen immediately upon surgical removal and maintained at −85°C. For histological evaluation, sections were stained with haematoxylin and eosin. The resected cancer specimens were not microdissected.","total RNA","Total RNA was extracted from the frozen tissue samples in two steps: RNA isolation using the TriReagent (Sigma) protocol, followed by RNA clean-up performed as described in the RNeasy (Qiagen) protocol. Briefly, tissues were homogenized in TriReagent (1 mL of TriReagent per 50-100mg of tissue). Then, RNA was precipitated from the aqueous phase with addition of isopropanol at half the volume of the original TriReagent volume and centrifugated at 12000 × g for 10 min. RNA was cleaned using an RNeasy column according to the manufacturer’s instructions (RNeasy Mini Kit, Qiagen) and eluted in 100 µL of RNase-free water. RNA sample quantitation was performed by means of spectrophotometry (Genequant, Pharmacia), while RNA quality (integrity) control was done with microfluidics technology (2100 Bioanalyser, Agilent Technologies).","biotin","Biotinylated cRNA were prepared according to the standard Affymetrix protocol from 3 ug total RNA (Expression Analysis Technical Manual, Affymetrix).","9606","The fragmented cRNA was hybridized to the oligonucleotide microarray, which was washed and stained with streptavidin-phycoerythrin.","Scanning was performed with an Affymetrix Microarray Scanner.","Gene expression data from surgical samples","Affymetrix GeneChip Operating Software (GCOS) Version 1.4 was used for low-level scanning data processing. The data was subsequently normalized using the RMA algorithm using the Bioconductor 1.9 package (http://www.bioconductor.org/) running under R version 1.9.1.","GPL570","Liviu,,Badea","badea.liviu@gmail.com","AI and Bioinformatics","Research","ICI","8-10 Averescu Blvd.","Bucharest","011455","Romania","ftp://ftp.ncbi.nlm.nih.gov/geo/samples/GSM388nnn/GSM388136/suppl/GSM388136.CEL.gz","54675","Reanalyzed by: GSE51798","Reanalyzed by: GSE119087","40892","PDAC",TRUE,""
"T40899","GSM388137","Public on Jun 13 2009","Mar 31 2009","Aug 28 2018","RNA","1","pancreas","Homo sapiens","patient: 40899","sample: tumor","Pairs of normal and tumor tissue samples were obtained at the time of surgery from resected pancreas of 36 pancreatic cancer patients. The tissue samples were snap-frozen in liquid nitrogen immediately upon surgical removal and maintained at −85°C. For histological evaluation, sections were stained with haematoxylin and eosin. The resected cancer specimens were not microdissected.","total RNA","Total RNA was extracted from the frozen tissue samples in two steps: RNA isolation using the TriReagent (Sigma) protocol, followed by RNA clean-up performed as described in the RNeasy (Qiagen) protocol. Briefly, tissues were homogenized in TriReagent (1 mL of TriReagent per 50-100mg of tissue). Then, RNA was precipitated from the aqueous phase with addition of isopropanol at half the volume of the original TriReagent volume and centrifugated at 12000 × g for 10 min. RNA was cleaned using an RNeasy column according to the manufacturer’s instructions (RNeasy Mini Kit, Qiagen) and eluted in 100 µL of RNase-free water. RNA sample quantitation was performed by means of spectrophotometry (Genequant, Pharmacia), while RNA quality (integrity) control was done with microfluidics technology (2100 Bioanalyser, Agilent Technologies).","biotin","Biotinylated cRNA were prepared according to the standard Affymetrix protocol from 3 ug total RNA (Expression Analysis Technical Manual, Affymetrix).","9606","The fragmented cRNA was hybridized to the oligonucleotide microarray, which was washed and stained with streptavidin-phycoerythrin.","Scanning was performed with an Affymetrix Microarray Scanner.","Gene expression data from surgical samples","Affymetrix GeneChip Operating Software (GCOS) Version 1.4 was used for low-level scanning data processing. The data was subsequently normalized using the RMA algorithm using the Bioconductor 1.9 package (http://www.bioconductor.org/) running under R version 1.9.1.","GPL570","Liviu,,Badea","badea.liviu@gmail.com","AI and Bioinformatics","Research","ICI","8-10 Averescu Blvd.","Bucharest","011455","Romania","ftp://ftp.ncbi.nlm.nih.gov/geo/samples/GSM388nnn/GSM388137/suppl/GSM388137.CEL.gz","54675","Reanalyzed by: GSE51798","Reanalyzed by: GSE119087","40899","PDAC",TRUE,""
"T40975","GSM388138","Public on Jun 13 2009","Mar 31 2009","Aug 28 2018","RNA","1","pancreas","Homo sapiens","patient: 40975","sample: tumor","Pairs of normal and tumor tissue samples were obtained at the time of surgery from resected pancreas of 36 pancreatic cancer patients. The tissue samples were snap-frozen in liquid nitrogen immediately upon surgical removal and maintained at −85°C. For histological evaluation, sections were stained with haematoxylin and eosin. The resected cancer specimens were not microdissected.","total RNA","Total RNA was extracted from the frozen tissue samples in two steps: RNA isolation using the TriReagent (Sigma) protocol, followed by RNA clean-up performed as described in the RNeasy (Qiagen) protocol. Briefly, tissues were homogenized in TriReagent (1 mL of TriReagent per 50-100mg of tissue). Then, RNA was precipitated from the aqueous phase with addition of isopropanol at half the volume of the original TriReagent volume and centrifugated at 12000 × g for 10 min. RNA was cleaned using an RNeasy column according to the manufacturer’s instructions (RNeasy Mini Kit, Qiagen) and eluted in 100 µL of RNase-free water. RNA sample quantitation was performed by means of spectrophotometry (Genequant, Pharmacia), while RNA quality (integrity) control was done with microfluidics technology (2100 Bioanalyser, Agilent Technologies).","biotin","Biotinylated cRNA were prepared according to the standard Affymetrix protocol from 3 ug total RNA (Expression Analysis Technical Manual, Affymetrix).","9606","The fragmented cRNA was hybridized to the oligonucleotide microarray, which was washed and stained with streptavidin-phycoerythrin.","Scanning was performed with an Affymetrix Microarray Scanner.","Gene expression data from surgical samples","Affymetrix GeneChip Operating Software (GCOS) Version 1.4 was used for low-level scanning data processing. The data was subsequently normalized using the RMA algorithm using the Bioconductor 1.9 package (http://www.bioconductor.org/) running under R version 1.9.1.","GPL570","Liviu,,Badea","badea.liviu@gmail.com","AI and Bioinformatics","Research","ICI","8-10 Averescu Blvd.","Bucharest","011455","Romania","ftp://ftp.ncbi.nlm.nih.gov/geo/samples/GSM388nnn/GSM388138/suppl/GSM388138.CEL.gz","54675","Reanalyzed by: GSE51798","Reanalyzed by: GSE119087","40975","PDAC",TRUE,""
"T40977","GSM388139","Public on Jun 13 2009","Mar 31 2009","Aug 28 2018","RNA","1","pancreas","Homo sapiens","patient: 40977","sample: tumor","Pairs of normal and tumor tissue samples were obtained at the time of surgery from resected pancreas of 36 pancreatic cancer patients. The tissue samples were snap-frozen in liquid nitrogen immediately upon surgical removal and maintained at −85°C. For histological evaluation, sections were stained with haematoxylin and eosin. The resected cancer specimens were not microdissected.","total RNA","Total RNA was extracted from the frozen tissue samples in two steps: RNA isolation using the TriReagent (Sigma) protocol, followed by RNA clean-up performed as described in the RNeasy (Qiagen) protocol. Briefly, tissues were homogenized in TriReagent (1 mL of TriReagent per 50-100mg of tissue). Then, RNA was precipitated from the aqueous phase with addition of isopropanol at half the volume of the original TriReagent volume and centrifugated at 12000 × g for 10 min. RNA was cleaned using an RNeasy column according to the manufacturer’s instructions (RNeasy Mini Kit, Qiagen) and eluted in 100 µL of RNase-free water. RNA sample quantitation was performed by means of spectrophotometry (Genequant, Pharmacia), while RNA quality (integrity) control was done with microfluidics technology (2100 Bioanalyser, Agilent Technologies).","biotin","Biotinylated cRNA were prepared according to the standard Affymetrix protocol from 3 ug total RNA (Expression Analysis Technical Manual, Affymetrix).","9606","The fragmented cRNA was hybridized to the oligonucleotide microarray, which was washed and stained with streptavidin-phycoerythrin.","Scanning was performed with an Affymetrix Microarray Scanner.","Gene expression data from surgical samples","Affymetrix GeneChip Operating Software (GCOS) Version 1.4 was used for low-level scanning data processing. The data was subsequently normalized using the RMA algorithm using the Bioconductor 1.9 package (http://www.bioconductor.org/) running under R version 1.9.1.","GPL570","Liviu,,Badea","badea.liviu@gmail.com","AI and Bioinformatics","Research","ICI","8-10 Averescu Blvd.","Bucharest","011455","Romania","ftp://ftp.ncbi.nlm.nih.gov/geo/samples/GSM388nnn/GSM388139/suppl/GSM388139.CEL.gz","54675","Reanalyzed by: GSE51798","Reanalyzed by: GSE119087","40977","PDAC",TRUE,""
"T51084","GSM388140","Public on Jun 13 2009","Mar 31 2009","Aug 28 2018","RNA","1","pancreas","Homo sapiens","patient: 51084","sample: tumor","Pairs of normal and tumor tissue samples were obtained at the time of surgery from resected pancreas of 36 pancreatic cancer patients. The tissue samples were snap-frozen in liquid nitrogen immediately upon surgical removal and maintained at −85°C. For histological evaluation, sections were stained with haematoxylin and eosin. The resected cancer specimens were not microdissected.","total RNA","Total RNA was extracted from the frozen tissue samples in two steps: RNA isolation using the TriReagent (Sigma) protocol, followed by RNA clean-up performed as described in the RNeasy (Qiagen) protocol. Briefly, tissues were homogenized in TriReagent (1 mL of TriReagent per 50-100mg of tissue). Then, RNA was precipitated from the aqueous phase with addition of isopropanol at half the volume of the original TriReagent volume and centrifugated at 12000 × g for 10 min. RNA was cleaned using an RNeasy column according to the manufacturer’s instructions (RNeasy Mini Kit, Qiagen) and eluted in 100 µL of RNase-free water. RNA sample quantitation was performed by means of spectrophotometry (Genequant, Pharmacia), while RNA quality (integrity) control was done with microfluidics technology (2100 Bioanalyser, Agilent Technologies).","biotin","Biotinylated cRNA were prepared according to the standard Affymetrix protocol from 3 ug total RNA (Expression Analysis Technical Manual, Affymetrix).","9606","The fragmented cRNA was hybridized to the oligonucleotide microarray, which was washed and stained with streptavidin-phycoerythrin.","Scanning was performed with an Affymetrix Microarray Scanner.","Gene expression data from surgical samples","Affymetrix GeneChip Operating Software (GCOS) Version 1.4 was used for low-level scanning data processing. The data was subsequently normalized using the RMA algorithm using the Bioconductor 1.9 package (http://www.bioconductor.org/) running under R version 1.9.1.","GPL570","Liviu,,Badea","badea.liviu@gmail.com","AI and Bioinformatics","Research","ICI","8-10 Averescu Blvd.","Bucharest","011455","Romania","ftp://ftp.ncbi.nlm.nih.gov/geo/samples/GSM388nnn/GSM388140/suppl/GSM388140.CEL.gz","54675","Reanalyzed by: GSE51798","Reanalyzed by: GSE119087","51084","PDAC",TRUE,""
"T51091","GSM388141","Public on Jun 13 2009","Mar 31 2009","Aug 28 2018","RNA","1","pancreas","Homo sapiens","patient: 51091","sample: tumor","Pairs of normal and tumor tissue samples were obtained at the time of surgery from resected pancreas of 36 pancreatic cancer patients. The tissue samples were snap-frozen in liquid nitrogen immediately upon surgical removal and maintained at −85°C. For histological evaluation, sections were stained with haematoxylin and eosin. The resected cancer specimens were not microdissected.","total RNA","Total RNA was extracted from the frozen tissue samples in two steps: RNA isolation using the TriReagent (Sigma) protocol, followed by RNA clean-up performed as described in the RNeasy (Qiagen) protocol. Briefly, tissues were homogenized in TriReagent (1 mL of TriReagent per 50-100mg of tissue). Then, RNA was precipitated from the aqueous phase with addition of isopropanol at half the volume of the original TriReagent volume and centrifugated at 12000 × g for 10 min. RNA was cleaned using an RNeasy column according to the manufacturer’s instructions (RNeasy Mini Kit, Qiagen) and eluted in 100 µL of RNase-free water. RNA sample quantitation was performed by means of spectrophotometry (Genequant, Pharmacia), while RNA quality (integrity) control was done with microfluidics technology (2100 Bioanalyser, Agilent Technologies).","biotin","Biotinylated cRNA were prepared according to the standard Affymetrix protocol from 3 ug total RNA (Expression Analysis Technical Manual, Affymetrix).","9606","The fragmented cRNA was hybridized to the oligonucleotide microarray, which was washed and stained with streptavidin-phycoerythrin.","Scanning was performed with an Affymetrix Microarray Scanner.","Gene expression data from surgical samples","Affymetrix GeneChip Operating Software (GCOS) Version 1.4 was used for low-level scanning data processing. The data was subsequently normalized using the RMA algorithm using the Bioconductor 1.9 package (http://www.bioconductor.org/) running under R version 1.9.1.","GPL570","Liviu,,Badea","badea.liviu@gmail.com","AI and Bioinformatics","Research","ICI","8-10 Averescu Blvd.","Bucharest","011455","Romania","ftp://ftp.ncbi.nlm.nih.gov/geo/samples/GSM388nnn/GSM388141/suppl/GSM388141.CEL.gz","54675","Reanalyzed by: GSE51798","Reanalyzed by: GSE119087","51091","PDAC",TRUE,""
"T51176","GSM388142","Public on Jun 13 2009","Mar 31 2009","Aug 28 2018","RNA","1","pancreas","Homo sapiens","patient: 51176","sample: tumor","Pairs of normal and tumor tissue samples were obtained at the time of surgery from resected pancreas of 36 pancreatic cancer patients. The tissue samples were snap-frozen in liquid nitrogen immediately upon surgical removal and maintained at −85°C. For histological evaluation, sections were stained with haematoxylin and eosin. The resected cancer specimens were not microdissected.","total RNA","Total RNA was extracted from the frozen tissue samples in two steps: RNA isolation using the TriReagent (Sigma) protocol, followed by RNA clean-up performed as described in the RNeasy (Qiagen) protocol. Briefly, tissues were homogenized in TriReagent (1 mL of TriReagent per 50-100mg of tissue). Then, RNA was precipitated from the aqueous phase with addition of isopropanol at half the volume of the original TriReagent volume and centrifugated at 12000 × g for 10 min. RNA was cleaned using an RNeasy column according to the manufacturer’s instructions (RNeasy Mini Kit, Qiagen) and eluted in 100 µL of RNase-free water. RNA sample quantitation was performed by means of spectrophotometry (Genequant, Pharmacia), while RNA quality (integrity) control was done with microfluidics technology (2100 Bioanalyser, Agilent Technologies).","biotin","Biotinylated cRNA were prepared according to the standard Affymetrix protocol from 3 ug total RNA (Expression Analysis Technical Manual, Affymetrix).","9606","The fragmented cRNA was hybridized to the oligonucleotide microarray, which was washed and stained with streptavidin-phycoerythrin.","Scanning was performed with an Affymetrix Microarray Scanner.","Gene expression data from surgical samples","Affymetrix GeneChip Operating Software (GCOS) Version 1.4 was used for low-level scanning data processing. The data was subsequently normalized using the RMA algorithm using the Bioconductor 1.9 package (http://www.bioconductor.org/) running under R version 1.9.1.","GPL570","Liviu,,Badea","badea.liviu@gmail.com","AI and Bioinformatics","Research","ICI","8-10 Averescu Blvd.","Bucharest","011455","Romania","ftp://ftp.ncbi.nlm.nih.gov/geo/samples/GSM388nnn/GSM388142/suppl/GSM388142.CEL.gz","54675","Reanalyzed by: GSE51798","Reanalyzed by: GSE119087","51176","PDAC",TRUE,""
"T51292","GSM388143","Public on Jun 13 2009","Mar 31 2009","Aug 28 2018","RNA","1","pancreas","Homo sapiens","patient: 51292","sample: tumor","Pairs of normal and tumor tissue samples were obtained at the time of surgery from resected pancreas of 36 pancreatic cancer patients. The tissue samples were snap-frozen in liquid nitrogen immediately upon surgical removal and maintained at −85°C. For histological evaluation, sections were stained with haematoxylin and eosin. The resected cancer specimens were not microdissected.","total RNA","Total RNA was extracted from the frozen tissue samples in two steps: RNA isolation using the TriReagent (Sigma) protocol, followed by RNA clean-up performed as described in the RNeasy (Qiagen) protocol. Briefly, tissues were homogenized in TriReagent (1 mL of TriReagent per 50-100mg of tissue). Then, RNA was precipitated from the aqueous phase with addition of isopropanol at half the volume of the original TriReagent volume and centrifugated at 12000 × g for 10 min. RNA was cleaned using an RNeasy column according to the manufacturer’s instructions (RNeasy Mini Kit, Qiagen) and eluted in 100 µL of RNase-free water. RNA sample quantitation was performed by means of spectrophotometry (Genequant, Pharmacia), while RNA quality (integrity) control was done with microfluidics technology (2100 Bioanalyser, Agilent Technologies).","biotin","Biotinylated cRNA were prepared according to the standard Affymetrix protocol from 3 ug total RNA (Expression Analysis Technical Manual, Affymetrix).","9606","The fragmented cRNA was hybridized to the oligonucleotide microarray, which was washed and stained with streptavidin-phycoerythrin.","Scanning was performed with an Affymetrix Microarray Scanner.","Gene expression data from surgical samples","Affymetrix GeneChip Operating Software (GCOS) Version 1.4 was used for low-level scanning data processing. The data was subsequently normalized using the RMA algorithm using the Bioconductor 1.9 package (http://www.bioconductor.org/) running under R version 1.9.1.","GPL570","Liviu,,Badea","badea.liviu@gmail.com","AI and Bioinformatics","Research","ICI","8-10 Averescu Blvd.","Bucharest","011455","Romania","ftp://ftp.ncbi.nlm.nih.gov/geo/samples/GSM388nnn/GSM388143/suppl/GSM388143.CEL.gz","54675","Reanalyzed by: GSE51798","Reanalyzed by: GSE119087","51292","PDAC",TRUE,""
"T51294","GSM388144","Public on Jun 13 2009","Mar 31 2009","Aug 28 2018","RNA","1","pancreas","Homo sapiens","patient: 51294","sample: tumor","Pairs of normal and tumor tissue samples were obtained at the time of surgery from resected pancreas of 36 pancreatic cancer patients. The tissue samples were snap-frozen in liquid nitrogen immediately upon surgical removal and maintained at −85°C. For histological evaluation, sections were stained with haematoxylin and eosin. The resected cancer specimens were not microdissected.","total RNA","Total RNA was extracted from the frozen tissue samples in two steps: RNA isolation using the TriReagent (Sigma) protocol, followed by RNA clean-up performed as described in the RNeasy (Qiagen) protocol. Briefly, tissues were homogenized in TriReagent (1 mL of TriReagent per 50-100mg of tissue). Then, RNA was precipitated from the aqueous phase with addition of isopropanol at half the volume of the original TriReagent volume and centrifugated at 12000 × g for 10 min. RNA was cleaned using an RNeasy column according to the manufacturer’s instructions (RNeasy Mini Kit, Qiagen) and eluted in 100 µL of RNase-free water. RNA sample quantitation was performed by means of spectrophotometry (Genequant, Pharmacia), while RNA quality (integrity) control was done with microfluidics technology (2100 Bioanalyser, Agilent Technologies).","biotin","Biotinylated cRNA were prepared according to the standard Affymetrix protocol from 3 ug total RNA (Expression Analysis Technical Manual, Affymetrix).","9606","The fragmented cRNA was hybridized to the oligonucleotide microarray, which was washed and stained with streptavidin-phycoerythrin.","Scanning was performed with an Affymetrix Microarray Scanner.","Gene expression data from surgical samples","Affymetrix GeneChip Operating Software (GCOS) Version 1.4 was used for low-level scanning data processing. The data was subsequently normalized using the RMA algorithm using the Bioconductor 1.9 package (http://www.bioconductor.org/) running under R version 1.9.1.","GPL570","Liviu,,Badea","badea.liviu@gmail.com","AI and Bioinformatics","Research","ICI","8-10 Averescu Blvd.","Bucharest","011455","Romania","ftp://ftp.ncbi.nlm.nih.gov/geo/samples/GSM388nnn/GSM388144/suppl/GSM388144.CEL.gz","54675","Reanalyzed by: GSE51798","Reanalyzed by: GSE119087","51294","PDAC",TRUE,""
"T51308","GSM388145","Public on Jun 13 2009","Mar 31 2009","Aug 28 2018","RNA","1","pancreas","Homo sapiens","patient: 51308","sample: tumor","Pairs of normal and tumor tissue samples were obtained at the time of surgery from resected pancreas of 36 pancreatic cancer patients. The tissue samples were snap-frozen in liquid nitrogen immediately upon surgical removal and maintained at −85°C. For histological evaluation, sections were stained with haematoxylin and eosin. The resected cancer specimens were not microdissected.","total RNA","Total RNA was extracted from the frozen tissue samples in two steps: RNA isolation using the TriReagent (Sigma) protocol, followed by RNA clean-up performed as described in the RNeasy (Qiagen) protocol. Briefly, tissues were homogenized in TriReagent (1 mL of TriReagent per 50-100mg of tissue). Then, RNA was precipitated from the aqueous phase with addition of isopropanol at half the volume of the original TriReagent volume and centrifugated at 12000 × g for 10 min. RNA was cleaned using an RNeasy column according to the manufacturer’s instructions (RNeasy Mini Kit, Qiagen) and eluted in 100 µL of RNase-free water. RNA sample quantitation was performed by means of spectrophotometry (Genequant, Pharmacia), while RNA quality (integrity) control was done with microfluidics technology (2100 Bioanalyser, Agilent Technologies).","biotin","Biotinylated cRNA were prepared according to the standard Affymetrix protocol from 3 ug total RNA (Expression Analysis Technical Manual, Affymetrix).","9606","The fragmented cRNA was hybridized to the oligonucleotide microarray, which was washed and stained with streptavidin-phycoerythrin.","Scanning was performed with an Affymetrix Microarray Scanner.","Gene expression data from surgical samples","Affymetrix GeneChip Operating Software (GCOS) Version 1.4 was used for low-level scanning data processing. The data was subsequently normalized using the RMA algorithm using the Bioconductor 1.9 package (http://www.bioconductor.org/) running under R version 1.9.1.","GPL570","Liviu,,Badea","badea.liviu@gmail.com","AI and Bioinformatics","Research","ICI","8-10 Averescu Blvd.","Bucharest","011455","Romania","ftp://ftp.ncbi.nlm.nih.gov/geo/samples/GSM388nnn/GSM388145/suppl/GSM388145.CEL.gz","54675","Reanalyzed by: GSE51798","Reanalyzed by: GSE119087","51308","PDAC",TRUE,""
"T51315","GSM388146","Public on Jun 13 2009","Mar 31 2009","Aug 28 2018","RNA","1","pancreas","Homo sapiens","patient: 51315","sample: tumor","Pairs of normal and tumor tissue samples were obtained at the time of surgery from resected pancreas of 36 pancreatic cancer patients. The tissue samples were snap-frozen in liquid nitrogen immediately upon surgical removal and maintained at −85°C. For histological evaluation, sections were stained with haematoxylin and eosin. The resected cancer specimens were not microdissected.","total RNA","Total RNA was extracted from the frozen tissue samples in two steps: RNA isolation using the TriReagent (Sigma) protocol, followed by RNA clean-up performed as described in the RNeasy (Qiagen) protocol. Briefly, tissues were homogenized in TriReagent (1 mL of TriReagent per 50-100mg of tissue). Then, RNA was precipitated from the aqueous phase with addition of isopropanol at half the volume of the original TriReagent volume and centrifugated at 12000 × g for 10 min. RNA was cleaned using an RNeasy column according to the manufacturer’s instructions (RNeasy Mini Kit, Qiagen) and eluted in 100 µL of RNase-free water. RNA sample quantitation was performed by means of spectrophotometry (Genequant, Pharmacia), while RNA quality (integrity) control was done with microfluidics technology (2100 Bioanalyser, Agilent Technologies).","biotin","Biotinylated cRNA were prepared according to the standard Affymetrix protocol from 3 ug total RNA (Expression Analysis Technical Manual, Affymetrix).","9606","The fragmented cRNA was hybridized to the oligonucleotide microarray, which was washed and stained with streptavidin-phycoerythrin.","Scanning was performed with an Affymetrix Microarray Scanner.","Gene expression data from surgical samples","Affymetrix GeneChip Operating Software (GCOS) Version 1.4 was used for low-level scanning data processing. The data was subsequently normalized using the RMA algorithm using the Bioconductor 1.9 package (http://www.bioconductor.org/) running under R version 1.9.1.","GPL570","Liviu,,Badea","badea.liviu@gmail.com","AI and Bioinformatics","Research","ICI","8-10 Averescu Blvd.","Bucharest","011455","Romania","ftp://ftp.ncbi.nlm.nih.gov/geo/samples/GSM388nnn/GSM388146/suppl/GSM388146.CEL.gz","54675","Reanalyzed by: GSE51798","Reanalyzed by: GSE119087","51315","PDAC",TRUE,""
"T51572","GSM388147","Public on Jun 13 2009","Mar 31 2009","Aug 28 2018","RNA","1","pancreas","Homo sapiens","patient: 51572","sample: tumor","Pairs of normal and tumor tissue samples were obtained at the time of surgery from resected pancreas of 36 pancreatic cancer patients. The tissue samples were snap-frozen in liquid nitrogen immediately upon surgical removal and maintained at −85°C. For histological evaluation, sections were stained with haematoxylin and eosin. The resected cancer specimens were not microdissected.","total RNA","Total RNA was extracted from the frozen tissue samples in two steps: RNA isolation using the TriReagent (Sigma) protocol, followed by RNA clean-up performed as described in the RNeasy (Qiagen) protocol. Briefly, tissues were homogenized in TriReagent (1 mL of TriReagent per 50-100mg of tissue). Then, RNA was precipitated from the aqueous phase with addition of isopropanol at half the volume of the original TriReagent volume and centrifugated at 12000 × g for 10 min. RNA was cleaned using an RNeasy column according to the manufacturer’s instructions (RNeasy Mini Kit, Qiagen) and eluted in 100 µL of RNase-free water. RNA sample quantitation was performed by means of spectrophotometry (Genequant, Pharmacia), while RNA quality (integrity) control was done with microfluidics technology (2100 Bioanalyser, Agilent Technologies).","biotin","Biotinylated cRNA were prepared according to the standard Affymetrix protocol from 3 ug total RNA (Expression Analysis Technical Manual, Affymetrix).","9606","The fragmented cRNA was hybridized to the oligonucleotide microarray, which was washed and stained with streptavidin-phycoerythrin.","Scanning was performed with an Affymetrix Microarray Scanner.","Gene expression data from surgical samples","Affymetrix GeneChip Operating Software (GCOS) Version 1.4 was used for low-level scanning data processing. The data was subsequently normalized using the RMA algorithm using the Bioconductor 1.9 package (http://www.bioconductor.org/) running under R version 1.9.1.","GPL570","Liviu,,Badea","badea.liviu@gmail.com","AI and Bioinformatics","Research","ICI","8-10 Averescu Blvd.","Bucharest","011455","Romania","ftp://ftp.ncbi.nlm.nih.gov/geo/samples/GSM388nnn/GSM388147/suppl/GSM388147.CEL.gz","54675","Reanalyzed by: GSE51798","Reanalyzed by: GSE119087","51572","PDAC",TRUE,""
"T51628","GSM388148","Public on Jun 13 2009","Mar 31 2009","Aug 28 2018","RNA","1","pancreas","Homo sapiens","patient: 51628","sample: tumor","Pairs of normal and tumor tissue samples were obtained at the time of surgery from resected pancreas of 36 pancreatic cancer patients. The tissue samples were snap-frozen in liquid nitrogen immediately upon surgical removal and maintained at −85°C. For histological evaluation, sections were stained with haematoxylin and eosin. The resected cancer specimens were not microdissected.","total RNA","Total RNA was extracted from the frozen tissue samples in two steps: RNA isolation using the TriReagent (Sigma) protocol, followed by RNA clean-up performed as described in the RNeasy (Qiagen) protocol. Briefly, tissues were homogenized in TriReagent (1 mL of TriReagent per 50-100mg of tissue). Then, RNA was precipitated from the aqueous phase with addition of isopropanol at half the volume of the original TriReagent volume and centrifugated at 12000 × g for 10 min. RNA was cleaned using an RNeasy column according to the manufacturer’s instructions (RNeasy Mini Kit, Qiagen) and eluted in 100 µL of RNase-free water. RNA sample quantitation was performed by means of spectrophotometry (Genequant, Pharmacia), while RNA quality (integrity) control was done with microfluidics technology (2100 Bioanalyser, Agilent Technologies).","biotin","Biotinylated cRNA were prepared according to the standard Affymetrix protocol from 3 ug total RNA (Expression Analysis Technical Manual, Affymetrix).","9606","The fragmented cRNA was hybridized to the oligonucleotide microarray, which was washed and stained with streptavidin-phycoerythrin.","Scanning was performed with an Affymetrix Microarray Scanner.","Gene expression data from surgical samples","Affymetrix GeneChip Operating Software (GCOS) Version 1.4 was used for low-level scanning data processing. The data was subsequently normalized using the RMA algorithm using the Bioconductor 1.9 package (http://www.bioconductor.org/) running under R version 1.9.1.","GPL570","Liviu,,Badea","badea.liviu@gmail.com","AI and Bioinformatics","Research","ICI","8-10 Averescu Blvd.","Bucharest","011455","Romania","ftp://ftp.ncbi.nlm.nih.gov/geo/samples/GSM388nnn/GSM388148/suppl/GSM388148.CEL.gz","54675","Reanalyzed by: GSE51798","Reanalyzed by: GSE119087","51628","PDAC",TRUE,""
"T51677","GSM388149","Public on Jun 13 2009","Mar 31 2009","Aug 28 2018","RNA","1","pancreas","Homo sapiens","patient: 51677","sample: tumor","Pairs of normal and tumor tissue samples were obtained at the time of surgery from resected pancreas of 36 pancreatic cancer patients. The tissue samples were snap-frozen in liquid nitrogen immediately upon surgical removal and maintained at −85°C. For histological evaluation, sections were stained with haematoxylin and eosin. The resected cancer specimens were not microdissected.","total RNA","Total RNA was extracted from the frozen tissue samples in two steps: RNA isolation using the TriReagent (Sigma) protocol, followed by RNA clean-up performed as described in the RNeasy (Qiagen) protocol. Briefly, tissues were homogenized in TriReagent (1 mL of TriReagent per 50-100mg of tissue). Then, RNA was precipitated from the aqueous phase with addition of isopropanol at half the volume of the original TriReagent volume and centrifugated at 12000 × g for 10 min. RNA was cleaned using an RNeasy column according to the manufacturer’s instructions (RNeasy Mini Kit, Qiagen) and eluted in 100 µL of RNase-free water. RNA sample quantitation was performed by means of spectrophotometry (Genequant, Pharmacia), while RNA quality (integrity) control was done with microfluidics technology (2100 Bioanalyser, Agilent Technologies).","biotin","Biotinylated cRNA were prepared according to the standard Affymetrix protocol from 3 ug total RNA (Expression Analysis Technical Manual, Affymetrix).","9606","The fragmented cRNA was hybridized to the oligonucleotide microarray, which was washed and stained with streptavidin-phycoerythrin.","Scanning was performed with an Affymetrix Microarray Scanner.","Gene expression data from surgical samples","Affymetrix GeneChip Operating Software (GCOS) Version 1.4 was used for low-level scanning data processing. The data was subsequently normalized using the RMA algorithm using the Bioconductor 1.9 package (http://www.bioconductor.org/) running under R version 1.9.1.","GPL570","Liviu,,Badea","badea.liviu@gmail.com","AI and Bioinformatics","Research","ICI","8-10 Averescu Blvd.","Bucharest","011455","Romania","ftp://ftp.ncbi.nlm.nih.gov/geo/samples/GSM388nnn/GSM388149/suppl/GSM388149.CEL.gz","54675","Reanalyzed by: GSE51798","Reanalyzed by: GSE119087","51677","PDAC",TRUE,""
"T51681","GSM388150","Public on Jun 13 2009","Mar 31 2009","Aug 28 2018","RNA","1","pancreas","Homo sapiens","patient: 51681","sample: tumor","Pairs of normal and tumor tissue samples were obtained at the time of surgery from resected pancreas of 36 pancreatic cancer patients. The tissue samples were snap-frozen in liquid nitrogen immediately upon surgical removal and maintained at −85°C. For histological evaluation, sections were stained with haematoxylin and eosin. The resected cancer specimens were not microdissected.","total RNA","Total RNA was extracted from the frozen tissue samples in two steps: RNA isolation using the TriReagent (Sigma) protocol, followed by RNA clean-up performed as described in the RNeasy (Qiagen) protocol. Briefly, tissues were homogenized in TriReagent (1 mL of TriReagent per 50-100mg of tissue). Then, RNA was precipitated from the aqueous phase with addition of isopropanol at half the volume of the original TriReagent volume and centrifugated at 12000 × g for 10 min. RNA was cleaned using an RNeasy column according to the manufacturer’s instructions (RNeasy Mini Kit, Qiagen) and eluted in 100 µL of RNase-free water. RNA sample quantitation was performed by means of spectrophotometry (Genequant, Pharmacia), while RNA quality (integrity) control was done with microfluidics technology (2100 Bioanalyser, Agilent Technologies).","biotin","Biotinylated cRNA were prepared according to the standard Affymetrix protocol from 3 ug total RNA (Expression Analysis Technical Manual, Affymetrix).","9606","The fragmented cRNA was hybridized to the oligonucleotide microarray, which was washed and stained with streptavidin-phycoerythrin.","Scanning was performed with an Affymetrix Microarray Scanner.","Gene expression data from surgical samples","Affymetrix GeneChip Operating Software (GCOS) Version 1.4 was used for low-level scanning data processing. The data was subsequently normalized using the RMA algorithm using the Bioconductor 1.9 package (http://www.bioconductor.org/) running under R version 1.9.1.","GPL570","Liviu,,Badea","badea.liviu@gmail.com","AI and Bioinformatics","Research","ICI","8-10 Averescu Blvd.","Bucharest","011455","Romania","ftp://ftp.ncbi.nlm.nih.gov/geo/samples/GSM388nnn/GSM388150/suppl/GSM388150.CEL.gz","54675","Reanalyzed by: GSE51798","Reanalyzed by: GSE119087","51681","PDAC",TRUE,""
"T51721","GSM388151","Public on Jun 13 2009","Mar 31 2009","Aug 28 2018","RNA","1","pancreas","Homo sapiens","patient: 51721","sample: tumor","Pairs of normal and tumor tissue samples were obtained at the time of surgery from resected pancreas of 36 pancreatic cancer patients. The tissue samples were snap-frozen in liquid nitrogen immediately upon surgical removal and maintained at −85°C. For histological evaluation, sections were stained with haematoxylin and eosin. The resected cancer specimens were not microdissected.","total RNA","Total RNA was extracted from the frozen tissue samples in two steps: RNA isolation using the TriReagent (Sigma) protocol, followed by RNA clean-up performed as described in the RNeasy (Qiagen) protocol. Briefly, tissues were homogenized in TriReagent (1 mL of TriReagent per 50-100mg of tissue). Then, RNA was precipitated from the aqueous phase with addition of isopropanol at half the volume of the original TriReagent volume and centrifugated at 12000 × g for 10 min. RNA was cleaned using an RNeasy column according to the manufacturer’s instructions (RNeasy Mini Kit, Qiagen) and eluted in 100 µL of RNase-free water. RNA sample quantitation was performed by means of spectrophotometry (Genequant, Pharmacia), while RNA quality (integrity) control was done with microfluidics technology (2100 Bioanalyser, Agilent Technologies).","biotin","Biotinylated cRNA were prepared according to the standard Affymetrix protocol from 3 ug total RNA (Expression Analysis Technical Manual, Affymetrix).","9606","The fragmented cRNA was hybridized to the oligonucleotide microarray, which was washed and stained with streptavidin-phycoerythrin.","Scanning was performed with an Affymetrix Microarray Scanner.","Gene expression data from surgical samples","Affymetrix GeneChip Operating Software (GCOS) Version 1.4 was used for low-level scanning data processing. The data was subsequently normalized using the RMA algorithm using the Bioconductor 1.9 package (http://www.bioconductor.org/) running under R version 1.9.1.","GPL570","Liviu,,Badea","badea.liviu@gmail.com","AI and Bioinformatics","Research","ICI","8-10 Averescu Blvd.","Bucharest","011455","Romania","ftp://ftp.ncbi.nlm.nih.gov/geo/samples/GSM388nnn/GSM388151/suppl/GSM388151.CEL.gz","54675","Reanalyzed by: GSE51798","Reanalyzed by: GSE119087","51721","PDAC",FALSE,"Published failed-QC donor pair"
"T51722","GSM388152","Public on Jun 13 2009","Mar 31 2009","Aug 28 2018","RNA","1","pancreas","Homo sapiens","patient: 51722","sample: tumor","Pairs of normal and tumor tissue samples were obtained at the time of surgery from resected pancreas of 36 pancreatic cancer patients. The tissue samples were snap-frozen in liquid nitrogen immediately upon surgical removal and maintained at −85°C. For histological evaluation, sections were stained with haematoxylin and eosin. The resected cancer specimens were not microdissected.","total RNA","Total RNA was extracted from the frozen tissue samples in two steps: RNA isolation using the TriReagent (Sigma) protocol, followed by RNA clean-up performed as described in the RNeasy (Qiagen) protocol. Briefly, tissues were homogenized in TriReagent (1 mL of TriReagent per 50-100mg of tissue). Then, RNA was precipitated from the aqueous phase with addition of isopropanol at half the volume of the original TriReagent volume and centrifugated at 12000 × g for 10 min. RNA was cleaned using an RNeasy column according to the manufacturer’s instructions (RNeasy Mini Kit, Qiagen) and eluted in 100 µL of RNase-free water. RNA sample quantitation was performed by means of spectrophotometry (Genequant, Pharmacia), while RNA quality (integrity) control was done with microfluidics technology (2100 Bioanalyser, Agilent Technologies).","biotin","Biotinylated cRNA were prepared according to the standard Affymetrix protocol from 3 ug total RNA (Expression Analysis Technical Manual, Affymetrix).","9606","The fragmented cRNA was hybridized to the oligonucleotide microarray, which was washed and stained with streptavidin-phycoerythrin.","Scanning was performed with an Affymetrix Microarray Scanner.","Gene expression data from surgical samples","Affymetrix GeneChip Operating Software (GCOS) Version 1.4 was used for low-level scanning data processing. The data was subsequently normalized using the RMA algorithm using the Bioconductor 1.9 package (http://www.bioconductor.org/) running under R version 1.9.1.","GPL570","Liviu,,Badea","badea.liviu@gmail.com","AI and Bioinformatics","Research","ICI","8-10 Averescu Blvd.","Bucharest","011455","Romania","ftp://ftp.ncbi.nlm.nih.gov/geo/samples/GSM388nnn/GSM388152/suppl/GSM388152.CEL.gz","54675","Reanalyzed by: GSE51798","Reanalyzed by: GSE119087","51722","PDAC",TRUE,""
"T51783","GSM388153","Public on Jun 13 2009","Mar 31 2009","Aug 28 2018","RNA","1","pancreas","Homo sapiens","patient: 51783","sample: tumor","Pairs of normal and tumor tissue samples were obtained at the time of surgery from resected pancreas of 36 pancreatic cancer patients. The tissue samples were snap-frozen in liquid nitrogen immediately upon surgical removal and maintained at −85°C. For histological evaluation, sections were stained with haematoxylin and eosin. The resected cancer specimens were not microdissected.","total RNA","Total RNA was extracted from the frozen tissue samples in two steps: RNA isolation using the TriReagent (Sigma) protocol, followed by RNA clean-up performed as described in the RNeasy (Qiagen) protocol. Briefly, tissues were homogenized in TriReagent (1 mL of TriReagent per 50-100mg of tissue). Then, RNA was precipitated from the aqueous phase with addition of isopropanol at half the volume of the original TriReagent volume and centrifugated at 12000 × g for 10 min. RNA was cleaned using an RNeasy column according to the manufacturer’s instructions (RNeasy Mini Kit, Qiagen) and eluted in 100 µL of RNase-free water. RNA sample quantitation was performed by means of spectrophotometry (Genequant, Pharmacia), while RNA quality (integrity) control was done with microfluidics technology (2100 Bioanalyser, Agilent Technologies).","biotin","Biotinylated cRNA were prepared according to the standard Affymetrix protocol from 3 ug total RNA (Expression Analysis Technical Manual, Affymetrix).","9606","The fragmented cRNA was hybridized to the oligonucleotide microarray, which was washed and stained with streptavidin-phycoerythrin.","Scanning was performed with an Affymetrix Microarray Scanner.","Gene expression data from surgical samples","Affymetrix GeneChip Operating Software (GCOS) Version 1.4 was used for low-level scanning data processing. The data was subsequently normalized using the RMA algorithm using the Bioconductor 1.9 package (http://www.bioconductor.org/) running under R version 1.9.1.","GPL570","Liviu,,Badea","badea.liviu@gmail.com","AI and Bioinformatics","Research","ICI","8-10 Averescu Blvd.","Bucharest","011455","Romania","ftp://ftp.ncbi.nlm.nih.gov/geo/samples/GSM388nnn/GSM388153/suppl/GSM388153.CEL.gz","54675","Reanalyzed by: GSE51798","Reanalyzed by: GSE119087","51783","PDAC",TRUE,""
