"Probe","Mature_ID","miRNA","Unambiguous","Complete_All_Samples"
"MIMAT0000062","MIMAT0000062","let-7a-5p",TRUE,TRUE
"MIMAT0000063","MIMAT0000063","let-7b-5p",TRUE,TRUE
"MIMAT0000064","MIMAT0000064","let-7c-5p",TRUE,FALSE
"MIMAT0000065","MIMAT0000065","let-7d-5p",TRUE,TRUE
"MIMAT0000066","MIMAT0000066","let-7e-5p",TRUE,TRUE
"MIMAT0000067","MIMAT0000067","let-7f-5p",TRUE,TRUE
"MIMAT0000068","MIMAT0000068","miR-15a-5p",TRUE,FALSE
"MIMAT0000069","MIMAT0000069","miR-16-5p",TRUE,TRUE
"MIMAT0000070","MIMAT0000070","miR-17-5p",TRUE,TRUE
"MIMAT0000071","MIMAT0000071","miR-17-3p",TRUE,TRUE
"MIMAT0000072","MIMAT0000072","miR-18a-5p",TRUE,TRUE
"MIMAT0000073","MIMAT0000073","miR-19a-3p",TRUE,TRUE
"MIMAT0000074","MIMAT0000074","miR-19b-3p",TRUE,FALSE
"MIMAT0000075","MIMAT0000075","miR-20a-5p",TRUE,FALSE
"MIMAT0000076","MIMAT0000076","miR-21-5p",TRUE,TRUE
"MIMAT0000077","MIMAT0000077","miR-22-3p",TRUE,FALSE
"MIMAT0000078","MIMAT0000078","miR-23a-3p",TRUE,TRUE
"MIMAT0000079","MIMAT0000079","miR-24-1-5p",TRUE,TRUE
"MIMAT0000080","MIMAT0000080","miR-24-3p",TRUE,TRUE
"MIMAT0000081","MIMAT0000081","miR-25-3p",TRUE,FALSE
"MIMAT0000082","MIMAT0000082","miR-26a-5p",TRUE,TRUE
"MIMAT0000083","MIMAT0000083","miR-26b-5p",TRUE,FALSE
"MIMAT0000084","MIMAT0000084","miR-27a-3p",TRUE,TRUE
"MIMAT0000085","MIMAT0000085","miR-28-5p",TRUE,TRUE
"MIMAT0000086","MIMAT0000086","miR-29a-3p",TRUE,TRUE
"MIMAT0000087","MIMAT0000087","miR-30a-5p",TRUE,TRUE
"MIMAT0000088","MIMAT0000088","miR-30a-3p",TRUE,TRUE
"MIMAT0000089","MIMAT0000089","miR-31-5p",TRUE,TRUE
"MIMAT0000090","MIMAT0000090","miR-32-5p",TRUE,TRUE
"MIMAT0000091","MIMAT0000091","miR-33a-5p",TRUE,FALSE
"MIMAT0000092","MIMAT0000092","miR-92a-3p",TRUE,TRUE
"MIMAT0000093","MIMAT0000093","miR-93-5p",TRUE,TRUE
"MIMAT0000094","MIMAT0000094","miR-95-3p",TRUE,TRUE
"MIMAT0000095","MIMAT0000095","miR-96-5p",TRUE,TRUE
"MIMAT0000096","MIMAT0000096","miR-98-5p",TRUE,TRUE
"MIMAT0000097","MIMAT0000097","miR-99a-5p",TRUE,TRUE
"MIMAT0000098","MIMAT0000098","miR-100-5p",TRUE,TRUE
"MIMAT0000099","MIMAT0000099","miR-101-3p",TRUE,FALSE
"MIMAT0000100","MIMAT0000100","miR-29b-3p",TRUE,TRUE
"MIMAT0000101","MIMAT0000101","miR-103a-3p",TRUE,TRUE
"MIMAT0000102","MIMAT0000102","miR-105-5p",TRUE,TRUE
"MIMAT0000103","MIMAT0000103","miR-106a-5p",TRUE,TRUE
"MIMAT0000104","MIMAT0000104","miR-107",TRUE,TRUE
"MIMAT0000222","MIMAT0000222","miR-192-5p",TRUE,TRUE
"MIMAT0000226","MIMAT0000226","miR-196a-5p",TRUE,TRUE
"MIMAT0000227","MIMAT0000227","miR-197-3p",TRUE,TRUE
"MIMAT0000228","MIMAT0000228","miR-198",TRUE,TRUE
"MIMAT0000231","MIMAT0000231","miR-199a-5p",TRUE,TRUE
"MIMAT0000232, MIMAT0004563","MIMAT0000232, MIMAT0004563","miR-199a-3p, hsa-miR-199b-3p",FALSE,TRUE
"MIMAT0000241","MIMAT0000241","miR-208a-3p",TRUE,TRUE
"MIMAT0000242","MIMAT0000242","miR-129-5p",TRUE,TRUE
"MIMAT0000243","MIMAT0000243","miR-148a-3p",TRUE,FALSE
"MIMAT0000244","MIMAT0000244","miR-30c-5p",TRUE,TRUE
"MIMAT0000245","MIMAT0000245","miR-30d-5p",TRUE,TRUE
"MIMAT0000250","MIMAT0000250","miR-139-5p",TRUE,FALSE
"MIMAT0000251","MIMAT0000251","miR-147a",TRUE,TRUE
"MIMAT0000252","MIMAT0000252","miR-7-5p",TRUE,FALSE
"MIMAT0000253","MIMAT0000253","miR-10a-5p",TRUE,TRUE
"MIMAT0000254","MIMAT0000254","miR-10b-5p",TRUE,TRUE
"MIMAT0000255","MIMAT0000255","miR-34a-5p",TRUE,TRUE
"MIMAT0000256","MIMAT0000256","miR-181a-5p",TRUE,TRUE
"MIMAT0000257","MIMAT0000257","miR-181b-5p",TRUE,TRUE
"MIMAT0000258","MIMAT0000258","miR-181c-5p",TRUE,FALSE
"MIMAT0000259","MIMAT0000259","miR-182-5p",TRUE,TRUE
"MIMAT0000260","MIMAT0000260","miR-182-3p",TRUE,TRUE
"MIMAT0000261","MIMAT0000261","miR-183-5p",TRUE,TRUE
"MIMAT0000262","MIMAT0000262","miR-187-3p",TRUE,TRUE
"MIMAT0000263","MIMAT0000263","miR-199b-5p",TRUE,TRUE
"MIMAT0000264","MIMAT0000264","miR-203a",TRUE,TRUE
"MIMAT0000265","MIMAT0000265","miR-204-5p",TRUE,TRUE
"MIMAT0000266","MIMAT0000266","miR-205-5p",TRUE,TRUE
"MIMAT0000267","MIMAT0000267","miR-210-3p",TRUE,FALSE
"MIMAT0000268","MIMAT0000268","miR-211-5p",TRUE,TRUE
"MIMAT0000269","MIMAT0000269","miR-212-3p",TRUE,TRUE
"MIMAT0000270","MIMAT0000270","miR-181a-3p",TRUE,TRUE
"MIMAT0000271","MIMAT0000271","miR-214-3p",TRUE,TRUE
"MIMAT0000272","MIMAT0000272","miR-215-5p",TRUE,FALSE
"MIMAT0000273","MIMAT0000273","miR-216a-5p",TRUE,TRUE
"MIMAT0000274","MIMAT0000274","miR-217",TRUE,FALSE
"MIMAT0000275","MIMAT0000275","miR-218-5p",TRUE,FALSE
"MIMAT0000276","MIMAT0000276","miR-219a-5p",TRUE,TRUE
"MIMAT0000278","MIMAT0000278","miR-221-3p",TRUE,TRUE
"MIMAT0000279","MIMAT0000279","miR-222-3p",TRUE,TRUE
"MIMAT0000280","MIMAT0000280","miR-223-3p",TRUE,TRUE
"MIMAT0000281","MIMAT0000281","miR-224-5p",TRUE,TRUE
"MIMAT0000318","MIMAT0000318","miR-200b-3p",TRUE,TRUE
"MIMAT0000414","MIMAT0000414","let-7g-5p",TRUE,TRUE
"MIMAT0000415","MIMAT0000415","let-7i-5p",TRUE,TRUE
"MIMAT0000416","MIMAT0000416","miR-1",TRUE,TRUE
"MIMAT0000417","MIMAT0000417","miR-15b-5p",TRUE,TRUE
"MIMAT0000418","MIMAT0000418","miR-23b-3p",TRUE,TRUE
"MIMAT0000419","MIMAT0000419","miR-27b-3p",TRUE,TRUE
"MIMAT0000420","MIMAT0000420","miR-30b-5p",TRUE,FALSE
"MIMAT0000421","MIMAT0000421","miR-122-5p",TRUE,TRUE
"MIMAT0000422","MIMAT0000422","miR-124-3p",TRUE,TRUE
"MIMAT0000423","MIMAT0000423","miR-125b-5p",TRUE,FALSE
"MIMAT0000424","MIMAT0000424","miR-128-3p",TRUE,FALSE
"MIMAT0000425","MIMAT0000425","miR-130a-3p",TRUE,FALSE
"MIMAT0000426","MIMAT0000426","miR-132-3p",TRUE,TRUE
"MIMAT0000427","MIMAT0000427","miR-133a-3p",TRUE,TRUE
"MIMAT0000428","MIMAT0000428","miR-135a-5p",TRUE,TRUE
"MIMAT0000429","MIMAT0000429","miR-137",TRUE,TRUE
"MIMAT0000430","MIMAT0000430","miR-138-5p",TRUE,FALSE
"MIMAT0000431","MIMAT0000431","miR-140-5p",TRUE,TRUE
"MIMAT0000432","MIMAT0000432","miR-141-3p",TRUE,TRUE
"MIMAT0000433","MIMAT0000433","miR-142-5p",TRUE,TRUE
"MIMAT0000434","MIMAT0000434","miR-142-3p",TRUE,TRUE
"MIMAT0000435","MIMAT0000435","miR-143-3p",TRUE,TRUE
"MIMAT0000436","MIMAT0000436","miR-144-3p",TRUE,TRUE
"MIMAT0000437","MIMAT0000437","miR-145-5p",TRUE,TRUE
"MIMAT0000438","MIMAT0000438","miR-152-3p",TRUE,FALSE
"MIMAT0000439","MIMAT0000439","miR-153-3p",TRUE,TRUE
"MIMAT0000440","MIMAT0000440","miR-191-5p",TRUE,FALSE
"MIMAT0000441","MIMAT0000441","miR-9-5p",TRUE,FALSE
"MIMAT0000442","MIMAT0000442","miR-9-3p",TRUE,TRUE
"MIMAT0000443","MIMAT0000443","miR-125a-5p",TRUE,TRUE
"MIMAT0000444","MIMAT0000444","miR-126-5p",TRUE,TRUE
"MIMAT0000445","MIMAT0000445","miR-126-3p",TRUE,TRUE
"MIMAT0000446","MIMAT0000446","miR-127-3p",TRUE,TRUE
"MIMAT0000447","MIMAT0000447","miR-134-5p",TRUE,TRUE
"MIMAT0000448","MIMAT0000448","miR-136-5p",TRUE,TRUE
"MIMAT0000449","MIMAT0000449","miR-146a-5p",TRUE,TRUE
"MIMAT0000450","MIMAT0000450","miR-149-5p",TRUE,TRUE
"MIMAT0000451","MIMAT0000451","miR-150-5p",TRUE,TRUE
"MIMAT0000452","MIMAT0000452","miR-154-5p",TRUE,TRUE
"MIMAT0000453","MIMAT0000453","miR-154-3p",TRUE,FALSE
"MIMAT0000454","MIMAT0000454","miR-184",TRUE,TRUE
"MIMAT0000455","MIMAT0000455","miR-185-5p",TRUE,TRUE
"MIMAT0000456","MIMAT0000456","miR-186-5p",TRUE,TRUE
"MIMAT0000457","MIMAT0000457","miR-188-5p",TRUE,TRUE
"MIMAT0000458","MIMAT0000458","miR-190a-5p",TRUE,TRUE
"MIMAT0000459","MIMAT0000459","miR-193a-3p",TRUE,TRUE
"MIMAT0000460","MIMAT0000460","miR-194-5p",TRUE,FALSE
"MIMAT0000461","MIMAT0000461","miR-195-5p",TRUE,TRUE
"MIMAT0000462","MIMAT0000462","miR-206",TRUE,TRUE
"MIMAT0000510","MIMAT0000510","miR-320a",TRUE,TRUE
"MIMAT0000617","MIMAT0000617","miR-200c-3p",TRUE,TRUE
"MIMAT0000646","MIMAT0000646","miR-155-5p",TRUE,TRUE
"MIMAT0000680","MIMAT0000680","miR-106b-5p",TRUE,TRUE
"MIMAT0000681","MIMAT0000681","miR-29c-3p",TRUE,FALSE
"MIMAT0000682","MIMAT0000682","miR-200a-3p",TRUE,FALSE
"MIMAT0000683","MIMAT0000683","miR-302a-5p",TRUE,TRUE
"MIMAT0000684","MIMAT0000684","miR-302a-3p",TRUE,FALSE
"MIMAT0000685","MIMAT0000685","miR-34b-5p",TRUE,TRUE
"MIMAT0000686","MIMAT0000686","miR-34c-5p",TRUE,TRUE
"MIMAT0000687","MIMAT0000687","miR-299-3p",TRUE,TRUE
"MIMAT0000688","MIMAT0000688","miR-301a-3p",TRUE,TRUE
"MIMAT0000689","MIMAT0000689","miR-99b-5p",TRUE,TRUE
"MIMAT0000690","MIMAT0000690","miR-296-5p",TRUE,TRUE
"MIMAT0000691","MIMAT0000691","miR-130b-3p",TRUE,TRUE
"MIMAT0000692","MIMAT0000692","miR-30e-5p",TRUE,TRUE
"MIMAT0000693","MIMAT0000693","miR-30e-3p",TRUE,TRUE
"MIMAT0000703","MIMAT0000703","miR-361-5p",TRUE,TRUE
"MIMAT0000705","MIMAT0000705","miR-362-5p",TRUE,TRUE
"MIMAT0000707","MIMAT0000707","miR-363-3p",TRUE,TRUE
"MIMAT0000710, MIMAT0022834","MIMAT0000710, MIMAT0022834","miR-365a-3p, hsa-miR-365b-3p",FALSE,FALSE
"MIMAT0000714","MIMAT0000714","miR-302b-5p",TRUE,TRUE
"MIMAT0000715","MIMAT0000715","miR-302b-3p",TRUE,TRUE
"MIMAT0000716","MIMAT0000716","miR-302c-5p",TRUE,TRUE
"MIMAT0000717","MIMAT0000717","miR-302c-3p",TRUE,TRUE
"MIMAT0000718","MIMAT0000718","miR-302d-3p",TRUE,FALSE
"MIMAT0000719","MIMAT0000719","miR-367-3p",TRUE,TRUE
"MIMAT0000720","MIMAT0000720","miR-376c-3p",TRUE,TRUE
"MIMAT0000721","MIMAT0000721","miR-369-3p",TRUE,TRUE
"MIMAT0000722","MIMAT0000722","miR-370-3p",TRUE,TRUE
"MIMAT0000723","MIMAT0000723","miR-371a-3p",TRUE,TRUE
"MIMAT0000724","MIMAT0000724","miR-372-3p",TRUE,TRUE
"MIMAT0000725","MIMAT0000725","miR-373-5p",TRUE,TRUE
"MIMAT0000726","MIMAT0000726","miR-373-3p",TRUE,TRUE
"MIMAT0000727","MIMAT0000727","miR-374a-5p",TRUE,TRUE
"MIMAT0000728","MIMAT0000728","miR-375",TRUE,TRUE
"MIMAT0000729","MIMAT0000729","miR-376a-3p",TRUE,TRUE
"MIMAT0000730","MIMAT0000730","miR-377-3p",TRUE,TRUE
"MIMAT0000731","MIMAT0000731","miR-378a-5p",TRUE,TRUE
"MIMAT0000732","MIMAT0000732","miR-378a-3p",TRUE,TRUE
"MIMAT0000733","MIMAT0000733","miR-379-5p",TRUE,TRUE
"MIMAT0000734","MIMAT0000734","miR-380-5p",TRUE,TRUE
"MIMAT0000735","MIMAT0000735","miR-380-3p",TRUE,TRUE
"MIMAT0000736","MIMAT0000736","miR-381-3p",TRUE,FALSE
"MIMAT0000737","MIMAT0000737","miR-382-5p",TRUE,TRUE
"MIMAT0000738","MIMAT0000738","miR-383-5p",TRUE,TRUE
"MIMAT0000750","MIMAT0000750","miR-340-3p",TRUE,TRUE
"MIMAT0000751","MIMAT0000751","miR-330-3p",TRUE,TRUE
"MIMAT0000752","MIMAT0000752","miR-328-3p",TRUE,FALSE
"MIMAT0000753","MIMAT0000753","miR-342-3p",TRUE,TRUE
"MIMAT0000754","MIMAT0000754","miR-337-3p",TRUE,TRUE
"MIMAT0000755","MIMAT0000755","miR-323a-3p",TRUE,TRUE
"MIMAT0000756","MIMAT0000756","miR-326",TRUE,TRUE
"MIMAT0000757","MIMAT0000757","miR-151a-3p",TRUE,TRUE
"MIMAT0000758","MIMAT0000758","miR-135b-5p",TRUE,TRUE
"MIMAT0000759","MIMAT0000759","miR-148b-3p",TRUE,TRUE
"MIMAT0000760","MIMAT0000760","miR-331-3p",TRUE,FALSE
"MIMAT0000761","MIMAT0000761","miR-324-5p",TRUE,TRUE
"MIMAT0000762","MIMAT0000762","miR-324-3p",TRUE,TRUE
"MIMAT0000763","MIMAT0000763","miR-338-3p",TRUE,TRUE
"MIMAT0000764","MIMAT0000764","miR-339-5p",TRUE,FALSE
"MIMAT0000765","MIMAT0000765","miR-335-5p",TRUE,FALSE
"MIMAT0000770","MIMAT0000770","miR-133b",TRUE,TRUE
"MIMAT0000771","MIMAT0000771","miR-325",TRUE,TRUE
"MIMAT0000772","MIMAT0000772","miR-345-5p",TRUE,TRUE
"MIMAT0000773","MIMAT0000773","miR-346",TRUE,TRUE
"MIMAT0001075","MIMAT0001075","miR-384",TRUE,TRUE
"MIMAT0001080","MIMAT0001080","miR-196b-5p",TRUE,TRUE
"MIMAT0001339","MIMAT0001339","miR-422a",TRUE,TRUE
"MIMAT0001340","MIMAT0001340","miR-423-3p",TRUE,TRUE
"MIMAT0001341","MIMAT0001341","miR-424-5p",TRUE,TRUE
"MIMAT0001343","MIMAT0001343","miR-425-3p",TRUE,TRUE
"MIMAT0001412","MIMAT0001412","miR-18b-5p",TRUE,TRUE
"MIMAT0001413","MIMAT0001413","miR-20b-5p",TRUE,TRUE
"MIMAT0001532","MIMAT0001532","miR-448",TRUE,TRUE
"MIMAT0001536","MIMAT0001536","miR-429",TRUE,TRUE
"MIMAT0001541","MIMAT0001541","miR-449a",TRUE,TRUE
"MIMAT0001545","MIMAT0001545","miR-450a-5p",TRUE,TRUE
"MIMAT0001618","MIMAT0001618","miR-191-3p",TRUE,TRUE
"MIMAT0001620","MIMAT0001620","miR-200a-5p",TRUE,TRUE
"MIMAT0001621","MIMAT0001621","miR-369-5p",TRUE,TRUE
"MIMAT0001625","MIMAT0001625","miR-431-5p",TRUE,TRUE
"MIMAT0001627","MIMAT0001627","miR-433-3p",TRUE,TRUE
"MIMAT0001629","MIMAT0001629","miR-329-3p",TRUE,FALSE
"MIMAT0001630","MIMAT0001630","miR-323b-5p",TRUE,TRUE
"MIMAT0001631","MIMAT0001631","miR-451a",TRUE,TRUE
"MIMAT0001635","MIMAT0001635","miR-452-5p",TRUE,TRUE
"MIMAT0001636","MIMAT0001636","miR-452-3p",TRUE,TRUE
"MIMAT0001638","MIMAT0001638","miR-409-5p",TRUE,TRUE
"MIMAT0001639","MIMAT0001639","miR-409-3p",TRUE,TRUE
"MIMAT0002170","MIMAT0002170","miR-412-3p",TRUE,TRUE
"MIMAT0002171","MIMAT0002171","miR-410-3p",TRUE,TRUE
"MIMAT0002172","MIMAT0002172","miR-376b-3p",TRUE,TRUE
"MIMAT0002173","MIMAT0002173","miR-483-3p",TRUE,TRUE
"MIMAT0002174","MIMAT0002174","miR-484",TRUE,TRUE
"MIMAT0002175","MIMAT0002175","miR-485-5p",TRUE,TRUE
"MIMAT0002176","MIMAT0002176","miR-485-3p",TRUE,FALSE
"MIMAT0002177","MIMAT0002177","miR-486-5p",TRUE,TRUE
"MIMAT0002178","MIMAT0002178","miR-487a-3p",TRUE,TRUE
"MIMAT0002804","MIMAT0002804","miR-488-5p",TRUE,TRUE
"MIMAT0002805","MIMAT0002805","miR-489-3p",TRUE,TRUE
"MIMAT0002806","MIMAT0002806","miR-490-3p",TRUE,TRUE
"MIMAT0002807","MIMAT0002807","miR-491-5p",TRUE,TRUE
"MIMAT0002808","MIMAT0002808","miR-511-5p",TRUE,TRUE
"MIMAT0002809","MIMAT0002809","miR-146b-5p",TRUE,FALSE
"MIMAT0002810","MIMAT0002810","miR-202-5p",TRUE,TRUE
"MIMAT0002811","MIMAT0002811","miR-202-3p",TRUE,TRUE
"MIMAT0002812","MIMAT0002812","miR-492",TRUE,TRUE
"MIMAT0002813","MIMAT0002813","miR-493-5p",TRUE,TRUE
"MIMAT0002814","MIMAT0002814","miR-432-5p",TRUE,TRUE
"MIMAT0002815","MIMAT0002815","miR-432-3p",TRUE,TRUE
"MIMAT0002816","MIMAT0002816","miR-494-3p",TRUE,TRUE
"MIMAT0002817","MIMAT0002817","miR-495-3p",TRUE,TRUE
"MIMAT0002818","MIMAT0002818","miR-496",TRUE,TRUE
"MIMAT0002819","MIMAT0002819","miR-193b-3p",TRUE,TRUE
"MIMAT0002820","MIMAT0002820","miR-497-5p",TRUE,TRUE
"MIMAT0002821","MIMAT0002821","miR-181d-5p",TRUE,TRUE
"MIMAT0002822","MIMAT0002822","miR-512-5p",TRUE,TRUE
"MIMAT0002823","MIMAT0002823","miR-512-3p",TRUE,TRUE
"MIMAT0002824","MIMAT0002824","miR-498",TRUE,TRUE
"MIMAT0002825","MIMAT0002825","miR-520e",TRUE,TRUE
"MIMAT0002826","MIMAT0002826","miR-515-5p",TRUE,TRUE
"MIMAT0002827","MIMAT0002827","miR-515-3p",TRUE,TRUE
"MIMAT0002828","MIMAT0002828","miR-519e-5p",TRUE,TRUE
"MIMAT0002829","MIMAT0002829","miR-519e-3p",TRUE,TRUE
"MIMAT0002830","MIMAT0002830","miR-520f-3p",TRUE,TRUE
"MIMAT0002831, MIMAT0005449, MIMAT0005450, MIMAT0005451, MIMAT0005452, MIMAT0005454","MIMAT0002831, MIMAT0005449, MIMAT0005450, MIMAT0005451, MIMAT0005452, MIMAT0005454","miR-519c-5p, hsa-miR-523-5p, hsa-miR-518e-5p, hsa-miR-522-5p, hsa-miR-519a-5p, hsa-miR-519b-5p",FALSE,TRUE
"MIMAT0002832","MIMAT0002832","miR-519c-3p",TRUE,FALSE
"MIMAT0002833","MIMAT0002833","miR-520a-5p",TRUE,TRUE
"MIMAT0002834","MIMAT0002834","miR-520a-3p",TRUE,TRUE
"MIMAT0002835","MIMAT0002835","miR-526b-5p",TRUE,TRUE
"MIMAT0002836","MIMAT0002836","miR-526b-3p",TRUE,TRUE
"MIMAT0002837","MIMAT0002837","miR-519b-3p",TRUE,TRUE
"MIMAT0002838","MIMAT0002838","miR-525-5p",TRUE,TRUE
"MIMAT0002839","MIMAT0002839","miR-525-3p",TRUE,TRUE
"MIMAT0002840","MIMAT0002840","miR-523-3p",TRUE,TRUE
"MIMAT0002841","MIMAT0002841","miR-518f-5p",TRUE,TRUE
"MIMAT0002842","MIMAT0002842","miR-518f-3p",TRUE,TRUE
"MIMAT0002843","MIMAT0002843","miR-520b",TRUE,TRUE
"MIMAT0002844","MIMAT0002844","miR-518b",TRUE,TRUE
"MIMAT0002845, MIMAT0005455, MIMAT0005456","MIMAT0002845, MIMAT0005455, MIMAT0005456","miR-526a, hsa-miR-520c-5p, hsa-miR-518d-5p",FALSE,FALSE
"MIMAT0002846","MIMAT0002846","miR-520c-3p",TRUE,FALSE
"MIMAT0002847","MIMAT0002847","miR-518c-5p",TRUE,TRUE
"MIMAT0002848","MIMAT0002848","miR-518c-3p",TRUE,TRUE
"MIMAT0002849","MIMAT0002849","miR-524-5p",TRUE,TRUE
"MIMAT0002850","MIMAT0002850","miR-524-3p",TRUE,TRUE
"MIMAT0002851","MIMAT0002851","miR-517-5p",TRUE,TRUE
"MIMAT0002852, MIMAT0002857","MIMAT0002852, MIMAT0002857","miR-517a-3p, hsa-miR-517b-3p",FALSE,TRUE
"MIMAT0002853","MIMAT0002853","miR-519d-3p",TRUE,TRUE
"MIMAT0002854","MIMAT0002854","miR-521",TRUE,TRUE
"MIMAT0002855","MIMAT0002855","miR-520d-5p",TRUE,TRUE
"MIMAT0002856","MIMAT0002856","miR-520d-3p",TRUE,TRUE
"MIMAT0002858","MIMAT0002858","miR-520g-3p",TRUE,TRUE
"MIMAT0002859","MIMAT0002859","miR-516b-5p",TRUE,TRUE
"MIMAT0002860, MIMAT0006778","MIMAT0002860, MIMAT0006778","miR-516b-3p, hsa-miR-516a-3p",FALSE,TRUE
"MIMAT0002861","MIMAT0002861","miR-518e-3p",TRUE,TRUE
"MIMAT0002862, MIMAT0005457","MIMAT0002862, MIMAT0005457","miR-527, hsa-miR-518a-5p",FALSE,TRUE
"MIMAT0002863","MIMAT0002863","miR-518a-3p",TRUE,TRUE
"MIMAT0002864","MIMAT0002864","miR-518d-3p",TRUE,TRUE
"MIMAT0002866","MIMAT0002866","miR-517c-3p",TRUE,TRUE
"MIMAT0002867","MIMAT0002867","miR-520h",TRUE,TRUE
"MIMAT0002868","MIMAT0002868","miR-522-3p",TRUE,TRUE
"MIMAT0002869","MIMAT0002869","miR-519a-3p",TRUE,FALSE
"MIMAT0002870","MIMAT0002870","miR-499a-5p",TRUE,TRUE
"MIMAT0002871","MIMAT0002871","miR-500a-3p",TRUE,TRUE
"MIMAT0002872","MIMAT0002872","miR-501-5p",TRUE,TRUE
"MIMAT0002873","MIMAT0002873","miR-502-5p",TRUE,TRUE
"MIMAT0002874","MIMAT0002874","miR-503-5p",TRUE,FALSE
"MIMAT0002875","MIMAT0002875","miR-504-5p",TRUE,FALSE
"MIMAT0002876","MIMAT0002876","miR-505-3p",TRUE,TRUE
"MIMAT0002877","MIMAT0002877","miR-513a-5p",TRUE,TRUE
"MIMAT0002878","MIMAT0002878","miR-506-3p",TRUE,TRUE
"MIMAT0002879","MIMAT0002879","miR-507",TRUE,TRUE
"MIMAT0002880","MIMAT0002880","miR-508-3p",TRUE,TRUE
"MIMAT0002881","MIMAT0002881","miR-509-3p",TRUE,TRUE
"MIMAT0002882","MIMAT0002882","miR-510-5p",TRUE,TRUE
"MIMAT0002883","MIMAT0002883","miR-514a-3p",TRUE,TRUE
"MIMAT0002888","MIMAT0002888","miR-532-5p",TRUE,TRUE
"MIMAT0002890","MIMAT0002890","miR-299-5p",TRUE,TRUE
"MIMAT0002891","MIMAT0002891","miR-18a-3p",TRUE,TRUE
"MIMAT0003150","MIMAT0003150","miR-455-5p",TRUE,TRUE
"MIMAT0003161","MIMAT0003161","miR-493-3p",TRUE,TRUE
"MIMAT0003163","MIMAT0003163","miR-539-5p",TRUE,TRUE
"MIMAT0003164","MIMAT0003164","miR-544a",TRUE,FALSE
"MIMAT0003165","MIMAT0003165","miR-545-3p",TRUE,TRUE
"MIMAT0003180","MIMAT0003180","miR-487b-3p",TRUE,TRUE
"MIMAT0003214","MIMAT0003214","miR-551a",TRUE,TRUE
"MIMAT0003215","MIMAT0003215","miR-552-3p",TRUE,TRUE
"MIMAT0003216","MIMAT0003216","miR-553",TRUE,TRUE
"MIMAT0003217","MIMAT0003217","miR-554",TRUE,TRUE
"MIMAT0003218","MIMAT0003218","miR-92b-3p",TRUE,FALSE
"MIMAT0003219","MIMAT0003219","miR-555",TRUE,TRUE
"MIMAT0003220","MIMAT0003220","miR-556-5p",TRUE,TRUE
"MIMAT0003221","MIMAT0003221","miR-557",TRUE,TRUE
"MIMAT0003222","MIMAT0003222","miR-558",TRUE,TRUE
"MIMAT0003223","MIMAT0003223","miR-559",TRUE,TRUE
"MIMAT0003225","MIMAT0003225","miR-561-3p",TRUE,TRUE
"MIMAT0003226","MIMAT0003226","miR-562",TRUE,TRUE
"MIMAT0003227","MIMAT0003227","miR-563",TRUE,TRUE
"MIMAT0003228","MIMAT0003228","miR-564",TRUE,TRUE
"MIMAT0003230","MIMAT0003230","miR-566",TRUE,TRUE
"MIMAT0003231","MIMAT0003231","miR-567",TRUE,TRUE
"MIMAT0003232","MIMAT0003232","miR-568",TRUE,TRUE
"MIMAT0003233","MIMAT0003233","miR-551b-3p",TRUE,TRUE
"MIMAT0003234","MIMAT0003234","miR-569",TRUE,TRUE
"MIMAT0003235","MIMAT0003235","miR-570-3p",TRUE,TRUE
"MIMAT0003236","MIMAT0003236","miR-571",TRUE,FALSE
"MIMAT0003237","MIMAT0003237","miR-572",TRUE,TRUE
"MIMAT0003238","MIMAT0003238","miR-573",TRUE,FALSE
"MIMAT0003239","MIMAT0003239","miR-574-3p",TRUE,FALSE
"MIMAT0003240","MIMAT0003240","miR-575",TRUE,TRUE
"MIMAT0003241","MIMAT0003241","miR-576-5p",TRUE,FALSE
"MIMAT0003242","MIMAT0003242","miR-577",TRUE,FALSE
"MIMAT0003243","MIMAT0003243","miR-578",TRUE,TRUE
"MIMAT0003244","MIMAT0003244","miR-579-3p",TRUE,TRUE
"MIMAT0003245","MIMAT0003245","miR-580-3p",TRUE,TRUE
"MIMAT0003246","MIMAT0003246","miR-581",TRUE,TRUE
"MIMAT0003247","MIMAT0003247","miR-582-5p",TRUE,TRUE
"MIMAT0003248","MIMAT0003248","miR-583",TRUE,TRUE
"MIMAT0003249","MIMAT0003249","miR-584-5p",TRUE,TRUE
"MIMAT0003250","MIMAT0003250","miR-585-3p",TRUE,FALSE
"MIMAT0003251","MIMAT0003251","miR-548a-3p",TRUE,TRUE
"MIMAT0003252","MIMAT0003252","miR-586",TRUE,TRUE
"MIMAT0003253","MIMAT0003253","miR-587",TRUE,TRUE
"MIMAT0003254","MIMAT0003254","miR-548b-3p",TRUE,TRUE
"MIMAT0003255","MIMAT0003255","miR-588",TRUE,TRUE
"MIMAT0003256","MIMAT0003256","miR-589-3p",TRUE,TRUE
"MIMAT0003257","MIMAT0003257","miR-550a-3p",TRUE,TRUE
"MIMAT0003258","MIMAT0003258","miR-590-5p",TRUE,TRUE
"MIMAT0003259","MIMAT0003259","miR-591",TRUE,TRUE
"MIMAT0003260","MIMAT0003260","miR-592",TRUE,TRUE
"MIMAT0003261","MIMAT0003261","miR-593-5p",TRUE,FALSE
"MIMAT0003263","MIMAT0003263","miR-595",TRUE,TRUE
"MIMAT0003264","MIMAT0003264","miR-596",TRUE,TRUE
"MIMAT0003265","MIMAT0003265","miR-597-5p",TRUE,FALSE
"MIMAT0003266","MIMAT0003266","miR-598-3p",TRUE,FALSE
"MIMAT0003267","MIMAT0003267","miR-599",TRUE,TRUE
"MIMAT0003268","MIMAT0003268","miR-600",TRUE,TRUE
"MIMAT0003269","MIMAT0003269","miR-601",TRUE,TRUE
"MIMAT0003270","MIMAT0003270","miR-602",TRUE,TRUE
"MIMAT0003271","MIMAT0003271","miR-603",TRUE,TRUE
"MIMAT0003272","MIMAT0003272","miR-604",TRUE,TRUE
"MIMAT0003273","MIMAT0003273","miR-605-5p",TRUE,TRUE
"MIMAT0003274","MIMAT0003274","miR-606",TRUE,TRUE
"MIMAT0003275","MIMAT0003275","miR-607",TRUE,TRUE
"MIMAT0003276","MIMAT0003276","miR-608",TRUE,TRUE
"MIMAT0003277","MIMAT0003277","miR-609",TRUE,TRUE
"MIMAT0003278","MIMAT0003278","miR-610",TRUE,TRUE
"MIMAT0003279","MIMAT0003279","miR-611",TRUE,TRUE
"MIMAT0003280","MIMAT0003280","miR-612",TRUE,TRUE
"MIMAT0003281","MIMAT0003281","miR-613",TRUE,FALSE
"MIMAT0003282","MIMAT0003282","miR-614",TRUE,TRUE
"MIMAT0003283","MIMAT0003283","miR-615-3p",TRUE,TRUE
"MIMAT0003284","MIMAT0003284","miR-616-5p",TRUE,TRUE
"MIMAT0003285","MIMAT0003285","miR-548c-3p",TRUE,FALSE
"MIMAT0003286","MIMAT0003286","miR-617",TRUE,TRUE
"MIMAT0003287","MIMAT0003287","miR-618",TRUE,TRUE
"MIMAT0003288","MIMAT0003288","miR-619-3p",TRUE,TRUE
"MIMAT0003289","MIMAT0003289","miR-620",TRUE,TRUE
"MIMAT0003290","MIMAT0003290","miR-621",TRUE,FALSE
"MIMAT0003291","MIMAT0003291","miR-622",TRUE,TRUE
"MIMAT0003292","MIMAT0003292","miR-623",TRUE,TRUE
"MIMAT0003293","MIMAT0003293","miR-624-5p",TRUE,TRUE
"MIMAT0003294","MIMAT0003294","miR-625-5p",TRUE,TRUE
"MIMAT0003295","MIMAT0003295","miR-626",TRUE,TRUE
"MIMAT0003296","MIMAT0003296","miR-627-5p",TRUE,TRUE
"MIMAT0003297","MIMAT0003297","miR-628-3p",TRUE,TRUE
"MIMAT0003298","MIMAT0003298","miR-629-3p",TRUE,TRUE
"MIMAT0003299","MIMAT0003299","miR-630",TRUE,TRUE
"MIMAT0003300","MIMAT0003300","miR-631",TRUE,TRUE
"MIMAT0003301","MIMAT0003301","miR-33b-5p",TRUE,TRUE
"MIMAT0003302","MIMAT0003302","miR-632",TRUE,TRUE
"MIMAT0003303","MIMAT0003303","miR-633",TRUE,FALSE
"MIMAT0003304","MIMAT0003304","miR-634",TRUE,FALSE
"MIMAT0003305","MIMAT0003305","miR-635",TRUE,TRUE
"MIMAT0003306","MIMAT0003306","miR-636",TRUE,FALSE
"MIMAT0003307","MIMAT0003307","miR-637",TRUE,TRUE
"MIMAT0003308","MIMAT0003308","miR-638",TRUE,TRUE
"MIMAT0003309","MIMAT0003309","miR-639",TRUE,TRUE
"MIMAT0003310","MIMAT0003310","miR-640",TRUE,FALSE
"MIMAT0003311","MIMAT0003311","miR-641",TRUE,TRUE
"MIMAT0003312","MIMAT0003312","miR-642a-5p",TRUE,TRUE
"MIMAT0003313","MIMAT0003313","miR-643",TRUE,TRUE
"MIMAT0003314","MIMAT0003314","miR-644a",TRUE,TRUE
"MIMAT0003315","MIMAT0003315","miR-645",TRUE,TRUE
"MIMAT0003316","MIMAT0003316","miR-646",TRUE,TRUE
"MIMAT0003317","MIMAT0003317","miR-647",TRUE,TRUE
"MIMAT0003318","MIMAT0003318","miR-648",TRUE,TRUE
"MIMAT0003319","MIMAT0003319","miR-649",TRUE,TRUE
"MIMAT0003320","MIMAT0003320","miR-650",TRUE,TRUE
"MIMAT0003321","MIMAT0003321","miR-651-5p",TRUE,TRUE
"MIMAT0003322","MIMAT0003322","miR-652-3p",TRUE,TRUE
"MIMAT0003323","MIMAT0003323","miR-548d-3p",TRUE,TRUE
"MIMAT0003324","MIMAT0003324","miR-661",TRUE,TRUE
"MIMAT0003325","MIMAT0003325","miR-662",TRUE,FALSE
"MIMAT0003326","MIMAT0003326","miR-663a",TRUE,TRUE
"MIMAT0003327","MIMAT0003327","miR-449b-5p",TRUE,TRUE
"MIMAT0003328","MIMAT0003328","miR-653-5p",TRUE,TRUE
"MIMAT0003329","MIMAT0003329","miR-411-5p",TRUE,TRUE
"MIMAT0003330","MIMAT0003330","miR-654-5p",TRUE,TRUE
"MIMAT0003331","MIMAT0003331","miR-655-3p",TRUE,TRUE
"MIMAT0003332","MIMAT0003332","miR-656-3p",TRUE,TRUE
"MIMAT0003333","MIMAT0003333","miR-549a",TRUE,TRUE
"MIMAT0003335","MIMAT0003335","miR-657",TRUE,TRUE
"MIMAT0003336","MIMAT0003336","miR-658",TRUE,TRUE
"MIMAT0003337","MIMAT0003337","miR-659-3p",TRUE,FALSE
"MIMAT0003338","MIMAT0003338","miR-660-5p",TRUE,FALSE
"MIMAT0003339","MIMAT0003339","miR-421",TRUE,TRUE
"MIMAT0003340","MIMAT0003340","miR-542-5p",TRUE,TRUE
"MIMAT0003385","MIMAT0003385","miR-363-5p",TRUE,TRUE
"MIMAT0003386","MIMAT0003386","miR-376a-5p",TRUE,TRUE
"MIMAT0003389","MIMAT0003389","miR-542-3p",TRUE,TRUE
"MIMAT0003393","MIMAT0003393","miR-425-5p",TRUE,TRUE
"MIMAT0003879","MIMAT0003879","miR-758-3p",TRUE,TRUE
"MIMAT0003880","MIMAT0003880","miR-671-5p",TRUE,TRUE
"MIMAT0003881","MIMAT0003881","miR-668-3p",TRUE,TRUE
"MIMAT0003882","MIMAT0003882","miR-767-5p",TRUE,TRUE
"MIMAT0003883","MIMAT0003883","miR-767-3p",TRUE,TRUE
"MIMAT0003884","MIMAT0003884","miR-454-5p",TRUE,TRUE
"MIMAT0003885","MIMAT0003885","miR-454-3p",TRUE,TRUE
"MIMAT0003886","MIMAT0003886","miR-769-5p",TRUE,TRUE
"MIMAT0003887","MIMAT0003887","miR-769-3p",TRUE,FALSE
"MIMAT0003888","MIMAT0003888","miR-766-3p",TRUE,TRUE
"MIMAT0003945","MIMAT0003945","miR-765",TRUE,TRUE
"MIMAT0003948","MIMAT0003948","miR-770-5p",TRUE,TRUE
"MIMAT0004185","MIMAT0004185","miR-802",TRUE,TRUE
"MIMAT0004284","MIMAT0004284","miR-675-5p",TRUE,TRUE
"MIMAT0004450","MIMAT0004450","miR-297",TRUE,TRUE
"MIMAT0004481","MIMAT0004481","let-7a-3p",TRUE,TRUE
"MIMAT0004482","MIMAT0004482","let-7b-3p",TRUE,TRUE
"MIMAT0004484","MIMAT0004484","let-7d-3p",TRUE,TRUE
"MIMAT0004485","MIMAT0004485","let-7e-3p",TRUE,TRUE
"MIMAT0004486","MIMAT0004486","let-7f-1-3p",TRUE,TRUE
"MIMAT0004487","MIMAT0004487","let-7f-2-3p",TRUE,TRUE
"MIMAT0004488","MIMAT0004488","miR-15a-3p",TRUE,TRUE
"MIMAT0004489","MIMAT0004489","miR-16-1-3p",TRUE,TRUE
"MIMAT0004490","MIMAT0004490","miR-19a-5p",TRUE,TRUE
"MIMAT0004491","MIMAT0004491","miR-19b-1-5p",TRUE,FALSE
"MIMAT0004492","MIMAT0004492","miR-19b-2-5p",TRUE,TRUE
"MIMAT0004493","MIMAT0004493","miR-20a-3p",TRUE,TRUE
"MIMAT0004494","MIMAT0004494","miR-21-3p",TRUE,TRUE
"MIMAT0004495","MIMAT0004495","miR-22-5p",TRUE,TRUE
"MIMAT0004496","MIMAT0004496","miR-23a-5p",TRUE,TRUE
"MIMAT0004497","MIMAT0004497","miR-24-2-5p",TRUE,TRUE
"MIMAT0004498","MIMAT0004498","miR-25-5p",TRUE,TRUE
"MIMAT0004499","MIMAT0004499","miR-26a-1-3p",TRUE,TRUE
"MIMAT0004500","MIMAT0004500","miR-26b-3p",TRUE,TRUE
"MIMAT0004501","MIMAT0004501","miR-27a-5p",TRUE,TRUE
"MIMAT0004502","MIMAT0004502","miR-28-3p",TRUE,TRUE
"MIMAT0004503","MIMAT0004503","miR-29a-5p",TRUE,TRUE
"MIMAT0004504","MIMAT0004504","miR-31-3p",TRUE,TRUE
"MIMAT0004505","MIMAT0004505","miR-32-3p",TRUE,TRUE
"MIMAT0004506","MIMAT0004506","miR-33a-3p",TRUE,TRUE
"MIMAT0004507","MIMAT0004507","miR-92a-1-5p",TRUE,TRUE
"MIMAT0004508","MIMAT0004508","miR-92a-2-5p",TRUE,TRUE
"MIMAT0004509","MIMAT0004509","miR-93-3p",TRUE,TRUE
"MIMAT0004510","MIMAT0004510","miR-96-3p",TRUE,TRUE
"MIMAT0004511","MIMAT0004511","miR-99a-3p",TRUE,FALSE
"MIMAT0004512","MIMAT0004512","miR-100-3p",TRUE,TRUE
"MIMAT0004513","MIMAT0004513","miR-101-5p",TRUE,TRUE
"MIMAT0004514","MIMAT0004514","miR-29b-1-5p",TRUE,TRUE
"MIMAT0004515","MIMAT0004515","miR-29b-2-5p",TRUE,TRUE
"MIMAT0004516","MIMAT0004516","miR-105-3p",TRUE,TRUE
"MIMAT0004517","MIMAT0004517","miR-106a-3p",TRUE,TRUE
"MIMAT0004518","MIMAT0004518","miR-16-2-3p",TRUE,TRUE
"MIMAT0004543","MIMAT0004543","miR-192-3p",TRUE,TRUE
"MIMAT0004548","MIMAT0004548","miR-129-1-3p",TRUE,TRUE
"MIMAT0004549","MIMAT0004549","miR-148a-5p",TRUE,TRUE
"MIMAT0004550","MIMAT0004550","miR-30c-2-3p",TRUE,TRUE
"MIMAT0004551","MIMAT0004551","miR-30d-3p",TRUE,TRUE
"MIMAT0004552","MIMAT0004552","miR-139-3p",TRUE,FALSE
"MIMAT0004553","MIMAT0004553","miR-7-1-3p",TRUE,TRUE
"MIMAT0004554","MIMAT0004554","miR-7-2-3p",TRUE,FALSE
"MIMAT0004555","MIMAT0004555","miR-10a-3p",TRUE,TRUE
"MIMAT0004556","MIMAT0004556","miR-10b-3p",TRUE,TRUE
"MIMAT0004557","MIMAT0004557","miR-34a-3p",TRUE,FALSE
"MIMAT0004558","MIMAT0004558","miR-181a-2-3p",TRUE,TRUE
"MIMAT0004559","MIMAT0004559","miR-181c-3p",TRUE,TRUE
"MIMAT0004560","MIMAT0004560","miR-183-3p",TRUE,TRUE
"MIMAT0004561","MIMAT0004561","miR-187-5p",TRUE,TRUE
"MIMAT0004562","MIMAT0004562","miR-196a-3p",TRUE,TRUE
"MIMAT0004564","MIMAT0004564","miR-214-5p",TRUE,TRUE
"MIMAT0004565","MIMAT0004565","miR-218-1-3p",TRUE,TRUE
"MIMAT0004566","MIMAT0004566","miR-218-2-3p",TRUE,TRUE
"MIMAT0004567","MIMAT0004567","miR-219a-1-3p",TRUE,TRUE
"MIMAT0004568","MIMAT0004568","miR-221-5p",TRUE,TRUE
"MIMAT0004569","MIMAT0004569","miR-222-5p",TRUE,TRUE
"MIMAT0004570","MIMAT0004570","miR-223-5p",TRUE,FALSE
"MIMAT0004571","MIMAT0004571","miR-200b-5p",TRUE,TRUE
"MIMAT0004584","MIMAT0004584","let-7g-3p",TRUE,TRUE
"MIMAT0004585","MIMAT0004585","let-7i-3p",TRUE,FALSE
"MIMAT0004586","MIMAT0004586","miR-15b-3p",TRUE,TRUE
"MIMAT0004587","MIMAT0004587","miR-23b-5p",TRUE,TRUE
"MIMAT0004588","MIMAT0004588","miR-27b-5p",TRUE,TRUE
"MIMAT0004589","MIMAT0004589","miR-30b-3p",TRUE,TRUE
"MIMAT0004590","MIMAT0004590","miR-122-3p",TRUE,FALSE
"MIMAT0004591","MIMAT0004591","miR-124-5p",TRUE,TRUE
"MIMAT0004592","MIMAT0004592","miR-125b-1-3p",TRUE,TRUE
"MIMAT0004593","MIMAT0004593","miR-130a-5p",TRUE,TRUE
"MIMAT0004594","MIMAT0004594","miR-132-5p",TRUE,TRUE
"MIMAT0004595","MIMAT0004595","miR-135a-3p",TRUE,TRUE
"MIMAT0004596","MIMAT0004596","miR-138-2-3p",TRUE,TRUE
"MIMAT0004597","MIMAT0004597","miR-140-3p",TRUE,TRUE
"MIMAT0004598","MIMAT0004598","miR-141-5p",TRUE,TRUE
"MIMAT0004599","MIMAT0004599","miR-143-5p",TRUE,TRUE
"MIMAT0004600","MIMAT0004600","miR-144-5p",TRUE,TRUE
"MIMAT0004601","MIMAT0004601","miR-145-3p",TRUE,TRUE
"MIMAT0004602","MIMAT0004602","miR-125a-3p",TRUE,TRUE
"MIMAT0004603","MIMAT0004603","miR-125b-2-3p",TRUE,TRUE
"MIMAT0004604","MIMAT0004604","miR-127-5p",TRUE,TRUE
"MIMAT0004605","MIMAT0004605","miR-129-2-3p",TRUE,TRUE
"MIMAT0004606","MIMAT0004606","miR-136-3p",TRUE,TRUE
"MIMAT0004607","MIMAT0004607","miR-138-1-3p",TRUE,TRUE
"MIMAT0004608","MIMAT0004608","miR-146a-3p",TRUE,TRUE
"MIMAT0004609","MIMAT0004609","miR-149-3p",TRUE,TRUE
"MIMAT0004610","MIMAT0004610","miR-150-3p",TRUE,TRUE
"MIMAT0004611","MIMAT0004611","miR-185-3p",TRUE,TRUE
"MIMAT0004612","MIMAT0004612","miR-186-3p",TRUE,TRUE
"MIMAT0004613","MIMAT0004613","miR-188-3p",TRUE,TRUE
"MIMAT0004614","MIMAT0004614","miR-193a-5p",TRUE,TRUE
"MIMAT0004615","MIMAT0004615","miR-195-3p",TRUE,TRUE
"MIMAT0004657","MIMAT0004657","miR-200c-5p",TRUE,TRUE
"MIMAT0004658","MIMAT0004658","miR-155-3p",TRUE,TRUE
"MIMAT0004671","MIMAT0004671","miR-194-3p",TRUE,TRUE
"MIMAT0004672","MIMAT0004672","miR-106b-3p",TRUE,TRUE
"MIMAT0004673","MIMAT0004673","miR-29c-5p",TRUE,TRUE
"MIMAT0004674","MIMAT0004674","miR-30c-1-3p",TRUE,TRUE
"MIMAT0004675","MIMAT0004675","miR-219a-2-3p",TRUE,TRUE
"MIMAT0004676","MIMAT0004676","miR-34b-3p",TRUE,TRUE
"MIMAT0004677","MIMAT0004677","miR-34c-3p",TRUE,TRUE
"MIMAT0004678","MIMAT0004678","miR-99b-3p",TRUE,TRUE
"MIMAT0004679","MIMAT0004679","miR-296-3p",TRUE,FALSE
"MIMAT0004680","MIMAT0004680","miR-130b-5p",TRUE,TRUE
"MIMAT0004681","MIMAT0004681","miR-26a-2-3p",TRUE,TRUE
"MIMAT0004682","MIMAT0004682","miR-361-3p",TRUE,TRUE
"MIMAT0004683","MIMAT0004683","miR-362-3p",TRUE,TRUE
"MIMAT0004685","MIMAT0004685","miR-302d-5p",TRUE,TRUE
"MIMAT0004686","MIMAT0004686","miR-367-5p",TRUE,TRUE
"MIMAT0004687","MIMAT0004687","miR-371a-5p",TRUE,TRUE
"MIMAT0004688","MIMAT0004688","miR-374a-3p",TRUE,TRUE
"MIMAT0004689","MIMAT0004689","miR-377-5p",TRUE,TRUE
"MIMAT0004690","MIMAT0004690","miR-379-3p",TRUE,TRUE
"MIMAT0004692","MIMAT0004692","miR-340-5p",TRUE,TRUE
"MIMAT0004693","MIMAT0004693","miR-330-5p",TRUE,TRUE
"MIMAT0004694","MIMAT0004694","miR-342-5p",TRUE,TRUE
"MIMAT0004695","MIMAT0004695","miR-337-5p",TRUE,TRUE
"MIMAT0004696","MIMAT0004696","miR-323a-5p",TRUE,TRUE
"MIMAT0004697","MIMAT0004697","miR-151a-5p",TRUE,TRUE
"MIMAT0004698","MIMAT0004698","miR-135b-3p",TRUE,TRUE
"MIMAT0004699","MIMAT0004699","miR-148b-5p",TRUE,TRUE
"MIMAT0004700","MIMAT0004700","miR-331-5p",TRUE,TRUE
"MIMAT0004701","MIMAT0004701","miR-338-5p",TRUE,TRUE
"MIMAT0004702","MIMAT0004702","miR-339-3p",TRUE,TRUE
"MIMAT0004703","MIMAT0004703","miR-335-3p",TRUE,TRUE
"MIMAT0004748","MIMAT0004748","miR-423-5p",TRUE,TRUE
"MIMAT0004749","MIMAT0004749","miR-424-3p",TRUE,FALSE
"MIMAT0004751","MIMAT0004751","miR-18b-3p",TRUE,FALSE
"MIMAT0004752","MIMAT0004752","miR-20b-3p",TRUE,TRUE
"MIMAT0004757","MIMAT0004757","miR-431-3p",TRUE,TRUE
"MIMAT0004761","MIMAT0004761","miR-483-5p",TRUE,TRUE
"MIMAT0004762","MIMAT0004762","miR-486-3p",TRUE,TRUE
"MIMAT0004763","MIMAT0004763","miR-488-3p",TRUE,TRUE
"MIMAT0004764","MIMAT0004764","miR-490-5p",TRUE,TRUE
"MIMAT0004765","MIMAT0004765","miR-491-3p",TRUE,TRUE
"MIMAT0004766","MIMAT0004766","miR-146b-3p",TRUE,TRUE
"MIMAT0004767","MIMAT0004767","miR-193b-5p",TRUE,TRUE
"MIMAT0004768","MIMAT0004768","miR-497-3p",TRUE,TRUE
"MIMAT0004770","MIMAT0004770","miR-516a-5p",TRUE,TRUE
"MIMAT0004772","MIMAT0004772","miR-499a-3p",TRUE,TRUE
"MIMAT0004773","MIMAT0004773","miR-500a-5p",TRUE,TRUE
"MIMAT0004774","MIMAT0004774","miR-501-3p",TRUE,TRUE
"MIMAT0004775","MIMAT0004775","miR-502-3p",TRUE,TRUE
"MIMAT0004776","MIMAT0004776","miR-505-5p",TRUE,TRUE
"MIMAT0004777","MIMAT0004777","miR-513a-3p",TRUE,TRUE
"MIMAT0004778","MIMAT0004778","miR-508-5p",TRUE,TRUE
"MIMAT0004779","MIMAT0004779","miR-509-5p",TRUE,TRUE
"MIMAT0004780","MIMAT0004780","miR-532-3p",TRUE,TRUE
"MIMAT0004784","MIMAT0004784","miR-455-3p",TRUE,FALSE
"MIMAT0004785","MIMAT0004785","miR-545-5p",TRUE,TRUE
"MIMAT0004792","MIMAT0004792","miR-92b-5p",TRUE,TRUE
"MIMAT0004793","MIMAT0004793","miR-556-3p",TRUE,TRUE
"MIMAT0004794","MIMAT0004794","miR-551b-5p",TRUE,TRUE
"MIMAT0004795","MIMAT0004795","miR-574-5p",TRUE,TRUE
"MIMAT0004796","MIMAT0004796","miR-576-3p",TRUE,TRUE
"MIMAT0004797","MIMAT0004797","miR-582-3p",TRUE,TRUE
"MIMAT0004798","MIMAT0004798","miR-548b-5p",TRUE,TRUE
"MIMAT0004799","MIMAT0004799","miR-589-5p",TRUE,TRUE
"MIMAT0004800","MIMAT0004800","miR-550a-5p",TRUE,TRUE
"MIMAT0004801","MIMAT0004801","miR-590-3p",TRUE,TRUE
"MIMAT0004802","MIMAT0004802","miR-593-3p",TRUE,TRUE
"MIMAT0004803","MIMAT0004803","miR-548a-5p",TRUE,TRUE
"MIMAT0004804","MIMAT0004804","miR-615-5p",TRUE,TRUE
"MIMAT0004805","MIMAT0004805","miR-616-3p",TRUE,TRUE
"MIMAT0004806, MIMAT0022738, MIMAT0022740","MIMAT0004806, MIMAT0022738, MIMAT0022740","miR-548c-5p, hsa-miR-548o-5p, hsa-miR-548am-5p",FALSE,TRUE
"MIMAT0004807","MIMAT0004807","miR-624-3p",TRUE,TRUE
"MIMAT0004808","MIMAT0004808","miR-625-3p",TRUE,TRUE
"MIMAT0004809","MIMAT0004809","miR-628-5p",TRUE,FALSE
"MIMAT0004810","MIMAT0004810","miR-629-5p",TRUE,TRUE
"MIMAT0004811","MIMAT0004811","miR-33b-3p",TRUE,TRUE
"MIMAT0004812","MIMAT0004812","miR-548d-5p",TRUE,FALSE
"MIMAT0004813","MIMAT0004813","miR-411-3p",TRUE,TRUE
"MIMAT0004814","MIMAT0004814","miR-654-3p",TRUE,TRUE
"MIMAT0004819","MIMAT0004819","miR-671-3p",TRUE,TRUE
"MIMAT0004901","MIMAT0004901","miR-298",TRUE,TRUE
"MIMAT0004902","MIMAT0004902","miR-891a-5p",TRUE,TRUE
"MIMAT0004903","MIMAT0004903","miR-300",TRUE,TRUE
"MIMAT0004907","MIMAT0004907","miR-892a",TRUE,TRUE
"MIMAT0004909","MIMAT0004909","miR-450b-5p",TRUE,FALSE
"MIMAT0004910","MIMAT0004910","miR-450b-3p",TRUE,TRUE
"MIMAT0004911","MIMAT0004911","miR-874-3p",TRUE,TRUE
"MIMAT0004912","MIMAT0004912","miR-890",TRUE,TRUE
"MIMAT0004913","MIMAT0004913","miR-891b",TRUE,TRUE
"MIMAT0004916","MIMAT0004916","miR-888-5p",TRUE,TRUE
"MIMAT0004917","MIMAT0004917","miR-888-3p",TRUE,TRUE
"MIMAT0004918","MIMAT0004918","miR-892b",TRUE,FALSE
"MIMAT0004919","MIMAT0004919","miR-541-5p",TRUE,TRUE
"MIMAT0004920","MIMAT0004920","miR-541-3p",TRUE,FALSE
"MIMAT0004921","MIMAT0004921","miR-889-3p",TRUE,TRUE
"MIMAT0004922","MIMAT0004922","miR-875-5p",TRUE,TRUE
"MIMAT0004923","MIMAT0004923","miR-875-3p",TRUE,TRUE
"MIMAT0004924","MIMAT0004924","miR-876-5p",TRUE,FALSE
"MIMAT0004925","MIMAT0004925","miR-876-3p",TRUE,TRUE
"MIMAT0004926","MIMAT0004926","miR-708-5p",TRUE,TRUE
"MIMAT0004927","MIMAT0004927","miR-708-3p",TRUE,TRUE
"MIMAT0004928","MIMAT0004928","miR-147b",TRUE,TRUE
"MIMAT0004929","MIMAT0004929","miR-190b",TRUE,FALSE
"MIMAT0004945","MIMAT0004945","miR-744-5p",TRUE,TRUE
"MIMAT0004946","MIMAT0004946","miR-744-3p",TRUE,TRUE
"MIMAT0004947","MIMAT0004947","miR-885-5p",TRUE,TRUE
"MIMAT0004948","MIMAT0004948","miR-885-3p",TRUE,TRUE
"MIMAT0004949","MIMAT0004949","miR-877-5p",TRUE,TRUE
"MIMAT0004950","MIMAT0004950","miR-877-3p",TRUE,TRUE
"MIMAT0004951","MIMAT0004951","miR-887-3p",TRUE,TRUE
"MIMAT0004952","MIMAT0004952","miR-665",TRUE,TRUE
"MIMAT0004953","MIMAT0004953","miR-873-5p",TRUE,TRUE
"MIMAT0004954","MIMAT0004954","miR-543",TRUE,TRUE
"MIMAT0004955","MIMAT0004955","miR-374b-5p",TRUE,TRUE
"MIMAT0004956","MIMAT0004956","miR-374b-3p",TRUE,TRUE
"MIMAT0004957","MIMAT0004957","miR-760",TRUE,TRUE
"MIMAT0004958","MIMAT0004958","miR-301b",TRUE,TRUE
"MIMAT0004959","MIMAT0004959","miR-216b-5p",TRUE,TRUE
"MIMAT0004960","MIMAT0004960","miR-208b-3p",TRUE,TRUE
"MIMAT0004970","MIMAT0004970","miR-920",TRUE,TRUE
"MIMAT0004971","MIMAT0004971","miR-921",TRUE,TRUE
"MIMAT0004972","MIMAT0004972","miR-922",TRUE,TRUE
"MIMAT0004974","MIMAT0004974","miR-924",TRUE,FALSE
"MIMAT0004975","MIMAT0004975","miR-509-3-5p",TRUE,FALSE
"MIMAT0004976","MIMAT0004976","miR-933",TRUE,TRUE
"MIMAT0004977","MIMAT0004977","miR-934",TRUE,TRUE
"MIMAT0004978","MIMAT0004978","miR-935",TRUE,TRUE
"MIMAT0004979","MIMAT0004979","miR-936",TRUE,TRUE
"MIMAT0004980","MIMAT0004980","miR-937-3p",TRUE,TRUE
"MIMAT0004981","MIMAT0004981","miR-938",TRUE,TRUE
"MIMAT0004982","MIMAT0004982","miR-939-5p",TRUE,TRUE
"MIMAT0004983","MIMAT0004983","miR-940",TRUE,TRUE
"MIMAT0004984","MIMAT0004984","miR-941",TRUE,TRUE
"MIMAT0004985","MIMAT0004985","miR-942-5p",TRUE,TRUE
"MIMAT0004986","MIMAT0004986","miR-943",TRUE,TRUE
"MIMAT0004987","MIMAT0004987","miR-944",TRUE,TRUE
"MIMAT0005458","MIMAT0005458","miR-1224-5p",TRUE,TRUE
"MIMAT0005459","MIMAT0005459","miR-1224-3p",TRUE,TRUE
"MIMAT0005572","MIMAT0005572","miR-1225-5p",TRUE,TRUE
"MIMAT0005573","MIMAT0005573","miR-1225-3p",TRUE,TRUE
"MIMAT0005576","MIMAT0005576","miR-1226-5p",TRUE,TRUE
"MIMAT0005577","MIMAT0005577","miR-1226-3p",TRUE,TRUE
"MIMAT0005580","MIMAT0005580","miR-1227-3p",TRUE,TRUE
"MIMAT0005582","MIMAT0005582","miR-1228-5p",TRUE,FALSE
"MIMAT0005583","MIMAT0005583","miR-1228-3p",TRUE,TRUE
"MIMAT0005584","MIMAT0005584","miR-1229-3p",TRUE,TRUE
"MIMAT0005586","MIMAT0005586","miR-1231",TRUE,TRUE
"MIMAT0005588","MIMAT0005588","miR-1233-3p",TRUE,TRUE
"MIMAT0005589","MIMAT0005589","miR-1234-3p",TRUE,TRUE
"MIMAT0005591","MIMAT0005591","miR-1236-3p",TRUE,TRUE
"MIMAT0005592","MIMAT0005592","miR-1237-3p",TRUE,TRUE
"MIMAT0005593","MIMAT0005593","miR-1238-3p",TRUE,TRUE
"MIMAT0005788","MIMAT0005788","miR-513b-5p",TRUE,TRUE
"MIMAT0005789","MIMAT0005789","miR-513c-5p",TRUE,TRUE
"MIMAT0005791","MIMAT0005791","miR-1264",TRUE,TRUE
"MIMAT0005792","MIMAT0005792","miR-320b",TRUE,TRUE
"MIMAT0005793","MIMAT0005793","miR-320c",TRUE,TRUE
"MIMAT0005794","MIMAT0005794","miR-1296-5p",TRUE,TRUE
"MIMAT0005795","MIMAT0005795","miR-1323",TRUE,TRUE
"MIMAT0005796","MIMAT0005796","miR-1271-5p",TRUE,TRUE
"MIMAT0005797","MIMAT0005797","miR-1301-3p",TRUE,TRUE
"MIMAT0005798","MIMAT0005798","miR-1185-5p",TRUE,TRUE
"MIMAT0005799","MIMAT0005799","miR-1283",TRUE,TRUE
"MIMAT0005800","MIMAT0005800","miR-1298-5p",TRUE,TRUE
"MIMAT0005823","MIMAT0005823","miR-1178-3p",TRUE,FALSE
"MIMAT0005824","MIMAT0005824","miR-1179",TRUE,TRUE
"MIMAT0005825","MIMAT0005825","miR-1180-3p",TRUE,TRUE
"MIMAT0005826","MIMAT0005826","miR-1181",TRUE,TRUE
"MIMAT0005827","MIMAT0005827","miR-1182",TRUE,TRUE
"MIMAT0005828","MIMAT0005828","miR-1183",TRUE,TRUE
"MIMAT0005829","MIMAT0005829","miR-1184",TRUE,TRUE
"MIMAT0005863","MIMAT0005863","miR-1200",TRUE,TRUE
"MIMAT0005865","MIMAT0005865","miR-1202",TRUE,TRUE
"MIMAT0005866","MIMAT0005866","miR-1203",TRUE,TRUE
"MIMAT0005867","MIMAT0005867","miR-663b",TRUE,FALSE
"MIMAT0005868","MIMAT0005868","miR-1204",TRUE,TRUE
"MIMAT0005869","MIMAT0005869","miR-1205",TRUE,TRUE
"MIMAT0005870","MIMAT0005870","miR-1206",TRUE,TRUE
"MIMAT0005871","MIMAT0005871","miR-1207-5p",TRUE,TRUE
"MIMAT0005872","MIMAT0005872","miR-1207-3p",TRUE,TRUE
"MIMAT0005873","MIMAT0005873","miR-1208",TRUE,TRUE
"MIMAT0005874","MIMAT0005874","miR-548e-3p",TRUE,TRUE
"MIMAT0005875","MIMAT0005875","miR-548j-5p",TRUE,TRUE
"MIMAT0005876","MIMAT0005876","miR-1285-3p",TRUE,TRUE
"MIMAT0005877","MIMAT0005877","miR-1286",TRUE,TRUE
"MIMAT0005878","MIMAT0005878","miR-1287-5p",TRUE,TRUE
"MIMAT0005879","MIMAT0005879","miR-1289",TRUE,TRUE
"MIMAT0005880","MIMAT0005880","miR-1290",TRUE,TRUE
"MIMAT0005881","MIMAT0005881","miR-1291",TRUE,TRUE
"MIMAT0005882","MIMAT0005882","miR-548k",TRUE,TRUE
"MIMAT0005883","MIMAT0005883","miR-1293",TRUE,FALSE
"MIMAT0005884","MIMAT0005884","miR-1294",TRUE,TRUE
"MIMAT0005885","MIMAT0005885","miR-1295a",TRUE,TRUE
"MIMAT0005886","MIMAT0005886","miR-1297",TRUE,TRUE
"MIMAT0005887","MIMAT0005887","miR-1299",TRUE,TRUE
"MIMAT0005889","MIMAT0005889","miR-548l",TRUE,TRUE
"MIMAT0005890","MIMAT0005890","miR-1302",TRUE,TRUE
"MIMAT0005891","MIMAT0005891","miR-1303",TRUE,TRUE
"MIMAT0005892","MIMAT0005892","miR-1304-5p",TRUE,TRUE
"MIMAT0005893","MIMAT0005893","miR-1305",TRUE,TRUE
"MIMAT0005894","MIMAT0005894","miR-1243",TRUE,TRUE
"MIMAT0005895","MIMAT0005895","miR-548f-3p",TRUE,TRUE
"MIMAT0005896","MIMAT0005896","miR-1244",TRUE,TRUE
"MIMAT0005897","MIMAT0005897","miR-1245a",TRUE,TRUE
"MIMAT0005898","MIMAT0005898","miR-1246",TRUE,TRUE
"MIMAT0005899","MIMAT0005899","miR-1247-5p",TRUE,TRUE
"MIMAT0005900","MIMAT0005900","miR-1248",TRUE,TRUE
"MIMAT0005901","MIMAT0005901","miR-1249",TRUE,FALSE
"MIMAT0005902","MIMAT0005902","miR-1250-5p",TRUE,TRUE
"MIMAT0005903","MIMAT0005903","miR-1251-5p",TRUE,TRUE
"MIMAT0005904","MIMAT0005904","miR-1253",TRUE,TRUE
"MIMAT0005905","MIMAT0005905","miR-1254",TRUE,FALSE
"MIMAT0005906","MIMAT0005906","miR-1255a",TRUE,TRUE
"MIMAT0005907","MIMAT0005907","miR-1256",TRUE,FALSE
"MIMAT0005908","MIMAT0005908","miR-1257",TRUE,TRUE
"MIMAT0005909","MIMAT0005909","miR-1258",TRUE,FALSE
"MIMAT0005911","MIMAT0005911","miR-1260a",TRUE,TRUE
"MIMAT0005912","MIMAT0005912","miR-548g-3p",TRUE,TRUE
"MIMAT0005913","MIMAT0005913","miR-1261",TRUE,TRUE
"MIMAT0005914","MIMAT0005914","miR-1262",TRUE,TRUE
"MIMAT0005915","MIMAT0005915","miR-1263",TRUE,TRUE
"MIMAT0005916","MIMAT0005916","miR-548n",TRUE,TRUE
"MIMAT0005917","MIMAT0005917","miR-548m",TRUE,TRUE
"MIMAT0005918","MIMAT0005918","miR-1265",TRUE,TRUE
"MIMAT0005919","MIMAT0005919","miR-548o-3p",TRUE,TRUE
"MIMAT0005920","MIMAT0005920","miR-1266-5p",TRUE,TRUE
"MIMAT0005921","MIMAT0005921","miR-1267",TRUE,TRUE
"MIMAT0005922","MIMAT0005922","miR-1268a",TRUE,TRUE
"MIMAT0005923","MIMAT0005923","miR-1269a",TRUE,TRUE
"MIMAT0005924","MIMAT0005924","miR-1270",TRUE,TRUE
"MIMAT0005925","MIMAT0005925","miR-1272",TRUE,TRUE
"MIMAT0005926","MIMAT0005926","miR-1273a",TRUE,TRUE
"MIMAT0005928","MIMAT0005928","miR-548h-5p",TRUE,TRUE
"MIMAT0005929","MIMAT0005929","miR-1275",TRUE,TRUE
"MIMAT0005930","MIMAT0005930","miR-1276",TRUE,TRUE
"MIMAT0005931","MIMAT0005931","miR-302e",TRUE,TRUE
"MIMAT0005932","MIMAT0005932","miR-302f",TRUE,TRUE
"MIMAT0005933","MIMAT0005933","miR-1277-3p",TRUE,TRUE
"MIMAT0005934","MIMAT0005934","miR-548p",TRUE,TRUE
"MIMAT0005935","MIMAT0005935","miR-548i",TRUE,TRUE
"MIMAT0005936","MIMAT0005936","miR-1278",TRUE,TRUE
"MIMAT0005937","MIMAT0005937","miR-1279",TRUE,TRUE
"MIMAT0005939","MIMAT0005939","miR-1281",TRUE,TRUE
"MIMAT0005940","MIMAT0005940","miR-1282",TRUE,TRUE
"MIMAT0005941","MIMAT0005941","miR-1284",TRUE,TRUE
"MIMAT0005942","MIMAT0005942","miR-1288-3p",TRUE,TRUE
"MIMAT0005943","MIMAT0005943","miR-1292-5p",TRUE,TRUE
"MIMAT0005944","MIMAT0005944","miR-1252-5p",TRUE,TRUE
"MIMAT0005945","MIMAT0005945","miR-1255b-5p",TRUE,TRUE
"MIMAT0005948","MIMAT0005948","miR-664a-5p",TRUE,TRUE
"MIMAT0005949","MIMAT0005949","miR-664a-3p",TRUE,TRUE
"MIMAT0005950","MIMAT0005950","miR-1306-3p",TRUE,TRUE
"MIMAT0005951","MIMAT0005951","miR-1307-3p",TRUE,TRUE
"MIMAT0005952","MIMAT0005952","miR-1321",TRUE,TRUE
"MIMAT0005953","MIMAT0005953","miR-1322",TRUE,TRUE
"MIMAT0005955","MIMAT0005955","miR-1197",TRUE,TRUE
"MIMAT0005956","MIMAT0005956","miR-1324",TRUE,TRUE
"MIMAT0006764","MIMAT0006764","miR-320d",TRUE,TRUE
"MIMAT0006765","MIMAT0006765","miR-1825",TRUE,TRUE
"MIMAT0006767","MIMAT0006767","miR-1827",TRUE,TRUE
"MIMAT0006789","MIMAT0006789","miR-1468-5p",TRUE,FALSE
"MIMAT0006790","MIMAT0006790","miR-675-3p",TRUE,TRUE
"MIMAT0007347","MIMAT0007347","miR-1469",TRUE,TRUE
"MIMAT0007348","MIMAT0007348","miR-1470",TRUE,TRUE
"MIMAT0007349","MIMAT0007349","miR-1471",TRUE,TRUE
"MIMAT0007399","MIMAT0007399","miR-1537-3p",TRUE,TRUE
"MIMAT0007400","MIMAT0007400","miR-1538",TRUE,TRUE
"MIMAT0007401","MIMAT0007401","miR-1539",TRUE,TRUE
"MIMAT0007402","MIMAT0007402","miR-103b",TRUE,TRUE
"MIMAT0007881","MIMAT0007881","miR-1908-5p",TRUE,TRUE
"MIMAT0007882","MIMAT0007882","miR-1909-5p",TRUE,TRUE
"MIMAT0007883","MIMAT0007883","miR-1909-3p",TRUE,TRUE
"MIMAT0007884","MIMAT0007884","miR-1910-5p",TRUE,TRUE
"MIMAT0007885","MIMAT0007885","miR-1911-5p",TRUE,TRUE
"MIMAT0007886","MIMAT0007886","miR-1911-3p",TRUE,TRUE
"MIMAT0007887","MIMAT0007887","miR-1912",TRUE,TRUE
"MIMAT0007888","MIMAT0007888","miR-1913",TRUE,FALSE
"MIMAT0007889","MIMAT0007889","miR-1914-5p",TRUE,TRUE
"MIMAT0007890","MIMAT0007890","miR-1914-3p",TRUE,TRUE
"MIMAT0007891","MIMAT0007891","miR-1915-5p",TRUE,TRUE
"MIMAT0007892","MIMAT0007892","miR-1915-3p",TRUE,TRUE
"MIMAT0009196","MIMAT0009196","miR-103a-2-5p",TRUE,TRUE
"MIMAT0009197","MIMAT0009197","miR-205-3p",TRUE,TRUE
"MIMAT0009198","MIMAT0009198","miR-224-3p",TRUE,TRUE
"MIMAT0009199","MIMAT0009199","miR-365a-5p",TRUE,TRUE
"MIMAT0009201","MIMAT0009201","miR-196b-3p",TRUE,TRUE
"MIMAT0009203","MIMAT0009203","miR-449b-3p",TRUE,TRUE
"MIMAT0009206","MIMAT0009206","miR-2113",TRUE,TRUE
"MIMAT0009447","MIMAT0009447","miR-1972",TRUE,TRUE
"MIMAT0009448","MIMAT0009448","miR-1973",TRUE,TRUE
"MIMAT0009451","MIMAT0009451","miR-1976",TRUE,TRUE
"MIMAT0009977","MIMAT0009977","miR-2052",TRUE,TRUE
"MIMAT0009978","MIMAT0009978","miR-2053",TRUE,TRUE
"MIMAT0009979","MIMAT0009979","miR-2054",TRUE,TRUE
"MIMAT0010133","MIMAT0010133","miR-2110",TRUE,FALSE
"MIMAT0010195","MIMAT0010195","let-7a-2-3p",TRUE,TRUE
"MIMAT0010214","MIMAT0010214","miR-151b",TRUE,TRUE
"MIMAT0010251","MIMAT0010251","miR-449c-5p",TRUE,TRUE
"MIMAT0010313","MIMAT0010313","miR-762",TRUE,FALSE
"MIMAT0010357","MIMAT0010357","miR-670-5p",TRUE,TRUE
"MIMAT0010364","MIMAT0010364","miR-761",TRUE,TRUE
"MIMAT0010367","MIMAT0010367","miR-764",TRUE,FALSE
"MIMAT0010497","MIMAT0010497","miR-759",TRUE,TRUE
"MIMAT0011156","MIMAT0011156","miR-2114-5p",TRUE,TRUE
"MIMAT0011157","MIMAT0011157","miR-2114-3p",TRUE,TRUE
"MIMAT0011158","MIMAT0011158","miR-2115-5p",TRUE,FALSE
"MIMAT0011159","MIMAT0011159","miR-2115-3p",TRUE,TRUE
"MIMAT0011160","MIMAT0011160","miR-2116-5p",TRUE,TRUE
"MIMAT0011161","MIMAT0011161","miR-2116-3p",TRUE,FALSE
"MIMAT0011162","MIMAT0011162","miR-2117",TRUE,TRUE
"MIMAT0011163","MIMAT0011163","miR-548q",TRUE,TRUE
"MIMAT0011775","MIMAT0011775","miR-2276-3p",TRUE,TRUE
"MIMAT0011777","MIMAT0011777","miR-2277-3p",TRUE,TRUE
"MIMAT0011778","MIMAT0011778","miR-2278",TRUE,TRUE
"MIMAT0012734","MIMAT0012734","miR-711",TRUE,TRUE
"MIMAT0012735","MIMAT0012735","miR-718",TRUE,TRUE
"MIMAT0013515","MIMAT0013515","miR-2681-5p",TRUE,TRUE
"MIMAT0013516","MIMAT0013516","miR-2681-3p",TRUE,TRUE
"MIMAT0013517","MIMAT0013517","miR-2682-5p",TRUE,TRUE
"MIMAT0013518","MIMAT0013518","miR-2682-3p",TRUE,TRUE
"MIMAT0013771","MIMAT0013771","miR-449c-3p",TRUE,TRUE
"MIMAT0013802","MIMAT0013802","miR-2861",TRUE,TRUE
"MIMAT0013863","MIMAT0013863","miR-2909",TRUE,TRUE
"MIMAT0014977","MIMAT0014977","miR-3115",TRUE,TRUE
"MIMAT0014978","MIMAT0014978","miR-3116",TRUE,TRUE
"MIMAT0014979","MIMAT0014979","miR-3117-3p",TRUE,TRUE
"MIMAT0014980","MIMAT0014980","miR-3118",TRUE,TRUE
"MIMAT0014981","MIMAT0014981","miR-3119",TRUE,TRUE
"MIMAT0014982","MIMAT0014982","miR-3120-3p",TRUE,FALSE
"MIMAT0014983","MIMAT0014983","miR-3121-3p",TRUE,TRUE
"MIMAT0014984","MIMAT0014984","miR-3122",TRUE,TRUE
"MIMAT0014985","MIMAT0014985","miR-3123",TRUE,TRUE
"MIMAT0014986","MIMAT0014986","miR-3124-5p",TRUE,FALSE
"MIMAT0014987","MIMAT0014987","miR-548s",TRUE,TRUE
"MIMAT0014988","MIMAT0014988","miR-3125",TRUE,TRUE
"MIMAT0014989","MIMAT0014989","miR-3126-5p",TRUE,FALSE
"MIMAT0014990","MIMAT0014990","miR-3127-5p",TRUE,TRUE
"MIMAT0014991","MIMAT0014991","miR-3128",TRUE,TRUE
"MIMAT0014992","MIMAT0014992","miR-3129-5p",TRUE,FALSE
"MIMAT0014994","MIMAT0014994","miR-3130-3p",TRUE,TRUE
"MIMAT0014995","MIMAT0014995","miR-3130-5p",TRUE,TRUE
"MIMAT0014996","MIMAT0014996","miR-3131",TRUE,TRUE
"MIMAT0014997","MIMAT0014997","miR-3132",TRUE,TRUE
"MIMAT0014998","MIMAT0014998","miR-3133",TRUE,TRUE
"MIMAT0014999","MIMAT0014999","miR-378b",TRUE,TRUE
"MIMAT0015000","MIMAT0015000","miR-3134",TRUE,TRUE
"MIMAT0015001","MIMAT0015001","miR-3135a",TRUE,TRUE
"MIMAT0015002","MIMAT0015002","miR-466",TRUE,TRUE
"MIMAT0015003","MIMAT0015003","miR-3136-5p",TRUE,TRUE
"MIMAT0015004","MIMAT0015004","miR-544b",TRUE,TRUE
"MIMAT0015005","MIMAT0015005","miR-3137",TRUE,TRUE
"MIMAT0015006","MIMAT0015006","miR-3138",TRUE,TRUE
"MIMAT0015007","MIMAT0015007","miR-3139",TRUE,TRUE
"MIMAT0015008","MIMAT0015008","miR-3140-3p",TRUE,TRUE
"MIMAT0015009","MIMAT0015009","miR-548t-5p",TRUE,TRUE
"MIMAT0015010","MIMAT0015010","miR-3141",TRUE,TRUE
"MIMAT0015011","MIMAT0015011","miR-3142",TRUE,TRUE
"MIMAT0015012","MIMAT0015012","miR-3143",TRUE,TRUE
"MIMAT0015013","MIMAT0015013","miR-548u",TRUE,TRUE
"MIMAT0015014","MIMAT0015014","miR-3144-5p",TRUE,TRUE
"MIMAT0015015","MIMAT0015015","miR-3144-3p",TRUE,TRUE
"MIMAT0015016","MIMAT0015016","miR-3145-3p",TRUE,TRUE
"MIMAT0015017","MIMAT0015017","miR-1273c",TRUE,TRUE
"MIMAT0015018","MIMAT0015018","miR-3146",TRUE,TRUE
"MIMAT0015019","MIMAT0015019","miR-3147",TRUE,TRUE
"MIMAT0015020","MIMAT0015020","miR-548v",TRUE,TRUE
"MIMAT0015021","MIMAT0015021","miR-3148",TRUE,TRUE
"MIMAT0015022","MIMAT0015022","miR-3149",TRUE,TRUE
"MIMAT0015023","MIMAT0015023","miR-3150a-3p",TRUE,TRUE
"MIMAT0015024","MIMAT0015024","miR-3151-5p",TRUE,FALSE
"MIMAT0015025","MIMAT0015025","miR-3152-3p",TRUE,TRUE
"MIMAT0015026","MIMAT0015026","miR-3153",TRUE,TRUE
"MIMAT0015027","MIMAT0015027","miR-3074-3p",TRUE,TRUE
"MIMAT0015028","MIMAT0015028","miR-3154",TRUE,TRUE
"MIMAT0015029","MIMAT0015029","miR-3155a",TRUE,TRUE
"MIMAT0015030","MIMAT0015030","miR-3156-5p",TRUE,TRUE
"MIMAT0015031","MIMAT0015031","miR-3157-5p",TRUE,TRUE
"MIMAT0015032","MIMAT0015032","miR-3158-3p",TRUE,TRUE
"MIMAT0015033","MIMAT0015033","miR-3159",TRUE,TRUE
"MIMAT0015034","MIMAT0015034","miR-3160-3p",TRUE,TRUE
"MIMAT0015035","MIMAT0015035","miR-3161",TRUE,TRUE
"MIMAT0015036","MIMAT0015036","miR-3162-5p",TRUE,TRUE
"MIMAT0015037","MIMAT0015037","miR-3163",TRUE,TRUE
"MIMAT0015038","MIMAT0015038","miR-3164",TRUE,FALSE
"MIMAT0015039","MIMAT0015039","miR-3165",TRUE,TRUE
"MIMAT0015040","MIMAT0015040","miR-3166",TRUE,FALSE
"MIMAT0015041","MIMAT0015041","miR-1260b",TRUE,TRUE
"MIMAT0015042","MIMAT0015042","miR-3167",TRUE,TRUE
"MIMAT0015043","MIMAT0015043","miR-3168",TRUE,TRUE
"MIMAT0015044","MIMAT0015044","miR-3169",TRUE,TRUE
"MIMAT0015045","MIMAT0015045","miR-3170",TRUE,TRUE
"MIMAT0015046","MIMAT0015046","miR-3171",TRUE,TRUE
"MIMAT0015048","MIMAT0015048","miR-3173-3p",TRUE,TRUE
"MIMAT0015049","MIMAT0015049","miR-1193",TRUE,TRUE
"MIMAT0015050","MIMAT0015050","miR-323b-3p",TRUE,FALSE
"MIMAT0015051","MIMAT0015051","miR-3174",TRUE,TRUE
"MIMAT0015052","MIMAT0015052","miR-3175",TRUE,TRUE
"MIMAT0015053","MIMAT0015053","miR-3176",TRUE,TRUE
"MIMAT0015054","MIMAT0015054","miR-3177-3p",TRUE,TRUE
"MIMAT0015055","MIMAT0015055","miR-3178",TRUE,TRUE
"MIMAT0015056","MIMAT0015056","miR-3179",TRUE,TRUE
"MIMAT0015057","MIMAT0015057","miR-3180-5p",TRUE,TRUE
"MIMAT0015058","MIMAT0015058","miR-3180-3p",TRUE,TRUE
"MIMAT0015060","MIMAT0015060","miR-548w",TRUE,TRUE
"MIMAT0015061","MIMAT0015061","miR-3181",TRUE,TRUE
"MIMAT0015062","MIMAT0015062","miR-3182",TRUE,TRUE
"MIMAT0015063","MIMAT0015063","miR-3183",TRUE,TRUE
"MIMAT0015064","MIMAT0015064","miR-3184-5p",TRUE,TRUE
"MIMAT0015065","MIMAT0015065","miR-3185",TRUE,TRUE
"MIMAT0015066","MIMAT0015066","miR-3065-5p",TRUE,TRUE
"MIMAT0015067","MIMAT0015067","miR-3186-5p",TRUE,TRUE
"MIMAT0015068","MIMAT0015068","miR-3186-3p",TRUE,TRUE
"MIMAT0015069","MIMAT0015069","miR-3187-3p",TRUE,TRUE
"MIMAT0015070","MIMAT0015070","miR-3188",TRUE,TRUE
"MIMAT0015071","MIMAT0015071","miR-3189-3p",TRUE,TRUE
"MIMAT0015072","MIMAT0015072","miR-320e",TRUE,TRUE
"MIMAT0015073","MIMAT0015073","miR-3190-5p",TRUE,FALSE
"MIMAT0015075","MIMAT0015075","miR-3191-3p",TRUE,FALSE
"MIMAT0015076","MIMAT0015076","miR-3192-5p",TRUE,TRUE
"MIMAT0015077","MIMAT0015077","miR-3193",TRUE,TRUE
"MIMAT0015078","MIMAT0015078","miR-3194-5p",TRUE,FALSE
"MIMAT0015079","MIMAT0015079","miR-3195",TRUE,TRUE
"MIMAT0015080","MIMAT0015080","miR-3196",TRUE,TRUE
"MIMAT0015081","MIMAT0015081","miR-548x-3p",TRUE,TRUE
"MIMAT0015082","MIMAT0015082","miR-3197",TRUE,TRUE
"MIMAT0015083","MIMAT0015083","miR-3198",TRUE,TRUE
"MIMAT0015084","MIMAT0015084","miR-3199",TRUE,TRUE
"MIMAT0015085","MIMAT0015085","miR-3200-3p",TRUE,TRUE
"MIMAT0015086","MIMAT0015086","miR-3201",TRUE,TRUE
"MIMAT0015087","MIMAT0015087","miR-514b-5p",TRUE,TRUE
"MIMAT0015088","MIMAT0015088","miR-514b-3p",TRUE,TRUE
"MIMAT0015089","MIMAT0015089","miR-3202",TRUE,TRUE
"MIMAT0015090","MIMAT0015090","miR-1273d",TRUE,TRUE
"MIMAT0015377","MIMAT0015377","miR-3126-3p",TRUE,TRUE
"MIMAT0015378","MIMAT0015378","miR-3065-3p",TRUE,TRUE
"MIMAT0016844","MIMAT0016844","miR-4295",TRUE,TRUE
"MIMAT0016845","MIMAT0016845","miR-4296",TRUE,TRUE
"MIMAT0016846","MIMAT0016846","miR-4297",TRUE,FALSE
"MIMAT0016847","MIMAT0016847","miR-378c",TRUE,FALSE
"MIMAT0016848","MIMAT0016848","miR-4293",TRUE,TRUE
"MIMAT0016849","MIMAT0016849","miR-4294",TRUE,TRUE
"MIMAT0016850","MIMAT0016850","miR-4301",TRUE,TRUE
"MIMAT0016851","MIMAT0016851","miR-4299",TRUE,TRUE
"MIMAT0016852","MIMAT0016852","miR-4298",TRUE,TRUE
"MIMAT0016853","MIMAT0016853","miR-4300",TRUE,TRUE
"MIMAT0016854","MIMAT0016854","miR-4304",TRUE,TRUE
"MIMAT0016855","MIMAT0016855","miR-4302",TRUE,FALSE
"MIMAT0016856","MIMAT0016856","miR-4303",TRUE,TRUE
"MIMAT0016857","MIMAT0016857","miR-4305",TRUE,TRUE
"MIMAT0016858","MIMAT0016858","miR-4306",TRUE,TRUE
"MIMAT0016859","MIMAT0016859","miR-4309",TRUE,TRUE
"MIMAT0016860","MIMAT0016860","miR-4307",TRUE,TRUE
"MIMAT0016861","MIMAT0016861","miR-4308",TRUE,TRUE
"MIMAT0016862","MIMAT0016862","miR-4310",TRUE,TRUE
"MIMAT0016863","MIMAT0016863","miR-4311",TRUE,TRUE
"MIMAT0016864","MIMAT0016864","miR-4312",TRUE,TRUE
"MIMAT0016865","MIMAT0016865","miR-4313",TRUE,FALSE
"MIMAT0016866","MIMAT0016866","miR-4315",TRUE,TRUE
"MIMAT0016867","MIMAT0016867","miR-4316",TRUE,TRUE
"MIMAT0016868","MIMAT0016868","miR-4314",TRUE,TRUE
"MIMAT0016869","MIMAT0016869","miR-4318",TRUE,TRUE
"MIMAT0016870","MIMAT0016870","miR-4319",TRUE,FALSE
"MIMAT0016871","MIMAT0016871","miR-4320",TRUE,TRUE
"MIMAT0016872","MIMAT0016872","miR-4317",TRUE,TRUE
"MIMAT0016873","MIMAT0016873","miR-4322",TRUE,FALSE
"MIMAT0016874","MIMAT0016874","miR-4321",TRUE,TRUE
"MIMAT0016875","MIMAT0016875","miR-4323",TRUE,FALSE
"MIMAT0016876","MIMAT0016876","miR-4324",TRUE,TRUE
"MIMAT0016877","MIMAT0016877","miR-4256",TRUE,TRUE
"MIMAT0016878","MIMAT0016878","miR-4257",TRUE,TRUE
"MIMAT0016879","MIMAT0016879","miR-4258",TRUE,TRUE
"MIMAT0016880","MIMAT0016880","miR-4259",TRUE,TRUE
"MIMAT0016881","MIMAT0016881","miR-4260",TRUE,TRUE
"MIMAT0016882","MIMAT0016882","miR-4253",TRUE,TRUE
"MIMAT0016883","MIMAT0016883","miR-4251",TRUE,TRUE
"MIMAT0016884","MIMAT0016884","miR-4254",TRUE,TRUE
"MIMAT0016885","MIMAT0016885","miR-4255",TRUE,TRUE
"MIMAT0016886","MIMAT0016886","miR-4252",TRUE,TRUE
"MIMAT0016887","MIMAT0016887","miR-4325",TRUE,FALSE
"MIMAT0016888","MIMAT0016888","miR-4326",TRUE,TRUE
"MIMAT0016889","MIMAT0016889","miR-4327",TRUE,TRUE
"MIMAT0016890","MIMAT0016890","miR-4261",TRUE,FALSE
"MIMAT0016891","MIMAT0016891","miR-4265",TRUE,TRUE
"MIMAT0016892","MIMAT0016892","miR-4266",TRUE,TRUE
"MIMAT0016893","MIMAT0016893","miR-4267",TRUE,FALSE
"MIMAT0016894","MIMAT0016894","miR-4262",TRUE,TRUE
"MIMAT0016895","MIMAT0016895","miR-2355-5p",TRUE,TRUE
"MIMAT0016896","MIMAT0016896","miR-4268",TRUE,TRUE
"MIMAT0016897","MIMAT0016897","miR-4269",TRUE,TRUE
"MIMAT0016898","MIMAT0016898","miR-4263",TRUE,TRUE
"MIMAT0016899","MIMAT0016899","miR-4264",TRUE,TRUE
"MIMAT0016900","MIMAT0016900","miR-4270",TRUE,TRUE
"MIMAT0016901","MIMAT0016901","miR-4271",TRUE,TRUE
"MIMAT0016902","MIMAT0016902","miR-4272",TRUE,TRUE
"MIMAT0016903","MIMAT0016903","miR-4273",TRUE,TRUE
"MIMAT0016904","MIMAT0016904","miR-4276",TRUE,TRUE
"MIMAT0016905","MIMAT0016905","miR-4275",TRUE,TRUE
"MIMAT0016906","MIMAT0016906","miR-4274",TRUE,TRUE
"MIMAT0016907","MIMAT0016907","miR-4281",TRUE,TRUE
"MIMAT0016908","MIMAT0016908","miR-4277",TRUE,TRUE
"MIMAT0016909","MIMAT0016909","miR-4279",TRUE,TRUE
"MIMAT0016910","MIMAT0016910","miR-4278",TRUE,FALSE
"MIMAT0016911","MIMAT0016911","miR-4280",TRUE,TRUE
"MIMAT0016912","MIMAT0016912","miR-4282",TRUE,TRUE
"MIMAT0016913","MIMAT0016913","miR-4285",TRUE,TRUE
"MIMAT0016914","MIMAT0016914","miR-4283",TRUE,TRUE
"MIMAT0016915","MIMAT0016915","miR-4284",TRUE,FALSE
"MIMAT0016916","MIMAT0016916","miR-4286",TRUE,TRUE
"MIMAT0016917","MIMAT0016917","miR-4287",TRUE,TRUE
"MIMAT0016918","MIMAT0016918","miR-4288",TRUE,FALSE
"MIMAT0016919","MIMAT0016919","miR-4292",TRUE,TRUE
"MIMAT0016920","MIMAT0016920","miR-4289",TRUE,TRUE
"MIMAT0016921","MIMAT0016921","miR-4290",TRUE,TRUE
"MIMAT0016922","MIMAT0016922","miR-4291",TRUE,TRUE
"MIMAT0016923","MIMAT0016923","miR-4329",TRUE,TRUE
"MIMAT0016924","MIMAT0016924","miR-4330",TRUE,TRUE
"MIMAT0016925","MIMAT0016925","miR-500b-5p",TRUE,TRUE
"MIMAT0016926","MIMAT0016926","miR-4328",TRUE,TRUE
"MIMAT0017352","MIMAT0017352","miR-2277-5p",TRUE,TRUE
"MIMAT0017392","MIMAT0017392","miR-3200-5p",TRUE,TRUE
"MIMAT0017950","MIMAT0017950","miR-2355-3p",TRUE,TRUE
"MIMAT0017981","MIMAT0017981","miR-3605-5p",TRUE,TRUE
"MIMAT0017982","MIMAT0017982","miR-3605-3p",TRUE,TRUE
"MIMAT0017983","MIMAT0017983","miR-3606-5p",TRUE,FALSE
"MIMAT0017984","MIMAT0017984","miR-3607-5p",TRUE,TRUE
"MIMAT0017985","MIMAT0017985","miR-3607-3p",TRUE,TRUE
"MIMAT0017986","MIMAT0017986","miR-3609",TRUE,TRUE
"MIMAT0017987","MIMAT0017987","miR-3610",TRUE,TRUE
"MIMAT0017988","MIMAT0017988","miR-3611",TRUE,TRUE
"MIMAT0017989","MIMAT0017989","miR-3612",TRUE,TRUE
"MIMAT0017990","MIMAT0017990","miR-3613-5p",TRUE,TRUE
"MIMAT0017991","MIMAT0017991","miR-3613-3p",TRUE,TRUE
"MIMAT0017992","MIMAT0017992","miR-3614-5p",TRUE,TRUE
"MIMAT0017993","MIMAT0017993","miR-3614-3p",TRUE,FALSE
"MIMAT0017994","MIMAT0017994","miR-3615",TRUE,TRUE
"MIMAT0017995","MIMAT0017995","miR-3616-5p",TRUE,TRUE
"MIMAT0017996","MIMAT0017996","miR-3616-3p",TRUE,TRUE
"MIMAT0017997","MIMAT0017997","miR-3617-5p",TRUE,TRUE
"MIMAT0017998","MIMAT0017998","miR-3618",TRUE,TRUE
"MIMAT0017999","MIMAT0017999","miR-3619-5p",TRUE,TRUE
"MIMAT0018000","MIMAT0018000","miR-23c",TRUE,FALSE
"MIMAT0018001","MIMAT0018001","miR-3620-3p",TRUE,TRUE
"MIMAT0018002","MIMAT0018002","miR-3621",TRUE,TRUE
"MIMAT0018003","MIMAT0018003","miR-3622a-5p",TRUE,TRUE
"MIMAT0018004","MIMAT0018004","miR-3622a-3p",TRUE,TRUE
"MIMAT0018005","MIMAT0018005","miR-3622b-5p",TRUE,TRUE
"MIMAT0018006","MIMAT0018006","miR-3622b-3p",TRUE,TRUE
"MIMAT0018065","MIMAT0018065","miR-3646",TRUE,TRUE
"MIMAT0018068","MIMAT0018068","miR-3648",TRUE,FALSE
"MIMAT0018069","MIMAT0018069","miR-3649",TRUE,TRUE
"MIMAT0018070","MIMAT0018070","miR-3650",TRUE,TRUE
"MIMAT0018071","MIMAT0018071","miR-3651",TRUE,FALSE
"MIMAT0018072","MIMAT0018072","miR-3652",TRUE,FALSE
"MIMAT0018073","MIMAT0018073","miR-3653",TRUE,TRUE
"MIMAT0018074","MIMAT0018074","miR-3654",TRUE,TRUE
"MIMAT0018075","MIMAT0018075","miR-3655",TRUE,TRUE
"MIMAT0018076","MIMAT0018076","miR-3656",TRUE,TRUE
"MIMAT0018077","MIMAT0018077","miR-3657",TRUE,FALSE
"MIMAT0018078","MIMAT0018078","miR-3658",TRUE,FALSE
"MIMAT0018079","MIMAT0018079","miR-1273e",TRUE,TRUE
"MIMAT0018080","MIMAT0018080","miR-3659",TRUE,TRUE
"MIMAT0018081","MIMAT0018081","miR-3660",TRUE,TRUE
"MIMAT0018082","MIMAT0018082","miR-3661",TRUE,TRUE
"MIMAT0018083","MIMAT0018083","miR-3662",TRUE,TRUE
"MIMAT0018084","MIMAT0018084","miR-3663-5p",TRUE,TRUE
"MIMAT0018085","MIMAT0018085","miR-3663-3p",TRUE,FALSE
"MIMAT0018086","MIMAT0018086","miR-3664-5p",TRUE,TRUE
"MIMAT0018087","MIMAT0018087","miR-3665",TRUE,TRUE
"MIMAT0018088","MIMAT0018088","miR-3666",TRUE,TRUE
"MIMAT0018089","MIMAT0018089","miR-3667-5p",TRUE,TRUE
"MIMAT0018090","MIMAT0018090","miR-3667-3p",TRUE,TRUE
"MIMAT0018091","MIMAT0018091","miR-3668",TRUE,TRUE
"MIMAT0018092","MIMAT0018092","miR-3669",TRUE,TRUE
"MIMAT0018093","MIMAT0018093","miR-3670",TRUE,FALSE
"MIMAT0018094","MIMAT0018094","miR-3671",TRUE,TRUE
"MIMAT0018095","MIMAT0018095","miR-3672",TRUE,TRUE
"MIMAT0018096","MIMAT0018096","miR-3673",TRUE,TRUE
"MIMAT0018097","MIMAT0018097","miR-3674",TRUE,FALSE
"MIMAT0018098","MIMAT0018098","miR-3675-5p",TRUE,TRUE
"MIMAT0018099","MIMAT0018099","miR-3675-3p",TRUE,TRUE
"MIMAT0018101","MIMAT0018101","miR-3677-3p",TRUE,TRUE
"MIMAT0018102","MIMAT0018102","miR-3678-5p",TRUE,TRUE
"MIMAT0018103","MIMAT0018103","miR-3678-3p",TRUE,TRUE
"MIMAT0018104","MIMAT0018104","miR-3679-5p",TRUE,TRUE
"MIMAT0018105","MIMAT0018105","miR-3679-3p",TRUE,FALSE
"MIMAT0018106","MIMAT0018106","miR-3680-5p",TRUE,TRUE
"MIMAT0018107","MIMAT0018107","miR-3680-3p",TRUE,TRUE
"MIMAT0018108","MIMAT0018108","miR-3681-5p",TRUE,TRUE
"MIMAT0018109","MIMAT0018109","miR-3681-3p",TRUE,TRUE
"MIMAT0018110","MIMAT0018110","miR-3682-3p",TRUE,TRUE
"MIMAT0018111","MIMAT0018111","miR-3683",TRUE,FALSE
"MIMAT0018112","MIMAT0018112","miR-3684",TRUE,TRUE
"MIMAT0018113","MIMAT0018113","miR-3685",TRUE,TRUE
"MIMAT0018114","MIMAT0018114","miR-3686",TRUE,TRUE
"MIMAT0018115","MIMAT0018115","miR-3687",TRUE,TRUE
"MIMAT0018116","MIMAT0018116","miR-3688-3p",TRUE,TRUE
"MIMAT0018117, MIMAT0018180, MIMAT0019009","MIMAT0018117, MIMAT0018180, MIMAT0019009","miR-3689a-5p, hsa-miR-3689b-5p, hsa-miR-3689e",FALSE,TRUE
"MIMAT0018118","MIMAT0018118","miR-3689a-3p",TRUE,TRUE
"MIMAT0018119","MIMAT0018119","miR-3690",TRUE,TRUE
"MIMAT0018120","MIMAT0018120","miR-3691-5p",TRUE,TRUE
"MIMAT0018121","MIMAT0018121","miR-3692-5p",TRUE,TRUE
"MIMAT0018122","MIMAT0018122","miR-3692-3p",TRUE,TRUE
"MIMAT0018164","MIMAT0018164","miR-3713",TRUE,TRUE
"MIMAT0018165","MIMAT0018165","miR-3714",TRUE,TRUE
"MIMAT0018178","MIMAT0018178","miR-3180",TRUE,TRUE
"MIMAT0018179","MIMAT0018179","miR-3907",TRUE,TRUE
"MIMAT0018181, MIMAT0019007","MIMAT0018181, MIMAT0019007","miR-3689b-3p, hsa-miR-3689c",FALSE,TRUE
"MIMAT0018182","MIMAT0018182","miR-3908",TRUE,TRUE
"MIMAT0018183","MIMAT0018183","miR-3909",TRUE,TRUE
"MIMAT0018184","MIMAT0018184","miR-3910",TRUE,TRUE
"MIMAT0018185","MIMAT0018185","miR-3911",TRUE,TRUE
"MIMAT0018186","MIMAT0018186","miR-3912-3p",TRUE,TRUE
"MIMAT0018187","MIMAT0018187","miR-3913-5p",TRUE,TRUE
"MIMAT0018188","MIMAT0018188","miR-3914",TRUE,TRUE
"MIMAT0018189","MIMAT0018189","miR-3915",TRUE,TRUE
"MIMAT0018190","MIMAT0018190","miR-3916",TRUE,TRUE
"MIMAT0018191","MIMAT0018191","miR-3917",TRUE,FALSE
"MIMAT0018192","MIMAT0018192","miR-3918",TRUE,FALSE
"MIMAT0018193","MIMAT0018193","miR-3919",TRUE,TRUE
"MIMAT0018194","MIMAT0018194","miR-3150b-3p",TRUE,TRUE
"MIMAT0018195","MIMAT0018195","miR-3920",TRUE,TRUE
"MIMAT0018196","MIMAT0018196","miR-3921",TRUE,TRUE
"MIMAT0018197","MIMAT0018197","miR-3922-3p",TRUE,TRUE
"MIMAT0018198","MIMAT0018198","miR-3923",TRUE,TRUE
"MIMAT0018199","MIMAT0018199","miR-3924",TRUE,TRUE
"MIMAT0018200","MIMAT0018200","miR-3925-5p",TRUE,TRUE
"MIMAT0018201","MIMAT0018201","miR-3926",TRUE,TRUE
"MIMAT0018202","MIMAT0018202","miR-3927-3p",TRUE,FALSE
"MIMAT0018203","MIMAT0018203","miR-676-5p",TRUE,TRUE
"MIMAT0018204","MIMAT0018204","miR-676-3p",TRUE,TRUE
"MIMAT0018205","MIMAT0018205","miR-3928-3p",TRUE,TRUE
"MIMAT0018206","MIMAT0018206","miR-3929",TRUE,FALSE
"MIMAT0018349","MIMAT0018349","miR-3934-5p",TRUE,TRUE
"MIMAT0018350","MIMAT0018350","miR-3935",TRUE,FALSE
"MIMAT0018351","MIMAT0018351","miR-3936",TRUE,TRUE
"MIMAT0018352","MIMAT0018352","miR-3937",TRUE,TRUE
"MIMAT0018353","MIMAT0018353","miR-3938",TRUE,TRUE
"MIMAT0018354","MIMAT0018354","miR-548y",TRUE,TRUE
"MIMAT0018355","MIMAT0018355","miR-3939",TRUE,TRUE
"MIMAT0018356","MIMAT0018356","miR-3940-3p",TRUE,TRUE
"MIMAT0018357","MIMAT0018357","miR-3941",TRUE,TRUE
"MIMAT0018358","MIMAT0018358","miR-3942-5p",TRUE,TRUE
"MIMAT0018359","MIMAT0018359","miR-3943",TRUE,FALSE
"MIMAT0018360","MIMAT0018360","miR-3944-3p",TRUE,TRUE
"MIMAT0018361","MIMAT0018361","miR-3945",TRUE,TRUE
"MIMAT0018443","MIMAT0018443","miR-374c-5p",TRUE,TRUE
"MIMAT0018444","MIMAT0018444","miR-642b-3p",TRUE,TRUE
"MIMAT0018445","MIMAT0018445","miR-550b-3p",TRUE,FALSE
"MIMAT0018446, MIMAT0022723","MIMAT0018446, MIMAT0022723","miR-548z, hsa-miR-548h-3p",FALSE,TRUE
"MIMAT0018447, MIMAT0022730","MIMAT0018447, MIMAT0022730","miR-548aa, hsa-miR-548t-3p",FALSE,TRUE
"MIMAT0018925","MIMAT0018925","miR-1268b",TRUE,TRUE
"MIMAT0018926","MIMAT0018926","miR-378d",TRUE,TRUE
"MIMAT0018927","MIMAT0018927","miR-378e",TRUE,TRUE
"MIMAT0018928","MIMAT0018928","miR-548ab",TRUE,TRUE
"MIMAT0018929","MIMAT0018929","miR-4417",TRUE,TRUE
"MIMAT0018930","MIMAT0018930","miR-4418",TRUE,TRUE
"MIMAT0018931","MIMAT0018931","miR-4419a",TRUE,TRUE
"MIMAT0018932","MIMAT0018932","miR-378f",TRUE,TRUE
"MIMAT0018933","MIMAT0018933","miR-4420",TRUE,TRUE
"MIMAT0018934","MIMAT0018934","miR-4421",TRUE,TRUE
"MIMAT0018935","MIMAT0018935","miR-4422",TRUE,TRUE
"MIMAT0018936","MIMAT0018936","miR-4423-3p",TRUE,TRUE
"MIMAT0018937","MIMAT0018937","miR-378g",TRUE,TRUE
"MIMAT0018938","MIMAT0018938","miR-548ac",TRUE,TRUE
"MIMAT0018939","MIMAT0018939","miR-4424",TRUE,TRUE
"MIMAT0018940","MIMAT0018940","miR-4425",TRUE,TRUE
"MIMAT0018941","MIMAT0018941","miR-4426",TRUE,TRUE
"MIMAT0018942","MIMAT0018942","miR-4427",TRUE,FALSE
"MIMAT0018943","MIMAT0018943","miR-4428",TRUE,TRUE
"MIMAT0018944","MIMAT0018944","miR-4429",TRUE,TRUE
"MIMAT0018945","MIMAT0018945","miR-4430",TRUE,TRUE
"MIMAT0018946","MIMAT0018946","miR-548ad",TRUE,TRUE
"MIMAT0018947","MIMAT0018947","miR-4431",TRUE,TRUE
"MIMAT0018948","MIMAT0018948","miR-4432",TRUE,TRUE
"MIMAT0018949","MIMAT0018949","miR-4433-3p",TRUE,TRUE
"MIMAT0018950","MIMAT0018950","miR-4434",TRUE,TRUE
"MIMAT0018951","MIMAT0018951","miR-4435",TRUE,FALSE
"MIMAT0018952","MIMAT0018952","miR-4436a",TRUE,FALSE
"MIMAT0018953","MIMAT0018953","miR-4437",TRUE,TRUE
"MIMAT0018954","MIMAT0018954","miR-548ae",TRUE,TRUE
"MIMAT0018956","MIMAT0018956","miR-4438",TRUE,TRUE
"MIMAT0018957","MIMAT0018957","miR-4439",TRUE,TRUE
"MIMAT0018958","MIMAT0018958","miR-4440",TRUE,TRUE
"MIMAT0018959","MIMAT0018959","miR-4441",TRUE,TRUE
"MIMAT0018960","MIMAT0018960","miR-4442",TRUE,TRUE
"MIMAT0018961","MIMAT0018961","miR-4443",TRUE,TRUE
"MIMAT0018962","MIMAT0018962","miR-4444",TRUE,TRUE
"MIMAT0018963","MIMAT0018963","miR-4445-5p",TRUE,TRUE
"MIMAT0018964","MIMAT0018964","miR-4445-3p",TRUE,TRUE
"MIMAT0018965","MIMAT0018965","miR-4446-3p",TRUE,TRUE
"MIMAT0018966","MIMAT0018966","miR-4447",TRUE,TRUE
"MIMAT0018967","MIMAT0018967","miR-4448",TRUE,TRUE
"MIMAT0018968","MIMAT0018968","miR-4449",TRUE,TRUE
"MIMAT0018969","MIMAT0018969","miR-548ag",TRUE,TRUE
"MIMAT0018971","MIMAT0018971","miR-4450",TRUE,TRUE
"MIMAT0018972","MIMAT0018972","miR-548ah-5p",TRUE,TRUE
"MIMAT0018973","MIMAT0018973","miR-4451",TRUE,TRUE
"MIMAT0018974","MIMAT0018974","miR-4452",TRUE,TRUE
"MIMAT0018975","MIMAT0018975","miR-4453",TRUE,FALSE
"MIMAT0018976","MIMAT0018976","miR-4454",TRUE,FALSE
"MIMAT0018977","MIMAT0018977","miR-4455",TRUE,TRUE
"MIMAT0018978","MIMAT0018978","miR-4456",TRUE,TRUE
"MIMAT0018979","MIMAT0018979","miR-4457",TRUE,TRUE
"MIMAT0018980","MIMAT0018980","miR-4458",TRUE,TRUE
"MIMAT0018981","MIMAT0018981","miR-4459",TRUE,TRUE
"MIMAT0018982","MIMAT0018982","miR-4460",TRUE,FALSE
"MIMAT0018983","MIMAT0018983","miR-4461",TRUE,TRUE
"MIMAT0018984","MIMAT0018984","miR-378h",TRUE,TRUE
"MIMAT0018985","MIMAT0018985","miR-3135b",TRUE,TRUE
"MIMAT0018986","MIMAT0018986","miR-4462",TRUE,TRUE
"MIMAT0018987","MIMAT0018987","miR-4463",TRUE,TRUE
"MIMAT0018988","MIMAT0018988","miR-4464",TRUE,TRUE
"MIMAT0018989, MIMAT0022707","MIMAT0018989, MIMAT0022707","miR-548ai, hsa-miR-570-5p",FALSE,TRUE
"MIMAT0018990","MIMAT0018990","miR-548aj-3p",TRUE,TRUE
"MIMAT0018992","MIMAT0018992","miR-4465",TRUE,TRUE
"MIMAT0018993","MIMAT0018993","miR-4466",TRUE,TRUE
"MIMAT0018994","MIMAT0018994","miR-4467",TRUE,TRUE
"MIMAT0018995","MIMAT0018995","miR-4468",TRUE,TRUE
"MIMAT0018996","MIMAT0018996","miR-4469",TRUE,TRUE
"MIMAT0018997","MIMAT0018997","miR-4470",TRUE,TRUE
"MIMAT0018998","MIMAT0018998","miR-4471",TRUE,TRUE
"MIMAT0018999","MIMAT0018999","miR-4472",TRUE,TRUE
"MIMAT0019000","MIMAT0019000","miR-4473",TRUE,TRUE
"MIMAT0019001","MIMAT0019001","miR-4474-3p",TRUE,TRUE
"MIMAT0019002","MIMAT0019002","miR-4475",TRUE,TRUE
"MIMAT0019003","MIMAT0019003","miR-4476",TRUE,TRUE
"MIMAT0019004","MIMAT0019004","miR-4477a",TRUE,TRUE
"MIMAT0019005","MIMAT0019005","miR-4477b",TRUE,TRUE
"MIMAT0019006","MIMAT0019006","miR-4478",TRUE,TRUE
"MIMAT0019008","MIMAT0019008","miR-3689d",TRUE,TRUE
"MIMAT0019010","MIMAT0019010","miR-3689f",TRUE,TRUE
"MIMAT0019011","MIMAT0019011","miR-4479",TRUE,TRUE
"MIMAT0019012","MIMAT0019012","miR-3155b",TRUE,TRUE
"MIMAT0019013","MIMAT0019013","miR-548ak",TRUE,TRUE
"MIMAT0019014","MIMAT0019014","miR-4480",TRUE,FALSE
"MIMAT0019015","MIMAT0019015","miR-4481",TRUE,TRUE
"MIMAT0019016","MIMAT0019016","miR-4482-5p",TRUE,TRUE
"MIMAT0019017","MIMAT0019017","miR-4483",TRUE,TRUE
"MIMAT0019018","MIMAT0019018","miR-4484",TRUE,TRUE
"MIMAT0019019","MIMAT0019019","miR-4485",TRUE,TRUE
"MIMAT0019020","MIMAT0019020","miR-4486",TRUE,TRUE
"MIMAT0019021","MIMAT0019021","miR-4487",TRUE,TRUE
"MIMAT0019022","MIMAT0019022","miR-4488",TRUE,TRUE
"MIMAT0019023","MIMAT0019023","miR-4489",TRUE,TRUE
"MIMAT0019024","MIMAT0019024","miR-548al",TRUE,TRUE
"MIMAT0019025","MIMAT0019025","miR-4490",TRUE,TRUE
"MIMAT0019026","MIMAT0019026","miR-4491",TRUE,TRUE
"MIMAT0019027","MIMAT0019027","miR-4492",TRUE,TRUE
"MIMAT0019028","MIMAT0019028","miR-4493",TRUE,TRUE
"MIMAT0019029","MIMAT0019029","miR-4494",TRUE,FALSE
"MIMAT0019030","MIMAT0019030","miR-4495",TRUE,TRUE
"MIMAT0019031","MIMAT0019031","miR-4496",TRUE,TRUE
"MIMAT0019032","MIMAT0019032","miR-4497",TRUE,FALSE
"MIMAT0019033","MIMAT0019033","miR-4498",TRUE,FALSE
"MIMAT0019034","MIMAT0019034","miR-4419b",TRUE,TRUE
"MIMAT0019035","MIMAT0019035","miR-4499",TRUE,TRUE
"MIMAT0019036","MIMAT0019036","miR-4500",TRUE,TRUE
"MIMAT0019037","MIMAT0019037","miR-4501",TRUE,TRUE
"MIMAT0019038","MIMAT0019038","miR-4502",TRUE,TRUE
"MIMAT0019039","MIMAT0019039","miR-4503",TRUE,TRUE
"MIMAT0019040","MIMAT0019040","miR-4504",TRUE,TRUE
"MIMAT0019041","MIMAT0019041","miR-4505",TRUE,FALSE
"MIMAT0019042","MIMAT0019042","miR-4506",TRUE,FALSE
"MIMAT0019043","MIMAT0019043","miR-2392",TRUE,TRUE
"MIMAT0019044","MIMAT0019044","miR-4507",TRUE,TRUE
"MIMAT0019045","MIMAT0019045","miR-4508",TRUE,TRUE
"MIMAT0019046","MIMAT0019046","miR-4509",TRUE,TRUE
"MIMAT0019047","MIMAT0019047","miR-4510",TRUE,FALSE
"MIMAT0019048","MIMAT0019048","miR-4511",TRUE,TRUE
"MIMAT0019049","MIMAT0019049","miR-4512",TRUE,TRUE
"MIMAT0019050","MIMAT0019050","miR-4513",TRUE,TRUE
"MIMAT0019051","MIMAT0019051","miR-4514",TRUE,TRUE
"MIMAT0019052","MIMAT0019052","miR-4515",TRUE,TRUE
"MIMAT0019053","MIMAT0019053","miR-4516",TRUE,TRUE
"MIMAT0019054","MIMAT0019054","miR-4517",TRUE,TRUE
"MIMAT0019055","MIMAT0019055","miR-4518",TRUE,TRUE
"MIMAT0019056","MIMAT0019056","miR-4519",TRUE,FALSE
"MIMAT0019057","MIMAT0019057","miR-4520a-3p",TRUE,TRUE
"MIMAT0019058","MIMAT0019058","miR-4521",TRUE,TRUE
"MIMAT0019059","MIMAT0019059","miR-1269b",TRUE,TRUE
"MIMAT0019060","MIMAT0019060","miR-4522",TRUE,FALSE
"MIMAT0019061","MIMAT0019061","miR-4523",TRUE,TRUE
"MIMAT0019062","MIMAT0019062","miR-4524a-5p",TRUE,TRUE
"MIMAT0019063","MIMAT0019063","miR-4524a-3p",TRUE,TRUE
"MIMAT0019064","MIMAT0019064","miR-4525",TRUE,TRUE
"MIMAT0019065","MIMAT0019065","miR-4526",TRUE,TRUE
"MIMAT0019066","MIMAT0019066","miR-4527",TRUE,TRUE
"MIMAT0019067","MIMAT0019067","miR-4528",TRUE,TRUE
"MIMAT0019068","MIMAT0019068","miR-4529-3p",TRUE,TRUE
"MIMAT0019069","MIMAT0019069","miR-4530",TRUE,TRUE
"MIMAT0019070","MIMAT0019070","miR-4531",TRUE,TRUE
"MIMAT0019071","MIMAT0019071","miR-4532",TRUE,FALSE
"MIMAT0019072","MIMAT0019072","miR-4533",TRUE,TRUE
"MIMAT0019073","MIMAT0019073","miR-4534",TRUE,TRUE
"MIMAT0019074","MIMAT0019074","miR-378i",TRUE,TRUE
"MIMAT0019075","MIMAT0019075","miR-4535",TRUE,TRUE
"MIMAT0019076","MIMAT0019076","miR-548am-3p",TRUE,TRUE
"MIMAT0019077","MIMAT0019077","miR-1587",TRUE,TRUE
"MIMAT0019078","MIMAT0019078","miR-4536-5p",TRUE,FALSE
"MIMAT0019079","MIMAT0019079","miR-548an",TRUE,TRUE
"MIMAT0019080","MIMAT0019080","miR-4537",TRUE,TRUE
"MIMAT0019081","MIMAT0019081","miR-4538",TRUE,TRUE
"MIMAT0019082","MIMAT0019082","miR-4539",TRUE,TRUE
"MIMAT0019083","MIMAT0019083","miR-4540",TRUE,FALSE
"MIMAT0019197","MIMAT0019197","miR-3117-5p",TRUE,TRUE
"MIMAT0019198","MIMAT0019198","miR-3120-5p",TRUE,TRUE
"MIMAT0019199","MIMAT0019199","miR-3121-5p",TRUE,TRUE
"MIMAT0019200","MIMAT0019200","miR-3124-3p",TRUE,TRUE
"MIMAT0019201","MIMAT0019201","miR-3127-3p",TRUE,FALSE
"MIMAT0019202","MIMAT0019202","miR-3129-3p",TRUE,FALSE
"MIMAT0019203","MIMAT0019203","miR-3136-3p",TRUE,TRUE
"MIMAT0019204","MIMAT0019204","miR-3140-5p",TRUE,TRUE
"MIMAT0019205","MIMAT0019205","miR-3145-5p",TRUE,TRUE
"MIMAT0019206","MIMAT0019206","miR-3150a-5p",TRUE,TRUE
"MIMAT0019207","MIMAT0019207","miR-3152-5p",TRUE,TRUE
"MIMAT0019208","MIMAT0019208","miR-3074-5p",TRUE,TRUE
"MIMAT0019209","MIMAT0019209","miR-3156-3p",TRUE,FALSE
"MIMAT0019210","MIMAT0019210","miR-3157-3p",TRUE,TRUE
"MIMAT0019211","MIMAT0019211","miR-3158-5p",TRUE,TRUE
"MIMAT0019212","MIMAT0019212","miR-3160-5p",TRUE,FALSE
"MIMAT0019213","MIMAT0019213","miR-3162-3p",TRUE,TRUE
"MIMAT0019214","MIMAT0019214","miR-3173-5p",TRUE,FALSE
"MIMAT0019215","MIMAT0019215","miR-3177-5p",TRUE,TRUE
"MIMAT0019216","MIMAT0019216","miR-3187-5p",TRUE,TRUE
"MIMAT0019217","MIMAT0019217","miR-3189-5p",TRUE,TRUE
"MIMAT0019218","MIMAT0019218","miR-3194-3p",TRUE,TRUE
"MIMAT0019219","MIMAT0019219","miR-3619-3p",TRUE,TRUE
"MIMAT0019220","MIMAT0019220","miR-3664-3p",TRUE,TRUE
"MIMAT0019221","MIMAT0019221","miR-3677-5p",TRUE,TRUE
"MIMAT0019222","MIMAT0019222","miR-3682-5p",TRUE,TRUE
"MIMAT0019223","MIMAT0019223","miR-3688-5p",TRUE,TRUE
"MIMAT0019224","MIMAT0019224","miR-3691-3p",TRUE,TRUE
"MIMAT0019225","MIMAT0019225","miR-3913-3p",TRUE,TRUE
"MIMAT0019226","MIMAT0019226","miR-3150b-5p",TRUE,TRUE
"MIMAT0019227","MIMAT0019227","miR-3922-5p",TRUE,TRUE
"MIMAT0019228","MIMAT0019228","miR-3925-3p",TRUE,TRUE
"MIMAT0019229","MIMAT0019229","miR-3940-5p",TRUE,TRUE
"MIMAT0019230","MIMAT0019230","miR-3942-3p",TRUE,TRUE
"MIMAT0019231","MIMAT0019231","miR-3944-5p",TRUE,FALSE
"MIMAT0019232","MIMAT0019232","miR-4423-5p",TRUE,TRUE
"MIMAT0019233","MIMAT0019233","miR-4446-5p",TRUE,FALSE
"MIMAT0019234","MIMAT0019234","miR-4474-5p",TRUE,TRUE
"MIMAT0019235, MIMAT0020299","MIMAT0019235, MIMAT0020299","miR-4520a-5p, hsa-miR-4520b-5p",FALSE,TRUE
"MIMAT0019236","MIMAT0019236","miR-4529-5p",TRUE,TRUE
"MIMAT0019337","MIMAT0019337","miR-3960",TRUE,TRUE
"MIMAT0019357","MIMAT0019357","miR-3972",TRUE,TRUE
"MIMAT0019358","MIMAT0019358","miR-3973",TRUE,TRUE
"MIMAT0019359","MIMAT0019359","miR-3974",TRUE,TRUE
"MIMAT0019360","MIMAT0019360","miR-3975",TRUE,TRUE
"MIMAT0019361","MIMAT0019361","miR-3976",TRUE,TRUE
"MIMAT0019362","MIMAT0019362","miR-3977",TRUE,TRUE
"MIMAT0019363","MIMAT0019363","miR-3978",TRUE,TRUE
"MIMAT0019688","MIMAT0019688","miR-4632-3p",TRUE,TRUE
"MIMAT0019689","MIMAT0019689","miR-4633-5p",TRUE,TRUE
"MIMAT0019690","MIMAT0019690","miR-4633-3p",TRUE,TRUE
"MIMAT0019691","MIMAT0019691","miR-4634",TRUE,TRUE
"MIMAT0019692","MIMAT0019692","miR-4635",TRUE,TRUE
"MIMAT0019693","MIMAT0019693","miR-4636",TRUE,TRUE
"MIMAT0019694","MIMAT0019694","miR-4637",TRUE,TRUE
"MIMAT0019695","MIMAT0019695","miR-4638-5p",TRUE,TRUE
"MIMAT0019696","MIMAT0019696","miR-4638-3p",TRUE,TRUE
"MIMAT0019697","MIMAT0019697","miR-4639-5p",TRUE,TRUE
"MIMAT0019698","MIMAT0019698","miR-4639-3p",TRUE,TRUE
"MIMAT0019699","MIMAT0019699","miR-4640-5p",TRUE,TRUE
"MIMAT0019700","MIMAT0019700","miR-4640-3p",TRUE,TRUE
"MIMAT0019701","MIMAT0019701","miR-4641",TRUE,TRUE
"MIMAT0019702","MIMAT0019702","miR-4642",TRUE,FALSE
"MIMAT0019703","MIMAT0019703","miR-4643",TRUE,TRUE
"MIMAT0019704","MIMAT0019704","miR-4644",TRUE,TRUE
"MIMAT0019705","MIMAT0019705","miR-4645-5p",TRUE,FALSE
"MIMAT0019706","MIMAT0019706","miR-4645-3p",TRUE,TRUE
"MIMAT0019707","MIMAT0019707","miR-4646-5p",TRUE,TRUE
"MIMAT0019708","MIMAT0019708","miR-4646-3p",TRUE,TRUE
"MIMAT0019709","MIMAT0019709","miR-4647",TRUE,TRUE
"MIMAT0019710","MIMAT0019710","miR-4648",TRUE,TRUE
"MIMAT0019711","MIMAT0019711","miR-4649-5p",TRUE,TRUE
"MIMAT0019712","MIMAT0019712","miR-4649-3p",TRUE,TRUE
"MIMAT0019713","MIMAT0019713","miR-4650-5p",TRUE,FALSE
"MIMAT0019714","MIMAT0019714","miR-4650-3p",TRUE,TRUE
"MIMAT0019715","MIMAT0019715","miR-4651",TRUE,TRUE
"MIMAT0019716","MIMAT0019716","miR-4652-5p",TRUE,TRUE
"MIMAT0019717","MIMAT0019717","miR-4652-3p",TRUE,TRUE
"MIMAT0019718","MIMAT0019718","miR-4653-5p",TRUE,TRUE
"MIMAT0019719","MIMAT0019719","miR-4653-3p",TRUE,TRUE
"MIMAT0019720","MIMAT0019720","miR-4654",TRUE,TRUE
"MIMAT0019721","MIMAT0019721","miR-4655-5p",TRUE,TRUE
"MIMAT0019722","MIMAT0019722","miR-4655-3p",TRUE,TRUE
"MIMAT0019723","MIMAT0019723","miR-4656",TRUE,TRUE
"MIMAT0019724","MIMAT0019724","miR-4657",TRUE,TRUE
"MIMAT0019725","MIMAT0019725","miR-4658",TRUE,TRUE
"MIMAT0019726","MIMAT0019726","miR-4659a-5p",TRUE,TRUE
"MIMAT0019727","MIMAT0019727","miR-4659a-3p",TRUE,TRUE
"MIMAT0019728","MIMAT0019728","miR-4660",TRUE,TRUE
"MIMAT0019729","MIMAT0019729","miR-4661-5p",TRUE,TRUE
"MIMAT0019730","MIMAT0019730","miR-4661-3p",TRUE,TRUE
"MIMAT0019731","MIMAT0019731","miR-4662a-5p",TRUE,TRUE
"MIMAT0019732","MIMAT0019732","miR-4662a-3p",TRUE,TRUE
"MIMAT0019733","MIMAT0019733","miR-4659b-5p",TRUE,TRUE
"MIMAT0019734","MIMAT0019734","miR-4659b-3p",TRUE,TRUE
"MIMAT0019735","MIMAT0019735","miR-4663",TRUE,TRUE
"MIMAT0019736","MIMAT0019736","miR-4662b",TRUE,TRUE
"MIMAT0019737","MIMAT0019737","miR-4664-5p",TRUE,FALSE
"MIMAT0019738","MIMAT0019738","miR-4664-3p",TRUE,TRUE
"MIMAT0019739","MIMAT0019739","miR-4665-5p",TRUE,TRUE
"MIMAT0019740","MIMAT0019740","miR-4665-3p",TRUE,TRUE
"MIMAT0019741","MIMAT0019741","miR-4666a-5p",TRUE,TRUE
"MIMAT0019742","MIMAT0019742","miR-4666a-3p",TRUE,FALSE
"MIMAT0019743","MIMAT0019743","miR-4667-5p",TRUE,TRUE
"MIMAT0019744","MIMAT0019744","miR-4667-3p",TRUE,TRUE
"MIMAT0019745","MIMAT0019745","miR-4668-5p",TRUE,TRUE
"MIMAT0019746","MIMAT0019746","miR-4668-3p",TRUE,TRUE
"MIMAT0019747","MIMAT0019747","miR-219b-5p",TRUE,FALSE
"MIMAT0019748","MIMAT0019748","miR-219b-3p",TRUE,TRUE
"MIMAT0019749","MIMAT0019749","miR-4669",TRUE,TRUE
"MIMAT0019750","MIMAT0019750","miR-4670-5p",TRUE,TRUE
"MIMAT0019751","MIMAT0019751","miR-4670-3p",TRUE,TRUE
"MIMAT0019752","MIMAT0019752","miR-4671-5p",TRUE,TRUE
"MIMAT0019753","MIMAT0019753","miR-4671-3p",TRUE,TRUE
"MIMAT0019754","MIMAT0019754","miR-4672",TRUE,TRUE
"MIMAT0019755","MIMAT0019755","miR-4673",TRUE,TRUE
"MIMAT0019756","MIMAT0019756","miR-4674",TRUE,TRUE
"MIMAT0019757","MIMAT0019757","miR-4675",TRUE,TRUE
"MIMAT0019758","MIMAT0019758","miR-4676-5p",TRUE,FALSE
"MIMAT0019759","MIMAT0019759","miR-4676-3p",TRUE,FALSE
"MIMAT0019760","MIMAT0019760","miR-4677-5p",TRUE,TRUE
"MIMAT0019761","MIMAT0019761","miR-4677-3p",TRUE,TRUE
"MIMAT0019762","MIMAT0019762","miR-4678",TRUE,TRUE
"MIMAT0019763","MIMAT0019763","miR-4679",TRUE,TRUE
"MIMAT0019764","MIMAT0019764","miR-4680-5p",TRUE,TRUE
"MIMAT0019765","MIMAT0019765","miR-4680-3p",TRUE,TRUE
"MIMAT0019766","MIMAT0019766","miR-4681",TRUE,TRUE
"MIMAT0019767","MIMAT0019767","miR-4682",TRUE,TRUE
"MIMAT0019768","MIMAT0019768","miR-4683",TRUE,TRUE
"MIMAT0019769","MIMAT0019769","miR-4684-5p",TRUE,TRUE
"MIMAT0019770","MIMAT0019770","miR-4684-3p",TRUE,FALSE
"MIMAT0019771","MIMAT0019771","miR-4685-5p",TRUE,TRUE
"MIMAT0019772","MIMAT0019772","miR-4685-3p",TRUE,TRUE
"MIMAT0019773","MIMAT0019773","miR-4686",TRUE,FALSE
"MIMAT0019774","MIMAT0019774","miR-4687-5p",TRUE,TRUE
"MIMAT0019775","MIMAT0019775","miR-4687-3p",TRUE,FALSE
"MIMAT0019776","MIMAT0019776","miR-1343-3p",TRUE,FALSE
"MIMAT0019777","MIMAT0019777","miR-4688",TRUE,TRUE
"MIMAT0019778","MIMAT0019778","miR-4689",TRUE,TRUE
"MIMAT0019779","MIMAT0019779","miR-4690-5p",TRUE,TRUE
"MIMAT0019780","MIMAT0019780","miR-4690-3p",TRUE,TRUE
"MIMAT0019781","MIMAT0019781","miR-4691-5p",TRUE,TRUE
"MIMAT0019782","MIMAT0019782","miR-4691-3p",TRUE,FALSE
"MIMAT0019783","MIMAT0019783","miR-4692",TRUE,TRUE
"MIMAT0019784","MIMAT0019784","miR-4693-5p",TRUE,TRUE
"MIMAT0019785","MIMAT0019785","miR-4693-3p",TRUE,TRUE
"MIMAT0019786","MIMAT0019786","miR-4694-5p",TRUE,TRUE
"MIMAT0019787","MIMAT0019787","miR-4694-3p",TRUE,FALSE
"MIMAT0019788","MIMAT0019788","miR-4695-5p",TRUE,TRUE
"MIMAT0019789","MIMAT0019789","miR-4695-3p",TRUE,TRUE
"MIMAT0019790","MIMAT0019790","miR-4696",TRUE,TRUE
"MIMAT0019791","MIMAT0019791","miR-4697-5p",TRUE,TRUE
"MIMAT0019792","MIMAT0019792","miR-4697-3p",TRUE,TRUE
"MIMAT0019793","MIMAT0019793","miR-4698",TRUE,TRUE
"MIMAT0019794","MIMAT0019794","miR-4699-5p",TRUE,TRUE
"MIMAT0019795","MIMAT0019795","miR-4699-3p",TRUE,TRUE
"MIMAT0019796","MIMAT0019796","miR-4700-5p",TRUE,TRUE
"MIMAT0019797","MIMAT0019797","miR-4700-3p",TRUE,TRUE
"MIMAT0019798","MIMAT0019798","miR-4701-5p",TRUE,TRUE
"MIMAT0019799","MIMAT0019799","miR-4701-3p",TRUE,TRUE
"MIMAT0019801","MIMAT0019801","miR-4703-5p",TRUE,TRUE
"MIMAT0019802","MIMAT0019802","miR-4703-3p",TRUE,TRUE
"MIMAT0019803","MIMAT0019803","miR-4704-5p",TRUE,TRUE
"MIMAT0019804","MIMAT0019804","miR-4704-3p",TRUE,TRUE
"MIMAT0019805","MIMAT0019805","miR-4705",TRUE,TRUE
"MIMAT0019806","MIMAT0019806","miR-4706",TRUE,TRUE
"MIMAT0019807","MIMAT0019807","miR-4707-5p",TRUE,TRUE
"MIMAT0019808","MIMAT0019808","miR-4707-3p",TRUE,TRUE
"MIMAT0019809","MIMAT0019809","miR-4708-5p",TRUE,TRUE
"MIMAT0019810","MIMAT0019810","miR-4708-3p",TRUE,TRUE
"MIMAT0019811","MIMAT0019811","miR-4709-5p",TRUE,TRUE
"MIMAT0019812","MIMAT0019812","miR-4709-3p",TRUE,TRUE
"MIMAT0019813","MIMAT0019813","miR-203b-5p",TRUE,TRUE
"MIMAT0019814","MIMAT0019814","miR-203b-3p",TRUE,TRUE
"MIMAT0019815","MIMAT0019815","miR-4710",TRUE,TRUE
"MIMAT0019816","MIMAT0019816","miR-4711-5p",TRUE,TRUE
"MIMAT0019817","MIMAT0019817","miR-4711-3p",TRUE,TRUE
"MIMAT0019818","MIMAT0019818","miR-4712-5p",TRUE,TRUE
"MIMAT0019819","MIMAT0019819","miR-4712-3p",TRUE,TRUE
"MIMAT0019820","MIMAT0019820","miR-4713-5p",TRUE,TRUE
"MIMAT0019821","MIMAT0019821","miR-4713-3p",TRUE,TRUE
"MIMAT0019822","MIMAT0019822","miR-4714-5p",TRUE,TRUE
"MIMAT0019823","MIMAT0019823","miR-4714-3p",TRUE,TRUE
"MIMAT0019824","MIMAT0019824","miR-4715-5p",TRUE,TRUE
"MIMAT0019825","MIMAT0019825","miR-4715-3p",TRUE,TRUE
"MIMAT0019826","MIMAT0019826","miR-4716-5p",TRUE,TRUE
"MIMAT0019827","MIMAT0019827","miR-4716-3p",TRUE,TRUE
"MIMAT0019828","MIMAT0019828","miR-3529-5p",TRUE,TRUE
"MIMAT0019829","MIMAT0019829","miR-4717-5p",TRUE,FALSE
"MIMAT0019830","MIMAT0019830","miR-4717-3p",TRUE,TRUE
"MIMAT0019831","MIMAT0019831","miR-4718",TRUE,TRUE
"MIMAT0019832","MIMAT0019832","miR-4719",TRUE,TRUE
"MIMAT0019833","MIMAT0019833","miR-4720-5p",TRUE,TRUE
"MIMAT0019834","MIMAT0019834","miR-4720-3p",TRUE,TRUE
"MIMAT0019835","MIMAT0019835","miR-4721",TRUE,TRUE
"MIMAT0019836","MIMAT0019836","miR-4722-5p",TRUE,TRUE
"MIMAT0019837","MIMAT0019837","miR-4722-3p",TRUE,TRUE
"MIMAT0019838","MIMAT0019838","miR-4723-5p",TRUE,TRUE
"MIMAT0019839","MIMAT0019839","miR-4723-3p",TRUE,TRUE
"MIMAT0019840","MIMAT0019840","miR-451b",TRUE,TRUE
"MIMAT0019841","MIMAT0019841","miR-4724-5p",TRUE,TRUE
"MIMAT0019842","MIMAT0019842","miR-4724-3p",TRUE,TRUE
"MIMAT0019843","MIMAT0019843","miR-4725-5p",TRUE,TRUE
"MIMAT0019844","MIMAT0019844","miR-4725-3p",TRUE,TRUE
"MIMAT0019845","MIMAT0019845","miR-4726-5p",TRUE,TRUE
"MIMAT0019846","MIMAT0019846","miR-4726-3p",TRUE,TRUE
"MIMAT0019847","MIMAT0019847","miR-4727-5p",TRUE,FALSE
"MIMAT0019848","MIMAT0019848","miR-4727-3p",TRUE,TRUE
"MIMAT0019849","MIMAT0019849","miR-4728-5p",TRUE,TRUE
"MIMAT0019850","MIMAT0019850","miR-4728-3p",TRUE,TRUE
"MIMAT0019851","MIMAT0019851","miR-4729",TRUE,TRUE
"MIMAT0019852","MIMAT0019852","miR-4730",TRUE,TRUE
"MIMAT0019853","MIMAT0019853","miR-4731-5p",TRUE,TRUE
"MIMAT0019854","MIMAT0019854","miR-4731-3p",TRUE,TRUE
"MIMAT0019855","MIMAT0019855","miR-4732-5p",TRUE,FALSE
"MIMAT0019856","MIMAT0019856","miR-4732-3p",TRUE,TRUE
"MIMAT0019857","MIMAT0019857","miR-4733-5p",TRUE,TRUE
"MIMAT0019858","MIMAT0019858","miR-4733-3p",TRUE,TRUE
"MIMAT0019859","MIMAT0019859","miR-4734",TRUE,TRUE
"MIMAT0019860","MIMAT0019860","miR-4735-5p",TRUE,FALSE
"MIMAT0019861","MIMAT0019861","miR-4735-3p",TRUE,TRUE
"MIMAT0019862","MIMAT0019862","miR-4736",TRUE,TRUE
"MIMAT0019863","MIMAT0019863","miR-4737",TRUE,TRUE
"MIMAT0019864","MIMAT0019864","miR-3064-5p",TRUE,TRUE
"MIMAT0019865","MIMAT0019865","miR-3064-3p",TRUE,TRUE
"MIMAT0019866","MIMAT0019866","miR-4738-5p",TRUE,TRUE
"MIMAT0019867","MIMAT0019867","miR-4738-3p",TRUE,TRUE
"MIMAT0019868","MIMAT0019868","miR-4739",TRUE,TRUE
"MIMAT0019869","MIMAT0019869","miR-4740-5p",TRUE,TRUE
"MIMAT0019870","MIMAT0019870","miR-4740-3p",TRUE,TRUE
"MIMAT0019871","MIMAT0019871","miR-4741",TRUE,TRUE
"MIMAT0019872","MIMAT0019872","miR-4742-5p",TRUE,TRUE
"MIMAT0019873","MIMAT0019873","miR-4742-3p",TRUE,TRUE
"MIMAT0019874","MIMAT0019874","miR-4743-5p",TRUE,TRUE
"MIMAT0019875","MIMAT0019875","miR-4744",TRUE,TRUE
"MIMAT0019876","MIMAT0019876","miR-3591-5p",TRUE,TRUE
"MIMAT0019877","MIMAT0019877","miR-3591-3p",TRUE,TRUE
"MIMAT0019878","MIMAT0019878","miR-4745-5p",TRUE,TRUE
"MIMAT0019879","MIMAT0019879","miR-4745-3p",TRUE,TRUE
"MIMAT0019880","MIMAT0019880","miR-4746-5p",TRUE,TRUE
"MIMAT0019881","MIMAT0019881","miR-4746-3p",TRUE,TRUE
"MIMAT0019882","MIMAT0019882","miR-4747-5p",TRUE,TRUE
"MIMAT0019883","MIMAT0019883","miR-4747-3p",TRUE,TRUE
"MIMAT0019884","MIMAT0019884","miR-4748",TRUE,TRUE
"MIMAT0019885","MIMAT0019885","miR-4749-5p",TRUE,FALSE
"MIMAT0019886","MIMAT0019886","miR-4749-3p",TRUE,TRUE
"MIMAT0019887","MIMAT0019887","miR-4750-5p",TRUE,TRUE
"MIMAT0019888","MIMAT0019888","miR-4751",TRUE,TRUE
"MIMAT0019889","MIMAT0019889","miR-4752",TRUE,TRUE
"MIMAT0019890","MIMAT0019890","miR-4753-5p",TRUE,TRUE
"MIMAT0019891","MIMAT0019891","miR-4753-3p",TRUE,TRUE
"MIMAT0019892","MIMAT0019892","miR-371b-5p",TRUE,TRUE
"MIMAT0019893","MIMAT0019893","miR-371b-3p",TRUE,TRUE
"MIMAT0019894","MIMAT0019894","miR-4754",TRUE,TRUE
"MIMAT0019895","MIMAT0019895","miR-4755-5p",TRUE,TRUE
"MIMAT0019896","MIMAT0019896","miR-4755-3p",TRUE,TRUE
"MIMAT0019897","MIMAT0019897","miR-499b-5p",TRUE,TRUE
"MIMAT0019898","MIMAT0019898","miR-499b-3p",TRUE,TRUE
"MIMAT0019899","MIMAT0019899","miR-4756-5p",TRUE,TRUE
"MIMAT0019900","MIMAT0019900","miR-4756-3p",TRUE,TRUE
"MIMAT0019901","MIMAT0019901","miR-4757-5p",TRUE,TRUE
"MIMAT0019902","MIMAT0019902","miR-4757-3p",TRUE,TRUE
"MIMAT0019903","MIMAT0019903","miR-4758-5p",TRUE,TRUE
"MIMAT0019904","MIMAT0019904","miR-4758-3p",TRUE,TRUE
"MIMAT0019905","MIMAT0019905","miR-4759",TRUE,TRUE
"MIMAT0019906","MIMAT0019906","miR-4760-5p",TRUE,TRUE
"MIMAT0019907","MIMAT0019907","miR-4760-3p",TRUE,TRUE
"MIMAT0019908","MIMAT0019908","miR-4761-5p",TRUE,TRUE
"MIMAT0019909","MIMAT0019909","miR-4761-3p",TRUE,TRUE
"MIMAT0019910","MIMAT0019910","miR-4762-5p",TRUE,FALSE
"MIMAT0019911","MIMAT0019911","miR-4762-3p",TRUE,TRUE
"MIMAT0019912","MIMAT0019912","miR-4763-5p",TRUE,FALSE
"MIMAT0019913","MIMAT0019913","miR-4763-3p",TRUE,TRUE
"MIMAT0019914","MIMAT0019914","miR-4764-5p",TRUE,TRUE
"MIMAT0019915","MIMAT0019915","miR-4764-3p",TRUE,TRUE
"MIMAT0019916","MIMAT0019916","miR-4765",TRUE,TRUE
"MIMAT0019917","MIMAT0019917","miR-4766-5p",TRUE,TRUE
"MIMAT0019918","MIMAT0019918","miR-4766-3p",TRUE,TRUE
"MIMAT0019919","MIMAT0019919","miR-4767",TRUE,TRUE
"MIMAT0019920","MIMAT0019920","miR-4768-5p",TRUE,TRUE
"MIMAT0019921","MIMAT0019921","miR-4768-3p",TRUE,TRUE
"MIMAT0019922","MIMAT0019922","miR-4769-5p",TRUE,TRUE
"MIMAT0019923","MIMAT0019923","miR-4769-3p",TRUE,TRUE
"MIMAT0019924","MIMAT0019924","miR-4770",TRUE,TRUE
"MIMAT0019925","MIMAT0019925","miR-4771",TRUE,FALSE
"MIMAT0019926","MIMAT0019926","miR-4772-5p",TRUE,TRUE
"MIMAT0019927","MIMAT0019927","miR-4772-3p",TRUE,TRUE
"MIMAT0019928","MIMAT0019928","miR-4773",TRUE,TRUE
"MIMAT0019929","MIMAT0019929","miR-4774-5p",TRUE,TRUE
"MIMAT0019930","MIMAT0019930","miR-4774-3p",TRUE,TRUE
"MIMAT0019931","MIMAT0019931","miR-4775",TRUE,TRUE
"MIMAT0019932","MIMAT0019932","miR-4776-5p",TRUE,FALSE
"MIMAT0019933","MIMAT0019933","miR-4776-3p",TRUE,TRUE
"MIMAT0019934","MIMAT0019934","miR-4777-5p",TRUE,TRUE
"MIMAT0019935","MIMAT0019935","miR-4777-3p",TRUE,TRUE
"MIMAT0019936","MIMAT0019936","miR-4778-5p",TRUE,TRUE
"MIMAT0019937","MIMAT0019937","miR-4778-3p",TRUE,TRUE
"MIMAT0019938","MIMAT0019938","miR-4779",TRUE,TRUE
"MIMAT0019939","MIMAT0019939","miR-4780",TRUE,TRUE
"MIMAT0019940","MIMAT0019940","miR-4436b-5p",TRUE,TRUE
"MIMAT0019941","MIMAT0019941","miR-4436b-3p",TRUE,TRUE
"MIMAT0019942","MIMAT0019942","miR-4781-5p",TRUE,TRUE
"MIMAT0019943","MIMAT0019943","miR-4781-3p",TRUE,TRUE
"MIMAT0019944","MIMAT0019944","miR-4782-5p",TRUE,TRUE
"MIMAT0019945","MIMAT0019945","miR-4782-3p",TRUE,TRUE
"MIMAT0019946","MIMAT0019946","miR-4783-5p",TRUE,TRUE
"MIMAT0019947","MIMAT0019947","miR-4783-3p",TRUE,TRUE
"MIMAT0019948","MIMAT0019948","miR-4784",TRUE,TRUE
"MIMAT0019949","MIMAT0019949","miR-4785",TRUE,TRUE
"MIMAT0019950","MIMAT0019950","miR-1245b-5p",TRUE,TRUE
"MIMAT0019951","MIMAT0019951","miR-1245b-3p",TRUE,TRUE
"MIMAT0019952","MIMAT0019952","miR-2467-5p",TRUE,FALSE
"MIMAT0019953","MIMAT0019953","miR-2467-3p",TRUE,TRUE
"MIMAT0019954","MIMAT0019954","miR-4786-5p",TRUE,TRUE
"MIMAT0019955","MIMAT0019955","miR-4786-3p",TRUE,TRUE
"MIMAT0019956","MIMAT0019956","miR-4787-5p",TRUE,TRUE
"MIMAT0019957","MIMAT0019957","miR-4787-3p",TRUE,TRUE
"MIMAT0019958","MIMAT0019958","miR-4788",TRUE,TRUE
"MIMAT0019959","MIMAT0019959","miR-4789-5p",TRUE,TRUE
"MIMAT0019960","MIMAT0019960","miR-4789-3p",TRUE,TRUE
"MIMAT0019961","MIMAT0019961","miR-4790-5p",TRUE,TRUE
"MIMAT0019962","MIMAT0019962","miR-4790-3p",TRUE,TRUE
"MIMAT0019963","MIMAT0019963","miR-4791",TRUE,FALSE
"MIMAT0019964","MIMAT0019964","miR-4792",TRUE,TRUE
"MIMAT0019965","MIMAT0019965","miR-4793-5p",TRUE,FALSE
"MIMAT0019966","MIMAT0019966","miR-4793-3p",TRUE,TRUE
"MIMAT0019967","MIMAT0019967","miR-4794",TRUE,TRUE
"MIMAT0019968","MIMAT0019968","miR-4795-5p",TRUE,TRUE
"MIMAT0019969","MIMAT0019969","miR-4795-3p",TRUE,TRUE
"MIMAT0019970","MIMAT0019970","miR-4796-5p",TRUE,TRUE
"MIMAT0019971","MIMAT0019971","miR-4796-3p",TRUE,TRUE
"MIMAT0019972","MIMAT0019972","miR-4797-5p",TRUE,TRUE
"MIMAT0019973","MIMAT0019973","miR-4797-3p",TRUE,TRUE
"MIMAT0019974","MIMAT0019974","miR-4798-5p",TRUE,TRUE
"MIMAT0019975","MIMAT0019975","miR-4798-3p",TRUE,TRUE
"MIMAT0019976","MIMAT0019976","miR-4799-5p",TRUE,TRUE
"MIMAT0019977","MIMAT0019977","miR-4799-3p",TRUE,TRUE
"MIMAT0019978","MIMAT0019978","miR-4800-5p",TRUE,TRUE
"MIMAT0019979","MIMAT0019979","miR-4800-3p",TRUE,TRUE
"MIMAT0019980","MIMAT0019980","miR-4801",TRUE,TRUE
"MIMAT0019981","MIMAT0019981","miR-4802-5p",TRUE,TRUE
"MIMAT0019982","MIMAT0019982","miR-4802-3p",TRUE,TRUE
"MIMAT0019983","MIMAT0019983","miR-4803",TRUE,TRUE
"MIMAT0019984","MIMAT0019984","miR-4804-5p",TRUE,TRUE
"MIMAT0019985","MIMAT0019985","miR-4804-3p",TRUE,TRUE
"MIMAT0020300","MIMAT0020300","miR-4520b-3p",TRUE,FALSE
"MIMAT0020541","MIMAT0020541","miR-5047",TRUE,TRUE
"MIMAT0020600","MIMAT0020600","miR-5095",TRUE,TRUE
"MIMAT0020601","MIMAT0020601","miR-1273f",TRUE,TRUE
"MIMAT0020602","MIMAT0020602","miR-1273g-5p",TRUE,TRUE
"MIMAT0020603","MIMAT0020603","miR-5096",TRUE,TRUE
"MIMAT0020924","MIMAT0020924","miR-642a-3p",TRUE,FALSE
"MIMAT0020925","MIMAT0020925","miR-550a-3-5p",TRUE,TRUE
"MIMAT0020956","MIMAT0020956","miR-4433-5p",TRUE,TRUE
"MIMAT0020957","MIMAT0020957","miR-548ah-3p",TRUE,TRUE
"MIMAT0020958","MIMAT0020958","miR-4482-3p",TRUE,TRUE
"MIMAT0020959","MIMAT0020959","miR-4536-3p",TRUE,TRUE
"MIMAT0021017","MIMAT0021017","miR-4999-5p",TRUE,TRUE
"MIMAT0021018","MIMAT0021018","miR-4999-3p",TRUE,TRUE
"MIMAT0021019","MIMAT0021019","miR-5000-5p",TRUE,TRUE
"MIMAT0021020","MIMAT0021020","miR-5000-3p",TRUE,TRUE
"MIMAT0021021","MIMAT0021021","miR-5001-5p",TRUE,TRUE
"MIMAT0021022","MIMAT0021022","miR-5001-3p",TRUE,FALSE
"MIMAT0021023","MIMAT0021023","miR-5002-5p",TRUE,TRUE
"MIMAT0021024","MIMAT0021024","miR-5002-3p",TRUE,TRUE
"MIMAT0021025","MIMAT0021025","miR-5003-5p",TRUE,TRUE
"MIMAT0021026","MIMAT0021026","miR-5003-3p",TRUE,TRUE
"MIMAT0021027","MIMAT0021027","miR-5004-5p",TRUE,TRUE
"MIMAT0021028","MIMAT0021028","miR-5004-3p",TRUE,TRUE
"MIMAT0021029","MIMAT0021029","miR-548ao-5p",TRUE,TRUE
"MIMAT0021030","MIMAT0021030","miR-548ao-3p",TRUE,TRUE
"MIMAT0021033","MIMAT0021033","miR-5006-5p",TRUE,TRUE
"MIMAT0021034","MIMAT0021034","miR-5006-3p",TRUE,TRUE
"MIMAT0021035","MIMAT0021035","miR-5007-5p",TRUE,TRUE
"MIMAT0021036","MIMAT0021036","miR-5007-3p",TRUE,TRUE
"MIMAT0021037","MIMAT0021037","miR-548ap-5p",TRUE,TRUE
"MIMAT0021038","MIMAT0021038","miR-548ap-3p",TRUE,TRUE
"MIMAT0021039","MIMAT0021039","miR-5008-5p",TRUE,TRUE
"MIMAT0021040","MIMAT0021040","miR-5008-3p",TRUE,FALSE
"MIMAT0021041","MIMAT0021041","miR-5009-5p",TRUE,FALSE
"MIMAT0021042","MIMAT0021042","miR-5009-3p",TRUE,TRUE
"MIMAT0021043","MIMAT0021043","miR-5010-5p",TRUE,TRUE
"MIMAT0021044","MIMAT0021044","miR-5010-3p",TRUE,TRUE
"MIMAT0021045","MIMAT0021045","miR-5011-5p",TRUE,TRUE
"MIMAT0021046","MIMAT0021046","miR-5011-3p",TRUE,TRUE
"MIMAT0021079","MIMAT0021079","miR-5087",TRUE,TRUE
"MIMAT0021080","MIMAT0021080","miR-5088-5p",TRUE,TRUE
"MIMAT0021081","MIMAT0021081","miR-5089-5p",TRUE,FALSE
"MIMAT0021082","MIMAT0021082","miR-5090",TRUE,TRUE
"MIMAT0021083","MIMAT0021083","miR-5091",TRUE,TRUE
"MIMAT0021084","MIMAT0021084","miR-5092",TRUE,TRUE
"MIMAT0021085","MIMAT0021085","miR-5093",TRUE,TRUE
"MIMAT0021086","MIMAT0021086","miR-5094",TRUE,TRUE
"MIMAT0021116","MIMAT0021116","miR-5186",TRUE,TRUE
"MIMAT0021117","MIMAT0021117","miR-5187-5p",TRUE,TRUE
"MIMAT0021118","MIMAT0021118","miR-5187-3p",TRUE,TRUE
"MIMAT0021119","MIMAT0021119","miR-5188",TRUE,TRUE
"MIMAT0021120","MIMAT0021120","miR-5189-5p",TRUE,TRUE
"MIMAT0021121","MIMAT0021121","miR-5190",TRUE,TRUE
"MIMAT0021122","MIMAT0021122","miR-5191",TRUE,FALSE
"MIMAT0021123","MIMAT0021123","miR-5192",TRUE,TRUE
"MIMAT0021124","MIMAT0021124","miR-5193",TRUE,TRUE
"MIMAT0021125","MIMAT0021125","miR-5194",TRUE,TRUE
"MIMAT0021126","MIMAT0021126","miR-5195-5p",TRUE,TRUE
"MIMAT0021127","MIMAT0021127","miR-5195-3p",TRUE,FALSE
"MIMAT0021128","MIMAT0021128","miR-5196-5p",TRUE,TRUE
"MIMAT0021129","MIMAT0021129","miR-5196-3p",TRUE,TRUE
"MIMAT0021130","MIMAT0021130","miR-5197-5p",TRUE,TRUE
"MIMAT0021131","MIMAT0021131","miR-5197-3p",TRUE,TRUE
"MIMAT0022255","MIMAT0022255","miR-4524b-5p",TRUE,TRUE
"MIMAT0022256","MIMAT0022256","miR-4524b-3p",TRUE,TRUE
"MIMAT0022257","MIMAT0022257","miR-5571-5p",TRUE,TRUE
"MIMAT0022258","MIMAT0022258","miR-5571-3p",TRUE,TRUE
"MIMAT0022259","MIMAT0022259","miR-5100",TRUE,FALSE
"MIMAT0022260","MIMAT0022260","miR-5572",TRUE,TRUE
"MIMAT0022263","MIMAT0022263","miR-548aq-5p",TRUE,TRUE
"MIMAT0022264","MIMAT0022264","miR-548aq-3p",TRUE,TRUE
"MIMAT0022265","MIMAT0022265","miR-548ar-5p",TRUE,TRUE
"MIMAT0022266","MIMAT0022266","miR-548ar-3p",TRUE,TRUE
"MIMAT0022267","MIMAT0022267","miR-548as-5p",TRUE,TRUE
"MIMAT0022268","MIMAT0022268","miR-548as-3p",TRUE,TRUE
"MIMAT0022269","MIMAT0022269","miR-5579-5p",TRUE,TRUE
"MIMAT0022270","MIMAT0022270","miR-5579-3p",TRUE,TRUE
"MIMAT0022271","MIMAT0022271","miR-664b-5p",TRUE,TRUE
"MIMAT0022272","MIMAT0022272","miR-664b-3p",TRUE,FALSE
"MIMAT0022273","MIMAT0022273","miR-5580-5p",TRUE,TRUE
"MIMAT0022274","MIMAT0022274","miR-5580-3p",TRUE,TRUE
"MIMAT0022275","MIMAT0022275","miR-5581-5p",TRUE,TRUE
"MIMAT0022276","MIMAT0022276","miR-5581-3p",TRUE,TRUE
"MIMAT0022277","MIMAT0022277","miR-548at-5p",TRUE,TRUE
"MIMAT0022278","MIMAT0022278","miR-548at-3p",TRUE,TRUE
"MIMAT0022279","MIMAT0022279","miR-5582-5p",TRUE,TRUE
"MIMAT0022280","MIMAT0022280","miR-5582-3p",TRUE,TRUE
"MIMAT0022281","MIMAT0022281","miR-5583-5p",TRUE,TRUE
"MIMAT0022282","MIMAT0022282","miR-5583-3p",TRUE,TRUE
"MIMAT0022283","MIMAT0022283","miR-5584-5p",TRUE,TRUE
"MIMAT0022284","MIMAT0022284","miR-5584-3p",TRUE,TRUE
"MIMAT0022285","MIMAT0022285","miR-5585-5p",TRUE,TRUE
"MIMAT0022286","MIMAT0022286","miR-5585-3p",TRUE,TRUE
"MIMAT0022287","MIMAT0022287","miR-5586-5p",TRUE,TRUE
"MIMAT0022288","MIMAT0022288","miR-5586-3p",TRUE,TRUE
"MIMAT0022289","MIMAT0022289","miR-5587-5p",TRUE,FALSE
"MIMAT0022290","MIMAT0022290","miR-5587-3p",TRUE,TRUE
"MIMAT0022291","MIMAT0022291","miR-548au-5p",TRUE,TRUE
"MIMAT0022292","MIMAT0022292","miR-548au-3p",TRUE,TRUE
"MIMAT0022293","MIMAT0022293","miR-1295b-5p",TRUE,FALSE
"MIMAT0022294","MIMAT0022294","miR-1295b-3p",TRUE,TRUE
"MIMAT0022295","MIMAT0022295","miR-5588-5p",TRUE,TRUE
"MIMAT0022296","MIMAT0022296","miR-5588-3p",TRUE,FALSE
"MIMAT0022297","MIMAT0022297","miR-5589-5p",TRUE,TRUE
"MIMAT0022298","MIMAT0022298","miR-5589-3p",TRUE,TRUE
"MIMAT0022299","MIMAT0022299","miR-5590-5p",TRUE,TRUE
"MIMAT0022300","MIMAT0022300","miR-5590-3p",TRUE,TRUE
"MIMAT0022301","MIMAT0022301","miR-5591-5p",TRUE,TRUE
"MIMAT0022302","MIMAT0022302","miR-5591-3p",TRUE,FALSE
"MIMAT0022303","MIMAT0022303","miR-548av-5p",TRUE,TRUE
"MIMAT0022304","MIMAT0022304","miR-548av-3p",TRUE,TRUE
"MIMAT0022468","MIMAT0022468","miR-5680",TRUE,TRUE
"MIMAT0022469","MIMAT0022469","miR-5681a",TRUE,TRUE
"MIMAT0022470","MIMAT0022470","miR-5682",TRUE,FALSE
"MIMAT0022471","MIMAT0022471","miR-548aw",TRUE,TRUE
"MIMAT0022472","MIMAT0022472","miR-5683",TRUE,TRUE
"MIMAT0022473","MIMAT0022473","miR-5684",TRUE,TRUE
"MIMAT0022474","MIMAT0022474","miR-548ax",TRUE,TRUE
"MIMAT0022475","MIMAT0022475","miR-5685",TRUE,TRUE
"MIMAT0022476","MIMAT0022476","miR-5692c",TRUE,TRUE
"MIMAT0022478","MIMAT0022478","miR-5687",TRUE,TRUE
"MIMAT0022479","MIMAT0022479","miR-5688",TRUE,TRUE
"MIMAT0022480","MIMAT0022480","miR-5681b",TRUE,TRUE
"MIMAT0022481","MIMAT0022481","miR-5689",TRUE,TRUE
"MIMAT0022482","MIMAT0022482","miR-5690",TRUE,TRUE
"MIMAT0022483","MIMAT0022483","miR-5691",TRUE,TRUE
"MIMAT0022484","MIMAT0022484","miR-5692a",TRUE,TRUE
"MIMAT0022485","MIMAT0022485","miR-4666b",TRUE,TRUE
"MIMAT0022486","MIMAT0022486","miR-5693",TRUE,TRUE
"MIMAT0022487","MIMAT0022487","miR-5694",TRUE,FALSE
"MIMAT0022488","MIMAT0022488","miR-5695",TRUE,TRUE
"MIMAT0022489","MIMAT0022489","miR-5696",TRUE,TRUE
"MIMAT0022490","MIMAT0022490","miR-5697",TRUE,TRUE
"MIMAT0022491","MIMAT0022491","miR-5698",TRUE,TRUE
"MIMAT0022492","MIMAT0022492","miR-5699-3p",TRUE,TRUE
"MIMAT0022493","MIMAT0022493","miR-5700",TRUE,TRUE
"MIMAT0022494","MIMAT0022494","miR-5701",TRUE,FALSE
"MIMAT0022495","MIMAT0022495","miR-5702",TRUE,TRUE
"MIMAT0022496","MIMAT0022496","miR-5703",TRUE,TRUE
"MIMAT0022497","MIMAT0022497","miR-5692b",TRUE,TRUE
"MIMAT0022498","MIMAT0022498","miR-5704",TRUE,TRUE
"MIMAT0022499","MIMAT0022499","miR-5705",TRUE,TRUE
"MIMAT0022500","MIMAT0022500","miR-5706",TRUE,TRUE
"MIMAT0022501","MIMAT0022501","miR-5707",TRUE,TRUE
"MIMAT0022502","MIMAT0022502","miR-5708",TRUE,TRUE
"MIMAT0022691","MIMAT0022691","miR-197-5p",TRUE,TRUE
"MIMAT0022692","MIMAT0022692","miR-181b-3p",TRUE,TRUE
"MIMAT0022693","MIMAT0022693","miR-204-3p",TRUE,TRUE
"MIMAT0022694","MIMAT0022694","miR-211-3p",TRUE,TRUE
"MIMAT0022695","MIMAT0022695","miR-212-5p",TRUE,TRUE
"MIMAT0022696","MIMAT0022696","miR-301a-5p",TRUE,TRUE
"MIMAT0022697","MIMAT0022697","miR-382-3p",TRUE,TRUE
"MIMAT0022698","MIMAT0022698","miR-345-3p",TRUE,TRUE
"MIMAT0022700","MIMAT0022700","miR-450a-1-3p",TRUE,TRUE
"MIMAT0022701","MIMAT0022701","miR-506-5p",TRUE,TRUE
"MIMAT0022702","MIMAT0022702","miR-514a-5p",TRUE,FALSE
"MIMAT0022705","MIMAT0022705","miR-539-3p",TRUE,TRUE
"MIMAT0022706","MIMAT0022706","miR-561-5p",TRUE,TRUE
"MIMAT0022708","MIMAT0022708","miR-584-3p",TRUE,TRUE
"MIMAT0022709","MIMAT0022709","miR-652-5p",TRUE,TRUE
"MIMAT0022710","MIMAT0022710","miR-659-5p",TRUE,TRUE
"MIMAT0022711","MIMAT0022711","miR-660-3p",TRUE,FALSE
"MIMAT0022712","MIMAT0022712","miR-1271-3p",TRUE,TRUE
"MIMAT0022713","MIMAT0022713","miR-1185-2-3p",TRUE,TRUE
"MIMAT0022714","MIMAT0022714","miR-766-5p",TRUE,TRUE
"MIMAT0022717","MIMAT0022717","miR-873-3p",TRUE,TRUE
"MIMAT0022719","MIMAT0022719","miR-1285-5p",TRUE,TRUE
"MIMAT0022720","MIMAT0022720","miR-1304-3p",TRUE,TRUE
"MIMAT0022721","MIMAT0022721","miR-1247-3p",TRUE,TRUE
"MIMAT0022722, MIMAT0022733, MIMAT0022739","MIMAT0022722, MIMAT0022733, MIMAT0022739","miR-548g-5p, hsa-miR-548x-5p, hsa-miR-548aj-5p",FALSE,TRUE
"MIMAT0022724","MIMAT0022724","miR-1277-5p",TRUE,TRUE
"MIMAT0022725","MIMAT0022725","miR-1255b-2-3p",TRUE,TRUE
"MIMAT0022726","MIMAT0022726","miR-1306-5p",TRUE,TRUE
"MIMAT0022727","MIMAT0022727","miR-1307-5p",TRUE,TRUE
"MIMAT0022728","MIMAT0022728","miR-513c-3p",TRUE,TRUE
"MIMAT0022731","MIMAT0022731","miR-3184-3p",TRUE,TRUE
"MIMAT0022732","MIMAT0022732","miR-3191-5p",TRUE,TRUE
"MIMAT0022735","MIMAT0022735","miR-374c-3p",TRUE,TRUE
"MIMAT0022736","MIMAT0022736","miR-642b-5p",TRUE,TRUE
"MIMAT0022737","MIMAT0022737","miR-550b-2-5p",TRUE,TRUE
"MIMAT0022741","MIMAT0022741","miR-3529-3p",TRUE,TRUE
"MIMAT0022742","MIMAT0022742","miR-1273g-3p",TRUE,TRUE
"MIMAT0022833","MIMAT0022833","miR-365b-5p",TRUE,TRUE
"MIMAT0022838","MIMAT0022838","miR-1185-1-3p",TRUE,TRUE
"MIMAT0022839","MIMAT0022839","miR-3190-3p",TRUE,TRUE
"MIMAT0022842","MIMAT0022842","miR-98-3p",TRUE,TRUE
"MIMAT0022844","MIMAT0022844","miR-216a-3p",TRUE,TRUE
"MIMAT0022861","MIMAT0022861","miR-376c-5p",TRUE,TRUE
"MIMAT0022862","MIMAT0022862","miR-381-5p",TRUE,FALSE
"MIMAT0022923","MIMAT0022923","miR-376b-5p",TRUE,TRUE
"MIMAT0022924","MIMAT0022924","miR-495-5p",TRUE,TRUE
"MIMAT0022925","MIMAT0022925","miR-503-3p",TRUE,TRUE
"MIMAT0022928","MIMAT0022928","miR-376a-2-5p",TRUE,TRUE
"MIMAT0022929","MIMAT0022929","miR-758-5p",TRUE,TRUE
"MIMAT0022938","MIMAT0022938","miR-937-5p",TRUE,TRUE
"MIMAT0022939","MIMAT0022939","miR-939-3p",TRUE,TRUE
"MIMAT0022940","MIMAT0022940","miR-1178-5p",TRUE,TRUE
"MIMAT0022941","MIMAT0022941","miR-1227-5p",TRUE,TRUE
"MIMAT0022942","MIMAT0022942","miR-1229-5p",TRUE,TRUE
"MIMAT0022943","MIMAT0022943","miR-1233-5p",TRUE,TRUE
"MIMAT0022945","MIMAT0022945","miR-1236-5p",TRUE,TRUE
"MIMAT0022946","MIMAT0022946","miR-1237-5p",TRUE,FALSE
"MIMAT0022947","MIMAT0022947","miR-1238-5p",TRUE,TRUE
"MIMAT0022948","MIMAT0022948","miR-1292-3p",TRUE,TRUE
"MIMAT0022965","MIMAT0022965","miR-3606-3p",TRUE,TRUE
"MIMAT0022966","MIMAT0022966","miR-3617-3p",TRUE,TRUE
"MIMAT0022967","MIMAT0022967","miR-3620-5p",TRUE,TRUE
"MIMAT0022970","MIMAT0022970","miR-3927-5p",TRUE,FALSE
"MIMAT0022975","MIMAT0022975","miR-3934-3p",TRUE,FALSE
"MIMAT0022977","MIMAT0022977","miR-4632-5p",TRUE,TRUE
"MIMAT0022978","MIMAT0022978","miR-4743-3p",TRUE,FALSE
"MIMAT0022979","MIMAT0022979","miR-4750-3p",TRUE,TRUE
"MIMAT0022984","MIMAT0022984","miR-5089-3p",TRUE,TRUE
"MIMAT0023116","MIMAT0023116","miR-5739",TRUE,TRUE
"MIMAT0023252","MIMAT0023252","miR-5787",TRUE,TRUE
"MIMAT0023693","MIMAT0023693","miR-6068",TRUE,TRUE
"MIMAT0023694","MIMAT0023694","miR-6069",TRUE,TRUE
"MIMAT0023695","MIMAT0023695","miR-6070",TRUE,TRUE
"MIMAT0023696","MIMAT0023696","miR-6071",TRUE,TRUE
"MIMAT0023697","MIMAT0023697","miR-6072",TRUE,TRUE
"MIMAT0023698","MIMAT0023698","miR-6073",TRUE,TRUE
"MIMAT0023699","MIMAT0023699","miR-6074",TRUE,TRUE
"MIMAT0023700","MIMAT0023700","miR-6075",TRUE,TRUE
"MIMAT0023701","MIMAT0023701","miR-6076",TRUE,TRUE
"MIMAT0023702","MIMAT0023702","miR-6077",TRUE,FALSE
"MIMAT0023703","MIMAT0023703","miR-6078",TRUE,TRUE
"MIMAT0023704","MIMAT0023704","miR-6079",TRUE,TRUE
"MIMAT0023705","MIMAT0023705","miR-6080",TRUE,TRUE
"MIMAT0023706","MIMAT0023706","miR-6081",TRUE,TRUE
"MIMAT0023707","MIMAT0023707","miR-6082",TRUE,TRUE
"MIMAT0023708","MIMAT0023708","miR-6083",TRUE,TRUE
"MIMAT0023709","MIMAT0023709","miR-6084",TRUE,TRUE
"MIMAT0023710","MIMAT0023710","miR-6085",TRUE,TRUE
"MIMAT0023711","MIMAT0023711","miR-6086",TRUE,TRUE
"MIMAT0023712","MIMAT0023712","miR-6087",TRUE,TRUE
"MIMAT0023713","MIMAT0023713","miR-6088",TRUE,TRUE
"MIMAT0023714","MIMAT0023714","miR-6089",TRUE,TRUE
"MIMAT0023715","MIMAT0023715","miR-6090",TRUE,TRUE
"MIMAT0024597","MIMAT0024597","miR-6124",TRUE,TRUE
"MIMAT0024598","MIMAT0024598","miR-6125",TRUE,TRUE
"MIMAT0024599","MIMAT0024599","miR-6126",TRUE,TRUE
"MIMAT0024610","MIMAT0024610","miR-6127",TRUE,TRUE
"MIMAT0024611","MIMAT0024611","miR-6128",TRUE,TRUE
"MIMAT0024612","MIMAT0024612","miR-378j",TRUE,TRUE
"MIMAT0024613","MIMAT0024613","miR-6129",TRUE,TRUE
"MIMAT0024614","MIMAT0024614","miR-6130",TRUE,TRUE
"MIMAT0024615","MIMAT0024615","miR-6131",TRUE,FALSE
"MIMAT0024616","MIMAT0024616","miR-6132",TRUE,TRUE
"MIMAT0024617","MIMAT0024617","miR-6133",TRUE,TRUE
"MIMAT0024618","MIMAT0024618","miR-6134",TRUE,TRUE
"MIMAT0024782","MIMAT0024782","miR-6165",TRUE,TRUE
"MIMAT0025450","MIMAT0025450","miR-6499-5p",TRUE,TRUE
"MIMAT0025451","MIMAT0025451","miR-6499-3p",TRUE,TRUE
"MIMAT0025452","MIMAT0025452","miR-548ay-5p",TRUE,TRUE
"MIMAT0025453","MIMAT0025453","miR-548ay-3p",TRUE,TRUE
"MIMAT0025454","MIMAT0025454","miR-6500-5p",TRUE,TRUE
"MIMAT0025455","MIMAT0025455","miR-6500-3p",TRUE,TRUE
"MIMAT0025456","MIMAT0025456","miR-548az-5p",TRUE,TRUE
"MIMAT0025457","MIMAT0025457","miR-548az-3p",TRUE,TRUE
"MIMAT0025458","MIMAT0025458","miR-6501-5p",TRUE,TRUE
"MIMAT0025459","MIMAT0025459","miR-6501-3p",TRUE,TRUE
"MIMAT0025460","MIMAT0025460","miR-6502-5p",TRUE,TRUE
"MIMAT0025461","MIMAT0025461","miR-6502-3p",TRUE,TRUE
"MIMAT0025462","MIMAT0025462","miR-6503-5p",TRUE,TRUE
"MIMAT0025463","MIMAT0025463","miR-6503-3p",TRUE,TRUE
"MIMAT0025464","MIMAT0025464","miR-6504-5p",TRUE,TRUE
"MIMAT0025465","MIMAT0025465","miR-6504-3p",TRUE,TRUE
"MIMAT0025466","MIMAT0025466","miR-6505-5p",TRUE,TRUE
"MIMAT0025467","MIMAT0025467","miR-6505-3p",TRUE,TRUE
"MIMAT0025468","MIMAT0025468","miR-6506-5p",TRUE,TRUE
"MIMAT0025469","MIMAT0025469","miR-6506-3p",TRUE,TRUE
"MIMAT0025470","MIMAT0025470","miR-6507-5p",TRUE,FALSE
"MIMAT0025471","MIMAT0025471","miR-6507-3p",TRUE,TRUE
"MIMAT0025472","MIMAT0025472","miR-6508-5p",TRUE,TRUE
"MIMAT0025473","MIMAT0025473","miR-6508-3p",TRUE,FALSE
"MIMAT0025474","MIMAT0025474","miR-6509-5p",TRUE,TRUE
"MIMAT0025475","MIMAT0025475","miR-6509-3p",TRUE,TRUE
"MIMAT0025476","MIMAT0025476","miR-6510-5p",TRUE,TRUE
"MIMAT0025477","MIMAT0025477","miR-6510-3p",TRUE,TRUE
"MIMAT0025478","MIMAT0025478","miR-6511a-5p",TRUE,TRUE
"MIMAT0025479","MIMAT0025479","miR-6511a-3p",TRUE,TRUE
"MIMAT0025480","MIMAT0025480","miR-6512-5p",TRUE,TRUE
"MIMAT0025481","MIMAT0025481","miR-6512-3p",TRUE,TRUE
"MIMAT0025482","MIMAT0025482","miR-6513-5p",TRUE,TRUE
"MIMAT0025483","MIMAT0025483","miR-6513-3p",TRUE,TRUE
"MIMAT0025484","MIMAT0025484","miR-6514-5p",TRUE,TRUE
"MIMAT0025485","MIMAT0025485","miR-6514-3p",TRUE,TRUE
"MIMAT0025486","MIMAT0025486","miR-6515-5p",TRUE,TRUE
"MIMAT0025487","MIMAT0025487","miR-6515-3p",TRUE,TRUE
"MIMAT0025841","MIMAT0025841","miR-6715a-3p",TRUE,TRUE
"MIMAT0025842","MIMAT0025842","miR-6715b-5p",TRUE,FALSE
"MIMAT0025843","MIMAT0025843","miR-6715b-3p",TRUE,TRUE
"MIMAT0025844","MIMAT0025844","miR-6716-5p",TRUE,TRUE
"MIMAT0025845","MIMAT0025845","miR-6716-3p",TRUE,TRUE
"MIMAT0025846","MIMAT0025846","miR-6717-5p",TRUE,TRUE
"MIMAT0025847","MIMAT0025847","miR-6511b-5p",TRUE,TRUE
"MIMAT0025848","MIMAT0025848","miR-6511b-3p",TRUE,TRUE
"MIMAT0025849","MIMAT0025849","miR-6718-5p",TRUE,TRUE
"MIMAT0025850","MIMAT0025850","miR-6719-3p",TRUE,TRUE
"MIMAT0025851","MIMAT0025851","miR-6720-3p",TRUE,TRUE
"MIMAT0025852","MIMAT0025852","miR-6721-5p",TRUE,TRUE
"MIMAT0025853","MIMAT0025853","miR-6722-5p",TRUE,TRUE
"MIMAT0025854","MIMAT0025854","miR-6722-3p",TRUE,TRUE
"MIMAT0025855","MIMAT0025855","miR-6723-5p",TRUE,TRUE
"MIMAT0025856","MIMAT0025856","miR-6724-5p",TRUE,TRUE
"MIMAT0025857","MIMAT0025857","miR-892c-5p",TRUE,TRUE
"MIMAT0025858","MIMAT0025858","miR-892c-3p",TRUE,TRUE
"MIMAT0026472","MIMAT0026472","let-7c-3p",TRUE,TRUE
"MIMAT0026473","MIMAT0026473","miR-95-5p",TRUE,TRUE
"MIMAT0026474","MIMAT0026474","miR-208a-5p",TRUE,TRUE
"MIMAT0026475","MIMAT0026475","miR-210-5p",TRUE,TRUE
"MIMAT0026476","MIMAT0026476","miR-215-3p",TRUE,TRUE
"MIMAT0026477","MIMAT0026477","miR-128-1-5p",TRUE,TRUE
"MIMAT0026478","MIMAT0026478","miR-133a-5p",TRUE,FALSE
"MIMAT0026479","MIMAT0026479","miR-152-5p",TRUE,TRUE
"MIMAT0026480","MIMAT0026480","miR-153-5p",TRUE,TRUE
"MIMAT0026481","MIMAT0026481","miR-134-3p",TRUE,FALSE
"MIMAT0026482","MIMAT0026482","miR-190a-3p",TRUE,TRUE
"MIMAT0026483","MIMAT0026483","miR-370-5p",TRUE,TRUE
"MIMAT0026484","MIMAT0026484","miR-372-5p",TRUE,TRUE
"MIMAT0026485","MIMAT0026485","miR-383-3p",TRUE,TRUE
"MIMAT0026486","MIMAT0026486","miR-328-5p",TRUE,TRUE
"MIMAT0026554","MIMAT0026554","miR-433-5p",TRUE,TRUE
"MIMAT0026555","MIMAT0026555","miR-329-5p",TRUE,TRUE
"MIMAT0026557","MIMAT0026557","miR-412-5p",TRUE,TRUE
"MIMAT0026558","MIMAT0026558","miR-410-5p",TRUE,TRUE
"MIMAT0026559","MIMAT0026559","miR-487a-5p",TRUE,TRUE
"MIMAT0026605","MIMAT0026605","miR-489-5p",TRUE,TRUE
"MIMAT0026606","MIMAT0026606","miR-511-3p",TRUE,TRUE
"MIMAT0026607","MIMAT0026607","miR-494-5p",TRUE,FALSE
"MIMAT0026608","MIMAT0026608","miR-181d-3p",TRUE,TRUE
"MIMAT0026609","MIMAT0026609","miR-520f-5p",TRUE,FALSE
"MIMAT0026610","MIMAT0026610","miR-519d-5p",TRUE,TRUE
"MIMAT0026611","MIMAT0026611","miR-520g-5p",TRUE,TRUE
"MIMAT0026612","MIMAT0026612","miR-504-3p",TRUE,TRUE
"MIMAT0026613","MIMAT0026613","miR-510-3p",TRUE,TRUE
"MIMAT0026614","MIMAT0026614","miR-487b-5p",TRUE,FALSE
"MIMAT0026615","MIMAT0026615","miR-552-5p",TRUE,TRUE
"MIMAT0026616","MIMAT0026616","miR-579-5p",TRUE,TRUE
"MIMAT0026617","MIMAT0026617","miR-580-5p",TRUE,TRUE
"MIMAT0026618","MIMAT0026618","miR-585-5p",TRUE,TRUE
"MIMAT0026619","MIMAT0026619","miR-597-3p",TRUE,TRUE
"MIMAT0026620","MIMAT0026620","miR-598-5p",TRUE,TRUE
"MIMAT0026621","MIMAT0026621","miR-605-3p",TRUE,TRUE
"MIMAT0026622","MIMAT0026622","miR-619-5p",TRUE,TRUE
"MIMAT0026623","MIMAT0026623","miR-627-3p",TRUE,TRUE
"MIMAT0026624","MIMAT0026624","miR-651-3p",TRUE,TRUE
"MIMAT0026625","MIMAT0026625","miR-653-3p",TRUE,TRUE
"MIMAT0026626","MIMAT0026626","miR-655-5p",TRUE,TRUE
"MIMAT0026627","MIMAT0026627","miR-656-5p",TRUE,TRUE
"MIMAT0026636","MIMAT0026636","miR-668-5p",TRUE,TRUE
"MIMAT0026637","MIMAT0026637","miR-1296-3p",TRUE,TRUE
"MIMAT0026638","MIMAT0026638","miR-1468-3p",TRUE,TRUE
"MIMAT0026639","MIMAT0026639","miR-1301-5p",TRUE,TRUE
"MIMAT0026640","MIMAT0026640","miR-670-3p",TRUE,TRUE
"MIMAT0026641","MIMAT0026641","miR-1298-3p",TRUE,TRUE
"MIMAT0026717","MIMAT0026717","miR-891a-3p",TRUE,TRUE
"MIMAT0026718","MIMAT0026718","miR-874-5p",TRUE,TRUE
"MIMAT0026719","MIMAT0026719","miR-889-5p",TRUE,TRUE
"MIMAT0026720","MIMAT0026720","miR-887-5p",TRUE,TRUE
"MIMAT0026721","MIMAT0026721","miR-216b-3p",TRUE,TRUE
"MIMAT0026722","MIMAT0026722","miR-208b-5p",TRUE,TRUE
"MIMAT0026734","MIMAT0026734","miR-942-3p",TRUE,TRUE
"MIMAT0026735","MIMAT0026735","miR-1180-5p",TRUE,TRUE
"MIMAT0026736","MIMAT0026736","miR-548e-5p",TRUE,TRUE
"MIMAT0026737","MIMAT0026737","miR-548j-3p",TRUE,TRUE
"MIMAT0026738","MIMAT0026738","miR-1287-3p",TRUE,FALSE
"MIMAT0026739","MIMAT0026739","miR-548f-5p",TRUE,TRUE
"MIMAT0026740","MIMAT0026740","miR-1250-3p",TRUE,TRUE
"MIMAT0026741","MIMAT0026741","miR-1251-3p",TRUE,TRUE
"MIMAT0026742","MIMAT0026742","miR-1266-3p",TRUE,TRUE
"MIMAT0026743","MIMAT0026743","miR-1288-5p",TRUE,FALSE
"MIMAT0026744","MIMAT0026744","miR-1252-3p",TRUE,TRUE
"MIMAT0026749","MIMAT0026749","miR-513b-3p",TRUE,TRUE
"MIMAT0026765","MIMAT0026765","miR-1537-5p",TRUE,TRUE
"MIMAT0026916","MIMAT0026916","miR-1908-3p",TRUE,TRUE
"MIMAT0026917","MIMAT0026917","miR-1910-3p",TRUE,TRUE
"MIMAT0026921","MIMAT0026921","miR-2276-5p",TRUE,TRUE
"MIMAT0027026","MIMAT0027026","miR-3151-3p",TRUE,TRUE
"MIMAT0027027","MIMAT0027027","miR-3192-3p",TRUE,TRUE
"MIMAT0027032","MIMAT0027032","miR-500b-3p",TRUE,TRUE
"MIMAT0027036","MIMAT0027036","miR-3912-5p",TRUE,FALSE
"MIMAT0027037","MIMAT0027037","miR-3928-5p",TRUE,TRUE
"MIMAT0027038","MIMAT0027038","miR-1343-5p",TRUE,FALSE
"MIMAT0027041","MIMAT0027041","miR-5088-3p",TRUE,TRUE
"MIMAT0027088","MIMAT0027088","miR-5189-3p",TRUE,TRUE
"MIMAT0027103","MIMAT0027103","miR-5699-5p",TRUE,TRUE
"MIMAT0027345","MIMAT0027345","miR-6720-5p",TRUE,TRUE
"MIMAT0027353","MIMAT0027353","miR-6726-5p",TRUE,TRUE
"MIMAT0027354","MIMAT0027354","miR-6726-3p",TRUE,TRUE
"MIMAT0027355","MIMAT0027355","miR-6727-5p",TRUE,TRUE
"MIMAT0027356","MIMAT0027356","miR-6727-3p",TRUE,TRUE
"MIMAT0027357","MIMAT0027357","miR-6728-5p",TRUE,TRUE
"MIMAT0027358","MIMAT0027358","miR-6728-3p",TRUE,TRUE
"MIMAT0027359","MIMAT0027359","miR-6729-5p",TRUE,TRUE
"MIMAT0027360","MIMAT0027360","miR-6729-3p",TRUE,FALSE
"MIMAT0027361","MIMAT0027361","miR-6730-5p",TRUE,TRUE
"MIMAT0027362","MIMAT0027362","miR-6730-3p",TRUE,TRUE
"MIMAT0027363","MIMAT0027363","miR-6731-5p",TRUE,TRUE
"MIMAT0027364","MIMAT0027364","miR-6731-3p",TRUE,TRUE
"MIMAT0027365","MIMAT0027365","miR-6732-5p",TRUE,TRUE
"MIMAT0027366","MIMAT0027366","miR-6732-3p",TRUE,FALSE
"MIMAT0027367","MIMAT0027367","miR-6733-5p",TRUE,TRUE
"MIMAT0027368","MIMAT0027368","miR-6733-3p",TRUE,TRUE
"MIMAT0027369","MIMAT0027369","miR-6734-5p",TRUE,TRUE
"MIMAT0027370","MIMAT0027370","miR-6734-3p",TRUE,TRUE
"MIMAT0027371","MIMAT0027371","miR-6735-5p",TRUE,TRUE
"MIMAT0027372","MIMAT0027372","miR-6735-3p",TRUE,TRUE
"MIMAT0027373","MIMAT0027373","miR-6736-5p",TRUE,TRUE
"MIMAT0027374","MIMAT0027374","miR-6736-3p",TRUE,TRUE
"MIMAT0027375","MIMAT0027375","miR-6737-5p",TRUE,TRUE
"MIMAT0027376","MIMAT0027376","miR-6737-3p",TRUE,TRUE
"MIMAT0027377","MIMAT0027377","miR-6738-5p",TRUE,TRUE
"MIMAT0027378","MIMAT0027378","miR-6738-3p",TRUE,TRUE
"MIMAT0027379","MIMAT0027379","miR-6739-5p",TRUE,TRUE
"MIMAT0027380","MIMAT0027380","miR-6739-3p",TRUE,TRUE
"MIMAT0027381","MIMAT0027381","miR-6740-5p",TRUE,TRUE
"MIMAT0027382","MIMAT0027382","miR-6740-3p",TRUE,TRUE
"MIMAT0027383","MIMAT0027383","miR-6741-5p",TRUE,TRUE
"MIMAT0027384","MIMAT0027384","miR-6741-3p",TRUE,FALSE
"MIMAT0027385","MIMAT0027385","miR-6742-5p",TRUE,TRUE
"MIMAT0027386","MIMAT0027386","miR-6742-3p",TRUE,TRUE
"MIMAT0027387","MIMAT0027387","miR-6743-5p",TRUE,TRUE
"MIMAT0027388","MIMAT0027388","miR-6743-3p",TRUE,TRUE
"MIMAT0027389","MIMAT0027389","miR-6744-5p",TRUE,TRUE
"MIMAT0027390","MIMAT0027390","miR-6744-3p",TRUE,FALSE
"MIMAT0027391","MIMAT0027391","miR-6745",TRUE,TRUE
"MIMAT0027392","MIMAT0027392","miR-6746-5p",TRUE,TRUE
"MIMAT0027393","MIMAT0027393","miR-6746-3p",TRUE,TRUE
"MIMAT0027394","MIMAT0027394","miR-6747-5p",TRUE,TRUE
"MIMAT0027395","MIMAT0027395","miR-6747-3p",TRUE,TRUE
"MIMAT0027396","MIMAT0027396","miR-6748-5p",TRUE,TRUE
"MIMAT0027397","MIMAT0027397","miR-6748-3p",TRUE,TRUE
"MIMAT0027398","MIMAT0027398","miR-6749-5p",TRUE,TRUE
"MIMAT0027399","MIMAT0027399","miR-6749-3p",TRUE,TRUE
"MIMAT0027400","MIMAT0027400","miR-6750-5p",TRUE,TRUE
"MIMAT0027401","MIMAT0027401","miR-6750-3p",TRUE,TRUE
"MIMAT0027402","MIMAT0027402","miR-6751-5p",TRUE,TRUE
"MIMAT0027403","MIMAT0027403","miR-6751-3p",TRUE,TRUE
"MIMAT0027404","MIMAT0027404","miR-6752-5p",TRUE,TRUE
"MIMAT0027405","MIMAT0027405","miR-6752-3p",TRUE,TRUE
"MIMAT0027406","MIMAT0027406","miR-6753-5p",TRUE,TRUE
"MIMAT0027407","MIMAT0027407","miR-6753-3p",TRUE,TRUE
"MIMAT0027408","MIMAT0027408","miR-6754-5p",TRUE,TRUE
"MIMAT0027409","MIMAT0027409","miR-6754-3p",TRUE,TRUE
"MIMAT0027410","MIMAT0027410","miR-6755-5p",TRUE,TRUE
"MIMAT0027411","MIMAT0027411","miR-6755-3p",TRUE,FALSE
"MIMAT0027412","MIMAT0027412","miR-6756-5p",TRUE,TRUE
"MIMAT0027413","MIMAT0027413","miR-6756-3p",TRUE,FALSE
"MIMAT0027414","MIMAT0027414","miR-6757-5p",TRUE,TRUE
"MIMAT0027415","MIMAT0027415","miR-6757-3p",TRUE,TRUE
"MIMAT0027416","MIMAT0027416","miR-6758-5p",TRUE,TRUE
"MIMAT0027417","MIMAT0027417","miR-6758-3p",TRUE,FALSE
"MIMAT0027418","MIMAT0027418","miR-6759-5p",TRUE,TRUE
"MIMAT0027419","MIMAT0027419","miR-6759-3p",TRUE,TRUE
"MIMAT0027420","MIMAT0027420","miR-6760-5p",TRUE,TRUE
"MIMAT0027421","MIMAT0027421","miR-6760-3p",TRUE,TRUE
"MIMAT0027422","MIMAT0027422","miR-6761-5p",TRUE,TRUE
"MIMAT0027423","MIMAT0027423","miR-6761-3p",TRUE,TRUE
"MIMAT0027424","MIMAT0027424","miR-6762-5p",TRUE,TRUE
"MIMAT0027425","MIMAT0027425","miR-6762-3p",TRUE,TRUE
"MIMAT0027426","MIMAT0027426","miR-6763-5p",TRUE,TRUE
"MIMAT0027427","MIMAT0027427","miR-6763-3p",TRUE,TRUE
"MIMAT0027428","MIMAT0027428","miR-6764-5p",TRUE,TRUE
"MIMAT0027429","MIMAT0027429","miR-6764-3p",TRUE,TRUE
"MIMAT0027430","MIMAT0027430","miR-6765-5p",TRUE,TRUE
"MIMAT0027431","MIMAT0027431","miR-6765-3p",TRUE,TRUE
"MIMAT0027432","MIMAT0027432","miR-6766-5p",TRUE,TRUE
"MIMAT0027433","MIMAT0027433","miR-6766-3p",TRUE,FALSE
"MIMAT0027434","MIMAT0027434","miR-6767-5p",TRUE,TRUE
"MIMAT0027435","MIMAT0027435","miR-6767-3p",TRUE,TRUE
"MIMAT0027436","MIMAT0027436","miR-6768-5p",TRUE,TRUE
"MIMAT0027437","MIMAT0027437","miR-6768-3p",TRUE,TRUE
"MIMAT0027438","MIMAT0027438","miR-6769a-5p",TRUE,TRUE
"MIMAT0027439","MIMAT0027439","miR-6769a-3p",TRUE,TRUE
"MIMAT0027440","MIMAT0027440","miR-6770-5p",TRUE,FALSE
"MIMAT0027441","MIMAT0027441","miR-6770-3p",TRUE,TRUE
"MIMAT0027442","MIMAT0027442","miR-6771-5p",TRUE,FALSE
"MIMAT0027443","MIMAT0027443","miR-6771-3p",TRUE,TRUE
"MIMAT0027444","MIMAT0027444","miR-6772-5p",TRUE,TRUE
"MIMAT0027445","MIMAT0027445","miR-6772-3p",TRUE,TRUE
"MIMAT0027446","MIMAT0027446","miR-6773-5p",TRUE,TRUE
"MIMAT0027447","MIMAT0027447","miR-6773-3p",TRUE,TRUE
"MIMAT0027448","MIMAT0027448","miR-6774-5p",TRUE,TRUE
"MIMAT0027449","MIMAT0027449","miR-6774-3p",TRUE,TRUE
"MIMAT0027450","MIMAT0027450","miR-6775-5p",TRUE,TRUE
"MIMAT0027451","MIMAT0027451","miR-6775-3p",TRUE,TRUE
"MIMAT0027452","MIMAT0027452","miR-6776-5p",TRUE,TRUE
"MIMAT0027453","MIMAT0027453","miR-6776-3p",TRUE,TRUE
"MIMAT0027454","MIMAT0027454","miR-6777-5p",TRUE,TRUE
"MIMAT0027455","MIMAT0027455","miR-6777-3p",TRUE,TRUE
"MIMAT0027456","MIMAT0027456","miR-6778-5p",TRUE,TRUE
"MIMAT0027457","MIMAT0027457","miR-6778-3p",TRUE,TRUE
"MIMAT0027458","MIMAT0027458","miR-6779-5p",TRUE,TRUE
"MIMAT0027459","MIMAT0027459","miR-6779-3p",TRUE,TRUE
"MIMAT0027460","MIMAT0027460","miR-6780a-5p",TRUE,TRUE
"MIMAT0027461","MIMAT0027461","miR-6780a-3p",TRUE,TRUE
"MIMAT0027462","MIMAT0027462","miR-6781-5p",TRUE,TRUE
"MIMAT0027463","MIMAT0027463","miR-6781-3p",TRUE,TRUE
"MIMAT0027464","MIMAT0027464","miR-6782-5p",TRUE,TRUE
"MIMAT0027465","MIMAT0027465","miR-6782-3p",TRUE,TRUE
"MIMAT0027466","MIMAT0027466","miR-6783-5p",TRUE,TRUE
"MIMAT0027467","MIMAT0027467","miR-6783-3p",TRUE,TRUE
"MIMAT0027468","MIMAT0027468","miR-6784-5p",TRUE,TRUE
"MIMAT0027469","MIMAT0027469","miR-6784-3p",TRUE,TRUE
"MIMAT0027470","MIMAT0027470","miR-6785-5p",TRUE,FALSE
"MIMAT0027471","MIMAT0027471","miR-6785-3p",TRUE,TRUE
"MIMAT0027472","MIMAT0027472","miR-6786-5p",TRUE,TRUE
"MIMAT0027473","MIMAT0027473","miR-6786-3p",TRUE,FALSE
"MIMAT0027474","MIMAT0027474","miR-6787-5p",TRUE,TRUE
"MIMAT0027475","MIMAT0027475","miR-6787-3p",TRUE,TRUE
"MIMAT0027476","MIMAT0027476","miR-6788-5p",TRUE,TRUE
"MIMAT0027477","MIMAT0027477","miR-6788-3p",TRUE,TRUE
"MIMAT0027478","MIMAT0027478","miR-6789-5p",TRUE,TRUE
"MIMAT0027479","MIMAT0027479","miR-6789-3p",TRUE,TRUE
"MIMAT0027480","MIMAT0027480","miR-6790-5p",TRUE,TRUE
"MIMAT0027481","MIMAT0027481","miR-6790-3p",TRUE,TRUE
"MIMAT0027482","MIMAT0027482","miR-6791-5p",TRUE,TRUE
"MIMAT0027483","MIMAT0027483","miR-6791-3p",TRUE,TRUE
"MIMAT0027484","MIMAT0027484","miR-6792-5p",TRUE,TRUE
"MIMAT0027485","MIMAT0027485","miR-6792-3p",TRUE,TRUE
"MIMAT0027486","MIMAT0027486","miR-6793-5p",TRUE,TRUE
"MIMAT0027487","MIMAT0027487","miR-6793-3p",TRUE,TRUE
"MIMAT0027488","MIMAT0027488","miR-6794-5p",TRUE,TRUE
"MIMAT0027489","MIMAT0027489","miR-6794-3p",TRUE,TRUE
"MIMAT0027490","MIMAT0027490","miR-6795-5p",TRUE,TRUE
"MIMAT0027491","MIMAT0027491","miR-6795-3p",TRUE,TRUE
"MIMAT0027492","MIMAT0027492","miR-6796-5p",TRUE,TRUE
"MIMAT0027493","MIMAT0027493","miR-6796-3p",TRUE,TRUE
"MIMAT0027494","MIMAT0027494","miR-6797-5p",TRUE,TRUE
"MIMAT0027495","MIMAT0027495","miR-6797-3p",TRUE,TRUE
"MIMAT0027496","MIMAT0027496","miR-6798-5p",TRUE,TRUE
"MIMAT0027497","MIMAT0027497","miR-6798-3p",TRUE,TRUE
"MIMAT0027498","MIMAT0027498","miR-6799-5p",TRUE,TRUE
"MIMAT0027499","MIMAT0027499","miR-6799-3p",TRUE,TRUE
"MIMAT0027500","MIMAT0027500","miR-6800-5p",TRUE,TRUE
"MIMAT0027501","MIMAT0027501","miR-6800-3p",TRUE,TRUE
"MIMAT0027502","MIMAT0027502","miR-6801-5p",TRUE,TRUE
"MIMAT0027503","MIMAT0027503","miR-6801-3p",TRUE,TRUE
"MIMAT0027504","MIMAT0027504","miR-6802-5p",TRUE,TRUE
"MIMAT0027505","MIMAT0027505","miR-6802-3p",TRUE,TRUE
"MIMAT0027506","MIMAT0027506","miR-6803-5p",TRUE,TRUE
"MIMAT0027507","MIMAT0027507","miR-6803-3p",TRUE,TRUE
"MIMAT0027508","MIMAT0027508","miR-6804-5p",TRUE,TRUE
"MIMAT0027509","MIMAT0027509","miR-6804-3p",TRUE,TRUE
"MIMAT0027510","MIMAT0027510","miR-6805-5p",TRUE,TRUE
"MIMAT0027511","MIMAT0027511","miR-6805-3p",TRUE,TRUE
"MIMAT0027512","MIMAT0027512","miR-6806-5p",TRUE,TRUE
"MIMAT0027513","MIMAT0027513","miR-6806-3p",TRUE,TRUE
"MIMAT0027514","MIMAT0027514","miR-6807-5p",TRUE,TRUE
"MIMAT0027515","MIMAT0027515","miR-6807-3p",TRUE,FALSE
"MIMAT0027516","MIMAT0027516","miR-6808-5p",TRUE,TRUE
"MIMAT0027517","MIMAT0027517","miR-6808-3p",TRUE,TRUE
"MIMAT0027518","MIMAT0027518","miR-6809-5p",TRUE,TRUE
"MIMAT0027519","MIMAT0027519","miR-6809-3p",TRUE,TRUE
"MIMAT0027520","MIMAT0027520","miR-6810-5p",TRUE,TRUE
"MIMAT0027521","MIMAT0027521","miR-6810-3p",TRUE,FALSE
"MIMAT0027522","MIMAT0027522","miR-6811-5p",TRUE,TRUE
"MIMAT0027523","MIMAT0027523","miR-6811-3p",TRUE,TRUE
"MIMAT0027524","MIMAT0027524","miR-6812-5p",TRUE,TRUE
"MIMAT0027525","MIMAT0027525","miR-6812-3p",TRUE,TRUE
"MIMAT0027526","MIMAT0027526","miR-6813-5p",TRUE,TRUE
"MIMAT0027527","MIMAT0027527","miR-6813-3p",TRUE,TRUE
"MIMAT0027528","MIMAT0027528","miR-6814-5p",TRUE,TRUE
"MIMAT0027529","MIMAT0027529","miR-6814-3p",TRUE,TRUE
"MIMAT0027530","MIMAT0027530","miR-6815-5p",TRUE,TRUE
"MIMAT0027531","MIMAT0027531","miR-6815-3p",TRUE,TRUE
"MIMAT0027532","MIMAT0027532","miR-6816-5p",TRUE,FALSE
"MIMAT0027533","MIMAT0027533","miR-6816-3p",TRUE,TRUE
"MIMAT0027534","MIMAT0027534","miR-6817-5p",TRUE,TRUE
"MIMAT0027535","MIMAT0027535","miR-6817-3p",TRUE,TRUE
"MIMAT0027536","MIMAT0027536","miR-6818-5p",TRUE,TRUE
"MIMAT0027537","MIMAT0027537","miR-6818-3p",TRUE,TRUE
"MIMAT0027538","MIMAT0027538","miR-6819-5p",TRUE,TRUE
"MIMAT0027539","MIMAT0027539","miR-6819-3p",TRUE,TRUE
"MIMAT0027540","MIMAT0027540","miR-6820-5p",TRUE,FALSE
"MIMAT0027541","MIMAT0027541","miR-6820-3p",TRUE,FALSE
"MIMAT0027542","MIMAT0027542","miR-6821-5p",TRUE,TRUE
"MIMAT0027543","MIMAT0027543","miR-6821-3p",TRUE,TRUE
"MIMAT0027544","MIMAT0027544","miR-6822-5p",TRUE,TRUE
"MIMAT0027545","MIMAT0027545","miR-6822-3p",TRUE,FALSE
"MIMAT0027546","MIMAT0027546","miR-6823-5p",TRUE,TRUE
"MIMAT0027547","MIMAT0027547","miR-6823-3p",TRUE,TRUE
"MIMAT0027548","MIMAT0027548","miR-6824-5p",TRUE,TRUE
"MIMAT0027549","MIMAT0027549","miR-6824-3p",TRUE,TRUE
"MIMAT0027550","MIMAT0027550","miR-6825-5p",TRUE,TRUE
"MIMAT0027551","MIMAT0027551","miR-6825-3p",TRUE,FALSE
"MIMAT0027552","MIMAT0027552","miR-6826-5p",TRUE,TRUE
"MIMAT0027553","MIMAT0027553","miR-6826-3p",TRUE,TRUE
"MIMAT0027554","MIMAT0027554","miR-6827-5p",TRUE,TRUE
"MIMAT0027555","MIMAT0027555","miR-6827-3p",TRUE,TRUE
"MIMAT0027556","MIMAT0027556","miR-6828-5p",TRUE,TRUE
"MIMAT0027557","MIMAT0027557","miR-6828-3p",TRUE,TRUE
"MIMAT0027558","MIMAT0027558","miR-6829-5p",TRUE,TRUE
"MIMAT0027559","MIMAT0027559","miR-6829-3p",TRUE,TRUE
"MIMAT0027560","MIMAT0027560","miR-6830-5p",TRUE,TRUE
"MIMAT0027561","MIMAT0027561","miR-6830-3p",TRUE,FALSE
"MIMAT0027562","MIMAT0027562","miR-6831-5p",TRUE,FALSE
"MIMAT0027563","MIMAT0027563","miR-6831-3p",TRUE,TRUE
"MIMAT0027564","MIMAT0027564","miR-6832-5p",TRUE,TRUE
"MIMAT0027565","MIMAT0027565","miR-6832-3p",TRUE,TRUE
"MIMAT0027566","MIMAT0027566","miR-6833-5p",TRUE,TRUE
"MIMAT0027567","MIMAT0027567","miR-6833-3p",TRUE,TRUE
"MIMAT0027568","MIMAT0027568","miR-6834-5p",TRUE,TRUE
"MIMAT0027569","MIMAT0027569","miR-6834-3p",TRUE,TRUE
"MIMAT0027570","MIMAT0027570","miR-6835-5p",TRUE,TRUE
"MIMAT0027571","MIMAT0027571","miR-6835-3p",TRUE,TRUE
"MIMAT0027572","MIMAT0027572","miR-6780b-5p",TRUE,FALSE
"MIMAT0027573","MIMAT0027573","miR-6780b-3p",TRUE,TRUE
"MIMAT0027574","MIMAT0027574","miR-6836-5p",TRUE,TRUE
"MIMAT0027575","MIMAT0027575","miR-6836-3p",TRUE,TRUE
"MIMAT0027576","MIMAT0027576","miR-6837-5p",TRUE,TRUE
"MIMAT0027577","MIMAT0027577","miR-6837-3p",TRUE,TRUE
"MIMAT0027578","MIMAT0027578","miR-6838-5p",TRUE,TRUE
"MIMAT0027579","MIMAT0027579","miR-6838-3p",TRUE,FALSE
"MIMAT0027580","MIMAT0027580","miR-6839-5p",TRUE,TRUE
"MIMAT0027581","MIMAT0027581","miR-6839-3p",TRUE,TRUE
"MIMAT0027582","MIMAT0027582","miR-6840-5p",TRUE,TRUE
"MIMAT0027583","MIMAT0027583","miR-6840-3p",TRUE,TRUE
"MIMAT0027584","MIMAT0027584","miR-6841-5p",TRUE,FALSE
"MIMAT0027585","MIMAT0027585","miR-6841-3p",TRUE,TRUE
"MIMAT0027586","MIMAT0027586","miR-6842-5p",TRUE,TRUE
"MIMAT0027587","MIMAT0027587","miR-6842-3p",TRUE,TRUE
"MIMAT0027588","MIMAT0027588","miR-6843-3p",TRUE,TRUE
"MIMAT0027589","MIMAT0027589","miR-6844",TRUE,TRUE
"MIMAT0027590","MIMAT0027590","miR-6845-5p",TRUE,TRUE
"MIMAT0027591","MIMAT0027591","miR-6845-3p",TRUE,TRUE
"MIMAT0027592","MIMAT0027592","miR-6846-5p",TRUE,TRUE
"MIMAT0027593","MIMAT0027593","miR-6846-3p",TRUE,TRUE
"MIMAT0027594","MIMAT0027594","miR-6847-5p",TRUE,TRUE
"MIMAT0027595","MIMAT0027595","miR-6847-3p",TRUE,TRUE
"MIMAT0027596","MIMAT0027596","miR-6848-5p",TRUE,TRUE
"MIMAT0027597","MIMAT0027597","miR-6848-3p",TRUE,TRUE
"MIMAT0027598","MIMAT0027598","miR-6849-5p",TRUE,TRUE
"MIMAT0027599","MIMAT0027599","miR-6849-3p",TRUE,FALSE
"MIMAT0027600","MIMAT0027600","miR-6850-5p",TRUE,TRUE
"MIMAT0027601","MIMAT0027601","miR-6850-3p",TRUE,TRUE
"MIMAT0027602","MIMAT0027602","miR-6851-5p",TRUE,TRUE
"MIMAT0027603","MIMAT0027603","miR-6851-3p",TRUE,TRUE
"MIMAT0027604","MIMAT0027604","miR-6852-5p",TRUE,TRUE
"MIMAT0027605","MIMAT0027605","miR-6852-3p",TRUE,FALSE
"MIMAT0027606","MIMAT0027606","miR-6853-5p",TRUE,TRUE
"MIMAT0027607","MIMAT0027607","miR-6853-3p",TRUE,TRUE
"MIMAT0027608","MIMAT0027608","miR-6854-5p",TRUE,TRUE
"MIMAT0027609","MIMAT0027609","miR-6854-3p",TRUE,FALSE
"MIMAT0027610","MIMAT0027610","miR-6855-5p",TRUE,TRUE
"MIMAT0027611","MIMAT0027611","miR-6855-3p",TRUE,TRUE
"MIMAT0027612","MIMAT0027612","miR-6856-5p",TRUE,TRUE
"MIMAT0027613","MIMAT0027613","miR-6856-3p",TRUE,TRUE
"MIMAT0027614","MIMAT0027614","miR-6857-5p",TRUE,TRUE
"MIMAT0027615","MIMAT0027615","miR-6857-3p",TRUE,TRUE
"MIMAT0027616","MIMAT0027616","miR-6858-5p",TRUE,TRUE
"MIMAT0027617","MIMAT0027617","miR-6858-3p",TRUE,TRUE
"MIMAT0027618","MIMAT0027618","miR-6859-5p",TRUE,TRUE
"MIMAT0027619","MIMAT0027619","miR-6859-3p",TRUE,TRUE
"MIMAT0027620","MIMAT0027620","miR-6769b-5p",TRUE,TRUE
"MIMAT0027621","MIMAT0027621","miR-6769b-3p",TRUE,TRUE
"MIMAT0027622","MIMAT0027622","miR-6860",TRUE,FALSE
"MIMAT0027623","MIMAT0027623","miR-6861-5p",TRUE,TRUE
"MIMAT0027624","MIMAT0027624","miR-6861-3p",TRUE,TRUE
"MIMAT0027625","MIMAT0027625","miR-6862-5p",TRUE,TRUE
"MIMAT0027626","MIMAT0027626","miR-6862-3p",TRUE,TRUE
"MIMAT0027627","MIMAT0027627","miR-6863",TRUE,TRUE
"MIMAT0027628","MIMAT0027628","miR-6864-5p",TRUE,TRUE
"MIMAT0027629","MIMAT0027629","miR-6864-3p",TRUE,TRUE
"MIMAT0027630","MIMAT0027630","miR-6865-5p",TRUE,TRUE
"MIMAT0027631","MIMAT0027631","miR-6865-3p",TRUE,TRUE
"MIMAT0027632","MIMAT0027632","miR-6866-5p",TRUE,TRUE
"MIMAT0027633","MIMAT0027633","miR-6866-3p",TRUE,TRUE
"MIMAT0027634","MIMAT0027634","miR-6867-5p",TRUE,TRUE
"MIMAT0027635","MIMAT0027635","miR-6867-3p",TRUE,TRUE
"MIMAT0027636","MIMAT0027636","miR-6868-5p",TRUE,TRUE
"MIMAT0027637","MIMAT0027637","miR-6868-3p",TRUE,FALSE
"MIMAT0027638","MIMAT0027638","miR-6869-5p",TRUE,TRUE
"MIMAT0027639","MIMAT0027639","miR-6869-3p",TRUE,TRUE
"MIMAT0027640","MIMAT0027640","miR-6870-5p",TRUE,TRUE
"MIMAT0027641","MIMAT0027641","miR-6870-3p",TRUE,TRUE
"MIMAT0027642","MIMAT0027642","miR-6871-5p",TRUE,TRUE
"MIMAT0027643","MIMAT0027643","miR-6871-3p",TRUE,TRUE
"MIMAT0027644","MIMAT0027644","miR-6872-5p",TRUE,TRUE
"MIMAT0027645","MIMAT0027645","miR-6872-3p",TRUE,TRUE
"MIMAT0027646","MIMAT0027646","miR-6873-5p",TRUE,TRUE
"MIMAT0027647","MIMAT0027647","miR-6873-3p",TRUE,TRUE
"MIMAT0027648","MIMAT0027648","miR-6874-5p",TRUE,TRUE
"MIMAT0027649","MIMAT0027649","miR-6874-3p",TRUE,TRUE
"MIMAT0027650","MIMAT0027650","miR-6875-5p",TRUE,FALSE
"MIMAT0027651","MIMAT0027651","miR-6875-3p",TRUE,FALSE
"MIMAT0027652","MIMAT0027652","miR-6876-5p",TRUE,TRUE
"MIMAT0027653","MIMAT0027653","miR-6876-3p",TRUE,FALSE
"MIMAT0027654","MIMAT0027654","miR-6877-5p",TRUE,TRUE
"MIMAT0027655","MIMAT0027655","miR-6877-3p",TRUE,TRUE
"MIMAT0027656","MIMAT0027656","miR-6878-5p",TRUE,TRUE
"MIMAT0027657","MIMAT0027657","miR-6878-3p",TRUE,FALSE
"MIMAT0027658","MIMAT0027658","miR-6879-5p",TRUE,TRUE
"MIMAT0027659","MIMAT0027659","miR-6879-3p",TRUE,TRUE
"MIMAT0027660","MIMAT0027660","miR-6880-5p",TRUE,TRUE
"MIMAT0027661","MIMAT0027661","miR-6880-3p",TRUE,TRUE
"MIMAT0027662","MIMAT0027662","miR-6881-5p",TRUE,TRUE
"MIMAT0027663","MIMAT0027663","miR-6881-3p",TRUE,TRUE
"MIMAT0027664","MIMAT0027664","miR-6882-5p",TRUE,TRUE
"MIMAT0027665","MIMAT0027665","miR-6882-3p",TRUE,FALSE
"MIMAT0027666","MIMAT0027666","miR-6883-5p",TRUE,TRUE
"MIMAT0027667","MIMAT0027667","miR-6883-3p",TRUE,TRUE
"MIMAT0027668","MIMAT0027668","miR-6884-5p",TRUE,TRUE
"MIMAT0027669","MIMAT0027669","miR-6884-3p",TRUE,TRUE
"MIMAT0027670","MIMAT0027670","miR-6885-5p",TRUE,TRUE
"MIMAT0027671","MIMAT0027671","miR-6885-3p",TRUE,TRUE
"MIMAT0027672","MIMAT0027672","miR-6886-5p",TRUE,TRUE
"MIMAT0027673","MIMAT0027673","miR-6886-3p",TRUE,TRUE
"MIMAT0027674","MIMAT0027674","miR-6887-5p",TRUE,TRUE
"MIMAT0027675","MIMAT0027675","miR-6887-3p",TRUE,TRUE
"MIMAT0027676","MIMAT0027676","miR-6888-5p",TRUE,TRUE
"MIMAT0027677","MIMAT0027677","miR-6888-3p",TRUE,TRUE
"MIMAT0027678","MIMAT0027678","miR-6889-5p",TRUE,TRUE
"MIMAT0027679","MIMAT0027679","miR-6889-3p",TRUE,FALSE
"MIMAT0027680","MIMAT0027680","miR-6890-5p",TRUE,TRUE
"MIMAT0027681","MIMAT0027681","miR-6890-3p",TRUE,TRUE
"MIMAT0027682","MIMAT0027682","miR-6891-5p",TRUE,TRUE
"MIMAT0027683","MIMAT0027683","miR-6891-3p",TRUE,TRUE
"MIMAT0027684","MIMAT0027684","miR-6892-5p",TRUE,TRUE
"MIMAT0027685","MIMAT0027685","miR-6892-3p",TRUE,TRUE
"MIMAT0027686","MIMAT0027686","miR-6893-5p",TRUE,TRUE
"MIMAT0027687","MIMAT0027687","miR-6893-3p",TRUE,TRUE
"MIMAT0027688","MIMAT0027688","miR-6894-5p",TRUE,TRUE
"MIMAT0027689","MIMAT0027689","miR-6894-3p",TRUE,TRUE
"MIMAT0027690","MIMAT0027690","miR-6895-5p",TRUE,TRUE
"MIMAT0027691","MIMAT0027691","miR-6895-3p",TRUE,TRUE
"MIMAT0028109","MIMAT0028109","miR-7106-5p",TRUE,TRUE
"MIMAT0028110","MIMAT0028110","miR-7106-3p",TRUE,FALSE
"MIMAT0028111","MIMAT0028111","miR-7107-5p",TRUE,TRUE
"MIMAT0028112","MIMAT0028112","miR-7107-3p",TRUE,TRUE
"MIMAT0028113","MIMAT0028113","miR-7108-5p",TRUE,TRUE
"MIMAT0028114","MIMAT0028114","miR-7108-3p",TRUE,TRUE
"MIMAT0028115","MIMAT0028115","miR-7109-5p",TRUE,TRUE
"MIMAT0028116","MIMAT0028116","miR-7109-3p",TRUE,TRUE
"MIMAT0028117","MIMAT0028117","miR-7110-5p",TRUE,TRUE
"MIMAT0028118","MIMAT0028118","miR-7110-3p",TRUE,TRUE
"MIMAT0028119","MIMAT0028119","miR-7111-5p",TRUE,TRUE
"MIMAT0028120","MIMAT0028120","miR-7111-3p",TRUE,TRUE
"MIMAT0028121","MIMAT0028121","miR-7112-5p",TRUE,TRUE
"MIMAT0028122","MIMAT0028122","miR-7112-3p",TRUE,TRUE
"MIMAT0028123","MIMAT0028123","miR-7113-5p",TRUE,TRUE
"MIMAT0028124","MIMAT0028124","miR-7113-3p",TRUE,FALSE
"MIMAT0028125","MIMAT0028125","miR-7114-5p",TRUE,TRUE
"MIMAT0028126","MIMAT0028126","miR-7114-3p",TRUE,TRUE
"MIMAT0028211","MIMAT0028211","miR-7150",TRUE,TRUE
"MIMAT0028212","MIMAT0028212","miR-7151-5p",TRUE,TRUE
"MIMAT0028213","MIMAT0028213","miR-7151-3p",TRUE,TRUE
"MIMAT0028214","MIMAT0028214","miR-7152-5p",TRUE,FALSE
"MIMAT0028215","MIMAT0028215","miR-7152-3p",TRUE,TRUE
"MIMAT0028216","MIMAT0028216","miR-7153-5p",TRUE,TRUE
"MIMAT0028217","MIMAT0028217","miR-7153-3p",TRUE,TRUE
"MIMAT0028218","MIMAT0028218","miR-7154-5p",TRUE,FALSE
"MIMAT0028219","MIMAT0028219","miR-7154-3p",TRUE,TRUE
"MIMAT0028220","MIMAT0028220","miR-7155-5p",TRUE,TRUE
"MIMAT0028221","MIMAT0028221","miR-7155-3p",TRUE,TRUE
"MIMAT0028222","MIMAT0028222","miR-7156-5p",TRUE,TRUE
"MIMAT0028223","MIMAT0028223","miR-7156-3p",TRUE,TRUE
"MIMAT0028224","MIMAT0028224","miR-7157-5p",TRUE,TRUE
"MIMAT0028225","MIMAT0028225","miR-7157-3p",TRUE,TRUE
"MIMAT0028226","MIMAT0028226","miR-7158-5p",TRUE,TRUE
"MIMAT0028227","MIMAT0028227","miR-7158-3p",TRUE,TRUE
"MIMAT0028228","MIMAT0028228","miR-7159-5p",TRUE,TRUE
"MIMAT0028229","MIMAT0028229","miR-7159-3p",TRUE,TRUE
"MIMAT0028230","MIMAT0028230","miR-7160-5p",TRUE,TRUE
"MIMAT0028231","MIMAT0028231","miR-7160-3p",TRUE,TRUE
"MIMAT0028232","MIMAT0028232","miR-7161-5p",TRUE,TRUE
"MIMAT0028233","MIMAT0028233","miR-7161-3p",TRUE,TRUE
"MIMAT0028234","MIMAT0028234","miR-7162-5p",TRUE,FALSE
"MIMAT0028235","MIMAT0028235","miR-7162-3p",TRUE,TRUE
"MIMAT0029310","MIMAT0029310","miR-7515",TRUE,TRUE
"MIMAT0029782","MIMAT0029782","miR-7641",TRUE,TRUE
"MIMAT0030017","MIMAT0030017","miR-7702",TRUE,TRUE
"MIMAT0030018","MIMAT0030018","miR-7703",TRUE,TRUE
"MIMAT0030019","MIMAT0030019","miR-7704",TRUE,TRUE
"MIMAT0030020","MIMAT0030020","miR-7705",TRUE,TRUE
"MIMAT0030021","MIMAT0030021","miR-7706",TRUE,TRUE
"MIMAT0030411","MIMAT0030411","miR-7843-5p",TRUE,TRUE
"MIMAT0030412","MIMAT0030412","miR-7843-3p",TRUE,TRUE
"MIMAT0030413","MIMAT0030413","miR-4433b-5p",TRUE,TRUE
"MIMAT0030414","MIMAT0030414","miR-4433b-3p",TRUE,TRUE
"MIMAT0030415","MIMAT0030415","miR-1273h-5p",TRUE,TRUE
"MIMAT0030416","MIMAT0030416","miR-1273h-3p",TRUE,TRUE
"MIMAT0030417","MIMAT0030417","miR-6516-5p",TRUE,TRUE
"MIMAT0030418","MIMAT0030418","miR-6516-3p",TRUE,TRUE
"MIMAT0030419","MIMAT0030419","miR-7844-5p",TRUE,TRUE
"MIMAT0030420","MIMAT0030420","miR-7845-5p",TRUE,TRUE
"MIMAT0030421","MIMAT0030421","miR-7846-3p",TRUE,TRUE
"MIMAT0030422","MIMAT0030422","miR-7847-3p",TRUE,FALSE
"MIMAT0030423","MIMAT0030423","miR-7848-3p",TRUE,FALSE
"MIMAT0030424","MIMAT0030424","miR-7849-3p",TRUE,TRUE
"MIMAT0030425","MIMAT0030425","miR-7850-5p",TRUE,TRUE
"MIMAT0030426","MIMAT0030426","miR-7851-3p",TRUE,TRUE
"MIMAT0030427","MIMAT0030427","miR-7852-3p",TRUE,TRUE
"MIMAT0030428","MIMAT0030428","miR-7853-5p",TRUE,TRUE
"MIMAT0030429","MIMAT0030429","miR-7854-3p",TRUE,TRUE
"MIMAT0030430","MIMAT0030430","miR-7855-5p",TRUE,TRUE
"MIMAT0030431","MIMAT0030431","miR-7856-5p",TRUE,TRUE
"MIMAT0030979","MIMAT0030979","miR-8052",TRUE,TRUE
"MIMAT0030980","MIMAT0030980","miR-8053",TRUE,TRUE
"MIMAT0030981","MIMAT0030981","miR-8054",TRUE,TRUE
"MIMAT0030982","MIMAT0030982","miR-8055",TRUE,TRUE
"MIMAT0030983","MIMAT0030983","miR-8056",TRUE,TRUE
"MIMAT0030984","MIMAT0030984","miR-8057",TRUE,TRUE
"MIMAT0030985","MIMAT0030985","miR-8058",TRUE,TRUE
"MIMAT0030986","MIMAT0030986","miR-8059",TRUE,TRUE
"MIMAT0030987","MIMAT0030987","miR-8060",TRUE,TRUE
"MIMAT0030988","MIMAT0030988","miR-8061",TRUE,TRUE
"MIMAT0030989","MIMAT0030989","miR-8062",TRUE,TRUE
"MIMAT0030990","MIMAT0030990","miR-8063",TRUE,TRUE
"MIMAT0030991","MIMAT0030991","miR-8064",TRUE,TRUE
"MIMAT0030992","MIMAT0030992","miR-8065",TRUE,TRUE
"MIMAT0030993","MIMAT0030993","miR-8066",TRUE,TRUE
"MIMAT0030994","MIMAT0030994","miR-8067",TRUE,TRUE
"MIMAT0030995","MIMAT0030995","miR-8068",TRUE,TRUE
"MIMAT0030996","MIMAT0030996","miR-8069",TRUE,TRUE
"MIMAT0030997","MIMAT0030997","miR-8070",TRUE,TRUE
"MIMAT0030998","MIMAT0030998","miR-8071",TRUE,TRUE
"MIMAT0030999","MIMAT0030999","miR-8072",TRUE,TRUE
"MIMAT0031000","MIMAT0031000","miR-8073",TRUE,TRUE
"MIMAT0031001","MIMAT0031001","miR-8074",TRUE,TRUE
"MIMAT0031002","MIMAT0031002","miR-8075",TRUE,TRUE
"MIMAT0031003","MIMAT0031003","miR-8076",TRUE,FALSE
"MIMAT0031004","MIMAT0031004","miR-8077",TRUE,TRUE
"MIMAT0031005","MIMAT0031005","miR-8078",TRUE,TRUE
"MIMAT0031006","MIMAT0031006","miR-8079",TRUE,TRUE
"MIMAT0031007","MIMAT0031007","miR-8080",TRUE,TRUE
"MIMAT0031008","MIMAT0031008","miR-8081",TRUE,TRUE
"MIMAT0031009","MIMAT0031009","miR-8082",TRUE,TRUE
"MIMAT0031010","MIMAT0031010","miR-8083",TRUE,TRUE
"MIMAT0031011","MIMAT0031011","miR-8084",TRUE,TRUE
"MIMAT0031012","MIMAT0031012","miR-8085",TRUE,TRUE
"MIMAT0031013","MIMAT0031013","miR-8086",TRUE,TRUE
"MIMAT0031014","MIMAT0031014","miR-8087",TRUE,FALSE
"MIMAT0031015","MIMAT0031015","miR-8088",TRUE,TRUE
"MIMAT0031016","MIMAT0031016","miR-8089",TRUE,TRUE
"MIMAT0031074","MIMAT0031074","miR-450a-2-3p",TRUE,TRUE
"MIMAT0031095","MIMAT0031095","miR-128-2-5p",TRUE,TRUE
"MIMAT0031119","MIMAT0031119","miR-1199-5p",TRUE,TRUE
"MIMAT0031120","MIMAT0031120","miR-1199-3p",TRUE,FALSE
"MIMAT0031175","MIMAT0031175","miR-548ba",TRUE,FALSE
"MIMAT0031176","MIMAT0031176","miR-7973",TRUE,TRUE
"MIMAT0031177","MIMAT0031177","miR-7974",TRUE,TRUE
"MIMAT0031178","MIMAT0031178","miR-7975",TRUE,TRUE
"MIMAT0031179","MIMAT0031179","miR-7976",TRUE,FALSE
"MIMAT0031180","MIMAT0031180","miR-7977",TRUE,FALSE
"MIMAT0031181","MIMAT0031181","miR-7978",TRUE,FALSE
