"Probe","Mature_ID","miRNA","Unambiguous","Complete_All_Samples"
"MIMAT0000062_st","MIMAT0000062","let-7a-5p",TRUE,TRUE
"MIMAT0000063_st","MIMAT0000063","let-7b-5p",TRUE,TRUE
"MIMAT0000064_st","MIMAT0000064","let-7c-5p",TRUE,TRUE
"MIMAT0000065_st","MIMAT0000065","let-7d-5p",TRUE,TRUE
"MIMAT0000066_st","MIMAT0000066","let-7e-5p",TRUE,TRUE
"MIMAT0000067_st","MIMAT0000067","let-7f-5p",TRUE,TRUE
"MIMAT0000068_st","MIMAT0000068","miR-15a-5p",TRUE,TRUE
"MIMAT0000069_st","MIMAT0000069","miR-16-5p",TRUE,TRUE
"MIMAT0000070_st","MIMAT0000070","miR-17-5p",TRUE,TRUE
"MIMAT0000071_st","MIMAT0000071","miR-17-3p",TRUE,TRUE
"MIMAT0000072_st","MIMAT0000072","miR-18a-5p",TRUE,TRUE
"MIMAT0000073_st","MIMAT0000073","miR-19a-3p",TRUE,TRUE
"MIMAT0000074_st","MIMAT0000074","miR-19b-3p",TRUE,TRUE
"MIMAT0000075_st","MIMAT0000075","miR-20a-5p",TRUE,TRUE
"MIMAT0000076_st","MIMAT0000076","miR-21-5p",TRUE,TRUE
"MIMAT0000077_st","MIMAT0000077","miR-22-3p",TRUE,TRUE
"MIMAT0000078_st","MIMAT0000078","miR-23a-3p",TRUE,TRUE
"MIMAT0000079_st","MIMAT0000079","miR-24-1-5p",TRUE,TRUE
"MIMAT0000080_st","MIMAT0000080","miR-24-3p",TRUE,TRUE
"MIMAT0000081_st","MIMAT0000081","miR-25-3p",TRUE,TRUE
"MIMAT0000082_st","MIMAT0000082","miR-26a-5p",TRUE,TRUE
"MIMAT0000083_st","MIMAT0000083","miR-26b-5p",TRUE,TRUE
"MIMAT0000084_st","MIMAT0000084","miR-27a-3p",TRUE,TRUE
"MIMAT0000085_st","MIMAT0000085","miR-28-5p",TRUE,TRUE
"MIMAT0000086_st","MIMAT0000086","miR-29a-3p",TRUE,TRUE
"MIMAT0000087_st","MIMAT0000087","miR-30a-5p",TRUE,TRUE
"MIMAT0000088_st","MIMAT0000088","miR-30a-3p",TRUE,TRUE
"MIMAT0000089_st","MIMAT0000089","miR-31-5p",TRUE,TRUE
"MIMAT0000090_st","MIMAT0000090","miR-32-5p",TRUE,TRUE
"MIMAT0000091_st","MIMAT0000091","miR-33a-5p",TRUE,TRUE
"MIMAT0000092_st","MIMAT0000092","miR-92a-3p",TRUE,TRUE
"MIMAT0000093_st","MIMAT0000093","miR-93-5p",TRUE,TRUE
"MIMAT0000094_st","MIMAT0000094","miR-95-3p",TRUE,TRUE
"MIMAT0000095_st","MIMAT0000095","miR-96-5p",TRUE,TRUE
"MIMAT0000096_st","MIMAT0000096","miR-98-5p",TRUE,TRUE
"MIMAT0000097_st","MIMAT0000097","miR-99a-5p",TRUE,TRUE
"MIMAT0000098_st","MIMAT0000098","miR-100-5p",TRUE,TRUE
"MIMAT0000099_st","MIMAT0000099","miR-101-3p",TRUE,TRUE
"MIMAT0000100_st","MIMAT0000100","miR-29b-3p",TRUE,TRUE
"MIMAT0000101_st","MIMAT0000101","miR-103a-3p",TRUE,TRUE
"MIMAT0000102_st","MIMAT0000102","miR-105-5p",TRUE,TRUE
"MIMAT0000103_st","MIMAT0000103","miR-106a-5p",TRUE,TRUE
"MIMAT0000104_st","MIMAT0000104","miR-107",TRUE,TRUE
"MIMAT0000222_st","MIMAT0000222","miR-192-5p",TRUE,TRUE
"MIMAT0000226_st","MIMAT0000226","miR-196a-5p",TRUE,TRUE
"MIMAT0000227_st","MIMAT0000227","miR-197-3p",TRUE,TRUE
"MIMAT0000228_st","MIMAT0000228","miR-198",TRUE,TRUE
"MIMAT0000231_st","MIMAT0000231","miR-199a-5p",TRUE,TRUE
"MIMAT0000232_st","MIMAT0000232",NA,FALSE,TRUE
"MIMAT0000241_st","MIMAT0000241","miR-208a-3p",TRUE,TRUE
"MIMAT0000242_st","MIMAT0000242","miR-129-5p",TRUE,TRUE
"MIMAT0000243_st","MIMAT0000243","miR-148a-3p",TRUE,TRUE
"MIMAT0000244_st","MIMAT0000244","miR-30c-5p",TRUE,TRUE
"MIMAT0000245_st","MIMAT0000245","miR-30d-5p",TRUE,TRUE
"MIMAT0000250_st","MIMAT0000250","miR-139-5p",TRUE,TRUE
"MIMAT0000251_st","MIMAT0000251","miR-147a",TRUE,TRUE
"MIMAT0000252_st","MIMAT0000252","miR-7-5p",TRUE,TRUE
"MIMAT0000253_st","MIMAT0000253","miR-10a-5p",TRUE,TRUE
"MIMAT0000254_st","MIMAT0000254","miR-10b-5p",TRUE,TRUE
"MIMAT0000255_st","MIMAT0000255","miR-34a-5p",TRUE,TRUE
"MIMAT0000256_st","MIMAT0000256","miR-181a-5p",TRUE,TRUE
"MIMAT0000257_st","MIMAT0000257","miR-181b-5p",TRUE,TRUE
"MIMAT0000258_st","MIMAT0000258","miR-181c-5p",TRUE,TRUE
"MIMAT0000259_st","MIMAT0000259","miR-182-5p",TRUE,TRUE
"MIMAT0000260_st","MIMAT0000260","miR-182-3p",TRUE,TRUE
"MIMAT0000261_st","MIMAT0000261","miR-183-5p",TRUE,TRUE
"MIMAT0000262_st","MIMAT0000262","miR-187-3p",TRUE,TRUE
"MIMAT0000263_st","MIMAT0000263","miR-199b-5p",TRUE,TRUE
"MIMAT0000264_st","MIMAT0000264","miR-203a",TRUE,TRUE
"MIMAT0000265_st","MIMAT0000265","miR-204-5p",TRUE,TRUE
"MIMAT0000266_st","MIMAT0000266","miR-205-5p",TRUE,TRUE
"MIMAT0000267_st","MIMAT0000267","miR-210-3p",TRUE,TRUE
"MIMAT0000268_st","MIMAT0000268","miR-211-5p",TRUE,TRUE
"MIMAT0000269_st","MIMAT0000269","miR-212-3p",TRUE,TRUE
"MIMAT0000270_st","MIMAT0000270","miR-181a-3p",TRUE,TRUE
"MIMAT0000271_st","MIMAT0000271","miR-214-3p",TRUE,TRUE
"MIMAT0000272_st","MIMAT0000272","miR-215-5p",TRUE,TRUE
"MIMAT0000273_st","MIMAT0000273","miR-216a-5p",TRUE,TRUE
"MIMAT0000274_st","MIMAT0000274","miR-217",TRUE,TRUE
"MIMAT0000275_st","MIMAT0000275","miR-218-5p",TRUE,TRUE
"MIMAT0000276_st","MIMAT0000276","miR-219a-5p",TRUE,TRUE
"MIMAT0000278_st","MIMAT0000278","miR-221-3p",TRUE,TRUE
"MIMAT0000279_st","MIMAT0000279","miR-222-3p",TRUE,TRUE
"MIMAT0000280_st","MIMAT0000280","miR-223-3p",TRUE,TRUE
"MIMAT0000281_st","MIMAT0000281","miR-224-5p",TRUE,TRUE
"MIMAT0000318_st","MIMAT0000318","miR-200b-3p",TRUE,TRUE
"MIMAT0000414_st","MIMAT0000414","let-7g-5p",TRUE,TRUE
"MIMAT0000415_st","MIMAT0000415","let-7i-5p",TRUE,TRUE
"MIMAT0000416_st","MIMAT0000416","miR-1",TRUE,TRUE
"MIMAT0000417_st","MIMAT0000417","miR-15b-5p",TRUE,TRUE
"MIMAT0000418_st","MIMAT0000418","miR-23b-3p",TRUE,TRUE
"MIMAT0000419_st","MIMAT0000419","miR-27b-3p",TRUE,TRUE
"MIMAT0000420_st","MIMAT0000420","miR-30b-5p",TRUE,TRUE
"MIMAT0000421_st","MIMAT0000421","miR-122-5p",TRUE,TRUE
"MIMAT0000422_st","MIMAT0000422","miR-124-3p",TRUE,TRUE
"MIMAT0000423_st","MIMAT0000423","miR-125b-5p",TRUE,TRUE
"MIMAT0000424_st","MIMAT0000424","miR-128-3p",TRUE,TRUE
"MIMAT0000425_st","MIMAT0000425","miR-130a-3p",TRUE,TRUE
"MIMAT0000426_st","MIMAT0000426","miR-132-3p",TRUE,TRUE
"MIMAT0000427_st","MIMAT0000427","miR-133a-3p",TRUE,TRUE
"MIMAT0000428_st","MIMAT0000428","miR-135a-5p",TRUE,TRUE
"MIMAT0000429_st","MIMAT0000429","miR-137",TRUE,TRUE
"MIMAT0000430_st","MIMAT0000430","miR-138-5p",TRUE,TRUE
"MIMAT0000431_st","MIMAT0000431","miR-140-5p",TRUE,TRUE
"MIMAT0000432_st","MIMAT0000432","miR-141-3p",TRUE,TRUE
"MIMAT0000433_st","MIMAT0000433","miR-142-5p",TRUE,TRUE
"MIMAT0000434_st","MIMAT0000434","miR-142-3p",TRUE,TRUE
"MIMAT0000435_st","MIMAT0000435","miR-143-3p",TRUE,TRUE
"MIMAT0000436_st","MIMAT0000436","miR-144-3p",TRUE,TRUE
"MIMAT0000437_st","MIMAT0000437","miR-145-5p",TRUE,TRUE
"MIMAT0000438_st","MIMAT0000438","miR-152-3p",TRUE,TRUE
"MIMAT0000439_st","MIMAT0000439","miR-153-3p",TRUE,TRUE
"MIMAT0000440_st","MIMAT0000440","miR-191-5p",TRUE,TRUE
"MIMAT0000441_st","MIMAT0000441","miR-9-5p",TRUE,TRUE
"MIMAT0000442_st","MIMAT0000442","miR-9-3p",TRUE,TRUE
"MIMAT0000443_st","MIMAT0000443","miR-125a-5p",TRUE,TRUE
"MIMAT0000444_st","MIMAT0000444","miR-126-5p",TRUE,TRUE
"MIMAT0000445_st","MIMAT0000445","miR-126-3p",TRUE,TRUE
"MIMAT0000446_st","MIMAT0000446","miR-127-3p",TRUE,TRUE
"MIMAT0000447_st","MIMAT0000447","miR-134-5p",TRUE,TRUE
"MIMAT0000448_st","MIMAT0000448","miR-136-5p",TRUE,TRUE
"MIMAT0000449_st","MIMAT0000449","miR-146a-5p",TRUE,TRUE
"MIMAT0000450_st","MIMAT0000450","miR-149-5p",TRUE,TRUE
"MIMAT0000451_st","MIMAT0000451","miR-150-5p",TRUE,TRUE
"MIMAT0000452_st","MIMAT0000452","miR-154-5p",TRUE,TRUE
"MIMAT0000453_st","MIMAT0000453","miR-154-3p",TRUE,TRUE
"MIMAT0000454_st","MIMAT0000454","miR-184",TRUE,TRUE
"MIMAT0000455_st","MIMAT0000455","miR-185-5p",TRUE,TRUE
"MIMAT0000456_st","MIMAT0000456","miR-186-5p",TRUE,TRUE
"MIMAT0000457_st","MIMAT0000457","miR-188-5p",TRUE,TRUE
"MIMAT0000458_st","MIMAT0000458","miR-190a-5p",TRUE,TRUE
"MIMAT0000459_st","MIMAT0000459","miR-193a-3p",TRUE,TRUE
"MIMAT0000460_st","MIMAT0000460","miR-194-5p",TRUE,TRUE
"MIMAT0000461_st","MIMAT0000461","miR-195-5p",TRUE,TRUE
"MIMAT0000462_st","MIMAT0000462","miR-206",TRUE,TRUE
"MIMAT0000510_st","MIMAT0000510","miR-320a",TRUE,TRUE
"MIMAT0000617_st","MIMAT0000617","miR-200c-3p",TRUE,TRUE
"MIMAT0000646_st","MIMAT0000646","miR-155-5p",TRUE,TRUE
"MIMAT0000680_st","MIMAT0000680","miR-106b-5p",TRUE,TRUE
"MIMAT0000681_st","MIMAT0000681","miR-29c-3p",TRUE,TRUE
"MIMAT0000682_st","MIMAT0000682","miR-200a-3p",TRUE,TRUE
"MIMAT0000683_st","MIMAT0000683","miR-302a-5p",TRUE,TRUE
"MIMAT0000684_st","MIMAT0000684","miR-302a-3p",TRUE,TRUE
"MIMAT0000685_st","MIMAT0000685","miR-34b-5p",TRUE,TRUE
"MIMAT0000686_st","MIMAT0000686","miR-34c-5p",TRUE,TRUE
"MIMAT0000687_st","MIMAT0000687","miR-299-3p",TRUE,TRUE
"MIMAT0000688_st","MIMAT0000688","miR-301a-3p",TRUE,TRUE
"MIMAT0000689_st","MIMAT0000689","miR-99b-5p",TRUE,TRUE
"MIMAT0000690_st","MIMAT0000690","miR-296-5p",TRUE,TRUE
"MIMAT0000691_st","MIMAT0000691","miR-130b-3p",TRUE,TRUE
"MIMAT0000692_st","MIMAT0000692","miR-30e-5p",TRUE,TRUE
"MIMAT0000693_st","MIMAT0000693","miR-30e-3p",TRUE,TRUE
"MIMAT0000703_st","MIMAT0000703","miR-361-5p",TRUE,TRUE
"MIMAT0000705_st","MIMAT0000705","miR-362-5p",TRUE,TRUE
"MIMAT0000707_st","MIMAT0000707","miR-363-3p",TRUE,TRUE
"MIMAT0000710_st","MIMAT0000710",NA,FALSE,TRUE
"MIMAT0000714_st","MIMAT0000714","miR-302b-5p",TRUE,TRUE
"MIMAT0000715_st","MIMAT0000715","miR-302b-3p",TRUE,TRUE
"MIMAT0000716_st","MIMAT0000716","miR-302c-5p",TRUE,TRUE
"MIMAT0000717_st","MIMAT0000717","miR-302c-3p",TRUE,TRUE
"MIMAT0000718_st","MIMAT0000718","miR-302d-3p",TRUE,TRUE
"MIMAT0000719_st","MIMAT0000719","miR-367-3p",TRUE,TRUE
"MIMAT0000720_st","MIMAT0000720","miR-376c-3p",TRUE,TRUE
"MIMAT0000721_st","MIMAT0000721","miR-369-3p",TRUE,TRUE
"MIMAT0000722_st","MIMAT0000722","miR-370-3p",TRUE,TRUE
"MIMAT0000723_st","MIMAT0000723","miR-371a-3p",TRUE,TRUE
"MIMAT0000724_st","MIMAT0000724","miR-372-3p",TRUE,TRUE
"MIMAT0000725_st","MIMAT0000725","miR-373-5p",TRUE,TRUE
"MIMAT0000726_st","MIMAT0000726","miR-373-3p",TRUE,TRUE
"MIMAT0000727_st","MIMAT0000727","miR-374a-5p",TRUE,TRUE
"MIMAT0000728_st","MIMAT0000728","miR-375",TRUE,TRUE
"MIMAT0000729_st","MIMAT0000729","miR-376a-3p",TRUE,TRUE
"MIMAT0000730_st","MIMAT0000730","miR-377-3p",TRUE,TRUE
"MIMAT0000731_st","MIMAT0000731","miR-378a-5p",TRUE,TRUE
"MIMAT0000732_st","MIMAT0000732","miR-378a-3p",TRUE,TRUE
"MIMAT0000733_st","MIMAT0000733","miR-379-5p",TRUE,TRUE
"MIMAT0000734_st","MIMAT0000734","miR-380-5p",TRUE,TRUE
"MIMAT0000735_st","MIMAT0000735","miR-380-3p",TRUE,TRUE
"MIMAT0000736_st","MIMAT0000736","miR-381-3p",TRUE,TRUE
"MIMAT0000737_st","MIMAT0000737","miR-382-5p",TRUE,TRUE
"MIMAT0000738_st","MIMAT0000738","miR-383-5p",TRUE,TRUE
"MIMAT0000750_st","MIMAT0000750","miR-340-3p",TRUE,TRUE
"MIMAT0000751_st","MIMAT0000751","miR-330-3p",TRUE,TRUE
"MIMAT0000752_st","MIMAT0000752","miR-328-3p",TRUE,TRUE
"MIMAT0000753_st","MIMAT0000753","miR-342-3p",TRUE,TRUE
"MIMAT0000754_st","MIMAT0000754","miR-337-3p",TRUE,TRUE
"MIMAT0000755_st","MIMAT0000755","miR-323a-3p",TRUE,TRUE
"MIMAT0000756_st","MIMAT0000756","miR-326",TRUE,TRUE
"MIMAT0000757_st","MIMAT0000757","miR-151a-3p",TRUE,TRUE
"MIMAT0000758_st","MIMAT0000758","miR-135b-5p",TRUE,TRUE
"MIMAT0000759_st","MIMAT0000759","miR-148b-3p",TRUE,TRUE
"MIMAT0000760_st","MIMAT0000760","miR-331-3p",TRUE,TRUE
"MIMAT0000761_st","MIMAT0000761","miR-324-5p",TRUE,TRUE
"MIMAT0000762_st","MIMAT0000762","miR-324-3p",TRUE,TRUE
"MIMAT0000763_st","MIMAT0000763","miR-338-3p",TRUE,TRUE
"MIMAT0000764_st","MIMAT0000764","miR-339-5p",TRUE,TRUE
"MIMAT0000765_st","MIMAT0000765","miR-335-5p",TRUE,TRUE
"MIMAT0000770_st","MIMAT0000770","miR-133b",TRUE,TRUE
"MIMAT0000771_st","MIMAT0000771","miR-325",TRUE,TRUE
"MIMAT0000772_st","MIMAT0000772","miR-345-5p",TRUE,TRUE
"MIMAT0000773_st","MIMAT0000773","miR-346",TRUE,TRUE
"MIMAT0001075_st","MIMAT0001075","miR-384",TRUE,TRUE
"MIMAT0001080_st","MIMAT0001080","miR-196b-5p",TRUE,TRUE
"MIMAT0001339_st","MIMAT0001339","miR-422a",TRUE,TRUE
"MIMAT0001340_st","MIMAT0001340","miR-423-3p",TRUE,TRUE
"MIMAT0001341_st","MIMAT0001341","miR-424-5p",TRUE,TRUE
"MIMAT0001343_st","MIMAT0001343","miR-425-3p",TRUE,TRUE
"MIMAT0001412_st","MIMAT0001412","miR-18b-5p",TRUE,TRUE
"MIMAT0001413_st","MIMAT0001413","miR-20b-5p",TRUE,TRUE
"MIMAT0001532_st","MIMAT0001532","miR-448",TRUE,TRUE
"MIMAT0001536_st","MIMAT0001536","miR-429",TRUE,TRUE
"MIMAT0001541_st","MIMAT0001541","miR-449a",TRUE,TRUE
"MIMAT0001545_st","MIMAT0001545","miR-450a-5p",TRUE,TRUE
"MIMAT0001618_st","MIMAT0001618","miR-191-3p",TRUE,TRUE
"MIMAT0001620_st","MIMAT0001620","miR-200a-5p",TRUE,TRUE
"MIMAT0001621_st","MIMAT0001621","miR-369-5p",TRUE,TRUE
"MIMAT0001625_st","MIMAT0001625","miR-431-5p",TRUE,TRUE
"MIMAT0001627_st","MIMAT0001627","miR-433-3p",TRUE,TRUE
"MIMAT0001629_st","MIMAT0001629","miR-329-3p",TRUE,TRUE
"MIMAT0001630_st","MIMAT0001630","miR-323b-5p",TRUE,TRUE
"MIMAT0001631_st","MIMAT0001631","miR-451a",TRUE,TRUE
"MIMAT0001635_st","MIMAT0001635","miR-452-5p",TRUE,TRUE
"MIMAT0001636_st","MIMAT0001636","miR-452-3p",TRUE,TRUE
"MIMAT0001638_st","MIMAT0001638","miR-409-5p",TRUE,TRUE
"MIMAT0001639_st","MIMAT0001639","miR-409-3p",TRUE,TRUE
"MIMAT0002170_st","MIMAT0002170","miR-412-3p",TRUE,TRUE
"MIMAT0002171_st","MIMAT0002171","miR-410-3p",TRUE,TRUE
"MIMAT0002172_st","MIMAT0002172","miR-376b-3p",TRUE,TRUE
"MIMAT0002173_st","MIMAT0002173","miR-483-3p",TRUE,TRUE
"MIMAT0002174_st","MIMAT0002174","miR-484",TRUE,TRUE
"MIMAT0002175_st","MIMAT0002175","miR-485-5p",TRUE,TRUE
"MIMAT0002176_st","MIMAT0002176","miR-485-3p",TRUE,TRUE
"MIMAT0002177_st","MIMAT0002177","miR-486-5p",TRUE,TRUE
"MIMAT0002178_st","MIMAT0002178","miR-487a-3p",TRUE,TRUE
"MIMAT0002804_st","MIMAT0002804","miR-488-5p",TRUE,TRUE
"MIMAT0002805_st","MIMAT0002805","miR-489-3p",TRUE,TRUE
"MIMAT0002806_st","MIMAT0002806","miR-490-3p",TRUE,TRUE
"MIMAT0002807_st","MIMAT0002807","miR-491-5p",TRUE,TRUE
"MIMAT0002808_st","MIMAT0002808","miR-511-5p",TRUE,TRUE
"MIMAT0002809_st","MIMAT0002809","miR-146b-5p",TRUE,TRUE
"MIMAT0002810_st","MIMAT0002810","miR-202-5p",TRUE,TRUE
"MIMAT0002811_st","MIMAT0002811","miR-202-3p",TRUE,TRUE
"MIMAT0002812_st","MIMAT0002812","miR-492",TRUE,TRUE
"MIMAT0002813_st","MIMAT0002813","miR-493-5p",TRUE,TRUE
"MIMAT0002814_st","MIMAT0002814","miR-432-5p",TRUE,TRUE
"MIMAT0002815_st","MIMAT0002815","miR-432-3p",TRUE,TRUE
"MIMAT0002816_st","MIMAT0002816","miR-494-3p",TRUE,TRUE
"MIMAT0002817_st","MIMAT0002817","miR-495-3p",TRUE,TRUE
"MIMAT0002818_st","MIMAT0002818","miR-496",TRUE,TRUE
"MIMAT0002819_st","MIMAT0002819","miR-193b-3p",TRUE,TRUE
"MIMAT0002820_st","MIMAT0002820","miR-497-5p",TRUE,TRUE
"MIMAT0002821_st","MIMAT0002821","miR-181d-5p",TRUE,TRUE
"MIMAT0002822_st","MIMAT0002822","miR-512-5p",TRUE,TRUE
"MIMAT0002823_st","MIMAT0002823","miR-512-3p",TRUE,TRUE
"MIMAT0002824_st","MIMAT0002824","miR-498",TRUE,TRUE
"MIMAT0002825_st","MIMAT0002825","miR-520e",TRUE,TRUE
"MIMAT0002826_st","MIMAT0002826","miR-515-5p",TRUE,TRUE
"MIMAT0002827_st","MIMAT0002827","miR-515-3p",TRUE,TRUE
"MIMAT0002828_st","MIMAT0002828","miR-519e-5p",TRUE,TRUE
"MIMAT0002829_st","MIMAT0002829","miR-519e-3p",TRUE,TRUE
"MIMAT0002830_st","MIMAT0002830","miR-520f-3p",TRUE,TRUE
"MIMAT0002831_st","MIMAT0002831",NA,FALSE,TRUE
"MIMAT0002832_st","MIMAT0002832","miR-519c-3p",TRUE,TRUE
"MIMAT0002833_st","MIMAT0002833","miR-520a-5p",TRUE,TRUE
"MIMAT0002834_st","MIMAT0002834","miR-520a-3p",TRUE,TRUE
"MIMAT0002835_st","MIMAT0002835","miR-526b-5p",TRUE,TRUE
"MIMAT0002836_st","MIMAT0002836","miR-526b-3p",TRUE,TRUE
"MIMAT0002837_st","MIMAT0002837","miR-519b-3p",TRUE,TRUE
"MIMAT0002838_st","MIMAT0002838","miR-525-5p",TRUE,TRUE
"MIMAT0002839_st","MIMAT0002839","miR-525-3p",TRUE,TRUE
"MIMAT0002840_st","MIMAT0002840","miR-523-3p",TRUE,TRUE
"MIMAT0002841_st","MIMAT0002841","miR-518f-5p",TRUE,TRUE
"MIMAT0002842_st","MIMAT0002842","miR-518f-3p",TRUE,TRUE
"MIMAT0002843_st","MIMAT0002843","miR-520b",TRUE,TRUE
"MIMAT0002844_st","MIMAT0002844","miR-518b",TRUE,TRUE
"MIMAT0002845_st","MIMAT0002845",NA,FALSE,TRUE
"MIMAT0002846_st","MIMAT0002846","miR-520c-3p",TRUE,TRUE
"MIMAT0002847_st","MIMAT0002847","miR-518c-5p",TRUE,TRUE
"MIMAT0002848_st","MIMAT0002848","miR-518c-3p",TRUE,TRUE
"MIMAT0002849_st","MIMAT0002849","miR-524-5p",TRUE,TRUE
"MIMAT0002850_st","MIMAT0002850","miR-524-3p",TRUE,TRUE
"MIMAT0002851_st","MIMAT0002851","miR-517-5p",TRUE,TRUE
"MIMAT0002852_st","MIMAT0002852",NA,FALSE,TRUE
"MIMAT0002853_st","MIMAT0002853","miR-519d-3p",TRUE,TRUE
"MIMAT0002854_st","MIMAT0002854","miR-521",TRUE,TRUE
"MIMAT0002855_st","MIMAT0002855","miR-520d-5p",TRUE,TRUE
"MIMAT0002856_st","MIMAT0002856","miR-520d-3p",TRUE,TRUE
"MIMAT0002857_st","MIMAT0002857",NA,FALSE,TRUE
"MIMAT0002858_st","MIMAT0002858","miR-520g-3p",TRUE,TRUE
"MIMAT0002859_st","MIMAT0002859","miR-516b-5p",TRUE,TRUE
"MIMAT0002860_st","MIMAT0002860",NA,FALSE,TRUE
"MIMAT0002861_st","MIMAT0002861","miR-518e-3p",TRUE,TRUE
"MIMAT0002862_st","MIMAT0002862",NA,FALSE,TRUE
"MIMAT0002863_st","MIMAT0002863","miR-518a-3p",TRUE,TRUE
"MIMAT0002864_st","MIMAT0002864","miR-518d-3p",TRUE,TRUE
"MIMAT0002866_st","MIMAT0002866","miR-517c-3p",TRUE,TRUE
"MIMAT0002867_st","MIMAT0002867","miR-520h",TRUE,TRUE
"MIMAT0002868_st","MIMAT0002868","miR-522-3p",TRUE,TRUE
"MIMAT0002869_st","MIMAT0002869","miR-519a-3p",TRUE,TRUE
"MIMAT0002870_st","MIMAT0002870","miR-499a-5p",TRUE,TRUE
"MIMAT0002871_st","MIMAT0002871","miR-500a-3p",TRUE,TRUE
"MIMAT0002872_st","MIMAT0002872","miR-501-5p",TRUE,TRUE
"MIMAT0002873_st","MIMAT0002873","miR-502-5p",TRUE,TRUE
"MIMAT0002874_st","MIMAT0002874","miR-503-5p",TRUE,TRUE
"MIMAT0002875_st","MIMAT0002875","miR-504-5p",TRUE,TRUE
"MIMAT0002876_st","MIMAT0002876","miR-505-3p",TRUE,TRUE
"MIMAT0002877_st","MIMAT0002877","miR-513a-5p",TRUE,TRUE
"MIMAT0002878_st","MIMAT0002878","miR-506-3p",TRUE,TRUE
"MIMAT0002879_st","MIMAT0002879","miR-507",TRUE,TRUE
"MIMAT0002880_st","MIMAT0002880","miR-508-3p",TRUE,TRUE
"MIMAT0002881_st","MIMAT0002881","miR-509-3p",TRUE,TRUE
"MIMAT0002882_st","MIMAT0002882","miR-510-5p",TRUE,TRUE
"MIMAT0002883_st","MIMAT0002883","miR-514a-3p",TRUE,TRUE
"MIMAT0002888_st","MIMAT0002888","miR-532-5p",TRUE,TRUE
"MIMAT0002890_st","MIMAT0002890","miR-299-5p",TRUE,TRUE
"MIMAT0002891_st","MIMAT0002891","miR-18a-3p",TRUE,TRUE
"MIMAT0003150_st","MIMAT0003150","miR-455-5p",TRUE,TRUE
"MIMAT0003161_st","MIMAT0003161","miR-493-3p",TRUE,TRUE
"MIMAT0003163_st","MIMAT0003163","miR-539-5p",TRUE,TRUE
"MIMAT0003164_st","MIMAT0003164","miR-544a",TRUE,TRUE
"MIMAT0003165_st","MIMAT0003165","miR-545-3p",TRUE,TRUE
"MIMAT0003180_st","MIMAT0003180","miR-487b-3p",TRUE,TRUE
"MIMAT0003214_st","MIMAT0003214","miR-551a",TRUE,TRUE
"MIMAT0003215_st","MIMAT0003215","miR-552-3p",TRUE,TRUE
"MIMAT0003216_st","MIMAT0003216","miR-553",TRUE,TRUE
"MIMAT0003217_st","MIMAT0003217","miR-554",TRUE,TRUE
"MIMAT0003218_st","MIMAT0003218","miR-92b-3p",TRUE,TRUE
"MIMAT0003219_st","MIMAT0003219","miR-555",TRUE,TRUE
"MIMAT0003220_st","MIMAT0003220","miR-556-5p",TRUE,TRUE
"MIMAT0003221_st","MIMAT0003221","miR-557",TRUE,TRUE
"MIMAT0003222_st","MIMAT0003222","miR-558",TRUE,TRUE
"MIMAT0003223_st","MIMAT0003223","miR-559",TRUE,TRUE
"MIMAT0003225_st","MIMAT0003225","miR-561-3p",TRUE,TRUE
"MIMAT0003226_st","MIMAT0003226","miR-562",TRUE,TRUE
"MIMAT0003227_st","MIMAT0003227","miR-563",TRUE,TRUE
"MIMAT0003228_st","MIMAT0003228","miR-564",TRUE,TRUE
"MIMAT0003230_st","MIMAT0003230","miR-566",TRUE,TRUE
"MIMAT0003231_st","MIMAT0003231","miR-567",TRUE,TRUE
"MIMAT0003232_st","MIMAT0003232","miR-568",TRUE,TRUE
"MIMAT0003233_st","MIMAT0003233","miR-551b-3p",TRUE,TRUE
"MIMAT0003234_st","MIMAT0003234","miR-569",TRUE,TRUE
"MIMAT0003235_st","MIMAT0003235","miR-570-3p",TRUE,TRUE
"MIMAT0003236_st","MIMAT0003236","miR-571",TRUE,TRUE
"MIMAT0003237_st","MIMAT0003237","miR-572",TRUE,TRUE
"MIMAT0003238_st","MIMAT0003238","miR-573",TRUE,TRUE
"MIMAT0003239_st","MIMAT0003239","miR-574-3p",TRUE,TRUE
"MIMAT0003240_st","MIMAT0003240","miR-575",TRUE,TRUE
"MIMAT0003241_st","MIMAT0003241","miR-576-5p",TRUE,TRUE
"MIMAT0003242_st","MIMAT0003242","miR-577",TRUE,TRUE
"MIMAT0003243_st","MIMAT0003243","miR-578",TRUE,TRUE
"MIMAT0003244_st","MIMAT0003244","miR-579-3p",TRUE,TRUE
"MIMAT0003245_st","MIMAT0003245","miR-580-3p",TRUE,TRUE
"MIMAT0003246_st","MIMAT0003246","miR-581",TRUE,TRUE
"MIMAT0003247_st","MIMAT0003247","miR-582-5p",TRUE,TRUE
"MIMAT0003248_st","MIMAT0003248","miR-583",TRUE,TRUE
"MIMAT0003249_st","MIMAT0003249","miR-584-5p",TRUE,TRUE
"MIMAT0003250_st","MIMAT0003250","miR-585-3p",TRUE,TRUE
"MIMAT0003251_st","MIMAT0003251","miR-548a-3p",TRUE,TRUE
"MIMAT0003252_st","MIMAT0003252","miR-586",TRUE,TRUE
"MIMAT0003253_st","MIMAT0003253","miR-587",TRUE,TRUE
"MIMAT0003254_st","MIMAT0003254","miR-548b-3p",TRUE,TRUE
"MIMAT0003255_st","MIMAT0003255","miR-588",TRUE,TRUE
"MIMAT0003256_st","MIMAT0003256","miR-589-3p",TRUE,TRUE
"MIMAT0003257_st","MIMAT0003257","miR-550a-3p",TRUE,TRUE
"MIMAT0003258_st","MIMAT0003258","miR-590-5p",TRUE,TRUE
"MIMAT0003259_st","MIMAT0003259","miR-591",TRUE,TRUE
"MIMAT0003260_st","MIMAT0003260","miR-592",TRUE,TRUE
"MIMAT0003261_st","MIMAT0003261","miR-593-5p",TRUE,TRUE
"MIMAT0003263_st","MIMAT0003263","miR-595",TRUE,TRUE
"MIMAT0003264_st","MIMAT0003264","miR-596",TRUE,TRUE
"MIMAT0003265_st","MIMAT0003265","miR-597-5p",TRUE,TRUE
"MIMAT0003266_st","MIMAT0003266","miR-598-3p",TRUE,TRUE
"MIMAT0003267_st","MIMAT0003267","miR-599",TRUE,TRUE
"MIMAT0003268_st","MIMAT0003268","miR-600",TRUE,TRUE
"MIMAT0003269_st","MIMAT0003269","miR-601",TRUE,TRUE
"MIMAT0003270_st","MIMAT0003270","miR-602",TRUE,TRUE
"MIMAT0003271_st","MIMAT0003271","miR-603",TRUE,TRUE
"MIMAT0003272_st","MIMAT0003272","miR-604",TRUE,TRUE
"MIMAT0003273_st","MIMAT0003273","miR-605-5p",TRUE,TRUE
"MIMAT0003274_st","MIMAT0003274","miR-606",TRUE,TRUE
"MIMAT0003275_st","MIMAT0003275","miR-607",TRUE,TRUE
"MIMAT0003276_st","MIMAT0003276","miR-608",TRUE,TRUE
"MIMAT0003277_st","MIMAT0003277","miR-609",TRUE,TRUE
"MIMAT0003278_st","MIMAT0003278","miR-610",TRUE,TRUE
"MIMAT0003279_st","MIMAT0003279","miR-611",TRUE,TRUE
"MIMAT0003280_st","MIMAT0003280","miR-612",TRUE,TRUE
"MIMAT0003281_st","MIMAT0003281","miR-613",TRUE,TRUE
"MIMAT0003282_st","MIMAT0003282","miR-614",TRUE,TRUE
"MIMAT0003283_st","MIMAT0003283","miR-615-3p",TRUE,TRUE
"MIMAT0003284_st","MIMAT0003284","miR-616-5p",TRUE,TRUE
"MIMAT0003285_st","MIMAT0003285","miR-548c-3p",TRUE,TRUE
"MIMAT0003286_st","MIMAT0003286","miR-617",TRUE,TRUE
"MIMAT0003287_st","MIMAT0003287","miR-618",TRUE,TRUE
"MIMAT0003288_st","MIMAT0003288","miR-619-3p",TRUE,TRUE
"MIMAT0003289_st","MIMAT0003289","miR-620",TRUE,TRUE
"MIMAT0003290_st","MIMAT0003290","miR-621",TRUE,TRUE
"MIMAT0003291_st","MIMAT0003291","miR-622",TRUE,TRUE
"MIMAT0003292_st","MIMAT0003292","miR-623",TRUE,TRUE
"MIMAT0003293_st","MIMAT0003293","miR-624-5p",TRUE,TRUE
"MIMAT0003294_st","MIMAT0003294","miR-625-5p",TRUE,TRUE
"MIMAT0003295_st","MIMAT0003295","miR-626",TRUE,TRUE
"MIMAT0003296_st","MIMAT0003296","miR-627-5p",TRUE,TRUE
"MIMAT0003297_st","MIMAT0003297","miR-628-3p",TRUE,TRUE
"MIMAT0003298_st","MIMAT0003298","miR-629-3p",TRUE,TRUE
"MIMAT0003299_st","MIMAT0003299","miR-630",TRUE,TRUE
"MIMAT0003300_st","MIMAT0003300","miR-631",TRUE,TRUE
"MIMAT0003301_st","MIMAT0003301","miR-33b-5p",TRUE,TRUE
"MIMAT0003302_st","MIMAT0003302","miR-632",TRUE,TRUE
"MIMAT0003303_st","MIMAT0003303","miR-633",TRUE,TRUE
"MIMAT0003304_st","MIMAT0003304","miR-634",TRUE,TRUE
"MIMAT0003305_st","MIMAT0003305","miR-635",TRUE,TRUE
"MIMAT0003306_st","MIMAT0003306","miR-636",TRUE,TRUE
"MIMAT0003307_st","MIMAT0003307","miR-637",TRUE,TRUE
"MIMAT0003308_st","MIMAT0003308","miR-638",TRUE,TRUE
"MIMAT0003309_st","MIMAT0003309","miR-639",TRUE,TRUE
"MIMAT0003310_st","MIMAT0003310","miR-640",TRUE,TRUE
"MIMAT0003311_st","MIMAT0003311","miR-641",TRUE,TRUE
"MIMAT0003312_st","MIMAT0003312","miR-642a-5p",TRUE,TRUE
"MIMAT0003313_st","MIMAT0003313","miR-643",TRUE,TRUE
"MIMAT0003314_st","MIMAT0003314","miR-644a",TRUE,TRUE
"MIMAT0003315_st","MIMAT0003315","miR-645",TRUE,TRUE
"MIMAT0003316_st","MIMAT0003316","miR-646",TRUE,TRUE
"MIMAT0003317_st","MIMAT0003317","miR-647",TRUE,TRUE
"MIMAT0003318_st","MIMAT0003318","miR-648",TRUE,TRUE
"MIMAT0003319_st","MIMAT0003319","miR-649",TRUE,TRUE
"MIMAT0003320_st","MIMAT0003320","miR-650",TRUE,TRUE
"MIMAT0003321_st","MIMAT0003321","miR-651-5p",TRUE,TRUE
"MIMAT0003322_st","MIMAT0003322","miR-652-3p",TRUE,TRUE
"MIMAT0003323_st","MIMAT0003323","miR-548d-3p",TRUE,TRUE
"MIMAT0003324_st","MIMAT0003324","miR-661",TRUE,TRUE
"MIMAT0003325_st","MIMAT0003325","miR-662",TRUE,TRUE
"MIMAT0003326_st","MIMAT0003326","miR-663a",TRUE,TRUE
"MIMAT0003327_st","MIMAT0003327","miR-449b-5p",TRUE,TRUE
"MIMAT0003328_st","MIMAT0003328","miR-653-5p",TRUE,TRUE
"MIMAT0003329_st","MIMAT0003329","miR-411-5p",TRUE,TRUE
"MIMAT0003330_st","MIMAT0003330","miR-654-5p",TRUE,TRUE
"MIMAT0003331_st","MIMAT0003331","miR-655-3p",TRUE,TRUE
"MIMAT0003332_st","MIMAT0003332","miR-656-3p",TRUE,TRUE
"MIMAT0003333_st","MIMAT0003333","miR-549a",TRUE,TRUE
"MIMAT0003335_st","MIMAT0003335","miR-657",TRUE,TRUE
"MIMAT0003336_st","MIMAT0003336","miR-658",TRUE,TRUE
"MIMAT0003337_st","MIMAT0003337","miR-659-3p",TRUE,TRUE
"MIMAT0003338_st","MIMAT0003338","miR-660-5p",TRUE,TRUE
"MIMAT0003339_st","MIMAT0003339","miR-421",TRUE,TRUE
"MIMAT0003340_st","MIMAT0003340","miR-542-5p",TRUE,TRUE
"MIMAT0003385_st","MIMAT0003385","miR-363-5p",TRUE,TRUE
"MIMAT0003386_st","MIMAT0003386","miR-376a-5p",TRUE,TRUE
"MIMAT0003389_st","MIMAT0003389","miR-542-3p",TRUE,TRUE
"MIMAT0003393_st","MIMAT0003393","miR-425-5p",TRUE,TRUE
"MIMAT0003879_st","MIMAT0003879","miR-758-3p",TRUE,TRUE
"MIMAT0003880_st","MIMAT0003880","miR-671-5p",TRUE,TRUE
"MIMAT0003881_st","MIMAT0003881","miR-668-3p",TRUE,TRUE
"MIMAT0003882_st","MIMAT0003882","miR-767-5p",TRUE,TRUE
"MIMAT0003883_st","MIMAT0003883","miR-767-3p",TRUE,TRUE
"MIMAT0003884_st","MIMAT0003884","miR-454-5p",TRUE,TRUE
"MIMAT0003885_st","MIMAT0003885","miR-454-3p",TRUE,TRUE
"MIMAT0003886_st","MIMAT0003886","miR-769-5p",TRUE,TRUE
"MIMAT0003887_st","MIMAT0003887","miR-769-3p",TRUE,TRUE
"MIMAT0003888_st","MIMAT0003888","miR-766-3p",TRUE,TRUE
"MIMAT0003945_st","MIMAT0003945","miR-765",TRUE,TRUE
"MIMAT0003948_st","MIMAT0003948","miR-770-5p",TRUE,TRUE
"MIMAT0004185_st","MIMAT0004185","miR-802",TRUE,TRUE
"MIMAT0004284_st","MIMAT0004284","miR-675-5p",TRUE,TRUE
"MIMAT0004450_st","MIMAT0004450","miR-297",TRUE,TRUE
"MIMAT0004481_st","MIMAT0004481","let-7a-3p",TRUE,TRUE
"MIMAT0004482_st","MIMAT0004482","let-7b-3p",TRUE,TRUE
"MIMAT0004484_st","MIMAT0004484","let-7d-3p",TRUE,TRUE
"MIMAT0004485_st","MIMAT0004485","let-7e-3p",TRUE,TRUE
"MIMAT0004486_st","MIMAT0004486","let-7f-1-3p",TRUE,TRUE
"MIMAT0004487_st","MIMAT0004487","let-7f-2-3p",TRUE,TRUE
"MIMAT0004488_st","MIMAT0004488","miR-15a-3p",TRUE,TRUE
"MIMAT0004489_st","MIMAT0004489","miR-16-1-3p",TRUE,TRUE
"MIMAT0004490_st","MIMAT0004490","miR-19a-5p",TRUE,TRUE
"MIMAT0004491_st","MIMAT0004491","miR-19b-1-5p",TRUE,TRUE
"MIMAT0004492_st","MIMAT0004492","miR-19b-2-5p",TRUE,TRUE
"MIMAT0004493_st","MIMAT0004493","miR-20a-3p",TRUE,TRUE
"MIMAT0004494_st","MIMAT0004494","miR-21-3p",TRUE,TRUE
"MIMAT0004495_st","MIMAT0004495","miR-22-5p",TRUE,TRUE
"MIMAT0004496_st","MIMAT0004496","miR-23a-5p",TRUE,TRUE
"MIMAT0004497_st","MIMAT0004497","miR-24-2-5p",TRUE,TRUE
"MIMAT0004498_st","MIMAT0004498","miR-25-5p",TRUE,TRUE
"MIMAT0004499_st","MIMAT0004499","miR-26a-1-3p",TRUE,TRUE
"MIMAT0004500_st","MIMAT0004500","miR-26b-3p",TRUE,TRUE
"MIMAT0004501_st","MIMAT0004501","miR-27a-5p",TRUE,TRUE
"MIMAT0004502_st","MIMAT0004502","miR-28-3p",TRUE,TRUE
"MIMAT0004503_st","MIMAT0004503","miR-29a-5p",TRUE,TRUE
"MIMAT0004504_st","MIMAT0004504","miR-31-3p",TRUE,TRUE
"MIMAT0004505_st","MIMAT0004505","miR-32-3p",TRUE,TRUE
"MIMAT0004506_st","MIMAT0004506","miR-33a-3p",TRUE,TRUE
"MIMAT0004507_st","MIMAT0004507","miR-92a-1-5p",TRUE,TRUE
"MIMAT0004508_st","MIMAT0004508","miR-92a-2-5p",TRUE,TRUE
"MIMAT0004509_st","MIMAT0004509","miR-93-3p",TRUE,TRUE
"MIMAT0004510_st","MIMAT0004510","miR-96-3p",TRUE,TRUE
"MIMAT0004511_st","MIMAT0004511","miR-99a-3p",TRUE,TRUE
"MIMAT0004512_st","MIMAT0004512","miR-100-3p",TRUE,TRUE
"MIMAT0004513_st","MIMAT0004513","miR-101-5p",TRUE,TRUE
"MIMAT0004514_st","MIMAT0004514","miR-29b-1-5p",TRUE,TRUE
"MIMAT0004515_st","MIMAT0004515","miR-29b-2-5p",TRUE,TRUE
"MIMAT0004516_st","MIMAT0004516","miR-105-3p",TRUE,TRUE
"MIMAT0004517_st","MIMAT0004517","miR-106a-3p",TRUE,TRUE
"MIMAT0004518_st","MIMAT0004518","miR-16-2-3p",TRUE,TRUE
"MIMAT0004543_st","MIMAT0004543","miR-192-3p",TRUE,TRUE
"MIMAT0004548_st","MIMAT0004548","miR-129-1-3p",TRUE,TRUE
"MIMAT0004549_st","MIMAT0004549","miR-148a-5p",TRUE,TRUE
"MIMAT0004550_st","MIMAT0004550","miR-30c-2-3p",TRUE,TRUE
"MIMAT0004551_st","MIMAT0004551","miR-30d-3p",TRUE,TRUE
"MIMAT0004552_st","MIMAT0004552","miR-139-3p",TRUE,TRUE
"MIMAT0004553_st","MIMAT0004553","miR-7-1-3p",TRUE,TRUE
"MIMAT0004554_st","MIMAT0004554","miR-7-2-3p",TRUE,TRUE
"MIMAT0004555_st","MIMAT0004555","miR-10a-3p",TRUE,TRUE
"MIMAT0004556_st","MIMAT0004556","miR-10b-3p",TRUE,TRUE
"MIMAT0004557_st","MIMAT0004557","miR-34a-3p",TRUE,TRUE
"MIMAT0004558_st","MIMAT0004558","miR-181a-2-3p",TRUE,TRUE
"MIMAT0004559_st","MIMAT0004559","miR-181c-3p",TRUE,TRUE
"MIMAT0004560_st","MIMAT0004560","miR-183-3p",TRUE,TRUE
"MIMAT0004561_st","MIMAT0004561","miR-187-5p",TRUE,TRUE
"MIMAT0004562_st","MIMAT0004562","miR-196a-3p",TRUE,TRUE
"MIMAT0004563_st","MIMAT0004563",NA,FALSE,TRUE
"MIMAT0004564_st","MIMAT0004564","miR-214-5p",TRUE,TRUE
"MIMAT0004565_st","MIMAT0004565","miR-218-1-3p",TRUE,TRUE
"MIMAT0004566_st","MIMAT0004566","miR-218-2-3p",TRUE,TRUE
"MIMAT0004567_st","MIMAT0004567","miR-219a-1-3p",TRUE,TRUE
"MIMAT0004568_st","MIMAT0004568","miR-221-5p",TRUE,TRUE
"MIMAT0004569_st","MIMAT0004569","miR-222-5p",TRUE,TRUE
"MIMAT0004570_st","MIMAT0004570","miR-223-5p",TRUE,TRUE
"MIMAT0004571_st","MIMAT0004571","miR-200b-5p",TRUE,TRUE
"MIMAT0004584_st","MIMAT0004584","let-7g-3p",TRUE,TRUE
"MIMAT0004585_st","MIMAT0004585","let-7i-3p",TRUE,TRUE
"MIMAT0004586_st","MIMAT0004586","miR-15b-3p",TRUE,TRUE
"MIMAT0004587_st","MIMAT0004587","miR-23b-5p",TRUE,TRUE
"MIMAT0004588_st","MIMAT0004588","miR-27b-5p",TRUE,TRUE
"MIMAT0004589_st","MIMAT0004589","miR-30b-3p",TRUE,TRUE
"MIMAT0004590_st","MIMAT0004590","miR-122-3p",TRUE,TRUE
"MIMAT0004591_st","MIMAT0004591","miR-124-5p",TRUE,TRUE
"MIMAT0004592_st","MIMAT0004592","miR-125b-1-3p",TRUE,TRUE
"MIMAT0004593_st","MIMAT0004593","miR-130a-5p",TRUE,TRUE
"MIMAT0004594_st","MIMAT0004594","miR-132-5p",TRUE,TRUE
"MIMAT0004595_st","MIMAT0004595","miR-135a-3p",TRUE,TRUE
"MIMAT0004596_st","MIMAT0004596","miR-138-2-3p",TRUE,TRUE
"MIMAT0004597_st","MIMAT0004597","miR-140-3p",TRUE,TRUE
"MIMAT0004598_st","MIMAT0004598","miR-141-5p",TRUE,TRUE
"MIMAT0004599_st","MIMAT0004599","miR-143-5p",TRUE,TRUE
"MIMAT0004600_st","MIMAT0004600","miR-144-5p",TRUE,TRUE
"MIMAT0004601_st","MIMAT0004601","miR-145-3p",TRUE,TRUE
"MIMAT0004602_st","MIMAT0004602","miR-125a-3p",TRUE,TRUE
"MIMAT0004603_st","MIMAT0004603","miR-125b-2-3p",TRUE,TRUE
"MIMAT0004604_st","MIMAT0004604","miR-127-5p",TRUE,TRUE
"MIMAT0004605_st","MIMAT0004605","miR-129-2-3p",TRUE,TRUE
"MIMAT0004606_st","MIMAT0004606","miR-136-3p",TRUE,TRUE
"MIMAT0004607_st","MIMAT0004607","miR-138-1-3p",TRUE,TRUE
"MIMAT0004608_st","MIMAT0004608","miR-146a-3p",TRUE,TRUE
"MIMAT0004609_st","MIMAT0004609","miR-149-3p",TRUE,TRUE
"MIMAT0004610_st","MIMAT0004610","miR-150-3p",TRUE,TRUE
"MIMAT0004611_st","MIMAT0004611","miR-185-3p",TRUE,TRUE
"MIMAT0004612_st","MIMAT0004612","miR-186-3p",TRUE,TRUE
"MIMAT0004613_st","MIMAT0004613","miR-188-3p",TRUE,TRUE
"MIMAT0004614_st","MIMAT0004614","miR-193a-5p",TRUE,TRUE
"MIMAT0004615_st","MIMAT0004615","miR-195-3p",TRUE,TRUE
"MIMAT0004657_st","MIMAT0004657","miR-200c-5p",TRUE,TRUE
"MIMAT0004658_st","MIMAT0004658","miR-155-3p",TRUE,TRUE
"MIMAT0004671_st","MIMAT0004671","miR-194-3p",TRUE,TRUE
"MIMAT0004672_st","MIMAT0004672","miR-106b-3p",TRUE,TRUE
"MIMAT0004673_st","MIMAT0004673","miR-29c-5p",TRUE,TRUE
"MIMAT0004674_st","MIMAT0004674","miR-30c-1-3p",TRUE,TRUE
"MIMAT0004675_st","MIMAT0004675","miR-219a-2-3p",TRUE,TRUE
"MIMAT0004676_st","MIMAT0004676","miR-34b-3p",TRUE,TRUE
"MIMAT0004677_st","MIMAT0004677","miR-34c-3p",TRUE,TRUE
"MIMAT0004678_st","MIMAT0004678","miR-99b-3p",TRUE,TRUE
"MIMAT0004679_st","MIMAT0004679","miR-296-3p",TRUE,TRUE
"MIMAT0004680_st","MIMAT0004680","miR-130b-5p",TRUE,TRUE
"MIMAT0004681_st","MIMAT0004681","miR-26a-2-3p",TRUE,TRUE
"MIMAT0004682_st","MIMAT0004682","miR-361-3p",TRUE,TRUE
"MIMAT0004683_st","MIMAT0004683","miR-362-3p",TRUE,TRUE
"MIMAT0004685_st","MIMAT0004685","miR-302d-5p",TRUE,TRUE
"MIMAT0004686_st","MIMAT0004686","miR-367-5p",TRUE,TRUE
"MIMAT0004687_st","MIMAT0004687","miR-371a-5p",TRUE,TRUE
"MIMAT0004688_st","MIMAT0004688","miR-374a-3p",TRUE,TRUE
"MIMAT0004689_st","MIMAT0004689","miR-377-5p",TRUE,TRUE
"MIMAT0004690_st","MIMAT0004690","miR-379-3p",TRUE,TRUE
"MIMAT0004692_st","MIMAT0004692","miR-340-5p",TRUE,TRUE
"MIMAT0004693_st","MIMAT0004693","miR-330-5p",TRUE,TRUE
"MIMAT0004694_st","MIMAT0004694","miR-342-5p",TRUE,TRUE
"MIMAT0004695_st","MIMAT0004695","miR-337-5p",TRUE,TRUE
"MIMAT0004696_st","MIMAT0004696","miR-323a-5p",TRUE,TRUE
"MIMAT0004697_st","MIMAT0004697","miR-151a-5p",TRUE,TRUE
"MIMAT0004698_st","MIMAT0004698","miR-135b-3p",TRUE,TRUE
"MIMAT0004699_st","MIMAT0004699","miR-148b-5p",TRUE,TRUE
"MIMAT0004700_st","MIMAT0004700","miR-331-5p",TRUE,TRUE
"MIMAT0004701_st","MIMAT0004701","miR-338-5p",TRUE,TRUE
"MIMAT0004702_st","MIMAT0004702","miR-339-3p",TRUE,TRUE
"MIMAT0004703_st","MIMAT0004703","miR-335-3p",TRUE,TRUE
"MIMAT0004748_st","MIMAT0004748","miR-423-5p",TRUE,TRUE
"MIMAT0004749_st","MIMAT0004749","miR-424-3p",TRUE,TRUE
"MIMAT0004751_st","MIMAT0004751","miR-18b-3p",TRUE,TRUE
"MIMAT0004752_st","MIMAT0004752","miR-20b-3p",TRUE,TRUE
"MIMAT0004757_st","MIMAT0004757","miR-431-3p",TRUE,TRUE
"MIMAT0004761_st","MIMAT0004761","miR-483-5p",TRUE,TRUE
"MIMAT0004762_st","MIMAT0004762","miR-486-3p",TRUE,TRUE
"MIMAT0004763_st","MIMAT0004763","miR-488-3p",TRUE,TRUE
"MIMAT0004764_st","MIMAT0004764","miR-490-5p",TRUE,TRUE
"MIMAT0004765_st","MIMAT0004765","miR-491-3p",TRUE,TRUE
"MIMAT0004766_st","MIMAT0004766","miR-146b-3p",TRUE,TRUE
"MIMAT0004767_st","MIMAT0004767","miR-193b-5p",TRUE,TRUE
"MIMAT0004768_st","MIMAT0004768","miR-497-3p",TRUE,TRUE
"MIMAT0004770_st","MIMAT0004770","miR-516a-5p",TRUE,TRUE
"MIMAT0004772_st","MIMAT0004772","miR-499a-3p",TRUE,TRUE
"MIMAT0004773_st","MIMAT0004773","miR-500a-5p",TRUE,TRUE
"MIMAT0004774_st","MIMAT0004774","miR-501-3p",TRUE,TRUE
"MIMAT0004775_st","MIMAT0004775","miR-502-3p",TRUE,TRUE
"MIMAT0004776_st","MIMAT0004776","miR-505-5p",TRUE,TRUE
"MIMAT0004777_st","MIMAT0004777","miR-513a-3p",TRUE,TRUE
"MIMAT0004778_st","MIMAT0004778","miR-508-5p",TRUE,TRUE
"MIMAT0004779_st","MIMAT0004779","miR-509-5p",TRUE,TRUE
"MIMAT0004780_st","MIMAT0004780","miR-532-3p",TRUE,TRUE
"MIMAT0004784_st","MIMAT0004784","miR-455-3p",TRUE,TRUE
"MIMAT0004785_st","MIMAT0004785","miR-545-5p",TRUE,TRUE
"MIMAT0004792_st","MIMAT0004792","miR-92b-5p",TRUE,TRUE
"MIMAT0004793_st","MIMAT0004793","miR-556-3p",TRUE,TRUE
"MIMAT0004794_st","MIMAT0004794","miR-551b-5p",TRUE,TRUE
"MIMAT0004795_st","MIMAT0004795","miR-574-5p",TRUE,TRUE
"MIMAT0004796_st","MIMAT0004796","miR-576-3p",TRUE,TRUE
"MIMAT0004797_st","MIMAT0004797","miR-582-3p",TRUE,TRUE
"MIMAT0004798_st","MIMAT0004798","miR-548b-5p",TRUE,TRUE
"MIMAT0004799_st","MIMAT0004799","miR-589-5p",TRUE,TRUE
"MIMAT0004800_st","MIMAT0004800","miR-550a-5p",TRUE,TRUE
"MIMAT0004801_st","MIMAT0004801","miR-590-3p",TRUE,TRUE
"MIMAT0004802_st","MIMAT0004802","miR-593-3p",TRUE,TRUE
"MIMAT0004803_st","MIMAT0004803","miR-548a-5p",TRUE,TRUE
"MIMAT0004804_st","MIMAT0004804","miR-615-5p",TRUE,TRUE
"MIMAT0004805_st","MIMAT0004805","miR-616-3p",TRUE,TRUE
"MIMAT0004806_st","MIMAT0004806",NA,FALSE,TRUE
"MIMAT0004807_st","MIMAT0004807","miR-624-3p",TRUE,TRUE
"MIMAT0004808_st","MIMAT0004808","miR-625-3p",TRUE,TRUE
"MIMAT0004809_st","MIMAT0004809","miR-628-5p",TRUE,TRUE
"MIMAT0004810_st","MIMAT0004810","miR-629-5p",TRUE,TRUE
"MIMAT0004811_st","MIMAT0004811","miR-33b-3p",TRUE,TRUE
"MIMAT0004812_st","MIMAT0004812","miR-548d-5p",TRUE,TRUE
"MIMAT0004813_st","MIMAT0004813","miR-411-3p",TRUE,TRUE
"MIMAT0004814_st","MIMAT0004814","miR-654-3p",TRUE,TRUE
"MIMAT0004819_st","MIMAT0004819","miR-671-3p",TRUE,TRUE
"MIMAT0004901_st","MIMAT0004901","miR-298",TRUE,TRUE
"MIMAT0004902_st","MIMAT0004902","miR-891a-5p",TRUE,TRUE
"MIMAT0004903_st","MIMAT0004903","miR-300",TRUE,TRUE
"MIMAT0004907_st","MIMAT0004907","miR-892a",TRUE,TRUE
"MIMAT0004909_st","MIMAT0004909","miR-450b-5p",TRUE,TRUE
"MIMAT0004910_st","MIMAT0004910","miR-450b-3p",TRUE,TRUE
"MIMAT0004911_st","MIMAT0004911","miR-874-3p",TRUE,TRUE
"MIMAT0004912_st","MIMAT0004912","miR-890",TRUE,TRUE
"MIMAT0004913_st","MIMAT0004913","miR-891b",TRUE,TRUE
"MIMAT0004916_st","MIMAT0004916","miR-888-5p",TRUE,TRUE
"MIMAT0004917_st","MIMAT0004917","miR-888-3p",TRUE,TRUE
"MIMAT0004918_st","MIMAT0004918","miR-892b",TRUE,TRUE
"MIMAT0004919_st","MIMAT0004919","miR-541-5p",TRUE,TRUE
"MIMAT0004920_st","MIMAT0004920","miR-541-3p",TRUE,TRUE
"MIMAT0004921_st","MIMAT0004921","miR-889-3p",TRUE,TRUE
"MIMAT0004922_st","MIMAT0004922","miR-875-5p",TRUE,TRUE
"MIMAT0004923_st","MIMAT0004923","miR-875-3p",TRUE,TRUE
"MIMAT0004924_st","MIMAT0004924","miR-876-5p",TRUE,TRUE
"MIMAT0004925_st","MIMAT0004925","miR-876-3p",TRUE,TRUE
"MIMAT0004926_st","MIMAT0004926","miR-708-5p",TRUE,TRUE
"MIMAT0004927_st","MIMAT0004927","miR-708-3p",TRUE,TRUE
"MIMAT0004928_st","MIMAT0004928","miR-147b",TRUE,TRUE
"MIMAT0004929_st","MIMAT0004929","miR-190b",TRUE,TRUE
"MIMAT0004945_st","MIMAT0004945","miR-744-5p",TRUE,TRUE
"MIMAT0004946_st","MIMAT0004946","miR-744-3p",TRUE,TRUE
"MIMAT0004947_st","MIMAT0004947","miR-885-5p",TRUE,TRUE
"MIMAT0004948_st","MIMAT0004948","miR-885-3p",TRUE,TRUE
"MIMAT0004949_st","MIMAT0004949","miR-877-5p",TRUE,TRUE
"MIMAT0004950_st","MIMAT0004950","miR-877-3p",TRUE,TRUE
"MIMAT0004951_st","MIMAT0004951","miR-887-3p",TRUE,TRUE
"MIMAT0004952_st","MIMAT0004952","miR-665",TRUE,TRUE
"MIMAT0004953_st","MIMAT0004953","miR-873-5p",TRUE,TRUE
"MIMAT0004954_st","MIMAT0004954","miR-543",TRUE,TRUE
"MIMAT0004955_st","MIMAT0004955","miR-374b-5p",TRUE,TRUE
"MIMAT0004956_st","MIMAT0004956","miR-374b-3p",TRUE,TRUE
"MIMAT0004957_st","MIMAT0004957","miR-760",TRUE,TRUE
"MIMAT0004958_st","MIMAT0004958","miR-301b",TRUE,TRUE
"MIMAT0004959_st","MIMAT0004959","miR-216b-5p",TRUE,TRUE
"MIMAT0004960_st","MIMAT0004960","miR-208b-3p",TRUE,TRUE
"MIMAT0004970_st","MIMAT0004970","miR-920",TRUE,TRUE
"MIMAT0004971_st","MIMAT0004971","miR-921",TRUE,TRUE
"MIMAT0004972_st","MIMAT0004972","miR-922",TRUE,TRUE
"MIMAT0004974_st","MIMAT0004974","miR-924",TRUE,TRUE
"MIMAT0004975_st","MIMAT0004975","miR-509-3-5p",TRUE,TRUE
"MIMAT0004976_st","MIMAT0004976","miR-933",TRUE,TRUE
"MIMAT0004977_st","MIMAT0004977","miR-934",TRUE,TRUE
"MIMAT0004978_st","MIMAT0004978","miR-935",TRUE,TRUE
"MIMAT0004979_st","MIMAT0004979","miR-936",TRUE,TRUE
"MIMAT0004980_st","MIMAT0004980","miR-937-3p",TRUE,TRUE
"MIMAT0004981_st","MIMAT0004981","miR-938",TRUE,TRUE
"MIMAT0004982_st","MIMAT0004982","miR-939-5p",TRUE,TRUE
"MIMAT0004983_st","MIMAT0004983","miR-940",TRUE,TRUE
"MIMAT0004984_st","MIMAT0004984","miR-941",TRUE,TRUE
"MIMAT0004985_st","MIMAT0004985","miR-942-5p",TRUE,TRUE
"MIMAT0004986_st","MIMAT0004986","miR-943",TRUE,TRUE
"MIMAT0004987_st","MIMAT0004987","miR-944",TRUE,TRUE
"MIMAT0005449_st","MIMAT0005449",NA,FALSE,TRUE
"MIMAT0005450_st","MIMAT0005450",NA,FALSE,TRUE
"MIMAT0005451_st","MIMAT0005451",NA,FALSE,TRUE
"MIMAT0005452_st","MIMAT0005452",NA,FALSE,TRUE
"MIMAT0005454_st","MIMAT0005454",NA,FALSE,TRUE
"MIMAT0005455_st","MIMAT0005455",NA,FALSE,TRUE
"MIMAT0005456_st","MIMAT0005456",NA,FALSE,TRUE
"MIMAT0005457_st","MIMAT0005457",NA,FALSE,TRUE
"MIMAT0005458_st","MIMAT0005458","miR-1224-5p",TRUE,TRUE
"MIMAT0005459_st","MIMAT0005459","miR-1224-3p",TRUE,TRUE
"MIMAT0005572_st","MIMAT0005572","miR-1225-5p",TRUE,TRUE
"MIMAT0005573_st","MIMAT0005573","miR-1225-3p",TRUE,TRUE
"MIMAT0005576_st","MIMAT0005576","miR-1226-5p",TRUE,TRUE
"MIMAT0005577_st","MIMAT0005577","miR-1226-3p",TRUE,TRUE
"MIMAT0005580_st","MIMAT0005580","miR-1227-3p",TRUE,TRUE
"MIMAT0005582_st","MIMAT0005582","miR-1228-5p",TRUE,TRUE
"MIMAT0005583_st","MIMAT0005583","miR-1228-3p",TRUE,TRUE
"MIMAT0005584_st","MIMAT0005584","miR-1229-3p",TRUE,TRUE
"MIMAT0005586_st","MIMAT0005586","miR-1231",TRUE,TRUE
"MIMAT0005588_st","MIMAT0005588","miR-1233-3p",TRUE,TRUE
"MIMAT0005589_st","MIMAT0005589","miR-1234-3p",TRUE,TRUE
"MIMAT0005591_st","MIMAT0005591","miR-1236-3p",TRUE,TRUE
"MIMAT0005592_st","MIMAT0005592","miR-1237-3p",TRUE,TRUE
"MIMAT0005593_st","MIMAT0005593","miR-1238-3p",TRUE,TRUE
"MIMAT0005788_st","MIMAT0005788","miR-513b-5p",TRUE,TRUE
"MIMAT0005789_st","MIMAT0005789","miR-513c-5p",TRUE,TRUE
"MIMAT0005791_st","MIMAT0005791","miR-1264",TRUE,TRUE
"MIMAT0005792_st","MIMAT0005792","miR-320b",TRUE,TRUE
"MIMAT0005793_st","MIMAT0005793","miR-320c",TRUE,TRUE
"MIMAT0005794_st","MIMAT0005794","miR-1296-5p",TRUE,TRUE
"MIMAT0005795_st","MIMAT0005795","miR-1323",TRUE,TRUE
"MIMAT0005796_st","MIMAT0005796","miR-1271-5p",TRUE,TRUE
"MIMAT0005797_st","MIMAT0005797","miR-1301-3p",TRUE,TRUE
"MIMAT0005798_st","MIMAT0005798","miR-1185-5p",TRUE,TRUE
"MIMAT0005799_st","MIMAT0005799","miR-1283",TRUE,TRUE
"MIMAT0005800_st","MIMAT0005800","miR-1298-5p",TRUE,TRUE
"MIMAT0005823_st","MIMAT0005823","miR-1178-3p",TRUE,TRUE
"MIMAT0005824_st","MIMAT0005824","miR-1179",TRUE,TRUE
"MIMAT0005825_st","MIMAT0005825","miR-1180-3p",TRUE,TRUE
"MIMAT0005826_st","MIMAT0005826","miR-1181",TRUE,TRUE
"MIMAT0005827_st","MIMAT0005827","miR-1182",TRUE,TRUE
"MIMAT0005828_st","MIMAT0005828","miR-1183",TRUE,TRUE
"MIMAT0005829_st","MIMAT0005829","miR-1184",TRUE,TRUE
"MIMAT0005863_st","MIMAT0005863","miR-1200",TRUE,TRUE
"MIMAT0005865_st","MIMAT0005865","miR-1202",TRUE,TRUE
"MIMAT0005866_st","MIMAT0005866","miR-1203",TRUE,TRUE
"MIMAT0005867_st","MIMAT0005867","miR-663b",TRUE,TRUE
"MIMAT0005868_st","MIMAT0005868","miR-1204",TRUE,TRUE
"MIMAT0005869_st","MIMAT0005869","miR-1205",TRUE,TRUE
"MIMAT0005870_st","MIMAT0005870","miR-1206",TRUE,TRUE
"MIMAT0005871_st","MIMAT0005871","miR-1207-5p",TRUE,TRUE
"MIMAT0005872_st","MIMAT0005872","miR-1207-3p",TRUE,TRUE
"MIMAT0005873_st","MIMAT0005873","miR-1208",TRUE,TRUE
"MIMAT0005874_st","MIMAT0005874","miR-548e-3p",TRUE,TRUE
"MIMAT0005875_st","MIMAT0005875","miR-548j-5p",TRUE,TRUE
"MIMAT0005876_st","MIMAT0005876","miR-1285-3p",TRUE,TRUE
"MIMAT0005877_st","MIMAT0005877","miR-1286",TRUE,TRUE
"MIMAT0005878_st","MIMAT0005878","miR-1287-5p",TRUE,TRUE
"MIMAT0005879_st","MIMAT0005879","miR-1289",TRUE,TRUE
"MIMAT0005880_st","MIMAT0005880","miR-1290",TRUE,TRUE
"MIMAT0005881_st","MIMAT0005881","miR-1291",TRUE,TRUE
"MIMAT0005882_st","MIMAT0005882","miR-548k",TRUE,TRUE
"MIMAT0005883_st","MIMAT0005883","miR-1293",TRUE,TRUE
"MIMAT0005884_st","MIMAT0005884","miR-1294",TRUE,TRUE
"MIMAT0005885_st","MIMAT0005885","miR-1295a",TRUE,TRUE
"MIMAT0005886_st","MIMAT0005886","miR-1297",TRUE,TRUE
"MIMAT0005887_st","MIMAT0005887","miR-1299",TRUE,TRUE
"MIMAT0005889_st","MIMAT0005889","miR-548l",TRUE,TRUE
"MIMAT0005890_st","MIMAT0005890","miR-1302",TRUE,TRUE
"MIMAT0005891_st","MIMAT0005891","miR-1303",TRUE,TRUE
"MIMAT0005892_st","MIMAT0005892","miR-1304-5p",TRUE,TRUE
"MIMAT0005893_st","MIMAT0005893","miR-1305",TRUE,TRUE
"MIMAT0005894_st","MIMAT0005894","miR-1243",TRUE,TRUE
"MIMAT0005895_st","MIMAT0005895","miR-548f-3p",TRUE,TRUE
"MIMAT0005896_st","MIMAT0005896","miR-1244",TRUE,TRUE
"MIMAT0005897_st","MIMAT0005897","miR-1245a",TRUE,TRUE
"MIMAT0005898_st","MIMAT0005898","miR-1246",TRUE,TRUE
"MIMAT0005899_st","MIMAT0005899","miR-1247-5p",TRUE,TRUE
"MIMAT0005900_st","MIMAT0005900","miR-1248",TRUE,TRUE
"MIMAT0005901_st","MIMAT0005901","miR-1249",TRUE,TRUE
"MIMAT0005902_st","MIMAT0005902","miR-1250-5p",TRUE,TRUE
"MIMAT0005903_st","MIMAT0005903","miR-1251-5p",TRUE,TRUE
"MIMAT0005904_st","MIMAT0005904","miR-1253",TRUE,TRUE
"MIMAT0005905_st","MIMAT0005905","miR-1254",TRUE,TRUE
"MIMAT0005906_st","MIMAT0005906","miR-1255a",TRUE,TRUE
"MIMAT0005907_st","MIMAT0005907","miR-1256",TRUE,TRUE
"MIMAT0005908_st","MIMAT0005908","miR-1257",TRUE,TRUE
"MIMAT0005909_st","MIMAT0005909","miR-1258",TRUE,TRUE
"MIMAT0005911_st","MIMAT0005911","miR-1260a",TRUE,TRUE
"MIMAT0005912_st","MIMAT0005912","miR-548g-3p",TRUE,TRUE
"MIMAT0005913_st","MIMAT0005913","miR-1261",TRUE,TRUE
"MIMAT0005914_st","MIMAT0005914","miR-1262",TRUE,TRUE
"MIMAT0005915_st","MIMAT0005915","miR-1263",TRUE,TRUE
"MIMAT0005916_st","MIMAT0005916","miR-548n",TRUE,TRUE
"MIMAT0005917_st","MIMAT0005917","miR-548m",TRUE,TRUE
"MIMAT0005918_st","MIMAT0005918","miR-1265",TRUE,TRUE
"MIMAT0005919_st","MIMAT0005919","miR-548o-3p",TRUE,TRUE
"MIMAT0005920_st","MIMAT0005920","miR-1266-5p",TRUE,TRUE
"MIMAT0005921_st","MIMAT0005921","miR-1267",TRUE,TRUE
"MIMAT0005922_st","MIMAT0005922","miR-1268a",TRUE,TRUE
"MIMAT0005923_st","MIMAT0005923","miR-1269a",TRUE,TRUE
"MIMAT0005924_st","MIMAT0005924","miR-1270",TRUE,TRUE
"MIMAT0005925_st","MIMAT0005925","miR-1272",TRUE,TRUE
"MIMAT0005926_st","MIMAT0005926","miR-1273a",TRUE,TRUE
"MIMAT0005928_st","MIMAT0005928","miR-548h-5p",TRUE,TRUE
"MIMAT0005929_st","MIMAT0005929","miR-1275",TRUE,TRUE
"MIMAT0005930_st","MIMAT0005930","miR-1276",TRUE,TRUE
"MIMAT0005931_st","MIMAT0005931","miR-302e",TRUE,TRUE
"MIMAT0005932_st","MIMAT0005932","miR-302f",TRUE,TRUE
"MIMAT0005933_st","MIMAT0005933","miR-1277-3p",TRUE,TRUE
"MIMAT0005934_st","MIMAT0005934","miR-548p",TRUE,TRUE
"MIMAT0005935_st","MIMAT0005935","miR-548i",TRUE,TRUE
"MIMAT0005936_st","MIMAT0005936","miR-1278",TRUE,TRUE
"MIMAT0005937_st","MIMAT0005937","miR-1279",TRUE,TRUE
"MIMAT0005939_st","MIMAT0005939","miR-1281",TRUE,TRUE
"MIMAT0005940_st","MIMAT0005940","miR-1282",TRUE,TRUE
"MIMAT0005941_st","MIMAT0005941","miR-1284",TRUE,TRUE
"MIMAT0005942_st","MIMAT0005942","miR-1288-3p",TRUE,TRUE
"MIMAT0005943_st","MIMAT0005943","miR-1292-5p",TRUE,TRUE
"MIMAT0005944_st","MIMAT0005944","miR-1252-5p",TRUE,TRUE
"MIMAT0005945_st","MIMAT0005945","miR-1255b-5p",TRUE,TRUE
"MIMAT0005948_st","MIMAT0005948","miR-664a-5p",TRUE,TRUE
"MIMAT0005949_st","MIMAT0005949","miR-664a-3p",TRUE,TRUE
"MIMAT0005950_st","MIMAT0005950","miR-1306-3p",TRUE,TRUE
"MIMAT0005951_st","MIMAT0005951","miR-1307-3p",TRUE,TRUE
"MIMAT0005952_st","MIMAT0005952","miR-1321",TRUE,TRUE
"MIMAT0005953_st","MIMAT0005953","miR-1322",TRUE,TRUE
"MIMAT0005955_st","MIMAT0005955","miR-1197",TRUE,TRUE
"MIMAT0005956_st","MIMAT0005956","miR-1324",TRUE,TRUE
"MIMAT0006764_st","MIMAT0006764","miR-320d",TRUE,TRUE
"MIMAT0006765_st","MIMAT0006765","miR-1825",TRUE,TRUE
"MIMAT0006767_st","MIMAT0006767","miR-1827",TRUE,TRUE
"MIMAT0006778_st","MIMAT0006778",NA,FALSE,TRUE
"MIMAT0006789_st","MIMAT0006789","miR-1468-5p",TRUE,TRUE
"MIMAT0006790_st","MIMAT0006790","miR-675-3p",TRUE,TRUE
"MIMAT0007347_st","MIMAT0007347","miR-1469",TRUE,TRUE
"MIMAT0007348_st","MIMAT0007348","miR-1470",TRUE,TRUE
"MIMAT0007349_st","MIMAT0007349","miR-1471",TRUE,TRUE
"MIMAT0007399_st","MIMAT0007399","miR-1537-3p",TRUE,TRUE
"MIMAT0007400_st","MIMAT0007400","miR-1538",TRUE,TRUE
"MIMAT0007401_st","MIMAT0007401","miR-1539",TRUE,TRUE
"MIMAT0007402_st","MIMAT0007402","miR-103b",TRUE,TRUE
"MIMAT0007881_st","MIMAT0007881","miR-1908-5p",TRUE,TRUE
"MIMAT0007882_st","MIMAT0007882","miR-1909-5p",TRUE,TRUE
"MIMAT0007883_st","MIMAT0007883","miR-1909-3p",TRUE,TRUE
"MIMAT0007884_st","MIMAT0007884","miR-1910-5p",TRUE,TRUE
"MIMAT0007885_st","MIMAT0007885","miR-1911-5p",TRUE,TRUE
"MIMAT0007886_st","MIMAT0007886","miR-1911-3p",TRUE,TRUE
"MIMAT0007887_st","MIMAT0007887","miR-1912",TRUE,TRUE
"MIMAT0007888_st","MIMAT0007888","miR-1913",TRUE,TRUE
"MIMAT0007889_st","MIMAT0007889","miR-1914-5p",TRUE,TRUE
"MIMAT0007890_st","MIMAT0007890","miR-1914-3p",TRUE,TRUE
"MIMAT0007891_st","MIMAT0007891","miR-1915-5p",TRUE,TRUE
"MIMAT0007892_st","MIMAT0007892","miR-1915-3p",TRUE,TRUE
"MIMAT0009196_st","MIMAT0009196","miR-103a-2-5p",TRUE,TRUE
"MIMAT0009197_st","MIMAT0009197","miR-205-3p",TRUE,TRUE
"MIMAT0009198_st","MIMAT0009198","miR-224-3p",TRUE,TRUE
"MIMAT0009199_st","MIMAT0009199","miR-365a-5p",TRUE,TRUE
"MIMAT0009201_st","MIMAT0009201","miR-196b-3p",TRUE,TRUE
"MIMAT0009203_st","MIMAT0009203","miR-449b-3p",TRUE,TRUE
"MIMAT0009206_st","MIMAT0009206","miR-2113",TRUE,TRUE
"MIMAT0009447_st","MIMAT0009447","miR-1972",TRUE,TRUE
"MIMAT0009448_st","MIMAT0009448","miR-1973",TRUE,TRUE
"MIMAT0009451_st","MIMAT0009451","miR-1976",TRUE,TRUE
"MIMAT0009977_st","MIMAT0009977","miR-2052",TRUE,TRUE
"MIMAT0009978_st","MIMAT0009978","miR-2053",TRUE,TRUE
"MIMAT0009979_st","MIMAT0009979","miR-2054",TRUE,TRUE
"MIMAT0010133_st","MIMAT0010133","miR-2110",TRUE,TRUE
"MIMAT0010195_st","MIMAT0010195","let-7a-2-3p",TRUE,TRUE
"MIMAT0010214_st","MIMAT0010214","miR-151b",TRUE,TRUE
"MIMAT0010251_st","MIMAT0010251","miR-449c-5p",TRUE,TRUE
"MIMAT0010313_st","MIMAT0010313","miR-762",TRUE,TRUE
"MIMAT0010357_st","MIMAT0010357","miR-670-5p",TRUE,TRUE
"MIMAT0010364_st","MIMAT0010364","miR-761",TRUE,TRUE
"MIMAT0010367_st","MIMAT0010367","miR-764",TRUE,TRUE
"MIMAT0010497_st","MIMAT0010497","miR-759",TRUE,TRUE
"MIMAT0011156_st","MIMAT0011156","miR-2114-5p",TRUE,TRUE
"MIMAT0011157_st","MIMAT0011157","miR-2114-3p",TRUE,TRUE
"MIMAT0011158_st","MIMAT0011158","miR-2115-5p",TRUE,TRUE
"MIMAT0011159_st","MIMAT0011159","miR-2115-3p",TRUE,TRUE
"MIMAT0011160_st","MIMAT0011160","miR-2116-5p",TRUE,TRUE
"MIMAT0011161_st","MIMAT0011161","miR-2116-3p",TRUE,TRUE
"MIMAT0011162_st","MIMAT0011162","miR-2117",TRUE,TRUE
"MIMAT0011163_st","MIMAT0011163","miR-548q",TRUE,TRUE
"MIMAT0011775_st","MIMAT0011775","miR-2276-3p",TRUE,TRUE
"MIMAT0011777_st","MIMAT0011777","miR-2277-3p",TRUE,TRUE
"MIMAT0011778_st","MIMAT0011778","miR-2278",TRUE,TRUE
"MIMAT0012734_st","MIMAT0012734","miR-711",TRUE,TRUE
"MIMAT0012735_st","MIMAT0012735","miR-718",TRUE,TRUE
"MIMAT0013515_st","MIMAT0013515","miR-2681-5p",TRUE,TRUE
"MIMAT0013516_st","MIMAT0013516","miR-2681-3p",TRUE,TRUE
"MIMAT0013517_st","MIMAT0013517","miR-2682-5p",TRUE,TRUE
"MIMAT0013518_st","MIMAT0013518","miR-2682-3p",TRUE,TRUE
"MIMAT0013771_st","MIMAT0013771","miR-449c-3p",TRUE,TRUE
"MIMAT0013802_st","MIMAT0013802","miR-2861",TRUE,TRUE
"MIMAT0013863_st","MIMAT0013863","miR-2909",TRUE,TRUE
"MIMAT0014977_st","MIMAT0014977","miR-3115",TRUE,TRUE
"MIMAT0014978_st","MIMAT0014978","miR-3116",TRUE,TRUE
"MIMAT0014979_st","MIMAT0014979","miR-3117-3p",TRUE,TRUE
"MIMAT0014980_st","MIMAT0014980","miR-3118",TRUE,TRUE
"MIMAT0014981_st","MIMAT0014981","miR-3119",TRUE,TRUE
"MIMAT0014982_st","MIMAT0014982","miR-3120-3p",TRUE,TRUE
"MIMAT0014983_st","MIMAT0014983","miR-3121-3p",TRUE,TRUE
"MIMAT0014984_st","MIMAT0014984","miR-3122",TRUE,TRUE
"MIMAT0014985_st","MIMAT0014985","miR-3123",TRUE,TRUE
"MIMAT0014986_st","MIMAT0014986","miR-3124-5p",TRUE,TRUE
"MIMAT0014987_st","MIMAT0014987","miR-548s",TRUE,TRUE
"MIMAT0014988_st","MIMAT0014988","miR-3125",TRUE,TRUE
"MIMAT0014989_st","MIMAT0014989","miR-3126-5p",TRUE,TRUE
"MIMAT0014990_st","MIMAT0014990","miR-3127-5p",TRUE,TRUE
"MIMAT0014991_st","MIMAT0014991","miR-3128",TRUE,TRUE
"MIMAT0014992_st","MIMAT0014992","miR-3129-5p",TRUE,TRUE
"MIMAT0014994_st","MIMAT0014994","miR-3130-3p",TRUE,TRUE
"MIMAT0014995_st","MIMAT0014995","miR-3130-5p",TRUE,TRUE
"MIMAT0014996_st","MIMAT0014996","miR-3131",TRUE,TRUE
"MIMAT0014997_st","MIMAT0014997","miR-3132",TRUE,TRUE
"MIMAT0014998_st","MIMAT0014998","miR-3133",TRUE,TRUE
"MIMAT0014999_st","MIMAT0014999","miR-378b",TRUE,TRUE
"MIMAT0015000_st","MIMAT0015000","miR-3134",TRUE,TRUE
"MIMAT0015001_st","MIMAT0015001","miR-3135a",TRUE,TRUE
"MIMAT0015002_st","MIMAT0015002","miR-466",TRUE,TRUE
"MIMAT0015003_st","MIMAT0015003","miR-3136-5p",TRUE,TRUE
"MIMAT0015004_st","MIMAT0015004","miR-544b",TRUE,TRUE
"MIMAT0015005_st","MIMAT0015005","miR-3137",TRUE,TRUE
"MIMAT0015006_st","MIMAT0015006","miR-3138",TRUE,TRUE
"MIMAT0015007_st","MIMAT0015007","miR-3139",TRUE,TRUE
"MIMAT0015008_st","MIMAT0015008","miR-3140-3p",TRUE,TRUE
"MIMAT0015009_st","MIMAT0015009","miR-548t-5p",TRUE,TRUE
"MIMAT0015010_st","MIMAT0015010","miR-3141",TRUE,TRUE
"MIMAT0015011_st","MIMAT0015011","miR-3142",TRUE,TRUE
"MIMAT0015012_st","MIMAT0015012","miR-3143",TRUE,TRUE
"MIMAT0015013_st","MIMAT0015013","miR-548u",TRUE,TRUE
"MIMAT0015014_st","MIMAT0015014","miR-3144-5p",TRUE,TRUE
"MIMAT0015015_st","MIMAT0015015","miR-3144-3p",TRUE,TRUE
"MIMAT0015016_st","MIMAT0015016","miR-3145-3p",TRUE,TRUE
"MIMAT0015017_st","MIMAT0015017","miR-1273c",TRUE,TRUE
"MIMAT0015018_st","MIMAT0015018","miR-3146",TRUE,TRUE
"MIMAT0015019_st","MIMAT0015019","miR-3147",TRUE,TRUE
"MIMAT0015020_st","MIMAT0015020","miR-548v",TRUE,TRUE
"MIMAT0015021_st","MIMAT0015021","miR-3148",TRUE,TRUE
"MIMAT0015022_st","MIMAT0015022","miR-3149",TRUE,TRUE
"MIMAT0015023_st","MIMAT0015023","miR-3150a-3p",TRUE,TRUE
"MIMAT0015024_st","MIMAT0015024","miR-3151-5p",TRUE,TRUE
"MIMAT0015025_st","MIMAT0015025","miR-3152-3p",TRUE,TRUE
"MIMAT0015026_st","MIMAT0015026","miR-3153",TRUE,TRUE
"MIMAT0015027_st","MIMAT0015027","miR-3074-3p",TRUE,TRUE
"MIMAT0015028_st","MIMAT0015028","miR-3154",TRUE,TRUE
"MIMAT0015029_st","MIMAT0015029","miR-3155a",TRUE,TRUE
"MIMAT0015030_st","MIMAT0015030","miR-3156-5p",TRUE,TRUE
"MIMAT0015031_st","MIMAT0015031","miR-3157-5p",TRUE,TRUE
"MIMAT0015032_st","MIMAT0015032","miR-3158-3p",TRUE,TRUE
"MIMAT0015033_st","MIMAT0015033","miR-3159",TRUE,TRUE
"MIMAT0015034_st","MIMAT0015034","miR-3160-3p",TRUE,TRUE
"MIMAT0015035_st","MIMAT0015035","miR-3161",TRUE,TRUE
"MIMAT0015036_st","MIMAT0015036","miR-3162-5p",TRUE,TRUE
"MIMAT0015037_st","MIMAT0015037","miR-3163",TRUE,TRUE
"MIMAT0015038_st","MIMAT0015038","miR-3164",TRUE,TRUE
"MIMAT0015039_st","MIMAT0015039","miR-3165",TRUE,TRUE
"MIMAT0015040_st","MIMAT0015040","miR-3166",TRUE,TRUE
"MIMAT0015041_st","MIMAT0015041","miR-1260b",TRUE,TRUE
"MIMAT0015042_st","MIMAT0015042","miR-3167",TRUE,TRUE
"MIMAT0015043_st","MIMAT0015043","miR-3168",TRUE,TRUE
"MIMAT0015044_st","MIMAT0015044","miR-3169",TRUE,TRUE
"MIMAT0015045_st","MIMAT0015045","miR-3170",TRUE,TRUE
"MIMAT0015046_st","MIMAT0015046","miR-3171",TRUE,TRUE
"MIMAT0015048_st","MIMAT0015048","miR-3173-3p",TRUE,TRUE
"MIMAT0015049_st","MIMAT0015049","miR-1193",TRUE,TRUE
"MIMAT0015050_st","MIMAT0015050","miR-323b-3p",TRUE,TRUE
"MIMAT0015051_st","MIMAT0015051","miR-3174",TRUE,TRUE
"MIMAT0015052_st","MIMAT0015052","miR-3175",TRUE,TRUE
"MIMAT0015053_st","MIMAT0015053","miR-3176",TRUE,TRUE
"MIMAT0015054_st","MIMAT0015054","miR-3177-3p",TRUE,TRUE
"MIMAT0015055_st","MIMAT0015055","miR-3178",TRUE,TRUE
"MIMAT0015056_st","MIMAT0015056","miR-3179",TRUE,TRUE
"MIMAT0015057_st","MIMAT0015057","miR-3180-5p",TRUE,TRUE
"MIMAT0015058_st","MIMAT0015058","miR-3180-3p",TRUE,TRUE
"MIMAT0015060_st","MIMAT0015060","miR-548w",TRUE,TRUE
"MIMAT0015061_st","MIMAT0015061","miR-3181",TRUE,TRUE
"MIMAT0015062_st","MIMAT0015062","miR-3182",TRUE,TRUE
"MIMAT0015063_st","MIMAT0015063","miR-3183",TRUE,TRUE
"MIMAT0015064_st","MIMAT0015064","miR-3184-5p",TRUE,TRUE
"MIMAT0015065_st","MIMAT0015065","miR-3185",TRUE,TRUE
"MIMAT0015066_st","MIMAT0015066","miR-3065-5p",TRUE,TRUE
"MIMAT0015067_st","MIMAT0015067","miR-3186-5p",TRUE,TRUE
"MIMAT0015068_st","MIMAT0015068","miR-3186-3p",TRUE,TRUE
"MIMAT0015069_st","MIMAT0015069","miR-3187-3p",TRUE,TRUE
"MIMAT0015070_st","MIMAT0015070","miR-3188",TRUE,TRUE
"MIMAT0015071_st","MIMAT0015071","miR-3189-3p",TRUE,TRUE
"MIMAT0015072_st","MIMAT0015072","miR-320e",TRUE,TRUE
"MIMAT0015073_st","MIMAT0015073","miR-3190-5p",TRUE,TRUE
"MIMAT0015075_st","MIMAT0015075","miR-3191-3p",TRUE,TRUE
"MIMAT0015076_st","MIMAT0015076","miR-3192-5p",TRUE,TRUE
"MIMAT0015077_st","MIMAT0015077","miR-3193",TRUE,TRUE
"MIMAT0015078_st","MIMAT0015078","miR-3194-5p",TRUE,TRUE
"MIMAT0015079_st","MIMAT0015079","miR-3195",TRUE,TRUE
"MIMAT0015080_st","MIMAT0015080","miR-3196",TRUE,TRUE
"MIMAT0015081_st","MIMAT0015081","miR-548x-3p",TRUE,TRUE
"MIMAT0015082_st","MIMAT0015082","miR-3197",TRUE,TRUE
"MIMAT0015083_st","MIMAT0015083","miR-3198",TRUE,TRUE
"MIMAT0015084_st","MIMAT0015084","miR-3199",TRUE,TRUE
"MIMAT0015085_st","MIMAT0015085","miR-3200-3p",TRUE,TRUE
"MIMAT0015086_st","MIMAT0015086","miR-3201",TRUE,TRUE
"MIMAT0015087_st","MIMAT0015087","miR-514b-5p",TRUE,TRUE
"MIMAT0015088_st","MIMAT0015088","miR-514b-3p",TRUE,TRUE
"MIMAT0015089_st","MIMAT0015089","miR-3202",TRUE,TRUE
"MIMAT0015090_st","MIMAT0015090","miR-1273d",TRUE,TRUE
"MIMAT0015377_st","MIMAT0015377","miR-3126-3p",TRUE,TRUE
"MIMAT0015378_st","MIMAT0015378","miR-3065-3p",TRUE,TRUE
"MIMAT0016844_st","MIMAT0016844","miR-4295",TRUE,TRUE
"MIMAT0016845_st","MIMAT0016845","miR-4296",TRUE,TRUE
"MIMAT0016846_st","MIMAT0016846","miR-4297",TRUE,TRUE
"MIMAT0016847_st","MIMAT0016847","miR-378c",TRUE,TRUE
"MIMAT0016848_st","MIMAT0016848","miR-4293",TRUE,TRUE
"MIMAT0016849_st","MIMAT0016849","miR-4294",TRUE,TRUE
"MIMAT0016850_st","MIMAT0016850","miR-4301",TRUE,TRUE
"MIMAT0016851_st","MIMAT0016851","miR-4299",TRUE,TRUE
"MIMAT0016852_st","MIMAT0016852","miR-4298",TRUE,TRUE
"MIMAT0016853_st","MIMAT0016853","miR-4300",TRUE,TRUE
"MIMAT0016854_st","MIMAT0016854","miR-4304",TRUE,TRUE
"MIMAT0016855_st","MIMAT0016855","miR-4302",TRUE,TRUE
"MIMAT0016856_st","MIMAT0016856","miR-4303",TRUE,TRUE
"MIMAT0016857_st","MIMAT0016857","miR-4305",TRUE,TRUE
"MIMAT0016858_st","MIMAT0016858","miR-4306",TRUE,TRUE
"MIMAT0016859_st","MIMAT0016859","miR-4309",TRUE,TRUE
"MIMAT0016860_st","MIMAT0016860","miR-4307",TRUE,TRUE
"MIMAT0016861_st","MIMAT0016861","miR-4308",TRUE,TRUE
"MIMAT0016862_st","MIMAT0016862","miR-4310",TRUE,TRUE
"MIMAT0016863_st","MIMAT0016863","miR-4311",TRUE,TRUE
"MIMAT0016864_st","MIMAT0016864","miR-4312",TRUE,TRUE
"MIMAT0016865_st","MIMAT0016865","miR-4313",TRUE,TRUE
"MIMAT0016866_st","MIMAT0016866","miR-4315",TRUE,TRUE
"MIMAT0016867_st","MIMAT0016867","miR-4316",TRUE,TRUE
"MIMAT0016868_st","MIMAT0016868","miR-4314",TRUE,TRUE
"MIMAT0016869_st","MIMAT0016869","miR-4318",TRUE,TRUE
"MIMAT0016870_st","MIMAT0016870","miR-4319",TRUE,TRUE
"MIMAT0016871_st","MIMAT0016871","miR-4320",TRUE,TRUE
"MIMAT0016872_st","MIMAT0016872","miR-4317",TRUE,TRUE
"MIMAT0016873_st","MIMAT0016873","miR-4322",TRUE,TRUE
"MIMAT0016874_st","MIMAT0016874","miR-4321",TRUE,TRUE
"MIMAT0016875_st","MIMAT0016875","miR-4323",TRUE,TRUE
"MIMAT0016876_st","MIMAT0016876","miR-4324",TRUE,TRUE
"MIMAT0016877_st","MIMAT0016877","miR-4256",TRUE,TRUE
"MIMAT0016878_st","MIMAT0016878","miR-4257",TRUE,TRUE
"MIMAT0016879_st","MIMAT0016879","miR-4258",TRUE,TRUE
"MIMAT0016880_st","MIMAT0016880","miR-4259",TRUE,TRUE
"MIMAT0016881_st","MIMAT0016881","miR-4260",TRUE,TRUE
"MIMAT0016882_st","MIMAT0016882","miR-4253",TRUE,TRUE
"MIMAT0016883_st","MIMAT0016883","miR-4251",TRUE,TRUE
"MIMAT0016884_st","MIMAT0016884","miR-4254",TRUE,TRUE
"MIMAT0016885_st","MIMAT0016885","miR-4255",TRUE,TRUE
"MIMAT0016886_st","MIMAT0016886","miR-4252",TRUE,TRUE
"MIMAT0016887_st","MIMAT0016887","miR-4325",TRUE,TRUE
"MIMAT0016888_st","MIMAT0016888","miR-4326",TRUE,TRUE
"MIMAT0016889_st","MIMAT0016889","miR-4327",TRUE,TRUE
"MIMAT0016890_st","MIMAT0016890","miR-4261",TRUE,TRUE
"MIMAT0016891_st","MIMAT0016891","miR-4265",TRUE,TRUE
"MIMAT0016892_st","MIMAT0016892","miR-4266",TRUE,TRUE
"MIMAT0016893_st","MIMAT0016893","miR-4267",TRUE,TRUE
"MIMAT0016894_st","MIMAT0016894","miR-4262",TRUE,TRUE
"MIMAT0016895_st","MIMAT0016895","miR-2355-5p",TRUE,TRUE
"MIMAT0016896_st","MIMAT0016896","miR-4268",TRUE,TRUE
"MIMAT0016897_st","MIMAT0016897","miR-4269",TRUE,TRUE
"MIMAT0016898_st","MIMAT0016898","miR-4263",TRUE,TRUE
"MIMAT0016899_st","MIMAT0016899","miR-4264",TRUE,TRUE
"MIMAT0016900_st","MIMAT0016900","miR-4270",TRUE,TRUE
"MIMAT0016901_st","MIMAT0016901","miR-4271",TRUE,TRUE
"MIMAT0016902_st","MIMAT0016902","miR-4272",TRUE,TRUE
"MIMAT0016903_st","MIMAT0016903","miR-4273",TRUE,TRUE
"MIMAT0016904_st","MIMAT0016904","miR-4276",TRUE,TRUE
"MIMAT0016905_st","MIMAT0016905","miR-4275",TRUE,TRUE
"MIMAT0016906_st","MIMAT0016906","miR-4274",TRUE,TRUE
"MIMAT0016907_st","MIMAT0016907","miR-4281",TRUE,TRUE
"MIMAT0016908_st","MIMAT0016908","miR-4277",TRUE,TRUE
"MIMAT0016909_st","MIMAT0016909","miR-4279",TRUE,TRUE
"MIMAT0016910_st","MIMAT0016910","miR-4278",TRUE,TRUE
"MIMAT0016911_st","MIMAT0016911","miR-4280",TRUE,TRUE
"MIMAT0016912_st","MIMAT0016912","miR-4282",TRUE,TRUE
"MIMAT0016913_st","MIMAT0016913","miR-4285",TRUE,TRUE
"MIMAT0016914_st","MIMAT0016914","miR-4283",TRUE,TRUE
"MIMAT0016915_st","MIMAT0016915","miR-4284",TRUE,TRUE
"MIMAT0016916_st","MIMAT0016916","miR-4286",TRUE,TRUE
"MIMAT0016917_st","MIMAT0016917","miR-4287",TRUE,TRUE
"MIMAT0016918_st","MIMAT0016918","miR-4288",TRUE,TRUE
"MIMAT0016919_st","MIMAT0016919","miR-4292",TRUE,TRUE
"MIMAT0016920_st","MIMAT0016920","miR-4289",TRUE,TRUE
"MIMAT0016921_st","MIMAT0016921","miR-4290",TRUE,TRUE
"MIMAT0016922_st","MIMAT0016922","miR-4291",TRUE,TRUE
"MIMAT0016923_st","MIMAT0016923","miR-4329",TRUE,TRUE
"MIMAT0016924_st","MIMAT0016924","miR-4330",TRUE,TRUE
"MIMAT0016925_st","MIMAT0016925","miR-500b-5p",TRUE,TRUE
"MIMAT0016926_st","MIMAT0016926","miR-4328",TRUE,TRUE
"MIMAT0017352_st","MIMAT0017352","miR-2277-5p",TRUE,TRUE
"MIMAT0017392_st","MIMAT0017392","miR-3200-5p",TRUE,TRUE
"MIMAT0017950_st","MIMAT0017950","miR-2355-3p",TRUE,TRUE
"MIMAT0017981_st","MIMAT0017981","miR-3605-5p",TRUE,TRUE
"MIMAT0017982_st","MIMAT0017982","miR-3605-3p",TRUE,TRUE
"MIMAT0017983_st","MIMAT0017983","miR-3606-5p",TRUE,TRUE
"MIMAT0017984_st","MIMAT0017984","miR-3607-5p",TRUE,TRUE
"MIMAT0017985_st","MIMAT0017985","miR-3607-3p",TRUE,TRUE
"MIMAT0017986_st","MIMAT0017986","miR-3609",TRUE,TRUE
"MIMAT0017987_st","MIMAT0017987","miR-3610",TRUE,TRUE
"MIMAT0017988_st","MIMAT0017988","miR-3611",TRUE,TRUE
"MIMAT0017989_st","MIMAT0017989","miR-3612",TRUE,TRUE
"MIMAT0017990_st","MIMAT0017990","miR-3613-5p",TRUE,TRUE
"MIMAT0017991_st","MIMAT0017991","miR-3613-3p",TRUE,TRUE
"MIMAT0017992_st","MIMAT0017992","miR-3614-5p",TRUE,TRUE
"MIMAT0017993_st","MIMAT0017993","miR-3614-3p",TRUE,TRUE
"MIMAT0017994_st","MIMAT0017994","miR-3615",TRUE,TRUE
"MIMAT0017995_st","MIMAT0017995","miR-3616-5p",TRUE,TRUE
"MIMAT0017996_st","MIMAT0017996","miR-3616-3p",TRUE,TRUE
"MIMAT0017997_st","MIMAT0017997","miR-3617-5p",TRUE,TRUE
"MIMAT0017998_st","MIMAT0017998","miR-3618",TRUE,TRUE
"MIMAT0017999_st","MIMAT0017999","miR-3619-5p",TRUE,TRUE
"MIMAT0018000_st","MIMAT0018000","miR-23c",TRUE,TRUE
"MIMAT0018001_st","MIMAT0018001","miR-3620-3p",TRUE,TRUE
"MIMAT0018002_st","MIMAT0018002","miR-3621",TRUE,TRUE
"MIMAT0018003_st","MIMAT0018003","miR-3622a-5p",TRUE,TRUE
"MIMAT0018004_st","MIMAT0018004","miR-3622a-3p",TRUE,TRUE
"MIMAT0018005_st","MIMAT0018005","miR-3622b-5p",TRUE,TRUE
"MIMAT0018006_st","MIMAT0018006","miR-3622b-3p",TRUE,TRUE
"MIMAT0018065_st","MIMAT0018065","miR-3646",TRUE,TRUE
"MIMAT0018068_st","MIMAT0018068","miR-3648",TRUE,TRUE
"MIMAT0018069_st","MIMAT0018069","miR-3649",TRUE,TRUE
"MIMAT0018070_st","MIMAT0018070","miR-3650",TRUE,TRUE
"MIMAT0018071_st","MIMAT0018071","miR-3651",TRUE,TRUE
"MIMAT0018072_st","MIMAT0018072","miR-3652",TRUE,TRUE
"MIMAT0018073_st","MIMAT0018073","miR-3653",TRUE,TRUE
"MIMAT0018074_st","MIMAT0018074","miR-3654",TRUE,TRUE
"MIMAT0018075_st","MIMAT0018075","miR-3655",TRUE,TRUE
"MIMAT0018076_st","MIMAT0018076","miR-3656",TRUE,TRUE
"MIMAT0018077_st","MIMAT0018077","miR-3657",TRUE,TRUE
"MIMAT0018078_st","MIMAT0018078","miR-3658",TRUE,TRUE
"MIMAT0018079_st","MIMAT0018079","miR-1273e",TRUE,TRUE
"MIMAT0018080_st","MIMAT0018080","miR-3659",TRUE,TRUE
"MIMAT0018081_st","MIMAT0018081","miR-3660",TRUE,TRUE
"MIMAT0018082_st","MIMAT0018082","miR-3661",TRUE,TRUE
"MIMAT0018083_st","MIMAT0018083","miR-3662",TRUE,TRUE
"MIMAT0018084_st","MIMAT0018084","miR-3663-5p",TRUE,TRUE
"MIMAT0018085_st","MIMAT0018085","miR-3663-3p",TRUE,TRUE
"MIMAT0018086_st","MIMAT0018086","miR-3664-5p",TRUE,TRUE
"MIMAT0018087_st","MIMAT0018087","miR-3665",TRUE,TRUE
"MIMAT0018088_st","MIMAT0018088","miR-3666",TRUE,TRUE
"MIMAT0018089_st","MIMAT0018089","miR-3667-5p",TRUE,TRUE
"MIMAT0018090_st","MIMAT0018090","miR-3667-3p",TRUE,TRUE
"MIMAT0018091_st","MIMAT0018091","miR-3668",TRUE,TRUE
"MIMAT0018092_st","MIMAT0018092","miR-3669",TRUE,TRUE
"MIMAT0018093_st","MIMAT0018093","miR-3670",TRUE,TRUE
"MIMAT0018094_st","MIMAT0018094","miR-3671",TRUE,TRUE
"MIMAT0018095_st","MIMAT0018095","miR-3672",TRUE,TRUE
"MIMAT0018096_st","MIMAT0018096","miR-3673",TRUE,TRUE
"MIMAT0018097_st","MIMAT0018097","miR-3674",TRUE,TRUE
"MIMAT0018098_st","MIMAT0018098","miR-3675-5p",TRUE,TRUE
"MIMAT0018099_st","MIMAT0018099","miR-3675-3p",TRUE,TRUE
"MIMAT0018101_st","MIMAT0018101","miR-3677-3p",TRUE,TRUE
"MIMAT0018102_st","MIMAT0018102","miR-3678-5p",TRUE,TRUE
"MIMAT0018103_st","MIMAT0018103","miR-3678-3p",TRUE,TRUE
"MIMAT0018104_st","MIMAT0018104","miR-3679-5p",TRUE,TRUE
"MIMAT0018105_st","MIMAT0018105","miR-3679-3p",TRUE,TRUE
"MIMAT0018106_st","MIMAT0018106","miR-3680-5p",TRUE,TRUE
"MIMAT0018107_st","MIMAT0018107","miR-3680-3p",TRUE,TRUE
"MIMAT0018108_st","MIMAT0018108","miR-3681-5p",TRUE,TRUE
"MIMAT0018109_st","MIMAT0018109","miR-3681-3p",TRUE,TRUE
"MIMAT0018110_st","MIMAT0018110","miR-3682-3p",TRUE,TRUE
"MIMAT0018111_st","MIMAT0018111","miR-3683",TRUE,TRUE
"MIMAT0018112_st","MIMAT0018112","miR-3684",TRUE,TRUE
"MIMAT0018113_st","MIMAT0018113","miR-3685",TRUE,TRUE
"MIMAT0018114_st","MIMAT0018114","miR-3686",TRUE,TRUE
"MIMAT0018115_st","MIMAT0018115","miR-3687",TRUE,TRUE
"MIMAT0018116_st","MIMAT0018116","miR-3688-3p",TRUE,TRUE
"MIMAT0018117_st","MIMAT0018117",NA,FALSE,TRUE
"MIMAT0018118_st","MIMAT0018118","miR-3689a-3p",TRUE,TRUE
"MIMAT0018119_st","MIMAT0018119","miR-3690",TRUE,TRUE
"MIMAT0018120_st","MIMAT0018120","miR-3691-5p",TRUE,TRUE
"MIMAT0018121_st","MIMAT0018121","miR-3692-5p",TRUE,TRUE
"MIMAT0018122_st","MIMAT0018122","miR-3692-3p",TRUE,TRUE
"MIMAT0018164_st","MIMAT0018164","miR-3713",TRUE,TRUE
"MIMAT0018165_st","MIMAT0018165","miR-3714",TRUE,TRUE
"MIMAT0018178_st","MIMAT0018178","miR-3180",TRUE,TRUE
"MIMAT0018179_st","MIMAT0018179","miR-3907",TRUE,TRUE
"MIMAT0018180_st","MIMAT0018180",NA,FALSE,TRUE
"MIMAT0018181_st","MIMAT0018181",NA,FALSE,TRUE
"MIMAT0018182_st","MIMAT0018182","miR-3908",TRUE,TRUE
"MIMAT0018183_st","MIMAT0018183","miR-3909",TRUE,TRUE
"MIMAT0018184_st","MIMAT0018184","miR-3910",TRUE,TRUE
"MIMAT0018185_st","MIMAT0018185","miR-3911",TRUE,TRUE
"MIMAT0018186_st","MIMAT0018186","miR-3912-3p",TRUE,TRUE
"MIMAT0018187_st","MIMAT0018187","miR-3913-5p",TRUE,TRUE
"MIMAT0018188_st","MIMAT0018188","miR-3914",TRUE,TRUE
"MIMAT0018189_st","MIMAT0018189","miR-3915",TRUE,TRUE
"MIMAT0018190_st","MIMAT0018190","miR-3916",TRUE,TRUE
"MIMAT0018191_st","MIMAT0018191","miR-3917",TRUE,TRUE
"MIMAT0018192_st","MIMAT0018192","miR-3918",TRUE,TRUE
"MIMAT0018193_st","MIMAT0018193","miR-3919",TRUE,TRUE
"MIMAT0018194_st","MIMAT0018194","miR-3150b-3p",TRUE,TRUE
"MIMAT0018195_st","MIMAT0018195","miR-3920",TRUE,TRUE
"MIMAT0018196_st","MIMAT0018196","miR-3921",TRUE,TRUE
"MIMAT0018197_st","MIMAT0018197","miR-3922-3p",TRUE,TRUE
"MIMAT0018198_st","MIMAT0018198","miR-3923",TRUE,TRUE
"MIMAT0018199_st","MIMAT0018199","miR-3924",TRUE,TRUE
"MIMAT0018200_st","MIMAT0018200","miR-3925-5p",TRUE,TRUE
"MIMAT0018201_st","MIMAT0018201","miR-3926",TRUE,TRUE
"MIMAT0018202_st","MIMAT0018202","miR-3927-3p",TRUE,TRUE
"MIMAT0018203_st","MIMAT0018203","miR-676-5p",TRUE,TRUE
"MIMAT0018204_st","MIMAT0018204","miR-676-3p",TRUE,TRUE
"MIMAT0018205_st","MIMAT0018205","miR-3928-3p",TRUE,TRUE
"MIMAT0018206_st","MIMAT0018206","miR-3929",TRUE,TRUE
"MIMAT0018349_st","MIMAT0018349","miR-3934-5p",TRUE,TRUE
"MIMAT0018350_st","MIMAT0018350","miR-3935",TRUE,TRUE
"MIMAT0018351_st","MIMAT0018351","miR-3936",TRUE,TRUE
"MIMAT0018352_st","MIMAT0018352","miR-3937",TRUE,TRUE
"MIMAT0018353_st","MIMAT0018353","miR-3938",TRUE,TRUE
"MIMAT0018354_st","MIMAT0018354","miR-548y",TRUE,TRUE
"MIMAT0018355_st","MIMAT0018355","miR-3939",TRUE,TRUE
"MIMAT0018356_st","MIMAT0018356","miR-3940-3p",TRUE,TRUE
"MIMAT0018357_st","MIMAT0018357","miR-3941",TRUE,TRUE
"MIMAT0018358_st","MIMAT0018358","miR-3942-5p",TRUE,TRUE
"MIMAT0018359_st","MIMAT0018359","miR-3943",TRUE,TRUE
"MIMAT0018360_st","MIMAT0018360","miR-3944-3p",TRUE,TRUE
"MIMAT0018361_st","MIMAT0018361","miR-3945",TRUE,TRUE
"MIMAT0018443_st","MIMAT0018443","miR-374c-5p",TRUE,TRUE
"MIMAT0018444_st","MIMAT0018444","miR-642b-3p",TRUE,TRUE
"MIMAT0018445_st","MIMAT0018445","miR-550b-3p",TRUE,TRUE
"MIMAT0018446_st","MIMAT0018446",NA,FALSE,TRUE
"MIMAT0018447_st","MIMAT0018447",NA,FALSE,TRUE
"MIMAT0018925_st","MIMAT0018925","miR-1268b",TRUE,TRUE
"MIMAT0018926_st","MIMAT0018926","miR-378d",TRUE,TRUE
"MIMAT0018927_st","MIMAT0018927","miR-378e",TRUE,TRUE
"MIMAT0018928_st","MIMAT0018928","miR-548ab",TRUE,TRUE
"MIMAT0018929_st","MIMAT0018929","miR-4417",TRUE,TRUE
"MIMAT0018930_st","MIMAT0018930","miR-4418",TRUE,TRUE
"MIMAT0018931_st","MIMAT0018931","miR-4419a",TRUE,TRUE
"MIMAT0018932_st","MIMAT0018932","miR-378f",TRUE,TRUE
"MIMAT0018933_st","MIMAT0018933","miR-4420",TRUE,TRUE
"MIMAT0018934_st","MIMAT0018934","miR-4421",TRUE,TRUE
"MIMAT0018935_st","MIMAT0018935","miR-4422",TRUE,TRUE
"MIMAT0018936_st","MIMAT0018936","miR-4423-3p",TRUE,TRUE
"MIMAT0018937_st","MIMAT0018937","miR-378g",TRUE,TRUE
"MIMAT0018938_st","MIMAT0018938","miR-548ac",TRUE,TRUE
"MIMAT0018939_st","MIMAT0018939","miR-4424",TRUE,TRUE
"MIMAT0018940_st","MIMAT0018940","miR-4425",TRUE,TRUE
"MIMAT0018941_st","MIMAT0018941","miR-4426",TRUE,TRUE
"MIMAT0018942_st","MIMAT0018942","miR-4427",TRUE,TRUE
"MIMAT0018943_st","MIMAT0018943","miR-4428",TRUE,TRUE
"MIMAT0018944_st","MIMAT0018944","miR-4429",TRUE,TRUE
"MIMAT0018945_st","MIMAT0018945","miR-4430",TRUE,TRUE
"MIMAT0018946_st","MIMAT0018946","miR-548ad",TRUE,TRUE
"MIMAT0018947_st","MIMAT0018947","miR-4431",TRUE,TRUE
"MIMAT0018948_st","MIMAT0018948","miR-4432",TRUE,TRUE
"MIMAT0018949_st","MIMAT0018949","miR-4433-3p",TRUE,TRUE
"MIMAT0018950_st","MIMAT0018950","miR-4434",TRUE,TRUE
"MIMAT0018951_st","MIMAT0018951","miR-4435",TRUE,TRUE
"MIMAT0018952_st","MIMAT0018952","miR-4436a",TRUE,TRUE
"MIMAT0018953_st","MIMAT0018953","miR-4437",TRUE,TRUE
"MIMAT0018954_st","MIMAT0018954","miR-548ae",TRUE,TRUE
"MIMAT0018956_st","MIMAT0018956","miR-4438",TRUE,TRUE
"MIMAT0018957_st","MIMAT0018957","miR-4439",TRUE,TRUE
"MIMAT0018958_st","MIMAT0018958","miR-4440",TRUE,TRUE
"MIMAT0018959_st","MIMAT0018959","miR-4441",TRUE,TRUE
"MIMAT0018960_st","MIMAT0018960","miR-4442",TRUE,TRUE
"MIMAT0018961_st","MIMAT0018961","miR-4443",TRUE,TRUE
"MIMAT0018962_st","MIMAT0018962","miR-4444",TRUE,TRUE
"MIMAT0018963_st","MIMAT0018963","miR-4445-5p",TRUE,TRUE
"MIMAT0018964_st","MIMAT0018964","miR-4445-3p",TRUE,TRUE
"MIMAT0018965_st","MIMAT0018965","miR-4446-3p",TRUE,TRUE
"MIMAT0018966_st","MIMAT0018966","miR-4447",TRUE,TRUE
"MIMAT0018967_st","MIMAT0018967","miR-4448",TRUE,TRUE
"MIMAT0018968_st","MIMAT0018968","miR-4449",TRUE,TRUE
"MIMAT0018969_st","MIMAT0018969","miR-548ag",TRUE,TRUE
"MIMAT0018971_st","MIMAT0018971","miR-4450",TRUE,TRUE
"MIMAT0018972_st","MIMAT0018972","miR-548ah-5p",TRUE,TRUE
"MIMAT0018973_st","MIMAT0018973","miR-4451",TRUE,TRUE
"MIMAT0018974_st","MIMAT0018974","miR-4452",TRUE,TRUE
"MIMAT0018975_st","MIMAT0018975","miR-4453",TRUE,TRUE
"MIMAT0018976_st","MIMAT0018976","miR-4454",TRUE,TRUE
"MIMAT0018977_st","MIMAT0018977","miR-4455",TRUE,TRUE
"MIMAT0018978_st","MIMAT0018978","miR-4456",TRUE,TRUE
"MIMAT0018979_st","MIMAT0018979","miR-4457",TRUE,TRUE
"MIMAT0018980_st","MIMAT0018980","miR-4458",TRUE,TRUE
"MIMAT0018981_st","MIMAT0018981","miR-4459",TRUE,TRUE
"MIMAT0018982_st","MIMAT0018982","miR-4460",TRUE,TRUE
"MIMAT0018983_st","MIMAT0018983","miR-4461",TRUE,TRUE
"MIMAT0018984_st","MIMAT0018984","miR-378h",TRUE,TRUE
"MIMAT0018985_st","MIMAT0018985","miR-3135b",TRUE,TRUE
"MIMAT0018986_st","MIMAT0018986","miR-4462",TRUE,TRUE
"MIMAT0018987_st","MIMAT0018987","miR-4463",TRUE,TRUE
"MIMAT0018988_st","MIMAT0018988","miR-4464",TRUE,TRUE
"MIMAT0018989_st","MIMAT0018989",NA,FALSE,TRUE
"MIMAT0018990_st","MIMAT0018990","miR-548aj-3p",TRUE,TRUE
"MIMAT0018992_st","MIMAT0018992","miR-4465",TRUE,TRUE
"MIMAT0018993_st","MIMAT0018993","miR-4466",TRUE,TRUE
"MIMAT0018994_st","MIMAT0018994","miR-4467",TRUE,TRUE
"MIMAT0018995_st","MIMAT0018995","miR-4468",TRUE,TRUE
"MIMAT0018996_st","MIMAT0018996","miR-4469",TRUE,TRUE
"MIMAT0018997_st","MIMAT0018997","miR-4470",TRUE,TRUE
"MIMAT0018998_st","MIMAT0018998","miR-4471",TRUE,TRUE
"MIMAT0018999_st","MIMAT0018999","miR-4472",TRUE,TRUE
"MIMAT0019000_st","MIMAT0019000","miR-4473",TRUE,TRUE
"MIMAT0019001_st","MIMAT0019001","miR-4474-3p",TRUE,TRUE
"MIMAT0019002_st","MIMAT0019002","miR-4475",TRUE,TRUE
"MIMAT0019003_st","MIMAT0019003","miR-4476",TRUE,TRUE
"MIMAT0019004_st","MIMAT0019004","miR-4477a",TRUE,TRUE
"MIMAT0019005_st","MIMAT0019005","miR-4477b",TRUE,TRUE
"MIMAT0019006_st","MIMAT0019006","miR-4478",TRUE,TRUE
"MIMAT0019007_st","MIMAT0019007",NA,FALSE,TRUE
"MIMAT0019008_st","MIMAT0019008","miR-3689d",TRUE,TRUE
"MIMAT0019009_st","MIMAT0019009",NA,FALSE,TRUE
"MIMAT0019010_st","MIMAT0019010","miR-3689f",TRUE,TRUE
"MIMAT0019011_st","MIMAT0019011","miR-4479",TRUE,TRUE
"MIMAT0019012_st","MIMAT0019012","miR-3155b",TRUE,TRUE
"MIMAT0019013_st","MIMAT0019013","miR-548ak",TRUE,TRUE
"MIMAT0019014_st","MIMAT0019014","miR-4480",TRUE,TRUE
"MIMAT0019015_st","MIMAT0019015","miR-4481",TRUE,TRUE
"MIMAT0019016_st","MIMAT0019016","miR-4482-5p",TRUE,TRUE
"MIMAT0019017_st","MIMAT0019017","miR-4483",TRUE,TRUE
"MIMAT0019018_st","MIMAT0019018","miR-4484",TRUE,TRUE
"MIMAT0019019_st","MIMAT0019019","miR-4485",TRUE,TRUE
"MIMAT0019020_st","MIMAT0019020","miR-4486",TRUE,TRUE
"MIMAT0019021_st","MIMAT0019021","miR-4487",TRUE,TRUE
"MIMAT0019022_st","MIMAT0019022","miR-4488",TRUE,TRUE
"MIMAT0019023_st","MIMAT0019023","miR-4489",TRUE,TRUE
"MIMAT0019024_st","MIMAT0019024","miR-548al",TRUE,TRUE
"MIMAT0019025_st","MIMAT0019025","miR-4490",TRUE,TRUE
"MIMAT0019026_st","MIMAT0019026","miR-4491",TRUE,TRUE
"MIMAT0019027_st","MIMAT0019027","miR-4492",TRUE,TRUE
"MIMAT0019028_st","MIMAT0019028","miR-4493",TRUE,TRUE
"MIMAT0019029_st","MIMAT0019029","miR-4494",TRUE,TRUE
"MIMAT0019030_st","MIMAT0019030","miR-4495",TRUE,TRUE
"MIMAT0019031_st","MIMAT0019031","miR-4496",TRUE,TRUE
"MIMAT0019032_st","MIMAT0019032","miR-4497",TRUE,TRUE
"MIMAT0019033_st","MIMAT0019033","miR-4498",TRUE,TRUE
"MIMAT0019034_st","MIMAT0019034","miR-4419b",TRUE,TRUE
"MIMAT0019035_st","MIMAT0019035","miR-4499",TRUE,TRUE
"MIMAT0019036_st","MIMAT0019036","miR-4500",TRUE,TRUE
"MIMAT0019037_st","MIMAT0019037","miR-4501",TRUE,TRUE
"MIMAT0019038_st","MIMAT0019038","miR-4502",TRUE,TRUE
"MIMAT0019039_st","MIMAT0019039","miR-4503",TRUE,TRUE
"MIMAT0019040_st","MIMAT0019040","miR-4504",TRUE,TRUE
"MIMAT0019041_st","MIMAT0019041","miR-4505",TRUE,TRUE
"MIMAT0019042_st","MIMAT0019042","miR-4506",TRUE,TRUE
"MIMAT0019043_st","MIMAT0019043","miR-2392",TRUE,TRUE
"MIMAT0019044_st","MIMAT0019044","miR-4507",TRUE,TRUE
"MIMAT0019045_st","MIMAT0019045","miR-4508",TRUE,TRUE
"MIMAT0019046_st","MIMAT0019046","miR-4509",TRUE,TRUE
"MIMAT0019047_st","MIMAT0019047","miR-4510",TRUE,TRUE
"MIMAT0019048_st","MIMAT0019048","miR-4511",TRUE,TRUE
"MIMAT0019049_st","MIMAT0019049","miR-4512",TRUE,TRUE
"MIMAT0019050_st","MIMAT0019050","miR-4513",TRUE,TRUE
"MIMAT0019051_st","MIMAT0019051","miR-4514",TRUE,TRUE
"MIMAT0019052_st","MIMAT0019052","miR-4515",TRUE,TRUE
"MIMAT0019053_st","MIMAT0019053","miR-4516",TRUE,TRUE
"MIMAT0019054_st","MIMAT0019054","miR-4517",TRUE,TRUE
"MIMAT0019055_st","MIMAT0019055","miR-4518",TRUE,TRUE
"MIMAT0019056_st","MIMAT0019056","miR-4519",TRUE,TRUE
"MIMAT0019057_st","MIMAT0019057","miR-4520a-3p",TRUE,TRUE
"MIMAT0019058_st","MIMAT0019058","miR-4521",TRUE,TRUE
"MIMAT0019059_st","MIMAT0019059","miR-1269b",TRUE,TRUE
"MIMAT0019060_st","MIMAT0019060","miR-4522",TRUE,TRUE
"MIMAT0019061_st","MIMAT0019061","miR-4523",TRUE,TRUE
"MIMAT0019062_st","MIMAT0019062","miR-4524a-5p",TRUE,TRUE
"MIMAT0019063_st","MIMAT0019063","miR-4524a-3p",TRUE,TRUE
"MIMAT0019064_st","MIMAT0019064","miR-4525",TRUE,TRUE
"MIMAT0019065_st","MIMAT0019065","miR-4526",TRUE,TRUE
"MIMAT0019066_st","MIMAT0019066","miR-4527",TRUE,TRUE
"MIMAT0019067_st","MIMAT0019067","miR-4528",TRUE,TRUE
"MIMAT0019068_st","MIMAT0019068","miR-4529-3p",TRUE,TRUE
"MIMAT0019069_st","MIMAT0019069","miR-4530",TRUE,TRUE
"MIMAT0019070_st","MIMAT0019070","miR-4531",TRUE,TRUE
"MIMAT0019071_st","MIMAT0019071","miR-4532",TRUE,TRUE
"MIMAT0019072_st","MIMAT0019072","miR-4533",TRUE,TRUE
"MIMAT0019073_st","MIMAT0019073","miR-4534",TRUE,TRUE
"MIMAT0019074_st","MIMAT0019074","miR-378i",TRUE,TRUE
"MIMAT0019075_st","MIMAT0019075","miR-4535",TRUE,TRUE
"MIMAT0019076_st","MIMAT0019076","miR-548am-3p",TRUE,TRUE
"MIMAT0019077_st","MIMAT0019077","miR-1587",TRUE,TRUE
"MIMAT0019078_st","MIMAT0019078","miR-4536-5p",TRUE,TRUE
"MIMAT0019079_st","MIMAT0019079","miR-548an",TRUE,TRUE
"MIMAT0019080_st","MIMAT0019080","miR-4537",TRUE,TRUE
"MIMAT0019081_st","MIMAT0019081","miR-4538",TRUE,TRUE
"MIMAT0019082_st","MIMAT0019082","miR-4539",TRUE,TRUE
"MIMAT0019083_st","MIMAT0019083","miR-4540",TRUE,TRUE
"MIMAT0019197_st","MIMAT0019197","miR-3117-5p",TRUE,TRUE
"MIMAT0019198_st","MIMAT0019198","miR-3120-5p",TRUE,TRUE
"MIMAT0019199_st","MIMAT0019199","miR-3121-5p",TRUE,TRUE
"MIMAT0019200_st","MIMAT0019200","miR-3124-3p",TRUE,TRUE
"MIMAT0019201_st","MIMAT0019201","miR-3127-3p",TRUE,TRUE
"MIMAT0019202_st","MIMAT0019202","miR-3129-3p",TRUE,TRUE
"MIMAT0019203_st","MIMAT0019203","miR-3136-3p",TRUE,TRUE
"MIMAT0019204_st","MIMAT0019204","miR-3140-5p",TRUE,TRUE
"MIMAT0019205_st","MIMAT0019205","miR-3145-5p",TRUE,TRUE
"MIMAT0019206_st","MIMAT0019206","miR-3150a-5p",TRUE,TRUE
"MIMAT0019207_st","MIMAT0019207","miR-3152-5p",TRUE,TRUE
"MIMAT0019208_st","MIMAT0019208","miR-3074-5p",TRUE,TRUE
"MIMAT0019209_st","MIMAT0019209","miR-3156-3p",TRUE,TRUE
"MIMAT0019210_st","MIMAT0019210","miR-3157-3p",TRUE,TRUE
"MIMAT0019211_st","MIMAT0019211","miR-3158-5p",TRUE,TRUE
"MIMAT0019212_st","MIMAT0019212","miR-3160-5p",TRUE,TRUE
"MIMAT0019213_st","MIMAT0019213","miR-3162-3p",TRUE,TRUE
"MIMAT0019214_st","MIMAT0019214","miR-3173-5p",TRUE,TRUE
"MIMAT0019215_st","MIMAT0019215","miR-3177-5p",TRUE,TRUE
"MIMAT0019216_st","MIMAT0019216","miR-3187-5p",TRUE,TRUE
"MIMAT0019217_st","MIMAT0019217","miR-3189-5p",TRUE,TRUE
"MIMAT0019218_st","MIMAT0019218","miR-3194-3p",TRUE,TRUE
"MIMAT0019219_st","MIMAT0019219","miR-3619-3p",TRUE,TRUE
"MIMAT0019220_st","MIMAT0019220","miR-3664-3p",TRUE,TRUE
"MIMAT0019221_st","MIMAT0019221","miR-3677-5p",TRUE,TRUE
"MIMAT0019222_st","MIMAT0019222","miR-3682-5p",TRUE,TRUE
"MIMAT0019223_st","MIMAT0019223","miR-3688-5p",TRUE,TRUE
"MIMAT0019224_st","MIMAT0019224","miR-3691-3p",TRUE,TRUE
"MIMAT0019225_st","MIMAT0019225","miR-3913-3p",TRUE,TRUE
"MIMAT0019226_st","MIMAT0019226","miR-3150b-5p",TRUE,TRUE
"MIMAT0019227_st","MIMAT0019227","miR-3922-5p",TRUE,TRUE
"MIMAT0019228_st","MIMAT0019228","miR-3925-3p",TRUE,TRUE
"MIMAT0019229_st","MIMAT0019229","miR-3940-5p",TRUE,TRUE
"MIMAT0019230_st","MIMAT0019230","miR-3942-3p",TRUE,TRUE
"MIMAT0019231_st","MIMAT0019231","miR-3944-5p",TRUE,TRUE
"MIMAT0019232_st","MIMAT0019232","miR-4423-5p",TRUE,TRUE
"MIMAT0019233_st","MIMAT0019233","miR-4446-5p",TRUE,TRUE
"MIMAT0019234_st","MIMAT0019234","miR-4474-5p",TRUE,TRUE
"MIMAT0019235_st","MIMAT0019235",NA,FALSE,TRUE
"MIMAT0019236_st","MIMAT0019236","miR-4529-5p",TRUE,TRUE
"MIMAT0019337_st","MIMAT0019337","miR-3960",TRUE,TRUE
"MIMAT0019357_st","MIMAT0019357","miR-3972",TRUE,TRUE
"MIMAT0019358_st","MIMAT0019358","miR-3973",TRUE,TRUE
"MIMAT0019359_st","MIMAT0019359","miR-3974",TRUE,TRUE
"MIMAT0019360_st","MIMAT0019360","miR-3975",TRUE,TRUE
"MIMAT0019361_st","MIMAT0019361","miR-3976",TRUE,TRUE
"MIMAT0019362_st","MIMAT0019362","miR-3977",TRUE,TRUE
"MIMAT0019363_st","MIMAT0019363","miR-3978",TRUE,TRUE
"MIMAT0019688_st","MIMAT0019688","miR-4632-3p",TRUE,TRUE
"MIMAT0019689_st","MIMAT0019689","miR-4633-5p",TRUE,TRUE
"MIMAT0019690_st","MIMAT0019690","miR-4633-3p",TRUE,TRUE
"MIMAT0019691_st","MIMAT0019691","miR-4634",TRUE,TRUE
"MIMAT0019692_st","MIMAT0019692","miR-4635",TRUE,TRUE
"MIMAT0019693_st","MIMAT0019693","miR-4636",TRUE,TRUE
"MIMAT0019694_st","MIMAT0019694","miR-4637",TRUE,TRUE
"MIMAT0019695_st","MIMAT0019695","miR-4638-5p",TRUE,TRUE
"MIMAT0019696_st","MIMAT0019696","miR-4638-3p",TRUE,TRUE
"MIMAT0019697_st","MIMAT0019697","miR-4639-5p",TRUE,TRUE
"MIMAT0019698_st","MIMAT0019698","miR-4639-3p",TRUE,TRUE
"MIMAT0019699_st","MIMAT0019699","miR-4640-5p",TRUE,TRUE
"MIMAT0019700_st","MIMAT0019700","miR-4640-3p",TRUE,TRUE
"MIMAT0019701_st","MIMAT0019701","miR-4641",TRUE,TRUE
"MIMAT0019702_st","MIMAT0019702","miR-4642",TRUE,TRUE
"MIMAT0019703_st","MIMAT0019703","miR-4643",TRUE,TRUE
"MIMAT0019704_st","MIMAT0019704","miR-4644",TRUE,TRUE
"MIMAT0019705_st","MIMAT0019705","miR-4645-5p",TRUE,TRUE
"MIMAT0019706_st","MIMAT0019706","miR-4645-3p",TRUE,TRUE
"MIMAT0019707_st","MIMAT0019707","miR-4646-5p",TRUE,TRUE
"MIMAT0019708_st","MIMAT0019708","miR-4646-3p",TRUE,TRUE
"MIMAT0019709_st","MIMAT0019709","miR-4647",TRUE,TRUE
"MIMAT0019710_st","MIMAT0019710","miR-4648",TRUE,TRUE
"MIMAT0019711_st","MIMAT0019711","miR-4649-5p",TRUE,TRUE
"MIMAT0019712_st","MIMAT0019712","miR-4649-3p",TRUE,TRUE
"MIMAT0019713_st","MIMAT0019713","miR-4650-5p",TRUE,TRUE
"MIMAT0019714_st","MIMAT0019714","miR-4650-3p",TRUE,TRUE
"MIMAT0019715_st","MIMAT0019715","miR-4651",TRUE,TRUE
"MIMAT0019716_st","MIMAT0019716","miR-4652-5p",TRUE,TRUE
"MIMAT0019717_st","MIMAT0019717","miR-4652-3p",TRUE,TRUE
"MIMAT0019718_st","MIMAT0019718","miR-4653-5p",TRUE,TRUE
"MIMAT0019719_st","MIMAT0019719","miR-4653-3p",TRUE,TRUE
"MIMAT0019720_st","MIMAT0019720","miR-4654",TRUE,TRUE
"MIMAT0019721_st","MIMAT0019721","miR-4655-5p",TRUE,TRUE
"MIMAT0019722_st","MIMAT0019722","miR-4655-3p",TRUE,TRUE
"MIMAT0019723_st","MIMAT0019723","miR-4656",TRUE,TRUE
"MIMAT0019724_st","MIMAT0019724","miR-4657",TRUE,TRUE
"MIMAT0019725_st","MIMAT0019725","miR-4658",TRUE,TRUE
"MIMAT0019726_st","MIMAT0019726","miR-4659a-5p",TRUE,TRUE
"MIMAT0019727_st","MIMAT0019727","miR-4659a-3p",TRUE,TRUE
"MIMAT0019728_st","MIMAT0019728","miR-4660",TRUE,TRUE
"MIMAT0019729_st","MIMAT0019729","miR-4661-5p",TRUE,TRUE
"MIMAT0019730_st","MIMAT0019730","miR-4661-3p",TRUE,TRUE
"MIMAT0019731_st","MIMAT0019731","miR-4662a-5p",TRUE,TRUE
"MIMAT0019732_st","MIMAT0019732","miR-4662a-3p",TRUE,TRUE
"MIMAT0019733_st","MIMAT0019733","miR-4659b-5p",TRUE,TRUE
"MIMAT0019734_st","MIMAT0019734","miR-4659b-3p",TRUE,TRUE
"MIMAT0019735_st","MIMAT0019735","miR-4663",TRUE,TRUE
"MIMAT0019736_st","MIMAT0019736","miR-4662b",TRUE,TRUE
"MIMAT0019737_st","MIMAT0019737","miR-4664-5p",TRUE,TRUE
"MIMAT0019738_st","MIMAT0019738","miR-4664-3p",TRUE,TRUE
"MIMAT0019739_st","MIMAT0019739","miR-4665-5p",TRUE,TRUE
"MIMAT0019740_st","MIMAT0019740","miR-4665-3p",TRUE,TRUE
"MIMAT0019741_st","MIMAT0019741","miR-4666a-5p",TRUE,TRUE
"MIMAT0019742_st","MIMAT0019742","miR-4666a-3p",TRUE,TRUE
"MIMAT0019743_st","MIMAT0019743","miR-4667-5p",TRUE,TRUE
"MIMAT0019744_st","MIMAT0019744","miR-4667-3p",TRUE,TRUE
"MIMAT0019745_st","MIMAT0019745","miR-4668-5p",TRUE,TRUE
"MIMAT0019746_st","MIMAT0019746","miR-4668-3p",TRUE,TRUE
"MIMAT0019747_st","MIMAT0019747","miR-219b-5p",TRUE,TRUE
"MIMAT0019748_st","MIMAT0019748","miR-219b-3p",TRUE,TRUE
"MIMAT0019749_st","MIMAT0019749","miR-4669",TRUE,TRUE
"MIMAT0019750_st","MIMAT0019750","miR-4670-5p",TRUE,TRUE
"MIMAT0019751_st","MIMAT0019751","miR-4670-3p",TRUE,TRUE
"MIMAT0019752_st","MIMAT0019752","miR-4671-5p",TRUE,TRUE
"MIMAT0019753_st","MIMAT0019753","miR-4671-3p",TRUE,TRUE
"MIMAT0019754_st","MIMAT0019754","miR-4672",TRUE,TRUE
"MIMAT0019755_st","MIMAT0019755","miR-4673",TRUE,TRUE
"MIMAT0019756_st","MIMAT0019756","miR-4674",TRUE,TRUE
"MIMAT0019757_st","MIMAT0019757","miR-4675",TRUE,TRUE
"MIMAT0019758_st","MIMAT0019758","miR-4676-5p",TRUE,TRUE
"MIMAT0019759_st","MIMAT0019759","miR-4676-3p",TRUE,TRUE
"MIMAT0019760_st","MIMAT0019760","miR-4677-5p",TRUE,TRUE
"MIMAT0019761_st","MIMAT0019761","miR-4677-3p",TRUE,TRUE
"MIMAT0019762_st","MIMAT0019762","miR-4678",TRUE,TRUE
"MIMAT0019763_st","MIMAT0019763","miR-4679",TRUE,TRUE
"MIMAT0019764_st","MIMAT0019764","miR-4680-5p",TRUE,TRUE
"MIMAT0019765_st","MIMAT0019765","miR-4680-3p",TRUE,TRUE
"MIMAT0019766_st","MIMAT0019766","miR-4681",TRUE,TRUE
"MIMAT0019767_st","MIMAT0019767","miR-4682",TRUE,TRUE
"MIMAT0019768_st","MIMAT0019768","miR-4683",TRUE,TRUE
"MIMAT0019769_st","MIMAT0019769","miR-4684-5p",TRUE,TRUE
"MIMAT0019770_st","MIMAT0019770","miR-4684-3p",TRUE,TRUE
"MIMAT0019771_st","MIMAT0019771","miR-4685-5p",TRUE,TRUE
"MIMAT0019772_st","MIMAT0019772","miR-4685-3p",TRUE,TRUE
"MIMAT0019773_st","MIMAT0019773","miR-4686",TRUE,TRUE
"MIMAT0019774_st","MIMAT0019774","miR-4687-5p",TRUE,TRUE
"MIMAT0019775_st","MIMAT0019775","miR-4687-3p",TRUE,TRUE
"MIMAT0019776_st","MIMAT0019776","miR-1343-3p",TRUE,TRUE
"MIMAT0019777_st","MIMAT0019777","miR-4688",TRUE,TRUE
"MIMAT0019778_st","MIMAT0019778","miR-4689",TRUE,TRUE
"MIMAT0019779_st","MIMAT0019779","miR-4690-5p",TRUE,TRUE
"MIMAT0019780_st","MIMAT0019780","miR-4690-3p",TRUE,TRUE
"MIMAT0019781_st","MIMAT0019781","miR-4691-5p",TRUE,TRUE
"MIMAT0019782_st","MIMAT0019782","miR-4691-3p",TRUE,TRUE
"MIMAT0019783_st","MIMAT0019783","miR-4692",TRUE,TRUE
"MIMAT0019784_st","MIMAT0019784","miR-4693-5p",TRUE,TRUE
"MIMAT0019785_st","MIMAT0019785","miR-4693-3p",TRUE,TRUE
"MIMAT0019786_st","MIMAT0019786","miR-4694-5p",TRUE,TRUE
"MIMAT0019787_st","MIMAT0019787","miR-4694-3p",TRUE,TRUE
"MIMAT0019788_st","MIMAT0019788","miR-4695-5p",TRUE,TRUE
"MIMAT0019789_st","MIMAT0019789","miR-4695-3p",TRUE,TRUE
"MIMAT0019790_st","MIMAT0019790","miR-4696",TRUE,TRUE
"MIMAT0019791_st","MIMAT0019791","miR-4697-5p",TRUE,TRUE
"MIMAT0019792_st","MIMAT0019792","miR-4697-3p",TRUE,TRUE
"MIMAT0019793_st","MIMAT0019793","miR-4698",TRUE,TRUE
"MIMAT0019794_st","MIMAT0019794","miR-4699-5p",TRUE,TRUE
"MIMAT0019795_st","MIMAT0019795","miR-4699-3p",TRUE,TRUE
"MIMAT0019796_st","MIMAT0019796","miR-4700-5p",TRUE,TRUE
"MIMAT0019797_st","MIMAT0019797","miR-4700-3p",TRUE,TRUE
"MIMAT0019798_st","MIMAT0019798","miR-4701-5p",TRUE,TRUE
"MIMAT0019799_st","MIMAT0019799","miR-4701-3p",TRUE,TRUE
"MIMAT0019801_st","MIMAT0019801","miR-4703-5p",TRUE,TRUE
"MIMAT0019802_st","MIMAT0019802","miR-4703-3p",TRUE,TRUE
"MIMAT0019803_st","MIMAT0019803","miR-4704-5p",TRUE,TRUE
"MIMAT0019804_st","MIMAT0019804","miR-4704-3p",TRUE,TRUE
"MIMAT0019805_st","MIMAT0019805","miR-4705",TRUE,TRUE
"MIMAT0019806_st","MIMAT0019806","miR-4706",TRUE,TRUE
"MIMAT0019807_st","MIMAT0019807","miR-4707-5p",TRUE,TRUE
"MIMAT0019808_st","MIMAT0019808","miR-4707-3p",TRUE,TRUE
"MIMAT0019809_st","MIMAT0019809","miR-4708-5p",TRUE,TRUE
"MIMAT0019810_st","MIMAT0019810","miR-4708-3p",TRUE,TRUE
"MIMAT0019811_st","MIMAT0019811","miR-4709-5p",TRUE,TRUE
"MIMAT0019812_st","MIMAT0019812","miR-4709-3p",TRUE,TRUE
"MIMAT0019813_st","MIMAT0019813","miR-203b-5p",TRUE,TRUE
"MIMAT0019814_st","MIMAT0019814","miR-203b-3p",TRUE,TRUE
"MIMAT0019815_st","MIMAT0019815","miR-4710",TRUE,TRUE
"MIMAT0019816_st","MIMAT0019816","miR-4711-5p",TRUE,TRUE
"MIMAT0019817_st","MIMAT0019817","miR-4711-3p",TRUE,TRUE
"MIMAT0019818_st","MIMAT0019818","miR-4712-5p",TRUE,TRUE
"MIMAT0019819_st","MIMAT0019819","miR-4712-3p",TRUE,TRUE
"MIMAT0019820_st","MIMAT0019820","miR-4713-5p",TRUE,TRUE
"MIMAT0019821_st","MIMAT0019821","miR-4713-3p",TRUE,TRUE
"MIMAT0019822_st","MIMAT0019822","miR-4714-5p",TRUE,TRUE
"MIMAT0019823_st","MIMAT0019823","miR-4714-3p",TRUE,TRUE
"MIMAT0019824_st","MIMAT0019824","miR-4715-5p",TRUE,TRUE
"MIMAT0019825_st","MIMAT0019825","miR-4715-3p",TRUE,TRUE
"MIMAT0019826_st","MIMAT0019826","miR-4716-5p",TRUE,TRUE
"MIMAT0019827_st","MIMAT0019827","miR-4716-3p",TRUE,TRUE
"MIMAT0019828_st","MIMAT0019828","miR-3529-5p",TRUE,TRUE
"MIMAT0019829_st","MIMAT0019829","miR-4717-5p",TRUE,TRUE
"MIMAT0019830_st","MIMAT0019830","miR-4717-3p",TRUE,TRUE
"MIMAT0019831_st","MIMAT0019831","miR-4718",TRUE,TRUE
"MIMAT0019832_st","MIMAT0019832","miR-4719",TRUE,TRUE
"MIMAT0019833_st","MIMAT0019833","miR-4720-5p",TRUE,TRUE
"MIMAT0019834_st","MIMAT0019834","miR-4720-3p",TRUE,TRUE
"MIMAT0019835_st","MIMAT0019835","miR-4721",TRUE,TRUE
"MIMAT0019836_st","MIMAT0019836","miR-4722-5p",TRUE,TRUE
"MIMAT0019837_st","MIMAT0019837","miR-4722-3p",TRUE,TRUE
"MIMAT0019838_st","MIMAT0019838","miR-4723-5p",TRUE,TRUE
"MIMAT0019839_st","MIMAT0019839","miR-4723-3p",TRUE,TRUE
"MIMAT0019840_st","MIMAT0019840","miR-451b",TRUE,TRUE
"MIMAT0019841_st","MIMAT0019841","miR-4724-5p",TRUE,TRUE
"MIMAT0019842_st","MIMAT0019842","miR-4724-3p",TRUE,TRUE
"MIMAT0019843_st","MIMAT0019843","miR-4725-5p",TRUE,TRUE
"MIMAT0019844_st","MIMAT0019844","miR-4725-3p",TRUE,TRUE
"MIMAT0019845_st","MIMAT0019845","miR-4726-5p",TRUE,TRUE
"MIMAT0019846_st","MIMAT0019846","miR-4726-3p",TRUE,TRUE
"MIMAT0019847_st","MIMAT0019847","miR-4727-5p",TRUE,TRUE
"MIMAT0019848_st","MIMAT0019848","miR-4727-3p",TRUE,TRUE
"MIMAT0019849_st","MIMAT0019849","miR-4728-5p",TRUE,TRUE
"MIMAT0019850_st","MIMAT0019850","miR-4728-3p",TRUE,TRUE
"MIMAT0019851_st","MIMAT0019851","miR-4729",TRUE,TRUE
"MIMAT0019852_st","MIMAT0019852","miR-4730",TRUE,TRUE
"MIMAT0019853_st","MIMAT0019853","miR-4731-5p",TRUE,TRUE
"MIMAT0019854_st","MIMAT0019854","miR-4731-3p",TRUE,TRUE
"MIMAT0019855_st","MIMAT0019855","miR-4732-5p",TRUE,TRUE
"MIMAT0019856_st","MIMAT0019856","miR-4732-3p",TRUE,TRUE
"MIMAT0019857_st","MIMAT0019857","miR-4733-5p",TRUE,TRUE
"MIMAT0019858_st","MIMAT0019858","miR-4733-3p",TRUE,TRUE
"MIMAT0019859_st","MIMAT0019859","miR-4734",TRUE,TRUE
"MIMAT0019860_st","MIMAT0019860","miR-4735-5p",TRUE,TRUE
"MIMAT0019861_st","MIMAT0019861","miR-4735-3p",TRUE,TRUE
"MIMAT0019862_st","MIMAT0019862","miR-4736",TRUE,TRUE
"MIMAT0019863_st","MIMAT0019863","miR-4737",TRUE,TRUE
"MIMAT0019864_st","MIMAT0019864","miR-3064-5p",TRUE,TRUE
"MIMAT0019865_st","MIMAT0019865","miR-3064-3p",TRUE,TRUE
"MIMAT0019866_st","MIMAT0019866","miR-4738-5p",TRUE,TRUE
"MIMAT0019867_st","MIMAT0019867","miR-4738-3p",TRUE,TRUE
"MIMAT0019868_st","MIMAT0019868","miR-4739",TRUE,TRUE
"MIMAT0019869_st","MIMAT0019869","miR-4740-5p",TRUE,TRUE
"MIMAT0019870_st","MIMAT0019870","miR-4740-3p",TRUE,TRUE
"MIMAT0019871_st","MIMAT0019871","miR-4741",TRUE,TRUE
"MIMAT0019872_st","MIMAT0019872","miR-4742-5p",TRUE,TRUE
"MIMAT0019873_st","MIMAT0019873","miR-4742-3p",TRUE,TRUE
"MIMAT0019874_st","MIMAT0019874","miR-4743-5p",TRUE,TRUE
"MIMAT0019875_st","MIMAT0019875","miR-4744",TRUE,TRUE
"MIMAT0019876_st","MIMAT0019876","miR-3591-5p",TRUE,TRUE
"MIMAT0019877_st","MIMAT0019877","miR-3591-3p",TRUE,TRUE
"MIMAT0019878_st","MIMAT0019878","miR-4745-5p",TRUE,TRUE
"MIMAT0019879_st","MIMAT0019879","miR-4745-3p",TRUE,TRUE
"MIMAT0019880_st","MIMAT0019880","miR-4746-5p",TRUE,TRUE
"MIMAT0019881_st","MIMAT0019881","miR-4746-3p",TRUE,TRUE
"MIMAT0019882_st","MIMAT0019882","miR-4747-5p",TRUE,TRUE
"MIMAT0019883_st","MIMAT0019883","miR-4747-3p",TRUE,TRUE
"MIMAT0019884_st","MIMAT0019884","miR-4748",TRUE,TRUE
"MIMAT0019885_st","MIMAT0019885","miR-4749-5p",TRUE,TRUE
"MIMAT0019886_st","MIMAT0019886","miR-4749-3p",TRUE,TRUE
"MIMAT0019887_st","MIMAT0019887","miR-4750-5p",TRUE,TRUE
"MIMAT0019888_st","MIMAT0019888","miR-4751",TRUE,TRUE
"MIMAT0019889_st","MIMAT0019889","miR-4752",TRUE,TRUE
"MIMAT0019890_st","MIMAT0019890","miR-4753-5p",TRUE,TRUE
"MIMAT0019891_st","MIMAT0019891","miR-4753-3p",TRUE,TRUE
"MIMAT0019892_st","MIMAT0019892","miR-371b-5p",TRUE,TRUE
"MIMAT0019893_st","MIMAT0019893","miR-371b-3p",TRUE,TRUE
"MIMAT0019894_st","MIMAT0019894","miR-4754",TRUE,TRUE
"MIMAT0019895_st","MIMAT0019895","miR-4755-5p",TRUE,TRUE
"MIMAT0019896_st","MIMAT0019896","miR-4755-3p",TRUE,TRUE
"MIMAT0019897_st","MIMAT0019897","miR-499b-5p",TRUE,TRUE
"MIMAT0019898_st","MIMAT0019898","miR-499b-3p",TRUE,TRUE
"MIMAT0019899_st","MIMAT0019899","miR-4756-5p",TRUE,TRUE
"MIMAT0019900_st","MIMAT0019900","miR-4756-3p",TRUE,TRUE
"MIMAT0019901_st","MIMAT0019901","miR-4757-5p",TRUE,TRUE
"MIMAT0019902_st","MIMAT0019902","miR-4757-3p",TRUE,TRUE
"MIMAT0019903_st","MIMAT0019903","miR-4758-5p",TRUE,TRUE
"MIMAT0019904_st","MIMAT0019904","miR-4758-3p",TRUE,TRUE
"MIMAT0019905_st","MIMAT0019905","miR-4759",TRUE,TRUE
"MIMAT0019906_st","MIMAT0019906","miR-4760-5p",TRUE,TRUE
"MIMAT0019907_st","MIMAT0019907","miR-4760-3p",TRUE,TRUE
"MIMAT0019908_st","MIMAT0019908","miR-4761-5p",TRUE,TRUE
"MIMAT0019909_st","MIMAT0019909","miR-4761-3p",TRUE,TRUE
"MIMAT0019910_st","MIMAT0019910","miR-4762-5p",TRUE,TRUE
"MIMAT0019911_st","MIMAT0019911","miR-4762-3p",TRUE,TRUE
"MIMAT0019912_st","MIMAT0019912","miR-4763-5p",TRUE,TRUE
"MIMAT0019913_st","MIMAT0019913","miR-4763-3p",TRUE,TRUE
"MIMAT0019914_st","MIMAT0019914","miR-4764-5p",TRUE,TRUE
"MIMAT0019915_st","MIMAT0019915","miR-4764-3p",TRUE,TRUE
"MIMAT0019916_st","MIMAT0019916","miR-4765",TRUE,TRUE
"MIMAT0019917_st","MIMAT0019917","miR-4766-5p",TRUE,TRUE
"MIMAT0019918_st","MIMAT0019918","miR-4766-3p",TRUE,TRUE
"MIMAT0019919_st","MIMAT0019919","miR-4767",TRUE,TRUE
"MIMAT0019920_st","MIMAT0019920","miR-4768-5p",TRUE,TRUE
"MIMAT0019921_st","MIMAT0019921","miR-4768-3p",TRUE,TRUE
"MIMAT0019922_st","MIMAT0019922","miR-4769-5p",TRUE,TRUE
"MIMAT0019923_st","MIMAT0019923","miR-4769-3p",TRUE,TRUE
"MIMAT0019924_st","MIMAT0019924","miR-4770",TRUE,TRUE
"MIMAT0019925_st","MIMAT0019925","miR-4771",TRUE,TRUE
"MIMAT0019926_st","MIMAT0019926","miR-4772-5p",TRUE,TRUE
"MIMAT0019927_st","MIMAT0019927","miR-4772-3p",TRUE,TRUE
"MIMAT0019928_st","MIMAT0019928","miR-4773",TRUE,TRUE
"MIMAT0019929_st","MIMAT0019929","miR-4774-5p",TRUE,TRUE
"MIMAT0019930_st","MIMAT0019930","miR-4774-3p",TRUE,TRUE
"MIMAT0019931_st","MIMAT0019931","miR-4775",TRUE,TRUE
"MIMAT0019932_st","MIMAT0019932","miR-4776-5p",TRUE,TRUE
"MIMAT0019933_st","MIMAT0019933","miR-4776-3p",TRUE,TRUE
"MIMAT0019934_st","MIMAT0019934","miR-4777-5p",TRUE,TRUE
"MIMAT0019935_st","MIMAT0019935","miR-4777-3p",TRUE,TRUE
"MIMAT0019936_st","MIMAT0019936","miR-4778-5p",TRUE,TRUE
"MIMAT0019937_st","MIMAT0019937","miR-4778-3p",TRUE,TRUE
"MIMAT0019938_st","MIMAT0019938","miR-4779",TRUE,TRUE
"MIMAT0019939_st","MIMAT0019939","miR-4780",TRUE,TRUE
"MIMAT0019940_st","MIMAT0019940","miR-4436b-5p",TRUE,TRUE
"MIMAT0019941_st","MIMAT0019941","miR-4436b-3p",TRUE,TRUE
"MIMAT0019942_st","MIMAT0019942","miR-4781-5p",TRUE,TRUE
"MIMAT0019943_st","MIMAT0019943","miR-4781-3p",TRUE,TRUE
"MIMAT0019944_st","MIMAT0019944","miR-4782-5p",TRUE,TRUE
"MIMAT0019945_st","MIMAT0019945","miR-4782-3p",TRUE,TRUE
"MIMAT0019946_st","MIMAT0019946","miR-4783-5p",TRUE,TRUE
"MIMAT0019947_st","MIMAT0019947","miR-4783-3p",TRUE,TRUE
"MIMAT0019948_st","MIMAT0019948","miR-4784",TRUE,TRUE
"MIMAT0019949_st","MIMAT0019949","miR-4785",TRUE,TRUE
"MIMAT0019950_st","MIMAT0019950","miR-1245b-5p",TRUE,TRUE
"MIMAT0019951_st","MIMAT0019951","miR-1245b-3p",TRUE,TRUE
"MIMAT0019952_st","MIMAT0019952","miR-2467-5p",TRUE,TRUE
"MIMAT0019953_st","MIMAT0019953","miR-2467-3p",TRUE,TRUE
"MIMAT0019954_st","MIMAT0019954","miR-4786-5p",TRUE,TRUE
"MIMAT0019955_st","MIMAT0019955","miR-4786-3p",TRUE,TRUE
"MIMAT0019956_st","MIMAT0019956","miR-4787-5p",TRUE,TRUE
"MIMAT0019957_st","MIMAT0019957","miR-4787-3p",TRUE,TRUE
"MIMAT0019958_st","MIMAT0019958","miR-4788",TRUE,TRUE
"MIMAT0019959_st","MIMAT0019959","miR-4789-5p",TRUE,TRUE
"MIMAT0019960_st","MIMAT0019960","miR-4789-3p",TRUE,TRUE
"MIMAT0019961_st","MIMAT0019961","miR-4790-5p",TRUE,TRUE
"MIMAT0019962_st","MIMAT0019962","miR-4790-3p",TRUE,TRUE
"MIMAT0019963_st","MIMAT0019963","miR-4791",TRUE,TRUE
"MIMAT0019964_st","MIMAT0019964","miR-4792",TRUE,TRUE
"MIMAT0019965_st","MIMAT0019965","miR-4793-5p",TRUE,TRUE
"MIMAT0019966_st","MIMAT0019966","miR-4793-3p",TRUE,TRUE
"MIMAT0019967_st","MIMAT0019967","miR-4794",TRUE,TRUE
"MIMAT0019968_st","MIMAT0019968","miR-4795-5p",TRUE,TRUE
"MIMAT0019969_st","MIMAT0019969","miR-4795-3p",TRUE,TRUE
"MIMAT0019970_st","MIMAT0019970","miR-4796-5p",TRUE,TRUE
"MIMAT0019971_st","MIMAT0019971","miR-4796-3p",TRUE,TRUE
"MIMAT0019972_st","MIMAT0019972","miR-4797-5p",TRUE,TRUE
"MIMAT0019973_st","MIMAT0019973","miR-4797-3p",TRUE,TRUE
"MIMAT0019974_st","MIMAT0019974","miR-4798-5p",TRUE,TRUE
"MIMAT0019975_st","MIMAT0019975","miR-4798-3p",TRUE,TRUE
"MIMAT0019976_st","MIMAT0019976","miR-4799-5p",TRUE,TRUE
"MIMAT0019977_st","MIMAT0019977","miR-4799-3p",TRUE,TRUE
"MIMAT0019978_st","MIMAT0019978","miR-4800-5p",TRUE,TRUE
"MIMAT0019979_st","MIMAT0019979","miR-4800-3p",TRUE,TRUE
"MIMAT0019980_st","MIMAT0019980","miR-4801",TRUE,TRUE
"MIMAT0019981_st","MIMAT0019981","miR-4802-5p",TRUE,TRUE
"MIMAT0019982_st","MIMAT0019982","miR-4802-3p",TRUE,TRUE
"MIMAT0019983_st","MIMAT0019983","miR-4803",TRUE,TRUE
"MIMAT0019984_st","MIMAT0019984","miR-4804-5p",TRUE,TRUE
"MIMAT0019985_st","MIMAT0019985","miR-4804-3p",TRUE,TRUE
"MIMAT0020299_st","MIMAT0020299",NA,FALSE,TRUE
"MIMAT0020300_st","MIMAT0020300","miR-4520b-3p",TRUE,TRUE
"MIMAT0020541_st","MIMAT0020541","miR-5047",TRUE,TRUE
"MIMAT0020600_st","MIMAT0020600","miR-5095",TRUE,TRUE
"MIMAT0020601_st","MIMAT0020601","miR-1273f",TRUE,TRUE
"MIMAT0020602_st","MIMAT0020602","miR-1273g-5p",TRUE,TRUE
"MIMAT0020603_st","MIMAT0020603","miR-5096",TRUE,TRUE
"MIMAT0020924_st","MIMAT0020924","miR-642a-3p",TRUE,TRUE
"MIMAT0020925_st","MIMAT0020925","miR-550a-3-5p",TRUE,TRUE
"MIMAT0020956_st","MIMAT0020956","miR-4433-5p",TRUE,TRUE
"MIMAT0020957_st","MIMAT0020957","miR-548ah-3p",TRUE,TRUE
"MIMAT0020958_st","MIMAT0020958","miR-4482-3p",TRUE,TRUE
"MIMAT0020959_st","MIMAT0020959","miR-4536-3p",TRUE,TRUE
"MIMAT0021017_st","MIMAT0021017","miR-4999-5p",TRUE,TRUE
"MIMAT0021018_st","MIMAT0021018","miR-4999-3p",TRUE,TRUE
"MIMAT0021019_st","MIMAT0021019","miR-5000-5p",TRUE,TRUE
"MIMAT0021020_st","MIMAT0021020","miR-5000-3p",TRUE,TRUE
"MIMAT0021021_st","MIMAT0021021","miR-5001-5p",TRUE,TRUE
"MIMAT0021022_st","MIMAT0021022","miR-5001-3p",TRUE,TRUE
"MIMAT0021023_st","MIMAT0021023","miR-5002-5p",TRUE,TRUE
"MIMAT0021024_st","MIMAT0021024","miR-5002-3p",TRUE,TRUE
"MIMAT0021025_st","MIMAT0021025","miR-5003-5p",TRUE,TRUE
"MIMAT0021026_st","MIMAT0021026","miR-5003-3p",TRUE,TRUE
"MIMAT0021027_st","MIMAT0021027","miR-5004-5p",TRUE,TRUE
"MIMAT0021028_st","MIMAT0021028","miR-5004-3p",TRUE,TRUE
"MIMAT0021029_st","MIMAT0021029","miR-548ao-5p",TRUE,TRUE
"MIMAT0021030_st","MIMAT0021030","miR-548ao-3p",TRUE,TRUE
"MIMAT0021033_st","MIMAT0021033","miR-5006-5p",TRUE,TRUE
"MIMAT0021034_st","MIMAT0021034","miR-5006-3p",TRUE,TRUE
"MIMAT0021035_st","MIMAT0021035","miR-5007-5p",TRUE,TRUE
"MIMAT0021036_st","MIMAT0021036","miR-5007-3p",TRUE,TRUE
"MIMAT0021037_st","MIMAT0021037","miR-548ap-5p",TRUE,TRUE
"MIMAT0021038_st","MIMAT0021038","miR-548ap-3p",TRUE,TRUE
"MIMAT0021039_st","MIMAT0021039","miR-5008-5p",TRUE,TRUE
"MIMAT0021040_st","MIMAT0021040","miR-5008-3p",TRUE,TRUE
"MIMAT0021041_st","MIMAT0021041","miR-5009-5p",TRUE,TRUE
"MIMAT0021042_st","MIMAT0021042","miR-5009-3p",TRUE,TRUE
"MIMAT0021043_st","MIMAT0021043","miR-5010-5p",TRUE,TRUE
"MIMAT0021044_st","MIMAT0021044","miR-5010-3p",TRUE,TRUE
"MIMAT0021045_st","MIMAT0021045","miR-5011-5p",TRUE,TRUE
"MIMAT0021046_st","MIMAT0021046","miR-5011-3p",TRUE,TRUE
"MIMAT0021079_st","MIMAT0021079","miR-5087",TRUE,TRUE
"MIMAT0021080_st","MIMAT0021080","miR-5088-5p",TRUE,TRUE
"MIMAT0021081_st","MIMAT0021081","miR-5089-5p",TRUE,TRUE
"MIMAT0021082_st","MIMAT0021082","miR-5090",TRUE,TRUE
"MIMAT0021083_st","MIMAT0021083","miR-5091",TRUE,TRUE
"MIMAT0021084_st","MIMAT0021084","miR-5092",TRUE,TRUE
"MIMAT0021085_st","MIMAT0021085","miR-5093",TRUE,TRUE
"MIMAT0021086_st","MIMAT0021086","miR-5094",TRUE,TRUE
"MIMAT0021116_st","MIMAT0021116","miR-5186",TRUE,TRUE
"MIMAT0021117_st","MIMAT0021117","miR-5187-5p",TRUE,TRUE
"MIMAT0021118_st","MIMAT0021118","miR-5187-3p",TRUE,TRUE
"MIMAT0021119_st","MIMAT0021119","miR-5188",TRUE,TRUE
"MIMAT0021120_st","MIMAT0021120","miR-5189-5p",TRUE,TRUE
"MIMAT0021121_st","MIMAT0021121","miR-5190",TRUE,TRUE
"MIMAT0021122_st","MIMAT0021122","miR-5191",TRUE,TRUE
"MIMAT0021123_st","MIMAT0021123","miR-5192",TRUE,TRUE
"MIMAT0021124_st","MIMAT0021124","miR-5193",TRUE,TRUE
"MIMAT0021125_st","MIMAT0021125","miR-5194",TRUE,TRUE
"MIMAT0021126_st","MIMAT0021126","miR-5195-5p",TRUE,TRUE
"MIMAT0021127_st","MIMAT0021127","miR-5195-3p",TRUE,TRUE
"MIMAT0021128_st","MIMAT0021128","miR-5196-5p",TRUE,TRUE
"MIMAT0021129_st","MIMAT0021129","miR-5196-3p",TRUE,TRUE
"MIMAT0021130_st","MIMAT0021130","miR-5197-5p",TRUE,TRUE
"MIMAT0021131_st","MIMAT0021131","miR-5197-3p",TRUE,TRUE
"MIMAT0022255_st","MIMAT0022255","miR-4524b-5p",TRUE,TRUE
"MIMAT0022256_st","MIMAT0022256","miR-4524b-3p",TRUE,TRUE
"MIMAT0022257_st","MIMAT0022257","miR-5571-5p",TRUE,TRUE
"MIMAT0022258_st","MIMAT0022258","miR-5571-3p",TRUE,TRUE
"MIMAT0022259_st","MIMAT0022259","miR-5100",TRUE,TRUE
"MIMAT0022260_st","MIMAT0022260","miR-5572",TRUE,TRUE
"MIMAT0022263_st","MIMAT0022263","miR-548aq-5p",TRUE,TRUE
"MIMAT0022264_st","MIMAT0022264","miR-548aq-3p",TRUE,TRUE
"MIMAT0022265_st","MIMAT0022265","miR-548ar-5p",TRUE,TRUE
"MIMAT0022266_st","MIMAT0022266","miR-548ar-3p",TRUE,TRUE
"MIMAT0022267_st","MIMAT0022267","miR-548as-5p",TRUE,TRUE
"MIMAT0022268_st","MIMAT0022268","miR-548as-3p",TRUE,TRUE
"MIMAT0022269_st","MIMAT0022269","miR-5579-5p",TRUE,TRUE
"MIMAT0022270_st","MIMAT0022270","miR-5579-3p",TRUE,TRUE
"MIMAT0022271_st","MIMAT0022271","miR-664b-5p",TRUE,TRUE
"MIMAT0022272_st","MIMAT0022272","miR-664b-3p",TRUE,TRUE
"MIMAT0022273_st","MIMAT0022273","miR-5580-5p",TRUE,TRUE
"MIMAT0022274_st","MIMAT0022274","miR-5580-3p",TRUE,TRUE
"MIMAT0022275_st","MIMAT0022275","miR-5581-5p",TRUE,TRUE
"MIMAT0022276_st","MIMAT0022276","miR-5581-3p",TRUE,TRUE
"MIMAT0022277_st","MIMAT0022277","miR-548at-5p",TRUE,TRUE
"MIMAT0022278_st","MIMAT0022278","miR-548at-3p",TRUE,TRUE
"MIMAT0022279_st","MIMAT0022279","miR-5582-5p",TRUE,TRUE
"MIMAT0022280_st","MIMAT0022280","miR-5582-3p",TRUE,TRUE
"MIMAT0022281_st","MIMAT0022281","miR-5583-5p",TRUE,TRUE
"MIMAT0022282_st","MIMAT0022282","miR-5583-3p",TRUE,TRUE
"MIMAT0022283_st","MIMAT0022283","miR-5584-5p",TRUE,TRUE
"MIMAT0022284_st","MIMAT0022284","miR-5584-3p",TRUE,TRUE
"MIMAT0022285_st","MIMAT0022285","miR-5585-5p",TRUE,TRUE
"MIMAT0022286_st","MIMAT0022286","miR-5585-3p",TRUE,TRUE
"MIMAT0022287_st","MIMAT0022287","miR-5586-5p",TRUE,TRUE
"MIMAT0022288_st","MIMAT0022288","miR-5586-3p",TRUE,TRUE
"MIMAT0022289_st","MIMAT0022289","miR-5587-5p",TRUE,TRUE
"MIMAT0022290_st","MIMAT0022290","miR-5587-3p",TRUE,TRUE
"MIMAT0022291_st","MIMAT0022291","miR-548au-5p",TRUE,TRUE
"MIMAT0022292_st","MIMAT0022292","miR-548au-3p",TRUE,TRUE
"MIMAT0022293_st","MIMAT0022293","miR-1295b-5p",TRUE,TRUE
"MIMAT0022294_st","MIMAT0022294","miR-1295b-3p",TRUE,TRUE
"MIMAT0022295_st","MIMAT0022295","miR-5588-5p",TRUE,TRUE
"MIMAT0022296_st","MIMAT0022296","miR-5588-3p",TRUE,TRUE
"MIMAT0022297_st","MIMAT0022297","miR-5589-5p",TRUE,TRUE
"MIMAT0022298_st","MIMAT0022298","miR-5589-3p",TRUE,TRUE
"MIMAT0022299_st","MIMAT0022299","miR-5590-5p",TRUE,TRUE
"MIMAT0022300_st","MIMAT0022300","miR-5590-3p",TRUE,TRUE
"MIMAT0022301_st","MIMAT0022301","miR-5591-5p",TRUE,TRUE
"MIMAT0022302_st","MIMAT0022302","miR-5591-3p",TRUE,TRUE
"MIMAT0022303_st","MIMAT0022303","miR-548av-5p",TRUE,TRUE
"MIMAT0022304_st","MIMAT0022304","miR-548av-3p",TRUE,TRUE
"MIMAT0022468_st","MIMAT0022468","miR-5680",TRUE,TRUE
"MIMAT0022469_st","MIMAT0022469","miR-5681a",TRUE,TRUE
"MIMAT0022470_st","MIMAT0022470","miR-5682",TRUE,TRUE
"MIMAT0022471_st","MIMAT0022471","miR-548aw",TRUE,TRUE
"MIMAT0022472_st","MIMAT0022472","miR-5683",TRUE,TRUE
"MIMAT0022473_st","MIMAT0022473","miR-5684",TRUE,TRUE
"MIMAT0022474_st","MIMAT0022474","miR-548ax",TRUE,TRUE
"MIMAT0022475_st","MIMAT0022475","miR-5685",TRUE,TRUE
"MIMAT0022476_st","MIMAT0022476","miR-5692c",TRUE,TRUE
"MIMAT0022478_st","MIMAT0022478","miR-5687",TRUE,TRUE
"MIMAT0022479_st","MIMAT0022479","miR-5688",TRUE,TRUE
"MIMAT0022480_st","MIMAT0022480","miR-5681b",TRUE,TRUE
"MIMAT0022481_st","MIMAT0022481","miR-5689",TRUE,TRUE
"MIMAT0022482_st","MIMAT0022482","miR-5690",TRUE,TRUE
"MIMAT0022483_st","MIMAT0022483","miR-5691",TRUE,TRUE
"MIMAT0022484_st","MIMAT0022484","miR-5692a",TRUE,TRUE
"MIMAT0022485_st","MIMAT0022485","miR-4666b",TRUE,TRUE
"MIMAT0022486_st","MIMAT0022486","miR-5693",TRUE,TRUE
"MIMAT0022487_st","MIMAT0022487","miR-5694",TRUE,TRUE
"MIMAT0022488_st","MIMAT0022488","miR-5695",TRUE,TRUE
"MIMAT0022489_st","MIMAT0022489","miR-5696",TRUE,TRUE
"MIMAT0022490_st","MIMAT0022490","miR-5697",TRUE,TRUE
"MIMAT0022491_st","MIMAT0022491","miR-5698",TRUE,TRUE
"MIMAT0022492_st","MIMAT0022492","miR-5699-3p",TRUE,TRUE
"MIMAT0022493_st","MIMAT0022493","miR-5700",TRUE,TRUE
"MIMAT0022494_st","MIMAT0022494","miR-5701",TRUE,TRUE
"MIMAT0022495_st","MIMAT0022495","miR-5702",TRUE,TRUE
"MIMAT0022496_st","MIMAT0022496","miR-5703",TRUE,TRUE
"MIMAT0022497_st","MIMAT0022497","miR-5692b",TRUE,TRUE
"MIMAT0022498_st","MIMAT0022498","miR-5704",TRUE,TRUE
"MIMAT0022499_st","MIMAT0022499","miR-5705",TRUE,TRUE
"MIMAT0022500_st","MIMAT0022500","miR-5706",TRUE,TRUE
"MIMAT0022501_st","MIMAT0022501","miR-5707",TRUE,TRUE
"MIMAT0022502_st","MIMAT0022502","miR-5708",TRUE,TRUE
"MIMAT0022691_st","MIMAT0022691","miR-197-5p",TRUE,TRUE
"MIMAT0022692_st","MIMAT0022692","miR-181b-3p",TRUE,TRUE
"MIMAT0022693_st","MIMAT0022693","miR-204-3p",TRUE,TRUE
"MIMAT0022694_st","MIMAT0022694","miR-211-3p",TRUE,TRUE
"MIMAT0022695_st","MIMAT0022695","miR-212-5p",TRUE,TRUE
"MIMAT0022696_st","MIMAT0022696","miR-301a-5p",TRUE,TRUE
"MIMAT0022697_st","MIMAT0022697","miR-382-3p",TRUE,TRUE
"MIMAT0022698_st","MIMAT0022698","miR-345-3p",TRUE,TRUE
"MIMAT0022700_st","MIMAT0022700","miR-450a-1-3p",TRUE,TRUE
"MIMAT0022701_st","MIMAT0022701","miR-506-5p",TRUE,TRUE
"MIMAT0022702_st","MIMAT0022702","miR-514a-5p",TRUE,TRUE
"MIMAT0022705_st","MIMAT0022705","miR-539-3p",TRUE,TRUE
"MIMAT0022706_st","MIMAT0022706","miR-561-5p",TRUE,TRUE
"MIMAT0022707_st","MIMAT0022707",NA,FALSE,TRUE
"MIMAT0022708_st","MIMAT0022708","miR-584-3p",TRUE,TRUE
"MIMAT0022709_st","MIMAT0022709","miR-652-5p",TRUE,TRUE
"MIMAT0022710_st","MIMAT0022710","miR-659-5p",TRUE,TRUE
"MIMAT0022711_st","MIMAT0022711","miR-660-3p",TRUE,TRUE
"MIMAT0022712_st","MIMAT0022712","miR-1271-3p",TRUE,TRUE
"MIMAT0022713_st","MIMAT0022713","miR-1185-2-3p",TRUE,TRUE
"MIMAT0022714_st","MIMAT0022714","miR-766-5p",TRUE,TRUE
"MIMAT0022717_st","MIMAT0022717","miR-873-3p",TRUE,TRUE
"MIMAT0022719_st","MIMAT0022719","miR-1285-5p",TRUE,TRUE
"MIMAT0022720_st","MIMAT0022720","miR-1304-3p",TRUE,TRUE
"MIMAT0022721_st","MIMAT0022721","miR-1247-3p",TRUE,TRUE
"MIMAT0022722_st","MIMAT0022722",NA,FALSE,TRUE
"MIMAT0022723_st","MIMAT0022723",NA,FALSE,TRUE
"MIMAT0022724_st","MIMAT0022724","miR-1277-5p",TRUE,TRUE
"MIMAT0022725_st","MIMAT0022725","miR-1255b-2-3p",TRUE,TRUE
"MIMAT0022726_st","MIMAT0022726","miR-1306-5p",TRUE,TRUE
"MIMAT0022727_st","MIMAT0022727","miR-1307-5p",TRUE,TRUE
"MIMAT0022728_st","MIMAT0022728","miR-513c-3p",TRUE,TRUE
"MIMAT0022730_st","MIMAT0022730",NA,FALSE,TRUE
"MIMAT0022731_st","MIMAT0022731","miR-3184-3p",TRUE,TRUE
"MIMAT0022732_st","MIMAT0022732","miR-3191-5p",TRUE,TRUE
"MIMAT0022733_st","MIMAT0022733",NA,FALSE,TRUE
"MIMAT0022735_st","MIMAT0022735","miR-374c-3p",TRUE,TRUE
"MIMAT0022736_st","MIMAT0022736","miR-642b-5p",TRUE,TRUE
"MIMAT0022737_st","MIMAT0022737","miR-550b-2-5p",TRUE,TRUE
"MIMAT0022738_st","MIMAT0022738",NA,FALSE,TRUE
"MIMAT0022739_st","MIMAT0022739",NA,FALSE,TRUE
"MIMAT0022740_st","MIMAT0022740",NA,FALSE,TRUE
"MIMAT0022741_st","MIMAT0022741","miR-3529-3p",TRUE,TRUE
"MIMAT0022742_st","MIMAT0022742","miR-1273g-3p",TRUE,TRUE
"MIMAT0022833_st","MIMAT0022833","miR-365b-5p",TRUE,TRUE
"MIMAT0022834_st","MIMAT0022834",NA,FALSE,TRUE
"MIMAT0022838_st","MIMAT0022838","miR-1185-1-3p",TRUE,TRUE
"MIMAT0022839_st","MIMAT0022839","miR-3190-3p",TRUE,TRUE
"MIMAT0022842_st","MIMAT0022842","miR-98-3p",TRUE,TRUE
"MIMAT0022844_st","MIMAT0022844","miR-216a-3p",TRUE,TRUE
"MIMAT0022861_st","MIMAT0022861","miR-376c-5p",TRUE,TRUE
"MIMAT0022862_st","MIMAT0022862","miR-381-5p",TRUE,TRUE
"MIMAT0022923_st","MIMAT0022923","miR-376b-5p",TRUE,TRUE
"MIMAT0022924_st","MIMAT0022924","miR-495-5p",TRUE,TRUE
"MIMAT0022925_st","MIMAT0022925","miR-503-3p",TRUE,TRUE
"MIMAT0022928_st","MIMAT0022928","miR-376a-2-5p",TRUE,TRUE
"MIMAT0022929_st","MIMAT0022929","miR-758-5p",TRUE,TRUE
"MIMAT0022938_st","MIMAT0022938","miR-937-5p",TRUE,TRUE
"MIMAT0022939_st","MIMAT0022939","miR-939-3p",TRUE,TRUE
"MIMAT0022940_st","MIMAT0022940","miR-1178-5p",TRUE,TRUE
"MIMAT0022941_st","MIMAT0022941","miR-1227-5p",TRUE,TRUE
"MIMAT0022942_st","MIMAT0022942","miR-1229-5p",TRUE,TRUE
"MIMAT0022943_st","MIMAT0022943","miR-1233-5p",TRUE,TRUE
"MIMAT0022945_st","MIMAT0022945","miR-1236-5p",TRUE,TRUE
"MIMAT0022946_st","MIMAT0022946","miR-1237-5p",TRUE,TRUE
"MIMAT0022947_st","MIMAT0022947","miR-1238-5p",TRUE,TRUE
"MIMAT0022948_st","MIMAT0022948","miR-1292-3p",TRUE,TRUE
"MIMAT0022965_st","MIMAT0022965","miR-3606-3p",TRUE,TRUE
"MIMAT0022966_st","MIMAT0022966","miR-3617-3p",TRUE,TRUE
"MIMAT0022967_st","MIMAT0022967","miR-3620-5p",TRUE,TRUE
"MIMAT0022970_st","MIMAT0022970","miR-3927-5p",TRUE,TRUE
"MIMAT0022975_st","MIMAT0022975","miR-3934-3p",TRUE,TRUE
"MIMAT0022977_st","MIMAT0022977","miR-4632-5p",TRUE,TRUE
"MIMAT0022978_st","MIMAT0022978","miR-4743-3p",TRUE,TRUE
"MIMAT0022979_st","MIMAT0022979","miR-4750-3p",TRUE,TRUE
"MIMAT0022984_st","MIMAT0022984","miR-5089-3p",TRUE,TRUE
"MIMAT0023116_st","MIMAT0023116","miR-5739",TRUE,TRUE
"MIMAT0023252_st","MIMAT0023252","miR-5787",TRUE,TRUE
"MIMAT0023693_st","MIMAT0023693","miR-6068",TRUE,TRUE
"MIMAT0023694_st","MIMAT0023694","miR-6069",TRUE,TRUE
"MIMAT0023695_st","MIMAT0023695","miR-6070",TRUE,TRUE
"MIMAT0023696_st","MIMAT0023696","miR-6071",TRUE,TRUE
"MIMAT0023697_st","MIMAT0023697","miR-6072",TRUE,TRUE
"MIMAT0023698_st","MIMAT0023698","miR-6073",TRUE,TRUE
"MIMAT0023699_st","MIMAT0023699","miR-6074",TRUE,TRUE
"MIMAT0023700_st","MIMAT0023700","miR-6075",TRUE,TRUE
"MIMAT0023701_st","MIMAT0023701","miR-6076",TRUE,TRUE
"MIMAT0023702_st","MIMAT0023702","miR-6077",TRUE,TRUE
"MIMAT0023703_st","MIMAT0023703","miR-6078",TRUE,TRUE
"MIMAT0023704_st","MIMAT0023704","miR-6079",TRUE,TRUE
"MIMAT0023705_st","MIMAT0023705","miR-6080",TRUE,TRUE
"MIMAT0023706_st","MIMAT0023706","miR-6081",TRUE,TRUE
"MIMAT0023707_st","MIMAT0023707","miR-6082",TRUE,TRUE
"MIMAT0023708_st","MIMAT0023708","miR-6083",TRUE,TRUE
"MIMAT0023709_st","MIMAT0023709","miR-6084",TRUE,TRUE
"MIMAT0023710_st","MIMAT0023710","miR-6085",TRUE,TRUE
"MIMAT0023711_st","MIMAT0023711","miR-6086",TRUE,TRUE
"MIMAT0023712_st","MIMAT0023712","miR-6087",TRUE,TRUE
"MIMAT0023713_st","MIMAT0023713","miR-6088",TRUE,TRUE
"MIMAT0023714_st","MIMAT0023714","miR-6089",TRUE,TRUE
"MIMAT0023715_st","MIMAT0023715","miR-6090",TRUE,TRUE
"MIMAT0024597_st","MIMAT0024597","miR-6124",TRUE,TRUE
"MIMAT0024598_st","MIMAT0024598","miR-6125",TRUE,TRUE
"MIMAT0024599_st","MIMAT0024599","miR-6126",TRUE,TRUE
"MIMAT0024610_st","MIMAT0024610","miR-6127",TRUE,TRUE
"MIMAT0024611_st","MIMAT0024611","miR-6128",TRUE,TRUE
"MIMAT0024612_st","MIMAT0024612","miR-378j",TRUE,TRUE
"MIMAT0024613_st","MIMAT0024613","miR-6129",TRUE,TRUE
"MIMAT0024614_st","MIMAT0024614","miR-6130",TRUE,TRUE
"MIMAT0024615_st","MIMAT0024615","miR-6131",TRUE,TRUE
"MIMAT0024616_st","MIMAT0024616","miR-6132",TRUE,TRUE
"MIMAT0024617_st","MIMAT0024617","miR-6133",TRUE,TRUE
"MIMAT0024618_st","MIMAT0024618","miR-6134",TRUE,TRUE
"MIMAT0024782_st","MIMAT0024782","miR-6165",TRUE,TRUE
"MIMAT0025450_st","MIMAT0025450","miR-6499-5p",TRUE,TRUE
"MIMAT0025451_st","MIMAT0025451","miR-6499-3p",TRUE,TRUE
"MIMAT0025452_st","MIMAT0025452","miR-548ay-5p",TRUE,TRUE
"MIMAT0025453_st","MIMAT0025453","miR-548ay-3p",TRUE,TRUE
"MIMAT0025454_st","MIMAT0025454","miR-6500-5p",TRUE,TRUE
"MIMAT0025455_st","MIMAT0025455","miR-6500-3p",TRUE,TRUE
"MIMAT0025456_st","MIMAT0025456","miR-548az-5p",TRUE,TRUE
"MIMAT0025457_st","MIMAT0025457","miR-548az-3p",TRUE,TRUE
"MIMAT0025458_st","MIMAT0025458","miR-6501-5p",TRUE,TRUE
"MIMAT0025459_st","MIMAT0025459","miR-6501-3p",TRUE,TRUE
"MIMAT0025460_st","MIMAT0025460","miR-6502-5p",TRUE,TRUE
"MIMAT0025461_st","MIMAT0025461","miR-6502-3p",TRUE,TRUE
"MIMAT0025462_st","MIMAT0025462","miR-6503-5p",TRUE,TRUE
"MIMAT0025463_st","MIMAT0025463","miR-6503-3p",TRUE,TRUE
"MIMAT0025464_st","MIMAT0025464","miR-6504-5p",TRUE,TRUE
"MIMAT0025465_st","MIMAT0025465","miR-6504-3p",TRUE,TRUE
"MIMAT0025466_st","MIMAT0025466","miR-6505-5p",TRUE,TRUE
"MIMAT0025467_st","MIMAT0025467","miR-6505-3p",TRUE,TRUE
"MIMAT0025468_st","MIMAT0025468","miR-6506-5p",TRUE,TRUE
"MIMAT0025469_st","MIMAT0025469","miR-6506-3p",TRUE,TRUE
"MIMAT0025470_st","MIMAT0025470","miR-6507-5p",TRUE,TRUE
"MIMAT0025471_st","MIMAT0025471","miR-6507-3p",TRUE,TRUE
"MIMAT0025472_st","MIMAT0025472","miR-6508-5p",TRUE,TRUE
"MIMAT0025473_st","MIMAT0025473","miR-6508-3p",TRUE,TRUE
"MIMAT0025474_st","MIMAT0025474","miR-6509-5p",TRUE,TRUE
"MIMAT0025475_st","MIMAT0025475","miR-6509-3p",TRUE,TRUE
"MIMAT0025476_st","MIMAT0025476","miR-6510-5p",TRUE,TRUE
"MIMAT0025477_st","MIMAT0025477","miR-6510-3p",TRUE,TRUE
"MIMAT0025478_st","MIMAT0025478","miR-6511a-5p",TRUE,TRUE
"MIMAT0025479_st","MIMAT0025479","miR-6511a-3p",TRUE,TRUE
"MIMAT0025480_st","MIMAT0025480","miR-6512-5p",TRUE,TRUE
"MIMAT0025481_st","MIMAT0025481","miR-6512-3p",TRUE,TRUE
"MIMAT0025482_st","MIMAT0025482","miR-6513-5p",TRUE,TRUE
"MIMAT0025483_st","MIMAT0025483","miR-6513-3p",TRUE,TRUE
"MIMAT0025484_st","MIMAT0025484","miR-6514-5p",TRUE,TRUE
"MIMAT0025485_st","MIMAT0025485","miR-6514-3p",TRUE,TRUE
"MIMAT0025486_st","MIMAT0025486","miR-6515-5p",TRUE,TRUE
"MIMAT0025487_st","MIMAT0025487","miR-6515-3p",TRUE,TRUE
"MIMAT0025841_st","MIMAT0025841","miR-6715a-3p",TRUE,TRUE
"MIMAT0025842_st","MIMAT0025842","miR-6715b-5p",TRUE,TRUE
"MIMAT0025843_st","MIMAT0025843","miR-6715b-3p",TRUE,TRUE
"MIMAT0025844_st","MIMAT0025844","miR-6716-5p",TRUE,TRUE
"MIMAT0025845_st","MIMAT0025845","miR-6716-3p",TRUE,TRUE
"MIMAT0025846_st","MIMAT0025846","miR-6717-5p",TRUE,TRUE
"MIMAT0025847_st","MIMAT0025847","miR-6511b-5p",TRUE,TRUE
"MIMAT0025848_st","MIMAT0025848","miR-6511b-3p",TRUE,TRUE
"MIMAT0025849_st","MIMAT0025849","miR-6718-5p",TRUE,TRUE
"MIMAT0025850_st","MIMAT0025850","miR-6719-3p",TRUE,TRUE
"MIMAT0025851_st","MIMAT0025851","miR-6720-3p",TRUE,TRUE
"MIMAT0025852_st","MIMAT0025852","miR-6721-5p",TRUE,TRUE
"MIMAT0025853_st","MIMAT0025853","miR-6722-5p",TRUE,TRUE
"MIMAT0025854_st","MIMAT0025854","miR-6722-3p",TRUE,TRUE
"MIMAT0025855_st","MIMAT0025855","miR-6723-5p",TRUE,TRUE
"MIMAT0025856_st","MIMAT0025856","miR-6724-5p",TRUE,TRUE
"MIMAT0025857_st","MIMAT0025857","miR-892c-5p",TRUE,TRUE
"MIMAT0025858_st","MIMAT0025858","miR-892c-3p",TRUE,TRUE
"MIMAT0026472_st","MIMAT0026472","let-7c-3p",TRUE,TRUE
"MIMAT0026473_st","MIMAT0026473","miR-95-5p",TRUE,TRUE
"MIMAT0026474_st","MIMAT0026474","miR-208a-5p",TRUE,TRUE
"MIMAT0026475_st","MIMAT0026475","miR-210-5p",TRUE,TRUE
"MIMAT0026476_st","MIMAT0026476","miR-215-3p",TRUE,TRUE
"MIMAT0026477_st","MIMAT0026477","miR-128-1-5p",TRUE,TRUE
"MIMAT0026478_st","MIMAT0026478","miR-133a-5p",TRUE,TRUE
"MIMAT0026479_st","MIMAT0026479","miR-152-5p",TRUE,TRUE
"MIMAT0026480_st","MIMAT0026480","miR-153-5p",TRUE,TRUE
"MIMAT0026481_st","MIMAT0026481","miR-134-3p",TRUE,TRUE
"MIMAT0026482_st","MIMAT0026482","miR-190a-3p",TRUE,TRUE
"MIMAT0026483_st","MIMAT0026483","miR-370-5p",TRUE,TRUE
"MIMAT0026484_st","MIMAT0026484","miR-372-5p",TRUE,TRUE
"MIMAT0026485_st","MIMAT0026485","miR-383-3p",TRUE,TRUE
"MIMAT0026486_st","MIMAT0026486","miR-328-5p",TRUE,TRUE
"MIMAT0026554_st","MIMAT0026554","miR-433-5p",TRUE,TRUE
"MIMAT0026555_st","MIMAT0026555","miR-329-5p",TRUE,TRUE
"MIMAT0026557_st","MIMAT0026557","miR-412-5p",TRUE,TRUE
"MIMAT0026558_st","MIMAT0026558","miR-410-5p",TRUE,TRUE
"MIMAT0026559_st","MIMAT0026559","miR-487a-5p",TRUE,TRUE
"MIMAT0026605_st","MIMAT0026605","miR-489-5p",TRUE,TRUE
"MIMAT0026606_st","MIMAT0026606","miR-511-3p",TRUE,TRUE
"MIMAT0026607_st","MIMAT0026607","miR-494-5p",TRUE,TRUE
"MIMAT0026608_st","MIMAT0026608","miR-181d-3p",TRUE,TRUE
"MIMAT0026609_st","MIMAT0026609","miR-520f-5p",TRUE,TRUE
"MIMAT0026610_st","MIMAT0026610","miR-519d-5p",TRUE,TRUE
"MIMAT0026611_st","MIMAT0026611","miR-520g-5p",TRUE,TRUE
"MIMAT0026612_st","MIMAT0026612","miR-504-3p",TRUE,TRUE
"MIMAT0026613_st","MIMAT0026613","miR-510-3p",TRUE,TRUE
"MIMAT0026614_st","MIMAT0026614","miR-487b-5p",TRUE,TRUE
"MIMAT0026615_st","MIMAT0026615","miR-552-5p",TRUE,TRUE
"MIMAT0026616_st","MIMAT0026616","miR-579-5p",TRUE,TRUE
"MIMAT0026617_st","MIMAT0026617","miR-580-5p",TRUE,TRUE
"MIMAT0026618_st","MIMAT0026618","miR-585-5p",TRUE,TRUE
"MIMAT0026619_st","MIMAT0026619","miR-597-3p",TRUE,TRUE
"MIMAT0026620_st","MIMAT0026620","miR-598-5p",TRUE,TRUE
"MIMAT0026621_st","MIMAT0026621","miR-605-3p",TRUE,TRUE
"MIMAT0026622_st","MIMAT0026622","miR-619-5p",TRUE,TRUE
"MIMAT0026623_st","MIMAT0026623","miR-627-3p",TRUE,TRUE
"MIMAT0026624_st","MIMAT0026624","miR-651-3p",TRUE,TRUE
"MIMAT0026625_st","MIMAT0026625","miR-653-3p",TRUE,TRUE
"MIMAT0026626_st","MIMAT0026626","miR-655-5p",TRUE,TRUE
"MIMAT0026627_st","MIMAT0026627","miR-656-5p",TRUE,TRUE
"MIMAT0026636_st","MIMAT0026636","miR-668-5p",TRUE,TRUE
"MIMAT0026637_st","MIMAT0026637","miR-1296-3p",TRUE,TRUE
"MIMAT0026638_st","MIMAT0026638","miR-1468-3p",TRUE,TRUE
"MIMAT0026639_st","MIMAT0026639","miR-1301-5p",TRUE,TRUE
"MIMAT0026640_st","MIMAT0026640","miR-670-3p",TRUE,TRUE
"MIMAT0026641_st","MIMAT0026641","miR-1298-3p",TRUE,TRUE
"MIMAT0026717_st","MIMAT0026717","miR-891a-3p",TRUE,TRUE
"MIMAT0026718_st","MIMAT0026718","miR-874-5p",TRUE,TRUE
"MIMAT0026719_st","MIMAT0026719","miR-889-5p",TRUE,TRUE
"MIMAT0026720_st","MIMAT0026720","miR-887-5p",TRUE,TRUE
"MIMAT0026721_st","MIMAT0026721","miR-216b-3p",TRUE,TRUE
"MIMAT0026722_st","MIMAT0026722","miR-208b-5p",TRUE,TRUE
"MIMAT0026734_st","MIMAT0026734","miR-942-3p",TRUE,TRUE
"MIMAT0026735_st","MIMAT0026735","miR-1180-5p",TRUE,TRUE
"MIMAT0026736_st","MIMAT0026736","miR-548e-5p",TRUE,TRUE
"MIMAT0026737_st","MIMAT0026737","miR-548j-3p",TRUE,TRUE
"MIMAT0026738_st","MIMAT0026738","miR-1287-3p",TRUE,TRUE
"MIMAT0026739_st","MIMAT0026739","miR-548f-5p",TRUE,TRUE
"MIMAT0026740_st","MIMAT0026740","miR-1250-3p",TRUE,TRUE
"MIMAT0026741_st","MIMAT0026741","miR-1251-3p",TRUE,TRUE
"MIMAT0026742_st","MIMAT0026742","miR-1266-3p",TRUE,TRUE
"MIMAT0026743_st","MIMAT0026743","miR-1288-5p",TRUE,TRUE
"MIMAT0026744_st","MIMAT0026744","miR-1252-3p",TRUE,TRUE
"MIMAT0026749_st","MIMAT0026749","miR-513b-3p",TRUE,TRUE
"MIMAT0026765_st","MIMAT0026765","miR-1537-5p",TRUE,TRUE
"MIMAT0026916_st","MIMAT0026916","miR-1908-3p",TRUE,TRUE
"MIMAT0026917_st","MIMAT0026917","miR-1910-3p",TRUE,TRUE
"MIMAT0026921_st","MIMAT0026921","miR-2276-5p",TRUE,TRUE
"MIMAT0027026_st","MIMAT0027026","miR-3151-3p",TRUE,TRUE
"MIMAT0027027_st","MIMAT0027027","miR-3192-3p",TRUE,TRUE
"MIMAT0027032_st","MIMAT0027032","miR-500b-3p",TRUE,TRUE
"MIMAT0027036_st","MIMAT0027036","miR-3912-5p",TRUE,TRUE
"MIMAT0027037_st","MIMAT0027037","miR-3928-5p",TRUE,TRUE
"MIMAT0027038_st","MIMAT0027038","miR-1343-5p",TRUE,TRUE
"MIMAT0027041_st","MIMAT0027041","miR-5088-3p",TRUE,TRUE
"MIMAT0027088_st","MIMAT0027088","miR-5189-3p",TRUE,TRUE
"MIMAT0027103_st","MIMAT0027103","miR-5699-5p",TRUE,TRUE
"MIMAT0027345_st","MIMAT0027345","miR-6720-5p",TRUE,TRUE
"MIMAT0027353_st","MIMAT0027353","miR-6726-5p",TRUE,TRUE
"MIMAT0027354_st","MIMAT0027354","miR-6726-3p",TRUE,TRUE
"MIMAT0027355_st","MIMAT0027355","miR-6727-5p",TRUE,TRUE
"MIMAT0027356_st","MIMAT0027356","miR-6727-3p",TRUE,TRUE
"MIMAT0027357_st","MIMAT0027357","miR-6728-5p",TRUE,TRUE
"MIMAT0027358_st","MIMAT0027358","miR-6728-3p",TRUE,TRUE
"MIMAT0027359_st","MIMAT0027359","miR-6729-5p",TRUE,TRUE
"MIMAT0027360_st","MIMAT0027360","miR-6729-3p",TRUE,TRUE
"MIMAT0027361_st","MIMAT0027361","miR-6730-5p",TRUE,TRUE
"MIMAT0027362_st","MIMAT0027362","miR-6730-3p",TRUE,TRUE
"MIMAT0027363_st","MIMAT0027363","miR-6731-5p",TRUE,TRUE
"MIMAT0027364_st","MIMAT0027364","miR-6731-3p",TRUE,TRUE
"MIMAT0027365_st","MIMAT0027365","miR-6732-5p",TRUE,TRUE
"MIMAT0027366_st","MIMAT0027366","miR-6732-3p",TRUE,TRUE
"MIMAT0027367_st","MIMAT0027367","miR-6733-5p",TRUE,TRUE
"MIMAT0027368_st","MIMAT0027368","miR-6733-3p",TRUE,TRUE
"MIMAT0027369_st","MIMAT0027369","miR-6734-5p",TRUE,TRUE
"MIMAT0027370_st","MIMAT0027370","miR-6734-3p",TRUE,TRUE
"MIMAT0027371_st","MIMAT0027371","miR-6735-5p",TRUE,TRUE
"MIMAT0027372_st","MIMAT0027372","miR-6735-3p",TRUE,TRUE
"MIMAT0027373_st","MIMAT0027373","miR-6736-5p",TRUE,TRUE
"MIMAT0027374_st","MIMAT0027374","miR-6736-3p",TRUE,TRUE
"MIMAT0027375_st","MIMAT0027375","miR-6737-5p",TRUE,TRUE
"MIMAT0027376_st","MIMAT0027376","miR-6737-3p",TRUE,TRUE
"MIMAT0027377_st","MIMAT0027377","miR-6738-5p",TRUE,TRUE
"MIMAT0027378_st","MIMAT0027378","miR-6738-3p",TRUE,TRUE
"MIMAT0027379_st","MIMAT0027379","miR-6739-5p",TRUE,TRUE
"MIMAT0027380_st","MIMAT0027380","miR-6739-3p",TRUE,TRUE
"MIMAT0027381_st","MIMAT0027381","miR-6740-5p",TRUE,TRUE
"MIMAT0027382_st","MIMAT0027382","miR-6740-3p",TRUE,TRUE
"MIMAT0027383_st","MIMAT0027383","miR-6741-5p",TRUE,TRUE
"MIMAT0027384_st","MIMAT0027384","miR-6741-3p",TRUE,TRUE
"MIMAT0027385_st","MIMAT0027385","miR-6742-5p",TRUE,TRUE
"MIMAT0027386_st","MIMAT0027386","miR-6742-3p",TRUE,TRUE
"MIMAT0027387_st","MIMAT0027387","miR-6743-5p",TRUE,TRUE
"MIMAT0027388_st","MIMAT0027388","miR-6743-3p",TRUE,TRUE
"MIMAT0027389_st","MIMAT0027389","miR-6744-5p",TRUE,TRUE
"MIMAT0027390_st","MIMAT0027390","miR-6744-3p",TRUE,TRUE
"MIMAT0027391_st","MIMAT0027391","miR-6745",TRUE,TRUE
"MIMAT0027392_st","MIMAT0027392","miR-6746-5p",TRUE,TRUE
"MIMAT0027393_st","MIMAT0027393","miR-6746-3p",TRUE,TRUE
"MIMAT0027394_st","MIMAT0027394","miR-6747-5p",TRUE,TRUE
"MIMAT0027395_st","MIMAT0027395","miR-6747-3p",TRUE,TRUE
"MIMAT0027396_st","MIMAT0027396","miR-6748-5p",TRUE,TRUE
"MIMAT0027397_st","MIMAT0027397","miR-6748-3p",TRUE,TRUE
"MIMAT0027398_st","MIMAT0027398","miR-6749-5p",TRUE,TRUE
"MIMAT0027399_st","MIMAT0027399","miR-6749-3p",TRUE,TRUE
"MIMAT0027400_st","MIMAT0027400","miR-6750-5p",TRUE,TRUE
"MIMAT0027401_st","MIMAT0027401","miR-6750-3p",TRUE,TRUE
"MIMAT0027402_st","MIMAT0027402","miR-6751-5p",TRUE,TRUE
"MIMAT0027403_st","MIMAT0027403","miR-6751-3p",TRUE,TRUE
"MIMAT0027404_st","MIMAT0027404","miR-6752-5p",TRUE,TRUE
"MIMAT0027405_st","MIMAT0027405","miR-6752-3p",TRUE,TRUE
"MIMAT0027406_st","MIMAT0027406","miR-6753-5p",TRUE,TRUE
"MIMAT0027407_st","MIMAT0027407","miR-6753-3p",TRUE,TRUE
"MIMAT0027408_st","MIMAT0027408","miR-6754-5p",TRUE,TRUE
"MIMAT0027409_st","MIMAT0027409","miR-6754-3p",TRUE,TRUE
"MIMAT0027410_st","MIMAT0027410","miR-6755-5p",TRUE,TRUE
"MIMAT0027411_st","MIMAT0027411","miR-6755-3p",TRUE,TRUE
"MIMAT0027412_st","MIMAT0027412","miR-6756-5p",TRUE,TRUE
"MIMAT0027413_st","MIMAT0027413","miR-6756-3p",TRUE,TRUE
"MIMAT0027414_st","MIMAT0027414","miR-6757-5p",TRUE,TRUE
"MIMAT0027415_st","MIMAT0027415","miR-6757-3p",TRUE,TRUE
"MIMAT0027416_st","MIMAT0027416","miR-6758-5p",TRUE,TRUE
"MIMAT0027417_st","MIMAT0027417","miR-6758-3p",TRUE,TRUE
"MIMAT0027418_st","MIMAT0027418","miR-6759-5p",TRUE,TRUE
"MIMAT0027419_st","MIMAT0027419","miR-6759-3p",TRUE,TRUE
"MIMAT0027420_st","MIMAT0027420","miR-6760-5p",TRUE,TRUE
"MIMAT0027421_st","MIMAT0027421","miR-6760-3p",TRUE,TRUE
"MIMAT0027422_st","MIMAT0027422","miR-6761-5p",TRUE,TRUE
"MIMAT0027423_st","MIMAT0027423","miR-6761-3p",TRUE,TRUE
"MIMAT0027424_st","MIMAT0027424","miR-6762-5p",TRUE,TRUE
"MIMAT0027425_st","MIMAT0027425","miR-6762-3p",TRUE,TRUE
"MIMAT0027426_st","MIMAT0027426","miR-6763-5p",TRUE,TRUE
"MIMAT0027427_st","MIMAT0027427","miR-6763-3p",TRUE,TRUE
"MIMAT0027428_st","MIMAT0027428","miR-6764-5p",TRUE,TRUE
"MIMAT0027429_st","MIMAT0027429","miR-6764-3p",TRUE,TRUE
"MIMAT0027430_st","MIMAT0027430","miR-6765-5p",TRUE,TRUE
"MIMAT0027431_st","MIMAT0027431","miR-6765-3p",TRUE,TRUE
"MIMAT0027432_st","MIMAT0027432","miR-6766-5p",TRUE,TRUE
"MIMAT0027433_st","MIMAT0027433","miR-6766-3p",TRUE,TRUE
"MIMAT0027434_st","MIMAT0027434","miR-6767-5p",TRUE,TRUE
"MIMAT0027435_st","MIMAT0027435","miR-6767-3p",TRUE,TRUE
"MIMAT0027436_st","MIMAT0027436","miR-6768-5p",TRUE,TRUE
"MIMAT0027437_st","MIMAT0027437","miR-6768-3p",TRUE,TRUE
"MIMAT0027438_st","MIMAT0027438","miR-6769a-5p",TRUE,TRUE
"MIMAT0027439_st","MIMAT0027439","miR-6769a-3p",TRUE,TRUE
"MIMAT0027440_st","MIMAT0027440","miR-6770-5p",TRUE,TRUE
"MIMAT0027441_st","MIMAT0027441","miR-6770-3p",TRUE,TRUE
"MIMAT0027442_st","MIMAT0027442","miR-6771-5p",TRUE,TRUE
"MIMAT0027443_st","MIMAT0027443","miR-6771-3p",TRUE,TRUE
"MIMAT0027444_st","MIMAT0027444","miR-6772-5p",TRUE,TRUE
"MIMAT0027445_st","MIMAT0027445","miR-6772-3p",TRUE,TRUE
"MIMAT0027446_st","MIMAT0027446","miR-6773-5p",TRUE,TRUE
"MIMAT0027447_st","MIMAT0027447","miR-6773-3p",TRUE,TRUE
"MIMAT0027448_st","MIMAT0027448","miR-6774-5p",TRUE,TRUE
"MIMAT0027449_st","MIMAT0027449","miR-6774-3p",TRUE,TRUE
"MIMAT0027450_st","MIMAT0027450","miR-6775-5p",TRUE,TRUE
"MIMAT0027451_st","MIMAT0027451","miR-6775-3p",TRUE,TRUE
"MIMAT0027452_st","MIMAT0027452","miR-6776-5p",TRUE,TRUE
"MIMAT0027453_st","MIMAT0027453","miR-6776-3p",TRUE,TRUE
"MIMAT0027454_st","MIMAT0027454","miR-6777-5p",TRUE,TRUE
"MIMAT0027455_st","MIMAT0027455","miR-6777-3p",TRUE,TRUE
"MIMAT0027456_st","MIMAT0027456","miR-6778-5p",TRUE,TRUE
"MIMAT0027457_st","MIMAT0027457","miR-6778-3p",TRUE,TRUE
"MIMAT0027458_st","MIMAT0027458","miR-6779-5p",TRUE,TRUE
"MIMAT0027459_st","MIMAT0027459","miR-6779-3p",TRUE,TRUE
"MIMAT0027460_st","MIMAT0027460","miR-6780a-5p",TRUE,TRUE
"MIMAT0027461_st","MIMAT0027461","miR-6780a-3p",TRUE,TRUE
"MIMAT0027462_st","MIMAT0027462","miR-6781-5p",TRUE,TRUE
"MIMAT0027463_st","MIMAT0027463","miR-6781-3p",TRUE,TRUE
"MIMAT0027464_st","MIMAT0027464","miR-6782-5p",TRUE,TRUE
"MIMAT0027465_st","MIMAT0027465","miR-6782-3p",TRUE,TRUE
"MIMAT0027466_st","MIMAT0027466","miR-6783-5p",TRUE,TRUE
"MIMAT0027467_st","MIMAT0027467","miR-6783-3p",TRUE,TRUE
"MIMAT0027468_st","MIMAT0027468","miR-6784-5p",TRUE,TRUE
"MIMAT0027469_st","MIMAT0027469","miR-6784-3p",TRUE,TRUE
"MIMAT0027470_st","MIMAT0027470","miR-6785-5p",TRUE,TRUE
"MIMAT0027471_st","MIMAT0027471","miR-6785-3p",TRUE,TRUE
"MIMAT0027472_st","MIMAT0027472","miR-6786-5p",TRUE,TRUE
"MIMAT0027473_st","MIMAT0027473","miR-6786-3p",TRUE,TRUE
"MIMAT0027474_st","MIMAT0027474","miR-6787-5p",TRUE,TRUE
"MIMAT0027475_st","MIMAT0027475","miR-6787-3p",TRUE,TRUE
"MIMAT0027476_st","MIMAT0027476","miR-6788-5p",TRUE,TRUE
"MIMAT0027477_st","MIMAT0027477","miR-6788-3p",TRUE,TRUE
"MIMAT0027478_st","MIMAT0027478","miR-6789-5p",TRUE,TRUE
"MIMAT0027479_st","MIMAT0027479","miR-6789-3p",TRUE,TRUE
"MIMAT0027480_st","MIMAT0027480","miR-6790-5p",TRUE,TRUE
"MIMAT0027481_st","MIMAT0027481","miR-6790-3p",TRUE,TRUE
"MIMAT0027482_st","MIMAT0027482","miR-6791-5p",TRUE,TRUE
"MIMAT0027483_st","MIMAT0027483","miR-6791-3p",TRUE,TRUE
"MIMAT0027484_st","MIMAT0027484","miR-6792-5p",TRUE,TRUE
"MIMAT0027485_st","MIMAT0027485","miR-6792-3p",TRUE,TRUE
"MIMAT0027486_st","MIMAT0027486","miR-6793-5p",TRUE,TRUE
"MIMAT0027487_st","MIMAT0027487","miR-6793-3p",TRUE,TRUE
"MIMAT0027488_st","MIMAT0027488","miR-6794-5p",TRUE,TRUE
"MIMAT0027489_st","MIMAT0027489","miR-6794-3p",TRUE,TRUE
"MIMAT0027490_st","MIMAT0027490","miR-6795-5p",TRUE,TRUE
"MIMAT0027491_st","MIMAT0027491","miR-6795-3p",TRUE,TRUE
"MIMAT0027492_st","MIMAT0027492","miR-6796-5p",TRUE,TRUE
"MIMAT0027493_st","MIMAT0027493","miR-6796-3p",TRUE,TRUE
"MIMAT0027494_st","MIMAT0027494","miR-6797-5p",TRUE,TRUE
"MIMAT0027495_st","MIMAT0027495","miR-6797-3p",TRUE,TRUE
"MIMAT0027496_st","MIMAT0027496","miR-6798-5p",TRUE,TRUE
"MIMAT0027497_st","MIMAT0027497","miR-6798-3p",TRUE,TRUE
"MIMAT0027498_st","MIMAT0027498","miR-6799-5p",TRUE,TRUE
"MIMAT0027499_st","MIMAT0027499","miR-6799-3p",TRUE,TRUE
"MIMAT0027500_st","MIMAT0027500","miR-6800-5p",TRUE,TRUE
"MIMAT0027501_st","MIMAT0027501","miR-6800-3p",TRUE,TRUE
"MIMAT0027502_st","MIMAT0027502","miR-6801-5p",TRUE,TRUE
"MIMAT0027503_st","MIMAT0027503","miR-6801-3p",TRUE,TRUE
"MIMAT0027504_st","MIMAT0027504","miR-6802-5p",TRUE,TRUE
"MIMAT0027505_st","MIMAT0027505","miR-6802-3p",TRUE,TRUE
"MIMAT0027506_st","MIMAT0027506","miR-6803-5p",TRUE,TRUE
"MIMAT0027507_st","MIMAT0027507","miR-6803-3p",TRUE,TRUE
"MIMAT0027508_st","MIMAT0027508","miR-6804-5p",TRUE,TRUE
"MIMAT0027509_st","MIMAT0027509","miR-6804-3p",TRUE,TRUE
"MIMAT0027510_st","MIMAT0027510","miR-6805-5p",TRUE,TRUE
"MIMAT0027511_st","MIMAT0027511","miR-6805-3p",TRUE,TRUE
"MIMAT0027512_st","MIMAT0027512","miR-6806-5p",TRUE,TRUE
"MIMAT0027513_st","MIMAT0027513","miR-6806-3p",TRUE,TRUE
"MIMAT0027514_st","MIMAT0027514","miR-6807-5p",TRUE,TRUE
"MIMAT0027515_st","MIMAT0027515","miR-6807-3p",TRUE,TRUE
"MIMAT0027516_st","MIMAT0027516","miR-6808-5p",TRUE,TRUE
"MIMAT0027517_st","MIMAT0027517","miR-6808-3p",TRUE,TRUE
"MIMAT0027518_st","MIMAT0027518","miR-6809-5p",TRUE,TRUE
"MIMAT0027519_st","MIMAT0027519","miR-6809-3p",TRUE,TRUE
"MIMAT0027520_st","MIMAT0027520","miR-6810-5p",TRUE,TRUE
"MIMAT0027521_st","MIMAT0027521","miR-6810-3p",TRUE,TRUE
"MIMAT0027522_st","MIMAT0027522","miR-6811-5p",TRUE,TRUE
"MIMAT0027523_st","MIMAT0027523","miR-6811-3p",TRUE,TRUE
"MIMAT0027524_st","MIMAT0027524","miR-6812-5p",TRUE,TRUE
"MIMAT0027525_st","MIMAT0027525","miR-6812-3p",TRUE,TRUE
"MIMAT0027526_st","MIMAT0027526","miR-6813-5p",TRUE,TRUE
"MIMAT0027527_st","MIMAT0027527","miR-6813-3p",TRUE,TRUE
"MIMAT0027528_st","MIMAT0027528","miR-6814-5p",TRUE,TRUE
"MIMAT0027529_st","MIMAT0027529","miR-6814-3p",TRUE,TRUE
"MIMAT0027530_st","MIMAT0027530","miR-6815-5p",TRUE,TRUE
"MIMAT0027531_st","MIMAT0027531","miR-6815-3p",TRUE,TRUE
"MIMAT0027532_st","MIMAT0027532","miR-6816-5p",TRUE,TRUE
"MIMAT0027533_st","MIMAT0027533","miR-6816-3p",TRUE,TRUE
"MIMAT0027534_st","MIMAT0027534","miR-6817-5p",TRUE,TRUE
"MIMAT0027535_st","MIMAT0027535","miR-6817-3p",TRUE,TRUE
"MIMAT0027536_st","MIMAT0027536","miR-6818-5p",TRUE,TRUE
"MIMAT0027537_st","MIMAT0027537","miR-6818-3p",TRUE,TRUE
"MIMAT0027538_st","MIMAT0027538","miR-6819-5p",TRUE,TRUE
"MIMAT0027539_st","MIMAT0027539","miR-6819-3p",TRUE,TRUE
"MIMAT0027540_st","MIMAT0027540","miR-6820-5p",TRUE,TRUE
"MIMAT0027541_st","MIMAT0027541","miR-6820-3p",TRUE,TRUE
"MIMAT0027542_st","MIMAT0027542","miR-6821-5p",TRUE,TRUE
"MIMAT0027543_st","MIMAT0027543","miR-6821-3p",TRUE,TRUE
"MIMAT0027544_st","MIMAT0027544","miR-6822-5p",TRUE,TRUE
"MIMAT0027545_st","MIMAT0027545","miR-6822-3p",TRUE,TRUE
"MIMAT0027546_st","MIMAT0027546","miR-6823-5p",TRUE,TRUE
"MIMAT0027547_st","MIMAT0027547","miR-6823-3p",TRUE,TRUE
"MIMAT0027548_st","MIMAT0027548","miR-6824-5p",TRUE,TRUE
"MIMAT0027549_st","MIMAT0027549","miR-6824-3p",TRUE,TRUE
"MIMAT0027550_st","MIMAT0027550","miR-6825-5p",TRUE,TRUE
"MIMAT0027551_st","MIMAT0027551","miR-6825-3p",TRUE,TRUE
"MIMAT0027552_st","MIMAT0027552","miR-6826-5p",TRUE,TRUE
"MIMAT0027553_st","MIMAT0027553","miR-6826-3p",TRUE,TRUE
"MIMAT0027554_st","MIMAT0027554","miR-6827-5p",TRUE,TRUE
"MIMAT0027555_st","MIMAT0027555","miR-6827-3p",TRUE,TRUE
"MIMAT0027556_st","MIMAT0027556","miR-6828-5p",TRUE,TRUE
"MIMAT0027557_st","MIMAT0027557","miR-6828-3p",TRUE,TRUE
"MIMAT0027558_st","MIMAT0027558","miR-6829-5p",TRUE,TRUE
"MIMAT0027559_st","MIMAT0027559","miR-6829-3p",TRUE,TRUE
"MIMAT0027560_st","MIMAT0027560","miR-6830-5p",TRUE,TRUE
"MIMAT0027561_st","MIMAT0027561","miR-6830-3p",TRUE,TRUE
"MIMAT0027562_st","MIMAT0027562","miR-6831-5p",TRUE,TRUE
"MIMAT0027563_st","MIMAT0027563","miR-6831-3p",TRUE,TRUE
"MIMAT0027564_st","MIMAT0027564","miR-6832-5p",TRUE,TRUE
"MIMAT0027565_st","MIMAT0027565","miR-6832-3p",TRUE,TRUE
"MIMAT0027566_st","MIMAT0027566","miR-6833-5p",TRUE,TRUE
"MIMAT0027567_st","MIMAT0027567","miR-6833-3p",TRUE,TRUE
"MIMAT0027568_st","MIMAT0027568","miR-6834-5p",TRUE,TRUE
"MIMAT0027569_st","MIMAT0027569","miR-6834-3p",TRUE,TRUE
"MIMAT0027570_st","MIMAT0027570","miR-6835-5p",TRUE,TRUE
"MIMAT0027571_st","MIMAT0027571","miR-6835-3p",TRUE,TRUE
"MIMAT0027572_st","MIMAT0027572","miR-6780b-5p",TRUE,TRUE
"MIMAT0027573_st","MIMAT0027573","miR-6780b-3p",TRUE,TRUE
"MIMAT0027574_st","MIMAT0027574","miR-6836-5p",TRUE,TRUE
"MIMAT0027575_st","MIMAT0027575","miR-6836-3p",TRUE,TRUE
"MIMAT0027576_st","MIMAT0027576","miR-6837-5p",TRUE,TRUE
"MIMAT0027577_st","MIMAT0027577","miR-6837-3p",TRUE,TRUE
"MIMAT0027578_st","MIMAT0027578","miR-6838-5p",TRUE,TRUE
"MIMAT0027579_st","MIMAT0027579","miR-6838-3p",TRUE,TRUE
"MIMAT0027580_st","MIMAT0027580","miR-6839-5p",TRUE,TRUE
"MIMAT0027581_st","MIMAT0027581","miR-6839-3p",TRUE,TRUE
"MIMAT0027582_st","MIMAT0027582","miR-6840-5p",TRUE,TRUE
"MIMAT0027583_st","MIMAT0027583","miR-6840-3p",TRUE,TRUE
"MIMAT0027584_st","MIMAT0027584","miR-6841-5p",TRUE,TRUE
"MIMAT0027585_st","MIMAT0027585","miR-6841-3p",TRUE,TRUE
"MIMAT0027586_st","MIMAT0027586","miR-6842-5p",TRUE,TRUE
"MIMAT0027587_st","MIMAT0027587","miR-6842-3p",TRUE,TRUE
"MIMAT0027588_st","MIMAT0027588","miR-6843-3p",TRUE,TRUE
"MIMAT0027589_st","MIMAT0027589","miR-6844",TRUE,TRUE
"MIMAT0027590_st","MIMAT0027590","miR-6845-5p",TRUE,TRUE
"MIMAT0027591_st","MIMAT0027591","miR-6845-3p",TRUE,TRUE
"MIMAT0027592_st","MIMAT0027592","miR-6846-5p",TRUE,TRUE
"MIMAT0027593_st","MIMAT0027593","miR-6846-3p",TRUE,TRUE
"MIMAT0027594_st","MIMAT0027594","miR-6847-5p",TRUE,TRUE
"MIMAT0027595_st","MIMAT0027595","miR-6847-3p",TRUE,TRUE
"MIMAT0027596_st","MIMAT0027596","miR-6848-5p",TRUE,TRUE
"MIMAT0027597_st","MIMAT0027597","miR-6848-3p",TRUE,TRUE
"MIMAT0027598_st","MIMAT0027598","miR-6849-5p",TRUE,TRUE
"MIMAT0027599_st","MIMAT0027599","miR-6849-3p",TRUE,TRUE
"MIMAT0027600_st","MIMAT0027600","miR-6850-5p",TRUE,TRUE
"MIMAT0027601_st","MIMAT0027601","miR-6850-3p",TRUE,TRUE
"MIMAT0027602_st","MIMAT0027602","miR-6851-5p",TRUE,TRUE
"MIMAT0027603_st","MIMAT0027603","miR-6851-3p",TRUE,TRUE
"MIMAT0027604_st","MIMAT0027604","miR-6852-5p",TRUE,TRUE
"MIMAT0027605_st","MIMAT0027605","miR-6852-3p",TRUE,TRUE
"MIMAT0027606_st","MIMAT0027606","miR-6853-5p",TRUE,TRUE
"MIMAT0027607_st","MIMAT0027607","miR-6853-3p",TRUE,TRUE
"MIMAT0027608_st","MIMAT0027608","miR-6854-5p",TRUE,TRUE
"MIMAT0027609_st","MIMAT0027609","miR-6854-3p",TRUE,TRUE
"MIMAT0027610_st","MIMAT0027610","miR-6855-5p",TRUE,TRUE
"MIMAT0027611_st","MIMAT0027611","miR-6855-3p",TRUE,TRUE
"MIMAT0027612_st","MIMAT0027612","miR-6856-5p",TRUE,TRUE
"MIMAT0027613_st","MIMAT0027613","miR-6856-3p",TRUE,TRUE
"MIMAT0027614_st","MIMAT0027614","miR-6857-5p",TRUE,TRUE
"MIMAT0027615_st","MIMAT0027615","miR-6857-3p",TRUE,TRUE
"MIMAT0027616_st","MIMAT0027616","miR-6858-5p",TRUE,TRUE
"MIMAT0027617_st","MIMAT0027617","miR-6858-3p",TRUE,TRUE
"MIMAT0027618_st","MIMAT0027618","miR-6859-5p",TRUE,TRUE
"MIMAT0027619_st","MIMAT0027619","miR-6859-3p",TRUE,TRUE
"MIMAT0027620_st","MIMAT0027620","miR-6769b-5p",TRUE,TRUE
"MIMAT0027621_st","MIMAT0027621","miR-6769b-3p",TRUE,TRUE
"MIMAT0027622_st","MIMAT0027622","miR-6860",TRUE,TRUE
"MIMAT0027623_st","MIMAT0027623","miR-6861-5p",TRUE,TRUE
"MIMAT0027624_st","MIMAT0027624","miR-6861-3p",TRUE,TRUE
"MIMAT0027625_st","MIMAT0027625","miR-6862-5p",TRUE,TRUE
"MIMAT0027626_st","MIMAT0027626","miR-6862-3p",TRUE,TRUE
"MIMAT0027627_st","MIMAT0027627","miR-6863",TRUE,TRUE
"MIMAT0027628_st","MIMAT0027628","miR-6864-5p",TRUE,TRUE
"MIMAT0027629_st","MIMAT0027629","miR-6864-3p",TRUE,TRUE
"MIMAT0027630_st","MIMAT0027630","miR-6865-5p",TRUE,TRUE
"MIMAT0027631_st","MIMAT0027631","miR-6865-3p",TRUE,TRUE
"MIMAT0027632_st","MIMAT0027632","miR-6866-5p",TRUE,TRUE
"MIMAT0027633_st","MIMAT0027633","miR-6866-3p",TRUE,TRUE
"MIMAT0027634_st","MIMAT0027634","miR-6867-5p",TRUE,TRUE
"MIMAT0027635_st","MIMAT0027635","miR-6867-3p",TRUE,TRUE
"MIMAT0027636_st","MIMAT0027636","miR-6868-5p",TRUE,TRUE
"MIMAT0027637_st","MIMAT0027637","miR-6868-3p",TRUE,TRUE
"MIMAT0027638_st","MIMAT0027638","miR-6869-5p",TRUE,TRUE
"MIMAT0027639_st","MIMAT0027639","miR-6869-3p",TRUE,TRUE
"MIMAT0027640_st","MIMAT0027640","miR-6870-5p",TRUE,TRUE
"MIMAT0027641_st","MIMAT0027641","miR-6870-3p",TRUE,TRUE
"MIMAT0027642_st","MIMAT0027642","miR-6871-5p",TRUE,TRUE
"MIMAT0027643_st","MIMAT0027643","miR-6871-3p",TRUE,TRUE
"MIMAT0027644_st","MIMAT0027644","miR-6872-5p",TRUE,TRUE
"MIMAT0027645_st","MIMAT0027645","miR-6872-3p",TRUE,TRUE
"MIMAT0027646_st","MIMAT0027646","miR-6873-5p",TRUE,TRUE
"MIMAT0027647_st","MIMAT0027647","miR-6873-3p",TRUE,TRUE
"MIMAT0027648_st","MIMAT0027648","miR-6874-5p",TRUE,TRUE
"MIMAT0027649_st","MIMAT0027649","miR-6874-3p",TRUE,TRUE
"MIMAT0027650_st","MIMAT0027650","miR-6875-5p",TRUE,TRUE
"MIMAT0027651_st","MIMAT0027651","miR-6875-3p",TRUE,TRUE
"MIMAT0027652_st","MIMAT0027652","miR-6876-5p",TRUE,TRUE
"MIMAT0027653_st","MIMAT0027653","miR-6876-3p",TRUE,TRUE
"MIMAT0027654_st","MIMAT0027654","miR-6877-5p",TRUE,TRUE
"MIMAT0027655_st","MIMAT0027655","miR-6877-3p",TRUE,TRUE
"MIMAT0027656_st","MIMAT0027656","miR-6878-5p",TRUE,TRUE
"MIMAT0027657_st","MIMAT0027657","miR-6878-3p",TRUE,TRUE
"MIMAT0027658_st","MIMAT0027658","miR-6879-5p",TRUE,TRUE
"MIMAT0027659_st","MIMAT0027659","miR-6879-3p",TRUE,TRUE
"MIMAT0027660_st","MIMAT0027660","miR-6880-5p",TRUE,TRUE
"MIMAT0027661_st","MIMAT0027661","miR-6880-3p",TRUE,TRUE
"MIMAT0027662_st","MIMAT0027662","miR-6881-5p",TRUE,TRUE
"MIMAT0027663_st","MIMAT0027663","miR-6881-3p",TRUE,TRUE
"MIMAT0027664_st","MIMAT0027664","miR-6882-5p",TRUE,TRUE
"MIMAT0027665_st","MIMAT0027665","miR-6882-3p",TRUE,TRUE
"MIMAT0027666_st","MIMAT0027666","miR-6883-5p",TRUE,TRUE
"MIMAT0027667_st","MIMAT0027667","miR-6883-3p",TRUE,TRUE
"MIMAT0027668_st","MIMAT0027668","miR-6884-5p",TRUE,TRUE
"MIMAT0027669_st","MIMAT0027669","miR-6884-3p",TRUE,TRUE
"MIMAT0027670_st","MIMAT0027670","miR-6885-5p",TRUE,TRUE
"MIMAT0027671_st","MIMAT0027671","miR-6885-3p",TRUE,TRUE
"MIMAT0027672_st","MIMAT0027672","miR-6886-5p",TRUE,TRUE
"MIMAT0027673_st","MIMAT0027673","miR-6886-3p",TRUE,TRUE
"MIMAT0027674_st","MIMAT0027674","miR-6887-5p",TRUE,TRUE
"MIMAT0027675_st","MIMAT0027675","miR-6887-3p",TRUE,TRUE
"MIMAT0027676_st","MIMAT0027676","miR-6888-5p",TRUE,TRUE
"MIMAT0027677_st","MIMAT0027677","miR-6888-3p",TRUE,TRUE
"MIMAT0027678_st","MIMAT0027678","miR-6889-5p",TRUE,TRUE
"MIMAT0027679_st","MIMAT0027679","miR-6889-3p",TRUE,TRUE
"MIMAT0027680_st","MIMAT0027680","miR-6890-5p",TRUE,TRUE
"MIMAT0027681_st","MIMAT0027681","miR-6890-3p",TRUE,TRUE
"MIMAT0027682_st","MIMAT0027682","miR-6891-5p",TRUE,TRUE
"MIMAT0027683_st","MIMAT0027683","miR-6891-3p",TRUE,TRUE
"MIMAT0027684_st","MIMAT0027684","miR-6892-5p",TRUE,TRUE
"MIMAT0027685_st","MIMAT0027685","miR-6892-3p",TRUE,TRUE
"MIMAT0027686_st","MIMAT0027686","miR-6893-5p",TRUE,TRUE
"MIMAT0027687_st","MIMAT0027687","miR-6893-3p",TRUE,TRUE
"MIMAT0027688_st","MIMAT0027688","miR-6894-5p",TRUE,TRUE
"MIMAT0027689_st","MIMAT0027689","miR-6894-3p",TRUE,TRUE
"MIMAT0027690_st","MIMAT0027690","miR-6895-5p",TRUE,TRUE
"MIMAT0027691_st","MIMAT0027691","miR-6895-3p",TRUE,TRUE
"MIMAT0028109_st","MIMAT0028109","miR-7106-5p",TRUE,TRUE
"MIMAT0028110_st","MIMAT0028110","miR-7106-3p",TRUE,TRUE
"MIMAT0028111_st","MIMAT0028111","miR-7107-5p",TRUE,TRUE
"MIMAT0028112_st","MIMAT0028112","miR-7107-3p",TRUE,TRUE
"MIMAT0028113_st","MIMAT0028113","miR-7108-5p",TRUE,TRUE
"MIMAT0028114_st","MIMAT0028114","miR-7108-3p",TRUE,TRUE
"MIMAT0028115_st","MIMAT0028115","miR-7109-5p",TRUE,TRUE
"MIMAT0028116_st","MIMAT0028116","miR-7109-3p",TRUE,TRUE
"MIMAT0028117_st","MIMAT0028117","miR-7110-5p",TRUE,TRUE
"MIMAT0028118_st","MIMAT0028118","miR-7110-3p",TRUE,TRUE
"MIMAT0028119_st","MIMAT0028119","miR-7111-5p",TRUE,TRUE
"MIMAT0028120_st","MIMAT0028120","miR-7111-3p",TRUE,TRUE
"MIMAT0028121_st","MIMAT0028121","miR-7112-5p",TRUE,TRUE
"MIMAT0028122_st","MIMAT0028122","miR-7112-3p",TRUE,TRUE
"MIMAT0028123_st","MIMAT0028123","miR-7113-5p",TRUE,TRUE
"MIMAT0028124_st","MIMAT0028124","miR-7113-3p",TRUE,TRUE
"MIMAT0028125_st","MIMAT0028125","miR-7114-5p",TRUE,TRUE
"MIMAT0028126_st","MIMAT0028126","miR-7114-3p",TRUE,TRUE
"MIMAT0028211_st","MIMAT0028211","miR-7150",TRUE,TRUE
"MIMAT0028212_st","MIMAT0028212","miR-7151-5p",TRUE,TRUE
"MIMAT0028213_st","MIMAT0028213","miR-7151-3p",TRUE,TRUE
"MIMAT0028214_st","MIMAT0028214","miR-7152-5p",TRUE,TRUE
"MIMAT0028215_st","MIMAT0028215","miR-7152-3p",TRUE,TRUE
"MIMAT0028216_st","MIMAT0028216","miR-7153-5p",TRUE,TRUE
"MIMAT0028217_st","MIMAT0028217","miR-7153-3p",TRUE,TRUE
"MIMAT0028218_st","MIMAT0028218","miR-7154-5p",TRUE,TRUE
"MIMAT0028219_st","MIMAT0028219","miR-7154-3p",TRUE,TRUE
"MIMAT0028220_st","MIMAT0028220","miR-7155-5p",TRUE,TRUE
"MIMAT0028221_st","MIMAT0028221","miR-7155-3p",TRUE,TRUE
"MIMAT0028222_st","MIMAT0028222","miR-7156-5p",TRUE,TRUE
"MIMAT0028223_st","MIMAT0028223","miR-7156-3p",TRUE,TRUE
"MIMAT0028224_st","MIMAT0028224","miR-7157-5p",TRUE,TRUE
"MIMAT0028225_st","MIMAT0028225","miR-7157-3p",TRUE,TRUE
"MIMAT0028226_st","MIMAT0028226","miR-7158-5p",TRUE,TRUE
"MIMAT0028227_st","MIMAT0028227","miR-7158-3p",TRUE,TRUE
"MIMAT0028228_st","MIMAT0028228","miR-7159-5p",TRUE,TRUE
"MIMAT0028229_st","MIMAT0028229","miR-7159-3p",TRUE,TRUE
"MIMAT0028230_st","MIMAT0028230","miR-7160-5p",TRUE,TRUE
"MIMAT0028231_st","MIMAT0028231","miR-7160-3p",TRUE,TRUE
"MIMAT0028232_st","MIMAT0028232","miR-7161-5p",TRUE,TRUE
"MIMAT0028233_st","MIMAT0028233","miR-7161-3p",TRUE,TRUE
"MIMAT0028234_st","MIMAT0028234","miR-7162-5p",TRUE,TRUE
"MIMAT0028235_st","MIMAT0028235","miR-7162-3p",TRUE,TRUE
"MIMAT0029310_st","MIMAT0029310","miR-7515",TRUE,TRUE
"MIMAT0029782_st","MIMAT0029782","miR-7641",TRUE,TRUE
"MIMAT0030017_st","MIMAT0030017","miR-7702",TRUE,TRUE
"MIMAT0030018_st","MIMAT0030018","miR-7703",TRUE,TRUE
"MIMAT0030019_st","MIMAT0030019","miR-7704",TRUE,TRUE
"MIMAT0030020_st","MIMAT0030020","miR-7705",TRUE,TRUE
"MIMAT0030021_st","MIMAT0030021","miR-7706",TRUE,TRUE
"MIMAT0030411_st","MIMAT0030411","miR-7843-5p",TRUE,TRUE
"MIMAT0030412_st","MIMAT0030412","miR-7843-3p",TRUE,TRUE
"MIMAT0030413_st","MIMAT0030413","miR-4433b-5p",TRUE,TRUE
"MIMAT0030414_st","MIMAT0030414","miR-4433b-3p",TRUE,TRUE
"MIMAT0030415_st","MIMAT0030415","miR-1273h-5p",TRUE,TRUE
"MIMAT0030416_st","MIMAT0030416","miR-1273h-3p",TRUE,TRUE
"MIMAT0030417_st","MIMAT0030417","miR-6516-5p",TRUE,TRUE
"MIMAT0030418_st","MIMAT0030418","miR-6516-3p",TRUE,TRUE
"MIMAT0030419_st","MIMAT0030419","miR-7844-5p",TRUE,TRUE
"MIMAT0030420_st","MIMAT0030420","miR-7845-5p",TRUE,TRUE
"MIMAT0030421_st","MIMAT0030421","miR-7846-3p",TRUE,TRUE
"MIMAT0030422_st","MIMAT0030422","miR-7847-3p",TRUE,TRUE
"MIMAT0030423_st","MIMAT0030423","miR-7848-3p",TRUE,TRUE
"MIMAT0030424_st","MIMAT0030424","miR-7849-3p",TRUE,TRUE
"MIMAT0030425_st","MIMAT0030425","miR-7850-5p",TRUE,TRUE
"MIMAT0030426_st","MIMAT0030426","miR-7851-3p",TRUE,TRUE
"MIMAT0030427_st","MIMAT0030427","miR-7852-3p",TRUE,TRUE
"MIMAT0030428_st","MIMAT0030428","miR-7853-5p",TRUE,TRUE
"MIMAT0030429_st","MIMAT0030429","miR-7854-3p",TRUE,TRUE
"MIMAT0030430_st","MIMAT0030430","miR-7855-5p",TRUE,TRUE
"MIMAT0030431_st","MIMAT0030431","miR-7856-5p",TRUE,TRUE
"MIMAT0030979_st","MIMAT0030979","miR-8052",TRUE,TRUE
"MIMAT0030980_st","MIMAT0030980","miR-8053",TRUE,TRUE
"MIMAT0030981_st","MIMAT0030981","miR-8054",TRUE,TRUE
"MIMAT0030982_st","MIMAT0030982","miR-8055",TRUE,TRUE
"MIMAT0030983_st","MIMAT0030983","miR-8056",TRUE,TRUE
"MIMAT0030984_st","MIMAT0030984","miR-8057",TRUE,TRUE
"MIMAT0030985_st","MIMAT0030985","miR-8058",TRUE,TRUE
"MIMAT0030986_st","MIMAT0030986","miR-8059",TRUE,TRUE
"MIMAT0030987_st","MIMAT0030987","miR-8060",TRUE,TRUE
"MIMAT0030988_st","MIMAT0030988","miR-8061",TRUE,TRUE
"MIMAT0030989_st","MIMAT0030989","miR-8062",TRUE,TRUE
"MIMAT0030990_st","MIMAT0030990","miR-8063",TRUE,TRUE
"MIMAT0030991_st","MIMAT0030991","miR-8064",TRUE,TRUE
"MIMAT0030992_st","MIMAT0030992","miR-8065",TRUE,TRUE
"MIMAT0030993_st","MIMAT0030993","miR-8066",TRUE,TRUE
"MIMAT0030994_st","MIMAT0030994","miR-8067",TRUE,TRUE
"MIMAT0030995_st","MIMAT0030995","miR-8068",TRUE,TRUE
"MIMAT0030996_st","MIMAT0030996","miR-8069",TRUE,TRUE
"MIMAT0030997_st","MIMAT0030997","miR-8070",TRUE,TRUE
"MIMAT0030998_st","MIMAT0030998","miR-8071",TRUE,TRUE
"MIMAT0030999_st","MIMAT0030999","miR-8072",TRUE,TRUE
"MIMAT0031000_st","MIMAT0031000","miR-8073",TRUE,TRUE
"MIMAT0031001_st","MIMAT0031001","miR-8074",TRUE,TRUE
"MIMAT0031002_st","MIMAT0031002","miR-8075",TRUE,TRUE
"MIMAT0031003_st","MIMAT0031003","miR-8076",TRUE,TRUE
"MIMAT0031004_st","MIMAT0031004","miR-8077",TRUE,TRUE
"MIMAT0031005_st","MIMAT0031005","miR-8078",TRUE,TRUE
"MIMAT0031006_st","MIMAT0031006","miR-8079",TRUE,TRUE
"MIMAT0031007_st","MIMAT0031007","miR-8080",TRUE,TRUE
"MIMAT0031008_st","MIMAT0031008","miR-8081",TRUE,TRUE
"MIMAT0031009_st","MIMAT0031009","miR-8082",TRUE,TRUE
"MIMAT0031010_st","MIMAT0031010","miR-8083",TRUE,TRUE
"MIMAT0031011_st","MIMAT0031011","miR-8084",TRUE,TRUE
"MIMAT0031012_st","MIMAT0031012","miR-8085",TRUE,TRUE
"MIMAT0031013_st","MIMAT0031013","miR-8086",TRUE,TRUE
"MIMAT0031014_st","MIMAT0031014","miR-8087",TRUE,TRUE
"MIMAT0031015_st","MIMAT0031015","miR-8088",TRUE,TRUE
"MIMAT0031016_st","MIMAT0031016","miR-8089",TRUE,TRUE
"MIMAT0031074_st","MIMAT0031074","miR-450a-2-3p",TRUE,TRUE
"MIMAT0031095_st","MIMAT0031095","miR-128-2-5p",TRUE,TRUE
"MIMAT0031119_st","MIMAT0031119","miR-1199-5p",TRUE,TRUE
"MIMAT0031120_st","MIMAT0031120","miR-1199-3p",TRUE,TRUE
"MIMAT0031175_st","MIMAT0031175","miR-548ba",TRUE,TRUE
"MIMAT0031176_st","MIMAT0031176","miR-7973",TRUE,TRUE
"MIMAT0031177_st","MIMAT0031177","miR-7974",TRUE,TRUE
"MIMAT0031178_st","MIMAT0031178","miR-7975",TRUE,TRUE
"MIMAT0031179_st","MIMAT0031179","miR-7976",TRUE,TRUE
"MIMAT0031180_st","MIMAT0031180","miR-7977",TRUE,TRUE
"MIMAT0031181_st","MIMAT0031181","miR-7978",TRUE,TRUE
