"Gene","Probe"
"A1BG","A_33_P3685216"
"A1BG-AS1","A_24_P721699"
"A2ML1","A_33_P3525263"
"A4GALT","A_33_P3294002"
"A4GNT","A_23_P58046"
"AAA1","A_33_P3338172"
"AAAS","A_23_P64799"
"AACS","A_23_P204395"
"AACSP1","A_33_P3302290"
"AADAC","A_23_P80570"
"AADACL2","A_23_P91970"
"AADACL3","A_33_P3307965"
"AADACL4","A_33_P3312601"
"AADAT","A_23_P253484"
"AAGAB","A_23_P37545"
"AAK1","A_33_P3210585"
"AAMDC","A_24_P49383"
"AAMP","A_23_P56529"
"AANAT","A_33_P3246763"
"AAR2","A_23_P166196"
"AARD","A_32_P181527"
"AARS1","A_24_P172990"
"AARS2","A_23_P383688"
"AASDH","A_24_P383076"
"AASDHPPT","A_23_P202988"
"AASS","A_23_P8754"
"AATF","A_23_P89460"
"AATK","A_33_P3335398"
"ABAT","A_33_P3268487"
"ABCA1","A_24_P235429"
"ABCA10","A_23_P89422"
"ABCA11P","A_23_P92602"
"ABCA12","A_33_P3367984"
"ABCA13","A_23_P364324"
"ABCA15P","A_33_P3314525"
"ABCA17P","A_33_P3239052"
"ABCA2","A_23_P43504"
"ABCA3","A_23_P140876"
"ABCA4","A_23_P160940"
"ABCA5","A_23_P78018"
"ABCA6","A_23_P500400"
"ABCA7","A_33_P3374623"
"ABCA8","A_33_P3342305"
"ABCA9","A_33_P3292179"
"ABCB1","A_33_P3332414"
"ABCB10","A_23_P201918"
"ABCB11","A_23_P39703"
"ABCB4","A_33_P3336760"
"ABCB5","A_33_P3337549"
"ABCB6","A_23_P5441"
"ABCB7","A_23_P171258"
"ABCB8","A_33_P3336780"
"ABCB9","A_23_P128094"
"ABCC1","A_24_P227831"
"ABCC10","A_23_P219013"
"ABCC11","A_23_P141076"
"ABCC12","A_24_P287766"
"ABCC13","A_23_P307570"
"ABCC2","A_23_P44569"
"ABCC3","A_23_P207507"
"ABCC4","A_24_P16913"
"ABCC5","A_23_P258221"
"ABCC6","A_23_P15272"
"ABCC6P1","A_33_P3316278"
"ABCC8","A_23_P24774"
"ABCC9","A_24_P178503"
"ABCD1","A_23_P148556"
"ABCD2","A_23_P388124"
"ABCD3","A_33_P3307955"
"ABCD4","A_23_P37327"
"ABCE1","A_23_P41380"
"ABCF1","A_23_P251660"
"ABCF2","A_23_P215175"
"ABCF3","A_24_P251688"
"ABCG1","A_23_P166297"
"ABCG2","A_33_P3361067"
"ABCG4","A_24_P355626"
"ABCG8","A_33_P3361112"
"ABHD1","A_23_P17242"
"ABHD10","A_24_P268662"
"ABHD11","A_23_P315933"
"ABHD12","A_23_P149494"
"ABHD12B","A_33_P3315698"
"ABHD13","A_24_P398691"
"ABHD14A","A_33_P3283713"
"ABHD14B","A_23_P155417"
"ABHD15","A_33_P3216913"
"ABHD16A","A_23_P156697"
"ABHD16B","A_33_P3289461"
"ABHD17A","A_24_P324563"
"ABHD17B","A_33_P3266265"
"ABHD17C","A_23_P369701"
"ABHD18","A_23_P167358"
"ABHD2","A_23_P395172"
"ABHD3","A_23_P305759"
"ABHD4","A_23_P205519"
"ABHD5","A_23_P250294"
"ABHD6","A_23_P211850"
"ABHD8","A_33_P3302165"
"ABI1","A_33_P3622802"
"ABI2","A_24_P933418"
"ABI3","A_23_P141429"
"ABI3BP","A_23_P218858"
"ABITRAM","A_23_P216568"
"ABL1","A_23_P60180"
"ABL2","A_32_P139894"
"ABLIM1","A_23_P202520"
"ABLIM2","A_23_P255672"
"ABLIM3","A_23_P256205"
"ABO","A_33_P3266550"
"ABR","A_23_P503182"
"ABRA","A_33_P3368208"
"ABRACL","A_32_P160972"
"ABRAXAS1","A_23_P253464"
"ABRAXAS2","A_23_P364478"
"ABT1","A_23_P30784"
"ABTB1","A_33_P3297444"
"ABTB2","A_23_P356616"
"ABTB3","A_23_P419714"
"ACAA1","A_23_P69339"
"ACAA2","A_23_P89799"
"ACACA","A_33_P3334225"
"ACACB","A_33_P3334220"
"ACAD10","A_24_P227450"
"ACAD11","A_23_P212497"
"ACAD8","A_23_P47426"
"ACAD9","A_23_P132405"
"ACADL","A_33_P3303717"
"ACADM","A_23_P96761"
"ACADS","A_23_P65022"
"ACADSB","A_33_P3248992"
"ACADVL","A_23_P207650"
"ACAN","A_23_P307310"
"ACAP1","A_23_P107336"
"ACAP2","A_24_P942002"
"ACAP3","A_33_P3230290"
"ACAT1","A_23_P24515"
"ACAT2","A_23_P31135"
"ACBD3","A_24_P171182"
"ACBD4","A_24_P366122"
"ACBD5","A_23_P97795"
"ACBD6","A_23_P52127"
"ACBD7","A_23_P72584"
"ACCS","A_23_P24586"
"ACCSL","A_33_P3255924"
"ACD","A_33_P3359071"
"ACE","A_33_P3229288"
"ACE2","A_23_P252981"
"ACER1","A_23_P38952"
"ACER2","A_33_P3788618"
"ACER3","A_23_P203665"
"ACHE","A_24_P60845"
"ACIN1","A_23_P14389"
"ACKR2","A_23_P91954"
"ACKR3","A_23_P131676"
"ACKR4","A_23_P6909"
"ACKR5","A_33_P3243405"
"ACLY","A_33_P3415042"
"ACMSD","A_23_P376727"
"ACO1","A_23_P9415"
"ACOT1","A_24_P161036"
"ACOT11","A_23_P417415"
"ACOT12","A_23_P44207"
"ACOT13","A_23_P31116"
"ACOT4","A_23_P14515"
"ACOT6","A_33_P3352517"
"ACOT7","A_24_P205589"
"ACOT8","A_33_P3352544"
"ACOT9","A_23_P125624"
"ACOX1","A_33_P3244803"
"ACOX3","A_23_P316381"
"ACOXL","A_33_P3395008"
"ACP1","A_23_P56798"
"ACP2","A_23_P138776"
"ACP3","A_24_P46130"
"ACP4","A_23_P330419"
"ACP5","A_23_P142075"
"ACP6","A_23_P160240"
"ACP7","A_33_P3358957"
"ACR","A_32_P191262"
"ACRBP","A_33_P3396370"
"ACRV1","A_23_P202894"
"ACSBG1","A_23_P54488"
"ACSBG2","A_23_P131050"
"ACSF2","A_23_P4190"
"ACSF3","A_32_P218332"
"ACSL3","A_24_P248606"
"ACSL4","A_23_P217564"
"ACSL5","A_33_P3217983"
"ACSL6","A_33_P3390656"
"ACSM2A","A_33_P3265129"
"ACSM2B","A_23_P66328"
"ACSM3","A_23_P317756"
"ACSM4","A_33_P3395083"
"ACSM5","A_33_P3339276"
"ACSM6","A_33_P3246175"
"ACSS1","A_33_P3422404"
"ACSS2","A_23_P210900"
"ACSS3","A_23_P339119"
"ACTA2","A_23_P150053"
"ACTB","A_32_P137939"
"ACTBL2","A_24_P6903"
"ACTC1","A_33_P3236382"
"ACTG1","A_32_P156963"
"ACTG2","A_23_P39955"
"ACTL10","A_33_P3364989"
"ACTL6A","A_23_P69249"
"ACTL6B","A_23_P145681"
"ACTL7A","A_23_P31984"
"ACTL7B","A_33_P3256972"
"ACTL8","A_33_P3288659"
"ACTL9","A_33_P3345011"
"ACTMAP","A_33_P3389363"
"ACTN1","A_23_P105957"
"ACTN2","A_33_P3212167"
"ACTN3","A_23_P138881"
"ACTR10","A_33_P3416946"
"ACTR1A","A_24_P278367"
"ACTR1B","A_23_P28279"
"ACTR2","A_23_P377376"
"ACTR3B","A_23_P123193"
"ACTR3BP2","A_33_P3816042"
"ACTR3C","A_33_P3264089"
"ACTR5","A_23_P165952"
"ACTR6","A_23_P162596"
"ACTR8","A_23_P80694"
"ACTRT1","A_23_P147311"
"ACTRT2","A_23_P148829"
"ACVR1","A_23_P79221"
"ACVR1B","A_33_P3364433"
"ACVR1C","A_23_P397455"
"ACVR2A","A_23_P153930"
"ACVR2B","A_32_P134209"
"ACVRL1","A_24_P945113"
"ACY1","A_23_P57868"
"ACY3","A_23_P47102"
"ACYP1","A_23_P163143"
"ACYP2","A_24_P336848"
"ADA","A_23_P210482"
"ADA2","A_33_P3262635"
"ADAD1","A_23_P41514"
"ADAD2","A_33_P3272402"
"ADAM10","A_33_P3243857"
"ADAM11","A_33_P3386775"
"ADAM12","A_33_P3310929"
"ADAM15","A_33_P3380693"
"ADAM17","A_23_P143120"
"ADAM18","A_23_P72527"
"ADAM19","A_23_P374082"
"ADAM2","A_33_P3340732"
"ADAM20","A_23_P48698"
"ADAM21","A_23_P367420"
"ADAM22","A_24_P243741"
"ADAM23","A_23_P351667"
"ADAM28","A_33_P3380652"
"ADAM29","A_23_P95536"
"ADAM30","A_23_P126363"
"ADAM32","A_23_P44665"
"ADAM33","A_23_P502343"
"ADAM3A","A_33_P3256505"
"ADAM5","A_24_P230026"
"ADAM6","A_23_P54861"
"ADAM7","A_23_P94296"
"ADAM8","A_24_P300777"
"ADAM9","A_33_P3340769"
"ADAMDEC1","A_33_P3390172"
"ADAMTS1","A_23_P211039"
"ADAMTS10","A_33_P3223056"
"ADAMTS12","A_23_P44648"
"ADAMTS13","A_23_P393645"
"ADAMTS14","A_24_P275073"
"ADAMTS15","A_33_P3316790"
"ADAMTS16","A_23_P41629"
"ADAMTS17","A_33_P3241051"
"ADAMTS18","A_32_P34844"
"ADAMTS19","A_33_P3317392"
"ADAMTS2","A_23_P321307"
"ADAMTS20","A_23_P420359"
"ADAMTS3","A_24_P140405"
"ADAMTS4","A_23_P360754"
"ADAMTS5","A_33_P3372426"
"ADAMTS6","A_33_P3286953"
"ADAMTS7","A_23_P11005"
"ADAMTS8","A_33_P3308347"
"ADAMTS9","A_32_P196263"
"ADAMTSL1","A_23_P342138"
"ADAMTSL2","A_33_P3312509"
"ADAMTSL3","A_23_P308974"
"ADAMTSL4","A_33_P3299220"
"ADAMTSL4-AS1","A_33_P3275412"
"ADAMTSL5","A_33_P3245489"
"ADAP1","A_33_P3422133"
"ADAP2","A_23_P49816"
"ADAR","A_24_P362317"
"ADARB1","A_23_P211207"
"ADARB2","A_23_P86751"
"ADARB2-AS1","A_32_P29954"
"ADAT1","A_23_P141100"
"ADAT2","A_33_P3602006"
"ADAT3","A_33_P3268793"
"ADCK1","A_23_P25945"
"ADCK2","A_24_P291978"
"ADCK5","A_23_P94365"
"ADCY1","A_24_P577694"
"ADCY10","A_23_P126313"
"ADCY2","A_32_P405973"
"ADCY3","A_23_P67864"
"ADCY4","A_23_P381261"
"ADCY5","A_23_P136623"
"ADCY6","A_23_P501547"
"ADCY7","A_24_P416177"
"ADCY8","A_23_P169993"
"ADCY9","A_24_P935103"
"ADCYAP1","A_33_P3392092"
"ADCYAP1R1","A_23_P157109"
"ADD1","A_24_P100742"
"ADD2","A_33_P3241786"
"ADD3","A_24_P90097"
"ADGB","A_33_P3400309"
"ADGRA1","A_23_P327605"
"ADGRA2","A_23_P43276"
"ADGRA3","A_23_P158925"
"ADGRB1","A_33_P3285470"
"ADGRB2","A_33_P3269218"
"ADGRB3","A_23_P252556"
"ADGRD1","A_33_P3391135"
"ADGRD2","A_24_P74896"
"ADGRE1","A_33_P3215803"
"ADGRE2","A_23_P502336"
"ADGRE3","A_23_P218549"
"ADGRE4P","A_33_P3247320"
"ADGRE5","A_23_P502312"
"ADGRF1","A_23_P214267"
"ADGRF2P","A_23_P167872"
"ADGRF3","A_24_P85881"
"ADGRF4","A_23_P7866"
"ADGRF5","A_33_P3380944"
"ADGRG1","A_23_P206280"
"ADGRG2","A_23_P253692"
"ADGRG3","A_33_P3305102"
"ADGRG4","A_23_P312901"
"ADGRG5","A_23_P206293"
"ADGRG6","A_24_P411749"
"ADGRG7","A_23_P40919"
"ADGRL1","A_23_P391926"
"ADGRL2","A_33_P3307363"
"ADGRL3","A_33_P3216746"
"ADGRL4","A_33_P3362611"
"ADGRV1","A_23_P19134"
"ADH1A","A_24_P291658"
"ADH1B","A_33_P3353737"
"ADH1C","A_23_P81158"
"ADH4","A_23_P30098"
"ADH5","A_23_P18692"
"ADH6","A_23_P41498"
"ADH7","A_23_P92562"
"ADHFE1","A_23_P157569"
"ADI1","A_23_P148194"
"ADIG","A_33_P3348079"
"ADIPOR1","A_23_P46627"
"ADIPOR2","A_23_P48121"
"ADIRF","A_23_P161439"
"ADISSP","A_33_P3399433"
"ADM2","A_33_P3413905"
"ADM5","A_33_P3374640"
"ADNP","A_23_P254179"
"ADNP2","A_23_P164468"
"ADO","A_23_P202345"
"ADORA1","A_23_P74299"
"ADORA2A","A_24_P237270"
"ADORA2B","A_23_P55477"
"ADORA3","A_23_P126540"
"ADPGK","A_23_P14716"
"ADPRH","A_33_P3366053"
"ADPRHL1","A_23_P371145"
"ADPRM","A_23_P55127"
"ADPRS","A_23_P34568"
"ADRA1A","A_33_P3377194"
"ADRA1B","A_23_P33326"
"ADRA1D","A_33_P3243023"
"ADRA2A","A_23_P138706"
"ADRA2B","A_23_P378926"
"ADRA2C","A_23_P256158"
"ADRB1","A_33_P3310189"
"ADRB3","A_23_P168993"
"ADRM1","A_23_P68665"
"ADSL","A_23_P155103"
"ADSS1","A_23_P76823"
"ADSS2","A_23_P201432"
"ADTRP","A_23_P156826"
"AEBP1","A_23_P157299"
"AEBP2","A_24_P18621"
"AEN","A_23_P206077"
"AFAP1","A_23_P72387"
"AFAP1L1","A_32_P167239"
"AFAP1L2","A_23_P406341"
"AFDN","A_33_P3278407"
"AFDN-DT","A_33_P3240578"
"AFF1","A_33_P3242373"
"AFF2","A_33_P3293888"
"AFF3","A_23_P373464"
"AFF4","A_24_P8318"
"AFG1L","A_32_P37360"
"AFG2A","A_33_P3268224"
"AFG2B","A_23_P37424"
"AFG3L1P","A_23_P355289"
"AFG3L2","A_23_P135454"
"AFM","A_33_P3303444"
"AFMID","A_33_P3215999"
"AFP","A_33_P3421243"
"AFTPH","A_23_P428382"
"AGA","A_23_P7099"
"AGAP1","A_33_P3317305"
"AGAP11","A_33_P3375435"
"AGAP2","A_33_P3352148"
"AGAP3","A_33_P3240543"
"AGAP7P","A_24_P729905"
"AGBL1","A_33_P3355418"
"AGBL2","A_32_P167705"
"AGBL3","A_32_P82623"
"AGBL4","A_33_P3386572"
"AGBL5","A_24_P196372"
"AGER","A_23_P93360"
"AGFG1","A_33_P3238997"
"AGFG2","A_23_P311640"
"AGGF1","A_33_P3227666"
"AGK","A_23_P309224"
"AGL","A_23_P200298"
"AGMO","A_23_P136116"
"AGO1","A_33_P3402116"
"AGO3","A_23_P97021"
"AGO4","A_23_P23171"
"AGPAT1","A_23_P258093"
"AGPAT2","A_33_P3360540"
"AGPAT3","A_24_P344711"
"AGPAT4","A_32_P141768"
"AGPAT4-IT1","A_23_P70359"
"AGPAT5","A_33_P3217218"
"AGPS","A_23_P368645"
"AGR2","A_23_P31407"
"AGR3","A_23_P42811"
"AGRN","A_23_P343411"
"AGRP","A_33_P3279470"
"AGTPBP1","A_23_P169278"
"AGTR1","A_23_P166616"
"AGTR2","A_33_P3376493"
"AGTRAP","A_23_P158596"
"AGXT","A_33_P3250278"
"AGXT2","A_24_P63468"
"AHCTF1","A_24_P28657"
"AHCY","A_24_P57367"
"AHCYL1","A_23_P368126"
"AHCYL2","A_24_P72518"
"AHDC1","A_23_P115331"
"AHI1","A_23_P70746"
"AHI1-DT","A_33_P3236906"
"AHNAK","A_24_P943393"
"AHNAK2","A_33_P3222380"
"AHR","A_33_P3316800"
"AHRR","A_23_P358709"
"AHSA2P","A_23_P372467"
"AHSG","A_23_P155514"
"AHSP","A_23_P135486"
"AICDA","A_23_P36641"
"AIDA","A_23_P97457"
"AIF1","A_23_P214627"
"AIF1L","A_23_P392384"
"AIFM1","A_23_P72537"
"AIFM2","A_32_P75094"
"AIFM3","A_23_P258194"
"AIG1","A_23_P93431"
"AIM2","A_32_P44394"
"AIMP2","A_23_P70991"
"AIP","A_23_P75380"
"AIPL1","A_33_P3226620"
"AIRE","A_23_P68740"
"AIRIM","A_23_P45970"
"AJAP1","A_23_P23155"
"AJM1","A_33_P3328270"
"AJUBA","A_23_P54055"
"AK1","A_23_P217088"
"AK2","A_24_P179903"
"AK3","A_33_P3263061"
"AK4","A_32_P108655"
"AK5","A_33_P3307253"
"AK8","A_23_P83200"
"AK9","A_23_P392476"
"AKAIN1","A_33_P3266978"
"AKAP1","A_32_P132438"
"AKAP10","A_23_P317105"
"AKAP11","A_23_P204929"
"AKAP12","A_23_P214897"
"AKAP13","A_24_P142095"
"AKAP14","A_33_P3278590"
"AKAP17A","A_23_P342668"
"AKAP19","A_23_P17130"
"AKAP3","A_23_P14035"
"AKAP4","A_33_P3417920"
"AKAP5","A_33_P3394380"
"AKAP6","A_23_P14351"
"AKAP7","A_23_P259594"
"AKAP8","A_33_P3417950"
"AKAP8L","A_23_P153767"
"AKAP9","A_23_P309261"
"AKIP1","A_23_P53152"
"AKIRIN1","A_33_P3354267"
"AKIRIN2","A_23_P428827"
"AKNA","A_24_P912439"
"AKNAD1","A_33_P3241081"
"AKR1A1","A_24_P79755"
"AKR1B1","A_23_P258190"
"AKR1B10","A_24_P129341"
"AKR1B15","A_33_P3380992"
"AKR1C1","A_23_P257971"
"AKR1C3","A_23_P138541"
"AKR1C4","A_33_P3272291"
"AKR1C8","A_33_P3329028"
"AKR1D1","A_23_P382000"
"AKR1E2","A_33_P3480561"
"AKR7A2P1","A_23_P316812"
"AKR7A3","A_23_P103968"
"AKR7L","A_33_P3217998"
"AKT1","A_33_P3275235"
"AKT1S1","A_33_P3344201"
"AKT2","A_23_P208870"
"AKT3","A_24_P110983"
"AKTIP","A_33_P3340990"
"ALAD","A_23_P217114"
"ALAS1","A_24_P191588"
"ALAS2","A_32_P385587"
"ALB","A_23_P257834"
"ALCAM","A_33_P3713357"
"ALDH16A1","A_24_P5743"
"ALDH18A1","A_23_P1361"
"ALDH1A1","A_23_P83098"
"ALDH1A2","A_24_P73577"
"ALDH1A3","A_23_P205959"
"ALDH1B1","A_24_P64233"
"ALDH1L1","A_23_P258887"
"ALDH1L2","A_33_P3282634"
"ALDH2","A_23_P36753"
"ALDH3A1","A_33_P3238433"
"ALDH3A2","A_33_P3336617"
"ALDH3B1","A_24_P218688"
"ALDH3B2","A_23_P24311"
"ALDH4A1","A_23_P170337"
"ALDH5A1","A_24_P115007"
"ALDH6A1","A_23_P128967"
"ALDH7A1","A_23_P70231"
"ALDH8A1","A_24_P283324"
"ALDH9A1","A_24_P385280"
"ALDOA","A_23_P88963"
"ALDOAP2","A_33_P3853081"
"ALDOB","A_23_P415974"
"ALDOC","A_23_P78108"
"ALG1","A_23_P66306"
"ALG10","A_33_P3230881"
"ALG10B","A_32_P89679"
"ALG11","A_33_P3230876"
"ALG12","A_23_P60718"
"ALG13","A_23_P22672"
"ALG14","A_23_P257423"
"ALG1L1P","A_32_P158355"
"ALG1L2","A_33_P3329644"
"ALG2","A_23_P146728"
"ALG3","A_24_P414269"
"ALG5","A_23_P151436"
"ALG6","A_23_P35168"
"ALG8","A_23_P13554"
"ALG9","A_24_P795594"
"ALK","A_23_P324304"
"ALKAL1","A_24_P935794"
"ALKAL2","A_33_P3320197"
"ALKBH1","A_23_P14543"
"ALKBH2","A_32_P28939"
"ALKBH3","A_23_P35989"
"ALKBH4","A_23_P255523"
"ALKBH5","A_23_P153050"
"ALKBH6","A_23_P39402"
"ALKBH7","A_24_P91472"
"ALKBH8","A_23_P371876"
"ALMS1","A_23_P312174"
"ALMS1P1","A_23_P435657"
"ALOX12","A_23_P152906"
"ALOX12B","A_23_P83634"
"ALOX12P2","A_32_P440768"
"ALOX15","A_23_P55373"
"ALOX15B","A_23_P60627"
"ALOX5","A_33_P3356007"
"ALOX5AP","A_24_P347378"
"ALOXE3","A_24_P347880"
"ALPG","A_24_P131580"
"ALPI","A_23_P337658"
"ALPK1","A_23_P144531"
"ALPK2","A_23_P15876"
"ALPK3","A_33_P3210099"
"ALPL","A_33_P3304688"
"ALPP","A_23_P79587"
"ALS2","A_23_P377664"
"ALS2CL","A_32_P420009"
"ALX1","A_23_P83798"
"ALX3","A_23_P85941"
"ALX4","A_33_P3273068"
"ALYREF","A_23_P152984"
"AMACR","A_33_P3313245"
"AMBN","A_23_P44867"
"AMBP","A_23_P256504"
"AMBRA1","A_23_P353742"
"AMD1","A_24_P371962"
"AMDHD1","A_32_P122226"
"AMDHD2","A_33_P3491294"
"AMELX","A_23_P96478"
"AMELY","A_24_P182254"
"AMER1","A_23_P308150"
"AMER2","A_23_P351305"
"AMER3","A_33_P3319810"
"AMFR","A_24_P135444"
"AMH","A_23_P78944"
"AMHR2","A_24_P115990"
"AMIGO1","A_33_P3369461"
"AMIGO2","A_23_P14083"
"AMIGO3","A_23_P306655"
"AMMECR1","A_33_P3234347"
"AMMECR1L","A_23_P40039"
"AMN","A_23_P48455"
"AMN1","A_24_P100830"
"AMOT","A_24_P344961"
"AMOTL1","A_33_P3271196"
"AMOTL2","A_23_P166686"
"AMPD1","A_23_P51787"
"AMPD2","A_23_P201596"
"AMPD3","A_24_P304154"
"AMPH","A_23_P31273"
"AMT","A_23_P257164"
"AMTN","A_33_P3212860"
"AMY1C","A_33_P3365193"
"AMZ1","A_33_P3380837"
"AMZ2","A_23_P15564"
"AMZ2P1","A_24_P410587"
"ANAPC1","A_23_P17204"
"ANAPC10","A_23_P250994"
"ANAPC11","A_23_P27147"
"ANAPC13","A_32_P16854"
"ANAPC15","A_24_P244410"
"ANAPC16","A_33_P3216955"
"ANAPC2","A_23_P253068"
"ANAPC4","A_23_P317800"
"ANAPC5","A_23_P204448"
"ANAPC7","A_23_P44643"
"ANG","A_33_P3236177"
"ANGEL1","A_23_P363406"
"ANGEL2","A_24_P28619"
"ANGPT1","A_23_P216023"
"ANGPT2","A_23_P60079"
"ANGPT4","A_23_P68511"
"ANGPTL1","A_23_P126706"
"ANGPTL2","A_33_P3844650"
"ANGPTL3","A_23_P160262"
"ANGPTL4","A_33_P3295358"
"ANGPTL5","A_23_P64161"
"ANGPTL6","A_23_P50276"
"ANK1","A_23_P216108"
"ANK2","A_23_P133068"
"ANK3","A_23_P202269"
"ANKAR","A_23_P370544"
"ANKDD1A","A_33_P3239864"
"ANKDD1B","A_33_P3311235"
"ANKEF1","A_23_P256047"
"ANKFN1","A_23_P350698"
"ANKFY1","A_24_P151834"
"ANKH","A_24_P303145"
"ANKHD1","A_23_P92642"
"ANKHD1-EIF4EBP3","A_23_P58443"
"ANKIB1","A_23_P355623"
"ANKK1","A_33_P3336053"
"ANKLE1","A_33_P3252099"
"ANKLE2","A_33_P3329784"
"ANKMY1","A_33_P3315554"
"ANKMY2","A_23_P20002"
"ANKRA2","A_24_P337397"
"ANKRD1","A_23_P161218"
"ANKRD10","A_23_P205046"
"ANKRD11","A_33_P3280044"
"ANKRD12","A_24_P179183"
"ANKRD13A","A_24_P98975"
"ANKRD13B","A_33_P3235189"
"ANKRD13C","A_33_P3261700"
"ANKRD13C-DT","A_24_P182281"
"ANKRD13D","A_33_P3228285"
"ANKRD16","A_33_P3267502"
"ANKRD17","A_33_P3412538"
"ANKRD18A","A_33_P3238941"
"ANKRD19P","A_23_P312565"
"ANKRD2","A_33_P3278362"
"ANKRD20A1","A_33_P3313532"
"ANKRD20A2P","A_33_P3401902"
"ANKRD20A5P","A_33_P3324333"
"ANKRD20A8P","A_33_P3283599"
"ANKRD20A9P","A_32_P13151"
"ANKRD22","A_33_P3407880"
"ANKRD23","A_33_P3277753"
"ANKRD24","A_32_P191786"
"ANKRD26","A_24_P85511"
"ANKRD26P1","A_33_P3291821"
"ANKRD26P3","A_33_P3482417"
"ANKRD27","A_23_P153640"
"ANKRD28","A_24_P217365"
"ANKRD29","A_23_P412577"
"ANKRD30A","A_33_P3368985"
"ANKRD30B","A_33_P3343452"
"ANKRD30BL","A_33_P3301469"
"ANKRD30BP2","A_24_P917819"
"ANKRD31","A_33_P3362826"
"ANKRD33","A_32_P516342"
"ANKRD33B","A_33_P3213468"
"ANKRD34A","A_24_P212811"
"ANKRD34B","A_33_P3261595"
"ANKRD34C","A_33_P3422394"
"ANKRD35","A_23_P325690"
"ANKRD36","A_33_P3215788"
"ANKRD36B","A_33_P3261648"
"ANKRD36BP1","A_23_P97123"
"ANKRD36BP2","A_24_P341089"
"ANKRD37","A_24_P237586"
"ANKRD39","A_33_P3294053"
"ANKRD40","A_33_P3386581"
"ANKRD40CL","A_33_P3261605"
"ANKRD42","A_33_P3278144"
"ANKRD44","A_23_P209347"
"ANKRD45","A_33_P3219697"
"ANKRD46","A_23_P94095"
"ANKRD49","A_23_P24365"
"ANKRD50","A_33_P3231140"
"ANKRD52","A_33_P3267305"
"ANKRD53","A_24_P162979"
"ANKRD54","A_33_P3237125"
"ANKRD55","A_23_P258483"
"ANKRD6","A_33_P3278455"
"ANKRD60","A_23_P131875"
"ANKRD62","A_33_P3215305"
"ANKRD62P1-PARP4P3","A_33_P3236412"
"ANKRD63","A_33_P3346628"
"ANKRD7","A_23_P250231"
"ANKRD9","A_33_P3263666"
"ANKS1A","A_23_P156748"
"ANKS1B","A_33_P3258004"
"ANKS3","A_33_P3211153"
"ANKS4B","A_23_P385766"
"ANKS6","A_23_P362183"
"ANKUB1","A_24_P340954"
"ANLN","A_23_P356684"
"ANO1","A_24_P87036"
"ANO10","A_33_P3328426"
"ANO2","A_32_P141238"
"ANO3","A_23_P35725"
"ANO4","A_23_P409093"
"ANO5","A_24_P100996"
"ANO6","A_23_P389118"
"ANO7","A_23_P335495"
"ANO8","A_32_P73452"
"ANO9","A_24_P8109"
"ANOS1","A_23_P429950"
"ANP32A","A_32_P186027"
"ANP32A-IT1","A_23_P14649"
"ANP32B","A_23_P20615"
"ANP32BP1","A_24_P392690"
"ANP32CP","A_23_P92520"
"ANP32D","A_23_P87580"
"ANP32E","A_23_P160934"
"ANPEP","A_23_P88626"
"ANTKMT","A_23_P54728"
"ANTXR1","A_24_P131522"
"ANTXR2","A_23_P170733"
"ANTXRL","A_33_P3360296"
"ANXA1","A_23_P94501"
"ANXA10","A_23_P58328"
"ANXA11","A_23_P35399"
"ANXA13","A_23_P60009"
"ANXA2","A_23_P146644"
"ANXA2P1","A_24_P204244"
"ANXA2P3","A_24_P323114"
"ANXA2R","A_33_P3299279"
"ANXA4","A_23_P16976"
"ANXA5","A_23_P69720"
"ANXA6","A_23_P357104"
"ANXA7","A_33_P3329949"
"ANXA8L1","A_32_P105549"
"AOAH","A_23_P145718"
"AOC1","A_23_P59452"
"AOC2","A_23_P4133"
"AOC3","A_23_P426305"
"AOC4P","A_24_P781615"
"AOPEP","A_23_P73012"
"AOX1","A_23_P154037"
"AOX2P","A_33_P3404453"
"AP1AR","A_23_P69791"
"AP1B1","A_33_P3317593"
"AP1G1","A_24_P381962"
"AP1G2","A_23_P2967"
"AP1M1","A_23_P55802"
"AP1M2","A_23_P78543"
"AP1S1","A_23_P157404"
"AP1S2","A_23_P217384"
"AP1S3","A_33_P3275707"
"AP2A1","A_23_P4885"
"AP2A2","A_24_P932418"
"AP2B1","A_24_P253827"
"AP2M1","A_33_P3378800"
"AP2S1","A_33_P3346663"
"AP3B1","A_23_P136635"
"AP3B2","A_23_P77304"
"AP3D1","A_33_P3571120"
"AP3M1","A_23_P158938"
"AP3M2","A_24_P64039"
"AP3S1","A_23_P69958"
"AP3S2","A_24_P287691"
"AP4B1","A_23_P160729"
"AP4E1","A_24_P929369"
"AP4M1","A_23_P157051"
"AP4S1","A_24_P12281"
"AP5M1","A_23_P37265"
"AP5S1","A_23_P57137"
"AP5Z1","A_33_P3215487"
"APAF1","A_23_P36611"
"APBA1","A_33_P3295655"
"APBA2","A_33_P3344504"
"APBA3","A_33_P3295640"
"APBB1","A_23_P1998"
"APBB1IP","A_23_P401700"
"APBB2","A_33_P3251901"
"APBB3","A_23_P110445"
"APC","A_33_P3408983"
"APC2","A_23_P101905"
"APCDD1","A_23_P337262"
"APCDD1L","A_32_P300427"
"APCS","A_23_P96827"
"APEH","A_23_P41143"
"APEX1","A_23_P151653"
"APEX2","A_23_P256682"
"APH1A","A_23_P930"
"APH1B","A_23_P205997"
"API5","A_23_P203255"
"APIP","A_23_P2066"
"APLF","A_23_P334246"
"APLNR","A_23_P318860"
"APLP1","A_23_P27983"
"APLP2","A_23_P202939"
"APMAP","A_24_P297078"
"APOA1","A_33_P3298539"
"APOA2","A_24_P302249"
"APOA4","A_23_P87036"
"APOA5","A_23_P75630"
"APOB","A_33_P3267420"
"APOBEC1","A_23_P14019"
"APOBEC2","A_23_P70387"
"APOBEC3A","A_32_P9543"
"APOBEC3B","A_24_P66027"
"APOBEC3D","A_23_P132316"
"APOBEC3F","A_33_P3262181"
"APOBEC3G","A_23_P143713"
"APOBEC3H","A_32_P347617"
"APOBEC4","A_33_P3332150"
"APOBR","A_23_P54770"
"APOC1","A_24_P109214"
"APOC2","A_23_P208302"
"APOC3","A_23_P203183"
"APOC4","A_33_P3209162"
"APOD","A_23_P136777"
"APOE","A_33_P3223592"
"APOF","A_23_P87491"
"APOH","A_23_P38244"
"APOL1","A_24_P87931"
"APOL2","A_24_P48898"
"APOL3","A_24_P416997"
"APOL4","A_33_P3276615"
"APOL5","A_23_P166438"
"APOL6","A_24_P941167"
"APOLD1","A_23_P48217"
"APOM","A_23_P42265"
"APOO","A_23_P61127"
"APOOL","A_23_P136986"
"APP","A_33_P3508822"
"APPBP2","A_23_P207280"
"APPL1","A_23_P166663"
"APRG1","A_32_P430695"
"APRT","A_33_P3360097"
"APTX","A_33_P3344308"
"AQP1","A_23_P372834"
"AQP10","A_23_P126613"
"AQP11","A_23_P417974"
"AQP12A","A_23_P142856"
"AQP2","A_33_P3304065"
"AQP3","A_33_P3209591"
"AQP4","A_33_P3420757"
"AQP4-AS1","A_23_P435649"
"AQP5","A_23_P366812"
"AQP6","A_23_P502060"
"AQP7","A_23_P158041"
"AQP7P1","A_33_P3245290"
"AQP7P3","A_33_P3371115"
"AQP8","A_23_P26522"
"AQR","A_24_P316305"
"ARAF","A_23_P73511"
"ARAFP2","A_33_P3224020"
"ARAP1","A_24_P398432"
"ARAP2","A_32_P83784"
"ARAP3","A_23_P167389"
"ARB2A","A_24_P111912"
"ARB2BP","A_33_P3354076"
"ARC","A_23_P365738"
"ARCN1","A_33_P3356216"
"AREG","A_23_P259071"
"AREL1","A_23_P369987"
"ARF1","A_23_P201086"
"ARF3","A_24_P256307"
"ARF4","A_23_P431789"
"ARF5","A_33_P3260777"
"ARF6","A_24_P472455"
"ARFGAP1","A_23_P210379"
"ARFGAP2","A_33_P3272483"
"ARFGAP3","A_23_P68970"
"ARFGEF1","A_23_P82941"
"ARFGEF2","A_33_P3271925"
"ARFGEF3","A_33_P3387951"
"ARFIP1","A_24_P166094"
"ARFIP2","A_23_P139228"
"ARFRP1","A_33_P3242748"
"ARG1","A_33_P3319967"
"ARG2","A_23_P128728"
"ARGFX","A_33_P3209706"
"ARGFXP2","A_33_P3349289"
"ARGLU1","A_23_P162782"
"ARHGAP1","A_23_P314070"
"ARHGAP10","A_23_P21548"
"ARHGAP11A","A_33_P3339361"
"ARHGAP11B","A_33_P3339375"
"ARHGAP12","A_23_P149775"
"ARHGAP15","A_23_P84154"
"ARHGAP17","A_24_P401739"
"ARHGAP18","A_32_P162250"
"ARHGAP19","A_33_P3411025"
"ARHGAP20","A_23_P422933"
"ARHGAP21","A_23_P115608"
"ARHGAP22","A_23_P75310"
"ARHGAP23","A_33_P3331188"
"ARHGAP24","A_33_P3236030"
"ARHGAP25","A_23_P142974"
"ARHGAP26","A_33_P3228305"
"ARHGAP27","A_33_P3228558"
"ARHGAP28","A_24_P579356"
"ARHGAP29","A_24_P333571"
"ARHGAP30","A_23_P35045"
"ARHGAP31","A_24_P349039"
"ARHGAP32","A_23_P161686"
"ARHGAP33","A_33_P3313411"
"ARHGAP35","A_33_P3367481"
"ARHGAP36","A_23_P72968"
"ARHGAP39","A_23_P424878"
"ARHGAP4","A_33_P3282181"
"ARHGAP40","A_33_P3234794"
"ARHGAP42","A_33_P3243332"
"ARHGAP44","A_23_P26854"
"ARHGAP45","A_33_P3318414"
"ARHGAP5","A_23_P48535"
"ARHGAP5-AS1","A_23_P25746"
"ARHGAP6","A_23_P217428"
"ARHGAP8","A_33_P3489675"
"ARHGAP9","A_23_P64661"
"ARHGDIA","A_23_P207766"
"ARHGDIB","A_23_P151075"
"ARHGDIG","A_24_P215882"
"ARHGEF1","A_33_P3292864"
"ARHGEF10","A_23_P216282"
"ARHGEF10L","A_33_P3799936"
"ARHGEF11","A_23_P426809"
"ARHGEF12","A_24_P175783"
"ARHGEF15","A_23_P49674"
"ARHGEF16","A_23_P114670"
"ARHGEF17","A_23_P76015"
"ARHGEF18","A_23_P50357"
"ARHGEF19","A_23_P332326"
"ARHGEF2","A_23_P51699"
"ARHGEF25","A_23_P98844"
"ARHGEF26","A_32_P5276"
"ARHGEF28","A_33_P3367126"
"ARHGEF3","A_23_P143885"
"ARHGEF33","A_33_P3269670"
"ARHGEF35","A_24_P701776"
"ARHGEF37","A_32_P222695"
"ARHGEF38","A_33_P3610771"
"ARHGEF39","A_33_P3539223"
"ARHGEF4","A_23_P253221"
"ARHGEF40","A_23_P99661"
"ARHGEF5","A_23_P93988"
"ARHGEF6","A_24_P228875"
"ARHGEF7","A_23_P321855"
"ARHGEF9","A_24_P254551"
"ARID1A","A_24_P92952"
"ARID1B","A_23_P70701"
"ARID2","A_32_P74955"
"ARID3A","A_33_P3272921"
"ARID3B","A_23_P88580"
"ARID3C","A_33_P3424187"
"ARID4B","A_23_P201951"
"ARID5A","A_23_P143016"
"ARID5B","A_32_P18440"
"ARIH1","A_24_P85478"
"ARIH2","A_23_P61881"
"ARIH2OS","A_24_P76018"
"ARK2C","A_33_P3319680"
"ARK2N","A_23_P345361"
"ARL1","A_24_P338648"
"ARL10","A_24_P368735"
"ARL11","A_32_P902957"
"ARL13A","A_33_P3375553"
"ARL14","A_23_P92161"
"ARL14EP","A_33_P3407638"
"ARL15","A_24_P303199"
"ARL16","A_32_P207180"
"ARL17A","A_23_P371885"
"ARL17B","A_23_P207680"
"ARL2","A_23_P98252"
"ARL2BP","A_23_P15182"
"ARL3","A_24_P286935"
"ARL4A","A_23_P145761"
"ARL4C","A_33_P3323722"
"ARL4D","A_33_P3392525"
"ARL5A","A_24_P165595"
"ARL5B","A_24_P943997"
"ARL5C","A_33_P3284596"
"ARL6","A_24_P354337"
"ARL6IP4","A_24_P287233"
"ARL6IP5","A_24_P257348"
"ARL6IP6","A_23_P28169"
"ARL8A","A_23_P138271"
"ARL8B","A_23_P385217"
"ARL9","A_33_P3416882"
"ARLN","A_33_P3285824"
"ARMC1","A_32_P234827"
"ARMC10","A_33_P3213432"
"ARMC12","A_32_P146113"
"ARMC2","A_24_P320604"
"ARMC3","A_33_P3220207"
"ARMC5","A_33_P3221563"
"ARMC6","A_23_P425750"
"ARMC7","A_23_P15375"
"ARMC8","A_33_P3425356"
"ARMC9","A_23_P209731"
"ARMCX1","A_23_P22682"
"ARMCX2","A_23_P73747"
"ARMCX3","A_24_P23411"
"ARMCX4","A_33_P3211864"
"ARMCX5","A_23_P85188"
"ARMCX6","A_23_P62351"
"ARMH1","A_32_P453321"
"ARMH3","A_23_P86504"
"ARMH4","A_33_P3288839"
"ARMS2","A_33_P3217639"
"ARNT","A_24_P391568"
"ARNT2","A_23_P83579"
"ARPC1A","A_24_P72479"
"ARPC1B","A_23_P20196"
"ARPC3","A_24_P167473"
"ARPC4","A_24_P20383"
"ARPC4-TTLL3","A_23_P380928"
"ARPC5","A_23_P126803"
"ARPC5L","A_24_P29975"
"ARPIN","A_24_P404033"
"ARPP19","A_23_P205768"
"ARPP21","A_33_P3303785"
"ARR3","A_24_P344976"
"ARRB1","A_24_P386622"
"ARRB2","A_23_P158829"
"ARRDC1","A_23_P391607"
"ARRDC1-AS1","A_24_P120970"
"ARRDC2","A_24_P22976"
"ARRDC3","A_24_P274615"
"ARRDC4","A_23_P339818"
"ARRDC5","A_32_P30271"
"ARSA","A_33_P3229725"
"ARSB","A_24_P205213"
"ARSD","A_33_P3330099"
"ARSF","A_23_P304304"
"ARSG","A_24_P339416"
"ARSH","A_33_P3373343"
"ARSI","A_23_P19030"
"ARSJ","A_33_P3296582"
"ARSK","A_33_P3273664"
"ARSL","A_23_P256084"
"ART1","A_23_P87363"
"ART3","A_33_P3723448"
"ART5","A_23_P427122"
"ARTN","A_33_P3214586"
"ARV1","A_23_P135995"
"ARVCF","A_33_P3236993"
"ARX","A_23_P306223"
"AS3MT","A_33_P3378531"
"ASAH1","A_33_P3284463"
"ASAH2","A_23_P161171"
"ASAP1","A_33_P3775007"
"ASAP1-IT1","A_23_P146325"
"ASAP2","A_24_P362540"
"ASAP3","A_33_P3263614"
"ASB1","A_32_P183609"
"ASB10","A_33_P3290124"
"ASB12","A_23_P96395"
"ASB13","A_24_P278299"
"ASB14","A_33_P3290144"
"ASB15","A_33_P3290139"
"ASB16","A_24_P56837"
"ASB16-AS1","A_32_P448360"
"ASB17","A_23_P344444"
"ASB18","A_33_P3290162"
"ASB2","A_23_P205370"
"ASB3","A_23_P56833"
"ASB4","A_33_P3568387"
"ASB5","A_23_P144326"
"ASB6","A_32_P412313"
"ASB7","A_24_P920979"
"ASB8","A_24_P643587"
"ASB9","A_23_P125643"
"ASCC1","A_23_P1280"
"ASCC2","A_23_P143643"
"ASCC3","A_23_P30972"
"ASCL1","A_23_P25305"
"ASCL2","A_32_P171061"
"ASCL3","A_23_P2083"
"ASCL4","A_33_P3287303"
"ASCL5","A_32_P122240"
"ASF1A","A_24_P112087"
"ASGR1","A_33_P3404525"
"ASGR2","A_23_P130113"
"ASH1L","A_33_P3402725"
"ASH2L","A_23_P134827"
"ASIC1","A_23_P204751"
"ASIC2","A_32_P159612"
"ASIC3","A_23_P93658"
"ASIC4","A_33_P3250730"
"ASIC5","A_23_P258433"
"ASIP","A_23_P120629"
"ASL","A_23_P26223"
"ASMT","A_23_P255535"
"ASMTL","A_23_P159539"
"ASMTL-AS1","A_23_P60793"
"ASNS","A_23_P145694"
"ASNSD1","A_23_P91001"
"ASPA","A_23_P164436"
"ASPDH","A_24_P690811"
"ASPG","A_23_P76743"
"ASPH","A_24_P295245"
"ASPHD1","A_33_P3314276"
"ASPHD2","A_23_P91640"
"ASPM","A_23_P52017"
"ASPN","A_33_P3216059"
"ASPRV1","A_23_P417383"
"ASPSCR1","A_33_P3228573"
"ASRGL1","A_23_P203391"
"ASS1","A_33_P3234580"
"ASTL","A_33_P3231820"
"ASTN1","A_33_P3220738"
"ASTN2","A_24_P83738"
"ASXL1","A_33_P3436316"
"ASXL2","A_23_P210300"
"ASXL3","A_23_P381746"
"ASZ1","A_33_P3217258"
"ATAD1","A_23_P75288"
"ATAD2","A_33_P3217238"
"ATAD2B","A_32_P191004"
"ATAD3A","A_33_P3349469"
"ATAD3B","A_33_P3331588"
"ATAD3C","A_33_P3242965"
"ATAD5","A_24_P113144"
"ATAT1","A_33_P3402474"
"ATCAY","A_24_P40094"
"ATE1","A_23_P138574"
"ATF1","A_33_P3294252"
"ATF2","A_24_P246467"
"ATF3","A_23_P34915"
"ATF4","A_23_P120933"
"ATF6","A_23_P62907"
"ATF6B","A_33_P3305458"
"ATF7","A_23_P361495"
"ATF7IP","A_24_P923757"
"ATF7IP2","A_23_P129466"
"ATG10","A_24_P370471"
"ATG101","A_23_P116840"
"ATG12","A_23_P20970"
"ATG13","A_24_P295601"
"ATG14","A_23_P309989"
"ATG16L1","A_32_P113508"
"ATG16L2","A_23_P36305"
"ATG2A","A_33_P3257312"
"ATG2B","A_33_P3342160"
"ATG3","A_23_P212706"
"ATG4A","A_23_P217367"
"ATG4B","A_24_P182764"
"ATG4C","A_33_P3396807"
"ATG5","A_24_P175059"
"ATG7","A_23_P143987"
"ATG9A","A_33_P3270404"
"ATG9B","A_32_P154053"
"ATIC","A_23_P68087"
"ATL1","A_23_P88351"
"ATL2","A_23_P209619"
"ATM","A_33_P3589722"
"ATMIN","A_24_P167984"
"ATN1","A_23_P13885"
"ATOH1","A_23_P332246"
"ATOH7","A_32_P78295"
"ATOH8","A_23_P142878"
"ATOSA","A_23_P99853"
"ATOSB","A_33_P3217704"
"ATOX1","A_23_P144877"
"ATP10A","A_24_P215765"
"ATP10B","A_33_P3298942"
"ATP10D","A_33_P3311473"
"ATP11A","A_24_P161973"
"ATP11AUN","A_33_P3269423"
"ATP11B","A_23_P212522"
"ATP11C","A_33_P3276505"
"ATP12A","A_23_P87982"
"ATP13A1","A_23_P5163"
"ATP13A2","A_24_P131222"
"ATP13A3","A_24_P183094"
"ATP13A4","A_23_P430948"
"ATP13A5","A_32_P315178"
"ATP1A1","A_23_P1072"
"ATP1A1-AS1","A_23_P149695"
"ATP1A2","A_23_P148879"
"ATP1A3","A_33_P3283669"
"ATP1A4","A_24_P307626"
"ATP1B1","A_23_P62932"
"ATP1B2","A_24_P31275"
"ATP1B3","A_23_P68007"
"ATP1B4","A_24_P91832"
"ATP23","A_23_P53363"
"ATP2A1","A_33_P3342720"
"ATP2A2","A_24_P141786"
"ATP2A3","A_23_P207632"
"ATP2B1","A_33_P3267186"
"ATP2B2","A_33_P3393851"
"ATP2B3","A_33_P3369146"
"ATP2B4","A_24_P405205"
"ATP2C1","A_24_P137376"
"ATP2C2","A_23_P117992"
"ATP4A","A_23_P430728"
"ATP4B","A_23_P32308"
"ATP5F1A","A_24_P245358"
"ATP5F1B","A_23_P33216"
"ATP5F1C","A_23_P63655"
"ATP5F1D","A_23_P5089"
"ATP5F1E","A_23_P252322"
"ATP5IF1","A_23_P126716"
"ATP5MC1","A_23_P164228"
"ATP5MC2","A_23_P87616"
"ATP5MC3","A_23_P56680"
"ATP5ME","A_24_P302998"
"ATP5MF","A_23_P215832"
"ATP5MG","A_23_P75622"
"ATP5MGL","A_33_P3791123"
"ATP5MJ","A_33_P3289780"
"ATP5MK","A_23_P127095"
"ATP5PB","A_23_P46275"
"ATP5PD","A_23_P77818"
"ATP5PF","A_23_P154832"
"ATP5PO","A_23_P143474"
"ATP6AP1","A_23_P250462"
"ATP6AP1L","A_24_P807031"
"ATP6V0A1","A_24_P333733"
"ATP6V0A4","A_23_P215111"
"ATP6V0B","A_23_P137814"
"ATP6V0C","A_23_P54816"
"ATP6V0D1","A_23_P54636"
"ATP6V0D2","A_23_P146146"
"ATP6V0E1","A_23_P213840"
"ATP6V0E2","A_23_P61960"
"ATP6V1A","A_24_P396994"
"ATP6V1B1","A_23_P142815"
"ATP6V1B2","A_23_P31844"
"ATP6V1C1","A_33_P3380897"
"ATP6V1C2","A_24_P276932"
"ATP6V1D","A_33_P3387463"
"ATP6V1E1","A_23_P143551"
"ATP6V1E2","A_23_P143047"
"ATP6V1F","A_23_P93623"
"ATP6V1G1","A_23_P20882"
"ATP6V1G2","A_23_P500410"
"ATP6V1G3","A_23_P23797"
"ATP6V1H","A_24_P363679"
"ATP7A","A_33_P3210885"
"ATP7B","A_23_P205228"
"ATP8A1","A_33_P3330952"
"ATP8A2","A_33_P3286859"
"ATP8B1","A_33_P3415191"
"ATP8B2","A_24_P366749"
"ATP8B3","A_23_P79108"
"ATP8B4","A_23_P163216"
"ATP8B5P","A_24_P358245"
"ATP9A","A_23_P380614"
"ATP9B","A_33_P3288039"
"ATPAF1","A_24_P919899"
"ATPAF2","A_23_P418493"
"ATPSCKMT","A_23_P133279"
"ATR","A_23_P136058"
"ATRAID","A_23_P28652"
"ATRIP","A_23_P501770"
"ATRN","A_23_P79931"
"ATRNL1","A_33_P3343473"
"ATRX","A_33_P3319943"
"ATXN1","A_24_P294842"
"ATXN10","A_24_P391368"
"ATXN1L","A_33_P3369969"
"ATXN2","A_23_P389907"
"ATXN2L","A_32_P155091"
"ATXN3","A_33_P3320762"
"ATXN3L","A_33_P3233025"
"ATXN7","A_33_P3320782"
"ATXN7L1","A_32_P179740"
"ATXN7L2","A_23_P317207"
"ATXN7L3","A_23_P421935"
"ATXN7L3B","A_24_P263956"
"ATXN8","A_33_P3869455"
"ATXN8OS","A_33_P3302000"
"AUH","A_23_P20852"
"AUNIP","A_23_P160537"
"AUP1","A_23_P253421"
"AURKA","A_23_P131866"
"AURKAIP1","A_33_P3240518"
"AURKAP1","A_33_P3230017"
"AURKB","A_23_P130182"
"AURKC","A_23_P50232"
"AUTS2","A_33_P3330211"
"AVIL","A_24_P419087"
"AVL9","A_24_P272967"
"AVP","A_23_P109133"
"AVPI1","A_23_P1492"
"AVPR1A","A_23_P25246"
"AVPR1B","A_23_P72340"
"AVPR2","A_23_P346800"
"AWAT1","A_32_P234518"
"AWAT2","A_33_P3359183"
"AXDND1","A_23_P356425"
"AXIN1","A_24_P22488"
"AXIN2","A_24_P298027"
"AXL","A_23_P208389"
"AZGP1","A_23_P71270"
"AZGP1P1","A_33_P3252839"
"AZI2","A_33_P3322283"
"AZIN1","A_33_P3319491"
"AZIN2","A_24_P11462"
"AZU1","A_33_P3279353"
"B3GALNT1","A_23_P41166"
"B3GALNT2","A_23_P334751"
"B3GALT2","A_33_P3286958"
"B3GALT4","A_23_P422071"
"B3GALT5-AS1","A_24_P267664"
"B3GALT6","A_33_P3407042"
"B3GAT1","A_23_P1833"
"B3GAT2","A_23_P167805"
"B3GAT3","A_33_P3225685"
"B3GLCT","A_24_P832426"
"B3GNT2","A_23_P500956"
"B3GNT3","A_23_P78980"
"B3GNT4","A_23_P76071"
"B3GNT5","A_23_P18372"
"B3GNT6","A_23_P127978"
"B3GNT7","A_24_P913716"
"B3GNT9","A_23_P66050"
"B4GALNT1","A_33_P3846177"
"B4GALNT2","A_23_P331211"
"B4GALNT3","A_24_P306892"
"B4GALNT4","A_33_P3317603"
"B4GALT1","A_23_P135271"
"B4GALT2","A_23_P149206"
"B4GALT3","A_33_P3335999"
"B4GALT4","A_32_P103945"
"B4GALT5","A_24_P239731"
"B4GALT6","A_24_P228228"
"B4GALT7","A_23_P41872"
"B9D1","A_24_P176714"
"B9D2","A_23_P218476"
"BAALC","A_23_P134663"
"BAALC-AS2","A_33_P3460043"
"BAAT","A_33_P3249224"
"BABAM1","A_23_P119714"
"BABAM2","A_33_P3371320"
"BACE1","A_23_P52806"
"BACE2","A_23_P154875"
"BACH1","A_23_P211047"
"BACH2","A_23_P30634"
"BAD","A_33_P3262043"
"BAG1","A_23_P146654"
"BAG2","A_23_P356554"
"BAG3","A_23_P47077"
"BAG4","A_23_P146217"
"BAG5","A_24_P130026"
"BAG6","A_33_P3275668"
"BAGE","A_33_P3366859"
"BAGE4","A_24_P126262"
"BAHCC1","A_23_P49539"
"BAIAP2","A_23_P61810"
"BAIAP2L1","A_33_P3262575"
"BAIAP2L2","A_23_P379034"
"BAIAP3","A_23_P163492"
"BAK1","A_23_P145357"
"BAMBI","A_23_P52207"
"BANF1","A_23_P47208"
"BANF2","A_32_P234926"
"BANP","A_23_P22263"
"BAP1","A_23_P259012"
"BARD1","A_23_P67771"
"BARHL1","A_23_P9340"
"BARHL2","A_23_P126349"
"BARX1","A_23_P32279"
"BARX2","A_23_P13083"
"BASP1","A_23_P213385"
"BASP1P1","A_33_P3340105"
"BATF","A_23_P128974"
"BATF2","A_23_P370682"
"BATF3","A_23_P160720"
"BAX","A_33_P3341144"
"BAZ1A","A_23_P76799"
"BAZ1B","A_33_P3321577"
"BAZ2A","A_23_P203841"
"BBC3","A_23_P382775"
"BBIP1","A_33_P3316983"
"BBLN","A_23_P158053"
"BBOF1","A_23_P76983"
"BBOX1","A_23_P127495"
"BBS1","A_24_P184305"
"BBS10","A_24_P181149"
"BBS12","A_32_P235796"
"BBS4","A_23_P99967"
"BBS5","A_23_P252642"
"BBS7","A_23_P252913"
"BBS9","A_23_P82351"
"BBX","A_33_P3369311"
"BCAM","A_33_P3291097"
"BCAN","A_24_P358554"
"BCAP29","A_33_P3287562"
"BCAP31","A_32_P4364"
"BCAR1","A_33_P3369034"
"BCAR3","A_23_P97394"
"BCAR4","A_32_P106933"
"BCAS1","A_33_P3330911"
"BCAS2","A_23_P34930"
"BCAS3","A_24_P100761"
"BCAS4","A_24_P143492"
"BCAT1","A_24_P935986"
"BCAT2","A_23_P101551"
"BCCIP","A_24_P30206"
"BCDIN3D","A_23_P338233"
"BCHE","A_23_P212050"
"BCKDHA","A_33_P3302305"
"BCKDHB","A_23_P93464"
"BCKDK","A_23_P3823"
"BCL10","A_33_P3392447"
"BCL11A","A_24_P402588"
"BCL11B","A_23_P205738"
"BCL2","A_33_P3355185"
"BCL2A1","A_23_P321703"
"BCL2L10","A_23_P163209"
"BCL2L11","A_24_P122921"
"BCL2L12","A_33_P3217123"
"BCL2L13","A_24_P409494"
"BCL2L15","A_33_P3373775"
"BCL2L2","A_23_P418373"
"BCL3","A_23_P4662"
"BCL6","A_23_P57856"
"BCL6B","A_23_P324813"
"BCL7A","A_24_P203056"
"BCL7B","A_23_P500364"
"BCL7C","A_33_P3210368"
"BCL9","A_23_P382602"
"BCL9L","A_33_P3405957"
"BCLAF1","A_23_P111343"
"BCLAF3","A_24_P487736"
"BCO1","A_23_P124300"
"BCO2","A_33_P3888485"
"BCOR","A_23_P159741"
"BCORL1","A_23_P147495"
"BCORP1","A_33_P3261353"
"BCR","A_24_P873764"
"BCRP2","A_24_P23951"
"BCS1L","A_23_P154086"
"BDH1","A_33_P3252359"
"BDH2","A_24_P80500"
"BDKRB1","A_23_P128744"
"BDKRB2","A_23_P304897"
"BDNF","A_23_P127891"
"BDNF-AS","A_33_P3323842"
"BDP1","A_24_P940776"
"BEAN1","A_33_P3260066"
"BECN1","A_23_P89410"
"BEGAIN","A_33_P3321205"
"BEND2","A_33_P3322539"
"BEND3","A_23_P359854"
"BEND4","A_33_P3254335"
"BEND5","A_23_P904"
"BEND6","A_33_P3329769"
"BEND7","A_23_P376188"
"BEST2","A_23_P16225"
"BEST3","A_33_P3249877"
"BEST4","A_33_P3244808"
"BET1","A_24_P269432"
"BET1L","A_24_P386639"
"BEX1","A_23_P159952"
"BEX2","A_33_P3245178"
"BEX3","A_23_P45524"
"BEX4","A_24_P40551"
"BEX5","A_32_P69849"
"BFAR","A_23_P65963"
"BFSP2","A_23_P159316"
"BGLAP","A_24_P336551"
"BGN","A_23_P34126"
"BHLHA15","A_33_P3312730"
"BHLHA9","A_33_P3372688"
"BHLHE22","A_32_P75581"
"BHLHE23","A_24_P57898"
"BHLHE40","A_24_P268676"
"BHLHE41","A_23_P139500"
"BHMT","A_24_P257511"
"BHMT2","A_24_P231829"
"BICC1","A_23_P86532"
"BICD1","A_33_P3256425"
"BICD2","A_24_P419120"
"BICDL1","A_33_P3283126"
"BICDL2","A_33_P3335590"
"BICDL3P","A_33_P3333480"
"BICRA","A_24_P31421"
"BICRAL","A_23_P350886"
"BID","A_33_P3227041"
"BIK","A_23_P404667"
"BIN1","A_23_P165333"
"BIN2","A_23_P162386"
"BIN3","A_23_P43086"
"BIRC2","A_24_P115774"
"BIRC3","A_23_P98350"
"BIRC6","A_33_P3314902"
"BIRC7","A_23_P79769"
"BIRC8","A_33_P3314937"
"BKGD","A_24_P201404"
"BLACE","A_33_P3405023"
"BLCAP","A_23_P419624"
"BLID","A_24_P50368"
"BLK","A_23_P31725"
"BLM","A_23_P88630"
"BLMH","A_23_P310911"
"BLNK","A_33_P3363637"
"BLOC1S1","A_33_P3388870"
"BLOC1S2","A_24_P295543"
"BLOC1S3","A_33_P3329597"
"BLOC1S4","A_23_P69670"
"BLOC1S5","A_24_P106591"
"BLOC1S6","A_33_P3374833"
"BLTP1","A_24_P325176"
"BLTP2","A_23_P207614"
"BLTP3A","A_33_P3313421"
"BLTP3B","A_23_P319808"
"BLVRA","A_23_P71148"
"BLVRB","A_33_P3360728"
"BLZF1","A_23_P23266"
"BMAL1","A_23_P162037"
"BMAL2","A_23_P53345"
"BMERB1","A_23_P326319"
"BMF","A_23_P379649"
"BMI1","A_24_P303989"
"BMP1","A_24_P129417"
"BMP10","A_23_P131588"
"BMP2","A_33_P3237150"
"BMP2K","A_24_P86240"
"BMP3","A_33_P3316621"
"BMP4","A_23_P54144"
"BMP5","A_23_P19723"
"BMP6","A_23_P19624"
"BMP7","A_23_P68487"
"BMP8A","A_23_P85922"
"BMP8B","A_33_P3365878"
"BMPER","A_33_P3219651"
"BMPR1A","A_33_P3219256"
"BMPR1B","A_24_P63380"
"BMPR2","A_24_P753161"
"BMS1","A_24_P263672"
"BMS1P1","A_32_P142128"
"BMS1P4","A_33_P3308497"
"BMX","A_23_P253602"
"BNC1","A_23_P22134"
"BNC2","A_32_P133916"
"BNIP1","A_23_P7655"
"BNIP2","A_33_P3227467"
"BNIP3","A_33_P3419785"
"BNIP3L","A_23_P134925"
"BNIP5","A_33_P3362311"
"BNIPL","A_33_P3400708"
"BOC","A_23_P257763"
"BOD1","A_32_P93852"
"BOD1L1","A_33_P3407195"
"BOD1L2","A_33_P3503279"
"BOK","A_23_P253029"
"BOLA1","A_33_P3354151"
"BOLA2B","A_33_P3234487"
"BOLA3","A_24_P77364"
"BOLL","A_32_P411945"
"BOP1","A_23_P43800"
"BORA","A_23_P25626"
"BORCS5","A_23_P257593"
"BORCS6","A_23_P152963"
"BORCS7","A_23_P305140"
"BORCS8","A_24_P914940"
"BPESC1","A_23_P254558"
"BPGM","A_23_P70843"
"BPHL","A_23_P42087"
"BPI","A_23_P131785"
"BPIFA1","A_33_P3245228"
"BPIFA2","A_33_P3419885"
"BPIFA3","A_23_P132004"
"BPIFA4P","A_24_P194278"
"BPIFB1","A_23_P154784"
"BPIFB2","A_23_P254797"
"BPIFB3","A_23_P57222"
"BPIFB4","A_23_P80027"
"BPIFB6","A_32_P539109"
"BPIFC","A_33_P3292064"
"BPNT1","A_24_P122636"
"BPNT2","A_24_P166789"
"BPTF","A_24_P104538"
"BPY2B","A_23_P45598"
"BRAP","A_23_P53614"
"BRAT1","A_23_P251893"
"BRCA1","A_23_P207400"
"BRCC3","A_23_P217659"
"BRD1","A_23_P166536"
"BRD10","A_23_P157758"
"BRD2","A_24_P307014"
"BRD3","A_33_P3240674"
"BRD3OS","A_32_P116058"
"BRD4","A_33_P3373750"
"BRD7","A_32_P18824"
"BRD7P3","A_33_P3313660"
"BRD8","A_23_P145016"
"BRD9","A_23_P19004"
"BRDT","A_23_P136589"
"BRF1","A_33_P3413463"
"BRF2","A_23_P20480"
"BRI3","A_23_P122915"
"BRI3BP","A_32_P831181"
"BRICD5","A_33_P3336198"
"BRINP1","A_23_P94517"
"BRINP2","A_23_P35277"
"BRIP1","A_23_P15844"
"BRIX1","A_23_P252855"
"BRK1","A_23_P420361"
"BRME1","A_23_P164814"
"BRMS1","A_23_P75500"
"BRMS1L","A_24_P56484"
"BROX","A_23_P359636"
"BRPF1","A_23_P250948"
"BRPF3","A_24_P414712"
"BRS3","A_23_P33961"
"BRSK1","A_23_P89973"
"BRSK2","A_24_P326708"
"BRWD1","A_24_P190541"
"BRWD3","A_32_P489130"
"BSCL2","A_24_P244442"
"BSDC1","A_23_P11705"
"BSG","A_24_P134266"
"BSN","A_23_P29735"
"BSND","A_23_P23029"
"BSPH1","A_33_P3320743"
"BSPRY","A_23_P71946"
"BST1","A_23_P7325"
"BST2","A_33_P3220911"
"BSX","A_33_P3311210"
"BTAF1","A_23_P408675"
"BTBD1","A_23_P205830"
"BTBD10","A_23_P13438"
"BTBD16","A_23_P383915"
"BTBD17","A_33_P3391915"
"BTBD18","A_33_P3861249"
"BTBD19","A_33_P3354823"
"BTBD2","A_33_P3303066"
"BTBD3","A_24_P134356"
"BTBD6","A_23_P99614"
"BTBD7","A_24_P721898"
"BTBD8","A_23_P332584"
"BTBD9","A_32_P94722"
"BTC","A_23_P135722"
"BTD","A_23_P155351"
"BTF3","A_24_P183264"
"BTF3L4","A_33_P3365616"
"BTG1","A_23_P87560"
"BTG2","A_23_P62901"
"BTG3","A_23_P80068"
"BTG4","A_23_P47322"
"BTK","A_33_P3277514"
"BTLA","A_33_P3358923"
"BTN1A1","A_33_P3370959"
"BTN2A1","A_33_P3332885"
"BTN2A2","A_23_P122439"
"BTN2A3P","A_24_P136470"
"BTN3A1","A_24_P329065"
"BTN3A2","A_24_P252078"
"BTNL10P","A_24_P42039"
"BTNL2","A_23_P376686"
"BTNL3","A_23_P158297"
"BTNL8","A_23_P7412"
"BTNL9","A_33_P3312466"
"BTRC","A_23_P46819"
"BUB1","A_23_P124417"
"BUB1B","A_23_P163481"
"BUB3","A_23_P320658"
"BUD13","A_23_P52826"
"BUD23","A_33_P3414487"
"BUD31","A_23_P31602"
"BYSL","A_23_P145197"
"BZW1","A_24_P713668"
"BZW2","A_23_P157215"
"C10orf105","A_33_P3322999"
"C10orf120","A_33_P3287477"
"C10orf53","A_33_P3325547"
"C10orf55","A_33_P3666817"
"C10orf62","A_24_P333635"
"C10orf67","A_33_P3376806"
"C10orf71","A_33_P3358143"
"C10orf88","A_33_P3360823"
"C10orf90","A_33_P3284132"
"C10orf95","A_23_P138480"
"C11orf16","A_23_P13486"
"C11orf21","A_33_P3377229"
"C11orf24","A_23_P12911"
"C11orf40","A_23_P314672"
"C11orf42","A_32_P511713"
"C11orf52","A_33_P3396886"
"C11orf58","A_33_P3309636"
"C11orf65","A_23_P418485"
"C11orf68","A_23_P150238"
"C11orf71","A_24_P210082"
"C11orf86","A_32_P524904"
"C11orf87","A_33_P3235721"
"C11orf91","A_33_P3409746"
"C11orf96","A_32_P74409"
"C12orf42","A_32_P133767"
"C12orf43","A_23_P151179"
"C12orf50","A_33_P3288431"
"C12orf54","A_23_P405878"
"C12orf56","A_32_P158786"
"C12orf57","A_23_P350551"
"C12orf60","A_23_P364544"
"C12orf71","A_33_P3357630"
"C12orf75","A_32_P163089"
"C12orf76","A_23_P410312"
"C14orf119","A_24_P73535"
"C14orf132","A_23_P151529"
"C14orf180","A_33_P3355708"
"C14orf39","A_23_P331196"
"C14orf93","A_23_P48581"
"C15orf32","A_23_P372356"
"C15orf39","A_23_P37514"
"C15orf40","A_32_P99902"
"C15orf61","A_33_P3219055"
"C15orf62","A_33_P3396275"
"C16orf46","A_23_P410700"
"C16orf54","A_33_P3227443"
"C16orf78","A_32_P221"
"C16orf82","A_33_P3561747"
"C16orf86","A_32_P178499"
"C16orf87","A_23_P49279"
"C16orf89","A_33_P3296862"
"C16orf90","A_33_P3295690"
"C16orf95","A_23_P89030"
"C17orf100","A_32_P150391"
"C17orf107","A_33_P3272948"
"C17orf50","A_33_P3229002"
"C17orf58","A_24_P49190"
"C17orf67","A_24_P712562"
"C17orf75","A_23_P15639"
"C17orf78","A_23_P335388"
"C17orf99","A_33_P3384133"
"C18orf15","A_33_P3417667"
"C18orf32","A_24_P271049"
"C18orf54","A_32_P162374"
"C18orf63","A_33_P3416291"
"C19orf12","A_33_P3300680"
"C19orf18","A_23_P303803"
"C19orf25","A_23_P424597"
"C19orf33","A_23_P208788"
"C19orf38","A_33_P3411945"
"C19orf44","A_23_P107801"
"C19orf47","A_32_P505133"
"C19orf48P","A_33_P3288754"
"C19orf53","A_33_P3409347"
"C19orf73","A_23_P153524"
"C1D","A_23_P67992"
"C1GALT1","A_23_P252145"
"C1GALT1C1","A_23_P159839"
"C1QA","A_24_P222655"
"C1QB","A_23_P137366"
"C1QBP","A_23_P370434"
"C1QC","A_23_P125977"
"C1QL1","A_23_P77993"
"C1QL2","A_23_P50928"
"C1QL4","A_33_P3400843"
"C1QTNF1","A_23_P3956"
"C1QTNF12","A_32_P75792"
"C1QTNF2","A_33_P3403153"
"C1QTNF4","A_33_P3210492"
"C1QTNF5","A_23_P259292"
"C1QTNF6","A_24_P211565"
"C1QTNF7","A_32_P190769"
"C1QTNF8","A_33_P3291034"
"C1QTNF9","A_33_P3357002"
"C1QTNF9B","A_33_P3357007"
"C1R","A_33_P3393821"
"C1RL","A_23_P363968"
"C1RL-AS1","A_33_P3365408"
"C1S","A_23_P2492"
"C1orf105","A_23_P46584"
"C1orf115","A_24_P131173"
"C1orf116","A_23_P897"
"C1orf122","A_24_P637982"
"C1orf141","A_33_P3395562"
"C1orf146","A_33_P3361023"
"C1orf159","A_33_P3416772"
"C1orf162","A_23_P412562"
"C1orf174","A_24_P298877"
"C1orf185","A_33_P3295278"
"C1orf198","A_32_P42574"
"C1orf21","A_24_P173754"
"C1orf210","A_32_P42946"
"C1orf216","A_23_P321377"
"C1orf220","A_33_P3259865"
"C1orf226","A_24_P925737"
"C1orf35","A_23_P97328"
"C1orf50","A_23_P74435"
"C1orf52","A_24_P195037"
"C1orf53","A_32_P210572"
"C1orf54","A_23_P74778"
"C1orf56","A_24_P234116"
"C1orf87","A_23_P386384"
"C1orf94","A_23_P160297"
"C2","A_32_P162187"
"C20orf141","A_33_P3251462"
"C20orf144","A_33_P3399875"
"C20orf173","A_23_P57248"
"C20orf202","A_32_P213881"
"C20orf203","A_32_P509677"
"C20orf204","A_33_P3403082"
"C20orf96","A_23_P328034"
"C21orf58","A_23_P132139"
"C21orf91","A_24_P125839"
"C21orf91-OT1","A_33_P3506553"
"C22orf15","A_32_P142700"
"C22orf23","A_24_P336137"
"C22orf31","A_23_P132237"
"C22orf39","A_24_P922357"
"C22orf42","A_33_P3212804"
"C22orf46P","A_23_P132341"
"C2CD2","A_24_P940149"
"C2CD2L","A_23_P353056"
"C2CD3","A_23_P150741"
"C2CD4A","A_33_P3356462"
"C2CD4B","A_24_P788878"
"C2CD4C","A_33_P3215412"
"C2CD4D","A_33_P3240244"
"C2CD5","A_23_P367628"
"C2orf15","A_33_P3216853"
"C2orf42","A_23_P79441"
"C2orf49","A_33_P3386132"
"C2orf66","A_32_P223464"
"C2orf68","A_33_P3404959"
"C2orf69","A_24_P413941"
"C2orf72","A_33_P3227676"
"C2orf74","A_24_P601972"
"C2orf76","A_23_P39542"
"C2orf78","A_24_P170403"
"C2orf80","A_32_P199462"
"C2orf81","A_23_P131449"
"C3","A_23_P101407"
"C3AR1","A_23_P2431"
"C3P1","A_32_P14582"
"C3orf18","A_23_P155477"
"C3orf20","A_23_P361333"
"C3orf22","A_23_P395585"
"C3orf36","A_33_P3238548"
"C3orf38","A_23_P32785"
"C3orf49","A_23_P362810"
"C3orf52","A_23_P58009"
"C3orf62","A_32_P831725"
"C3orf70","A_33_P3254811"
"C4B","A_23_P42282"
"C4BPA","A_23_P97541"
"C4BPB","A_23_P319598"
"C4orf17","A_23_P167298"
"C4orf33","A_23_P433152"
"C4orf36","A_23_P377339"
"C4orf46","A_33_P3344243"
"C4orf50","A_33_P3237507"
"C4orf51","A_33_P3236436"
"C5","A_23_P71855"
"C5AR1","A_23_P153562"
"C5AR2","A_33_P3223002"
"C5orf15","A_23_P81650"
"C5orf22","A_23_P7761"
"C5orf24","A_33_P3348797"
"C5orf34","A_23_P403081"
"C5orf46","A_33_P3392052"
"C5orf47","A_24_P410721"
"C5orf52","A_32_P227930"
"C5orf58","A_24_P922631"
"C5orf63","A_33_P3296198"
"C6","A_23_P92928"
"C6orf118","A_32_P85106"
"C6orf120","A_33_P3368675"
"C6orf132","A_32_P218355"
"C6orf136","A_23_P300826"
"C6orf141","A_33_P3847514"
"C6orf147","A_33_P3248842"
"C6orf15","A_24_P72364"
"C6orf163","A_33_P3422374"
"C6orf52","A_23_P410224"
"C6orf58","A_23_P93602"
"C6orf62","A_23_P42514"
"C6orf89","A_33_P3215023"
"C7","A_23_P213857"
"C7orf25","A_24_P300483"
"C7orf33","A_23_P405161"
"C7orf57","A_32_P3955"
"C8A","A_23_P46639"
"C8B","A_33_P3423854"
"C8G","A_33_P3262020"
"C8orf33","A_24_P88031"
"C8orf34","A_32_P934840"
"C8orf44","A_23_P168965"
"C8orf44-SGK3","A_33_P3375613"
"C8orf48","A_33_P3269000"
"C8orf58","A_33_P3410849"
"C8orf74","A_33_P3416513"
"C8orf76","A_23_P31747"
"C8orf82","A_33_P3387050"
"C9","A_32_P203917"
"C9orf152","A_33_P3236676"
"C9orf153","A_33_P3274528"
"C9orf163","A_23_P331092"
"C9orf40","A_23_P43425"
"C9orf43","A_23_P320862"
"C9orf50","A_23_P406785"
"C9orf57","A_24_P734268"
"C9orf72","A_23_P405873"
"C9orf78","A_23_P9443"
"C9orf85","A_32_P44775"
"CA1","A_23_P168916"
"CA10","A_23_P207461"
"CA11","A_23_P78782"
"CA12","A_24_P330518"
"CA13","A_23_P381714"
"CA14","A_23_P63379"
"CA2","A_23_P8913"
"CA3","A_23_P20316"
"CA4","A_23_P4096"
"CA5A","A_24_P540057"
"CA5B","A_24_P941268"
"CA5BP1","A_33_P3316061"
"CA6","A_33_P3334398"
"CA7","A_23_P106656"
"CA8","A_23_P83838"
"CA9","A_23_P157793"
"CAAP1","A_33_P3220242"
"CAB39","A_23_P79426"
"CAB39L","A_24_P56363"
"CABCOCO1","A_32_P8156"
"CABIN1","A_24_P336113"
"CABLES1","A_23_P422851"
"CABLES2","A_23_P307761"
"CABP1","A_23_P411761"
"CABP2","A_24_P241057"
"CABP4","A_23_P308021"
"CABP5","A_23_P21747"
"CABP7","A_33_P3348061"
"CABS1","A_24_P388662"
"CABYR","A_23_P314712"
"CACFD1","A_33_P3218625"
"CACHD1","A_24_P943922"
"CACNA1A","A_33_P3275846"
"CACNA1B","A_32_P153773"
"CACNA1C","A_23_P373031"
"CACNA1D","A_23_P365767"
"CACNA1E","A_33_P3228612"
"CACNA1F","A_23_P148327"
"CACNA1G","A_23_P107247"
"CACNA1H","A_33_P3218960"
"CACNA1I","A_33_P3350566"
"CACNA1S","A_23_P85765"
"CACNA2D1","A_23_P82379"
"CACNA2D2","A_23_P346900"
"CACNA2D3","A_33_P3373259"
"CACNA2D4","A_23_P353014"
"CACNB1","A_24_P91165"
"CACNB2","A_33_P3363271"
"CACNB3","A_23_P204016"
"CACNB4","A_33_P3221989"
"CACNG1","A_23_P89302"
"CACNG2","A_23_P84000"
"CACNG3","A_23_P66180"
"CACNG4","A_24_P70303"
"CACNG5","A_23_P414328"
"CACNG6","A_23_P501933"
"CACNG7","A_24_P365349"
"CACNG8","A_23_P420218"
"CACTIN","A_23_P372144"
"CACTIN-AS1","A_33_P3249649"
"CACUL1","A_33_P3377619"
"CACYBP","A_32_P114574"
"CAD","A_23_P40049"
"CADM1","A_33_P3421913"
"CADM2","A_33_P3353210"
"CADM3","A_33_P3421923"
"CADM4","A_23_P5064"
"CADPS","A_23_P69326"
"CADPS2","A_33_P3354001"
"CAGE1","A_33_P3326777"
"CALB1","A_23_P43197"
"CALB2","A_23_P21092"
"CALCA","A_24_P198178"
"CALCOCO1","A_23_P98995"
"CALCOCO2","A_24_P330773"
"CALCR","A_23_P134484"
"CALCRL","A_33_P3306103"
"CALD1","A_24_P921366"
"CALHM1","A_32_P812268"
"CALHM2","A_23_P202219"
"CALHM3","A_33_P3241204"
"CALHM4","A_33_P3270104"
"CALHM5","A_32_P120043"
"CALHM6","A_23_P7827"
"CALM1","A_24_P313186"
"CALM2","A_23_P326170"
"CALM3","A_23_P4944"
"CALML3","A_23_P393080"
"CALML4","A_23_P129188"
"CALML5","A_33_P3339865"
"CALML6","A_23_P62588"
"CALN1","A_24_P380567"
"CALR","A_33_P3292854"
"CALR3","A_23_P27538"
"CALY","A_33_P3318646"
"CAMK1","A_23_P121215"
"CAMK1D","A_32_P208120"
"CAMK1G","A_23_P97402"
"CAMK2A","A_33_P3274647"
"CAMK2B","A_23_P42882"
"CAMK2D","A_23_P144458"
"CAMK2G","A_24_P141332"
"CAMK2N2","A_33_P3244283"
"CAMK4","A_23_P250347"
"CAMKK1","A_23_P431933"
"CAMKK2","A_23_P408830"
"CAMKMT","A_33_P3241657"
"CAMKV","A_33_P3291796"
"CAMLG","A_24_P234856"
"CAMP","A_23_P253791"
"CAMSAP1","A_23_P32054"
"CAMSAP2","A_33_P3242099"
"CAMSAP3","A_23_P394043"
"CAMTA1","A_32_P4985"
"CAMTA2","A_23_P365189"
"CAND1","A_24_P47681"
"CAND2","A_23_P250102"
"CANT1","A_23_P26759"
"CANX","A_33_P3325131"
"CAP1","A_24_P62615"
"CAP2","A_33_P3739260"
"CAPG","A_33_P3389634"
"CAPN1","A_23_P138835"
"CAPN10","A_23_P341349"
"CAPN11","A_23_P7853"
"CAPN12","A_24_P79040"
"CAPN13","A_23_P101972"
"CAPN14","A_32_P167076"
"CAPN15","A_24_P282210"
"CAPN2","A_23_P23924"
"CAPN3","A_23_P218190"
"CAPN5","A_33_P3393170"
"CAPN6","A_23_P217570"
"CAPN7","A_33_P3393175"
"CAPN8","A_23_P94782"
"CAPN9","A_23_P149427"
"CAPNS1","A_23_P67648"
"CAPNS2","A_23_P152406"
"CAPRIN1","A_33_P3302115"
"CAPRIN2","A_23_P87532"
"CAPS","A_24_P313993"
"CAPS2","A_32_P209208"
"CAPSL","A_23_P133536"
"CAPZA1","A_24_P310894"
"CAPZA2","A_33_P3322353"
"CAPZA3","A_23_P87727"
"CAPZB","A_33_P3235568"
"CARD10","A_23_P434890"
"CARD11","A_23_P82324"
"CARD14","A_33_P3228315"
"CARD16","A_23_P64173"
"CARD17P","A_24_P192805"
"CARD18","A_23_P86975"
"CARD19","A_23_P146367"
"CARD6","A_23_P41854"
"CARD8","A_24_P14260"
"CARD9","A_23_P500433"
"CARF","A_33_P3323218"
"CARHSP1","A_33_P3260307"
"CARINH","A_33_P3388983"
"CARM1","A_33_P3256785"
"CARMIL1","A_23_P19369"
"CARMIL2","A_33_P3236591"
"CARMIL3","A_23_P382488"
"CARNMT1","A_23_P306346"
"CARNS1","A_23_P344884"
"CARS1","A_24_P95439"
"CARS2","A_23_P128624"
"CARTPT","A_23_P167493"
"CASC2","A_33_P3213362"
"CASC3","A_23_P374288"
"CASD1","A_24_P69379"
"CASK","A_32_P168464"
"CASKIN1","A_33_P3349552"
"CASKIN2","A_23_P44363"
"CASP1","A_23_P202978"
"CASP10","A_33_P3504659"
"CASP12","A_23_P13102"
"CASP14","A_23_P90407"
"CASP2","A_23_P387943"
"CASP3","A_33_P3278118"
"CASP4","A_23_P35912"
"CASP5","A_23_P47304"
"CASP6","A_23_P500799"
"CASP7","A_23_P12572"
"CASP8","A_24_P157087"
"CASP8AP2","A_33_P3382959"
"CASP9","A_23_P97309"
"CASQ1","A_23_P173"
"CASQ2","A_23_P126582"
"CASR","A_33_P3280646"
"CASS4","A_33_P3228931"
"CAST","A_23_P434352"
"CASTOR1","A_33_P3227716"
"CASTOR3P","A_33_P3419691"
"CASZ1","A_33_P3338300"
"CATIP","A_33_P3383236"
"CATSPER1","A_23_P52676"
"CATSPER2","A_23_P88489"
"CATSPER3","A_23_P393749"
"CATSPER4","A_24_P786388"
"CATSPERB","A_23_P77043"
"CATSPERD","A_33_P3335257"
"CATSPERE","A_33_P3394243"
"CATSPERG","A_33_P3620488"
"CATSPERQ","A_24_P298587"
"CATSPERT","A_23_P328642"
"CATSPERZ","A_23_P202773"
"CAV1","A_24_P12626"
"CAV2","A_24_P925040"
"CAV3","A_24_P251599"
"CAVIN1","A_33_P3280066"
"CAVIN2","A_23_P72668"
"CAVIN3","A_23_P203475"
"CAVIN4","A_33_P3335147"
"CBARP","A_33_P3361398"
"CBFA2T2","A_33_P3265956"
"CBFA2T3","A_23_P500741"
"CBL","A_33_P3256033"
"CBLB","A_23_P212715"
"CBLC","A_23_P397910"
"CBLIF","A_23_P52974"
"CBLL1","A_23_P146004"
"CBLL2","A_23_P431912"
"CBLN1","A_24_P313431"
"CBLN2","A_23_P15889"
"CBLN3","A_33_P3412900"
"CBLN4","A_33_P3385516"
"CBR1","A_23_P29046"
"CBR3","A_23_P40453"
"CBR4","A_33_P3234804"
"CBS","A_23_P166306"
"CBX1","A_24_P296568"
"CBX2","A_33_P3423949"
"CBX3","A_23_P31315"
"CBX4","A_23_P89621"
"CBX5","A_24_P664995"
"CBX6","A_33_P3270485"
"CBX7","A_23_P250735"
"CBX8","A_23_P55421"
"CBY1","A_24_P74571"
"CBY2","A_32_P56604"
"CBY3","A_32_P107282"
"CC2D1A","A_23_P55873"
"CC2D1B","A_24_P76740"
"CC2D2A","A_23_P348383"
"CC2D2B","A_33_P3358148"
"CCAR2","A_23_P31686"
"CCBE1","A_23_P55544"
"CCDC102A","A_23_P65983"
"CCDC102B","A_23_P44466"
"CCDC106","A_33_P3379726"
"CCDC107","A_33_P3312877"
"CCDC110","A_23_P383325"
"CCDC112","A_33_P3828101"
"CCDC116","A_23_P342108"
"CCDC117","A_23_P432034"
"CCDC12","A_23_P372334"
"CCDC120","A_23_P73540"
"CCDC121","A_23_P5742"
"CCDC122","A_32_P213661"
"CCDC124","A_33_P3417141"
"CCDC125","A_23_P432591"
"CCDC126","A_23_P168592"
"CCDC127","A_23_P41976"
"CCDC13","A_33_P3328716"
"CCDC134","A_24_P194420"
"CCDC136","A_33_P3287825"
"CCDC137","A_24_P230176"
"CCDC138","A_23_P311144"
"CCDC14","A_23_P384056"
"CCDC140","A_23_P429478"
"CCDC141","A_33_P3348884"
"CCDC142","A_23_P424712"
"CCDC144A","A_33_P3390580"
"CCDC144NL","A_33_P3356230"
"CCDC146","A_23_P168771"
"CCDC148","A_23_P411825"
"CCDC149","A_33_P3225843"
"CCDC15","A_23_P44942"
"CCDC150","A_24_P157156"
"CCDC152","A_33_P3424364"
"CCDC154","A_33_P3283828"
"CCDC157","A_33_P3213767"
"CCDC158","A_33_P3238032"
"CCDC159","A_24_P75920"
"CCDC160","A_33_P3418005"
"CCDC163","A_33_P3338674"
"CCDC166","A_24_P937790"
"CCDC167","A_33_P3260100"
"CCDC169","A_33_P3296119"
"CCDC17","A_33_P3351686"
"CCDC170","A_33_P3412087"
"CCDC171","A_32_P395879"
"CCDC172","A_33_P3291454"
"CCDC174","A_33_P3362521"
"CCDC175","A_33_P3250865"
"CCDC177","A_24_P232790"
"CCDC178","A_33_P3238533"
"CCDC18","A_33_P3327165"
"CCDC180","A_32_P180315"
"CCDC181","A_23_P468"
"CCDC183","A_33_P3293511"
"CCDC184","A_23_P344194"
"CCDC185","A_23_P369344"
"CCDC186","A_24_P942694"
"CCDC190","A_24_P6370"
"CCDC191","A_23_P419213"
"CCDC196","A_32_P58513"
"CCDC197","A_33_P3240063"
"CCDC198","A_23_P3065"
"CCDC22","A_23_P114144"
"CCDC24","A_24_P379353"
"CCDC25","A_23_P71300"
"CCDC27","A_23_P381478"
"CCDC28A","A_23_P31085"
"CCDC28B","A_23_P62764"
"CCDC3","A_24_P369232"
"CCDC30","A_24_P349196"
"CCDC32","A_32_P98975"
"CCDC33","A_33_P3271725"
"CCDC34","A_33_P3313796"
"CCDC38","A_32_P54037"
"CCDC39","A_32_P404549"
"CCDC40","A_33_P3302518"
"CCDC42","A_23_P402176"
"CCDC43","A_24_P39724"
"CCDC47","A_24_P61864"
"CCDC50","A_24_P910733"
"CCDC51","A_23_P69362"
"CCDC57","A_33_P3351664"
"CCDC59","A_33_P3402570"
"CCDC6","A_32_P184279"
"CCDC60","A_33_P3291244"
"CCDC61","A_23_P400147"
"CCDC62","A_23_P2258"
"CCDC63","A_23_P345175"
"CCDC66","A_23_P396981"
"CCDC68","A_23_P363255"
"CCDC69","A_33_P3355247"
"CCDC7","A_33_P3385842"
"CCDC70","A_23_P2857"
"CCDC71","A_23_P61524"
"CCDC73","A_24_P680657"
"CCDC74B","A_23_P381102"
"CCDC77","A_23_P99172"
"CCDC78","A_33_P3246613"
"CCDC8","A_23_P164958"
"CCDC80","A_23_P58082"
"CCDC81","A_23_P128008"
"CCDC82","A_23_P312246"
"CCDC83","A_23_P356667"
"CCDC85A","A_23_P349566"
"CCDC85B","A_23_P150249"
"CCDC85C","A_23_P37391"
"CCDC86","A_23_P161918"
"CCDC87","A_33_P3351735"
"CCDC88A","A_24_P20120"
"CCDC88B","A_23_P24384"
"CCDC88C","A_23_P379945"
"CCDC89","A_24_P192988"
"CCDC9","A_33_P3345936"
"CCDC90B","A_23_P162127"
"CCDC91","A_23_P162279"
"CCDC92","A_23_P98900"
"CCDC93","A_23_P79661"
"CCDC97","A_23_P398044"
"CCDC9B","A_23_P163467"
"CCER1","A_33_P3297375"
"CCHCR1","A_23_P145330"
"CCIN","A_23_P60227"
"CCK","A_23_P425681"
"CCKAR","A_23_P41395"
"CCKBR","A_23_P162010"
"CCL1","A_23_P49759"
"CCL11","A_23_P66635"
"CCL13","A_24_P125335"
"CCL14","A_23_P218369"
"CCL15","A_33_P3324004"
"CCL16","A_33_P3292478"
"CCL17","A_23_P26325"
"CCL18","A_23_P55270"
"CCL19","A_23_P123853"
"CCL20","A_23_P17065"
"CCL21","A_33_P3285945"
"CCL22","A_24_P313418"
"CCL23","A_24_P133905"
"CCL24","A_23_P215491"
"CCL25","A_23_P55828"
"CCL26","A_23_P215484"
"CCL27","A_23_P135248"
"CCL28","A_23_P503072"
"CCL3","A_33_P3316273"
"CCL3L3","A_24_P228130"
"CCL4","A_23_P207564"
"CCL5","A_23_P152838"
"CCL7","A_23_P78037"
"CCL8","A_23_P207456"
"CCM2","A_33_P3209476"
"CCM2L","A_33_P3380772"
"CCN1","A_23_P46429"
"CCN2","A_23_P19663"
"CCN3","A_23_P82929"
"CCN4","A_23_P169097"
"CCN5","A_23_P102611"
"CCN6","A_23_P81676"
"CCNA1","A_23_P48414"
"CCNA2","A_23_P58321"
"CCNB1","A_33_P3401621"
"CCNB1IP1","A_23_P76882"
"CCNB2","A_23_P65757"
"CCNB3","A_23_P171107"
"CCNC","A_23_P145397"
"CCND2","A_24_P278747"
"CCND3","A_23_P361773"
"CCNDBP1","A_33_P3392977"
"CCNE1","A_23_P209200"
"CCNE2","A_33_P3247022"
"CCNF","A_24_P193592"
"CCNG1","A_23_P58606"
"CCNG2","A_24_P80532"
"CCNH","A_23_P30338"
"CCNI","A_23_P69521"
"CCNI2","A_33_P3305780"
"CCNJ","A_23_P24176"
"CCNJL","A_23_P7684"
"CCNK","A_24_P348925"
"CCNL1","A_33_P3347928"
"CCNL2","A_24_P51588"
"CCNO","A_23_P92860"
"CCNP","A_33_P3315331"
"CCNQ","A_23_P404005"
"CCNQP1","A_33_P3335606"
"CCNT1","A_23_P87575"
"CCNT2","A_24_P174341"
"CCNY","A_23_P300905"
"CCNYL1","A_24_P734720"
"CCP110","A_24_P373286"
"CCPG1","A_23_P346006"
"CCR1","A_24_P148717"
"CCR10","A_33_P3221303"
"CCR2","A_23_P212354"
"CCR3","A_23_P250302"
"CCR4","A_23_P72989"
"CCR6","A_33_P3313929"
"CCR7","A_23_P343398"
"CCR8","A_23_P69012"
"CCR9","A_33_P3395595"
"CCRL2","A_23_P69310"
"CCS","A_23_P127475"
"CCSAP","A_33_P3359753"
"CCSER1","A_33_P3343365"
"CCSER2","A_33_P3214314"
"CCT3","A_23_P160631"
"CCT4","A_33_P3229397"
"CCT5","A_24_P328872"
"CCT6A","A_32_P54544"
"CCT6B","A_23_P4082"
"CCT8","A_23_P102876"
"CCT8L2","A_23_P29110"
"CCZ1","A_24_P377489"
"CD101","A_24_P131066"
"CD109","A_23_P331928"
"CD14","A_33_P3284508"
"CD151","A_33_P3229196"
"CD160","A_23_P354341"
"CD163","A_23_P33723"
"CD163L1","A_23_P61466"
"CD164","A_23_P254756"
"CD164L2","A_33_P3417437"
"CD177","A_23_P259863"
"CD180","A_23_P257815"
"CD1A","A_23_P402670"
"CD1B","A_23_P351844"
"CD1C","A_33_P3273474"
"CD1D","A_33_P3235531"
"CD1E","A_23_P310410"
"CD2","A_23_P161076"
"CD200","A_33_P3370575"
"CD200R1","A_23_P41217"
"CD207","A_23_P39790"
"CD209","A_24_P305345"
"CD22","A_23_P209055"
"CD226","A_33_P3413558"
"CD24","A_33_P3369844"
"CD244","A_23_P85453"
"CD247","A_23_P34676"
"CD248","A_33_P3337485"
"CD27","A_23_P48088"
"CD274","A_23_P338479"
"CD276","A_33_P3222917"
"CD28","A_23_P91095"
"CD2AP","A_32_P155811"
"CD2BP2","A_24_P236522"
"CD300A","A_23_P207037"
"CD300C","A_23_P26771"
"CD300E","A_33_P3358099"
"CD300LB","A_23_P15369"
"CD300LD","A_24_P930975"
"CD300LD-AS1","A_23_P411235"
"CD300LF","A_23_P55020"
"CD300LG","A_24_P305050"
"CD302","A_24_P396702"
"CD320","A_23_P119698"
"CD33","A_23_P331748"
"CD34","A_23_P23829"
"CD37","A_24_P82749"
"CD38","A_23_P167328"
"CD3D","A_33_P3375541"
"CD3E","A_23_P416747"
"CD3G","A_23_P98410"
"CD4","A_24_P295999"
"CD40","A_33_P3245439"
"CD40LG","A_33_P3250680"
"CD44","A_33_P3294509"
"CD46","A_23_P35230"
"CD47","A_23_P6935"
"CD48","A_32_P175934"
"CD5","A_33_P3298990"
"CD52","A_23_P85800"
"CD53","A_23_P74547"
"CD55","A_24_P188377"
"CD58","A_33_P3289356"
"CD59","A_24_P784765"
"CD5L","A_23_P126584"
"CD6","A_23_P311875"
"CD63","A_24_P270144"
"CD68","A_23_P15394"
"CD69","A_23_P87879"
"CD7","A_33_P3226995"
"CD70","A_33_P3243449"
"CD72","A_33_P3417222"
"CD74","A_23_P70095"
"CD79A","A_23_P107735"
"CD79B","A_23_P207201"
"CD80","A_24_P320033"
"CD81","A_33_P3373375"
"CD82","A_23_P1782"
"CD83","A_23_P70670"
"CD84","A_24_P362193"
"CD86","A_24_P131589"
"CD8A","A_32_P163247"
"CD8B","A_23_P159335"
"CD9","A_23_P76364"
"CD93","A_32_P56001"
"CD96","A_23_P44155"
"CD99","A_24_P70993"
"CD99L2","A_23_P253052"
"CD99P1","A_24_P68222"
"CDA","A_23_P34597"
"CDADC1","A_33_P3419545"
"CDAN1","A_23_P349127"
"CDC123","A_24_P303974"
"CDC14A","A_23_P405110"
"CDC14B","A_33_P3231557"
"CDC14C","A_33_P3296067"
"CDC16","A_33_P3392325"
"CDC20","A_23_P149200"
"CDC20B","A_33_P3397383"
"CDC23","A_23_P133629"
"CDC25A","A_24_P397107"
"CDC25B","A_23_P210726"
"CDC25C","A_23_P70249"
"CDC26","A_32_P228501"
"CDC27","A_23_P66777"
"CDC34","A_23_P164999"
"CDC37","A_23_P130531"
"CDC37L1","A_33_P3377045"
"CDC40","A_24_P414786"
"CDC42","A_23_P200560"
"CDC42BPA","A_24_P944299"
"CDC42BPB","A_23_P380766"
"CDC42BPG","A_33_P3264224"
"CDC42EP1","A_33_P3407424"
"CDC42EP2","A_23_P1602"
"CDC42EP3","A_33_P3331307"
"CDC42EP4","A_23_P66891"
"CDC42EP5","A_33_P3342235"
"CDC42SE1","A_23_P320887"
"CDC42SE2","A_24_P409042"
"CDC45","A_23_P57379"
"CDC50A","A_33_P3244669"
"CDC50B","A_32_P129752"
"CDC50CP","A_33_P3225357"
"CDC5L","A_23_P156471"
"CDC6","A_33_P3218450"
"CDC7","A_23_P148807"
"CDC73","A_33_P3219770"
"CDCA2","A_23_P385861"
"CDCA3","A_24_P218979"
"CDCA4","A_24_P133488"
"CDCA5","A_33_P3277575"
"CDCA7","A_23_P251421"
"CDCA7L","A_24_P274795"
"CDCA8","A_23_P375"
"CDCP1","A_24_P160401"
"CDCP2","A_33_P3259522"
"CDH10","A_23_P144656"
"CDH11","A_23_P152305"
"CDH12","A_32_P10936"
"CDH13","A_32_P85999"
"CDH15","A_32_P25357"
"CDH16","A_23_P100240"
"CDH18","A_23_P84118"
"CDH19","A_23_P38735"
"CDH2","A_33_P3214159"
"CDH20","A_23_P55586"
"CDH22","A_23_P40192"
"CDH23","A_23_P364437"
"CDH24","A_33_P3396492"
"CDH26","A_23_P502957"
"CDH3","A_23_P49155"
"CDH4","A_23_P17593"
"CDH5","A_33_P3728167"
"CDH6","A_23_P214011"
"CDH7","A_24_P382287"
"CDH8","A_23_P140797"
"CDH9","A_23_P92999"
"CDHR1","A_23_P149946"
"CDHR2","A_23_P133338"
"CDHR3","A_32_P204239"
"CDHR4","A_33_P3396537"
"CDHR5","A_23_P202683"
"CDIN1","A_23_P77201"
"CDIP1","A_33_P3400943"
"CDIPT","A_23_P501339"
"CDK10","A_33_P3230688"
"CDK11A","A_33_P3227264"
"CDK11B","A_33_P3313595"
"CDK12","A_24_P198820"
"CDK13","A_23_P215296"
"CDK14","A_24_P29733"
"CDK15","A_23_P154050"
"CDK16","A_33_P3341239"
"CDK17","A_33_P3341224"
"CDK18","A_23_P201863"
"CDK19","A_33_P3328026"
"CDK20","A_23_P20752"
"CDK2AP1","A_23_P139486"
"CDK2AP2","A_33_P3329839"
"CDK3","A_23_P89155"
"CDK4","A_23_P24997"
"CDK5","A_23_P8400"
"CDK5R1","A_33_P3226985"
"CDK5R2","A_24_P51683"
"CDK5RAP1","A_33_P3213752"
"CDK5RAP2","A_23_P83110"
"CDK5RAP3","A_24_P292964"
"CDK6","A_24_P166663"
"CDK7","A_23_P133585"
"CDK8","A_23_P139958"
"CDKAL1","A_32_P128310"
"CDKL1","A_23_P99741"
"CDKL2","A_33_P3241681"
"CDKL4","A_33_P3409984"
"CDKL5","A_24_P282343"
"CDKN1A","A_24_P89457"
"CDKN1B","A_23_P204696"
"CDKN1C","A_23_P428129"
"CDKN2A","A_23_P43490"
"CDKN2A-AS1","A_23_P307502"
"CDKN2AIP","A_23_P258002"
"CDKN2B","A_23_P216812"
"CDKN2B-AS1","A_33_P3240717"
"CDKN2C","A_33_P3292540"
"CDKN2D","A_23_P89941"
"CDKN3","A_23_P48669"
"CDNF","A_24_P93309"
"CDO1","A_23_P30294"
"CDON","A_32_P172141"
"CDPF1","A_33_P3281616"
"CDR1","A_23_P125495"
"CDR2","A_24_P339071"
"CDR2L","A_23_P3963"
"CDRT15","A_24_P756766"
"CDRT15L2","A_33_P3356762"
"CDRT15P1","A_33_P3413895"
"CDRT3","A_33_P3629131"
"CDRT7","A_33_P3796201"
"CDRT8","A_33_P3629151"
"CDS1","A_24_P938614"
"CDS2","A_24_P271363"
"CDSN","A_23_P350396"
"CDT1","A_33_P3386262"
"CDV3","A_24_P163113"
"CDX1","A_33_P3289848"
"CDX2","A_33_P3304501"
"CDY2A","A_32_P401091"
"CDYL","A_23_P134078"
"CDYL2","A_23_P371865"
"CEACAM1","A_24_P382319"
"CEACAM16","A_33_P3216758"
"CEACAM18","A_33_P3249818"
"CEACAM19","A_23_P78526"
"CEACAM20","A_24_P118376"
"CEACAM21","A_23_P78595"
"CEACAM22P","A_33_P3234010"
"CEACAM3","A_23_P130515"
"CEACAM4","A_33_P3265309"
"CEACAM5","A_23_P153301"
"CEACAM6","A_23_P218442"
"CEACAM7","A_24_P228302"
"CEACAM8","A_23_P380240"
"CEBPA","A_24_P224727"
"CEBPD","A_33_P3253804"
"CEBPE","A_33_P3387991"
"CEBPG","A_33_P3253807"
"CECR2","A_23_P211326"
"CECR3","A_33_P3481113"
"CECR7","A_33_P3262625"
"CECR9","A_33_P3631491"
"CEL","A_33_P3219303"
"CELA1","A_33_P3313810"
"CELA2A","A_23_P46238"
"CELA2B","A_23_P51711"
"CELA3A","A_33_P3343720"
"CELA3B","A_23_P200579"
"CELF1","A_23_P318396"
"CELF2","A_23_P202071"
"CELF3","A_23_P337849"
"CELF4","A_33_P3535972"
"CELF5","A_33_P3386156"
"CELF6","A_33_P3304312"
"CELSR1","A_33_P3328659"
"CELSR2","A_24_P182620"
"CELSR3","A_23_P92093"
"CEMIP","A_23_P324754"
"CEMIP2","A_23_P94552"
"CEMP1","A_33_P3317483"
"CENATAC","A_24_P636332"
"CEND1","A_33_P3323945"
"CENPA","A_24_P413884"
"CENPB","A_23_P257905"
"CENPBD1P","A_33_P3318187"
"CENPC","A_23_P167194"
"CENPE","A_23_P253524"
"CENPF","A_23_P401"
"CENPI","A_33_P3340468"
"CENPK","A_23_P155989"
"CENPL","A_23_P126120"
"CENPM","A_33_P3387831"
"CENPN","A_23_P88740"
"CENPO","A_24_P276888"
"CENPP","A_33_P3387931"
"CENPQ","A_23_P70328"
"CENPS","A_33_P3300395"
"CENPT","A_23_P163580"
"CENPU","A_23_P254733"
"CENPV","A_23_P313828"
"CENPW","A_24_P462899"
"CEP104","A_33_P3405754"
"CEP112","A_23_P83976"
"CEP120","A_24_P226210"
"CEP126","A_32_P58614"
"CEP128","A_23_P430201"
"CEP135","A_23_P212792"
"CEP15","A_23_P29655"
"CEP152","A_24_P652700"
"CEP162","A_23_P145424"
"CEP164","A_23_P75609"
"CEP170","A_33_P3410507"
"CEP170B","A_23_P48550"
"CEP19","A_32_P212058"
"CEP192","A_23_P89710"
"CEP20","A_23_P390744"
"CEP250","A_23_P102832"
"CEP290","A_23_P36865"
"CEP295","A_23_P313734"
"CEP350","A_33_P3244872"
"CEP41","A_23_P215070"
"CEP43","A_23_P145134"
"CEP44","A_23_P358662"
"CEP55","A_33_P3291831"
"CEP57","A_23_P86822"
"CEP57L1","A_23_P59358"
"CEP63","A_23_P21409"
"CEP68","A_33_P3265224"
"CEP70","A_23_P21473"
"CEP72","A_23_P302654"
"CEP78","A_33_P3219641"
"CEP83","A_23_P162378"
"CEP85","A_23_P200874"
"CEP85L","A_24_P865"
"CEP89","A_23_P130856"
"CEP95","A_23_P307400"
"CEP97","A_23_P143952"
"CEPT1","A_24_P233944"
"CER1","A_23_P329798"
"CERCAM","A_33_P3260575"
"CERK","A_24_P62237"
"CERKL","A_33_P3355538"
"CERS1","A_33_P3408320"
"CERS2","A_23_P63010"
"CERS3","A_33_P3408305"
"CERS4","A_23_P153867"
"CERS5","A_33_P3285038"
"CERS6","A_32_P5480"
"CERT1","A_33_P3271445"
"CES1","A_33_P3241269"
"CES1P1","A_23_P374892"
"CES1P2","A_33_P3283964"
"CES2","A_33_P3350393"
"CES3","A_24_P90881"
"CES4A","A_23_P361544"
"CES5AP1","A_33_P3276303"
"CETN1","A_23_P66967"
"CETN2","A_23_P73493"
"CETN3","A_23_P7732"
"CETN4P","A_32_P201212"
"CETP","A_23_P49376"
"CFAP100","A_23_P426153"
"CFAP107","A_23_P74668"
"CFAP119","A_24_P842006"
"CFAP126","A_32_P331139"
"CFAP141","A_33_P3250944"
"CFAP144","A_33_P3244643"
"CFAP144P1","A_24_P391991"
"CFAP157","A_24_P229638"
"CFAP161","A_23_P336612"
"CFAP184","A_32_P69930"
"CFAP20","A_23_P3514"
"CFAP206","A_23_P421054"
"CFAP20DC","A_33_P3249936"
"CFAP210","A_33_P3238636"
"CFAP221","A_32_P67526"
"CFAP251","A_24_P179504"
"CFAP263","A_24_P73730"
"CFAP276","A_32_P15512"
"CFAP298","A_23_P91491"
"CFAP299","A_23_P312999"
"CFAP300","A_24_P364057"
"CFAP36","A_23_P68327"
"CFAP410","A_33_P3240647"
"CFAP418","A_33_P3293207"
"CFAP43","A_23_P333038"
"CFAP44","A_24_P14932"
"CFAP45","A_23_P62642"
"CFAP46","A_33_P3246188"
"CFAP47","A_33_P3313456"
"CFAP52","A_23_P4074"
"CFAP53","A_23_P384532"
"CFAP57","A_23_P319549"
"CFAP58","A_33_P3257297"
"CFAP61","A_32_P4262"
"CFAP65","A_33_P3309734"
"CFAP68","A_23_P150350"
"CFAP69","A_33_P3615922"
"CFAP70","A_23_P326931"
"CFAP73","A_33_P3359027"
"CFAP74","A_33_P3336262"
"CFAP77","A_33_P3354847"
"CFAP90","A_33_P3262351"
"CFAP91","A_32_P55871"
"CFAP92","A_32_P163739"
"CFAP95","A_24_P255100"
"CFAP96","A_33_P3247175"
"CFAP97","A_23_P318581"
"CFAP97D1","A_32_P212095"
"CFB","A_23_P156687"
"CFC1","A_23_P5679"
"CFD","A_23_P119562"
"CFDP1","A_23_P89123"
"CFH","A_23_P114740"
"CFHR1","A_24_P336510"
"CFHR2","A_23_P951"
"CFHR4","A_24_P282547"
"CFHR5","A_24_P111406"
"CFI","A_23_P7212"
"CFL1","A_23_P35820"
"CFL1P1","A_33_P3863935"
"CFL2","A_24_P373152"
"CFLAR","A_23_P209394"
"CFLAR-AS1","A_33_P3626816"
"CFP","A_23_P22444"
"CFTR","A_23_P215720"
"CGA","A_23_P42386"
"CGAS","A_32_P1173"
"CGB2","A_23_P27709"
"CGB3","A_24_P395814"
"CGGBP1","A_23_P363163"
"CGN","A_33_P3329974"
"CGNL1","A_23_P163306"
"CGREF1","A_33_P3227793"
"CGRRF1","A_23_P37283"
"CH25H","A_23_P86470"
"CHAC1","A_33_P3376971"
"CHAC2","A_32_P194264"
"CHAD","A_23_P26976"
"CHADL","A_33_P3339531"
"CHAF1A","A_24_P53519"
"CHAF1B","A_23_P57306"
"CHAMP1","A_23_P164559"
"CHAT","A_23_P46894"
"CHCHD1","A_23_P371613"
"CHCHD10","A_24_P6083"
"CHCHD2","A_24_P400376"
"CHCHD3","A_23_P251927"
"CHCHD4","A_23_P428849"
"CHCHD5","A_24_P379727"
"CHCHD6","A_33_P3235975"
"CHCHD7","A_23_P170626"
"CHCT1","A_23_P164100"
"CHD1","A_23_P70201"
"CHD1L","A_23_P45831"
"CHD2","A_24_P264664"
"CHD3","A_33_P3239287"
"CHD4","A_23_P53541"
"CHD5","A_33_P3419321"
"CHD6","A_24_P943575"
"CHD7","A_24_P289383"
"CHD8","A_24_P361167"
"CHD9","A_23_P372638"
"CHDH","A_23_P69293"
"CHEK1","A_33_P3349536"
"CHEK2","A_23_P109452"
"CHERP","A_23_P16139"
"CHFR","A_23_P344037"
"CHGA","A_33_P3293164"
"CHGB","A_23_P57155"
"CHI3L1","A_23_P137665"
"CHIA","A_23_P34888"
"CHIC1","A_33_P3215093"
"CHID1","A_24_P295806"
"CHIT1","A_33_P3388501"
"CHKA","A_23_P124742"
"CHKB","A_23_P314120"
"CHL1","A_23_P212241"
"CHLSN","A_23_P134477"
"CHM","A_23_P22548"
"CHML","A_24_P712350"
"CHMP1A","A_23_P106694"
"CHMP1B","A_33_P3276475"
"CHMP2A","A_23_P153236"
"CHMP2B","A_24_P114617"
"CHMP3","A_24_P240065"
"CHMP4A","A_24_P142024"
"CHMP4B","A_23_P28969"
"CHMP4C","A_23_P432598"
"CHMP5","A_33_P3296303"
"CHMP6","A_23_P10156"
"CHMP7","A_23_P303203"
"CHN1","A_33_P3325723"
"CHN2","A_33_P3287348"
"CHODL","A_23_P68669"
"CHORDC1","A_23_P138805"
"CHP2","A_23_P349463"
"CHPF","A_33_P3316878"
"CHPF2","A_23_P397055"
"CHRAC1","A_33_P3400263"
"CHRD","A_23_P502047"
"CHRDL1","A_24_P168925"
"CHRDL2","A_23_P13548"
"CHRFAM7A","A_33_P3719083"
"CHRM1","A_33_P3367860"
"CHRM2","A_23_P145606"
"CHRM3","A_23_P401472"
"CHRM4","A_33_P3367850"
"CHRNA1","A_33_P3365305"
"CHRNA10","A_23_P411188"
"CHRNA2","A_23_P251443"
"CHRNA3","A_33_P3388148"
"CHRNA4","A_33_P3217584"
"CHRNA5","A_23_P88691"
"CHRNA6","A_23_P157593"
"CHRNA7","A_32_P35969"
"CHRNA9","A_23_P61508"
"CHRNB1","A_23_P207106"
"CHRNB2","A_33_P3215635"
"CHRNB4","A_23_P332789"
"CHRND","A_23_P430558"
"CHRNE","A_23_P304279"
"CHRNG","A_33_P3212192"
"CHST1","A_33_P3413355"
"CHST10","A_23_P102351"
"CHST11","A_23_P139919"
"CHST12","A_33_P3373459"
"CHST13","A_23_P80473"
"CHST14","A_24_P210637"
"CHST15","A_23_P383986"
"CHST2","A_23_P40847"
"CHST3","A_24_P269779"
"CHST4","A_23_P141035"
"CHST5","A_23_P430670"
"CHST6","A_33_P3366903"
"CHST7","A_23_P319617"
"CHST8","A_23_P90273"
"CHST9","A_32_P111639"
"CHSY1","A_23_P37484"
"CHSY3","A_23_P368886"
"CHTF18","A_23_P354297"
"CHTF8","A_32_P112279"
"CHTOP","A_23_P138253"
"CHUK","A_33_P3258141"
"CHURC1","A_33_P3354539"
"CIAO1","A_33_P3306397"
"CIAO2A","A_33_P3416037"
"CIAO2B","A_23_P77455"
"CIAO3","A_23_P37877"
"CIAPIN1","A_23_P88781"
"CIART","A_23_P410717"
"CIB1","A_24_P44514"
"CIB2","A_33_P3308914"
"CIB3","A_23_P130585"
"CIB4","A_23_P56913"
"CIBAR1","A_32_P103695"
"CIBAR1P2","A_32_P94001"
"CIBAR2","A_32_P56624"
"CIC","A_23_P55731"
"CIDEA","A_23_P376704"
"CIDEB","A_23_P37359"
"CIDEC","A_33_P3240767"
"CIDECP1","A_24_P484797"
"CIITA","A_32_P209960"
"CILK1","A_23_P344988"
"CILP","A_23_P151895"
"CILP2","A_33_P3313283"
"CIMAP1A","A_33_P3219146"
"CIMAP1B","A_33_P3417695"
"CIMAP1C","A_32_P468743"
"CIMAP1D","A_23_P316850"
"CIMAP2","A_24_P94319"
"CIMAP3","A_23_P424900"
"CIMIP1","A_23_P314835"
"CIMIP2A","A_33_P3295870"
"CIMIP2B","A_23_P20578"
"CIMIP2C","A_24_P358591"
"CIMIP4","A_23_P353149"
"CIMIP5","A_33_P3398998"
"CIMIP6","A_33_P3351836"
"CINP","A_23_P88134"
"CIP2A","A_24_P351466"
"CIPC","A_23_P372925"
"CIRBP","A_23_P142322"
"CIRBP-AS1","A_33_P3851788"
"CIROZ","A_32_P468341"
"CISD1","A_23_P35467"
"CISD2","A_33_P3362641"
"CISD3","A_33_P3362636"
"CISH","A_23_P144096"
"CIT","A_23_P420551"
"CITED1","A_23_P73526"
"CITED2","A_23_P214969"
"CITED4","A_32_P209230"
"CIZ1","A_23_P32223"
"CKAP2","A_23_P151405"
"CKAP2L","A_23_P388812"
"CKAP4","A_23_P48056"
"CKAP5","A_23_P135977"
"CKB","A_23_P25674"
"CKLF","A_23_P206396"
"CKM","A_23_P50250"
"CKMT1A","A_23_P163227"
"CKMT2","A_23_P144778"
"CKS1B","A_23_P45917"
"CKS2","A_23_P71727"
"CLASP1","A_23_P311232"
"CLASP2","A_23_P44295"
"CLASRP","A_33_P3236403"
"CLBA1","A_23_P376870"
"CLCA1","A_23_P51217"
"CLCA2","A_23_P397248"
"CLCA3P","A_23_P34382"
"CLCA4","A_23_P45751"
"CLCC1","A_33_P3412149"
"CLCF1","A_23_P138760"
"CLCN1","A_23_P59772"
"CLCN2","A_23_P132845"
"CLCN3","A_23_P124476"
"CLCN4","A_33_P3415097"
"CLCN5","A_33_P3415092"
"CLCN6","A_24_P302374"
"CLCN7","A_23_P129334"
"CLCNKA","A_24_P2361"
"CLCNKB","A_24_P224966"
"CLDN1","A_23_P57784"
"CLDN10","A_33_P3410806"
"CLDN11","A_33_P3255404"
"CLDN12","A_23_P157268"
"CLDN14","A_23_P91512"
"CLDN15","A_23_P500886"
"CLDN16","A_33_P3314401"
"CLDN17","A_23_P360924"
"CLDN18","A_33_P3240752"
"CLDN19","A_33_P3299739"
"CLDN2","A_33_P3249046"
"CLDN20","A_33_P3410816"
"CLDN22","A_33_P3291816"
"CLDN23","A_23_P134854"
"CLDN24","A_33_P3218089"
"CLDN25","A_33_P3280750"
"CLDN3","A_33_P3285565"
"CLDN4","A_33_P3285545"
"CLDN5","A_33_P3285540"
"CLDN6","A_23_P37942"
"CLDN7","A_23_P164284"
"CLDN8","A_23_P427014"
"CLDN9","A_23_P351138"
"CLDND1","A_23_P155556"
"CLDND2","A_23_P374902"
"CLEC10A","A_23_P141505"
"CLEC11A","A_33_P3229032"
"CLEC12A","A_23_P128470"
"CLEC12B","A_33_P3303519"
"CLEC14A","A_24_P215653"
"CLEC16A","A_32_P194246"
"CLEC17A","A_33_P3236734"
"CLEC18B","A_23_P206501"
"CLEC18C","A_33_P3320678"
"CLEC1A","A_33_P3295333"
"CLEC1B","A_33_P3236065"
"CLEC2A","A_33_P3381255"
"CLEC2B","A_33_P3332970"
"CLEC2D","A_32_P80068"
"CLEC2L","A_23_P42931"
"CLEC3A","A_33_P3295343"
"CLEC3B","A_23_P69497"
"CLEC4A","A_23_P48029"
"CLEC4C","A_23_P2616"
"CLEC4D","A_33_P3352578"
"CLEC4E","A_33_P3318509"
"CLEC4F","A_23_P380990"
"CLEC4G","A_23_P153390"
"CLEC4GP1","A_33_P3246178"
"CLEC4M","A_23_P208482"
"CLEC5A","A_23_P304356"
"CLEC6A","A_33_P3295328"
"CLEC7A","A_24_P227415"
"CLEC9A","A_33_P3319022"
"CLECL1","A_23_P321984"
"CLGN","A_23_P18684"
"CLHC1","A_33_P3274105"
"CLIC1","A_23_P30884"
"CLIC2","A_33_P3775848"
"CLIC3","A_33_P3336686"
"CLIC4","A_23_P259189"
"CLIC5","A_33_P3392177"
"CLIC6","A_23_P385067"
"CLINT1","A_23_P133345"
"CLIP1","A_23_P25003"
"CLIP2","A_23_P215479"
"CLIP3","A_23_P50786"
"CLIP4","A_23_P209232"
"CLK1","A_23_P16817"
"CLK2","A_24_P67027"
"CLK3","A_32_P20691"
"CLK4","A_23_P61674"
"CLLU1","A_33_P3252073"
"CLLU1-AS1","A_33_P3396404"
"CLMB","A_24_P289178"
"CLMN","A_23_P25706"
"CLMP","A_23_P35995"
"CLN3","A_24_P187651"
"CLN5","A_33_P3365805"
"CLN6","A_23_P117797"
"CLN8","A_23_P407206"
"CLNK","A_33_P3267989"
"CLNS1A","A_23_P127995"
"CLOCK","A_33_P3358938"
"CLP1","A_24_P252973"
"CLPB","A_23_P75978"
"CLPP","A_23_P4754"
"CLPS","A_23_P8142"
"CLPSL1","A_33_P3403400"
"CLPTM1","A_23_P50241"
"CLPX","A_23_P140511"
"CLRN1","A_23_P364567"
"CLRN1-AS1","A_33_P3394347"
"CLRN2","A_33_P3236077"
"CLRN3","A_23_P127107"
"CLSPN","A_23_P126212"
"CLSTN1","A_24_P191067"
"CLSTN2","A_23_P212608"
"CLSTN3","A_33_P3269803"
"CLTA","A_23_P219144"
"CLTB","A_33_P3328666"
"CLTC","A_33_P3353170"
"CLTCL1","A_23_P143559"
"CLTRN","A_23_P33984"
"CLU","A_23_P215913"
"CLUAP1","A_23_P77714"
"CLUHP3","A_23_P89062"
"CLUL1","A_33_P3323238"
"CLVS1","A_24_P269551"
"CLVS2","A_33_P3270364"
"CLYBL","A_23_P376591"
"CMA1","A_33_P3259708"
"CMAHP","A_33_P3281567"
"CMAS","A_32_P73045"
"CMBL","A_33_P3251751"
"CMC1","A_24_P408740"
"CMIP","A_23_P371239"
"CMKLR1","A_24_P766716"
"CMKLR2","A_33_P3343250"
"CMPK1","A_33_P3317988"
"CMPK2","A_33_P3401826"
"CMSS1","A_23_P132874"
"CMTM2","A_23_P152234"
"CMTM3","A_23_P88865"
"CMTM4","A_32_P84009"
"CMTM5","A_23_P106042"
"CMTM6","A_24_P97526"
"CMTM7","A_23_P256413"
"CMTM8","A_23_P40880"
"CMTR1","A_23_P374149"
"CMTR2","A_24_P185036"
"CMYA5","A_23_P124946"
"CNBD1","A_23_P371861"
"CNBD2","A_23_P132041"
"CNBP","A_23_P84651"
"CNDP1","A_23_P9869"
"CNDP2","A_23_P89812"
"CNEP1R1","A_23_P397417"
"CNFN","A_33_P3411848"
"CNGA1","A_23_P92536"
"CNGA2","A_33_P3334615"
"CNGA3","A_23_P68167"
"CNGA4","A_23_P2006"
"CNGB1","A_33_P3295738"
"CNGB3","A_23_P216376"
"CNIH1","A_23_P14473"
"CNIH2","A_24_P203315"
"CNIH3","A_23_P384044"
"CNIH4","A_23_P200507"
"CNKSR1","A_33_P3386242"
"CNKSR2","A_23_P153183"
"CNKSR3","A_23_P134085"
"CNMD","A_23_P25587"
"CNN1","A_23_P125233"
"CNN2","A_24_P142743"
"CNN3","A_23_P138168"
"CNNM1","A_23_P46947"
"CNNM2","A_23_P24044"
"CNNM3","A_33_P3255274"
"CNOT1","A_24_P101114"
"CNOT2","A_23_P162336"
"CNOT3","A_33_P3287685"
"CNOT4","A_23_P300781"
"CNOT6","A_24_P940125"
"CNOT6L","A_33_P3249214"
"CNOT7","A_23_P394166"
"CNOT9","A_23_P318039"
"CNP","A_23_P21838"
"CNPPD1","A_24_P128683"
"CNPY1","A_33_P3220352"
"CNPY2","A_23_P53288"
"CNPY3","A_23_P19352"
"CNPY4","A_23_P157038"
"CNR1","A_23_P214208"
"CNR2","A_23_P310931"
"CNRIP1","A_23_P329353"
"CNST","A_33_P3376379"
"CNTD1","A_33_P3315320"
"CNTF","A_33_P3256778"
"CNTFR","A_23_P9402"
"CNTLN","A_33_P3367247"
"CNTN1","A_33_P3409090"
"CNTN2","A_24_P114142"
"CNTN3","A_24_P71649"
"CNTN4","A_23_P144020"
"CNTN5","A_23_P503059"
"CNTN6","A_33_P3329378"
"CNTNAP1","A_23_P411113"
"CNTNAP2","A_33_P3367196"
"CNTNAP3","A_33_P3321372"
"CNTNAP3B","A_23_P20532"
"CNTNAP4","A_23_P355405"
"CNTNAP5","A_23_P56787"
"CNTRL","A_33_P3257554"
"CNTROB","A_23_P9761"
"COA1","A_23_P215675"
"COA3","A_24_P356453"
"COA4","A_33_P3278435"
"COA5","A_33_P3351982"
"COA6","A_23_P63459"
"COA7","A_23_P347508"
"COA8","A_23_P162879"
"COASY","A_23_P4144"
"COBL","A_33_P3725227"
"COBLL1","A_33_P3238215"
"COCH","A_24_P184799"
"COG1","A_33_P3372580"
"COG2","A_23_P160809"
"COG3","A_24_P296070"
"COG4","A_33_P3257628"
"COG5","A_23_P134614"
"COG6","A_23_P53866"
"COG7","A_23_P329361"
"COG8","A_32_P92399"
"COIL","A_33_P3315410"
"COL10A1","A_23_P214144"
"COL11A1","A_33_P3259339"
"COL11A2","A_33_P3216448"
"COL12A1","A_23_P214168"
"COL13A1","A_23_P1331"
"COL14A1","A_32_P80850"
"COL16A1","A_23_P160318"
"COL17A1","A_23_P501010"
"COL18A1","A_23_P211212"
"COL18A1-AS1","A_33_P3239487"
"COL19A1","A_23_P375922"
"COL1A1","A_33_P3304668"
"COL20A1","A_33_P3395952"
"COL21A1","A_23_P31124"
"COL22A1","A_33_P3319785"
"COL23A1","A_33_P3341722"
"COL24A1","A_23_P74701"
"COL25A1","A_24_P257478"
"COL25A1-DT","A_33_P3741835"
"COL26A1","A_23_P134627"
"COL27A1","A_23_P158096"
"COL28A1","A_33_P3243787"
"COL2A1","A_23_P500464"
"COL3A1","A_24_P935491"
"COL4A1","A_23_P65240"
"COL4A2","A_23_P205031"
"COL4A3","A_23_P170679"
"COL4A4","A_33_P3227400"
"COL4A5","A_23_P45365"
"COL4A6","A_23_P217379"
"COL5A1","A_33_P3629678"
"COL5A2","A_23_P33196"
"COL5A3","A_23_P55749"
"COL6A1","A_32_P32254"
"COL6A2","A_33_P3269539"
"COL6A3","A_33_P3210488"
"COL6A4P2","A_33_P3311611"
"COL6A5","A_23_P404698"
"COL6A6","A_32_P224525"
"COL7A1","A_23_P144071"
"COL8A1","A_23_P69030"
"COL8A2","A_24_P365975"
"COL9A1","A_24_P311856"
"COL9A2","A_23_P45786"
"COL9A3","A_23_P40108"
"COLCA1","A_33_P3356935"
"COLEC10","A_23_P251486"
"COLEC12","A_23_P27306"
"COLGALT1","A_23_P209183"
"COLGALT2","A_24_P62505"
"COLQ","A_23_P212126"
"COMMD1","A_23_P389525"
"COMMD10","A_23_P252403"
"COMMD2","A_23_P40782"
"COMMD3","A_23_P138514"
"COMMD4","A_24_P331904"
"COMMD5","A_23_P20255"
"COMMD6","A_32_P114215"
"COMMD7","A_32_P141724"
"COMMD8","A_23_P44257"
"COMMD9","A_23_P87323"
"COMP","A_24_P264943"
"COMT","A_23_P251680"
"COMTD1","A_33_P3257222"
"COP1","A_33_P3209356"
"COPA","A_32_P20454"
"COPB1","A_33_P3287263"
"COPB2","A_23_P91891"
"COPE","A_24_P399622"
"COPG1","A_23_P44617"
"COPG2","A_23_P61280"
"COPG2IT1","A_33_P3294459"
"COPRS","A_23_P152858"
"COPS2","A_23_P26021"
"COPS3","A_23_P89199"
"COPS4","A_23_P43779"
"COPS5","A_23_P71419"
"COPS6","A_23_P8432"
"COPS7A","A_23_P2474"
"COPS7B","A_23_P79725"
"COPS8","A_33_P3289145"
"COPS9","A_24_P915371"
"COPZ1","A_24_P389959"
"COQ10A","A_23_P354798"
"COQ10B","A_33_P3354858"
"COQ2","A_23_P124733"
"COQ3","A_33_P3221843"
"COQ4","A_24_P389491"
"COQ5","A_33_P3243128"
"COQ6","A_23_P65584"
"COQ7","A_24_P398972"
"COQ8A","A_23_P85598"
"COQ8B","A_23_P208400"
"COQ9","A_23_P14928"
"CORIN","A_23_P81131"
"CORO1A","A_23_P106761"
"CORO1B","A_23_P104583"
"CORO1C","A_24_P81947"
"CORO2A","A_23_P135061"
"CORO6","A_23_P107322"
"CORO7","A_33_P3343295"
"CORT","A_23_P258164"
"COTL1","A_24_P416131"
"COX10","A_23_P55123"
"COX11","A_23_P152666"
"COX14","A_23_P151280"
"COX15","A_24_P115700"
"COX16","A_23_P53957"
"COX17","A_23_P65157"
"COX18","A_33_P3227857"
"COX19","A_32_P9468"
"COX20","A_24_P79712"
"COX4I1","A_23_P141032"
"COX4I2","A_23_P210869"
"COX5A","A_32_P98502"
"COX5B","A_33_P3274851"
"COX6A1","A_32_P168247"
"COX6A2","A_33_P3279610"
"COX6B1","A_23_P108244"
"COX6B2","A_33_P3378284"
"COX6C","A_23_P8900"
"COX7A1","A_23_P67661"
"COX7A2","A_23_P81690"
"COX7A2L","A_23_P210348"
"COX7B","A_23_P159650"
"COX7B2","A_23_P136246"
"COX8A","A_23_P52639"
"COX8C","A_33_P3372069"
"COXFA4L2","A_23_P9614"
"COXFA4L3","A_23_P26024"
"CP","A_33_P3296587"
"CPA1","A_23_P168357"
"CPA2","A_23_P31161"
"CPA3","A_23_P18017"
"CPA4","A_23_P19754"
"CPA5","A_33_P3228600"
"CPA6","A_24_P4170"
"CPAMD8","A_23_P67198"
"CPAP","A_32_P219116"
"CPB1","A_23_P6615"
"CPB2","A_33_P3413020"
"CPD","A_24_P53282"
"CPE","A_23_P259442"
"CPEB1","A_33_P3268838"
"CPEB2","A_32_P225355"
"CPEB3","A_23_P46812"
"CPEB4","A_23_P251937"
"CPED1","A_24_P943781"
"CPLANE1","A_33_P3530314"
"CPLANE2","A_33_P3294654"
"CPLX1","A_24_P51909"
"CPLX2","A_33_P3288135"
"CPLX4","A_33_P3415265"
"CPN1","A_23_P98147"
"CPN2","A_24_P137461"
"CPNE1","A_33_P3290888"
"CPNE2","A_23_P37988"
"CPNE3","A_24_P64126"
"CPNE4","A_23_P327551"
"CPNE5","A_23_P360804"
"CPNE6","A_23_P151598"
"CPNE7","A_33_P3262191"
"CPNE8","A_24_P56240"
"CPNE9","A_23_P57829"
"CPOX","A_33_P3301025"
"CPPED1","A_23_P77401"
"CPQ","A_23_P256735"
"CPS1","A_33_P3242798"
"CPS1-IT1","A_23_P16694"
"CPSF1","A_23_P169112"
"CPSF2","A_24_P82074"
"CPSF3","A_23_P28688"
"CPSF4","A_23_P42997"
"CPSF4L","A_33_P3270800"
"CPSF6","A_24_P121271"
"CPSF7","A_33_P3309039"
"CPT1B","A_23_P218817"
"CPT1C","A_33_P3290040"
"CPT2","A_23_P148919"
"CPTP","A_33_P3343220"
"CPVL","A_23_P134347"
"CPXCR1","A_23_P62336"
"CPXM1","A_23_P6066"
"CPXM2","A_23_P138524"
"CPZ","A_23_P58251"
"CR1","A_23_P256821"
"CR1L","A_33_P3319126"
"CR2","A_33_P3281985"
"CRABP1","A_33_P3326483"
"CRABP2","A_23_P115064"
"CRACD","A_33_P3309670"
"CRACDL","A_24_P272313"
"CRACR2A","A_33_P3314151"
"CRACR2B","A_23_P432545"
"CRADD","A_32_P29806"
"CRAMP1","A_23_P407992"
"CRAT","A_33_P3280531"
"CRB1","A_24_P196528"
"CRB2","A_24_P326398"
"CRB3","A_33_P3256391"
"CRBN","A_33_P3398401"
"CRCP","A_24_P916656"
"CRCT1","A_33_P3401295"
"CREB1","A_23_P79231"
"CREB3","A_23_P423389"
"CREB3L1","A_23_P150407"
"CREB3L2","A_33_P3211739"
"CREB3L3","A_23_P108082"
"CREB3L4","A_23_P63232"
"CREB5","A_23_P157117"
"CREBBP","A_33_P3240229"
"CREBL2","A_24_P56194"
"CREBRF","A_23_P404606"
"CREBZF","A_23_P203645"
"CREG1","A_33_P3231297"
"CREG2","A_23_P394986"
"CRELD1","A_23_P155376"
"CRELD2","A_23_P33465"
"CREM","A_23_P201979"
"CRH","A_23_P31755"
"CRHBP","A_23_P30567"
"CRHR1","A_33_P3320443"
"CRHR2","A_23_P215331"
"CRIM1","A_24_P11575"
"CRIP1","A_33_P3251703"
"CRIP2","A_23_P112798"
"CRIP3","A_23_P156562"
"CRIPT","A_33_P3251989"
"CRIPTO","A_23_P366376"
"CRISP1","A_23_P133722"
"CRISP2","A_32_P173662"
"CRISP3","A_23_P419760"
"CRISPLD1","A_33_P3260377"
"CRK","A_24_P270814"
"CRKL","A_24_P935009"
"CRLF1","A_33_P3252286"
"CRLF2","A_23_P113237"
"CRLF3","A_24_P56894"
"CRLS1","A_33_P3502315"
"CRMA","A_33_P3423853"
"CRMP1","A_23_P132889"
"CRNDE","A_32_P104063"
"CRNKL1","A_24_P40229"
"CROCC","A_33_P3663705"
"CROCCP2","A_23_P126486"
"CROCCP3","A_32_P384562"
"CROT","A_23_P168669"
"CRP","A_24_P342484"
"CRPPA","A_33_P3362503"
"CRTAC1","A_23_P431971"
"CRTAM","A_23_P305092"
"CRTAP","A_24_P71661"
"CRTC1","A_33_P3420204"
"CRTC3","A_23_P77228"
"CRX","A_33_P3370707"
"CRY1","A_24_P407235"
"CRY2","A_23_P127394"
"CRYAA","A_33_P3323559"
"CRYAB","A_24_P206776"
"CRYBA1","A_23_P4254"
"CRYBA2","A_33_P3314231"
"CRYBA4","A_23_P103034"
"CRYBB1","A_23_P143621"
"CRYBB2","A_23_P425066"
"CRYBB2P1","A_33_P3358158"
"CRYBB3","A_24_P359441"
"CRYBG1","A_23_P70785"
"CRYBG2","A_33_P3327642"
"CRYGA","A_23_P165380"
"CRYGB","A_23_P414842"
"CRYGC","A_23_P142606"
"CRYGD","A_23_P131215"
"CRYGN","A_33_P3461948"
"CRYGS","A_23_P132738"
"CRYL1","A_23_P162746"
"CRYM","A_23_P77731"
"CRYZ","A_33_P3405743"
"CRYZL1","A_23_P218731"
"CS","A_33_P3215078"
"CSAD","A_24_P27229"
"CSAG1","A_24_P11061"
"CSAG2","A_24_P567298"
"CSAG3","A_33_P3231613"
"CSDC2","A_24_P177279"
"CSDE1","A_32_P73821"
"CSE1L","A_23_P17393"
"CSF1","A_33_P3354935"
"CSF2","A_23_P133408"
"CSF2RA","A_33_P3232688"
"CSF2RB","A_33_P3341442"
"CSF3","A_23_P501754"
"CSF3R","A_33_P3881262"
"CSGALNACT1","A_33_P3366540"
"CSGALNACT2","A_23_P149892"
"CSH1","A_24_P211044"
"CSH2","A_23_P207154"
"CSHL1","A_23_P344408"
"CSK","A_23_P152024"
"CSKMT","A_24_P804667"
"CSMD1","A_33_P3230244"
"CSMD2","A_33_P3246927"
"CSMD3","A_23_P326020"
"CSN1S2AP","A_33_P3372635"
"CSN1S2BP","A_33_P3226479"
"CSN2","A_23_P144394"
"CSN3","A_23_P252882"
"CSNK1A1","A_24_P183292"
"CSNK1A1L","A_24_P338788"
"CSNK1A1P1","A_33_P3248213"
"CSNK1D","A_33_P3324765"
"CSNK1E","A_33_P3265185"
"CSNK1G1","A_33_P3267208"
"CSNK1G2","A_33_P3259017"
"CSNK1G2-AS1","A_23_P318348"
"CSNK1G3","A_23_P213602"
"CSNK2A1","A_23_P502575"
"CSNK2A2","A_23_P14915"
"CSNK2B","A_33_P3318027"
"CSPG4","A_23_P21976"
"CSPG4P1Y","A_33_P3397670"
"CSPG4P3Y","A_33_P3312549"
"CSPG5","A_24_P342944"
"CSPP1","A_23_P71537"
"CSRNP1","A_23_P121011"
"CSRNP2","A_23_P151209"
"CSRNP3","A_33_P3420043"
"CSRP1","A_23_P74359"
"CSRP2","A_23_P44724"
"CSRP3","A_23_P24469"
"CST1","A_23_P112859"
"CST13P","A_33_P3344046"
"CST2","A_24_P237175"
"CST3","A_33_P3228266"
"CST5","A_23_P170453"
"CST6","A_23_P146946"
"CST7","A_23_P68601"
"CST8","A_23_P79993"
"CST9","A_32_P81879"
"CST9L","A_23_P143365"
"CSTA","A_23_P41114"
"CSTB","A_23_P154894"
"CSTF1","A_23_P362824"
"CSTF2","A_23_P148372"
"CSTF2T","A_24_P941051"
"CSTF3","A_23_P98310"
"CSTL1","A_23_P210807"
"CSTPP1","A_23_P147605"
"CT45A1","A_32_P780817"
"CT45A5","A_32_P170547"
"CT47A11","A_32_P207124"
"CT55","A_23_P96633"
"CT62","A_33_P3247165"
"CT83","A_23_P432352"
"CTAG1A","A_23_P148541"
"CTAG2","A_33_P3318343"
"CTAGE1","A_24_P305223"
"CTAGE10P","A_33_P3340007"
"CTAGE11P","A_24_P332623"
"CTAGE15","A_23_P402952"
"CTAGE4","A_24_P169773"
"CTBP1","A_23_P41292"
"CTBP1-DT","A_23_P7083"
"CTBP2","A_23_P63897"
"CTBS","A_23_P201368"
"CTC1","A_33_P3312104"
"CTCF","A_24_P347704"
"CTCFL","A_24_P387437"
"CTDNEP1","A_33_P3384825"
"CTDP1","A_23_P101111"
"CTDSP1","A_23_P28263"
"CTDSP2","A_23_P81880"
"CTDSPL","A_24_P251534"
"CTDSPL2","A_32_P76060"
"CTF1","A_33_P3822503"
"CTH","A_23_P126103"
"CTIF","A_23_P207967"
"CTLA4","A_33_P3396139"
"CTNNA1","A_23_P58647"
"CTNNA2","A_33_P3248943"
"CTNNA3","A_33_P3302191"
"CTNNAL1","A_23_P157795"
"CTNNB1","A_33_P3421695"
"CTNNBIP1","A_23_P23584"
"CTNNBL1","A_33_P3272361"
"CTNND1","A_23_P251316"
"CTNS","A_33_P3322430"
"CTPS1","A_23_P21706"
"CTPS2","A_33_P3272593"
"CTR9","A_23_P127676"
"CTRB1","A_23_P431139"
"CTRB2","A_32_P86150"
"CTRC","A_33_P3254331"
"CTRL","A_24_P90900"
"CTSA","A_24_P74371"
"CTSB","A_33_P3287631"
"CTSC","A_33_P3268472"
"CTSD","A_33_P3243907"
"CTSF","A_23_P24433"
"CTSG","A_23_P140384"
"CTSH","A_23_P14774"
"CTSK","A_23_P34744"
"CTSL","A_23_P94533"
"CTSL3P","A_33_P3355580"
"CTSLP2","A_33_P3299898"
"CTSO","A_33_P3418025"
"CTSS","A_24_P242646"
"CTSV","A_23_P146456"
"CTSW","A_24_P396167"
"CTSZ","A_23_P40240"
"CTTN","A_33_P3310780"
"CTTNBP2","A_23_P215744"
"CTTNBP2NL","A_23_P318420"
"CTU1","A_33_P3395976"
"CTU2","A_24_P118247"
"CTXN1","A_33_P3320953"
"CTXN3","A_32_P189413"
"CUBN","A_33_P3241891"
"CUEDC1","A_24_P287974"
"CUEDC2","A_23_P127088"
"CUL1","A_24_P303589"
"CUL2","A_24_P252794"
"CUL3","A_33_P3321150"
"CUL4A","A_23_P151471"
"CUL4B","A_23_P148463"
"CUL5","A_33_P3301286"
"CUL7","A_23_P19348"
"CUL9","A_23_P311740"
"CUTA","A_23_P214678"
"CUTC","A_23_P98015"
"CUX1","A_23_P253375"
"CUX2","A_24_P281908"
"CUZD1","A_23_P47058"
"CWC15","A_23_P98218"
"CWC22","A_23_P373799"
"CWC25","A_24_P48318"
"CWC27","A_23_P92629"
"CWF19L1","A_23_P35354"
"CWF19L2","A_23_P161719"
"CX3CL1","A_24_P390495"
"CX3CR1","A_23_P407565"
"CXADR","A_23_P57268"
"CXCL1","A_23_P7144"
"CXCL10","A_33_P3343175"
"CXCL11","A_23_P125278"
"CXCL12","A_33_P3712341"
"CXCL14","A_33_P3590259"
"CXCL16","A_33_P3351249"
"CXCL17","A_23_P50269"
"CXCL2","A_23_P315364"
"CXCL3","A_24_P183150"
"CXCL5","A_24_P277367"
"CXCL6","A_23_P155755"
"CXCL8","A_33_P3243230"
"CXCL9","A_23_P18452"
"CXCR1","A_23_P67932"
"CXCR2","A_33_P3214550"
"CXCR2P1","A_33_P3375859"
"CXCR3","A_33_P3389230"
"CXCR5","A_24_P252945"
"CXXC1","A_23_P141779"
"CXXC1P1","A_33_P3255324"
"CXXC5","A_23_P399001"
"CXorf38","A_24_P36745"
"CXorf49B","A_33_P3650224"
"CXorf51A","A_33_P3209170"
"CXorf58","A_23_P413157"
"CXorf65","A_32_P101352"
"CXorf66","A_33_P3302275"
"CYB561","A_23_P218331"
"CYB561A3","A_23_P342131"
"CYB561D1","A_33_P3377110"
"CYB561D2","A_23_P121326"
"CYB5A","A_33_P3311076"
"CYB5B","A_33_P3357535"
"CYB5D1","A_33_P3387045"
"CYB5D2","A_24_P228026"
"CYB5R1","A_23_P52101"
"CYB5R2","A_23_P2181"
"CYB5R3","A_23_P502224"
"CYB5R4","A_33_P3316686"
"CYB5RL","A_33_P3353263"
"CYBA","A_33_P3372332"
"CYBB","A_24_P365767"
"CYBC1","A_33_P3335596"
"CYBRD1","A_23_P209564"
"CYC1","A_23_P20980"
"CYCS","A_24_P376556"
"CYCSP52","A_33_P3261132"
"CYFIP1","A_23_P140648"
"CYFIP2","A_23_P167509"
"CYGB","A_33_P3285868"
"CYLC1","A_33_P3294725"
"CYLC2","A_24_P158285"
"CYLD","A_33_P3251771"
"CYMP","A_33_P3255964"
"CYP11A1","A_23_P129169"
"CYP11B1","A_24_P329424"
"CYP11B2","A_23_P215997"
"CYP17A1","A_33_P3376478"
"CYP19A1","A_23_P37410"
"CYP1A1","A_23_P163402"
"CYP1A2","A_33_P3253747"
"CYP1B1","A_23_P209625"
"CYP1B1-AS1","A_33_P3294764"
"CYP20A1","A_33_P3371175"
"CYP21A2","A_23_P257478"
"CYP24A1","A_23_P28815"
"CYP26A1","A_23_P138655"
"CYP26B1","A_23_P210109"
"CYP26C1","A_33_P3264672"
"CYP27A1","A_33_P3361422"
"CYP27B1","A_23_P36397"
"CYP27C1","A_33_P3264662"
"CYP2A13","A_23_P55779"
"CYP2A7","A_23_P27528"
"CYP2B6","A_24_P339514"
"CYP2C18","A_23_P52480"
"CYP2C19","A_33_P3326075"
"CYP2C8","A_23_P161368"
"CYP2C9","A_23_P12767"
"CYP2D6","A_23_P155123"
"CYP2E1","A_24_P394940"
"CYP2F1","A_23_P89981"
"CYP2G1P","A_33_P3225562"
"CYP2R1","A_23_P202860"
"CYP2S1","A_33_P3348782"
"CYP2U1","A_33_P3252605"
"CYP2W1","A_33_P3252612"
"CYP39A1","A_23_P133712"
"CYP3A4","A_33_P3251342"
"CYP3A43","A_23_P215828"
"CYP3A5","A_23_P8801"
"CYP3A7","A_23_P358917"
"CYP46A1","A_33_P3337604"
"CYP4A11","A_33_P3303474"
"CYP4A22","A_33_P3382471"
"CYP4F11","A_24_P42693"
"CYP4F12","A_23_P108280"
"CYP4F2","A_23_P50710"
"CYP4F22","A_24_P331150"
"CYP4F29P","A_32_P405902"
"CYP4F3","A_33_P3294277"
"CYP4F30P","A_24_P28811"
"CYP4F8","A_23_P131060"
"CYP4V2","A_24_P945228"
"CYP4X1","A_24_P293530"
"CYP4Z1","A_33_P3279880"
"CYP4Z2P","A_24_P145529"
"CYP51A1","A_24_P130041"
"CYP7A1","A_23_P146198"
"CYP7B1","A_23_P169092"
"CYP8B1","A_24_P208704"
"CYREN","A_23_P8380"
"CYRIA","A_23_P21560"
"CYRIB","A_23_P43255"
"CYS1","A_33_P3398156"
"CYSLTR1","A_23_P22660"
"CYSLTR2","A_23_P319466"
"CYSRT1","A_33_P3232504"
"CYSTM1","A_23_P259506"
"CYTH1","A_23_P83781"
"CYTH2","A_23_P119377"
"CYTH3","A_33_P3271051"
"CYTH4","A_23_P155057"
"CYTIP","A_23_P90626"
"CYTL1","A_33_P3252695"
"CYTOR","A_24_P273143"
"CYYR1","A_24_P391230"
"CZIB","A_23_P23017"
"D21S2088E","A_33_P3762733"
"D2HGDH","A_23_P376627"
"DAAM1","A_23_P54116"
"DAAM2","A_32_P52785"
"DAB1","A_23_P23850"
"DAB2","A_33_P3338928"
"DAB2IP","A_24_P149704"
"DACH1","A_33_P3316786"
"DACH2","A_32_P464135"
"DACT1","A_23_P65518"
"DACT2","A_24_P289260"
"DACT3","A_23_P360964"
"DAG1","A_24_P225961"
"DAGLA","A_24_P115967"
"DAGLB","A_23_P8539"
"DALRD3","A_23_P135611"
"DANCR","A_24_P902052"
"DAND5","A_23_P435636"
"DAO","A_23_P139635"
"DAOA","A_24_P155617"
"DAOA-AS1","A_33_P3801258"
"DAP","A_23_P92687"
"DAP3","A_23_P63067"
"DAPK1","A_33_P3737504"
"DAPK2","A_24_P10233"
"DAPK3","A_33_P3224045"
"DAPL1","A_23_P165598"
"DAPP1","A_23_P255444"
"DARS1","A_33_P3531857"
"DARS2","A_23_P148984"
"DAW1","A_23_P28466"
"DAXX","A_23_P122579"
"DAZ1","A_33_P3282325"
"DAZ2","A_23_P392738"
"DAZAP1","A_23_P165247"
"DAZAP2","A_23_P40025"
"DAZL","A_23_P212105"
"DBF4","A_33_P3413523"
"DBF4B","A_23_P38328"
"DBI","A_33_P3244931"
"DBIL5P","A_23_P351535"
"DBIL5P2","A_33_P3893191"
"DBN1","A_23_P156284"
"DBNDD1","A_23_P26439"
"DBNDD2","A_23_P28772"
"DBNL","A_24_P43681"
"DBP","A_23_P130753"
"DBR1","A_23_P69452"
"DBT","A_33_P3308949"
"DBX1","A_33_P3407350"
"DBX2","A_33_P3423959"
"DCAF1","A_24_P26177"
"DCAF10","A_23_P217054"
"DCAF12","A_23_P255257"
"DCAF12L1","A_24_P203134"
"DCAF12L2","A_33_P3309999"
"DCAF13","A_23_P215875"
"DCAF15","A_23_P50399"
"DCAF16","A_33_P3296308"
"DCAF17","A_33_P3349546"
"DCAF4","A_24_P241318"
"DCAF4L1","A_33_P3327290"
"DCAF4L2","A_33_P3386414"
"DCAF5","A_23_P352684"
"DCAF6","A_33_P3294449"
"DCAF7","A_24_P916141"
"DCAF8","A_33_P3243622"
"DCAF8L1","A_33_P3250745"
"DCAF8L2","A_33_P3310009"
"DCAKD","A_24_P82493"
"DCANP1","A_23_P81441"
"DCBLD1","A_23_P409462"
"DCBLD2","A_24_P137434"
"DCC","A_23_P158708"
"DCD","A_23_P76218"
"DCDC1","A_23_P413862"
"DCDC2","A_33_P3212109"
"DCDC2B","A_33_P3246028"
"DCHS1","A_23_P98645"
"DCHS2","A_23_P144490"
"DCK","A_24_P89080"
"DCLK1","A_23_P369994"
"DCLK2","A_23_P304524"
"DCLK3","A_33_P3289123"
"DCLRE1A","A_23_P75038"
"DCLRE1B","A_24_P54131"
"DCLRE1C","A_23_P86632"
"DCN","A_23_P64873"
"DCP1A","A_23_P166826"
"DCP1B","A_23_P313512"
"DCP2","A_24_P886040"
"DCPH1","A_23_P254472"
"DCPS","A_23_P52738"
"DCST1","A_23_P341527"
"DCST2","A_23_P314798"
"DCSTAMP","A_23_P43107"
"DCT","A_23_P76622"
"DCTD","A_24_P337334"
"DCTN1","A_33_P3264577"
"DCTN2","A_23_P360167"
"DCTN3","A_23_P158024"
"DCTN4","A_23_P251945"
"DCTN5","A_23_P309967"
"DCTN6","A_23_P43049"
"DCTPP1","A_23_P33613"
"DCUN1D1","A_33_P3290328"
"DCUN1D2","A_24_P215628"
"DCUN1D3","A_32_P104000"
"DCUN1D4","A_32_P43812"
"DCUN1D5","A_23_P127533"
"DCX","A_23_P500328"
"DCXR","A_23_P44166"
"DDA1","A_24_P262738"
"DDAH1","A_23_P201386"
"DDAH2","A_23_P19482"
"DDB1","A_23_P258246"
"DDB2","A_23_P52610"
"DDC","A_23_P145644"
"DDHD1","A_23_P205623"
"DDHD2","A_23_P157600"
"DDI1","A_33_P3322484"
"DDI2","A_33_P3284408"
"DDIAS","A_23_P429491"
"DDIT3","A_23_P21134"
"DDIT4L","A_33_P3372099"
"DDN","A_23_P2317"
"DDO","A_23_P30603"
"DDOST","A_23_P149099"
"DDR1","A_23_P93311"
"DDR2","A_23_P452"
"DDRGK1","A_33_P3268338"
"DDT","A_23_P17769"
"DDTL","A_33_P3340205"
"DDX10","A_23_P32938"
"DDX11","A_23_P203947"
"DDX11L2","A_32_P227317"
"DDX17","A_23_P218784"
"DDX18","A_33_P3235340"
"DDX19A","A_33_P3242080"
"DDX19B","A_23_P140994"
"DDX20","A_23_P63153"
"DDX21","A_33_P3287815"
"DDX23","A_23_P64770"
"DDX24","A_23_P151544"
"DDX25","A_23_P138910"
"DDX27","A_23_P40194"
"DDX31","A_33_P3305368"
"DDX39A","A_23_P78664"
"DDX39B","A_24_P904903"
"DDX3X","A_24_P126060"
"DDX3Y","A_33_P3224331"
"DDX4","A_23_P256624"
"DDX41","A_23_P122116"
"DDX42","A_23_P152651"
"DDX43","A_23_P156445"
"DDX46","A_32_P105195"
"DDX47","A_23_P65089"
"DDX49","A_23_P16573"
"DDX5","A_23_P15511"
"DDX50","A_24_P512054"
"DDX51","A_33_P3372886"
"DDX52","A_33_P3372869"
"DDX53","A_33_P3372874"
"DDX54","A_32_P430359"
"DDX55","A_33_P3357062"
"DDX56","A_33_P3372844"
"DDX59","A_24_P156886"
"DDX6","A_24_P215407"
"DDX60","A_23_P41470"
"DDX60L","A_23_P30069"
"DEAF1","A_23_P158533"
"DECR1","A_24_P269619"
"DECR2","A_23_P100315"
"DEDD","A_23_P74716"
"DEDD2","A_24_P207479"
"DEF6","A_23_P321913"
"DEF8","A_23_P88893"
"DEFA10P","A_33_P3766913"
"DEFA11P","A_33_P3461258"
"DEFA3","A_23_P31816"
"DEFA4","A_23_P326080"
"DEFA5","A_23_P112086"
"DEFA6","A_24_P363711"
"DEFA7P","A_33_P3298173"
"DEFA8P","A_33_P3743432"
"DEFA9P","A_33_P3662685"
"DEFB1","A_23_P71480"
"DEFB103A","A_33_P3358815"
"DEFB103B","A_23_P169017"
"DEFB104B","A_23_P9018"
"DEFB105B","A_23_P380871"
"DEFB106B","A_23_P425814"
"DEFB107A","A_33_P3352772"
"DEFB108B","A_33_P3265803"
"DEFB109A","A_33_P3336240"
"DEFB109B","A_33_P3240163"
"DEFB110","A_33_P3343402"
"DEFB112","A_33_P3412678"
"DEFB113","A_33_P3267627"
"DEFB114","A_33_P3354201"
"DEFB115","A_33_P3328352"
"DEFB116","A_33_P3278689"
"DEFB118","A_23_P17548"
"DEFB119","A_23_P312285"
"DEFB121","A_33_P3305446"
"DEFB122","A_33_P3375626"
"DEFB123","A_23_P356694"
"DEFB124","A_33_P3316522"
"DEFB125","A_23_P320846"
"DEFB126","A_23_P6045"
"DEFB127","A_23_P385843"
"DEFB128","A_33_P3272962"
"DEFB130A","A_33_P3323902"
"DEFB131A","A_33_P3246026"
"DEFB132","A_33_P3316475"
"DEFB133","A_33_P3410889"
"DEFB134","A_33_P3353230"
"DEFB135","A_33_P3397545"
"DEFB136","A_33_P3252598"
"DEFB4A","A_23_P157628"
"DEFT1P","A_23_P320124"
"DEGS1","A_33_P3290179"
"DEGS2","A_33_P3290174"
"DEK","A_23_P254702"
"DELE1","A_24_P63563"
"DENND10","A_32_P138004"
"DENND11","A_33_P3421626"
"DENND1A","A_23_P43557"
"DENND1B","A_23_P201605"
"DENND1C","A_23_P78608"
"DENND2A","A_23_P257583"
"DENND2B","A_23_P24884"
"DENND2C","A_23_P46315"
"DENND2D","A_23_P85952"
"DENND3","A_32_P175301"
"DENND4A","A_23_P384329"
"DENND4B","A_33_P3238573"
"DENND4C","A_23_P157726"
"DENND5A","A_23_P321201"
"DENND5B","A_24_P541919"
"DENND6A","A_32_P118586"
"DENND6B","A_24_P659036"
"DENR","A_33_P3307775"
"DEPDC1","A_23_P200310"
"DEPDC1B","A_23_P361419"
"DEPDC4","A_32_P137966"
"DEPDC5","A_33_P3409672"
"DEPDC7","A_23_P385126"
"DEPP1","A_24_P329795"
"DEPTOR","A_23_P60166"
"DERA","A_23_P25253"
"DERL1","A_23_P330908"
"DERL3","A_33_P3724155"
"DES","A_33_P3275801"
"DESI1","A_23_P356330"
"DESI2","A_23_P201445"
"DET1","A_23_P26184"
"DEUP1","A_33_P3351681"
"DEXI","A_24_P144377"
"DFFB","A_23_P44546"
"DGAT1","A_23_P112162"
"DGAT2","A_23_P53198"
"DGAT2L6","A_33_P3312686"
"DGAT2L7P","A_33_P3364278"
"DGCR11","A_33_P3411357"
"DGCR2","A_24_P125881"
"DGCR5","A_23_P29118"
"DGCR6L","A_23_P143569"
"DGCR8","A_23_P211355"
"DGKA","A_23_P105307"
"DGKB","A_33_P3310172"
"DGKD","A_23_P210253"
"DGKE","A_33_P3411291"
"DGKG","A_33_P3421728"
"DGKH","A_23_P502980"
"DGKI","A_23_P169909"
"DGKK","A_33_P3249768"
"DGKQ","A_33_P3216427"
"DGKZ","A_33_P3239338"
"DGLUCY","A_23_P48771"
"DGUOK","A_24_P285623"
"DHCR24","A_23_P379475"
"DHCR7","A_23_P24444"
"DHDDS","A_33_P3340792"
"DHDH","A_23_P67367"
"DHFR","A_24_P343095"
"DHFR2","A_33_P3317576"
"DHH","A_33_P3338740"
"DHODH","A_23_P15202"
"DHPS","A_23_P501887"
"DHRS1","A_23_P48747"
"DHRS11","A_23_P27005"
"DHRS12","A_23_P205200"
"DHRS13","A_23_P66719"
"DHRS2","A_23_P321501"
"DHRS3","A_23_P33759"
"DHRS4","A_33_P3383431"
"DHRS4-AS1","A_33_P3403459"
"DHRS4L1","A_33_P3383436"
"DHRS4L2","A_33_P3213997"
"DHRS7B","A_23_P141208"
"DHRS7C","A_23_P129916"
"DHRS9","A_23_P56559"
"DHRSX","A_24_P378987"
"DHTKD1","A_24_P722216"
"DHX15","A_23_P69826"
"DHX16","A_23_P168062"
"DHX29","A_23_P81463"
"DHX30","A_33_P3315874"
"DHX32","A_23_P47004"
"DHX33","A_24_P364970"
"DHX34","A_33_P3315856"
"DHX35","A_23_P5945"
"DHX36","A_23_P57697"
"DHX37","A_23_P13914"
"DHX38","A_23_P38011"
"DHX40","A_33_P3424112"
"DHX57","A_23_P16908"
"DHX58","A_23_P38346"
"DHX8","A_23_P124224"
"DHX9","A_24_P36847"
"DIABLO","A_33_P3330125"
"DIAPH1","A_24_P323104"
"DIAPH2","A_23_P85004"
"DIAPH2-AS1","A_33_P3589033"
"DIAPH3","A_32_P150891"
"DICER1","A_33_P3212490"
"DIDO1","A_23_P388190"
"DIMT1","A_23_P58529"
"DIO1","A_23_P45811"
"DIO2","A_23_P48740"
"DIO3","A_23_P105923"
"DIO3OS","A_24_P759584"
"DIP2A","A_24_P7179"
"DIP2B","A_23_P401380"
"DIP2C","A_24_P360722"
"DIP2C-AS1","A_33_P3322949"
"DIPK1A","A_33_P3334443"
"DIPK1B","A_23_P431305"
"DIPK1C","A_32_P203404"
"DIPK2A","A_24_P371399"
"DIPK2B","A_33_P3293925"
"DIRAS1","A_23_P386942"
"DIRAS2","A_23_P20660"
"DIRAS3","A_23_P149121"
"DIRC1","A_23_P131139"
"DIRC3","A_33_P3315134"
"DIS3","A_24_P395317"
"DIS3L","A_23_P65741"
"DIS3L2","A_33_P3270192"
"DISC1","A_23_P62967"
"DISC2","A_33_P3400903"
"DISP1","A_23_P201319"
"DISP2","A_23_P324340"
"DISP3","A_32_P232411"
"DIXDC1","A_33_P3399090"
"DKC1","A_23_P137143"
"DKFZP434A062","A_24_P667968"
"DKFZP586I1420","A_23_P403398"
"DKFZp434L192","A_32_P150142"
"DKFZp451B082","A_33_P3826751"
"DKK1","A_23_P24129"
"DKK2","A_23_P155848"
"DKK3","A_24_P261417"
"DKK4","A_23_P94275"
"DKKL1","A_23_P130743"
"DLAT","A_23_P203030"
"DLC1","A_24_P940115"
"DLD","A_33_P3344579"
"DLEC1","A_23_P18282"
"DLEU1","A_23_P151337"
"DLEU2L","A_33_P3286218"
"DLEU7","A_33_P3284888"
"DLG1","A_33_P3224380"
"DLG2","A_32_P229618"
"DLG3","A_24_P945283"
"DLG4","A_23_P411102"
"DLG5","A_24_P129632"
"DLGAP1","A_24_P62367"
"DLGAP2","A_32_P930375"
"DLGAP3","A_33_P3232557"
"DLGAP4","A_24_P216253"
"DLGAP5","A_23_P88331"
"DLK1","A_24_P236251"
"DLK2","A_33_P3254460"
"DLL1","A_23_P167920"
"DLL3","A_24_P57047"
"DLL4","A_23_P419641"
"DLST","A_23_P205697"
"DLX1","A_32_P142818"
"DLX2","A_23_P28598"
"DLX3","A_24_P296587"
"DLX4","A_23_P164196"
"DLX5","A_33_P3235147"
"DLX6","A_33_P3242883"
"DLX6-AS1","A_33_P3212989"
"DMAC1","A_23_P305877"
"DMAC2L","A_24_P118231"
"DMAP1","A_23_P388780"
"DMBT1","A_23_P86599"
"DMBX1","A_23_P500542"
"DMC1","A_23_P361381"
"DMD","A_24_P185854"
"DMGDH","A_23_P257803"
"DMKN","A_23_P320261"
"DMP1","A_23_P133153"
"DMPK","A_23_P50535"
"DMRT1","A_23_P169293"
"DMRT2","A_33_P3394744"
"DMRT3","A_23_P157895"
"DMRTA1","A_23_P413923"
"DMRTA2","A_33_P3352557"
"DMRTB1","A_23_P417821"
"DMRTC1","A_32_P179998"
"DMRTC2","A_23_P300245"
"DMTF1","A_23_P8664"
"DMTN","A_33_P3381870"
"DMWD","A_33_P3428642"
"DMXL1","A_23_P250571"
"DMXL2","A_23_P327361"
"DNA2","A_33_P3833211"
"DNAAF1","A_23_P54612"
"DNAAF10","A_32_P165113"
"DNAAF19","A_33_P3315949"
"DNAAF2","A_23_P14493"
"DNAAF3","A_33_P3286349"
"DNAAF4","A_33_P3344169"
"DNAAF5","A_23_P258689"
"DNAAF6","A_32_P211418"
"DNAAF8","A_23_P414281"
"DNAAF9","A_33_P3345389"
"DNAH1","A_23_P18213"
"DNAH10","A_33_P3250333"
"DNAH10OS","A_33_P3415124"
"DNAH11","A_32_P19806"
"DNAH12","A_32_P14721"
"DNAH14","A_23_P333951"
"DNAH17","A_33_P3556532"
"DNAH2","A_32_P206899"
"DNAH3","A_23_P329340"
"DNAH5","A_24_P388786"
"DNAH6","A_33_P3422968"
"DNAH7","A_23_P33583"
"DNAH8","A_33_P3309456"
"DNAH9","A_23_P164068"
"DNAI1","A_33_P3304242"
"DNAI2","A_33_P3285629"
"DNAI3","A_23_P422732"
"DNAI4","A_23_P200670"
"DNAI7","A_23_P95231"
"DNAJA1","A_24_P9671"
"DNAJA1P5","A_33_P3807268"
"DNAJA2","A_33_P3414574"
"DNAJA4","A_23_P206140"
"DNAJB1","A_23_P90062"
"DNAJB11","A_23_P166899"
"DNAJB12","A_24_P244100"
"DNAJB13","A_33_P3369854"
"DNAJB14","A_23_P213199"
"DNAJB2","A_24_P102981"
"DNAJB3","A_23_P317450"
"DNAJB4","A_24_P393958"
"DNAJB5","A_23_P112241"
"DNAJB6","A_32_P229746"
"DNAJB7","A_23_P351168"
"DNAJB8","A_23_P121413"
"DNAJB9","A_23_P258944"
"DNAJC1","A_23_P127128"
"DNAJC10","A_24_P225604"
"DNAJC11","A_23_P103942"
"DNAJC12","A_33_P3225066"
"DNAJC13","A_23_P166910"
"DNAJC14","A_23_P433079"
"DNAJC15","A_33_P3361741"
"DNAJC16","A_23_P358009"
"DNAJC17","A_23_P140698"
"DNAJC18","A_32_P149251"
"DNAJC19","A_33_P3362869"
"DNAJC2","A_23_P254573"
"DNAJC21","A_33_P3310533"
"DNAJC22","A_32_P407245"
"DNAJC24","A_32_P198303"
"DNAJC25","A_23_P397019"
"DNAJC27","A_32_P13795"
"DNAJC28","A_23_P68700"
"DNAJC3","A_33_P3462960"
"DNAJC30","A_23_P157170"
"DNAJC4","A_23_P202769"
"DNAJC5","A_33_P3363153"
"DNAJC5B","A_24_P355145"
"DNAJC5G","A_23_P417921"
"DNAJC6","A_33_P3216714"
"DNAJC7","A_23_P60591"
"DNAJC8","A_23_P46455"
"DNAL1","A_23_P25913"
"DNAL4","A_23_P17880"
"DNALI1","A_33_P3289227"
"DNASE1","A_23_P66311"
"DNASE1L1","A_23_P85164"
"DNASE1L2","A_23_P3643"
"DNASE1L3","A_33_P3234202"
"DNASE2","A_23_P119266"
"DNASE2B","A_23_P126677"
"DND1","A_32_P42054"
"DNER","A_23_P362148"
"DNHD1","A_23_P316472"
"DNLZ","A_33_P3358403"
"DNM1","A_33_P3329419"
"DNM1L","A_24_P743907"
"DNM1P35","A_33_P3327723"
"DNM1P46","A_33_P3378384"
"DNM2","A_23_P407074"
"DNM3","A_33_P3264364"
"DNMBP","A_23_P328206"
"DNMBP-AS1","A_33_P3300237"
"DNMT1","A_33_P3329187"
"DNMT3A","A_33_P3272330"
"DNMT3B","A_23_P28953"
"DNMT3L","A_23_P17673"
"DNPEP","A_24_P231494"
"DNPH1","A_33_P3372451"
"DNTT","A_23_P409489"
"DNTTIP1","A_23_P131816"
"DNTTIP2","A_23_P97584"
"DOC2A","A_23_P152330"
"DOC2B","A_33_P3256396"
"DOCK1","A_23_P45059"
"DOCK10","A_23_P16722"
"DOCK11","A_23_P148584"
"DOCK2","A_24_P408704"
"DOCK3","A_24_P272845"
"DOCK4","A_23_P59637"
"DOCK5","A_24_P350245"
"DOCK6","A_23_P67299"
"DOCK7","A_32_P230547"
"DOCK8","A_32_P181077"
"DOCK8-AS1","A_33_P3353662"
"DOCK9","A_33_P3410279"
"DOHH","A_23_P125408"
"DOK1","A_23_P5601"
"DOK2","A_23_P134851"
"DOK3","A_33_P3253144"
"DOK4","A_24_P48069"
"DOK5","A_23_P40217"
"DOK6","A_32_P160561"
"DOK7","A_23_P398854"
"DOLPP1","A_23_P386764"
"DONSON","A_23_P425502"
"DOP1A","A_33_P3300757"
"DOP1B","A_23_P253586"
"DORIP1","A_33_P3395758"
"DOT1L","A_23_P101737"
"DPAGT1","A_23_P1775"
"DPCD","A_33_P3240200"
"DPEP1","A_23_P152262"
"DPEP2","A_23_P118025"
"DPEP3","A_23_P129413"
"DPF1","A_33_P3317277"
"DPF2","A_23_P127446"
"DPF3","A_33_P3240946"
"DPH2","A_24_P393844"
"DPH3","A_23_P69188"
"DPH3P1","A_23_P258814"
"DPH5","A_23_P148821"
"DPH6","A_23_P77135"
"DPH7","A_23_P329016"
"DPM1","A_23_P68472"
"DPM2","A_23_P217079"
"DPM3","A_33_P3257460"
"DPP10","A_33_P3211356"
"DPP3","A_23_P116091"
"DPP4","A_33_P3287223"
"DPP6","A_23_P170888"
"DPP7","A_33_P3387956"
"DPP8","A_33_P3577671"
"DPP9","A_33_P3292028"
"DPPA2","A_23_P405885"
"DPPA3","A_32_P743184"
"DPPA4","A_23_P380526"
"DPPA5","A_32_P233950"
"DPRX","A_33_P3402963"
"DPRXP4","A_33_P3306048"
"DPT","A_23_P200741"
"DPY19L1","A_23_P394448"
"DPY19L1P1","A_24_P453921"
"DPY19L2","A_24_P177948"
"DPY19L2P1","A_33_P3235816"
"DPY19L2P2","A_24_P186608"
"DPY19L2P3","A_33_P3626301"
"DPY19L3","A_33_P3209816"
"DPY19L4","A_32_P196047"
"DPY30","A_23_P5389"
"DPYD","A_23_P135548"
"DPYS","A_23_P20311"
"DPYSL2","A_24_P38347"
"DPYSL3","A_24_P149036"
"DPYSL4","A_33_P3410296"
"DPYSL5","A_23_P210224"
"DQX1","A_23_P56659"
"DR1","A_23_P391725"
"DRAM1","A_23_P99163"
"DRAM2","A_24_P268160"
"DRAP1","A_23_P138856"
"DRAXIN","A_24_P109417"
"DRC1","A_23_P308722"
"DRC10","A_24_P390060"
"DRC11","A_33_P3343182"
"DRC12","A_24_P450285"
"DRC2","A_23_P47904"
"DRC3","A_23_P255701"
"DRC4","A_33_P3405921"
"DRC5","A_32_P203099"
"DRC7","A_23_P129367"
"DRC8","A_23_P149476"
"DRC9","A_23_P300076"
"DRD1","A_23_P388061"
"DRD2","A_33_P3733417"
"DRD3","A_23_P57733"
"DRD4","A_33_P3373765"
"DRD5","A_24_P862886"
"DRG1","A_23_P68884"
"DRG2","A_23_P141656"
"DRGX","A_33_P3345344"
"DRICH1","A_24_P91701"
"DROSHA","A_23_P133596"
"DRP2","A_33_P3244753"
"DSC1","A_23_P38696"
"DSC2","A_23_P4494"
"DSC3","A_33_P3266898"
"DSCAM","A_23_P211141"
"DSCAML1","A_23_P47340"
"DSCC1","A_23_P252740"
"DSCR10","A_33_P3436732"
"DSCR4","A_24_P75963"
"DSCR8","A_23_P6252"
"DSCR9","A_33_P3254996"
"DSE","A_23_P19226"
"DSEL","A_33_P3251841"
"DSG1","A_33_P3265189"
"DSG2","A_23_P141730"
"DSG3","A_33_P3348747"
"DSG4","A_32_P538928"
"DSN1","A_23_P165937"
"DSP","A_32_P157945"
"DSPP","A_33_P3243028"
"DST","A_23_P303718"
"DSTN","A_23_P408095"
"DSTNP2","A_33_P3279379"
"DSTYK","A_32_P71943"
"DTD1","A_23_P17512"
"DTD2","A_23_P37144"
"DTHD1","A_32_P787109"
"DTL","A_23_P10385"
"DTNA","A_33_P3371785"
"DTNB","A_24_P216421"
"DTNBP1","A_33_P3337242"
"DTWD1","A_24_P70117"
"DTWD2","A_23_P346982"
"DTX1","A_24_P290751"
"DTX2","A_33_P3502640"
"DTX2P1-UPK3BP1-PMS2P11","A_23_P8797"
"DTX3","A_24_P359405"
"DTX3L","A_24_P941912"
"DTX4","A_24_P158718"
"DTYMK","A_23_P123974"
"DUOX1","A_23_P54291"
"DUOX2","A_23_P151851"
"DUOXA1","A_33_P3410235"
"DUOXA2","A_33_P3250443"
"DUS1L","A_33_P3266530"
"DUS2","A_23_P88848"
"DUS3L","A_33_P3344264"
"DUS4L","A_23_P215778"
"DUSP10","A_24_P182494"
"DUSP11","A_23_P376759"
"DUSP12","A_23_P51508"
"DUSP14","A_23_P207537"
"DUSP15","A_23_P154771"
"DUSP16","A_24_P189739"
"DUSP18","A_23_P143650"
"DUSP19","A_23_P90933"
"DUSP2","A_24_P37409"
"DUSP21","A_23_P256077"
"DUSP22","A_23_P120254"
"DUSP23","A_33_P3272698"
"DUSP26","A_23_P146134"
"DUSP28","A_33_P3383656"
"DUSP29","A_33_P3230841"
"DUSP3","A_23_P129956"
"DUSP4","A_23_P134935"
"DUSP5","A_23_P150018"
"DUSP5P1","A_24_P367602"
"DUSP6","A_23_P139704"
"DUSP7","A_24_P51855"
"DUSP8","A_33_P3359012"
"DUSP9","A_24_P417189"
"DUT","A_23_P88484"
"DUX3","A_23_P158257"
"DUX4","A_23_P104413"
"DUX4L1","A_33_P3258699"
"DUX4L4","A_23_P333129"
"DUX4L9","A_33_P3332287"
"DUXA","A_33_P3308586"
"DVL1","A_23_P201342"
"DVL2","A_23_P55342"
"DVL3","A_24_P291588"
"DXO","A_32_P181020"
"DYDC1","A_23_P360990"
"DYDC2","A_23_P75063"
"DYM","A_23_P170518"
"DYNAP","A_23_P380309"
"DYNC1H1","A_23_P128706"
"DYNC1I1","A_24_P221414"
"DYNC1I2","A_23_P154108"
"DYNC1LI1","A_23_P69141"
"DYNC1LI2","A_24_P236445"
"DYNC2H1","A_23_P147397"
"DYNC2I1","A_23_P157361"
"DYNC2I2","A_23_P20823"
"DYNC2LI1","A_23_P502170"
"DYNLL1","A_23_P65031"
"DYNLL2","A_23_P54991"
"DYNLRB1","A_24_P143440"
"DYNLRB2","A_23_P94840"
"DYNLT1","A_23_P8185"
"DYNLT2","A_32_P38283"
"DYNLT2B","A_23_P21162"
"DYNLT3","A_24_P91852"
"DYNLT4","A_33_P3375185"
"DYNLT5","A_32_P160045"
"DYRK1A","A_23_P211126"
"DYRK1B","A_23_P90296"
"DYRK2","A_24_P56270"
"DYRK3","A_24_P345209"
"DYRK4","A_23_P87902"
"DYSF","A_23_P39931"
"DYTN","A_33_P3318861"
"DZANK1","A_23_P40315"
"DZIP1","A_33_P3400224"
"DZIP1L","A_23_P384635"
"DZIP3","A_23_P144165"
"E2F2","A_23_P408955"
"E2F3","A_23_P385034"
"E2F4","A_23_P152218"
"E2F5","A_23_P31721"
"E2F6","A_23_P170774"
"E2F7","A_32_P210202"
"E2F8","A_23_P35871"
"E4F1","A_23_P15045"
"EAF1","A_24_P941930"
"EAF2","A_23_P252201"
"EAPP","A_23_P128783"
"EARS2","A_23_P152353"
"EBAG9","A_24_P98263"
"EBF1","A_32_P197561"
"EBF2","A_24_P43826"
"EBF3","A_23_P391396"
"EBF4","A_33_P3209537"
"EBLN1","A_33_P3286273"
"EBLN2","A_23_P6561"
"EBP","A_23_P171077"
"EBPL","A_23_P128554"
"ECE1","A_24_P396375"
"ECE2","A_23_P92261"
"ECEL1","A_32_P155666"
"ECEL1P2","A_33_P3610406"
"ECH1","A_23_P153853"
"ECHDC1","A_23_P215051"
"ECHDC2","A_23_P200203"
"ECHDC3","A_24_P343621"
"ECI1","A_23_P163647"
"ECI2","A_23_P156852"
"ECM1","A_23_P160559"
"ECM2","A_23_P303671"
"ECPAS","A_33_P3404286"
"ECRG4","A_33_P3289121"
"ECSCR","A_23_P72651"
"ECSIT","A_23_P119295"
"ECT2","A_23_P44684"
"ECT2L","A_33_P3367647"
"EDA","A_33_P3303572"
"EDA2R","A_33_P3413468"
"EDARADD","A_23_P503233"
"EDC3","A_24_P338992"
"EDC4","A_33_P3294392"
"EDDM3A","A_23_P25813"
"EDDM3B","A_24_P309802"
"EDEM1","A_24_P285768"
"EDEM2","A_24_P627306"
"EDEM3","A_24_P208045"
"EDF1","A_23_P60376"
"EDIL3","A_23_P401606"
"EDN1","A_33_P3258392"
"EDN2","A_23_P312150"
"EDN3","A_23_P17438"
"EDNRA","A_24_P217572"
"EDNRB","A_24_P330263"
"EDRF1","A_23_P435697"
"EEA1","A_23_P76159"
"EED","A_23_P53217"
"EEF1A1","A_24_P763243"
"EEF1A2","A_33_P3229953"
"EEF1AKMT1","A_23_P151368"
"EEF1AKMT2","A_24_P86868"
"EEF1AKMT3","A_23_P320878"
"EEF1B2","A_32_P49616"
"EEF1D","A_23_P31840"
"EEF1E1","A_23_P156842"
"EEF1G","A_23_P13344"
"EEF2","A_24_P87763"
"EEF2K","A_33_P3342410"
"EEF2KMT","A_33_P3386932"
"EEFSEC","A_23_P144202"
"EEIG2","A_32_P172864"
"EEPD1","A_23_P333498"
"EFCAB10","A_33_P3785051"
"EFCAB11","A_23_P129014"
"EFCAB12","A_32_P99753"
"EFCAB13","A_33_P3307013"
"EFCAB14","A_24_P233917"
"EFCAB3","A_33_P3264042"
"EFCAB5","A_33_P3237644"
"EFCAB6","A_23_P68978"
"EFCAB7","A_32_P137266"
"EFCAB8","A_33_P3326115"
"EFCAB9","A_33_P3385161"
"EFCC1","A_23_P166566"
"EFEMP1","A_23_P501007"
"EFEMP2","A_33_P3367830"
"EFHB","A_23_P417261"
"EFHC1","A_32_P86245"
"EFHC2","A_33_P3289576"
"EFHD1","A_23_P154338"
"EFHD2","A_23_P23443"
"EFNA2","A_23_P119535"
"EFNA3","A_24_P114032"
"EFNA4","A_23_P322"
"EFNA5","A_23_P167497"
"EFNB1","A_24_P365807"
"EFNB2","A_24_P355944"
"EFNB3","A_24_P940006"
"EFR3A","A_23_P71513"
"EFR3B","A_32_P83049"
"EFS","A_23_P48561"
"EFTUD2","A_23_P55190"
"EGF","A_23_P155979"
"EGFEM1P","A_33_P3332581"
"EGFL6","A_33_P3290709"
"EGFL7","A_32_P210642"
"EGFL8","A_23_P424582"
"EGFLAM","A_23_P144911"
"EGFR","A_33_P3351944"
"EGLN1","A_23_P343935"
"EGLN2","A_24_P322395"
"EGLN3","A_33_P3256952"
"EGOT","A_33_P3411744"
"EGR1","A_23_P214080"
"EGR2","A_23_P46936"
"EGR3","A_23_P216225"
"EGR4","A_23_P380318"
"EHBP1","A_24_P194886"
"EHBP1L1","A_23_P148121"
"EHD1","A_23_P52647"
"EHD2","A_24_P156113"
"EHD3","A_23_P79251"
"EHD4","A_23_P163458"
"EHF","A_23_P203540"
"EHHADH","A_24_P123119"
"EHMT1","A_23_P217120"
"EHMT2","A_23_P214638"
"EI24","A_24_P4661"
"EID1","A_33_P3309804"
"EID2","A_23_P365844"
"EID2B","A_23_P368259"
"EID3","A_23_P65068"
"EIF1","A_23_P45945"
"EIF1AD","A_32_P749354"
"EIF1AX","A_33_P3222105"
"EIF1AY","A_23_P148629"
"EIF1B","A_23_P6891"
"EIF2A","A_23_P44932"
"EIF2AK1","A_23_P251173"
"EIF2AK2","A_23_P142750"
"EIF2AK3","A_23_P135857"
"EIF2AK4","A_23_P54540"
"EIF2B2","A_23_P25929"
"EIF2B3","A_33_P3296372"
"EIF2B4","A_23_P154058"
"EIF2S1","A_33_P3402171"
"EIF2S2","A_32_P157965"
"EIF3A","A_23_P86550"
"EIF3B","A_23_P157072"
"EIF3C","A_23_P77568"
"EIF3D","A_23_P91702"
"EIF3E","A_23_P43141"
"EIF3F","A_23_P142776"
"EIF3G","A_33_P3369581"
"EIF3H","A_23_P9061"
"EIF3I","A_23_P85560"
"EIF3IP1","A_33_P3412563"
"EIF3J","A_33_P3369631"
"EIF3K","A_24_P330971"
"EIF3L","A_23_P57521"
"EIF3M","A_24_P138361"
"EIF4A1","A_23_P137103"
"EIF4A2","A_23_P121250"
"EIF4A3","A_23_P141636"
"EIF4B","A_33_P3294133"
"EIF4E","A_23_P118643"
"EIF4E1B","A_33_P3375516"
"EIF4E2","A_23_P165722"
"EIF4E3","A_24_P943113"
"EIF4EBP1","A_23_P22224"
"EIF4EBP2","A_24_P115621"
"EIF4ENIF1","A_23_P132263"
"EIF4G1","A_23_P218892"
"EIF4G2","A_33_P3306545"
"EIF4G3","A_23_P126241"
"EIF4H","A_32_P168886"
"EIF5","A_24_P398810"
"EIF5A","A_24_P31235"
"EIF5A2","A_24_P380022"
"EIF5AL1","A_33_P3265504"
"EIF5B","A_23_P218608"
"EIF6","A_23_P210939"
"EIPR1","A_23_P256773"
"ELAC1","A_23_P15944"
"ELAC2","A_23_P38254"
"ELANE","A_23_P130961"
"ELAPOR1","A_33_P3256793"
"ELAPOR2","A_23_P320242"
"ELAVL1","A_23_P388681"
"ELAVL2","A_23_P94571"
"ELAVL3","A_23_P319626"
"ELAVL4","A_24_P188447"
"ELF1","A_33_P3278068"
"ELF2","A_33_P3212027"
"ELF3","A_23_P104188"
"ELF4","A_24_P340066"
"ELF5","A_24_P227141"
"ELFN1","A_33_P3210848"
"ELFN2","A_32_P219279"
"ELK1","A_23_P171054"
"ELK3","A_23_P338325"
"ELK4","A_33_P3365010"
"ELL","A_23_P16538"
"ELL2","A_23_P58506"
"ELL3","A_24_P47988"
"ELMO2","A_24_P322635"
"ELMO3","A_23_P140830"
"ELMOD1","A_23_P401774"
"ELMOD2","A_23_P7282"
"ELMOD3","A_23_P154256"
"ELN","A_23_P215454"
"ELOA","A_24_P122403"
"ELOA2","A_23_P141706"
"ELOB","A_23_P100392"
"ELOC","A_23_P60028"
"ELOF1","A_23_P130689"
"ELOVL1","A_23_P23380"
"ELOVL2","A_33_P3231739"
"ELOVL3","A_23_P149858"
"ELOVL4","A_23_P82065"
"ELOVL5","A_23_P156497"
"ELOVL6","A_23_P7361"
"ELOVL7","A_23_P359277"
"ELP1","A_33_P3271350"
"ELP2","A_23_P78438"
"ELP3","A_23_P43034"
"ELP4","A_23_P24623"
"ELP5","A_33_P3394494"
"ELP6","A_23_P212310"
"ELSPBP1","A_23_P33664"
"EMB","A_33_P3359900"
"EMC1","A_33_P3297621"
"EMC10","A_23_P208674"
"EMC2","A_23_P60002"
"EMC3","A_23_P69226"
"EMC4","A_24_P100673"
"EMC6","A_23_P78134"
"EMC7","A_23_P88680"
"EMC9","A_23_P88234"
"EMCN","A_23_P382065"
"EMD","A_23_P85171"
"EME1","A_23_P368225"
"EME2","A_23_P366125"
"EMG1","A_24_P253215"
"EMID1","A_24_P14634"
"EMILIN1","A_33_P3333455"
"EMILIN2","A_23_P27315"
"EMILIN3","A_23_P79816"
"EML1","A_23_P205746"
"EML2","A_23_P101297"
"EML3","A_23_P127793"
"EML4","A_23_P143127"
"EML5","A_33_P3365750"
"EML6","A_33_P3327608"
"EMP1","A_23_P76488"
"EMP2","A_23_P304682"
"EMP3","A_23_P119362"
"EMSY","A_33_P3296592"
"EMX1","A_23_P315122"
"EMX2","A_23_P44264"
"EMX2OS","A_24_P892472"
"EN1","A_23_P56404"
"EN2","A_23_P134433"
"ENAH","A_23_P51397"
"ENAM","A_23_P393172"
"ENC1","A_24_P69095"
"ENDOD1","A_24_P189533"
"ENDOG","A_23_P83266"
"ENDOU","A_24_P52887"
"ENDOV","A_24_P361457"
"ENG","A_23_P83328"
"ENGASE","A_23_P152583"
"ENHO","A_33_P3417626"
"ENKD1","A_23_P14975"
"ENKUR","A_33_P3323136"
"ENO1","A_23_P137391"
"ENO2","A_24_P236091"
"ENO3","A_23_P130149"
"ENO4","A_33_P3268478"
"ENOSF1","A_33_P3261902"
"ENOX1","A_23_P128574"
"ENOX2","A_23_P258251"
"ENPEP","A_33_P3411338"
"ENPP1","A_23_P156880"
"ENPP2","A_23_P94338"
"ENPP3","A_23_P404536"
"ENPP4","A_23_P70318"
"ENPP5","A_23_P214244"
"ENPP6","A_24_P397255"
"ENPP7","A_33_P3383491"
"ENSA","A_32_P107746"
"ENTHD1","A_23_P410115"
"ENTPD1","A_33_P3262580"
"ENTPD2","A_33_P3278649"
"ENTPD3","A_23_P212469"
"ENTPD4","A_33_P3397486"
"ENTPD6","A_23_P79999"
"ENTPD7","A_24_P112447"
"ENTPD8","A_33_P3420224"
"ENTR1","A_23_P258272"
"ENTREP1","A_23_P422831"
"ENTREP2","A_32_P143000"
"ENTREP3","A_33_P3359160"
"ENY2","A_23_P82748"
"EOGT","A_24_P400507"
"EOLA2","A_23_P316239"
"EOMES","A_24_P97374"
"EP300","A_23_P40693"
"EP400","A_23_P253158"
"EP400P1","A_33_P3258953"
"EPAS1","A_23_P210210"
"EPB41","A_33_P3227842"
"EPB41L1","A_23_P154806"
"EPB41L2","A_23_P134109"
"EPB41L3","A_23_P4536"
"EPB41L4A","A_33_P3321697"
"EPB41L4A-AS1","A_23_P58538"
"EPB41L4B","A_23_P216556"
"EPB41L5","A_33_P3248325"
"EPB42","A_23_P140675"
"EPC1","A_23_P46725"
"EPC2","A_23_P359738"
"EPCAM","A_23_P91081"
"EPCIP","A_23_P132079"
"EPCIP-AS1","A_24_P359322"
"EPDR1","A_24_P166613"
"EPG5","A_33_P3261505"
"EPGN","A_24_P205994"
"EPHA1","A_23_P157333"
"EPHA10","A_24_P930741"
"EPHA2","A_23_P149281"
"EPHA3","A_23_P169819"
"EPHA5","A_23_P147839"
"EPHA6","A_33_P3408782"
"EPHA7","A_23_P7835"
"EPHA8","A_33_P3408852"
"EPHB1","A_23_P166993"
"EPHB2","A_33_P3370787"
"EPHB3","A_23_P95060"
"EPHB4","A_33_P3216532"
"EPHB6","A_23_P145935"
"EPHX1","A_23_P34537"
"EPHX2","A_23_P8834"
"EPHX3","A_23_P119593"
"EPHX4","A_23_P43898"
"EPM2A","A_24_P239419"
"EPM2AIP1","A_24_P627984"
"EPN1","A_33_P3370284"
"EPN2","A_23_P89310"
"EPN3","A_23_P130027"
"EPO","A_23_P145669"
"EPOP","A_33_P3393766"
"EPOR","A_23_P367899"
"EPPIN","A_33_P3213317"
"EPPIN-WFDC6","A_23_P210503"
"EPPK1","A_24_P357169"
"EPRS1","A_23_P97632"
"EPS15","A_33_P3371752"
"EPS15L1","A_33_P3350828"
"EPS8","A_23_P136347"
"EPS8L1","A_33_P3220698"
"EPS8L2","A_23_P147822"
"EPS8L3","A_33_P3317168"
"EPX","A_33_P3222253"
"EPYC","A_23_P87678"
"EQTN","A_24_P100650"
"ERAL1","A_23_P71981"
"ERAP1","A_33_P3413701"
"ERAP2","A_23_P30243"
"ERAS","A_24_P314585"
"ERBB2","A_33_P3292596"
"ERBB3","A_23_P349416"
"ERBB4","A_32_P183765"
"ERBIN","A_23_P30175"
"ERC1","A_24_P162293"
"ERC2","A_24_P205045"
"ERC2-IT1","A_23_P18055"
"ERCC1","A_33_P3228128"
"ERCC2","A_23_P130488"
"ERCC3","A_23_P5325"
"ERCC4","A_32_P157481"
"ERCC6","A_23_P1292"
"ERCC6L","A_23_P96325"
"ERCC6L2","A_33_P3269598"
"ERCC6L2-AS1","A_33_P3223660"
"ERCC8","A_23_P58521"
"EREG","A_23_P41344"
"ERF","A_23_P4679"
"ERFE","A_33_P3234124"
"ERG","A_23_P301414"
"ERG28","A_23_P25935"
"ERGIC1","A_23_P333218"
"ERGIC2","A_23_P139509"
"ERGIC3","A_24_P216313"
"ERH","A_23_P128734"
"ERI1","A_33_P3315504"
"ERI2","A_24_P934800"
"ERI3","A_32_P155416"
"ERICH1","A_32_P26969"
"ERICH3","A_24_P522998"
"ERICH4","A_33_P3325634"
"ERICH5","A_23_P333029"
"ERICH6","A_23_P346431"
"ERICH6B","A_32_P470868"
"ERLEC1","A_33_P3325018"
"ERLIN1","A_23_P52219"
"ERLIN2","A_24_P372217"
"ERLN","A_33_P3370600"
"ERMAP","A_24_P105391"
"ERMARD","A_32_P129527"
"ERMN","A_33_P3250165"
"ERMP1","A_23_P169154"
"ERN1","A_23_P164042"
"ERN2","A_33_P3213645"
"ERO1B","A_33_P3350703"
"ERP27","A_23_P139687"
"ERP29","A_23_P139929"
"ERP44","A_23_P373927"
"ERRFI1","A_23_P46470"
"ERV18-1","A_33_P3274179"
"ERV3-1","A_33_P3228355"
"ERVFRD-1","A_24_P924261"
"ERVFRD-2","A_33_P3609431"
"ERVI-1","A_33_P3349671"
"ERVV-2","A_33_P3230598"
"ERVW-1","A_23_P31444"
"ESAM","A_23_P47410"
"ESCO1","A_23_P317347"
"ESCO2","A_24_P323598"
"ESD","A_23_P87964"
"ESF1","A_33_P3354955"
"ESM1","A_23_P144843"
"ESPL1","A_23_P32707"
"ESPN","A_32_P901770"
"ESPNL","A_24_P170983"
"ESR1","A_24_P383478"
"ESR2","A_33_P3347911"
"ESRG","A_33_P3843873"
"ESRP1","A_23_P259127"
"ESRRA","A_23_P1585"
"ESRRB","A_23_P391857"
"ESRRG","A_24_P7965"
"ESS2","A_33_P3340154"
"ESX1","A_23_P325606"
"ESYT1","A_23_P150852"
"ESYT2","A_24_P132470"
"ESYT3","A_33_P3235432"
"ETAA1","A_23_P51117"
"ETF1","A_23_P133582"
"ETFA","A_32_P119616"
"ETFBKMT","A_33_P3318966"
"ETFDH","A_23_P61447"
"ETFRF1","A_24_P648176"
"ETHE1","A_23_P142294"
"ETNK1","A_33_P3351559"
"ETNK2","A_33_P3351554"
"ETNPPL","A_23_P257231"
"ETS1","A_24_P751074"
"ETS2","A_24_P314179"
"ETV1","A_33_P3357949"
"ETV2","A_33_P3343106"
"ETV3","A_23_P400945"
"ETV3L","A_32_P96000"
"ETV4","A_24_P416346"
"ETV5","A_32_P30649"
"ETV6","A_33_P3210343"
"ETV7","A_23_P42353"
"EVA1A","A_33_P3289025"
"EVA1B","A_33_P3211727"
"EVA1C","A_33_P3258747"
"EVC","A_24_P60441"
"EVC2","A_33_P3319880"
"EVI2A","A_23_P78092"
"EVI2B","A_23_P66694"
"EVI5","A_24_P96593"
"EVI5L","A_33_P3250028"
"EVL","A_23_P140427"
"EVPL","A_24_P104512"
"EVPLL","A_33_P3226678"
"EVX1","A_24_P368943"
"EVX2","A_33_P3360271"
"EWSAT1","A_23_P322632"
"EWSR1","A_33_P3339536"
"EXD1","A_23_P376036"
"EXD2","A_23_P205293"
"EXD3","A_33_P3319261"
"EXO1","A_23_P23303"
"EXO5","A_23_P193"
"EXOC2","A_23_P214354"
"EXOC3","A_23_P93046"
"EXOC3-AS1","A_33_P3217517"
"EXOC3L1","A_23_P424734"
"EXOC3L2","A_33_P3215392"
"EXOC3L4","A_33_P3360972"
"EXOC4","A_24_P7946"
"EXOC5","A_23_P14464"
"EXOC6","A_23_P169576"
"EXOC6B","A_32_P16258"
"EXOC7","A_33_P3390032"
"EXOC8","A_23_P430161"
"EXOG","A_33_P3406706"
"EXOSC1","A_23_P35591"
"EXOSC10","A_23_P62868"
"EXOSC2","A_33_P3347132"
"EXOSC4","A_33_P3301410"
"EXOSC5","A_24_P211151"
"EXOSC6","A_24_P39639"
"EXOSC7","A_23_P58102"
"EXOSC8","A_24_P241276"
"EXOSC9","A_23_P81121"
"EXPH5","A_23_P403335"
"EXT1","A_23_P43273"
"EXT2","A_23_P13183"
"EXTL1","A_23_P62999"
"EXTL3","A_33_P3291294"
"EXTL3-AS1","A_33_P3570974"
"EYA1","A_33_P3366667"
"EYA2","A_23_P319859"
"EYA3","A_24_P466374"
"EYA4","A_33_P3252281"
"EYS","A_33_P3276813"
"EZH1","A_23_P428219"
"EZH2","A_33_P3252196"
"EZR","A_23_P19590"
"F10","A_23_P205177"
"F11","A_23_P41314"
"F11R","A_24_P319364"
"F12","A_33_P3233871"
"F13A1","A_32_P140139"
"F13B","A_33_P3397496"
"F2R","A_23_P213562"
"F2RL1","A_33_P3232945"
"F2RL2","A_32_P60065"
"F2RL3","A_33_P3232955"
"F3","A_33_P3226832"
"F5","A_32_P41604"
"F8","A_24_P314451"
"F8A2","A_33_P3242234"
"F9","A_33_P3390411"
"FA2H","A_23_P49448"
"FAAH","A_23_P103226"
"FAAP100","A_23_P113417"
"FAAP20","A_33_P3359344"
"FAAP24","A_23_P338505"
"FABP1","A_23_P79562"
"FABP12","A_24_P558365"
"FABP2","A_23_P391711"
"FABP3","A_24_P62783"
"FABP4","A_23_P8820"
"FABP5","A_23_P59877"
"FABP6","A_23_P43846"
"FABP7","A_23_P134139"
"FABP9","A_33_P3348348"
"FADD","A_23_P86917"
"FADS1","A_24_P192994"
"FADS2","A_23_P98580"
"FADS3","A_23_P64404"
"FADS6","A_24_P211842"
"FAF1","A_23_P96853"
"FAF2","A_24_P294719"
"FAH","A_23_P129221"
"FAHD1","A_33_P3326617"
"FAHD2A","A_32_P81357"
"FAIM","A_23_P253932"
"FAIM2","A_33_P3248982"
"FAM106A","A_23_P66827"
"FAM106C","A_33_P3266998"
"FAM107A","A_23_P84860"
"FAM107B","A_23_P149975"
"FAM110A","A_23_P386241"
"FAM110B","A_33_P3330443"
"FAM110C","A_32_P47643"
"FAM110D","A_23_P46131"
"FAM111A","A_24_P141629"
"FAM111B","A_33_P3270657"
"FAM114A1","A_23_P132915"
"FAM114A2","A_23_P41908"
"FAM117A","A_23_P78053"
"FAM117B","A_32_P195401"
"FAM120A","A_24_P941505"
"FAM120A2P","A_32_P48949"
"FAM120AOS","A_24_P832156"
"FAM120B","A_23_P313476"
"FAM120C","A_32_P67623"
"FAM124A","A_23_P344568"
"FAM124B","A_23_P39525"
"FAM131A","A_23_P41204"
"FAM131B","A_33_P3270668"
"FAM131C","A_24_P169073"
"FAM133A","A_23_P345808"
"FAM133B","A_24_P158065"
"FAM135A","A_23_P58862"
"FAM135B","A_32_P68097"
"FAM138A","A_32_P923011"
"FAM138D","A_33_P3674029"
"FAM138E","A_33_P3274599"
"FAM13A","A_33_P3691916"
"FAM13A-AS1","A_33_P3218905"
"FAM13B","A_23_P136460"
"FAM13C","A_24_P205252"
"FAM149A","A_23_P416965"
"FAM149B1","A_33_P3422679"
"FAM151A","A_33_P3341821"
"FAM151B","A_33_P3728979"
"FAM153A","A_32_P84373"
"FAM153B","A_32_P84369"
"FAM156A","A_23_P148519"
"FAM156B","A_33_P3411414"
"FAM157A","A_33_P3222501"
"FAM161A","A_32_P68533"
"FAM161B","A_23_P365226"
"FAM162A","A_23_P256542"
"FAM162B","A_23_P145054"
"FAM163A","A_24_P190873"
"FAM163B","A_33_P3212356"
"FAM167A","A_23_P334955"
"FAM167A-AS1","A_23_P256965"
"FAM167B","A_33_P3367392"
"FAM168A","A_33_P3260941"
"FAM168B","A_24_P636318"
"FAM169A","A_23_P423074"
"FAM169BP","A_24_P263310"
"FAM170A","A_32_P386636"
"FAM170B","A_33_P3330463"
"FAM171A1","A_23_P44964"
"FAM171A2","A_33_P3437907"
"FAM171B","A_32_P202759"
"FAM174A","A_23_P30283"
"FAM174B","A_23_P100001"
"FAM174C","A_33_P3839760"
"FAM177A1","A_23_P322704"
"FAM177B","A_33_P3367396"
"FAM178B","A_33_P3287119"
"FAM180A","A_32_P204218"
"FAM180B","A_33_P3330404"
"FAM181A","A_23_P117380"
"FAM181A-AS1","A_33_P3360122"
"FAM181B","A_33_P3270623"
"FAM182A","A_32_P129120"
"FAM182B","A_23_P166154"
"FAM184A","A_23_P167818"
"FAM184B","A_23_P301572"
"FAM185A","A_24_P272548"
"FAM186A","A_33_P3282060"
"FAM186B","A_23_P25445"
"FAM187B","A_32_P225415"
"FAM193B","A_23_P213863"
"FAM197Y2","A_24_P298716"
"FAM199X","A_23_P45294"
"FAM200A","A_23_P168812"
"FAM200B","A_33_P3411145"
"FAM200C","A_24_P166311"
"FAM201A","A_33_P3381328"
"FAM201B","A_33_P3283744"
"FAM204A","A_33_P3297642"
"FAM209A","A_24_P323941"
"FAM209B","A_33_P3404014"
"FAM20A","A_32_P108254"
"FAM20B","A_24_P148043"
"FAM20C","A_23_P250122"
"FAM215A","A_33_P3387566"
"FAM216A","A_33_P3238052"
"FAM216B","A_32_P332551"
"FAM217A","A_33_P3357182"
"FAM217B","A_23_P68505"
"FAM218A","A_33_P3348204"
"FAM219A","A_23_P20804"
"FAM219B","A_23_P372771"
"FAM221A","A_33_P3308137"
"FAM221B","A_24_P751492"
"FAM222A","A_23_P128375"
"FAM222B","A_23_P141484"
"FAM223B","A_33_P3371402"
"FAM224A","A_33_P3308232"
"FAM225A","A_24_P687326"
"FAM225B","A_32_P99347"
"FAM226A","A_23_P387585"
"FAM227B","A_33_P3361758"
"FAM228A","A_24_P169386"
"FAM229B","A_33_P3370890"
"FAM230C","A_33_P3387548"
"FAM234A","A_23_P66117"
"FAM234B","A_23_P394567"
"FAM238A","A_24_P541831"
"FAM238C","A_24_P462853"
"FAM241A","A_23_P58390"
"FAM241B","A_23_P369328"
"FAM24A","A_32_P865708"
"FAM24B","A_23_P52531"
"FAM25A","A_32_P34138"
"FAM25C","A_33_P3832680"
"FAM27C","A_24_P342096"
"FAM27E3","A_32_P112623"
"FAM27E5","A_32_P942508"
"FAM30A","A_23_P140190"
"FAM32A","A_23_P50331"
"FAM3A","A_23_P45488"
"FAM3B","A_23_P166269"
"FAM3C","A_32_P101689"
"FAM3D","A_23_P41145"
"FAM41AY1","A_33_P3764636"
"FAM41C","A_32_P70203"
"FAM43A","A_33_P3410589"
"FAM43B","A_32_P125338"
"FAM47A","A_32_P426044"
"FAM47B","A_32_P105381"
"FAM47C","A_33_P3249160"
"FAM47E","A_32_P83811"
"FAM50A","A_23_P34107"
"FAM50B","A_23_P8240"
"FAM53A","A_33_P3259845"
"FAM53B","A_24_P406814"
"FAM53C","A_23_P167789"
"FAM66A","A_33_P3316410"
"FAM66C","A_33_P3238295"
"FAM66D","A_33_P3388882"
"FAM72A","A_33_P3242952"
"FAM72D","A_32_P151800"
"FAM74A1","A_33_P3704738"
"FAM74A3","A_33_P3234678"
"FAM74A4","A_33_P3379436"
"FAM76A","A_32_P196854"
"FAM76B","A_32_P19752"
"FAM78A","A_23_P314250"
"FAM78B","A_33_P3259183"
"FAM81A","A_23_P423482"
"FAM81B","A_23_P360354"
"FAM86B1","A_33_P3628675"
"FAM86B2","A_33_P3310430"
"FAM86C2P","A_32_P6221"
"FAM86DP","A_32_P190151"
"FAM86FP","A_33_P3339336"
"FAM87A","A_33_P3330906"
"FAM87B","A_33_P3239087"
"FAM89A","A_24_P418408"
"FAM89B","A_33_P3220612"
"FAM8A1","A_23_P133648"
"FAM90A1","A_23_P151059"
"FAM90A10","A_33_P3212630"
"FAM90A7","A_24_P515319"
"FAM91A1","A_24_P845072"
"FAM95B1","A_33_P3340613"
"FAM98A","A_23_P313728"
"FAM98B","A_33_P3378772"
"FAM98C","A_23_P369983"
"FAM99A","A_33_P3378785"
"FAM99B","A_33_P3378777"
"FAM9A","A_23_P391255"
"FAM9B","A_32_P203029"
"FAM9C","A_23_P385790"
"FAN1","A_23_P377888"
"FANCA","A_33_P3386344"
"FANCB","A_23_P356021"
"FANCC","A_23_P32021"
"FANCD2","A_33_P3257808"
"FANCD2OS","A_23_P318989"
"FANCE","A_23_P42335"
"FANCF","A_33_P3386364"
"FANCG","A_23_P71644"
"FANCI","A_32_P95729"
"FANCL","A_23_P131383"
"FANCM","A_32_P106732"
"FANK1","A_33_P3332492"
"FAP","A_23_P56746"
"FAR1","A_24_P278460"
"FAR2","A_23_P150903"
"FARP1","A_23_P204998"
"FARP2","A_23_P90855"
"FARS2","A_23_P33720"
"FARSA","A_23_P78685"
"FARSB","A_23_P165355"
"FAS","A_33_P3381127"
"FASN","A_33_P3329344"
"FASTK","A_23_P502930"
"FASTKD1","A_23_P28590"
"FASTKD2","A_23_P345830"
"FASTKD3","A_23_P58489"
"FASTKD5","A_23_P380724"
"FAT1","A_23_P69586"
"FAT2","A_23_P81507"
"FAT3","A_33_P3257513"
"FAT4","A_33_P3374878"
"FATE1","A_23_P22565"
"FAU","A_32_P11471"
"FAXC","A_32_P74964"
"FAXDC2","A_23_P501831"
"FBF1","A_33_P3324065"
"FBH1","A_23_P12849"
"FBL","A_23_P78888"
"FBLIM1","A_23_P337934"
"FBLL1","A_33_P3268954"
"FBLN1","A_23_P211631"
"FBLN2","A_23_P143981"
"FBLN5","A_23_P151805"
"FBLN7","A_23_P102462"
"FBN1","A_33_P3348239"
"FBN2","A_23_P214026"
"FBN3","A_33_P3300430"
"FBP1","A_23_P257111"
"FBP2","A_23_P94472"
"FBRS","A_23_P38015"
"FBRSL1","A_24_P280497"
"FBXL12","A_23_P78557"
"FBXL13","A_23_P379071"
"FBXL14","A_23_P36724"
"FBXL15","A_23_P12635"
"FBXL16","A_23_P406385"
"FBXL17","A_33_P3314436"
"FBXL18","A_33_P3239839"
"FBXL19","A_23_P338168"
"FBXL19-AS1","A_33_P3419835"
"FBXL2","A_23_P17955"
"FBXL20","A_33_P3333587"
"FBXL21P","A_23_P167723"
"FBXL22","A_33_P3277674"
"FBXL3","A_23_P140069"
"FBXL4","A_23_P214739"
"FBXL5","A_23_P213247"
"FBXL6","A_33_P3284646"
"FBXL7","A_23_P144827"
"FBXL8","A_33_P3284586"
"FBXL9P","A_23_P49181"
"FBXO10","A_33_P3259507"
"FBXO11","A_24_P357536"
"FBXO15","A_23_P342709"
"FBXO16","A_23_P168847"
"FBXO17","A_23_P395911"
"FBXO2","A_23_P45999"
"FBXO21","A_23_P53736"
"FBXO22","A_23_P65870"
"FBXO24","A_33_P3237220"
"FBXO25","A_23_P94159"
"FBXO27","A_24_P113264"
"FBXO28","A_24_P310756"
"FBXO3","A_23_P363826"
"FBXO30","A_23_P256231"
"FBXO31","A_23_P395566"
"FBXO32","A_33_P3378126"
"FBXO33","A_24_P41021"
"FBXO34","A_33_P3237225"
"FBXO36","A_23_P422981"
"FBXO38","A_23_P146811"
"FBXO39","A_32_P204980"
"FBXO4","A_24_P171873"
"FBXO40","A_24_P280684"
"FBXO41","A_23_P349676"
"FBXO42","A_24_P333494"
"FBXO43","A_33_P3222630"
"FBXO44","A_23_P200637"
"FBXO46","A_23_P27744"
"FBXO47","A_33_P3415475"
"FBXO48","A_33_P3214745"
"FBXO5","A_33_P3384871"
"FBXO6","A_23_P97064"
"FBXO7","A_23_P29225"
"FBXO8","A_23_P136012"
"FBXO9","A_23_P254120"
"FBXW10","A_23_P218358"
"FBXW10B","A_23_P352426"
"FBXW11","A_23_P214046"
"FBXW12","A_33_P3382606"
"FBXW2","A_23_P254648"
"FBXW4","A_23_P342825"
"FBXW5","A_23_P112397"
"FBXW7","A_24_P174613"
"FBXW8","A_24_P44279"
"FBXW9","A_23_P16214"
"FCAMR","A_33_P3364488"
"FCAR","A_24_P348265"
"FCER1G","A_23_P160849"
"FCER2","A_23_P164773"
"FCF1","A_33_P3264505"
"FCGBP","A_23_P21495"
"FCGR1BP","A_23_P63390"
"FCGR2A","A_33_P3403576"
"FCGR2B","A_23_P34644"
"FCGR2C","A_33_P3327617"
"FCGR3A","A_23_P200728"
"FCGRT","A_23_P55936"
"FCHO1","A_33_P3255509"
"FCHO2","A_23_P349083"
"FCHSD1","A_23_P343826"
"FCHSD2","A_23_P368278"
"FCMR","A_23_P138125"
"FCN1","A_23_P157879"
"FCN2","A_23_P216756"
"FCN3","A_23_P115246"
"FCRL1","A_33_P3294504"
"FCRL2","A_24_P319647"
"FCRL3","A_33_P3368334"
"FCRL5","A_23_P201211"
"FCRL6","A_33_P3363933"
"FCRLA","A_23_P46039"
"FCRLB","A_23_P350574"
"FCSK","A_23_P429461"
"FDCSP","A_23_P362694"
"FDFT1","A_23_P71319"
"FDPS","A_24_P114183"
"FDPSP2","A_32_P95223"
"FDX1","A_33_P3343690"
"FDX2","A_24_P416660"
"FDXACB1","A_24_P246293"
"FDXR","A_23_P38154"
"FECH","A_33_P3214635"
"FEM1A","A_24_P219920"
"FEM1B","A_23_P151970"
"FEM1C","A_33_P3383871"
"FEN1","A_24_P84898"
"FER","A_23_P124570"
"FER1L4","A_23_P80048"
"FER1L5","A_33_P3299055"
"FER1L6","A_33_P3262171"
"FER1L6-AS1","A_23_P322013"
"FER1L6-AS2","A_33_P3613688"
"FERD3L","A_23_P422849"
"FERMT1","A_23_P131935"
"FERMT2","A_33_P3344477"
"FERMT3","A_23_P64044"
"FERRY3","A_23_P25433"
"FES","A_23_P14769"
"FETUB","A_23_P144126"
"FEV","A_23_P5460"
"FEZ1","A_23_P202881"
"FEZ2","A_23_P39718"
"FEZF1","A_33_P3402931"
"FEZF2","A_24_P405631"
"FFAR1","A_23_P39356"
"FFAR2","A_23_P397391"
"FFAR3","A_33_P3298810"
"FFAR4","A_24_P129588"
"FGA","A_23_P375372"
"FGB","A_23_P136125"
"FGD1","A_24_P143138"
"FGD2","A_24_P140788"
"FGD3","A_24_P153840"
"FGD4","A_24_P158946"
"FGD5","A_33_P3364180"
"FGD6","A_32_P104478"
"FGF1","A_23_P213336"
"FGF10","A_23_P377750"
"FGF11","A_33_P3333282"
"FGF12","A_24_P334300"
"FGF13","A_23_P217319"
"FGF14","A_23_P88033"
"FGF16","A_23_P254896"
"FGF17","A_23_P429363"
"FGF18","A_23_P412389"
"FGF19","A_23_P427587"
"FGF2","A_33_P3419696"
"FGF20","A_33_P3400248"
"FGF21","A_23_P101564"
"FGF22","A_23_P153878"
"FGF3","A_33_P3380797"
"FGF4","A_24_P355720"
"FGF5","A_33_P3411907"
"FGF7","A_33_P3257027"
"FGF7P3","A_32_P86905"
"FGF7P6","A_33_P3346327"
"FGF8","A_23_P46829"
"FGF9","A_33_P3348714"
"FGFBP1","A_23_P30126"
"FGFBP2","A_24_P226069"
"FGFBP3","A_24_P201381"
"FGFR1","A_23_P372923"
"FGFR1OP2","A_23_P390734"
"FGFR2","A_23_P202334"
"FGFR3","A_23_P500501"
"FGFR4","A_23_P92754"
"FGFRL1","A_23_P92349"
"FGG","A_23_P148088"
"FGGY","A_32_P209094"
"FGL1","A_23_P20484"
"FGL2","A_33_P3332018"
"FH","A_23_P34733"
"FHAD1","A_33_P3244585"
"FHDC1","A_23_P328259"
"FHIP1A","A_33_P3381318"
"FHIP1B","A_23_P24796"
"FHIP2A","A_33_P3299766"
"FHIP2B","A_23_P157620"
"FHIT","A_33_P3216601"
"FHL1","A_33_P3849275"
"FHL2","A_33_P3362321"
"FHL3","A_23_P114839"
"FHL5","A_23_P42358"
"FHOD1","A_23_P37778"
"FHOD3","A_32_P34444"
"FIBCD1","A_33_P3237552"
"FIBIN","A_33_P3325497"
"FIBP","A_23_P1615"
"FICD","A_23_P128246"
"FIG4","A_23_P145541"
"FIGLA","A_33_P3315944"
"FIGN","A_32_P34003"
"FIGNL1","A_23_P302681"
"FIGNL2","A_33_P3319581"
"FILIP1","A_33_P3276435"
"FILIP1L","A_23_P252052"
"FIMP1","A_32_P48559"
"FIP1L1","A_23_P58337"
"FIS1","A_24_P277955"
"FITM1","A_23_P99625"
"FITM2","A_24_P203407"
"FIZ1","A_23_P107855"
"FJX1","A_23_P150693"
"FKBP10","A_23_P15727"
"FKBP11","A_33_P3267296"
"FKBP14","A_23_P215341"
"FKBP15","A_32_P224149"
"FKBP1A","A_32_P50522"
"FKBP1B","A_23_P142631"
"FKBP2","A_33_P3273020"
"FKBP4","A_23_P128372"
"FKBP5","A_24_P38081"
"FKBP6","A_23_P250874"
"FKBP7","A_23_P79622"
"FKBP8","A_33_P3272990"
"FKBP9","A_23_P334709"
"FKBPL","A_23_P70566"
"FKRP","A_23_P164946"
"FKSG29","A_24_P119813"
"FKTN","A_23_P216622"
"FLACC1","A_23_P349343"
"FLAD1","A_23_P34527"
"FLCN","A_23_P414308"
"FLG","A_33_P3261328"
"FLG2","A_33_P3297080"
"FLI1","A_24_P355649"
"FLII","A_23_P4425"
"FLJ12825","A_24_P516246"
"FLJ13224","A_33_P3367606"
"FLJ16779","A_33_P3394584"
"FLJ20712","A_23_P42684"
"FLJ30679","A_23_P346327"
"FLJ32255","A_24_P829183"
"FLJ33534","A_32_P161751"
"FLJ36000","A_33_P3377763"
"FLJ37201","A_24_P246091"
"FLJ38576","A_33_P3272105"
"FLJ39095","A_33_P3675395"
"FLJ40194","A_24_P418152"
"FLJ40288","A_32_P810645"
"FLJ42393","A_33_P3296991"
"FLJ42627","A_33_P3343828"
"FLJ43315","A_33_P3363188"
"FLJ45513","A_33_P3237580"
"FLJ46875","A_33_P3630129"
"FLNA","A_33_P3366120"
"FLNB","A_23_P211878"
"FLNC","A_24_P77968"
"FLOT1","A_23_P214603"
"FLOT2","A_23_P55319"
"FLRT1","A_23_P47168"
"FLRT2","A_24_P236235"
"FLRT3","A_33_P3418833"
"FLT1","A_33_P3215883"
"FLT3","A_23_P99442"
"FLT3LG","A_23_P78742"
"FLT4","A_23_P356070"
"FLVCR1-DT","A_33_P3299811"
"FLVCR2","A_23_P140373"
"FLYWCH1","A_33_P3535649"
"FLYWCH2","A_24_P417596"
"FMC1","A_23_P82588"
"FMN1","A_33_P3404749"
"FMN2","A_33_P3219821"
"FMNL1","A_24_P390668"
"FMNL2","A_32_P193080"
"FMNL3","A_33_P3415923"
"FMO1","A_23_P149613"
"FMO2","A_33_P3275702"
"FMO3","A_23_P155596"
"FMO4","A_23_P160992"
"FMO5","A_33_P3376214"
"FMO6P","A_33_P3285271"
"FMO9P","A_23_P148793"
"FMR1","A_24_P93967"
"FMR1-AS1","A_33_P3238785"
"FMR1NB","A_32_P99019"
"FN1","A_24_P334130"
"FN3K","A_23_P89215"
"FN3KRP","A_23_P77813"
"FNBP1","A_33_P3367565"
"FNBP1L","A_23_P417942"
"FNBP4","A_23_P395595"
"FNDC1","A_23_P407840"
"FNDC11","A_33_P3405459"
"FNDC3A","A_23_P25503"
"FNDC3B","A_24_P223124"
"FNDC4","A_23_P16834"
"FNDC5","A_23_P420326"
"FNDC7","A_33_P3247559"
"FNDC8","A_23_P66552"
"FNDC9","A_33_P3385656"
"FNIP1","A_33_P3805085"
"FNIP2","A_33_P3805090"
"FNTA","A_23_P24926"
"FNTB","A_23_P25835"
"FOCAD","A_23_P21673"
"FOLH1","A_23_P47616"
"FOLH1B","A_32_P157391"
"FOLR1","A_23_P53176"
"FOLR2","A_23_P47709"
"FOLR3","A_24_P252996"
"FOS","A_23_P106194"
"FOSB","A_23_P429998"
"FOSL1","A_23_P161624"
"FOSL2","A_23_P348121"
"FOXA2","A_24_P365515"
"FOXA3","A_23_P142174"
"FOXB1","A_23_P140527"
"FOXB2","A_33_P3301291"
"FOXC1","A_32_P205110"
"FOXC2","A_33_P3302295"
"FOXD1","A_32_P34920"
"FOXD2","A_23_P413585"
"FOXD3","A_33_P3264331"
"FOXD4","A_32_P119248"
"FOXD4L4","A_33_P3293403"
"FOXE1","A_33_P3226357"
"FOXE3","A_23_P112666"
"FOXG1","A_23_P205428"
"FOXH1","A_23_P82959"
"FOXI1","A_33_P3269403"
"FOXI2","A_33_P3269408"
"FOXI3","A_24_P15391"
"FOXJ1","A_23_P348636"
"FOXJ2","A_24_P21985"
"FOXJ3","A_23_P566"
"FOXK1","A_24_P115199"
"FOXK2","A_23_P397969"
"FOXL1","A_33_P3355503"
"FOXL2","A_33_P3355508"
"FOXL2NB","A_33_P3394833"
"FOXM1","A_23_P151150"
"FOXN1","A_23_P118693"
"FOXN2","A_32_P140898"
"FOXN3","A_23_P88435"
"FOXN4","A_32_P140030"
"FOXO1","A_24_P22079"
"FOXO3","A_33_P3240392"
"FOXO4","A_24_P379165"
"FOXP1","A_23_P155257"
"FOXP2","A_24_P921683"
"FOXP3","A_33_P3398251"
"FOXP4","A_33_P3284019"
"FOXQ1","A_32_P164246"
"FOXR1","A_24_P204011"
"FOXR2","A_33_P3351641"
"FOXRED1","A_23_P35883"
"FOXRED2","A_24_P147765"
"FOXS1","A_33_P3283833"
"FPGS","A_23_P9465"
"FPGT","A_23_P200030"
"FPGT-TNNI3K","A_33_P3388806"
"FPR1","A_23_P38795"
"FPR2","A_23_P55649"
"FPR3","A_33_P3247042"
"FRA10AC1","A_33_P3280030"
"FRAS1","A_32_P107876"
"FRAT1","A_33_P3367899"
"FRAT2","A_23_P12784"
"FREM1","A_23_P43337"
"FREM2","A_33_P3250820"
"FREM3","A_24_P738168"
"FREY1","A_33_P3314813"
"FRG1","A_32_P43050"
"FRG1BP","A_24_P417526"
"FRG2","A_24_P623782"
"FRG2B","A_33_P3412798"
"FRG2C","A_33_P3212394"
"FRK","A_23_P133665"
"FRMD1","A_23_P81717"
"FRMD3","A_33_P3363425"
"FRMD4A","A_23_P22352"
"FRMD4B","A_33_P3446495"
"FRMD5","A_23_P26037"
"FRMD6","A_24_P330303"
"FRMD6-AS1","A_33_P3296772"
"FRMD7","A_32_P336776"
"FRMD8","A_24_P67988"
"FRMPD1","A_23_P169460"
"FRMPD2","A_23_P86710"
"FRMPD3","A_32_P129669"
"FRMPD4","A_24_P672240"
"FRRS1","A_23_P865"
"FRRS1L","A_23_P135031"
"FRS2","A_33_P3364112"
"FRS3","A_33_P3270295"
"FRY","A_33_P3223503"
"FRYL","A_33_P3840630"
"FRZB","A_23_P363778"
"FSAF1","A_23_P46095"
"FSCB","A_23_P140342"
"FSCN1","A_33_P3411075"
"FSCN2","A_33_P3411080"
"FSCN3","A_23_P93898"
"FSD1","A_33_P3414789"
"FSD1L","A_33_P3241541"
"FSD2","A_33_P3390918"
"FSHB","A_33_P3298326"
"FSHR","A_33_P3279600"
"FSIP1","A_23_P353125"
"FSIP2","A_33_P3293773"
"FSTL1","A_23_P212696"
"FSTL3","A_33_P3318796"
"FSTL4","A_33_P3249081"
"FSTL5","A_24_P251734"
"FTCD","A_33_P3225022"
"FTCDNL1","A_32_P105083"
"FTH1","A_24_P58337"
"FTHL17","A_23_P148410"
"FTL","A_32_P155247"
"FTLP10","A_33_P3261710"
"FTMT","A_32_P160896"
"FTO","A_33_P3350508"
"FTSJ1","A_33_P3216337"
"FTSJ3","A_23_P55091"
"FUBP1","A_33_P3281151"
"FUBP3","A_24_P203710"
"FUCA2","A_23_P145408"
"FUNDC1","A_23_P375549"
"FUNDC2","A_33_P3394615"
"FUNDC2P2","A_32_P18250"
"FUOM","A_24_P186379"
"FURIN","A_23_P3368"
"FUT2","A_24_P942969"
"FUT3","A_23_P360316"
"FUT4","A_33_P3286536"
"FUT5","A_33_P3248203"
"FUT6","A_33_P3210288"
"FUT7","A_23_P170534"
"FUT8","A_23_P313632"
"FUT9","A_24_P463891"
"FUZ","A_23_P373568"
"FXN","A_33_P3319161"
"FXR1","A_23_P132784"
"FXR2","A_23_P4007"
"FXYD1","A_33_P3228435"
"FXYD2","A_23_P161769"
"FXYD3","A_33_P3228460"
"FXYD4","A_23_P98121"
"FXYD5","A_24_P194081"
"FXYD6","A_23_P150394"
"FXYD7","A_23_P119611"
"FYB1","A_24_P393740"
"FYB2","A_32_P182299"
"FYCO1","A_23_P212339"
"FYTTD1","A_23_P80827"
"FZD1","A_24_P38276"
"FZD10","A_23_P203972"
"FZD2","A_23_P141362"
"FZD3","A_23_P347468"
"FZD4","A_23_P64617"
"FZD6","A_33_P3409392"
"FZD7","A_23_P209449"
"FZD8","A_23_P396858"
"FZD9","A_23_P59613"
"FZR1","A_33_P3268368"
"G0S2","A_23_P74609"
"G2E3","A_23_P99604"
"G3BP1","A_33_P3331242"
"G3BP2","A_24_P380132"
"G6PC1","A_23_P385017"
"G6PC2","A_33_P3239352"
"G6PC3","A_23_P55174"
"G6PD","A_23_P34093"
"GAA","A_23_P153026"
"GAB1","A_23_P335239"
"GAB2","A_23_P203743"
"GAB3","A_33_P3251369"
"GAB4","A_33_P3402968"
"GABARAP","A_23_P27075"
"GABARAPL1","A_33_P3812669"
"GABARAPL2","A_24_P356338"
"GABBR1","A_23_P93302"
"GABBR2","A_33_P3406493"
"GABPA","A_33_P3269588"
"GABPB1","A_23_P205789"
"GABPB2","A_23_P73208"
"GABRA1","A_33_P3373388"
"GABRA2","A_23_P167121"
"GABRA3","A_23_P125618"
"GABRA4","A_32_P204137"
"GABRA5","A_23_P436618"
"GABRA6","A_23_P41847"
"GABRB1","A_33_P3312544"
"GABRB2","A_33_P3336715"
"GABRB3","A_33_P3277075"
"GABRD","A_23_P309720"
"GABRE","A_23_P159775"
"GABRG1","A_32_P89899"
"GABRG2","A_32_P25514"
"GABRG3","A_33_P3210805"
"GABRP","A_23_P328545"
"GABRQ","A_23_P125475"
"GABRR1","A_23_P256754"
"GABRR2","A_23_P93105"
"GABRR3","A_23_P69020"
"GAD1","A_33_P3365142"
"GAD2","A_23_P75008"
"GADD45A","A_23_P23221"
"GADD45B","A_24_P239606"
"GADD45G","A_33_P3252394"
"GADD45GIP1","A_33_P3273148"
"GADL1","A_33_P3244793"
"GAGE1","A_24_P943370"
"GAGE7","A_24_P228796"
"GAK","A_24_P397150"
"GAL","A_23_P374844"
"GAL3ST2","A_23_P326157"
"GAL3ST3","A_33_P3275390"
"GAL3ST4","A_23_P31240"
"GALC","A_23_P25964"
"GALE","A_23_P160154"
"GALK1","A_23_P141126"
"GALK2","A_23_P48807"
"GALM","A_23_P67971"
"GALNS","A_23_P106562"
"GALNT1","A_33_P3210218"
"GALNT10","A_33_P3703501"
"GALNT11","A_23_P8416"
"GALNT12","A_23_P415652"
"GALNT13","A_33_P3239387"
"GALNT14","A_23_P67847"
"GALNT15","A_23_P212119"
"GALNT16","A_23_P76749"
"GALNT17","A_23_P111517"
"GALNT18","A_23_P139418"
"GALNT2","A_24_P353794"
"GALNT3","A_24_P114249"
"GALNT4","A_24_P942370"
"GALNT5","A_24_P408736"
"GALNT6","A_33_P3215768"
"GALNT7","A_23_P144384"
"GALNT8","A_23_P65100"
"GALNT9","A_23_P252462"
"GALNTL5","A_23_P429601"
"GALNTL6","A_33_P3320017"
"GALP","A_23_P39171"
"GALR1","A_23_P153155"
"GALR2","A_23_P77756"
"GALR3","A_23_P256663"
"GALT","A_23_P502035"
"GAMT","A_24_P19228"
"GAN","A_23_P88873"
"GANAB","A_23_P203406"
"GANC","A_33_P3295108"
"GAP43","A_23_P253446"
"GAPDHP32","A_33_P3402350"
"GAPDHS","A_23_P67646"
"GAPT","A_23_P402319"
"GAPVD1","A_23_P372660"
"GAR1","A_23_P58280"
"GAREM1","A_23_P66948"
"GAREM2","A_23_P325924"
"GARIN1A","A_33_P3245168"
"GARIN1B","A_23_P134204"
"GARIN2","A_23_P328145"
"GARIN3","A_23_P41713"
"GARIN4","A_23_P354288"
"GARIN5A","A_24_P246351"
"GARIN5B","A_33_P3319572"
"GARIN6","A_32_P13113"
"GARNL3","A_24_P158314"
"GARRE1","A_23_P324490"
"GARS1","A_24_P154948"
"GART","A_23_P80098"
"GAS1","A_23_P83134"
"GAS2","A_32_P24140"
"GAS2L1","A_33_P3418597"
"GAS2L2","A_32_P74579"
"GAS2L3","A_32_P189204"
"GAS5","A_33_P3326285"
"GAS6","A_23_P146922"
"GAS7","A_24_P82466"
"GAS8-AS1","A_33_P3402635"
"GASK1A","A_23_P69154"
"GASK1B","A_33_P3321432"
"GAST","A_23_P159191"
"GATA1","A_24_P374244"
"GATA2","A_33_P3550894"
"GATA3","A_33_P3360341"
"GATA4","A_23_P384761"
"GATA5","A_23_P371835"
"GATA6","A_23_P304450"
"GATAD1","A_24_P35169"
"GATAD2A","A_23_P131020"
"GATAD2B","A_33_P3323822"
"GATB","A_23_P92552"
"GATC","A_23_P76435"
"GATD1","A_23_P359904"
"GATD1-DT","A_23_P412427"
"GATD3","A_33_P3285260"
"GATM","A_23_P129064"
"GBA1","A_23_P201035"
"GBA1LP","A_32_P512061"
"GBA2","A_24_P341187"
"GBA3","A_23_P18672"
"GBF1","A_23_P161237"
"GBGT1","A_33_P3322373"
"GBP1","A_23_P62890"
"GBP1P1","A_33_P3313617"
"GBP2","A_23_P85693"
"GBP3","A_23_P51487"
"GBP4","A_24_P45446"
"GBP5","A_23_P74290"
"GBP6","A_23_P130642"
"GBP7","A_24_P280664"
"GBX1","A_24_P309069"
"GBX2","A_33_P3423969"
"GC","A_23_P167349"
"GCA","A_23_P28485"
"GCAT","A_23_P40657"
"GCC1","A_23_P71094"
"GCC2","A_33_P3247933"
"GCDH","A_23_P90089"
"GCG","A_33_P3298460"
"GCGR","A_33_P3409467"
"GCH1","A_24_P167642"
"GCHFR","A_23_P77328"
"GCK","A_33_P3342260"
"GCLC","A_23_P145114"
"GCLM","A_33_P3265606"
"GCM1","A_32_P98732"
"GCM2","A_23_P59285"
"GCN1","A_23_P406105"
"GCNA","A_23_P171237"
"GCNT1","A_33_P3282489"
"GCNT2","A_33_P3411204"
"GCNT2P1","A_33_P3325522"
"GCNT3","A_23_P420209"
"GCNT7","A_33_P3282522"
"GCOM1","A_33_P3423874"
"GCRG224","A_33_P3398867"
"GCSAM","A_33_P3226008"
"GCSAML","A_23_P408787"
"GCSH","A_23_P117933"
"GDA","A_24_P393571"
"GDAP1","A_33_P3422659"
"GDAP1L1","A_23_P17354"
"GDAP2","A_24_P233878"
"GDE1","A_23_P54758"
"GDF1","A_33_P3420816"
"GDF10","A_23_P52227"
"GDF11","A_23_P76102"
"GDF15","A_23_P16523"
"GDF2","A_23_P46755"
"GDF3","A_23_P72817"
"GDF5","A_23_P259955"
"GDF6","A_32_P140489"
"GDF7","A_33_P3406240"
"GDF9","A_23_P167585"
"GDI1","A_23_P45496"
"GDI2","A_23_P161446"
"GDNF","A_33_P3268892"
"GDPD1","A_23_P84666"
"GDPD2","A_23_P217498"
"GDPD3","A_23_P26511"
"GDPD4","A_24_P49896"
"GDPD5","A_24_P261567"
"GDPGP1","A_33_P3221971"
"GEM","A_23_P257043"
"GEMIN2","A_33_P3297155"
"GEMIN4","A_23_P66872"
"GEMIN5","A_23_P336513"
"GEMIN6","A_23_P56567"
"GEMIN7","A_23_P89910"
"GEMIN8","A_24_P156576"
"GEMIN8P4","A_32_P197621"
"GEN1","A_24_P177585"
"GET1","A_23_P80122"
"GET3","A_23_P27627"
"GET4","A_24_P400355"
"GFAP","A_23_P66593"
"GFER","A_24_P31003"
"GFI1","A_23_P257365"
"GFI1B","A_23_P216845"
"GFM1","A_23_P155288"
"GFM2","A_23_P213431"
"GFOD1","A_23_P134058"
"GFOD2","A_23_P3574"
"GFOD3P","A_33_P3317948"
"GFPT1","A_33_P3243153"
"GFPT2","A_23_P144916"
"GFRA1","A_33_P3639068"
"GFRA2","A_33_P3317580"
"GFRA3","A_23_P41987"
"GFRA4","A_33_P3317589"
"GFRAL","A_24_P578571"
"GFUS","A_23_P94301"
"GGA1","A_23_P132294"
"GGA2","A_24_P416257"
"GGA3","A_23_P38181"
"GGACT","A_32_P110872"
"GGCT","A_23_P42695"
"GGCX","A_32_P181103"
"GGH","A_33_P3308105"
"GGN","A_33_P3329984"
"GGNBP1","A_24_P606538"
"GGNBP2","A_23_P38408"
"GGPS1","A_33_P3258041"
"GGT1","A_24_P178175"
"GGT3P","A_24_P42066"
"GGT5","A_33_P3255304"
"GGT6","A_23_P66767"
"GGT7","A_23_P57236"
"GGT8P","A_24_P375322"
"GGTLC1","A_23_P57199"
"GGTLC2","A_33_P3408953"
"GH1","A_23_P207194"
"GH2","A_23_P207174"
"GHDC","A_23_P207387"
"GHITM","A_33_P3217073"
"GHR","A_24_P72064"
"GHRH","A_33_P3391826"
"GHRHR","A_23_P8497"
"GHRLOS","A_24_P208737"
"GHSR","A_33_P3261620"
"GID4","A_33_P3381771"
"GID8","A_24_P219971"
"GIGYF1","A_24_P231173"
"GIGYF2","A_23_P142950"
"GIMAP1","A_23_P427023"
"GIMAP2","A_23_P368681"
"GIMAP4","A_24_P209455"
"GIMAP5","A_23_P42588"
"GIMAP6","A_23_P145631"
"GIMAP7","A_24_P274831"
"GIMAP8","A_24_P132383"
"GIN1","A_33_P3334535"
"GINM1","A_23_P31109"
"GINS1","A_33_P3340025"
"GINS3","A_23_P152136"
"GINS4","A_33_P3340040"
"GIP","A_23_P141459"
"GIPC1","A_33_P3390102"
"GIPC2","A_33_P3390122"
"GIPC3","A_24_P118527"
"GIPR","A_24_P373768"
"GIT1","A_23_P100912"
"GIT2","A_23_P335848"
"GJA1","A_24_P55295"
"GJA10","A_23_P416666"
"GJA3","A_32_P205241"
"GJA4","A_23_P1083"
"GJA5","A_23_P371729"
"GJA8","A_23_P23037"
"GJA9","A_23_P74828"
"GJB1","A_24_P404840"
"GJB3","A_24_P379233"
"GJB4","A_33_P3388391"
"GJB5","A_23_P35293"
"GJB6","A_23_P2745"
"GJB7","A_23_P30983"
"GJC1","A_33_P3373358"
"GJC2","A_33_P3422822"
"GJC3","A_24_P43723"
"GJD2","A_33_P3405269"
"GJD3","A_33_P3367301"
"GJD4","A_33_P3353496"
"GK","A_32_P172848"
"GK2","A_23_P144512"
"GK5","A_33_P3779229"
"GKAP1","A_23_P94546"
"GKN1","A_23_P44436"
"GKN2","A_23_P61317"
"GLA","A_23_P45475"
"GLB1","A_23_P61531"
"GLB1L","A_23_P218579"
"GLB1L2","A_33_P3304133"
"GLB1L3","A_33_P3419632"
"GLCCI1","A_23_P336198"
"GLCE","A_23_P151870"
"GLDN","A_24_P49199"
"GLE1","A_23_P258367"
"GLG1","A_23_P206510"
"GLI1","A_23_P105251"
"GLI2","A_23_P209246"
"GLI3","A_33_P3290562"
"GLI4","A_33_P3285715"
"GLIPR1","A_33_P3418125"
"GLIPR1L1","A_23_P317839"
"GLIPR1L2","A_24_P381499"
"GLIPR2","A_23_P414913"
"GLIS1","A_23_P316612"
"GLIS2","A_33_P3333224"
"GLIS3","A_33_P3326568"
"GLIS3-AS1","A_23_P312837"
"GLMN","A_23_P160742"
"GLMP","A_23_P85893"
"GLO1","A_23_P214411"
"GLOD4","A_23_P78268"
"GLOD5","A_33_P3320563"
"GLP1R","A_23_P392402"
"GLP2R","A_32_P78681"
"GLRA1","A_23_P156261"
"GLRA2","A_33_P3337049"
"GLRA3","A_23_P340868"
"GLRA4","A_24_P404868"
"GLRB","A_33_P3387943"
"GLRX","A_23_P69908"
"GLRX2","A_23_P160503"
"GLRX3","A_24_P381029"
"GLRX5","A_23_P65370"
"GLS","A_23_P39766"
"GLS2","A_24_P326739"
"GLT1D1","A_32_P19294"
"GLT6D1","A_33_P3320817"
"GLT8D1","A_23_P132669"
"GLT8D2","A_23_P48198"
"GLTP","A_33_P3266419"
"GLTPD2","A_24_P392925"
"GLUD1","A_23_P138665"
"GLUD2","A_23_P45361"
"GLUL","A_24_P53976"
"GLYAT","A_23_P75749"
"GLYATL1","A_23_P370666"
"GLYATL1P4","A_23_P24688"
"GLYATL2","A_23_P47484"
"GLYATL3","A_33_P3237000"
"GLYCAM1","A_24_P385092"
"GLYCTK","A_33_P3285580"
"GLYR1","A_32_P743407"
"GM2A","A_33_P3405334"
"GMCL1","A_23_P28375"
"GMCL2","A_23_P425324"
"GMDS","A_23_P72068"
"GMEB1","A_23_P137586"
"GMEB2","A_23_P337033"
"GMFB","A_24_P172768"
"GMFG","A_23_P208866"
"GMIP","A_23_P56228"
"GML","A_23_P59976"
"GMNC","A_33_P3223849"
"GMNN","A_23_P19712"
"GMPPA","A_23_P67913"
"GMPPB","A_23_P92202"
"GMPR","A_24_P277657"
"GMPR2","A_24_P56467"
"GMPS","A_23_P21033"
"GNA11","A_23_P142289"
"GNA12","A_24_P98086"
"GNA13","A_24_P941441"
"GNA14","A_24_P415150"
"GNA15","A_24_P331128"
"GNAI2","A_33_P3585268"
"GNAI3","A_33_P3419334"
"GNAL","A_33_P3337415"
"GNAO1","A_24_P393611"
"GNAO1-AS1","A_24_P936014"
"GNAQ","A_33_P3343155"
"GNAS","A_24_P273666"
"GNAS-AS1","A_33_P3214239"
"GNAT1","A_23_P166884"
"GNAT2","A_33_P3409944"
"GNAT3","A_33_P3409939"
"GNAZ","A_23_P416581"
"GNB1","A_23_P22926"
"GNB1L","A_23_P218751"
"GNB2","A_23_P82296"
"GNB3","A_23_P76350"
"GNB4","A_32_P171313"
"GNB5","A_23_P205778"
"GNE","A_23_P216489"
"GNG10","A_23_P112251"
"GNG12","A_33_P3399318"
"GNG13","A_23_P54736"
"GNG2","A_32_P208403"
"GNG3","A_23_P139192"
"GNG4","A_33_P3301709"
"GNG5","A_23_P148513"
"GNG7","A_23_P153897"
"GNG8","A_24_P79070"
"GNGT2","A_23_P26994"
"GNL1","A_23_P145289"
"GNL2","A_23_P34578"
"GNL3","A_23_P41025"
"GNL3L","A_24_P100351"
"GNL3LP1","A_33_P3651994"
"GNLY","A_23_P209954"
"GNMT","A_23_P7957"
"GNPAT","A_23_P85777"
"GNPDA1","A_23_P144622"
"GNPDA2","A_23_P144578"
"GNPNAT1","A_23_P429184"
"GNPTAB","A_24_P281975"
"GNPTG","A_23_P14886"
"GNRH1","A_23_P254594"
"GNRH2","A_24_P323072"
"GNRHR","A_33_P3419006"
"GNRHR2","A_23_P379020"
"GNS","A_33_P3261167"
"GOLGA1","A_23_P258978"
"GOLGA2","A_24_P910297"
"GOLGA2P2Y","A_24_P314554"
"GOLGA2P5","A_23_P13998"
"GOLGA3","A_23_P203819"
"GOLGA4","A_23_P256391"
"GOLGA5","A_23_P3193"
"GOLGA6A","A_23_P106371"
"GOLGA6C","A_32_P103669"
"GOLGA6L1","A_33_P3332474"
"GOLGA6L10","A_23_P358195"
"GOLGA6L5P","A_33_P3214939"
"GOLGA6L6","A_24_P50972"
"GOLGA6L7","A_33_P3250268"
"GOLGA6L9","A_33_P3243878"
"GOLGA7","A_23_P71440"
"GOLGA7B","A_33_P3356776"
"GOLGA8A","A_23_P37623"
"GOLGA8EP","A_33_P3262833"
"GOLGA8F","A_24_P264166"
"GOLGA8IP","A_24_P229669"
"GOLGB1","A_33_P3289705"
"GOLIM4","A_24_P191664"
"GOLM1","A_23_P146512"
"GOLM2","A_24_P398940"
"GOLPH3","A_23_P156017"
"GOLPH3L","A_24_P345377"
"GOLT1A","A_24_P280846"
"GOLT1B","A_24_P321511"
"GON4L","A_23_P97250"
"GON7","A_23_P99579"
"GOPC","A_23_P58877"
"GORAB","A_23_P368145"
"GORASP1","A_23_P427114"
"GORASP2","A_23_P165494"
"GOSR1","A_33_P3279431"
"GOSR2","A_33_P3279441"
"GOT1","A_23_P63825"
"GOT1L1","A_33_P3370449"
"GOT2","A_33_P3414482"
"GP1BA","A_24_P270829"
"GP1BB","A_33_P3265030"
"GP2","A_24_P190007"
"GP5","A_24_P944964"
"GP6","A_33_P3461416"
"GP9","A_33_P3383226"
"GPA33","A_24_P319374"
"GPAA1","A_33_P3226600"
"GPALPP1","A_24_P227585"
"GPAM","A_24_P227069"
"GPANK1","A_23_P133923"
"GPAT2","A_23_P68240"
"GPAT4","A_24_P103686"
"GPATCH1","A_23_P27822"
"GPATCH11","A_23_P339633"
"GPATCH2","A_33_P3355743"
"GPATCH2L","A_33_P3292812"
"GPATCH3","A_23_P149419"
"GPATCH4","A_33_P3211263"
"GPATCH8","A_24_P359117"
"GPBAR1","A_23_P400378"
"GPBP1","A_23_P364465"
"GPBP1L1","A_23_P593"
"GPC1","A_23_P209904"
"GPC2","A_23_P251795"
"GPC3","A_33_P3230264"
"GPC4","A_23_P435407"
"GPC5","A_33_P3368855"
"GPC6","A_32_P97169"
"GPCPD1","A_23_P91350"
"GPD1","A_23_P204736"
"GPD1L","A_23_P318284"
"GPD2","A_33_P3354569"
"GPER1","A_23_P8640"
"GPHA2","A_23_P47181"
"GPHB5","A_23_P336678"
"GPHN","A_33_P3414422"
"GPHRB","A_23_P1056"
"GPI","A_24_P108451"
"GPIHBP1","A_23_P72697"
"GPLD1","A_33_P3375467"
"GPM6B","A_33_P3218649"
"GPN1","A_23_P17144"
"GPN2","A_23_P138025"
"GPN3","A_33_P3389837"
"GPNMB","A_23_P134426"
"GPR101","A_23_P148389"
"GPR107","A_24_P295379"
"GPR108","A_23_P90014"
"GPR119","A_23_P21425"
"GPR12","A_33_P3236833"
"GPR132","A_23_P128808"
"GPR135","A_23_P205575"
"GPR137","A_23_P416686"
"GPR137B","A_23_P46149"
"GPR137C","A_33_P3237110"
"GPR139","A_33_P3376681"
"GPR141","A_24_P334718"
"GPR142","A_23_P49559"
"GPR143","A_23_P45560"
"GPR146","A_23_P20035"
"GPR148","A_33_P3317508"
"GPR149","A_24_P332218"
"GPR15","A_23_P6943"
"GPR150","A_24_P37887"
"GPR151","A_33_P3332576"
"GPR152","A_33_P3243429"
"GPR153","A_33_P3302586"
"GPR155","A_33_P3253653"
"GPR156","A_33_P3221090"
"GPR157","A_33_P3280700"
"GPR158","A_24_P349117"
"GPR15LG","A_33_P3392405"
"GPR160","A_23_P167005"
"GPR161","A_23_P103532"
"GPR162","A_33_P3243439"
"GPR17","A_33_P3236846"
"GPR171","A_23_P253317"
"GPR173","A_23_P346291"
"GPR176","A_23_P37676"
"GPR179","A_33_P3236416"
"GPR18","A_23_P14165"
"GPR180","A_24_P942481"
"GPR183","A_23_P25566"
"GPR19","A_33_P3236813"
"GPR20","A_23_P159237"
"GPR21","A_23_P135219"
"GPR22","A_23_P20172"
"GPR25","A_23_P316531"
"GPR26","A_23_P415541"
"GPR27","A_23_P385835"
"GPR3","A_23_P35000"
"GPR31","A_33_P3375358"
"GPR32","A_23_P142096"
"GPR35","A_33_P3375368"
"GPR37","A_24_P85557"
"GPR37L1","A_33_P3351279"
"GPR39","A_23_P79155"
"GPR4","A_23_P357284"
"GPR45","A_23_P131534"
"GPR50","A_23_P159721"
"GPR52","A_23_P85534"
"GPR55","A_23_P322625"
"GPR6","A_33_P3345469"
"GPR61","A_23_P326303"
"GPR62","A_23_P434289"
"GPR63","A_23_P214727"
"GPR65","A_23_P14564"
"GPR68","A_24_P931443"
"GPR75","A_23_P68234"
"GPR78","A_33_P3222942"
"GPR82","A_24_P280148"
"GPR83","A_24_P944131"
"GPR84","A_23_P25155"
"GPR85","A_33_P3380502"
"GPR88","A_33_P3380462"
"GPRASP1","A_23_P96590"
"GPRASP2","A_23_P408167"
"GPRASP3","A_23_P308954"
"GPRC5A","A_23_P36825"
"GPRC5B","A_23_P324327"
"GPRC5C","A_23_P38167"
"GPRC6A","A_23_P81683"
"GPRIN1","A_24_P160466"
"GPRIN2","A_33_P3285299"
"GPRIN3","A_24_P76649"
"GPS1","A_23_P158662"
"GPS2","A_33_P3608172"
"GPSM1","A_32_P215938"
"GPSM2","A_23_P63402"
"GPSM3","A_23_P219060"
"GPT","A_33_P3301871"
"GPT2","A_23_P37892"
"GPX1","A_33_P3354322"
"GPX2","A_23_P3038"
"GPX3","A_23_P133474"
"GPX4","A_33_P3309662"
"GPX5","A_23_P214544"
"GPX6","A_24_P109111"
"GPX7","A_24_P418816"
"GPX8","A_24_P876522"
"GRAMD1A","A_23_P56213"
"GRAMD1B","A_24_P58620"
"GRAMD1C","A_23_P253012"
"GRAMD2A","A_23_P305977"
"GRAMD2B","A_23_P22350"
"GRAMD4","A_24_P23258"
"GRAP","A_23_P392962"
"GRAP2","A_24_P10884"
"GRAPL","A_24_P299355"
"GRB10","A_24_P235266"
"GRB14","A_23_P154526"
"GRB2","A_24_P407717"
"GRB7","A_23_P163992"
"GREB1","A_33_P3379406"
"GREB1L","A_33_P3271470"
"GREM1","A_33_P3319870"
"GREM2","A_24_P40626"
"GRHL1","A_33_P3230269"
"GRHL2","A_24_P35228"
"GRHL3","A_23_P52067"
"GRHPR","A_23_P60225"
"GRIA1","A_23_P303072"
"GRIA2","A_33_P3230161"
"GRIA3","A_24_P143127"
"GRIA4","A_33_P3217153"
"GRID1","A_23_P32805"
"GRID2","A_23_P32847"
"GRID2IP","A_33_P3411097"
"GRIK1-AS1","A_33_P3353471"
"GRIK1-AS2","A_23_P413043"
"GRIK2","A_33_P3307144"
"GRIK3","A_24_P870799"
"GRIK4","A_33_P3280074"
"GRIK5","A_23_P16063"
"GRIN1","A_23_P257962"
"GRIN2A","A_33_P3334895"
"GRIN2B","A_23_P151264"
"GRIN2C","A_23_P49546"
"GRIN2D","A_33_P3402868"
"GRIN3A","A_23_P347541"
"GRIN3B","A_33_P3394213"
"GRINA","A_23_P316960"
"GRIP1","A_33_P3252083"
"GRIP2","A_33_P3279276"
"GRIPAP1","A_23_P73548"
"GRK1","A_33_P3240867"
"GRK2","A_33_P3384392"
"GRK3","A_33_P3220919"
"GRK4","A_23_P212756"
"GRK5","A_23_P12884"
"GRK6","A_23_P257256"
"GRK7","A_23_P425176"
"GRM1","A_33_P3271965"
"GRM2","A_33_P3358943"
"GRM3","A_23_P20068"
"GRM4","A_33_P3282390"
"GRM5","A_24_P83899"
"GRM6","A_33_P3420386"
"GRM7","A_32_P165974"
"GRM8","A_32_P8221"
"GRN","A_33_P3286278"
"GRPEL1","A_33_P3522525"
"GRPEL2","A_23_P404091"
"GRPR","A_24_P357266"
"GRTP1","A_24_P135748"
"GRWD1","A_23_P142154"
"GRXCR1","A_24_P495367"
"GRXCR2","A_33_P3421978"
"GSAP","A_23_P416894"
"GSC","A_23_P76774"
"GSC2","A_23_P109382"
"GSDMA","A_23_P152605"
"GSDMB","A_33_P3221999"
"GSDMC","A_33_P3320159"
"GSDMD","A_23_P112103"
"GSDME","A_33_P3221293"
"GSE1","A_23_P152420"
"GSG1","A_33_P3405285"
"GSG1L","A_32_P58872"
"GSK3A","A_24_P185394"
"GSKIP","A_23_P205336"
"GSN","A_23_P255884"
"GSPT1","A_24_P73669"
"GSPT2","A_23_P19115"
"GSR","A_23_P146084"
"GSS","A_23_P210920"
"GSTA2","A_23_P214300"
"GSTA3","A_33_P3257891"
"GSTA4","A_33_P3257903"
"GSTA5","A_23_P93141"
"GSTA7P","A_33_P3226650"
"GSTK1","A_33_P3287218"
"GSTM2","A_23_P397208"
"GSTM2P1","A_23_P58869"
"GSTM4","A_23_P217917"
"GSTM5","A_23_P97606"
"GSTO1","A_24_P304051"
"GSTO2","A_23_P202206"
"GSTT1","A_23_P254944"
"GSTT2","A_23_P109427"
"GSTT2B","A_33_P3289045"
"GSTT4","A_23_P29163"
"GSTTP2","A_33_P3269548"
"GSTZ1","A_23_P106204"
"GSX1","A_32_P470728"
"GSX2","A_23_P92453"
"GTF2A1","A_23_P65609"
"GTF2A2","A_33_P3415957"
"GTF2B","A_23_P34628"
"GTF2E1","A_23_P211748"
"GTF2E2","A_23_P94118"
"GTF2F1","A_23_P16143"
"GTF2F2","A_33_P3317198"
"GTF2H1","A_23_P36183"
"GTF2H2C_2","A_24_P274640"
"GTF2H3","A_23_P386420"
"GTF2H4","A_23_P251259"
"GTF2H5","A_24_P196117"
"GTF2I","A_23_P168567"
"GTF2IRD2","A_23_P59616"
"GTF2IRD2B","A_33_P3317548"
"GTF3A","A_23_P25525"
"GTF3C1","A_23_P152344"
"GTF3C2","A_23_P169887"
"GTF3C3","A_23_P429535"
"GTF3C4","A_23_P20732"
"GTF3C5","A_23_P112406"
"GTF3C6","A_23_P400465"
"GTPBP1","A_24_P168760"
"GTPBP10","A_33_P3467126"
"GTPBP2","A_23_P379026"
"GTPBP3","A_23_P28068"
"GTPBP4","A_23_P12874"
"GTPBP6","A_23_P113523"
"GTPBP8","A_23_P92281"
"GTSE1","A_23_P57588"
"GTSE1-DT","A_33_P3372682"
"GTSF1","A_33_P3388192"
"GTSF1L","A_23_P57020"
"GUCA1A","A_23_P122414"
"GUCA1B","A_32_P64200"
"GUCA1C","A_23_P363331"
"GUCA2A","A_23_P11968"
"GUCA2B","A_23_P63032"
"GUCD1","A_24_P353289"
"GUCY1A1","A_23_P69573"
"GUCY1A2","A_23_P350001"
"GUCY1B1","A_33_P3232552"
"GUCY1B2","A_23_P14255"
"GUCY2C","A_23_P76312"
"GUCY2D","A_23_P130259"
"GUCY2EP","A_33_P3300800"
"GUCY2F","A_23_P360302"
"GUCY2GP","A_23_P202034"
"GUF1","A_33_P3362631"
"GUK1","A_23_P201097"
"GULP1","A_23_P332399"
"GUSBP1","A_24_P332739"
"GUSBP10","A_24_P409830"
"GUSBP11","A_24_P181998"
"GUSBP5","A_23_P406591"
"GVINP1","A_33_P3341616"
"GXYLT1","A_23_P336796"
"GXYLT2","A_24_P118196"
"GYG1","A_23_P384517"
"GYG2","A_23_P217704"
"GYG2P1","A_33_P3253598"
"GYPA","A_33_P3362933"
"GYPB","A_33_P3362915"
"GYPC","A_24_P139901"
"GYPE","A_23_P41304"
"GYS1","A_23_P208698"
"GYS2","A_33_P3360311"
"GZF1","A_23_P433188"
"GZMA","A_33_P3376821"
"GZMH","A_23_P128993"
"GZMK","A_23_P156218"
"GZMM","A_23_P130836"
"H1-0","A_23_P29257"
"H1-1","A_23_P70448"
"H1-10","A_23_P96087"
"H1-10-AS1","A_33_P3368771"
"H1-2","A_23_P122443"
"H1-3","A_24_P260639"
"H1-4","A_23_P7976"
"H1-5","A_23_P250385"
"H1-6","A_23_P133842"
"H1-7","A_32_P202859"
"H1-8","A_23_P372994"
"H1-9P","A_24_P144784"
"H19","A_24_P52697"
"H2AB2","A_23_P171270"
"H2AB3","A_33_P3288824"
"H2AC1","A_23_P355439"
"H2AC12","A_23_P81859"
"H2AC13","A_33_P3360216"
"H2AC14","A_33_P3344086"
"H2AC15","A_24_P217848"
"H2AC16","A_23_P363174"
"H2AC17","A_24_P86389"
"H2AC19","A_23_P309381"
"H2AC20","A_23_P301247"
"H2AC21","A_24_P68631"
"H2AC25","A_33_P3404032"
"H2AC4","A_24_P223384"
"H2AC6","A_23_P167983"
"H2AC7","A_23_P428184"
"H2AC8","A_23_P59045"
"H2AJ","A_23_P204277"
"H2AP","A_24_P281872"
"H2AX","A_24_P38895"
"H2AZ1","A_24_P41570"
"H2AZ2","A_23_P145904"
"H2BC1","A_23_P323823"
"H2BC11","A_24_P55148"
"H2BC12","A_23_P145238"
"H2BC13","A_23_P8013"
"H2BC14","A_24_P3783"
"H2BC15","A_33_P3229067"
"H2BC17","A_23_P59069"
"H2BC18","A_33_P3253501"
"H2BC21","A_33_P3229246"
"H2BC26","A_33_P3229335"
"H2BC3","A_23_P111054"
"H2BC5","A_24_P146211"
"H2BC8","A_23_P167997"
"H2BC9","A_23_P366216"
"H2BP1","A_33_P3584591"
"H2BW1","A_33_P3297092"
"H2BW2","A_33_P3222689"
"H2BW4P","A_32_P85591"
"H3-3A","A_24_P105298"
"H3-3B","A_24_P82419"
"H3-4","A_23_P137909"
"H3C1","A_23_P111037"
"H3C10","A_33_P3287879"
"H3C11","A_24_P9321"
"H3C12","A_23_P93282"
"H3C13","A_23_P115375"
"H3C15","A_33_P3257678"
"H3C2","A_23_P93258"
"H3C3","A_23_P133814"
"H3C4","A_24_P217834"
"H3C6","A_23_P70445"
"H3C7","A_23_P30799"
"H3C8","A_23_P42198"
"H4C1","A_33_P3344229"
"H4C11","A_23_P30805"
"H4C12","A_33_P3299865"
"H4C13","A_23_P70480"
"H4C14","A_33_P3538688"
"H4C15","A_23_P436281"
"H4C16","A_23_P388871"
"H4C2","A_24_P166407"
"H4C3","A_23_P214487"
"H4C4","A_33_P3410836"
"H4C5","A_23_P415411"
"H4C6","A_23_P359540"
"H4C7","A_24_P277673"
"H4C8","A_23_P323685"
"H4C9","A_24_P20873"
"H6PD","A_24_P626850"
"HAAO","A_33_P3244122"
"HABP4","A_33_P3592015"
"HACD1","A_23_P161352"
"HACD2","A_24_P135753"
"HACD3","A_23_P99927"
"HACD4","A_23_P83175"
"HACE1","A_23_P250002"
"HACL2","A_23_P165148"
"HADH","A_23_P167227"
"HADHA","A_24_P242688"
"HADHB","A_23_P79703"
"HAGH","A_33_P3333488"
"HAGHL","A_24_P356373"
"HAL","A_23_P61637"
"HAMP","A_33_P3336720"
"HAND1","A_23_P58770"
"HAND2","A_23_P373521"
"HAND2-AS1","A_33_P3270514"
"HAO1","A_23_P154708"
"HAO2","A_23_P46105"
"HAP1","A_23_P22129"
"HAPLN1","A_23_P7727"
"HAPLN2","A_33_P3318946"
"HAPLN3","A_33_P3259393"
"HAPLN4","A_23_P430842"
"HAPSTR1","A_32_P4403"
"HAR1A","A_32_P226498"
"HAR1B","A_33_P3267330"
"HARBI1","A_23_P135465"
"HARS1","A_23_P133227"
"HARS2","A_23_P41588"
"HAS1","A_33_P3295203"
"HAS2-AS1","A_33_P3213119"
"HAS3","A_23_P393034"
"HASPIN","A_23_P66732"
"HAT1","A_23_P339480"
"HAUS1","A_23_P413796"
"HAUS2","A_33_P3832852"
"HAUS3","A_33_P3385062"
"HAUS4","A_23_P65455"
"HAUS5","A_33_P3269338"
"HAUS6","A_24_P941148"
"HAUS7","A_23_P416036"
"HAUS8","A_23_P141965"
"HAVCR1","A_23_P347610"
"HAVCR2","A_24_P411561"
"HAX1","A_23_P115223"
"HBA2","A_33_P3258362"
"HBB","A_33_P3289150"
"HBBP1","A_24_P732099"
"HBD","A_24_P75190"
"HBE1","A_23_P47665"
"HBEGF","A_24_P140608"
"HBG1","A_33_P3329078"
"HBM","A_33_P3326235"
"HBP1","A_23_P215787"
"HBQ1","A_23_P49254"
"HBS1L","A_33_P3289192"
"HBZ","A_33_P3421827"
"HCAR1","A_33_P3380472"
"HCAR2","A_23_P329924"
"HCAR3","A_23_P64721"
"HCCAT5","A_33_P3418511"
"HCCS","A_23_P257945"
"HCFC1","A_23_P125771"
"HCFC1R1","A_33_P3350207"
"HCFC2","A_23_P25403"
"HCG11","A_33_P3281036"
"HCG18","A_33_P3280993"
"HCG22","A_33_P3242453"
"HCG26","A_32_P220770"
"HCG27","A_32_P21246"
"HCG4","A_23_P254768"
"HCG4B","A_23_P359376"
"HCG9","A_33_P3225418"
"HCK","A_24_P365526"
"HCLS1","A_23_P73429"
"HCN1","A_32_P123143"
"HCN2","A_33_P3279640"
"HCN3","A_23_P34827"
"HCN4","A_33_P3418681"
"HCP5","A_24_P17870"
"HCP5B","A_33_P3399988"
"HCRT","A_33_P3306624"
"HCRTR1","A_23_P74178"
"HCRTR2","A_23_P8328"
"HCST","A_23_P39386"
"HDAC10","A_23_P368740"
"HDAC11","A_23_P155360"
"HDAC2","A_33_P3309924"
"HDAC3","A_33_P3309929"
"HDAC4","A_23_P210048"
"HDAC5","A_24_P125283"
"HDAC6","A_23_P250455"
"HDAC7","A_23_P2582"
"HDAC8","A_24_P254965"
"HDAC9","A_23_P404162"
"HDDC2","A_33_P3212650"
"HDDC3","A_23_P65830"
"HDGF","A_24_P376707"
"HDGFL1","A_33_P3366456"
"HDGFL2","A_33_P3319640"
"HDGFL3","A_23_P344451"
"HDHD2","A_23_P153098"
"HDHD3","A_23_P112548"
"HDHD5","A_23_P57370"
"HDHD5-AS1","A_32_P131143"
"HDLBP","A_23_P131417"
"HDX","A_23_P386364"
"HEATR1","A_33_P3337831"
"HEATR3","A_24_P138713"
"HEATR4","A_24_P696470"
"HEATR5A","A_33_P3251332"
"HEATR5B","A_32_P389118"
"HEATR6","A_23_P77965"
"HEATR9","A_23_P430792"
"HEBP2","A_23_P19691"
"HECA","A_23_P59349"
"HECTD1","A_23_P54006"
"HECTD2","A_32_P201979"
"HECTD3","A_23_P149221"
"HECTD4","A_23_P162702"
"HECW1","A_23_P319027"
"HECW2","A_33_P3270311"
"HEG1","A_32_P166693"
"HELB","A_23_P2294"
"HELLS","A_23_P12816"
"HELQ","A_23_P92614"
"HELT","A_33_P3290677"
"HELZ","A_33_P3257973"
"HELZ2","A_33_P3400374"
"HEMGN","A_23_P43412"
"HEMK1","A_24_P268729"
"HEMK2","A_33_P3252236"
"HENMT1","A_23_P309361"
"HEPACAM","A_24_P213950"
"HEPACAM2","A_32_P118397"
"HEPH","A_24_P399980"
"HEPHL1","A_33_P3215043"
"HEPN1","A_33_P3298120"
"HERC1","A_23_P257503"
"HERC2","A_23_P33407"
"HERC2P2","A_23_P346048"
"HERC2P4","A_32_P139738"
"HERC2P7","A_33_P3502305"
"HERC3","A_24_P51201"
"HERC4","A_24_P346807"
"HERC6","A_33_P3315779"
"HERPUD1","A_23_P54846"
"HERPUD2","A_23_P168490"
"HES1","A_23_P6596"
"HES2","A_33_P3376365"
"HES3","A_33_P3379896"
"HES4","A_33_P3342628"
"HES5","A_32_P234184"
"HES6","A_33_P3265359"
"HES7","A_33_P3368695"
"HEXA","A_23_P129101"
"HEXA-AS1","A_33_P3315149"
"HEXB","A_23_P156049"
"HEXD","A_33_P3338186"
"HEXIM1","A_24_P356601"
"HEXIM2","A_23_P377214"
"HEY1","A_32_P83845"
"HEY2","A_24_P363408"
"HEYL","A_23_P430658"
"HFE","A_24_P111996"
"HFM1","A_32_P34046"
"HGC6.3","A_33_P3328883"
"HGD","A_23_P250164"
"HGF","A_33_P3276718"
"HGFAC","A_33_P3267640"
"HGH1","A_23_P61268"
"HGS","A_23_P72627"
"HGSNAT","A_24_P16378"
"HHAT","A_23_P136355"
"HHATL","A_23_P255298"
"HHEX","A_23_P47034"
"HHIP","A_23_P167129"
"HHIPL1","A_33_P3271657"
"HHIPL2","A_23_P86064"
"HHLA1","A_33_P3301050"
"HHLA2","A_33_P3301040"
"HIBADH","A_23_P335428"
"HIBCH","A_23_P154345"
"HIC1","A_23_P129856"
"HIC2","A_23_P383132"
"HID1","A_33_P3274935"
"HIF1A","A_33_P3231277"
"HIF1AN","A_23_P46964"
"HIF3A","A_33_P3338152"
"HIGD1A","A_24_P200162"
"HIGD1B","A_23_P207354"
"HIGD1C","A_33_P3252539"
"HIGD2A","A_23_P304386"
"HIGD2B","A_33_P3270435"
"HIKESHI","A_23_P139396"
"HILPDA","A_23_P20022"
"HINFP","A_24_P121171"
"HINT1","A_32_P47554"
"HINT2","A_23_P157784"
"HINT3","A_33_P3299872"
"HIP1","A_33_P3343485"
"HIP1R","A_23_P398294"
"HIPK1","A_32_P231446"
"HIPK2","A_33_P3223121"
"HIPK3","A_33_P3279545"
"HIPK4","A_23_P329945"
"HIRA","A_23_P154938"
"HIRIP3","A_33_P3217480"
"HIVEP1","A_23_P19619"
"HIVEP2","A_23_P214766"
"HIVEP3","A_32_P59302"
"HJURP","A_33_P3807062"
"HJV","A_23_P86315"
"HK1","A_23_P217958"
"HK2","A_32_P175739"
"HK3","A_23_P213584"
"HKDC1","A_23_P202427"
"HLA-A","A_33_P3379962"
"HLA-B","A_33_P3379947"
"HLA-C","A_33_P3424803"
"HLA-DMA","A_23_P42306"
"HLA-DMB","A_32_P351968"
"HLA-DOA","A_32_P356316"
"HLA-DOB","A_23_P30736"
"HLA-DPA1","A_23_P30913"
"HLA-DPB1","A_23_P258769"
"HLA-DPB2","A_24_P288836"
"HLA-DQA1","A_33_P3293049"
"HLA-DQA2","A_24_P852756"
"HLA-DQB1","A_33_P3424222"
"HLA-DQB2","A_23_P19510"
"HLA-DRA","A_32_P87697"
"HLA-DRB3","A_33_P3383912"
"HLA-DRB4","A_24_P370472"
"HLA-DRB5","A_23_P45099"
"HLA-DRB6","A_24_P169013"
"HLA-E","A_32_P460973"
"HLA-F","A_33_P3379939"
"HLA-F-AS1","A_32_P76811"
"HLA-G","A_24_P311926"
"HLA-L","A_33_P3210119"
"HLCS","A_23_P304991"
"HLF","A_33_P3400578"
"HLTF","A_24_P277155"
"HLX","A_23_P126266"
"HM13","A_23_P40347"
"HMBOX1","A_23_P134684"
"HMCES","A_23_P251377"
"HMCN1","A_23_P148990"
"HMCN2","A_33_P3421530"
"HMG20A","A_23_P436117"
"HMG20B","A_33_P3359268"
"HMGA1","A_23_P42331"
"HMGA2","A_33_P3211078"
"HMGB1","A_24_P169148"
"HMGB2","A_23_P155765"
"HMGB3","A_33_P3319041"
"HMGB3P1","A_23_P373119"
"HMGB3P22","A_24_P24685"
"HMGB3P24","A_24_P49747"
"HMGCL","A_23_P145"
"HMGCLL1","A_32_P49508"
"HMGCR","A_23_P30495"
"HMGCS1","A_24_P63522"
"HMGN1","A_24_P409857"
"HMGN2","A_32_P41487"
"HMGN3","A_24_P132099"
"HMGN4","A_24_P397515"
"HMGXB3","A_33_P3379941"
"HMGXB4","A_23_P431981"
"HMHB1","A_23_P30204"
"HMMR","A_23_P70007"
"HMOX2","A_23_P100501"
"HMSD","A_33_P3322363"
"HMX1","A_33_P3279009"
"HMX2","A_24_P64407"
"HMX3","A_33_P3252146"
"HNF1A","A_33_P3328312"
"HNF1A-AS1","A_24_P314515"
"HNF1B","A_24_P330822"
"HNF4A","A_23_P28761"
"HNF4G","A_33_P3286492"
"HNMT","A_23_P56734"
"HNRNPA0","A_33_P3315223"
"HNRNPA1","A_32_P42197"
"HNRNPA1L2","A_32_P50924"
"HNRNPA2B1","A_33_P3362891"
"HNRNPA3","A_32_P77502"
"HNRNPAB","A_23_P19084"
"HNRNPC","A_32_P142028"
"HNRNPCL1","A_24_P136161"
"HNRNPD","A_23_P58353"
"HNRNPDL","A_24_P9090"
"HNRNPF","A_23_P75330"
"HNRNPH1","A_24_P320254"
"HNRNPH3","A_24_P338187"
"HNRNPK","A_24_P380919"
"HNRNPKP3","A_33_P3254590"
"HNRNPL","A_32_P109572"
"HNRNPLL","A_33_P3303086"
"HNRNPM","A_33_P3242919"
"HNRNPR","A_23_P45726"
"HNRNPU","A_23_P160862"
"HNRNPUL1","A_24_P376294"
"HNRNPUL2","A_23_P409626"
"HOATZ","A_32_P225345"
"HOGA1","A_23_P364613"
"HOMER1","A_33_P3372257"
"HOMER2","A_23_P99906"
"HOMER3","A_33_P3265374"
"HOMEZ","A_24_P40594"
"HOOK1","A_24_P921897"
"HOOK2","A_23_P153441"
"HOOK3","A_23_P216080"
"HOPX","A_23_P254507"
"HORMAD1","A_33_P3273230"
"HORMAD2","A_23_P428366"
"HOTAIR","A_32_P168442"
"HOXA1","A_33_P3377514"
"HOXA10","A_33_P3288649"
"HOXA11","A_33_P3264528"
"HOXA11-AS","A_24_P280983"
"HOXA13","A_23_P389281"
"HOXA2","A_24_P200854"
"HOXA3","A_23_P501538"
"HOXA4","A_33_P3377529"
"HOXA5","A_23_P93772"
"HOXA6","A_33_P3377519"
"HOXA7","A_23_P70968"
"HOXA9","A_33_P3416231"
"HOXB1","A_23_P118675"
"HOXB13","A_24_P365015"
"HOXB2","A_23_P107283"
"HOXB3","A_23_P316511"
"HOXB4","A_24_P416370"
"HOXB5","A_23_P363316"
"HOXB6","A_23_P66682"
"HOXB7","A_23_P55281"
"HOXB8","A_23_P370588"
"HOXB9","A_23_P27013"
"HOXC10","A_24_P218805"
"HOXC11","A_23_P47941"
"HOXC12","A_23_P335981"
"HOXC13","A_23_P64808"
"HOXC4","A_33_P3300975"
"HOXC5","A_23_P162355"
"HOXC6","A_33_P3300965"
"HOXC8","A_24_P124558"
"HOXC9","A_23_P25150"
"HOXD10","A_23_P381368"
"HOXD11","A_23_P143029"
"HOXD12","A_23_P154420"
"HOXD13","A_33_P3246268"
"HOXD3","A_23_P323180"
"HOXD4","A_23_P345725"
"HOXD8","A_23_P210164"
"HOXD9","A_23_P429383"
"HP","A_23_P206760"
"HP1BP3","A_24_P944616"
"HPCA","A_33_P3246133"
"HPCAL1","A_23_P5831"
"HPCAL4","A_24_P139665"
"HPD","A_23_P139527"
"HPDL","A_23_P74449"
"HPF1","A_24_P49371"
"HPGD","A_24_P71904"
"HPN","A_23_P406782"
"HPR","A_33_P3289236"
"HPS1","A_24_P415327"
"HPS4","A_33_P3290082"
"HPS5","A_23_P98631"
"HPS6","A_23_P115683"
"HPSE","A_23_P256107"
"HPSE2","A_23_P61707"
"HPX","A_23_P161998"
"HPYR1","A_33_P3311825"
"HR","A_33_P3364060"
"HRC","A_23_P142125"
"HRCT1","A_23_P94434"
"HRG","A_23_P321892"
"HRH1","A_33_P3245183"
"HRH2","A_23_P7535"
"HRH3","A_24_P301837"
"HRH4","A_23_P386310"
"HRK","A_23_P25194"
"HRNR","A_33_P3391895"
"HROB","A_33_P3295838"
"HS1BP3","A_24_P139943"
"HS2ST1","A_24_P242361"
"HS3ST3A1","A_23_P66525"
"HS3ST3B1","A_24_P23625"
"HS3ST4","A_23_P9711"
"HS3ST5","A_24_P226508"
"HS3ST6","A_33_P3302185"
"HS6ST1","A_24_P8220"
"HS6ST2","A_24_P105191"
"HS6ST3","A_23_P422911"
"HSBP1","A_33_P3244181"
"HSBP1L1","A_32_P46981"
"HSCB","A_33_P3309231"
"HSD11B1","A_23_P63209"
"HSD11B1L","A_23_P141992"
"HSD11B2","A_23_P14986"
"HSD17B1","A_23_P15542"
"HSD17B10","A_23_P45396"
"HSD17B11","A_23_P408271"
"HSD17B12","A_23_P47377"
"HSD17B13","A_24_P362969"
"HSD17B14","A_23_P78762"
"HSD17B3","A_33_P3418662"
"HSD17B4","A_23_P92954"
"HSD17B6","A_23_P25030"
"HSD17B7","A_33_P3225487"
"HSD17B8","A_23_P81973"
"HSD3B1","A_24_P350397"
"HSD3B2","A_23_P51580"
"HSD3B7","A_33_P3251776"
"HSD52","A_33_P3380762"
"HSDL1","A_23_P206324"
"HSDL2","A_23_P169197"
"HSF1","A_23_P253841"
"HSF2","A_32_P9963"
"HSF2BP","A_23_P143512"
"HSF4","A_23_P3592"
"HSF5","A_33_P3416822"
"HSFX1","A_23_P96497"
"HSFY1P1","A_33_P3262660"
"HSFY2","A_23_P45579"
"HSH2D","A_23_P153372"
"HSP90AA1","A_33_P3665777"
"HSP90AA2P","A_33_P3849600"
"HSP90AA5P","A_33_P3362301"
"HSP90AB1","A_23_P145089"
"HSP90AB2P","A_33_P3408054"
"HSP90AB4P","A_33_P3310718"
"HSP90AB5P","A_33_P3882659"
"HSP90AB6P","A_33_P3598466"
"HSP90B1","A_23_P2601"
"HSP90B3P","A_33_P3401252"
"HSPA12A","A_23_P408376"
"HSPA12B","A_23_P91334"
"HSPA13","A_24_P134392"
"HSPA14","A_23_P63829"
"HSPA1B","A_33_P3415430"
"HSPA1L","A_23_P70547"
"HSPA2","A_23_P88303"
"HSPA4","A_24_P377269"
"HSPA4L","A_23_P363936"
"HSPA5","A_24_P98411"
"HSPA6","A_23_P114903"
"HSPA8","A_33_P3390758"
"HSPA9","A_24_P77676"
"HSPB1","A_33_P3287646"
"HSPB2","A_23_P161727"
"HSPB3","A_23_P92730"
"HSPB6","A_24_P308029"
"HSPB7","A_33_P3368369"
"HSPB8","A_23_P162579"
"HSPB9","A_23_P416212"
"HSPBAP1","A_23_P250118"
"HSPBP1","A_23_P10685"
"HSPD1","A_32_P25273"
"HSPE1","A_23_P56922"
"HSPG2","A_33_P3321657"
"HSPH1","A_23_P88119"
"HTATIP2","A_23_P64129"
"HTATSF1","A_23_P45345"
"HTN1","A_33_P3348629"
"HTN3","A_23_P212945"
"HTR1A","A_24_P97687"
"HTR1B","A_23_P156824"
"HTR1D","A_33_P3357813"
"HTR1E","A_24_P380349"
"HTR1F","A_33_P3406836"
"HTR2A","A_24_P355967"
"HTR2B","A_23_P16953"
"HTR2C","A_23_P433586"
"HTR3A","A_24_P150068"
"HTR3B","A_23_P87007"
"HTR3C","A_23_P124402"
"HTR3D","A_33_P3362491"
"HTR3E","A_24_P32139"
"HTR4","A_24_P234768"
"HTR5A","A_23_P42565"
"HTR6","A_33_P3345016"
"HTR7","A_23_P500381"
"HTR7P1","A_32_P174572"
"HTRA1","A_23_P97990"
"HTRA2","A_24_P336957"
"HTRA3","A_33_P3270776"
"HTRA4","A_23_P44421"
"HTT","A_23_P212749"
"HULC","A_33_P3222762"
"HUNK","A_24_P160070"
"HUS1","A_33_P3330841"
"HUS1B","A_23_P133739"
"HUWE1","A_33_P3811287"
"HVCN1","A_33_P3368014"
"HYAL1","A_23_P69329"
"HYAL2","A_33_P3365357"
"HYAL3","A_23_P361405"
"HYAL4","A_33_P3421984"
"HYAL6P","A_33_P3395547"
"HYCC1","A_23_P8582"
"HYCC2","A_23_P334864"
"HYDIN","A_33_P3300232"
"HYI","A_23_P200976"
"HYKK","A_24_P602507"
"HYLS1","A_23_P127522"
"HYMAI","A_33_P3308481"
"HYOU1","A_23_P75647"
"HYPK","A_33_P3343010"
"IAH1","A_23_P17287"
"IAPP","A_23_P139648"
"IARS1","A_23_P258964"
"IARS2","A_23_P74843"
"IBA57","A_33_P3215128"
"IBSP","A_23_P144549"
"IBTK","A_23_P358995"
"ICA1","A_23_P215419"
"ICA1L","A_24_P211797"
"ICAM2","A_23_P152655"
"ICAM3","A_23_P164691"
"ICAM4","A_33_P3363355"
"ICE1","A_32_P35800"
"ICE2","A_32_P129419"
"ICMT","A_33_P3381022"
"ICOS","A_23_P371215"
"ICOSLG","A_23_P166280"
"ID1","A_23_P252306"
"ID2","A_23_P143143"
"ID3","A_23_P137381"
"ID4","A_33_P3229370"
"IDE","A_23_P63681"
"IDH1","A_32_P45009"
"IDH2","A_23_P129209"
"IDH3A","A_23_P140668"
"IDH3B","A_33_P3358069"
"IDH3G","A_23_P34115"
"IDI1","A_24_P103886"
"IDI2","A_23_P410600"
"IDI2-AS1","A_23_P24275"
"IDO2","A_24_P12690"
"IDS","A_23_P217475"
"IDUA","A_33_P3392087"
"IER2","A_32_P36235"
"IER3","A_23_P42257"
"IER3IP1","A_23_P4474"
"IER5","A_23_P86330"
"IER5L","A_33_P3302312"
"IFFO1","A_23_P87742"
"IFFO2","A_23_P418031"
"IFI16","A_23_P160025"
"IFI27","A_24_P270460"
"IFI27L1","A_24_P261929"
"IFI27L2","A_23_P140146"
"IFI30","A_23_P153745"
"IFI35","A_23_P152782"
"IFI44","A_23_P23074"
"IFI44L","A_23_P45871"
"IFI6","A_23_P201459"
"IFIH1","A_23_P68155"
"IFIT1","A_23_P52266"
"IFIT1B","A_33_P3395532"
"IFIT2","A_23_P24004"
"IFIT3","A_33_P3283611"
"IFIT5","A_24_P30194"
"IFITM1","A_23_P72737"
"IFITM10","A_33_P3358601"
"IFITM2","A_24_P287043"
"IFITM3","A_23_P87545"
"IFITM4P","A_24_P16124"
"IFITM5","A_33_P3352995"
"IFNA10","A_23_P20704"
"IFNA14","A_33_P3241224"
"IFNA16","A_23_P157920"
"IFNA2","A_23_P250251"
"IFNA21","A_24_P386375"
"IFNA22P","A_33_P3601202"
"IFNA4","A_24_P403459"
"IFNA6","A_23_P71757"
"IFNA7","A_33_P3345086"
"IFNA8","A_23_P146539"
"IFNAR1","A_33_P3277988"
"IFNAR2","A_33_P3337540"
"IFNB1","A_23_P71774"
"IFNE","A_23_P302060"
"IFNGR1","A_23_P8281"
"IFNGR2","A_23_P29036"
"IFNK","A_23_P310372"
"IFNL1","A_23_P337800"
"IFNL2","A_23_P409438"
"IFNL3","A_23_P373619"
"IFNLR1","A_23_P74112"
"IFNW1","A_33_P3311200"
"IFRD1","A_24_P137897"
"IFRD2","A_23_P92132"
"IFT122","A_23_P212447"
"IFT140","A_23_P140725"
"IFT172","A_23_P406135"
"IFT20","A_23_P130089"
"IFT22","A_24_P286527"
"IFT25","A_23_P96872"
"IFT27","A_33_P3399560"
"IFT43","A_24_P398781"
"IFT52","A_33_P3368500"
"IFT56","A_23_P257668"
"IFT57","A_24_P362881"
"IFT70A","A_24_P17453"
"IFT74","A_23_P255714"
"IFT80","A_23_P316150"
"IFT81","A_33_P3234989"
"IFT88","A_23_P48339"
"IFTAP","A_24_P252846"
"IGBP1","A_23_P171249"
"IGDCC3","A_33_P3234020"
"IGDCC4","A_23_P14673"
"IGF1","A_24_P304423"
"IGF1R","A_23_P417282"
"IGF2","A_23_P150609"
"IGF2-AS","A_23_P116435"
"IGF2BP2","A_23_P250156"
"IGF2BP2-AS1","A_33_P3324949"
"IGF2BP3","A_23_P19987"
"IGF2R","A_23_P334021"
"IGFALS","A_23_P14892"
"IGFBP1","A_23_P42868"
"IGFBP4","A_24_P382187"
"IGFBP5","A_23_P383009"
"IGFBP6","A_23_P139912"
"IGFBP7","A_23_P353035"
"IGFBPL1","A_24_P186274"
"IGFL1","A_33_P3289845"
"IGFL2","A_23_P153571"
"IGFL3","A_33_P3243454"
"IGFL4","A_33_P3243486"
"IGFLR1","A_23_P142424"
"IGFN1","A_33_P3382100"
"IGHMBP2","A_23_P393713"
"IGIP","A_24_P110558"
"IGKV1D-13","A_33_P3761915"
"IGLL1","A_24_P239076"
"IGLL5","A_33_P3379039"
"IGLON5","A_24_P271149"
"IGLV1-44","A_33_P3876192"
"IGSF1","A_33_P3371984"
"IGSF10","A_23_P333683"
"IGSF11","A_23_P398189"
"IGSF21","A_32_P78101"
"IGSF22","A_32_P486620"
"IGSF23","A_24_P750817"
"IGSF3","A_33_P3240757"
"IGSF5","A_32_P98739"
"IGSF6","A_33_P3372004"
"IGSF8","A_23_P137423"
"IGSF9","A_23_P85441"
"IGSF9B","A_33_P3325195"
"IHH","A_33_P3338698"
"IHO1","A_23_P362770"
"IK","A_23_P133245"
"IKBIP","A_23_P53467"
"IKBKB","A_33_P3787904"
"IKBKE","A_23_P887"
"IKBKG","A_23_P159920"
"IKZF1","A_33_P3842556"
"IKZF2","A_32_P114284"
"IKZF3","A_23_P376060"
"IKZF4","A_23_P378288"
"IKZF5","A_33_P3421520"
"IL10RA","A_23_P203173"
"IL10RB","A_24_P322741"
"IL11","A_33_P3243887"
"IL11RA","A_23_P71867"
"IL12A","A_23_P91943"
"IL12B","A_23_P7560"
"IL12RB1","A_23_P399156"
"IL12RB2","A_23_P72077"
"IL13","A_23_P251031"
"IL13RA1","A_24_P280113"
"IL13RA2","A_23_P85209"
"IL15","A_23_P29953"
"IL15RA","A_23_P138680"
"IL16","A_33_P3359683"
"IL17A","A_23_P332820"
"IL17B","A_23_P167479"
"IL17C","A_33_P3339625"
"IL17D","A_23_P345692"
"IL17F","A_23_P167882"
"IL17RA","A_33_P3224809"
"IL17RB","A_24_P157370"
"IL17RC","A_23_P166775"
"IL17RD","A_32_P188860"
"IL17RE","A_23_P500206"
"IL17REL","A_33_P3378291"
"IL18BP","A_33_P3228322"
"IL18R1","A_24_P208567"
"IL18RAP","A_23_P28334"
"IL19","A_23_P35092"
"IL1F10","A_23_P501713"
"IL1R1","A_33_P3396389"
"IL1R2","A_24_P63019"
"IL1RAP","A_23_P170857"
"IL1RAPL1","A_33_P3351510"
"IL1RAPL2","A_23_P255038"
"IL1RL1","A_23_P51126"
"IL1RL2","A_23_P56604"
"IL1RN","A_33_P3246833"
"IL20","A_23_P46482"
"IL20RA","A_23_P145514"
"IL20RB","A_23_P91850"
"IL21","A_23_P167250"
"IL21R","A_24_P227927"
"IL22","A_23_P427516"
"IL22RA1","A_23_P62607"
"IL22RA2","A_33_P3422124"
"IL23A","A_23_P76078"
"IL23R","A_23_P425197"
"IL24","A_33_P3232692"
"IL26","A_23_P128503"
"IL27","A_33_P3284933"
"IL27RA","A_23_P27606"
"IL2RA","A_24_P230563"
"IL2RB","A_24_P203000"
"IL2RG","A_33_P3290394"
"IL3","A_33_P3419264"
"IL31","A_24_P937317"
"IL31RA","A_33_P3691168"
"IL32","A_23_P15146"
"IL33","A_23_P31945"
"IL36A","A_23_P348028"
"IL36B","A_23_P90925"
"IL36G","A_23_P17053"
"IL36RN","A_24_P68783"
"IL37","A_23_P5654"
"IL3RA","A_32_P217750"
"IL4I1","A_33_P3405424"
"IL4R","A_23_P129556"
"IL5","A_24_P209047"
"IL5RA","A_33_P3328254"
"IL6","A_33_P3407013"
"IL6R","A_33_P3288844"
"IL6ST","A_33_P3233841"
"IL7","A_23_P8961"
"IL7R","A_23_P404494"
"IL9","A_24_P320410"
"IL9R","A_23_P34066"
"ILDR1","A_33_P3417532"
"ILDR2","A_33_P3328317"
"ILF2","A_23_P257956"
"ILF3","A_23_P218456"
"ILKAP","A_23_P142590"
"ILRUN","A_23_P133974"
"IMMP1L","A_23_P203305"
"IMMP2L","A_33_P3213377"
"IMMT","A_33_P3314468"
"IMP3","A_23_P33809"
"IMP4","A_23_P302094"
"IMPA1","A_24_P183864"
"IMPA2","A_23_P50081"
"IMPACT","A_24_P108291"
"IMPDH1","A_24_P89701"
"IMPDH2","A_33_P3214298"
"IMPG1","A_23_P42032"
"IMPG2","A_23_P18119"
"INA","A_23_P35444"
"INAFM1","A_23_P386168"
"INCA1","A_33_P3306413"
"INE1","A_23_P148600"
"INE2","A_33_P3238285"
"INF2","A_23_P394836"
"ING1","A_24_P39211"
"ING2","A_23_P83736"
"ING3","A_33_P3356711"
"ING4","A_23_P48070"
"ING5","A_24_P34545"
"INGX","A_23_P125686"
"INHA","A_23_P51039"
"INHBB","A_23_P153964"
"INHBC","A_24_P155502"
"INHBE","A_24_P141707"
"INIP","A_23_P397899"
"INKA1","A_33_P3239267"
"INKA2","A_24_P336577"
"INMT","A_33_P3347291"
"INO80","A_24_P39454"
"INO80B","A_23_P56673"
"INO80C","A_24_P117954"
"INO80D","A_33_P3330716"
"INO80E","A_33_P3390048"
"INPP1","A_32_P44453"
"INPP4A","A_23_P393531"
"INPP4B","A_33_P3214625"
"INPP5A","A_24_P26897"
"INPP5B","A_23_P85640"
"INPP5D","A_23_P61149"
"INPP5E","A_24_P317835"
"INPP5F","A_23_P35684"
"INPP5J","A_24_P284805"
"INPP5K","A_33_P3318911"
"INPPL1","A_23_P36322"
"INS","A_23_P1981"
"INSC","A_33_P3814721"
"INSIG1","A_33_P3219090"
"INSIG2","A_33_P3321342"
"INSL3","A_33_P3334828"
"INSL5","A_23_P51479"
"INSL6","A_23_P83012"
"INSM2","A_23_P48530"
"INSR","A_33_P3335725"
"INSRR","A_23_P615"
"INSYN1","A_33_P3398917"
"INSYN2A","A_32_P202013"
"INSYN2B","A_33_P3375636"
"INTS1","A_33_P3316045"
"INTS10","A_23_P157607"
"INTS11","A_33_P3270802"
"INTS12","A_23_P81087"
"INTS13","A_23_P36464"
"INTS14","A_33_P3244921"
"INTS15","A_23_P168541"
"INTS2","A_23_P420269"
"INTS3","A_23_P126757"
"INTS4","A_23_P203737"
"INTS5","A_23_P13338"
"INTS6","A_24_P167614"
"INTS6L","A_23_P363647"
"INTS7","A_23_P52082"
"INTS8","A_23_P43079"
"INTS9","A_23_P8848"
"INTU","A_32_P118372"
"INVS","A_33_P3381816"
"IP6K1","A_33_P3320804"
"IP6K2","A_23_P301138"
"IP6K3","A_23_P168130"
"IPCEF1","A_33_P3397995"
"IPMK","A_23_P380371"
"IPO11","A_23_P30264"
"IPO13","A_23_P115036"
"IPO4","A_23_P162970"
"IPO5","A_24_P99071"
"IPO7","A_23_P331598"
"IPO8","A_33_P3369286"
"IPO9","A_33_P3360917"
"IPP","A_23_P9662"
"IPPK","A_33_P3418120"
"IPW","A_33_P3312807"
"IQCB1","A_23_P84140"
"IQCC","A_23_P74162"
"IQCE","A_23_P19852"
"IQCF1","A_32_P121834"
"IQCF2","A_32_P165933"
"IQCF3","A_32_P152204"
"IQCF5","A_23_P29608"
"IQCF6","A_32_P13756"
"IQCH","A_24_P275585"
"IQCJ","A_33_P3250178"
"IQCJ-SCHIP1","A_33_P3332547"
"IQCK","A_23_P324523"
"IQCN","A_23_P130974"
"IQGAP1","A_33_P3417745"
"IQGAP2","A_33_P3216372"
"IQGAP3","A_33_P3321293"
"IQSEC1","A_33_P3289820"
"IQSEC2","A_32_P159445"
"IQSEC3","A_33_P3209581"
"IQUB","A_24_P203298"
"IRAG1","A_33_P3311403"
"IRAG2","A_23_P98910"
"IRAK1","A_23_P73780"
"IRAK1BP1","A_32_P21474"
"IRAK2","A_33_P3352970"
"IRAK3","A_23_P162300"
"IRAK4","A_24_P158903"
"IREB2","A_33_P3221528"
"IRF1","A_23_P41765"
"IRF2","A_23_P125082"
"IRF2BP1","A_33_P3398946"
"IRF2BP2","A_24_P497186"
"IRF2BPL","A_32_P466514"
"IRF3","A_23_P27677"
"IRF4","A_23_P214360"
"IRF5","A_23_P500271"
"IRF6","A_23_P748"
"IRF7","A_24_P378019"
"IRF8","A_33_P3343120"
"IRF9","A_23_P65442"
"IRGC","A_33_P3359022"
"IRGM","A_33_P3881812"
"IRGQ","A_33_P3415913"
"IRS1","A_24_P225679"
"IRS2","A_24_P154037"
"IRS4","A_23_P85039"
"IRX1","A_33_P3336257"
"IRX2","A_33_P3297562"
"IRX2-DT","A_23_P331235"
"IRX3","A_23_P152235"
"IRX5","A_24_P48057"
"IRX6","A_32_P177539"
"ISCA1","A_32_P25253"
"ISCA2","A_23_P151746"
"ISCU","A_23_P340158"
"ISG15","A_23_P819"
"ISG20","A_23_P32404"
"ISG20L2","A_33_P3401322"
"ISL1","A_23_P81529"
"ISL2","A_23_P54469"
"ISLR","A_23_P3312"
"ISLR2","A_32_P379467"
"ISM1","A_32_P186731"
"ISM2","A_23_P344125"
"ISOC1","A_23_P250982"
"ISOC2","A_24_P99795"
"ISX","A_32_P217140"
"ISY1","A_23_P124164"
"ISY1-RAB43","A_33_P3260373"
"ISYNA1","A_23_P5131"
"ITCH","A_24_P139191"
"ITFG1","A_23_P334123"
"ITFG2","A_23_P204417"
"ITGA1","A_33_P3353791"
"ITGA10","A_33_P3263432"
"ITGA11","A_23_P206022"
"ITGA2","A_32_P178800"
"ITGA2B","A_24_P65373"
"ITGA3","A_23_P55251"
"ITGA4","A_33_P3353816"
"ITGA5","A_23_P36562"
"ITGA6","A_23_P210176"
"ITGA7","A_23_P128084"
"ITGA8","A_23_P46781"
"ITGA9","A_23_P252193"
"ITGAD","A_24_P366652"
"ITGAE","A_23_P218375"
"ITGAL","A_23_P206806"
"ITGAX","A_23_P312132"
"ITGB1BP1","A_23_P154507"
"ITGB1BP2","A_23_P45424"
"ITGB2","A_33_P3398143"
"ITGB3","A_24_P318656"
"ITGB3BP","A_23_P23765"
"ITGB4","A_33_P3377364"
"ITGB5","A_23_P166633"
"ITGB6","A_23_P154217"
"ITGB7","A_23_P76529"
"ITGB8","A_24_P759477"
"ITGBL1","A_33_P3418209"
"ITIH1","A_23_P18223"
"ITIH2","A_23_P202053"
"ITIH3","A_33_P3313145"
"ITIH4","A_23_P109881"
"ITIH5","A_33_P3420380"
"ITIH6","A_33_P3363071"
"ITK","A_23_P354151"
"ITLN1","A_23_P95790"
"ITLN2","A_24_P53778"
"ITM2A","A_23_P171074"
"ITM2B","A_33_P3302255"
"ITM2C","A_24_P402690"
"ITPA","A_23_P68529"
"ITPK1","A_24_P167683"
"ITPK1-AS1","A_33_P3397955"
"ITPKA","A_23_P65918"
"ITPKB","A_23_P372255"
"ITPKC","A_24_P202567"
"ITPR1","A_23_P92042"
"ITPR2","A_33_P3232294"
"ITPR3","A_23_P19517"
"ITPRID1","A_33_P3323607"
"ITPRIP","A_23_P340333"
"ITPRIPL1","A_32_P525524"
"ITPRIPL2","A_24_P835500"
"ITSN1","A_33_P3277728"
"ITSN2","A_33_P3416350"
"IVD","A_33_P3269718"
"IVL","A_23_P353524"
"IVNS1ABP","A_23_P391506"
"IWS1","A_23_P165574"
"IYD","A_32_P110472"
"IZUMO1","A_24_P340247"
"IZUMO1R","A_24_P206702"
"IZUMO4","A_23_P50674"
"JADE1","A_33_P3252925"
"JADE2","A_24_P226278"
"JADE3","A_24_P203072"
"JAG1","A_23_P210763"
"JAGN1","A_23_P6762"
"JAK1","A_33_P3784283"
"JAK2","A_33_P3878772"
"JAK3","A_24_P59667"
"JAKMIP1","A_33_P3221114"
"JAKMIP2","A_33_P3255290"
"JAKMIP3","A_24_P332081"
"JAM2","A_33_P3226212"
"JAM3","A_24_P86993"
"JAML","A_24_P192914"
"JARID2","A_23_P214876"
"JAZF1","A_32_P36694"
"JCAD","A_23_P301521"
"JCHAIN","A_23_P167168"
"JHY","A_23_P83751"
"JKAMP","A_23_P380965"
"JMJD1C","A_23_P427217"
"JMJD4","A_33_P3306113"
"JMJD6","A_23_P311616"
"JMJD7","A_33_P3344951"
"JMJD7-PLA2G4B","A_23_P403424"
"JMJD8","A_23_P15073"
"JMY","A_33_P3217689"
"JOSD1","A_24_P271527"
"JOSD2","A_33_P3220929"
"JPH1","A_33_P3364348"
"JPH2","A_23_P394395"
"JPH3","A_33_P3423721"
"JPH4","A_33_P3219279"
"JPX","A_33_P3294985"
"JRK","A_33_P3275199"
"JRKL","A_23_P202737"
"JSRP1","A_23_P397320"
"JTB","A_23_P34983"
"JUN","A_33_P3323298"
"JUNB","A_24_P241815"
"JUND","A_33_P3324909"
"JUP","A_23_P501822"
"KAAG1","A_24_P143301"
"KALRN","A_24_P410797"
"KANK1","A_23_P500130"
"KANK2","A_23_P50426"
"KANK3","A_33_P3326025"
"KANK4","A_33_P3260530"
"KANSL1","A_23_P55376"
"KANSL1L","A_33_P3394252"
"KANSL2","A_33_P3346866"
"KANSL3","A_23_P209538"
"KARS1","A_33_P3449417"
"KASH5","A_33_P3237669"
"KAT2A","A_23_P66608"
"KAT2B","A_32_P159651"
"KAT5","A_23_P138849"
"KAT6A","A_33_P3287735"
"KAT6B","A_23_P388855"
"KAT7","A_23_P152818"
"KAT8","A_33_P3287745"
"KATNAL1","A_32_P75284"
"KATNAL2","A_33_P3209741"
"KATNB1","A_23_P117980"
"KATNBL1","A_23_P77286"
"KATNIP","A_23_P381203"
"KAZALD1","A_24_P192727"
"KAZN","A_24_P331830"
"KBTBD11","A_23_P94319"
"KBTBD12","A_32_P88240"
"KBTBD13","A_33_P3306192"
"KBTBD2","A_24_P12539"
"KBTBD3","A_23_P127557"
"KBTBD4","A_23_P202696"
"KBTBD6","A_33_P3268174"
"KBTBD7","A_23_P25605"
"KBTBD8","A_23_P431252"
"KC6","A_33_P3229437"
"KCMF1","A_33_P3354181"
"KCNA1","A_23_P48229"
"KCNA10","A_23_P126528"
"KCNA2","A_32_P40596"
"KCNA3","A_33_P3415032"
"KCNA4","A_24_P150023"
"KCNA5","A_23_P417173"
"KCNA6","A_33_P3415012"
"KCNA7","A_23_P164897"
"KCNAB1","A_24_P182929"
"KCNAB2","A_24_P151"
"KCNAB3","A_23_P370454"
"KCNB1","A_24_P31627"
"KCNB2","A_33_P3415350"
"KCNC1","A_23_P203439"
"KCNC2","A_33_P3375766"
"KCNC3","A_23_P101516"
"KCNC4","A_23_P12079"
"KCND1","A_23_P315772"
"KCND2","A_23_P259251"
"KCND3","A_32_P58407"
"KCNE1","A_23_P154855"
"KCNE3","A_23_P24948"
"KCNE4","A_33_P3246448"
"KCNE5","A_23_P256641"
"KCNF1","A_33_P3424062"
"KCNG1","A_23_P210581"
"KCNG2","A_23_P61171"
"KCNG3","A_32_P800799"
"KCNG4","A_23_P365248"
"KCNH1","A_23_P74943"
"KCNH2","A_23_P377882"
"KCNH3","A_33_P3253672"
"KCNH4","A_23_P124988"
"KCNH5","A_33_P3344339"
"KCNH6","A_23_P170541"
"KCNH7","A_23_P410040"
"KCNH8","A_23_P170636"
"KCNIP1","A_23_P30554"
"KCNIP2","A_24_P12998"
"KCNIP3","A_23_P356004"
"KCNIP4","A_33_P3274194"
"KCNIP4-IT1","A_33_P3352906"
"KCNJ1","A_33_P3252003"
"KCNJ10","A_24_P387875"
"KCNJ11","A_23_P1973"
"KCNJ12","A_24_P339429"
"KCNJ13","A_33_P3314857"
"KCNJ14","A_23_P130764"
"KCNJ15","A_33_P3376140"
"KCNJ16","A_23_P501193"
"KCNJ2","A_23_P329261"
"KCNJ3","A_23_P153986"
"KCNJ4","A_24_P6125"
"KCNJ5","A_24_P309521"
"KCNJ5-AS1","A_23_P420293"
"KCNJ6","A_23_P29057"
"KCNJ8","A_23_P64879"
"KCNJ9","A_23_P379601"
"KCNK1","A_23_P126075"
"KCNK10","A_23_P65629"
"KCNK12","A_33_P3256510"
"KCNK13","A_23_P3177"
"KCNK16","A_33_P3278789"
"KCNK17","A_23_P42128"
"KCNK2","A_33_P3213822"
"KCNK3","A_23_P91104"
"KCNK4","A_33_P3213792"
"KCNK5","A_23_P319423"
"KCNK6","A_23_P50591"
"KCNK7","A_33_P3213797"
"KCNK9","A_23_P111978"
"KCNMA1","A_24_P156490"
"KCNMB1","A_24_P206121"
"KCNMB2","A_33_P3395191"
"KCNMB3","A_24_P251661"
"KCNMB4","A_23_P64792"
"KCNN1","A_23_P119573"
"KCNN2","A_23_P500353"
"KCNN3","A_23_P126167"
"KCNN4","A_23_P67529"
"KCNQ1","A_23_P429977"
"KCNQ1DN","A_23_P150648"
"KCNQ1OT1","A_33_P3294031"
"KCNQ2","A_33_P3395823"
"KCNQ4","A_23_P34424"
"KCNQ5","A_23_P167841"
"KCNRG","A_23_P394377"
"KCNS1","A_23_P321846"
"KCNS2","A_24_P46911"
"KCNT1","A_33_P3281613"
"KCNT2","A_33_P3892608"
"KCNU1","A_33_P3243008"
"KCNV1","A_33_P3420545"
"KCNV2","A_23_P32083"
"KCP","A_33_P3383606"
"KCTD1","A_23_P130343"
"KCTD10","A_24_P39101"
"KCTD11","A_23_P354027"
"KCTD12","A_33_P3240512"
"KCTD13","A_23_P44849"
"KCTD14","A_23_P162165"
"KCTD15","A_23_P78871"
"KCTD16","A_24_P409800"
"KCTD17","A_24_P108779"
"KCTD18","A_23_P309515"
"KCTD19","A_33_P3255131"
"KCTD2","A_24_P324011"
"KCTD20","A_23_P374351"
"KCTD21","A_33_P3299525"
"KCTD3","A_23_P160406"
"KCTD4","A_23_P48327"
"KCTD5","A_32_P191084"
"KCTD6","A_23_P385246"
"KCTD7","A_24_P329229"
"KCTD8","A_23_P94902"
"KCTD9","A_23_P43226"
"KDELR1","A_23_P4919"
"KDELR2","A_23_P19938"
"KDELR3","A_23_P211504"
"KDF1","A_23_P393051"
"KDM1A","A_24_P74981"
"KDM1B","A_23_P145035"
"KDM2A","A_23_P83917"
"KDM2B","A_33_P3529860"
"KDM3A","A_23_P395075"
"KDM3B","A_23_P7783"
"KDM4A","A_33_P3420655"
"KDM4B","A_33_P3319920"
"KDM4C","A_24_P93754"
"KDM4D","A_23_P127406"
"KDM5A","A_33_P3382748"
"KDM5B","A_32_P70724"
"KDM5C","A_23_P62270"
"KDM5D","A_23_P137238"
"KDM6A","A_33_P3340718"
"KDM6B","A_24_P942630"
"KDM7A","A_23_P359897"
"KDM8","A_33_P3806721"
"KDR","A_24_P71973"
"KDSR","A_23_P27367"
"KEL","A_23_P252758"
"KERA","A_24_P261750"
"KGD4","A_23_P29575"
"KHDC1","A_24_P280762"
"KHDC3L","A_33_P3367636"
"KHDC4","A_23_P74467"
"KHDRBS1","A_23_P200386"
"KHDRBS2","A_23_P366453"
"KHDRBS3","A_33_P3332081"
"KHK","A_33_P3309984"
"KHNYN","A_24_P170763"
"KHSRP","A_23_P16157"
"KIAA0040","A_33_P3243069"
"KIAA0087","A_33_P3292287"
"KIAA0232","A_23_P327069"
"KIAA0319","A_24_P166397"
"KIAA0319L","A_33_P3854217"
"KIAA0408","A_23_P215048"
"KIAA0513","A_23_P206310"
"KIAA0753","A_23_P89543"
"KIAA0825","A_33_P3408702"
"KIAA0930","A_23_P315589"
"KIAA1143","A_32_P54018"
"KIAA1191","A_32_P51905"
"KIAA1210","A_23_P415791"
"KIAA1217","A_23_P310022"
"KIAA1328","A_23_P389692"
"KIAA1549","A_32_P226186"
"KIAA1549L","A_23_P64121"
"KIAA1586","A_24_P101047"
"KIAA1614","A_32_P176594"
"KIAA1656","A_33_P3354291"
"KIAA1671","A_23_P309619"
"KIAA1755","A_24_P102315"
"KIAA1958","A_33_P3314341"
"KIAA2013","A_23_P352358"
"KICS2","A_23_P370569"
"KIDINS220","A_24_P97145"
"KIF11","A_24_P227091"
"KIF12","A_23_P386356"
"KIF13A","A_33_P3242659"
"KIF13B","A_23_P147388"
"KIF14","A_33_P3230548"
"KIF15","A_23_P80902"
"KIF16B","A_23_P17503"
"KIF17","A_23_P400515"
"KIF18A","A_33_P3242649"
"KIF18B","A_33_P3421338"
"KIF19","A_32_P100830"
"KIF1A","A_33_P3230698"
"KIF1B","A_23_P201287"
"KIF1C","A_33_P3230709"
"KIF20A","A_23_P256956"
"KIF20B","A_33_P3215239"
"KIF21B","A_23_P126888"
"KIF22","A_23_P54622"
"KIF23","A_23_P48835"
"KIF24","A_33_P3406939"
"KIF25","A_23_P59410"
"KIF26A","A_32_P27917"
"KIF26B","A_33_P3396746"
"KIF27","A_24_P109071"
"KIF2A","A_33_P3407065"
"KIF2C","A_23_P34788"
"KIF3A","A_33_P3465247"
"KIF3B","A_24_P941824"
"KIF3C","A_33_P3369153"
"KIF4A","A_23_P148475"
"KIF5A","A_24_P93948"
"KIF5B","A_33_P3292332"
"KIF5C","A_32_P154473"
"KIF6","A_33_P3330643"
"KIF7","A_24_P203689"
"KIF9","A_24_P225878"
"KIFAP3","A_23_P62920"
"KIFBP","A_23_P380815"
"KIFC1","A_23_P133956"
"KIFC2","A_23_P358542"
"KIFC3","A_23_P54576"
"KIN","A_24_P317874"
"KIR2DL2","A_33_P3313920"
"KIR2DL4","A_24_P288298"
"KIR2DL5A","A_33_P3270346"
"KIR2DS2","A_23_P130815"
"KIR2DS3","A_33_P3311073"
"KIR2DS4","A_23_P502590"
"KIR3DL1","A_24_P117147"
"KIR3DL2","A_33_P3233010"
"KIR3DL3","A_23_P370574"
"KIR3DX1","A_33_P3340926"
"KIRREL1","A_33_P3413821"
"KIRREL2","A_23_P315451"
"KIRREL3","A_23_P407132"
"KIRREL3-AS3","A_32_P389770"
"KISS1","A_23_P124892"
"KISS1R","A_33_P3231357"
"KIT","A_33_P3303245"
"KITLG","A_24_P133253"
"KIZ","A_23_P154740"
"KL","A_23_P503064"
"KLB","A_23_P350617"
"KLC1","A_23_P2873"
"KLC2","A_33_P3219895"
"KLC3","A_33_P3377750"
"KLC4","A_23_P397308"
"KLF1","A_33_P3410925"
"KLF10","A_23_P168828"
"KLF11","A_23_P44505"
"KLF12","A_23_P354805"
"KLF13","A_32_P197489"
"KLF14","A_33_P3374947"
"KLF15","A_23_P40805"
"KLF16","A_33_P3374957"
"KLF17","A_33_P3374952"
"KLF3","A_24_P414376"
"KLF4","A_23_P32233"
"KLF5","A_23_P53891"
"KLF6","A_23_P63798"
"KLF7","A_23_P67980"
"KLF8","A_23_P217528"
"KLF9","A_23_P415401"
"KLHDC1","A_23_P422766"
"KLHDC10","A_33_P3351765"
"KLHDC2","A_24_P116242"
"KLHDC3","A_24_P343255"
"KLHDC4","A_33_P3375476"
"KLHDC7A","A_33_P3417765"
"KLHDC7B","A_24_P117410"
"KLHDC8A","A_24_P62800"
"KLHDC8B","A_24_P148836"
"KLHDC9","A_23_P86100"
"KLHL1","A_23_P2825"
"KLHL10","A_23_P27128"
"KLHL11","A_23_P55388"
"KLHL12","A_24_P242609"
"KLHL13","A_23_P159974"
"KLHL14","A_32_P75357"
"KLHL15","A_32_P195647"
"KLHL17","A_33_P3422330"
"KLHL18","A_24_P15043"
"KLHL2","A_23_P72503"
"KLHL20","A_33_P3243707"
"KLHL21","A_23_P341223"
"KLHL22","A_24_P117323"
"KLHL23","A_23_P165414"
"KLHL24","A_24_P521994"
"KLHL25","A_23_P65797"
"KLHL26","A_23_P39375"
"KLHL28","A_33_P3304107"
"KLHL29","A_23_P209360"
"KLHL3","A_23_P133543"
"KLHL30","A_33_P3243702"
"KLHL31","A_33_P3302881"
"KLHL32","A_33_P3414982"
"KLHL33","A_33_P3399618"
"KLHL34","A_23_P428887"
"KLHL35","A_23_P351837"
"KLHL36","A_33_P3302393"
"KLHL38","A_33_P3288491"
"KLHL4","A_23_P171150"
"KLHL40","A_33_P3209070"
"KLHL41","A_23_P17190"
"KLHL42","A_24_P645765"
"KLHL5","A_24_P17719"
"KLHL6","A_23_P212655"
"KLHL7","A_23_P215517"
"KLHL8","A_24_P54808"
"KLHL9","A_23_P83159"
"KLK1","A_23_P16252"
"KLK10","A_33_P3417650"
"KLK12","A_23_P500010"
"KLK13","A_24_P416645"
"KLK14","A_33_P3417640"
"KLK15","A_24_P202632"
"KLK2","A_24_P5750"
"KLK3","A_33_P3215838"
"KLK4","A_24_P376047"
"KLK5","A_23_P153480"
"KLK6","A_33_P3235940"
"KLK7","A_23_P39056"
"KLK8","A_23_P369343"
"KLK9","A_33_P3398195"
"KLKB1","A_23_P252236"
"KLKP1","A_33_P3387601"
"KLLN","A_33_P3267410"
"KLRA1P","A_33_P3212244"
"KLRB1","A_23_P99275"
"KLRC1","A_23_P151046"
"KLRC3","A_23_P128281"
"KLRC4","A_23_P218058"
"KLRD1","A_23_P204208"
"KLRF1","A_32_P158966"
"KLRG1","A_23_P64898"
"KLRG2","A_33_P3306207"
"KLRK1","A_24_P193093"
"KMO","A_23_P200838"
"KMT2A","A_33_P3390570"
"KMT2B","A_23_P142421"
"KMT2C","A_33_P3301306"
"KMT2D","A_33_P3340254"
"KMT2E","A_24_P196704"
"KMT5A","A_32_P191859"
"KMT5B","A_23_P217968"
"KMT5C","A_33_P3359473"
"KNCN","A_33_P3401262"
"KNDC1","A_23_P414312"
"KNG1","A_23_P212258"
"KNL1","A_33_P3213342"
"KNOP1","A_23_P66158"
"KNSTRN","A_33_P3224105"
"KPLCE","A_33_P3285456"
"KPNA1","A_33_P3214879"
"KPNA2","A_23_P125265"
"KPNA3","A_33_P3214884"
"KPNA4","A_24_P11791"
"KPNA5","A_24_P476086"
"KPNA6","A_33_P3214874"
"KPNA7","A_33_P3214869"
"KPNB1","A_32_P184727"
"KPRP","A_33_P3312519"
"KPTN","A_23_P67391"
"KRABD1","A_23_P80551"
"KRABD2","A_33_P3248863"
"KRABD3","A_32_P38637"
"KRABD4","A_33_P3352432"
"KRABD5","A_23_P77661"
"KRAS","A_33_P3317815"
"KRCC1","A_23_P56759"
"KREMEN1","A_23_P68851"
"KREMEN2","A_33_P3396214"
"KRI1","A_23_P101332"
"KRIT1","A_24_P98161"
"KRR1","A_32_P326819"
"KRT1","A_33_P3379396"
"KRT10","A_23_P49975"
"KRT10-AS1","A_33_P3407985"
"KRT12","A_23_P55448"
"KRT13","A_24_P228149"
"KRT14","A_33_P3345534"
"KRT15","A_23_P27133"
"KRT16","A_23_P38537"
"KRT16P2","A_32_P62963"
"KRT17","A_23_P96158"
"KRT18","A_32_P151544"
"KRT18P55","A_23_P373708"
"KRT19","A_23_P66798"
"KRT19P2","A_33_P3846653"
"KRT20","A_23_P66854"
"KRT222","A_23_P425925"
"KRT23","A_23_P78248"
"KRT24","A_23_P4387"
"KRT25","A_23_P15786"
"KRT26","A_33_P3306307"
"KRT27","A_23_P38584"
"KRT28","A_32_P489662"
"KRT3","A_33_P3287611"
"KRT31","A_23_P107465"
"KRT32","A_23_P89601"
"KRT33A","A_33_P3296687"
"KRT33B","A_23_P89665"
"KRT35","A_23_P78201"
"KRT36","A_23_P55400"
"KRT39","A_33_P3268234"
"KRT4","A_23_P2674"
"KRT40","A_24_P280333"
"KRT42P","A_33_P3857239"
"KRT5","A_23_P218047"
"KRT6A","A_33_P3292886"
"KRT6B","A_23_P76249"
"KRT6C","A_23_P366936"
"KRT7","A_33_P3350748"
"KRT71","A_23_P99044"
"KRT72","A_32_P48825"
"KRT73","A_33_P3315303"
"KRT74","A_33_P3315284"
"KRT75","A_23_P64854"
"KRT76","A_23_P61498"
"KRT77","A_33_P3315288"
"KRT78","A_33_P3315268"
"KRT79","A_33_P3315263"
"KRT8","A_23_P14072"
"KRT80","A_24_P331704"
"KRT81","A_33_P3273534"
"KRT82","A_23_P53450"
"KRT83","A_33_P3273552"
"KRT84","A_33_P3273524"
"KRT85","A_23_P204144"
"KRT86","A_23_P363769"
"KRT8P12","A_33_P3772937"
"KRT8P41","A_33_P3605269"
"KRT9","A_23_P15734"
"KRTAP1-1","A_23_P141624"
"KRTAP1-3","A_33_P3213006"
"KRTAP1-5","A_23_P118842"
"KRTAP10-1","A_33_P3293798"
"KRTAP10-10","A_33_P3381851"
"KRTAP10-11","A_33_P3288574"
"KRTAP10-12","A_33_P3357651"
"KRTAP10-2","A_33_P3256282"
"KRTAP10-3","A_33_P3293785"
"KRTAP10-4","A_33_P3293778"
"KRTAP10-5","A_33_P3256272"
"KRTAP10-6","A_33_P3293768"
"KRTAP10-7","A_33_P3293763"
"KRTAP10-8","A_33_P3293760"
"KRTAP10-9","A_33_P3293753"
"KRTAP11-1","A_32_P481377"
"KRTAP12-1","A_24_P66312"
"KRTAP12-2","A_33_P3354404"
"KRTAP12-3","A_33_P3354399"
"KRTAP12-4","A_33_P3354394"
"KRTAP13-1","A_24_P383019"
"KRTAP13-2","A_24_P314534"
"KRTAP13-3","A_24_P357386"
"KRTAP13-4","A_24_P246107"
"KRTAP15-1","A_24_P348845"
"KRTAP16-1","A_33_P3280561"
"KRTAP17-1","A_23_P66858"
"KRTAP19-1","A_24_P367242"
"KRTAP19-2","A_33_P3311267"
"KRTAP19-4","A_33_P3311258"
"KRTAP19-5","A_33_P3340666"
"KRTAP19-6","A_33_P3311248"
"KRTAP19-7","A_33_P3311245"
"KRTAP19-8","A_33_P3340649"
"KRTAP2-1","A_24_P76854"
"KRTAP2-2","A_33_P3286196"
"KRTAP2-4","A_23_P153022"
"KRTAP20-1","A_33_P3317937"
"KRTAP20-2","A_33_P3351092"
"KRTAP20-3","A_33_P3317928"
"KRTAP20-4","A_33_P3317925"
"KRTAP21-1","A_33_P3251421"
"KRTAP21-2","A_33_P3388061"
"KRTAP22-1","A_33_P3407672"
"KRTAP22-2","A_33_P3263935"
"KRTAP23-1","A_33_P3247473"
"KRTAP24-1","A_33_P3635527"
"KRTAP25-1","A_33_P3306619"
"KRTAP26-1","A_33_P3295518"
"KRTAP27-1","A_33_P3366376"
"KRTAP3-1","A_33_P3382399"
"KRTAP3-2","A_23_P101048"
"KRTAP3-3","A_33_P3411315"
"KRTAP4-1","A_33_P3245348"
"KRTAP4-11","A_23_P4400"
"KRTAP4-12","A_23_P15798"
"KRTAP4-2","A_23_P49988"
"KRTAP4-3","A_33_P3312743"
"KRTAP4-4","A_23_P38603"
"KRTAP4-5","A_23_P27197"
"KRTAP4-6","A_23_P417100"
"KRTAP4-7","A_33_P3256257"
"KRTAP4-8","A_33_P3209615"
"KRTAP4-9","A_24_P315975"
"KRTAP5-1","A_33_P3304691"
"KRTAP5-10","A_33_P3363310"
"KRTAP5-11","A_33_P3372742"
"KRTAP5-2","A_33_P3364373"
"KRTAP5-3","A_33_P3381147"
"KRTAP5-4","A_33_P3317317"
"KRTAP5-5","A_33_P3393412"
"KRTAP5-6","A_33_P3266564"
"KRTAP5-7","A_33_P3228709"
"KRTAP5-8","A_33_P3237542"
"KRTAP5-9","A_33_P3271087"
"KRTAP6-1","A_33_P3364520"
"KRTAP6-2","A_33_P3263664"
"KRTAP6-3","A_24_P391604"
"KRTAP7-1","A_24_P400130"
"KRTAP8-1","A_33_P3223318"
"KRTAP9-1","A_33_P3352349"
"KRTAP9-4","A_23_P207868"
"KRTAP9-7","A_33_P3404123"
"KRTAP9-8","A_33_P3307457"
"KRTAP9-9","A_23_P311585"
"KRTCAP2","A_23_P149249"
"KRTCAP3","A_23_P433132"
"KRTDAP","A_23_P90453"
"KSR1","A_23_P207774"
"KSR2","A_32_P216635"
"KTN1","A_33_P3348639"
"KTN1-AS1","A_32_P137399"
"KU-MEL-3","A_33_P3267195"
"KXD1","A_24_P168510"
"KY","A_23_P399897"
"KYAT1","A_23_P315206"
"KYAT3","A_23_P46017"
"KYNU","A_24_P11506"
"L1CAM","A_24_P207995"
"L1TD1","A_23_P137484"
"L2HGDH","A_33_P3310232"
"L3HYPDH","A_23_P14458"
"L3MBTL1","A_23_P501961"
"L3MBTL2","A_23_P80353"
"L3MBTL3","A_23_P311885"
"L3MBTL4","A_24_P391918"
"LACC1","A_23_P374322"
"LACRT","A_23_P64825"
"LACTB","A_24_P53051"
"LACTB2","A_23_P252711"
"LACTBL1","A_33_P3347482"
"LAD1","A_33_P3303810"
"LAG3","A_23_P116942"
"LAGE3","A_23_P73763"
"LAIR1","A_33_P3253394"
"LAIR2","A_23_P209129"
"LAMA1","A_32_P313405"
"LAMA2","A_23_P70719"
"LAMA3","A_23_P89780"
"LAMA4","A_33_P3391603"
"LAMA5","A_33_P3384442"
"LAMB1","A_23_P94030"
"LAMB2","A_33_P3338116"
"LAMB2P1","A_33_P3413815"
"LAMB3","A_33_P3338121"
"LAMB4","A_33_P3338413"
"LAMC1","A_23_P201628"
"LAMC2","A_23_P201636"
"LAMC3","A_23_P82979"
"LAMP1","A_23_P162846"
"LAMP2","A_33_P3410409"
"LAMP3","A_23_P29773"
"LAMP5","A_23_P40295"
"LAMTOR1","A_23_P2114"
"LAMTOR2","A_33_P3246068"
"LAMTOR3","A_33_P3251480"
"LAMTOR4","A_33_P3326772"
"LANCL1","A_24_P259922"
"LANCL2","A_24_P286569"
"LANCL3","A_33_P3391375"
"LAP3","A_23_P18604"
"LAPTM4A","A_23_P90659"
"LAPTM4B","A_24_P180680"
"LAPTM5","A_23_P86283"
"LARGE1","A_23_P91697"
"LARGE2","A_23_P104617"
"LARP1","A_23_P156319"
"LARP1B","A_33_P3238007"
"LARP4","A_33_P3456341"
"LARP4B","A_23_P405942"
"LARP6","A_33_P3237977"
"LARP7","A_24_P332230"
"LARS1","A_33_P3531828"
"LARS2","A_23_P212397"
"LAS1L","A_23_P256021"
"LASP1","A_23_P89187"
"LAT","A_23_P44112"
"LAT2","A_23_P259621"
"LATS1","A_23_P366230"
"LATS2","A_24_P70002"
"LAX1","A_23_P438"
"LAYN","A_23_P127565"
"LBH","A_33_P3364268"
"LBP","A_23_P143178"
"LBR","A_23_P200493"
"LBX1","A_23_P86493"
"LBX2","A_33_P3392517"
"LCA5","A_23_P418083"
"LCA5L","A_32_P48466"
"LCAT","A_23_P218237"
"LCE1A","A_23_P404685"
"LCE1B","A_33_P3356816"
"LCE1C","A_23_P303891"
"LCE1D","A_23_P375524"
"LCE1E","A_33_P3356811"
"LCE2A","A_33_P3302125"
"LCE2B","A_24_P207828"
"LCE2C","A_23_P63521"
"LCE2D","A_33_P3236568"
"LCE3A","A_23_P369471"
"LCE3B","A_23_P324538"
"LCE3C","A_23_P405295"
"LCE3D","A_23_P115519"
"LCE3E","A_33_P3264179"
"LCE4A","A_33_P3226109"
"LCE5A","A_33_P3403018"
"LCE6A","A_33_P3365072"
"LCK","A_33_P3382746"
"LCLAT1","A_32_P92505"
"LCN1","A_33_P3248539"
"LCN10","A_33_P3263955"
"LCN12","A_23_P32115"
"LCN15","A_33_P3263938"
"LCN2","A_23_P169437"
"LCN6","A_23_P83184"
"LCN8","A_33_P3272849"
"LCN9","A_33_P3423931"
"LCNL1","A_33_P3390557"
"LCOR","A_23_P328836"
"LCORL","A_33_P3333890"
"LCP1","A_23_P204847"
"LCP2","A_23_P30547"
"LCT","A_23_P79217"
"LCTL","A_33_P3357678"
"LDAF1","A_23_P406131"
"LDAH","A_23_P420256"
"LDB1","A_23_P97892"
"LDB2","A_23_P125253"
"LDB3","A_32_P98227"
"LDHA","A_23_P47565"
"LDHAL6A","A_33_P3236441"
"LDHAL6B","A_23_P54357"
"LDHB","A_23_P53476"
"LDHC","A_23_P53039"
"LDHD","A_23_P54918"
"LDLR","A_24_P117029"
"LDLRAD1","A_24_P491397"
"LDLRAD2","A_33_P3260125"
"LDLRAD3","A_24_P391574"
"LDLRAD4","A_24_P130363"
"LDLRAP1","A_32_P216548"
"LDOC1","A_33_P3215113"
"LEAP2","A_24_P268993"
"LEF1","A_24_P20630"
"LEFTY1","A_23_P160336"
"LEFTY2","A_23_P137573"
"LEKR1","A_33_P3299560"
"LELP1","A_23_P51311"
"LEMD1","A_24_P696761"
"LEMD2","A_24_P305960"
"LEMD3","A_33_P3382709"
"LENEP","A_23_P353679"
"LENG1","A_23_P208523"
"LENG8","A_23_P56288"
"LENG9","A_33_P3338724"
"LEO1","A_23_P314222"
"LEPR","A_33_P3339820"
"LEPROT","A_24_P148094"
"LEPROTL1","A_23_P215931"
"LETM1","A_23_P94998"
"LETM2","A_23_P348264"
"LEUTX","A_24_P796321"
"LFNG","A_23_P8452"
"LGALS1","A_23_P166459"
"LGALS12","A_23_P139198"
"LGALS13","A_23_P5031"
"LGALS14","A_23_P153662"
"LGALS16","A_24_P164664"
"LGALS3","A_23_P128919"
"LGALS3BP","A_23_P15357"
"LGALS4","A_23_P254917"
"LGALS7","A_24_P238250"
"LGALS8","A_23_P63026"
"LGALS9","A_23_P116557"
"LGALS9C","A_32_P452655"
"LGALSL","A_23_P210330"
"LGI1","A_23_P127267"
"LGI2","A_33_P3358397"
"LGI3","A_23_P21086"
"LGI4","A_24_P310256"
"LGMN","A_23_P25994"
"LGR4","A_24_P90216"
"LGR5","A_23_P98974"
"LGR6","A_23_P23839"
"LGSN","A_23_P93169"
"LHB","A_23_P218505"
"LHCGR","A_33_P3266769"
"LHFPL1","A_33_P3220137"
"LHFPL2","A_23_P255104"
"LHFPL3","A_32_P158083"
"LHFPL4","A_32_P94"
"LHFPL5","A_32_P494620"
"LHFPL6","A_23_P88069"
"LHFPL7","A_33_P3233784"
"LHPP","A_23_P75299"
"LHX1","A_33_P3409854"
"LHX2","A_23_P32165"
"LHX3","A_33_P3223678"
"LHX4","A_23_P23869"
"LHX5","A_23_P47967"
"LHX6","A_23_P32175"
"LHX8","A_33_P3339246"
"LHX9","A_33_P3365441"
"LIAS","A_23_P254081"
"LIAT1","A_33_P3356320"
"LIF","A_24_P122137"
"LIFR","A_24_P397386"
"LIG1","A_23_P39116"
"LIG3","A_23_P501134"
"LIG4","A_24_P415845"
"LILRA1","A_24_P348989"
"LILRA2","A_23_P142205"
"LILRA3","A_23_P79094"
"LILRA4","A_23_P90497"
"LILRA5","A_24_P370172"
"LILRA6","A_33_P3397599"
"LILRB1","A_33_P3231414"
"LILRB2","A_23_P208493"
"LILRB3","A_32_P70158"
"LILRB4","A_33_P3267799"
"LILRB5","A_23_P4773"
"LILRP2","A_33_P3408938"
"LIM2","A_23_P130435"
"LIMA1","A_23_P151267"
"LIMCH1","A_32_P117354"
"LIMD1","A_33_P3234015"
"LIMD2","A_24_P159635"
"LIME1","A_23_P376088"
"LIMK1","A_23_P215461"
"LIMK2","A_23_P211445"
"LIMS1","A_23_P210358"
"LIMS2","A_33_P3268304"
"LIMS3-LOC440895","A_33_P3227896"
"LIMS4","A_33_P3262854"
"LIN28A","A_23_P74895"
"LIN28B","A_33_P3220615"
"LIN37","A_23_P165186"
"LIN52","A_23_P339309"
"LIN54","A_33_P3851513"
"LIN7A","A_23_P99253"
"LIN7B","A_23_P164912"
"LIN9","A_32_P233304"
"LINC00028","A_33_P3411392"
"LINC00029","A_23_P165921"
"LINC00051","A_33_P3397061"
"LINC00052","A_23_P382094"
"LINC00092","A_33_P3360392"
"LINC00106","A_33_P3554053"
"LINC00111","A_33_P3219835"
"LINC00112","A_33_P3398266"
"LINC00113","A_33_P3339006"
"LINC00114","A_33_P3593715"
"LINC00115","A_23_P149050"
"LINC00158","A_23_P132057"
"LINC00160","A_33_P3279371"
"LINC00161","A_23_P377839"
"LINC00163","A_33_P3616021"
"LINC00165","A_33_P3642217"
"LINC00173","A_33_P3331511"
"LINC00174","A_23_P397543"
"LINC00189","A_32_P111306"
"LINC00200","A_33_P3423755"
"LINC00207","A_33_P3219537"
"LINC00208","A_23_P82795"
"LINC00221","A_32_P162192"
"LINC00222","A_33_P3289960"
"LINC00235","A_33_P3243113"
"LINC00239","A_32_P176911"
"LINC00240","A_33_P3220192"
"LINC00242","A_33_P3302453"
"LINC00244","A_33_P3297587"
"LINC00251","A_33_P3746734"
"LINC00260","A_33_P3210810"
"LINC00261","A_32_P23125"
"LINC00265","A_33_P3365747"
"LINC00272","A_33_P3412980"
"LINC00273","A_33_P3405916"
"LINC00290","A_33_P3226850"
"LINC00293","A_33_P3237854"
"LINC00294","A_33_P3372979"
"LINC00299","A_33_P3346287"
"LINC00301","A_32_P163805"
"LINC00302","A_33_P3548768"
"LINC00303","A_24_P314583"
"LINC00304","A_23_P401024"
"LINC00305","A_23_P423462"
"LINC00307","A_33_P3492042"
"LINC00308","A_33_P3307742"
"LINC00309","A_33_P3772739"
"LINC00310","A_33_P3566443"
"LINC00311","A_23_P318943"
"LINC00312","A_23_P166779"
"LINC00313","A_23_P381489"
"LINC00314","A_23_P352990"
"LINC00315","A_24_P100190"
"LINC00317","A_33_P3452297"
"LINC00319","A_32_P214178"
"LINC00320","A_32_P129214"
"LINC00322","A_33_P3416622"
"LINC00323","A_33_P3416612"
"LINC00324","A_23_P362191"
"LINC00326","A_24_P601831"
"LINC00328","A_33_P3230188"
"LINC00336","A_33_P3227736"
"LINC00339","A_23_P74252"
"LINC00467","A_33_P3223097"
"LINC00469","A_33_P3287073"
"LINC00471","A_32_P377032"
"LINC00472","A_23_P156408"
"LINC00473","A_32_P8546"
"LINC00475","A_33_P3701149"
"LINC00477","A_23_P408175"
"LINC00479","A_33_P3239467"
"LINC00482","A_24_P323084"
"LINC00488","A_33_P3301499"
"LINC00515","A_32_P149060"
"LINC00517","A_33_P3580508"
"LINC00518","A_23_P302595"
"LINC00520","A_32_P189781"
"LINC00523","A_33_P3275422"
"LINC00526","A_23_P377965"
"LINC00528","A_33_P3312985"
"LINC00529","A_33_P3630777"
"LINC00533","A_33_P3716108"
"LINC00574","A_23_P168165"
"LINC00575","A_33_P3304060"
"LINC00583","A_33_P3285877"
"LINC00588","A_33_P3238182"
"LINC00589","A_24_P333532"
"LINC00593","A_32_P479743"
"LINC00596","A_33_P3328921"
"LINC00597","A_23_P54447"
"LINC00612","A_33_P3259712"
"LINC00615","A_23_P368870"
"LINC00619","A_24_P359246"
"LINC00652","A_23_P68577"
"LINC00685","A_33_P3722568"
"LINC00696","A_33_P3335614"
"LINC00852","A_23_P251268"
"LINC00862","A_33_P3376292"
"LINC00868","A_33_P3839820"
"LINC01121","A_24_P929565"
"LINC01194","A_33_P3826455"
"LINC01465","A_32_P886589"
"LINC01546","A_33_P3319815"
"LINC01547","A_23_P211196"
"LINC01548","A_32_P26401"
"LINC01549","A_33_P3781094"
"LINC01550","A_33_P3252475"
"LINC01551","A_33_P3366301"
"LINC01553","A_33_P3369741"
"LINC01554","A_32_P128209"
"LINC01555","A_23_P414352"
"LINC01558","A_23_P70814"
"LINC01559","A_32_P720220"
"LINC01565","A_24_P214552"
"LINC01587","A_23_P7048"
"LINC01588","A_24_P263910"
"LINC01590","A_23_P418431"
"LINC01599","A_32_P496893"
"LINC01600","A_23_P308042"
"LINC01617","A_33_P3451458"
"LINC01620","A_33_P3381691"
"LINC01963","A_33_P3628409"
"LINC02210","A_33_P3227944"
"LINC02249","A_32_P478512"
"LINC02693","A_24_P59607"
"LINC02694","A_33_P3213337"
"LINC02716","A_32_P189790"
"LINC02817","A_33_P3295091"
"LINC02860","A_33_P3401003"
"LINC02869","A_33_P3865962"
"LINC02870","A_24_P158468"
"LINC02872","A_33_P3300147"
"LINC02873","A_33_P3268863"
"LINC02875","A_33_P3417195"
"LINC02877","A_33_P3297390"
"LINC02878","A_33_P3260500"
"LINC02897","A_24_P831309"
"LINC02901","A_33_P3312119"
"LINC02902","A_33_P3401397"
"LINC02903","A_33_P3396776"
"LINC02907","A_24_P303874"
"LINC02908","A_24_P401870"
"LINC02909","A_33_P3379811"
"LINC02913","A_33_P3287997"
"LINC02914","A_32_P741217"
"LINC02915","A_33_P3390017"
"LINC02961","A_33_P3304486"
"LINC03040","A_23_P348183"
"LINC03042","A_33_P3253169"
"LINC03122","A_23_P312383"
"LINC03124","A_33_P3416881"
"LINC03147","A_33_P3217198"
"LINGO1","A_24_P112941"
"LINGO2","A_23_P157926"
"LINGO3","A_33_P3302448"
"LINGO4","A_33_P3293396"
"LINS1","A_24_P198629"
"LIPA","A_23_P97860"
"LIPC","A_23_P88559"
"LIPE","A_33_P3294986"
"LIPF","A_23_P47019"
"LIPG","A_24_P125469"
"LIPH","A_23_P84219"
"LIPI","A_23_P6201"
"LIPJ","A_33_P3215550"
"LIPK","A_33_P3262510"
"LIPM","A_33_P3401422"
"LIPN","A_33_P3323939"
"LIPT1","A_23_P501805"
"LIPT2","A_23_P24922"
"LITAF","A_23_P3532"
"LIX1","A_32_P116606"
"LIX1L","A_23_P342744"
"LKAAEAR1","A_33_P3387756"
"LLGL1","A_33_P3372094"
"LLGL2","A_33_P3372074"
"LLPH","A_23_P25097"
"LMAN1","A_24_P159702"
"LMAN1L","A_23_P140630"
"LMAN2","A_24_P9285"
"LMAN2L","A_23_P142708"
"LMBR1","A_23_P300728"
"LMBR1L","A_23_P150931"
"LMBRD1","A_33_P3359115"
"LMBRD2","A_23_P327698"
"LMCD1","A_23_P6771"
"LMF1","A_33_P3883985"
"LMF2","A_33_P3367642"
"LMLN","A_23_P170959"
"LMNA","A_23_P34835"
"LMNB1","A_23_P258493"
"LMNB2","A_23_P67725"
"LMNTD1","A_23_P311050"
"LMNTD2","A_33_P3377005"
"LMO1","A_23_P87310"
"LMO2","A_23_P53126"
"LMO3","A_24_P381441"
"LMO4","A_23_P380181"
"LMO7","A_33_P3280801"
"LMOD1","A_33_P3368879"
"LMOD2","A_24_P249253"
"LMOD3","A_32_P795513"
"LMTK2","A_33_P3266923"
"LMTK3","A_33_P3266928"
"LMX1A","A_33_P3350658"
"LMX1B","A_33_P3350643"
"LNP1","A_33_P3215739"
"LNPEP","A_23_P144677"
"LNPK","A_32_P31771"
"LNX1","A_23_P213137"
"LNX2","A_23_P402287"
"LOC100126447","A_33_P3501721"
"LOC100126584","A_33_P3745020"
"LOC100128288","A_24_P256415"
"LOC100128334","A_33_P3383486"
"LOC100128361","A_32_P93996"
"LOC100128593","A_33_P3264072"
"LOC100128653","A_33_P3307887"
"LOC100128655","A_33_P3339987"
"LOC100128885","A_33_P3358044"
"LOC100128988","A_32_P202125"
"LOC100128993","A_24_P935829"
"LOC100129034","A_32_P91042"
"LOC100129098","A_33_P3417432"
"LOC100129144","A_33_P3353821"
"LOC100129148","A_33_P3331021"
"LOC100129316","A_33_P3217278"
"LOC100129534","A_33_P3271395"
"LOC100129603","A_33_P3711619"
"LOC100129617","A_33_P3343516"
"LOC100129935","A_23_P165042"
"LOC100130027","A_33_P3282688"
"LOC100130256","A_33_P3395400"
"LOC100130298","A_33_P3366175"
"LOC100130331","A_33_P3475906"
"LOC100130357","A_24_P359067"
"LOC100130452","A_33_P3363859"
"LOC100130548","A_33_P3423450"
"LOC100130587","A_33_P3382919"
"LOC100130673","A_33_P3380071"
"LOC100130691","A_24_P400172"
"LOC100130744","A_24_P298495"
"LOC100130849","A_33_P3265429"
"LOC100130872","A_33_P3416124"
"LOC100130987","A_33_P3281171"
"LOC100130992","A_33_P3325384"
"LOC100131107","A_33_P3344678"
"LOC100131257","A_33_P3390342"
"LOC100131289","A_32_P74752"
"LOC100131395","A_33_P3282733"
"LOC100131479","A_24_P717262"
"LOC100131496","A_32_P314783"
"LOC100131532","A_33_P3272184"
"LOC100131635","A_33_P3216562"
"LOC100131884","A_33_P3238521"
"LOC100131943","A_24_P489164"
"LOC100132077","A_33_P3330826"
"LOC100132078","A_33_P3278764"
"LOC100132356","A_24_P942017"
"LOC100132686","A_33_P3212769"
"LOC100132741","A_33_P3357097"
"LOC100132781","A_33_P3283552"
"LOC100133920","A_33_P3216272"
"LOC100134040","A_33_P3356587"
"LOC100134368","A_33_P3408057"
"LOC100134423","A_33_P3412548"
"LOC100134868","A_33_P3337719"
"LOC100190986","A_24_P693321"
"LOC100192426","A_33_P3258462"
"LOC100233156","A_33_P3665553"
"LOC100240734","A_32_P99032"
"LOC100240735","A_32_P170481"
"LOC100287477","A_33_P3221935"
"LOC100287704","A_33_P3545095"
"LOC100287792","A_33_P3270332"
"LOC100288069","A_33_P3232624"
"LOC100288208","A_33_P3423760"
"LOC100289143","A_24_P927474"
"LOC100289333","A_33_P3642036"
"LOC100335030","A_33_P3334826"
"LOC100505796","A_33_P3209182"
"LOC100506253","A_32_P218025"
"LOC100506639","A_33_P3261877"
"LOC100506955","A_32_P203066"
"LOC100507547","A_33_P3291459"
"LOC100507634","A_33_P3870906"
"LOC100533997","A_33_P3405514"
"LOC114224","A_33_P3538279"
"LOC143666","A_33_P3353864"
"LOC145474","A_33_P3327697"
"LOC145845","A_33_P3339436"
"LOC148696","A_33_P3246203"
"LOC149684","A_33_P3694209"
"LOC150935","A_33_P3356080"
"LOC151760","A_33_P3380252"
"LOC153910","A_33_P3539684"
"LOC154449","A_33_P3312416"
"LOC154761","A_24_P918907"
"LOC155060","A_23_P254442"
"LOC157273","A_33_P3438072"
"LOC158434","A_33_P3776564"
"LOC158435","A_33_P3743508"
"LOC221946","A_33_P3503408"
"LOC254896","A_33_P3865368"
"LOC283028","A_33_P3248231"
"LOC283038","A_33_P3524912"
"LOC283387","A_33_P3797403"
"LOC283731","A_33_P3718679"
"LOC283788","A_32_P80089"
"LOC284009","A_33_P3269869"
"LOC284191","A_33_P3492087"
"LOC284240","A_33_P3683351"
"LOC284379","A_33_P3317623"
"LOC284412","A_32_P232808"
"LOC284788","A_33_P3348184"
"LOC284798","A_33_P3889634"
"LOC284933","A_32_P138628"
"LOC284950","A_33_P3791552"
"LOC285191","A_33_P3284152"
"LOC285422","A_33_P3699565"
"LOC285762","A_33_P3773195"
"LOC285819","A_33_P3748694"
"LOC285889","A_33_P3695162"
"LOC286083","A_33_P3832532"
"LOC286177","A_33_P3279136"
"LOC286359","A_24_P365972"
"LOC286437","A_33_P3807593"
"LOC338694","A_33_P3556839"
"LOC338963","A_33_P3390236"
"LOC339260","A_33_P3472460"
"LOC339298","A_33_P3482446"
"LOC339539","A_33_P3680462"
"LOC339666","A_33_P3663277"
"LOC339685","A_33_P3705339"
"LOC339902","A_33_P3321871"
"LOC339975","A_33_P3723580"
"LOC340090","A_33_P3780834"
"LOC340512","A_33_P3645505"
"LOC343052","A_24_P169524"
"LOC344967","A_33_P3818787"
"LOC349160","A_33_P3807006"
"LOC374443","A_33_P3387155"
"LOC375196","A_33_P3720195"
"LOC389199","A_33_P3265679"
"LOC389602","A_33_P3344861"
"LOC389831","A_32_P202703"
"LOC389834","A_33_P3364293"
"LOC389906","A_32_P40377"
"LOC390638","A_33_P3354553"
"LOC390705","A_32_P854438"
"LOC391322","A_33_P3379341"
"LOC392196","A_33_P3338491"
"LOC399900","A_33_P3289745"
"LOC400464","A_33_P3342345"
"LOC400541","A_33_P3550618"
"LOC400622","A_33_P3508541"
"LOC400682","A_33_P3372752"
"LOC400940","A_33_P3378171"
"LOC401324","A_33_P3647744"
"LOC401442","A_33_P3342797"
"LOC401557","A_33_P3365392"
"LOC407835","A_32_P150856"
"LOC414300","A_33_P3812027"
"LOC440313","A_33_P3241771"
"LOC440742","A_33_P3275280"
"LOC440910","A_33_P3688869"
"LOC441052","A_32_P184168"
"LOC441179","A_33_P3346618"
"LOC441666","A_33_P3273266"
"LOC442028","A_33_P3343705"
"LOC442132","A_33_P3409675"
"LOC442497","A_33_P3459345"
"LOC497256","A_33_P3760937"
"LOC606724","A_33_P3242614"
"LOC641746","A_32_P57702"
"LOC642361","A_33_P3575854"
"LOC643327","A_33_P3304268"
"LOC643339","A_33_P3332533"
"LOC643406","A_32_P212897"
"LOC643441","A_33_P3401307"
"LOC644277","A_33_P3216483"
"LOC644285","A_33_P3708364"
"LOC644554","A_33_P3263463"
"LOC644893","A_33_P3318384"
"LOC645188","A_33_P3239644"
"LOC645261","A_33_P3499692"
"LOC645485","A_33_P3740529"
"LOC645967","A_33_P3305855"
"LOC646214","A_33_P3378707"
"LOC646471","A_33_P3383861"
"LOC646629","A_33_P3312436"
"LOC646736","A_33_P3744736"
"LOC646804","A_33_P3339269"
"LOC646813","A_33_P3376976"
"LOC646853","A_33_P3314531"
"LOC646903","A_33_P3520693"
"LOC646934","A_33_P3227047"
"LOC646999","A_33_P3416473"
"LOC651337","A_33_P3350892"
"LOC652276","A_23_P305616"
"LOC728158","A_33_P3400482"
"LOC728660","A_33_P3284311"
"LOC728739","A_32_P129540"
"LOC728743","A_33_P3323188"
"LOC729080","A_24_P66932"
"LOC729291","A_33_P3542801"
"LOC729609","A_33_P3410831"
"LOC729681","A_33_P3209391"
"LOC729683","A_32_P145010"
"LOC729737","A_24_P665504"
"LOC729968","A_33_P3414062"
"LOC730101","A_24_P500422"
"LOC730183","A_32_P88310"
"LOC730338","A_33_P3302791"
"LOC730668","A_33_P3392842"
"LOC780529","A_33_P3504187"
"LOC90246","A_24_P532180"
"LOC91450","A_33_P3289406"
"LOH12CR2","A_32_P89730"
"LONP1","A_33_P3312365"
"LONP2","A_24_P1773"
"LONRF1","A_23_P94216"
"LONRF2","A_32_P190303"
"LONRF3","A_33_P3219572"
"LORICRIN","A_23_P34452"
"LOX","A_23_P122216"
"LOXHD1","A_33_P3408949"
"LOXL1","A_33_P3354464"
"LOXL2","A_23_P111995"
"LOXL3","A_24_P88763"
"LOXL4","A_24_P406754"
"LPA","A_24_P41801"
"LPAL2","A_24_P72178"
"LPAR1","A_33_P3383326"
"LPAR2","A_23_P101829"
"LPAR3","A_23_P436048"
"LPAR4","A_23_P33868"
"LPAR5","A_23_P204375"
"LPAR6","A_23_P2705"
"LPCAT1","A_24_P406006"
"LPCAT2","A_24_P364807"
"LPCAT3","A_33_P3295283"
"LPCAT4","A_23_P49009"
"LPGAT1","A_23_P46606"
"LPIN1","A_32_P52609"
"LPIN2","A_24_P301557"
"LPIN3","A_33_P3393341"
"LPL","A_23_P146233"
"LPO","A_23_P100583"
"LPP","A_33_P3221253"
"LPXN","A_23_P87150"
"LRAT","A_32_P113066"
"LRATD1","A_23_P306215"
"LRATD2","A_24_P329487"
"LRBA","A_24_P360078"
"LRCH1","A_33_P3333337"
"LRCH2","A_23_P73809"
"LRCH3","A_23_P355364"
"LRCH4","A_33_P3396200"
"LRFN1","A_33_P3229552"
"LRFN2","A_32_P82111"
"LRFN3","A_23_P50775"
"LRFN4","A_33_P3280094"
"LRFN5","A_23_P163195"
"LRG1","A_23_P50638"
"LRGUK","A_24_P346517"
"LRIF1","A_23_P160689"
"LRIG2","A_23_P160869"
"LRIG3","A_23_P47885"
"LRIT1","A_23_P115780"
"LRIT2","A_33_P3313215"
"LRIT3","A_33_P3608620"
"LRP1","A_33_P3391105"
"LRP10","A_24_P99216"
"LRP11","A_23_P19657"
"LRP12","A_23_P8906"
"LRP1B","A_23_P5342"
"LRP2","A_33_P3244728"
"LRP2BP","A_24_P944741"
"LRP3","A_23_P16415"
"LRP4","A_24_P403561"
"LRP5","A_23_P1505"
"LRP5L","A_33_P3326545"
"LRP6","A_33_P3306948"
"LRP8","A_23_P200222"
"LRPAP1","A_23_P29851"
"LRPPRC","A_24_P26073"
"LRR1","A_33_P3253707"
"LRRC1","A_23_P215024"
"LRRC10","A_33_P3388865"
"LRRC10B","A_24_P460419"
"LRRC14","A_24_P363745"
"LRRC14B","A_33_P3253538"
"LRRC15","A_24_P827037"
"LRRC17","A_23_P253958"
"LRRC18","A_24_P321125"
"LRRC19","A_23_P364625"
"LRRC2","A_23_P155463"
"LRRC20","A_23_P61487"
"LRRC23","A_23_P36689"
"LRRC24","A_33_P3376341"
"LRRC25","A_23_P165136"
"LRRC26","A_33_P3269844"
"LRRC27","A_33_P3304963"
"LRRC28","A_24_P142151"
"LRRC3","A_33_P3263232"
"LRRC30","A_33_P3379251"
"LRRC31","A_24_P240259"
"LRRC32","A_24_P389916"
"LRRC34","A_23_P41194"
"LRRC37A2","A_24_P238143"
"LRRC37A3","A_33_P3293432"
"LRRC37A5P","A_33_P3399438"
"LRRC37B","A_32_P94660"
"LRRC37BP1","A_33_P3253427"
"LRRC39","A_23_P330578"
"LRRC3B","A_23_P143857"
"LRRC3C","A_33_P3228739"
"LRRC4","A_33_P3263217"
"LRRC40","A_23_P148969"
"LRRC41","A_33_P3289222"
"LRRC42","A_24_P276791"
"LRRC43","A_23_P396724"
"LRRC45","A_23_P381461"
"LRRC46","A_23_P152949"
"LRRC47","A_23_P96777"
"LRRC49","A_23_P129174"
"LRRC4B","A_23_P419503"
"LRRC4C","A_23_P24457"
"LRRC52","A_33_P3292043"
"LRRC55","A_33_P3210735"
"LRRC56","A_23_P368996"
"LRRC57","A_24_P219266"
"LRRC58","A_32_P190049"
"LRRC59","A_24_P181585"
"LRRC61","A_33_P3233273"
"LRRC66","A_33_P3269824"
"LRRC69","A_33_P3228862"
"LRRC7","A_33_P3307836"
"LRRC70","A_23_P41664"
"LRRC71","A_23_P374919"
"LRRC73","A_24_P737939"
"LRRC74A","A_33_P3471466"
"LRRC75A","A_23_P368484"
"LRRC75B","A_32_P198325"
"LRRC8A","A_23_P250274"
"LRRC8B","A_33_P3211443"
"LRRC8C","A_33_P3406030"
"LRRC8D","A_23_P97365"
"LRRC8E","A_24_P348203"
"LRRCC1","A_23_P157527"
"LRRD1","A_33_P3420446"
"LRRFIP1","A_33_P3358648"
"LRRFIP2","A_23_P211806"
"LRRIQ1","A_33_P3415625"
"LRRIQ3","A_33_P3292387"
"LRRIQ4","A_33_P3333762"
"LRRK1","A_23_P99942"
"LRRK2","A_33_P3369058"
"LRRN1","A_24_P240187"
"LRRN3","A_23_P31376"
"LRRN4","A_23_P351913"
"LRRN4CL","A_33_P3221129"
"LRRTM1","A_23_P131330"
"LRRTM2","A_24_P140569"
"LRRTM3","A_24_P295465"
"LRRTM4","A_24_P666105"
"LRSAM1","A_23_P123916"
"LRTM1","A_23_P40856"
"LRTM2","A_23_P318616"
"LRTM3","A_33_P3307008"
"LRTOMT","A_24_P184388"
"LRWD1","A_23_P360874"
"LSAMP","A_23_P301855"
"LSAMP-AS1","A_33_P3324114"
"LSG1","A_23_P132417"
"LSM1","A_23_P20384"
"LSM10","A_24_P216681"
"LSM11","A_23_P368195"
"LSM12","A_23_P307430"
"LSM14A","A_24_P365327"
"LSM14B","A_33_P3349776"
"LSM2","A_33_P3261625"
"LSM3","A_24_P29001"
"LSM4","A_24_P224776"
"LSM5","A_23_P93750"
"LSM6","A_23_P259451"
"LSM7","A_23_P90463"
"LSMEM1","A_24_P380679"
"LSMEM2","A_32_P466877"
"LSP1","A_23_P13382"
"LSR","A_23_P142389"
"LSS","A_24_P110799"
"LST1","A_24_P103469"
"LTA","A_23_P156683"
"LTA4H","A_23_P388670"
"LTAP1","A_23_P63243"
"LTB","A_33_P3248265"
"LTB4R","A_23_P151791"
"LTB4R2","A_23_P163173"
"LTBP1","A_23_P43810"
"LTBP2","A_23_P405129"
"LTBP3","A_24_P298360"
"LTBP4","A_33_P3221064"
"LTBR","A_23_P53557"
"LTC4S","A_24_P397294"
"LTF","A_23_P166848"
"LTK","A_33_P3371663"
"LTN1","A_32_P115505"
"LTO1","A_24_P104091"
"LUC7L","A_33_P3299170"
"LUC7L2","A_23_P59787"
"LUC7L3","A_33_P3291569"
"LUM","A_23_P99063"
"LURAP1","A_33_P3400823"
"LURAP1L","A_33_P3375145"
"LUZP1","A_23_P407142"
"LUZP2","A_24_P649282"
"LUZP4","A_23_P96611"
"LUZP6","A_33_P3230090"
"LVRN","A_33_P3251522"
"LXN","A_33_P3234697"
"LY6D","A_33_P3268622"
"LY6E","A_24_P317762"
"LY6G5B","A_23_P59130"
"LY6G5C","A_24_P7584"
"LY6G6C","A_23_P8083"
"LY6G6D","A_33_P3275722"
"LY6G6E","A_33_P3277097"
"LY6G6F","A_33_P3214334"
"LY6H","A_23_P134914"
"LY6K","A_23_P397293"
"LY6S-AS1","A_33_P3431595"
"LY75","A_23_P334173"
"LY86","A_23_P70688"
"LY86-AS1","A_32_P178758"
"LY9","A_33_P3368830"
"LY96","A_23_P94230"
"LYAR","A_23_P41327"
"LYG1","A_23_P165707"
"LYG2","A_33_P3356306"
"LYL1","A_33_P3215422"
"LYNX1","A_33_P3418194"
"LYPD1","A_32_P101031"
"LYPD2","A_23_P94186"
"LYPD3","A_33_P3306264"
"LYPD4","A_23_P311780"
"LYPD5","A_24_P323148"
"LYPD6","A_33_P3359047"
"LYPD6B","A_23_P79302"
"LYPLA1","A_23_P214091"
"LYPLA2","A_33_P3318671"
"LYPLAL1","A_33_P3352103"
"LYRM1","A_23_P54929"
"LYRM2","A_23_P42042"
"LYRM4","A_23_P32328"
"LYRM7","A_32_P18159"
"LYRM9","A_23_P392126"
"LYSET","A_23_P140154"
"LYSMD1","A_23_P430381"
"LYSMD2","A_32_P120895"
"LYSMD3","A_24_P15658"
"LYST","A_23_P354074"
"LYVE1","A_23_P150457"
"LYZL1","A_33_P3268035"
"LYZL2","A_32_P55293"
"LYZL6","A_23_P130056"
"LZIC","A_23_P784"
"LZTFL1","A_24_P37519"
"LZTR1","A_23_P57401"
"LZTS1","A_23_P20443"
"LZTS2","A_23_P149852"
"M1AP","A_23_P427747"
"M6PR","A_23_P204252"
"MAB21L1","A_23_P53884"
"MAB21L2","A_24_P148907"
"MAB21L3","A_23_P343366"
"MAB21L4","A_23_P60990"
"MACC1","A_32_P131031"
"MACF1","A_23_P391778"
"MACO1","A_23_P170290"
"MACROD1","A_23_P86855"
"MACROD2","A_32_P89352"
"MACROH2A1","A_23_P70045"
"MACROH2A2","A_23_P12733"
"MAD1L1","A_33_P3569068"
"MAD2L1","A_23_P92441"
"MAD2L1BP","A_24_P43588"
"MAD2L2","A_23_P23206"
"MADCAM1","A_23_P153616"
"MADD","A_23_P202708"
"MAEA","A_23_P18490"
"MAF","A_23_P397376"
"MAF1","A_23_P33072"
"MAFA","A_24_P127719"
"MAFB","A_33_P3220837"
"MAFG","A_23_P78209"
"MAFIP","A_23_P356646"
"MAFK","A_23_P373598"
"MAG","A_33_P3272823"
"MAGEA1","A_23_P96291"
"MAGEA10","A_23_P137007"
"MAGEA12","A_23_P252928"
"MAGEA2B","A_23_P148255"
"MAGEA4","A_24_P185945"
"MAGEA6","A_33_P3342375"
"MAGEA8","A_23_P217554"
"MAGEA9","A_32_P29965"
"MAGEB1","A_23_P217341"
"MAGEB10","A_32_P385667"
"MAGEB16","A_33_P3392530"
"MAGEB17","A_33_P3322594"
"MAGEB18","A_23_P370054"
"MAGEB2","A_23_P254831"
"MAGEB3","A_23_P96432"
"MAGEB4","A_24_P83272"
"MAGEB5","A_33_P3365860"
"MAGEB6","A_33_P3368755"
"MAGEC1","A_23_P217178"
"MAGEC2","A_33_P3264593"
"MAGEC3","A_23_P502081"
"MAGED1","A_24_P391526"
"MAGED2","A_23_P33894"
"MAGED4B","A_23_P159907"
"MAGEF1","A_33_P3213204"
"MAGEH1","A_23_P34144"
"MAGEL2","A_23_P99996"
"MAGI1","A_24_P75220"
"MAGI2","A_23_P21376"
"MAGI3","A_33_P3369520"
"MAGIX","A_33_P3278573"
"MAGOH","A_23_P200216"
"MAGOHB","A_23_P2423"
"MAGT1","A_24_P333802"
"MAJIN","A_33_P3247489"
"MAK","A_24_P363278"
"MAL","A_23_P17134"
"MAL2","A_23_P60130"
"MALAT1","A_24_P873659"
"MALL","A_24_P80204"
"MALRD1","A_33_P3284808"
"MALSU1","A_23_P145817"
"MALT1","A_24_P116909"
"MAMDC2","A_23_P157914"
"MAMDC4","A_23_P71790"
"MAML1","A_33_P3220149"
"MAML2","A_24_P169092"
"MAML3","A_33_P3357573"
"MAMLD1","A_23_P251075"
"MAMSTR","A_24_P297537"
"MAN1A1","A_33_P3303414"
"MAN1A2","A_24_P926195"
"MAN1B1","A_23_P94857"
"MAN1C1","A_23_P103601"
"MAN2A1","A_23_P360769"
"MAN2A2","A_23_P37569"
"MAN2B1","A_24_P370156"
"MAN2B2","A_23_P250380"
"MAN2C1","A_23_P26117"
"MANBA","A_23_P258698"
"MANBAL","A_23_P131778"
"MANEA","A_23_P255663"
"MANEAL","A_23_P391228"
"MANF","A_23_P132793"
"MANSC1","A_23_P162211"
"MANSC4","A_33_P3241071"
"MAOA","A_33_P3242543"
"MAOB","A_23_P85015"
"MAP10","A_23_P310701"
"MAP1A","A_23_P163455"
"MAP1B","A_24_P879740"
"MAP1LC3A","A_33_P3300308"
"MAP1LC3B","A_32_P220715"
"MAP1LC3C","A_24_P216456"
"MAP1S","A_33_P3343090"
"MAP2","A_33_P3214665"
"MAP2K1","A_23_P20248"
"MAP2K2","A_23_P208835"
"MAP2K3","A_24_P296698"
"MAP2K4","A_32_P6344"
"MAP2K5","A_24_P356130"
"MAP2K6","A_23_P207445"
"MAP2K7","A_33_P3236651"
"MAP3K1","A_33_P3368139"
"MAP3K10","A_24_P284523"
"MAP3K11","A_33_P3301851"
"MAP3K12","A_23_P105409"
"MAP3K13","A_23_P58031"
"MAP3K14","A_23_P207319"
"MAP3K15","A_23_P308483"
"MAP3K19","A_24_P63078"
"MAP3K2","A_33_P3415440"
"MAP3K20","A_33_P3284557"
"MAP3K20-AS1","A_33_P3696837"
"MAP3K3","A_33_P3271430"
"MAP3K4","A_33_P3245922"
"MAP3K5","A_23_P134125"
"MAP3K6","A_32_P223017"
"MAP3K7","A_23_P500773"
"MAP3K7CL","A_33_P3238310"
"MAP3K8","A_33_P3246505"
"MAP3K9","A_33_P3323435"
"MAP4","A_33_P3354137"
"MAP4K1","A_23_P5002"
"MAP4K2","A_24_P287075"
"MAP4K3","A_24_P285522"
"MAP4K4","A_23_P90804"
"MAP4K5","A_23_P205646"
"MAP6","A_33_P3276997"
"MAP6D1","A_23_P80839"
"MAP7","A_33_P3375576"
"MAP7D1","A_32_P22401"
"MAP7D2","A_24_P367645"
"MAP7D3","A_33_P3262665"
"MAP9","A_32_P50066"
"MAPDA","A_33_P3411090"
"MAPK10","A_23_P45025"
"MAPK11","A_33_P3409513"
"MAPK12","A_33_P3763846"
"MAPK13","A_24_P406132"
"MAPK14","A_24_P283288"
"MAPK15","A_23_P60962"
"MAPK1IP1L","A_23_P140309"
"MAPK4","A_33_P3307337"
"MAPK6","A_23_P3204"
"MAPK7","A_23_P100704"
"MAPK8","A_33_P3250289"
"MAPK8IP1","A_24_P409595"
"MAPK8IP2","A_23_P502078"
"MAPK8IP3","A_33_P3279841"
"MAPK9","A_23_P167692"
"MAPKAP1","A_33_P3397755"
"MAPKAPK2","A_23_P201483"
"MAPKAPK3","A_23_P314584"
"MAPKAPK5","A_24_P124662"
"MAPKAPK5-AS1","A_23_P99204"
"MAPKBP1","A_24_P944444"
"MAPRE1","A_24_P220058"
"MAPRE2","A_23_P418015"
"MAPRE3","A_23_P131683"
"MAPT","A_24_P224488"
"MARCKS","A_23_P214222"
"MARCKSL1","A_23_P310"
"MARCO","A_23_P101992"
"MARF1","A_23_P26674"
"MARK1","A_24_P179585"
"MARK2","A_33_P3232993"
"MARK3","A_33_P3593546"
"MARK4","A_33_P3322415"
"MARS1","A_24_P175909"
"MARVELD1","A_23_P138725"
"MARVELD2","A_23_P401675"
"MARVELD3","A_23_P152428"
"MAS1","A_23_P168339"
"MAS1L","A_23_P214565"
"MASP1","A_24_P41850"
"MASP2","A_33_P3307990"
"MAST1","A_23_P101480"
"MAST2","A_23_P126008"
"MAST3","A_23_P426196"
"MAST4","A_23_P110571"
"MASTL","A_24_P258051"
"MAT1A","A_23_P23996"
"MAT2A","A_23_P401568"
"MAT2B","A_23_P81408"
"MATCAP1","A_24_P331655"
"MATCAP2","A_23_P305205"
"MATK","A_23_P50678"
"MATN1","A_32_P902988"
"MATN2","A_23_P71328"
"MATN3","A_33_P3420466"
"MATN4","A_33_P3210468"
"MATR3","A_23_P70047"
"MAU2","A_32_P8361"
"MAVS","A_33_P3244021"
"MAX","A_23_P205549"
"MAZ","A_23_P33433"
"MB","A_33_P3303649"
"MB21D2","A_32_P117464"
"MBD1","A_33_P3398922"
"MBD2","A_23_P15864"
"MBD3","A_23_P50839"
"MBD3L1","A_23_P415395"
"MBD3L2","A_23_P378450"
"MBD4","A_23_P92154"
"MBD5","A_33_P3854030"
"MBD6","A_32_P411592"
"MBIP","A_33_P3288569"
"MBL1P","A_24_P169634"
"MBL2","A_23_P35529"
"MBLAC1","A_24_P221198"
"MBLAC2","A_33_P3415663"
"MBNL1","A_23_P357811"
"MBNL2","A_24_P56317"
"MBNL3","A_33_P3414202"
"MBOAT1","A_23_P408996"
"MBOAT2","A_24_P114255"
"MBOAT4","A_24_P306824"
"MBOAT7","A_23_P208516"
"MBP","A_24_P402080"
"MBTD1","A_33_P3233005"
"MBTPS1","A_33_P3393941"
"MC1R","A_33_P3352767"
"MC2R","A_23_P38649"
"MC3R","A_23_P258525"
"MC4R","A_23_P50121"
"MC5R","A_23_P50039"
"MCAM","A_23_P162171"
"MCAT","A_23_P132358"
"MCC","A_33_P3288246"
"MCCC1","A_23_P58036"
"MCCC2","A_23_P18887"
"MCCD1","A_23_P133904"
"MCEE","A_23_P56654"
"MCEMP1","A_23_P330561"
"MCF2","A_23_P45536"
"MCF2L","A_23_P88099"
"MCF2L-AS1","A_32_P147622"
"MCF2L2","A_32_P850175"
"MCFD2","A_24_P103060"
"MCHR1","A_33_P3393311"
"MCHR2","A_24_P98006"
"MCIDAS","A_33_P3304427"
"MCL1","A_24_P336759"
"MCM10","A_33_P3867534"
"MCM2","A_32_P103633"
"MCM3","A_23_P7873"
"MCM3AP-AS1","A_23_P256694"
"MCM4","A_23_P370989"
"MCM5","A_23_P132277"
"MCM6","A_23_P90612"
"MCM7","A_23_P93690"
"MCM8","A_23_P68547"
"MCM9","A_23_P397347"
"MCMBP","A_33_P3408943"
"MCMDC2","A_33_P3405384"
"MCOLN1","A_23_P27571"
"MCOLN2","A_23_P23639"
"MCOLN3","A_33_P3238335"
"MCPH1","A_33_P3375140"
"MCRIP1","A_24_P237878"
"MCRIP2","A_23_P3663"
"MCRS1","A_23_P48237"
"MCTP1","A_23_P133293"
"MCTP2","A_24_P244944"
"MCTS1","A_24_P808100"
"MCTS2","A_33_P3296193"
"MCU","A_23_P346405"
"MCUB","A_23_P255376"
"MCUR1","A_33_P3324086"
"MDC1","A_23_P19455"
"MDFI","A_33_P3246418"
"MDFIC","A_23_P327022"
"MDGA1","A_33_P3421867"
"MDGA2","A_33_P3408420"
"MDH1","A_33_P3261818"
"MDH1B","A_33_P3372526"
"MDH2","A_23_P31372"
"MDK","A_23_P116235"
"MDM2","A_33_P3361707"
"MDM4","A_33_P3389376"
"MDN1","A_23_P365060"
"MDP1","A_23_P99811"
"MDS2","A_23_P323196"
"ME1","A_23_P8196"
"ME2","A_23_P321261"
"ME3","A_23_P116614"
"MEA1","A_23_P30745"
"MEAF6","A_24_P268015"
"MEAK7","A_24_P213924"
"MECOM","A_23_P317324"
"MECP2","A_33_P3339036"
"MECR","A_23_P114808"
"MED1","A_33_P3210423"
"MED11","A_23_P425587"
"MED12","A_23_P73702"
"MED12L","A_32_P701268"
"MED13","A_33_P3223759"
"MED13L","A_23_P47991"
"MED14","A_33_P3223749"
"MED15","A_24_P207727"
"MED16","A_23_P56170"
"MED17","A_24_P218587"
"MED18","A_33_P3347639"
"MED19","A_23_P150510"
"MED20","A_24_P273865"
"MED21","A_33_P3400547"
"MED22","A_23_P501795"
"MED23","A_23_P145501"
"MED24","A_23_P124760"
"MED25","A_33_P3378212"
"MED26","A_23_P164737"
"MED27","A_23_P301877"
"MED28","A_24_P538478"
"MED29","A_23_P336929"
"MED30","A_23_P31866"
"MED31","A_33_P3362526"
"MED4","A_23_P128543"
"MED6","A_23_P54170"
"MED7","A_23_P30307"
"MED8","A_23_P46170"
"MED9","A_23_P66402"
"MEDAG","A_23_P99515"
"MEF2A","A_33_P3341676"
"MEF2B","A_33_P3344405"
"MEF2C","A_23_P320739"
"MEF2D","A_33_P3341656"
"MEFV","A_23_P140967"
"MEG3","A_33_P3255434"
"MEG8","A_33_P3360382"
"MEGF10","A_23_P213893"
"MEGF11","A_33_P3312790"
"MEGF6","A_24_P926960"
"MEGF8","A_33_P3715177"
"MEGF9","A_32_P129894"
"MEI1","A_23_P211561"
"MEIG1","A_32_P175715"
"MEIOB","A_32_P75902"
"MEIOC","A_33_P3257643"
"MEIS1","A_24_P319736"
"MEIS2","A_23_P88602"
"MEIS3","A_23_P78795"
"MELK","A_23_P94422"
"MELTF","A_23_P386320"
"MEMO1","A_33_P3397568"
"MEN1","A_23_P75453"
"MEOX2","A_24_P106624"
"MEP1A","A_24_P154868"
"MEP1B","A_23_P78353"
"MEPCE","A_24_P312189"
"MEPE","A_23_P155931"
"MERTK","A_33_P3402086"
"MESD","A_33_P3244317"
"MESP1","A_33_P3214466"
"MESP2","A_33_P3214463"
"MEST","A_23_P156970"
"MESTIT1","A_32_P83803"
"METAP1","A_23_P155907"
"METAP1D","A_23_P90790"
"METAP2","A_23_P99260"
"METRN","A_33_P3423570"
"METRNL","A_23_P10591"
"METTL1","A_23_P47790"
"METTL13","A_23_P201672"
"METTL15","A_33_P3285987"
"METTL16","A_33_P3278293"
"METTL17","A_23_P205529"
"METTL18","A_23_P85726"
"METTL21A","A_23_P156809"
"METTL21C","A_24_P212074"
"METTL22","A_23_P15285"
"METTL23","A_24_P921477"
"METTL24","A_33_P3371360"
"METTL25","A_23_P345928"
"METTL25B","A_33_P3345354"
"METTL26","A_33_P3344451"
"METTL27","A_23_P381017"
"METTL2A","A_32_P725218"
"METTL2B","A_23_P59836"
"METTL3","A_33_P3449397"
"METTL4","A_33_P3315425"
"METTL5","A_23_P142634"
"METTL6","A_23_P361469"
"METTL8","A_23_P56553"
"METTL9","A_24_P202139"
"MEX3A","A_32_P96036"
"MEX3B","A_24_P65060"
"MEX3C","A_23_P50137"
"MEX3D","A_33_P3262555"
"MFAP1","A_23_P14636"
"MFAP2","A_23_P1029"
"MFAP3","A_24_P217758"
"MFAP3L","A_33_P3280521"
"MFAP4","A_23_P164057"
"MFAP5","A_33_P3708413"
"MFF","A_23_P405148"
"MFGE8","A_24_P133584"
"MFHAS1","A_33_P3256680"
"MFN1","A_23_P80648"
"MFN2","A_23_P126135"
"MFSD1","A_23_P166677"
"MFSD11","A_23_P26704"
"MFSD12","A_33_P3352562"
"MFSD2A","A_33_P3272231"
"MFSD2B","A_33_P3398693"
"MFSD6","A_33_P3272209"
"MFSD6L","A_33_P3393331"
"MFSD8","A_24_P303080"
"MGA","A_23_P37654"
"MGAM","A_23_P42897"
"MGARP","A_23_P255331"
"MGAT1","A_23_P58482"
"MGAT2","A_23_P65558"
"MGAT3","A_24_P245838"
"MGAT4A","A_23_P28507"
"MGAT4C","A_33_P3221723"
"MGAT5","A_23_P16743"
"MGAT5B","A_24_P219474"
"MGC12916","A_24_P522864"
"MGC15885","A_23_P410469"
"MGC16275","A_32_P315395"
"MGC2889","A_24_P519672"
"MGC34796","A_33_P3702104"
"MGC4859","A_33_P3831730"
"MGC70870","A_32_P221256"
"MGLL","A_24_P226008"
"MGME1","A_33_P3343785"
"MGMT","A_23_P104323"
"MGP","A_33_P3361636"
"MGRN1","A_23_P355824"
"MGST1","A_23_P36658"
"MGST3","A_23_P51548"
"MIA","A_23_P4714"
"MIA2","A_24_P333326"
"MIA3","A_33_P3236646"
"MIAT","A_24_P854492"
"MIB1","A_33_P3347976"
"MIB2","A_33_P3308903"
"MICA","A_33_P3368453"
"MICAL1","A_24_P283341"
"MICAL2","A_33_P3315190"
"MICAL3","A_24_P366082"
"MICALL1","A_23_P68922"
"MICALL2","A_24_P303524"
"MICB","A_23_P387471"
"MICOS10","A_33_P3277140"
"MICOS10-NBL1","A_33_P3236881"
"MICOS13","A_24_P383581"
"MICU1","A_23_P46907"
"MICU2","A_23_P76598"
"MICU3","A_24_P194688"
"MID1","A_32_P128656"
"MID1IP1","A_33_P3217465"
"MID2","A_23_P159956"
"MIDEAS","A_24_P85200"
"MIDN","A_33_P3338335"
"MIEF1","A_33_P3238074"
"MIEF2","A_23_P501372"
"MIEN1","A_23_P3982"
"MIER1","A_24_P230916"
"MIER2","A_33_P3227324"
"MIER3","A_33_P3227320"
"MIF4GD","A_24_P382026"
"MIGA1","A_33_P3394395"
"MIGA2","A_23_P71864"
"MIIP","A_33_P3256232"
"MILR1","A_24_P33982"
"MIMS1","A_24_P898945"
"MIMS2","A_23_P68486"
"MIMT1","A_33_P3230951"
"MINAR1","A_33_P3421490"
"MINDY1","A_23_P160546"
"MINDY2","A_23_P379327"
"MINDY3","A_23_P23983"
"MINDY4","A_24_P126425"
"MINK1","A_23_P164313"
"MINPP1","A_33_P3389133"
"MIOS","A_23_P59602"
"MIOX","A_33_P3355281"
"MIP","A_23_P47806"
"MIPEP","A_33_P3404411"
"MIPOL1","A_23_P300867"
"MIR1-1HG","A_23_P316637"
"MIR100HG","A_33_P3404316"
"MIR155HG","A_32_P108156"
"MIR17HG","A_33_P3313622"
"MIR1915HG","A_32_P86739"
"MIR22HG","A_24_P253723"
"MIR3667HG","A_33_P3212799"
"MIR4453HG","A_23_P413303"
"MIR600HG","A_23_P216935"
"MIR7-3HG","A_23_P353667"
"MIR9-1HG","A_32_P138032"
"MIR99AHG","A_24_P229536"
"MIRLET7BHG","A_33_P3328360"
"MIS12","A_23_P78152"
"MIS18A","A_23_P252335"
"MIS18BP1","A_23_P364107"
"MISO1","A_23_P301476"
"MISP","A_23_P390068"
"MITD1","A_33_P3379506"
"MITF","A_33_P3338733"
"MIX23","A_32_P215113"
"MIXL1","A_33_P3279550"
"MKI67","A_33_P3374210"
"MKKS","A_33_P3388135"
"MKLN1","A_33_P3348159"
"MKNK1","A_23_P200126"
"MKNK2","A_23_P142310"
"MKRN1","A_23_P59798"
"MKRN2","A_23_P57807"
"MKRN3","A_33_P3258923"
"MKRN7P","A_32_P209624"
"MKRN9P","A_33_P3764663"
"MKS1","A_33_P3404623"
"MKX","A_24_P326491"
"MLANA","A_33_P3315679"
"MLC1","A_23_P211680"
"MLEC","A_24_P304449"
"MLF1","A_23_P143906"
"MLF2","A_23_P13873"
"MLH1","A_33_P3419720"
"MLH3","A_33_P3636080"
"MLIP","A_23_P145555"
"MLKL","A_23_P61050"
"MLLT1","A_33_P3282394"
"MLLT10","A_24_P316102"
"MLLT11","A_23_P23346"
"MLLT3","A_23_P216693"
"MLLT6","A_32_P98683"
"MLN","A_23_P19529"
"MLNR","A_23_P36905"
"MLPH","A_23_P165783"
"MLST8","A_33_P3256054"
"MLX","A_23_P164148"
"MLXIP","A_23_P9823"
"MLXIPL","A_23_P145786"
"MLYCD","A_23_P88817"
"MMAA","A_33_P3405168"
"MMAB","A_33_P3367201"
"MMACHC","A_33_P3390643"
"MMADHC","A_23_P94932"
"MMD","A_23_P164047"
"MMD2","A_23_P330301"
"MME","A_33_P3290707"
"MMEL1","A_33_P3777207"
"MMP10","A_23_P13094"
"MMP11","A_23_P57417"
"MMP12","A_23_P150316"
"MMP13","A_33_P3221203"
"MMP14","A_24_P82106"
"MMP15","A_24_P116535"
"MMP16","A_24_P235400"
"MMP17","A_23_P136413"
"MMP19","A_23_P203888"
"MMP2","A_33_P3237135"
"MMP20","A_23_P47292"
"MMP21","A_23_P24211"
"MMP23B","A_23_P74088"
"MMP24","A_33_P3398331"
"MMP25","A_23_P376557"
"MMP26","A_23_P2052"
"MMP27","A_33_P3398316"
"MMP28","A_24_P196592"
"MMP3","A_23_P161698"
"MMP7","A_23_P52761"
"MMP8","A_23_P24493"
"MMRN1","A_33_P3212257"
"MMRN2","A_23_P150064"
"MMS19","A_23_P46982"
"MMS22L","A_24_P83678"
"MMUT","A_23_P400235"
"MN1","A_23_P6381"
"MNAT1","A_23_P32615"
"MND1","A_23_P133123"
"MNDA","A_23_P137935"
"MNS1","A_23_P3302"
"MNT","A_23_P341443"
"MNX1","A_32_P6015"
"MOAP1","A_23_P205389"
"MOB1A","A_24_P379765"
"MOB1B","A_33_P3347622"
"MOB2","A_23_P64499"
"MOB3A","A_23_P130919"
"MOB3B","A_24_P32085"
"MOB3C","A_23_P166"
"MOB4","A_24_P225719"
"MOBP","A_33_P3391439"
"MOCOS","A_23_P67042"
"MOCS1","A_33_P3250612"
"MOCS2","A_23_P92967"
"MOCS3","A_33_P3350202"
"MOG","A_33_P3414242"
"MOGAT1","A_23_P142574"
"MOGAT2","A_33_P3353866"
"MOGAT3","A_23_P317796"
"MOGS","A_23_P108662"
"MOK","A_23_P76731"
"MON1A","A_23_P41075"
"MON1B","A_33_P3308626"
"MON2","A_33_P3346937"
"MORC1","A_23_P83683"
"MORC2","A_24_P100234"
"MORC2-AS1","A_32_P122793"
"MORC3","A_23_P325501"
"MORC4","A_23_P171117"
"MORF4L1","A_24_P398898"
"MORN1","A_33_P3308434"
"MORN2","A_32_P69465"
"MORN3","A_33_P3422466"
"MORN4","A_23_P430902"
"MORN5","A_24_P401491"
"MOS","A_23_P157513"
"MOSPD1","A_23_P73835"
"MOSPD2","A_23_P406986"
"MOSPD3","A_33_P3321946"
"MOV10","A_23_P161125"
"MOV10L1","A_23_P143774"
"MOXD1","A_23_P31064"
"MOXD2P","A_33_P3301778"
"MPC1","A_33_P3242873"
"MPDU1","A_24_P198844"
"MPDZ","A_23_P396328"
"MPEG1","A_24_P153568"
"MPG","A_24_P48162"
"MPHOSPH10","A_23_P5586"
"MPHOSPH6","A_23_P140848"
"MPHOSPH8","A_23_P204967"
"MPHOSPH9","A_24_P398500"
"MPI","A_23_P60579"
"MPIG6B","A_32_P168349"
"MPL","A_24_P156769"
"MPLKIP","A_24_P411815"
"MPND","A_24_P44931"
"MPO","A_23_P141173"
"MPP1","A_23_P171296"
"MPP2","A_33_P3360611"
"MPP3","A_23_P141345"
"MPP4","A_33_P3404480"
"MPP7","A_33_P3229477"
"MPPE1","A_23_P27285"
"MPPED1","A_23_P146855"
"MPPED2","A_33_P3315385"
"MPRIP","A_23_P15348"
"MPST","A_23_P132285"
"MPV17","A_33_P3357087"
"MPV17L","A_23_P357351"
"MPV17L2","A_23_P165130"
"MPZ","A_23_P138089"
"MPZL1","A_23_P476"
"MPZL2","A_33_P3215948"
"MPZL3","A_24_P270033"
"MR1","A_23_P431939"
"MRAP","A_24_P126210"
"MRAP2","A_23_P357207"
"MRAS","A_24_P88850"
"MRC1","A_23_P12746"
"MRC2","A_33_P3364741"
"MRE11","A_23_P150189"
"MREG","A_24_P351283"
"MRFAP1","A_23_P144453"
"MRFAP1L1","A_23_P133058"
"MRGBP","A_23_P17307"
"MRGPRD","A_23_P127352"
"MRGPRE","A_24_P315638"
"MRGPRF","A_23_P432573"
"MRGPRG","A_33_P3303176"
"MRGPRG-AS1","A_23_P406458"
"MRGPRX1","A_23_P365725"
"MRGPRX2","A_33_P3414187"
"MRGPRX3","A_23_P389371"
"MRGPRX4","A_23_P161983"
"MRI1","A_24_P279797"
"MRM1","A_23_P15603"
"MRM2","A_24_P363477"
"MRM3","A_23_P135357"
"MRNIP","A_24_P363087"
"MRO","A_23_P4545"
"MROH1","A_23_P408473"
"MROH2A","A_32_P427222"
"MROH2B","A_23_P407080"
"MROH3P","A_33_P3242793"
"MROH6","A_23_P369641"
"MROH7","A_23_P160226"
"MROH8","A_23_P421811"
"MROH9","A_23_P74870"
"MRPL1","A_23_P84821"
"MRPL10","A_23_P218423"
"MRPL11","A_33_P3228959"
"MRPL12","A_33_P3365810"
"MRPL13","A_23_P44974"
"MRPL14","A_33_P3278540"
"MRPL15","A_23_P94174"
"MRPL16","A_23_P47497"
"MRPL17","A_23_P87257"
"MRPL18","A_23_P8339"
"MRPL19","A_33_P3223082"
"MRPL2","A_23_P7941"
"MRPL20","A_24_P8768"
"MRPL23","A_23_P105044"
"MRPL24","A_23_P137848"
"MRPL27","A_23_P49768"
"MRPL28","A_23_P129513"
"MRPL3","A_23_P18422"
"MRPL30","A_24_P302695"
"MRPL32","A_33_P3304252"
"MRPL33","A_24_P285480"
"MRPL34","A_24_P125690"
"MRPL35","A_32_P16489"
"MRPL36","A_24_P371758"
"MRPL37","A_23_P135474"
"MRPL38","A_23_P54963"
"MRPL39","A_23_P143446"
"MRPL4","A_33_P3390477"
"MRPL40","A_24_P228667"
"MRPL41","A_32_P115130"
"MRPL42","A_24_P352445"
"MRPL42P5","A_23_P398491"
"MRPL43","A_33_P3263824"
"MRPL44","A_23_P90589"
"MRPL45","A_32_P9575"
"MRPL46","A_32_P209989"
"MRPL47","A_23_P502425"
"MRPL48","A_23_P162106"
"MRPL49","A_24_P201491"
"MRPL50","A_23_P253412"
"MRPL51","A_23_P99138"
"MRPL52","A_24_P409330"
"MRPL53","A_23_P102258"
"MRPL54","A_23_P101742"
"MRPL55","A_24_P160440"
"MRPL57","A_33_P3272508"
"MRPL58","A_23_P141194"
"MRPL9","A_23_P34956"
"MRPS10","A_24_P209285"
"MRPS11","A_23_P48977"
"MRPS12","A_24_P569294"
"MRPS14","A_23_P62731"
"MRPS16","A_33_P3320393"
"MRPS17","A_23_P258321"
"MRPS18A","A_23_P122387"
"MRPS18B","A_23_P59107"
"MRPS18C","A_23_P81212"
"MRPS2","A_23_P135104"
"MRPS21","A_23_P86182"
"MRPS22","A_23_P72138"
"MRPS24","A_23_P42884"
"MRPS25","A_33_P3266444"
"MRPS26","A_23_P252536"
"MRPS27","A_23_P133332"
"MRPS28","A_23_P169050"
"MRPS30","A_23_P252362"
"MRPS31","A_23_P162807"
"MRPS33","A_23_P157352"
"MRPS34","A_33_P3422931"
"MRPS35","A_23_P25073"
"MRPS5","A_33_P3386955"
"MRPS7","A_23_P3979"
"MRPS9","A_23_P154315"
"MRRF","A_33_P3398809"
"MRS2","A_33_P3372281"
"MRS2P2","A_33_P3265444"
"MRTFA","A_23_P348138"
"MRTFB","A_23_P54556"
"MRTO4","A_33_P3357580"
"MS4A1","A_33_P3406567"
"MS4A10","A_33_P3350378"
"MS4A12","A_23_P127760"
"MS4A13","A_33_P3386681"
"MS4A14","A_23_P98565"
"MS4A15","A_33_P3312499"
"MS4A2","A_23_P1904"
"MS4A3","A_23_P161909"
"MS4A4A","A_23_P75769"
"MS4A4E","A_33_P3402269"
"MS4A6A","A_23_P36120"
"MS4A6E","A_23_P416238"
"MS4A7","A_33_P3352098"
"MS4A8","A_23_P139146"
"MSANTD1","A_33_P3418798"
"MSANTD2","A_23_P52885"
"MSANTD3","A_32_P122754"
"MSANTD3-TMEFF1","A_33_P3219475"
"MSANTD4","A_33_P3323520"
"MSC","A_23_P256948"
"MSGN1","A_33_P3291379"
"MSH2","A_33_P3287502"
"MSH4","A_23_P74068"
"MSH5","A_33_P3233081"
"MSI1","A_23_P139795"
"MSI2","A_23_P44195"
"MSL1","A_33_P3266873"
"MSL2","A_23_P132438"
"MSL3","A_23_P217778"
"MSL3B","A_32_P235159"
"MSLN","A_23_P77529"
"MSLNL","A_33_P3333955"
"MSMB","A_24_P146683"
"MSMP","A_33_P3307113"
"MSN","A_23_P73589"
"MSR1","A_23_P392942"
"MSRA","A_23_P61426"
"MSRB1","A_23_P129486"
"MSRB2","A_23_P97932"
"MSRB3","A_33_P3278313"
"MSS51","A_33_P3223874"
"MST1","A_24_P148796"
"MST1L","A_23_P340376"
"MST1R","A_23_P256312"
"MSTN","A_23_P165727"
"MSTO1","A_33_P3333527"
"MSTO2P","A_33_P3351934"
"MSX2","A_24_P132008"
"MSX2P1","A_32_P169179"
"MT-ATP6","A_23_P337726"
"MT-CO1","A_23_P301925"
"MT-CO2","A_23_P402751"
"MT-CYB","A_24_P551842"
"MT-ND1","A_24_P182122"
"MT-ND2","A_23_P431853"
"MT-ND3","A_23_P360209"
"MT-ND4","A_23_P315252"
"MT-ND5","A_23_P406928"
"MT-ND6","A_23_P317056"
"MT1A","A_23_P54840"
"MT1B","A_23_P37983"
"MT1DP","A_33_P3780505"
"MT1E","A_23_P206724"
"MT1F","A_23_P15174"
"MT1G","A_33_P3233645"
"MT1H","A_33_P3315314"
"MT1IP","A_33_P3367293"
"MT1L","A_23_P427703"
"MT1M","A_23_P66241"
"MT1X","A_33_P3350056"
"MT2A","A_23_P106844"
"MT3","A_23_P129629"
"MT4","A_23_P152398"
"MTA1","A_33_P3359306"
"MTA2","A_23_P203420"
"MTA3","A_23_P154522"
"MTAP","A_33_P3329108"
"MTARC1","A_33_P3247205"
"MTARC2","A_23_P200685"
"MTBP","A_23_P357794"
"MTCH1","A_23_P145388"
"MTCH2","A_24_P934563"
"MTCL1","A_33_P3283044"
"MTCL2","A_33_P3366064"
"MTCL3","A_33_P3284453"
"MTCP1","A_24_P324520"
"MTDH","A_33_P3234168"
"MTERF1","A_23_P408108"
"MTERF2","A_23_P53530"
"MTERF3","A_23_P43071"
"MTERF4","A_24_P186124"
"MTF1","A_33_P3294237"
"MTF2","A_23_P46333"
"MTFP1","A_23_P29204"
"MTFR1","A_24_P346587"
"MTFR1L","A_23_P97195"
"MTFR2","A_23_P253752"
"MTG1","A_33_P3380263"
"MTG2","A_24_P382630"
"MTHFD1L","A_23_P214907"
"MTHFD2L","A_33_P3366258"
"MTHFR","A_23_P404045"
"MTHFS","A_23_P163380"
"MTIF2","A_23_P40072"
"MTIF3","A_23_P53788"
"MTLN","A_32_P761797"
"MTM1","A_23_P62133"
"MTMR1","A_23_P73530"
"MTMR10","A_33_P3861706"
"MTMR11","A_33_P3393927"
"MTMR12","A_24_P354615"
"MTMR14","A_32_P9842"
"MTMR2","A_24_P406830"
"MTMR3","A_33_P3235335"
"MTMR4","A_24_P382119"
"MTMR6","A_24_P419211"
"MTMR7","A_33_P3261222"
"MTMR8","A_23_P84995"
"MTMR9","A_24_P261052"
"MTMR9LP","A_24_P160413"
"MTNAP1","A_23_P207927"
"MTNR1A","A_24_P266019"
"MTNR1B","A_23_P127418"
"MTO1","A_23_P145068"
"MTOR","A_23_P34606"
"MTPN","A_24_P55465"
"MTR","A_23_P200936"
"MTRES1","A_23_P259333"
"MTRF1","A_23_P37005"
"MTRF1L","A_33_P3352449"
"MTRFR","A_32_P11894"
"MTRR","A_23_P252211"
"MTSS1","A_23_P347632"
"MTSS2","A_23_P403745"
"MTTP","A_33_P3215457"
"MTURN","A_32_P100439"
"MTUS1","A_23_P347169"
"MTUS2","A_33_P3293858"
"MTVR2","A_33_P3332302"
"MTX1","A_23_P137865"
"MTX3","A_33_P3356846"
"MUC1","A_23_P137856"
"MUC12","A_32_P504827"
"MUC13","A_23_P155236"
"MUC15","A_23_P24332"
"MUC16","A_23_P5211"
"MUC17","A_23_P306610"
"MUC2","A_23_P256784"
"MUC20","A_33_P3226775"
"MUC21","A_33_P3275035"
"MUC22","A_33_P3214914"
"MUC3A","A_33_P3378011"
"MUC4","A_24_P239176"
"MUC5AC","A_33_P3216570"
"MUC5B","A_24_P102650"
"MUC6","A_33_P3314500"
"MUC8","A_33_P3256585"
"MUCL1","A_23_P150979"
"MUL1","A_23_P200598"
"MUS81","A_23_P161634"
"MUSK","A_33_P3230788"
"MUSTN1","A_24_P272310"
"MUTYH","A_23_P51660"
"MVB12A","A_23_P393758"
"MVB12B","A_33_P3248439"
"MVD","A_23_P152125"
"MVK","A_23_P105592"
"MVP","A_33_P3294608"
"MX1","A_23_P17663"
"MX2","A_23_P6263"
"MXD1","A_24_P379750"
"MXD3","A_33_P3297255"
"MXD4","A_24_P234732"
"MXI1","A_33_P3383029"
"MXRA5","A_23_P258136"
"MXRA7","A_33_P3239587"
"MXRA8","A_24_P353905"
"MYADM","A_23_P27584"
"MYADML","A_33_P3422923"
"MYADML2","A_33_P3380051"
"MYB","A_23_P31073"
"MYBBP1A","A_23_P78170"
"MYBL1","A_23_P43157"
"MYBL2","A_23_P143190"
"MYBPC1","A_23_P128362"
"MYBPC2","A_33_P3257182"
"MYBPC3","A_23_P127385"
"MYBPH","A_23_P148737"
"MYBPHL","A_33_P3358750"
"MYC","A_33_P3245163"
"MYCBP","A_23_P201655"
"MYCBP2","A_23_P151459"
"MYCBPAP","A_33_P3361388"
"MYCL","A_33_P3306068"
"MYCN","A_24_P94402"
"MYCNOS","A_23_P67952"
"MYCT1","A_24_P945059"
"MYD88","A_23_P362659"
"MYDGF","A_33_P3243337"
"MYEF2","A_33_P3641427"
"MYEOV","A_23_P360240"
"MYF5","A_23_P87860"
"MYF6","A_23_P76460"
"MYG1","A_23_P116797"
"MYH1","A_23_P49657"
"MYH10","A_33_P3235004"
"MYH11","A_23_P206920"
"MYH13","A_23_P89334"
"MYH14","A_23_P78734"
"MYH15","A_24_P11900"
"MYH16","A_33_P3306078"
"MYH2","A_23_P38271"
"MYH3","A_23_P26865"
"MYH4","A_23_P66530"
"MYH6","A_23_P37167"
"MYH7","A_24_P282383"
"MYH7B","A_33_P3407469"
"MYH8","A_33_P3262729"
"MYH9","A_24_P408424"
"MYL1","A_24_P191326"
"MYL10","A_23_P393015"
"MYL11","A_23_P60742"
"MYL12A","A_23_P4572"
"MYL12B","A_32_P42925"
"MYL2","A_23_P162547"
"MYL3","A_24_P131646"
"MYL4","A_24_P151032"
"MYL5","A_23_P258018"
"MYL6","A_24_P56130"
"MYL6B","A_23_P2223"
"MYL7","A_23_P59738"
"MYL9","A_23_P210425"
"MYLIP","A_33_P3255914"
"MYLK","A_23_P143817"
"MYLK2","A_23_P80008"
"MYLK3","A_33_P3300217"
"MYLK4","A_33_P3252939"
"MYMK","A_33_P3394769"
"MYNN","A_24_P268786"
"MYO10","A_33_P3341424"
"MYO15A","A_23_P27229"
"MYO15B","A_24_P369898"
"MYO16","A_33_P3298216"
"MYO18A","A_23_P78122"
"MYO18B","A_23_P68846"
"MYO19","A_23_P320250"
"MYO1A","A_23_P162288"
"MYO1B","A_23_P361049"
"MYO1C","A_23_P164022"
"MYO1D","A_23_P389102"
"MYO1E","A_33_P3297978"
"MYO1F","A_23_P142447"
"MYO1G","A_24_P206343"
"MYO1H","A_32_P78059"
"MYO3A","A_23_P86411"
"MYO3B","A_23_P417853"
"MYO5A","A_24_P255218"
"MYO5B","A_33_P3841621"
"MYO5C","A_23_P140434"
"MYO6","A_33_P3539345"
"MYO7A","A_23_P98786"
"MYO7B","A_23_P209799"
"MYO9A","A_23_P205841"
"MYO9B","A_24_P246173"
"MYOC","A_23_P23783"
"MYOCD","A_33_P3259042"
"MYOD1","A_33_P3334773"
"MYOF","A_23_P354387"
"MYOG","A_23_P160438"
"MYOM1","A_23_P96271"
"MYOM2","A_23_P258912"
"MYOM3","A_23_P51213"
"MYORG","A_33_P3358243"
"MYOZ1","A_23_P1320"
"MYOZ2","A_24_P166126"
"MYOZ3","A_32_P88415"
"MYPN","A_24_P376120"
"MYPOP","A_24_P392480"
"MYRF","A_23_P75790"
"MYRF-AS1","A_32_P327679"
"MYRFL","A_32_P424761"
"MYRIP","A_23_P326760"
"MYSM1","A_33_P3359518"
"MYT1","A_33_P3312676"
"MYT1L","A_23_P398712"
"MZB1","A_23_P84596"
"MZF1","A_33_P3243168"
"MZT1","A_32_P9382"
"MZT2A","A_33_P3359856"
"MZT2B","A_24_P212152"
"N4BP1","A_23_P432610"
"N4BP2","A_23_P309779"
"N4BP2L1","A_33_P3245415"
"N4BP2L2","A_23_P53856"
"N4BP2L2-IT2","A_33_P3379841"
"N4BP3","A_24_P140666"
"NAA10","A_23_P148546"
"NAA11","A_23_P155890"
"NAA15","A_24_P226116"
"NAA16","A_33_P3361811"
"NAA25","A_33_P3878964"
"NAA30","A_23_P25868"
"NAA35","A_33_P3299977"
"NAA38","A_33_P3239879"
"NAA40","A_23_P35782"
"NAA50","A_33_P3424257"
"NAA60","A_33_P3424272"
"NAAA","A_23_P155666"
"NAALAD2","A_23_P161583"
"NAALADL1","A_23_P52668"
"NAALADL2","A_33_P3273854"
"NAB1","A_23_P209805"
"NAB2","A_33_P3248794"
"NABP1","A_23_P329198"
"NABP2","A_24_P283928"
"NACA","A_23_P162228"
"NACA2","A_32_P141923"
"NACA4P","A_23_P59888"
"NACAD","A_23_P93938"
"NACC1","A_24_P915007"
"NADK","A_23_P200056"
"NADK2","A_33_P3233649"
"NADSYN1","A_23_P35848"
"NAE1","A_23_P77459"
"NAF1","A_24_P223163"
"NAGA","A_33_P3349444"
"NAGK","A_23_P154208"
"NAGLU","A_23_P26945"
"NAGPA","A_23_P38041"
"NAGS","A_32_P32739"
"NAIF1","A_24_P89911"
"NALCN","A_33_P3230166"
"NALF1","A_24_P706340"
"NALF2","A_23_P22647"
"NAMPT","A_33_P3364869"
"NANOG","A_23_P204640"
"NANOGNB","A_33_P3279286"
"NANOS1","A_24_P383609"
"NANOS2","A_33_P3388453"
"NANOS3","A_24_P703830"
"NANP","A_33_P3406458"
"NANS","A_33_P3291776"
"NAP1L1","A_23_P53646"
"NAP1L2","A_23_P125705"
"NAP1L3","A_23_P125717"
"NAP1L4","A_24_P132950"
"NAP1L5","A_23_P144369"
"NAP1L6P","A_33_P3385371"
"NAPA","A_23_P55990"
"NAPB","A_33_P3365596"
"NAPEPLD","A_32_P117170"
"NAPG","A_23_P141770"
"NAPRT","A_23_P43238"
"NAPSA","A_23_P90130"
"NARF","A_23_P218317"
"NARS2","A_23_P24960"
"NASP","A_33_P3233981"
"NAT1","A_23_P95594"
"NAT10","A_23_P87329"
"NAT14","A_23_P50389"
"NAT16","A_33_P3374987"
"NAT2","A_23_P31798"
"NAT8","A_23_P154379"
"NAT8B","A_24_P308506"
"NAT8L","A_33_P3670415"
"NAT9","A_23_P66421"
"NATD1","A_33_P3334015"
"NAV1","A_33_P3405068"
"NAV2","A_23_P52727"
"NAV2-AS4","A_33_P3788355"
"NAV3","A_23_P13740"
"NAXD","A_23_P88046"
"NAXE","A_33_P3257708"
"NBAS","A_23_P332509"
"NBEA","A_23_P65278"
"NBEAL1","A_24_P315184"
"NBEAL2","A_23_P409168"
"NBEAP1","A_33_P3305655"
"NBN","A_24_P278126"
"NBPF1","A_33_P3368800"
"NBPF10","A_32_P83465"
"NBPF11","A_32_P149492"
"NBPF14","A_23_P359430"
"NBPF15","A_33_P3372788"
"NBPF22P","A_23_P399251"
"NBPF3","A_32_P88635"
"NBPF6","A_33_P3229328"
"NBPF7P","A_33_P3279167"
"NBR1","A_23_P207399"
"NBR2","A_23_P4160"
"NCALD","A_23_P215883"
"NCAM1","A_33_P3363799"
"NCAM2","A_33_P3239884"
"NCAN","A_23_P153797"
"NCAPD2","A_33_P3303385"
"NCAPD3","A_32_P71447"
"NCAPG","A_33_P3230254"
"NCAPG2","A_33_P3659876"
"NCAPH","A_33_P3230259"
"NCAPH2","A_33_P3249439"
"NCBP1","A_33_P3299854"
"NCBP2","A_24_P157424"
"NCBP3","A_23_P15669"
"NCCRP1","A_33_P3411477"
"NCDN","A_23_P97736"
"NCEH1","A_23_P132644"
"NCF1","A_33_P3369393"
"NCF2","A_23_P138194"
"NCF4","A_33_P3365432"
"NCK1","A_23_P255785"
"NCK2","A_33_P3268567"
"NCKAP1","A_23_P73239"
"NCKAP1L","A_23_P128201"
"NCKAP5","A_23_P360079"
"NCKAP5L","A_24_P177964"
"NCKIPSD","A_23_P29638"
"NCL","A_23_P5551"
"NCLN","A_24_P339664"
"NCMAP","A_33_P3211198"
"NCOA1","A_23_P39602"
"NCOA2","A_33_P3270019"
"NCOA4","A_33_P3270034"
"NCOA5","A_23_P210515"
"NCOA6","A_23_P259135"
"NCOA7","A_24_P12435"
"NCOR1","A_24_P204214"
"NCOR2","A_23_P203891"
"NCR1","A_33_P3571824"
"NCR2","A_23_P413224"
"NCR3","A_23_P251881"
"NCR3LG1","A_33_P3356210"
"NCS1","A_33_P3275350"
"NCSTN","A_23_P34402"
"NDC1","A_23_P73982"
"NDC80","A_23_P50108"
"NDE1","A_23_P206901"
"NDEL1","A_33_P3244141"
"NDFIP1","A_23_P81241"
"NDFIP2","A_24_P264909"
"NDOR1","A_33_P3223607"
"NDP","A_23_P73609"
"NDRG1","A_23_P20494"
"NDRG2","A_33_P3334515"
"NDRG3","A_24_P185604"
"NDRG4","A_23_P140748"
"NDST1","A_33_P3300092"
"NDST2","A_23_P52373"
"NDST3","A_33_P3424477"
"NDST4","A_23_P136371"
"NDUFA1","A_23_P159833"
"NDUFA10","A_33_P3351914"
"NDUFA11","A_23_P320185"
"NDUFA12","A_23_P76557"
"NDUFA13","A_23_P119627"
"NDUFA2","A_23_P257795"
"NDUFA3","A_23_P208540"
"NDUFA5","A_23_P215751"
"NDUFA6","A_24_P23245"
"NDUFA7","A_23_P108303"
"NDUFA8","A_23_P43566"
"NDUFA9","A_24_P361006"
"NDUFAB1","A_23_P140960"
"NDUFAF1","A_23_P26254"
"NDUFAF2","A_23_P345942"
"NDUFAF3","A_23_P256172"
"NDUFAF4","A_24_P171983"
"NDUFAF5","A_24_P228579"
"NDUFAF6","A_33_P3272165"
"NDUFAF7","A_23_P28318"
"NDUFAF8","A_24_P653603"
"NDUFB1","A_23_P140423"
"NDUFB10","A_23_P118105"
"NDUFB11","A_23_P22765"
"NDUFB2","A_24_P406301"
"NDUFB3","A_33_P3413597"
"NDUFB4","A_23_P69468"
"NDUFB5","A_33_P3296682"
"NDUFB6","A_23_P43613"
"NDUFB7","A_23_P50872"
"NDUFB8","A_24_P346886"
"NDUFB9","A_24_P154006"
"NDUFC1","A_23_P92362"
"NDUFC2","A_33_P3336652"
"NDUFS1","A_23_P131365"
"NDUFS2","A_23_P149470"
"NDUFS3","A_23_P75402"
"NDUFS4","A_23_P257198"
"NDUFS7","A_23_P165090"
"NDUFS8","A_33_P3213463"
"NDUFV1","A_33_P3317406"
"NDUFV1-DT","A_33_P3256902"
"NDUFV2","A_23_P130418"
"NDUFV3","A_23_P211285"
"NEAT1","A_33_P3263538"
"NEB","A_23_P146783"
"NEBL","A_24_P398147"
"NECAB1","A_24_P944756"
"NECAB2","A_23_P66011"
"NECAB3","A_23_P68628"
"NECAP1","A_32_P144920"
"NECAP2","A_23_P97296"
"NECTIN1","A_23_P76034"
"NECTIN2","A_23_P208293"
"NECTIN3","A_23_P401547"
"NECTIN4","A_33_P3236392"
"NEDD1","A_33_P3260016"
"NEDD4","A_32_P160883"
"NEDD4L","A_24_P108311"
"NEDD8","A_23_P88420"
"NEDD9","A_23_P344555"
"NEFH","A_23_P300600"
"NEFL","A_33_P3287785"
"NEFM","A_33_P3249534"
"NEGR1","A_33_P3341970"
"NEIL1","A_23_P129157"
"NEIL2","A_23_P94128"
"NEIL3","A_23_P155711"
"NEK1","A_32_P68050"
"NEK10","A_23_P337270"
"NEK11","A_23_P155301"
"NEK2","A_23_P35219"
"NEK3","A_23_P333705"
"NEK4","A_24_P80338"
"NEK5","A_33_P3250521"
"NEK6","A_23_P216920"
"NEK7","A_23_P353574"
"NEK8","A_24_P99639"
"NEK9","A_24_P347480"
"NELFA","A_24_P83183"
"NELFB","A_23_P148150"
"NELFCD","A_23_P210643"
"NELFE","A_23_P122545"
"NELL1","A_33_P3354203"
"NEMF","A_23_P140328"
"NEMP1","A_24_P126628"
"NEMP2","A_33_P3389261"
"NENF","A_23_P137948"
"NEO1","A_33_P3651948"
"NES","A_23_P103672"
"NET1","A_23_P83931"
"NETO1","A_23_P4489"
"NETO2","A_23_P3681"
"NEU1","A_24_P394533"
"NEU2","A_23_P90980"
"NEU3","A_23_P203716"
"NEU4","A_23_P218626"
"NEURL1","A_33_P3293524"
"NEURL1B","A_32_P198731"
"NEURL2","A_23_P165989"
"NEURL3","A_23_P328740"
"NEURL4","A_23_P360179"
"NEUROD1","A_33_P3285965"
"NEUROD2","A_32_P25295"
"NEUROD4","A_32_P320247"
"NEUROD6","A_23_P134340"
"NEUROG1","A_33_P3420680"
"NEUROG2","A_32_P438767"
"NEUROG3","A_33_P3292844"
"NEXMIF","A_32_P169505"
"NEXN","A_23_P200001"
"NEXN-AS1","A_33_P3395219"
"NF1","A_24_P917026"
"NF1P1","A_33_P3314446"
"NF2","A_23_P251051"
"NFAM1","A_33_P3292769"
"NFASC","A_33_P3406866"
"NFAT5","A_23_P359647"
"NFATC1","A_23_P300150"
"NFATC2","A_33_P3215333"
"NFATC2IP","A_33_P3646133"
"NFATC3","A_23_P77440"
"NFATC4","A_33_P3250083"
"NFE2","A_23_P13753"
"NFE2L1","A_24_P219552"
"NFE2L2","A_33_P3225600"
"NFE2L3","A_23_P42718"
"NFE4","A_33_P3360814"
"NFIA","A_23_P85682"
"NFIB","A_24_P658427"
"NFIC","A_33_P3249509"
"NFIL3","A_23_P32253"
"NFIX","A_33_P3884230"
"NFKBIB","A_23_P330895"
"NFKBID","A_23_P383422"
"NFKBIE","A_23_P30655"
"NFKBIL1","A_33_P3386506"
"NFKBIZ","A_23_P212089"
"NFRKB","A_23_P24485"
"NFS1","A_33_P3298634"
"NFU1","A_23_P147296"
"NFX1","A_23_P304543"
"NFXL1","A_33_P3405004"
"NFYA","A_24_P414719"
"NFYB","A_23_P53668"
"NFYC","A_33_P3363674"
"NGB","A_23_P140375"
"NGDN","A_23_P76841"
"NGEF","A_33_P3240094"
"NGF","A_23_P115190"
"NGFR","A_23_P389897"
"NGLY1","A_23_P218841"
"NGRN","A_23_P140602"
"NHEJ1","A_24_P251381"
"NHERF1","A_33_P3378835"
"NHERF2","A_24_P364838"
"NHERF4","A_23_P35977"
"NHLH1","A_24_P336474"
"NHLH2","A_33_P3231252"
"NHLRC1","A_33_P3264116"
"NHLRC2","A_24_P252780"
"NHLRC3","A_32_P129950"
"NHLRC4","A_24_P316257"
"NHP2","A_33_P3389942"
"NHS","A_32_P126375"
"NHSL1","A_23_P387184"
"NHSL2","A_33_P3260747"
"NHSL3","A_23_P410965"
"NIBAN1","A_24_P233786"
"NIBAN2","A_33_P3226167"
"NIBAN3","A_23_P345799"
"NICN1","A_23_P110005"
"NICOL1","A_32_P90047"
"NID1","A_33_P3281191"
"NID2","A_23_P163087"
"NIF3L1","A_23_P5415"
"NIFK","A_33_P3402763"
"NIM1K","A_23_P254863"
"NIN","A_23_P396353"
"NINJ1","A_33_P3271111"
"NINJ2","A_23_P48109"
"NINL","A_23_P143374"
"NIP7","A_33_P3283906"
"NIPA1","A_33_P3250840"
"NIPA2","A_33_P3250845"
"NIPAL1","A_33_P3417086"
"NIPAL2","A_23_P146111"
"NIPAL3","A_24_P45367"
"NIPAL4","A_33_P3415052"
"NIPBL","A_23_P213883"
"NIPSNAP2","A_23_P82674"
"NIPSNAP3A","A_23_P20606"
"NIPSNAP3B","A_24_P132624"
"NISCH","A_24_P405621"
"NIT1","A_23_P376661"
"NIT2","A_24_P120346"
"NKAIN1","A_23_P51376"
"NKAIN2","A_23_P170213"
"NKAIN3","A_33_P3364463"
"NKAIN4","A_33_P3293009"
"NKAP","A_23_P62276"
"NKAPD1","A_23_P24529"
"NKAPL","A_33_P3417880"
"NKAPP1","A_24_P365753"
"NKD1","A_23_P429449"
"NKD2","A_23_P41804"
"NKG7","A_23_P119042"
"NKIRAS1","A_23_P338519"
"NKIRAS2","A_23_P10135"
"NKPD1","A_32_P319858"
"NKTR","A_24_P926760"
"NKX1-1","A_33_P3315634"
"NKX1-2","A_24_P256155"
"NKX2-1","A_24_P61490"
"NKX2-2","A_23_P17522"
"NKX2-3","A_24_P38702"
"NKX2-4","A_33_P3359801"
"NKX2-5","A_33_P3299599"
"NKX2-6","A_33_P3240632"
"NKX2-8","A_33_P3381490"
"NKX3-1","A_33_P3239347"
"NKX3-2","A_23_P386254"
"NKX6-1","A_24_P68991"
"NKX6-2","A_33_P3264910"
"NKX6-3","A_33_P3421275"
"NLE1","A_23_P141315"
"NLGN1","A_23_P18123"
"NLGN2","A_23_P207125"
"NLGN3","A_23_P62298"
"NLGN4X","A_33_P3287158"
"NLGN4Y","A_23_P121441"
"NLK","A_33_P3327108"
"NLN","A_33_P3489737"
"NLRC3","A_33_P3415859"
"NLRC4","A_33_P3272938"
"NLRC5","A_32_P416583"
"NLRP1","A_23_P89550"
"NLRP10","A_23_P403488"
"NLRP11","A_32_P27479"
"NLRP13","A_23_P399834"
"NLRP14","A_23_P47579"
"NLRP2","A_24_P213161"
"NLRP3","A_23_P9883"
"NLRP4","A_33_P3406047"
"NLRP5","A_23_P4962"
"NLRP6","A_23_P311632"
"NLRP7","A_23_P16384"
"NLRP8","A_23_P351866"
"NLRP9","A_33_P3356170"
"NLRX1","A_24_P244356"
"NMB","A_23_P88522"
"NMBR","A_23_P70634"
"NMD3","A_23_P32861"
"NME1","A_23_P152804"
"NME2","A_23_P141405"
"NME3","A_23_P152115"
"NME4","A_24_P210829"
"NME5","A_23_P156402"
"NME6","A_23_P313961"
"NME7","A_23_P46063"
"NME8","A_23_P259611"
"NME9","A_23_P212675"
"NMI","A_23_P154235"
"NMNAT1","A_23_P201264"
"NMNAT2","A_23_P354908"
"NMNAT3","A_24_P260134"
"NMRAL1","A_23_P26649"
"NMRK1","A_23_P32036"
"NMRK2","A_24_P404458"
"NMS","A_33_P3320832"
"NMT1","A_24_P14010"
"NMT2","A_33_P3272563"
"NMU","A_23_P69537"
"NMUR1","A_23_P209700"
"NNAT","A_33_P3212575"
"NNMT","A_23_P127584"
"NNT","A_23_P70148"
"NOA1","A_23_P7074"
"NOBOX","A_33_P3236310"
"NOC2L","A_23_P138058"
"NOC3L","A_23_P202496"
"NOC4L","A_33_P3394828"
"NOCT","A_23_P144337"
"NOD1","A_24_P129277"
"NOD2","A_23_P420863"
"NODAL","A_33_P3299776"
"NOG","A_33_P3391796"
"NOL10","A_33_P3417810"
"NOL11","A_23_P55073"
"NOL12","A_33_P3417820"
"NOL3","A_23_P206371"
"NOL4","A_32_P126733"
"NOL4L","A_24_P118938"
"NOL6","A_24_P21410"
"NOL7","A_33_P3385361"
"NOL8","A_23_P71591"
"NOL9","A_23_P126727"
"NOLC1","A_23_P202143"
"NOM1","A_33_P3378430"
"NOMO1","A_33_P3299705"
"NONO","A_24_P151727"
"NOP10","A_23_P54477"
"NOP14","A_33_P3389638"
"NOP14-AS1","A_33_P3374264"
"NOP16","A_33_P3361257"
"NOP2","A_23_P204364"
"NOP53","A_33_P3393694"
"NOP56","A_24_P101402"
"NOP58","A_23_P154447"
"NOP9","A_23_P326844"
"NOPCHAP1","A_23_P128532"
"NOS1","A_23_P204791"
"NOS1AP","A_23_P74309"
"NOS3","A_33_P3305790"
"NOSIP","A_24_P194017"
"NOSTRIN","A_23_P79360"
"NOTCH1","A_33_P3370424"
"NOTCH2","A_23_P200792"
"NOTCH2NLA","A_33_P3212645"
"NOTCH3","A_33_P3313055"
"NOTCH4","A_23_P365614"
"NOTO","A_33_P3264771"
"NOTUM","A_33_P3257125"
"NOVA1","A_33_P3347697"
"NOVA2","A_33_P3347707"
"NOX1","A_23_P316410"
"NOX3","A_23_P82099"
"NOX4","A_23_P47148"
"NOX5","A_23_P140475"
"NOXA1","A_23_P254353"
"NOXO1","A_33_P3333800"
"NOXRED1","A_23_P382682"
"NPAP1","A_33_P3358163"
"NPAS1","A_23_P27734"
"NPAS2","A_23_P218597"
"NPAS3","A_33_P3307187"
"NPAS4","A_32_P478023"
"NPAT","A_23_P203013"
"NPB","A_33_P3419970"
"NPBWR1","A_33_P3233219"
"NPBWR2","A_33_P3269791"
"NPC1L1","A_23_P20075"
"NPC2","A_23_P48717"
"NPDC1","A_23_P146572"
"NPEPL1","A_24_P45005"
"NPEPPS","A_23_P84836"
"NPFF","A_23_P204079"
"NPFFR1","A_23_P1452"
"NPFFR2","A_23_P155900"
"NPHP1","A_24_P88801"
"NPHP3","A_33_P3228102"
"NPHP3-AS1","A_33_P3314515"
"NPHP4","A_23_P351734"
"NPHS1","A_23_P5200"
"NPHS2","A_23_P35055"
"NPIPB3","A_33_P3356990"
"NPL","A_33_P3414903"
"NPLOC4","A_33_P3238966"
"NPM1","A_24_P188941"
"NPM2","A_33_P3261869"
"NPM3","A_23_P52298"
"NPNT","A_23_P253896"
"NPPA","A_33_P3323699"
"NPPB","A_23_P62752"
"NPPC","A_23_P301942"
"NPR1","A_23_P147711"
"NPR2","A_23_P123622"
"NPR3","A_23_P58676"
"NPRL2","A_23_P18267"
"NPRL3","A_23_P100326"
"NPS","A_33_P3232290"
"NPSA","A_33_P3677814"
"NPSR1","A_33_P3417113"
"NPTN","A_24_P95822"
"NPTX1","A_23_P124905"
"NPTX2","A_23_P82651"
"NPTXR","A_23_P29282"
"NPVF","A_23_P59654"
"NPW","A_23_P352799"
"NPY","A_23_P256470"
"NPY1R","A_23_P69699"
"NPY2R","A_33_P3396244"
"NPY4R","A_24_P364042"
"NPY5R","A_23_P251836"
"NPY6RP","A_24_P411573"
"NQO1","A_23_P206661"
"NQO2","A_23_P58953"
"NR0B1","A_23_P73632"
"NR0B2","A_23_P160800"
"NR1D1","A_24_P250227"
"NR1D2","A_24_P943472"
"NR1H2","A_23_P55926"
"NR1H3","A_33_P3237775"
"NR1H4","A_23_P25396"
"NR1I3","A_23_P319572"
"NR2C1","A_33_P3302220"
"NR2C2","A_23_P40936"
"NR2C2AP","A_24_P126181"
"NR2E1","A_23_P338372"
"NR2E3","A_23_P205867"
"NR2F1","A_33_P3403117"
"NR2F2","A_23_P88589"
"NR2F6","A_33_P3403132"
"NR3C1","A_33_P3767927"
"NR3C2","A_23_P392470"
"NR4A1","A_33_P3319791"
"NR4A2","A_33_P3299066"
"NR4A3","A_23_P398566"
"NR5A1","A_23_P216915"
"NR5A2","A_33_P3389728"
"NR6A1","A_33_P3659678"
"NRAD1","A_33_P3402284"
"NRADDP","A_33_P3386150"
"NRAP","A_23_P402765"
"NRARP","A_33_P3337272"
"NRAS","A_23_P63190"
"NRBF2","A_33_P3415895"
"NRBP1","A_23_P165442"
"NRBP2","A_24_P242132"
"NRCAM","A_24_P252364"
"NRDC","A_23_P23006"
"NRDE2","A_23_P205724"
"NREP","A_24_P149124"
"NRF1","A_23_P59418"
"NRG1","A_23_P315815"
"NRG2","A_23_P213699"
"NRG3","A_33_P3229417"
"NRG4","A_23_P334727"
"NRGN","A_23_P116264"
"NRIP1","A_33_P3251430"
"NRIP2","A_23_P13929"
"NRIP3","A_23_P47682"
"NRK","A_33_P3275220"
"NRL","A_33_P3423027"
"NRM","A_23_P8055"
"NRN1","A_23_P414519"
"NRN1L","A_32_P8551"
"NRP1","A_24_P928052"
"NRP2","A_33_P3297415"
"NRROS","A_23_P132856"
"NRSN1","A_33_P3252228"
"NRSN2","A_33_P3325275"
"NRTN","A_23_P90359"
"NRXN1","A_33_P3273684"
"NRXN2","A_24_P261470"
"NRXN3","A_33_P3851023"
"NSA2","A_23_P167444"
"NSD1","A_23_P124327"
"NSD2","A_23_P389919"
"NSD3","A_24_P317719"
"NSDHL","A_33_P3236082"
"NSF","A_23_P15714"
"NSFL1C","A_23_P210719"
"NSG1","A_33_P3259135"
"NSG2","A_23_P319005"
"NSL1","A_24_P370970"
"NSMAF","A_23_P134809"
"NSMCE1","A_23_P95823"
"NSMCE2","A_23_P422794"
"NSMCE3","A_24_P124973"
"NSMCE4A","A_23_P75204"
"NSMF","A_23_P32064"
"NSRP1","A_23_P27180"
"NSUN2","A_23_P7423"
"NSUN3","A_23_P21785"
"NSUN4","A_33_P3242264"
"NSUN5","A_23_P82412"
"NSUN6","A_23_P61580"
"NSUN7","A_24_P7121"
"NT5C","A_33_P3229256"
"NT5C1A","A_24_P113960"
"NT5C1B","A_32_P421816"
"NT5C2","A_23_P97906"
"NT5C3A","A_23_P59547"
"NT5C3B","A_23_P49924"
"NT5DC1","A_23_P382043"
"NT5DC2","A_23_P44836"
"NT5DC3","A_32_P76720"
"NT5DC4","A_33_P3376131"
"NT5E","A_24_P354715"
"NT5M","A_33_P3242863"
"NTAN1","A_23_P170498"
"NTAQ1","A_23_P71415"
"NTF3","A_23_P360797"
"NTF4","A_23_P4899"
"NTHL1","A_23_P88904"
"NTM","A_33_P3296333"
"NTM-AS1","A_33_P3220167"
"NTMT1","A_23_P71904"
"NTMT2","A_33_P3405936"
"NTN1","A_32_P53524"
"NTN3","A_33_P3271261"
"NTN4","A_23_P204630"
"NTN5","A_32_P394951"
"NTNG1","A_33_P3221408"
"NTNG2","A_23_P423331"
"NTPCR","A_23_P200252"
"NTRK1","A_24_P265506"
"NTRK2","A_33_P3322804"
"NTRK3","A_33_P3260134"
"NTS","A_23_P36882"
"NTSR1","A_23_P371039"
"NTSR2","A_23_P315212"
"NUAK1","A_23_P348257"
"NUAK2","A_33_P3338166"
"NUB1","A_23_P215154"
"NUBP1","A_33_P3413053"
"NUBP2","A_23_P49082"
"NUBPL","A_33_P3344733"
"NUCB1","A_23_P78771"
"NUCB2","A_23_P13364"
"NUCKS1","A_24_P374652"
"NUDC","A_23_P74653"
"NUDCD1","A_24_P106794"
"NUDCD2","A_23_P360245"
"NUDCD3","A_23_P31477"
"NUDT1","A_23_P134295"
"NUDT10","A_33_P3410372"
"NUDT11","A_24_P345002"
"NUDT12","A_23_P259090"
"NUDT13","A_23_P161324"
"NUDT14","A_23_P414978"
"NUDT15","A_24_P244699"
"NUDT16","A_23_P310560"
"NUDT16L1","A_23_P49429"
"NUDT16L2P","A_24_P626981"
"NUDT17","A_33_P3336810"
"NUDT18","A_23_P123454"
"NUDT19","A_32_P93391"
"NUDT21","A_33_P3418942"
"NUDT22","A_23_P75441"
"NUDT3","A_23_P93389"
"NUDT4","A_24_P50753"
"NUDT6","A_23_P155857"
"NUDT7","A_23_P3602"
"NUDT8","A_33_P3384932"
"NUDT9","A_23_P94860"
"NUDT9P1","A_32_P40463"
"NUF2","A_23_P74349"
"NUFIP1","A_23_P36939"
"NUFIP2","A_24_P791829"
"NUGGC","A_33_P3246598"
"NUMA1","A_23_P162120"
"NUMB","A_23_P88381"
"NUMBL","A_33_P3225091"
"NUP107","A_23_P14062"
"NUP133","A_23_P12503"
"NUP153","A_33_P3306510"
"NUP155","A_23_P7679"
"NUP160","A_23_P43726"
"NUP188","A_24_P237753"
"NUP205","A_32_P51084"
"NUP210","A_23_P212159"
"NUP210L","A_23_P366098"
"NUP210P1","A_32_P375062"
"NUP214","A_23_P257091"
"NUP35","A_33_P3272140"
"NUP37","A_23_P48099"
"NUP42","A_33_P3320548"
"NUP43","A_23_P31055"
"NUP50","A_32_P121303"
"NUP54","A_23_P92320"
"NUP58","A_23_P390190"
"NUP62","A_24_P322444"
"NUP62CL","A_23_P33914"
"NUP85","A_23_P26777"
"NUP88","A_23_P152919"
"NUP93","A_23_P89056"
"NUP98","A_23_P203586"
"NUPR1","A_24_P270728"
"NUS1","A_32_P34116"
"NUSAP1","A_33_P3350488"
"NUTF2","A_23_P118038"
"NUTM1","A_33_P3311353"
"NUTM2A","A_32_P799227"
"NUTM2D","A_33_P3235098"
"NUTM2F","A_33_P3212754"
"NUTM2G","A_33_P3368339"
"NVL","A_23_P96990"
"NWD1","A_33_P3519250"
"NWD2","A_33_P3311994"
"NXF1","A_23_P13359"
"NXF2","A_23_P148568"
"NXF3","A_23_P171336"
"NXF5","A_33_P3407364"
"NXN","A_23_P61778"
"NXNL1","A_23_P384650"
"NXNL2","A_33_P3400828"
"NXPE1","A_23_P24543"
"NXPE2","A_33_P3335661"
"NXPE3","A_33_P3276207"
"NXPE4","A_23_P320216"
"NXPH2","A_23_P316121"
"NXPH3","A_24_P150931"
"NXPH4","A_33_P3363245"
"NXT1","A_23_P251695"
"NXT2","A_24_P91916"
"NYAP1","A_23_P407654"
"NYAP2","A_24_P49427"
"NYNRIN","A_23_P129005"
"NYX","A_23_P137046"
"OAF","A_24_P391586"
"OARD1","A_23_P342091"
"OAS1","A_23_P64828"
"OAS2","A_33_P3225522"
"OAS3","A_24_P335305"
"OASL","A_23_P139786"
"OAT","A_23_P98092"
"OAZ1","A_23_P409951"
"OAZ3","A_32_P226078"
"OBI1","A_23_P25638"
"OBP2A","A_23_P112327"
"OBP2B","A_33_P3243917"
"OBSCN","A_24_P119685"
"OBSCN-AS1","A_24_P15898"
"OBSL1","A_23_P300484"
"OC90","A_33_P3350575"
"OCA2","A_23_P129133"
"OCEL1","A_23_P90523"
"OCIAD1","A_23_P213093"
"OCLN","A_23_P92672"
"OCM2","A_32_P145867"
"OCRL","A_23_P32903"
"OCSTAMP","A_33_P3403942"
"ODAD1","A_33_P3261054"
"ODAD2","A_32_P141418"
"ODAD3","A_23_P326893"
"ODAD4","A_23_P73150"
"ODAM","A_23_P58228"
"ODAPH","A_23_P386268"
"ODC1","A_23_P165840"
"ODF1","A_23_P31626"
"ODF2","A_23_P60488"
"ODF2L","A_33_P3244998"
"ODF4","A_23_P421526"
"ODR4","A_32_P148824"
"OFD1","A_24_P134653"
"OGA","A_23_P202170"
"OGDH","A_24_P290770"
"OGDHL","A_23_P161297"
"OGFOD1","A_23_P3775"
"OGFOD2","A_33_P3245927"
"OGFOD3","A_24_P364954"
"OGFR","A_23_P28707"
"OGFRL1","A_23_P7791"
"OGG1","A_23_P212196"
"OGN","A_23_P82990"
"OGT","A_33_P3227284"
"OIP5","A_23_P379614"
"OIT3","A_23_P63777"
"OLA1","A_33_P3277614"
"OLAH","A_23_P161458"
"OLFM1","A_33_P3248354"
"OLFM2","A_23_P67151"
"OLFM3","A_33_P3791263"
"OLFM4","A_24_P181254"
"OLFML1","A_23_P147665"
"OLFML2A","A_24_P220485"
"OLFML2B","A_23_P137689"
"OLFML3","A_24_P11315"
"OLIG1","A_23_P154849"
"OLIG2","A_23_P211079"
"OLIG3","A_32_P124245"
"OLMALINC","A_33_P3323928"
"OLR1","A_24_P124624"
"OMA1","A_23_P138137"
"OMD","A_23_P94397"
"OMG","A_23_P55286"
"OMP","A_23_P116587"
"ONECUT1","A_23_P340717"
"ONECUT2","A_32_P124708"
"ONECUT3","A_33_P3238969"
"OOEP","A_32_P14762"
"OOSP1","A_33_P3355886"
"OOSP2","A_23_P317820"
"OPA1","A_23_P211797"
"OPA3","A_24_P475814"
"OPALIN","A_24_P132813"
"OPCML","A_32_P160563"
"OPHN1","A_33_P3307735"
"OPLAH","A_23_P170186"
"OPN1MW","A_23_P96623"
"OPN1SW","A_23_P419156"
"OPN3","A_23_P74391"
"OPN4","A_23_P24234"
"OPN5","A_33_P3404974"
"OPRD1","A_33_P3272075"
"OPRK1","A_32_P33576"
"OPRL1","A_23_P345564"
"OPRM1","A_24_P397613"
"OPRPN","A_24_P402855"
"OPTC","A_23_P97096"
"OPTN","A_33_P3333317"
"OR10A2","A_24_P409230"
"OR10A3","A_33_P3285032"
"OR10A4","A_23_P75867"
"OR10A5","A_23_P315991"
"OR10A6","A_33_P3418527"
"OR10A7","A_33_P3262276"
"OR10AD1","A_33_P3213408"
"OR10AG1","A_33_P3391370"
"OR10C1","A_24_P60680"
"OR10G2","A_33_P3225507"
"OR10G3","A_33_P3225378"
"OR10G4","A_33_P3273906"
"OR10G7","A_33_P3262281"
"OR10G8","A_23_P125204"
"OR10G9","A_33_P3336627"
"OR10H1","A_23_P27917"
"OR10H2","A_23_P50799"
"OR10H4","A_23_P5258"
"OR10H5","A_33_P3359383"
"OR10J1","A_23_P397468"
"OR10J3","A_32_P385645"
"OR10J5","A_23_P126031"
"OR10K1","A_33_P3381052"
"OR10K2","A_33_P3225535"
"OR10P1","A_24_P167377"
"OR10Q1","A_33_P3381067"
"OR10R2","A_23_P705"
"OR10R3P","A_33_P3766667"
"OR10S1","A_33_P3381077"
"OR10T2","A_23_P23507"
"OR10V1","A_33_P3381097"
"OR10W1","A_33_P3381092"
"OR10X1","A_33_P3313250"
"OR10Z1","A_33_P3381107"
"OR11A1","A_23_P59099"
"OR11G2","A_23_P37231"
"OR11H12","A_23_P128868"
"OR11H4","A_33_P3261147"
"OR11H6","A_33_P3379906"
"OR11L1","A_33_P3343790"
"OR12D2","A_23_P93295"
"OR12D3","A_23_P259555"
"OR13A1","A_33_P3213962"
"OR13C2","A_33_P3326271"
"OR13C3","A_33_P3356877"
"OR13C4","A_23_P169207"
"OR13C5","A_33_P3244215"
"OR13C8","A_33_P3377439"
"OR13C9","A_33_P3222007"
"OR13D1","A_23_P32006"
"OR13F1","A_33_P3266484"
"OR13G1","A_33_P3266479"
"OR13H1","A_33_P3266489"
"OR13J1","A_33_P3213982"
"OR14A16","A_33_P3225978"
"OR14C36","A_33_P3345464"
"OR14I1","A_33_P3228622"
"OR14J1","A_33_P3228647"
"OR1A1","A_23_P141665"
"OR1A2","A_23_P130281"
"OR1B1","A_33_P3270252"
"OR1C1","A_24_P299769"
"OR1D2","A_23_P27239"
"OR1D5","A_23_P15832"
"OR1E1","A_23_P101073"
"OR1F1","A_23_P318890"
"OR1F2P","A_23_P382506"
"OR1G1","A_23_P38634"
"OR1I1","A_33_P3414507"
"OR1J1","A_33_P3376080"
"OR1J2","A_33_P3306427"
"OR1J4","A_33_P3376090"
"OR1K1","A_33_P3338382"
"OR1L1","A_33_P3299619"
"OR1L3","A_23_P94647"
"OR1L4","A_23_P83244"
"OR1L6","A_33_P3343812"
"OR1L8","A_33_P3299639"
"OR1M1","A_33_P3261636"
"OR1N1","A_33_P3223739"
"OR1N2","A_23_P135226"
"OR1Q1","A_24_P283591"
"OR1S1","A_33_P3270360"
"OR1S2","A_23_P13294"
"OR2A12","A_33_P3423919"
"OR2A14","A_23_P59783"
"OR2A2","A_33_P3394312"
"OR2A20P","A_24_P506816"
"OR2A25","A_24_P52293"
"OR2A42","A_33_P3261862"
"OR2A5","A_33_P3379680"
"OR2A7","A_23_P134566"
"OR2AE1","A_33_P3423335"
"OR2AG1","A_33_P3266078"
"OR2AG2","A_33_P3262069"
"OR2AK2","A_33_P3364190"
"OR2AT4","A_33_P3365621"
"OR2B11","A_33_P3310377"
"OR2B3","A_33_P3313366"
"OR2B6","A_23_P70468"
"OR2C1","A_23_P163737"
"OR2C3","A_33_P3209806"
"OR2D2","A_33_P3264193"
"OR2D3","A_33_P3264188"
"OR2F1","A_23_P8716"
"OR2G2","A_33_P3365077"
"OR2G3","A_33_P3267769"
"OR2G6","A_33_P3365082"
"OR2H1","A_23_P111092"
"OR2H2","A_23_P307274"
"OR2J2","A_23_P19428"
"OR2J3","A_33_P3231631"
"OR2K2","A_33_P3408042"
"OR2L13","A_23_P370786"
"OR2L1P","A_33_P3387781"
"OR2L2","A_33_P3369979"
"OR2L3","A_33_P3369975"
"OR2L8","A_33_P3370001"
"OR2M2","A_32_P310503"
"OR2M3","A_33_P3331952"
"OR2M4","A_33_P3331966"
"OR2M5","A_33_P3290249"
"OR2M7","A_33_P3311046"
"OR2S2","A_23_P135007"
"OR2T1","A_33_P3246523"
"OR2T10","A_33_P3386203"
"OR2T11","A_33_P3230886"
"OR2T12","A_33_P3289701"
"OR2T2","A_33_P3336014"
"OR2T27","A_33_P3327076"
"OR2T33","A_33_P3350086"
"OR2T34","A_33_P3260667"
"OR2T4","A_33_P3260680"
"OR2T5","A_24_P281439"
"OR2T6","A_33_P3260684"
"OR2T8","A_33_P3319834"
"OR2V2","A_23_P18913"
"OR2W1","A_23_P255389"
"OR2W3","A_24_P333993"
"OR2W5","A_33_P3346529"
"OR2Y1","A_33_P3265709"
"OR2Z1","A_33_P3227706"
"OR3A1","A_23_P50031"
"OR3A2","A_23_P55504"
"OR3A3","A_23_P107483"
"OR3A4P","A_33_P3282693"
"OR4A15","A_23_P139099"
"OR4A16","A_33_P3326427"
"OR4A47","A_33_P3385471"
"OR4A5","A_33_P3214412"
"OR4B1","A_33_P3281641"
"OR4C11","A_33_P3213144"
"OR4C12","A_33_P3272070"
"OR4C13","A_33_P3331761"
"OR4C15","A_23_P52914"
"OR4C16","A_33_P3210637"
"OR4C1P","A_33_P3691758"
"OR4C3","A_23_P2077"
"OR4C45","A_33_P3405479"
"OR4C46","A_24_P281403"
"OR4C6","A_33_P3243118"
"OR4D1","A_33_P3420605"
"OR4D10","A_33_P3239278"
"OR4D11","A_33_P3389898"
"OR4D2","A_33_P3420611"
"OR4D5","A_23_P75663"
"OR4D6","A_33_P3420635"
"OR4D9","A_33_P3420640"
"OR4E2","A_33_P3272385"
"OR4F13P","A_33_P3308142"
"OR4F15","A_33_P3389018"
"OR4F21","A_33_P3316147"
"OR4F29","A_33_P3268582"
"OR4F4","A_24_P58501"
"OR4F6","A_33_P3344454"
"OR4K1","A_23_P2973"
"OR4K13","A_33_P3222469"
"OR4K14","A_33_P3237050"
"OR4K15","A_33_P3295710"
"OR4K17","A_23_P54088"
"OR4K2","A_33_P3349746"
"OR4K5","A_33_P3349751"
"OR4L1","A_33_P3310644"
"OR4M1","A_33_P3257130"
"OR4N2","A_33_P3218659"
"OR4N3P","A_33_P3312529"
"OR4N4","A_23_P88643"
"OR4N5","A_33_P3218664"
"OR4P4","A_33_P3354836"
"OR4Q3","A_33_P3315979"
"OR4S1","A_23_P13479"
"OR4S2","A_33_P3224290"
"OR4X1","A_33_P3229487"
"OR4X2","A_24_P349274"
"OR51A2","A_33_P3268060"
"OR51A4","A_33_P3267859"
"OR51A7","A_23_P13455"
"OR51B4","A_23_P128023"
"OR51B5","A_24_P58204"
"OR51B6","A_33_P3319845"
"OR51D1","A_23_P24898"
"OR51E1","A_23_P13493"
"OR51E2","A_24_P235756"
"OR51F1","A_33_P3424507"
"OR51F2","A_33_P3268084"
"OR51G2","A_33_P3322769"
"OR51I1","A_33_P3424511"
"OR51I2","A_33_P3333648"
"OR51L1","A_33_P3208951"
"OR51M1","A_33_P3424516"
"OR51Q1","A_33_P3267844"
"OR51S1","A_33_P3208975"
"OR51T1","A_33_P3307119"
"OR51V1","A_33_P3327504"
"OR52A1","A_23_P125286"
"OR52A4P","A_33_P3303890"
"OR52A5","A_33_P3363685"
"OR52B2","A_23_P36203"
"OR52B4","A_33_P3303900"
"OR52B6","A_33_P3423375"
"OR52D1","A_33_P3385696"
"OR52E2","A_33_P3230364"
"OR52E4","A_33_P3303905"
"OR52E6","A_33_P3280631"
"OR52E8","A_33_P3281990"
"OR52H1","A_33_P3385711"
"OR52I1","A_33_P3385706"
"OR52I2","A_33_P3230374"
"OR52J3","A_33_P3289401"
"OR52K1","A_33_P3385716"
"OR52K2","A_23_P98744"
"OR52L1","A_33_P3385732"
"OR52M1","A_33_P3385725"
"OR52N1","A_33_P3229042"
"OR52N2","A_33_P3230389"
"OR52N4","A_33_P3303945"
"OR52N5","A_33_P3306342"
"OR52R1","A_33_P3383246"
"OR52W1","A_33_P3385762"
"OR56A1","A_33_P3233328"
"OR56A3","A_33_P3352652"
"OR56A4","A_33_P3366584"
"OR56A5","A_33_P3210798"
"OR56B1","A_23_P139250"
"OR56B4","A_33_P3366589"
"OR5A1","A_23_P75764"
"OR5A2","A_33_P3389673"
"OR5AC2","A_33_P3359483"
"OR5AK2","A_23_P1863"
"OR5AK4P","A_33_P3543013"
"OR5AN1","A_33_P3360142"
"OR5AP2","A_23_P47464"
"OR5AR1","A_33_P3389713"
"OR5AS1","A_33_P3360157"
"OR5AU1","A_33_P3360167"
"OR5B12","A_33_P3380452"
"OR5B17","A_33_P3417985"
"OR5B2","A_33_P3258602"
"OR5B21","A_33_P3321462"
"OR5B3","A_33_P3352263"
"OR5C1","A_33_P3313065"
"OR5D13","A_33_P3363949"
"OR5D14","A_33_P3378136"
"OR5D16","A_33_P3282241"
"OR5D18","A_33_P3356557"
"OR5E1P","A_33_P3575529"
"OR5F1","A_23_P127684"
"OR5H1","A_24_P366566"
"OR5H14","A_33_P3362652"
"OR5H15","A_33_P3265699"
"OR5H2","A_33_P3318631"
"OR5H6","A_33_P3318653"
"OR5I1","A_23_P150467"
"OR5J2","A_33_P3242064"
"OR5K1","A_33_P3419551"
"OR5K2","A_33_P3419562"
"OR5K3","A_33_P3419557"
"OR5K4","A_33_P3419586"
"OR5L1","A_33_P3380702"
"OR5L2","A_24_P258235"
"OR5M1","A_33_P3343496"
"OR5M10","A_33_P3253299"
"OR5M11","A_33_P3318272"
"OR5M3","A_33_P3343506"
"OR5M8","A_33_P3343531"
"OR5M9","A_33_P3343526"
"OR5P2","A_23_P47125"
"OR5P3","A_23_P399217"
"OR5T1","A_33_P3271221"
"OR5T2","A_23_P87104"
"OR5T3","A_33_P3271226"
"OR5V1","A_23_P42241"
"OR5W2","A_33_P3357303"
"OR6A2","A_23_P64448"
"OR6B1","A_33_P3316470"
"OR6B2","A_33_P3222129"
"OR6B3","A_33_P3222124"
"OR6C1","A_33_P3400673"
"OR6C2","A_33_P3383276"
"OR6C3","A_33_P3383271"
"OR6C4","A_33_P3400678"
"OR6C6","A_33_P3383296"
"OR6C65","A_33_P3330886"
"OR6C68","A_33_P3248987"
"OR6C70","A_33_P3293321"
"OR6C74","A_33_P3271166"
"OR6C75","A_33_P3330881"
"OR6C76","A_33_P3390327"
"OR6F1","A_33_P3283320"
"OR6K2","A_23_P51761"
"OR6K3","A_33_P3211488"
"OR6K6","A_33_P3255706"
"OR6M1","A_23_P150428"
"OR6N1","A_23_P23502"
"OR6N2","A_33_P3258206"
"OR6P1","A_33_P3259693"
"OR6Q1","A_33_P3241090"
"OR6S1","A_33_P3379751"
"OR6T1","A_33_P3342469"
"OR6V1","A_33_P3265244"
"OR6W1P","A_23_P123164"
"OR6X1","A_33_P3384902"
"OR6Y1","A_23_P85963"
"OR7A10","A_24_P357535"
"OR7A17","A_23_P28023"
"OR7A5","A_33_P3330418"
"OR7C1","A_33_P3254246"
"OR7D2","A_23_P410408"
"OR7D4","A_23_P130547"
"OR7E104P","A_33_P3594214"
"OR7E13P","A_23_P350754"
"OR7E156P","A_32_P32391"
"OR7E19P","A_33_P3867391"
"OR7E24","A_23_P16110"
"OR7E37P","A_33_P3280405"
"OR7E47P","A_33_P3413958"
"OR7E5P","A_23_P408930"
"OR7E91P","A_23_P433218"
"OR7G1","A_33_P3300600"
"OR7G2","A_33_P3300610"
"OR7G3","A_23_P141939"
"OR8A1","A_33_P3254912"
"OR8B12","A_33_P3345683"
"OR8B2","A_33_P3253578"
"OR8B3","A_33_P3253574"
"OR8B4","A_33_P3253583"
"OR8B8","A_23_P1819"
"OR8D1","A_23_P127662"
"OR8D2","A_23_P139050"
"OR8D4","A_33_P3384202"
"OR8G1","A_23_P13195"
"OR8G2P","A_33_P3262089"
"OR8G5","A_33_P3262094"
"OR8H1","A_23_P75707"
"OR8H2","A_33_P3300864"
"OR8H3","A_33_P3300858"
"OR8I2","A_33_P3397530"
"OR8J1","A_23_P13244"
"OR8J3","A_33_P3344414"
"OR8K1","A_33_P3305373"
"OR8K3","A_23_P36050"
"OR8K5","A_33_P3305388"
"OR8S1","A_33_P3411244"
"OR8U1","A_23_P24676"
"OR8U3","A_33_P3348594"
"OR8U8","A_33_P3335057"
"OR9A2","A_33_P3361991"
"OR9A4","A_33_P3362005"
"OR9G1","A_33_P3348564"
"OR9G4","A_33_P3348569"
"OR9G9","A_33_P3348574"
"OR9H1","A_33_P3732854"
"OR9I1","A_33_P3252583"
"OR9K2","A_33_P3391285"
"OR9Q1","A_33_P3358774"
"OR9Q2","A_33_P3358779"
"ORAI1","A_24_P146892"
"ORAI2","A_24_P329353"
"ORC1","A_23_P45799"
"ORC2","A_23_P39616"
"ORC3","A_23_P42045"
"ORC4","A_23_P131149"
"ORC5","A_23_P31414"
"ORM1","A_23_P169494"
"ORM2","A_23_P9485"
"ORMDL1","A_24_P371053"
"ORMDL2","A_23_P87500"
"ORMDL3","A_23_P129829"
"OS9","A_23_P203790"
"OSBP","A_23_P24709"
"OSBP2","A_23_P321935"
"OSBPL10","A_23_P147245"
"OSBPL11","A_23_P6914"
"OSBPL1A","A_33_P3308534"
"OSBPL2","A_24_P408321"
"OSBPL3","A_23_P215525"
"OSBPL5","A_23_P53081"
"OSBPL6","A_33_P3255194"
"OSBPL7","A_33_P3358740"
"OSBPL8","A_33_P3254191"
"OSBPL9","A_23_P148916"
"OSCAR","A_33_P3387561"
"OSCP1","A_33_P3217119"
"OSER1","A_23_P79818"
"OSGEP","A_23_P54079"
"OSGEPL1","A_24_P302574"
"OSGIN1","A_23_P77415"
"OSGIN2","A_23_P82859"
"OSM","A_23_P166408"
"OSMR","A_23_P156289"
"OSR1","A_23_P323272"
"OSR2","A_24_P55496"
"OST4","A_32_P57854"
"OSTC","A_23_P411814"
"OSTCP1","A_24_P317450"
"OSTF1","A_23_P60296"
"OSTM1","A_32_P154830"
"OSTN","A_33_P3370202"
"OTC","A_23_P257355"
"OTOA","A_33_P3364308"
"OTOF","A_23_P254852"
"OTOG","A_33_P3340264"
"OTOGL","A_23_P302634"
"OTOL1","A_24_P7467"
"OTOP1","A_33_P3294821"
"OTOP2","A_33_P3226099"
"OTOP3","A_23_P365201"
"OTOR","A_33_P3311830"
"OTOS","A_23_P90997"
"OTP","A_23_P84230"
"OTUB1","A_23_P24375"
"OTUB2","A_23_P65386"
"OTUD1","A_32_P60459"
"OTUD3","A_24_P941188"
"OTUD4","A_24_P402898"
"OTUD5","A_23_P337550"
"OTUD6A","A_24_P42389"
"OTUD6B","A_33_P3358312"
"OTUD7A","A_33_P3262376"
"OTUD7B","A_33_P3358307"
"OTULIN","A_33_P3248424"
"OTULINL","A_23_P133438"
"OTX1","A_23_P403284"
"OTX2","A_23_P48663"
"OVCA2","A_23_P118462"
"OVCH1","A_33_P3299535"
"OVCH2","A_33_P3299540"
"OVGP1","A_23_P103756"
"OVOL1","A_23_P202810"
"OVOL2","A_23_P143348"
"OVOS2P","A_33_P3277228"
"OXA1L","A_23_P2998"
"OXCT1","A_32_P63848"
"OXCT2","A_23_P137896"
"OXER1","A_33_P3222203"
"OXGR1","A_24_P39195"
"OXLD1","A_33_P3423600"
"OXNAD1","A_24_P927189"
"OXR1","A_23_P94204"
"OXSM","A_33_P3246083"
"OXSR1","A_23_P418413"
"OXT","A_24_P382579"
"OXTR","A_33_P3413741"
"P2RX1","A_23_P372848"
"P2RX3","A_23_P127721"
"P2RX4","A_33_P3362088"
"P2RX5","A_23_P433785"
"P2RX6","A_23_P355980"
"P2RX7","A_33_P3263867"
"P2RY1","A_33_P3342528"
"P2RY10","A_23_P346376"
"P2RY12","A_23_P143902"
"P2RY13","A_24_P63136"
"P2RY14","A_24_P165864"
"P2RY2","A_23_P24903"
"P2RY4","A_23_P114307"
"P2RY6","A_23_P64611"
"P2RY8","A_24_P340128"
"P3H1","A_23_P63038"
"P3H2","A_23_P69179"
"P3H3","A_33_P3507542"
"P3H4","A_33_P3257030"
"P4HA1","A_33_P3214481"
"P4HA2","A_23_P30363"
"P4HA3","A_24_P290286"
"P4HB","A_33_P3252043"
"PA2G4","A_33_P3227209"
"PAAF1","A_33_P3374643"
"PABIR1","A_23_P409516"
"PABIR2","A_33_P3234118"
"PABIR3","A_33_P3350583"
"PABPC1","A_23_P82693"
"PABPC1L","A_24_P92183"
"PABPC1L2A","A_33_P3306232"
"PABPC1L2B","A_24_P162454"
"PABPC1P2","A_33_P3261143"
"PABPC3","A_23_P48307"
"PABPC4","A_33_P3404775"
"PABPC4L","A_32_P123514"
"PABPC5","A_33_P3406171"
"PABPC5-AS1","A_33_P3838128"
"PABPN1","A_23_P128828"
"PABPN1L","A_33_P3367924"
"PACC1","A_23_P717"
"PACRG","A_23_P170901"
"PACRGL","A_24_P311604"
"PACS1","A_23_P500282"
"PACS2","A_24_P393372"
"PACSIN1","A_23_P258088"
"PACSIN2","A_23_P80377"
"PACSIN3","A_24_P381136"
"PADI1","A_33_P3358208"
"PADI2","A_23_P201747"
"PADI3","A_23_P126869"
"PADI4","A_23_P138262"
"PADI6","A_33_P3358213"
"PAEP","A_33_P3364240"
"PAF1","A_24_P216087"
"PAFAH1B1","A_24_P356406"
"PAFAH1B2","A_23_P370142"
"PAFAH1B3","A_23_P16078"
"PAFAH2","A_24_P71153"
"PAG1","A_33_P3216890"
"PAGE1","A_24_P314337"
"PAGE2","A_32_P70927"
"PAGE2B","A_33_P3420862"
"PAGE3","A_33_P3325165"
"PAGE4","A_24_P254506"
"PAGR1","A_33_P3357620"
"PAH","A_23_P2501"
"PAICS","A_24_P200427"
"PAIP1","A_23_P207811"
"PAIP2","A_23_P213754"
"PAIP2B","A_24_P860797"
"PAK1","A_33_P3784253"
"PAK2","A_33_P3220833"
"PAK3","A_23_P346813"
"PAK4","A_24_P313822"
"PAK5","A_24_P344666"
"PAK6","A_24_P159227"
"PAK6-AS1","A_32_P189211"
"PALB2","A_23_P129569"
"PALD1","A_23_P161481"
"PALLD","A_23_P213102"
"PALM","A_33_P3384287"
"PALM2AKAP2","A_23_P359043"
"PALM3","A_33_P3258061"
"PALMD","A_23_P23669"
"PALS1","A_33_P3248967"
"PAM","A_23_P213678"
"PAM16","A_23_P206830"
"PAMR1","A_23_P127911"
"PAN2","A_23_P64689"
"PAN3","A_23_P385938"
"PANK1","A_33_P3227788"
"PANK2","A_23_P79942"
"PANK3","A_33_P3211423"
"PANK4","A_23_P149690"
"PANX1","A_33_P3370404"
"PANX2","A_24_P160202"
"PANX3","A_23_P87072"
"PAOX","A_23_P385771"
"PAPLN","A_23_P333640"
"PAPOLA","A_23_P376239"
"PAPOLB","A_24_P945312"
"PAPOLG","A_23_P209694"
"PAPPA","A_33_P3599591"
"PAPPA2","A_23_P23873"
"PAPSS1","A_23_P144465"
"PAPSS2","A_24_P940166"
"PAQR3","A_23_P167276"
"PAQR4","A_23_P397341"
"PAQR5","A_33_P3368750"
"PAQR6","A_23_P97283"
"PAQR7","A_32_P538180"
"PAQR8","A_24_P334640"
"PAQR9","A_33_P3305288"
"PARD3","A_33_P3303372"
"PARD3B","A_24_P34534"
"PARD6A","A_23_P140821"
"PARD6B","A_32_P205637"
"PARD6G","A_24_P74070"
"PARG","A_33_P3314212"
"PARK7","A_33_P3231981"
"PARL","A_33_P3335451"
"PARM1","A_24_P191781"
"PARN","A_32_P133244"
"PARP1","A_33_P3290338"
"PARP10","A_33_P3398448"
"PARP11","A_23_P343837"
"PARP14","A_24_P161018"
"PARP15","A_33_P3316544"
"PARP16","A_23_P163278"
"PARP2","A_23_P163027"
"PARP3","A_24_P402779"
"PARP4","A_33_P3303259"
"PARP6","A_23_P163258"
"PARP9","A_23_P69383"
"PARPBP","A_23_P87769"
"PARS2","A_23_P51291"
"PART1","A_33_P3215744"
"PARVA","A_24_P124370"
"PARVB","A_23_P40718"
"PARVG","A_23_P250413"
"PASD1","A_23_P404059"
"PASK","A_24_P299911"
"PATE1","A_23_P347525"
"PATE2","A_33_P3420900"
"PATE3","A_33_P3420904"
"PATE4","A_33_P3359923"
"PATJ","A_33_P3422429"
"PATL1","A_23_P373079"
"PATL2","A_33_P3350094"
"PATZ1","A_24_P211558"
"PAWR","A_23_P53663"
"PAX1","A_33_P3381378"
"PAX2","A_33_P3343066"
"PAX3","A_24_P362595"
"PAX4","A_23_P414211"
"PAX5","A_23_P71624"
"PAX6","A_33_P3330149"
"PAX6-AS1","A_33_P3852239"
"PAX7","A_33_P3291579"
"PAX8","A_33_P3234809"
"PAX9","A_23_P426944"
"PAXBP1","A_23_P211056"
"PAXIP1","A_23_P59426"
"PAXX","A_23_P312646"
"PBDC1","A_23_P125837"
"PBK","A_32_P62997"
"PBLD","A_24_P312519"
"PBOV1","A_23_P332260"
"PBRM1","A_33_P3330453"
"PBX1","A_24_P173823"
"PBX2","A_23_P214658"
"PBX3","A_23_P71821"
"PBX4","A_23_P90419"
"PBXIP1","A_24_P79808"
"PC","A_33_P3244347"
"PCA3","A_33_P3252381"
"PCARE","A_33_P3232498"
"PCAT4","A_33_P3320643"
"PCBD1","A_23_P367405"
"PCBD2","A_33_P3661631"
"PCBP1","A_24_P103025"
"PCBP2","A_33_P3298492"
"PCBP3","A_33_P3224362"
"PCBP4","A_23_P166807"
"PCCA","A_23_P48358"
"PCCB","A_24_P302802"
"PCDH1","A_33_P3349637"
"PCDH10","A_23_P158851"
"PCDH11X","A_33_P3346448"
"PCDH11Y","A_33_P3346444"
"PCDH12","A_23_P423309"
"PCDH15","A_24_P111147"
"PCDH17","A_24_P911906"
"PCDH18","A_33_P3250348"
"PCDH19","A_24_P419039"
"PCDH20","A_23_P204885"
"PCDH7","A_33_P3349646"
"PCDH8","A_23_P36985"
"PCDH9","A_23_P420236"
"PCDHA1","A_33_P3403693"
"PCDHA10","A_33_P3281299"
"PCDHA11","A_24_P360206"
"PCDHA12","A_33_P3329274"
"PCDHA13","A_33_P3210934"
"PCDHA2","A_33_P3391846"
"PCDHA3","A_33_P3332521"
"PCDHA4","A_33_P3318002"
"PCDHA5","A_33_P3258546"
"PCDHA6","A_33_P3352867"
"PCDHA7","A_33_P3355608"
"PCDHA8","A_33_P3250695"
"PCDHA9","A_23_P323102"
"PCDHAC1","A_24_P191931"
"PCDHAC2","A_23_P218942"
"PCDHB10","A_23_P7397"
"PCDHB11","A_23_P167401"
"PCDHB12","A_24_P405960"
"PCDHB13","A_23_P144627"
"PCDHB14","A_23_P133236"
"PCDHB16","A_23_P30200"
"PCDHB17P","A_24_P271773"
"PCDHB18P","A_23_P390958"
"PCDHB19P","A_32_P932089"
"PCDHB2","A_24_P251962"
"PCDHB4","A_23_P81262"
"PCDHB5","A_23_P69863"
"PCDHB6","A_23_P58464"
"PCDHB7","A_33_P3355599"
"PCDHB8","A_23_P41599"
"PCDHB9","A_23_P18798"
"PCDHGA12","A_24_P34944"
"PCDHGA2","A_23_P422044"
"PCDHGA3","A_24_P334529"
"PCDHGA5","A_33_P3395651"
"PCDHGA7","A_23_P435444"
"PCDHGA8","A_23_P354734"
"PCDHGA9","A_23_P364414"
"PCDHGB1","A_23_P310972"
"PCDHGB2","A_23_P411772"
"PCDHGB3","A_23_P395418"
"PCDHGB4","A_23_P359588"
"PCDHGB6","A_23_P415470"
"PCDHGB7","A_33_P3410981"
"PCDHGB8P","A_24_P177531"
"PCDHGC3","A_23_P218937"
"PCDHGC4","A_23_P303101"
"PCDHGC5","A_32_P32856"
"PCED1A","A_23_P17471"
"PCED1B","A_23_P36888"
"PCF11","A_33_P3210139"
"PCGEM1","A_33_P3380361"
"PCGF1","A_23_P68059"
"PCGF2","A_23_P348323"
"PCGF3","A_33_P3404126"
"PCGF5","A_24_P880043"
"PCID2","A_33_P3348494"
"PCIF1","A_23_P210496"
"PCK1","A_23_P408249"
"PCK2","A_23_P128817"
"PCLO","A_24_P247902"
"PCM1","A_23_P82950"
"PCMT1","A_33_P3393573"
"PCMTD1","A_23_P357966"
"PCMTD2","A_23_P210829"
"PCNA","A_33_P3258612"
"PCNP","A_23_P155332"
"PCNT","A_23_P57347"
"PCNX1","A_33_P3249529"
"PCNX2","A_23_P200260"
"PCNX3","A_24_P924202"
"PCNX4","A_33_P3397795"
"PCOLCE","A_23_P251499"
"PCOLCE2","A_23_P57709"
"PCOTH","A_33_P3531204"
"PCP2","A_24_P399500"
"PCP4L1","A_32_P214665"
"PCSK1","A_24_P174793"
"PCSK1N","A_24_P14731"
"PCSK2","A_23_P79968"
"PCSK4","A_33_P3247988"
"PCSK5","A_23_P257003"
"PCSK6","A_23_P151907"
"PCSK7","A_32_P66974"
"PCSK9","A_32_P142440"
"PCTP","A_23_P4041"
"PCYOX1","A_32_P180958"
"PCYOX1L","A_23_P30275"
"PCYT1A","A_23_P252681"
"PCYT1B","A_24_P941353"
"PCYT2","A_33_P3394809"
"PDAP1","A_23_P123256"
"PDC","A_23_P23090"
"PDCD1","A_23_P136405"
"PDCD10","A_23_P18325"
"PDCD11","A_33_P3361182"
"PDCD1LG2","A_33_P3213707"
"PDCD2","A_23_P145146"
"PDCD2L","A_23_P27947"
"PDCD4","A_33_P3212092"
"PDCD5","A_33_P3381245"
"PDCD6","A_23_P218997"
"PDCD6IP","A_32_P22338"
"PDCD7","A_24_P159181"
"PDCL","A_23_P349882"
"PDCL2","A_33_P3236517"
"PDCL3","A_24_P80138"
"PDE10A","A_23_P356677"
"PDE11A","A_32_P116857"
"PDE12","A_33_P3288017"
"PDE1A","A_24_P208436"
"PDE1B","A_23_P139585"
"PDE1C","A_33_P3331856"
"PDE2A","A_23_P401106"
"PDE3A","A_23_P60837"
"PDE3B","A_33_P3240018"
"PDE4A","A_24_P322474"
"PDE4B","A_23_P74278"
"PDE4C","A_33_P3759611"
"PDE4D","A_33_P3389649"
"PDE4DIP","A_33_P3333982"
"PDE5A","A_33_P3378514"
"PDE6A","A_23_P81590"
"PDE6B","A_23_P10743"
"PDE6C","A_23_P98070"
"PDE6G","A_33_P3341105"
"PDE6H","A_23_P64913"
"PDE7A","A_33_P3301955"
"PDE7B","A_33_P3301940"
"PDE8A","A_33_P3244951"
"PDE8B","A_24_P197537"
"PDE9A","A_23_P29096"
"PDGFA","A_33_P3372666"
"PDGFB","A_24_P339944"
"PDGFC","A_23_P58396"
"PDGFD","A_24_P124349"
"PDGFRA","A_23_P300033"
"PDGFRB","A_23_P421401"
"PDGFRL","A_23_P60146"
"PDHA1","A_23_P251095"
"PDHA2","A_23_P81018"
"PDHB","A_33_P3364884"
"PDHX","A_23_P36266"
"PDIA2","A_23_P325642"
"PDIA3","A_24_P101201"
"PDIA4","A_23_P42802"
"PDIA5","A_23_P167040"
"PDIA6","A_24_P319715"
"PDIK1L","A_24_P405002"
"PDILT","A_24_P70906"
"PDK1","A_24_P37441"
"PDK2","A_23_P207517"
"PDK3","A_23_P250478"
"PDK4","A_24_P243749"
"PDLIM1","A_23_P149992"
"PDLIM2","A_33_P3311371"
"PDLIM3","A_23_P110403"
"PDLIM4","A_33_P3237729"
"PDLIM5","A_32_P14610"
"PDLIM7","A_33_P3384562"
"PDP1","A_33_P3369761"
"PDP2","A_33_P3251685"
"PDPK1","A_24_P222599"
"PDPN","A_24_P299685"
"PDPR","A_24_P350649"
"PDRG1","A_23_P166159"
"PDS5A","A_24_P52004"
"PDS5B","A_23_P205098"
"PDSS1","A_23_P161152"
"PDSS2","A_33_P3214456"
"PDX1","A_23_P65189"
"PDXDC1","A_23_P147845"
"PDXDC2P","A_23_P393401"
"PDXK","A_23_P68730"
"PDXP","A_24_P280029"
"PDYN","A_24_P279870"
"PDZD11","A_33_P3219260"
"PDZD2","A_23_P7402"
"PDZD4","A_24_P265088"
"PDZD7","A_23_P75088"
"PDZD8","A_23_P321452"
"PDZD9","A_23_P412508"
"PDZK1","A_23_P52121"
"PDZK1IP1","A_33_P3393801"
"PDZRN3","A_23_P21618"
"PDZRN4","A_33_P3212729"
"PEA15","A_24_P410952"
"PEAK1","A_24_P109652"
"PEAR1","A_24_P943301"
"PEBP1","A_23_P13604"
"PEBP4","A_33_P3627001"
"PECAM1","A_23_P252471"
"PECR","A_23_P91140"
"PEDS1","A_33_P3284939"
"PEF1","A_23_P313"
"PEG10","A_23_P82503"
"PEG3","A_23_P407583"
"PEG3-AS1","A_33_P3270004"
"PELI1","A_33_P3316928"
"PELI2","A_23_P65532"
"PELI3","A_23_P104692"
"PELO","A_23_P58763"
"PELP1","A_33_P3659808"
"PEMT","A_23_P163955"
"PENK","A_23_P417918"
"PEPD","A_23_P83436"
"PER1","A_23_P89589"
"PER2","A_23_P209320"
"PER3","A_24_P230948"
"PER3P1","A_33_P3271325"
"PERM1","A_23_P135742"
"PERP","A_23_P214950"
"PES1","A_23_P132260"
"PET100","A_23_P391689"
"PEX1","A_23_P20045"
"PEX10","A_23_P501745"
"PEX11A","A_23_P37560"
"PEX11B","A_24_P88554"
"PEX11G","A_23_P321466"
"PEX12","A_24_P416411"
"PEX13","A_23_P257131"
"PEX14","A_23_P160787"
"PEX16","A_33_P3225086"
"PEX19","A_24_P19752"
"PEX2","A_33_P3351027"
"PEX26","A_33_P3262452"
"PEX3","A_23_P259328"
"PEX39","A_33_P3408898"
"PEX5","A_24_P372932"
"PEX5L","A_23_P259003"
"PEX6","A_23_P42144"
"PEX7","A_23_P93543"
"PF4","A_24_P79403"
"PF4V1","A_24_P63347"
"PFAS","A_23_P402610"
"PFDN1","A_23_P70020"
"PFDN2","A_23_P51906"
"PFDN4","A_23_P166023"
"PFDN5","A_24_P181120"
"PFDN6","A_33_P3264444"
"PFKFB1","A_24_P203106"
"PFKFB2","A_33_P3300635"
"PFKFB3","A_24_P261259"
"PFKFB4","A_24_P362904"
"PFKL","A_23_P29079"
"PFKM","A_24_P98914"
"PFKP","A_23_P46928"
"PFN1","A_32_P234604"
"PFN1P2","A_33_P3367106"
"PFN2","A_23_P253301"
"PFN3","A_24_P49997"
"PFN4","A_23_P16798"
"PGA3","A_23_P150549"
"PGAM1","A_32_P45738"
"PGAM2","A_33_P3268313"
"PGAM4","A_33_P3268343"
"PGAM5","A_23_P319719"
"PGAP1","A_33_P3312735"
"PGAP2","A_23_P64560"
"PGAP3","A_24_P275828"
"PGAP4","A_23_P20743"
"PGAP6","A_23_P140907"
"PGBD1","A_23_P156632"
"PGBD2","A_33_P3286608"
"PGBD3","A_23_P319565"
"PGBD4","A_23_P420334"
"PGBD5","A_23_P126649"
"PGC","A_23_P7965"
"PGCKA1","A_23_P29975"
"PGD","A_23_P126623"
"PGF","A_33_P3276693"
"PGGHG","A_23_P98686"
"PGGT1B","A_24_P605190"
"PGK2","A_23_P331063"
"PGLS","A_33_P3357918"
"PGLYRP1","A_23_P208747"
"PGLYRP2","A_33_P3259917"
"PGLYRP3","A_23_P96899"
"PGLYRP4","A_24_P231302"
"PGM1","A_23_P52031"
"PGM2","A_23_P7172"
"PGM2L1","A_33_P3363260"
"PGM3","A_23_P19592"
"PGM5","A_24_P254949"
"PGM5P2","A_33_P3404097"
"PGP","A_24_P942805"
"PGPEP1","A_23_P327370"
"PGPEP1L","A_32_P3534"
"PGR","A_32_P49199"
"PGRMC1","A_33_P3332130"
"PGRMC2","A_23_P155868"
"PGS1","A_23_P77833"
"PHACTR1","A_32_P52018"
"PHACTR2","A_33_P3321050"
"PHACTR3","A_23_P28834"
"PHACTR4","A_24_P119577"
"PHAF1","A_23_P206382"
"PHAX","A_23_P213908"
"PHB1","A_23_P130040"
"PHB2","A_33_P3368328"
"PHC1","A_33_P3242014"
"PHC2","A_23_P423864"
"PHC3","A_33_P3400324"
"PHETA1","A_24_P143076"
"PHETA2","A_32_P218228"
"PHF1","A_23_P156732"
"PHF10","A_23_P503200"
"PHF11","A_23_P65174"
"PHF12","A_33_P3252884"
"PHF13","A_32_P58425"
"PHF14","A_24_P21056"
"PHF19","A_23_P401904"
"PHF2","A_23_P502371"
"PHF20","A_24_P297098"
"PHF20L1","A_33_P3546070"
"PHF21A","A_33_P3346473"
"PHF21B","A_33_P3280666"
"PHF23","A_23_P38482"
"PHF2P1","A_33_P3296697"
"PHF3","A_23_P70371"
"PHF5A","A_23_P253571"
"PHF6","A_23_P171385"
"PHF7","A_23_P80684"
"PHF8","A_24_P130865"
"PHGDH","A_23_P85783"
"PHGR1","A_33_P3323501"
"PHIP","A_23_P145437"
"PHKA1","A_24_P238543"
"PHKA2","A_23_P159671"
"PHKB","A_23_P206532"
"PHKG1","A_33_P3416479"
"PHKG2","A_24_P296457"
"PHLDA1","A_24_P915692"
"PHLDA2","A_23_P47614"
"PHLDA3","A_33_P3252834"
"PHLDB1","A_33_P3387796"
"PHLDB2","A_24_P178065"
"PHLDB3","A_32_P184488"
"PHLPP1","A_23_P89762"
"PHLPP2","A_23_P418234"
"PHOSPHO1","A_33_P3332135"
"PHOSPHO2","A_23_P165788"
"PHOSPHO2-KLHL23","A_24_P923102"
"PHOX2A","A_33_P3353295"
"PHOX2B","A_23_P213228"
"PHPT1","A_23_P83192"
"PHRF1","A_32_P8251"
"PHTF1","A_33_P3376234"
"PHTF2","A_24_P175176"
"PHYHD1","A_23_P307844"
"PHYHIP","A_23_P433229"
"PHYHIPL","A_33_P3240492"
"PHYKPL","A_23_P41888"
"PI15","A_33_P3254096"
"PI16","A_33_P3215640"
"PI3","A_23_P210465"
"PI4K2A","A_24_P244162"
"PI4K2B","A_23_P18598"
"PI4KA","A_24_P142983"
"PI4KAP2","A_32_P507710"
"PI4KB","A_33_P3386726"
"PIANP","A_24_P248185"
"PIAS1","A_23_P163353"
"PIAS2","A_33_P3349269"
"PIAS3","A_23_P149678"
"PIAS4","A_33_P3211174"
"PIBF1","A_33_P3242493"
"PICALM","A_33_P3382157"
"PICK1","A_33_P3398697"
"PICSAR","A_32_P155460"
"PID1","A_23_P21485"
"PIDD1","A_33_P3309319"
"PIERCE1","A_23_P422115"
"PIEZO1","A_23_P140738"
"PIEZO2","A_23_P130376"
"PIF1","A_23_P416468"
"PIGA","A_24_P288754"
"PIGB","A_23_P77174"
"PIGC","A_23_P86252"
"PIGF","A_23_P131653"
"PIGG","A_23_P136547"
"PIGH","A_23_P2884"
"PIGK","A_23_P34307"
"PIGL","A_24_P253755"
"PIGM","A_33_P3386965"
"PIGN","A_24_P193943"
"PIGO","A_23_P60240"
"PIGP","A_23_P143484"
"PIGQ","A_23_P502609"
"PIGR","A_24_P844984"
"PIGS","A_33_P3354683"
"PIGT","A_23_P79842"
"PIGU","A_33_P3769406"
"PIGV","A_23_P46378"
"PIGW","A_23_P379794"
"PIGX","A_33_P3242388"
"PIGY","A_24_P140391"
"PIGZ","A_23_P143935"
"PIH1D1","A_33_P3255409"
"PIH1D2","A_33_P3278058"
"PIK3AP1","A_33_P3879161"
"PIK3C2A","A_33_P3231878"
"PIK3C2B","A_23_P200710"
"PIK3C2G","A_23_P76322"
"PIK3C3","A_23_P164536"
"PIK3CA","A_23_P92057"
"PIK3CB","A_23_P346969"
"PIK3CD","A_24_P71244"
"PIK3CD-AS1","A_33_P3789056"
"PIK3CG","A_33_P3304170"
"PIK3IP1","A_23_P109488"
"PIK3R1","A_24_P29401"
"PIK3R2","A_33_P3367855"
"PIK3R3","A_33_P3593774"
"PIK3R4","A_23_P132526"
"PIK3R5","A_23_P66543"
"PIK3R6","A_24_P366509"
"PIKFYVE","A_24_P943957"
"PILRA","A_23_P31224"
"PILRB","A_24_P403244"
"PIM1","A_23_P345118"
"PIM2","A_24_P379104"
"PIM3","A_23_P61398"
"PIMREG","A_23_P49878"
"PIN1","A_33_P3210168"
"PIN1P1","A_23_P266"
"PIN4","A_33_P3235987"
"PINK1","A_23_P23194"
"PINX1","A_23_P82823"
"PIP","A_23_P8702"
"PIP4K2A","A_24_P673786"
"PIP4K2B","A_24_P245246"
"PIP4K2C","A_23_P162199"
"PIP4P1","A_23_P48610"
"PIP4P2","A_23_P422083"
"PIP5K1A","A_23_P23564"
"PIP5K1B","A_32_P465742"
"PIP5K1C","A_23_P330262"
"PIP5K1P1","A_33_P3884610"
"PIP5KL1","A_33_P3235262"
"PIPOX","A_23_P164258"
"PIR","A_23_P137035"
"PIRT","A_33_P3246663"
"PISD","A_23_P143662"
"PITHD1","A_23_P200073"
"PITPNA","A_24_P942354"
"PITPNB","A_24_P305678"
"PITPNC1","A_23_P84189"
"PITPNM1","A_23_P1519"
"PITPNM2","A_23_P401361"
"PITPNM3","A_33_P3342563"
"PITRM1","A_23_P52402"
"PITX1","A_33_P3240328"
"PITX2","A_23_P167367"
"PITX3","A_33_P3240318"
"PIWIL2","A_23_P253074"
"PIWIL3","A_24_P221858"
"PIWIL4","A_23_P427760"
"PJA1","A_33_P3217347"
"PJA2","A_23_P133470"
"PJVK","A_24_P630490"
"PKD1","A_33_P3812815"
"PKD1L1","A_23_P318432"
"PKD1L1-AS1","A_23_P168368"
"PKD1L2","A_24_P246518"
"PKD1L3","A_33_P3332671"
"PKD2","A_24_P106112"
"PKD2L1","A_33_P3289034"
"PKD2L2","A_33_P3247325"
"PKDCC","A_32_P112493"
"PKHD1","A_23_P424617"
"PKHD1L1","A_33_P3254136"
"PKIA","A_23_P31765"
"PKIB","A_23_P145529"
"PKIG","A_33_P3310293"
"PKLR","A_23_P201022"
"PKM","A_23_P399501"
"PKMYT1","A_33_P3397443"
"PKN1","A_23_P67271"
"PKN2","A_33_P3242833"
"PKN3","A_33_P3220202"
"PKNOX1","A_24_P196534"
"PKNOX2","A_23_P75529"
"PKP1","A_23_P23296"
"PKP2","A_33_P3405728"
"PKP3","A_33_P3317628"
"PKP4","A_33_P3288110"
"PLA1A","A_24_P294408"
"PLA2G10","A_23_P88767"
"PLA2G12A","A_23_P30020"
"PLA2G12B","A_23_P388150"
"PLA2G15","A_33_P3224745"
"PLA2G1B","A_24_P224116"
"PLA2G2A","A_23_P321949"
"PLA2G2C","A_33_P3344156"
"PLA2G2D","A_23_P300100"
"PLA2G2E","A_33_P3350423"
"PLA2G2F","A_24_P208081"
"PLA2G3","A_23_P17821"
"PLA2G4A","A_23_P11685"
"PLA2G4C","A_23_P50508"
"PLA2G4D","A_33_P3361611"
"PLA2G4E","A_33_P3275600"
"PLA2G4F","A_24_P147169"
"PLA2G5","A_23_P103465"
"PLA2G6","A_23_P6464"
"PLA2G7","A_23_P145096"
"PLA2R1","A_23_P142830"
"PLAA","A_23_P135157"
"PLAAT1","A_23_P57658"
"PLAAT4","A_23_P1962"
"PLAAT5","A_23_P416314"
"PLAC1","A_23_P148609"
"PLAC4","A_33_P3282162"
"PLAC8","A_24_P183128"
"PLAC8L1","A_33_P3385436"
"PLAC9","A_33_P3252781"
"PLAG1","A_23_P411723"
"PLAGL1","A_24_P312041"
"PLAGL2","A_23_P6151"
"PLAU","A_33_P3306146"
"PLAUR","A_23_P16469"
"PLB1","A_23_P56356"
"PLBD1","A_23_P87709"
"PLBD2","A_23_P10911"
"PLCB1","A_23_P6099"
"PLCB2","A_33_P3260614"
"PLCB3","A_33_P3260623"
"PLCB4","A_33_P3353502"
"PLCD1","A_23_P80739"
"PLCD3","A_23_P351757"
"PLCD4","A_23_P385105"
"PLCE1","A_23_P35617"
"PLCH1","A_23_P339240"
"PLCH2","A_24_P21887"
"PLCL1","A_33_P3289865"
"PLCL2","A_23_P80594"
"PLCXD1","A_23_P61180"
"PLCXD2","A_33_P3214339"
"PLCXD3","A_32_P119033"
"PLCZ1","A_33_P3262301"
"PLD1","A_33_P3320062"
"PLD2","A_33_P3286724"
"PLD3","A_23_P27515"
"PLD4","A_23_P88222"
"PLD5","A_23_P510"
"PLD6","A_23_P360626"
"PLEC","A_23_P22119"
"PLEK","A_23_P209678"
"PLEK2","A_23_P151506"
"PLEKHA1","A_24_P269814"
"PLEKHA2","A_33_P3339860"
"PLEKHA4","A_24_P408047"
"PLEKHA5","A_23_P218068"
"PLEKHA6","A_23_P431268"
"PLEKHA7","A_24_P348806"
"PLEKHA8","A_23_P318296"
"PLEKHB1","A_33_P3308332"
"PLEKHB2","A_24_P873414"
"PLEKHD1","A_33_P3353767"
"PLEKHF1","A_23_P79134"
"PLEKHF2","A_23_P20275"
"PLEKHG1","A_24_P6517"
"PLEKHG2","A_23_P323563"
"PLEKHG3","A_23_P76901"
"PLEKHG4","A_33_P3302957"
"PLEKHG4B","A_33_P3746549"
"PLEKHG5","A_33_P3272539"
"PLEKHG6","A_24_P301063"
"PLEKHG7","A_33_P3306679"
"PLEKHH1","A_24_P134850"
"PLEKHH2","A_33_P3315719"
"PLEKHH3","A_33_P3254946"
"PLEKHJ1","A_24_P202717"
"PLEKHM1","A_23_P152727"
"PLEKHM2","A_23_P351342"
"PLEKHM3","A_32_P89310"
"PLEKHN1","A_23_P23616"
"PLEKHO1","A_33_P3330039"
"PLEKHO2","A_23_P129246"
"PLEKHS1","A_24_P286951"
"PLET1","A_33_P3407643"
"PLG","A_23_P30693"
"PLGLB1","A_32_P220750"
"PLGRKT","A_23_P255869"
"PLIN1","A_23_P26154"
"PLIN2","A_23_P134953"
"PLIN4","A_33_P3400763"
"PLIN5","A_23_P39251"
"PLK1","A_23_P118174"
"PLK2","A_23_P30254"
"PLK3","A_23_P51646"
"PLK4","A_23_P155969"
"PLK5","A_32_P50223"
"PLLP","A_23_P43763"
"PLN","A_24_P414803"
"PLOD1","A_23_P137532"
"PLOD2","A_33_P3318581"
"PLOD3","A_23_P168788"
"PLP1","A_33_P3334630"
"PLP2","A_24_P74932"
"PLPBP","A_23_P45166"
"PLPP1","A_23_P70060"
"PLPP2","A_23_P108294"
"PLPP3","A_23_P201808"
"PLPP4","A_24_P810290"
"PLPP5","A_33_P3359219"
"PLPP6","A_24_P40907"
"PLPP7","A_23_P157736"
"PLPPR1","A_23_P259707"
"PLPPR2","A_23_P153461"
"PLPPR3","A_23_P67569"
"PLPPR4","A_32_P148538"
"PLPPR5","A_33_P3303319"
"PLRG1","A_23_P84775"
"PLS1","A_23_P211909"
"PLS3","A_23_P250607"
"PLSCR1","A_23_P69109"
"PLSCR2","A_33_P3297606"
"PLSCR3","A_33_P3395074"
"PLSCR4","A_23_P91910"
"PLSCR5","A_33_P3321317"
"PLTP","A_23_P5983"
"PLVAP","A_23_P56328"
"PLXDC1","A_23_P3911"
"PLXDC2","A_23_P161424"
"PLXNA1","A_23_P57667"
"PLXNA2","A_23_P307544"
"PLXNA3","A_33_P3413048"
"PLXNA4","A_24_P772488"
"PLXNB1","A_23_P57961"
"PLXNB2","A_24_P70888"
"PLXNB3","A_33_P3413038"
"PLXNC1","A_23_P414958"
"PLXND1","A_24_P376391"
"PM20D1","A_33_P3490572"
"PM20D2","A_32_P86118"
"PMAIP1","A_33_P3619171"
"PMCH","A_23_P321223"
"PMCHL1","A_23_P170378"
"PMEL","A_23_P312851"
"PMEPA1","A_24_P413126"
"PMF1","A_23_P635"
"PMF1-BGLAP","A_33_P3323481"
"PML","A_23_P358944"
"PMM1","A_23_P211598"
"PMM2","A_23_P432360"
"PMP2","A_32_P108870"
"PMP22","A_33_P3274930"
"PMPCA","A_23_P32125"
"PMPCB","A_33_P3294162"
"PMS1","A_33_P3250463"
"PMS2","A_24_P195476"
"PMS2P1","A_32_P57728"
"PMS2P4","A_32_P117422"
"PMS2P5","A_32_P351936"
"PMVK","A_23_P114774"
"PNCK","A_23_P62377"
"PNKD","A_23_P90732"
"PNKP","A_33_P3402918"
"PNLDC1","A_23_P323243"
"PNLIP","A_23_P46879"
"PNLIPRP1","A_23_P35484"
"PNLIPRP2","A_23_P24083"
"PNLIPRP3","A_33_P3368193"
"PNMA1","A_23_P99771"
"PNMA2","A_24_P389415"
"PNMA3","A_23_P377094"
"PNMA5","A_23_P352950"
"PNMA6A","A_33_P3233436"
"PNMA8A","A_24_P296808"
"PNMA8B","A_33_P3377851"
"PNMT","A_23_P100642"
"PNN","A_33_P3218694"
"PNO1","A_24_P336853"
"PNOC","A_23_P253321"
"PNP","A_23_P140256"
"PNPLA1","A_32_P526255"
"PNPLA2","A_33_P3219870"
"PNPLA3","A_23_P17914"
"PNPLA4","A_24_P943815"
"PNPLA5","A_33_P3559060"
"PNPLA6","A_23_P16166"
"PNPLA7","A_33_P3666884"
"PNPLA8","A_23_P312718"
"PNPO","A_33_P3243175"
"PNPT1","A_23_P154488"
"PNRC1","A_23_P145074"
"PNRC2","A_23_P103201"
"POC1A","A_23_P212284"
"POC5","A_33_P3261182"
"PODN","A_23_P368154"
"PODNL1","A_23_P433798"
"PODXL","A_23_P215060"
"PODXL2","A_33_P3296366"
"POF1B","A_24_P151692"
"POFUT1","A_33_P3384845"
"POFUT2","A_23_P211227"
"POFUT3","A_33_P3288294"
"POFUT4","A_23_P413788"
"POGK","A_23_P137715"
"POGLUT1","A_32_P26376"
"POGLUT2","A_23_P128613"
"POGLUT3","A_33_P3214849"
"POGZ","A_23_P63219"
"POLA1","A_32_P1701"
"POLA2","A_23_P161615"
"POLB","A_32_P34552"
"POLD1","A_23_P50455"
"POLD2","A_23_P71146"
"POLD3","A_32_P182439"
"POLD4","A_23_P127367"
"POLDIP2","A_24_P142442"
"POLDIP3","A_23_P502269"
"POLE","A_33_P3695548"
"POLE2","A_23_P163099"
"POLE3","A_23_P135326"
"POLE4","A_33_P3229177"
"POLG","A_23_P3355"
"POLG2","A_23_P26905"
"POLH","A_32_P96692"
"POLI","A_23_P306890"
"POLK","A_23_P386450"
"POLL","A_33_P3326423"
"POLM","A_33_P3842886"
"POLN","A_32_P414791"
"POLQ","A_23_P218827"
"POLR1A","A_33_P3610123"
"POLR1B","A_23_P209987"
"POLR1C","A_33_P3339103"
"POLR1D","A_23_P36928"
"POLR1E","A_23_P9458"
"POLR1F","A_23_P386561"
"POLR1G","A_23_P208310"
"POLR1H","A_24_P46577"
"POLR1HASP","A_33_P3219840"
"POLR2A","A_33_P3218138"
"POLR2B","A_23_P144311"
"POLR2C","A_23_P3527"
"POLR2D","A_23_P209778"
"POLR2E","A_33_P3299829"
"POLR2F","A_23_P80321"
"POLR2G","A_33_P3396522"
"POLR2H","A_23_P29803"
"POLR2I","A_23_P56256"
"POLR2J","A_24_P292020"
"POLR2J2","A_23_P215669"
"POLR2J4","A_24_P332341"
"POLR2K","A_23_P157449"
"POLR2L","A_23_P33022"
"POLR2M","A_33_P3358712"
"POLR3A","A_33_P3322724"
"POLR3B","A_24_P321626"
"POLR3C","A_33_P3273444"
"POLR3D","A_23_P84565"
"POLR3E","A_33_P3286041"
"POLR3F","A_23_P166122"
"POLR3G","A_23_P41942"
"POLR3GL","A_23_P23855"
"POLR3H","A_24_P322847"
"POLR3K","A_24_P382001"
"POLRMT","A_23_P131096"
"POM121","A_24_P349002"
"POM121L10P","A_33_P3362753"
"POM121L12","A_33_P3220422"
"POM121L1P","A_33_P3346048"
"POM121L2","A_33_P3308476"
"POM121L4P","A_33_P3239134"
"POM121L8P","A_33_P3241378"
"POM121L9P","A_23_P91636"
"POMC","A_33_P3345036"
"POMGNT1","A_33_P3284197"
"POMGNT2","A_24_P217330"
"POMK","A_23_P83835"
"POMP","A_33_P3240263"
"POMT1","A_23_P146354"
"POMT2","A_24_P111134"
"POMZP3","A_23_P168576"
"PON1","A_33_P3340615"
"PON2","A_23_P31399"
"PON3","A_23_P215549"
"POP1","A_23_P341275"
"POP4","A_23_P90533"
"POP5","A_33_P3218584"
"POP7","A_23_P134274"
"POPDC1","A_32_P181638"
"POPDC1-AS1","A_24_P701030"
"POPDC2","A_23_P167017"
"POPDC3","A_23_P358597"
"POR","A_33_P3410895"
"PORCN","A_33_P3237784"
"POSTN","A_33_P3511265"
"POT1","A_33_P3882624"
"POTEA","A_33_P3252661"
"POTEB","A_32_P16007"
"POTED","A_23_P420348"
"POTEE","A_24_P410017"
"POTEF","A_24_P59220"
"POTEKP","A_32_P155776"
"POTEM","A_24_P238744"
"POU1F1","A_23_P155539"
"POU2AF1","A_23_P312920"
"POU2AF2","A_33_P3237260"
"POU2F1","A_23_P424002"
"POU2F2","A_33_P3835524"
"POU2F3","A_23_P139028"
"POU3F1","A_33_P3351052"
"POU3F2","A_33_P3290729"
"POU3F3","A_33_P3231908"
"POU3F4","A_23_P114210"
"POU4F1","A_23_P205164"
"POU4F2","A_23_P302038"
"POU4F3","A_23_P121976"
"POU5F1","A_23_P59138"
"POU5F2","A_23_P358564"
"POU6F1","A_23_P329375"
"POU6F2","A_23_P147900"
"PP12613","A_24_P238118"
"PP2D1","A_33_P3489629"
"PPA1","A_33_P3271241"
"PPA2","A_33_P3886707"
"PPAN","A_23_P16096"
"PPAN-P2RY11","A_33_P3239759"
"PPARA","A_24_P570049"
"PPARD","A_24_P252130"
"PPARG","A_33_P3350726"
"PPARGC1A","A_23_P18447"
"PPARGC1B","A_23_P213959"
"PPAT","A_24_P123347"
"PPBPP2","A_24_P320163"
"PPCDC","A_24_P327011"
"PPCS","A_24_P19810"
"PPDPF","A_23_P120364"
"PPDPFL","A_32_P80741"
"PPEF1","A_23_P125505"
"PPEF2","A_33_P3392867"
"PPFIA1","A_23_P302116"
"PPFIA2","A_23_P402936"
"PPFIA3","A_23_P320553"
"PPFIA4","A_23_P420692"
"PPFIBP1","A_24_P811704"
"PPFIBP2","A_23_P409623"
"PPHLN1","A_33_P3368610"
"PPIA","A_24_P95038"
"PPIAL4A","A_24_P203226"
"PPIAL4G","A_33_P3334292"
"PPIB","A_24_P304723"
"PPIC","A_23_P422724"
"PPID","A_23_P386411"
"PPIE","A_23_P74526"
"PPIEL","A_33_P3357163"
"PPIF","A_23_P202104"
"PPIG","A_23_P154411"
"PPIH","A_33_P3298413"
"PPIL1","A_23_P133995"
"PPIL2","A_23_P432512"
"PPIL3","A_33_P3253682"
"PPIL4","A_23_P42507"
"PPIL6","A_33_P3211634"
"PPIP5K1","A_23_P205818"
"PPIP5K2","A_23_P213661"
"PPL","A_23_P106906"
"PPM1A","A_24_P407323"
"PPM1B","A_33_P3407742"
"PPM1D","A_33_P3302696"
"PPM1E","A_32_P73796"
"PPM1F","A_33_P3407780"
"PPM1G","A_23_P209477"
"PPM1H","A_23_P391443"
"PPM1J","A_23_P201939"
"PPM1K","A_24_P214598"
"PPM1L","A_23_P147563"
"PPM1M","A_23_P258393"
"PPM1N","A_23_P141893"
"PPME1","A_24_P4705"
"PPOX","A_23_P201400"
"PPP1CA","A_23_P323227"
"PPP1CB","A_24_P396720"
"PPP1CC","A_24_P386771"
"PPP1R10","A_23_P156667"
"PPP1R11","A_33_P3474328"
"PPP1R12A","A_24_P56252"
"PPP1R12B","A_23_P201790"
"PPP1R12C","A_33_P3521643"
"PPP1R13B","A_33_P3365134"
"PPP1R13L","A_23_P119095"
"PPP1R14A","A_33_P3335682"
"PPP1R14B","A_33_P3270384"
"PPP1R14C","A_23_P45011"
"PPP1R14D","A_23_P129312"
"PPP1R15A","A_23_P90172"
"PPP1R15B","A_33_P3386716"
"PPP1R16A","A_23_P157715"
"PPP1R16B","A_23_P352535"
"PPP1R17","A_23_P145724"
"PPP1R18","A_23_P331479"
"PPP1R1A","A_24_P13285"
"PPP1R1B","A_23_P129835"
"PPP1R1C","A_32_P66364"
"PPP1R2","A_24_P174367"
"PPP1R21","A_24_P68819"
"PPP1R26","A_23_P146497"
"PPP1R27","A_33_P3252048"
"PPP1R2B","A_33_P3231771"
"PPP1R2C","A_23_P34007"
"PPP1R35","A_23_P82299"
"PPP1R36","A_23_P309973"
"PPP1R37","A_33_P3344673"
"PPP1R3A","A_33_P3318092"
"PPP1R3B","A_24_P201064"
"PPP1R3C","A_23_P35414"
"PPP1R3D","A_33_P3423859"
"PPP1R3E","A_23_P428640"
"PPP1R3F","A_24_P177604"
"PPP1R3G","A_33_P3353996"
"PPP1R42","A_33_P3329482"
"PPP1R7","A_23_P154199"
"PPP1R8","A_24_P139773"
"PPP1R9A","A_32_P38623"
"PPP1R9B","A_24_P376309"
"PPP2CB","A_23_P308097"
"PPP2R1A","A_23_P107661"
"PPP2R1B","A_24_P107291"
"PPP2R2B","A_23_P213620"
"PPP2R2C","A_24_P3415"
"PPP2R2D","A_23_P135778"
"PPP2R3A","A_24_P388433"
"PPP2R3B","A_23_P45517"
"PPP2R3C","A_23_P88201"
"PPP2R5A","A_24_P251221"
"PPP2R5B","A_23_P35796"
"PPP2R5C","A_24_P369694"
"PPP2R5D","A_24_P294931"
"PPP2R5E","A_23_P3042"
"PPP3CA","A_24_P414371"
"PPP3CB","A_24_P98524"
"PPP3CC","A_23_P157495"
"PPP3R1","A_24_P388252"
"PPP3R2","A_24_P149689"
"PPP4C","A_23_P100355"
"PPP4R1","A_24_P271014"
"PPP4R1L","A_33_P3280597"
"PPP4R2","A_32_P228775"
"PPP4R3A","A_23_P218158"
"PPP4R3B","A_24_P194931"
"PPP4R3C","A_33_P3391905"
"PPP4R4","A_23_P425332"
"PPP5C","A_23_P153583"
"PPP6C","A_23_P355385"
"PPP6R1","A_23_P119448"
"PPP6R2","A_33_P3396473"
"PPP6R3","A_33_P3445805"
"PPRC1","A_23_P127079"
"PPT1","A_23_P62659"
"PPT2","A_23_P42116"
"PPTC7","A_23_P306933"
"PPY","A_23_P207336"
"PPY2P","A_23_P164253"
"PQBP1","A_33_P3325935"
"PRAC1","A_23_P15619"
"PRAC2","A_33_P3308456"
"PRADC1","A_23_P131596"
"PRAF2","A_23_P96350"
"PRAG1","A_23_P250212"
"PRAM1","A_33_P3330608"
"PRAME","A_33_P3249349"
"PRAMEF1","A_33_P3383566"
"PRAMEF10","A_24_P401615"
"PRAMEF11","A_33_P3303594"
"PRAMEF12","A_33_P3418710"
"PRAMEF13","A_33_P3380032"
"PRAMEF15","A_33_P3394554"
"PRAMEF19","A_33_P3232778"
"PRAMEF2","A_23_P97465"
"PRAMEF20","A_33_P3233814"
"PRAMEF22","A_33_P3313755"
"PRAMEF4","A_33_P3319896"
"PRAMEF5","A_33_P3309911"
"PRAMEF6","A_33_P3394559"
"PRAMEF7","A_33_P3213863"
"PRAMEF8","A_23_P126658"
"PRAP1","A_33_P3260969"
"PRB1","A_33_P3258593"
"PRB2","A_23_P139434"
"PRB3","A_23_P116890"
"PRB4","A_33_P3216150"
"PRC1","A_23_P206059"
"PRCC","A_23_P23411"
"PRCD","A_24_P517252"
"PRCP","A_23_P127964"
"PRDM1","A_33_P3342081"
"PRDM10","A_32_P228699"
"PRDM10-DT","A_24_P359030"
"PRDM11","A_24_P9833"
"PRDM12","A_23_P43317"
"PRDM13","A_33_P3214803"
"PRDM15","A_33_P3213892"
"PRDM16","A_32_P225816"
"PRDM2","A_23_P301896"
"PRDM5","A_23_P362759"
"PRDM6","A_32_P222684"
"PRDM8","A_33_P3342126"
"PRDM9","A_24_P217628"
"PRDX1","A_33_P3377199"
"PRDX2","A_24_P168416"
"PRDX3","A_23_P63751"
"PRDX4","A_33_P3272568"
"PRDX5","A_23_P12989"
"PRDX6","A_23_P983"
"PREB","A_23_P91114"
"PRECSIT","A_23_P368909"
"PRELID1","A_33_P3378360"
"PRELID2","A_24_P346101"
"PRELID3A","A_23_P38677"
"PRELID3B","A_24_P288424"
"PRELP","A_33_P3234882"
"PREP","A_23_P133755"
"PREPL","A_24_P943193"
"PREX1","A_23_P413641"
"PREX2","A_33_P3394995"
"PRF1","A_23_P1473"
"PRG1","A_33_P3319900"
"PRG2","A_23_P218002"
"PRG3","A_23_P47466"
"PRG4","A_33_P3369178"
"PRH2","A_33_P3226377"
"PRICKLE1","A_23_P408285"
"PRICKLE2","A_24_P152188"
"PRICKLE3","A_33_P3377564"
"PRICKLE4","A_24_P106502"
"PRIM1","A_23_P25019"
"PRIM2","A_23_P44139"
"PRIMA1","A_23_P502808"
"PRIMPOL","A_23_P358470"
"PRINS","A_32_P10133"
"PRKAA1","A_33_P3312212"
"PRKAA2","A_32_P94160"
"PRKAB1","A_23_P204503"
"PRKAB2","A_24_P105564"
"PRKACA","A_24_P399630"
"PRKACB","A_33_P3772996"
"PRKACG","A_23_P71926"
"PRKAG1","A_23_P36513"
"PRKAG2","A_23_P314760"
"PRKAG3","A_33_P3244843"
"PRKAR1A","A_24_P245322"
"PRKAR1B","A_33_P3360675"
"PRKAR2A","A_23_P22214"
"PRKAR2B","A_33_P3304983"
"PRKCA","A_24_P916496"
"PRKCB","A_33_P3294533"
"PRKCE","A_23_P250564"
"PRKCG","A_23_P16189"
"PRKCH","A_23_P205567"
"PRKCI","A_33_P3294578"
"PRKCQ","A_23_P1374"
"PRKCSH","A_24_P396197"
"PRKCZ","A_23_P51187"
"PRKD2","A_23_P78802"
"PRKD3","A_24_P165656"
"PRKDC","A_23_P9603"
"PRKG1","A_24_P250765"
"PRKG2","A_33_P3342598"
"PRKN","A_23_P147465"
"PRKRA","A_23_P91019"
"PRKRIP1","A_33_P3235925"
"PRKX","A_23_P217339"
"PRKXP1","A_33_P3618429"
"PRKY","A_23_P137248"
"PRL","A_32_P65616"
"PRLH","A_23_P143006"
"PRLHR","A_33_P3370364"
"PRLR","A_23_P167468"
"PRM2","A_33_P3358893"
"PRM3","A_33_P3363732"
"PRMT1","A_23_P39088"
"PRMT2","A_24_P151498"
"PRMT3","A_23_P9894"
"PRMT5","A_23_P76851"
"PRMT7","A_23_P77430"
"PRMT8","A_23_P139740"
"PRMT9","A_23_P41541"
"PRND","A_24_P927041"
"PRNT","A_24_P348828"
"PROC","A_33_P3379922"
"PROCA1","A_23_P427148"
"PROCR","A_23_P80040"
"PRODH","A_33_P3338341"
"PRODH2","A_23_P165201"
"PROK1","A_23_P51745"
"PROK2","A_24_P97342"
"PROKR1","A_33_P3236724"
"PROKR2","A_23_P412603"
"PROM1","A_33_P3389842"
"PROM2","A_33_P3389827"
"PROP1","A_33_P3394465"
"PRORP","A_23_P14340"
"PRORSD1P","A_24_P118011"
"PROS1","A_23_P73114"
"PROSER1","A_32_P70135"
"PROSER2","A_33_P3312182"
"PROSER3","A_24_P57170"
"PROX1","A_24_P88266"
"PROX2","A_33_P3311974"
"PROZ","A_23_P140074"
"PRP4K","A_24_P941787"
"PRPF18","A_23_P127195"
"PRPF19","A_33_P3363012"
"PRPF3","A_23_P97573"
"PRPF31","A_33_P3369039"
"PRPF38A","A_24_P97001"
"PRPF38B","A_33_P3329834"
"PRPF39","A_23_P163113"
"PRPF4","A_23_P60537"
"PRPF40A","A_23_P16762"
"PRPF40B","A_23_P411922"
"PRPF6","A_23_P154539"
"PRPF8","A_23_P38219"
"PRPH","A_23_P13713"
"PRPH2","A_23_P214459"
"PRPS1","A_23_P95764"
"PRPS1L1","A_32_P192823"
"PRPS2","A_23_P96641"
"PRPSAP1","A_23_P15305"
"PRPSAP2","A_23_P49646"
"PRR11","A_33_P3403075"
"PRR12","A_23_P55948"
"PRR13","A_23_P139575"
"PRR14","A_23_P49412"
"PRR14L","A_33_P3380597"
"PRR15","A_23_P431346"
"PRR16","A_24_P20746"
"PRR18","A_33_P3403102"
"PRR19","A_33_P3403107"
"PRR20B","A_33_P3365087"
"PRR21","A_24_P178300"
"PRR22","A_23_P372988"
"PRR23A","A_33_P3334708"
"PRR23B","A_33_P3226557"
"PRR23C","A_33_P3289917"
"PRR25","A_33_P3222769"
"PRR27","A_33_P3391039"
"PRR29","A_33_P3315243"
"PRR3","A_33_P3362616"
"PRR30","A_23_P351328"
"PRR32","A_33_P3312642"
"PRR34","A_23_P10458"
"PRR35","A_33_P3420633"
"PRR4","A_23_P76291"
"PRR5","A_23_P80382"
"PRR5-ARHGAP8","A_33_P3265855"
"PRR7","A_23_P30464"
"PRR9","A_33_P3210146"
"PRRC1","A_23_P92948"
"PRRC2A","A_24_P641130"
"PRRC2B","A_24_P350644"
"PRRC2C","A_23_P412409"
"PRRG1","A_24_P31929"
"PRRG2","A_23_P67355"
"PRRG3","A_23_P387537"
"PRRG4","A_23_P127663"
"PRRT1","A_32_P192474"
"PRRT2","A_23_P66017"
"PRRT3","A_23_P80626"
"PRRT4","A_33_P3407529"
"PRRX1","A_33_P3263890"
"PRRX2","A_23_P83298"
"PRSS1","A_23_P380754"
"PRSS16","A_23_P340131"
"PRSS2","A_23_P310274"
"PRSS21","A_24_P339126"
"PRSS22","A_23_P400298"
"PRSS23","A_24_P937405"
"PRSS27","A_23_P106806"
"PRSS3","A_23_P135257"
"PRSS30P","A_23_P350719"
"PRSS33","A_24_P327084"
"PRSS35","A_23_P42397"
"PRSS36","A_24_P412734"
"PRSS37","A_23_P93960"
"PRSS38","A_33_P3332166"
"PRSS41","A_33_P3416634"
"PRSS42P","A_24_P408767"
"PRSS44P","A_33_P3365263"
"PRSS45P","A_33_P3223898"
"PRSS48","A_33_P3422043"
"PRSS50","A_23_P10172"
"PRSS53","A_33_P3340565"
"PRSS54","A_23_P88776"
"PRSS55","A_33_P3336944"
"PRSS56","A_33_P3345309"
"PRSS57","A_33_P3298775"
"PRSS58","A_23_P82567"
"PRSS8","A_33_P3329088"
"PRTFDC1","A_23_P202004"
"PRTG","A_33_P3234657"
"PRTN3","A_23_P142345"
"PRUNE1","A_23_P21316"
"PRUNE2","A_23_P406025"
"PRX","A_24_P390909"
"PRXL2A","A_23_P63660"
"PRXL2B","A_33_P3367332"
"PRXL2C","A_24_P169343"
"PRY2","A_23_P11408"
"PSAP","A_23_P12680"
"PSAPL1","A_33_P3382999"
"PSAT1","A_23_P259692"
"PSCA","A_23_P71379"
"PSD","A_33_P3233125"
"PSD2","A_23_P30358"
"PSD3","A_23_P20392"
"PSD4","A_33_P3312504"
"PSEN1","A_23_P106174"
"PSENEN","A_24_P48587"
"PSG1","A_23_P50697"
"PSG10P","A_33_P3372212"
"PSG11","A_24_P22800"
"PSG2","A_33_P3401658"
"PSG3","A_23_P56347"
"PSG5","A_33_P3372217"
"PSG8","A_24_P392110"
"PSG9","A_23_P39304"
"PSIP1","A_33_P3226605"
"PSKH1","A_23_P390596"
"PSKH2","A_23_P43119"
"PSMA1","A_23_P150286"
"PSMA2","A_23_P345591"
"PSMA3","A_23_P140301"
"PSMA4","A_24_P124992"
"PSMA5","A_23_P86216"
"PSMA6","A_23_P25735"
"PSMA7","A_23_P91468"
"PSMA8","A_33_P3288409"
"PSMB1","A_24_P233570"
"PSMB10","A_33_P3288359"
"PSMB11","A_33_P3229375"
"PSMB2","A_24_P284893"
"PSMB3","A_33_P3234899"
"PSMB4","A_23_P761"
"PSMB5","A_23_P37191"
"PSMB6","A_23_P15705"
"PSMB7","A_23_P9362"
"PSMB8","A_23_P250629"
"PSMB9","A_23_P111000"
"PSMC1","A_24_P347488"
"PSMC2","A_23_P304287"
"PSMC3","A_23_P104607"
"PSMC3IP","A_24_P287941"
"PSMC4","A_24_P91310"
"PSMC5","A_23_P164035"
"PSMC6","A_23_P128930"
"PSMD1","A_23_P209740"
"PSMD10","A_33_P3335624"
"PSMD11","A_23_P207600"
"PSMD12","A_32_P12639"
"PSMD13","A_23_P75889"
"PSMD14","A_23_P165691"
"PSMD2","A_33_P3373469"
"PSMD3","A_24_P289726"
"PSMD4","A_32_P435367"
"PSMD5","A_24_P363802"
"PSMD8","A_23_P67466"
"PSMD9","A_23_P203994"
"PSME1","A_23_P151614"
"PSME2","A_23_P65427"
"PSME3","A_23_P164141"
"PSME3IP1","A_24_P373333"
"PSME4","A_23_P79628"
"PSMF1","A_23_P79911"
"PSMG1","A_23_P68717"
"PSMG2","A_24_P399362"
"PSMG3","A_24_P21044"
"PSMG4","A_33_P3259058"
"PSORS1C1","A_23_P133902"
"PSORS1C2","A_23_P81926"
"PSORS1C3","A_33_P3297020"
"PSPC1","A_33_P3313555"
"PSPH","A_32_P78816"
"PSPN","A_23_P410507"
"PSRC1","A_23_P46539"
"PSTK","A_33_P3404697"
"PSTPIP1","A_23_P48997"
"PSTPIP2","A_24_P322353"
"PTAFR","A_33_P3393537"
"PTAR1","A_24_P75158"
"PTBP1","A_24_P14367"
"PTBP2","A_23_P46396"
"PTBP3","A_24_P916614"
"PTCD1","A_23_P134650"
"PTCD2","A_24_P191847"
"PTCD3","A_33_P3290945"
"PTCH1","A_24_P106910"
"PTCH2","A_23_P355311"
"PTCHD1","A_32_P149435"
"PTCHD3","A_33_P3266285"
"PTCHD4","A_33_P3265494"
"PTCRA","A_33_P3229918"
"PTDSS1","A_23_P168868"
"PTDSS2","A_32_P353798"
"PTEN","A_24_P913115"
"PTER","A_33_P3317253"
"PTF1A","A_23_P428329"
"PTGDR","A_23_P393777"
"PTGDR2","A_24_P115932"
"PTGDS","A_33_P3298159"
"PTGER1","A_23_P4808"
"PTGER2","A_23_P151710"
"PTGER3","A_33_P3265749"
"PTGER4","A_23_P148047"
"PTGES","A_24_P403417"
"PTGES2","A_24_P106953"
"PTGES3","A_32_P114896"
"PTGFR","A_33_P3376551"
"PTGFRN","A_33_P3307197"
"PTGIR","A_23_P340848"
"PTGIS","A_24_P48723"
"PTGR1","A_23_P157809"
"PTGR2","A_23_P48713"
"PTGR3","A_33_P3395274"
"PTGS1","A_24_P350200"
"PTH","A_23_P24835"
"PTH1R","A_23_P167030"
"PTH2","A_23_P357374"
"PTH2R","A_23_P380901"
"PTHLH","A_23_P2271"
"PTK2","A_23_P22096"
"PTK2B","A_33_P3273000"
"PTK6","A_23_P56978"
"PTK7","A_24_P320545"
"PTMA","A_33_P3219803"
"PTMS","A_33_P3333038"
"PTN","A_24_P870620"
"PTOV1","A_24_P219808"
"PTP4A1","A_23_P81770"
"PTP4A2","A_23_P23114"
"PTP4A3","A_33_P3315906"
"PTPA","A_23_P60458"
"PTPDC1","A_23_P20876"
"PTPMT1","A_24_P372562"
"PTPN1","A_23_P338890"
"PTPN11","A_23_P105436"
"PTPN12","A_23_P8763"
"PTPN13","A_23_P18493"
"PTPN14","A_24_P2648"
"PTPN18","A_24_P80135"
"PTPN2","A_32_P1445"
"PTPN20","A_33_P3300253"
"PTPN21","A_33_P3235990"
"PTPN22","A_33_P3241984"
"PTPN23","A_23_P212329"
"PTPN3","A_23_P403898"
"PTPN4","A_33_P3265920"
"PTPN5","A_24_P409519"
"PTPN7","A_23_P201778"
"PTPN9","A_23_P124486"
"PTPRA","A_23_P28869"
"PTPRB","A_23_P53390"
"PTPRC","A_33_P3364821"
"PTPRCAP","A_33_P3295056"
"PTPRD","A_33_P3309551"
"PTPRE","A_33_P3309556"
"PTPRF","A_24_P385313"
"PTPRG","A_33_P3245278"
"PTPRH","A_23_P101642"
"PTPRJ","A_24_P921321"
"PTPRK","A_32_P99100"
"PTPRM","A_23_P159255"
"PTPRN","A_23_P90722"
"PTPRN2","A_32_P79434"
"PTPRO","A_23_P204304"
"PTPRQ","A_33_P3309471"
"PTPRR","A_23_P47924"
"PTPRS","A_33_P3309468"
"PTPRT","A_23_P135576"
"PTPRU","A_33_P3309491"
"PTPRVP","A_33_P3309481"
"PTPRZ1","A_23_P168761"
"PTRH1","A_33_P3220643"
"PTRH2","A_23_P15493"
"PTRHD1","A_24_P16036"
"PTS","A_23_P127579"
"PTTG1","A_23_P7636"
"PTTG1IP","A_24_P391260"
"PTTG2","A_23_P18579"
"PTTG3P","A_23_P60016"
"PTX4","A_33_P3292719"
"PUDP","A_23_P254842"
"PUF60","A_24_P149645"
"PUM1","A_23_P170820"
"PUM2","A_24_P71439"
"PUM3","A_23_P20683"
"PURA","A_33_P3411296"
"PURB","A_24_P286465"
"PURG","A_24_P42446"
"PUS1","A_24_P335358"
"PUS10","A_23_P373687"
"PUS3","A_23_P13073"
"PUS7","A_23_P82478"
"PUS7L","A_24_P167496"
"PUSL1","A_23_P51884"
"PVALB","A_23_P17844"
"PVALEF","A_33_P3504522"
"PVR","A_24_P65616"
"PVRIG","A_33_P3351745"
"PVT1","A_33_P3357748"
"PWAR1","A_33_P3259373"
"PWAR5","A_24_P921610"
"PWARSN","A_33_P3418668"
"PWP1","A_23_P395524"
"PWP2","A_23_P102925"
"PWRN1","A_33_P3788124"
"PWRN2","A_33_P3352293"
"PWWP2A","A_23_P398770"
"PWWP2B","A_23_P374389"
"PWWP3B","A_23_P73571"
"PXDC1","A_24_P272290"
"PXDN","A_33_P3238166"
"PXDNL","A_23_P258310"
"PXK","A_24_P140204"
"PXMP2","A_23_P124122"
"PXMP4","A_23_P91430"
"PXN","A_24_P184555"
"PXT1","A_23_P333022"
"PXYLP1","A_23_P57760"
"PYCARD","A_23_P26629"
"PYCR1","A_23_P130194"
"PYCR2","A_24_P165259"
"PYCR3","A_23_P383278"
"PYDC1","A_23_P407614"
"PYDC2","A_33_P3307568"
"PYGB","A_23_P331670"
"PYGL","A_23_P48676"
"PYGM","A_23_P405815"
"PYGO1","A_33_P3782469"
"PYGO2","A_23_P411953"
"PYHIN1","A_33_P3231407"
"PYM1","A_33_P3268634"
"PYROXD1","A_33_P3278265"
"PYROXD2","A_23_P24157"
"PYY","A_33_P3329958"
"PYY2","A_24_P233078"
"PZP","A_23_P139682"
"QARS1","A_33_P3248644"
"QDPR","A_33_P3398897"
"QKI","A_33_P3369239"
"QNG1","A_23_P60339"
"QPCT","A_24_P71468"
"QPCTL","A_23_P130787"
"QPRT","A_23_P34233"
"QRFP","A_33_P3272080"
"QRFPR","A_23_P92467"
"QRICH1","A_23_P45108"
"QRICH2","A_33_P3306442"
"QRSL1","A_24_P63799"
"QSER1","A_33_P3235766"
"QSOX1","A_23_P12463"
"QSOX2","A_32_P206401"
"QTGAL","A_24_P181672"
"QTMAN","A_23_P153945"
"QTRT1","A_24_P96234"
"QTRT2","A_23_P91930"
"R3HCC1","A_23_P421221"
"R3HCC1L","A_33_P3228872"
"R3HDM1","A_23_P380998"
"R3HDM4","A_23_P315286"
"R3HDML","A_23_P395632"
"RAB10","A_23_P165879"
"RAB11A","A_23_P77145"
"RAB11B","A_23_P67748"
"RAB11FIP1","A_23_P31873"
"RAB11FIP2","A_23_P127140"
"RAB11FIP4","A_23_P38427"
"RAB11FIP5","A_23_P415006"
"RAB12","A_33_P3391211"
"RAB13","A_23_P46369"
"RAB14","A_24_P115511"
"RAB15","A_24_P193295"
"RAB17","A_33_P3232011"
"RAB18","A_24_P132787"
"RAB19","A_33_P3272395"
"RAB1A","A_33_P3371055"
"RAB1B","A_32_P129288"
"RAB20","A_24_P22050"
"RAB21","A_23_P128166"
"RAB22A","A_33_P3221788"
"RAB23","A_23_P70794"
"RAB24","A_23_P61823"
"RAB25","A_23_P115091"
"RAB26","A_33_P3209229"
"RAB27A","A_24_P373174"
"RAB28","A_33_P3353672"
"RAB29","A_23_P126939"
"RAB2A","A_23_P340251"
"RAB2B","A_23_P65466"
"RAB30","A_24_P167338"
"RAB31","A_24_P236799"
"RAB32","A_24_P303480"
"RAB33A","A_23_P147025"
"RAB33B","A_23_P9565"
"RAB34","A_33_P3314579"
"RAB35","A_23_P204484"
"RAB36","A_23_P103011"
"RAB37","A_23_P414654"
"RAB38","A_23_P161563"
"RAB39B","A_24_P408603"
"RAB3A","A_33_P3314550"
"RAB3B","A_23_P388168"
"RAB3C","A_33_P3250939"
"RAB3D","A_23_P404678"
"RAB3GAP1","A_23_P50942"
"RAB3GAP2","A_24_P127928"
"RAB3IL1","A_23_P75800"
"RAB3IP","A_23_P128174"
"RAB40AL","A_32_P88719"
"RAB40B","A_23_P129801"
"RAB40C","A_23_P396062"
"RAB41","A_33_P3221423"
"RAB42","A_23_P434919"
"RAB43","A_24_P277295"
"RAB43P1","A_33_P3665739"
"RAB44","A_33_P3349912"
"RAB4A","A_24_P122682"
"RAB4B","A_23_P16116"
"RAB5A","A_23_P212545"
"RAB5B","A_23_P410998"
"RAB6A","A_24_P13230"
"RAB6B","A_24_P475349"
"RAB6D","A_33_P3323904"
"RAB7A","A_33_P3361851"
"RAB7B","A_23_P252541"
"RAB8A","A_33_P3320127"
"RAB8B","A_23_P317465"
"RAB9A","A_23_P45389"
"RAB9B","A_24_P126139"
"RAB9BP1","A_24_P305938"
"RABAC1","A_23_P38864"
"RABEP1","A_24_P945147"
"RABEP2","A_33_P3239152"
"RABEPK","A_24_P386323"
"RABGAP1","A_24_P252575"
"RABGAP1L","A_33_P3325558"
"RABGEF1","A_24_P337746"
"RABGGTA","A_23_P54223"
"RABGGTB","A_24_P336705"
"RABIF","A_24_P336718"
"RABL2A","A_24_P250650"
"RABL2B","A_33_P3224483"
"RABL3","A_32_P221452"
"RABL6","A_33_P3821660"
"RAC2","A_23_P218770"
"RAC3","A_33_P3295523"
"RACGAP1","A_32_P186474"
"RACGAP1P1","A_23_P65041"
"RACK1","A_23_P41716"
"RAD1","A_23_P144697"
"RAD17","A_24_P97836"
"RAD21","A_23_P20463"
"RAD21-AS1","A_33_P3276323"
"RAD21L1","A_33_P3419567"
"RAD23A","A_33_P3362193"
"RAD23B","A_24_P398092"
"RAD51","A_23_P88731"
"RAD51AP1","A_23_P99292"
"RAD51AP2","A_33_P3306085"
"RAD51B","A_23_P48481"
"RAD51C","A_23_P207014"
"RAD51D","A_23_P500873"
"RAD52","A_23_P64990"
"RAD54B","A_23_P82738"
"RAD54L","A_23_P74115"
"RAD54L2","A_23_P18205"
"RAD9A","A_24_P21715"
"RAD9B","A_33_P3361227"
"RADIL","A_23_P111860"
"RADX","A_23_P96369"
"RAE1","A_33_P3443165"
"RAET1E","A_33_P3279847"
"RAET1K","A_24_P857527"
"RAG1","A_23_P360744"
"RAG2","A_33_P3260782"
"RAI1","A_23_P417148"
"RAI14","A_23_P92727"
"RAI2","A_23_P254165"
"RALA","A_24_P192262"
"RALB","A_33_P3356502"
"RALBP1","A_23_P376599"
"RALGAPA1","A_23_P151565"
"RALGAPA2","A_33_P3470781"
"RALGAPB","A_33_P3245709"
"RALGDS","A_23_P135184"
"RALGPS1","A_23_P390148"
"RALGPS2","A_24_P173746"
"RALY","A_23_P109235"
"RALYL","A_33_P3391778"
"RAMAC","A_23_P65712"
"RAMP1","A_23_P50946"
"RAMP2","A_24_P116710"
"RAMP3","A_23_P111737"
"RAN","A_32_P506600"
"RANBP1","A_23_P91590"
"RANBP10","A_23_P369733"
"RANBP17","A_23_P58819"
"RANBP2","A_33_P3272390"
"RANBP3","A_23_P310331"
"RANBP3L","A_33_P3360072"
"RANBP6","A_23_P146379"
"RANBP9","A_23_P424513"
"RANGAP1","A_33_P3263307"
"RANGRF","A_23_P254498"
"RAP1A","A_33_P3342285"
"RAP1B","A_23_P2661"
"RAP1GAP","A_24_P36890"
"RAP1GAP2","A_23_P412214"
"RAP1GDS1","A_33_P3215123"
"RAP2A","A_24_P81965"
"RAP2B","A_33_P3303121"
"RAP2C","A_23_P147826"
"RAPGEF1","A_23_P304237"
"RAPGEF2","A_23_P133095"
"RAPGEF3","A_33_P3389178"
"RAPGEF4","A_23_P17192"
"RAPGEF5","A_23_P215505"
"RAPGEF6","A_23_P144999"
"RAPGEFL1","A_23_P152970"
"RAPH1","A_33_P3421571"
"RAPSN","A_23_P86801"
"RARA","A_32_P5251"
"RARB","A_33_P3305749"
"RARG","A_23_P387552"
"RARRES1","A_23_P18078"
"RARRES2","A_23_P134237"
"RARS1","A_23_P69988"
"RARS2","A_23_P214211"
"RASA1","A_23_P18939"
"RASA2","A_33_P3287972"
"RASA3","A_33_P3262515"
"RASA4","A_33_P3287959"
"RASAL1","A_23_P139600"
"RASAL2","A_33_P3350758"
"RASAL3","A_23_P79069"
"RASD2","A_24_P357100"
"RASEF","A_32_P231568"
"RASGEF1A","A_32_P223140"
"RASGEF1B","A_33_P3364646"
"RASGEF1C","A_24_P383762"
"RASGRF1","A_23_P3379"
"RASGRF2","A_23_P133386"
"RASGRP1","A_23_P124642"
"RASGRP2","A_23_P64058"
"RASGRP3","A_24_P54390"
"RASGRP4","A_23_P165007"
"RASIP1","A_23_P119353"
"RASL10A","A_23_P166400"
"RASL10B","A_24_P322229"
"RASL11A","A_23_P14124"
"RASL11B","A_23_P69738"
"RASL12","A_24_P150580"
"RASSF1","A_23_P41066"
"RASSF10","A_33_P3399634"
"RASSF2","A_23_P166087"
"RASSF3","A_23_P2397"
"RASSF4","A_24_P295590"
"RASSF5","A_24_P171268"
"RASSF6","A_33_P3235420"
"RASSF7","A_23_P47116"
"RASSF8","A_24_P78556"
"RASSF9","A_24_P199251"
"RAVER1","A_24_P384397"
"RAVER2","A_23_P328323"
"RAX","A_33_P3370944"
"RAX2","A_23_P56146"
"RB1CC1","A_23_P9056"
"RBAK","A_33_P3353622"
"RBAK-RBAKDN","A_33_P3232038"
"RBBP4","A_33_P3338559"
"RBBP5","A_33_P3235642"
"RBBP6","A_23_P342053"
"RBBP8","A_33_P3240702"
"RBBP8NL","A_32_P331052"
"RBBP9","A_23_P257538"
"RBCK1","A_23_P166051"
"RBFA","A_23_P153086"
"RBFOX1","A_24_P147242"
"RBFOX2","A_33_P3217103"
"RBFOX3","A_33_P3316953"
"RBIS","A_33_P3422258"
"RBKS","A_23_P9523"
"RBL1","A_23_P28733"
"RBL2","A_24_P416159"
"RBM10","A_23_P125815"
"RBM11","A_23_P342000"
"RBM12","A_23_P502832"
"RBM12B","A_33_P3283420"
"RBM12B-AS1","A_23_P134729"
"RBM14","A_23_P150255"
"RBM14-RBM4","A_33_P3378920"
"RBM15","A_23_P34877"
"RBM15B","A_24_P945181"
"RBM17","A_23_P35645"
"RBM18","A_23_P20777"
"RBM19","A_23_P312344"
"RBM20","A_24_P453497"
"RBM22","A_23_P92895"
"RBM23","A_23_P88249"
"RBM24","A_23_P167812"
"RBM25","A_23_P99762"
"RBM26","A_23_P218096"
"RBM27","A_23_P92786"
"RBM28","A_23_P168629"
"RBM3","A_23_P148308"
"RBM33","A_33_P3340294"
"RBM34","A_23_P436476"
"RBM38","A_23_P17430"
"RBM39","A_33_P3324651"
"RBM4","A_23_P13033"
"RBM41","A_33_P3330468"
"RBM42","A_23_P90444"
"RBM43","A_33_P3301381"
"RBM44","A_33_P3301351"
"RBM45","A_23_P142994"
"RBM46","A_23_P404575"
"RBM47","A_23_P132910"
"RBM48","A_33_P3256532"
"RBM4B","A_23_P1638"
"RBM5","A_23_P18276"
"RBM6","A_23_P57941"
"RBM7","A_23_P138975"
"RBM8A","A_32_P62571"
"RBMS1","A_23_P431410"
"RBMS2","A_23_P425073"
"RBMX","A_32_P193646"
"RBMX2","A_23_P255153"
"RBMXL1","A_24_P359545"
"RBMXL2","A_33_P3270059"
"RBMXL3","A_23_P399864"
"RBMY1B","A_24_P357406"
"RBMY2EP","A_24_P794648"
"RBMY2FP","A_23_P424689"
"RBMY3AP","A_33_P3393121"
"RBP1","A_23_P257649"
"RBP2","A_23_P80491"
"RBP3","A_33_P3332180"
"RBP4","A_23_P75283"
"RBP5","A_24_P386746"
"RBP7","A_24_P165423"
"RBPJ","A_23_P29994"
"RBPJL","A_33_P3398609"
"RBPMS","A_23_P71316"
"RBPMS2","A_23_P100056"
"RBSN","A_24_P85181"
"RBX1","A_33_P3246318"
"RC3H1","A_32_P96807"
"RC3H2","A_23_P375147"
"RCAN1","A_23_P166248"
"RCAN2","A_32_P156851"
"RCAN3","A_23_P391275"
"RCBTB2","A_23_P14105"
"RCC1","A_23_P46309"
"RCC1L","A_24_P370420"
"RCC2","A_23_P74950"
"RCE1","A_23_P1641"
"RCHY1","A_33_P3263841"
"RCL1","A_23_P9152"
"RCN1","A_23_P203299"
"RCN2","A_32_P175539"
"RCN3","A_23_P67339"
"RCOR1","A_33_P3211924"
"RCOR2","A_33_P3211929"
"RCOR3","A_32_P167122"
"RCSD1","A_23_P23279"
"RD3","A_33_P3373960"
"RDH10","A_32_P25050"
"RDH11","A_23_P25684"
"RDH12","A_23_P37088"
"RDH13","A_23_P39185"
"RDH14","A_23_P90911"
"RDH16","A_23_P36484"
"RDH5","A_24_P218814"
"RDH8","A_23_P50291"
"RDM1","A_23_P141447"
"RDX","A_23_P203023"
"REC114","A_33_P3257474"
"REC8","A_33_P3278941"
"RECK","A_23_P83028"
"RECQL","A_23_P25215"
"RECQL4","A_33_P3323847"
"RECQL5","A_23_P332042"
"REDIC1","A_24_P13406"
"REEP1","A_23_P96285"
"REEP2","A_23_P19182"
"REEP3","A_33_P3262814"
"REEP4","A_23_P96209"
"REEP5","A_23_P350045"
"REEP6","A_33_P3262789"
"REG1A","A_23_P90743"
"REG1B","A_23_P389500"
"REG1CP","A_33_P3352683"
"REG3A","A_23_P119936"
"REG3G","A_32_P65628"
"REG4","A_23_P400310"
"REL","A_23_P56938"
"RELA","A_33_P3209433"
"RELB","A_23_P55706"
"RELCH","A_32_P61857"
"RELL1","A_32_P116206"
"RELL2","A_33_P3229027"
"RELN","A_33_P3323959"
"RELT","A_24_P38951"
"REM1","A_23_P28948"
"REM2","A_33_P3305487"
"REN","A_23_P34637"
"RENBP","A_23_P137157"
"REP15","A_33_P3247624"
"REPIN1","A_24_P166645"
"REPS1","A_23_P70748"
"REPS2","A_33_P3357470"
"RER1","A_33_P3353712"
"RERE","A_24_P342591"
"REREP3","A_33_P3259861"
"RERG","A_24_P321525"
"RERGL","A_23_P64919"
"RESF1","A_23_P98930"
"RESP18","A_24_P59236"
"REST","A_23_P167081"
"RET","A_33_P3562537"
"RETN","A_33_P3350863"
"RETNLB","A_23_P92196"
"RETREG1","A_23_P167599"
"RETREG2","A_23_P142688"
"RETREG3","A_24_P185158"
"RETSAT","A_23_P209944"
"REV1","A_24_P291426"
"REV3L","A_23_P214139"
"REX1BD","A_23_P67589"
"REXO1","A_33_P3312682"
"REXO1L1P","A_33_P3236267"
"REXO2","A_23_P150365"
"REXO4","A_33_P3272160"
"REXO6P","A_24_P848091"
"RFC1","A_23_P18465"
"RFC2","A_23_P93823"
"RFC3","A_23_P14193"
"RFC4","A_23_P18196"
"RFC5","A_23_P95302"
"RFESD","A_23_P251647"
"RFFL","A_23_P164089"
"RFK","A_23_P216708"
"RFLNA","A_24_P288890"
"RFLNB","A_24_P299318"
"RFNG","A_23_P84629"
"RFPL1","A_23_P211417"
"RFPL1S","A_32_P118568"
"RFPL2","A_23_P254434"
"RFPL3","A_23_P6422"
"RFPL3S","A_24_P169048"
"RFPL4A","A_33_P3375790"
"RFPL4B","A_33_P3397835"
"RFT1","A_23_P155441"
"RFTN1","A_23_P315571"
"RFTN2","A_23_P363878"
"RFWD3","A_24_P287826"
"RFX1","A_24_P391104"
"RFX2","A_23_P502350"
"RFX3","A_23_P9289"
"RFX4","A_23_P76332"
"RFX5","A_33_P3382162"
"RFX6","A_23_P327462"
"RFX7","A_33_P3210338"
"RFX8","A_33_P3281741"
"RFXANK","A_23_P165180"
"RFXAP","A_23_P315789"
"RGCC","A_24_P10137"
"RGL1","A_33_P3240532"
"RGL2","A_23_P93383"
"RGL3","A_33_P3293213"
"RGL4","A_23_P306941"
"RGMA","A_23_P372308"
"RGMB","A_24_P363100"
"RGP1","A_24_P398064"
"RGPD1","A_32_P776626"
"RGPD5","A_23_P218637"
"RGPD6","A_23_P357985"
"RGR","A_24_P289273"
"RGS1","A_23_P97141"
"RGS10","A_23_P138717"
"RGS11","A_23_P118122"
"RGS12","A_23_P352435"
"RGS13","A_23_P500093"
"RGS14","A_23_P124927"
"RGS16","A_23_P320578"
"RGS17","A_23_P156861"
"RGS18","A_23_P302550"
"RGS19","A_33_P3211956"
"RGS20","A_23_P73097"
"RGS21","A_33_P3388691"
"RGS22","A_32_P125771"
"RGS3","A_23_P219197"
"RGS4","A_33_P3325009"
"RGS5","A_23_P46045"
"RGS6","A_32_P126557"
"RGS7","A_23_P51587"
"RGS7BP","A_33_P3379606"
"RGS8","A_23_P103424"
"RGS9","A_23_P66881"
"RGS9BP","A_32_P227605"
"RGSL1","A_32_P355943"
"RHAG","A_23_P256572"
"RHBDD1","A_24_P134834"
"RHBDD2","A_23_P8561"
"RHBDD3","A_33_P3274069"
"RHBDF1","A_23_P163682"
"RHBDF2","A_23_P329870"
"RHBDL1","A_23_P26468"
"RHBDL2","A_23_P63432"
"RHBDL3","A_33_P3274084"
"RHBG","A_23_P51690"
"RHCE","A_23_P62634"
"RHCG","A_23_P151975"
"RHD","A_24_P673333"
"RHEB","A_33_P3413083"
"RHEBL1","A_33_P3264895"
"RHEX","A_33_P3385148"
"RHNO1","A_33_P3263193"
"RHO","A_23_P407472"
"RHOA","A_23_P69493"
"RHOB","A_33_P3398862"
"RHOBTB1","A_33_P3348288"
"RHOBTB2","A_23_P20427"
"RHOBTB3","A_33_P3288189"
"RHOC","A_23_P406424"
"RHOD","A_23_P1523"
"RHOF","A_24_P104119"
"RHOG","A_33_P3317376"
"RHOH","A_23_P58132"
"RHOJ","A_24_P82032"
"RHOQ","A_32_P49844"
"RHOT1","A_33_P3668049"
"RHOT2","A_33_P3393350"
"RHOU","A_24_P62530"
"RHOV","A_23_P424561"
"RHOXF1","A_23_P85082"
"RHOXF2","A_23_P352494"
"RHPN1","A_33_P3387616"
"RHPN1-AS1","A_23_P71503"
"RHPN2","A_33_P3387621"
"RIBC1","A_23_P73667"
"RIBC2","A_23_P166526"
"RIC1","A_24_P49447"
"RIC3","A_24_P35537"
"RIC8A","A_24_P115971"
"RIC8B","A_33_P3362696"
"RICTOR","A_32_P193322"
"RIDA","A_23_P134714"
"RIF1","A_23_P5611"
"RIGI","A_33_P3372910"
"RIIAD1","A_32_P212471"
"RILP","A_24_P185117"
"RILPL1","A_23_P169934"
"RILPL2","A_23_P76109"
"RIMBP2","A_24_P162226"
"RIMBP3","A_23_P154962"
"RIMKLA","A_23_P349406"
"RIMKLB","A_24_P7157"
"RIMOC1","A_32_P6832"
"RIMS1","A_33_P3218832"
"RIMS2","A_23_P147786"
"RIMS3","A_23_P319583"
"RIMS4","A_32_P38645"
"RIN1","A_33_P3266010"
"RIN2","A_24_P305570"
"RIN3","A_23_P151820"
"RING1","A_24_P200694"
"RINL","A_33_P3407895"
"RIOK1","A_24_P8088"
"RIOK3","A_33_P3317850"
"RIOX1","A_23_P163117"
"RIOX2","A_24_P388570"
"RIPK1","A_33_P3279059"
"RIPK2","A_23_P252106"
"RIPK3","A_23_P14559"
"RIPK4","A_24_P125871"
"RIPOR1","A_32_P230868"
"RIPOR2","A_24_P941359"
"RIPOR3","A_33_P3238290"
"RIPPLY1","A_32_P199901"
"RIPPLY2","A_32_P216566"
"RIPPLY3","A_33_P3254956"
"RIT1","A_33_P3394075"
"RIT2","A_33_P3416588"
"RITA1","A_23_P87635"
"RLBP1","A_23_P163361"
"RLF","A_23_P126037"
"RLIG1","A_32_P46765"
"RLIM","A_23_P148484"
"RLN1","A_23_P60210"
"RLN2","A_23_P216455"
"RLN3","A_33_P3226825"
"RMC1","A_23_P78383"
"RMDN1","A_23_P251916"
"RMDN2","A_24_P131392"
"RMDN3","A_23_P152087"
"RMI2","A_23_P353717"
"RMND1","A_24_P343271"
"RMND5A","A_33_P3237699"
"RMND5B","A_33_P3258723"
"RMP64","A_24_P921155"
"RMRP","A_33_P3401284"
"RMST","A_33_P3318791"
"RN7SK","A_33_P3382595"
"RN7SL1","A_33_P3332348"
"RNASE1","A_23_P48596"
"RNASE10","A_33_P3272748"
"RNASE11","A_23_P65472"
"RNASE12","A_33_P3332292"
"RNASE13","A_33_P3261937"
"RNASE2","A_23_P151637"
"RNASE3","A_23_P163025"
"RNASE4","A_23_P205531"
"RNASE6","A_23_P3014"
"RNASE7","A_23_P106080"
"RNASE8","A_23_P376124"
"RNASE9","A_33_P3245883"
"RNASEH1","A_23_P27167"
"RNASEH2A","A_23_P164826"
"RNASEH2B","A_33_P3213857"
"RNASEH2C","A_33_P3358977"
"RNASEK","A_33_P3382351"
"RNASEL","A_23_P390172"
"RNASET2","A_24_P360269"
"RND1","A_23_P53370"
"RND2","A_33_P3382860"
"RND3","A_23_P142849"
"RNF10","A_24_P261724"
"RNF103","A_23_P56709"
"RNF11","A_23_P137434"
"RNF111","A_23_P77160"
"RNF113A","A_23_P258071"
"RNF113B","A_24_P297480"
"RNF114","A_24_P82957"
"RNF115","A_24_P633902"
"RNF121","A_23_P75973"
"RNF122","A_23_P134744"
"RNF123","A_23_P250054"
"RNF125","A_33_P3257993"
"RNF126","A_23_P314086"
"RNF128","A_33_P3282880"
"RNF13","A_33_P3327592"
"RNF130","A_23_P41734"
"RNF133","A_23_P42963"
"RNF135","A_23_P252283"
"RNF138","A_23_P89755"
"RNF138P1","A_33_P3413541"
"RNF139","A_23_P146765"
"RNF14","A_23_P255317"
"RNF141","A_24_P372625"
"RNF144A","A_24_P37264"
"RNF144B","A_24_P406060"
"RNF145","A_23_P167559"
"RNF146","A_23_P257201"
"RNF148","A_24_P170234"
"RNF150","A_24_P350589"
"RNF151","A_32_P179837"
"RNF152","A_32_P4199"
"RNF157","A_32_P57810"
"RNF166","A_23_P385500"
"RNF167","A_33_P3326046"
"RNF168","A_23_P416112"
"RNF169","A_23_P350172"
"RNF17","A_23_P99373"
"RNF170","A_23_P146209"
"RNF175","A_23_P340263"
"RNF180","A_33_P3321678"
"RNF181","A_23_P108708"
"RNF182","A_23_P399255"
"RNF183","A_23_P83347"
"RNF185","A_32_P15421"
"RNF186","A_23_P126248"
"RNF187","A_24_P23995"
"RNF19A","A_24_P411899"
"RNF19B","A_23_P321388"
"RNF2","A_23_P85543"
"RNF20","A_24_P98385"
"RNF207","A_33_P3304538"
"RNF208","A_33_P3244274"
"RNF212","A_33_P3318439"
"RNF213","A_33_P3219591"
"RNF214","A_24_P32520"
"RNF215","A_32_P420563"
"RNF216","A_33_P3329878"
"RNF216P1","A_24_P598406"
"RNF217","A_23_P353005"
"RNF217-AS1","A_33_P3226735"
"RNF220","A_23_P201002"
"RNF222","A_33_P3318444"
"RNF224","A_33_P3243558"
"RNF24","A_24_P333019"
"RNF25","A_23_P39656"
"RNF26","A_23_P64630"
"RNF31","A_23_P99632"
"RNF32","A_33_P3301620"
"RNF32-DT","A_33_P3226710"
"RNF34","A_23_P128396"
"RNF38","A_33_P3251054"
"RNF39","A_24_P314931"
"RNF4","A_23_P167308"
"RNF40","A_23_P364890"
"RNF41","A_24_P244470"
"RNF43","A_33_P3213029"
"RNF44","A_23_P213592"
"RNF5","A_23_P8095"
"RNF6","A_23_P162734"
"RNF7","A_33_P3377261"
"RNF8","A_23_P70384"
"RNFT1","A_23_P207299"
"RNFT2","A_23_P204158"
"RNGTT","A_23_P325075"
"RNH1","A_24_P415601"
"RNLS","A_23_P202501"
"RNMT","A_23_P55515"
"RNPC3","A_33_P3339066"
"RNPEP","A_33_P3258091"
"RNPEPL1","A_33_P3322654"
"RNPS1","A_23_P152272"
"RNU105B","A_33_P3399534"
"RNU105C","A_33_P3416387"
"RNU11","A_33_P3754922"
"RNU12","A_24_P23445"
"RNU2-2","A_33_P3279708"
"RNU4ATAC","A_33_P3839897"
"RO60","A_24_P222684"
"ROBO1","A_23_P80503"
"ROBO2","A_24_P16326"
"ROBO3","A_23_P87082"
"ROBO4","A_23_P344421"
"ROCK1","A_24_P538403"
"ROCK2","A_23_P209689"
"ROGDI","A_23_P100499"
"ROMO1","A_33_P3298535"
"ROPN1","A_32_P184464"
"ROR1","A_32_P4018"
"ROR2","A_23_P158318"
"RORA","A_23_P26124"
"RORB","A_33_P3235856"
"RORC","A_33_P3386671"
"ROS1","A_23_P70278"
"RP1","A_23_P71368"
"RP1L1","A_23_P309396"
"RP2","A_23_P22433"
"RP9","A_23_P255215"
"RP9P","A_33_P3214597"
"RPA1","A_23_P107073"
"RPA2","A_23_P86133"
"RPA3","A_23_P256455"
"RPA4","A_23_P254212"
"RPAIN","A_23_P66766"
"RPAP1","A_23_P3453"
"RPAP2","A_23_P23542"
"RPAP3","A_23_P2683"
"RPE","A_33_P3281940"
"RPE65","A_23_P34473"
"RPF1","A_23_P359616"
"RPF2","A_23_P19210"
"RPGR","A_23_P136964"
"RPGRIP1","A_23_P88278"
"RPGRIP1L","A_33_P3302861"
"RPH3A","A_33_P3395384"
"RPH3AL","A_23_P94819"
"RPIA","A_23_P131646"
"RPL10","A_24_P754803"
"RPL10A","A_23_P251593"
"RPL10L","A_23_P341325"
"RPL11","A_23_P62605"
"RPL12","A_23_P217068"
"RPL13","A_24_P142228"
"RPL13A","A_23_P90143"
"RPL13AP17","A_33_P3312802"
"RPL13AP3","A_24_P272873"
"RPL13P5","A_33_P3329477"
"RPL14","A_23_P18292"
"RPL15","A_24_P257359"
"RPL17","A_32_P186981"
"RPL18","A_23_P142146"
"RPL18A","A_32_P193288"
"RPL19","A_23_P77779"
"RPL19P12","A_24_P67308"
"RPL21","A_32_P118258"
"RPL21P44","A_32_P94087"
"RPL22","A_32_P210252"
"RPL22L1","A_23_P143958"
"RPL23","A_23_P26713"
"RPL23A","A_23_P29747"
"RPL23AP53","A_24_P323628"
"RPL23AP64","A_33_P3391578"
"RPL23AP7","A_24_P153043"
"RPL23AP71","A_24_P333106"
"RPL23P8","A_33_P3295066"
"RPL24","A_23_P256933"
"RPL26","A_23_P33045"
"RPL26L1","A_32_P205553"
"RPL27","A_23_P141389"
"RPL27A","A_23_P416305"
"RPL28","A_23_P208358"
"RPL29","A_32_P162004"
"RPL29P2","A_24_P7085"
"RPL3","A_24_P766208"
"RPL31","A_24_P213783"
"RPL31P11","A_33_P3278137"
"RPL32","A_23_P18142"
"RPL32P3","A_33_P3775741"
"RPL34","A_23_P7221"
"RPL35","A_23_P112429"
"RPL35A","A_23_P44956"
"RPL36","A_23_P153383"
"RPL36A","A_23_P217609"
"RPL36A-HNRNPH2","A_33_P3255647"
"RPL36AL","A_24_P159036"
"RPL36AP33","A_33_P3587611"
"RPL37","A_24_P20777"
"RPL37A","A_32_P783"
"RPL38","A_23_P95879"
"RPL39","A_23_P34018"
"RPL39L","A_23_P29594"
"RPL3L","A_23_P118095"
"RPL4","A_23_P69431"
"RPL41","A_23_P128067"
"RPL5","A_33_P3246163"
"RPL6","A_33_P3329916"
"RPL7","A_33_P3370226"
"RPL7A","A_23_P135084"
"RPL7AP37","A_33_P3589018"
"RPL7L1","A_24_P332971"
"RPL8","A_23_P31654"
"RPL9","A_23_P7066"
"RPLP0","A_32_P184796"
"RPLP0P3","A_24_P341677"
"RPLP0P5","A_24_P16340"
"RPLP1","A_32_P857658"
"RPLP2","A_23_P147888"
"RPN1","A_24_P63262"
"RPN2","A_33_P3240258"
"RPP14","A_24_P839254"
"RPP25","A_33_P3271316"
"RPP25L","A_23_P169409"
"RPP30","A_33_P3233666"
"RPP38","A_23_P150080"
"RPP38-DT","A_32_P516067"
"RPPH1","A_33_P3389394"
"RPRD1A","A_24_P382253"
"RPRD1B","A_24_P250499"
"RPRD2","A_23_P60657"
"RPRM","A_23_P5370"
"RPRML","A_32_P3476"
"RPS10","A_23_P356484"
"RPS10P7","A_32_P203013"
"RPS11","A_23_P101532"
"RPS12","A_23_P82128"
"RPS13","A_23_P24763"
"RPS14","A_23_P81492"
"RPS15","A_24_P225010"
"RPS15A","A_24_P221366"
"RPS15AP10","A_33_P3357049"
"RPS16","A_23_P208850"
"RPS16P5","A_33_P3209254"
"RPS17","A_24_P418418"
"RPS18","A_23_P214666"
"RPS19","A_24_P134074"
"RPS19BP1","A_24_P740705"
"RPS2","A_23_P106708"
"RPS20","A_23_P168898"
"RPS21","A_23_P120660"
"RPS23","A_32_P84605"
"RPS24","A_23_P1206"
"RPS25","A_23_P47357"
"RPS26","A_23_P116694"
"RPS27","A_24_P148235"
"RPS27A","A_32_P24581"
"RPS27L","A_23_P14734"
"RPS28","A_33_P3282836"
"RPS29","A_23_P76961"
"RPS2P32","A_24_P136182"
"RPS3","A_32_P182941"
"RPS3A","A_32_P208178"
"RPS4X","A_23_P125519"
"RPS4XP21","A_24_P477051"
"RPS4XP6","A_32_P49350"
"RPS4Y1","A_23_P259314"
"RPS4Y2","A_23_P324384"
"RPS5","A_33_P3300817"
"RPS6","A_33_P3367795"
"RPS6KA1","A_24_P396650"
"RPS6KA2","A_33_P3347452"
"RPS6KA3","A_32_P517749"
"RPS6KA4","A_23_P35791"
"RPS6KA5","A_23_P37375"
"RPS6KA6","A_23_P125596"
"RPS6KB1","A_24_P497226"
"RPS6KB2","A_33_P3230488"
"RPS6KL1","A_33_P3334419"
"RPS7","A_23_P141549"
"RPS7P5","A_24_P15765"
"RPS8","A_23_P46182"
"RPS9","A_33_P3303015"
"RPSA","A_23_P254415"
"RPSAP52","A_24_P465772"
"RPTN","A_23_P303286"
"RPTOR","A_23_P384499"
"RPUSD1","A_33_P3382513"
"RPUSD2","A_23_P309850"
"RPUSD3","A_23_P255916"
"RPUSD4","A_24_P318073"
"RRAD","A_24_P262127"
"RRAGA","A_23_P169117"
"RRAGB","A_23_P73721"
"RRAGC","A_23_P97623"
"RRAGD","A_23_P133691"
"RRAS","A_23_P39076"
"RRAS2","A_33_P3297245"
"RRBP1","A_23_P120566"
"RREB1","A_33_P3220728"
"RRH","A_23_P253723"
"RRM1","A_23_P87351"
"RRM2","A_24_P225616"
"RRM2B","A_23_P20225"
"RRN3","A_24_P382017"
"RRN3P2","A_24_P475864"
"RRP1","A_23_P80136"
"RRP12","A_23_P24192"
"RRP15","A_23_P23356"
"RRP1B","A_24_P944040"
"RRP36","A_23_P308581"
"RRP7A","A_23_P29303"
"RRP7BP","A_24_P242036"
"RRP8","A_23_P356565"
"RRP9","A_23_P6802"
"RRS1","A_23_P146187"
"RS1","A_23_P354855"
"RSAD1","A_23_P152807"
"RSAD2","A_24_P28722"
"RSBN1","A_33_P3888365"
"RSBN1L","A_33_P3244818"
"RSC1A1","A_23_P395534"
"RSF1","A_23_P139388"
"RSKR","A_23_P415633"
"RSL1D1","A_23_P54605"
"RSL24D1","A_23_P65768"
"RSPH1","A_33_P3343972"
"RSPH10B","A_23_P362736"
"RSPH14","A_23_P29153"
"RSPH3","A_23_P59397"
"RSPH4A","A_24_P331779"
"RSPH6A","A_23_P67414"
"RSPH9","A_33_P3248749"
"RSPO1","A_33_P3251562"
"RSPO2","A_23_P430930"
"RSPO3","A_24_P106542"
"RSPO4","A_33_P3251552"
"RSPRY1","A_33_P3327454"
"RSRC1","A_32_P34589"
"RSRC2","A_23_P53267"
"RSRP1","A_23_P34396"
"RSU1","A_33_P3390335"
"RTBDN","A_23_P130653"
"RTCA","A_23_P258621"
"RTCB","A_23_P68892"
"RTEL1","A_23_P378526"
"RTF1","A_24_P390403"
"RTF2","A_23_P210619"
"RTKN","A_23_P120056"
"RTKN2","A_24_P13041"
"RTL1","A_33_P3423250"
"RTL10","A_33_P3297205"
"RTL3","A_23_P411353"
"RTL4","A_33_P3377644"
"RTL5","A_33_P3305173"
"RTL6","A_24_P96474"
"RTL8A","A_24_P101629"
"RTL8B","A_33_P3296707"
"RTL9","A_23_P306352"
"RTN1","A_23_P140290"
"RTN2","A_23_P89902"
"RTN3","A_23_P76684"
"RTN4","A_33_P3233550"
"RTN4R","A_23_P132175"
"RTN4RL1","A_23_P66481"
"RTN4RL2","A_32_P528311"
"RTP1","A_32_P528967"
"RTP2","A_33_P3341841"
"RTP3","A_23_P57910"
"RTP4","A_23_P166797"
"RTP5","A_24_P197284"
"RTRAF","A_23_P14482"
"RTTN","A_24_P108301"
"RUBCN","A_23_P304171"
"RUBCNL","A_23_P53763"
"RUFY1","A_23_P73457"
"RUFY2","A_24_P941708"
"RUFY3","A_24_P221575"
"RUFY4","A_33_P3346108"
"RUNDC1","A_24_P395621"
"RUNDC3A","A_24_P91094"
"RUNX1","A_33_P3211804"
"RUNX1-IT1","A_24_P65941"
"RUNX1T1","A_23_P216307"
"RUNX2","A_32_P161762"
"RUNX3","A_33_P3221748"
"RUSC1","A_24_P2948"
"RUSC1-AS1","A_33_P3418917"
"RUSC2","A_23_P216549"
"RUSF1","A_23_P54891"
"RUVBL1","A_24_P148811"
"RUVBL2","A_23_P39110"
"RWDD1","A_33_P3309919"
"RWDD2A","A_23_P255076"
"RWDD2B","A_23_P91487"
"RWDD3","A_23_P933"
"RWDD4","A_32_P76156"
"RXFP1","A_23_P433050"
"RXFP3","A_23_P363365"
"RXFP4","A_24_P154142"
"RXRA","A_23_P423197"
"RXRB","A_23_P59179"
"RXRG","A_33_P3308764"
"RXYLT1","A_23_P2446"
"RYBP","A_23_P29365"
"RYK","A_33_P3379371"
"RYR1","A_23_P78867"
"RYR2","A_23_P137797"
"RYR3","A_33_P3800734"
"S100A1","A_23_P383227"
"S100A10","A_23_P137984"
"S100A11","A_23_P145863"
"S100A12","A_23_P74001"
"S100A13","A_23_P372874"
"S100A14","A_23_P124619"
"S100A16","A_23_P147918"
"S100A2","A_33_P3376249"
"S100A3","A_23_P104073"
"S100A4","A_23_P94800"
"S100A5","A_23_P115467"
"S100A6","A_23_P201711"
"S100A7A","A_33_P3393504"
"S100A7L2","A_33_P3233250"
"S100A8","A_23_P434809"
"S100A9","A_23_P23048"
"S100B","A_23_P143526"
"S100G","A_23_P44996"
"S100P","A_23_P58266"
"S100PBP","A_23_P338952"
"S100Z","A_24_P12136"
"S1PR1","A_23_P404481"
"S1PR2","A_32_P827528"
"S1PR3","A_33_P3281283"
"S1PR4","A_33_P3281273"
"SAA1","A_24_P335092"
"SAA2","A_33_P3408918"
"SAA3P","A_24_P556318"
"SAA4","A_23_P87238"
"SAAL1","A_23_P321349"
"SAC3D1","A_23_P348298"
"SACK1A","A_23_P216052"
"SACK1B","A_24_P66780"
"SACK1C","A_23_P409888"
"SACK1D","A_23_P323751"
"SACK1E","A_33_P3216467"
"SACK1F","A_23_P343963"
"SACK1G","A_33_P3335386"
"SACK1H","A_23_P421175"
"SACM1L","A_23_P212383"
"SACS","A_23_P128663"
"SAE1","A_24_P194000"
"SAFB","A_33_P3220818"
"SAFB2","A_23_P27894"
"SAG","A_23_P5853"
"SAGE1","A_23_P21943"
"SALL1","A_23_P328074"
"SALL2","A_23_P48585"
"SALL3","A_33_P3296024"
"SALL4","A_23_P109072"
"SAMD1","A_23_P435941"
"SAMD10","A_33_P3403927"
"SAMD11","A_33_P3818959"
"SAMD12","A_33_P3326225"
"SAMD12-AS1","A_33_P3697191"
"SAMD13","A_32_P130788"
"SAMD14","A_24_P185186"
"SAMD15","A_23_P349025"
"SAMD3","A_23_P93524"
"SAMD4A","A_24_P383523"
"SAMD4B","A_24_P136758"
"SAMD5","A_24_P602871"
"SAMD7","A_24_P6449"
"SAMD8","A_23_P63870"
"SAMD9","A_24_P175187"
"SAMD9L","A_23_P145874"
"SAMHD1","A_33_P3406281"
"SAMM50","A_23_P29318"
"SAMSN1","A_23_P29005"
"SAMTOR","A_24_P303647"
"SANBR","A_33_P3306153"
"SAP130","A_23_P154188"
"SAP18","A_24_P381555"
"SAP30BP","A_24_P304987"
"SAP30L","A_23_P368101"
"SAPCD1","A_24_P3804"
"SAPCD2","A_24_P100517"
"SAR1A","A_23_P127175"
"SAR1B","A_23_P92842"
"SARAF","A_33_P3349521"
"SARDH","A_33_P3257861"
"SARM1","A_24_P267293"
"SARNP","A_23_P43946"
"SARS1","A_33_P3248654"
"SARS2","A_23_P90484"
"SART1","A_33_P3299435"
"SART3","A_23_P87664"
"SASH1","A_24_P658584"
"SASH3","A_24_P237443"
"SASS6","A_24_P349151"
"SAT1","A_23_P137016"
"SAT2","A_23_P15402"
"SATB1","A_23_P259741"
"SATB2","A_32_P174365"
"SATL1","A_33_P3350420"
"SAV1","A_24_P287473"
"SAXO1","A_23_P344578"
"SAXO2","A_24_P247026"
"SAXO4","A_23_P98571"
"SAXO5","A_33_P3319886"
"SAXO6","A_23_P204782"
"SAYSD1","A_23_P19322"
"SBDS","A_33_P3238866"
"SBDSP1","A_33_P3364205"
"SBF1","A_33_P3323999"
"SBF1P1","A_33_P3416150"
"SBF2","A_23_P419795"
"SBK1","A_33_P3366336"
"SBK2","A_23_P142031"
"SBK3","A_33_P3237744"
"SBNO1","A_33_P3780901"
"SBNO2","A_33_P3298587"
"SBSN","A_33_P3269636"
"SBSPON","A_23_P170649"
"SC5D","A_32_P41026"
"SCAF1","A_24_P117672"
"SCAF11","A_33_P3219469"
"SCAF4","A_23_P6223"
"SCAI","A_32_P71113"
"SCAMP1","A_33_P3360942"
"SCAMP2","A_23_P385081"
"SCAMP3","A_33_P3346791"
"SCAMP4","A_24_P79153"
"SCAMP5","A_23_P152047"
"SCAND1","A_23_P6196"
"SCAND2P","A_23_P205875"
"SCAND3","A_24_P188164"
"SCAP","A_23_P252825"
"SCAPER","A_24_P162244"
"SCARA3","A_23_P215900"
"SCARA5","A_23_P94103"
"SCARB1","A_23_P203900"
"SCARB2","A_33_P3410459"
"SCARF1","A_23_P15414"
"SCARF2","A_24_P108738"
"SCARNA1","A_33_P3344492"
"SCARNA10","A_33_P3363120"
"SCARNA12","A_33_P3224307"
"SCARNA13","A_33_P3338360"
"SCARNA16","A_33_P3286621"
"SCARNA17","A_32_P37592"
"SCARNA2","A_33_P3273584"
"SCARNA22","A_33_P3832341"
"SCARNA23","A_33_P3737979"
"SCARNA4","A_33_P3460485"
"SCARNA5","A_33_P3363082"
"SCARNA6","A_33_P3230837"
"SCARNA7","A_33_P3284715"
"SCARNA9","A_33_P3290443"
"SCARNA9L","A_33_P3417459"
"SCCPDH","A_23_P62807"
"SCD","A_32_P163858"
"SCD5","A_24_P385134"
"SCEL","A_23_P500000"
"SCFD1","A_23_P88209"
"SCFD2","A_23_P92543"
"SCG2","A_24_P88696"
"SCG3","A_24_P210569"
"SCG5","A_23_P62081"
"SCGB1A1","A_23_P150583"
"SCGB1C1","A_23_P27207"
"SCGB1D1","A_23_P127781"
"SCGB1D2","A_23_P150555"
"SCGB1D4","A_33_P3228014"
"SCGB2A1","A_23_P312300"
"SCGB2A2","A_23_P161940"
"SCGB2B2","A_32_P191860"
"SCGB3A1","A_33_P3210379"
"SCGB3A2","A_23_P145006"
"SCGN","A_23_P251412"
"SCHIP1","A_32_P62863"
"SCIMP","A_33_P3226080"
"SCIN","A_23_P157136"
"SCLT1","A_33_P3340404"
"SCLY","A_23_P345065"
"SCMH1","A_23_P12477"
"SCML1","A_24_P108863"
"SCML2","A_33_P3320010"
"SCML4","A_33_P3387691"
"SCN10A","A_23_P158555"
"SCN11A","A_24_P223018"
"SCN1A","A_33_P3263533"
"SCN1B","A_23_P79015"
"SCN2A","A_23_P51019"
"SCN2B","A_32_P187571"
"SCN3A","A_23_P67896"
"SCN3B","A_33_P3402404"
"SCN4A","A_24_P270999"
"SCN4B","A_23_P303833"
"SCN5A","A_33_P3391455"
"SCN7A","A_23_P90944"
"SCN8A","A_23_P76245"
"SCN9A","A_24_P3005"
"SCNM1","A_23_P34968"
"SCNN1A","A_23_P128323"
"SCNN1B","A_32_P83098"
"SCNN1D","A_23_P46412"
"SCNN1G","A_23_P206626"
"SCO1","A_23_P15466"
"SCO2","A_23_P132388"
"SCOC","A_24_P46334"
"SCP2","A_23_P126057"
"SCP2D1","A_23_P28920"
"SCPEP1","A_23_P152548"
"SCRG1","A_23_P167159"
"SCRIB","A_23_P159039"
"SCRN1","A_23_P366366"
"SCRN2","A_24_P318593"
"SCRN3","A_23_P17021"
"SCRT1","A_33_P3851174"
"SCRT2","A_33_P3252974"
"SCT","A_23_P104594"
"SCTR","A_23_P28139"
"SCUBE1","A_33_P3230990"
"SCUBE3","A_24_P943894"
"SCX","A_33_P3299510"
"SCYL1","A_24_P30314"
"SCYL2","A_23_P204550"
"SCYL3","A_23_P74320"
"SDAD1","A_24_P397247"
"SDC1","A_23_P16944"
"SDC2","A_33_P3371219"
"SDC3","A_23_P74887"
"SDC4","A_23_P109034"
"SDC4P","A_33_P3244623"
"SDCBP","A_23_P157580"
"SDCBP2","A_23_P131899"
"SDCCAG8","A_23_P34546"
"SDE2","A_32_P64475"
"SDF2","A_23_P107313"
"SDF2L1","A_23_P6344"
"SDF4","A_33_P3287529"
"SDHA","A_33_P3311056"
"SDHAF1","A_32_P23010"
"SDHAF2","A_23_P1926"
"SDHAF3","A_23_P59528"
"SDHAF4","A_33_P3361417"
"SDHAP1","A_33_P3322236"
"SDHB","A_23_P149649"
"SDHC","A_33_P3410724"
"SDHD","A_23_P138967"
"SDK1","A_23_P93727"
"SDK2","A_24_P108262"
"SDR16C5","A_24_P317708"
"SDR39U1","A_23_P163161"
"SDR42E1","A_23_P129458"
"SDR9C7","A_23_P371758"
"SDS","A_23_P2645"
"SDSL","A_33_P3227472"
"SEBOX","A_33_P3309506"
"SEC11A","A_23_P380917"
"SEC11C","A_23_P208009"
"SEC13","A_23_P29555"
"SEC14L1","A_33_P3275751"
"SEC14L2","A_33_P3286754"
"SEC14L3","A_33_P3383551"
"SEC14L4","A_23_P421032"
"SEC14L5","A_24_P254850"
"SEC14L6","A_33_P3348224"
"SEC16A","A_23_P251303"
"SEC16B","A_23_P51918"
"SEC1P","A_33_P3548860"
"SEC22A","A_23_P259874"
"SEC22B","A_23_P412392"
"SEC22C","A_33_P3258702"
"SEC23A","A_23_P140170"
"SEC23B","A_24_P690924"
"SEC23IP","A_23_P202602"
"SEC24A","A_23_P394605"
"SEC24B","A_23_P69683"
"SEC24C","A_33_P3317123"
"SEC24D","A_23_P159382"
"SEC31A","A_24_P277349"
"SEC31B","A_23_P35564"
"SEC61A1","A_23_P212458"
"SEC61A2","A_33_P3336287"
"SEC61B","A_24_P8494"
"SEC61G","A_23_P71241"
"SEC62","A_23_P357860"
"SEC63","A_23_P214977"
"SECISBP2","A_23_P84872"
"SECISBP2L","A_23_P37415"
"SECTM1","A_24_P48204"
"SEH1L","A_24_P407930"
"SEL1L","A_33_P3404701"
"SEL1L2","A_33_P3283430"
"SEL1L3","A_23_P426021"
"SELE","A_23_P97112"
"SELENBP1","A_23_P86021"
"SELENOF","A_23_P83463"
"SELENOH","A_23_P340318"
"SELENOI","A_24_P940803"
"SELENOK","A_23_P364517"
"SELENOM","A_23_P6413"
"SELENON","A_23_P370625"
"SELENOO","A_23_P341065"
"SELENOP","A_33_P3358745"
"SELENOS","A_33_P3251289"
"SELENOT","A_33_P3424297"
"SELENOV","A_33_P3243138"
"SELENOW","A_23_P27724"
"SELL","A_33_P3400273"
"SELP","A_33_P3339100"
"SELPLG","A_23_P64860"
"SEM1","A_23_P42664"
"SEMA3A","A_24_P192301"
"SEMA3B","A_23_P132718"
"SEMA3C","A_23_P256473"
"SEMA3D","A_32_P29118"
"SEMA3E","A_24_P123833"
"SEMA3F","A_33_P3813128"
"SEMA3G","A_23_P6818"
"SEMA4A","A_23_P23438"
"SEMA4B","A_23_P95165"
"SEMA4D","A_33_P3697530"
"SEMA4F","A_23_P165608"
"SEMA4G","A_23_P127068"
"SEMA5A","A_33_P3372727"
"SEMA5B","A_23_P121374"
"SEMA6A","A_24_P213478"
"SEMA6B","A_23_P208900"
"SEMA6C","A_33_P3284919"
"SEMA6D","A_24_P10226"
"SEMG1","A_33_P3267577"
"SEMG2","A_23_P5968"
"SENP1","A_23_P204536"
"SENP2","A_32_P74712"
"SENP3","A_23_P164000"
"SENP5","A_32_P32653"
"SENP6","A_33_P3376644"
"SENP7","A_24_P265856"
"SENP8","A_23_P334263"
"SEPHS1","A_23_P150092"
"SEPHS1P1","A_33_P3256987"
"SEPHS2","A_23_P146798"
"SEPSECS","A_23_P167201"
"SEPTIN11","A_33_P3310475"
"SEPTIN14P20","A_23_P355776"
"SEPTIN2","A_23_P170839"
"SEPTIN4","A_23_P207003"
"SEPTIN6","A_23_P22614"
"SEPTIN7","A_23_P8482"
"SEPTIN7P2","A_24_P925635"
"SEPTIN7P9","A_33_P3309034"
"SEPTIN8","A_23_P415827"
"SERAC1","A_33_P3777584"
"SERBP1","A_32_P187599"
"SERF1A","A_24_P346126"
"SERF1B","A_24_P935881"
"SERF2","A_23_P106299"
"SERGEF","A_24_P364087"
"SERHL2","A_23_P120953"
"SERINC1","A_24_P129232"
"SERINC2","A_24_P145629"
"SERINC3","A_23_P79836"
"SERINC4","A_33_P3403936"
"SERINC5","A_23_P423457"
"SERP1","A_23_P91919"
"SERP2","A_23_P139965"
"SERPINA1","A_23_P218111"
"SERPINA10","A_23_P128759"
"SERPINA12","A_23_P88177"
"SERPINA13P","A_24_P341116"
"SERPINA3","A_33_P3399788"
"SERPINA4","A_23_P25720"
"SERPINA5","A_24_P321766"
"SERPINA6","A_23_P117363"
"SERPINA7","A_23_P257307"
"SERPINA9","A_23_P372478"
"SERPINB1","A_23_P214330"
"SERPINB10","A_23_P313981"
"SERPINB11","A_23_P130411"
"SERPINB13","A_33_P3279019"
"SERPINB2","A_24_P245379"
"SERPINB3","A_23_P55632"
"SERPINB4","A_23_P502413"
"SERPINB5","A_33_P3310104"
"SERPINB6","A_33_P3303136"
"SERPINB7","A_23_P141802"
"SERPINB8","A_24_P147461"
"SERPINB9","A_24_P295010"
"SERPIND1","A_33_P3241511"
"SERPINE2","A_23_P50919"
"SERPINE3","A_23_P162861"
"SERPINF1","A_23_P100660"
"SERPINF2","A_23_P89270"
"SERPING1","A_33_P3413989"
"SERPINH1","A_33_P3269203"
"SERPINI1","A_23_P166929"
"SERPINI2","A_23_P132826"
"SERTAD1","A_23_P218463"
"SERTAD2","A_24_P294124"
"SERTAD3","A_23_P141960"
"SERTAD4","A_23_P318904"
"SERTAD4-AS1","A_32_P207169"
"SERTM1","A_24_P366607"
"SERTM2","A_33_P3565067"
"SESN1","A_23_P93562"
"SESN2","A_23_P35082"
"SESN3","A_23_P361448"
"SESTD1","A_33_P3378047"
"SET","A_33_P3727762"
"SETBP1","A_23_P4551"
"SETD1A","A_33_P3234103"
"SETD1B","A_23_P319895"
"SETD2","A_23_P44760"
"SETD3","A_23_P25989"
"SETD4","A_24_P228637"
"SETD5","A_23_P92035"
"SETD6","A_23_P129358"
"SETD7","A_24_P251841"
"SETD9","A_23_P433111"
"SETDB1","A_23_P126393"
"SETDB2","A_23_P341532"
"SETMAR","A_23_P80643"
"SETX","A_24_P940921"
"SEZ6","A_23_P49849"
"SEZ6L","A_23_P80242"
"SEZ6L2","A_23_P10194"
"SF1","A_24_P266728"
"SF3A1","A_33_P3210059"
"SF3A2","A_33_P3210079"
"SF3A3","A_24_P603224"
"SF3B1","A_23_P368393"
"SF3B2","A_23_P64083"
"SF3B3","A_23_P135914"
"SF3B4","A_23_P35131"
"SF3B5","A_23_P19576"
"SF3B6","A_23_P165402"
"SFI1","A_23_P80278"
"SFMBT1","A_23_P259393"
"SFMBT2","A_33_P3387455"
"SFN","A_33_P3389286"
"SFPQ","A_33_P3318292"
"SFR1","A_23_P413193"
"SFRP2","A_23_P81103"
"SFRP4","A_33_P3335177"
"SFRP5","A_23_P1352"
"SFSWAP","A_32_P109704"
"SFT2D1","A_23_P321959"
"SFT2D2","A_23_P148785"
"SFT2D3","A_23_P5568"
"SFTA1P","A_33_P3474175"
"SFTA2","A_24_P367079"
"SFTA3","A_24_P693461"
"SFTPA1","A_24_P223874"
"SFTPA2","A_33_P3344574"
"SFTPB","A_33_P3275873"
"SFTPC","A_23_P95213"
"SFTPD","A_32_P107617"
"SFXN1","A_24_P394420"
"SFXN2","A_24_P175612"
"SFXN3","A_23_P202138"
"SFXN4","A_23_P75149"
"SFXN5","A_24_P63030"
"SGCA","A_23_P66637"
"SGCB","A_33_P3357843"
"SGCD","A_32_P4595"
"SGCE","A_33_P3229617"
"SGCG","A_23_P423237"
"SGCZ","A_23_P373584"
"SGF29","A_33_P3256677"
"SGIP1","A_24_P333857"
"SGK1","A_23_P19673"
"SGK2","A_23_P131801"
"SGK3","A_24_P46953"
"SGMS1","A_32_P163125"
"SGMS2","A_23_P326204"
"SGO1","A_24_P225970"
"SGO2","A_23_P411335"
"SGPL1","A_33_P3327847"
"SGPP1","A_23_P347048"
"SGPP2","A_33_P3386547"
"SGSH","A_23_P254254"
"SGSM1","A_32_P527371"
"SGSM2","A_24_P92256"
"SGSM3","A_23_P166491"
"SGTA","A_33_P3359413"
"SGTB","A_33_P3371089"
"SH2B1","A_24_P185029"
"SH2B2","A_33_P3414389"
"SH2B3","A_24_P201739"
"SH2D1A","A_33_P3283619"
"SH2D1B","A_23_P351148"
"SH2D2A","A_23_P160618"
"SH2D3A","A_33_P3254320"
"SH2D3C","A_33_P3293918"
"SH2D4A","A_23_P169003"
"SH2D4B","A_33_P3319856"
"SH2D5","A_24_P686965"
"SH2D6","A_33_P3357199"
"SH2D7","A_33_P3338220"
"SH3BGR","A_33_P3327822"
"SH3BGRL","A_23_P148297"
"SH3BGRL2","A_24_P209171"
"SH3BGRL3","A_23_P126388"
"SH3BP1","A_23_P143692"
"SH3BP2","A_33_P3414799"
"SH3BP4","A_23_P79259"
"SH3BP5","A_24_P148750"
"SH3BP5L","A_23_P426989"
"SH3D19","A_23_P33364"
"SH3D21","A_23_P307536"
"SH3GL1","A_24_P139094"
"SH3GL1P1","A_33_P3545065"
"SH3GL1P2","A_33_P3564399"
"SH3GL1P3","A_33_P3209404"
"SH3GL2","A_23_P169351"
"SH3GL3","A_23_P48988"
"SH3GLB1","A_33_P3298356"
"SH3GLB2","A_24_P386334"
"SH3KBP1","A_23_P374782"
"SH3PXD2A","A_23_P35456"
"SH3PXD2B","A_32_P24585"
"SH3RF1","A_24_P100551"
"SH3RF2","A_24_P120537"
"SH3RF3","A_24_P589266"
"SH3TC1","A_23_P41390"
"SH3TC2","A_32_P305888"
"SH3YL1","A_33_P3379456"
"SHANK1","A_23_P208636"
"SHANK2","A_23_P334883"
"SHANK3","A_24_P194881"
"SHARPIN","A_33_P3213551"
"SHB","A_23_P257743"
"SHBG","A_23_P207089"
"SHC1","A_24_P68585"
"SHC2","A_32_P205624"
"SHC3","A_23_P61406"
"SHC4","A_32_P234145"
"SHCBP1","A_32_P96719"
"SHCBP1L","A_23_P136571"
"SHD","A_23_P142255"
"SHE","A_23_P400716"
"SHF","A_32_P183904"
"SHFL","A_33_P3641714"
"SHH","A_23_P111657"
"SHISA2","A_32_P55241"
"SHISA3","A_23_P41476"
"SHISA4","A_23_P115573"
"SHISA5","A_23_P212475"
"SHISA6","A_33_P3481674"
"SHISA7","A_24_P161581"
"SHISA8","A_33_P3222932"
"SHISA9","A_33_P3280729"
"SHISAL1","A_32_P37867"
"SHISAL2A","A_33_P3295786"
"SHISAL2B","A_33_P3420976"
"SHKBP1","A_23_P130553"
"SHLD1","A_33_P3275510"
"SHLD2","A_23_P127279"
"SHMT1","A_23_P502654"
"SHMT2","A_23_P169629"
"SHOC1","A_32_P341615"
"SHOC2","A_23_P202565"
"SHOX","A_23_P22761"
"SHOX2","A_33_P3221859"
"SHPK","A_23_P310350"
"SHPRH","A_24_P153576"
"SHQ1","A_24_P299996"
"SHROOM1","A_33_P3245977"
"SHROOM2","A_23_P217755"
"SHROOM3","A_33_P3336700"
"SHROOM4","A_33_P3310047"
"SHTN1","A_23_P202587"
"SI","A_32_P302205"
"SIAE","A_23_P24616"
"SIAH1","A_33_P3270509"
"SIAH2","A_33_P3358342"
"SIAH3","A_24_P59735"
"SIDT1","A_23_P132515"
"SIDT2","A_23_P98402"
"SIGIRR","A_23_P84344"
"SIGLEC1","A_23_P17481"
"SIGLEC10","A_23_P208182"
"SIGLEC11","A_24_P339560"
"SIGLEC12","A_23_P164596"
"SIGLEC14","A_33_P3382493"
"SIGLEC15","A_23_P50146"
"SIGLEC16","A_33_P3306024"
"SIGLEC17P","A_32_P128258"
"SIGLEC5","A_24_P48539"
"SIGLEC6","A_23_P4592"
"SIGLEC7","A_23_P38784"
"SIGLEC8","A_24_P40001"
"SIGLEC9","A_24_P125561"
"SIGLECL1","A_32_P80816"
"SIGMAR1","A_23_P146637"
"SIK1","A_23_P132121"
"SIK2","A_33_P3216933"
"SIK3","A_24_P329924"
"SIKE1","A_33_P3383261"
"SIL1","A_33_P3341586"
"SIM1","A_23_P214743"
"SIM2","A_23_P211110"
"SIMC1","A_24_P392060"
"SIN3A","A_23_P367676"
"SIN3B","A_33_P3225230"
"SINHCAF","A_23_P13663"
"SIPA1","A_23_P127460"
"SIPA1L1","A_23_P76969"
"SIPA1L2","A_23_P137470"
"SIPA1L3","A_24_P202558"
"SIRAL1","A_23_P319492"
"SIRAL2","A_33_P3424861"
"SIRPA","A_23_P210708"
"SIRPB1","A_33_P3248072"
"SIRPB2","A_24_P202840"
"SIRPD","A_33_P3244610"
"SIRPG","A_23_P28857"
"SIRT1","A_23_P98022"
"SIRT2","A_33_P3271800"
"SIRT3","A_24_P85158"
"SIRT4","A_23_P99226"
"SIRT5","A_33_P3764802"
"SIRT6","A_23_P208847"
"SIRT7","A_33_P3391727"
"SIT1","A_23_P43369"
"SIVA1","A_24_P116351"
"SIX1","A_23_P76914"
"SIX2","A_23_P28120"
"SIX3","A_24_P34611"
"SIX4","A_32_P204205"
"SIX5","A_33_P3412975"
"SKA1","A_24_P322354"
"SKA2","A_24_P945000"
"SKA3","A_33_P3216008"
"SKAP2","A_33_P3388312"
"SKI","A_23_P325631"
"SKIC2","A_23_P168080"
"SKIC3","A_33_P3259620"
"SKIC8","A_23_P49021"
"SKIDA1","A_32_P152767"
"SKIL","A_23_P351215"
"SKINT1L","A_24_P760960"
"SKOR1","A_33_P3355659"
"SKP1","A_23_P133424"
"SKP2","A_23_P156310"
"SLA","A_23_P216340"
"SLA2","A_23_P143173"
"SLAIN1","A_23_P348146"
"SLAIN2","A_23_P303423"
"SLAMF1","A_23_P62647"
"SLAMF6","A_24_P45451"
"SLAMF7","A_24_P353638"
"SLAMF8","A_23_P200138"
"SLAMF9","A_23_P96833"
"SLBP","A_23_P7101"
"SLC10A1","A_23_P25698"
"SLC10A2","A_23_P140009"
"SLC10A3","A_33_P3222892"
"SLC10A4","A_23_P314811"
"SLC10A5","A_33_P3416331"
"SLC10A6","A_33_P3212102"
"SLC10A7","A_23_P213085"
"SLC11A1","A_33_P3702055"
"SLC11A2","A_23_P139820"
"SLC12A1","A_33_P3282454"
"SLC12A2","A_32_P25437"
"SLC12A3","A_23_P77653"
"SLC12A4","A_23_P389391"
"SLC12A5","A_33_P3225111"
"SLC12A6","A_33_P3212112"
"SLC12A7","A_33_P3357530"
"SLC12A8","A_33_P3298861"
"SLC12A9","A_33_P3229181"
"SLC13A1","A_24_P355057"
"SLC13A2","A_23_P107307"
"SLC13A3","A_24_P356916"
"SLC13A4","A_23_P19778"
"SLC13A5","A_23_P66739"
"SLC14A1","A_23_P55616"
"SLC14A2","A_23_P27353"
"SLC15A1","A_33_P3373273"
"SLC15A2","A_23_P92107"
"SLC15A3","A_23_P75786"
"SLC15A4","A_33_P3406449"
"SLC15A5","A_33_P3408172"
"SLC16A1","A_33_P3282434"
"SLC16A10","A_33_P3308512"
"SLC16A11","A_23_P363313"
"SLC16A12","A_33_P3481987"
"SLC16A14","A_24_P342829"
"SLC16A2","A_23_P137097"
"SLC16A3","A_23_P158725"
"SLC16A4","A_33_P3227920"
"SLC16A5","A_23_P159125"
"SLC16A6","A_23_P152791"
"SLC16A7","A_32_P130630"
"SLC16A8","A_33_P3298850"
"SLC17A1","A_23_P42189"
"SLC17A2","A_23_P59051"
"SLC17A3","A_23_P255695"
"SLC17A4","A_33_P3379926"
"SLC17A5","A_33_P3416321"
"SLC17A6","A_23_P24294"
"SLC17A7","A_23_P78750"
"SLC17A8","A_24_P124647"
"SLC17A9","A_33_P3229156"
"SLC18A1","A_23_P33168"
"SLC18A2","A_23_P52499"
"SLC18A3","A_33_P3270317"
"SLC18B1","A_23_P134113"
"SLC19A1","A_33_P3384108"
"SLC19A2","A_23_P160466"
"SLC19A3","A_33_P3274562"
"SLC19A4P","A_23_P258748"
"SLC1A1","A_23_P216468"
"SLC1A2","A_24_P350759"
"SLC1A3","A_24_P286114"
"SLC1A4","A_24_P191312"
"SLC1A5","A_23_P55998"
"SLC1A6","A_24_P179467"
"SLC1A7","A_23_P325562"
"SLC20A1","A_23_P165657"
"SLC20A2","A_23_P94921"
"SLC22A1","A_23_P145569"
"SLC22A10","A_23_P161968"
"SLC22A11","A_33_P3242693"
"SLC22A12","A_33_P3316721"
"SLC22A13","A_23_P144123"
"SLC22A14","A_33_P3287203"
"SLC22A15","A_23_P388900"
"SLC22A16","A_23_P42004"
"SLC22A17","A_24_P330385"
"SLC22A2","A_33_P3287383"
"SLC22A20P","A_33_P3235841"
"SLC22A23","A_24_P350228"
"SLC22A24","A_24_P21829"
"SLC22A25","A_33_P3221753"
"SLC22A3","A_32_P309404"
"SLC22A31","A_33_P3294603"
"SLC22A4","A_23_P156180"
"SLC22A5","A_24_P174755"
"SLC22A6","A_23_P98616"
"SLC22A7","A_23_P93217"
"SLC22A8","A_33_P3367171"
"SLC22A9","A_23_P150590"
"SLC23A1","A_23_P21990"
"SLC23A2","A_24_P254278"
"SLC23A3","A_23_P28246"
"SLC24A1","A_23_P205913"
"SLC24A2","A_33_P3367731"
"SLC24A3","A_23_P79978"
"SLC24A4","A_23_P503010"
"SLC24A5","A_33_P3400688"
"SLC25A1","A_23_P120776"
"SLC25A10","A_23_P146830"
"SLC25A11","A_23_P38497"
"SLC25A12","A_23_P142714"
"SLC25A13","A_23_P82334"
"SLC25A14","A_23_P135966"
"SLC25A15","A_33_P3840512"
"SLC25A16","A_33_P3275959"
"SLC25A17","A_23_P57547"
"SLC25A18","A_24_P74508"
"SLC25A19","A_33_P3350074"
"SLC25A2","A_23_P92650"
"SLC25A20","A_23_P72025"
"SLC25A21","A_23_P136504"
"SLC25A22","A_23_P409386"
"SLC25A23","A_32_P224522"
"SLC25A24","A_23_P74799"
"SLC25A25","A_24_P355267"
"SLC25A26","A_24_P368544"
"SLC25A27","A_33_P3412468"
"SLC25A28","A_23_P75220"
"SLC25A29","A_23_P77048"
"SLC25A3","A_23_P25204"
"SLC25A30","A_33_P3380417"
"SLC25A31","A_23_P18755"
"SLC25A32","A_24_P69439"
"SLC25A33","A_23_P36226"
"SLC25A34","A_33_P3227904"
"SLC25A35","A_23_P366726"
"SLC25A36","A_33_P3228762"
"SLC25A37","A_33_P3343210"
"SLC25A38","A_23_P91814"
"SLC25A39","A_23_P100764"
"SLC25A4","A_24_P206047"
"SLC25A40","A_23_P432626"
"SLC25A41","A_23_P313550"
"SLC25A42","A_23_P436526"
"SLC25A43","A_23_P125668"
"SLC25A44","A_24_P400473"
"SLC25A45","A_23_P422511"
"SLC25A46","A_23_P133375"
"SLC25A47","A_23_P106258"
"SLC25A48","A_23_P424051"
"SLC25A5","A_23_P137057"
"SLC25A51","A_33_P3255499"
"SLC25A53","A_33_P3218178"
"SLC25A6","A_33_P3411397"
"SLC26A1","A_24_P29117"
"SLC26A10P","A_23_P116642"
"SLC26A11","A_23_P125078"
"SLC26A2","A_33_P3277447"
"SLC26A4","A_23_P331560"
"SLC26A5","A_33_P3400699"
"SLC26A6","A_23_P109895"
"SLC26A7","A_32_P381593"
"SLC26A8","A_23_P30950"
"SLC26A9","A_23_P201248"
"SLC27A1","A_24_P382489"
"SLC27A2","A_23_P140450"
"SLC27A3","A_24_P179816"
"SLC27A4","A_24_P257971"
"SLC27A5","A_23_P4611"
"SLC27A6","A_23_P41789"
"SLC28A1","A_33_P3266390"
"SLC28A2","A_23_P48816"
"SLC28A3","A_23_P32078"
"SLC29A1","A_23_P133694"
"SLC29A2","A_23_P104705"
"SLC29A3","A_23_P46871"
"SLC29A4","A_23_P168551"
"SLC2A1","A_23_P571"
"SLC2A10","A_24_P271323"
"SLC2A11","A_33_P3268649"
"SLC2A12","A_33_P3331125"
"SLC2A13","A_33_P3354514"
"SLC2A14","A_32_P47754"
"SLC2A2","A_24_P405705"
"SLC2A3","A_24_P81900"
"SLC2A4","A_32_P151263"
"SLC2A4RG","A_23_P102571"
"SLC2A5","A_23_P160159"
"SLC2A6","A_33_P3337044"
"SLC2A7","A_33_P3238425"
"SLC2A8","A_23_P252783"
"SLC2A9","A_23_P213014"
"SLC30A1","A_23_P23815"
"SLC30A10","A_33_P3269885"
"SLC30A2","A_24_P156748"
"SLC30A3","A_23_P302568"
"SLC30A4","A_32_P21255"
"SLC30A5","A_23_P218988"
"SLC30A6","A_24_P342807"
"SLC30A7","A_24_P563545"
"SLC30A8","A_33_P3283813"
"SLC30A9","A_23_P30050"
"SLC31A1","A_24_P928901"
"SLC31A2","A_23_P217109"
"SLC32A1","A_23_P307382"
"SLC33A1","A_33_P3251108"
"SLC33A2","A_23_P406350"
"SLC34A1","A_23_P58729"
"SLC34A2","A_23_P133036"
"SLC34A3","A_33_P3297468"
"SLC35A1","A_23_P58912"
"SLC35A2","A_24_P310616"
"SLC35A3","A_23_P34460"
"SLC35A4","A_23_P69840"
"SLC35A5","A_23_P255057"
"SLC35B1","A_23_P89455"
"SLC35B2","A_33_P3368039"
"SLC35B3","A_23_P145463"
"SLC35B4","A_33_P3250953"
"SLC35C1","A_23_P202720"
"SLC35D1","A_23_P357929"
"SLC35D2","A_23_P32029"
"SLC35D3","A_33_P3369799"
"SLC35D4","A_23_P89824"
"SLC35E1","A_33_P3273409"
"SLC35E2B","A_33_P3245066"
"SLC35E3","A_23_P147729"
"SLC35E4","A_23_P259357"
"SLC35F1","A_23_P413888"
"SLC35F2","A_23_P339098"
"SLC35F3","A_23_P422212"
"SLC35F4","A_23_P163075"
"SLC35F5","A_23_P361569"
"SLC35F6","A_24_P913339"
"SLC35G1","A_23_P390032"
"SLC35G2","A_24_P371281"
"SLC35G5","A_23_P59988"
"SLC35H1","A_33_P3358799"
"SLC36A1","A_33_P3251093"
"SLC36A2","A_23_P70102"
"SLC36A3","A_33_P3780987"
"SLC36A4","A_23_P86838"
"SLC37A1","A_23_P17695"
"SLC37A2","A_33_P3474319"
"SLC37A3","A_23_P95130"
"SLC37A4","A_23_P35970"
"SLC38A1","A_24_P261734"
"SLC38A10","A_23_P55011"
"SLC38A11","A_23_P56494"
"SLC38A12","A_24_P284324"
"SLC38A2","A_23_P218079"
"SLC38A3","A_23_P155487"
"SLC38A4","A_24_P321581"
"SLC38A5","A_23_P84929"
"SLC38A6","A_33_P3404954"
"SLC38A7","A_23_P65967"
"SLC38A8","A_33_P3368506"
"SLC38A9","A_32_P126311"
"SLC39A1","A_23_P23575"
"SLC39A11","A_24_P57528"
"SLC39A12","A_23_P24149"
"SLC39A13","A_23_P24345"
"SLC39A14","A_23_P59950"
"SLC39A2","A_23_P128855"
"SLC39A3","A_24_P382467"
"SLC39A4","A_33_P3240353"
"SLC39A5","A_33_P3385006"
"SLC39A6","A_24_P156049"
"SLC39A7","A_23_P70571"
"SLC39A8","A_23_P41424"
"SLC39A9","A_23_P380326"
"SLC3A1","A_24_P217234"
"SLC3A2","A_23_P75811"
"SLC41A1","A_24_P122732"
"SLC41A2","A_23_P204801"
"SLC41A3","A_23_P18317"
"SLC43A1","A_23_P52939"
"SLC43A2","A_24_P296508"
"SLC43A3","A_24_P406986"
"SLC44A1","A_23_P216630"
"SLC44A2","A_33_P3330549"
"SLC44A3","A_23_P86195"
"SLC44A4","A_24_P684183"
"SLC44A5","A_23_P342641"
"SLC45A1","A_32_P223059"
"SLC45A2","A_33_P3241696"
"SLC45A3","A_24_P208345"
"SLC45A4","A_33_P3224819"
"SLC46A1","A_33_P3235611"
"SLC46A2","A_23_P31996"
"SLC46A3","A_23_P205074"
"SLC47A1","A_24_P142503"
"SLC47A2","A_23_P77908"
"SLC48A1","A_24_P309594"
"SLC49A3","A_23_P72157"
"SLC49A4","A_23_P80778"
"SLC4A1","A_33_P3400217"
"SLC4A10","A_24_P314786"
"SLC4A11","A_23_P154688"
"SLC4A1AP","A_23_P56810"
"SLC4A2","A_23_P253389"
"SLC4A3","A_23_P39647"
"SLC4A4","A_32_P358887"
"SLC4A5","A_33_P3241393"
"SLC4A7","A_24_P368575"
"SLC4A8","A_33_P3419998"
"SLC4A9","A_23_P257176"
"SLC50A1","A_24_P88565"
"SLC51A","A_24_P385732"
"SLC51B","A_23_P436284"
"SLC52A1","A_23_P15692"
"SLC52A2","A_33_P3274696"
"SLC52A3","A_23_P57110"
"SLC5A1","A_23_P17826"
"SLC5A10","A_23_P328022"
"SLC5A11","A_23_P37914"
"SLC5A12","A_23_P323943"
"SLC5A2","A_33_P3217495"
"SLC5A3","A_33_P3277110"
"SLC5A4","A_23_P57492"
"SLC5A5","A_23_P101774"
"SLC5A6","A_33_P3281465"
"SLC5A7","A_33_P3299339"
"SLC5A8","A_33_P3381186"
"SLC5A9","A_24_P242581"
"SLC60A1","A_23_P365412"
"SLC60A2","A_33_P3285911"
"SLC61A1","A_23_P72853"
"SLC66A1","A_33_P3388491"
"SLC66A1LP","A_32_P516818"
"SLC66A2","A_33_P3245824"
"SLC66A3","A_23_P131375"
"SLC67A1","A_23_P139260"
"SLC67A1-AS","A_33_P3316587"
"SLC67A2","A_33_P3272189"
"SLC68A1","A_23_P337729"
"SLC6A1","A_24_P268685"
"SLC6A10P","A_24_P15621"
"SLC6A11","A_23_P418562"
"SLC6A12","A_23_P76386"
"SLC6A13","A_23_P64980"
"SLC6A14","A_24_P365721"
"SLC6A15","A_33_P3392320"
"SLC6A16","A_23_P130735"
"SLC6A17","A_24_P820037"
"SLC6A18","A_24_P212234"
"SLC6A19","A_33_P3220545"
"SLC6A2","A_33_P3259022"
"SLC6A20","A_24_P20369"
"SLC6A3","A_33_P3303772"
"SLC6A4","A_32_P182812"
"SLC6A6","A_24_P46093"
"SLC6A7","A_33_P3261298"
"SLC6A8","A_33_P3325262"
"SLC6A9","A_33_P3402615"
"SLC71A1","A_23_P45851"
"SLC71A2","A_23_P83073"
"SLC75A1","A_23_P41246"
"SLC7A1","A_24_P253251"
"SLC7A10","A_23_P108075"
"SLC7A11","A_33_P3242623"
"SLC7A13","A_23_P336663"
"SLC7A14","A_23_P253451"
"SLC7A2","A_33_P3316539"
"SLC7A3","A_23_P159851"
"SLC7A4","A_23_P120794"
"SLC7A5","A_24_P335620"
"SLC7A5P1","A_33_P3311170"
"SLC7A6","A_24_P159312"
"SLC7A6OS","A_23_P3562"
"SLC7A7","A_23_P99642"
"SLC7A8","A_23_P205489"
"SLC7A9","A_23_P142250"
"SLC8A1","A_32_P147078"
"SLC8A2","A_33_P3319542"
"SLC8A3","A_24_P167654"
"SLC8B1","A_23_P328600"
"SLC9A1","A_24_P71373"
"SLC9A2","A_33_P3261019"
"SLC9A3","A_23_P30582"
"SLC9A3-OT1","A_24_P419300"
"SLC9A4","A_33_P3396270"
"SLC9A5","A_23_P129433"
"SLC9A6","A_23_P22625"
"SLC9A7","A_23_P11032"
"SLC9A7P1","A_33_P3254380"
"SLC9A8","A_24_P58054"
"SLC9A9","A_32_P46214"
"SLC9B1","A_23_P415611"
"SLC9B2","A_23_P341567"
"SLC9C1","A_24_P24770"
"SLC9C2","A_32_P485915"
"SLC9D1","A_33_P3247255"
"SLCO1A2","A_33_P3316770"
"SLCO1B1","A_23_P128254"
"SLCO1B3","A_33_P3364089"
"SLCO1B7","A_24_P713267"
"SLCO2A1","A_23_P135990"
"SLCO2B1","A_23_P150768"
"SLCO3A1","A_24_P588897"
"SLCO4A1","A_23_P5903"
"SLCO4C1","A_32_P154342"
"SLCO5A1","A_23_P135669"
"SLCO6A1","A_23_P92885"
"SLED1","A_24_P927716"
"SLF1","A_24_P212072"
"SLF2","A_33_P3392250"
"SLFN11","A_33_P3315375"
"SLFN12L","A_33_P3261468"
"SLFN13","A_33_P3275487"
"SLFN14","A_33_P3358049"
"SLFN5","A_33_P3209522"
"SLFNL1","A_23_P389141"
"SLIRP","A_23_P128991"
"SLIRP-OT1","A_23_P379692"
"SLIT1","A_33_P3411035"
"SLIT2","A_23_P144348"
"SLIT3","A_23_P58588"
"SLITRK1","A_32_P136351"
"SLITRK2","A_33_P3225106"
"SLITRK3","A_23_P18362"
"SLITRK4","A_32_P131640"
"SLITRK5","A_24_P102293"
"SLITRK6","A_23_P65307"
"SLK","A_24_P146670"
"SLMAP","A_24_P942773"
"SLN","A_23_P150343"
"SLPI","A_24_P190472"
"SLTM","A_23_P26094"
"SLU7","A_24_P174824"
"SLURP1","A_33_P3258801"
"SLX1A","A_23_P501451"
"SLX4","A_23_P371129"
"SLX4IP","A_23_P364766"
"SLX9","A_23_P61202"
"SMAD1","A_24_P71938"
"SMAD2","A_32_P12580"
"SMAD5","A_33_P3220445"
"SMAD5-AS1","A_23_P399797"
"SMAD6","A_33_P3220470"
"SMAD7","A_23_P55518"
"SMAD9","A_23_P2814"
"SMAGP","A_23_P64837"
"SMAP1","A_24_P380348"
"SMAP2","A_23_P406330"
"SMARCA1","A_23_P44244"
"SMARCA2","A_23_P252764"
"SMARCA4","A_23_P39034"
"SMARCA5","A_23_P256716"
"SMARCAD1","A_23_P213255"
"SMARCAL1","A_33_P3217834"
"SMARCB1","A_33_P3232508"
"SMARCC1","A_23_P83453"
"SMARCC2","A_23_P128073"
"SMARCD1","A_24_P232696"
"SMARCD2","A_23_P66487"
"SMARCD3","A_23_P122852"
"SMARCE1","A_23_P164387"
"SMC1A","A_33_P3290909"
"SMC1B","A_23_P29330"
"SMC2","A_33_P3357322"
"SMC3","A_23_P138631"
"SMC4","A_33_P3248519"
"SMC5","A_32_P126609"
"SMC6","A_23_P209962"
"SMCHD1","A_23_P38723"
"SMCO1","A_33_P3287680"
"SMCO2","A_23_P389250"
"SMCO3","A_33_P3396224"
"SMCO4","A_23_P75430"
"SMCP","A_24_P336596"
"SMCR2","A_33_P3877739"
"SMCR5","A_33_P3294679"
"SMCR6","A_33_P3877728"
"SMCR8","A_23_P300124"
"SMDT1","A_23_P211584"
"SMG1","A_23_P26358"
"SMG5","A_23_P322043"
"SMG6","A_23_P100676"
"SMG6-IT1","A_33_P3876414"
"SMG7","A_23_P201647"
"SMG7-AS1","A_33_P3461129"
"SMG8","A_23_P66563"
"SMG9","A_23_P56127"
"SMIM10L2A","A_33_P3294868"
"SMIM10L2B","A_32_P104432"
"SMIM11","A_24_P74487"
"SMIM12","A_33_P3325467"
"SMIM15","A_33_P3240931"
"SMIM19","A_24_P261005"
"SMIM20","A_24_P341222"
"SMIM21","A_33_P3325685"
"SMIM24","A_23_P397120"
"SMIM29","A_23_P81993"
"SMIM3","A_23_P414273"
"SMIM43","A_33_P3390207"
"SMIM45","A_33_P3295458"
"SMIM5","A_33_P3247057"
"SMIM7","A_24_P254177"
"SMIM8","A_24_P388940"
"SMN1","A_23_P58466"
"SMN2","A_24_P126682"
"SMNDC1","A_23_P127233"
"SMO","A_23_P70818"
"SMOC1","A_24_P150466"
"SMOC2","A_23_P70307"
"SMPD1","A_23_P203488"
"SMPD2","A_23_P82162"
"SMPD3","A_23_P163567"
"SMPD4","A_23_P255286"
"SMPDL3A","A_23_P72117"
"SMPDL3B","A_23_P160881"
"SMPX","A_23_P253542"
"SMR3A","A_23_P41365"
"SMR3B","A_33_P3311503"
"SMS","A_24_P305764"
"SMTN","A_23_P211428"
"SMTNL1","A_33_P3346716"
"SMTNL2","A_24_P555066"
"SMU1","A_32_P68746"
"SMUG1","A_24_P75072"
"SMURF1","A_23_P353316"
"SMURF2","A_33_P3370751"
"SMYD1","A_33_P3379816"
"SMYD2","A_23_P170587"
"SMYD3","A_32_P103291"
"SMYD4","A_24_P307175"
"SMYD5","A_23_P91015"
"SNAI1","A_23_P131846"
"SNAI2","A_23_P169039"
"SNAI3","A_23_P170574"
"SNAP23","A_33_P3305974"
"SNAP25","A_33_P3338693"
"SNAP29","A_24_P48862"
"SNAP47","A_23_P393607"
"SNAP91","A_33_P3316118"
"SNAPC1","A_33_P3316223"
"SNAPC2","A_33_P3375383"
"SNAPC3","A_23_P71908"
"SNAPC4","A_23_P20722"
"SNAPC5","A_23_P21776"
"SNAPIN","A_23_P161022"
"SNAR-A3","A_33_P3587376"
"SNAR-B1","A_33_P3729436"
"SNAR-C3","A_33_P3872301"
"SNAR-C4","A_33_P3542911"
"SNAR-E","A_33_P3786807"
"SNAR-G1","A_33_P3542886"
"SNCAIP","A_23_P19020"
"SNCB","A_23_P121945"
"SNCG","A_23_P251293"
"SND1","A_23_P42829"
"SND1-IT1","A_23_P326142"
"SNED1","A_33_P3871347"
"SNF8","A_23_P130064"
"SNHG1","A_24_P785293"
"SNHG10","A_32_P82475"
"SNHG11","A_23_P325119"
"SNHG12","A_23_P74581"
"SNHG15","A_24_P506977"
"SNHG20","A_32_P8529"
"SNHG28","A_24_P456490"
"SNHG29","A_23_P363896"
"SNHG3","A_33_P3280945"
"SNHG32","A_33_P3353051"
"SNHG4","A_33_P3280916"
"SNHG5","A_23_P361085"
"SNHG6","A_33_P3280930"
"SNHG7","A_33_P3280927"
"SNHG8","A_32_P38467"
"SNHG9","A_33_P3280965"
"SNIP1","A_24_P276531"
"SNN","A_24_P30923"
"SNORA12","A_33_P3671291"
"SNORA16B","A_33_P3795707"
"SNORA22","A_33_P3892710"
"SNORA23","A_33_P3241741"
"SNORA24","A_33_P3711426"
"SNORA26","A_33_P3658861"
"SNORA28","A_33_P3709317"
"SNORA2A","A_33_P3542599"
"SNORA2B","A_33_P3655815"
"SNORA33","A_33_P3650353"
"SNORA37","A_33_P3801477"
"SNORA46","A_33_P3800496"
"SNORA50A","A_33_P3629585"
"SNORA50C","A_33_P3876591"
"SNORA53","A_33_P3420496"
"SNORA55","A_33_P3648417"
"SNORA58","A_33_P3462692"
"SNORA59B","A_33_P3419458"
"SNORA60","A_33_P3465703"
"SNORA62","A_33_P3334448"
"SNORA65","A_33_P3484775"
"SNORA70B","A_33_P3888568"
"SNORA71A","A_33_P3495962"
"SNORA71C","A_33_P3645888"
"SNORA73A","A_33_P3316505"
"SNORA73B","A_33_P3254695"
"SNORA74A","A_33_P3327519"
"SNORA74B","A_33_P3222367"
"SNORA75","A_33_P3789894"
"SNORA77","A_33_P3579391"
"SNORA78","A_33_P3604591"
"SNORA80A","A_33_P3607600"
"SNORA81","A_33_P3227217"
"SNORC","A_33_P3242174"
"SNORD116-19","A_33_P3280157"
"SNORD124","A_33_P3755633"
"SNORD12B","A_33_P3789327"
"SNORD15A","A_33_P3578325"
"SNORD17","A_33_P3263379"
"SNORD22","A_33_P3507562"
"SNORD3B-1","A_33_P3252333"
"SNORD8","A_33_P3843358"
"SNORD9","A_33_P3740020"
"SNPH","A_23_P102706"
"SNRK","A_23_P211985"
"SNRNP200","A_23_P131626"
"SNRNP25","A_23_P152284"
"SNRNP27","A_23_P39774"
"SNRNP35","A_23_P159101"
"SNRNP40","A_24_P419309"
"SNRNP48","A_33_P3404448"
"SNRNP70","A_23_P4909"
"SNRPA","A_24_P250335"
"SNRPA1","A_32_P28685"
"SNRPB","A_23_P154675"
"SNRPB2","A_23_P40307"
"SNRPC","A_23_P59192"
"SNRPD1","A_32_P148672"
"SNRPD2","A_24_P74160"
"SNRPD2P2","A_33_P3384900"
"SNRPD3","A_33_P3396239"
"SNRPE","A_23_P126291"
"SNRPG","A_23_P102235"
"SNRPN","A_23_P77066"
"SNTA1","A_24_P322709"
"SNTB1","A_23_P95029"
"SNTB2","A_33_P3281333"
"SNTG1","A_32_P187704"
"SNTG2","A_23_P251132"
"SNTN","A_23_P92120"
"SNU13","A_23_P80362"
"SNUPN","A_24_P27412"
"SNURF","A_24_P347624"
"SNW1","A_23_P37347"
"SNX1","A_33_P3268716"
"SNX10","A_24_P98109"
"SNX11","A_23_P89343"
"SNX12","A_32_P112881"
"SNX13","A_23_P256342"
"SNX14","A_23_P259054"
"SNX15","A_24_P206758"
"SNX16","A_24_P320880"
"SNX17","A_33_P3250068"
"SNX18","A_33_P3250128"
"SNX19","A_23_P98345"
"SNX2","A_23_P7697"
"SNX20","A_24_P13831"
"SNX21","A_23_P154585"
"SNX22","A_33_P3212172"
"SNX24","A_33_P3702364"
"SNX25","A_23_P18641"
"SNX27","A_24_P233960"
"SNX29","A_32_P66020"
"SNX3","A_23_P42498"
"SNX30","A_33_P3388948"
"SNX31","A_23_P382811"
"SNX32","A_33_P3388958"
"SNX33","A_23_P254404"
"SNX4","A_23_P72568"
"SNX5","A_23_P131954"
"SNX6","A_33_P3292679"
"SNX7","A_23_P35066"
"SNX8","A_23_P414252"
"SNX9","A_24_P179044"
"SOAT1","A_24_P216654"
"SOAT2","A_23_P25475"
"SOBP","A_23_P156907"
"SOCS1","A_23_P420196"
"SOCS2","A_23_P128215"
"SOCS3","A_23_P207058"
"SOCS4","A_33_P3349334"
"SOCS5","A_24_P328492"
"SOCS6","A_23_P207981"
"SOCS7","A_24_P367211"
"SOD1","A_23_P154840"
"SOD2","A_23_P134176"
"SOD3","A_23_P254741"
"SOFU1","A_23_P157316"
"SOHLH1","A_24_P307964"
"SOHLH2","A_23_P25615"
"SON","A_33_P3421748"
"SORBS1","A_24_P317907"
"SORBS2","A_24_P140475"
"SORBS3","A_33_P3409625"
"SORCS1","A_33_P3414192"
"SORCS2","A_33_P3215834"
"SORCS3","A_24_P13001"
"SORD","A_23_P77103"
"SORL1","A_23_P87049"
"SORT1","A_24_P325520"
"SOS1","A_33_P3356406"
"SOSTDC1","A_23_P145841"
"SOWAHA","A_23_P304110"
"SOWAHB","A_33_P3291279"
"SOWAHC","A_33_P3219785"
"SOWAHD","A_32_P123255"
"SOX1","A_23_P434416"
"SOX10","A_23_P143694"
"SOX11","A_24_P302584"
"SOX12","A_24_P156267"
"SOX13","A_33_P3325110"
"SOX14","A_23_P80662"
"SOX15","A_23_P164011"
"SOX17","A_23_P82775"
"SOX18","A_33_P3226761"
"SOX2","A_23_P401055"
"SOX2-OT","A_24_P756289"
"SOX21","A_24_P407259"
"SOX3","A_23_P85218"
"SOX30","A_23_P69970"
"SOX4","A_24_P911676"
"SOX5","A_24_P27234"
"SOX6","A_33_P3233916"
"SOX7","A_23_P306987"
"SOX8","A_23_P66137"
"SOX9","A_23_P26847"
"SP1","A_33_P3330283"
"SP100","A_23_P349928"
"SP140","A_24_P328504"
"SP140L","A_23_P337753"
"SP2","A_23_P381449"
"SP3","A_23_P347198"
"SP3P","A_33_P3833478"
"SP4","A_33_P3341716"
"SP5","A_23_P135381"
"SP6","A_33_P3282075"
"SP7","A_33_P3352664"
"SP8","A_33_P3250148"
"SP9","A_33_P3383189"
"SPACA1","A_23_P30649"
"SPACA3","A_23_P317244"
"SPACA4","A_33_P3236656"
"SPACA5","A_24_P272254"
"SPACA6","A_24_P127564"
"SPACA7","A_23_P65302"
"SPACA9","A_23_P32135"
"SPACDR","A_23_P93704"
"SPAG1","A_23_P146066"
"SPAG11B","A_23_P416011"
"SPAG16","A_23_P67785"
"SPAG17","A_23_P319783"
"SPAG4","A_23_P132027"
"SPAG5","A_23_P89509"
"SPAG6","A_24_P21507"
"SPAG7","A_23_P218412"
"SPAG8","A_33_P3410650"
"SPAG9","A_24_P365025"
"SPAM1","A_33_P3377609"
"SPANXA1","A_32_P219660"
"SPANXA2-OT1","A_33_P3316387"
"SPANXB1","A_24_P305784"
"SPANXN1","A_33_P3276653"
"SPANXN2","A_33_P3422085"
"SPANXN3","A_24_P91830"
"SPANXN4","A_33_P3212954"
"SPANXN5","A_33_P3358363"
"SPARC","A_33_P3382924"
"SPART","A_33_P3352877"
"SPART-AS1","A_23_P316085"
"SPAST","A_24_P941988"
"SPATA1","A_33_P3319957"
"SPATA12","A_24_P220472"
"SPATA13","A_23_P390116"
"SPATA16","A_33_P3223701"
"SPATA17","A_23_P346912"
"SPATA18","A_23_P407112"
"SPATA19","A_23_P430718"
"SPATA2","A_23_P210554"
"SPATA20","A_23_P118633"
"SPATA21","A_33_P3216438"
"SPATA24","A_24_P220897"
"SPATA25","A_33_P3390202"
"SPATA2L","A_33_P3288364"
"SPATA3","A_23_P329956"
"SPATA31A1","A_23_P435874"
"SPATA31A3","A_33_P3217364"
"SPATA31C2","A_23_P377629"
"SPATA31D1","A_33_P3242609"
"SPATA31D3","A_33_P3299696"
"SPATA31D4","A_33_P3216819"
"SPATA31E1","A_23_P427180"
"SPATA31F1","A_33_P3407494"
"SPATA31F2P","A_33_P3292254"
"SPATA31G1","A_33_P3257703"
"SPATA31H1","A_24_P222890"
"SPATA31J1","A_33_P3283592"
"SPATA32","A_23_P352389"
"SPATA33","A_32_P107493"
"SPATA4","A_23_P393025"
"SPATA42","A_32_P70056"
"SPATA45","A_33_P3321919"
"SPATA46","A_32_P114746"
"SPATA6","A_23_P327483"
"SPATA6L","A_23_P157766"
"SPATA7","A_33_P3374563"
"SPATA8","A_32_P217390"
"SPATA9","A_33_P3299000"
"SPATC1","A_33_P3274127"
"SPATC1L","A_23_P371765"
"SPATS1","A_23_P312874"
"SPATS2","A_33_P3808996"
"SPATS2L","A_33_P3400389"
"SPC24","A_24_P314571"
"SPC25","A_23_P51085"
"SPCS1","A_23_P29630"
"SPCS2","A_23_P2143"
"SPCS3","A_23_P132936"
"SPDEF","A_23_P111194"
"SPDL1","A_23_P41948"
"SPDYA","A_32_P102935"
"SPDYC","A_33_P3322945"
"SPDYE1","A_23_P425967"
"SPDYE2","A_33_P3249524"
"SPDYE3","A_32_P216734"
"SPDYE4","A_24_P255986"
"SPDYE5","A_32_P177040"
"SPDYE8","A_32_P202182"
"SPECC1","A_23_P38567"
"SPECC1L","A_32_P203515"
"SPEF1","A_33_P3314643"
"SPEF2","A_33_P3407400"
"SPEG","A_33_P3383696"
"SPEM1","A_24_P67189"
"SPEM2","A_32_P524614"
"SPEN","A_33_P3347417"
"SPESP1","A_23_P129085"
"SPG11","A_23_P65699"
"SPG21","A_23_P147450"
"SPG7","A_23_P433990"
"SPHK1","A_33_P3222069"
"SPHK2","A_23_P303181"
"SPHKAP","A_23_P428485"
"SPI1","A_33_P3489646"
"SPIB","A_23_P39067"
"SPIC","A_32_P148275"
"SPICE1","A_33_P3388006"
"SPIDR","A_24_P143686"
"SPIN1","A_24_P72750"
"SPIN2B","A_24_P194508"
"SPIN3","A_24_P494454"
"SPIN4","A_32_P222961"
"SPINDOC","A_23_P313223"
"SPINK1","A_23_P214079"
"SPINK13","A_23_P58706"
"SPINK14","A_33_P3381836"
"SPINK2","A_23_P155688"
"SPINK4","A_23_P71880"
"SPINK5","A_23_P356494"
"SPINK6","A_23_P92909"
"SPINK7","A_23_P213832"
"SPINK8","A_33_P3258542"
"SPINK9","A_33_P3317998"
"SPINT1","A_23_P49060"
"SPINT2","A_23_P27795"
"SPINT3","A_33_P3239620"
"SPINT4","A_33_P3424302"
"SPIRE1","A_33_P3390357"
"SPIRE2","A_33_P3210203"
"SPMAP1","A_24_P23921"
"SPMAP2","A_23_P131074"
"SPMIP10","A_33_P3244543"
"SPMIP2","A_23_P386964"
"SPMIP3","A_32_P8925"
"SPMIP4","A_33_P3283684"
"SPMIP5","A_33_P3374289"
"SPMIP6","A_23_P217009"
"SPMIP7","A_33_P3213508"
"SPMIP8","A_33_P3415888"
"SPMIP9","A_23_P432005"
"SPN","A_33_P3404706"
"SPNS1","A_24_P339153"
"SPNS2","A_24_P8371"
"SPNS3","A_23_P100963"
"SPO11","A_23_P166027"
"SPOCD1","A_23_P431388"
"SPOCK1","A_24_P354689"
"SPOCK2","A_33_P3214948"
"SPOCK3","A_33_P3271156"
"SPON1","A_32_P133072"
"SPON2","A_33_P3300172"
"SPOP","A_24_P270890"
"SPOPL","A_24_P551028"
"SPOUT1","A_23_P9392"
"SPP1","A_23_P7313"
"SPP2","A_23_P412932"
"SPPL2A","A_23_P77073"
"SPPL2B","A_33_P3266520"
"SPPL2C","A_32_P142779"
"SPPL3","A_24_P30567"
"SPR","A_23_P68211"
"SPRED1","A_24_P107859"
"SPRED2","A_32_P225854"
"SPRED3","A_33_P3401981"
"SPRING1","A_23_P13797"
"SPRN","A_24_P576506"
"SPRNP1","A_33_P3408244"
"SPRR1A","A_23_P348208"
"SPRR1B","A_23_P159406"
"SPRR2A","A_33_P3260430"
"SPRR2B","A_33_P3247431"
"SPRR2C","A_23_P126089"
"SPRR2D","A_33_P3322388"
"SPRR2E","A_33_P3325704"
"SPRR2F","A_33_P3274811"
"SPRR2G","A_33_P3334423"
"SPRR3","A_23_P62709"
"SPRR4","A_23_P422018"
"SPRTN","A_24_P15292"
"SPRY1","A_33_P3268910"
"SPRY2","A_23_P128698"
"SPRY3","A_23_P311010"
"SPRY4","A_24_P269062"
"SPRYD3","A_23_P65129"
"SPRYD4","A_23_P411612"
"SPRYD7","A_23_P368718"
"SPSB1","A_24_P96961"
"SPSB2","A_33_P3218188"
"SPSB3","A_33_P3235716"
"SPSB4","A_23_P258381"
"SPTA1","A_23_P63158"
"SPTAN1","A_23_P20832"
"SPTB","A_32_P134968"
"SPTBN1","A_33_P3258467"
"SPTBN2","A_23_P98282"
"SPTBN4","A_24_P293114"
"SPTBN5","A_23_P152082"
"SPTLC1","A_23_P43326"
"SPTLC2","A_24_P150486"
"SPTLC3","A_24_P49260"
"SPTSSA","A_23_P311150"
"SPTSSB","A_32_P199551"
"SPTY2D1","A_23_P328237"
"SPX","A_23_P2414"
"SPZ1","A_23_P41750"
"SQLE","A_23_P146284"
"SQOR","A_23_P3221"
"SQSTM1","A_23_P81399"
"SRA1","A_23_P257578"
"SRARP","A_23_P376172"
"SRBD1","A_23_P39517"
"SRCAP","A_23_P394917"
"SRCIN1","A_32_P201530"
"SRD5A1","A_23_P30223"
"SRD5A2","A_23_P28186"
"SRD5A3","A_33_P3389023"
"SREBF1","A_23_P129786"
"SREBF2","A_23_P419602"
"SREK1","A_24_P191833"
"SREK1IP1","A_32_P198330"
"SRF","A_24_P337657"
"SRFBP1","A_23_P435002"
"SRGAP1","A_23_P162449"
"SRGAP2","A_23_P200829"
"SRGAP2B","A_33_P3372705"
"SRGAP2C","A_33_P3441583"
"SRGAP3","A_23_P358410"
"SRGN","A_23_P86653"
"SRI","A_23_P59718"
"SRL","A_33_P3346073"
"SRM","A_23_P74269"
"SRMS","A_33_P3236798"
"SRP14","A_23_P14876"
"SRP19","A_24_P388810"
"SRP54","A_23_P162945"
"SRP72","A_23_P337201"
"SRP9","A_24_P66528"
"SRPK1","A_23_P19543"
"SRPK2","A_23_P406438"
"SRPK3","A_23_P125772"
"SRPRA","A_23_P86943"
"SRPRB","A_23_P80773"
"SRPX","A_23_P96383"
"SRPX2","A_23_P136978"
"SRR","A_23_P141248"
"SRRD","A_24_P288954"
"SRRM1","A_24_P11131"
"SRRM2","A_23_P323166"
"SRRM3","A_23_P331700"
"SRRM4","A_33_P3393200"
"SRRT","A_33_P3299590"
"SRSF1","A_24_P921933"
"SRSF10","A_32_P45493"
"SRSF11","A_33_P3293114"
"SRSF12","A_32_P456318"
"SRSF2","A_23_P77776"
"SRSF3","A_23_P413761"
"SRSF4","A_23_P126197"
"SRSF5","A_23_P377819"
"SRSF6","A_33_P3220530"
"SRSF7","A_33_P3305840"
"SRSF8","A_32_P17635"
"SRSF9","A_24_P390070"
"SRXN1","A_23_P320113"
"SRY","A_23_P85265"
"SS18","A_23_P141738"
"SS18L1","A_23_P423926"
"SS18L2","A_23_P166698"
"SSB","A_23_P154025"
"SSBP1","A_23_P31536"
"SSBP2","A_23_P33791"
"SSBP3","A_23_P500333"
"SSBP4","A_24_P410086"
"SSC4D","A_23_P8571"
"SSC5D","A_33_P3358898"
"SSH1","A_23_P429560"
"SSH2","A_33_P3363168"
"SSH3","A_23_P150147"
"SSMEM1","A_32_P223210"
"SSNA1","A_23_P159476"
"SSPN","A_23_P203920"
"SSPOP","A_23_P353048"
"SSR1","A_33_P3377060"
"SSR2","A_24_P282578"
"SSR3","A_24_P319942"
"SSR4","A_23_P259172"
"SSR4P1","A_33_P3676515"
"SSRP1","A_23_P36076"
"SST","A_23_P252817"
"SSTR1","A_24_P244706"
"SSTR2","A_33_P3329013"
"SSTR3","A_23_P68910"
"SSTR4","A_33_P3414267"
"SSTR5","A_23_P77545"
"SSU72","A_23_P63289"
"SSUH2","A_23_P144005"
"SSX1","A_32_P55135"
"SSX2","A_24_P256243"
"SSX2IP","A_33_P3285809"
"SSX3","A_33_P3396635"
"SSX4B","A_23_P33881"
"SSX5","A_23_P84359"
"SSX7","A_23_P396115"
"SSX8P","A_23_P431923"
"ST13","A_23_P68949"
"ST14","A_23_P47282"
"ST18","A_23_P31858"
"ST20-AS1","A_32_P85330"
"ST3GAL1","A_23_P31896"
"ST3GAL2","A_24_P48177"
"ST3GAL3","A_23_P200999"
"ST3GAL4","A_24_P181055"
"ST3GAL5","A_23_P136573"
"ST6GAL1","A_24_P388528"
"ST6GAL2","A_33_P3331746"
"ST6GALNAC1","A_23_P54968"
"ST6GALNAC2","A_23_P49499"
"ST6GALNAC3","A_23_P416711"
"ST6GALNAC4","A_23_P94736"
"ST6GALNAC5","A_23_P33093"
"ST6GALNAC6","A_23_P315892"
"ST7","A_23_P215735"
"ST7-AS1","A_32_P181297"
"ST7-AS2","A_33_P3365978"
"ST7-OT4","A_33_P3415321"
"ST7L","A_33_P3223239"
"ST8SIA1","A_23_P354705"
"ST8SIA2","A_24_P664850"
"ST8SIA3","A_32_P154021"
"ST8SIA4","A_33_P3291484"
"ST8SIA5","A_23_P379789"
"ST8SIA6","A_33_P3403963"
"STAB1","A_23_P32500"
"STAB2","A_23_P162607"
"STAC","A_24_P234415"
"STAC2","A_32_P152195"
"STAC3","A_33_P3220663"
"STAG1","A_23_P357365"
"STAG2","A_23_P33856"
"STAG3","A_23_P145657"
"STAG3L1","A_24_P374962"
"STAG3L2","A_32_P170749"
"STAG3L4","A_33_P3373298"
"STAM","A_23_P1343"
"STAM2","A_24_P62860"
"STAMBP","A_33_P3364696"
"STAMBPL1","A_23_P385322"
"STAP1","A_33_P3365760"
"STAP2","A_23_P382188"
"STAR","A_23_P8981"
"STARD10","A_23_P36345"
"STARD13","A_33_P3382147"
"STARD3","A_33_P3356220"
"STARD3NL","A_33_P3275948"
"STARD4","A_23_P327519"
"STARD5","A_23_P158880"
"STARD6","A_23_P378427"
"STARD8","A_23_P387630"
"STARD9","A_33_P3281468"
"STAT2","A_33_P3213064"
"STAT3","A_24_P116805"
"STAT4","A_23_P68031"
"STAT5A","A_23_P207367"
"STAT5B","A_33_P3380867"
"STAT6","A_23_P47879"
"STATH","A_33_P3265783"
"STAU1","A_23_P57059"
"STAU2","A_23_P33154"
"STBD1","A_23_P254079"
"STC1","A_23_P314755"
"STC2","A_23_P416395"
"STEAP1","A_23_P31453"
"STEAP2","A_23_P428260"
"STEAP3","A_23_P90601"
"STEAP4","A_33_P3555937"
"STEEP1","A_23_P171223"
"STH","A_24_P256512"
"STIL","A_33_P3400477"
"STIM1","A_23_P53162"
"STIM2","A_23_P81048"
"STIMATE","A_33_P3303577"
"STING1","A_23_P61371"
"STIP1","A_24_P327815"
"STK10","A_33_P3389153"
"STK11","A_33_P3389148"
"STK11IP","A_23_P321320"
"STK16","A_23_P108514"
"STK17A","A_33_P3229467"
"STK17B","A_33_P3342957"
"STK24","A_23_P253177"
"STK25","A_23_P252653"
"STK26","A_23_P32414"
"STK3","A_33_P3260669"
"STK31","A_23_P42784"
"STK32A","A_23_P355394"
"STK32B","A_32_P85676"
"STK32C","A_24_P64329"
"STK33","A_23_P127915"
"STK35","A_23_P342600"
"STK36","A_23_P335905"
"STK38","A_23_P390704"
"STK38L","A_24_P99046"
"STK39","A_24_P19544"
"STK4","A_33_P3222648"
"STK40","A_23_P74229"
"STKLD1","A_33_P3632866"
"STMN1","A_33_P3317523"
"STMN2","A_23_P146274"
"STMN3","A_24_P678104"
"STMN4","A_23_P31739"
"STMP1","A_33_P3422812"
"STN1","A_23_P46852"
"STOM","A_24_P141214"
"STOML1","A_23_P54376"
"STOML2","A_24_P338145"
"STOML3","A_23_P357983"
"STON1","A_23_P302005"
"STON1-GTF2A1L","A_23_P79488"
"STON2","A_23_P309837"
"STOX1","A_23_P344481"
"STOX2","A_24_P163237"
"STPG1","A_24_P133162"
"STPG2","A_24_P220822"
"STPG3","A_33_P3359223"
"STPG4","A_33_P3265714"
"STRA6","A_33_P3307495"
"STRA8","A_24_P203308"
"STRADA","A_24_P147407"
"STRADB","A_23_P90679"
"STRAP","A_23_P13852"
"STRBP","A_23_P252155"
"STRC","A_33_P3357935"
"STRIP1","A_23_P320457"
"STRIP2","A_32_P213831"
"STRN","A_23_P165521"
"STRN3","A_23_P392076"
"STRN4","A_23_P67399"
"STS","A_24_P331560"
"STT3B","A_23_P434473"
"STUB1","A_23_P37870"
"STUM","A_33_P3332156"
"STX10","A_23_P28084"
"STX11","A_23_P156788"
"STX12","A_23_P385206"
"STX16","A_24_P936122"
"STX17","A_33_P3269149"
"STX18","A_23_P135616"
"STX19","A_33_P3269208"
"STX1A","A_23_P168556"
"STX1B","A_33_P3326382"
"STX2","A_24_P364296"
"STX3","A_23_P139143"
"STX4","A_23_P256375"
"STX5","A_23_P24755"
"STX6","A_24_P639505"
"STX7","A_33_P3373707"
"STX8","A_23_P146908"
"STXBP1","A_24_P201171"
"STXBP2","A_33_P3388835"
"STXBP3","A_23_P51996"
"STXBP4","A_23_P375566"
"STXBP5","A_24_P29595"
"STXBP5L","A_23_P418785"
"STXBP6","A_23_P205713"
"STYK1","A_23_P13822"
"STYX","A_32_P109794"
"STYXL1","A_33_P3329467"
"SUB1","A_24_P320328"
"SUCLG1","A_23_P79545"
"SUCLG2","A_33_P3636590"
"SUCNR1","A_24_P265832"
"SUDS3","A_23_P334990"
"SUFU","A_23_P425304"
"SUGCT","A_23_P145711"
"SUGP1","A_23_P119617"
"SUGP2","A_24_P332926"
"SUGT1","A_24_P280706"
"SUGT1P3","A_24_P135255"
"SULF1","A_23_P43164"
"SULF2","A_23_P154605"
"SULT1A4","A_24_P262201"
"SULT1B1","A_23_P302470"
"SULT1C2","A_33_P3245238"
"SULT1C3","A_33_P3315564"
"SULT1C4","A_33_P3304511"
"SULT1C5P","A_33_P3391220"
"SULT1E1","A_23_P155786"
"SULT2A1","A_23_P67381"
"SULT2B1","A_23_P107981"
"SULT4A1","A_33_P3353345"
"SULT6B1","A_33_P3278755"
"SUMF1","A_23_P69242"
"SUMO1","A_33_P3318465"
"SUMO1P3","A_32_P223189"
"SUMO2","A_24_P330691"
"SUN1","A_23_P169838"
"SUN2","A_32_P194115"
"SUN3","A_23_P329962"
"SUN5","A_33_P3292198"
"SUOX","A_23_P150857"
"SUPT16H","A_23_P151634"
"SUPT20H","A_23_P140050"
"SUPT20HL2","A_33_P3314086"
"SUPT3H","A_33_P3347152"
"SUPT4H1","A_23_P163942"
"SUPT5H","A_23_P27840"
"SUPT6H","A_23_P141479"
"SUPT7L","A_23_P210091"
"SUPV3L1","A_23_P63847"
"SURF1","A_33_P3292560"
"SURF2","A_23_P146479"
"SURF4","A_24_P89971"
"SURF6","A_24_P21447"
"SUSD1","A_23_P216610"
"SUSD2","A_23_P314101"
"SUSD3","A_23_P401076"
"SUSD4","A_33_P3327663"
"SUSD5","A_24_P238131"
"SUSD6","A_23_P371787"
"SUV39H1","A_23_P422193"
"SUV39H2","A_23_P202392"
"SUZ12P1","A_33_P3370461"
"SV2A","A_23_P23728"
"SV2B","A_23_P100022"
"SV2C","A_33_P3314301"
"SVBP","A_33_P3328736"
"SVEP1","A_23_P216596"
"SVIL","A_23_P35349"
"SVIP","A_24_P111242"
"SVOPL","A_23_P307860"
"SWAP70","A_33_P3349651"
"SWI5","A_23_P392222"
"SWSAP1","A_33_P3303464"
"SWT1","A_33_P3367062"
"SYAP1","A_23_P83939"
"SYBU","A_33_P3333054"
"SYCE1","A_23_P115805"
"SYCE1L","A_33_P3314673"
"SYCE2","A_32_P203528"
"SYCE3","A_24_P659836"
"SYCN","A_24_P39928"
"SYCP1","A_23_P722"
"SYCP2","A_23_P210675"
"SYCP2L","A_23_P347777"
"SYCP3","A_23_P76374"
"SYDE1","A_23_P101796"
"SYDE2","A_33_P3320994"
"SYF2","A_33_P3264272"
"SYMPK","A_33_P3327702"
"SYN1","A_23_P33847"
"SYN2","A_33_P3317618"
"SYN3","A_23_P80295"
"SYNC","A_23_P96965"
"SYNCRIP","A_32_P8402"
"SYNDIG1","A_23_P251043"
"SYNDIG1L","A_24_P595237"
"SYNE1","A_23_P500861"
"SYNE2","A_33_P3210278"
"SYNE3","A_23_P14302"
"SYNE4","A_23_P350074"
"SYNGAP1","A_24_P9346"
"SYNGR1","A_33_P3284404"
"SYNGR2","A_24_P366526"
"SYNGR3","A_23_P88909"
"SYNGR4","A_23_P164927"
"SYNJ1","A_23_P324718"
"SYNJ2","A_23_P316974"
"SYNJ2BP","A_23_P65357"
"SYNM","A_24_P104407"
"SYNPO","A_23_P344531"
"SYNPO2","A_33_P3390868"
"SYNPO2L","A_23_P355517"
"SYNPR","A_23_P80718"
"SYNRG","A_23_P396626"
"SYP","A_23_P136936"
"SYPL1","A_23_P93881"
"SYPL2","A_33_P3376095"
"SYS1","A_33_P3398107"
"SYT1","A_23_P36795"
"SYT10","A_33_P3340525"
"SYT11","A_24_P248240"
"SYT12","A_23_P421306"
"SYT13","A_23_P161659"
"SYT14","A_24_P402415"
"SYT15","A_24_P109069"
"SYT16","A_24_P143324"
"SYT17","A_23_P163697"
"SYT2","A_33_P3397785"
"SYT3","A_23_P55917"
"SYT4","A_23_P208030"
"SYT5","A_23_P78849"
"SYT6","A_24_P96897"
"SYT7","A_33_P3239185"
"SYT8","A_23_P36187"
"SYT9","A_24_P255471"
"SYTL1","A_33_P3266744"
"SYTL2","A_23_P53193"
"SYTL3","A_24_P291826"
"SYTL4","A_24_P122337"
"SYTL5","A_23_P317082"
"SYVN1","A_24_P381224"
"SZRD1","A_24_P405054"
"SZT2","A_33_P3373139"
"TAAR1","A_23_P93531"
"TAAR2","A_23_P70733"
"TAAR3P","A_33_P3618956"
"TAAR5","A_23_P255968"
"TAAR6","A_32_P460757"
"TAAR8","A_23_P8269"
"TAAR9","A_23_P168266"
"TAB1","A_23_P80342"
"TAB2","A_23_P19702"
"TAB3","A_32_P162150"
"TAC1","A_24_P38290"
"TAC3","A_23_P2283"
"TAC4","A_33_P3258046"
"TACC1","A_24_P98249"
"TACC2","A_23_P127186"
"TACC3","A_23_P212844"
"TACO1","A_23_P73142"
"TACR1","A_24_P148590"
"TACR2","A_23_P24135"
"TACSTD2","A_23_P149529"
"TADA1","A_23_P74344"
"TADA2A","A_23_P66664"
"TADA2B","A_24_P687582"
"TAF1","A_32_P192615"
"TAF10","A_33_P3257232"
"TAF11","A_23_P59202"
"TAF12","A_23_P63178"
"TAF13","A_23_P35148"
"TAF15","A_23_P159305"
"TAF1A","A_23_P74663"
"TAF1B","A_23_P165891"
"TAF1C","A_23_P163546"
"TAF1D","A_24_P261383"
"TAF1L","A_33_P3257457"
"TAF2","A_23_P43248"
"TAF3","A_32_P153892"
"TAF4","A_23_P80062"
"TAF4B","A_33_P3358626"
"TAF5","A_23_P52311"
"TAF5L","A_23_P35309"
"TAF6","A_23_P122876"
"TAF6L","A_33_P3266080"
"TAF7","A_23_P81248"
"TAF7L","A_23_P217621"
"TAF8","A_33_P3367994"
"TAF9","A_23_P21734"
"TAF9B","A_24_P391431"
"TAFA1","A_33_P3253089"
"TAFA2","A_24_P297551"
"TAFA3","A_32_P352743"
"TAFA4","A_33_P3357999"
"TAFA5","A_23_P304489"
"TAFAZZIN","A_23_P62371"
"TAGAP","A_24_P354724"
"TAGLN","A_23_P87011"
"TAGLN2","A_33_P3319760"
"TAGLN3","A_23_P80817"
"TAL1","A_23_P63371"
"TAL2","A_23_P409449"
"TALDO1","A_32_P18258"
"TAMALIN","A_33_P3299416"
"TAMALIN-AS1","A_33_P3882264"
"TAMM41","A_32_P755542"
"TANC1","A_32_P135348"
"TANC2","A_24_P942068"
"TANGO2","A_33_P3319596"
"TANGO6","A_33_P3352782"
"TANK","A_23_P154306"
"TAOK1","A_23_P38457"
"TAOK2","A_33_P3346098"
"TAOK3","A_33_P3346102"
"TAP1","A_23_P59005"
"TAP2","A_33_P3214650"
"TAPBP","A_23_P365719"
"TAPBPL","A_23_P36700"
"TAPT1","A_23_P301372"
"TARBP1","A_23_P52058"
"TARBP2","A_23_P87603"
"TARDBP","A_32_P234935"
"TARM1","A_33_P3405769"
"TARP","A_33_P3378659"
"TARS1","A_23_P70168"
"TARS2","A_23_P553"
"TARS3","A_23_P129128"
"TAS1R1","A_23_P160886"
"TAS1R2","A_23_P335957"
"TAS1R3","A_33_P3286973"
"TAS2R1","A_23_P402123"
"TAS2R10","A_23_P64888"
"TAS2R13","A_23_P99080"
"TAS2R16","A_23_P59825"
"TAS2R19","A_23_P340308"
"TAS2R20","A_23_P382794"
"TAS2R3","A_23_P20139"
"TAS2R30","A_33_P3294951"
"TAS2R31","A_23_P416191"
"TAS2R38","A_23_P359746"
"TAS2R39","A_32_P309662"
"TAS2R4","A_23_P20101"
"TAS2R40","A_23_P339652"
"TAS2R41","A_23_P337867"
"TAS2R42","A_24_P14902"
"TAS2R43","A_23_P371254"
"TAS2R45","A_23_P303851"
"TAS2R46","A_23_P376114"
"TAS2R5","A_23_P252100"
"TAS2R50","A_23_P347029"
"TAS2R60","A_23_P367013"
"TAS2R7","A_23_P36624"
"TAS2R8","A_23_P48022"
"TAS2R9","A_23_P336506"
"TASL","A_23_P62227"
"TASOR","A_24_P371303"
"TASOR2","A_23_P24244"
"TAT","A_24_P330633"
"TATDN1","A_23_P254978"
"TATDN2","A_23_P57819"
"TATDN3","A_33_P3249773"
"TAX1BP1","A_24_P95029"
"TAX1BP3","A_23_P38468"
"TBATA","A_23_P12858"
"TBC1D1","A_23_P73023"
"TBC1D10A","A_23_P166421"
"TBC1D10B","A_23_P22382"
"TBC1D10C","A_33_P3328559"
"TBC1D12","A_23_P24215"
"TBC1D13","A_23_P94660"
"TBC1D14","A_23_P155830"
"TBC1D15","A_23_P139558"
"TBC1D16","A_33_P3241937"
"TBC1D17","A_23_P130731"
"TBC1D19","A_23_P136196"
"TBC1D2","A_33_P3216292"
"TBC1D20","A_24_P392958"
"TBC1D21","A_23_P408206"
"TBC1D22A","A_33_P3217609"
"TBC1D22B","A_23_P58983"
"TBC1D23","A_23_P212728"
"TBC1D24","A_23_P391637"
"TBC1D25","A_23_P159688"
"TBC1D26","A_24_P168994"
"TBC1D27P","A_33_P3410166"
"TBC1D28","A_33_P3235880"
"TBC1D29P","A_24_P361427"
"TBC1D2B","A_23_P396666"
"TBC1D3","A_33_P3344991"
"TBC1D30","A_32_P206050"
"TBC1D31","A_23_P334218"
"TBC1D32","A_33_P3409077"
"TBC1D3B","A_33_P3275687"
"TBC1D3G","A_33_P3267230"
"TBC1D4","A_23_P88095"
"TBC1D5","A_23_P355455"
"TBC1D7","A_33_P3311907"
"TBC1D8","A_33_P3309075"
"TBC1D8B","A_33_P3318852"
"TBC1D9","A_23_P41487"
"TBC1D9B","A_24_P17722"
"TBCA","A_33_P3264121"
"TBCB","A_23_P56249"
"TBCC","A_24_P397584"
"TBCD","A_24_P275873"
"TBCE","A_23_P52147"
"TBCEL","A_23_P410017"
"TBCK","A_23_P133075"
"TBK1","A_23_P44768"
"TBKBP1","A_23_P130169"
"TBL1X","A_33_P3347168"
"TBL1XR1","A_33_P3348614"
"TBL2","A_23_P134395"
"TBL3","A_33_P3375398"
"TBPL1","A_23_P168276"
"TBPL2","A_33_P3229818"
"TBR1","A_33_P3422000"
"TBRG1","A_24_P21752"
"TBRG4","A_23_P215658"
"TBX1","A_23_P211345"
"TBX10","A_32_P538017"
"TBX15","A_24_P128442"
"TBX18","A_23_P134041"
"TBX19","A_23_P137705"
"TBX2","A_23_P164451"
"TBX20","A_24_P211849"
"TBX21","A_23_P141555"
"TBX22","A_23_P159676"
"TBX3","A_23_P13772"
"TBX4","A_23_P4443"
"TBX5","A_24_P30557"
"TBX6","A_24_P167970"
"TBXA2R","A_33_P3307886"
"TBXAS1","A_24_P274814"
"TBXT","A_33_P3709150"
"TC2N","A_33_P3378665"
"TCAF1","A_33_P3349259"
"TCAF2","A_32_P214925"
"TCAIM","A_23_P373054"
"TCAM1P","A_24_P68088"
"TCAP","A_23_P107051"
"TCEA1","A_23_P132444"
"TCEA2","A_23_P147641"
"TCEA3","A_23_P34375"
"TCEAL1","A_23_P73801"
"TCEAL2","A_23_P85140"
"TCEAL4","A_23_P259166"
"TCEAL5","A_32_P18470"
"TCEAL6","A_32_P192545"
"TCEAL7","A_24_P49106"
"TCEAL8","A_33_P3295578"
"TCEAL9","A_23_P34142"
"TCEANC","A_23_P320159"
"TCEANC2","A_23_P348281"
"TCERG1","A_23_P133365"
"TCERG1L","A_23_P368794"
"TCF12","A_24_P82142"
"TCF15","A_23_P254816"
"TCF19","A_24_P349965"
"TCF20","A_23_P424316"
"TCF21","A_23_P156890"
"TCF23","A_24_P237936"
"TCF24","A_33_P3423655"
"TCF25","A_24_P306561"
"TCF3","A_24_P365365"
"TCF4","A_23_P27332"
"TCF7","A_23_P7582"
"TCF7L1","A_23_P142872"
"TCF7L2","A_33_P3377294"
"TCFL5","A_23_P143147"
"TCHH","A_32_P98072"
"TCHHL1","A_33_P3237948"
"TCHP","A_23_P151159"
"TCIM","A_23_P253350"
"TCIRG1","A_33_P3219965"
"TCL1A","A_23_P357717"
"TCL1B","A_23_P48495"
"TCL6","A_23_P363203"
"TCN1","A_23_P64372"
"TCN2","A_23_P40611"
"TCOF1","A_33_P3292919"
"TCP1","A_33_P3349947"
"TCP10L","A_23_P350555"
"TCP10L2","A_33_P3222439"
"TCP10L3","A_24_P75157"
"TCP11","A_23_P70598"
"TCP11L1","A_33_P3209869"
"TCP11L2","A_23_P419107"
"TCTA","A_23_P58002"
"TCTN1","A_33_P3210965"
"TCTN2","A_23_P64712"
"TCTN3","A_32_P2738"
"TDG","A_23_P204579"
"TDH","A_24_P334845"
"TDO2","A_23_P80974"
"TDP1","A_33_P3766959"
"TDP2","A_23_P8311"
"TDRD1","A_33_P3232995"
"TDRD10","A_23_P423108"
"TDRD12","A_32_P188825"
"TDRD3","A_32_P187617"
"TDRD5","A_33_P3421664"
"TDRD6","A_33_P3232965"
"TDRD9","A_32_P208350"
"TDRG1","A_32_P91546"
"TDRKH","A_24_P41975"
"TDRP","A_23_P393686"
"TEAD1","A_23_P362893"
"TEAD2","A_23_P119344"
"TEAD3","A_23_P82000"
"TEAD4","A_23_P94795"
"TEC","A_24_P37712"
"TECPR1","A_32_P194072"
"TECPR2","A_32_P355396"
"TECR","A_33_P3372466"
"TECRL","A_33_P3345831"
"TECTA","A_23_P375354"
"TECTB","A_23_P97826"
"TEDC1","A_33_P3256858"
"TEDC2","A_23_P26557"
"TEDDM1","A_23_P411947"
"TEF","A_24_P151582"
"TEFM","A_23_P33607"
"TEK","A_23_P374695"
"TEKT1","A_23_P15678"
"TEKT2","A_23_P45955"
"TEKT3","A_23_P207245"
"TEKT4","A_32_P231179"
"TEKT4P2","A_33_P3406828"
"TEKT5","A_33_P3222977"
"TEKTIP1","A_24_P247286"
"TEKTL1","A_32_P503113"
"TELO2","A_33_P3287770"
"TEN1","A_33_P3337491"
"TENM1","A_33_P3283863"
"TENM2","A_24_P299474"
"TENM4","A_24_P342312"
"TENT2","A_23_P393425"
"TENT4A","A_23_P18824"
"TENT4B","A_33_P3377459"
"TENT5A","A_33_P3410599"
"TENT5B","A_23_P12199"
"TENT5C","A_33_P3314176"
"TENT5D","A_23_P402919"
"TEP1","A_23_P65481"
"TEPSIN","A_23_P301340"
"TERB1","A_23_P408280"
"TERB2","A_23_P325593"
"TERC","A_33_P3245248"
"TERF1","A_23_P216149"
"TERF2","A_23_P417200"
"TERF2IP","A_23_P129704"
"TESC","A_23_P76538"
"TESK1","A_23_P169178"
"TESK2","A_23_P9875"
"TESMIN","A_23_P161507"
"TESPA1","A_33_P3327265"
"TET1","A_33_P3295550"
"TET2","A_33_P3238685"
"TET3","A_33_P3331335"
"TEX101","A_23_P130906"
"TEX11","A_23_P96501"
"TEX12","A_23_P150362"
"TEX13A","A_23_P62173"
"TEX13B","A_23_P73637"
"TEX14","A_23_P54996"
"TEX19","A_23_P375165"
"TEX2","A_23_P4036"
"TEX21P","A_33_P3220822"
"TEX22","A_33_P3261695"
"TEX26","A_23_P312271"
"TEX261","A_23_P251548"
"TEX264","A_23_P41009"
"TEX28","A_23_P257936"
"TEX29","A_24_P56330"
"TEX30","A_23_P362046"
"TEX35","A_24_P156635"
"TEX36","A_24_P315056"
"TEX38","A_32_P97862"
"TEX41","A_33_P3867461"
"TEX44","A_23_P324419"
"TEX47","A_23_P42855"
"TEX55","A_32_P72492"
"TEX56P","A_24_P350303"
"TEX9","A_33_P3389291"
"TF","A_23_P212508"
"TFAM","A_33_P3389188"
"TFAP2A","A_33_P3361546"
"TFAP2B","A_33_P3317163"
"TFAP2D","A_23_P386973"
"TFAP2E","A_23_P322116"
"TFAP4","A_23_P141092"
"TFB1M","A_23_P93499"
"TFB2M","A_23_P45940"
"TFCP2","A_23_P347528"
"TFCP2L1","A_23_P5301"
"TFDP1","A_33_P3384452"
"TFDP2","A_33_P3384432"
"TFE3","A_33_P3370076"
"TFEB","A_33_P3344618"
"TFEC","A_33_P3224710"
"TFF1","A_24_P322771"
"TFF2","A_23_P57364"
"TFF3","A_23_P393099"
"TFG","A_24_P345822"
"TFIP11","A_33_P3361027"
"TFPI","A_33_P3212615"
"TFPI2","A_23_P393620"
"TFPT","A_33_P3287039"
"TFR2","A_23_P122896"
"TG","A_23_P32454"
"TGDS","A_23_P65217"
"TGFA","A_33_P3408203"
"TGFB1I1","A_33_P3236858"
"TGFB2","A_24_P402438"
"TGFB3","A_23_P88404"
"TGFBI","A_23_P156327"
"TGFBR1","A_33_P3331451"
"TGFBR2","A_23_P211957"
"TGFBR3","A_23_P200780"
"TGFBRAP1","A_33_P3226039"
"TGIF1","A_23_P153197"
"TGIF2","A_23_P79794"
"TGIF2LY","A_33_P3238978"
"TGM1","A_23_P65618"
"TGM2","A_32_P86763"
"TGM3","A_23_P57118"
"TGM4","A_23_P41241"
"TGM5","A_23_P129291"
"TGM6","A_33_P3249259"
"TGM7","A_23_P117896"
"TGOLN2","A_24_P413988"
"TGS1","A_33_P3337771"
"TH","A_33_P3252414"
"THADA","A_24_P101786"
"THAP1","A_23_P134814"
"THAP11","A_24_P365954"
"THAP12","A_24_P321411"
"THAP2","A_24_P350437"
"THAP3","A_23_P340890"
"THAP4","A_23_P84782"
"THAP5","A_24_P23522"
"THAP6","A_24_P268893"
"THAP7","A_23_P109410"
"THAP8","A_24_P296907"
"THAP9","A_33_P3271410"
"THBD","A_23_P91390"
"THBS1","A_24_P142118"
"THBS2","A_33_P3227375"
"THBS3","A_23_P201047"
"THBS4","A_24_P260443"
"THEM4","A_33_P3343432"
"THEM5","A_33_P3270826"
"THEM6","A_33_P3249748"
"THEMIS","A_33_P3462422"
"THEMIS2","A_24_P85775"
"THNSL1","A_33_P3331601"
"THNSL2","A_23_P259207"
"THOC1","A_23_P78372"
"THOC2","A_24_P177353"
"THOC3","A_32_P41405"
"THOC5","A_23_P109470"
"THOC6","A_23_P37949"
"THOC7","A_32_P136402"
"THOP1","A_23_P28057"
"THPO","A_24_P377124"
"THRA","A_23_P207742"
"THRAP3","A_24_P926367"
"THRB","A_33_P3663974"
"THRSP","A_23_P363954"
"THSD1","A_23_P14184"
"THSD4","A_33_P3384462"
"THSD7A","A_24_P400324"
"THSD7B","A_32_P308595"
"THTPA","A_23_P54041"
"THUMPD1","A_24_P90878"
"THUMPD2","A_23_P131348"
"THUMPD3","A_23_P212213"
"THY1","A_33_P3280845"
"THYN1","A_23_P24633"
"TIA1","A_23_P90845"
"TIAL1","A_23_P161488"
"TIAM1","A_33_P3381751"
"TIAM2","A_24_P303454"
"TICAM1","A_23_P90311"
"TICRR","A_23_P345707"
"TIE1","A_23_P126416"
"TIFA","A_23_P352619"
"TIFAB","A_33_P3380383"
"TIGAR","A_33_P3258452"
"TIGD2","A_32_P20523"
"TIGD3","A_33_P3336113"
"TIGD4","A_23_P370684"
"TIGD5","A_33_P3336103"
"TIGD6","A_24_P337419"
"TIGD7","A_23_P129577"
"TIGIT","A_33_P3235213"
"TIMD4","A_33_P3236020"
"TIMELESS","A_23_P53276"
"TIMM10","A_23_P64343"
"TIMM10B","A_33_P3243657"
"TIMM13","A_33_P3413845"
"TIMM17A","A_23_P126970"
"TIMM17B","A_33_P3380742"
"TIMM21","A_23_P78410"
"TIMM22","A_23_P55468"
"TIMM23","A_33_P3403361"
"TIMM29","A_23_P310532"
"TIMM44","A_23_P119214"
"TIMM50","A_23_P415882"
"TIMM8A","A_23_P217637"
"TIMM8B","A_23_P98382"
"TIMM9","A_23_P76918"
"TIMMDC1","A_23_P18413"
"TIMP1","A_23_P62115"
"TIMP2","A_33_P3382177"
"TIMP3","A_23_P399078"
"TIMP4","A_32_P70315"
"TINAG","A_33_P3421656"
"TINAGL1","A_33_P3355266"
"TINCR","A_33_P3259153"
"TINF2","A_33_P3372941"
"TIPARP","A_23_P143845"
"TIPIN","A_23_P99930"
"TIPRL","A_23_P327426"
"TIRAP","A_23_P397856"
"TJAP1","A_23_P81811"
"TJP1","A_24_P193435"
"TJP2","A_23_P9293"
"TJP3","A_23_P108157"
"TK1","A_23_P107421"
"TK2","A_33_P3392537"
"TKFC","A_33_P3245011"
"TKT","A_23_P92082"
"TKTL1","A_23_P259901"
"TKTL2","A_33_P3274955"
"TLCD1","A_23_P420417"
"TLCD2","A_33_P3345210"
"TLCD3A","A_23_P50000"
"TLCD3B","A_23_P163711"
"TLCD4","A_23_P314805"
"TLCD5","A_23_P329890"
"TLDC2","A_33_P3366028"
"TLE1","A_23_P135239"
"TLE2","A_23_P153676"
"TLE3","A_23_P342934"
"TLE4","A_23_P83094"
"TLE5","A_23_P165061"
"TLE6","A_33_P3400147"
"TLK1","A_24_P282762"
"TLK2","A_33_P3399028"
"TLL1","A_23_P427645"
"TLL2","A_23_P436158"
"TLN1","A_24_P196851"
"TLN2","A_33_P3264815"
"TLNRD1","A_23_P99891"
"TLR10","A_33_P3383970"
"TLR3","A_23_P29922"
"TLR4","A_32_P66881"
"TLR5","A_23_P85903"
"TLR6","A_23_P256561"
"TLR7","A_23_P85240"
"TLR8","A_23_P73837"
"TLR9","A_33_P3380807"
"TLX1","A_23_P24031"
"TLX1NB","A_33_P3218053"
"TLX2","A_23_P389987"
"TLX3","A_33_P3311181"
"TM2D1","A_23_P148959"
"TM2D2","A_23_P502678"
"TM2D3","A_24_P193498"
"TM4SF1","A_33_P3390057"
"TM4SF18","A_24_P120251"
"TM4SF19","A_23_P372946"
"TM4SF4","A_33_P3256810"
"TM4SF5","A_23_P27107"
"TM6SF1","A_23_P77117"
"TM6SF2","A_23_P142403"
"TM7SF3","A_23_P47857"
"TM9SF1","A_33_P3217028"
"TM9SF2","A_24_P210399"
"TM9SF3","A_24_P309360"
"TM9SF4","A_24_P14531"
"TMA16","A_23_P167269"
"TMA7","A_24_P414256"
"TMBIM1","A_23_P79331"
"TMBIM4","A_33_P3223544"
"TMBIM6","A_24_P355876"
"TMC1","A_33_P3308307"
"TMC2","A_23_P305527"
"TMC3","A_33_P3318681"
"TMC4","A_23_P330461"
"TMC5","A_23_P15101"
"TMC7","A_23_P140928"
"TMC8","A_23_P346093"
"TMCC1","A_32_P41065"
"TMCC2","A_32_P133840"
"TMCC3","A_24_P305933"
"TMCO1","A_23_P355067"
"TMCO2","A_32_P87649"
"TMCO4","A_23_P158277"
"TMCO5A","A_23_P65857"
"TMCO6","A_23_P144639"
"TMED1","A_24_P164731"
"TMED10","A_33_P3252093"
"TMED11P","A_33_P3212395"
"TMED2","A_33_P3301174"
"TMED3","A_23_P26173"
"TMED4","A_24_P163537"
"TMED5","A_24_P54178"
"TMED6","A_23_P26570"
"TMED7-TICAM2","A_32_P123088"
"TMED8","A_33_P3346157"
"TMED9","A_23_P70127"
"TMEFF2","A_23_P125383"
"TMEM100","A_23_P15450"
"TMEM101","A_23_P15516"
"TMEM102","A_23_P334892"
"TMEM105","A_32_P919718"
"TMEM106A","A_33_P3370305"
"TMEM106B","A_23_P8522"
"TMEM106C","A_23_P48175"
"TMEM107","A_24_P284353"
"TMEM108","A_23_P254688"
"TMEM109","A_24_P47467"
"TMEM114","A_33_P3222947"
"TMEM115","A_23_P6869"
"TMEM117","A_23_P2573"
"TMEM119","A_33_P3395605"
"TMEM120A","A_23_P259632"
"TMEM120B","A_24_P119131"
"TMEM121","A_33_P3411632"
"TMEM121B","A_23_P259344"
"TMEM123","A_24_P309415"
"TMEM125","A_23_P115022"
"TMEM126A","A_23_P13524"
"TMEM126B","A_23_P2129"
"TMEM127","A_24_P80181"
"TMEM128","A_23_P29924"
"TMEM129","A_23_P354175"
"TMEM130","A_23_P349966"
"TMEM131","A_23_P368558"
"TMEM131L","A_33_P3220723"
"TMEM132A","A_23_P24716"
"TMEM132B","A_32_P153812"
"TMEM132C","A_23_P151232"
"TMEM132D","A_23_P308839"
"TMEM132E","A_33_P3287108"
"TMEM132E-DT","A_33_P3334005"
"TMEM134","A_23_P161522"
"TMEM135","A_24_P181101"
"TMEM138","A_23_P24723"
"TMEM139","A_23_P42909"
"TMEM140","A_24_P372134"
"TMEM141","A_23_P94591"
"TMEM143","A_24_P412976"
"TMEM144","A_33_P3304372"
"TMEM145","A_33_P3257279"
"TMEM147","A_23_P79043"
"TMEM14A","A_23_P42080"
"TMEM14B","A_33_P3232047"
"TMEM14C","A_33_P3402500"
"TMEM14EP","A_24_P932416"
"TMEM150A","A_24_P291401"
"TMEM150B","A_33_P3401008"
"TMEM151A","A_23_P354217"
"TMEM151B","A_33_P3274134"
"TMEM154","A_23_P361584"
"TMEM156","A_23_P92334"
"TMEM158","A_23_P369899"
"TMEM160","A_23_P107994"
"TMEM161A","A_33_P3320368"
"TMEM161B","A_23_P156355"
"TMEM163","A_23_P39550"
"TMEM164","A_23_P96041"
"TMEM165","A_24_P43391"
"TMEM167A","A_32_P81768"
"TMEM167B","A_33_P3218356"
"TMEM168","A_24_P414952"
"TMEM169","A_24_P929388"
"TMEM17","A_32_P206949"
"TMEM170B","A_32_P178966"
"TMEM171","A_32_P110390"
"TMEM174","A_23_P344594"
"TMEM175","A_33_P3293266"
"TMEM176A","A_23_P252082"
"TMEM176B","A_23_P157007"
"TMEM177","A_23_P5339"
"TMEM178A","A_23_P142738"
"TMEM179","A_24_P93206"
"TMEM179B","A_24_P161959"
"TMEM18","A_33_P3378031"
"TMEM181","A_23_P331943"
"TMEM182","A_33_P3252369"
"TMEM183BP","A_23_P149664"
"TMEM184A","A_33_P3361337"
"TMEM184B","A_23_P17870"
"TMEM184C","A_23_P18739"
"TMEM185A","A_23_P255601"
"TMEM185B","A_33_P3594654"
"TMEM186","A_23_P26687"
"TMEM187","A_23_P85180"
"TMEM19","A_33_P3407945"
"TMEM190","A_23_P107775"
"TMEM191A","A_23_P166336"
"TMEM191B","A_24_P787889"
"TMEM191C","A_33_P3276250"
"TMEM192","A_33_P3407700"
"TMEM196","A_23_P416821"
"TMEM198","A_24_P822704"
"TMEM200A","A_32_P40288"
"TMEM200B","A_32_P77098"
"TMEM200C","A_33_P3239417"
"TMEM201","A_33_P3292525"
"TMEM202","A_23_P26062"
"TMEM203","A_23_P136238"
"TMEM204","A_33_P3282556"
"TMEM205","A_23_P90099"
"TMEM207","A_33_P3270996"
"TMEM208","A_23_P206369"
"TMEM209","A_33_P3283136"
"TMEM212","A_33_P3363341"
"TMEM213","A_24_P706953"
"TMEM214","A_33_P3222937"
"TMEM215","A_33_P3367780"
"TMEM216","A_33_P3221868"
"TMEM217","A_23_P334870"
"TMEM218","A_23_P1676"
"TMEM219","A_23_P77562"
"TMEM220","A_33_P3266639"
"TMEM221","A_33_P3411612"
"TMEM222","A_23_P97442"
"TMEM223","A_23_P1956"
"TMEM225","A_24_P650396"
"TMEM229A","A_24_P695306"
"TMEM229B","A_33_P3355014"
"TMEM230","A_23_P17490"
"TMEM231","A_24_P381975"
"TMEM232","A_32_P489986"
"TMEM233","A_33_P3441021"
"TMEM234","A_23_P200396"
"TMEM235","A_33_P3333272"
"TMEM236","A_33_P3382031"
"TMEM237","A_23_P370097"
"TMEM240","A_32_P161913"
"TMEM242","A_33_P3441060"
"TMEM243","A_23_P157283"
"TMEM244","A_33_P3415944"
"TMEM245","A_23_P146417"
"TMEM248","A_24_P346368"
"TMEM25","A_23_P203115"
"TMEM250","A_23_P398372"
"TMEM252","A_24_P132633"
"TMEM253","A_33_P3408450"
"TMEM254","A_23_P97853"
"TMEM255A","A_23_P125680"
"TMEM255B","A_33_P3213459"
"TMEM256","A_23_P3994"
"TMEM258","A_23_P47527"
"TMEM259","A_23_P90369"
"TMEM26","A_32_P75264"
"TMEM260","A_33_P3245389"
"TMEM263","A_23_P410613"
"TMEM266","A_23_P88678"
"TMEM268","A_24_P915196"
"TMEM270","A_23_P418274"
"TMEM272","A_32_P324933"
"TMEM273","A_33_P3245908"
"TMEM278","A_33_P3340862"
"TMEM31","A_23_P352717"
"TMEM33","A_24_P191790"
"TMEM35A","A_23_P45324"
"TMEM35B","A_24_P370670"
"TMEM37","A_33_P3289296"
"TMEM38B","A_23_P60259"
"TMEM39A","A_23_P84334"
"TMEM39B","A_23_P34496"
"TMEM40","A_33_P3423270"
"TMEM41A","A_23_P80832"
"TMEM41B","A_32_P173058"
"TMEM42","A_23_P29836"
"TMEM44","A_23_P428842"
"TMEM45A","A_33_P3344831"
"TMEM45B","A_23_P1682"
"TMEM47","A_24_P143171"
"TMEM50A","A_24_P113824"
"TMEM50B","A_24_P305623"
"TMEM51","A_33_P3363560"
"TMEM51-AS1","A_24_P83455"
"TMEM51-AS2","A_33_P3486059"
"TMEM52","A_33_P3251073"
"TMEM52B","A_23_P318938"
"TMEM53","A_33_P3332396"
"TMEM54","A_33_P3230219"
"TMEM59","A_33_P3332284"
"TMEM59L","A_33_P3302245"
"TMEM60","A_24_P166661"
"TMEM61","A_23_P11629"
"TMEM62","A_23_P49041"
"TMEM63A","A_23_P200489"
"TMEM63B","A_23_P167856"
"TMEM63C","A_33_P3406661"
"TMEM64","A_23_P378690"
"TMEM65","A_33_P3494748"
"TMEM67","A_23_P429581"
"TMEM68","A_23_P136172"
"TMEM69","A_23_P104151"
"TMEM71","A_23_P321354"
"TMEM72","A_24_P704446"
"TMEM74","A_23_P390139"
"TMEM74B","A_23_P120504"
"TMEM79","A_23_P149259"
"TMEM80","A_23_P332960"
"TMEM81","A_23_P46690"
"TMEM82","A_33_P3326553"
"TMEM86A","A_32_P66035"
"TMEM86B","A_24_P121956"
"TMEM87A","A_23_P88710"
"TMEM87B","A_23_P91076"
"TMEM88","A_23_P77859"
"TMEM89","A_23_P121282"
"TMEM8B","A_33_P3266828"
"TMEM9","A_33_P3239405"
"TMEM91","A_33_P3363620"
"TMEM92","A_32_P106194"
"TMEM94","A_24_P416289"
"TMEM95","A_24_P307289"
"TMEM97","A_24_P190168"
"TMEM98","A_23_P27035"
"TMEM9B","A_23_P162087"
"TMF1","A_33_P3405531"
"TMIE","A_33_P3261408"
"TMIGD1","A_33_P3346267"
"TMIGD2","A_33_P3415698"
"TMLHE","A_23_P62335"
"TMOD2","A_23_P48803"
"TMOD3","A_23_P65674"
"TMOD4","A_23_P126605"
"TMPO","A_33_P3412613"
"TMPPE","A_33_P3405763"
"TMPRSS11A","A_24_P109101"
"TMPRSS11B","A_33_P3318097"
"TMPRSS11BNL","A_33_P3403474"
"TMPRSS11D","A_33_P3374678"
"TMPRSS11E","A_23_P18751"
"TMPRSS11F","A_33_P3292650"
"TMPRSS12","A_32_P44534"
"TMPRSS13","A_23_P435477"
"TMPRSS2","A_23_P29067"
"TMPRSS3","A_23_P80162"
"TMPRSS4","A_33_P3296846"
"TMPRSS5","A_33_P3286923"
"TMPRSS6","A_23_P211493"
"TMPRSS7","A_33_P3361891"
"TMPRSS9","A_33_P3367939"
"TMSB10","A_23_P68106"
"TMSB15A","A_23_P137173"
"TMSB15B","A_23_P96599"
"TMSB4X","A_24_P143189"
"TMSB4XP1","A_33_P3814473"
"TMSB4Y","A_23_P171388"
"TMT1A","A_23_P415021"
"TMT1B","A_24_P64653"
"TMTC1","A_32_P2452"
"TMTC2","A_23_P382705"
"TMTC3","A_24_P918266"
"TMTC4","A_23_P65230"
"TMUB1","A_33_P3268763"
"TMUB2","A_23_P36647"
"TMX1","A_23_P76951"
"TMX2","A_24_P152635"
"TMX3","A_33_P3252141"
"TMX4","A_24_P250535"
"TNC","A_23_P157865"
"TNF","A_23_P376488"
"TNFAIP1","A_23_P38446"
"TNFAIP2","A_23_P421423"
"TNFAIP3","A_24_P157926"
"TNFAIP6","A_23_P165624"
"TNFAIP8","A_32_P219520"
"TNFAIP8L1","A_33_P3220437"
"TNFAIP8L2","A_23_P46356"
"TNFAIP8L3","A_32_P59010"
"TNFRSF10A","A_23_P255653"
"TNFRSF10B","A_24_P218265"
"TNFRSF10C","A_23_P256724"
"TNFRSF10D","A_33_P3326588"
"TNFRSF11A","A_23_P390518"
"TNFRSF12A","A_23_P49338"
"TNFRSF13B","A_23_P84705"
"TNFRSF13C","A_23_P91764"
"TNFRSF14","A_23_P126908"
"TNFRSF17","A_23_P37736"
"TNFRSF18","A_24_P411121"
"TNFRSF19","A_33_P3321055"
"TNFRSF1B","A_24_P54174"
"TNFRSF21","A_23_P30666"
"TNFRSF25","A_23_P126844"
"TNFRSF4","A_33_P3286157"
"TNFRSF6B","A_23_P218646"
"TNFRSF8","A_23_P500614"
"TNFRSF9","A_23_P51936"
"TNFSF10","A_33_P3226810"
"TNFSF11","A_23_P99386"
"TNFSF12","A_24_P245298"
"TNFSF13","A_23_P152620"
"TNFSF13B","A_23_P14174"
"TNFSF14","A_24_P237036"
"TNFSF15","A_23_P94754"
"TNFSF4","A_23_P126836"
"TNFSF8","A_23_P169257"
"TNFSF9","A_33_P3397763"
"TNIK","A_24_P350576"
"TNIP1","A_23_P30435"
"TNIP2","A_23_P258418"
"TNIP3","A_23_P386478"
"TNK1","A_33_P3388618"
"TNK2","A_23_P61633"
"TNKS","A_32_P144596"
"TNKS1BP1","A_23_P418597"
"TNKS2","A_23_P12620"
"TNMD","A_23_P125588"
"TNN","A_32_P480177"
"TNNC1","A_23_P166823"
"TNNC2","A_23_P131825"
"TNNI1","A_23_P51565"
"TNNI2","A_23_P24784"
"TNNI3","A_23_P67453"
"TNNI3K","A_24_P415680"
"TNNT1","A_33_P3397865"
"TNNT2","A_23_P34700"
"TNNT3","A_23_P127824"
"TNP1","A_23_P165504"
"TNP2","A_33_P3242304"
"TNPO1","A_24_P260440"
"TNPO2","A_33_P3423300"
"TNPO3","A_33_P3370132"
"TNR","A_23_P45864"
"TNRC18","A_33_P3321507"
"TNRC6A","A_23_P349310"
"TNRC6B","A_23_P6490"
"TNRC6C","A_33_P3302428"
"TNS1","A_33_P3738458"
"TNS2","A_23_P151297"
"TNS3","A_24_P346431"
"TNS4","A_23_P207850"
"TNXB","A_23_P156708"
"TOB1","A_23_P164179"
"TOB2","A_32_P179676"
"TOB2P1","A_33_P3348011"
"TOE1","A_24_P19828"
"TOGARAM1","A_33_P3226202"
"TOGARAM2","A_33_P3278714"
"TOLLIP","A_33_P3385101"
"TOM1","A_33_P3751889"
"TOM1L2","A_23_P141180"
"TOMM20","A_24_P216765"
"TOMM20L","A_24_P117942"
"TOMM22","A_23_P80336"
"TOMM34","A_33_P3325355"
"TOMM40","A_24_P15754"
"TOMM40L","A_23_P845"
"TOMM5","A_32_P75299"
"TOMM6","A_23_P214474"
"TOMM7","A_23_P93844"
"TOMM70","A_23_P144264"
"TONSL","A_24_P1054"
"TOP1","A_23_P305507"
"TOP1MT","A_24_P248053"
"TOP1P2","A_24_P374382"
"TOP3A","A_23_P15829"
"TOP3B","A_33_P3312366"
"TOP6BL","A_23_P96165"
"TOPAZ1","A_33_P3247474"
"TOPBP1","A_23_P159390"
"TOPORS","A_23_P32217"
"TOR1A","A_33_P3313889"
"TOR1AIP1","A_33_P3314386"
"TOR1AIP2","A_23_P336644"
"TOR1B","A_23_P94703"
"TOR2A","A_23_P60534"
"TOR3A","A_33_P3247403"
"TOR4A","A_23_P147109"
"TOX","A_24_P226755"
"TOX2","A_23_P154566"
"TOX3","A_23_P54681"
"TOX4","A_23_P404134"
"TP53","A_33_P3315764"
"TP53AIP1","A_24_P152398"
"TP53BP1","A_23_P88703"
"TP53BP2","A_23_P12526"
"TP53I11","A_23_P150281"
"TP53I13","A_33_P3274199"
"TP53I3","A_33_P3392077"
"TP53INP1","A_23_P168882"
"TP53INP2","A_24_P357465"
"TP53RK","A_33_P3391656"
"TP53TG1","A_23_P145895"
"TP53TG3","A_23_P37994"
"TP63","A_24_P273756"
"TP73","A_24_P413470"
"TPBG","A_23_P59261"
"TPCN1","A_23_P218086"
"TPCN2","A_33_P3264612"
"TPD52","A_33_P3347971"
"TPD52L1","A_23_P31143"
"TPD52L2","A_23_P131771"
"TPD52L3","A_24_P309216"
"TPGS1","A_23_P366682"
"TPGS2","A_23_P141715"
"TPH1","A_23_P150595"
"TPH2","A_24_P401787"
"TPI1","A_32_P95739"
"TPI1P2","A_24_P358328"
"TPK1","A_23_P145957"
"TPM1","A_33_P3335966"
"TPM2","A_23_P216501"
"TPM3","A_32_P29784"
"TPM4","A_24_P82880"
"TPMT","A_33_P3317321"
"TPO","A_33_P3405848"
"TPP1","A_33_P3324454"
"TPP2","A_23_P99424"
"TPPP","A_33_P3371999"
"TPPP2","A_23_P117464"
"TPPP3","A_23_P26386"
"TPR","A_24_P179611"
"TPRA1","A_33_P3399373"
"TPRG1","A_33_P3372044"
"TPRG1L","A_23_P339773"
"TPRKB","A_23_P5757"
"TPRN","A_33_P3297923"
"TPRX1","A_24_P323997"
"TPRXL","A_24_P203328"
"TPSAB1","A_23_P37702"
"TPSD1","A_33_P3382324"
"TPSG1","A_23_P26294"
"TPST1","A_23_P145965"
"TPST2","A_23_P132226"
"TPT1","A_24_P179351"
"TPT1P8","A_23_P255827"
"TPTE","A_33_P3247392"
"TPTE2","A_24_P118052"
"TPTE2P1","A_33_P3246635"
"TPTE2P3","A_32_P48134"
"TPTEP1","A_33_P3213155"
"TPX2","A_23_P68610"
"TRA2A","A_23_P31389"
"TRA2B","A_23_P212639"
"TRABD","A_33_P3862354"
"TRABD2A","A_23_P56703"
"TRADD","A_23_P54649"
"TRAF1","A_24_P89891"
"TRAF2","A_33_P3803639"
"TRAF3","A_23_P37068"
"TRAF3IP1","A_32_P170003"
"TRAF3IP2","A_33_P3343428"
"TRAF3IP2-AS1","A_33_P3389113"
"TRAF3IP3","A_33_P3421351"
"TRAF4","A_23_P15654"
"TRAF5","A_23_P201731"
"TRAF6","A_23_P75921"
"TRAF7","A_24_P53150"
"TRAFD1","A_33_P3372124"
"TRAIP","A_23_P170491"
"TRAK1","A_23_P132536"
"TRAK2","A_23_P209426"
"TRAM1L1","A_23_P18518"
"TRAM2","A_24_P12413"
"TRANK1","A_24_P68079"
"TRAP1","A_23_P3849"
"TRAPPC1","A_23_P125348"
"TRAPPC10","A_23_P317683"
"TRAPPC11","A_24_P328819"
"TRAPPC12","A_23_P256835"
"TRAPPC13","A_33_P3251821"
"TRAPPC14","A_33_P3364508"
"TRAPPC2","A_23_P73660"
"TRAPPC2L","A_24_P327050"
"TRAPPC3","A_23_P200535"
"TRAPPC3L","A_33_P3276068"
"TRAPPC4","A_23_P127613"
"TRAPPC5","A_32_P99432"
"TRAPPC6A","A_24_P390928"
"TRAPPC6B","A_24_P942132"
"TRAPPC8","A_33_P3305348"
"TRAPPC9","A_23_P73420"
"TRARG1","A_23_P308058"
"TRAT1","A_23_P212568"
"TRAV20","A_33_P3324810"
"TRDMT1","A_33_P3399581"
"TRDN","A_33_P3248799"
"TREH","A_23_P104819"
"TREM1","A_23_P19333"
"TREM2","A_24_P12397"
"TREML1","A_33_P3381777"
"TREML2","A_24_P214858"
"TREML3P","A_24_P170439"
"TREML4","A_24_P655458"
"TREML5P","A_33_P3373598"
"TRERF1","A_23_P59022"
"TREX1","A_33_P3383866"
"TREX2","A_33_P3383856"
"TRGV7","A_33_P3638471"
"TRH","A_23_P132760"
"TRHDE","A_23_P366983"
"TRHR","A_23_P322008"
"TRIAP1","A_23_P128408"
"TRIB1","A_24_P252497"
"TRIB2","A_33_P3325978"
"TRIB3","A_23_P210690"
"TRIL","A_24_P183664"
"TRIM10","A_23_P420831"
"TRIM11","A_23_P115124"
"TRIM13","A_23_P87973"
"TRIM14","A_23_P216655"
"TRIM15","A_23_P500300"
"TRIM16L","A_23_P129903"
"TRIM17","A_33_P3235078"
"TRIM2","A_24_P208909"
"TRIM21","A_23_P47691"
"TRIM22","A_24_P172481"
"TRIM23","A_24_P208998"
"TRIM24","A_23_P93629"
"TRIM25","A_33_P3331366"
"TRIM26","A_23_P214587"
"TRIM27","A_32_P137035"
"TRIM28","A_23_P89884"
"TRIM29","A_23_P203267"
"TRIM3","A_33_P3554318"
"TRIM31","A_33_P3354451"
"TRIM33","A_33_P3257367"
"TRIM34","A_23_P124190"
"TRIM35","A_23_P502553"
"TRIM36","A_33_P3390793"
"TRIM37","A_23_P21230"
"TRIM38","A_24_P294851"
"TRIM39","A_24_P89413"
"TRIM39-RPP21","A_33_P3879920"
"TRIM4","A_23_P500601"
"TRIM40","A_23_P402778"
"TRIM41","A_33_P3354434"
"TRIM42","A_23_P325654"
"TRIM43","A_23_P17173"
"TRIM44","A_23_P139297"
"TRIM45","A_33_P3234197"
"TRIM46","A_23_P46222"
"TRIM47","A_33_P3235053"
"TRIM48","A_23_P64306"
"TRIM49","A_23_P1575"
"TRIM5","A_23_P356526"
"TRIM50","A_33_P3293748"
"TRIM51","A_23_P150483"
"TRIM52","A_23_P58579"
"TRIM53AP","A_33_P3395581"
"TRIM54","A_33_P3271594"
"TRIM55","A_33_P3850216"
"TRIM56","A_23_P350107"
"TRIM58","A_33_P3249414"
"TRIM59","A_32_P72341"
"TRIM6","A_24_P381199"
"TRIM60","A_23_P371168"
"TRIM61","A_33_P3383724"
"TRIM62","A_33_P3315423"
"TRIM64","A_24_P213120"
"TRIM65","A_33_P3331346"
"TRIM66","A_33_P3390773"
"TRIM67","A_33_P3235043"
"TRIM68","A_23_P2097"
"TRIM69","A_23_P48826"
"TRIM7","A_23_P30315"
"TRIM71","A_33_P3354429"
"TRIM72","A_32_P429687"
"TRIM77","A_33_P3235048"
"TRIM8","A_23_P46844"
"TRIM9","A_33_P3383836"
"TRIML1","A_23_P373742"
"TRIML2","A_23_P350005"
"TRIO","A_33_P3415500"
"TRIOBP","A_23_P17855"
"TRIP10","A_23_P50349"
"TRIP12","A_23_P147984"
"TRIP13","A_33_P3339212"
"TRIP4","A_23_P152028"
"TRIP6","A_24_P4054"
"TRIQK","A_32_P117313"
"TRIR","A_24_P384636"
"TRMO","A_23_P257726"
"TRMT1","A_23_P16683"
"TRMT10A","A_23_P398637"
"TRMT10B","A_23_P400459"
"TRMT11","A_24_P89509"
"TRMT112","A_23_P12992"
"TRMT13","A_33_P3224680"
"TRMT1L","A_24_P190877"
"TRMT2A","A_24_P305662"
"TRMT2B","A_33_P3225567"
"TRMT44","A_23_P29985"
"TRMT5","A_33_P3238976"
"TRMT6","A_23_P210747"
"TRMT61A","A_23_P151497"
"TRMT61B","A_23_P259823"
"TRMT9B","A_32_P159234"
"TRMU","A_33_P3433156"
"TRNAU1AP","A_24_P96762"
"TRNP1","A_24_P734953"
"TRNT1","A_23_P372331"
"TRO","A_23_P217228"
"TROAP","A_23_P150935"
"TRPA1","A_24_P235338"
"TRPC1","A_24_P28977"
"TRPC2","A_23_P169873"
"TRPC3","A_23_P41455"
"TRPC4AP","A_23_P154801"
"TRPC5","A_23_P254989"
"TRPC6","A_33_P3337627"
"TRPC7","A_33_P3337632"
"TRPM1","A_23_P129225"
"TRPM2","A_24_P27977"
"TRPM3","A_24_P392632"
"TRPM4","A_23_P153529"
"TRPM5","A_23_P87279"
"TRPM6","A_23_P216712"
"TRPM7","A_23_P88470"
"TRPM8","A_23_P403991"
"TRPS1","A_33_P3361746"
"TRPT1","A_23_P98248"
"TRPV1","A_23_P375281"
"TRPV2","A_23_P207911"
"TRPV3","A_23_P49862"
"TRPV4","A_24_P13381"
"TRPV5","A_23_P93973"
"TRPV6","A_33_P3364854"
"TRRAP","A_23_P94053"
"TRUB1","A_23_P63908"
"TRUB2","A_23_P169428"
"TSACC","A_32_P41553"
"TSBP1","A_24_P331675"
"TSC1","A_24_P329635"
"TSC2","A_23_P66110"
"TSC22D1","A_33_P3296205"
"TSC22D2","A_23_P92230"
"TSC22D3","A_33_P3237634"
"TSC22D4","A_24_P200942"
"TSEN15","A_33_P3214436"
"TSEN2","A_23_P92012"
"TSEN34","A_33_P3211213"
"TSEN54","A_23_P147277"
"TSFM","A_23_P64650"
"TSG1","A_33_P3224844"
"TSG101","A_23_P75839"
"TSGA10","A_23_P17103"
"TSGA10IP","A_23_P306845"
"TSGA13","A_23_P250694"
"TSHR","A_24_P42557"
"TSHZ1","A_23_P27381"
"TSHZ2","A_23_P143247"
"TSHZ3","A_23_P361014"
"TSIX","A_33_P3247753"
"TSKS","A_23_P16275"
"TSKU","A_23_P162142"
"TSL","A_33_P3433388"
"TSLP","A_33_P3221783"
"TSN","A_23_P28105"
"TSNARE1","A_33_P3291567"
"TSNAX","A_33_P3230658"
"TSNAXIP1","A_23_P129425"
"TSPAN1","A_23_P160167"
"TSPAN10","A_24_P213643"
"TSPAN11","A_23_P76136"
"TSPAN12","A_23_P145984"
"TSPAN13","A_23_P168610"
"TSPAN14","A_24_P98613"
"TSPAN15","A_32_P7015"
"TSPAN16","A_23_P142070"
"TSPAN17","A_23_P425516"
"TSPAN18","A_24_P13083"
"TSPAN19","A_23_P2322"
"TSPAN2","A_24_P62659"
"TSPAN3","A_23_P14804"
"TSPAN31","A_23_P24987"
"TSPAN32","A_23_P501722"
"TSPAN33","A_24_P365901"
"TSPAN4","A_23_P316741"
"TSPAN5","A_33_P3325349"
"TSPAN6","A_23_P171143"
"TSPAN8","A_23_P36531"
"TSPAN9","A_23_P151133"
"TSPEAR","A_23_P394972"
"TSPEAR-AS1","A_33_P3467748"
"TSPO","A_33_P3251148"
"TSPO2","A_33_P3234222"
"TSPOAP1","A_24_P113131"
"TSPY17P","A_33_P3245623"
"TSPY2","A_33_P3322259"
"TSPY26P","A_23_P408341"
"TSPY3","A_23_P22800"
"TSPYL1","A_24_P76879"
"TSPYL2","A_23_P170608"
"TSPYL5","A_23_P417951"
"TSPYL6","A_23_P91035"
"TSR1","A_24_P941336"
"TSR2","A_33_P3341901"
"TSR3","A_23_P88753"
"TSSC4","A_33_P3325006"
"TSSK1B","A_23_P427136"
"TSSK2","A_23_P40515"
"TSSK3","A_23_P399681"
"TSSK4","A_24_P352637"
"TSSK6","A_23_P108221"
"TST","A_23_P29248"
"TSTD1","A_23_P217901"
"TSTD2","A_24_P60972"
"TTBK1","A_33_P3215282"
"TTBK2","A_33_P3215277"
"TTC1","A_23_P19164"
"TTC12","A_23_P24535"
"TTC14","A_23_P212511"
"TTC16","A_33_P3280811"
"TTC17","A_23_P414899"
"TTC19","A_33_P3230738"
"TTC21A","A_23_P428248"
"TTC21B","A_24_P111511"
"TTC22","A_24_P11436"
"TTC23","A_23_P140563"
"TTC23L","A_23_P390726"
"TTC24","A_33_P3297345"
"TTC27","A_23_P131227"
"TTC28","A_23_P29185"
"TTC28-AS1","A_33_P3362148"
"TTC29","A_23_P92517"
"TTC3","A_33_P3276913"
"TTC31","A_23_P39813"
"TTC32","A_33_P3412061"
"TTC33","A_24_P405981"
"TTC34","A_33_P3259625"
"TTC36","A_33_P3259615"
"TTC38","A_24_P156388"
"TTC39A","A_23_P160214"
"TTC39B","A_23_P390097"
"TTC39C","A_32_P123629"
"TTC4","A_23_P230"
"TTC41P","A_33_P3284004"
"TTC5","A_33_P3347108"
"TTC6","A_33_P3226575"
"TTC7A","A_24_P337000"
"TTC7B","A_23_P25974"
"TTC8","A_32_P169735"
"TTC9","A_24_P273742"
"TTC9B","A_33_P3293593"
"TTC9C","A_23_P24751"
"TTF1","A_33_P3230339"
"TTF2","A_33_P3256685"
"TTI1","A_33_P3287922"
"TTI2","A_33_P3324655"
"TTK","A_23_P259586"
"TTL","A_33_P3427102"
"TTLL1","A_33_P3349145"
"TTLL10","A_24_P165545"
"TTLL11","A_23_P333852"
"TTLL12","A_23_P143748"
"TTLL13","A_33_P3237250"
"TTLL2","A_23_P7901"
"TTLL4","A_33_P3263387"
"TTLL5","A_24_P321752"
"TTLL6","A_24_P10444"
"TTLL7","A_33_P3348164"
"TTLL9","A_33_P3390217"
"TTN","A_33_P3329433"
"TTPA","A_24_P252462"
"TTPAL","A_23_P253561"
"TTR","A_23_P130333"
"TTTY1","A_24_P323131"
"TTTY10","A_23_P320622"
"TTTY11","A_23_P160017"
"TTTY12","A_23_P148641"
"TTTY14","A_23_P251232"
"TTTY15","A_24_P348861"
"TTTY16","A_33_P3349495"
"TTTY17A","A_33_P3279539"
"TTTY18","A_33_P3400302"
"TTTY19","A_33_P3325107"
"TTTY2","A_32_P413094"
"TTTY20","A_24_P298723"
"TTTY21","A_24_P186114"
"TTTY22","A_24_P331693"
"TTTY23","A_24_P340227"
"TTTY3","A_24_P280328"
"TTTY4C","A_32_P944252"
"TTTY5","A_23_P34209"
"TTTY6","A_23_P171409"
"TTTY7","A_32_P737629"
"TTTY8","A_23_P45592"
"TTTY9A","A_23_P251868"
"TTYH1","A_23_P50815"
"TTYH2","A_23_P66432"
"TTYH3","A_23_P331895"
"TUB","A_23_P500892"
"TUBA1A","A_23_P139547"
"TUBA1B","A_23_P128147"
"TUBA1C","A_24_P188071"
"TUBA3C","A_23_P128598"
"TUBA3D","A_23_P56736"
"TUBA4A","A_23_P154065"
"TUBA8","A_24_P160104"
"TUBAL3","A_23_P95851"
"TUBB","A_33_P3312258"
"TUBB1","A_24_P228550"
"TUBB2A","A_23_P19291"
"TUBB2B","A_24_P314477"
"TUBB3","A_23_P77493"
"TUBB4A","A_23_P113656"
"TUBB4B","A_23_P312863"
"TUBB6","A_23_P254271"
"TUBB8","A_24_P813147"
"TUBBP5","A_33_P3409518"
"TUBD1","A_23_P26895"
"TUBE1","A_33_P3240538"
"TUBG1","A_33_P3363898"
"TUBG2","A_23_P78014"
"TUBGCP2","A_23_P127150"
"TUBGCP3","A_24_P313096"
"TUBGCP4","A_23_P3450"
"TUBGCP5","A_23_P152038"
"TUBGCP6","A_23_P6546"
"TUFM","A_23_P9582"
"TUFT1","A_23_P371824"
"TUG1","A_23_P68868"
"TULP1","A_23_P320021"
"TULP2","A_23_P55961"
"TULP3","A_33_P3405789"
"TULP4","A_23_P382045"
"TUSC1","A_32_P133884"
"TUSC2","A_23_P251562"
"TUSC3","A_24_P95154"
"TUT1","A_23_P53015"
"TUT4","A_23_P34433"
"TUT7","A_33_P3210223"
"TVP23A","A_33_P3310039"
"TVP23B","A_23_P118516"
"TVP23C","A_24_P87490"
"TVP23C-CDRT4","A_24_P262321"
"TWF1","A_23_P48166"
"TWF2","A_23_P121265"
"TWIST1","A_33_P3414591"
"TWIST2","A_23_P21324"
"TWNK","A_23_P138461"
"TWSG1","A_24_P202497"
"TXK","A_23_P302018"
"TXLNA","A_33_P3376007"
"TXLNB","A_23_P434398"
"TXLNG","A_23_P146997"
"TXLNGY","A_33_P3260223"
"TXN","A_23_P60248"
"TXN2","A_23_P68899"
"TXNDC11","A_24_P107897"
"TXNDC12","A_23_P200199"
"TXNDC15","A_33_P3313030"
"TXNDC16","A_23_P398836"
"TXNDC17","A_33_P3209386"
"TXNDC2","A_24_P125434"
"TXNDC5","A_23_P168229"
"TXNDC8","A_33_P3278275"
"TXNDC9","A_23_P154330"
"TXNIP","A_23_P97700"
"TXNL1","A_23_P4522"
"TXNL4A","A_23_P130304"
"TXNL4B","A_24_P399083"
"TXNRD1","A_33_P3351120"
"TXNRD2","A_23_P102988"
"TXNRD3","A_32_P170925"
"TYK2","A_23_P141917"
"TYMP","A_33_P3255949"
"TYMS","A_23_P50096"
"TYMSOS","A_24_P238499"
"TYR","A_33_P3239214"
"TYRO3","A_23_P54517"
"TYRO3P","A_33_P3723600"
"TYROBP","A_33_P3409062"
"TYRP1","A_33_P3399980"
"TYSND1","A_33_P3351101"
"TYW1","A_23_P215198"
"TYW1B","A_33_P3210986"
"TYW2","A_23_P82913"
"TYW3","A_24_P396327"
"TYW5","A_32_P36942"
"U2AF1","A_23_P6303"
"U2AF1L4","A_23_P326296"
"U2AF2","A_33_P3302796"
"U2SURP","A_24_P943106"
"UACA","A_33_P3323718"
"UAP1","A_23_P160460"
"UAP1L1","A_23_P135164"
"UBA1","A_23_P137209"
"UBA2","A_24_P376229"
"UBA3","A_23_P211840"
"UBA5","A_33_P3235390"
"UBA52","A_24_P173325"
"UBA6","A_33_P3412035"
"UBA7","A_23_P21207"
"UBAC1","A_23_P60324"
"UBAC2","A_23_P139998"
"UBALD1","A_23_P402787"
"UBALD2","A_24_P194714"
"UBAP1","A_33_P3295096"
"UBAP2","A_23_P60472"
"UBAP2L","A_33_P3361701"
"UBASH3A","A_23_P6293"
"UBASH3B","A_33_P3409477"
"UBB","A_23_P27215"
"UBC","A_24_P681301"
"UBD","A_23_P81898"
"UBE2A","A_23_P148446"
"UBE2B","A_23_P167595"
"UBE2C","A_24_P297539"
"UBE2D1","A_24_P13032"
"UBE2D2","A_33_P3310674"
"UBE2D3","A_24_P363005"
"UBE2D4","A_33_P3637909"
"UBE2DNL","A_23_P367071"
"UBE2E1","A_23_P6963"
"UBE2E2","A_32_P155506"
"UBE2E3","A_24_P148450"
"UBE2E4P","A_33_P3533001"
"UBE2F","A_23_P39561"
"UBE2G1","A_23_P27066"
"UBE2G2","A_24_P357037"
"UBE2H","A_33_P3341234"
"UBE2I","A_23_P152107"
"UBE2J1","A_33_P3274332"
"UBE2J2","A_33_P3310696"
"UBE2K","A_24_P286013"
"UBE2L3","A_32_P91250"
"UBE2L6","A_23_P75741"
"UBE2M","A_23_P141847"
"UBE2MP1","A_24_P239017"
"UBE2NL","A_23_P350234"
"UBE2O","A_24_P172993"
"UBE2Q1","A_23_P97423"
"UBE2Q2","A_33_P3333826"
"UBE2Q2P1","A_24_P816384"
"UBE2Q2P2","A_33_P3382769"
"UBE2QL1","A_24_P479551"
"UBE2R2","A_33_P3333820"
"UBE2S","A_32_P171328"
"UBE2U","A_23_P379657"
"UBE2V1","A_23_P501996"
"UBE2V2","A_33_P3333810"
"UBE2W","A_23_P71433"
"UBE2Z","A_23_P83438"
"UBE3A","A_24_P207150"
"UBE3B","A_33_P3258013"
"UBE3C","A_23_P59481"
"UBE3D","A_24_P626931"
"UBE4A","A_23_P203137"
"UBE4B","A_23_P201279"
"UBFD1","A_23_P15123"
"UBIAD1","A_33_P3292307"
"UBL3","A_23_P140029"
"UBL4A","A_33_P3232006"
"UBL4B","A_32_P112910"
"UBL5","A_23_P78563"
"UBL7","A_23_P117778"
"UBLCP1","A_33_P3355232"
"UBN1","A_23_P54900"
"UBN2","A_33_P3339231"
"UBOX5","A_24_P79241"
"UBP1","A_23_P211738"
"UBQLN1","A_24_P329600"
"UBQLN3","A_23_P98830"
"UBQLN4","A_33_P3382380"
"UBQLNL","A_23_P328621"
"UBR1","A_23_P152066"
"UBR2","A_23_P362637"
"UBR3","A_24_P285501"
"UBR4","A_33_P3767773"
"UBR5","A_32_P159400"
"UBR7","A_24_P159094"
"UBTD1","A_33_P3220570"
"UBTD2","A_33_P3220565"
"UBTF","A_24_P349616"
"UBTFL1","A_33_P3303982"
"UBXN1","A_23_P98605"
"UBXN10","A_32_P205053"
"UBXN11","A_24_P239811"
"UBXN2A","A_23_P131240"
"UBXN2B","A_32_P148796"
"UBXN4","A_32_P95823"
"UBXN6","A_23_P386905"
"UBXN7","A_23_P358221"
"UBXN8","A_23_P157465"
"UCA1","A_32_P200238"
"UCHL1","A_23_P132956"
"UCHL3","A_23_P76690"
"UCHL5","A_23_P148798"
"UCK1","A_23_P216402"
"UCK2","A_23_P487"
"UCKL1","A_23_P17330"
"UCKL1-AS1","A_33_P3356004"
"UCMA","A_24_P18270"
"UCN","A_33_P3353030"
"UCN2","A_33_P3279629"
"UCN3","A_33_P3241369"
"UCP1","A_23_P30091"
"UCP2","A_23_P47704"
"UCP3","A_24_P292470"
"UEVLD","A_23_P203445"
"UFD1","A_33_P3265704"
"UFL1","A_23_P30956"
"UFM1","A_33_P3399248"
"UFSP1","A_33_P3240053"
"UFSP2","A_23_P41437"
"UGCG","A_23_P313389"
"UGDH","A_33_P3396607"
"UGGT1","A_33_P3366246"
"UGGT2","A_23_P204980"
"UGP2","A_23_P253046"
"UGT1A6","A_23_P60599"
"UGT1A8","A_33_P3302075"
"UGT2A2","A_33_P3389237"
"UGT2A3","A_24_P334378"
"UGT2B10","A_23_P7342"
"UGT2B11","A_23_P212968"
"UGT2B15","A_23_P58407"
"UGT2B4","A_23_P386912"
"UGT2B7","A_23_P136671"
"UGT3A1","A_24_P183334"
"UGT3A2","A_24_P251950"
"UGT8","A_24_P103264"
"UHMK1","A_23_P342067"
"UHRF1","A_23_P208880"
"UHRF2","A_33_P3279715"
"UIMC1","A_23_P317691"
"ULBP1","A_33_P3422802"
"ULBP2","A_23_P145485"
"ULBP3","A_23_P134100"
"ULK1","A_24_P73370"
"ULK2","A_23_P55107"
"ULK3","A_23_P206107"
"ULK4","A_33_P3392892"
"ULK4P1","A_32_P203786"
"UMOD","A_23_P158775"
"UMODL1","A_33_P3355732"
"UMODL1-AS1","A_23_P377860"
"UMPS","A_23_P6624"
"UNC119","A_23_P49842"
"UNC119B","A_23_P87827"
"UNC13A","A_24_P472007"
"UNC13B","A_23_P253395"
"UNC13C","A_33_P3423585"
"UNC13D","A_24_P53215"
"UNC45A","A_24_P398950"
"UNC45B","A_33_P3249125"
"UNC50","A_23_P252700"
"UNC5A","A_33_P3379001"
"UNC5B","A_23_P52336"
"UNC5C","A_23_P69617"
"UNC5CL","A_23_P428298"
"UNC5D","A_23_P216118"
"UNC79","A_23_P432272"
"UNC80","A_33_P3410251"
"UNC93A","A_23_P214408"
"UNC93B1","A_33_P3404470"
"UNCX","A_33_P3411388"
"UNG","A_33_P3236157"
"UNK","A_32_P514790"
"UNKL","A_24_P374675"
"UOX","A_33_P3244112"
"UPB1","A_33_P3308468"
"UPF1","A_24_P194154"
"UPF2","A_33_P3218760"
"UPF3A","A_32_P226567"
"UPF3B","A_24_P310630"
"UPK1A","A_23_P119634"
"UPK1B","A_24_P200219"
"UPK2","A_23_P64243"
"UPK3A","A_24_P348594"
"UPK3B","A_24_P112160"
"UPP1","A_23_P147805"
"UPP2","A_23_P357316"
"UPRT","A_24_P185986"
"UQCC1","A_24_P65910"
"UQCC2","A_23_P156739"
"UQCC3","A_33_P3403748"
"UQCC4","A_33_P3258191"
"UQCC5","A_23_P370924"
"UQCC6","A_24_P769672"
"UQCR10","A_23_P68866"
"UQCR11","A_23_P56314"
"UQCRB","A_23_P31671"
"UQCRC1","A_23_P132675"
"UQCRFS1","A_23_P153586"
"UQCRH","A_33_P3299892"
"UQCRQ","A_23_P213718"
"URAD","A_33_P3307207"
"URB1","A_23_P57293"
"URB1-DT","A_23_P29029"
"URB2","A_23_P74914"
"URGCP","A_23_P31489"
"URM1","A_33_P3499174"
"UROC1","A_23_P422240"
"UROD","A_23_P63050"
"UROS","A_23_P35609"
"USB1","A_24_P107941"
"USE1","A_33_P3392823"
"USF1","A_23_P23646"
"USF2","A_33_P3299982"
"USF3","A_32_P138617"
"USH1C","A_23_P116430"
"USH1G","A_33_P3401711"
"USH2A","A_33_P3212949"
"USHBP1","A_32_P189592"
"USO1","A_23_P29855"
"USP10","A_32_P26330"
"USP11","A_23_P171366"
"USP12","A_24_P237613"
"USP13","A_23_P40989"
"USP14","A_33_P3239954"
"USP15","A_32_P57057"
"USP16","A_23_P257911"
"USP17L2","A_33_P3292739"
"USP18","A_23_P132159"
"USP19","A_33_P3360301"
"USP2","A_23_P24966"
"USP20","A_23_P217028"
"USP21","A_23_P126689"
"USP22","A_23_P422540"
"USP24","A_24_P58122"
"USP25","A_24_P139208"
"USP26","A_23_P158118"
"USP27X","A_24_P322908"
"USP28","A_33_P3672482"
"USP29","A_23_P78504"
"USP3","A_33_P3231110"
"USP30","A_24_P87114"
"USP31","A_23_P206612"
"USP32","A_33_P3414362"
"USP33","A_24_P405190"
"USP34","A_24_P126417"
"USP36","A_33_P3357247"
"USP37","A_33_P3353425"
"USP38","A_33_P3378509"
"USP39","A_32_P101301"
"USP4","A_24_P291598"
"USP40","A_23_P343594"
"USP42","A_24_P135276"
"USP43","A_24_P310009"
"USP44","A_23_P72770"
"USP45","A_23_P134008"
"USP46","A_24_P377225"
"USP47","A_23_P148204"
"USP48","A_23_P200551"
"USP49","A_33_P3389967"
"USP5","A_23_P64954"
"USP50","A_33_P3301920"
"USP51","A_33_P3301915"
"USP53","A_32_P128701"
"USP54","A_23_P355536"
"USP6","A_33_P3414312"
"USP6NL","A_24_P398130"
"USP7","A_24_P245108"
"USP8","A_23_P129058"
"USP9X","A_33_P3387771"
"USP9Y","A_33_P3217700"
"USPL1","A_23_P128641"
"UST","A_23_P314145"
"UTF1","A_33_P3294217"
"UTP11","A_32_P77977"
"UTP14A","A_23_P205216"
"UTP14C","A_33_P3229161"
"UTP15","A_23_P213441"
"UTP18","A_23_P130020"
"UTP20","A_23_P162525"
"UTP23","A_23_P157679"
"UTP25","A_23_P34946"
"UTP3","A_23_P92424"
"UTP4","A_24_P25346"
"UTP6","A_23_P164237"
"UTRN","A_32_P524014"
"UTS2","A_23_P63343"
"UTS2B","A_32_P225659"
"UTS2R","A_23_P146885"
"UTY","A_33_P3228977"
"UVRAG","A_33_P3260722"
"UVSSA","A_33_P3422233"
"UXS1","A_23_P67829"
"UXT","A_23_P159663"
"VAC14","A_23_P77590"
"VAMP2","A_23_P164341"
"VAMP3","A_24_P370887"
"VAMP4","A_33_P3409904"
"VAMP5","A_23_P39840"
"VAMP7","A_23_P22671"
"VAMP8","A_23_P28434"
"VANGL1","A_24_P199655"
"VANGL2","A_33_P3282005"
"VAPA","A_23_P382199"
"VAPB","A_23_P91293"
"VARS1","A_33_P3248664"
"VARS2","A_23_P111112"
"VASH1","A_23_P77000"
"VASH2","A_33_P3242663"
"VASN","A_23_P129695"
"VAT1","A_23_P26954"
"VAT1L","A_23_P400449"
"VAV1","A_23_P38959"
"VAV2","A_24_P84419"
"VAV3","A_23_P201551"
"VAX1","A_33_P3381393"
"VAX2","A_33_P3267562"
"VBP1","A_23_P256223"
"VCAM1","A_23_P34345"
"VCAN","A_23_P144959"
"VCF1","A_23_P78289"
"VCF2","A_23_P415061"
"VCL","A_24_P47182"
"VCP","A_23_P83045"
"VCPIP1","A_33_P3223467"
"VCPKMT","A_23_P128940"
"VCX2","A_32_P33083"
"VCY","A_23_P11390"
"VDAC1","A_23_P144816"
"VDAC2","A_33_P3415037"
"VDAC3","A_24_P235316"
"VEGFA","A_23_P70398"
"VEGFB","A_23_P1594"
"VEGFC","A_23_P167096"
"VEGFD","A_23_P45185"
"VENTX","A_23_P419150"
"VENTXP1","A_24_P254762"
"VENTXP7","A_33_P3240482"
"VEPH1","A_23_P380208"
"VEZF1","A_24_P924591"
"VEZT","A_23_P204609"
"VGF","A_33_P3276703"
"VGLL1","A_23_P253123"
"VGLL2","A_32_P106376"
"VGLL3","A_23_P132763"
"VGLL4","A_23_P132595"
"VHL","A_33_P3419938"
"VHLL","A_23_P63096"
"VIL1","A_23_P16866"
"VILL","A_23_P29684"
"VIM","A_23_P161190"
"VIP","A_23_P19650"
"VIPAS39","A_23_P163148"
"VIPR1","A_24_P105933"
"VIPR2","A_32_P153071"
"VIRMA","A_24_P223604"
"VIT","A_23_P56578"
"VKORC1","A_23_P100486"
"VKORC1L1","A_23_P413815"
"VLDLR","A_23_P43476"
"VMA12","A_23_P27048"
"VMA21","A_33_P3361681"
"VMA22","A_23_P17074"
"VMAC","A_33_P3291176"
"VMO1","A_23_P55356"
"VMP1","A_33_P3407925"
"VN1R1","A_33_P3415255"
"VN1R103P","A_33_P3404257"
"VN1R10P","A_23_P300087"
"VN1R2","A_23_P402279"
"VN1R3","A_33_P3505551"
"VN1R4","A_32_P381957"
"VN1R5","A_23_P303238"
"VNN1","A_33_P3399571"
"VNN3P","A_23_P398449"
"VOPP1","A_23_P168211"
"VPREB1","A_33_P3305835"
"VPREB3","A_33_P3299254"
"VPS11","A_24_P329939"
"VPS13A","A_23_P217098"
"VPS13B","A_24_P98251"
"VPS13C","A_23_P206228"
"VPS13D","A_23_P364837"
"VPS16","A_23_P143303"
"VPS18","A_24_P18802"
"VPS25","A_23_P66599"
"VPS26A","A_23_P75255"
"VPS26B","A_24_P107336"
"VPS26C","A_24_P254346"
"VPS28","A_23_P31903"
"VPS29","A_24_P175989"
"VPS33A","A_23_P36408"
"VPS33B","A_23_P48964"
"VPS35","A_24_P270769"
"VPS35L","A_33_P3318122"
"VPS36","A_33_P3674851"
"VPS37A","A_23_P366328"
"VPS37B","A_23_P150876"
"VPS37C","A_23_P47517"
"VPS37D","A_33_P3293573"
"VPS39","A_24_P167825"
"VPS41","A_23_P215318"
"VPS45","A_23_P23719"
"VPS4A","A_23_P329772"
"VPS4B","A_24_P322369"
"VPS50","A_24_P77947"
"VPS52","A_23_P70583"
"VPS53","A_33_P3394352"
"VPS54","A_23_P131737"
"VPS8","A_24_P357709"
"VPS9D1","A_33_P3410206"
"VRK1","A_23_P76761"
"VRK2","A_33_P3417990"
"VRK3","A_23_P107933"
"VRTN","A_23_P140362"
"VSIG1","A_32_P163147"
"VSIG10","A_23_P72059"
"VSIG10L","A_33_P3395848"
"VSIG2","A_23_P36018"
"VSIG4","A_23_P217269"
"VSIG8","A_33_P3393684"
"VSIR","A_23_P24077"
"VSNL1","A_23_P209978"
"VSTM1","A_33_P3514487"
"VSTM2A","A_33_P3347193"
"VSTM2B","A_33_P3218316"
"VSTM2L","A_23_P79803"
"VSTM4","A_24_P941038"
"VSTM5","A_33_P3233189"
"VSX1","A_33_P3342295"
"VSX2","A_33_P3244906"
"VTA1","A_24_P294982"
"VTCN1","A_23_P518"
"VTI1A","A_32_P36313"
"VTI1B","A_23_P14284"
"VTN","A_23_P78099"
"VWA1","A_33_P3395743"
"VWA2","A_33_P3358228"
"VWA3A","A_23_P390665"
"VWA3B","A_33_P3312489"
"VWA5A","A_33_P3305105"
"VWA5B1","A_33_P3405434"
"VWA5B2","A_33_P3322519"
"VWA7","A_23_P42288"
"VWA8","A_24_P109351"
"VWC2","A_23_P157338"
"VWC2L","A_24_P75460"
"VWCE","A_23_P52986"
"VWDE","A_32_P148745"
"VWF","A_33_P3307267"
"VXN","A_23_P353614"
"WAC","A_23_P201996"
"WAPL","A_32_P174908"
"WARS1","A_23_P65651"
"WARS2","A_33_P3338417"
"WAS","A_23_P96331"
"WASF1","A_23_P168306"
"WASF2","A_24_P76546"
"WASF3","A_24_P176079"
"WASH3P","A_33_P3304908"
"WASH5P","A_33_P3337259"
"WASHC1","A_23_P11744"
"WASHC2C","A_33_P3279124"
"WASHC3","A_23_P53567"
"WASHC4","A_32_P153725"
"WASL","A_33_P3405444"
"WBP1","A_23_P252808"
"WBP11","A_23_P105519"
"WBP1L","A_24_P64362"
"WBP2","A_23_P15299"
"WBP2NL","A_23_P410128"
"WBP4","A_23_P140035"
"WDCP","A_23_P154022"
"WDFY1","A_23_P502797"
"WDFY2","A_33_P3209646"
"WDFY3","A_24_P83379"
"WDFY3-AS2","A_32_P116271"
"WDFY4","A_32_P30905"
"WDHD1","A_23_P25873"
"WDPCP","A_23_P90565"
"WDR1","A_23_P213000"
"WDR11","A_23_P63929"
"WDR12","A_23_P28625"
"WDR13","A_23_P136916"
"WDR17","A_33_P3375736"
"WDR18","A_33_P3411925"
"WDR19","A_33_P3268618"
"WDR20","A_23_P205255"
"WDR24","A_33_P3248759"
"WDR25","A_23_P84202"
"WDR26","A_23_P85604"
"WDR27","A_32_P415151"
"WDR3","A_24_P122524"
"WDR31","A_24_P6674"
"WDR33","A_33_P3335845"
"WDR35","A_33_P3335865"
"WDR36","A_24_P106357"
"WDR37","A_23_P47073"
"WDR38","A_32_P449380"
"WDR4","A_23_P143535"
"WDR41","A_23_P259521"
"WDR43","A_23_P344853"
"WDR44","A_23_P171359"
"WDR45","A_23_P251717"
"WDR45B","A_23_P207020"
"WDR46","A_24_P389038"
"WDR47","A_23_P23748"
"WDR48","A_33_P3297141"
"WDR49","A_23_P356163"
"WDR5","A_33_P3292417"
"WDR54","A_23_P68072"
"WDR55","A_33_P3259423"
"WDR59","A_23_P206856"
"WDR5B","A_33_P3259548"
"WDR6","A_33_P3815560"
"WDR62","A_33_P3254606"
"WDR64","A_23_P399116"
"WDR7","A_23_P164528"
"WDR70","A_23_P30474"
"WDR72","A_33_P3398356"
"WDR73","A_23_P99917"
"WDR74","A_23_P36157"
"WDR75","A_32_P217510"
"WDR76","A_23_P129075"
"WDR81","A_23_P354208"
"WDR83","A_23_P39024"
"WDR83OS","A_23_P218486"
"WDR86","A_33_P3341601"
"WDR87","A_23_P33816"
"WDR88","A_32_P346172"
"WDR89","A_33_P3249489"
"WDR90","A_23_P411833"
"WDR91","A_23_P215132"
"WDR93","A_32_P34876"
"WDR97","A_33_P3290955"
"WDTC1","A_24_P102895"
"WEE1","A_33_P3290567"
"WEE2","A_33_P3252804"
"WFDC10A","A_23_P368847"
"WFDC10B","A_24_P7790"
"WFDC11","A_23_P374216"
"WFDC12","A_23_P68436"
"WFDC13","A_24_P250507"
"WFDC2","A_23_P218675"
"WFDC3","A_23_P120435"
"WFDC5","A_23_P402331"
"WFDC6","A_33_P3285815"
"WFDC8","A_24_P237583"
"WFDC9","A_23_P338410"
"WFIKKN1","A_33_P3229702"
"WFIKKN2","A_24_P399230"
"WFS1","A_23_P121499"
"WHAMM","A_24_P118489"
"WHAMMP3","A_33_P3317558"
"WHR1","A_23_P19479"
"WHRN","A_23_P83351"
"WIF1","A_32_P216520"
"WIPF1","A_33_P3339376"
"WIPF2","A_33_P3274304"
"WIPF3","A_32_P3914"
"WIPI1","A_23_P141394"
"WIPI2","A_33_P3356607"
"WIZ","A_23_P405531"
"WLS","A_33_P3280721"
"WNK1","A_24_P769359"
"WNK2","A_33_P3351175"
"WNK3","A_32_P99055"
"WNK4","A_33_P3377994"
"WNT1","A_23_P411157"
"WNT10B","A_23_P162322"
"WNT11","A_24_P253003"
"WNT16","A_23_P134601"
"WNT2","A_23_P59807"
"WNT2B","A_23_P138352"
"WNT3","A_23_P130158"
"WNT3A","A_33_P3417502"
"WNT4","A_33_P3397525"
"WNT5A","A_33_P3341499"
"WNT5B","A_23_P53588"
"WNT6","A_23_P119916"
"WNT7A","A_23_P258410"
"WNT7B","A_33_P3256920"
"WNT8A","A_23_P58854"
"WNT8B","A_23_P52430"
"WNT9A","A_33_P3384058"
"WNT9B","A_23_P89587"
"WRAP53","A_23_P55064"
"WRAP73","A_23_P137361"
"WRN","A_23_P250813"
"WRNIP1","A_24_P192197"
"WSB1","A_23_P4353"
"WSB2","A_23_P259272"
"WSCD1","A_24_P942493"
"WSCD2","A_33_P3222019"
"WT1-AS","A_23_P337689"
"WTAP","A_23_P215037"
"WTIP","A_33_P3381948"
"WWC1","A_23_P81392"
"WWC2","A_33_P3283122"
"WWC2-AS2","A_24_P354496"
"WWC3","A_23_P34176"
"WWOX","A_23_P71972"
"WWP1","A_23_P146990"
"WWP2","A_23_P206684"
"WWTR1","A_23_P29769"
"XAB2","A_23_P142013"
"XAF1","A_33_P3258346"
"XAGE-4","A_24_P315014"
"XAGE1A","A_24_P271696"
"XAGE2","A_23_P34031"
"XAGE5","A_24_P288779"
"XCL1","A_24_P45476"
"XCR1","A_23_P18246"
"XDH","A_33_P3270863"
"XG","A_33_P3222109"
"XGY2","A_33_P3222635"
"XIAP","A_33_P3246990"
"XIRP1","A_32_P345659"
"XIRP2","A_23_P393163"
"XIST","A_33_P3341686"
"XK","A_23_P45304"
"XKR3","A_23_P420431"
"XKR4","A_32_P134007"
"XKR5","A_33_P3397155"
"XKR6","A_23_P387000"
"XKR7","A_33_P3304948"
"XKR8","A_23_P149496"
"XKR9","A_33_P3225298"
"XKRX","A_32_P416161"
"XKRYP7","A_23_P34183"
"XPA","A_23_P60283"
"XPC","A_24_P88921"
"XPNPEP1","A_23_P331253"
"XPNPEP2","A_24_P211709"
"XPNPEP3","A_23_P218793"
"XPO1","A_23_P40078"
"XPO4","A_24_P333716"
"XPO5","A_23_P256855"
"XPO6","A_23_P325438"
"XPO7","A_33_P3211473"
"XPOT","A_23_P340722"
"XPR1","A_24_P336417"
"XRCC1","A_23_P153692"
"XRCC2","A_33_P3241190"
"XRCC3","A_33_P3363515"
"XRCC5","A_24_P345498"
"XRCC6","A_23_P120942"
"XRN1","A_23_P319792"
"XRN2","A_23_P166135"
"XRRA1","A_33_P3333667"
"XTBD1","A_33_P3355090"
"XXYLT1","A_33_P3221438"
"XYLB","A_23_P212423"
"XYLT1","A_24_P787897"
"XYLT2","A_23_P15582"
"YAE1","A_23_P403521"
"YAF2","A_33_P3314161"
"YARS1","A_23_P379550"
"YARS2","A_23_P151093"
"YBEY","A_32_P18547"
"YBX1","A_24_P101391"
"YBX1P2","A_33_P3509019"
"YBX2","A_23_P49865"
"YBX3","A_23_P25224"
"YDJC","A_24_P92367"
"YEATS2","A_23_P69437"
"YEATS4","A_23_P87591"
"YES1","A_24_P48403"
"YIF1A","A_23_P47226"
"YIF1B","A_23_P153628"
"YIPF1","A_23_P200239"
"YIPF2","A_33_P3273364"
"YIPF3","A_23_P111005"
"YIPF4","A_23_P424080"
"YIPF5","A_23_P18806"
"YIPF6","A_23_P431319"
"YIPF7","A_32_P488818"
"YJEFN3","A_33_P3382944"
"YJU2","A_33_P3369696"
"YKT6","A_24_P372048"
"YLPM1","A_33_P3676746"
"YME1L1","A_24_P167052"
"YOD1","A_32_P178945"
"YPEL1","A_32_P88120"
"YPEL2","A_24_P787947"
"YPEL3","A_23_P15108"
"YPEL4","A_24_P21770"
"YPEL5","A_33_P3281408"
"YRDC","A_23_P62840"
"YTHDC1","A_32_P352697"
"YTHDC2","A_33_P3420747"
"YTHDF1","A_23_P5912"
"YTHDF2","A_33_P3346841"
"YTHDF3","A_33_P3264419"
"YWHAE","A_24_P33444"
"YWHAG","A_24_P106681"
"YWHAH-AS1","A_23_P166431"
"YWHAQ","A_23_P131723"
"YWHAZ","A_32_P226149"
"YY1","A_33_P3315600"
"YY2","A_33_P3283231"
"ZACN","A_23_P316064"
"ZAN","A_23_P82286"
"ZAP70","A_23_P39682"
"ZAR1","A_23_P349398"
"ZAR1L","A_33_P3313476"
"ZBBX","A_23_P61031"
"ZBED1","A_23_P217507"
"ZBED10P","A_23_P316460"
"ZBED3","A_23_P93032"
"ZBED4","A_23_P155147"
"ZBED5","A_23_P98483"
"ZBP1","A_23_P259141"
"ZBTB1","A_23_P99693"
"ZBTB10","A_33_P3613000"
"ZBTB12","A_23_P111155"
"ZBTB14","A_24_P74064"
"ZBTB16","A_23_P104804"
"ZBTB17","A_23_P654"
"ZBTB18","A_24_P299663"
"ZBTB2","A_23_P82108"
"ZBTB20","A_23_P40866"
"ZBTB21","A_33_P3281066"
"ZBTB24","A_23_P134147"
"ZBTB25","A_23_P48628"
"ZBTB26","A_23_P71830"
"ZBTB3","A_23_P430181"
"ZBTB32","A_33_P3289167"
"ZBTB33","A_24_P314351"
"ZBTB34","A_32_P194779"
"ZBTB37","A_23_P137504"
"ZBTB38","A_33_P3341474"
"ZBTB39","A_23_P13683"
"ZBTB40","A_23_P387523"
"ZBTB41","A_32_P108826"
"ZBTB42","A_33_P3289128"
"ZBTB43","A_33_P3349414"
"ZBTB44","A_23_P202945"
"ZBTB45","A_23_P164623"
"ZBTB46","A_33_P3266674"
"ZBTB47","A_24_P71700"
"ZBTB48","A_33_P3253264"
"ZBTB49","A_24_P154573"
"ZBTB5","A_23_P216476"
"ZBTB6","A_23_P83234"
"ZBTB7A","A_33_P3283780"
"ZBTB7B","A_23_P11729"
"ZBTB7C","A_33_P3402304"
"ZBTB7C-AS2","A_23_P50052"
"ZBTB8A","A_33_P3475737"
"ZBTB8B","A_33_P3266839"
"ZBTB8OS","A_33_P3519683"
"ZBTB8OSP1","A_24_P143843"
"ZBTB9","A_23_P8119"
"ZC2HC1A","A_23_P20363"
"ZC2HC1B","A_33_P3307820"
"ZC2HC1C","A_23_P99785"
"ZC3H10","A_24_P318134"
"ZC3H11A","A_23_P58967"
"ZC3H12A","A_33_P3214720"
"ZC3H12B","A_33_P3224735"
"ZC3H12C","A_23_P388993"
"ZC3H12D","A_33_P3419399"
"ZC3H13","A_33_P3281139"
"ZC3H14","A_33_P3439765"
"ZC3H15","A_23_P56380"
"ZC3H18","A_33_P3347465"
"ZC3H3","A_33_P3423820"
"ZC3H4","A_24_P220618"
"ZC3H6","A_24_P826348"
"ZC3H7A","A_23_P26336"
"ZC3H7B","A_23_P218807"
"ZC3H8","A_24_P345540"
"ZC3HAV1","A_33_P3397418"
"ZC3HAV1L","A_33_P3214432"
"ZC3HC1","A_23_P215088"
"ZC4H2","A_23_P62188"
"ZCCHC10","A_33_P3883912"
"ZCCHC12","A_23_P125809"
"ZCCHC13","A_32_P11096"
"ZCCHC14","A_33_P3216319"
"ZCCHC17","A_23_P96976"
"ZCCHC18","A_32_P116989"
"ZCCHC2","A_32_P134290"
"ZCCHC24","A_23_P335452"
"ZCCHC3","A_24_P399694"
"ZCCHC4","A_24_P248863"
"ZCCHC7","A_23_P124855"
"ZCCHC8","A_23_P64669"
"ZCCHC9","A_23_P156156"
"ZCRB1","A_33_P3341329"
"ZCWPW1","A_23_P70897"
"ZCWPW2","A_33_P3383149"
"ZDBF2","A_32_P68504"
"ZDHHC1","A_23_P66038"
"ZDHHC11","A_33_P3344204"
"ZDHHC12","A_33_P3356701"
"ZDHHC13","A_23_P13065"
"ZDHHC14","A_23_P250619"
"ZDHHC15","A_33_P3418952"
"ZDHHC16","A_23_P150009"
"ZDHHC17","A_23_P314191"
"ZDHHC18","A_23_P51853"
"ZDHHC19","A_23_P314789"
"ZDHHC2","A_33_P3267665"
"ZDHHC20","A_23_P99397"
"ZDHHC21","A_24_P933492"
"ZDHHC22","A_23_P355447"
"ZDHHC23","A_23_P350689"
"ZDHHC24","A_24_P259276"
"ZDHHC3","A_33_P3327479"
"ZDHHC4","A_23_P157147"
"ZDHHC5","A_23_P98532"
"ZDHHC6","A_23_P161183"
"ZDHHC7","A_23_P129389"
"ZDHHC8","A_33_P3342613"
"ZDHHC8BP","A_33_P3502914"
"ZDHHC9","A_23_P148057"
"ZEB1","A_33_P3374723"
"ZEB1-AS1","A_33_P3301782"
"ZEB2","A_23_P142560"
"ZER1","A_33_P3256560"
"ZFAND1","A_23_P146050"
"ZFAND2A","A_23_P336992"
"ZFAND2B","A_23_P131299"
"ZFAND3","A_33_P3248329"
"ZFAND4","A_33_P3301316"
"ZFAND5","A_23_P71752"
"ZFAND6","A_32_P220472"
"ZFAS1","A_24_P161463"
"ZFAT","A_32_P109922"
"ZFAT-AS1","A_33_P3237005"
"ZFC3H1","A_23_P332908"
"ZFHX2","A_32_P226205"
"ZFHX3","A_33_P3231542"
"ZFHX4","A_23_P43095"
"ZFP1","A_23_P3856"
"ZFP14","A_24_P186342"
"ZFP2","A_23_P133359"
"ZFP28","A_24_P151106"
"ZFP3","A_33_P3309665"
"ZFP30","A_33_P3362861"
"ZFP36","A_23_P39237"
"ZFP36L1","A_33_P3417865"
"ZFP37","A_23_P254025"
"ZFP41","A_33_P3324495"
"ZFP42","A_23_P395582"
"ZFP57","A_32_P80245"
"ZFP62","A_23_P69877"
"ZFP64","A_23_P501877"
"ZFP69","A_32_P24709"
"ZFP69B","A_23_P160200"
"ZFP82","A_33_P3415560"
"ZFP90","A_33_P3329652"
"ZFP91","A_24_P56052"
"ZFP92","A_33_P3329664"
"ZFPL1","A_23_P98232"
"ZFPM1","A_33_P3311979"
"ZFPM2","A_23_P168909"
"ZFR","A_23_P41818"
"ZFR2","A_23_P332713"
"ZFTA","A_33_P3285354"
"ZFTRAF1","A_24_P89843"
"ZFX","A_23_P125639"
"ZFY","A_24_P942743"
"ZFYVE1","A_23_P128956"
"ZFYVE16","A_24_P286054"
"ZFYVE19","A_23_P65930"
"ZFYVE21","A_23_P14273"
"ZFYVE26","A_24_P32118"
"ZFYVE27","A_23_P323924"
"ZFYVE28","A_32_P104746"
"ZFYVE9","A_32_P143048"
"ZG16","A_23_P49145"
"ZG16B","A_23_P118203"
"ZGLP1","A_33_P3417452"
"ZGPAT","A_23_P218654"
"ZGRF1","A_23_P213166"
"ZHX1","A_23_P43150"
"ZHX2","A_23_P168951"
"ZHX3","A_24_P57700"
"ZIC1","A_33_P3219578"
"ZIC2","A_23_P36972"
"ZIC3","A_33_P3250861"
"ZIC4","A_24_P217306"
"ZIC5","A_32_P219942"
"ZIK1","A_33_P3278560"
"ZIM2","A_23_P78479"
"ZIM3","A_23_P67103"
"ZKSCAN1","A_33_P3234667"
"ZKSCAN2","A_32_P64096"
"ZKSCAN3","A_23_P168019"
"ZKSCAN4","A_33_P3268723"
"ZKSCAN5","A_23_P259663"
"ZKSCAN7","A_23_P253921"
"ZKSCAN8","A_33_P3356631"
"ZKSCAN8P1","A_33_P3264855"
"ZMAT1","A_23_P125748"
"ZMAT2","A_23_P346302"
"ZMAT4","A_32_P164593"
"ZMAT5","A_23_P132248"
"ZMIZ1","A_23_P138435"
"ZMIZ2","A_24_P29686"
"ZMPSTE24","A_23_P137427"
"ZMYM1","A_23_P161091"
"ZMYM2","A_24_P237757"
"ZMYM3","A_23_P137073"
"ZMYM5","A_24_P321634"
"ZMYM6","A_23_P201845"
"ZMYND10","A_23_P29663"
"ZMYND11","A_23_P75083"
"ZMYND12","A_23_P160567"
"ZMYND15","A_23_P89570"
"ZMYND19","A_24_P158385"
"ZMYND8","A_33_P3619221"
"ZNF10","A_24_P215475"
"ZNF100","A_33_P3237403"
"ZNF101","A_23_P142407"
"ZNF106","A_23_P77310"
"ZNF107","A_23_P45087"
"ZNF114","A_23_P368779"
"ZNF117","A_33_P3222744"
"ZNF12","A_23_P31335"
"ZNF121","A_24_P935782"
"ZNF124","A_23_P52176"
"ZNF131","A_33_P3296074"
"ZNF132","A_24_P121846"
"ZNF133","A_33_P3394234"
"ZNF134","A_23_P325661"
"ZNF135","A_23_P348227"
"ZNF136","A_23_P67312"
"ZNF137P","A_33_P3222753"
"ZNF138","A_23_P59855"
"ZNF140","A_33_P3237393"
"ZNF141","A_24_P402836"
"ZNF142","A_23_P51051"
"ZNF143","A_24_P206736"
"ZNF148","A_32_P131050"
"ZNF154","A_33_P3360456"
"ZNF155","A_24_P301629"
"ZNF157","A_23_P84910"
"ZNF16","A_23_P168864"
"ZNF160","A_24_P241792"
"ZNF165","A_23_P93269"
"ZNF169","A_33_P3421365"
"ZNF17","A_24_P169544"
"ZNF174","A_33_P3233774"
"ZNF175","A_23_P332374"
"ZNF177","A_24_P168398"
"ZNF18","A_23_P141302"
"ZNF180","A_23_P89921"
"ZNF181","A_23_P50735"
"ZNF182","A_32_P43465"
"ZNF184","A_23_P156620"
"ZNF189","A_24_P89872"
"ZNF19","A_33_P3326927"
"ZNF195","A_23_P252748"
"ZNF197","A_33_P3222703"
"ZNF2","A_23_P39223"
"ZNF20","A_23_P16242"
"ZNF200","A_23_P152356"
"ZNF202","A_23_P127652"
"ZNF204P","A_33_P3221458"
"ZNF205","A_24_P56689"
"ZNF207","A_33_P3230350"
"ZNF208","A_23_P165239"
"ZNF211","A_23_P130482"
"ZNF212","A_23_P415558"
"ZNF213","A_33_P3355831"
"ZNF214","A_23_P127840"
"ZNF215","A_33_P3310981"
"ZNF217","A_23_P210608"
"ZNF219","A_24_P35891"
"ZNF22","A_23_P202458"
"ZNF22-AS1","A_23_P410110"
"ZNF221","A_23_P90320"
"ZNF222","A_23_P125042"
"ZNF223","A_24_P99838"
"ZNF224","A_24_P36285"
"ZNF225","A_23_P164674"
"ZNF226","A_23_P218434"
"ZNF227","A_23_P371011"
"ZNF229","A_24_P113287"
"ZNF23","A_23_P89073"
"ZNF230","A_24_P370096"
"ZNF232","A_23_P4294"
"ZNF233","A_33_P3388822"
"ZNF234","A_23_P153286"
"ZNF235","A_23_P208325"
"ZNF236","A_23_P55601"
"ZNF239","A_23_P86731"
"ZNF24","A_24_P113221"
"ZNF248","A_33_P3219720"
"ZNF25","A_24_P69691"
"ZNF250","A_24_P205019"
"ZNF251","A_24_P49517"
"ZNF252P","A_33_P3317880"
"ZNF252P-AS1","A_32_P935906"
"ZNF253","A_24_P22981"
"ZNF254","A_32_P144908"
"ZNF256","A_23_P16022"
"ZNF257","A_24_P298545"
"ZNF26","A_24_P21831"
"ZNF260","A_33_P3414122"
"ZNF263","A_23_P140978"
"ZNF264","A_33_P3221448"
"ZNF266","A_24_P335901"
"ZNF267","A_23_P66260"
"ZNF268","A_33_P3412353"
"ZNF271P","A_23_P147199"
"ZNF273","A_24_P218001"
"ZNF274","A_23_P153251"
"ZNF275","A_23_P217135"
"ZNF276","A_33_P3340682"
"ZNF277","A_24_P243776"
"ZNF28","A_33_P3273290"
"ZNF280A","A_23_P154972"
"ZNF280B","A_33_P3264238"
"ZNF280C","A_23_P314642"
"ZNF280D","A_23_P14708"
"ZNF281","A_23_P311087"
"ZNF282","A_23_P311358"
"ZNF283","A_23_P94911"
"ZNF284","A_32_P129968"
"ZNF285","A_33_P3269688"
"ZNF285CP","A_33_P3306828"
"ZNF286A","A_23_P89327"
"ZNF286B","A_33_P3259148"
"ZNF287","A_23_P4416"
"ZNF292","A_32_P113584"
"ZNF295-AS1","A_32_P15958"
"ZNF296","A_23_P16058"
"ZNF29P","A_33_P3647427"
"ZNF3","A_23_P219084"
"ZNF30","A_32_P203430"
"ZNF300","A_33_P3404824"
"ZNF300P1","A_24_P300302"
"ZNF302","A_24_P159837"
"ZNF304","A_23_P208288"
"ZNF311","A_23_P417014"
"ZNF317","A_24_P258955"
"ZNF318","A_23_P145175"
"ZNF319","A_23_P26314"
"ZNF32","A_23_P98057"
"ZNF320","A_33_P3273238"
"ZNF322","A_32_P206293"
"ZNF324","A_23_P107684"
"ZNF324B","A_33_P3394183"
"ZNF326","A_23_P85969"
"ZNF329","A_33_P3245674"
"ZNF330","A_23_P41359"
"ZNF331","A_33_P3381483"
"ZNF333","A_23_P5221"
"ZNF334","A_23_P91250"
"ZNF335","A_23_P17382"
"ZNF337","A_33_P3333805"
"ZNF33A","A_24_P212129"
"ZNF33B","A_33_P3296871"
"ZNF34","A_24_P137997"
"ZNF341","A_33_P3220095"
"ZNF343","A_23_P218706"
"ZNF345","A_33_P3318596"
"ZNF346","A_33_P3241482"
"ZNF347","A_33_P3241433"
"ZNF35","A_23_P211785"
"ZNF350","A_23_P78458"
"ZNF354A","A_23_P60565"
"ZNF354B","A_23_P94762"
"ZNF354C","A_23_P424126"
"ZNF358","A_24_P19175"
"ZNF362","A_23_P137543"
"ZNF365","A_24_P226970"
"ZNF366","A_23_P407096"
"ZNF367","A_23_P410625"
"ZNF37A","A_33_P3238177"
"ZNF37BP","A_33_P3296858"
"ZNF382","A_33_P3315729"
"ZNF383","A_23_P319013"
"ZNF384","A_23_P204355"
"ZNF385A","A_24_P403734"
"ZNF385B","A_23_P334857"
"ZNF385C","A_33_P3340580"
"ZNF385D","A_24_P917306"
"ZNF391","A_33_P3220090"
"ZNF394","A_23_P157416"
"ZNF395","A_23_P146077"
"ZNF396","A_24_P393565"
"ZNF397","A_23_P208143"
"ZNF398","A_32_P151875"
"ZNF404","A_23_P90333"
"ZNF407","A_33_P3414402"
"ZNF408","A_23_P32722"
"ZNF41","A_23_P45234"
"ZNF410","A_23_P54179"
"ZNF414","A_23_P340922"
"ZNF415","A_33_P3420053"
"ZNF416","A_23_P55688"
"ZNF417","A_33_P3323347"
"ZNF418","A_23_P27424"
"ZNF419","A_33_P3316394"
"ZNF420","A_33_P3395396"
"ZNF423","A_23_P88880"
"ZNF425","A_24_P941166"
"ZNF428","A_33_P3339051"
"ZNF429","A_23_P95736"
"ZNF43","A_33_P3340385"
"ZNF430","A_33_P3736691"
"ZNF431","A_24_P177568"
"ZNF432","A_23_P208210"
"ZNF433","A_23_P27649"
"ZNF436","A_23_P51202"
"ZNF436-AS1","A_23_P362228"
"ZNF438","A_23_P161156"
"ZNF439","A_23_P434430"
"ZNF44","A_24_P387321"
"ZNF441","A_33_P3397323"
"ZNF443","A_23_P67278"
"ZNF444","A_33_P3360555"
"ZNF445","A_33_P3420035"
"ZNF446","A_33_P3263756"
"ZNF449","A_23_P309865"
"ZNF45","A_23_P426472"
"ZNF451","A_33_P3257528"
"ZNF454","A_23_P144746"
"ZNF460","A_33_P3642648"
"ZNF461","A_33_P3269278"
"ZNF462","A_23_P60499"
"ZNF467","A_24_P218074"
"ZNF468","A_33_P3382412"
"ZNF469","A_32_P116556"
"ZNF470","A_33_P3338036"
"ZNF471","A_23_P326009"
"ZNF473","A_24_P941376"
"ZNF474","A_33_P3360565"
"ZNF479","A_24_P16249"
"ZNF48","A_23_P415643"
"ZNF480","A_33_P3338011"
"ZNF483","A_33_P3620832"
"ZNF484","A_23_P341700"
"ZNF486","A_24_P100016"
"ZNF487","A_33_P3323313"
"ZNF488","A_23_P23966"
"ZNF490","A_24_P15062"
"ZNF491","A_23_P410725"
"ZNF492","A_23_P153855"
"ZNF493","A_24_P74329"
"ZNF496","A_24_P376787"
"ZNF497","A_33_P3239143"
"ZNF500","A_24_P126305"
"ZNF501","A_33_P3257856"
"ZNF502","A_23_P29384"
"ZNF503","A_33_P3262495"
"ZNF503-AS2","A_33_P3331641"
"ZNF506","A_24_P404487"
"ZNF507","A_33_P3305521"
"ZNF510","A_24_P201125"
"ZNF511","A_32_P182156"
"ZNF512","A_23_P391164"
"ZNF512B","A_23_P28730"
"ZNF513","A_23_P142671"
"ZNF514","A_24_P88775"
"ZNF516","A_33_P3225690"
"ZNF517","A_24_P944320"
"ZNF518A","A_23_P35576"
"ZNF518B","A_32_P144421"
"ZNF519","A_23_P328766"
"ZNF521","A_23_P159027"
"ZNF524","A_23_P376735"
"ZNF525","A_32_P98348"
"ZNF526","A_33_P3225696"
"ZNF527","A_23_P402000"
"ZNF528","A_23_P414713"
"ZNF529","A_23_P433676"
"ZNF530","A_33_P3299421"
"ZNF532","A_33_P3418766"
"ZNF534","A_33_P3291524"
"ZNF536","A_23_P130811"
"ZNF540","A_23_P90542"
"ZNF541","A_23_P50517"
"ZNF542P","A_24_P570583"
"ZNF543","A_32_P139229"
"ZNF544","A_24_P324640"
"ZNF546","A_33_P3267740"
"ZNF547","A_33_P3352822"
"ZNF548","A_33_P3239148"
"ZNF549","A_23_P399146"
"ZNF550","A_33_P3299386"
"ZNF551","A_24_P68019"
"ZNF552","A_23_P38830"
"ZNF554","A_33_P3322085"
"ZNF555","A_23_P16652"
"ZNF556","A_23_P39454"
"ZNF557","A_32_P177097"
"ZNF558","A_23_P28015"
"ZNF559","A_24_P284584"
"ZNF560","A_23_P368773"
"ZNF561","A_33_P3359543"
"ZNF562","A_33_P3398091"
"ZNF563","A_33_P3242909"
"ZNF564","A_23_P55880"
"ZNF566","A_23_P306956"
"ZNF567","A_23_P354894"
"ZNF568","A_24_P101304"
"ZNF569","A_33_P3403773"
"ZNF57","A_23_P39263"
"ZNF570","A_23_P79145"
"ZNF572","A_23_P301360"
"ZNF573","A_23_P339079"
"ZNF574","A_23_P89931"
"ZNF575","A_23_P401084"
"ZNF576","A_24_P293120"
"ZNF577","A_23_P208198"
"ZNF578","A_33_P3345132"
"ZNF579","A_33_P3403778"
"ZNF580","A_23_P164797"
"ZNF581","A_23_P4798"
"ZNF582","A_23_P395464"
"ZNF583","A_23_P67432"
"ZNF584","A_23_P414964"
"ZNF585A","A_23_P90220"
"ZNF585B","A_23_P90223"
"ZNF587","A_23_P388146"
"ZNF589","A_24_P247978"
"ZNF592","A_33_P3418726"
"ZNF593","A_23_P34741"
"ZNF594","A_23_P321160"
"ZNF595","A_23_P155939"
"ZNF596","A_32_P187663"
"ZNF597","A_24_P378402"
"ZNF598","A_23_P407684"
"ZNF599","A_24_P353103"
"ZNF600","A_23_P16006"
"ZNF605","A_33_P3327956"
"ZNF606","A_23_P4628"
"ZNF607","A_23_P27810"
"ZNF608","A_23_P169978"
"ZNF609","A_24_P145047"
"ZNF610","A_23_P416751"
"ZNF613","A_24_P173234"
"ZNF614","A_33_P3268144"
"ZNF615","A_33_P3327961"
"ZNF616","A_33_P3269806"
"ZNF618","A_24_P743802"
"ZNF619","A_23_P405216"
"ZNF620","A_33_P3245784"
"ZNF621","A_33_P3305158"
"ZNF622","A_23_P156209"
"ZNF623","A_33_P3209025"
"ZNF624","A_23_P153037"
"ZNF625","A_32_P182473"
"ZNF626","A_24_P117138"
"ZNF627","A_23_P135730"
"ZNF628","A_32_P409222"
"ZNF629","A_23_P163820"
"ZNF630","A_23_P390384"
"ZNF638","A_24_P3140"
"ZNF639","A_33_P3350823"
"ZNF641","A_23_P64785"
"ZNF644","A_23_P200772"
"ZNF646","A_24_P181506"
"ZNF648","A_33_P3290477"
"ZNF649","A_23_P208208"
"ZNF652","A_23_P55256"
"ZNF653","A_23_P325676"
"ZNF654","A_33_P3268124"
"ZNF655","A_23_P345081"
"ZNF658","A_23_P419202"
"ZNF660","A_32_P375286"
"ZNF662","A_33_P3364904"
"ZNF664","A_23_P359655"
"ZNF665","A_32_P79591"
"ZNF667","A_33_P3231695"
"ZNF668","A_33_P3290487"
"ZNF669","A_23_P86386"
"ZNF670","A_23_P74981"
"ZNF671","A_23_P50217"
"ZNF672","A_23_P83923"
"ZNF674","A_24_P92558"
"ZNF675","A_23_P339687"
"ZNF676","A_24_P205036"
"ZNF677","A_33_P3231705"
"ZNF678","A_33_P3243667"
"ZNF680","A_33_P3245734"
"ZNF681","A_32_P167904"
"ZNF682","A_23_P28012"
"ZNF683","A_33_P3208970"
"ZNF684","A_33_P3211054"
"ZNF687","A_23_P331813"
"ZNF688","A_23_P141044"
"ZNF689","A_23_P129659"
"ZNF69","A_24_P254084"
"ZNF691","A_23_P97221"
"ZNF692","A_23_P170978"
"ZNF695","A_24_P254705"
"ZNF696","A_23_P60101"
"ZNF697","A_32_P19716"
"ZNF699","A_33_P3350778"
"ZNF7","A_23_P255805"
"ZNF70","A_24_P941625"
"ZNF700","A_23_P27636"
"ZNF701","A_33_P3273258"
"ZNF702P","A_24_P344516"
"ZNF703","A_33_P3385775"
"ZNF704","A_33_P3337144"
"ZNF705A","A_33_P3337480"
"ZNF705G","A_33_P3275174"
"ZNF706","A_24_P235305"
"ZNF707","A_23_P83714"
"ZNF708","A_24_P680908"
"ZNF709","A_24_P91405"
"ZNF71","A_23_P345674"
"ZNF710","A_33_P3423435"
"ZNF711","A_23_P217297"
"ZNF713","A_23_P74114"
"ZNF714","A_24_P19268"
"ZNF717","A_23_P6980"
"ZNF718","A_23_P124438"
"ZNF721","A_23_P335039"
"ZNF727","A_32_P46191"
"ZNF728","A_24_P358868"
"ZNF729","A_33_P3418611"
"ZNF730","A_33_P3423445"
"ZNF732","A_24_P281801"
"ZNF735","A_33_P3388067"
"ZNF736","A_24_P897062"
"ZNF737","A_23_P28042"
"ZNF738","A_32_P68148"
"ZNF74","A_33_P3291636"
"ZNF740","A_33_P3334108"
"ZNF746","A_24_P206344"
"ZNF747","A_23_P3819"
"ZNF749","A_33_P3311791"
"ZNF750","A_33_P3423420"
"ZNF75A","A_33_P3285047"
"ZNF75D","A_23_P305938"
"ZNF76","A_23_P8139"
"ZNF761","A_24_P941487"
"ZNF763","A_33_P3385765"
"ZNF764","A_23_P206792"
"ZNF765","A_33_P3289422"
"ZNF766","A_33_P3349716"
"ZNF767P","A_23_P323143"
"ZNF768","A_33_P3340309"
"ZNF77","A_32_P182388"
"ZNF770","A_33_P3423425"
"ZNF771","A_33_P3267081"
"ZNF772","A_33_P3373046"
"ZNF773","A_23_P153256"
"ZNF774","A_33_P3311740"
"ZNF775","A_33_P3289426"
"ZNF776","A_33_P3406066"
"ZNF777","A_23_P309803"
"ZNF778","A_32_P78783"
"ZNF780A","A_33_P3255631"
"ZNF780B","A_33_P3341836"
"ZNF781","A_23_P419786"
"ZNF782","A_33_P3421325"
"ZNF783","A_23_P365418"
"ZNF784","A_33_P3230399"
"ZNF785","A_33_P3289416"
"ZNF786","A_23_P157022"
"ZNF787","A_23_P78835"
"ZNF788P","A_33_P3252730"
"ZNF789","A_33_P3311770"
"ZNF79","A_24_P128312"
"ZNF790","A_33_P3423401"
"ZNF791","A_23_P50418"
"ZNF792","A_23_P67618"
"ZNF793","A_33_P3385750"
"ZNF799","A_33_P3228988"
"ZNF8","A_23_P130466"
"ZNF80","A_23_P256526"
"ZNF800","A_33_P3380932"
"ZNF804A","A_32_P316136"
"ZNF804B","A_24_P374461"
"ZNF805","A_33_P3247599"
"ZNF808","A_33_P3210866"
"ZNF81","A_33_P3372285"
"ZNF812P","A_32_P33434"
"ZNF813","A_32_P3998"
"ZNF814","A_33_P3228757"
"ZNF815P","A_33_P3357858"
"ZNF816","A_33_P3399019"
"ZNF816-ZNF321P","A_33_P3220113"
"ZNF818P","A_33_P3217594"
"ZNF821","A_23_P77669"
"ZNF823","A_23_P39050"
"ZNF827","A_23_P320290"
"ZNF829","A_32_P96435"
"ZNF83","A_33_P3256868"
"ZNF830","A_23_P387071"
"ZNF831","A_32_P206479"
"ZNF833P","A_33_P3322499"
"ZNF835","A_33_P3247609"
"ZNF836","A_33_P3239512"
"ZNF837","A_33_P3411427"
"ZNF839","A_24_P361158"
"ZNF841","A_23_P27404"
"ZNF843","A_24_P161144"
"ZNF844","A_33_P3247838"
"ZNF845","A_32_P207428"
"ZNF846","A_33_P3306823"
"ZNF847P","A_33_P3533377"
"ZNF85","A_23_P67702"
"ZNF850","A_33_P3257042"
"ZNF852","A_33_P3552465"
"ZNF853","A_23_P302207"
"ZNF862","A_24_P333421"
"ZNF865","A_33_P3210160"
"ZNF875","A_23_P429020"
"ZNF876P","A_32_P930685"
"ZNF878","A_33_P3403254"
"ZNF879","A_24_P791669"
"ZNF880","A_33_P3273324"
"ZNF883","A_33_P3214520"
"ZNF890P","A_33_P3223106"
"ZNF90","A_32_P790361"
"ZNF91","A_33_P3217230"
"ZNF92","A_23_P501080"
"ZNF93","A_33_P3217332"
"ZNF99","A_24_P358619"
"ZNFX1","A_24_P23034"
"ZNG1E","A_33_P3333975"
"ZNHIT1","A_23_P111843"
"ZNHIT2","A_33_P3213747"
"ZNHIT3","A_23_P383435"
"ZNHIT6","A_24_P113686"
"ZNRD2","A_23_P98261"
"ZNRF1","A_24_P16610"
"ZNRF2","A_33_P3312842"
"ZNRF3","A_24_P162373"
"ZNRF4","A_23_P374559"
"ZP1","A_23_P1912"
"ZP2","A_23_P89132"
"ZP3","A_23_P134419"
"ZP4","A_23_P149189"
"ZPBP","A_23_P168726"
"ZPBP2","A_23_P77852"
"ZPLD1","A_23_P432013"
"ZPR1","A_23_P64232"
"ZPR1P1","A_24_P213206"
"ZRANB1","A_33_P3261565"
"ZRANB2","A_24_P242299"
"ZRANB3","A_24_P222997"
"ZRSR2","A_23_P85053"
"ZSCAN1","A_33_P3277826"
"ZSCAN10","A_33_P3407409"
"ZSCAN12","A_23_P323898"
"ZSCAN12P1","A_33_P3422113"
"ZSCAN16","A_23_P259098"
"ZSCAN18","A_23_P55682"
"ZSCAN2","A_33_P3412294"
"ZSCAN20","A_23_P23102"
"ZSCAN22","A_24_P194730"
"ZSCAN23","A_33_P3325135"
"ZSCAN25","A_23_P309246"
"ZSCAN26","A_23_P145247"
"ZSCAN29","A_24_P942730"
"ZSCAN30","A_33_P3302736"
"ZSCAN31","A_23_P214533"
"ZSCAN32","A_23_P218282"
"ZSCAN4","A_24_P185368"
"ZSCAN5A","A_23_P90233"
"ZSCAN5B","A_33_P3406651"
"ZSCAN5DP","A_33_P3278931"
"ZSWIM1","A_23_P5976"
"ZSWIM2","A_32_P437041"
"ZSWIM3","A_23_P165984"
"ZSWIM4","A_33_P3233150"
"ZSWIM5","A_23_P383118"
"ZSWIM6","A_23_P410859"
"ZSWIM7","A_33_P3269723"
"ZSWIM8","A_33_P3252989"
"ZSWIM9","A_23_P4922"
"ZUP1","A_32_P109522"
"ZW10","A_23_P64204"
"ZWILCH","A_33_P3433873"
"ZWINT","A_23_P63789"
"ZXDA","A_23_P502627"
"ZXDB","A_33_P3334308"
"ZXDC","A_23_P303317"
"ZYG11A","A_32_P132589"
"ZYG11B","A_24_P49533"
"ZYX","A_23_P254888"
"ZZEF1","A_24_P282108"
"ZZZ3","A_23_P11507"
